pool,subject_id,name,event_id,year,issue_code,severity,details
NEW_DEV_2_CONSUMED,NEWDEV2_064,Tony Bettenhausen,NEWDEV2_064_E001,1951.0,CAREER_EVENT_IMPLAUSIBLY_YOUNG,CRITICAL,Career event age 0.0 < 12; strong identity-mismatch risk.
NEW_DEV_2_CONSUMED,NEWDEV2_064,Tony Bettenhausen,NEWDEV2_064_E002,1961.0,CAREER_EVENT_IMPLAUSIBLY_YOUNG,CRITICAL,Career event age 10.0 < 12; strong identity-mismatch risk.
V1,MLV1_OLD_032,김연아,"MLV1_OLD_032_E0342,MLV1_OLD_032_E0347",2014.0,CAREER_SAME_YEAR_LABEL_COLLISION,CRITICAL,Positive and negative Career labels occur in the same subject-year.
V1,MLV1_OLD_038,이명박,"MLV1_OLD_038_E0397,MLV1_OLD_038_E0401",2008.0,CAREER_SAME_YEAR_LABEL_COLLISION,CRITICAL,Positive and negative Career labels occur in the same subject-year.
V1,MLV1_OLD_052,노무현,"MLV1_OLD_052_E0523,MLV1_OLD_052_E0526",2004.0,CAREER_SAME_YEAR_LABEL_COLLISION,CRITICAL,Positive and negative Career labels occur in the same subject-year.
V1,MLV1_OLD_053,전소연,"MLV1_OLD_053_E0529,MLV1_OLD_053_E0536",2016.0,CAREER_SAME_YEAR_LABEL_COLLISION,CRITICAL,Positive and negative Career labels occur in the same subject-year.
V1,MLV1_OLD_055,Lionel Messi,"MLV1_OLD_055_E0561,MLV1_OLD_055_E0572",2021.0,CAREER_SAME_YEAR_LABEL_COLLISION,CRITICAL,Positive and negative Career labels occur in the same subject-year.
V1,MLV1_OLD_001,Donald Trump,MLV1_OLD_001_E0003,1987.0,CAREER_EVENT_MISSING_SOURCE,HIGH,ML-usable Career label has no source_ref.
V1,MLV1_OLD_001,Donald Trump,MLV1_OLD_001_E0006,2016.0,CAREER_EVENT_MISSING_SOURCE,HIGH,ML-usable Career label has no source_ref.
V1,MLV1_OLD_001,Donald Trump,MLV1_OLD_001_E0007,2017.0,CAREER_EVENT_MISSING_SOURCE,HIGH,ML-usable Career label has no source_ref.
V1,MLV1_OLD_001,Donald Trump,MLV1_OLD_001_E0013,2019.0,CAREER_EVENT_MISSING_SOURCE,HIGH,ML-usable Career label has no source_ref.
V1,MLV1_OLD_001,Donald Trump,MLV1_OLD_001_E0015,2021.0,CAREER_EVENT_MISSING_SOURCE,HIGH,ML-usable Career label has no source_ref.
V1,MLV1_OLD_001,Donald Trump,MLV1_OLD_001_E0008,2024.0,CAREER_EVENT_MISSING_SOURCE,HIGH,ML-usable Career label has no source_ref.
V1,MLV1_OLD_001,Donald Trump,MLV1_OLD_001_E0009,2025.0,CAREER_EVENT_MISSING_SOURCE,HIGH,ML-usable Career label has no source_ref.
V1,MLV1_OLD_002,Barack Obama,MLV1_OLD_002_E0020,1996.0,CAREER_EVENT_MISSING_SOURCE,HIGH,ML-usable Career label has no source_ref.
V1,MLV1_OLD_002,Barack Obama,MLV1_OLD_002_E0028,2000.0,CAREER_EVENT_MISSING_SOURCE,HIGH,ML-usable Career label has no source_ref.
V1,MLV1_OLD_002,Barack Obama,MLV1_OLD_002_E0023,2004.0,CAREER_EVENT_MISSING_SOURCE,HIGH,ML-usable Career label has no source_ref.
V1,MLV1_OLD_002,Barack Obama,MLV1_OLD_002_E0024,2008.0,CAREER_EVENT_MISSING_SOURCE,HIGH,ML-usable Career label has no source_ref.
V1,MLV1_OLD_002,Barack Obama,MLV1_OLD_002_E0025,2009.0,CAREER_EVENT_MISSING_SOURCE,HIGH,ML-usable Career label has no source_ref.
V1,MLV1_OLD_002,Barack Obama,MLV1_OLD_002_E0029,2010.0,CAREER_EVENT_MISSING_SOURCE,HIGH,ML-usable Career label has no source_ref.
V1,MLV1_OLD_002,Barack Obama,MLV1_OLD_002_E0027,2012.0,CAREER_EVENT_MISSING_SOURCE,HIGH,ML-usable Career label has no source_ref.
V1,MLV1_OLD_002,Barack Obama,MLV1_OLD_002_E0031,2014.0,CAREER_EVENT_MISSING_SOURCE,HIGH,ML-usable Career label has no source_ref.
V1,MLV1_OLD_003,Michael Jackson,MLV1_OLD_003_E0033,1982.0,CAREER_EVENT_MISSING_SOURCE,HIGH,ML-usable Career label has no source_ref.
V1,MLV1_OLD_003,Michael Jackson,MLV1_OLD_003_E0035,1984.0,CAREER_EVENT_MISSING_SOURCE,HIGH,ML-usable Career label has no source_ref.
V1,MLV1_OLD_003,Michael Jackson,MLV1_OLD_003_E0036,1987.0,CAREER_EVENT_MISSING_SOURCE,HIGH,ML-usable Career label has no source_ref.
V1,MLV1_OLD_003,Michael Jackson,MLV1_OLD_003_E0037,1991.0,CAREER_EVENT_MISSING_SOURCE,HIGH,ML-usable Career label has no source_ref.
V1,MLV1_OLD_003,Michael Jackson,MLV1_OLD_003_E0039,1995.0,CAREER_EVENT_MISSING_SOURCE,HIGH,ML-usable Career label has no source_ref.
V1,MLV1_OLD_004,Justin Bieber,MLV1_OLD_004_E0049,2009.0,CAREER_EVENT_VERY_YOUNG,HIGH,Career event age 15.0 < 16; manual identity review required.
V1,MLV1_OLD_004,Justin Bieber,MLV1_OLD_004_E0049,2009.0,CAREER_EVENT_MISSING_SOURCE,HIGH,ML-usable Career label has no source_ref.
V1,MLV1_OLD_004,Justin Bieber,MLV1_OLD_004_E0051,2015.0,CAREER_EVENT_MISSING_SOURCE,HIGH,ML-usable Career label has no source_ref.
V1,MLV1_OLD_004,Justin Bieber,MLV1_OLD_004_E0054,2021.0,CAREER_EVENT_MISSING_SOURCE,HIGH,ML-usable Career label has no source_ref.
V1,MLV1_OLD_004,Justin Bieber,MLV1_OLD_004_E0059,2022.0,CAREER_EVENT_MISSING_SOURCE,HIGH,ML-usable Career label has no source_ref.
V1,MLV1_OLD_005,Chris Brown,MLV1_OLD_005_E0060,2005.0,CAREER_EVENT_MISSING_SOURCE,HIGH,ML-usable Career label has no source_ref.
V1,MLV1_OLD_005,Chris Brown,MLV1_OLD_005_E0061,2006.0,CAREER_EVENT_MISSING_SOURCE,HIGH,ML-usable Career label has no source_ref.
V1,MLV1_OLD_005,Chris Brown,MLV1_OLD_005_E0065,2009.0,CAREER_EVENT_MISSING_SOURCE,HIGH,ML-usable Career label has no source_ref.
V1,MLV1_OLD_005,Chris Brown,MLV1_OLD_005_E0063,2012.0,CAREER_EVENT_MISSING_SOURCE,HIGH,ML-usable Career label has no source_ref.
V1,MLV1_OLD_006,Hillary Clinton,MLV1_OLD_006_E0073,1992.0,CAREER_EVENT_MISSING_SOURCE,HIGH,ML-usable Career label has no source_ref.
V1,MLV1_OLD_006,Hillary Clinton,MLV1_OLD_006_E0074,1993.0,CAREER_EVENT_MISSING_SOURCE,HIGH,ML-usable Career label has no source_ref.
V1,MLV1_OLD_006,Hillary Clinton,MLV1_OLD_006_E0080,1994.0,CAREER_EVENT_MISSING_SOURCE,HIGH,ML-usable Career label has no source_ref.
V1,MLV1_OLD_006,Hillary Clinton,MLV1_OLD_006_E0075,2000.0,CAREER_EVENT_MISSING_SOURCE,HIGH,ML-usable Career label has no source_ref.
V1,MLV1_OLD_006,Hillary Clinton,MLV1_OLD_006_E0082,2008.0,CAREER_EVENT_MISSING_SOURCE,HIGH,ML-usable Career label has no source_ref.
V1,MLV1_OLD_006,Hillary Clinton,MLV1_OLD_006_E0077,2009.0,CAREER_EVENT_MISSING_SOURCE,HIGH,ML-usable Career label has no source_ref.
V1,MLV1_OLD_006,Hillary Clinton,MLV1_OLD_006_E0079,2025.0,CAREER_EVENT_MISSING_SOURCE,HIGH,ML-usable Career label has no source_ref.
V1,MLV1_OLD_007,Kamala Harris,MLV1_OLD_007_E0086,2003.0,CAREER_EVENT_MISSING_SOURCE,HIGH,ML-usable Career label has no source_ref.
V1,MLV1_OLD_007,Kamala Harris,MLV1_OLD_007_E0087,2010.0,CAREER_EVENT_MISSING_SOURCE,HIGH,ML-usable Career label has no source_ref.
V1,MLV1_OLD_007,Kamala Harris,MLV1_OLD_007_E0089,2016.0,CAREER_EVENT_MISSING_SOURCE,HIGH,ML-usable Career label has no source_ref.
V1,MLV1_OLD_007,Kamala Harris,MLV1_OLD_007_E0090,2020.0,CAREER_EVENT_MISSING_SOURCE,HIGH,ML-usable Career label has no source_ref.
V1,MLV1_OLD_007,Kamala Harris,MLV1_OLD_007_E0091,2021.0,CAREER_EVENT_MISSING_SOURCE,HIGH,ML-usable Career label has no source_ref.
V1,MLV1_OLD_008,Al Gore,MLV1_OLD_008_E0096,1976.0,CAREER_EVENT_MISSING_SOURCE,HIGH,ML-usable Career label has no source_ref.
V1,MLV1_OLD_008,Al Gore,MLV1_OLD_008_E0097,1984.0,CAREER_EVENT_MISSING_SOURCE,HIGH,ML-usable Career label has no source_ref.
V1,MLV1_OLD_008,Al Gore,MLV1_OLD_008_E0098,1992.0,CAREER_EVENT_MISSING_SOURCE,HIGH,ML-usable Career label has no source_ref.
V1,MLV1_OLD_008,Al Gore,MLV1_OLD_008_E0099,1993.0,CAREER_EVENT_MISSING_SOURCE,HIGH,ML-usable Career label has no source_ref.
V1,MLV1_OLD_008,Al Gore,MLV1_OLD_008_E0100,1996.0,CAREER_EVENT_MISSING_SOURCE,HIGH,ML-usable Career label has no source_ref.
V1,MLV1_OLD_008,Al Gore,MLV1_OLD_008_E0102,2007.0,CAREER_EVENT_MISSING_SOURCE,HIGH,ML-usable Career label has no source_ref.
V1,MLV1_OLD_008,Al Gore,MLV1_OLD_008_E0103,2024.0,CAREER_EVENT_MISSING_SOURCE,HIGH,ML-usable Career label has no source_ref.
V1,MLV1_OLD_009,Amy Klobuchar,MLV1_OLD_009_E0109,1998.0,CAREER_EVENT_MISSING_SOURCE,HIGH,ML-usable Career label has no source_ref.
V1,MLV1_OLD_009,Amy Klobuchar,MLV1_OLD_009_E0110,2006.0,CAREER_EVENT_MISSING_SOURCE,HIGH,ML-usable Career label has no source_ref.
V1,MLV1_OLD_009,Amy Klobuchar,MLV1_OLD_009_E0111,2012.0,CAREER_EVENT_MISSING_SOURCE,HIGH,ML-usable Career label has no source_ref.
V1,MLV1_OLD_009,Amy Klobuchar,MLV1_OLD_009_E0112,2018.0,CAREER_EVENT_MISSING_SOURCE,HIGH,ML-usable Career label has no source_ref.
V1,MLV1_OLD_011,Madonna,MLV1_OLD_011_E0130,2008.0,CAREER_EVENT_MISSING_SOURCE,HIGH,ML-usable Career label has no source_ref.
V1,MLV1_OLD_012,Elizabeth Taylor,MLV1_OLD_012_E0138,1961.0,CAREER_EVENT_MISSING_SOURCE,HIGH,ML-usable Career label has no source_ref.
V1,MLV1_OLD_012,Elizabeth Taylor,MLV1_OLD_012_E0141,1967.0,CAREER_EVENT_MISSING_SOURCE,HIGH,ML-usable Career label has no source_ref.
V1,MLV1_OLD_013,Drake,MLV1_OLD_013_E0151,2010.0,CAREER_EVENT_MISSING_SOURCE,HIGH,ML-usable Career label has no source_ref.
V1,MLV1_OLD_013,Drake,MLV1_OLD_013_E0152,2011.0,CAREER_EVENT_MISSING_SOURCE,HIGH,ML-usable Career label has no source_ref.
V1,MLV1_OLD_013,Drake,MLV1_OLD_013_E0157,2021.0,CAREER_EVENT_MISSING_SOURCE,HIGH,ML-usable Career label has no source_ref.
V1,MLV1_OLD_014,Diana Ross,MLV1_OLD_014_E0162,1964.0,CAREER_EVENT_MISSING_SOURCE,HIGH,ML-usable Career label has no source_ref.
V1,MLV1_OLD_014,Diana Ross,MLV1_OLD_014_E0166,1980.0,CAREER_EVENT_MISSING_SOURCE,HIGH,ML-usable Career label has no source_ref.
V1,MLV1_OLD_014,Diana Ross,MLV1_OLD_014_E0168,2012.0,CAREER_EVENT_MISSING_SOURCE,HIGH,ML-usable Career label has no source_ref.
V1,MLV1_OLD_015,Dennis Rodman,MLV1_OLD_015_E0173,1989.0,CAREER_EVENT_MISSING_SOURCE,HIGH,ML-usable Career label has no source_ref.
V1,MLV1_OLD_015,Dennis Rodman,MLV1_OLD_015_E0174,1990.0,CAREER_EVENT_MISSING_SOURCE,HIGH,ML-usable Career label has no source_ref.
V1,MLV1_OLD_015,Dennis Rodman,MLV1_OLD_015_E0175,1991.0,CAREER_EVENT_MISSING_SOURCE,HIGH,ML-usable Career label has no source_ref.
V1,MLV1_OLD_015,Dennis Rodman,MLV1_OLD_015_E0176,1996.0,CAREER_EVENT_MISSING_SOURCE,HIGH,ML-usable Career label has no source_ref.
V1,MLV1_OLD_015,Dennis Rodman,MLV1_OLD_015_E0177,1997.0,CAREER_EVENT_MISSING_SOURCE,HIGH,ML-usable Career label has no source_ref.
V1,MLV1_OLD_015,Dennis Rodman,MLV1_OLD_015_E0179,1998.0,CAREER_EVENT_MISSING_SOURCE,HIGH,ML-usable Career label has no source_ref.
V1,MLV1_OLD_015,Dennis Rodman,MLV1_OLD_015_E0184,1999.0,CAREER_EVENT_MISSING_SOURCE,HIGH,ML-usable Career label has no source_ref.
V1,MLV1_OLD_015,Dennis Rodman,MLV1_OLD_015_E0181,2011.0,CAREER_EVENT_MISSING_SOURCE,HIGH,ML-usable Career label has no source_ref.
V1,MLV1_OLD_016,John Ritter,MLV1_OLD_016_E0189,1984.0,CAREER_EVENT_MISSING_SOURCE,HIGH,ML-usable Career label has no source_ref.
V1,MLV1_OLD_016,John Ritter,MLV1_OLD_016_E0192,1985.0,CAREER_EVENT_MISSING_SOURCE,HIGH,ML-usable Career label has no source_ref.
V1,MLV1_OLD_016,John Ritter,MLV1_OLD_016_E0191,2002.0,CAREER_EVENT_MISSING_SOURCE,HIGH,ML-usable Career label has no source_ref.
V1,MLV1_OLD_017,Sean Penn,MLV1_OLD_017_E0198,2003.0,CAREER_EVENT_MISSING_SOURCE,HIGH,ML-usable Career label has no source_ref.
V1,MLV1_OLD_017,Sean Penn,MLV1_OLD_017_E0199,2008.0,CAREER_EVENT_MISSING_SOURCE,HIGH,ML-usable Career label has no source_ref.
V1,MLV1_OLD_018,Björk,MLV1_OLD_018_E0209,2000.0,CAREER_EVENT_MISSING_SOURCE,HIGH,ML-usable Career label has no source_ref.
V1,MLV1_OLD_018,Björk,MLV1_OLD_018_E0210,2001.0,CAREER_EVENT_MISSING_SOURCE,HIGH,ML-usable Career label has no source_ref.
V1,MLV1_OLD_018,Björk,MLV1_OLD_018_E0212,2015.0,CAREER_EVENT_MISSING_SOURCE,HIGH,ML-usable Career label has no source_ref.
V1,MLV1_OLD_020,윤석열,MLV1_OLD_020_E0229,2013.0,CAREER_EVENT_MISSING_SOURCE,HIGH,ML-usable Career label has no source_ref.
V1,MLV1_OLD_020,윤석열,MLV1_OLD_020_E0225,2017.0,CAREER_EVENT_MISSING_SOURCE,HIGH,ML-usable Career label has no source_ref.
V1,MLV1_OLD_020,윤석열,MLV1_OLD_020_E0226,2019.0,CAREER_EVENT_MISSING_SOURCE,HIGH,ML-usable Career label has no source_ref.
V1,MLV1_OLD_020,윤석열,MLV1_OLD_020_E0230,2020.0,CAREER_EVENT_MISSING_SOURCE,HIGH,ML-usable Career label has no source_ref.
V1,MLV1_OLD_020,윤석열,MLV1_OLD_020_E0228,2022.0,CAREER_EVENT_MISSING_SOURCE,HIGH,ML-usable Career label has no source_ref.
V1,MLV1_OLD_020,윤석열,MLV1_OLD_020_E0231,2024.0,CAREER_EVENT_MISSING_SOURCE,HIGH,ML-usable Career label has no source_ref.
V1,MLV1_OLD_020,윤석열,MLV1_OLD_020_E0233,2025.0,CAREER_EVENT_MISSING_SOURCE,HIGH,ML-usable Career label has no source_ref.
V1,MLV1_OLD_020,윤석열,MLV1_OLD_020_E0234,2025.0,CAREER_EVENT_MISSING_SOURCE,HIGH,ML-usable Career label has no source_ref.
V1,MLV1_OLD_021,김부겸,MLV1_OLD_021_E0235,2000.0,CAREER_EVENT_MISSING_SOURCE,HIGH,ML-usable Career label has no source_ref.
V1,MLV1_OLD_021,김부겸,MLV1_OLD_021_E0239,2012.0,CAREER_EVENT_MISSING_SOURCE,HIGH,ML-usable Career label has no source_ref.
V1,MLV1_OLD_021,김부겸,MLV1_OLD_021_E0240,2014.0,CAREER_EVENT_MISSING_SOURCE,HIGH,ML-usable Career label has no source_ref.
V1,MLV1_OLD_021,김부겸,MLV1_OLD_021_E0236,2016.0,CAREER_EVENT_MISSING_SOURCE,HIGH,ML-usable Career label has no source_ref.
V1,MLV1_OLD_021,김부겸,MLV1_OLD_021_E0237,2017.0,CAREER_EVENT_MISSING_SOURCE,HIGH,ML-usable Career label has no source_ref.
V1,MLV1_OLD_021,김부겸,MLV1_OLD_021_E0241,2020.0,CAREER_EVENT_MISSING_SOURCE,HIGH,ML-usable Career label has no source_ref.
V1,MLV1_OLD_021,김부겸,MLV1_OLD_021_E0238,2021.0,CAREER_EVENT_MISSING_SOURCE,HIGH,ML-usable Career label has no source_ref.
V1,MLV1_OLD_022,김어준,MLV1_OLD_022_E0242,1998.0,CAREER_EVENT_MISSING_SOURCE,HIGH,ML-usable Career label has no source_ref.
V1,MLV1_OLD_022,김어준,MLV1_OLD_022_E0248,2022.0,CAREER_EVENT_MISSING_SOURCE,HIGH,ML-usable Career label has no source_ref.
V1,MLV1_OLD_023,박나래,MLV1_OLD_023_E0249,2006.0,CAREER_EVENT_MISSING_SOURCE,HIGH,ML-usable Career label has no source_ref.
V1,MLV1_OLD_023,박나래,MLV1_OLD_023_E0251,2017.0,CAREER_EVENT_MISSING_SOURCE,HIGH,ML-usable Career label has no source_ref.
V1,MLV1_OLD_023,박나래,MLV1_OLD_023_E0254,2021.0,CAREER_EVENT_MISSING_SOURCE,HIGH,ML-usable Career label has no source_ref.
V1,MLV1_OLD_024,박정희,MLV1_OLD_024_E0260,1948.0,CAREER_EVENT_MISSING_SOURCE,HIGH,ML-usable Career label has no source_ref.
V1,MLV1_OLD_024,박정희,MLV1_OLD_024_E0258,1963.0,CAREER_EVENT_MISSING_SOURCE,HIGH,ML-usable Career label has no source_ref.
V1,MLV1_OLD_025,오세훈,MLV1_OLD_025_E0264,2000.0,CAREER_EVENT_MISSING_SOURCE,HIGH,ML-usable Career label has no source_ref.
V1,MLV1_OLD_025,오세훈,MLV1_OLD_025_E0265,2006.0,CAREER_EVENT_MISSING_SOURCE,HIGH,ML-usable Career label has no source_ref.
V1,MLV1_OLD_025,오세훈,MLV1_OLD_025_E0266,2010.0,CAREER_EVENT_MISSING_SOURCE,HIGH,ML-usable Career label has no source_ref.
V1,MLV1_OLD_025,오세훈,MLV1_OLD_025_E0271,2016.0,CAREER_EVENT_MISSING_SOURCE,HIGH,ML-usable Career label has no source_ref.
V1,MLV1_OLD_025,오세훈,MLV1_OLD_025_E0272,2020.0,CAREER_EVENT_MISSING_SOURCE,HIGH,ML-usable Career label has no source_ref.
V1,MLV1_OLD_025,오세훈,MLV1_OLD_025_E0267,2021.0,CAREER_EVENT_MISSING_SOURCE,HIGH,ML-usable Career label has no source_ref.
V1,MLV1_OLD_025,오세훈,MLV1_OLD_025_E0268,2022.0,CAREER_EVENT_MISSING_SOURCE,HIGH,ML-usable Career label has no source_ref.
V1,MLV1_OLD_025,오세훈,MLV1_OLD_025_E0269,2026.0,CAREER_EVENT_MISSING_SOURCE,HIGH,ML-usable Career label has no source_ref.
V1,MLV1_OLD_026,홍준표,MLV1_OLD_026_E0274,1996.0,CAREER_EVENT_MISSING_SOURCE,HIGH,ML-usable Career label has no source_ref.
V1,MLV1_OLD_026,홍준표,MLV1_OLD_026_E0275,2012.0,CAREER_EVENT_MISSING_SOURCE,HIGH,ML-usable Career label has no source_ref.
V1,MLV1_OLD_026,홍준표,MLV1_OLD_026_E0280,2017.0,CAREER_EVENT_MISSING_SOURCE,HIGH,ML-usable Career label has no source_ref.
V1,MLV1_OLD_026,홍준표,MLV1_OLD_026_E0281,2018.0,CAREER_EVENT_MISSING_SOURCE,HIGH,ML-usable Career label has no source_ref.
V1,MLV1_OLD_026,홍준표,MLV1_OLD_026_E0282,2021.0,CAREER_EVENT_MISSING_SOURCE,HIGH,ML-usable Career label has no source_ref.
V1,MLV1_OLD_026,홍준표,MLV1_OLD_026_E0278,2022.0,CAREER_EVENT_MISSING_SOURCE,HIGH,ML-usable Career label has no source_ref.
V1,MLV1_OLD_027,문재인,MLV1_OLD_027_E0289,2009.0,CAREER_EVENT_MISSING_SOURCE,HIGH,ML-usable Career label has no source_ref.
V1,MLV1_OLD_027,문재인,MLV1_OLD_027_E0287,2017.0,CAREER_EVENT_MISSING_SOURCE,HIGH,ML-usable Career label has no source_ref.
V1,MLV1_OLD_028,박근혜,MLV1_OLD_028_E0292,1998.0,CAREER_EVENT_MISSING_SOURCE,HIGH,ML-usable Career label has no source_ref.
V1,MLV1_OLD_028,박근혜,MLV1_OLD_028_E0301,2007.0,CAREER_EVENT_MISSING_SOURCE,HIGH,ML-usable Career label has no source_ref.
V1,MLV1_OLD_028,박근혜,MLV1_OLD_028_E0294,2012.0,CAREER_EVENT_MISSING_SOURCE,HIGH,ML-usable Career label has no source_ref.
V1,MLV1_OLD_028,박근혜,MLV1_OLD_028_E0295,2013.0,CAREER_EVENT_MISSING_SOURCE,HIGH,ML-usable Career label has no source_ref.
V1,MLV1_OLD_028,박근혜,MLV1_OLD_028_E0302,2016.0,CAREER_EVENT_MISSING_SOURCE,HIGH,ML-usable Career label has no source_ref.
V1,MLV1_OLD_028,박근혜,MLV1_OLD_028_E0303,2017.0,CAREER_EVENT_MISSING_SOURCE,HIGH,ML-usable Career label has no source_ref.
V1,MLV1_OLD_029,이건희,MLV1_OLD_029_E0306,1987.0,CAREER_EVENT_MISSING_SOURCE,HIGH,ML-usable Career label has no source_ref.
V1,MLV1_OLD_029,이건희,MLV1_OLD_029_E0308,1996.0,CAREER_EVENT_MISSING_SOURCE,HIGH,ML-usable Career label has no source_ref.
V1,MLV1_OLD_029,이건희,MLV1_OLD_029_E0311,2008.0,CAREER_EVENT_MISSING_SOURCE,HIGH,ML-usable Career label has no source_ref.
V1,MLV1_OLD_029,이건희,MLV1_OLD_029_E0310,2010.0,CAREER_EVENT_MISSING_SOURCE,HIGH,ML-usable Career label has no source_ref.
V1,MLV1_OLD_030,이재용,MLV1_OLD_030_E0316,2012.0,CAREER_EVENT_MISSING_SOURCE,HIGH,ML-usable Career label has no source_ref.
V1,MLV1_OLD_030,이재용,MLV1_OLD_030_E0317,2014.0,CAREER_EVENT_MISSING_SOURCE,HIGH,ML-usable Career label has no source_ref.
V1,MLV1_OLD_030,이재용,MLV1_OLD_030_E0319,2022.0,CAREER_EVENT_MISSING_SOURCE,HIGH,ML-usable Career label has no source_ref.
V1,MLV1_OLD_030,이재용,MLV1_OLD_030_E0320,2024.0,CAREER_EVENT_MISSING_SOURCE,HIGH,ML-usable Career label has no source_ref.
V1,MLV1_OLD_031,봉준호,MLV1_OLD_031_E0334,2020.0,CAREER_EVENT_MISSING_SOURCE,HIGH,ML-usable Career label has no source_ref.
V1,MLV1_OLD_031,봉준호,MLV1_OLD_031_E0335,2020.0,CAREER_EVENT_MISSING_SOURCE,HIGH,ML-usable Career label has no source_ref.
V1,MLV1_OLD_032,김연아,MLV1_OLD_032_E0339,2009.0,CAREER_EVENT_MISSING_SOURCE,HIGH,ML-usable Career label has no source_ref.
V1,MLV1_OLD_032,김연아,MLV1_OLD_032_E0340,2010.0,CAREER_EVENT_MISSING_SOURCE,HIGH,ML-usable Career label has no source_ref.
V1,MLV1_OLD_032,김연아,MLV1_OLD_032_E0341,2013.0,CAREER_EVENT_MISSING_SOURCE,HIGH,ML-usable Career label has no source_ref.
V1,MLV1_OLD_032,김연아,MLV1_OLD_032_E0342,2014.0,CAREER_EVENT_MISSING_SOURCE,HIGH,ML-usable Career label has no source_ref.
V1,MLV1_OLD_032,김연아,MLV1_OLD_032_E0347,2014.0,CAREER_EVENT_MISSING_SOURCE,HIGH,ML-usable Career label has no source_ref.
V1,MLV1_OLD_032,김연아,MLV1_OLD_032_E0343,2018.0,CAREER_EVENT_MISSING_SOURCE,HIGH,ML-usable Career label has no source_ref.
V1,MLV1_OLD_033,손흥민,MLV1_OLD_033_E0348,2010.0,CAREER_EVENT_MISSING_SOURCE,HIGH,ML-usable Career label has no source_ref.
V1,MLV1_OLD_033,손흥민,MLV1_OLD_033_E0350,2018.0,CAREER_EVENT_MISSING_SOURCE,HIGH,ML-usable Career label has no source_ref.
V1,MLV1_OLD_033,손흥민,MLV1_OLD_033_E0351,2019.0,CAREER_EVENT_MISSING_SOURCE,HIGH,ML-usable Career label has no source_ref.
V1,MLV1_OLD_033,손흥민,MLV1_OLD_033_E0352,2020.0,CAREER_EVENT_MISSING_SOURCE,HIGH,ML-usable Career label has no source_ref.
V1,MLV1_OLD_033,손흥민,MLV1_OLD_033_E0353,2022.0,CAREER_EVENT_MISSING_SOURCE,HIGH,ML-usable Career label has no source_ref.
V1,MLV1_OLD_033,손흥민,MLV1_OLD_033_E0356,2025.0,CAREER_EVENT_MISSING_SOURCE,HIGH,ML-usable Career label has no source_ref.
V1,MLV1_OLD_034,장미희,MLV1_OLD_034_E0361,1976.0,CAREER_EVENT_MISSING_SOURCE,HIGH,ML-usable Career label has no source_ref.
V1,MLV1_OLD_034,장미희,MLV1_OLD_034_E0362,1978.0,CAREER_EVENT_MISSING_SOURCE,HIGH,ML-usable Career label has no source_ref.
V1,MLV1_OLD_034,장미희,MLV1_OLD_034_E0365,2008.0,CAREER_EVENT_MISSING_SOURCE,HIGH,ML-usable Career label has no source_ref.
V1,MLV1_OLD_035,김희민,MLV1_OLD_035_E0375,2020.0,CAREER_EVENT_MISSING_SOURCE,HIGH,ML-usable Career label has no source_ref.
V1,MLV1_OLD_037,박세리,MLV1_OLD_037_E0385,1998.0,CAREER_EVENT_MISSING_SOURCE,HIGH,ML-usable Career label has no source_ref.
V1,MLV1_OLD_037,박세리,MLV1_OLD_037_E0386,2001.0,CAREER_EVENT_MISSING_SOURCE,HIGH,ML-usable Career label has no source_ref.
V1,MLV1_OLD_037,박세리,MLV1_OLD_037_E0387,2007.0,CAREER_EVENT_MISSING_SOURCE,HIGH,ML-usable Career label has no source_ref.
V1,MLV1_OLD_037,박세리,MLV1_OLD_037_E0388,2016.0,CAREER_EVENT_MISSING_SOURCE,HIGH,ML-usable Career label has no source_ref.
V1,MLV1_OLD_037,박세리,MLV1_OLD_037_E0389,2020.0,CAREER_EVENT_MISSING_SOURCE,HIGH,ML-usable Career label has no source_ref.
V1,MLV1_OLD_038,이명박,MLV1_OLD_038_E0393,1977.0,CAREER_EVENT_MISSING_SOURCE,HIGH,ML-usable Career label has no source_ref.
V1,MLV1_OLD_038,이명박,MLV1_OLD_038_E0394,1992.0,CAREER_EVENT_MISSING_SOURCE,HIGH,ML-usable Career label has no source_ref.
V1,MLV1_OLD_038,이명박,MLV1_OLD_038_E0400,1998.0,CAREER_EVENT_MISSING_SOURCE,HIGH,ML-usable Career label has no source_ref.
V1,MLV1_OLD_038,이명박,MLV1_OLD_038_E0395,2002.0,CAREER_EVENT_MISSING_SOURCE,HIGH,ML-usable Career label has no source_ref.
V1,MLV1_OLD_038,이명박,MLV1_OLD_038_E0396,2007.0,CAREER_EVENT_MISSING_SOURCE,HIGH,ML-usable Career label has no source_ref.
V1,MLV1_OLD_038,이명박,MLV1_OLD_038_E0397,2008.0,CAREER_EVENT_MISSING_SOURCE,HIGH,ML-usable Career label has no source_ref.
V1,MLV1_OLD_038,이명박,MLV1_OLD_038_E0401,2008.0,CAREER_EVENT_MISSING_SOURCE,HIGH,ML-usable Career label has no source_ref.
V1,MLV1_OLD_039,조용필,MLV1_OLD_039_E0408,2003.0,CAREER_EVENT_MISSING_SOURCE,HIGH,ML-usable Career label has no source_ref.
V1,MLV1_OLD_039,조용필,MLV1_OLD_039_E0410,2023.0,CAREER_EVENT_MISSING_SOURCE,HIGH,ML-usable Career label has no source_ref.
V1,MLV1_OLD_040,신성일,MLV1_OLD_040_E0412,1960.0,CAREER_EVENT_MISSING_SOURCE,HIGH,ML-usable Career label has no source_ref.
V1,MLV1_OLD_040,신성일,MLV1_OLD_040_E0415,2000.0,CAREER_EVENT_MISSING_SOURCE,HIGH,ML-usable Career label has no source_ref.
V1,MLV1_OLD_041,남진,MLV1_OLD_041_E0423,1974.0,CAREER_EVENT_MISSING_SOURCE,HIGH,ML-usable Career label has no source_ref.
V1,MLV1_OLD_041,남진,MLV1_OLD_041_E0424,1980.0,CAREER_EVENT_MISSING_SOURCE,HIGH,ML-usable Career label has no source_ref.
V1,MLV1_OLD_043,정몽구,MLV1_OLD_043_E0434,1999.0,CAREER_EVENT_MISSING_SOURCE,HIGH,ML-usable Career label has no source_ref.
V1,MLV1_OLD_043,정몽구,MLV1_OLD_043_E0437,2020.0,CAREER_EVENT_MISSING_SOURCE,HIGH,ML-usable Career label has no source_ref.
V1,MLV1_OLD_043,정몽구,MLV1_OLD_043_E0438,2021.0,CAREER_EVENT_MISSING_SOURCE,HIGH,ML-usable Career label has no source_ref.
V1,MLV1_OLD_044,김우중,MLV1_OLD_044_E0442,1967.0,CAREER_EVENT_MISSING_SOURCE,HIGH,ML-usable Career label has no source_ref.
V1,MLV1_OLD_044,김우중,MLV1_OLD_044_E0445,1984.0,CAREER_EVENT_MISSING_SOURCE,HIGH,ML-usable Career label has no source_ref.
V1,MLV1_OLD_045,김영삼,MLV1_OLD_045_E0452,1954.0,CAREER_EVENT_MISSING_SOURCE,HIGH,ML-usable Career label has no source_ref.
V1,MLV1_OLD_045,김영삼,MLV1_OLD_045_E0457,1979.0,CAREER_EVENT_MISSING_SOURCE,HIGH,ML-usable Career label has no source_ref.
V1,MLV1_OLD_045,김영삼,MLV1_OLD_045_E0455,1992.0,CAREER_EVENT_MISSING_SOURCE,HIGH,ML-usable Career label has no source_ref.
V1,MLV1_OLD_045,김영삼,MLV1_OLD_045_E0456,1993.0,CAREER_EVENT_MISSING_SOURCE,HIGH,ML-usable Career label has no source_ref.
V1,MLV1_OLD_046,노태우,MLV1_OLD_046_E0461,1987.0,CAREER_EVENT_MISSING_SOURCE,HIGH,ML-usable Career label has no source_ref.
V1,MLV1_OLD_046,노태우,MLV1_OLD_046_E0462,1987.0,CAREER_EVENT_MISSING_SOURCE,HIGH,ML-usable Career label has no source_ref.
V1,MLV1_OLD_046,노태우,MLV1_OLD_046_E0463,1988.0,CAREER_EVENT_MISSING_SOURCE,HIGH,ML-usable Career label has no source_ref.
V1,MLV1_OLD_047,전두환,MLV1_OLD_047_E0472,1981.0,CAREER_EVENT_MISSING_SOURCE,HIGH,ML-usable Career label has no source_ref.
V1,MLV1_OLD_048,정주영,MLV1_OLD_048_E0482,1938.0,CAREER_EVENT_MISSING_SOURCE,HIGH,ML-usable Career label has no source_ref.
V1,MLV1_OLD_048,정주영,MLV1_OLD_048_E0483,1947.0,CAREER_EVENT_MISSING_SOURCE,HIGH,ML-usable Career label has no source_ref.
V1,MLV1_OLD_048,정주영,MLV1_OLD_048_E0484,1967.0,CAREER_EVENT_MISSING_SOURCE,HIGH,ML-usable Career label has no source_ref.
V1,MLV1_OLD_048,정주영,MLV1_OLD_048_E0485,1972.0,CAREER_EVENT_MISSING_SOURCE,HIGH,ML-usable Career label has no source_ref.
V1,MLV1_OLD_048,정주영,MLV1_OLD_048_E0486,1981.0,CAREER_EVENT_MISSING_SOURCE,HIGH,ML-usable Career label has no source_ref.
V1,MLV1_OLD_048,정주영,MLV1_OLD_048_E0487,1992.0,CAREER_EVENT_MISSING_SOURCE,HIGH,ML-usable Career label has no source_ref.
V1,MLV1_OLD_048,정주영,MLV1_OLD_048_E0490,2000.0,CAREER_EVENT_MISSING_SOURCE,HIGH,ML-usable Career label has no source_ref.
V1,MLV1_OLD_049,이병철,MLV1_OLD_049_E0492,1938.0,CAREER_EVENT_MISSING_SOURCE,HIGH,ML-usable Career label has no source_ref.
V1,MLV1_OLD_049,이병철,MLV1_OLD_049_E0493,1951.0,CAREER_EVENT_MISSING_SOURCE,HIGH,ML-usable Career label has no source_ref.
V1,MLV1_OLD_049,이병철,MLV1_OLD_049_E0494,1953.0,CAREER_EVENT_MISSING_SOURCE,HIGH,ML-usable Career label has no source_ref.
V1,MLV1_OLD_049,이병철,MLV1_OLD_049_E0495,1954.0,CAREER_EVENT_MISSING_SOURCE,HIGH,ML-usable Career label has no source_ref.
V1,MLV1_OLD_049,이병철,MLV1_OLD_049_E0496,1969.0,CAREER_EVENT_MISSING_SOURCE,HIGH,ML-usable Career label has no source_ref.
V1,MLV1_OLD_051,서태지,MLV1_OLD_051_E0508,1992.0,CAREER_EVENT_MISSING_SOURCE,HIGH,ML-usable Career label has no source_ref.
V1,MLV1_OLD_051,서태지,MLV1_OLD_051_E0511,2000.0,CAREER_EVENT_MISSING_SOURCE,HIGH,ML-usable Career label has no source_ref.
V1,MLV1_OLD_052,노무현,MLV1_OLD_052_E0525,2000.0,CAREER_EVENT_MISSING_SOURCE,HIGH,ML-usable Career label has no source_ref.
V1,MLV1_OLD_052,노무현,MLV1_OLD_052_E0521,2002.0,CAREER_EVENT_MISSING_SOURCE,HIGH,ML-usable Career label has no source_ref.
V1,MLV1_OLD_052,노무현,MLV1_OLD_052_E0522,2003.0,CAREER_EVENT_MISSING_SOURCE,HIGH,ML-usable Career label has no source_ref.
V1,MLV1_OLD_052,노무현,MLV1_OLD_052_E0523,2004.0,CAREER_EVENT_MISSING_SOURCE,HIGH,ML-usable Career label has no source_ref.
V1,MLV1_OLD_052,노무현,MLV1_OLD_052_E0526,2004.0,CAREER_EVENT_MISSING_SOURCE,HIGH,ML-usable Career label has no source_ref.
V1,MLV1_OLD_053,전소연,MLV1_OLD_053_E0529,2016.0,CAREER_EVENT_MISSING_SOURCE,HIGH,ML-usable Career label has no source_ref.
V1,MLV1_OLD_053,전소연,MLV1_OLD_053_E0536,2016.0,CAREER_EVENT_MISSING_SOURCE,HIGH,ML-usable Career label has no source_ref.
V1,MLV1_OLD_053,전소연,MLV1_OLD_053_E0530,2017.0,CAREER_EVENT_MISSING_SOURCE,HIGH,ML-usable Career label has no source_ref.
V1,MLV1_OLD_053,전소연,MLV1_OLD_053_E0531,2018.0,CAREER_EVENT_MISSING_SOURCE,HIGH,ML-usable Career label has no source_ref.
V1,MLV1_OLD_053,전소연,MLV1_OLD_053_E0533,2022.0,CAREER_EVENT_MISSING_SOURCE,HIGH,ML-usable Career label has no source_ref.
V1,MLV1_OLD_053,전소연,MLV1_OLD_053_E0534,2023.0,CAREER_EVENT_MISSING_SOURCE,HIGH,ML-usable Career label has no source_ref.
V1,MLV1_OLD_054,강호동,MLV1_OLD_054_E0541,1993.0,CAREER_EVENT_MISSING_SOURCE,HIGH,ML-usable Career label has no source_ref.
V1,MLV1_OLD_054,강호동,MLV1_OLD_054_E0547,2011.0,CAREER_EVENT_MISSING_SOURCE,HIGH,ML-usable Career label has no source_ref.
V1,MLV1_OLD_054,강호동,MLV1_OLD_054_E0545,2012.0,CAREER_EVENT_MISSING_SOURCE,HIGH,ML-usable Career label has no source_ref.
V1,MLV1_OLD_054,강호동,MLV1_OLD_054_E0546,2015.0,CAREER_EVENT_MISSING_SOURCE,HIGH,ML-usable Career label has no source_ref.
V1,MLV1_OLD_055,Lionel Messi,MLV1_OLD_055_E0549,2004.0,CAREER_EVENT_MISSING_SOURCE,HIGH,ML-usable Career label has no source_ref.
V1,MLV1_OLD_055,Lionel Messi,MLV1_OLD_055_E0550,2005.0,CAREER_EVENT_MISSING_SOURCE,HIGH,ML-usable Career label has no source_ref.
V1,MLV1_OLD_055,Lionel Messi,MLV1_OLD_055_E0551,2008.0,CAREER_EVENT_MISSING_SOURCE,HIGH,ML-usable Career label has no source_ref.
V1,MLV1_OLD_055,Lionel Messi,MLV1_OLD_055_E0552,2009.0,CAREER_EVENT_MISSING_SOURCE,HIGH,ML-usable Career label has no source_ref.
V1,MLV1_OLD_055,Lionel Messi,MLV1_OLD_055_E0553,2011.0,CAREER_EVENT_MISSING_SOURCE,HIGH,ML-usable Career label has no source_ref.
V1,MLV1_OLD_055,Lionel Messi,MLV1_OLD_055_E0554,2012.0,CAREER_EVENT_MISSING_SOURCE,HIGH,ML-usable Career label has no source_ref.
V1,MLV1_OLD_055,Lionel Messi,MLV1_OLD_055_E0568,2014.0,CAREER_EVENT_MISSING_SOURCE,HIGH,ML-usable Career label has no source_ref.
V1,MLV1_OLD_055,Lionel Messi,MLV1_OLD_055_E0557,2015.0,CAREER_EVENT_MISSING_SOURCE,HIGH,ML-usable Career label has no source_ref.
V1,MLV1_OLD_055,Lionel Messi,MLV1_OLD_055_E0569,2016.0,CAREER_EVENT_MISSING_SOURCE,HIGH,ML-usable Career label has no source_ref.
V1,MLV1_OLD_055,Lionel Messi,MLV1_OLD_055_E0570,2016.0,CAREER_EVENT_MISSING_SOURCE,HIGH,ML-usable Career label has no source_ref.
V1,MLV1_OLD_055,Lionel Messi,MLV1_OLD_055_E0560,2019.0,CAREER_EVENT_MISSING_SOURCE,HIGH,ML-usable Career label has no source_ref.
V1,MLV1_OLD_055,Lionel Messi,MLV1_OLD_055_E0571,2020.0,CAREER_EVENT_MISSING_SOURCE,HIGH,ML-usable Career label has no source_ref.
V1,MLV1_OLD_055,Lionel Messi,MLV1_OLD_055_E0561,2021.0,CAREER_EVENT_MISSING_SOURCE,HIGH,ML-usable Career label has no source_ref.
V1,MLV1_OLD_055,Lionel Messi,MLV1_OLD_055_E0572,2021.0,CAREER_EVENT_MISSING_SOURCE,HIGH,ML-usable Career label has no source_ref.
V1,MLV1_OLD_055,Lionel Messi,MLV1_OLD_055_E0562,2022.0,CAREER_EVENT_MISSING_SOURCE,HIGH,ML-usable Career label has no source_ref.
V1,MLV1_OLD_055,Lionel Messi,MLV1_OLD_055_E0563,2023.0,CAREER_EVENT_MISSING_SOURCE,HIGH,ML-usable Career label has no source_ref.
V1,MLV1_OLD_055,Lionel Messi,MLV1_OLD_055_E0564,2024.0,CAREER_EVENT_MISSING_SOURCE,HIGH,ML-usable Career label has no source_ref.
V1,MLV1_OLD_055,Lionel Messi,MLV1_OLD_055_E0565,2025.0,CAREER_EVENT_MISSING_SOURCE,HIGH,ML-usable Career label has no source_ref.
V1,MLV1_OLD_056,권지용,MLV1_OLD_056_E0573,2006.0,CAREER_EVENT_MISSING_SOURCE,HIGH,ML-usable Career label has no source_ref.
V1,MLV1_OLD_056,권지용,MLV1_OLD_056_E0580,2024.0,CAREER_EVENT_MISSING_SOURCE,HIGH,ML-usable Career label has no source_ref.
V1,MLV1_OLD_056,권지용,MLV1_OLD_056_E0581,2025.0,CAREER_EVENT_MISSING_SOURCE,HIGH,ML-usable Career label has no source_ref.
V1,MLV1_PUB_018,Miley Cyrus,MLV1_PUB_018_E0709,2006.0,CAREER_EVENT_VERY_YOUNG,HIGH,Career event age 14.0 < 16; manual identity review required.
NEW_DEV_2_CONSUMED,NEWDEV2_001,Bob Dylan,NEWDEV2_001_E001,1965.0,SECOND_SOURCE_AUDIT_REQUIRED,MEDIUM,Event explicitly requires secondary verification.
NEW_DEV_2_CONSUMED,NEWDEV2_001,Bob Dylan,NEWDEV2_001_E002,1966.0,SECOND_SOURCE_AUDIT_REQUIRED,MEDIUM,Event explicitly requires secondary verification.
NEW_DEV_2_CONSUMED,NEWDEV2_001,Bob Dylan,NEWDEV2_001_E002,1966.0,CAREER_TRANSITION_TAXONOMY_REVIEW,MEDIUM,Transition/end/resignation event should not be automatically assumed negative.
NEW_DEV_2_CONSUMED,NEWDEV2_002,Bob Fosse,NEWDEV2_002_E002,1969.0,SECOND_SOURCE_AUDIT_REQUIRED,MEDIUM,Event explicitly requires secondary verification.
NEW_DEV_2_CONSUMED,NEWDEV2_002,Bob Fosse,NEWDEV2_002_E002,1969.0,NON_HIGH_TARGET_ASSIGNMENT,MEDIUM,Career target assignment confidence is medium.
NEW_DEV_2_CONSUMED,NEWDEV2_002,Bob Fosse,NEWDEV2_002_E001,1973.0,SECOND_SOURCE_AUDIT_REQUIRED,MEDIUM,Event explicitly requires secondary verification.
NEW_DEV_2_CONSUMED,NEWDEV2_003,Bob Gibson,NEWDEV2_003_E002,1967.0,SECOND_SOURCE_AUDIT_REQUIRED,MEDIUM,Event explicitly requires secondary verification.
NEW_DEV_2_CONSUMED,NEWDEV2_003,Bob Gibson,NEWDEV2_003_E002,1967.0,CAREER_HEALTH_MECHANISM_REVIEW,MEDIUM,Career outcome is caused by Health/accident mechanism; candidate multi-label event.
NEW_DEV_2_CONSUMED,NEWDEV2_003,Bob Gibson,NEWDEV2_003_E001,1968.0,SECOND_SOURCE_AUDIT_REQUIRED,MEDIUM,Event explicitly requires secondary verification.
NEW_DEV_2_CONSUMED,NEWDEV2_004,Bob Hayes,NEWDEV2_004_E001,1964.0,SECOND_SOURCE_AUDIT_REQUIRED,MEDIUM,Event explicitly requires secondary verification.
NEW_DEV_2_CONSUMED,NEWDEV2_004,Bob Hayes,NEWDEV2_004_E002,1975.0,SECOND_SOURCE_AUDIT_REQUIRED,MEDIUM,Event explicitly requires secondary verification.
NEW_DEV_2_CONSUMED,NEWDEV2_004,Bob Hayes,NEWDEV2_004_E002,1975.0,NON_HIGH_TARGET_ASSIGNMENT,MEDIUM,Career target assignment confidence is medium.
NEW_DEV_2_CONSUMED,NEWDEV2_004,Bob Hayes,NEWDEV2_004_E002,1975.0,CAREER_TRANSITION_TAXONOMY_REVIEW,MEDIUM,Transition/end/resignation event should not be automatically assumed negative.
NEW_DEV_2_CONSUMED,NEWDEV2_005,Bob Knight,NEWDEV2_005_E001,1976.0,SECOND_SOURCE_AUDIT_REQUIRED,MEDIUM,Event explicitly requires secondary verification.
NEW_DEV_2_CONSUMED,NEWDEV2_005,Bob Knight,NEWDEV2_005_E002,2000.0,SECOND_SOURCE_AUDIT_REQUIRED,MEDIUM,Event explicitly requires secondary verification.
NEW_DEV_2_CONSUMED,NEWDEV2_006,Bob Lilly,NEWDEV2_006_E002,1971.0,SECOND_SOURCE_AUDIT_REQUIRED,MEDIUM,Event explicitly requires secondary verification.
NEW_DEV_2_CONSUMED,NEWDEV2_006,Bob Lilly,NEWDEV2_006_E001,1972.0,SECOND_SOURCE_AUDIT_REQUIRED,MEDIUM,Event explicitly requires secondary verification.
NEW_DEV_2_CONSUMED,NEWDEV2_007,Bob Mathias,NEWDEV2_007_E001,1952.0,SECOND_SOURCE_AUDIT_REQUIRED,MEDIUM,Event explicitly requires secondary verification.
NEW_DEV_2_CONSUMED,NEWDEV2_007,Bob Mathias,NEWDEV2_007_E002,1966.0,SECOND_SOURCE_AUDIT_REQUIRED,MEDIUM,Event explicitly requires secondary verification.
NEW_DEV_2_CONSUMED,NEWDEV2_008,Bob McAdoo,NEWDEV2_008_E001,1975.0,SECOND_SOURCE_AUDIT_REQUIRED,MEDIUM,Event explicitly requires secondary verification.
NEW_DEV_2_CONSUMED,NEWDEV2_008,Bob McAdoo,NEWDEV2_008_E002,1979.0,SECOND_SOURCE_AUDIT_REQUIRED,MEDIUM,Event explicitly requires secondary verification.
NEW_DEV_2_CONSUMED,NEWDEV2_008,Bob McAdoo,NEWDEV2_008_E002,1979.0,NON_HIGH_TARGET_ASSIGNMENT,MEDIUM,Career target assignment confidence is medium.
NEW_DEV_2_CONSUMED,NEWDEV2_009,Bob Newhart,NEWDEV2_009_E001,1961.0,SECOND_SOURCE_AUDIT_REQUIRED,MEDIUM,Event explicitly requires secondary verification.
NEW_DEV_2_CONSUMED,NEWDEV2_009,Bob Newhart,NEWDEV2_009_E002,1962.0,SECOND_SOURCE_AUDIT_REQUIRED,MEDIUM,Event explicitly requires secondary verification.
NEW_DEV_2_CONSUMED,NEWDEV2_010,Bob Pettit,NEWDEV2_010_E002,1957.0,SECOND_SOURCE_AUDIT_REQUIRED,MEDIUM,Event explicitly requires secondary verification.
NEW_DEV_2_CONSUMED,NEWDEV2_010,Bob Pettit,NEWDEV2_010_E001,1958.0,SECOND_SOURCE_AUDIT_REQUIRED,MEDIUM,Event explicitly requires secondary verification.
NEW_DEV_2_CONSUMED,NEWDEV2_011,Bob Richards,NEWDEV2_011_E001,1956.0,SECOND_SOURCE_AUDIT_REQUIRED,MEDIUM,Event explicitly requires secondary verification.
NEW_DEV_2_CONSUMED,NEWDEV2_011,Bob Richards,NEWDEV2_011_E002,1960.0,SECOND_SOURCE_AUDIT_REQUIRED,MEDIUM,Event explicitly requires secondary verification.
NEW_DEV_2_CONSUMED,NEWDEV2_011,Bob Richards,NEWDEV2_011_E002,1960.0,NON_HIGH_TARGET_ASSIGNMENT,MEDIUM,Career target assignment confidence is medium.
NEW_DEV_2_CONSUMED,NEWDEV2_012,Bob Schul,NEWDEV2_012_E001,1964.0,SECOND_SOURCE_AUDIT_REQUIRED,MEDIUM,Event explicitly requires secondary verification.
NEW_DEV_2_CONSUMED,NEWDEV2_012,Bob Schul,NEWDEV2_012_E002,1968.0,SECOND_SOURCE_AUDIT_REQUIRED,MEDIUM,Event explicitly requires secondary verification.
NEW_DEV_2_CONSUMED,NEWDEV2_012,Bob Schul,NEWDEV2_012_E002,1968.0,CAREER_HEALTH_MECHANISM_REVIEW,MEDIUM,Career outcome is caused by Health/accident mechanism; candidate multi-label event.
NEW_DEV_2_CONSUMED,NEWDEV2_013,Bob Seagren,NEWDEV2_013_E001,1968.0,SECOND_SOURCE_AUDIT_REQUIRED,MEDIUM,Event explicitly requires secondary verification.
NEW_DEV_2_CONSUMED,NEWDEV2_013,Bob Seagren,NEWDEV2_013_E002,1972.0,SECOND_SOURCE_AUDIT_REQUIRED,MEDIUM,Event explicitly requires secondary verification.
NEW_DEV_2_CONSUMED,NEWDEV2_014,Bob Uecker,NEWDEV2_014_E001,1964.0,SECOND_SOURCE_AUDIT_REQUIRED,MEDIUM,Event explicitly requires secondary verification.
NEW_DEV_2_CONSUMED,NEWDEV2_014,Bob Uecker,NEWDEV2_014_E002,1967.0,SECOND_SOURCE_AUDIT_REQUIRED,MEDIUM,Event explicitly requires secondary verification.
NEW_DEV_2_CONSUMED,NEWDEV2_014,Bob Uecker,NEWDEV2_014_E002,1967.0,NON_HIGH_TARGET_ASSIGNMENT,MEDIUM,Career target assignment confidence is medium.
NEW_DEV_2_CONSUMED,NEWDEV2_014,Bob Uecker,NEWDEV2_014_E002,1967.0,CAREER_TRANSITION_TAXONOMY_REVIEW,MEDIUM,Transition/end/resignation event should not be automatically assumed negative.
NEW_DEV_2_CONSUMED,NEWDEV2_015,Bob Brenly,NEWDEV2_015_E001,2001.0,SECOND_SOURCE_AUDIT_REQUIRED,MEDIUM,Event explicitly requires secondary verification.
NEW_DEV_2_CONSUMED,NEWDEV2_015,Bob Brenly,NEWDEV2_015_E002,2004.0,SECOND_SOURCE_AUDIT_REQUIRED,MEDIUM,Event explicitly requires secondary verification.
NEW_DEV_2_CONSUMED,NEWDEV2_016,Bobby Bell,NEWDEV2_016_E002,1967.0,SECOND_SOURCE_AUDIT_REQUIRED,MEDIUM,Event explicitly requires secondary verification.
NEW_DEV_2_CONSUMED,NEWDEV2_016,Bobby Bell,NEWDEV2_016_E001,1970.0,SECOND_SOURCE_AUDIT_REQUIRED,MEDIUM,Event explicitly requires secondary verification.
NEW_DEV_2_CONSUMED,NEWDEV2_017,Bobby Bonds,NEWDEV2_017_E001,1973.0,SECOND_SOURCE_AUDIT_REQUIRED,MEDIUM,Event explicitly requires secondary verification.
NEW_DEV_2_CONSUMED,NEWDEV2_017,Bobby Bonds,NEWDEV2_017_E002,1981.0,SECOND_SOURCE_AUDIT_REQUIRED,MEDIUM,Event explicitly requires secondary verification.
NEW_DEV_2_CONSUMED,NEWDEV2_017,Bobby Bonds,NEWDEV2_017_E002,1981.0,NON_HIGH_TARGET_ASSIGNMENT,MEDIUM,Career target assignment confidence is medium.
NEW_DEV_2_CONSUMED,NEWDEV2_017,Bobby Bonds,NEWDEV2_017_E002,1981.0,CAREER_TRANSITION_TAXONOMY_REVIEW,MEDIUM,Transition/end/resignation event should not be automatically assumed negative.
NEW_DEV_2_CONSUMED,NEWDEV2_018,Bo Burnham,NEWDEV2_018_E002,2016.0,SECOND_SOURCE_AUDIT_REQUIRED,MEDIUM,Event explicitly requires secondary verification.
NEW_DEV_2_CONSUMED,NEWDEV2_018,Bo Burnham,NEWDEV2_018_E002,2016.0,CAREER_TRANSITION_TAXONOMY_REVIEW,MEDIUM,Transition/end/resignation event should not be automatically assumed negative.
NEW_DEV_2_CONSUMED,NEWDEV2_018,Bo Burnham,NEWDEV2_018_E001,2021.0,SECOND_SOURCE_AUDIT_REQUIRED,MEDIUM,Event explicitly requires secondary verification.
NEW_DEV_2_CONSUMED,NEWDEV2_019,Bo Derek,NEWDEV2_019_E001,1979.0,SECOND_SOURCE_AUDIT_REQUIRED,MEDIUM,Event explicitly requires secondary verification.
NEW_DEV_2_CONSUMED,NEWDEV2_019,Bo Derek,NEWDEV2_019_E002,1984.0,SECOND_SOURCE_AUDIT_REQUIRED,MEDIUM,Event explicitly requires secondary verification.
NEW_DEV_2_CONSUMED,NEWDEV2_020,Bob Woolmer,NEWDEV2_020_E001,1994.0,SECOND_SOURCE_AUDIT_REQUIRED,MEDIUM,Event explicitly requires secondary verification.
NEW_DEV_2_CONSUMED,NEWDEV2_020,Bob Woolmer,NEWDEV2_020_E002,1999.0,SECOND_SOURCE_AUDIT_REQUIRED,MEDIUM,Event explicitly requires secondary verification.
NEW_DEV_2_CONSUMED,NEWDEV2_021,Bill Bradley,NEWDEV2_021_E001,1970.0,SECOND_SOURCE_AUDIT_REQUIRED,MEDIUM,Event explicitly requires secondary verification.
NEW_DEV_2_CONSUMED,NEWDEV2_021,Bill Bradley,NEWDEV2_021_E002,2000.0,SECOND_SOURCE_AUDIT_REQUIRED,MEDIUM,Event explicitly requires secondary verification.
NEW_DEV_2_CONSUMED,NEWDEV2_022,Bill Blass,NEWDEV2_022_E001,1970.0,SECOND_SOURCE_AUDIT_REQUIRED,MEDIUM,Event explicitly requires secondary verification.
NEW_DEV_2_CONSUMED,NEWDEV2_022,Bill Blass,NEWDEV2_022_E001,1970.0,NON_HIGH_TARGET_ASSIGNMENT,MEDIUM,Career target assignment confidence is medium.
NEW_DEV_2_CONSUMED,NEWDEV2_022,Bill Blass,NEWDEV2_022_E002,1999.0,SECOND_SOURCE_AUDIT_REQUIRED,MEDIUM,Event explicitly requires secondary verification.
NEW_DEV_2_CONSUMED,NEWDEV2_022,Bill Blass,NEWDEV2_022_E002,1999.0,NON_HIGH_TARGET_ASSIGNMENT,MEDIUM,Career target assignment confidence is medium.
NEW_DEV_2_CONSUMED,NEWDEV2_022,Bill Blass,NEWDEV2_022_E002,1999.0,CAREER_TRANSITION_TAXONOMY_REVIEW,MEDIUM,Transition/end/resignation event should not be automatically assumed negative.
NEW_DEV_2_CONSUMED,NEWDEV2_023,Bill Engvall,NEWDEV2_023_E001,1997.0,SECOND_SOURCE_AUDIT_REQUIRED,MEDIUM,Event explicitly requires secondary verification.
NEW_DEV_2_CONSUMED,NEWDEV2_023,Bill Engvall,NEWDEV2_023_E002,2009.0,SECOND_SOURCE_AUDIT_REQUIRED,MEDIUM,Event explicitly requires secondary verification.
NEW_DEV_2_CONSUMED,NEWDEV2_024,Bill Forsyth,NEWDEV2_024_E001,1983.0,SECOND_SOURCE_AUDIT_REQUIRED,MEDIUM,Event explicitly requires secondary verification.
NEW_DEV_2_CONSUMED,NEWDEV2_024,Bill Forsyth,NEWDEV2_024_E002,1999.0,SECOND_SOURCE_AUDIT_REQUIRED,MEDIUM,Event explicitly requires secondary verification.
NEW_DEV_2_CONSUMED,NEWDEV2_024,Bill Forsyth,NEWDEV2_024_E002,1999.0,NON_HIGH_TARGET_ASSIGNMENT,MEDIUM,Career target assignment confidence is medium.
NEW_DEV_2_CONSUMED,NEWDEV2_025,Bill Guerin,NEWDEV2_025_E001,2009.0,SECOND_SOURCE_AUDIT_REQUIRED,MEDIUM,Event explicitly requires secondary verification.
NEW_DEV_2_CONSUMED,NEWDEV2_025,Bill Guerin,NEWDEV2_025_E002,2021.0,SECOND_SOURCE_AUDIT_REQUIRED,MEDIUM,Event explicitly requires secondary verification.
NEW_DEV_2_CONSUMED,NEWDEV2_025,Bill Guerin,NEWDEV2_025_E002,2021.0,NON_HIGH_TARGET_ASSIGNMENT,MEDIUM,Career target assignment confidence is medium.
NEW_DEV_2_CONSUMED,NEWDEV2_026,Bill Walton,NEWDEV2_026_E001,1978.0,SECOND_SOURCE_AUDIT_REQUIRED,MEDIUM,Event explicitly requires secondary verification.
NEW_DEV_2_CONSUMED,NEWDEV2_026,Bill Walton,NEWDEV2_026_E002,1979.0,SECOND_SOURCE_AUDIT_REQUIRED,MEDIUM,Event explicitly requires secondary verification.
NEW_DEV_2_CONSUMED,NEWDEV2_026,Bill Walton,NEWDEV2_026_E002,1979.0,CAREER_HEALTH_MECHANISM_REVIEW,MEDIUM,Career outcome is caused by Health/accident mechanism; candidate multi-label event.
NEW_DEV_2_CONSUMED,NEWDEV2_027,Billie Jean King,NEWDEV2_027_E002,1970.0,SECOND_SOURCE_AUDIT_REQUIRED,MEDIUM,Event explicitly requires secondary verification.
NEW_DEV_2_CONSUMED,NEWDEV2_027,Billie Jean King,NEWDEV2_027_E001,1973.0,SECOND_SOURCE_AUDIT_REQUIRED,MEDIUM,Event explicitly requires secondary verification.
NEW_DEV_2_CONSUMED,NEWDEV2_028,Billy Backus,NEWDEV2_028_E001,1970.0,SECOND_SOURCE_AUDIT_REQUIRED,MEDIUM,Event explicitly requires secondary verification.
NEW_DEV_2_CONSUMED,NEWDEV2_028,Billy Backus,NEWDEV2_028_E002,1971.0,SECOND_SOURCE_AUDIT_REQUIRED,MEDIUM,Event explicitly requires secondary verification.
NEW_DEV_2_CONSUMED,NEWDEV2_029,Billy Casper,NEWDEV2_029_E001,1966.0,SECOND_SOURCE_AUDIT_REQUIRED,MEDIUM,Event explicitly requires secondary verification.
NEW_DEV_2_CONSUMED,NEWDEV2_029,Billy Casper,NEWDEV2_029_E002,1969.0,SECOND_SOURCE_AUDIT_REQUIRED,MEDIUM,Event explicitly requires secondary verification.
NEW_DEV_2_CONSUMED,NEWDEV2_030,Billy Kidd,NEWDEV2_030_E001,1964.0,SECOND_SOURCE_AUDIT_REQUIRED,MEDIUM,Event explicitly requires secondary verification.
NEW_DEV_2_CONSUMED,NEWDEV2_030,Billy Kidd,NEWDEV2_030_E002,1968.0,SECOND_SOURCE_AUDIT_REQUIRED,MEDIUM,Event explicitly requires secondary verification.
NEW_DEV_2_CONSUMED,NEWDEV2_030,Billy Kidd,NEWDEV2_030_E002,1968.0,NON_HIGH_TARGET_ASSIGNMENT,MEDIUM,Career target assignment confidence is medium.
NEW_DEV_2_CONSUMED,NEWDEV2_031,Billy Martin,NEWDEV2_031_E001,1977.0,SECOND_SOURCE_AUDIT_REQUIRED,MEDIUM,Event explicitly requires secondary verification.
NEW_DEV_2_CONSUMED,NEWDEV2_031,Billy Martin,NEWDEV2_031_E002,1978.0,SECOND_SOURCE_AUDIT_REQUIRED,MEDIUM,Event explicitly requires secondary verification.
NEW_DEV_2_CONSUMED,NEWDEV2_032,Billy Joe Shaver,NEWDEV2_032_E001,1973.0,SECOND_SOURCE_AUDIT_REQUIRED,MEDIUM,Event explicitly requires secondary verification.
NEW_DEV_2_CONSUMED,NEWDEV2_032,Billy Joe Shaver,NEWDEV2_032_E002,1981.0,SECOND_SOURCE_AUDIT_REQUIRED,MEDIUM,Event explicitly requires secondary verification.
NEW_DEV_2_CONSUMED,NEWDEV2_032,Billy Joe Shaver,NEWDEV2_032_E002,1981.0,NON_HIGH_TARGET_ASSIGNMENT,MEDIUM,Career target assignment confidence is medium.
NEW_DEV_2_CONSUMED,NEWDEV2_033,Billy Mackenzie,NEWDEV2_033_E001,1982.0,SECOND_SOURCE_AUDIT_REQUIRED,MEDIUM,Event explicitly requires secondary verification.
NEW_DEV_2_CONSUMED,NEWDEV2_033,Billy Mackenzie,NEWDEV2_033_E002,1990.0,SECOND_SOURCE_AUDIT_REQUIRED,MEDIUM,Event explicitly requires secondary verification.
NEW_DEV_2_CONSUMED,NEWDEV2_033,Billy Mackenzie,NEWDEV2_033_E002,1990.0,NON_HIGH_TARGET_ASSIGNMENT,MEDIUM,Career target assignment confidence is medium.
NEW_DEV_2_CONSUMED,NEWDEV2_033,Billy Mackenzie,NEWDEV2_033_E002,1990.0,CAREER_TRANSITION_TAXONOMY_REVIEW,MEDIUM,Transition/end/resignation event should not be automatically assumed negative.
NEW_DEV_2_CONSUMED,NEWDEV2_034,Bill Shoemaker,NEWDEV2_034_E001,1955.0,SECOND_SOURCE_AUDIT_REQUIRED,MEDIUM,Event explicitly requires secondary verification.
NEW_DEV_2_CONSUMED,NEWDEV2_034,Bill Shoemaker,NEWDEV2_034_E002,1991.0,SECOND_SOURCE_AUDIT_REQUIRED,MEDIUM,Event explicitly requires secondary verification.
NEW_DEV_2_CONSUMED,NEWDEV2_034,Bill Shoemaker,NEWDEV2_034_E002,1991.0,CAREER_HEALTH_MECHANISM_REVIEW,MEDIUM,Career outcome is caused by Health/accident mechanism; candidate multi-label event.
NEW_DEV_2_CONSUMED,NEWDEV2_035,Bill Steinkraus,NEWDEV2_035_E001,1968.0,SECOND_SOURCE_AUDIT_REQUIRED,MEDIUM,Event explicitly requires secondary verification.
NEW_DEV_2_CONSUMED,NEWDEV2_035,Bill Steinkraus,NEWDEV2_035_E002,1972.0,SECOND_SOURCE_AUDIT_REQUIRED,MEDIUM,Event explicitly requires secondary verification.
NEW_DEV_2_CONSUMED,NEWDEV2_035,Bill Steinkraus,NEWDEV2_035_E002,1972.0,NON_HIGH_TARGET_ASSIGNMENT,MEDIUM,Career target assignment confidence is medium.
NEW_DEV_2_CONSUMED,NEWDEV2_036,Tom Brady,NEWDEV2_036_E001,2002.0,SECOND_SOURCE_AUDIT_REQUIRED,MEDIUM,Event explicitly requires secondary verification.
NEW_DEV_2_CONSUMED,NEWDEV2_036,Tom Brady,NEWDEV2_036_E002,2008.0,SECOND_SOURCE_AUDIT_REQUIRED,MEDIUM,Event explicitly requires secondary verification.
NEW_DEV_2_CONSUMED,NEWDEV2_036,Tom Brady,NEWDEV2_036_E002,2008.0,CAREER_HEALTH_MECHANISM_REVIEW,MEDIUM,Career outcome is caused by Health/accident mechanism; candidate multi-label event.
NEW_DEV_2_CONSUMED,NEWDEV2_037,Tom Coughlin,NEWDEV2_037_E001,2008.0,SECOND_SOURCE_AUDIT_REQUIRED,MEDIUM,Event explicitly requires secondary verification.
NEW_DEV_2_CONSUMED,NEWDEV2_037,Tom Coughlin,NEWDEV2_037_E002,2016.0,SECOND_SOURCE_AUDIT_REQUIRED,MEDIUM,Event explicitly requires secondary verification.
NEW_DEV_2_CONSUMED,NEWDEV2_037,Tom Coughlin,NEWDEV2_037_E002,2016.0,CAREER_TRANSITION_TAXONOMY_REVIEW,MEDIUM,Transition/end/resignation event should not be automatically assumed negative.
NEW_DEV_2_CONSUMED,NEWDEV2_038,Tom Courtney,NEWDEV2_038_E002,1955.0,SECOND_SOURCE_AUDIT_REQUIRED,MEDIUM,Event explicitly requires secondary verification.
NEW_DEV_2_CONSUMED,NEWDEV2_038,Tom Courtney,NEWDEV2_038_E002,1955.0,NON_HIGH_TARGET_ASSIGNMENT,MEDIUM,Career target assignment confidence is medium.
NEW_DEV_2_CONSUMED,NEWDEV2_038,Tom Courtney,NEWDEV2_038_E001,1956.0,SECOND_SOURCE_AUDIT_REQUIRED,MEDIUM,Event explicitly requires secondary verification.
NEW_DEV_2_CONSUMED,NEWDEV2_039,Tom Daschle,NEWDEV2_039_E001,1995.0,SECOND_SOURCE_AUDIT_REQUIRED,MEDIUM,Event explicitly requires secondary verification.
NEW_DEV_2_CONSUMED,NEWDEV2_039,Tom Daschle,NEWDEV2_039_E002,2004.0,SECOND_SOURCE_AUDIT_REQUIRED,MEDIUM,Event explicitly requires secondary verification.
NEW_DEV_2_CONSUMED,NEWDEV2_040,Tom DeLay,NEWDEV2_040_E001,2003.0,SECOND_SOURCE_AUDIT_REQUIRED,MEDIUM,Event explicitly requires secondary verification.
NEW_DEV_2_CONSUMED,NEWDEV2_040,Tom DeLay,NEWDEV2_040_E002,2006.0,SECOND_SOURCE_AUDIT_REQUIRED,MEDIUM,Event explicitly requires secondary verification.
NEW_DEV_2_CONSUMED,NEWDEV2_040,Tom DeLay,NEWDEV2_040_E002,2006.0,CAREER_TRANSITION_TAXONOMY_REVIEW,MEDIUM,Transition/end/resignation event should not be automatically assumed negative.
NEW_DEV_2_CONSUMED,NEWDEV2_041,Tom Foley,NEWDEV2_041_E001,1989.0,SECOND_SOURCE_AUDIT_REQUIRED,MEDIUM,Event explicitly requires secondary verification.
NEW_DEV_2_CONSUMED,NEWDEV2_041,Tom Foley,NEWDEV2_041_E002,1994.0,SECOND_SOURCE_AUDIT_REQUIRED,MEDIUM,Event explicitly requires secondary verification.
NEW_DEV_2_CONSUMED,NEWDEV2_042,Tom Glavine,NEWDEV2_042_E001,1995.0,SECOND_SOURCE_AUDIT_REQUIRED,MEDIUM,Event explicitly requires secondary verification.
NEW_DEV_2_CONSUMED,NEWDEV2_042,Tom Glavine,NEWDEV2_042_E002,2008.0,SECOND_SOURCE_AUDIT_REQUIRED,MEDIUM,Event explicitly requires secondary verification.
NEW_DEV_2_CONSUMED,NEWDEV2_042,Tom Glavine,NEWDEV2_042_E002,2008.0,CAREER_HEALTH_MECHANISM_REVIEW,MEDIUM,Career outcome is caused by Health/accident mechanism; candidate multi-label event.
NEW_DEV_2_CONSUMED,NEWDEV2_043,Tom Okker,NEWDEV2_043_E002,1968.0,SECOND_SOURCE_AUDIT_REQUIRED,MEDIUM,Event explicitly requires secondary verification.
NEW_DEV_2_CONSUMED,NEWDEV2_043,Tom Okker,NEWDEV2_043_E001,1973.0,SECOND_SOURCE_AUDIT_REQUIRED,MEDIUM,Event explicitly requires secondary verification.
NEW_DEV_2_CONSUMED,NEWDEV2_044,Tom Poti,NEWDEV2_044_E001,2000.0,SECOND_SOURCE_AUDIT_REQUIRED,MEDIUM,Event explicitly requires secondary verification.
NEW_DEV_2_CONSUMED,NEWDEV2_044,Tom Poti,NEWDEV2_044_E001,2000.0,NON_HIGH_TARGET_ASSIGNMENT,MEDIUM,Career target assignment confidence is medium.
NEW_DEV_2_CONSUMED,NEWDEV2_044,Tom Poti,NEWDEV2_044_E002,2012.0,SECOND_SOURCE_AUDIT_REQUIRED,MEDIUM,Event explicitly requires secondary verification.
NEW_DEV_2_CONSUMED,NEWDEV2_044,Tom Poti,NEWDEV2_044_E002,2012.0,CAREER_HEALTH_MECHANISM_REVIEW,MEDIUM,Career outcome is caused by Health/accident mechanism; candidate multi-label event.
NEW_DEV_2_CONSUMED,NEWDEV2_045,Tom Seaver,NEWDEV2_045_E001,1969.0,SECOND_SOURCE_AUDIT_REQUIRED,MEDIUM,Event explicitly requires secondary verification.
NEW_DEV_2_CONSUMED,NEWDEV2_045,Tom Seaver,NEWDEV2_045_E002,1987.0,SECOND_SOURCE_AUDIT_REQUIRED,MEDIUM,Event explicitly requires secondary verification.
NEW_DEV_2_CONSUMED,NEWDEV2_045,Tom Seaver,NEWDEV2_045_E002,1987.0,CAREER_HEALTH_MECHANISM_REVIEW,MEDIUM,Career outcome is caused by Health/accident mechanism; candidate multi-label event.
NEW_DEV_2_CONSUMED,NEWDEV2_046,Tom Selleck,NEWDEV2_046_E001,1984.0,SECOND_SOURCE_AUDIT_REQUIRED,MEDIUM,Event explicitly requires secondary verification.
NEW_DEV_2_CONSUMED,NEWDEV2_046,Tom Selleck,NEWDEV2_046_E002,1998.0,SECOND_SOURCE_AUDIT_REQUIRED,MEDIUM,Event explicitly requires secondary verification.
NEW_DEV_2_CONSUMED,NEWDEV2_047,Tom Brokaw,NEWDEV2_047_E001,1983.0,SECOND_SOURCE_AUDIT_REQUIRED,MEDIUM,Event explicitly requires secondary verification.
NEW_DEV_2_CONSUMED,NEWDEV2_047,Tom Brokaw,NEWDEV2_047_E002,2004.0,SECOND_SOURCE_AUDIT_REQUIRED,MEDIUM,Event explicitly requires secondary verification.
NEW_DEV_2_CONSUMED,NEWDEV2_047,Tom Brokaw,NEWDEV2_047_E002,2004.0,NON_HIGH_TARGET_ASSIGNMENT,MEDIUM,Career target assignment confidence is medium.
NEW_DEV_2_CONSUMED,NEWDEV2_047,Tom Brokaw,NEWDEV2_047_E002,2004.0,CAREER_TRANSITION_TAXONOMY_REVIEW,MEDIUM,Transition/end/resignation event should not be automatically assumed negative.
NEW_DEV_2_CONSUMED,NEWDEV2_048,Tom Bergeron,NEWDEV2_048_E001,2012.0,SECOND_SOURCE_AUDIT_REQUIRED,MEDIUM,Event explicitly requires secondary verification.
NEW_DEV_2_CONSUMED,NEWDEV2_048,Tom Bergeron,NEWDEV2_048_E002,2020.0,SECOND_SOURCE_AUDIT_REQUIRED,MEDIUM,Event explicitly requires secondary verification.
NEW_DEV_2_CONSUMED,NEWDEV2_049,Tom Harmon,NEWDEV2_049_E001,1940.0,SECOND_SOURCE_AUDIT_REQUIRED,MEDIUM,Event explicitly requires secondary verification.
NEW_DEV_2_CONSUMED,NEWDEV2_049,Tom Harmon,NEWDEV2_049_E002,1946.0,SECOND_SOURCE_AUDIT_REQUIRED,MEDIUM,Event explicitly requires secondary verification.
NEW_DEV_2_CONSUMED,NEWDEV2_049,Tom Harmon,NEWDEV2_049_E002,1946.0,NON_HIGH_TARGET_ASSIGNMENT,MEDIUM,Career target assignment confidence is medium.
NEW_DEV_2_CONSUMED,NEWDEV2_049,Tom Harmon,NEWDEV2_049_E002,1946.0,CAREER_TRANSITION_TAXONOMY_REVIEW,MEDIUM,Transition/end/resignation event should not be automatically assumed negative.
NEW_DEV_2_CONSUMED,NEWDEV2_050,A. J. Foyt,NEWDEV2_050_E001,1961.0,SECOND_SOURCE_AUDIT_REQUIRED,MEDIUM,Event explicitly requires secondary verification.
NEW_DEV_2_CONSUMED,NEWDEV2_050,A. J. Foyt,NEWDEV2_050_E002,1990.0,SECOND_SOURCE_AUDIT_REQUIRED,MEDIUM,Event explicitly requires secondary verification.
NEW_DEV_2_CONSUMED,NEWDEV2_050,A. J. Foyt,NEWDEV2_050_E002,1990.0,CAREER_HEALTH_MECHANISM_REVIEW,MEDIUM,Career outcome is caused by Health/accident mechanism; candidate multi-label event.
NEW_DEV_2_CONSUMED,NEWDEV2_051,Tom Scholz,NEWDEV2_051_E001,1976.0,SECOND_SOURCE_AUDIT_REQUIRED,MEDIUM,Event explicitly requires secondary verification.
NEW_DEV_2_CONSUMED,NEWDEV2_051,Tom Scholz,NEWDEV2_051_E002,1983.0,SECOND_SOURCE_AUDIT_REQUIRED,MEDIUM,Event explicitly requires secondary verification.
NEW_DEV_2_CONSUMED,NEWDEV2_052,Tony Blair,NEWDEV2_052_E001,1997.0,SECOND_SOURCE_AUDIT_REQUIRED,MEDIUM,Event explicitly requires secondary verification.
NEW_DEV_2_CONSUMED,NEWDEV2_052,Tony Blair,NEWDEV2_052_E002,2007.0,SECOND_SOURCE_AUDIT_REQUIRED,MEDIUM,Event explicitly requires secondary verification.
NEW_DEV_2_CONSUMED,NEWDEV2_052,Tony Blair,NEWDEV2_052_E002,2007.0,CAREER_TRANSITION_TAXONOMY_REVIEW,MEDIUM,Transition/end/resignation event should not be automatically assumed negative.
NEW_DEV_2_CONSUMED,NEWDEV2_053,Toni Kroos,NEWDEV2_053_E002,2012.0,SECOND_SOURCE_AUDIT_REQUIRED,MEDIUM,Event explicitly requires secondary verification.
NEW_DEV_2_CONSUMED,NEWDEV2_053,Toni Kroos,NEWDEV2_053_E001,2014.0,SECOND_SOURCE_AUDIT_REQUIRED,MEDIUM,Event explicitly requires secondary verification.
NEW_DEV_2_CONSUMED,NEWDEV2_054,Toni Morrison,NEWDEV2_054_E002,1970.0,SECOND_SOURCE_AUDIT_REQUIRED,MEDIUM,Event explicitly requires secondary verification.
NEW_DEV_2_CONSUMED,NEWDEV2_054,Toni Morrison,NEWDEV2_054_E002,1970.0,NON_HIGH_TARGET_ASSIGNMENT,MEDIUM,Career target assignment confidence is medium.
NEW_DEV_2_CONSUMED,NEWDEV2_054,Toni Morrison,NEWDEV2_054_E001,1993.0,SECOND_SOURCE_AUDIT_REQUIRED,MEDIUM,Event explicitly requires secondary verification.
NEW_DEV_2_CONSUMED,NEWDEV2_055,Tony Curtis,NEWDEV2_055_E001,1959.0,SECOND_SOURCE_AUDIT_REQUIRED,MEDIUM,Event explicitly requires secondary verification.
NEW_DEV_2_CONSUMED,NEWDEV2_055,Tony Curtis,NEWDEV2_055_E002,1965.0,SECOND_SOURCE_AUDIT_REQUIRED,MEDIUM,Event explicitly requires secondary verification.
NEW_DEV_2_CONSUMED,NEWDEV2_055,Tony Curtis,NEWDEV2_055_E002,1965.0,NON_HIGH_TARGET_ASSIGNMENT,MEDIUM,Career target assignment confidence is medium.
NEW_DEV_2_CONSUMED,NEWDEV2_056,Tony Estanguet,NEWDEV2_056_E001,2000.0,SECOND_SOURCE_AUDIT_REQUIRED,MEDIUM,Event explicitly requires secondary verification.
NEW_DEV_2_CONSUMED,NEWDEV2_056,Tony Estanguet,NEWDEV2_056_E002,2008.0,SECOND_SOURCE_AUDIT_REQUIRED,MEDIUM,Event explicitly requires secondary verification.
NEW_DEV_2_CONSUMED,NEWDEV2_057,Tony Gwynn,NEWDEV2_057_E001,1994.0,SECOND_SOURCE_AUDIT_REQUIRED,MEDIUM,Event explicitly requires secondary verification.
NEW_DEV_2_CONSUMED,NEWDEV2_057,Tony Gwynn,NEWDEV2_057_E002,2001.0,SECOND_SOURCE_AUDIT_REQUIRED,MEDIUM,Event explicitly requires secondary verification.
NEW_DEV_2_CONSUMED,NEWDEV2_057,Tony Gwynn,NEWDEV2_057_E002,2001.0,CAREER_HEALTH_MECHANISM_REVIEW,MEDIUM,Career outcome is caused by Health/accident mechanism; candidate multi-label event.
NEW_DEV_2_CONSUMED,NEWDEV2_058,Tony Hawk,NEWDEV2_058_E001,1999.0,SECOND_SOURCE_AUDIT_REQUIRED,MEDIUM,Event explicitly requires secondary verification.
NEW_DEV_2_CONSUMED,NEWDEV2_058,Tony Hawk,NEWDEV2_058_E002,2003.0,SECOND_SOURCE_AUDIT_REQUIRED,MEDIUM,Event explicitly requires secondary verification.
NEW_DEV_2_CONSUMED,NEWDEV2_058,Tony Hawk,NEWDEV2_058_E002,2003.0,NON_HIGH_TARGET_ASSIGNMENT,MEDIUM,Career target assignment confidence is medium.
NEW_DEV_2_CONSUMED,NEWDEV2_058,Tony Hawk,NEWDEV2_058_E002,2003.0,CAREER_TRANSITION_TAXONOMY_REVIEW,MEDIUM,Transition/end/resignation event should not be automatically assumed negative.
NEW_DEV_2_CONSUMED,NEWDEV2_059,Tony Kubek,NEWDEV2_059_E001,1957.0,SECOND_SOURCE_AUDIT_REQUIRED,MEDIUM,Event explicitly requires secondary verification.
NEW_DEV_2_CONSUMED,NEWDEV2_059,Tony Kubek,NEWDEV2_059_E002,1965.0,SECOND_SOURCE_AUDIT_REQUIRED,MEDIUM,Event explicitly requires secondary verification.
NEW_DEV_2_CONSUMED,NEWDEV2_059,Tony Kubek,NEWDEV2_059_E002,1965.0,CAREER_HEALTH_MECHANISM_REVIEW,MEDIUM,Career outcome is caused by Health/accident mechanism; candidate multi-label event.
NEW_DEV_2_CONSUMED,NEWDEV2_060,Tony Parker,NEWDEV2_060_E001,2007.0,SECOND_SOURCE_AUDIT_REQUIRED,MEDIUM,Event explicitly requires secondary verification.
NEW_DEV_2_CONSUMED,NEWDEV2_060,Tony Parker,NEWDEV2_060_E002,2017.0,SECOND_SOURCE_AUDIT_REQUIRED,MEDIUM,Event explicitly requires secondary verification.
NEW_DEV_2_CONSUMED,NEWDEV2_060,Tony Parker,NEWDEV2_060_E002,2017.0,CAREER_HEALTH_MECHANISM_REVIEW,MEDIUM,Career outcome is caused by Health/accident mechanism; candidate multi-label event.
NEW_DEV_2_CONSUMED,NEWDEV2_061,Tony Levin,NEWDEV2_061_E001,1981.0,SECOND_SOURCE_AUDIT_REQUIRED,MEDIUM,Event explicitly requires secondary verification.
NEW_DEV_2_CONSUMED,NEWDEV2_061,Tony Levin,NEWDEV2_061_E001,1981.0,NON_HIGH_TARGET_ASSIGNMENT,MEDIUM,Career target assignment confidence is medium.
NEW_DEV_2_CONSUMED,NEWDEV2_061,Tony Levin,NEWDEV2_061_E002,1997.0,SECOND_SOURCE_AUDIT_REQUIRED,MEDIUM,Event explicitly requires secondary verification.
NEW_DEV_2_CONSUMED,NEWDEV2_061,Tony Levin,NEWDEV2_061_E002,1997.0,NON_HIGH_TARGET_ASSIGNMENT,MEDIUM,Career target assignment confidence is medium.
NEW_DEV_2_CONSUMED,NEWDEV2_061,Tony Levin,NEWDEV2_061_E002,1997.0,CAREER_TRANSITION_TAXONOMY_REVIEW,MEDIUM,Transition/end/resignation event should not be automatically assumed negative.
NEW_DEV_2_CONSUMED,NEWDEV2_062,Tony Mendez,NEWDEV2_062_E001,1980.0,SECOND_SOURCE_AUDIT_REQUIRED,MEDIUM,Event explicitly requires secondary verification.
NEW_DEV_2_CONSUMED,NEWDEV2_062,Tony Mendez,NEWDEV2_062_E002,1990.0,SECOND_SOURCE_AUDIT_REQUIRED,MEDIUM,Event explicitly requires secondary verification.
NEW_DEV_2_CONSUMED,NEWDEV2_062,Tony Mendez,NEWDEV2_062_E002,1990.0,NON_HIGH_TARGET_ASSIGNMENT,MEDIUM,Career target assignment confidence is medium.
NEW_DEV_2_CONSUMED,NEWDEV2_062,Tony Mendez,NEWDEV2_062_E002,1990.0,CAREER_TRANSITION_TAXONOMY_REVIEW,MEDIUM,Transition/end/resignation event should not be automatically assumed negative.
NEW_DEV_2_CONSUMED,NEWDEV2_063,Tony Conigliaro,NEWDEV2_063_E001,1965.0,SECOND_SOURCE_AUDIT_REQUIRED,MEDIUM,Event explicitly requires secondary verification.
NEW_DEV_2_CONSUMED,NEWDEV2_063,Tony Conigliaro,NEWDEV2_063_E002,1967.0,SECOND_SOURCE_AUDIT_REQUIRED,MEDIUM,Event explicitly requires secondary verification.
NEW_DEV_2_CONSUMED,NEWDEV2_063,Tony Conigliaro,NEWDEV2_063_E002,1967.0,CAREER_HEALTH_MECHANISM_REVIEW,MEDIUM,Career outcome is caused by Health/accident mechanism; candidate multi-label event.
NEW_DEV_2_CONSUMED,NEWDEV2_064,Tony Bettenhausen,NEWDEV2_064_E001,1951.0,SECOND_SOURCE_AUDIT_REQUIRED,MEDIUM,Event explicitly requires secondary verification.
NEW_DEV_2_CONSUMED,NEWDEV2_064,Tony Bettenhausen,NEWDEV2_064_E002,1961.0,SECOND_SOURCE_AUDIT_REQUIRED,MEDIUM,Event explicitly requires secondary verification.
NEW_DEV_2_CONSUMED,NEWDEV2_064,Tony Bettenhausen,NEWDEV2_064_E002,1961.0,CAREER_HEALTH_MECHANISM_REVIEW,MEDIUM,Career outcome is caused by Health/accident mechanism; candidate multi-label event.
NEW_DEV_2_CONSUMED,NEWDEV2_065,George Foreman,NEWDEV2_065_E001,1973.0,SECOND_SOURCE_AUDIT_REQUIRED,MEDIUM,Event explicitly requires secondary verification.
NEW_DEV_2_CONSUMED,NEWDEV2_065,George Foreman,NEWDEV2_065_E002,1974.0,SECOND_SOURCE_AUDIT_REQUIRED,MEDIUM,Event explicitly requires secondary verification.
NEW_DEV_2_CONSUMED,NEWDEV2_066,George Galloway,NEWDEV2_066_E001,2005.0,SECOND_SOURCE_AUDIT_REQUIRED,MEDIUM,Event explicitly requires secondary verification.
NEW_DEV_2_CONSUMED,NEWDEV2_066,George Galloway,NEWDEV2_066_E002,2010.0,SECOND_SOURCE_AUDIT_REQUIRED,MEDIUM,Event explicitly requires secondary verification.
NEW_DEV_2_CONSUMED,NEWDEV2_067,Gerald Ford,NEWDEV2_067_E001,1974.0,SECOND_SOURCE_AUDIT_REQUIRED,MEDIUM,Event explicitly requires secondary verification.
NEW_DEV_2_CONSUMED,NEWDEV2_067,Gerald Ford,NEWDEV2_067_E002,1976.0,SECOND_SOURCE_AUDIT_REQUIRED,MEDIUM,Event explicitly requires secondary verification.
NEW_DEV_2_CONSUMED,NEWDEV2_068,Gerard Butler,NEWDEV2_068_E001,2007.0,SECOND_SOURCE_AUDIT_REQUIRED,MEDIUM,Event explicitly requires secondary verification.
NEW_DEV_2_CONSUMED,NEWDEV2_068,Gerard Butler,NEWDEV2_068_E002,2017.0,SECOND_SOURCE_AUDIT_REQUIRED,MEDIUM,Event explicitly requires secondary verification.
NEW_DEV_2_CONSUMED,NEWDEV2_068,Gerard Butler,NEWDEV2_068_E002,2017.0,NON_HIGH_TARGET_ASSIGNMENT,MEDIUM,Career target assignment confidence is medium.
NEW_DEV_2_CONSUMED,NEWDEV2_069,Geraldine Chaplin,NEWDEV2_069_E001,1965.0,SECOND_SOURCE_AUDIT_REQUIRED,MEDIUM,Event explicitly requires secondary verification.
NEW_DEV_2_CONSUMED,NEWDEV2_069,Geraldine Chaplin,NEWDEV2_069_E002,2005.0,SECOND_SOURCE_AUDIT_REQUIRED,MEDIUM,Event explicitly requires secondary verification.
NEW_DEV_2_CONSUMED,NEWDEV2_069,Geraldine Chaplin,NEWDEV2_069_E002,2005.0,NON_HIGH_TARGET_ASSIGNMENT,MEDIUM,Career target assignment confidence is medium.
NEW_DEV_2_CONSUMED,NEWDEV2_070,Carol Burnett,NEWDEV2_070_E001,1967.0,SECOND_SOURCE_AUDIT_REQUIRED,MEDIUM,Event explicitly requires secondary verification.
NEW_DEV_2_CONSUMED,NEWDEV2_070,Carol Burnett,NEWDEV2_070_E002,1991.0,SECOND_SOURCE_AUDIT_REQUIRED,MEDIUM,Event explicitly requires secondary verification.
NEW_DEV_2_CONSUMED,NEWDEV2_071,Carol Channing,NEWDEV2_071_E001,1964.0,SECOND_SOURCE_AUDIT_REQUIRED,MEDIUM,Event explicitly requires secondary verification.
NEW_DEV_2_CONSUMED,NEWDEV2_071,Carol Channing,NEWDEV2_071_E002,1981.0,SECOND_SOURCE_AUDIT_REQUIRED,MEDIUM,Event explicitly requires secondary verification.
NEW_DEV_2_CONSUMED,NEWDEV2_071,Carol Channing,NEWDEV2_071_E002,1981.0,NON_HIGH_TARGET_ASSIGNMENT,MEDIUM,Career target assignment confidence is medium.
NEW_DEV_2_CONSUMED,NEWDEV2_072,Carol Kane,NEWDEV2_072_E001,1975.0,SECOND_SOURCE_AUDIT_REQUIRED,MEDIUM,Event explicitly requires secondary verification.
NEW_DEV_2_CONSUMED,NEWDEV2_072,Carol Kane,NEWDEV2_072_E002,1983.0,SECOND_SOURCE_AUDIT_REQUIRED,MEDIUM,Event explicitly requires secondary verification.
NEW_DEV_2_CONSUMED,NEWDEV2_072,Carol Kane,NEWDEV2_072_E002,1983.0,NON_HIGH_TARGET_ASSIGNMENT,MEDIUM,Career target assignment confidence is medium.
NEW_DEV_2_CONSUMED,NEWDEV2_073,Carmen Miranda,NEWDEV2_073_E001,1940.0,SECOND_SOURCE_AUDIT_REQUIRED,MEDIUM,Event explicitly requires secondary verification.
NEW_DEV_2_CONSUMED,NEWDEV2_073,Carmen Miranda,NEWDEV2_073_E002,1946.0,SECOND_SOURCE_AUDIT_REQUIRED,MEDIUM,Event explicitly requires secondary verification.
NEW_DEV_2_CONSUMED,NEWDEV2_073,Carmen Miranda,NEWDEV2_073_E002,1946.0,NON_HIGH_TARGET_ASSIGNMENT,MEDIUM,Career target assignment confidence is medium.
NEW_DEV_2_CONSUMED,NEWDEV2_073,Carmen Miranda,NEWDEV2_073_E002,1946.0,CAREER_TRANSITION_TAXONOMY_REVIEW,MEDIUM,Transition/end/resignation event should not be automatically assumed negative.
NEW_DEV_2_CONSUMED,NEWDEV2_074,Carmen Electra,NEWDEV2_074_E001,1997.0,SECOND_SOURCE_AUDIT_REQUIRED,MEDIUM,Event explicitly requires secondary verification.
NEW_DEV_2_CONSUMED,NEWDEV2_074,Carmen Electra,NEWDEV2_074_E002,2005.0,SECOND_SOURCE_AUDIT_REQUIRED,MEDIUM,Event explicitly requires secondary verification.
NEW_DEV_2_CONSUMED,NEWDEV2_075,Carmen Basilio,NEWDEV2_075_E001,1957.0,SECOND_SOURCE_AUDIT_REQUIRED,MEDIUM,Event explicitly requires secondary verification.
NEW_DEV_2_CONSUMED,NEWDEV2_075,Carmen Basilio,NEWDEV2_075_E002,1958.0,SECOND_SOURCE_AUDIT_REQUIRED,MEDIUM,Event explicitly requires secondary verification.
NEW_DEV_2_CONSUMED,NEWDEV2_076,Dennis Weaver,NEWDEV2_076_E001,1970.0,SECOND_SOURCE_AUDIT_REQUIRED,MEDIUM,Event explicitly requires secondary verification.
NEW_DEV_2_CONSUMED,NEWDEV2_076,Dennis Weaver,NEWDEV2_076_E002,1977.0,SECOND_SOURCE_AUDIT_REQUIRED,MEDIUM,Event explicitly requires secondary verification.
NEW_DEV_2_CONSUMED,NEWDEV2_076,Dennis Weaver,NEWDEV2_076_E002,1977.0,NON_HIGH_TARGET_ASSIGNMENT,MEDIUM,Career target assignment confidence is medium.
NEW_DEV_2_CONSUMED,NEWDEV2_076,Dennis Weaver,NEWDEV2_076_E002,1977.0,CAREER_TRANSITION_TAXONOMY_REVIEW,MEDIUM,Transition/end/resignation event should not be automatically assumed negative.
NEW_DEV_2_CONSUMED,NEWDEV2_077,Dennis Wilson,NEWDEV2_077_E001,1977.0,SECOND_SOURCE_AUDIT_REQUIRED,MEDIUM,Event explicitly requires secondary verification.
NEW_DEV_2_CONSUMED,NEWDEV2_077,Dennis Wilson,NEWDEV2_077_E002,1980.0,SECOND_SOURCE_AUDIT_REQUIRED,MEDIUM,Event explicitly requires secondary verification.
NEW_DEV_2_CONSUMED,NEWDEV2_077,Dennis Wilson,NEWDEV2_077_E002,1980.0,NON_HIGH_TARGET_ASSIGNMENT,MEDIUM,Career target assignment confidence is medium.
NEW_DEV_2_CONSUMED,NEWDEV2_078,Dennis Ralston,NEWDEV2_078_E001,1963.0,SECOND_SOURCE_AUDIT_REQUIRED,MEDIUM,Event explicitly requires secondary verification.
NEW_DEV_2_CONSUMED,NEWDEV2_078,Dennis Ralston,NEWDEV2_078_E002,1966.0,SECOND_SOURCE_AUDIT_REQUIRED,MEDIUM,Event explicitly requires secondary verification.
NEW_DEV_2_CONSUMED,NEWDEV2_079,Jimmy Johnson,NEWDEV2_079_E002,1994.0,CAREER_TRANSITION_TAXONOMY_REVIEW,MEDIUM,Transition/end/resignation event should not be automatically assumed negative.
NEW_DEV_2_CONSUMED,NEWDEV2_080,Eliza Dushku,NEWDEV2_080_E001,2000.0,SECOND_SOURCE_AUDIT_REQUIRED,MEDIUM,Event explicitly requires secondary verification.
NEW_DEV_2_CONSUMED,NEWDEV2_080,Eliza Dushku,NEWDEV2_080_E002,2010.0,SECOND_SOURCE_AUDIT_REQUIRED,MEDIUM,Event explicitly requires secondary verification.
NEW_DEV_2_CONSUMED,NEWDEV2_081,Elizabeth Banks,NEWDEV2_081_E001,2012.0,SECOND_SOURCE_AUDIT_REQUIRED,MEDIUM,Event explicitly requires secondary verification.
NEW_DEV_2_CONSUMED,NEWDEV2_081,Elizabeth Banks,NEWDEV2_081_E002,2019.0,SECOND_SOURCE_AUDIT_REQUIRED,MEDIUM,Event explicitly requires secondary verification.
NEW_DEV_2_CONSUMED,NEWDEV2_082,Elizabeth Dole,NEWDEV2_082_E001,2002.0,SECOND_SOURCE_AUDIT_REQUIRED,MEDIUM,Event explicitly requires secondary verification.
NEW_DEV_2_CONSUMED,NEWDEV2_082,Elizabeth Dole,NEWDEV2_082_E002,2008.0,SECOND_SOURCE_AUDIT_REQUIRED,MEDIUM,Event explicitly requires secondary verification.
NEW_DEV_2_CONSUMED,NEWDEV2_083,Elizabeth Montgomery,NEWDEV2_083_E001,1964.0,SECOND_SOURCE_AUDIT_REQUIRED,MEDIUM,Event explicitly requires secondary verification.
NEW_DEV_2_CONSUMED,NEWDEV2_083,Elizabeth Montgomery,NEWDEV2_083_E002,1972.0,SECOND_SOURCE_AUDIT_REQUIRED,MEDIUM,Event explicitly requires secondary verification.
NEW_DEV_2_CONSUMED,NEWDEV2_083,Elizabeth Montgomery,NEWDEV2_083_E002,1972.0,NON_HIGH_TARGET_ASSIGNMENT,MEDIUM,Career target assignment confidence is medium.
NEW_DEV_2_CONSUMED,NEWDEV2_083,Elizabeth Montgomery,NEWDEV2_083_E002,1972.0,CAREER_TRANSITION_TAXONOMY_REVIEW,MEDIUM,Transition/end/resignation event should not be automatically assumed negative.
NEW_DEV_2_CONSUMED,NEWDEV2_084,Elizabeth Olsen,NEWDEV2_084_E001,2011.0,SECOND_SOURCE_AUDIT_REQUIRED,MEDIUM,Event explicitly requires secondary verification.
NEW_DEV_2_CONSUMED,NEWDEV2_084,Elizabeth Olsen,NEWDEV2_084_E002,2013.0,SECOND_SOURCE_AUDIT_REQUIRED,MEDIUM,Event explicitly requires secondary verification.
NEW_DEV_2_CONSUMED,NEWDEV2_084,Elizabeth Olsen,NEWDEV2_084_E002,2013.0,NON_HIGH_TARGET_ASSIGNMENT,MEDIUM,Career target assignment confidence is medium.
NEW_DEV_2_CONSUMED,NEWDEV2_085,Judd Hirsch,NEWDEV2_085_E001,1981.0,SECOND_SOURCE_AUDIT_REQUIRED,MEDIUM,Event explicitly requires secondary verification.
NEW_DEV_2_CONSUMED,NEWDEV2_085,Judd Hirsch,NEWDEV2_085_E002,1998.0,SECOND_SOURCE_AUDIT_REQUIRED,MEDIUM,Event explicitly requires secondary verification.
NEW_DEV_2_CONSUMED,NEWDEV2_086,Jack Bruce,NEWDEV2_086_E001,1966.0,SECOND_SOURCE_AUDIT_REQUIRED,MEDIUM,Event explicitly requires secondary verification.
NEW_DEV_2_CONSUMED,NEWDEV2_086,Jack Bruce,NEWDEV2_086_E002,1968.0,SECOND_SOURCE_AUDIT_REQUIRED,MEDIUM,Event explicitly requires secondary verification.
NEW_DEV_2_CONSUMED,NEWDEV2_086,Jack Bruce,NEWDEV2_086_E002,1968.0,CAREER_TRANSITION_TAXONOMY_REVIEW,MEDIUM,Transition/end/resignation event should not be automatically assumed negative.
NEW_DEV_2_CONSUMED,NEWDEV2_087,Robert Carlyle,NEWDEV2_087_E001,1997.0,SECOND_SOURCE_AUDIT_REQUIRED,MEDIUM,Event explicitly requires secondary verification.
NEW_DEV_2_CONSUMED,NEWDEV2_087,Robert Carlyle,NEWDEV2_087_E002,2011.0,SECOND_SOURCE_AUDIT_REQUIRED,MEDIUM,Event explicitly requires secondary verification.
NEW_DEV_2_CONSUMED,NEWDEV2_088,Robert Carradine,NEWDEV2_088_E001,1984.0,SECOND_SOURCE_AUDIT_REQUIRED,MEDIUM,Event explicitly requires secondary verification.
NEW_DEV_2_CONSUMED,NEWDEV2_088,Robert Carradine,NEWDEV2_088_E002,1989.0,SECOND_SOURCE_AUDIT_REQUIRED,MEDIUM,Event explicitly requires secondary verification.
NEW_DEV_2_CONSUMED,NEWDEV2_088,Robert Carradine,NEWDEV2_088_E002,1989.0,NON_HIGH_TARGET_ASSIGNMENT,MEDIUM,Career target assignment confidence is medium.
NEW_DEV_2_CONSUMED,NEWDEV2_089,Robert Byrd,NEWDEV2_089_E001,1987.0,SECOND_SOURCE_AUDIT_REQUIRED,MEDIUM,Event explicitly requires secondary verification.
NEW_DEV_2_CONSUMED,NEWDEV2_089,Robert Byrd,NEWDEV2_089_E002,1988.0,SECOND_SOURCE_AUDIT_REQUIRED,MEDIUM,Event explicitly requires secondary verification.
NEW_DEV_2_CONSUMED,NEWDEV2_090,Tony Trabert,NEWDEV2_090_E001,1955.0,SECOND_SOURCE_AUDIT_REQUIRED,MEDIUM,Event explicitly requires secondary verification.
NEW_DEV_2_CONSUMED,NEWDEV2_090,Tony Trabert,NEWDEV2_090_E002,1956.0,SECOND_SOURCE_AUDIT_REQUIRED,MEDIUM,Event explicitly requires secondary verification.
NEW_DEV_2_CONSUMED,NEWDEV2_091,Michael Landon,NEWDEV2_091_E001,1974.0,SECOND_SOURCE_AUDIT_REQUIRED,MEDIUM,Event explicitly requires secondary verification.
NEW_DEV_2_CONSUMED,NEWDEV2_091,Michael Landon,NEWDEV2_091_E002,1989.0,SECOND_SOURCE_AUDIT_REQUIRED,MEDIUM,Event explicitly requires secondary verification.
NEW_DEV_2_CONSUMED,NEWDEV2_092,Michael Llodra,NEWDEV2_092_E001,2004.0,SECOND_SOURCE_AUDIT_REQUIRED,MEDIUM,Event explicitly requires secondary verification.
NEW_DEV_2_CONSUMED,NEWDEV2_092,Michael Llodra,NEWDEV2_092_E002,2014.0,SECOND_SOURCE_AUDIT_REQUIRED,MEDIUM,Event explicitly requires secondary verification.
NEW_DEV_2_CONSUMED,NEWDEV2_092,Michael Llodra,NEWDEV2_092_E002,2014.0,NON_HIGH_TARGET_ASSIGNMENT,MEDIUM,Career target assignment confidence is medium.
NEW_DEV_2_CONSUMED,NEWDEV2_092,Michael Llodra,NEWDEV2_092_E002,2014.0,CAREER_HEALTH_MECHANISM_REVIEW,MEDIUM,Career outcome is caused by Health/accident mechanism; candidate multi-label event.
NEW_DEV_2_CONSUMED,NEWDEV2_093,Aaron Pryor,NEWDEV2_093_E001,1982.0,SECOND_SOURCE_AUDIT_REQUIRED,MEDIUM,Event explicitly requires secondary verification.
NEW_DEV_2_CONSUMED,NEWDEV2_093,Aaron Pryor,NEWDEV2_093_E002,1987.0,SECOND_SOURCE_AUDIT_REQUIRED,MEDIUM,Event explicitly requires secondary verification.
NEW_DEV_2_CONSUMED,NEWDEV2_094,John Slattery,NEWDEV2_094_E001,2007.0,SECOND_SOURCE_AUDIT_REQUIRED,MEDIUM,Event explicitly requires secondary verification.
NEW_DEV_2_CONSUMED,NEWDEV2_094,John Slattery,NEWDEV2_094_E002,2014.0,SECOND_SOURCE_AUDIT_REQUIRED,MEDIUM,Event explicitly requires secondary verification.
NEW_DEV_2_CONSUMED,NEWDEV2_094,John Slattery,NEWDEV2_094_E002,2014.0,NON_HIGH_TARGET_ASSIGNMENT,MEDIUM,Career target assignment confidence is medium.
NEW_DEV_2_CONSUMED,NEWDEV2_095,John Updike,NEWDEV2_095_E001,1982.0,SECOND_SOURCE_AUDIT_REQUIRED,MEDIUM,Event explicitly requires secondary verification.
NEW_DEV_2_CONSUMED,NEWDEV2_095,John Updike,NEWDEV2_095_E002,1997.0,SECOND_SOURCE_AUDIT_REQUIRED,MEDIUM,Event explicitly requires secondary verification.
NEW_DEV_2_CONSUMED,NEWDEV2_095,John Updike,NEWDEV2_095_E002,1997.0,NON_HIGH_TARGET_ASSIGNMENT,MEDIUM,Career target assignment confidence is medium.
NEW_DEV_2_CONSUMED,NEWDEV2_096,John Thomas,NEWDEV2_096_E001,1961.0,SECOND_SOURCE_AUDIT_REQUIRED,MEDIUM,Event explicitly requires secondary verification.
NEW_DEV_2_CONSUMED,NEWDEV2_096,John Thomas,NEWDEV2_096_E002,1964.0,SECOND_SOURCE_AUDIT_REQUIRED,MEDIUM,Event explicitly requires secondary verification.
NEW_DEV_2_CONSUMED,NEWDEV2_097,Patrick Sercu,NEWDEV2_097_E001,1964.0,SECOND_SOURCE_AUDIT_REQUIRED,MEDIUM,Event explicitly requires secondary verification.
NEW_DEV_2_CONSUMED,NEWDEV2_097,Patrick Sercu,NEWDEV2_097_E002,1968.0,SECOND_SOURCE_AUDIT_REQUIRED,MEDIUM,Event explicitly requires secondary verification.
NEW_DEV_2_CONSUMED,NEWDEV2_098,Grégory Coupet,NEWDEV2_098_E001,2005.0,SECOND_SOURCE_AUDIT_REQUIRED,MEDIUM,Event explicitly requires secondary verification.
NEW_DEV_2_CONSUMED,NEWDEV2_098,Grégory Coupet,NEWDEV2_098_E002,2007.0,SECOND_SOURCE_AUDIT_REQUIRED,MEDIUM,Event explicitly requires secondary verification.
NEW_DEV_2_CONSUMED,NEWDEV2_098,Grégory Coupet,NEWDEV2_098_E002,2007.0,CAREER_HEALTH_MECHANISM_REVIEW,MEDIUM,Career outcome is caused by Health/accident mechanism; candidate multi-label event.
NEW_DEV_2_CONSUMED,NEWDEV2_099,Grégory Baugé,NEWDEV2_099_E001,2009.0,SECOND_SOURCE_AUDIT_REQUIRED,MEDIUM,Event explicitly requires secondary verification.
NEW_DEV_2_CONSUMED,NEWDEV2_099,Grégory Baugé,NEWDEV2_099_E002,2012.0,SECOND_SOURCE_AUDIT_REQUIRED,MEDIUM,Event explicitly requires secondary verification.
NEW_DEV_2_CONSUMED,NEWDEV2_100,Tony Shalhoub,NEWDEV2_100_E002,2000.0,SECOND_SOURCE_AUDIT_REQUIRED,MEDIUM,Event explicitly requires secondary verification.
NEW_DEV_2_CONSUMED,NEWDEV2_100,Tony Shalhoub,NEWDEV2_100_E001,2003.0,SECOND_SOURCE_AUDIT_REQUIRED,MEDIUM,Event explicitly requires secondary verification.
V1,MLV1_FA_001,Arnold Schwarzenegger,MLV1_FA_001_E0587,1972.0,DEATH_EVENT_OWNER_UNVERIFIED,MEDIUM,"Death-like event exists, but the current schema does not prove that the deceased person is the subject. Manual/entity-ID review required."
V1,MLV1_FA_004,"Diana, Princess of Wales",MLV1_FA_004_E0600,1997.0,DEATH_EVENT_OWNER_UNVERIFIED,MEDIUM,"Death-like event exists, but the current schema does not prove that the deceased person is the subject. Manual/entity-ID review required."
V1,MLV1_FA_007,Marilyn Monroe,MLV1_FA_007_E0612,1962.0,DEATH_EVENT_OWNER_UNVERIFIED,MEDIUM,"Death-like event exists, but the current schema does not prove that the deceased person is the subject. Manual/entity-ID review required."
V1,MLV1_FA_009,Meryl Streep,MLV1_FA_009_E0619,2001.0,DEATH_EVENT_OWNER_UNVERIFIED,MEDIUM,"Death-like event exists, but the current schema does not prove that the deceased person is the subject. Manual/entity-ID review required."
V1,MLV1_FA_009,Meryl Streep,MLV1_FA_009_E0620,2003.0,DEATH_EVENT_OWNER_UNVERIFIED,MEDIUM,"Death-like event exists, but the current schema does not prove that the deceased person is the subject. Manual/entity-ID review required."
V1,MLV1_FA_010,Michael Jordan,MLV1_FA_010_E0624,2002.0,CAREER_HEALTH_MECHANISM_REVIEW,MEDIUM,Career outcome is caused by Health/accident mechanism; candidate multi-label event.
V1,MLV1_FA_012,Roger Federer,MLV1_FA_012_E0631,2016.0,CAREER_HEALTH_MECHANISM_REVIEW,MEDIUM,Career outcome is caused by Health/accident mechanism; candidate multi-label event.
V1,MLV1_FA_012,Roger Federer,MLV1_FA_012_E0632,2020.0,CAREER_HEALTH_MECHANISM_REVIEW,MEDIUM,Career outcome is caused by Health/accident mechanism; candidate multi-label event.
V1,MLV1_FA_014,Whitney Houston,MLV1_FA_014_E0640,2012.0,DEATH_EVENT_OWNER_UNVERIFIED,MEDIUM,"Death-like event exists, but the current schema does not prove that the deceased person is the subject. Manual/entity-ID review required."
V1,MLV1_OLD_001,Donald Trump,MLV1_OLD_001_E0003,1987.0,NON_HIGH_TARGET_ASSIGNMENT,MEDIUM,Career target assignment confidence is medium.
V1,MLV1_OLD_001,Donald Trump,MLV1_OLD_001_E0006,2016.0,NON_HIGH_TARGET_ASSIGNMENT,MEDIUM,Career target assignment confidence is medium.
V1,MLV1_OLD_001,Donald Trump,MLV1_OLD_001_E0007,2017.0,NON_HIGH_TARGET_ASSIGNMENT,MEDIUM,Career target assignment confidence is medium.
V1,MLV1_OLD_001,Donald Trump,MLV1_OLD_001_E0013,2019.0,NON_HIGH_TARGET_ASSIGNMENT,MEDIUM,Career target assignment confidence is medium.
V1,MLV1_OLD_001,Donald Trump,MLV1_OLD_001_E0015,2021.0,NON_HIGH_TARGET_ASSIGNMENT,MEDIUM,Career target assignment confidence is medium.
V1,MLV1_OLD_001,Donald Trump,MLV1_OLD_001_E0008,2024.0,NON_HIGH_TARGET_ASSIGNMENT,MEDIUM,Career target assignment confidence is medium.
V1,MLV1_OLD_001,Donald Trump,MLV1_OLD_001_E0009,2025.0,NON_HIGH_TARGET_ASSIGNMENT,MEDIUM,Career target assignment confidence is medium.
V1,MLV1_OLD_002,Barack Obama,MLV1_OLD_002_E0020,1996.0,NON_HIGH_TARGET_ASSIGNMENT,MEDIUM,Career target assignment confidence is medium.
V1,MLV1_OLD_002,Barack Obama,MLV1_OLD_002_E0028,2000.0,NON_HIGH_TARGET_ASSIGNMENT,MEDIUM,Career target assignment confidence is medium.
V1,MLV1_OLD_002,Barack Obama,MLV1_OLD_002_E0023,2004.0,NON_HIGH_TARGET_ASSIGNMENT,MEDIUM,Career target assignment confidence is medium.
V1,MLV1_OLD_002,Barack Obama,MLV1_OLD_002_E0024,2008.0,NON_HIGH_TARGET_ASSIGNMENT,MEDIUM,Career target assignment confidence is medium.
V1,MLV1_OLD_002,Barack Obama,MLV1_OLD_002_E0025,2009.0,NON_HIGH_TARGET_ASSIGNMENT,MEDIUM,Career target assignment confidence is medium.
V1,MLV1_OLD_002,Barack Obama,MLV1_OLD_002_E0029,2010.0,NON_HIGH_TARGET_ASSIGNMENT,MEDIUM,Career target assignment confidence is medium.
V1,MLV1_OLD_002,Barack Obama,MLV1_OLD_002_E0027,2012.0,NON_HIGH_TARGET_ASSIGNMENT,MEDIUM,Career target assignment confidence is medium.
V1,MLV1_OLD_002,Barack Obama,MLV1_OLD_002_E0031,2014.0,NON_HIGH_TARGET_ASSIGNMENT,MEDIUM,Career target assignment confidence is medium.
V1,MLV1_OLD_003,Michael Jackson,MLV1_OLD_003_E0033,1982.0,NON_HIGH_TARGET_ASSIGNMENT,MEDIUM,Career target assignment confidence is medium.
V1,MLV1_OLD_003,Michael Jackson,MLV1_OLD_003_E0035,1984.0,NON_HIGH_TARGET_ASSIGNMENT,MEDIUM,Career target assignment confidence is medium.
V1,MLV1_OLD_003,Michael Jackson,MLV1_OLD_003_E0036,1987.0,NON_HIGH_TARGET_ASSIGNMENT,MEDIUM,Career target assignment confidence is medium.
V1,MLV1_OLD_003,Michael Jackson,MLV1_OLD_003_E0037,1991.0,NON_HIGH_TARGET_ASSIGNMENT,MEDIUM,Career target assignment confidence is medium.
V1,MLV1_OLD_003,Michael Jackson,MLV1_OLD_003_E0039,1995.0,NON_HIGH_TARGET_ASSIGNMENT,MEDIUM,Career target assignment confidence is medium.
V1,MLV1_OLD_003,Michael Jackson,MLV1_OLD_003_E0048,2009.0,DEATH_EVENT_OWNER_UNVERIFIED,MEDIUM,"Death-like event exists, but the current schema does not prove that the deceased person is the subject. Manual/entity-ID review required."
V1,MLV1_OLD_004,Justin Bieber,MLV1_OLD_004_E0049,2009.0,NON_HIGH_TARGET_ASSIGNMENT,MEDIUM,Career target assignment confidence is medium.
V1,MLV1_OLD_004,Justin Bieber,MLV1_OLD_004_E0051,2015.0,NON_HIGH_TARGET_ASSIGNMENT,MEDIUM,Career target assignment confidence is medium.
V1,MLV1_OLD_004,Justin Bieber,MLV1_OLD_004_E0054,2021.0,NON_HIGH_TARGET_ASSIGNMENT,MEDIUM,Career target assignment confidence is medium.
V1,MLV1_OLD_004,Justin Bieber,MLV1_OLD_004_E0059,2022.0,NON_HIGH_TARGET_ASSIGNMENT,MEDIUM,Career target assignment confidence is medium.
V1,MLV1_OLD_005,Chris Brown,MLV1_OLD_005_E0060,2005.0,NON_HIGH_TARGET_ASSIGNMENT,MEDIUM,Career target assignment confidence is medium.
V1,MLV1_OLD_005,Chris Brown,MLV1_OLD_005_E0061,2006.0,NON_HIGH_TARGET_ASSIGNMENT,MEDIUM,Career target assignment confidence is medium.
V1,MLV1_OLD_005,Chris Brown,MLV1_OLD_005_E0065,2009.0,NON_HIGH_TARGET_ASSIGNMENT,MEDIUM,Career target assignment confidence is medium.
V1,MLV1_OLD_005,Chris Brown,MLV1_OLD_005_E0063,2012.0,NON_HIGH_TARGET_ASSIGNMENT,MEDIUM,Career target assignment confidence is medium.
V1,MLV1_OLD_006,Hillary Clinton,MLV1_OLD_006_E0073,1992.0,NON_HIGH_TARGET_ASSIGNMENT,MEDIUM,Career target assignment confidence is medium.
V1,MLV1_OLD_006,Hillary Clinton,MLV1_OLD_006_E0074,1993.0,NON_HIGH_TARGET_ASSIGNMENT,MEDIUM,Career target assignment confidence is medium.
V1,MLV1_OLD_006,Hillary Clinton,MLV1_OLD_006_E0080,1994.0,NON_HIGH_TARGET_ASSIGNMENT,MEDIUM,Career target assignment confidence is medium.
V1,MLV1_OLD_006,Hillary Clinton,MLV1_OLD_006_E0075,2000.0,NON_HIGH_TARGET_ASSIGNMENT,MEDIUM,Career target assignment confidence is medium.
V1,MLV1_OLD_006,Hillary Clinton,MLV1_OLD_006_E0082,2008.0,NON_HIGH_TARGET_ASSIGNMENT,MEDIUM,Career target assignment confidence is medium.
V1,MLV1_OLD_006,Hillary Clinton,MLV1_OLD_006_E0077,2009.0,NON_HIGH_TARGET_ASSIGNMENT,MEDIUM,Career target assignment confidence is medium.
V1,MLV1_OLD_006,Hillary Clinton,MLV1_OLD_006_E0079,2025.0,NON_HIGH_TARGET_ASSIGNMENT,MEDIUM,Career target assignment confidence is medium.
V1,MLV1_OLD_007,Kamala Harris,MLV1_OLD_007_E0086,2003.0,NON_HIGH_TARGET_ASSIGNMENT,MEDIUM,Career target assignment confidence is medium.
V1,MLV1_OLD_007,Kamala Harris,MLV1_OLD_007_E0087,2010.0,NON_HIGH_TARGET_ASSIGNMENT,MEDIUM,Career target assignment confidence is medium.
V1,MLV1_OLD_007,Kamala Harris,MLV1_OLD_007_E0089,2016.0,NON_HIGH_TARGET_ASSIGNMENT,MEDIUM,Career target assignment confidence is medium.
V1,MLV1_OLD_007,Kamala Harris,MLV1_OLD_007_E0090,2020.0,NON_HIGH_TARGET_ASSIGNMENT,MEDIUM,Career target assignment confidence is medium.
V1,MLV1_OLD_007,Kamala Harris,MLV1_OLD_007_E0091,2021.0,NON_HIGH_TARGET_ASSIGNMENT,MEDIUM,Career target assignment confidence is medium.
V1,MLV1_OLD_008,Al Gore,MLV1_OLD_008_E0096,1976.0,NON_HIGH_TARGET_ASSIGNMENT,MEDIUM,Career target assignment confidence is medium.
V1,MLV1_OLD_008,Al Gore,MLV1_OLD_008_E0097,1984.0,NON_HIGH_TARGET_ASSIGNMENT,MEDIUM,Career target assignment confidence is medium.
V1,MLV1_OLD_008,Al Gore,MLV1_OLD_008_E0098,1992.0,NON_HIGH_TARGET_ASSIGNMENT,MEDIUM,Career target assignment confidence is medium.
V1,MLV1_OLD_008,Al Gore,MLV1_OLD_008_E0099,1993.0,NON_HIGH_TARGET_ASSIGNMENT,MEDIUM,Career target assignment confidence is medium.
V1,MLV1_OLD_008,Al Gore,MLV1_OLD_008_E0100,1996.0,NON_HIGH_TARGET_ASSIGNMENT,MEDIUM,Career target assignment confidence is medium.
V1,MLV1_OLD_008,Al Gore,MLV1_OLD_008_E0102,2007.0,NON_HIGH_TARGET_ASSIGNMENT,MEDIUM,Career target assignment confidence is medium.
V1,MLV1_OLD_008,Al Gore,MLV1_OLD_008_E0103,2024.0,NON_HIGH_TARGET_ASSIGNMENT,MEDIUM,Career target assignment confidence is medium.
V1,MLV1_OLD_009,Amy Klobuchar,MLV1_OLD_009_E0109,1998.0,NON_HIGH_TARGET_ASSIGNMENT,MEDIUM,Career target assignment confidence is medium.
V1,MLV1_OLD_009,Amy Klobuchar,MLV1_OLD_009_E0110,2006.0,NON_HIGH_TARGET_ASSIGNMENT,MEDIUM,Career target assignment confidence is medium.
V1,MLV1_OLD_009,Amy Klobuchar,MLV1_OLD_009_E0111,2012.0,NON_HIGH_TARGET_ASSIGNMENT,MEDIUM,Career target assignment confidence is medium.
V1,MLV1_OLD_009,Amy Klobuchar,MLV1_OLD_009_E0112,2018.0,NON_HIGH_TARGET_ASSIGNMENT,MEDIUM,Career target assignment confidence is medium.
V1,MLV1_OLD_011,Madonna,MLV1_OLD_011_E0130,2008.0,NON_HIGH_TARGET_ASSIGNMENT,MEDIUM,Career target assignment confidence is medium.
V1,MLV1_OLD_012,Elizabeth Taylor,MLV1_OLD_012_E0144,1958.0,DEATH_EVENT_OWNER_UNVERIFIED,MEDIUM,"Death-like event exists, but the current schema does not prove that the deceased person is the subject. Manual/entity-ID review required."
V1,MLV1_OLD_012,Elizabeth Taylor,MLV1_OLD_012_E0138,1961.0,NON_HIGH_TARGET_ASSIGNMENT,MEDIUM,Career target assignment confidence is medium.
V1,MLV1_OLD_012,Elizabeth Taylor,MLV1_OLD_012_E0141,1967.0,NON_HIGH_TARGET_ASSIGNMENT,MEDIUM,Career target assignment confidence is medium.
V1,MLV1_OLD_012,Elizabeth Taylor,MLV1_OLD_012_E0149,2011.0,DEATH_EVENT_OWNER_UNVERIFIED,MEDIUM,"Death-like event exists, but the current schema does not prove that the deceased person is the subject. Manual/entity-ID review required."
V1,MLV1_OLD_013,Drake,MLV1_OLD_013_E0151,2010.0,NON_HIGH_TARGET_ASSIGNMENT,MEDIUM,Career target assignment confidence is medium.
V1,MLV1_OLD_013,Drake,MLV1_OLD_013_E0152,2011.0,NON_HIGH_TARGET_ASSIGNMENT,MEDIUM,Career target assignment confidence is medium.
V1,MLV1_OLD_013,Drake,MLV1_OLD_013_E0157,2021.0,NON_HIGH_TARGET_ASSIGNMENT,MEDIUM,Career target assignment confidence is medium.
V1,MLV1_OLD_014,Diana Ross,MLV1_OLD_014_E0162,1964.0,NON_HIGH_TARGET_ASSIGNMENT,MEDIUM,Career target assignment confidence is medium.
V1,MLV1_OLD_014,Diana Ross,MLV1_OLD_014_E0166,1980.0,NON_HIGH_TARGET_ASSIGNMENT,MEDIUM,Career target assignment confidence is medium.
V1,MLV1_OLD_014,Diana Ross,MLV1_OLD_014_E0168,2012.0,NON_HIGH_TARGET_ASSIGNMENT,MEDIUM,Career target assignment confidence is medium.
V1,MLV1_OLD_015,Dennis Rodman,MLV1_OLD_015_E0173,1989.0,NON_HIGH_TARGET_ASSIGNMENT,MEDIUM,Career target assignment confidence is medium.
V1,MLV1_OLD_015,Dennis Rodman,MLV1_OLD_015_E0174,1990.0,NON_HIGH_TARGET_ASSIGNMENT,MEDIUM,Career target assignment confidence is medium.
V1,MLV1_OLD_015,Dennis Rodman,MLV1_OLD_015_E0175,1991.0,NON_HIGH_TARGET_ASSIGNMENT,MEDIUM,Career target assignment confidence is medium.
V1,MLV1_OLD_015,Dennis Rodman,MLV1_OLD_015_E0176,1996.0,NON_HIGH_TARGET_ASSIGNMENT,MEDIUM,Career target assignment confidence is medium.
V1,MLV1_OLD_015,Dennis Rodman,MLV1_OLD_015_E0177,1997.0,NON_HIGH_TARGET_ASSIGNMENT,MEDIUM,Career target assignment confidence is medium.
V1,MLV1_OLD_015,Dennis Rodman,MLV1_OLD_015_E0179,1998.0,NON_HIGH_TARGET_ASSIGNMENT,MEDIUM,Career target assignment confidence is medium.
V1,MLV1_OLD_015,Dennis Rodman,MLV1_OLD_015_E0184,1999.0,NON_HIGH_TARGET_ASSIGNMENT,MEDIUM,Career target assignment confidence is medium.
V1,MLV1_OLD_015,Dennis Rodman,MLV1_OLD_015_E0181,2011.0,NON_HIGH_TARGET_ASSIGNMENT,MEDIUM,Career target assignment confidence is medium.
V1,MLV1_OLD_016,John Ritter,MLV1_OLD_016_E0189,1984.0,NON_HIGH_TARGET_ASSIGNMENT,MEDIUM,Career target assignment confidence is medium.
V1,MLV1_OLD_016,John Ritter,MLV1_OLD_016_E0192,1985.0,NON_HIGH_TARGET_ASSIGNMENT,MEDIUM,Career target assignment confidence is medium.
V1,MLV1_OLD_016,John Ritter,MLV1_OLD_016_E0191,2002.0,NON_HIGH_TARGET_ASSIGNMENT,MEDIUM,Career target assignment confidence is medium.
V1,MLV1_OLD_016,John Ritter,MLV1_OLD_016_E0194,2003.0,DEATH_EVENT_OWNER_UNVERIFIED,MEDIUM,"Death-like event exists, but the current schema does not prove that the deceased person is the subject. Manual/entity-ID review required."
V1,MLV1_OLD_017,Sean Penn,MLV1_OLD_017_E0198,2003.0,NON_HIGH_TARGET_ASSIGNMENT,MEDIUM,Career target assignment confidence is medium.
V1,MLV1_OLD_017,Sean Penn,MLV1_OLD_017_E0199,2008.0,NON_HIGH_TARGET_ASSIGNMENT,MEDIUM,Career target assignment confidence is medium.
V1,MLV1_OLD_018,Björk,MLV1_OLD_018_E0209,2000.0,NON_HIGH_TARGET_ASSIGNMENT,MEDIUM,Career target assignment confidence is medium.
V1,MLV1_OLD_018,Björk,MLV1_OLD_018_E0210,2001.0,NON_HIGH_TARGET_ASSIGNMENT,MEDIUM,Career target assignment confidence is medium.
V1,MLV1_OLD_018,Björk,MLV1_OLD_018_E0212,2015.0,NON_HIGH_TARGET_ASSIGNMENT,MEDIUM,Career target assignment confidence is medium.
V1,MLV1_OLD_020,윤석열,MLV1_OLD_020_E0229,2013.0,NON_HIGH_TARGET_ASSIGNMENT,MEDIUM,Career target assignment confidence is medium.
V1,MLV1_OLD_020,윤석열,MLV1_OLD_020_E0225,2017.0,NON_HIGH_TARGET_ASSIGNMENT,MEDIUM,Career target assignment confidence is medium.
V1,MLV1_OLD_020,윤석열,MLV1_OLD_020_E0226,2019.0,NON_HIGH_TARGET_ASSIGNMENT,MEDIUM,Career target assignment confidence is medium.
V1,MLV1_OLD_020,윤석열,MLV1_OLD_020_E0230,2020.0,NON_HIGH_TARGET_ASSIGNMENT,MEDIUM,Career target assignment confidence is medium.
V1,MLV1_OLD_020,윤석열,MLV1_OLD_020_E0228,2022.0,NON_HIGH_TARGET_ASSIGNMENT,MEDIUM,Career target assignment confidence is medium.
V1,MLV1_OLD_020,윤석열,MLV1_OLD_020_E0231,2024.0,NON_HIGH_TARGET_ASSIGNMENT,MEDIUM,Career target assignment confidence is medium.
V1,MLV1_OLD_020,윤석열,MLV1_OLD_020_E0233,2025.0,NON_HIGH_TARGET_ASSIGNMENT,MEDIUM,Career target assignment confidence is medium.
V1,MLV1_OLD_020,윤석열,MLV1_OLD_020_E0234,2025.0,NON_HIGH_TARGET_ASSIGNMENT,MEDIUM,Career target assignment confidence is medium.
V1,MLV1_OLD_021,김부겸,MLV1_OLD_021_E0235,2000.0,NON_HIGH_TARGET_ASSIGNMENT,MEDIUM,Career target assignment confidence is medium.
V1,MLV1_OLD_021,김부겸,MLV1_OLD_021_E0239,2012.0,NON_HIGH_TARGET_ASSIGNMENT,MEDIUM,Career target assignment confidence is medium.
V1,MLV1_OLD_021,김부겸,MLV1_OLD_021_E0240,2014.0,NON_HIGH_TARGET_ASSIGNMENT,MEDIUM,Career target assignment confidence is medium.
V1,MLV1_OLD_021,김부겸,MLV1_OLD_021_E0236,2016.0,NON_HIGH_TARGET_ASSIGNMENT,MEDIUM,Career target assignment confidence is medium.
V1,MLV1_OLD_021,김부겸,MLV1_OLD_021_E0237,2017.0,NON_HIGH_TARGET_ASSIGNMENT,MEDIUM,Career target assignment confidence is medium.
V1,MLV1_OLD_021,김부겸,MLV1_OLD_021_E0241,2020.0,NON_HIGH_TARGET_ASSIGNMENT,MEDIUM,Career target assignment confidence is medium.
V1,MLV1_OLD_021,김부겸,MLV1_OLD_021_E0238,2021.0,NON_HIGH_TARGET_ASSIGNMENT,MEDIUM,Career target assignment confidence is medium.
V1,MLV1_OLD_021,김부겸,,,BIRTH_TIME_UNKNOWN,MEDIUM,Exact birth time unavailable; not eligible for strict-time modeling.
V1,MLV1_OLD_022,김어준,MLV1_OLD_022_E0242,1998.0,NON_HIGH_TARGET_ASSIGNMENT,MEDIUM,Career target assignment confidence is medium.
V1,MLV1_OLD_022,김어준,MLV1_OLD_022_E0248,2022.0,NON_HIGH_TARGET_ASSIGNMENT,MEDIUM,Career target assignment confidence is medium.
V1,MLV1_OLD_022,김어준,,,BIRTH_TIME_UNKNOWN,MEDIUM,Exact birth time unavailable; not eligible for strict-time modeling.
V1,MLV1_OLD_023,박나래,MLV1_OLD_023_E0249,2006.0,NON_HIGH_TARGET_ASSIGNMENT,MEDIUM,Career target assignment confidence is medium.
V1,MLV1_OLD_023,박나래,MLV1_OLD_023_E0251,2017.0,NON_HIGH_TARGET_ASSIGNMENT,MEDIUM,Career target assignment confidence is medium.
V1,MLV1_OLD_023,박나래,MLV1_OLD_023_E0254,2021.0,NON_HIGH_TARGET_ASSIGNMENT,MEDIUM,Career target assignment confidence is medium.
V1,MLV1_OLD_024,박정희,MLV1_OLD_024_E0260,1948.0,NON_HIGH_TARGET_ASSIGNMENT,MEDIUM,Career target assignment confidence is medium.
V1,MLV1_OLD_024,박정희,MLV1_OLD_024_E0258,1963.0,NON_HIGH_TARGET_ASSIGNMENT,MEDIUM,Career target assignment confidence is medium.
V1,MLV1_OLD_024,박정희,MLV1_OLD_024_E0263,1979.0,DEATH_EVENT_OWNER_UNVERIFIED,MEDIUM,"Death-like event exists, but the current schema does not prove that the deceased person is the subject. Manual/entity-ID review required."
V1,MLV1_OLD_024,박정희,,,BIRTH_TIME_UNKNOWN,MEDIUM,Exact birth time unavailable; not eligible for strict-time modeling.
V1,MLV1_OLD_025,오세훈,MLV1_OLD_025_E0264,2000.0,NON_HIGH_TARGET_ASSIGNMENT,MEDIUM,Career target assignment confidence is medium.
V1,MLV1_OLD_025,오세훈,MLV1_OLD_025_E0265,2006.0,NON_HIGH_TARGET_ASSIGNMENT,MEDIUM,Career target assignment confidence is medium.
V1,MLV1_OLD_025,오세훈,MLV1_OLD_025_E0266,2010.0,NON_HIGH_TARGET_ASSIGNMENT,MEDIUM,Career target assignment confidence is medium.
V1,MLV1_OLD_025,오세훈,MLV1_OLD_025_E0271,2016.0,NON_HIGH_TARGET_ASSIGNMENT,MEDIUM,Career target assignment confidence is medium.
V1,MLV1_OLD_025,오세훈,MLV1_OLD_025_E0272,2020.0,NON_HIGH_TARGET_ASSIGNMENT,MEDIUM,Career target assignment confidence is medium.
V1,MLV1_OLD_025,오세훈,MLV1_OLD_025_E0267,2021.0,NON_HIGH_TARGET_ASSIGNMENT,MEDIUM,Career target assignment confidence is medium.
V1,MLV1_OLD_025,오세훈,MLV1_OLD_025_E0268,2022.0,NON_HIGH_TARGET_ASSIGNMENT,MEDIUM,Career target assignment confidence is medium.
V1,MLV1_OLD_025,오세훈,MLV1_OLD_025_E0269,2026.0,NON_HIGH_TARGET_ASSIGNMENT,MEDIUM,Career target assignment confidence is medium.
V1,MLV1_OLD_025,오세훈,,,BIRTH_TIME_UNKNOWN,MEDIUM,Exact birth time unavailable; not eligible for strict-time modeling.
V1,MLV1_OLD_026,홍준표,MLV1_OLD_026_E0274,1996.0,NON_HIGH_TARGET_ASSIGNMENT,MEDIUM,Career target assignment confidence is medium.
V1,MLV1_OLD_026,홍준표,MLV1_OLD_026_E0275,2012.0,NON_HIGH_TARGET_ASSIGNMENT,MEDIUM,Career target assignment confidence is medium.
V1,MLV1_OLD_026,홍준표,MLV1_OLD_026_E0280,2017.0,NON_HIGH_TARGET_ASSIGNMENT,MEDIUM,Career target assignment confidence is medium.
V1,MLV1_OLD_026,홍준표,MLV1_OLD_026_E0281,2018.0,NON_HIGH_TARGET_ASSIGNMENT,MEDIUM,Career target assignment confidence is medium.
V1,MLV1_OLD_026,홍준표,MLV1_OLD_026_E0282,2021.0,NON_HIGH_TARGET_ASSIGNMENT,MEDIUM,Career target assignment confidence is medium.
V1,MLV1_OLD_026,홍준표,MLV1_OLD_026_E0278,2022.0,NON_HIGH_TARGET_ASSIGNMENT,MEDIUM,Career target assignment confidence is medium.
V1,MLV1_OLD_027,문재인,MLV1_OLD_027_E0289,2009.0,NON_HIGH_TARGET_ASSIGNMENT,MEDIUM,Career target assignment confidence is medium.
V1,MLV1_OLD_027,문재인,MLV1_OLD_027_E0289,2009.0,DEATH_EVENT_OWNER_UNVERIFIED,MEDIUM,"Death-like event exists, but the current schema does not prove that the deceased person is the subject. Manual/entity-ID review required."
V1,MLV1_OLD_027,문재인,MLV1_OLD_027_E0287,2017.0,NON_HIGH_TARGET_ASSIGNMENT,MEDIUM,Career target assignment confidence is medium.
V1,MLV1_OLD_027,문재인,,,BIRTH_TIME_UNKNOWN,MEDIUM,Exact birth time unavailable; not eligible for strict-time modeling.
V1,MLV1_OLD_028,박근혜,MLV1_OLD_028_E0298,1974.0,DEATH_EVENT_OWNER_UNVERIFIED,MEDIUM,"Death-like event exists, but the current schema does not prove that the deceased person is the subject. Manual/entity-ID review required."
V1,MLV1_OLD_028,박근혜,MLV1_OLD_028_E0299,1979.0,DEATH_EVENT_OWNER_UNVERIFIED,MEDIUM,"Death-like event exists, but the current schema does not prove that the deceased person is the subject. Manual/entity-ID review required."
V1,MLV1_OLD_028,박근혜,MLV1_OLD_028_E0292,1998.0,NON_HIGH_TARGET_ASSIGNMENT,MEDIUM,Career target assignment confidence is medium.
V1,MLV1_OLD_028,박근혜,MLV1_OLD_028_E0301,2007.0,NON_HIGH_TARGET_ASSIGNMENT,MEDIUM,Career target assignment confidence is medium.
V1,MLV1_OLD_028,박근혜,MLV1_OLD_028_E0294,2012.0,NON_HIGH_TARGET_ASSIGNMENT,MEDIUM,Career target assignment confidence is medium.
V1,MLV1_OLD_028,박근혜,MLV1_OLD_028_E0295,2013.0,NON_HIGH_TARGET_ASSIGNMENT,MEDIUM,Career target assignment confidence is medium.
V1,MLV1_OLD_028,박근혜,MLV1_OLD_028_E0302,2016.0,NON_HIGH_TARGET_ASSIGNMENT,MEDIUM,Career target assignment confidence is medium.
V1,MLV1_OLD_028,박근혜,MLV1_OLD_028_E0303,2017.0,NON_HIGH_TARGET_ASSIGNMENT,MEDIUM,Career target assignment confidence is medium.
V1,MLV1_OLD_028,박근혜,,,BIRTH_TIME_UNKNOWN,MEDIUM,Exact birth time unavailable; not eligible for strict-time modeling.
V1,MLV1_OLD_029,이건희,MLV1_OLD_029_E0306,1987.0,NON_HIGH_TARGET_ASSIGNMENT,MEDIUM,Career target assignment confidence is medium.
V1,MLV1_OLD_029,이건희,MLV1_OLD_029_E0308,1996.0,NON_HIGH_TARGET_ASSIGNMENT,MEDIUM,Career target assignment confidence is medium.
V1,MLV1_OLD_029,이건희,MLV1_OLD_029_E0311,2008.0,NON_HIGH_TARGET_ASSIGNMENT,MEDIUM,Career target assignment confidence is medium.
V1,MLV1_OLD_029,이건희,MLV1_OLD_029_E0310,2010.0,NON_HIGH_TARGET_ASSIGNMENT,MEDIUM,Career target assignment confidence is medium.
V1,MLV1_OLD_029,이건희,MLV1_OLD_029_E0314,2020.0,DEATH_EVENT_OWNER_UNVERIFIED,MEDIUM,"Death-like event exists, but the current schema does not prove that the deceased person is the subject. Manual/entity-ID review required."
V1,MLV1_OLD_029,이건희,,,BIRTH_TIME_UNKNOWN,MEDIUM,Exact birth time unavailable; not eligible for strict-time modeling.
V1,MLV1_OLD_030,이재용,MLV1_OLD_030_E0316,2012.0,NON_HIGH_TARGET_ASSIGNMENT,MEDIUM,Career target assignment confidence is medium.
V1,MLV1_OLD_030,이재용,MLV1_OLD_030_E0317,2014.0,NON_HIGH_TARGET_ASSIGNMENT,MEDIUM,Career target assignment confidence is medium.
V1,MLV1_OLD_030,이재용,MLV1_OLD_030_E0324,2020.0,DEATH_EVENT_OWNER_UNVERIFIED,MEDIUM,"Death-like event exists, but the current schema does not prove that the deceased person is the subject. Manual/entity-ID review required."
V1,MLV1_OLD_030,이재용,MLV1_OLD_030_E0319,2022.0,NON_HIGH_TARGET_ASSIGNMENT,MEDIUM,Career target assignment confidence is medium.
V1,MLV1_OLD_030,이재용,MLV1_OLD_030_E0320,2024.0,NON_HIGH_TARGET_ASSIGNMENT,MEDIUM,Career target assignment confidence is medium.
V1,MLV1_OLD_030,이재용,,,BIRTH_TIME_UNKNOWN,MEDIUM,Exact birth time unavailable; not eligible for strict-time modeling.
V1,MLV1_OLD_031,봉준호,MLV1_OLD_031_E0334,2020.0,NON_HIGH_TARGET_ASSIGNMENT,MEDIUM,Career target assignment confidence is medium.
V1,MLV1_OLD_031,봉준호,MLV1_OLD_031_E0335,2020.0,NON_HIGH_TARGET_ASSIGNMENT,MEDIUM,Career target assignment confidence is medium.
V1,MLV1_OLD_031,봉준호,,,BIRTH_TIME_UNKNOWN,MEDIUM,Exact birth time unavailable; not eligible for strict-time modeling.
V1,MLV1_OLD_032,김연아,MLV1_OLD_032_E0339,2009.0,NON_HIGH_TARGET_ASSIGNMENT,MEDIUM,Career target assignment confidence is medium.
V1,MLV1_OLD_032,김연아,MLV1_OLD_032_E0340,2010.0,NON_HIGH_TARGET_ASSIGNMENT,MEDIUM,Career target assignment confidence is medium.
V1,MLV1_OLD_032,김연아,MLV1_OLD_032_E0341,2013.0,NON_HIGH_TARGET_ASSIGNMENT,MEDIUM,Career target assignment confidence is medium.
V1,MLV1_OLD_032,김연아,MLV1_OLD_032_E0342,2014.0,NON_HIGH_TARGET_ASSIGNMENT,MEDIUM,Career target assignment confidence is medium.
V1,MLV1_OLD_032,김연아,MLV1_OLD_032_E0347,2014.0,NON_HIGH_TARGET_ASSIGNMENT,MEDIUM,Career target assignment confidence is medium.
V1,MLV1_OLD_032,김연아,MLV1_OLD_032_E0343,2018.0,NON_HIGH_TARGET_ASSIGNMENT,MEDIUM,Career target assignment confidence is medium.
V1,MLV1_OLD_032,김연아,,,BIRTH_TIME_UNKNOWN,MEDIUM,Exact birth time unavailable; not eligible for strict-time modeling.
V1,MLV1_OLD_033,손흥민,MLV1_OLD_033_E0348,2010.0,NON_HIGH_TARGET_ASSIGNMENT,MEDIUM,Career target assignment confidence is medium.
V1,MLV1_OLD_033,손흥민,MLV1_OLD_033_E0350,2018.0,NON_HIGH_TARGET_ASSIGNMENT,MEDIUM,Career target assignment confidence is medium.
V1,MLV1_OLD_033,손흥민,MLV1_OLD_033_E0351,2019.0,NON_HIGH_TARGET_ASSIGNMENT,MEDIUM,Career target assignment confidence is medium.
V1,MLV1_OLD_033,손흥민,MLV1_OLD_033_E0352,2020.0,NON_HIGH_TARGET_ASSIGNMENT,MEDIUM,Career target assignment confidence is medium.
V1,MLV1_OLD_033,손흥민,MLV1_OLD_033_E0353,2022.0,NON_HIGH_TARGET_ASSIGNMENT,MEDIUM,Career target assignment confidence is medium.
V1,MLV1_OLD_033,손흥민,MLV1_OLD_033_E0356,2025.0,NON_HIGH_TARGET_ASSIGNMENT,MEDIUM,Career target assignment confidence is medium.
V1,MLV1_OLD_033,손흥민,,,BIRTH_TIME_UNKNOWN,MEDIUM,Exact birth time unavailable; not eligible for strict-time modeling.
V1,MLV1_OLD_034,장미희,MLV1_OLD_034_E0361,1976.0,NON_HIGH_TARGET_ASSIGNMENT,MEDIUM,Career target assignment confidence is medium.
V1,MLV1_OLD_034,장미희,MLV1_OLD_034_E0362,1978.0,NON_HIGH_TARGET_ASSIGNMENT,MEDIUM,Career target assignment confidence is medium.
V1,MLV1_OLD_034,장미희,MLV1_OLD_034_E0365,2008.0,NON_HIGH_TARGET_ASSIGNMENT,MEDIUM,Career target assignment confidence is medium.
V1,MLV1_OLD_035,김희민,MLV1_OLD_035_E0375,2020.0,NON_HIGH_TARGET_ASSIGNMENT,MEDIUM,Career target assignment confidence is medium.
V1,MLV1_OLD_037,박세리,MLV1_OLD_037_E0385,1998.0,NON_HIGH_TARGET_ASSIGNMENT,MEDIUM,Career target assignment confidence is medium.
V1,MLV1_OLD_037,박세리,MLV1_OLD_037_E0386,2001.0,NON_HIGH_TARGET_ASSIGNMENT,MEDIUM,Career target assignment confidence is medium.
V1,MLV1_OLD_037,박세리,MLV1_OLD_037_E0387,2007.0,NON_HIGH_TARGET_ASSIGNMENT,MEDIUM,Career target assignment confidence is medium.
V1,MLV1_OLD_037,박세리,MLV1_OLD_037_E0388,2016.0,NON_HIGH_TARGET_ASSIGNMENT,MEDIUM,Career target assignment confidence is medium.
V1,MLV1_OLD_037,박세리,MLV1_OLD_037_E0389,2020.0,NON_HIGH_TARGET_ASSIGNMENT,MEDIUM,Career target assignment confidence is medium.
V1,MLV1_OLD_038,이명박,MLV1_OLD_038_E0393,1977.0,NON_HIGH_TARGET_ASSIGNMENT,MEDIUM,Career target assignment confidence is medium.
V1,MLV1_OLD_038,이명박,MLV1_OLD_038_E0394,1992.0,NON_HIGH_TARGET_ASSIGNMENT,MEDIUM,Career target assignment confidence is medium.
V1,MLV1_OLD_038,이명박,MLV1_OLD_038_E0400,1998.0,NON_HIGH_TARGET_ASSIGNMENT,MEDIUM,Career target assignment confidence is medium.
V1,MLV1_OLD_038,이명박,MLV1_OLD_038_E0395,2002.0,NON_HIGH_TARGET_ASSIGNMENT,MEDIUM,Career target assignment confidence is medium.
V1,MLV1_OLD_038,이명박,MLV1_OLD_038_E0396,2007.0,NON_HIGH_TARGET_ASSIGNMENT,MEDIUM,Career target assignment confidence is medium.
V1,MLV1_OLD_038,이명박,MLV1_OLD_038_E0397,2008.0,NON_HIGH_TARGET_ASSIGNMENT,MEDIUM,Career target assignment confidence is medium.
V1,MLV1_OLD_038,이명박,MLV1_OLD_038_E0401,2008.0,NON_HIGH_TARGET_ASSIGNMENT,MEDIUM,Career target assignment confidence is medium.
V1,MLV1_OLD_038,이명박,,,BIRTH_TIME_UNKNOWN,MEDIUM,Exact birth time unavailable; not eligible for strict-time modeling.
V1,MLV1_OLD_039,조용필,MLV1_OLD_039_E0408,2003.0,NON_HIGH_TARGET_ASSIGNMENT,MEDIUM,Career target assignment confidence is medium.
V1,MLV1_OLD_039,조용필,MLV1_OLD_039_E0411,2003.0,DEATH_EVENT_OWNER_UNVERIFIED,MEDIUM,"Death-like event exists, but the current schema does not prove that the deceased person is the subject. Manual/entity-ID review required."
V1,MLV1_OLD_039,조용필,MLV1_OLD_039_E0410,2023.0,NON_HIGH_TARGET_ASSIGNMENT,MEDIUM,Career target assignment confidence is medium.
V1,MLV1_OLD_039,조용필,,,BIRTH_TIME_UNKNOWN,MEDIUM,Exact birth time unavailable; not eligible for strict-time modeling.
V1,MLV1_OLD_040,신성일,MLV1_OLD_040_E0412,1960.0,NON_HIGH_TARGET_ASSIGNMENT,MEDIUM,Career target assignment confidence is medium.
V1,MLV1_OLD_040,신성일,MLV1_OLD_040_E0415,2000.0,NON_HIGH_TARGET_ASSIGNMENT,MEDIUM,Career target assignment confidence is medium.
V1,MLV1_OLD_040,신성일,MLV1_OLD_040_E0418,2018.0,DEATH_EVENT_OWNER_UNVERIFIED,MEDIUM,"Death-like event exists, but the current schema does not prove that the deceased person is the subject. Manual/entity-ID review required."
V1,MLV1_OLD_040,신성일,,,BIRTH_TIME_UNKNOWN,MEDIUM,Exact birth time unavailable; not eligible for strict-time modeling.
V1,MLV1_OLD_041,남진,MLV1_OLD_041_E0423,1974.0,NON_HIGH_TARGET_ASSIGNMENT,MEDIUM,Career target assignment confidence is medium.
V1,MLV1_OLD_041,남진,MLV1_OLD_041_E0424,1980.0,NON_HIGH_TARGET_ASSIGNMENT,MEDIUM,Career target assignment confidence is medium.
V1,MLV1_OLD_041,남진,,,BIRTH_TIME_UNKNOWN,MEDIUM,Exact birth time unavailable; not eligible for strict-time modeling.
V1,MLV1_OLD_042,정몽헌,MLV1_OLD_042_E0431,2001.0,DEATH_EVENT_OWNER_UNVERIFIED,MEDIUM,"Death-like event exists, but the current schema does not prove that the deceased person is the subject. Manual/entity-ID review required."
V1,MLV1_OLD_042,정몽헌,MLV1_OLD_042_E0432,2003.0,DEATH_EVENT_OWNER_UNVERIFIED,MEDIUM,"Death-like event exists, but the current schema does not prove that the deceased person is the subject. Manual/entity-ID review required."
V1,MLV1_OLD_042,정몽헌,,,BIRTH_TIME_UNKNOWN,MEDIUM,Exact birth time unavailable; not eligible for strict-time modeling.
V1,MLV1_OLD_043,정몽구,MLV1_OLD_043_E0434,1999.0,NON_HIGH_TARGET_ASSIGNMENT,MEDIUM,Career target assignment confidence is medium.
V1,MLV1_OLD_043,정몽구,MLV1_OLD_043_E0437,2020.0,NON_HIGH_TARGET_ASSIGNMENT,MEDIUM,Career target assignment confidence is medium.
V1,MLV1_OLD_043,정몽구,MLV1_OLD_043_E0438,2021.0,NON_HIGH_TARGET_ASSIGNMENT,MEDIUM,Career target assignment confidence is medium.
V1,MLV1_OLD_043,정몽구,,,BIRTH_TIME_UNKNOWN,MEDIUM,Exact birth time unavailable; not eligible for strict-time modeling.
V1,MLV1_OLD_044,김우중,MLV1_OLD_044_E0442,1967.0,NON_HIGH_TARGET_ASSIGNMENT,MEDIUM,Career target assignment confidence is medium.
V1,MLV1_OLD_044,김우중,MLV1_OLD_044_E0445,1984.0,NON_HIGH_TARGET_ASSIGNMENT,MEDIUM,Career target assignment confidence is medium.
V1,MLV1_OLD_044,김우중,MLV1_OLD_044_E0451,2019.0,DEATH_EVENT_OWNER_UNVERIFIED,MEDIUM,"Death-like event exists, but the current schema does not prove that the deceased person is the subject. Manual/entity-ID review required."
V1,MLV1_OLD_044,김우중,,,BIRTH_TIME_UNKNOWN,MEDIUM,Exact birth time unavailable; not eligible for strict-time modeling.
V1,MLV1_OLD_045,김영삼,MLV1_OLD_045_E0452,1954.0,NON_HIGH_TARGET_ASSIGNMENT,MEDIUM,Career target assignment confidence is medium.
V1,MLV1_OLD_045,김영삼,MLV1_OLD_045_E0457,1979.0,NON_HIGH_TARGET_ASSIGNMENT,MEDIUM,Career target assignment confidence is medium.
V1,MLV1_OLD_045,김영삼,MLV1_OLD_045_E0455,1992.0,NON_HIGH_TARGET_ASSIGNMENT,MEDIUM,Career target assignment confidence is medium.
V1,MLV1_OLD_045,김영삼,MLV1_OLD_045_E0456,1993.0,NON_HIGH_TARGET_ASSIGNMENT,MEDIUM,Career target assignment confidence is medium.
V1,MLV1_OLD_045,김영삼,MLV1_OLD_045_E0460,2015.0,DEATH_EVENT_OWNER_UNVERIFIED,MEDIUM,"Death-like event exists, but the current schema does not prove that the deceased person is the subject. Manual/entity-ID review required."
V1,MLV1_OLD_045,김영삼,,,BIRTH_TIME_UNKNOWN,MEDIUM,Exact birth time unavailable; not eligible for strict-time modeling.
V1,MLV1_OLD_046,노태우,MLV1_OLD_046_E0461,1987.0,NON_HIGH_TARGET_ASSIGNMENT,MEDIUM,Career target assignment confidence is medium.
V1,MLV1_OLD_046,노태우,MLV1_OLD_046_E0462,1987.0,NON_HIGH_TARGET_ASSIGNMENT,MEDIUM,Career target assignment confidence is medium.
V1,MLV1_OLD_046,노태우,MLV1_OLD_046_E0463,1988.0,NON_HIGH_TARGET_ASSIGNMENT,MEDIUM,Career target assignment confidence is medium.
V1,MLV1_OLD_046,노태우,MLV1_OLD_046_E0469,2021.0,DEATH_EVENT_OWNER_UNVERIFIED,MEDIUM,"Death-like event exists, but the current schema does not prove that the deceased person is the subject. Manual/entity-ID review required."
V1,MLV1_OLD_046,노태우,,,BIRTH_TIME_UNKNOWN,MEDIUM,Exact birth time unavailable; not eligible for strict-time modeling.
V1,MLV1_OLD_047,전두환,MLV1_OLD_047_E0472,1981.0,NON_HIGH_TARGET_ASSIGNMENT,MEDIUM,Career target assignment confidence is medium.
V1,MLV1_OLD_047,전두환,MLV1_OLD_047_E0481,2021.0,DEATH_EVENT_OWNER_UNVERIFIED,MEDIUM,"Death-like event exists, but the current schema does not prove that the deceased person is the subject. Manual/entity-ID review required."
V1,MLV1_OLD_047,전두환,,,BIRTH_TIME_UNKNOWN,MEDIUM,Exact birth time unavailable; not eligible for strict-time modeling.
V1,MLV1_OLD_048,정주영,MLV1_OLD_048_E0482,1938.0,NON_HIGH_TARGET_ASSIGNMENT,MEDIUM,Career target assignment confidence is medium.
V1,MLV1_OLD_048,정주영,MLV1_OLD_048_E0483,1947.0,NON_HIGH_TARGET_ASSIGNMENT,MEDIUM,Career target assignment confidence is medium.
V1,MLV1_OLD_048,정주영,MLV1_OLD_048_E0484,1967.0,NON_HIGH_TARGET_ASSIGNMENT,MEDIUM,Career target assignment confidence is medium.
V1,MLV1_OLD_048,정주영,MLV1_OLD_048_E0485,1972.0,NON_HIGH_TARGET_ASSIGNMENT,MEDIUM,Career target assignment confidence is medium.
V1,MLV1_OLD_048,정주영,MLV1_OLD_048_E0486,1981.0,NON_HIGH_TARGET_ASSIGNMENT,MEDIUM,Career target assignment confidence is medium.
V1,MLV1_OLD_048,정주영,MLV1_OLD_048_E0487,1992.0,NON_HIGH_TARGET_ASSIGNMENT,MEDIUM,Career target assignment confidence is medium.
V1,MLV1_OLD_048,정주영,MLV1_OLD_048_E0490,2000.0,NON_HIGH_TARGET_ASSIGNMENT,MEDIUM,Career target assignment confidence is medium.
V1,MLV1_OLD_048,정주영,MLV1_OLD_048_E0491,2001.0,DEATH_EVENT_OWNER_UNVERIFIED,MEDIUM,"Death-like event exists, but the current schema does not prove that the deceased person is the subject. Manual/entity-ID review required."
V1,MLV1_OLD_048,정주영,,,BIRTH_TIME_UNKNOWN,MEDIUM,Exact birth time unavailable; not eligible for strict-time modeling.
V1,MLV1_OLD_049,이병철,MLV1_OLD_049_E0492,1938.0,NON_HIGH_TARGET_ASSIGNMENT,MEDIUM,Career target assignment confidence is medium.
V1,MLV1_OLD_049,이병철,MLV1_OLD_049_E0493,1951.0,NON_HIGH_TARGET_ASSIGNMENT,MEDIUM,Career target assignment confidence is medium.
V1,MLV1_OLD_049,이병철,MLV1_OLD_049_E0494,1953.0,NON_HIGH_TARGET_ASSIGNMENT,MEDIUM,Career target assignment confidence is medium.
V1,MLV1_OLD_049,이병철,MLV1_OLD_049_E0495,1954.0,NON_HIGH_TARGET_ASSIGNMENT,MEDIUM,Career target assignment confidence is medium.
V1,MLV1_OLD_049,이병철,MLV1_OLD_049_E0496,1969.0,NON_HIGH_TARGET_ASSIGNMENT,MEDIUM,Career target assignment confidence is medium.
V1,MLV1_OLD_049,이병철,MLV1_OLD_049_E0500,1987.0,DEATH_EVENT_OWNER_UNVERIFIED,MEDIUM,"Death-like event exists, but the current schema does not prove that the deceased person is the subject. Manual/entity-ID review required."
V1,MLV1_OLD_049,이병철,,,BIRTH_TIME_UNKNOWN,MEDIUM,Exact birth time unavailable; not eligible for strict-time modeling.
V1,MLV1_OLD_050,신해철,MLV1_OLD_050_E0507,2014.0,DEATH_EVENT_OWNER_UNVERIFIED,MEDIUM,"Death-like event exists, but the current schema does not prove that the deceased person is the subject. Manual/entity-ID review required."
V1,MLV1_OLD_050,신해철,,,BIRTH_TIME_UNKNOWN,MEDIUM,Exact birth time unavailable; not eligible for strict-time modeling.
V1,MLV1_OLD_051,서태지,MLV1_OLD_051_E0508,1992.0,NON_HIGH_TARGET_ASSIGNMENT,MEDIUM,Career target assignment confidence is medium.
V1,MLV1_OLD_051,서태지,MLV1_OLD_051_E0511,2000.0,NON_HIGH_TARGET_ASSIGNMENT,MEDIUM,Career target assignment confidence is medium.
V1,MLV1_OLD_051,서태지,,,BIRTH_TIME_UNKNOWN,MEDIUM,Exact birth time unavailable; not eligible for strict-time modeling.
V1,MLV1_OLD_052,노무현,MLV1_OLD_052_E0525,2000.0,NON_HIGH_TARGET_ASSIGNMENT,MEDIUM,Career target assignment confidence is medium.
V1,MLV1_OLD_052,노무현,MLV1_OLD_052_E0521,2002.0,NON_HIGH_TARGET_ASSIGNMENT,MEDIUM,Career target assignment confidence is medium.
V1,MLV1_OLD_052,노무현,MLV1_OLD_052_E0522,2003.0,NON_HIGH_TARGET_ASSIGNMENT,MEDIUM,Career target assignment confidence is medium.
V1,MLV1_OLD_052,노무현,MLV1_OLD_052_E0523,2004.0,NON_HIGH_TARGET_ASSIGNMENT,MEDIUM,Career target assignment confidence is medium.
V1,MLV1_OLD_052,노무현,MLV1_OLD_052_E0526,2004.0,NON_HIGH_TARGET_ASSIGNMENT,MEDIUM,Career target assignment confidence is medium.
V1,MLV1_OLD_052,노무현,MLV1_OLD_052_E0527,2009.0,DEATH_EVENT_OWNER_UNVERIFIED,MEDIUM,"Death-like event exists, but the current schema does not prove that the deceased person is the subject. Manual/entity-ID review required."
V1,MLV1_OLD_052,노무현,,,BIRTH_TIME_UNKNOWN,MEDIUM,Exact birth time unavailable; not eligible for strict-time modeling.
V1,MLV1_OLD_053,전소연,MLV1_OLD_053_E0529,2016.0,NON_HIGH_TARGET_ASSIGNMENT,MEDIUM,Career target assignment confidence is medium.
V1,MLV1_OLD_053,전소연,MLV1_OLD_053_E0536,2016.0,NON_HIGH_TARGET_ASSIGNMENT,MEDIUM,Career target assignment confidence is medium.
V1,MLV1_OLD_053,전소연,MLV1_OLD_053_E0530,2017.0,NON_HIGH_TARGET_ASSIGNMENT,MEDIUM,Career target assignment confidence is medium.
V1,MLV1_OLD_053,전소연,MLV1_OLD_053_E0531,2018.0,NON_HIGH_TARGET_ASSIGNMENT,MEDIUM,Career target assignment confidence is medium.
V1,MLV1_OLD_053,전소연,MLV1_OLD_053_E0533,2022.0,NON_HIGH_TARGET_ASSIGNMENT,MEDIUM,Career target assignment confidence is medium.
V1,MLV1_OLD_053,전소연,MLV1_OLD_053_E0534,2023.0,NON_HIGH_TARGET_ASSIGNMENT,MEDIUM,Career target assignment confidence is medium.
V1,MLV1_OLD_054,강호동,MLV1_OLD_054_E0541,1993.0,NON_HIGH_TARGET_ASSIGNMENT,MEDIUM,Career target assignment confidence is medium.
V1,MLV1_OLD_054,강호동,MLV1_OLD_054_E0547,2011.0,NON_HIGH_TARGET_ASSIGNMENT,MEDIUM,Career target assignment confidence is medium.
V1,MLV1_OLD_054,강호동,MLV1_OLD_054_E0545,2012.0,NON_HIGH_TARGET_ASSIGNMENT,MEDIUM,Career target assignment confidence is medium.
V1,MLV1_OLD_054,강호동,MLV1_OLD_054_E0546,2015.0,NON_HIGH_TARGET_ASSIGNMENT,MEDIUM,Career target assignment confidence is medium.
V1,MLV1_OLD_056,권지용,MLV1_OLD_056_E0573,2006.0,NON_HIGH_TARGET_ASSIGNMENT,MEDIUM,Career target assignment confidence is medium.
V1,MLV1_OLD_056,권지용,MLV1_OLD_056_E0580,2024.0,NON_HIGH_TARGET_ASSIGNMENT,MEDIUM,Career target assignment confidence is medium.
V1,MLV1_OLD_056,권지용,MLV1_OLD_056_E0581,2025.0,NON_HIGH_TARGET_ASSIGNMENT,MEDIUM,Career target assignment confidence is medium.
V1,MLV1_OLD_056,권지용,,,BIRTH_TIME_UNKNOWN,MEDIUM,Exact birth time unavailable; not eligible for strict-time modeling.
V1,MLV1_PUB_001,Aaron Spelling,MLV1_PUB_001_E0644,2006.0,DEATH_EVENT_OWNER_UNVERIFIED,MEDIUM,"Death-like event exists, but the current schema does not prove that the deceased person is the subject. Manual/entity-ID review required."
V1,MLV1_PUB_002,Amanda Knox,MLV1_PUB_002_E0645,2011.0,NON_HIGH_TARGET_ASSIGNMENT,MEDIUM,Career target assignment confidence is medium.
V1,MLV1_PUB_008,Diahann Carroll,MLV1_PUB_008_E0672,2019.0,DEATH_EVENT_OWNER_UNVERIFIED,MEDIUM,"Death-like event exists, but the current schema does not prove that the deceased person is the subject. Manual/entity-ID review required."
V1,MLV1_PUB_009,Farrah Fawcett,MLV1_PUB_009_E0676,2009.0,DEATH_EVENT_OWNER_UNVERIFIED,MEDIUM,"Death-like event exists, but the current schema does not prove that the deceased person is the subject. Manual/entity-ID review required."
V1,MLV1_PUB_010,Harrison Dillard,MLV1_PUB_010_E0680,2019.0,DEATH_EVENT_OWNER_UNVERIFIED,MEDIUM,"Death-like event exists, but the current schema does not prove that the deceased person is the subject. Manual/entity-ID review required."
V1,MLV1_PUB_015,Mark Ruffalo,MLV1_PUB_015_E0700,2008.0,DEATH_EVENT_OWNER_UNVERIFIED,MEDIUM,"Death-like event exists, but the current schema does not prove that the deceased person is the subject. Manual/entity-ID review required."
V1,MLV1_PUB_019,Rock Hudson,MLV1_PUB_019_E0716,1985.0,DEATH_EVENT_OWNER_UNVERIFIED,MEDIUM,"Death-like event exists, but the current schema does not prove that the deceased person is the subject. Manual/entity-ID review required."
V1,MLV1_PUB_021,Sally Ride,MLV1_PUB_021_E0724,2012.0,DEATH_EVENT_OWNER_UNVERIFIED,MEDIUM,"Death-like event exists, but the current schema does not prove that the deceased person is the subject. Manual/entity-ID review required."
V1,MLV1_PUB_022,Salvador Allende,MLV1_PUB_022_E0728,1973.0,DEATH_EVENT_OWNER_UNVERIFIED,MEDIUM,"Death-like event exists, but the current schema does not prove that the deceased person is the subject. Manual/entity-ID review required."
V1,MLV1_PUB_023,Steve McQueen,MLV1_PUB_023_E0732,1980.0,DEATH_EVENT_OWNER_UNVERIFIED,MEDIUM,"Death-like event exists, but the current schema does not prove that the deceased person is the subject. Manual/entity-ID review required."
V1,MLV1_PUB_024,Whoopi Goldberg,MLV1_PUB_024_E0736,2019.0,DEATH_EVENT_OWNER_UNVERIFIED,MEDIUM,"Death-like event exists, but the current schema does not prove that the deceased person is the subject. Manual/entity-ID review required."
V2_NEW_DEV,MLV2_DEV_001,Aaron Eckhart,MLV2_DEV_001_E0001,2000.0,SECOND_SOURCE_AUDIT_REQUIRED,MEDIUM,Legacy verification status requests a second source.
V2_NEW_DEV,MLV2_DEV_001,Aaron Eckhart,MLV2_DEV_001_E0002,2008.0,SECOND_SOURCE_AUDIT_REQUIRED,MEDIUM,Legacy verification status requests a second source.
V2_NEW_DEV,MLV2_DEV_001,Aaron Eckhart,MLV2_DEV_001_E0003,2014.0,SECOND_SOURCE_AUDIT_REQUIRED,MEDIUM,Legacy verification status requests a second source.
V2_NEW_DEV,MLV2_DEV_001,Aaron Eckhart,MLV2_DEV_001_E0003,2014.0,NON_HIGH_TARGET_ASSIGNMENT,MEDIUM,Career target assignment confidence is medium.
V2_NEW_DEV,MLV2_DEV_002,Abigail Johnson,MLV2_DEV_002_E0001,2014.0,SECOND_SOURCE_AUDIT_REQUIRED,MEDIUM,Legacy verification status requests a second source.
V2_NEW_DEV,MLV2_DEV_002,Abigail Johnson,MLV2_DEV_002_E0002,2016.0,SECOND_SOURCE_AUDIT_REQUIRED,MEDIUM,Legacy verification status requests a second source.
V2_NEW_DEV,MLV2_DEV_002,Abigail Johnson,MLV2_DEV_002_E0003,2017.0,SECOND_SOURCE_AUDIT_REQUIRED,MEDIUM,Legacy verification status requests a second source.
V2_NEW_DEV,MLV2_DEV_002,Abigail Johnson,MLV2_DEV_002_E0003,2017.0,NON_HIGH_TARGET_ASSIGNMENT,MEDIUM,Career target assignment confidence is medium.
V2_NEW_DEV,MLV2_DEV_003,Jennifer Aniston,MLV2_DEV_003_E0001,1994.0,SECOND_SOURCE_AUDIT_REQUIRED,MEDIUM,Legacy verification status requests a second source.
V2_NEW_DEV,MLV2_DEV_003,Jennifer Aniston,MLV2_DEV_003_E0002,2002.0,SECOND_SOURCE_AUDIT_REQUIRED,MEDIUM,Legacy verification status requests a second source.
V2_NEW_DEV,MLV2_DEV_003,Jennifer Aniston,MLV2_DEV_003_E0003,2010.0,SECOND_SOURCE_AUDIT_REQUIRED,MEDIUM,Legacy verification status requests a second source.
V2_NEW_DEV,MLV2_DEV_003,Jennifer Aniston,MLV2_DEV_003_E0003,2010.0,NON_HIGH_TARGET_ASSIGNMENT,MEDIUM,Career target assignment confidence is medium.
V2_NEW_DEV,MLV2_DEV_004,Jennifer Coolidge,MLV2_DEV_004_E0001,1999.0,SECOND_SOURCE_AUDIT_REQUIRED,MEDIUM,Legacy verification status requests a second source.
V2_NEW_DEV,MLV2_DEV_004,Jennifer Coolidge,MLV2_DEV_004_E0002,2010.0,SECOND_SOURCE_AUDIT_REQUIRED,MEDIUM,Legacy verification status requests a second source.
V2_NEW_DEV,MLV2_DEV_004,Jennifer Coolidge,MLV2_DEV_004_E0002,2010.0,NON_HIGH_TARGET_ASSIGNMENT,MEDIUM,Career target assignment confidence is medium.
V2_NEW_DEV,MLV2_DEV_004,Jennifer Coolidge,MLV2_DEV_004_E0003,2022.0,SECOND_SOURCE_AUDIT_REQUIRED,MEDIUM,Legacy verification status requests a second source.
V2_NEW_DEV,MLV2_DEV_005,Julia Roberts,MLV2_DEV_005_E0001,1990.0,SECOND_SOURCE_AUDIT_REQUIRED,MEDIUM,Legacy verification status requests a second source.
V2_NEW_DEV,MLV2_DEV_005,Julia Roberts,MLV2_DEV_005_E0002,1996.0,SECOND_SOURCE_AUDIT_REQUIRED,MEDIUM,Legacy verification status requests a second source.
V2_NEW_DEV,MLV2_DEV_005,Julia Roberts,MLV2_DEV_005_E0003,2001.0,SECOND_SOURCE_AUDIT_REQUIRED,MEDIUM,Legacy verification status requests a second source.
V2_NEW_DEV,MLV2_DEV_006,Julianne Moore,MLV2_DEV_006_E0001,2002.0,SECOND_SOURCE_AUDIT_REQUIRED,MEDIUM,Legacy verification status requests a second source.
V2_NEW_DEV,MLV2_DEV_006,Julianne Moore,MLV2_DEV_006_E0002,2015.0,SECOND_SOURCE_AUDIT_REQUIRED,MEDIUM,Legacy verification status requests a second source.
V2_NEW_DEV,MLV2_DEV_006,Julianne Moore,MLV2_DEV_006_E0003,2017.0,SECOND_SOURCE_AUDIT_REQUIRED,MEDIUM,Legacy verification status requests a second source.
V2_NEW_DEV,MLV2_DEV_006,Julianne Moore,MLV2_DEV_006_E0003,2017.0,NON_HIGH_TARGET_ASSIGNMENT,MEDIUM,Career target assignment confidence is medium.
V2_NEW_DEV,MLV2_DEV_007,Julie Delpy,MLV2_DEV_007_E0001,1995.0,SECOND_SOURCE_AUDIT_REQUIRED,MEDIUM,Legacy verification status requests a second source.
V2_NEW_DEV,MLV2_DEV_007,Julie Delpy,MLV2_DEV_007_E0002,2004.0,SECOND_SOURCE_AUDIT_REQUIRED,MEDIUM,Legacy verification status requests a second source.
V2_NEW_DEV,MLV2_DEV_007,Julie Delpy,MLV2_DEV_007_E0003,2009.0,SECOND_SOURCE_AUDIT_REQUIRED,MEDIUM,Legacy verification status requests a second source.
V2_NEW_DEV,MLV2_DEV_007,Julie Delpy,MLV2_DEV_007_E0003,2009.0,NON_HIGH_TARGET_ASSIGNMENT,MEDIUM,Career target assignment confidence is medium.
V2_NEW_DEV,MLV2_DEV_008,Jenna Elfman,MLV2_DEV_008_E0001,1997.0,SECOND_SOURCE_AUDIT_REQUIRED,MEDIUM,Legacy verification status requests a second source.
V2_NEW_DEV,MLV2_DEV_008,Jenna Elfman,MLV2_DEV_008_E0002,1999.0,SECOND_SOURCE_AUDIT_REQUIRED,MEDIUM,Legacy verification status requests a second source.
V2_NEW_DEV,MLV2_DEV_008,Jenna Elfman,MLV2_DEV_008_E0003,2002.0,SECOND_SOURCE_AUDIT_REQUIRED,MEDIUM,Legacy verification status requests a second source.
V2_NEW_DEV,MLV2_DEV_008,Jenna Elfman,MLV2_DEV_008_E0003,2002.0,NON_HIGH_TARGET_ASSIGNMENT,MEDIUM,Career target assignment confidence is medium.
V2_NEW_DEV,MLV2_DEV_009,Katy Perry,MLV2_DEV_009_E0001,2008.0,SECOND_SOURCE_AUDIT_REQUIRED,MEDIUM,Legacy verification status requests a second source.
V2_NEW_DEV,MLV2_DEV_009,Katy Perry,MLV2_DEV_009_E0002,2010.0,SECOND_SOURCE_AUDIT_REQUIRED,MEDIUM,Legacy verification status requests a second source.
V2_NEW_DEV,MLV2_DEV_009,Katy Perry,MLV2_DEV_009_E0003,2017.0,SECOND_SOURCE_AUDIT_REQUIRED,MEDIUM,Legacy verification status requests a second source.
V2_NEW_DEV,MLV2_DEV_009,Katy Perry,MLV2_DEV_009_E0003,2017.0,NON_HIGH_TARGET_ASSIGNMENT,MEDIUM,Career target assignment confidence is medium.
V2_NEW_DEV,MLV2_DEV_010,Amber Tamblyn,MLV2_DEV_010_E0001,2003.0,SECOND_SOURCE_AUDIT_REQUIRED,MEDIUM,Legacy verification status requests a second source.
V2_NEW_DEV,MLV2_DEV_010,Amber Tamblyn,MLV2_DEV_010_E0002,2004.0,SECOND_SOURCE_AUDIT_REQUIRED,MEDIUM,Legacy verification status requests a second source.
V2_NEW_DEV,MLV2_DEV_010,Amber Tamblyn,MLV2_DEV_010_E0003,2005.0,SECOND_SOURCE_AUDIT_REQUIRED,MEDIUM,Legacy verification status requests a second source.
V2_NEW_DEV,MLV2_DEV_010,Amber Tamblyn,MLV2_DEV_010_E0003,2005.0,NON_HIGH_TARGET_ASSIGNMENT,MEDIUM,Career target assignment confidence is medium.
V2_NEW_DEV,MLV2_DEV_011,Antonio Banderas,MLV2_DEV_011_E0001,1998.0,SECOND_SOURCE_AUDIT_REQUIRED,MEDIUM,Legacy verification status requests a second source.
V2_NEW_DEV,MLV2_DEV_011,Antonio Banderas,MLV2_DEV_011_E0002,2002.0,SECOND_SOURCE_AUDIT_REQUIRED,MEDIUM,Legacy verification status requests a second source.
V2_NEW_DEV,MLV2_DEV_011,Antonio Banderas,MLV2_DEV_011_E0003,2019.0,SECOND_SOURCE_AUDIT_REQUIRED,MEDIUM,Legacy verification status requests a second source.
V2_NEW_DEV,MLV2_DEV_012,Billy Crystal,MLV2_DEV_012_E0001,1989.0,SECOND_SOURCE_AUDIT_REQUIRED,MEDIUM,Legacy verification status requests a second source.
V2_NEW_DEV,MLV2_DEV_012,Billy Crystal,MLV2_DEV_012_E0002,1992.0,SECOND_SOURCE_AUDIT_REQUIRED,MEDIUM,Legacy verification status requests a second source.
V2_NEW_DEV,MLV2_DEV_012,Billy Crystal,MLV2_DEV_012_E0002,1992.0,NON_HIGH_TARGET_ASSIGNMENT,MEDIUM,Career target assignment confidence is medium.
V2_NEW_DEV,MLV2_DEV_012,Billy Crystal,MLV2_DEV_012_E0003,1998.0,SECOND_SOURCE_AUDIT_REQUIRED,MEDIUM,Legacy verification status requests a second source.
V2_NEW_DEV,MLV2_DEV_012,Billy Crystal,MLV2_DEV_012_E0003,1998.0,NON_HIGH_TARGET_ASSIGNMENT,MEDIUM,Career target assignment confidence is medium.
V2_NEW_DEV,MLV2_DEV_013,Billy Dee Williams,MLV2_DEV_013_E0001,1980.0,SECOND_SOURCE_AUDIT_REQUIRED,MEDIUM,Legacy verification status requests a second source.
V2_NEW_DEV,MLV2_DEV_013,Billy Dee Williams,MLV2_DEV_013_E0002,1995.0,SECOND_SOURCE_AUDIT_REQUIRED,MEDIUM,Legacy verification status requests a second source.
V2_NEW_DEV,MLV2_DEV_013,Billy Dee Williams,MLV2_DEV_013_E0002,1995.0,NON_HIGH_TARGET_ASSIGNMENT,MEDIUM,Career target assignment confidence is medium.
V2_NEW_DEV,MLV2_DEV_013,Billy Dee Williams,MLV2_DEV_013_E0003,2019.0,SECOND_SOURCE_AUDIT_REQUIRED,MEDIUM,Legacy verification status requests a second source.
V2_NEW_DEV,MLV2_DEV_014,Steve Prefontaine,MLV2_DEV_014_E0001,1971.0,SECOND_SOURCE_AUDIT_REQUIRED,MEDIUM,Legacy verification status requests a second source.
V2_NEW_DEV,MLV2_DEV_014,Steve Prefontaine,MLV2_DEV_014_E0001,1971.0,NON_HIGH_TARGET_ASSIGNMENT,MEDIUM,Career target assignment confidence is medium.
V2_NEW_DEV,MLV2_DEV_014,Steve Prefontaine,MLV2_DEV_014_E0003,1972.0,SECOND_SOURCE_AUDIT_REQUIRED,MEDIUM,Legacy verification status requests a second source.
V2_NEW_DEV,MLV2_DEV_014,Steve Prefontaine,MLV2_DEV_014_E0003,1972.0,NON_HIGH_TARGET_ASSIGNMENT,MEDIUM,Career target assignment confidence is medium.
V2_NEW_DEV,MLV2_DEV_014,Steve Prefontaine,MLV2_DEV_014_E0002,1973.0,SECOND_SOURCE_AUDIT_REQUIRED,MEDIUM,Legacy verification status requests a second source.
V2_NEW_DEV,MLV2_DEV_014,Steve Prefontaine,MLV2_DEV_014_E0002,1973.0,NON_HIGH_TARGET_ASSIGNMENT,MEDIUM,Career target assignment confidence is medium.
V2_NEW_DEV,MLV2_DEV_015,Cameron Diaz,MLV2_DEV_015_E0001,1994.0,SECOND_SOURCE_AUDIT_REQUIRED,MEDIUM,Legacy verification status requests a second source.
V2_NEW_DEV,MLV2_DEV_015,Cameron Diaz,MLV2_DEV_015_E0002,1998.0,SECOND_SOURCE_AUDIT_REQUIRED,MEDIUM,Legacy verification status requests a second source.
V2_NEW_DEV,MLV2_DEV_015,Cameron Diaz,MLV2_DEV_015_E0003,2014.0,SECOND_SOURCE_AUDIT_REQUIRED,MEDIUM,Legacy verification status requests a second source.
V2_NEW_DEV,MLV2_DEV_015,Cameron Diaz,MLV2_DEV_015_E0003,2014.0,NON_HIGH_TARGET_ASSIGNMENT,MEDIUM,Career target assignment confidence is medium.
V2_NEW_DEV,MLV2_DEV_016,Carson Daly,MLV2_DEV_016_E0001,1998.0,SECOND_SOURCE_AUDIT_REQUIRED,MEDIUM,Legacy verification status requests a second source.
V2_NEW_DEV,MLV2_DEV_016,Carson Daly,MLV2_DEV_016_E0002,2002.0,SECOND_SOURCE_AUDIT_REQUIRED,MEDIUM,Legacy verification status requests a second source.
V2_NEW_DEV,MLV2_DEV_016,Carson Daly,MLV2_DEV_016_E0003,2019.0,SECOND_SOURCE_AUDIT_REQUIRED,MEDIUM,Legacy verification status requests a second source.
V2_NEW_DEV,MLV2_DEV_016,Carson Daly,MLV2_DEV_016_E0003,2019.0,NON_HIGH_TARGET_ASSIGNMENT,MEDIUM,Career target assignment confidence is medium.
V2_NEW_DEV,MLV2_DEV_017,Cher,MLV2_DEV_017_E0001,1971.0,SECOND_SOURCE_AUDIT_REQUIRED,MEDIUM,Legacy verification status requests a second source.
V2_NEW_DEV,MLV2_DEV_017,Cher,MLV2_DEV_017_E0002,1977.0,SECOND_SOURCE_AUDIT_REQUIRED,MEDIUM,Legacy verification status requests a second source.
V2_NEW_DEV,MLV2_DEV_017,Cher,MLV2_DEV_017_E0002,1977.0,NON_HIGH_TARGET_ASSIGNMENT,MEDIUM,Career target assignment confidence is medium.
V2_NEW_DEV,MLV2_DEV_017,Cher,MLV2_DEV_017_E0003,1988.0,SECOND_SOURCE_AUDIT_REQUIRED,MEDIUM,Legacy verification status requests a second source.
V2_NEW_DEV,MLV2_DEV_018,Cheech Marin,MLV2_DEV_018_E0001,1978.0,SECOND_SOURCE_AUDIT_REQUIRED,MEDIUM,Legacy verification status requests a second source.
V2_NEW_DEV,MLV2_DEV_018,Cheech Marin,MLV2_DEV_018_E0002,1985.0,SECOND_SOURCE_AUDIT_REQUIRED,MEDIUM,Legacy verification status requests a second source.
V2_NEW_DEV,MLV2_DEV_018,Cheech Marin,MLV2_DEV_018_E0002,1985.0,NON_HIGH_TARGET_ASSIGNMENT,MEDIUM,Career target assignment confidence is medium.
V2_NEW_DEV,MLV2_DEV_018,Cheech Marin,MLV2_DEV_018_E0003,2022.0,SECOND_SOURCE_AUDIT_REQUIRED,MEDIUM,Legacy verification status requests a second source.
V2_NEW_DEV,MLV2_DEV_019,Cindy Crawford,MLV2_DEV_019_E0001,1988.0,SECOND_SOURCE_AUDIT_REQUIRED,MEDIUM,Legacy verification status requests a second source.
V2_NEW_DEV,MLV2_DEV_019,Cindy Crawford,MLV2_DEV_019_E0001,1988.0,NON_HIGH_TARGET_ASSIGNMENT,MEDIUM,Career target assignment confidence is medium.
V2_NEW_DEV,MLV2_DEV_019,Cindy Crawford,MLV2_DEV_019_E0002,1992.0,SECOND_SOURCE_AUDIT_REQUIRED,MEDIUM,Legacy verification status requests a second source.
V2_NEW_DEV,MLV2_DEV_019,Cindy Crawford,MLV2_DEV_019_E0003,1995.0,SECOND_SOURCE_AUDIT_REQUIRED,MEDIUM,Legacy verification status requests a second source.
V2_NEW_DEV,MLV2_DEV_020,Cindy Sherman,MLV2_DEV_020_E0001,1981.0,SECOND_SOURCE_AUDIT_REQUIRED,MEDIUM,Legacy verification status requests a second source.
V2_NEW_DEV,MLV2_DEV_020,Cindy Sherman,MLV2_DEV_020_E0001,1981.0,NON_HIGH_TARGET_ASSIGNMENT,MEDIUM,Career target assignment confidence is medium.
V2_NEW_DEV,MLV2_DEV_020,Cindy Sherman,MLV2_DEV_020_E0002,1995.0,SECOND_SOURCE_AUDIT_REQUIRED,MEDIUM,Legacy verification status requests a second source.
V2_NEW_DEV,MLV2_DEV_020,Cindy Sherman,MLV2_DEV_020_E0003,1997.0,SECOND_SOURCE_AUDIT_REQUIRED,MEDIUM,Legacy verification status requests a second source.
V2_NEW_DEV,MLV2_DEV_020,Cindy Sherman,MLV2_DEV_020_E0003,1997.0,NON_HIGH_TARGET_ASSIGNMENT,MEDIUM,Career target assignment confidence is medium.
V2_NEW_DEV,MLV2_DEV_021,Clint Eastwood,MLV2_DEV_021_E0001,1989.0,SECOND_SOURCE_AUDIT_REQUIRED,MEDIUM,Legacy verification status requests a second source.
V2_NEW_DEV,MLV2_DEV_021,Clint Eastwood,MLV2_DEV_021_E0001,1989.0,NON_HIGH_TARGET_ASSIGNMENT,MEDIUM,Career target assignment confidence is medium.
V2_NEW_DEV,MLV2_DEV_021,Clint Eastwood,MLV2_DEV_021_E0002,1992.0,SECOND_SOURCE_AUDIT_REQUIRED,MEDIUM,Legacy verification status requests a second source.
V2_NEW_DEV,MLV2_DEV_021,Clint Eastwood,MLV2_DEV_021_E0003,2005.0,SECOND_SOURCE_AUDIT_REQUIRED,MEDIUM,Legacy verification status requests a second source.
V2_NEW_DEV,MLV2_DEV_022,Glenn Close,MLV2_DEV_022_E0001,1983.0,SECOND_SOURCE_AUDIT_REQUIRED,MEDIUM,Legacy verification status requests a second source.
V2_NEW_DEV,MLV2_DEV_022,Glenn Close,MLV2_DEV_022_E0001,1983.0,NON_HIGH_TARGET_ASSIGNMENT,MEDIUM,Career target assignment confidence is medium.
V2_NEW_DEV,MLV2_DEV_022,Glenn Close,MLV2_DEV_022_E0002,2020.0,SECOND_SOURCE_AUDIT_REQUIRED,MEDIUM,Legacy verification status requests a second source.
V2_NEW_DEV,MLV2_DEV_022,Glenn Close,MLV2_DEV_022_E0002,2020.0,NON_HIGH_TARGET_ASSIGNMENT,MEDIUM,Career target assignment confidence is medium.
V2_NEW_DEV,MLV2_DEV_022,Glenn Close,MLV2_DEV_022_E0003,2021.0,SECOND_SOURCE_AUDIT_REQUIRED,MEDIUM,Legacy verification status requests a second source.
V2_NEW_DEV,MLV2_DEV_022,Glenn Close,MLV2_DEV_022_E0003,2021.0,NON_HIGH_TARGET_ASSIGNMENT,MEDIUM,Career target assignment confidence is medium.
V2_NEW_DEV,MLV2_DEV_023,Goldie Hawn,MLV2_DEV_023_E0001,1970.0,SECOND_SOURCE_AUDIT_REQUIRED,MEDIUM,Legacy verification status requests a second source.
V2_NEW_DEV,MLV2_DEV_023,Goldie Hawn,MLV2_DEV_023_E0002,1980.0,SECOND_SOURCE_AUDIT_REQUIRED,MEDIUM,Legacy verification status requests a second source.
V2_NEW_DEV,MLV2_DEV_023,Goldie Hawn,MLV2_DEV_023_E0003,2001.0,SECOND_SOURCE_AUDIT_REQUIRED,MEDIUM,Legacy verification status requests a second source.
V2_NEW_DEV,MLV2_DEV_024,Gonzalo Higuain,MLV2_DEV_024_E0001,2012.0,SECOND_SOURCE_AUDIT_REQUIRED,MEDIUM,Legacy verification status requests a second source.
V2_NEW_DEV,MLV2_DEV_024,Gonzalo Higuain,MLV2_DEV_024_E0002,2014.0,SECOND_SOURCE_AUDIT_REQUIRED,MEDIUM,Legacy verification status requests a second source.
V2_NEW_DEV,MLV2_DEV_024,Gonzalo Higuain,MLV2_DEV_024_E0002,2014.0,NON_HIGH_TARGET_ASSIGNMENT,MEDIUM,Career target assignment confidence is medium.
V2_NEW_DEV,MLV2_DEV_024,Gonzalo Higuain,MLV2_DEV_024_E0003,2016.0,SECOND_SOURCE_AUDIT_REQUIRED,MEDIUM,Legacy verification status requests a second source.
V2_NEW_DEV,MLV2_DEV_025,Gwyneth Paltrow,MLV2_DEV_025_E0001,1999.0,SECOND_SOURCE_AUDIT_REQUIRED,MEDIUM,Legacy verification status requests a second source.
V2_NEW_DEV,MLV2_DEV_025,Gwyneth Paltrow,MLV2_DEV_025_E0002,2003.0,SECOND_SOURCE_AUDIT_REQUIRED,MEDIUM,Legacy verification status requests a second source.
V2_NEW_DEV,MLV2_DEV_025,Gwyneth Paltrow,MLV2_DEV_025_E0002,2003.0,NON_HIGH_TARGET_ASSIGNMENT,MEDIUM,Career target assignment confidence is medium.
V2_NEW_DEV,MLV2_DEV_025,Gwyneth Paltrow,MLV2_DEV_025_E0003,2008.0,SECOND_SOURCE_AUDIT_REQUIRED,MEDIUM,Legacy verification status requests a second source.
V2_NEW_DEV,MLV2_DEV_026,Helen Hunt,MLV2_DEV_026_E0001,1996.0,SECOND_SOURCE_AUDIT_REQUIRED,MEDIUM,Legacy verification status requests a second source.
V2_NEW_DEV,MLV2_DEV_026,Helen Hunt,MLV2_DEV_026_E0001,1996.0,NON_HIGH_TARGET_ASSIGNMENT,MEDIUM,Career target assignment confidence is medium.
V2_NEW_DEV,MLV2_DEV_026,Helen Hunt,MLV2_DEV_026_E0002,1997.0,SECOND_SOURCE_AUDIT_REQUIRED,MEDIUM,Legacy verification status requests a second source.
V2_NEW_DEV,MLV2_DEV_026,Helen Hunt,MLV2_DEV_026_E0003,2005.0,SECOND_SOURCE_AUDIT_REQUIRED,MEDIUM,Legacy verification status requests a second source.
V2_NEW_DEV,MLV2_DEV_026,Helen Hunt,MLV2_DEV_026_E0003,2005.0,NON_HIGH_TARGET_ASSIGNMENT,MEDIUM,Career target assignment confidence is medium.
V2_NEW_DEV,MLV2_DEV_027,Jamie Lee Curtis,MLV2_DEV_027_E0001,1978.0,SECOND_SOURCE_AUDIT_REQUIRED,MEDIUM,Legacy verification status requests a second source.
V2_NEW_DEV,MLV2_DEV_027,Jamie Lee Curtis,MLV2_DEV_027_E0002,1999.0,SECOND_SOURCE_AUDIT_REQUIRED,MEDIUM,Legacy verification status requests a second source.
V2_NEW_DEV,MLV2_DEV_027,Jamie Lee Curtis,MLV2_DEV_027_E0003,2023.0,SECOND_SOURCE_AUDIT_REQUIRED,MEDIUM,Legacy verification status requests a second source.
V2_NEW_DEV,MLV2_DEV_028,Jane Curtin,MLV2_DEV_028_E0001,1975.0,SECOND_SOURCE_AUDIT_REQUIRED,MEDIUM,Legacy verification status requests a second source.
V2_NEW_DEV,MLV2_DEV_028,Jane Curtin,MLV2_DEV_028_E0002,1984.0,SECOND_SOURCE_AUDIT_REQUIRED,MEDIUM,Legacy verification status requests a second source.
V2_NEW_DEV,MLV2_DEV_028,Jane Curtin,MLV2_DEV_028_E0002,1984.0,NON_HIGH_TARGET_ASSIGNMENT,MEDIUM,Career target assignment confidence is medium.
V2_NEW_DEV,MLV2_DEV_028,Jane Curtin,MLV2_DEV_028_E0003,1990.0,SECOND_SOURCE_AUDIT_REQUIRED,MEDIUM,Legacy verification status requests a second source.
V2_NEW_DEV,MLV2_DEV_028,Jane Curtin,MLV2_DEV_028_E0003,1990.0,NON_HIGH_TARGET_ASSIGNMENT,MEDIUM,Career target assignment confidence is medium.
V2_NEW_DEV,MLV2_DEV_029,Jeff Bagwell,MLV2_DEV_029_E0001,1994.0,SECOND_SOURCE_AUDIT_REQUIRED,MEDIUM,Legacy verification status requests a second source.
V2_NEW_DEV,MLV2_DEV_029,Jeff Bagwell,MLV2_DEV_029_E0002,2005.0,SECOND_SOURCE_AUDIT_REQUIRED,MEDIUM,Legacy verification status requests a second source.
V2_NEW_DEV,MLV2_DEV_029,Jeff Bagwell,MLV2_DEV_029_E0003,2017.0,SECOND_SOURCE_AUDIT_REQUIRED,MEDIUM,Legacy verification status requests a second source.
V2_NEW_DEV,MLV2_DEV_030,Jodie Foster,MLV2_DEV_030_E0001,1989.0,SECOND_SOURCE_AUDIT_REQUIRED,MEDIUM,Legacy verification status requests a second source.
V2_NEW_DEV,MLV2_DEV_030,Jodie Foster,MLV2_DEV_030_E0002,1992.0,SECOND_SOURCE_AUDIT_REQUIRED,MEDIUM,Legacy verification status requests a second source.
V2_NEW_DEV,MLV2_DEV_030,Jodie Foster,MLV2_DEV_030_E0003,2011.0,SECOND_SOURCE_AUDIT_REQUIRED,MEDIUM,Legacy verification status requests a second source.
V2_NEW_DEV,MLV2_DEV_030,Jodie Foster,MLV2_DEV_030_E0003,2011.0,NON_HIGH_TARGET_ASSIGNMENT,MEDIUM,Career target assignment confidence is medium.
V2_NEW_DEV,MLV2_DEV_031,Jon Bon Jovi,MLV2_DEV_031_E0001,1986.0,SECOND_SOURCE_AUDIT_REQUIRED,MEDIUM,Legacy verification status requests a second source.
V2_NEW_DEV,MLV2_DEV_031,Jon Bon Jovi,MLV2_DEV_031_E0002,1990.0,SECOND_SOURCE_AUDIT_REQUIRED,MEDIUM,Legacy verification status requests a second source.
V2_NEW_DEV,MLV2_DEV_031,Jon Bon Jovi,MLV2_DEV_031_E0002,1990.0,NON_HIGH_TARGET_ASSIGNMENT,MEDIUM,Career target assignment confidence is medium.
V2_NEW_DEV,MLV2_DEV_031,Jon Bon Jovi,MLV2_DEV_031_E0003,2018.0,SECOND_SOURCE_AUDIT_REQUIRED,MEDIUM,Legacy verification status requests a second source.
V2_NEW_DEV,MLV2_DEV_032,Jon Huntsman,MLV2_DEV_032_E0001,2005.0,SECOND_SOURCE_AUDIT_REQUIRED,MEDIUM,Legacy verification status requests a second source.
V2_NEW_DEV,MLV2_DEV_032,Jon Huntsman,MLV2_DEV_032_E0002,2009.0,SECOND_SOURCE_AUDIT_REQUIRED,MEDIUM,Legacy verification status requests a second source.
V2_NEW_DEV,MLV2_DEV_032,Jon Huntsman,MLV2_DEV_032_E0003,2012.0,SECOND_SOURCE_AUDIT_REQUIRED,MEDIUM,Legacy verification status requests a second source.
V2_NEW_DEV,MLV2_DEV_032,Jon Huntsman,MLV2_DEV_032_E0003,2012.0,NON_HIGH_TARGET_ASSIGNMENT,MEDIUM,Career target assignment confidence is medium.
V2_NEW_DEV,MLV2_DEV_033,Kevin Costner,MLV2_DEV_033_E0001,1991.0,SECOND_SOURCE_AUDIT_REQUIRED,MEDIUM,Legacy verification status requests a second source.
V2_NEW_DEV,MLV2_DEV_033,Kevin Costner,MLV2_DEV_033_E0002,1995.0,SECOND_SOURCE_AUDIT_REQUIRED,MEDIUM,Legacy verification status requests a second source.
V2_NEW_DEV,MLV2_DEV_033,Kevin Costner,MLV2_DEV_033_E0002,1995.0,NON_HIGH_TARGET_ASSIGNMENT,MEDIUM,Career target assignment confidence is medium.
V2_NEW_DEV,MLV2_DEV_033,Kevin Costner,MLV2_DEV_033_E0003,2018.0,SECOND_SOURCE_AUDIT_REQUIRED,MEDIUM,Legacy verification status requests a second source.
V2_NEW_DEV,MLV2_DEV_034,Kevin Kline,MLV2_DEV_034_E0001,1989.0,SECOND_SOURCE_AUDIT_REQUIRED,MEDIUM,Legacy verification status requests a second source.
V2_NEW_DEV,MLV2_DEV_034,Kevin Kline,MLV2_DEV_034_E0002,1999.0,SECOND_SOURCE_AUDIT_REQUIRED,MEDIUM,Legacy verification status requests a second source.
V2_NEW_DEV,MLV2_DEV_034,Kevin Kline,MLV2_DEV_034_E0003,2017.0,SECOND_SOURCE_AUDIT_REQUIRED,MEDIUM,Legacy verification status requests a second source.
V2_NEW_DEV,MLV2_DEV_035,Kirsten Dunst,MLV2_DEV_035_E0001,2002.0,SECOND_SOURCE_AUDIT_REQUIRED,MEDIUM,Legacy verification status requests a second source.
V2_NEW_DEV,MLV2_DEV_035,Kirsten Dunst,MLV2_DEV_035_E0002,2008.0,SECOND_SOURCE_AUDIT_REQUIRED,MEDIUM,Legacy verification status requests a second source.
V2_NEW_DEV,MLV2_DEV_035,Kirsten Dunst,MLV2_DEV_035_E0002,2008.0,NON_HIGH_TARGET_ASSIGNMENT,MEDIUM,Career target assignment confidence is medium.
V2_NEW_DEV,MLV2_DEV_035,Kirsten Dunst,MLV2_DEV_035_E0003,2011.0,SECOND_SOURCE_AUDIT_REQUIRED,MEDIUM,Legacy verification status requests a second source.
V2_NEW_DEV,MLV2_DEV_036,Laura Dern,MLV2_DEV_036_E0001,1992.0,SECOND_SOURCE_AUDIT_REQUIRED,MEDIUM,Legacy verification status requests a second source.
V2_NEW_DEV,MLV2_DEV_036,Laura Dern,MLV2_DEV_036_E0002,2013.0,SECOND_SOURCE_AUDIT_REQUIRED,MEDIUM,Legacy verification status requests a second source.
V2_NEW_DEV,MLV2_DEV_036,Laura Dern,MLV2_DEV_036_E0002,2013.0,NON_HIGH_TARGET_ASSIGNMENT,MEDIUM,Career target assignment confidence is medium.
V2_NEW_DEV,MLV2_DEV_036,Laura Dern,MLV2_DEV_036_E0003,2020.0,SECOND_SOURCE_AUDIT_REQUIRED,MEDIUM,Legacy verification status requests a second source.
V2_NEW_DEV,MLV2_DEV_037,Laura Pausini,MLV2_DEV_037_E0001,1993.0,SECOND_SOURCE_AUDIT_REQUIRED,MEDIUM,Legacy verification status requests a second source.
V2_NEW_DEV,MLV2_DEV_037,Laura Pausini,MLV2_DEV_037_E0002,2002.0,SECOND_SOURCE_AUDIT_REQUIRED,MEDIUM,Legacy verification status requests a second source.
V2_NEW_DEV,MLV2_DEV_037,Laura Pausini,MLV2_DEV_037_E0002,2002.0,NON_HIGH_TARGET_ASSIGNMENT,MEDIUM,Career target assignment confidence is medium.
V2_NEW_DEV,MLV2_DEV_037,Laura Pausini,MLV2_DEV_037_E0003,2006.0,SECOND_SOURCE_AUDIT_REQUIRED,MEDIUM,Legacy verification status requests a second source.
V2_NEW_DEV,MLV2_DEV_038,Leonardo DiCaprio,MLV2_DEV_038_E0001,1997.0,SECOND_SOURCE_AUDIT_REQUIRED,MEDIUM,Legacy verification status requests a second source.
V2_NEW_DEV,MLV2_DEV_038,Leonardo DiCaprio,MLV2_DEV_038_E0002,2000.0,SECOND_SOURCE_AUDIT_REQUIRED,MEDIUM,Legacy verification status requests a second source.
V2_NEW_DEV,MLV2_DEV_038,Leonardo DiCaprio,MLV2_DEV_038_E0002,2000.0,NON_HIGH_TARGET_ASSIGNMENT,MEDIUM,Career target assignment confidence is medium.
V2_NEW_DEV,MLV2_DEV_038,Leonardo DiCaprio,MLV2_DEV_038_E0003,2016.0,SECOND_SOURCE_AUDIT_REQUIRED,MEDIUM,Legacy verification status requests a second source.
V2_NEW_DEV,MLV2_DEV_039,Leonardo Del Vecchio,MLV2_DEV_039_E0001,1961.0,SECOND_SOURCE_AUDIT_REQUIRED,MEDIUM,Legacy verification status requests a second source.
V2_NEW_DEV,MLV2_DEV_039,Leonardo Del Vecchio,MLV2_DEV_039_E0002,1999.0,SECOND_SOURCE_AUDIT_REQUIRED,MEDIUM,Legacy verification status requests a second source.
V2_NEW_DEV,MLV2_DEV_039,Leonardo Del Vecchio,MLV2_DEV_039_E0003,2014.0,SECOND_SOURCE_AUDIT_REQUIRED,MEDIUM,Legacy verification status requests a second source.
V2_NEW_DEV,MLV2_DEV_039,Leonardo Del Vecchio,MLV2_DEV_039_E0003,2014.0,NON_HIGH_TARGET_ASSIGNMENT,MEDIUM,Career target assignment confidence is medium.
V2_NEW_DEV,MLV2_DEV_040,Lisa Kudrow,MLV2_DEV_040_E0001,1994.0,SECOND_SOURCE_AUDIT_REQUIRED,MEDIUM,Legacy verification status requests a second source.
V2_NEW_DEV,MLV2_DEV_040,Lisa Kudrow,MLV2_DEV_040_E0002,1998.0,SECOND_SOURCE_AUDIT_REQUIRED,MEDIUM,Legacy verification status requests a second source.
V2_NEW_DEV,MLV2_DEV_040,Lisa Kudrow,MLV2_DEV_040_E0003,2005.0,SECOND_SOURCE_AUDIT_REQUIRED,MEDIUM,Legacy verification status requests a second source.
V2_NEW_DEV,MLV2_DEV_040,Lisa Kudrow,MLV2_DEV_040_E0003,2005.0,NON_HIGH_TARGET_ASSIGNMENT,MEDIUM,Career target assignment confidence is medium.
V2_NEW_DEV,MLV2_DEV_041,Lisa Ling,MLV2_DEV_041_E0001,1999.0,SECOND_SOURCE_AUDIT_REQUIRED,MEDIUM,Legacy verification status requests a second source.
V2_NEW_DEV,MLV2_DEV_041,Lisa Ling,MLV2_DEV_041_E0002,2014.0,SECOND_SOURCE_AUDIT_REQUIRED,MEDIUM,Legacy verification status requests a second source.
V2_NEW_DEV,MLV2_DEV_041,Lisa Ling,MLV2_DEV_041_E0003,2022.0,SECOND_SOURCE_AUDIT_REQUIRED,MEDIUM,Legacy verification status requests a second source.
V2_NEW_DEV,MLV2_DEV_041,Lisa Ling,MLV2_DEV_041_E0003,2022.0,NON_HIGH_TARGET_ASSIGNMENT,MEDIUM,Career target assignment confidence is medium.
V2_NEW_DEV,MLV2_DEV_042,Mark Knopfler,MLV2_DEV_042_E0001,1985.0,SECOND_SOURCE_AUDIT_REQUIRED,MEDIUM,Legacy verification status requests a second source.
V2_NEW_DEV,MLV2_DEV_042,Mark Knopfler,MLV2_DEV_042_E0002,1995.0,SECOND_SOURCE_AUDIT_REQUIRED,MEDIUM,Legacy verification status requests a second source.
V2_NEW_DEV,MLV2_DEV_042,Mark Knopfler,MLV2_DEV_042_E0002,1995.0,NON_HIGH_TARGET_ASSIGNMENT,MEDIUM,Career target assignment confidence is medium.
V2_NEW_DEV,MLV2_DEV_042,Mark Knopfler,MLV2_DEV_042_E0003,2018.0,SECOND_SOURCE_AUDIT_REQUIRED,MEDIUM,Legacy verification status requests a second source.
V2_NEW_DEV,MLV2_DEV_043,Mark Spitz,MLV2_DEV_043_E0001,1968.0,SECOND_SOURCE_AUDIT_REQUIRED,MEDIUM,Legacy verification status requests a second source.
V2_NEW_DEV,MLV2_DEV_043,Mark Spitz,MLV2_DEV_043_E0002,1972.0,SECOND_SOURCE_AUDIT_REQUIRED,MEDIUM,Legacy verification status requests a second source.
V2_NEW_DEV,MLV2_DEV_043,Mark Spitz,MLV2_DEV_043_E0003,1992.0,SECOND_SOURCE_AUDIT_REQUIRED,MEDIUM,Legacy verification status requests a second source.
V2_NEW_DEV,MLV2_DEV_044,Matthew McConaughey,MLV2_DEV_044_E0001,2005.0,SECOND_SOURCE_AUDIT_REQUIRED,MEDIUM,Legacy verification status requests a second source.
V2_NEW_DEV,MLV2_DEV_044,Matthew McConaughey,MLV2_DEV_044_E0001,2005.0,NON_HIGH_TARGET_ASSIGNMENT,MEDIUM,Career target assignment confidence is medium.
V2_NEW_DEV,MLV2_DEV_044,Matthew McConaughey,MLV2_DEV_044_E0002,2013.0,SECOND_SOURCE_AUDIT_REQUIRED,MEDIUM,Legacy verification status requests a second source.
V2_NEW_DEV,MLV2_DEV_044,Matthew McConaughey,MLV2_DEV_044_E0003,2014.0,SECOND_SOURCE_AUDIT_REQUIRED,MEDIUM,Legacy verification status requests a second source.
V2_NEW_DEV,MLV2_DEV_045,Michelle Pfeiffer,MLV2_DEV_045_E0001,1989.0,SECOND_SOURCE_AUDIT_REQUIRED,MEDIUM,Legacy verification status requests a second source.
V2_NEW_DEV,MLV2_DEV_045,Michelle Pfeiffer,MLV2_DEV_045_E0002,1992.0,SECOND_SOURCE_AUDIT_REQUIRED,MEDIUM,Legacy verification status requests a second source.
V2_NEW_DEV,MLV2_DEV_045,Michelle Pfeiffer,MLV2_DEV_045_E0003,2013.0,SECOND_SOURCE_AUDIT_REQUIRED,MEDIUM,Legacy verification status requests a second source.
V2_NEW_DEV,MLV2_DEV_045,Michelle Pfeiffer,MLV2_DEV_045_E0003,2013.0,NON_HIGH_TARGET_ASSIGNMENT,MEDIUM,Career target assignment confidence is medium.
V2_NEW_DEV,MLV2_DEV_046,Milton Nascimento,MLV2_DEV_046_E0001,1972.0,SECOND_SOURCE_AUDIT_REQUIRED,MEDIUM,Legacy verification status requests a second source.
V2_NEW_DEV,MLV2_DEV_046,Milton Nascimento,MLV2_DEV_046_E0002,1998.0,SECOND_SOURCE_AUDIT_REQUIRED,MEDIUM,Legacy verification status requests a second source.
V2_NEW_DEV,MLV2_DEV_046,Milton Nascimento,MLV2_DEV_046_E0003,2022.0,SECOND_SOURCE_AUDIT_REQUIRED,MEDIUM,Legacy verification status requests a second source.
V2_NEW_DEV,MLV2_DEV_046,Milton Nascimento,MLV2_DEV_046_E0003,2022.0,NON_HIGH_TARGET_ASSIGNMENT,MEDIUM,Career target assignment confidence is medium.
V2_NEW_DEV,MLV2_DEV_047,Paul Molitor,MLV2_DEV_047_E0001,1984.0,SECOND_SOURCE_AUDIT_REQUIRED,MEDIUM,Legacy verification status requests a second source.
V2_NEW_DEV,MLV2_DEV_047,Paul Molitor,MLV2_DEV_047_E0002,1993.0,SECOND_SOURCE_AUDIT_REQUIRED,MEDIUM,Legacy verification status requests a second source.
V2_NEW_DEV,MLV2_DEV_047,Paul Molitor,MLV2_DEV_047_E0003,2004.0,SECOND_SOURCE_AUDIT_REQUIRED,MEDIUM,Legacy verification status requests a second source.
V2_NEW_DEV,MLV2_DEV_048,Robin Quivers,MLV2_DEV_048_E0001,1981.0,SECOND_SOURCE_AUDIT_REQUIRED,MEDIUM,Legacy verification status requests a second source.
V2_NEW_DEV,MLV2_DEV_048,Robin Quivers,MLV2_DEV_048_E0001,1981.0,NON_HIGH_TARGET_ASSIGNMENT,MEDIUM,Career target assignment confidence is medium.
V2_NEW_DEV,MLV2_DEV_048,Robin Quivers,MLV2_DEV_048_E0002,1990.0,SECOND_SOURCE_AUDIT_REQUIRED,MEDIUM,Legacy verification status requests a second source.
V2_NEW_DEV,MLV2_DEV_048,Robin Quivers,MLV2_DEV_048_E0002,1990.0,NON_HIGH_TARGET_ASSIGNMENT,MEDIUM,Career target assignment confidence is medium.
V2_NEW_DEV,MLV2_DEV_048,Robin Quivers,MLV2_DEV_048_E0003,2012.0,SECOND_SOURCE_AUDIT_REQUIRED,MEDIUM,Legacy verification status requests a second source.
V2_NEW_DEV,MLV2_DEV_049,Sally Field,MLV2_DEV_049_E0001,1980.0,SECOND_SOURCE_AUDIT_REQUIRED,MEDIUM,Legacy verification status requests a second source.
V2_NEW_DEV,MLV2_DEV_049,Sally Field,MLV2_DEV_049_E0002,1985.0,SECOND_SOURCE_AUDIT_REQUIRED,MEDIUM,Legacy verification status requests a second source.
V2_NEW_DEV,MLV2_DEV_049,Sally Field,MLV2_DEV_049_E0003,1996.0,SECOND_SOURCE_AUDIT_REQUIRED,MEDIUM,Legacy verification status requests a second source.
V2_NEW_DEV,MLV2_DEV_049,Sally Field,MLV2_DEV_049_E0003,1996.0,NON_HIGH_TARGET_ASSIGNMENT,MEDIUM,Career target assignment confidence is medium.
V2_NEW_DEV,MLV2_DEV_050,Sigourney Weaver,MLV2_DEV_050_E0001,1979.0,SECOND_SOURCE_AUDIT_REQUIRED,MEDIUM,Legacy verification status requests a second source.
V2_NEW_DEV,MLV2_DEV_050,Sigourney Weaver,MLV2_DEV_050_E0002,1987.0,SECOND_SOURCE_AUDIT_REQUIRED,MEDIUM,Legacy verification status requests a second source.
V2_NEW_DEV,MLV2_DEV_050,Sigourney Weaver,MLV2_DEV_050_E0003,1997.0,SECOND_SOURCE_AUDIT_REQUIRED,MEDIUM,Legacy verification status requests a second source.
V2_NEW_DEV,MLV2_DEV_050,Sigourney Weaver,MLV2_DEV_050_E0003,1997.0,NON_HIGH_TARGET_ASSIGNMENT,MEDIUM,Career target assignment confidence is medium.
V2_NEW_DEV,MLV2_DEV_051,Steve Martin,MLV2_DEV_051_E0001,1977.0,SECOND_SOURCE_AUDIT_REQUIRED,MEDIUM,Legacy verification status requests a second source.
V2_NEW_DEV,MLV2_DEV_051,Steve Martin,MLV2_DEV_051_E0001,1977.0,NON_HIGH_TARGET_ASSIGNMENT,MEDIUM,Career target assignment confidence is medium.
V2_NEW_DEV,MLV2_DEV_051,Steve Martin,MLV2_DEV_051_E0002,2011.0,SECOND_SOURCE_AUDIT_REQUIRED,MEDIUM,Legacy verification status requests a second source.
V2_NEW_DEV,MLV2_DEV_051,Steve Martin,MLV2_DEV_051_E0003,2013.0,SECOND_SOURCE_AUDIT_REQUIRED,MEDIUM,Legacy verification status requests a second source.
V2_NEW_DEV,MLV2_DEV_052,Steve Miller,MLV2_DEV_052_E0001,1973.0,SECOND_SOURCE_AUDIT_REQUIRED,MEDIUM,Legacy verification status requests a second source.
V2_NEW_DEV,MLV2_DEV_052,Steve Miller,MLV2_DEV_052_E0002,1993.0,SECOND_SOURCE_AUDIT_REQUIRED,MEDIUM,Legacy verification status requests a second source.
V2_NEW_DEV,MLV2_DEV_052,Steve Miller,MLV2_DEV_052_E0002,1993.0,NON_HIGH_TARGET_ASSIGNMENT,MEDIUM,Career target assignment confidence is medium.
V2_NEW_DEV,MLV2_DEV_052,Steve Miller,MLV2_DEV_052_E0003,2016.0,SECOND_SOURCE_AUDIT_REQUIRED,MEDIUM,Legacy verification status requests a second source.
V2_NEW_DEV,MLV2_DEV_053,Steve Perry,MLV2_DEV_053_E0001,1981.0,SECOND_SOURCE_AUDIT_REQUIRED,MEDIUM,Legacy verification status requests a second source.
V2_NEW_DEV,MLV2_DEV_053,Steve Perry,MLV2_DEV_053_E0002,1984.0,SECOND_SOURCE_AUDIT_REQUIRED,MEDIUM,Legacy verification status requests a second source.
V2_NEW_DEV,MLV2_DEV_053,Steve Perry,MLV2_DEV_053_E0003,1987.0,SECOND_SOURCE_AUDIT_REQUIRED,MEDIUM,Legacy verification status requests a second source.
V2_NEW_DEV,MLV2_DEV_053,Steve Perry,MLV2_DEV_053_E0003,1987.0,NON_HIGH_TARGET_ASSIGNMENT,MEDIUM,Career target assignment confidence is medium.
V2_NEW_DEV,MLV2_DEV_054,Uma Thurman,MLV2_DEV_054_E0001,1994.0,SECOND_SOURCE_AUDIT_REQUIRED,MEDIUM,Legacy verification status requests a second source.
V2_NEW_DEV,MLV2_DEV_054,Uma Thurman,MLV2_DEV_054_E0002,1997.0,SECOND_SOURCE_AUDIT_REQUIRED,MEDIUM,Legacy verification status requests a second source.
V2_NEW_DEV,MLV2_DEV_054,Uma Thurman,MLV2_DEV_054_E0003,2003.0,SECOND_SOURCE_AUDIT_REQUIRED,MEDIUM,Legacy verification status requests a second source.
V2_NEW_DEV,MLV2_DEV_055,Umberto Eco,MLV2_DEV_055_E0001,1980.0,SECOND_SOURCE_AUDIT_REQUIRED,MEDIUM,Legacy verification status requests a second source.
V2_NEW_DEV,MLV2_DEV_055,Umberto Eco,MLV2_DEV_055_E0002,1988.0,SECOND_SOURCE_AUDIT_REQUIRED,MEDIUM,Legacy verification status requests a second source.
V2_NEW_DEV,MLV2_DEV_055,Umberto Eco,MLV2_DEV_055_E0003,2015.0,SECOND_SOURCE_AUDIT_REQUIRED,MEDIUM,Legacy verification status requests a second source.
V2_NEW_DEV,MLV2_DEV_055,Umberto Eco,MLV2_DEV_055_E0003,2015.0,NON_HIGH_TARGET_ASSIGNMENT,MEDIUM,Career target assignment confidence is medium.
V2_NEW_DEV,MLV2_DEV_056,Denzel Washington,MLV2_DEV_056_E0001,1990.0,SECOND_SOURCE_AUDIT_REQUIRED,MEDIUM,Legacy verification status requests a second source.
V2_NEW_DEV,MLV2_DEV_056,Denzel Washington,MLV2_DEV_056_E0002,1995.0,SECOND_SOURCE_AUDIT_REQUIRED,MEDIUM,Legacy verification status requests a second source.
V2_NEW_DEV,MLV2_DEV_056,Denzel Washington,MLV2_DEV_056_E0002,1995.0,NON_HIGH_TARGET_ASSIGNMENT,MEDIUM,Career target assignment confidence is medium.
V2_NEW_DEV,MLV2_DEV_056,Denzel Washington,MLV2_DEV_056_E0003,2002.0,SECOND_SOURCE_AUDIT_REQUIRED,MEDIUM,Legacy verification status requests a second source.
V2_NEW_DEV,MLV2_DEV_057,Diane Keaton,MLV2_DEV_057_E0001,1977.0,SECOND_SOURCE_AUDIT_REQUIRED,MEDIUM,Legacy verification status requests a second source.
V2_NEW_DEV,MLV2_DEV_057,Diane Keaton,MLV2_DEV_057_E0002,1996.0,SECOND_SOURCE_AUDIT_REQUIRED,MEDIUM,Legacy verification status requests a second source.
V2_NEW_DEV,MLV2_DEV_057,Diane Keaton,MLV2_DEV_057_E0003,2007.0,SECOND_SOURCE_AUDIT_REQUIRED,MEDIUM,Legacy verification status requests a second source.
V2_NEW_DEV,MLV2_DEV_057,Diane Keaton,MLV2_DEV_057_E0003,2007.0,NON_HIGH_TARGET_ASSIGNMENT,MEDIUM,Career target assignment confidence is medium.
V2_NEW_DEV,MLV2_DEV_058,George Takei,MLV2_DEV_058_E0001,1966.0,SECOND_SOURCE_AUDIT_REQUIRED,MEDIUM,Legacy verification status requests a second source.
V2_NEW_DEV,MLV2_DEV_058,George Takei,MLV2_DEV_058_E0002,1969.0,SECOND_SOURCE_AUDIT_REQUIRED,MEDIUM,Legacy verification status requests a second source.
V2_NEW_DEV,MLV2_DEV_058,George Takei,MLV2_DEV_058_E0002,1969.0,NON_HIGH_TARGET_ASSIGNMENT,MEDIUM,Career target assignment confidence is medium.
V2_NEW_DEV,MLV2_DEV_058,George Takei,MLV2_DEV_058_E0003,1986.0,SECOND_SOURCE_AUDIT_REQUIRED,MEDIUM,Legacy verification status requests a second source.
V2_NEW_DEV,MLV2_DEV_059,Angus Young,MLV2_DEV_059_E0001,1980.0,SECOND_SOURCE_AUDIT_REQUIRED,MEDIUM,Legacy verification status requests a second source.
V2_NEW_DEV,MLV2_DEV_059,Angus Young,MLV2_DEV_059_E0002,2003.0,SECOND_SOURCE_AUDIT_REQUIRED,MEDIUM,Legacy verification status requests a second source.
V2_NEW_DEV,MLV2_DEV_059,Angus Young,MLV2_DEV_059_E0003,2014.0,SECOND_SOURCE_AUDIT_REQUIRED,MEDIUM,Legacy verification status requests a second source.
V2_NEW_DEV,MLV2_DEV_059,Angus Young,MLV2_DEV_059_E0003,2014.0,NON_HIGH_TARGET_ASSIGNMENT,MEDIUM,Career target assignment confidence is medium.
V2_NEW_DEV,MLV2_DEV_059,Angus Young,MLV2_DEV_059_E0004,2016.0,SECOND_SOURCE_AUDIT_REQUIRED,MEDIUM,Legacy verification status requests a second source.
V2_NEW_DEV,MLV2_DEV_059,Angus Young,MLV2_DEV_059_E0004,2016.0,NON_HIGH_TARGET_ASSIGNMENT,MEDIUM,Career target assignment confidence is medium.
V2_NEW_DEV,MLV2_DEV_060,Serge Gainsbourg,MLV2_DEV_060_E0001,1969.0,SECOND_SOURCE_AUDIT_REQUIRED,MEDIUM,Legacy verification status requests a second source.
V2_NEW_DEV,MLV2_DEV_060,Serge Gainsbourg,MLV2_DEV_060_E0002,1979.0,SECOND_SOURCE_AUDIT_REQUIRED,MEDIUM,Legacy verification status requests a second source.
V2_NEW_DEV,MLV2_DEV_060,Serge Gainsbourg,MLV2_DEV_060_E0003,1986.0,SECOND_SOURCE_AUDIT_REQUIRED,MEDIUM,Legacy verification status requests a second source.
V2_NEW_DEV,MLV2_DEV_060,Serge Gainsbourg,MLV2_DEV_060_E0003,1986.0,NON_HIGH_TARGET_ASSIGNMENT,MEDIUM,Career target assignment confidence is medium.
V2_NEW_DEV,MLV2_DEV_060,Serge Gainsbourg,MLV2_DEV_060_E0004,1991.0,SECOND_SOURCE_AUDIT_REQUIRED,MEDIUM,Legacy verification status requests a second source.
V2_NEW_DEV,MLV2_DEV_061,Al Jarreau,MLV2_DEV_061_E0001,1981.0,SECOND_SOURCE_AUDIT_REQUIRED,MEDIUM,Legacy verification status requests a second source.
V2_NEW_DEV,MLV2_DEV_061,Al Jarreau,MLV2_DEV_061_E0002,1987.0,SECOND_SOURCE_AUDIT_REQUIRED,MEDIUM,Legacy verification status requests a second source.
V2_NEW_DEV,MLV2_DEV_061,Al Jarreau,MLV2_DEV_061_E0003,2010.0,SECOND_SOURCE_AUDIT_REQUIRED,MEDIUM,Legacy verification status requests a second source.
V2_NEW_DEV,MLV2_DEV_061,Al Jarreau,MLV2_DEV_061_E0004,2017.0,SECOND_SOURCE_AUDIT_REQUIRED,MEDIUM,Legacy verification status requests a second source.
V2_NEW_DEV,MLV2_DEV_062,Al Unser,MLV2_DEV_062_E0001,1970.0,SECOND_SOURCE_AUDIT_REQUIRED,MEDIUM,Legacy verification status requests a second source.
V2_NEW_DEV,MLV2_DEV_062,Al Unser,MLV2_DEV_062_E0002,1987.0,SECOND_SOURCE_AUDIT_REQUIRED,MEDIUM,Legacy verification status requests a second source.
V2_NEW_DEV,MLV2_DEV_062,Al Unser,MLV2_DEV_062_E0003,1993.0,SECOND_SOURCE_AUDIT_REQUIRED,MEDIUM,Legacy verification status requests a second source.
V2_NEW_DEV,MLV2_DEV_062,Al Unser,MLV2_DEV_062_E0003,1993.0,NON_HIGH_TARGET_ASSIGNMENT,MEDIUM,Career target assignment confidence is medium.
V2_NEW_DEV,MLV2_DEV_063,John Krasinski,MLV2_DEV_063_E0001,2005.0,SECOND_SOURCE_AUDIT_REQUIRED,MEDIUM,Legacy verification status requests a second source.
V2_NEW_DEV,MLV2_DEV_063,John Krasinski,MLV2_DEV_063_E0002,2016.0,SECOND_SOURCE_AUDIT_REQUIRED,MEDIUM,Legacy verification status requests a second source.
V2_NEW_DEV,MLV2_DEV_063,John Krasinski,MLV2_DEV_063_E0002,2016.0,NON_HIGH_TARGET_ASSIGNMENT,MEDIUM,Career target assignment confidence is medium.
V2_NEW_DEV,MLV2_DEV_063,John Krasinski,MLV2_DEV_063_E0003,2018.0,SECOND_SOURCE_AUDIT_REQUIRED,MEDIUM,Legacy verification status requests a second source.
V2_NEW_DEV,MLV2_DEV_064,Steve Fossett,MLV2_DEV_064_E0001,1998.0,SECOND_SOURCE_AUDIT_REQUIRED,MEDIUM,Legacy verification status requests a second source.
V2_NEW_DEV,MLV2_DEV_064,Steve Fossett,MLV2_DEV_064_E0002,2002.0,SECOND_SOURCE_AUDIT_REQUIRED,MEDIUM,Legacy verification status requests a second source.
V2_NEW_DEV,MLV2_DEV_064,Steve Fossett,MLV2_DEV_064_E0003,2005.0,SECOND_SOURCE_AUDIT_REQUIRED,MEDIUM,Legacy verification status requests a second source.
V2_NEW_DEV,MLV2_DEV_064,Steve Fossett,MLV2_DEV_064_E0004,2007.0,SECOND_SOURCE_AUDIT_REQUIRED,MEDIUM,Legacy verification status requests a second source.
V2_NEW_DEV,MLV2_DEV_065,Ann Jillian,MLV2_DEV_065_E0001,1983.0,SECOND_SOURCE_AUDIT_REQUIRED,MEDIUM,Legacy verification status requests a second source.
V2_NEW_DEV,MLV2_DEV_065,Ann Jillian,MLV2_DEV_065_E0001,1983.0,NON_HIGH_TARGET_ASSIGNMENT,MEDIUM,Career target assignment confidence is medium.
V2_NEW_DEV,MLV2_DEV_065,Ann Jillian,MLV2_DEV_065_E0002,1988.0,SECOND_SOURCE_AUDIT_REQUIRED,MEDIUM,Legacy verification status requests a second source.
V2_NEW_DEV,MLV2_DEV_065,Ann Jillian,MLV2_DEV_065_E0002,1988.0,NON_HIGH_TARGET_ASSIGNMENT,MEDIUM,Career target assignment confidence is medium.
V2_NEW_DEV,MLV2_DEV_065,Ann Jillian,MLV2_DEV_065_E0003,1991.0,SECOND_SOURCE_AUDIT_REQUIRED,MEDIUM,Legacy verification status requests a second source.
V2_NEW_DEV,MLV2_DEV_065,Ann Jillian,MLV2_DEV_065_E0003,1991.0,NON_HIGH_TARGET_ASSIGNMENT,MEDIUM,Career target assignment confidence is medium.
V2_NEW_DEV,MLV2_DEV_066,Mark Hamill,MLV2_DEV_066_E0001,1977.0,SECOND_SOURCE_AUDIT_REQUIRED,MEDIUM,Legacy verification status requests a second source.
V2_NEW_DEV,MLV2_DEV_066,Mark Hamill,MLV2_DEV_066_E0003,1980.0,SECOND_SOURCE_AUDIT_REQUIRED,MEDIUM,Legacy verification status requests a second source.
V2_NEW_DEV,MLV2_DEV_066,Mark Hamill,MLV2_DEV_066_E0003,1980.0,NON_HIGH_TARGET_ASSIGNMENT,MEDIUM,Career target assignment confidence is medium.
V2_NEW_DEV,MLV2_DEV_066,Mark Hamill,MLV2_DEV_066_E0002,2017.0,SECOND_SOURCE_AUDIT_REQUIRED,MEDIUM,Legacy verification status requests a second source.
V2_NEW_DEV,MLV2_DEV_067,John Nash,MLV2_DEV_067_E0001,1950.0,SECOND_SOURCE_AUDIT_REQUIRED,MEDIUM,Legacy verification status requests a second source.
V2_NEW_DEV,MLV2_DEV_067,John Nash,MLV2_DEV_067_E0002,1959.0,SECOND_SOURCE_AUDIT_REQUIRED,MEDIUM,Legacy verification status requests a second source.
V2_NEW_DEV,MLV2_DEV_067,John Nash,MLV2_DEV_067_E0003,1994.0,SECOND_SOURCE_AUDIT_REQUIRED,MEDIUM,Legacy verification status requests a second source.
V2_NEW_DEV,MLV2_DEV_068,Chris Evert,MLV2_DEV_068_E0001,1974.0,SECOND_SOURCE_AUDIT_REQUIRED,MEDIUM,Legacy verification status requests a second source.
V2_NEW_DEV,MLV2_DEV_068,Chris Evert,MLV2_DEV_068_E0002,1985.0,SECOND_SOURCE_AUDIT_REQUIRED,MEDIUM,Legacy verification status requests a second source.
V2_NEW_DEV,MLV2_DEV_068,Chris Evert,MLV2_DEV_068_E0003,1989.0,SECOND_SOURCE_AUDIT_REQUIRED,MEDIUM,Legacy verification status requests a second source.
V2_NEW_DEV,MLV2_DEV_068,Chris Evert,MLV2_DEV_068_E0003,1989.0,NON_HIGH_TARGET_ASSIGNMENT,MEDIUM,Career target assignment confidence is medium.
V2_NEW_DEV,MLV2_DEV_069,Roberta Flack,MLV2_DEV_069_E0001,1973.0,SECOND_SOURCE_AUDIT_REQUIRED,MEDIUM,Legacy verification status requests a second source.
V2_NEW_DEV,MLV2_DEV_069,Roberta Flack,MLV2_DEV_069_E0002,1974.0,SECOND_SOURCE_AUDIT_REQUIRED,MEDIUM,Legacy verification status requests a second source.
V2_NEW_DEV,MLV2_DEV_069,Roberta Flack,MLV2_DEV_069_E0003,2018.0,SECOND_SOURCE_AUDIT_REQUIRED,MEDIUM,Legacy verification status requests a second source.
V2_NEW_DEV,MLV2_DEV_069,Roberta Flack,MLV2_DEV_069_E0003,2018.0,NON_HIGH_TARGET_ASSIGNMENT,MEDIUM,Career target assignment confidence is medium.
V2_NEW_DEV,MLV2_DEV_069,Roberta Flack,MLV2_DEV_069_E0004,2022.0,SECOND_SOURCE_AUDIT_REQUIRED,MEDIUM,Legacy verification status requests a second source.
V2_NEW_DEV,MLV2_DEV_070,Steve Forbes,MLV2_DEV_070_E0001,1990.0,SECOND_SOURCE_AUDIT_REQUIRED,MEDIUM,Legacy verification status requests a second source.
V2_NEW_DEV,MLV2_DEV_070,Steve Forbes,MLV2_DEV_070_E0002,1993.0,SECOND_SOURCE_AUDIT_REQUIRED,MEDIUM,Legacy verification status requests a second source.
V2_NEW_DEV,MLV2_DEV_070,Steve Forbes,MLV2_DEV_070_E0002,1993.0,NON_HIGH_TARGET_ASSIGNMENT,MEDIUM,Career target assignment confidence is medium.
V2_NEW_DEV,MLV2_DEV_070,Steve Forbes,MLV2_DEV_070_E0003,1996.0,SECOND_SOURCE_AUDIT_REQUIRED,MEDIUM,Legacy verification status requests a second source.
V2_NEW_DEV,MLV2_DEV_070,Steve Forbes,MLV2_DEV_070_E0004,2000.0,SECOND_SOURCE_AUDIT_REQUIRED,MEDIUM,Legacy verification status requests a second source.
