repeat,fold,feature,coefficient,selected
0,0,diff__basic__dw_branch_丑,0.0,0.0
0,0,diff__basic__dw_branch_亥,0.0,0.0
0,0,diff__basic__dw_branch_午,0.0,0.0
0,0,diff__basic__dw_branch_卯,0.0,0.0
0,0,diff__basic__dw_branch_子,0.0,0.0
0,0,diff__basic__dw_branch_寅,0.0,0.0
0,0,diff__basic__dw_branch_巳,0.0,0.0
0,0,diff__basic__dw_branch_戌,0.0,0.0
0,0,diff__basic__dw_branch_未,0.0,0.0
0,0,diff__basic__dw_branch_申,0.0,0.0
0,0,diff__basic__dw_branch_辰,0.0,0.0
0,0,diff__basic__dw_branch_酉,0.0,0.0
0,0,diff__basic__dw_element_earth,0.0,0.0
0,0,diff__basic__dw_element_fire,0.0,0.0
0,0,diff__basic__dw_element_metal,0.0,0.0
0,0,diff__basic__dw_element_water,0.0,0.0
0,0,diff__basic__dw_element_wood,0.0,0.0
0,0,diff__basic__dw_yy_yang,0.0,0.0
0,0,diff__basic__dw_yy_yin,0.0,0.0
0,0,diff__basic__sw_branch_丑,0.0,0.0
0,0,diff__basic__sw_branch_亥,0.0,0.0
0,0,diff__basic__sw_branch_午,0.0,0.0
0,0,diff__basic__sw_branch_卯,0.0,0.0
0,0,diff__basic__sw_branch_子,0.0,0.0
0,0,diff__basic__sw_branch_寅,0.0,0.0
0,0,diff__basic__sw_branch_巳,0.0,0.0
0,0,diff__basic__sw_branch_戌,0.0,0.0
0,0,diff__basic__sw_branch_未,0.0,0.0
0,0,diff__basic__sw_branch_申,0.0,0.0
0,0,diff__basic__sw_branch_辰,0.0,0.0
0,0,diff__basic__sw_branch_酉,-0.09067390524774721,1.0
0,0,diff__basic__sw_element_earth,0.0,0.0
0,0,diff__basic__sw_element_fire,0.0,0.0
0,0,diff__basic__sw_element_metal,0.0,0.0
0,0,diff__basic__sw_element_water,0.0,0.0
0,0,diff__basic__sw_element_wood,0.0,0.0
0,0,diff__basic__sw_yy_yang,0.0,0.0
0,0,diff__basic__sw_yy_yin,0.0,0.0
0,0,diff__relation__dw_branch_break_natal,0.0,0.0
0,0,diff__relation__dw_branch_clash_natal,0.0,0.0
0,0,diff__relation__dw_branch_combine_natal,0.0,0.0
0,0,diff__relation__dw_branch_harm_natal,0.0,0.0
0,0,diff__relation__dw_branch_punish_natal,0.0,0.0
0,0,diff__relation__dw_stem_clash_natal,0.0,0.0
0,0,diff__relation__dw_stem_combine_natal,0.0,0.0
0,0,diff__relation__sw_branch_break_natal,0.0,0.0
0,0,diff__relation__sw_branch_clash_natal,0.0,0.0
0,0,diff__relation__sw_branch_combine_natal,0.0,0.0
0,0,diff__relation__sw_branch_harm_natal,0.0,0.0
0,0,diff__relation__sw_branch_punish_natal,0.0,0.0
0,0,diff__relation__sw_dw_branch_break,0.0,0.0
0,0,diff__relation__sw_dw_branch_clash,0.0,0.0
0,0,diff__relation__sw_dw_branch_combine,0.0,0.0
0,0,diff__relation__sw_dw_branch_harm,0.0,0.0
0,0,diff__relation__sw_dw_branch_punish,0.0,0.0
0,0,diff__relation__sw_dw_stem_clash,0.0,0.0
0,0,diff__relation__sw_dw_stem_combine,0.0,0.0
0,0,diff__relation__sw_stem_clash_natal,0.0,0.0
0,0,diff__relation__sw_stem_combine_natal,0.0,0.0
0,0,diff__tg10__dw_branch_hidden_bijian,0.0,0.0
0,0,diff__tg10__dw_branch_hidden_jiecai,0.0,0.0
0,0,diff__tg10__dw_branch_hidden_pian_cai,0.0,0.0
0,0,diff__tg10__dw_branch_hidden_pian_yin,0.0,0.0
0,0,diff__tg10__dw_branch_hidden_qi_sha,0.0,0.0
0,0,diff__tg10__dw_branch_hidden_shangguan,0.0,0.0
0,0,diff__tg10__dw_branch_hidden_shishen,0.0,0.0
0,0,diff__tg10__dw_branch_hidden_zheng_cai,0.0,0.0
0,0,diff__tg10__dw_branch_hidden_zheng_guan,0.0,0.0
0,0,diff__tg10__dw_branch_hidden_zheng_yin,0.0,0.0
0,0,diff__tg10__dw_stem_bijian,0.0,0.0
0,0,diff__tg10__dw_stem_jiecai,0.0,0.0
0,0,diff__tg10__dw_stem_pian_cai,0.0,0.0
0,0,diff__tg10__dw_stem_pian_yin,0.0,0.0
0,0,diff__tg10__dw_stem_qi_sha,0.0,0.0
0,0,diff__tg10__dw_stem_shangguan,0.0,0.0
0,0,diff__tg10__dw_stem_shishen,0.0,0.0
0,0,diff__tg10__dw_stem_zheng_cai,0.0,0.0
0,0,diff__tg10__dw_stem_zheng_guan,0.0,0.0
0,0,diff__tg10__dw_stem_zheng_yin,0.0,0.0
0,0,diff__tg10__sw_branch_hidden_bijian,0.0,0.0
0,0,diff__tg10__sw_branch_hidden_jiecai,0.0,0.0
0,0,diff__tg10__sw_branch_hidden_pian_cai,0.0,0.0
0,0,diff__tg10__sw_branch_hidden_pian_yin,0.0,0.0
0,0,diff__tg10__sw_branch_hidden_qi_sha,0.0,0.0
0,0,diff__tg10__sw_branch_hidden_shangguan,0.0,0.0
0,0,diff__tg10__sw_branch_hidden_shishen,0.0,0.0
0,0,diff__tg10__sw_branch_hidden_zheng_cai,0.0,0.0
0,0,diff__tg10__sw_branch_hidden_zheng_guan,0.0,0.0
0,0,diff__tg10__sw_branch_hidden_zheng_yin,0.0,0.0
0,0,diff__tg10__sw_stem_bijian,0.0,0.0
0,0,diff__tg10__sw_stem_jiecai,0.0,0.0
0,0,diff__tg10__sw_stem_pian_cai,0.0,0.0
0,0,diff__tg10__sw_stem_pian_yin,0.0,0.0
0,0,diff__tg10__sw_stem_qi_sha,0.0,0.0
0,0,diff__tg10__sw_stem_shangguan,0.0,0.0
0,0,diff__tg10__sw_stem_shishen,0.0,0.0
0,0,diff__tg10__sw_stem_zheng_cai,0.0,0.0
0,0,diff__tg10__sw_stem_zheng_guan,0.0,0.0
0,0,diff__tg10__sw_stem_zheng_yin,0.0,0.0
0,0,diff__tgxstrength__dw_bijian_strong,0.0,0.0
0,0,diff__tgxstrength__dw_bijian_weak,0.0,0.0
0,0,diff__tgxstrength__dw_jiecai_strong,0.0,0.0
0,0,diff__tgxstrength__dw_jiecai_weak,0.0,0.0
0,0,diff__tgxstrength__dw_pian_cai_strong,0.0,0.0
0,0,diff__tgxstrength__dw_pian_cai_weak,0.0,0.0
0,0,diff__tgxstrength__dw_pian_yin_strong,0.0,0.0
0,0,diff__tgxstrength__dw_pian_yin_weak,0.0,0.0
0,0,diff__tgxstrength__dw_qi_sha_strong,0.0,0.0
0,0,diff__tgxstrength__dw_qi_sha_weak,0.0,0.0
0,0,diff__tgxstrength__dw_shangguan_strong,0.0,0.0
0,0,diff__tgxstrength__dw_shangguan_weak,0.0,0.0
0,0,diff__tgxstrength__dw_shishen_strong,0.0,0.0
0,0,diff__tgxstrength__dw_shishen_weak,0.0,0.0
0,0,diff__tgxstrength__dw_zheng_cai_strong,-0.07602459872237213,1.0
0,0,diff__tgxstrength__dw_zheng_cai_weak,0.0,0.0
0,0,diff__tgxstrength__dw_zheng_guan_strong,0.0,0.0
0,0,diff__tgxstrength__dw_zheng_guan_weak,0.0,0.0
0,0,diff__tgxstrength__dw_zheng_yin_strong,0.0,0.0
0,0,diff__tgxstrength__dw_zheng_yin_weak,0.0,0.0
0,0,diff__tgxstrength__sw_bijian_strong,0.0,0.0
0,0,diff__tgxstrength__sw_bijian_weak,0.0,0.0
0,0,diff__tgxstrength__sw_jiecai_strong,0.0,0.0
0,0,diff__tgxstrength__sw_jiecai_weak,0.0,0.0
0,0,diff__tgxstrength__sw_pian_cai_strong,0.0,0.0
0,0,diff__tgxstrength__sw_pian_cai_weak,0.0,0.0
0,0,diff__tgxstrength__sw_pian_yin_strong,0.0,0.0
0,0,diff__tgxstrength__sw_pian_yin_weak,0.0,0.0
0,0,diff__tgxstrength__sw_qi_sha_strong,0.0,0.0
0,0,diff__tgxstrength__sw_qi_sha_weak,0.0,0.0
0,0,diff__tgxstrength__sw_shangguan_strong,0.0,0.0
0,0,diff__tgxstrength__sw_shangguan_weak,0.0,0.0
0,0,diff__tgxstrength__sw_shishen_strong,0.0,0.0
0,0,diff__tgxstrength__sw_shishen_weak,0.0,0.0
0,0,diff__tgxstrength__sw_zheng_cai_strong,0.0,0.0
0,0,diff__tgxstrength__sw_zheng_cai_weak,0.0,0.0
0,0,diff__tgxstrength__sw_zheng_guan_strong,0.0,0.0
0,0,diff__tgxstrength__sw_zheng_guan_weak,0.0,0.0
0,0,diff__tgxstrength__sw_zheng_yin_strong,0.0,0.0
0,0,diff__tgxstrength__sw_zheng_yin_weak,0.0,0.0
0,0,diff__unseong__dw_raw_score,0.0,0.0
0,0,diff__unseong__dw_score_x_strength,0.0,0.0
0,0,diff__unseong__dw_state_건록,0.0,0.0
0,0,diff__unseong__dw_state_관대,0.0,0.0
0,0,diff__unseong__dw_state_목욕,0.0,0.0
0,0,diff__unseong__dw_state_묘,0.0,0.0
0,0,diff__unseong__dw_state_병,0.0,0.0
0,0,diff__unseong__dw_state_사,0.0,0.0
0,0,diff__unseong__dw_state_쇠,0.0,0.0
0,0,diff__unseong__dw_state_양,0.0,0.0
0,0,diff__unseong__dw_state_장생,0.0,0.0
0,0,diff__unseong__dw_state_절,0.0,0.0
0,0,diff__unseong__dw_state_제왕,0.0,0.0
0,0,diff__unseong__dw_state_태,0.0,0.0
0,0,diff__unseong__sw_raw_score,0.0,0.0
0,0,diff__unseong__sw_score_x_strength,0.0,0.0
0,0,diff__unseong__sw_state_건록,0.0,0.0
0,0,diff__unseong__sw_state_관대,0.0,0.0
0,0,diff__unseong__sw_state_목욕,0.0,0.0
0,0,diff__unseong__sw_state_묘,0.0,0.0
0,0,diff__unseong__sw_state_병,0.0,0.0
0,0,diff__unseong__sw_state_사,0.0,0.0
0,0,diff__unseong__sw_state_쇠,0.0,0.0
0,0,diff__unseong__sw_state_양,0.0,0.0
0,0,diff__unseong__sw_state_장생,0.0,0.0
0,0,diff__unseong__sw_state_절,0.0,0.0
0,0,diff__unseong__sw_state_제왕,0.0,0.0
0,0,diff__unseong__sw_state_태,0.0,0.0
0,0,diff__yongshin__dw_gi_fit,0.0,0.0
0,0,diff__yongshin__dw_gu_fit,0.0,0.0
0,0,diff__yongshin__dw_hee_fit,0.0,0.0
0,0,diff__yongshin__dw_supplies_fav,0.0,0.0
0,0,diff__yongshin__dw_supplies_unfav,0.0,0.0
0,0,diff__yongshin__dw_yong_branch_fit,0.0,0.0
0,0,diff__yongshin__dw_yong_fit,0.0,0.0
0,0,diff__yongshin__dw_yong_stem_fit,0.0,0.0
0,0,diff__yongshin__sw_gi_fit,0.0,0.0
0,0,diff__yongshin__sw_gu_fit,0.0,0.0
0,0,diff__yongshin__sw_hee_fit,0.0,0.0
0,0,diff__yongshin__sw_supplies_fav,0.0,0.0
0,0,diff__yongshin__sw_supplies_unfav,0.0,0.0
0,0,diff__yongshin__sw_yong_branch_fit,0.0,0.0
0,0,diff__yongshin__sw_yong_fit,0.0,0.0
0,0,diff__yongshin__sw_yong_stem_fit,0.0,0.0
0,1,diff__basic__dw_branch_丑,0.0,0.0
0,1,diff__basic__dw_branch_亥,0.0,0.0
0,1,diff__basic__dw_branch_午,0.0,0.0
0,1,diff__basic__dw_branch_卯,0.0,0.0
0,1,diff__basic__dw_branch_子,0.0,0.0
0,1,diff__basic__dw_branch_寅,0.0,0.0
0,1,diff__basic__dw_branch_巳,0.0,0.0
0,1,diff__basic__dw_branch_戌,0.0,0.0
0,1,diff__basic__dw_branch_未,0.0,0.0
0,1,diff__basic__dw_branch_申,-0.12017172372086381,1.0
0,1,diff__basic__dw_branch_辰,0.0,0.0
0,1,diff__basic__dw_branch_酉,0.0,0.0
0,1,diff__basic__dw_element_earth,0.0,0.0
0,1,diff__basic__dw_element_fire,0.0,0.0
0,1,diff__basic__dw_element_metal,0.0,0.0
0,1,diff__basic__dw_element_water,0.0,0.0
0,1,diff__basic__dw_element_wood,0.0,0.0
0,1,diff__basic__dw_yy_yang,0.0,0.0
0,1,diff__basic__dw_yy_yin,0.0,0.0
0,1,diff__basic__sw_branch_丑,0.0,0.0
0,1,diff__basic__sw_branch_亥,-0.12538547188117363,1.0
0,1,diff__basic__sw_branch_午,0.0,0.0
0,1,diff__basic__sw_branch_卯,-0.2239898114988645,1.0
0,1,diff__basic__sw_branch_子,0.0005974925261994703,1.0
0,1,diff__basic__sw_branch_寅,-0.12135502602497716,1.0
0,1,diff__basic__sw_branch_巳,0.5428276697825337,1.0
0,1,diff__basic__sw_branch_戌,0.0,0.0
0,1,diff__basic__sw_branch_未,0.0,0.0
0,1,diff__basic__sw_branch_申,0.0,0.0
0,1,diff__basic__sw_branch_辰,0.552628780558895,1.0
0,1,diff__basic__sw_branch_酉,-0.7073567068012878,1.0
0,1,diff__basic__sw_element_earth,0.0,0.0
0,1,diff__basic__sw_element_fire,0.2829238409668097,1.0
0,1,diff__basic__sw_element_metal,-0.32460075999648264,1.0
0,1,diff__basic__sw_element_water,0.0,0.0
0,1,diff__basic__sw_element_wood,-0.22551094584136977,1.0
0,1,diff__basic__sw_yy_yang,0.09931374605670049,1.0
0,1,diff__basic__sw_yy_yin,-0.09931374605670049,1.0
0,1,diff__relation__dw_branch_break_natal,0.0,0.0
0,1,diff__relation__dw_branch_clash_natal,0.0,0.0
0,1,diff__relation__dw_branch_combine_natal,0.0,0.0
0,1,diff__relation__dw_branch_harm_natal,-0.2110298891696075,1.0
0,1,diff__relation__dw_branch_punish_natal,0.0,0.0
0,1,diff__relation__dw_stem_clash_natal,0.15920852227063897,1.0
0,1,diff__relation__dw_stem_combine_natal,0.0,0.0
0,1,diff__relation__sw_branch_break_natal,-0.269479386394248,1.0
0,1,diff__relation__sw_branch_clash_natal,0.0,0.0
0,1,diff__relation__sw_branch_combine_natal,0.1945927831830553,1.0
0,1,diff__relation__sw_branch_harm_natal,0.0,0.0
0,1,diff__relation__sw_branch_punish_natal,-0.05325334120332,1.0
0,1,diff__relation__sw_dw_branch_break,0.0,0.0
0,1,diff__relation__sw_dw_branch_clash,0.5525385311274056,1.0
0,1,diff__relation__sw_dw_branch_combine,-0.20617982323061607,1.0
0,1,diff__relation__sw_dw_branch_harm,0.03700013984751831,1.0
0,1,diff__relation__sw_dw_branch_punish,0.0,0.0
0,1,diff__relation__sw_dw_stem_clash,-0.5076020707657882,1.0
0,1,diff__relation__sw_dw_stem_combine,0.2252382961131317,1.0
0,1,diff__relation__sw_stem_clash_natal,0.1745726869749636,1.0
0,1,diff__relation__sw_stem_combine_natal,-0.20346452467431073,1.0
0,1,diff__tg10__dw_branch_hidden_bijian,0.0,0.0
0,1,diff__tg10__dw_branch_hidden_jiecai,0.0,0.0
0,1,diff__tg10__dw_branch_hidden_pian_cai,0.0,0.0
0,1,diff__tg10__dw_branch_hidden_pian_yin,0.0,0.0
0,1,diff__tg10__dw_branch_hidden_qi_sha,0.0,0.0
0,1,diff__tg10__dw_branch_hidden_shangguan,0.0,0.0
0,1,diff__tg10__dw_branch_hidden_shishen,-0.21613878456362975,1.0
0,1,diff__tg10__dw_branch_hidden_zheng_cai,-0.3996202346015897,1.0
0,1,diff__tg10__dw_branch_hidden_zheng_guan,0.0,0.0
0,1,diff__tg10__dw_branch_hidden_zheng_yin,0.09588768215596717,1.0
0,1,diff__tg10__dw_stem_bijian,0.2185953893878588,1.0
0,1,diff__tg10__dw_stem_jiecai,0.0,0.0
0,1,diff__tg10__dw_stem_pian_cai,0.44603881878107454,1.0
0,1,diff__tg10__dw_stem_pian_yin,0.0,0.0
0,1,diff__tg10__dw_stem_qi_sha,0.0,0.0
0,1,diff__tg10__dw_stem_shangguan,0.0,0.0
0,1,diff__tg10__dw_stem_shishen,0.0,0.0
0,1,diff__tg10__dw_stem_zheng_cai,0.0,0.0
0,1,diff__tg10__dw_stem_zheng_guan,0.0,0.0
0,1,diff__tg10__dw_stem_zheng_yin,-0.10740411300544052,1.0
0,1,diff__tg10__sw_branch_hidden_bijian,-0.044681603113310035,1.0
0,1,diff__tg10__sw_branch_hidden_jiecai,0.0,0.0
0,1,diff__tg10__sw_branch_hidden_pian_cai,0.0,0.0
0,1,diff__tg10__sw_branch_hidden_pian_yin,-0.08253640845689618,1.0
0,1,diff__tg10__sw_branch_hidden_qi_sha,0.0,0.0
0,1,diff__tg10__sw_branch_hidden_shangguan,0.0,0.0
0,1,diff__tg10__sw_branch_hidden_shishen,0.0,0.0
0,1,diff__tg10__sw_branch_hidden_zheng_cai,0.0,0.0
0,1,diff__tg10__sw_branch_hidden_zheng_guan,0.06336756712277757,1.0
0,1,diff__tg10__sw_branch_hidden_zheng_yin,0.0,0.0
0,1,diff__tg10__sw_stem_bijian,0.0,0.0
0,1,diff__tg10__sw_stem_jiecai,0.0,0.0
0,1,diff__tg10__sw_stem_pian_cai,0.0,0.0
0,1,diff__tg10__sw_stem_pian_yin,0.03593821936126187,1.0
0,1,diff__tg10__sw_stem_qi_sha,0.0,0.0
0,1,diff__tg10__sw_stem_shangguan,0.0,0.0
0,1,diff__tg10__sw_stem_shishen,0.2004864599990527,1.0
0,1,diff__tg10__sw_stem_zheng_cai,-0.0449451790673725,1.0
0,1,diff__tg10__sw_stem_zheng_guan,0.0,0.0
0,1,diff__tg10__sw_stem_zheng_yin,-0.09414108965270863,1.0
0,1,diff__tgxstrength__dw_bijian_strong,0.0,0.0
0,1,diff__tgxstrength__dw_bijian_weak,0.0,0.0
0,1,diff__tgxstrength__dw_jiecai_strong,-0.1484150208171848,1.0
0,1,diff__tgxstrength__dw_jiecai_weak,0.0,0.0
0,1,diff__tgxstrength__dw_pian_cai_strong,0.2473725715151364,1.0
0,1,diff__tgxstrength__dw_pian_cai_weak,0.0,0.0
0,1,diff__tgxstrength__dw_pian_yin_strong,0.0,0.0
0,1,diff__tgxstrength__dw_pian_yin_weak,-0.17410290230429845,1.0
0,1,diff__tgxstrength__dw_qi_sha_strong,0.0,0.0
0,1,diff__tgxstrength__dw_qi_sha_weak,0.0,0.0
0,1,diff__tgxstrength__dw_shangguan_strong,0.0,0.0
0,1,diff__tgxstrength__dw_shangguan_weak,0.0,0.0
0,1,diff__tgxstrength__dw_shishen_strong,0.0,0.0
0,1,diff__tgxstrength__dw_shishen_weak,0.0,0.0
0,1,diff__tgxstrength__dw_zheng_cai_strong,-0.1217274939336711,1.0
0,1,diff__tgxstrength__dw_zheng_cai_weak,0.0,0.0
0,1,diff__tgxstrength__dw_zheng_guan_strong,-0.48171539451011464,1.0
0,1,diff__tgxstrength__dw_zheng_guan_weak,0.0,0.0
0,1,diff__tgxstrength__dw_zheng_yin_strong,0.0,0.0
0,1,diff__tgxstrength__dw_zheng_yin_weak,0.0,0.0
0,1,diff__tgxstrength__sw_bijian_strong,-0.10775828609316845,1.0
0,1,diff__tgxstrength__sw_bijian_weak,0.3648810264180039,1.0
0,1,diff__tgxstrength__sw_jiecai_strong,0.0,0.0
0,1,diff__tgxstrength__sw_jiecai_weak,0.8236488903382028,1.0
0,1,diff__tgxstrength__sw_pian_cai_strong,0.0,0.0
0,1,diff__tgxstrength__sw_pian_cai_weak,-0.2579442280180793,1.0
0,1,diff__tgxstrength__sw_pian_yin_strong,0.0,0.0
0,1,diff__tgxstrength__sw_pian_yin_weak,0.0427257573253652,1.0
0,1,diff__tgxstrength__sw_qi_sha_strong,0.30610365594986905,1.0
0,1,diff__tgxstrength__sw_qi_sha_weak,-0.34242481594234275,1.0
0,1,diff__tgxstrength__sw_shangguan_strong,0.4775969434517706,1.0
0,1,diff__tgxstrength__sw_shangguan_weak,0.0,0.0
0,1,diff__tgxstrength__sw_shishen_strong,0.19439891889513528,1.0
0,1,diff__tgxstrength__sw_shishen_weak,0.0,0.0
0,1,diff__tgxstrength__sw_zheng_cai_strong,0.0,0.0
0,1,diff__tgxstrength__sw_zheng_cai_weak,-0.025492554754647463,1.0
0,1,diff__tgxstrength__sw_zheng_guan_strong,0.0,0.0
0,1,diff__tgxstrength__sw_zheng_guan_weak,0.13173281326815978,1.0
0,1,diff__tgxstrength__sw_zheng_yin_strong,0.0,0.0
0,1,diff__tgxstrength__sw_zheng_yin_weak,-0.12215757586020348,1.0
0,1,diff__unseong__dw_raw_score,0.0,0.0
0,1,diff__unseong__dw_score_x_strength,0.612626931770743,1.0
0,1,diff__unseong__dw_state_건록,0.0,0.0
0,1,diff__unseong__dw_state_관대,0.0,0.0
0,1,diff__unseong__dw_state_목욕,0.0,0.0
0,1,diff__unseong__dw_state_묘,0.0,0.0
0,1,diff__unseong__dw_state_병,0.0,0.0
0,1,diff__unseong__dw_state_사,-0.0027399201361687827,1.0
0,1,diff__unseong__dw_state_쇠,0.0,0.0
0,1,diff__unseong__dw_state_양,0.0,0.0
0,1,diff__unseong__dw_state_장생,0.0,0.0
0,1,diff__unseong__dw_state_절,0.0,0.0
0,1,diff__unseong__dw_state_제왕,0.0,0.0
0,1,diff__unseong__dw_state_태,0.0,0.0
0,1,diff__unseong__sw_raw_score,-0.5024737447230754,1.0
0,1,diff__unseong__sw_score_x_strength,0.01288629389182139,1.0
0,1,diff__unseong__sw_state_건록,-0.1691146037899347,1.0
0,1,diff__unseong__sw_state_관대,0.0,0.0
0,1,diff__unseong__sw_state_목욕,0.0,0.0
0,1,diff__unseong__sw_state_묘,0.0,0.0
0,1,diff__unseong__sw_state_병,0.4351492866046395,1.0
0,1,diff__unseong__sw_state_사,0.0,0.0
0,1,diff__unseong__sw_state_쇠,0.0,0.0
0,1,diff__unseong__sw_state_양,0.0,0.0
0,1,diff__unseong__sw_state_장생,-0.11117140914382087,1.0
0,1,diff__unseong__sw_state_절,0.0,0.0
0,1,diff__unseong__sw_state_제왕,0.0,0.0
0,1,diff__unseong__sw_state_태,0.0,0.0
0,1,diff__yongshin__dw_gi_fit,0.0,0.0
0,1,diff__yongshin__dw_gu_fit,0.0,0.0
0,1,diff__yongshin__dw_hee_fit,0.0,0.0
0,1,diff__yongshin__dw_supplies_fav,0.0,0.0
0,1,diff__yongshin__dw_supplies_unfav,0.0,0.0
0,1,diff__yongshin__dw_yong_branch_fit,0.0,0.0
0,1,diff__yongshin__dw_yong_fit,0.0,0.0
0,1,diff__yongshin__dw_yong_stem_fit,0.015989297264998828,1.0
0,1,diff__yongshin__sw_gi_fit,0.12692419383812537,1.0
0,1,diff__yongshin__sw_gu_fit,0.09342054348387246,1.0
0,1,diff__yongshin__sw_hee_fit,-0.09452693477295206,1.0
0,1,diff__yongshin__sw_supplies_fav,0.2656321347218974,1.0
0,1,diff__yongshin__sw_supplies_unfav,0.0,0.0
0,1,diff__yongshin__sw_yong_branch_fit,0.14603257108757592,1.0
0,1,diff__yongshin__sw_yong_fit,0.0,0.0
0,1,diff__yongshin__sw_yong_stem_fit,-0.09680528532332315,1.0
0,2,diff__basic__dw_branch_丑,0.0,0.0
0,2,diff__basic__dw_branch_亥,0.0,0.0
0,2,diff__basic__dw_branch_午,0.0,0.0
0,2,diff__basic__dw_branch_卯,0.3635902967204425,1.0
0,2,diff__basic__dw_branch_子,0.07430133185851903,1.0
0,2,diff__basic__dw_branch_寅,-0.2181808657017272,1.0
0,2,diff__basic__dw_branch_巳,0.0,0.0
0,2,diff__basic__dw_branch_戌,0.0,0.0
0,2,diff__basic__dw_branch_未,-0.0759286631662642,1.0
0,2,diff__basic__dw_branch_申,-0.012689562181748137,1.0
0,2,diff__basic__dw_branch_辰,0.0,0.0
0,2,diff__basic__dw_branch_酉,0.21128592023409187,1.0
0,2,diff__basic__dw_element_earth,-0.01771329953501354,1.0
0,2,diff__basic__dw_element_fire,-0.18830615445968674,1.0
0,2,diff__basic__dw_element_metal,0.010837274984937776,1.0
0,2,diff__basic__dw_element_water,0.0,0.0
0,2,diff__basic__dw_element_wood,0.059848033119432265,1.0
0,2,diff__basic__dw_yy_yang,0.0,0.0
0,2,diff__basic__dw_yy_yin,0.0,0.0
0,2,diff__basic__sw_branch_丑,0.0,0.0
0,2,diff__basic__sw_branch_亥,-0.07946919098458383,1.0
0,2,diff__basic__sw_branch_午,-0.29897775109065433,1.0
0,2,diff__basic__sw_branch_卯,0.14981313515429373,1.0
0,2,diff__basic__sw_branch_子,0.05266319191383354,1.0
0,2,diff__basic__sw_branch_寅,-0.3268484114368082,1.0
0,2,diff__basic__sw_branch_巳,0.48288391318105717,1.0
0,2,diff__basic__sw_branch_戌,0.0,0.0
0,2,diff__basic__sw_branch_未,-0.1589682408928988,1.0
0,2,diff__basic__sw_branch_申,0.043099868505220094,1.0
0,2,diff__basic__sw_branch_辰,0.46996920408288057,1.0
0,2,diff__basic__sw_branch_酉,-1.0971886032101468,1.0
0,2,diff__basic__sw_element_earth,0.4591455769800073,1.0
0,2,diff__basic__sw_element_fire,0.1548279579844281,1.0
0,2,diff__basic__sw_element_metal,-0.13958547984760353,1.0
0,2,diff__basic__sw_element_water,0.0,0.0
0,2,diff__basic__sw_element_wood,-0.18096163901464649,1.0
0,2,diff__basic__sw_yy_yang,0.056765944899900465,1.0
0,2,diff__basic__sw_yy_yin,-0.056765944899900465,1.0
0,2,diff__relation__dw_branch_break_natal,-0.1325454550680502,1.0
0,2,diff__relation__dw_branch_clash_natal,0.0,0.0
0,2,diff__relation__dw_branch_combine_natal,-0.1276354890351596,1.0
0,2,diff__relation__dw_branch_harm_natal,-0.11210106360981562,1.0
0,2,diff__relation__dw_branch_punish_natal,-0.03565766730229471,1.0
0,2,diff__relation__dw_stem_clash_natal,0.4706713318360269,1.0
0,2,diff__relation__dw_stem_combine_natal,-0.20412880127059366,1.0
0,2,diff__relation__sw_branch_break_natal,-0.11113364862005568,1.0
0,2,diff__relation__sw_branch_clash_natal,0.13240681518467473,1.0
0,2,diff__relation__sw_branch_combine_natal,0.0,0.0
0,2,diff__relation__sw_branch_harm_natal,0.21832035893141807,1.0
0,2,diff__relation__sw_branch_punish_natal,0.03959188319709445,1.0
0,2,diff__relation__sw_dw_branch_break,-0.14445928049702478,1.0
0,2,diff__relation__sw_dw_branch_clash,0.6910993371753565,1.0
0,2,diff__relation__sw_dw_branch_combine,0.0,0.0
0,2,diff__relation__sw_dw_branch_harm,0.026846377786063393,1.0
0,2,diff__relation__sw_dw_branch_punish,-0.4169537349122549,1.0
0,2,diff__relation__sw_dw_stem_clash,-0.1475738398194894,1.0
0,2,diff__relation__sw_dw_stem_combine,-0.30244381172697654,1.0
0,2,diff__relation__sw_stem_clash_natal,0.023062235920873954,1.0
0,2,diff__relation__sw_stem_combine_natal,-0.25315466409086795,1.0
0,2,diff__tg10__dw_branch_hidden_bijian,0.0,0.0
0,2,diff__tg10__dw_branch_hidden_jiecai,0.21304939391168776,1.0
0,2,diff__tg10__dw_branch_hidden_pian_cai,0.0,0.0
0,2,diff__tg10__dw_branch_hidden_pian_yin,-0.1279601981723056,1.0
0,2,diff__tg10__dw_branch_hidden_qi_sha,0.0,0.0
0,2,diff__tg10__dw_branch_hidden_shangguan,0.0,0.0
0,2,diff__tg10__dw_branch_hidden_shishen,0.0,0.0
0,2,diff__tg10__dw_branch_hidden_zheng_cai,-0.03904374476412323,1.0
0,2,diff__tg10__dw_branch_hidden_zheng_guan,-0.06392615258636782,1.0
0,2,diff__tg10__dw_branch_hidden_zheng_yin,0.0,0.0
0,2,diff__tg10__dw_stem_bijian,0.1913392416409777,1.0
0,2,diff__tg10__dw_stem_jiecai,-0.2427022455275502,1.0
0,2,diff__tg10__dw_stem_pian_cai,0.425583294236575,1.0
0,2,diff__tg10__dw_stem_pian_yin,0.0,0.0
0,2,diff__tg10__dw_stem_qi_sha,0.0,0.0
0,2,diff__tg10__dw_stem_shangguan,0.0,0.0
0,2,diff__tg10__dw_stem_shishen,0.0,0.0
0,2,diff__tg10__dw_stem_zheng_cai,0.0,0.0
0,2,diff__tg10__dw_stem_zheng_guan,0.0,0.0
0,2,diff__tg10__dw_stem_zheng_yin,-0.0197798373513208,1.0
0,2,diff__tg10__sw_branch_hidden_bijian,-0.23055279948074703,1.0
0,2,diff__tg10__sw_branch_hidden_jiecai,0.0,0.0
0,2,diff__tg10__sw_branch_hidden_pian_cai,-0.20157695646882645,1.0
0,2,diff__tg10__sw_branch_hidden_pian_yin,0.07019894760618267,1.0
0,2,diff__tg10__sw_branch_hidden_qi_sha,0.14852525198736682,1.0
0,2,diff__tg10__sw_branch_hidden_shangguan,0.0,0.0
0,2,diff__tg10__sw_branch_hidden_shishen,0.2124394805604642,1.0
0,2,diff__tg10__sw_branch_hidden_zheng_cai,0.0,0.0
0,2,diff__tg10__sw_branch_hidden_zheng_guan,0.0,0.0
0,2,diff__tg10__sw_branch_hidden_zheng_yin,0.0,0.0
0,2,diff__tg10__sw_stem_bijian,0.0,0.0
0,2,diff__tg10__sw_stem_jiecai,0.0,0.0
0,2,diff__tg10__sw_stem_pian_cai,0.0,0.0
0,2,diff__tg10__sw_stem_pian_yin,-0.05955757109516951,1.0
0,2,diff__tg10__sw_stem_qi_sha,0.0,0.0
0,2,diff__tg10__sw_stem_shangguan,0.24850730565348517,1.0
0,2,diff__tg10__sw_stem_shishen,0.12801523353355637,1.0
0,2,diff__tg10__sw_stem_zheng_cai,0.0,0.0
0,2,diff__tg10__sw_stem_zheng_guan,0.03413999402416532,1.0
0,2,diff__tg10__sw_stem_zheng_yin,-0.22893986567047925,1.0
0,2,diff__tgxstrength__dw_bijian_strong,0.19695979539769923,1.0
0,2,diff__tgxstrength__dw_bijian_weak,0.0,0.0
0,2,diff__tgxstrength__dw_jiecai_strong,-0.08267158033202986,1.0
0,2,diff__tgxstrength__dw_jiecai_weak,0.022252742865980397,1.0
0,2,diff__tgxstrength__dw_pian_cai_strong,0.38290734394786796,1.0
0,2,diff__tgxstrength__dw_pian_cai_weak,0.0,0.0
0,2,diff__tgxstrength__dw_pian_yin_strong,-0.03834854635970532,1.0
0,2,diff__tgxstrength__dw_pian_yin_weak,0.0,0.0
0,2,diff__tgxstrength__dw_qi_sha_strong,0.0,0.0
0,2,diff__tgxstrength__dw_qi_sha_weak,0.0,0.0
0,2,diff__tgxstrength__dw_shangguan_strong,-0.02811872179867861,1.0
0,2,diff__tgxstrength__dw_shangguan_weak,0.03145300803875359,1.0
0,2,diff__tgxstrength__dw_shishen_strong,0.0758949658176632,1.0
0,2,diff__tgxstrength__dw_shishen_weak,-0.02262750740548916,1.0
0,2,diff__tgxstrength__dw_zheng_cai_strong,-0.026988061347841482,1.0
0,2,diff__tgxstrength__dw_zheng_cai_weak,0.0,0.0
0,2,diff__tgxstrength__dw_zheng_guan_strong,-0.21618562725346122,1.0
0,2,diff__tgxstrength__dw_zheng_guan_weak,0.0,0.0
0,2,diff__tgxstrength__dw_zheng_yin_strong,0.0,0.0
0,2,diff__tgxstrength__dw_zheng_yin_weak,0.0,0.0
0,2,diff__tgxstrength__sw_bijian_strong,-0.6113643734341949,1.0
0,2,diff__tgxstrength__sw_bijian_weak,0.5864010921176128,1.0
0,2,diff__tgxstrength__sw_jiecai_strong,-0.12818155768085002,1.0
0,2,diff__tgxstrength__sw_jiecai_weak,0.3417049892262556,1.0
0,2,diff__tgxstrength__sw_pian_cai_strong,0.0,0.0
0,2,diff__tgxstrength__sw_pian_cai_weak,-0.22791715685416708,1.0
0,2,diff__tgxstrength__sw_pian_yin_strong,0.0,0.0
0,2,diff__tgxstrength__sw_pian_yin_weak,-0.033396167116594384,1.0
0,2,diff__tgxstrength__sw_qi_sha_strong,0.16622861861361304,1.0
0,2,diff__tgxstrength__sw_qi_sha_weak,-0.1634739236189541,1.0
0,2,diff__tgxstrength__sw_shangguan_strong,0.49532829992753435,1.0
0,2,diff__tgxstrength__sw_shangguan_weak,-0.055702162204872736,1.0
0,2,diff__tgxstrength__sw_shishen_strong,0.10498820570767595,1.0
0,2,diff__tgxstrength__sw_shishen_weak,0.24737099255772454,1.0
0,2,diff__tgxstrength__sw_zheng_cai_strong,0.013947677418522791,1.0
0,2,diff__tgxstrength__sw_zheng_cai_weak,-0.11326457765251757,1.0
0,2,diff__tgxstrength__sw_zheng_guan_strong,0.0,0.0
0,2,diff__tgxstrength__sw_zheng_guan_weak,0.4081426049650349,1.0
0,2,diff__tgxstrength__sw_zheng_yin_strong,-0.036302896351386824,1.0
0,2,diff__tgxstrength__sw_zheng_yin_weak,-0.15686069641723896,1.0
0,2,diff__unseong__dw_raw_score,-0.021975819077158544,1.0
0,2,diff__unseong__dw_score_x_strength,0.3794524230685385,1.0
0,2,diff__unseong__dw_state_건록,0.0,0.0
0,2,diff__unseong__dw_state_관대,0.0,0.0
0,2,diff__unseong__dw_state_목욕,0.0,0.0
0,2,diff__unseong__dw_state_묘,0.0,0.0
0,2,diff__unseong__dw_state_병,0.0,0.0
0,2,diff__unseong__dw_state_사,0.0,0.0
0,2,diff__unseong__dw_state_쇠,0.0,0.0
0,2,diff__unseong__dw_state_양,-0.33749021519792227,1.0
0,2,diff__unseong__dw_state_장생,0.0,0.0
0,2,diff__unseong__dw_state_절,0.0,0.0
0,2,diff__unseong__dw_state_제왕,0.0,0.0
0,2,diff__unseong__dw_state_태,0.0,0.0
0,2,diff__unseong__sw_raw_score,-0.25180250297415546,1.0
0,2,diff__unseong__sw_score_x_strength,0.2513396557177626,1.0
0,2,diff__unseong__sw_state_건록,-0.6004223744006032,1.0
0,2,diff__unseong__sw_state_관대,0.018111197715352294,1.0
0,2,diff__unseong__sw_state_목욕,-0.11082742554528709,1.0
0,2,diff__unseong__sw_state_묘,0.0,0.0
0,2,diff__unseong__sw_state_병,0.5253156805563178,1.0
0,2,diff__unseong__sw_state_사,0.04269022453935018,1.0
0,2,diff__unseong__sw_state_쇠,0.0,0.0
0,2,diff__unseong__sw_state_양,0.35404558381503703,1.0
0,2,diff__unseong__sw_state_장생,0.1911896514371493,1.0
0,2,diff__unseong__sw_state_절,0.0,0.0
0,2,diff__unseong__sw_state_제왕,-0.11897161972960386,1.0
0,2,diff__unseong__sw_state_태,-0.3775819232924292,1.0
0,2,diff__yongshin__dw_gi_fit,0.0,0.0
0,2,diff__yongshin__dw_gu_fit,0.0,0.0
0,2,diff__yongshin__dw_hee_fit,0.0,0.0
0,2,diff__yongshin__dw_supplies_fav,-0.09871111919928818,1.0
0,2,diff__yongshin__dw_supplies_unfav,0.0,0.0
0,2,diff__yongshin__dw_yong_branch_fit,-0.2621448959335499,1.0
0,2,diff__yongshin__dw_yong_fit,-0.18473410218516248,1.0
0,2,diff__yongshin__dw_yong_stem_fit,0.0,0.0
0,2,diff__yongshin__sw_gi_fit,0.0,0.0
0,2,diff__yongshin__sw_gu_fit,0.0,0.0
0,2,diff__yongshin__sw_hee_fit,0.07269618277828657,1.0
0,2,diff__yongshin__sw_supplies_fav,0.28209760309712595,1.0
0,2,diff__yongshin__sw_supplies_unfav,0.25036670920516757,1.0
0,2,diff__yongshin__sw_yong_branch_fit,0.15150952634834555,1.0
0,2,diff__yongshin__sw_yong_fit,0.0,0.0
0,2,diff__yongshin__sw_yong_stem_fit,-0.44108704178584845,1.0
0,3,diff__basic__dw_branch_丑,0.0,0.0
0,3,diff__basic__dw_branch_亥,-0.10210010335027596,1.0
0,3,diff__basic__dw_branch_午,0.0,0.0
0,3,diff__basic__dw_branch_卯,0.21005559836522553,1.0
0,3,diff__basic__dw_branch_子,0.11271428278032919,1.0
0,3,diff__basic__dw_branch_寅,0.0,0.0
0,3,diff__basic__dw_branch_巳,0.0,0.0
0,3,diff__basic__dw_branch_戌,0.0,0.0
0,3,diff__basic__dw_branch_未,0.0,0.0
0,3,diff__basic__dw_branch_申,0.0,0.0
0,3,diff__basic__dw_branch_辰,0.0,0.0
0,3,diff__basic__dw_branch_酉,0.14736150290800756,1.0
0,3,diff__basic__dw_element_earth,0.0,0.0
0,3,diff__basic__dw_element_fire,0.0,0.0
0,3,diff__basic__dw_element_metal,0.0,0.0
0,3,diff__basic__dw_element_water,0.0,0.0
0,3,diff__basic__dw_element_wood,0.05462266972873194,1.0
0,3,diff__basic__dw_yy_yang,0.0,0.0
0,3,diff__basic__dw_yy_yin,0.0,0.0
0,3,diff__basic__sw_branch_丑,0.0,0.0
0,3,diff__basic__sw_branch_亥,0.0,0.0
0,3,diff__basic__sw_branch_午,-0.0880660367908211,1.0
0,3,diff__basic__sw_branch_卯,0.0,0.0
0,3,diff__basic__sw_branch_子,0.18655931774984175,1.0
0,3,diff__basic__sw_branch_寅,0.0,0.0
0,3,diff__basic__sw_branch_巳,0.26899880239660534,1.0
0,3,diff__basic__sw_branch_戌,0.0,0.0
0,3,diff__basic__sw_branch_未,0.0,0.0
0,3,diff__basic__sw_branch_申,0.0,0.0
0,3,diff__basic__sw_branch_辰,0.21915918691457692,1.0
0,3,diff__basic__sw_branch_酉,-0.33213630437175873,1.0
0,3,diff__basic__sw_element_earth,0.07525221321444657,1.0
0,3,diff__basic__sw_element_fire,0.0,0.0
0,3,diff__basic__sw_element_metal,0.0,0.0
0,3,diff__basic__sw_element_water,0.0,0.0
0,3,diff__basic__sw_element_wood,0.0,0.0
0,3,diff__basic__sw_yy_yang,0.0,0.0
0,3,diff__basic__sw_yy_yin,0.0,0.0
0,3,diff__relation__dw_branch_break_natal,0.0,0.0
0,3,diff__relation__dw_branch_clash_natal,0.0,0.0
0,3,diff__relation__dw_branch_combine_natal,0.0,0.0
0,3,diff__relation__dw_branch_harm_natal,0.0,0.0
0,3,diff__relation__dw_branch_punish_natal,0.0,0.0
0,3,diff__relation__dw_stem_clash_natal,0.02366638819945302,1.0
0,3,diff__relation__dw_stem_combine_natal,0.0,0.0
0,3,diff__relation__sw_branch_break_natal,-0.03251192784152353,1.0
0,3,diff__relation__sw_branch_clash_natal,0.0,0.0
0,3,diff__relation__sw_branch_combine_natal,0.0,0.0
0,3,diff__relation__sw_branch_harm_natal,0.11405295282960907,1.0
0,3,diff__relation__sw_branch_punish_natal,-0.22012886869300005,1.0
0,3,diff__relation__sw_dw_branch_break,0.0,0.0
0,3,diff__relation__sw_dw_branch_clash,0.42076641573698376,1.0
0,3,diff__relation__sw_dw_branch_combine,0.0,0.0
0,3,diff__relation__sw_dw_branch_harm,-0.06518748727269147,1.0
0,3,diff__relation__sw_dw_branch_punish,-0.21504036086243442,1.0
0,3,diff__relation__sw_dw_stem_clash,-0.0010259903589468755,1.0
0,3,diff__relation__sw_dw_stem_combine,0.0,0.0
0,3,diff__relation__sw_stem_clash_natal,0.0,0.0
0,3,diff__relation__sw_stem_combine_natal,0.0,0.0
0,3,diff__tg10__dw_branch_hidden_bijian,0.0,0.0
0,3,diff__tg10__dw_branch_hidden_jiecai,0.0,0.0
0,3,diff__tg10__dw_branch_hidden_pian_cai,0.0,0.0
0,3,diff__tg10__dw_branch_hidden_pian_yin,0.0,0.0
0,3,diff__tg10__dw_branch_hidden_qi_sha,0.0,0.0
0,3,diff__tg10__dw_branch_hidden_shangguan,0.0,0.0
0,3,diff__tg10__dw_branch_hidden_shishen,-0.07266505454610843,1.0
0,3,diff__tg10__dw_branch_hidden_zheng_cai,0.0,0.0
0,3,diff__tg10__dw_branch_hidden_zheng_guan,0.0,0.0
0,3,diff__tg10__dw_branch_hidden_zheng_yin,0.0,0.0
0,3,diff__tg10__dw_stem_bijian,0.21037686320190427,1.0
0,3,diff__tg10__dw_stem_jiecai,-0.1323664355313373,1.0
0,3,diff__tg10__dw_stem_pian_cai,0.4320630322384724,1.0
0,3,diff__tg10__dw_stem_pian_yin,0.0,0.0
0,3,diff__tg10__dw_stem_qi_sha,0.0,0.0
0,3,diff__tg10__dw_stem_shangguan,0.0,0.0
0,3,diff__tg10__dw_stem_shishen,0.0,0.0
0,3,diff__tg10__dw_stem_zheng_cai,-0.037930616643628165,1.0
0,3,diff__tg10__dw_stem_zheng_guan,-0.13964530302713155,1.0
0,3,diff__tg10__dw_stem_zheng_yin,0.0,0.0
0,3,diff__tg10__sw_branch_hidden_bijian,-0.08958300719410683,1.0
0,3,diff__tg10__sw_branch_hidden_jiecai,0.0,0.0
0,3,diff__tg10__sw_branch_hidden_pian_cai,0.0,0.0
0,3,diff__tg10__sw_branch_hidden_pian_yin,-0.06433383716678222,1.0
0,3,diff__tg10__sw_branch_hidden_qi_sha,0.0,0.0
0,3,diff__tg10__sw_branch_hidden_shangguan,0.0,0.0
0,3,diff__tg10__sw_branch_hidden_shishen,0.009064542280452382,1.0
0,3,diff__tg10__sw_branch_hidden_zheng_cai,0.0,0.0
0,3,diff__tg10__sw_branch_hidden_zheng_guan,0.0,0.0
0,3,diff__tg10__sw_branch_hidden_zheng_yin,0.0,0.0
0,3,diff__tg10__sw_stem_bijian,0.0,0.0
0,3,diff__tg10__sw_stem_jiecai,0.0828615377051604,1.0
0,3,diff__tg10__sw_stem_pian_cai,-0.14518820256479806,1.0
0,3,diff__tg10__sw_stem_pian_yin,0.0,0.0
0,3,diff__tg10__sw_stem_qi_sha,0.0,0.0
0,3,diff__tg10__sw_stem_shangguan,0.0,0.0
0,3,diff__tg10__sw_stem_shishen,0.0,0.0
0,3,diff__tg10__sw_stem_zheng_cai,-0.0715930079719768,1.0
0,3,diff__tg10__sw_stem_zheng_guan,0.0,0.0
0,3,diff__tg10__sw_stem_zheng_yin,0.0,0.0
0,3,diff__tgxstrength__dw_bijian_strong,0.0,0.0
0,3,diff__tgxstrength__dw_bijian_weak,0.0,0.0
0,3,diff__tgxstrength__dw_jiecai_strong,-0.04435974235606356,1.0
0,3,diff__tgxstrength__dw_jiecai_weak,0.0,0.0
0,3,diff__tgxstrength__dw_pian_cai_strong,0.04020505264980681,1.0
0,3,diff__tgxstrength__dw_pian_cai_weak,0.0,0.0
0,3,diff__tgxstrength__dw_pian_yin_strong,0.0,0.0
0,3,diff__tgxstrength__dw_pian_yin_weak,0.0,0.0
0,3,diff__tgxstrength__dw_qi_sha_strong,0.0,0.0
0,3,diff__tgxstrength__dw_qi_sha_weak,0.0,0.0
0,3,diff__tgxstrength__dw_shangguan_strong,0.0,0.0
0,3,diff__tgxstrength__dw_shangguan_weak,0.0,0.0
0,3,diff__tgxstrength__dw_shishen_strong,0.0,0.0
0,3,diff__tgxstrength__dw_shishen_weak,0.0,0.0
0,3,diff__tgxstrength__dw_zheng_cai_strong,-0.04455183597909636,1.0
0,3,diff__tgxstrength__dw_zheng_cai_weak,0.0,0.0
0,3,diff__tgxstrength__dw_zheng_guan_strong,-0.09103544712696916,1.0
0,3,diff__tgxstrength__dw_zheng_guan_weak,0.0,0.0
0,3,diff__tgxstrength__dw_zheng_yin_strong,0.0,0.0
0,3,diff__tgxstrength__dw_zheng_yin_weak,0.0,0.0
0,3,diff__tgxstrength__sw_bijian_strong,-0.07302932246006007,1.0
0,3,diff__tgxstrength__sw_bijian_weak,0.0,0.0
0,3,diff__tgxstrength__sw_jiecai_strong,0.0,0.0
0,3,diff__tgxstrength__sw_jiecai_weak,0.10109678526491411,1.0
0,3,diff__tgxstrength__sw_pian_cai_strong,0.0,0.0
0,3,diff__tgxstrength__sw_pian_cai_weak,-0.00641786514111241,1.0
0,3,diff__tgxstrength__sw_pian_yin_strong,0.0,0.0
0,3,diff__tgxstrength__sw_pian_yin_weak,0.0,0.0
0,3,diff__tgxstrength__sw_qi_sha_strong,0.17025510257652382,1.0
0,3,diff__tgxstrength__sw_qi_sha_weak,-0.19969983020345033,1.0
0,3,diff__tgxstrength__sw_shangguan_strong,0.14867957806647536,1.0
0,3,diff__tgxstrength__sw_shangguan_weak,-0.09742918886281098,1.0
0,3,diff__tgxstrength__sw_shishen_strong,0.0,0.0
0,3,diff__tgxstrength__sw_shishen_weak,0.0,0.0
0,3,diff__tgxstrength__sw_zheng_cai_strong,-0.0956358992976395,1.0
0,3,diff__tgxstrength__sw_zheng_cai_weak,0.0,0.0
0,3,diff__tgxstrength__sw_zheng_guan_strong,-0.12424920902487127,1.0
0,3,diff__tgxstrength__sw_zheng_guan_weak,0.018791949884020054,1.0
0,3,diff__tgxstrength__sw_zheng_yin_strong,0.0,0.0
0,3,diff__tgxstrength__sw_zheng_yin_weak,0.0,0.0
0,3,diff__unseong__dw_raw_score,0.0,0.0
0,3,diff__unseong__dw_score_x_strength,0.09036920112723296,1.0
0,3,diff__unseong__dw_state_건록,0.0,0.0
0,3,diff__unseong__dw_state_관대,0.0,0.0
0,3,diff__unseong__dw_state_목욕,0.0,0.0
0,3,diff__unseong__dw_state_묘,-0.12337591151534483,1.0
0,3,diff__unseong__dw_state_병,0.0,0.0
0,3,diff__unseong__dw_state_사,0.0,0.0
0,3,diff__unseong__dw_state_쇠,0.0,0.0
0,3,diff__unseong__dw_state_양,0.0,0.0
0,3,diff__unseong__dw_state_장생,0.0,0.0
0,3,diff__unseong__dw_state_절,0.0,0.0
0,3,diff__unseong__dw_state_제왕,0.0,0.0
0,3,diff__unseong__dw_state_태,0.0,0.0
0,3,diff__unseong__sw_raw_score,-0.061610661347429534,1.0
0,3,diff__unseong__sw_score_x_strength,0.08503461911473918,1.0
0,3,diff__unseong__sw_state_건록,-0.16950367311020503,1.0
0,3,diff__unseong__sw_state_관대,0.0,0.0
0,3,diff__unseong__sw_state_목욕,0.0,0.0
0,3,diff__unseong__sw_state_묘,0.0,0.0
0,3,diff__unseong__sw_state_병,0.06248624190562776,1.0
0,3,diff__unseong__sw_state_사,0.0,0.0
0,3,diff__unseong__sw_state_쇠,0.0,0.0
0,3,diff__unseong__sw_state_양,0.10593051228591073,1.0
0,3,diff__unseong__sw_state_장생,0.0,0.0
0,3,diff__unseong__sw_state_절,0.0,0.0
0,3,diff__unseong__sw_state_제왕,0.0,0.0
0,3,diff__unseong__sw_state_태,0.0,0.0
0,3,diff__yongshin__dw_gi_fit,0.0,0.0
0,3,diff__yongshin__dw_gu_fit,0.0,0.0
0,3,diff__yongshin__dw_hee_fit,0.0,0.0
0,3,diff__yongshin__dw_supplies_fav,0.0,0.0
0,3,diff__yongshin__dw_supplies_unfav,0.0,0.0
0,3,diff__yongshin__dw_yong_branch_fit,-0.20406158221058449,1.0
0,3,diff__yongshin__dw_yong_fit,0.0,0.0
0,3,diff__yongshin__dw_yong_stem_fit,0.04621446218539422,1.0
0,3,diff__yongshin__sw_gi_fit,0.06967835873538566,1.0
0,3,diff__yongshin__sw_gu_fit,0.020674370825701956,1.0
0,3,diff__yongshin__sw_hee_fit,-0.12119817081850773,1.0
0,3,diff__yongshin__sw_supplies_fav,0.0,0.0
0,3,diff__yongshin__sw_supplies_unfav,0.250768853453338,1.0
0,3,diff__yongshin__sw_yong_branch_fit,0.0,0.0
0,3,diff__yongshin__sw_yong_fit,0.0,0.0
0,3,diff__yongshin__sw_yong_stem_fit,0.0,0.0
0,4,diff__basic__dw_branch_丑,0.0,0.0
0,4,diff__basic__dw_branch_亥,0.0,0.0
0,4,diff__basic__dw_branch_午,0.0,0.0
0,4,diff__basic__dw_branch_卯,0.0,0.0
0,4,diff__basic__dw_branch_子,0.0,0.0
0,4,diff__basic__dw_branch_寅,0.0,0.0
0,4,diff__basic__dw_branch_巳,0.0,0.0
0,4,diff__basic__dw_branch_戌,0.0,0.0
0,4,diff__basic__dw_branch_未,0.0,0.0
0,4,diff__basic__dw_branch_申,0.0,0.0
0,4,diff__basic__dw_branch_辰,0.0,0.0
0,4,diff__basic__dw_branch_酉,0.0,0.0
0,4,diff__basic__dw_element_earth,0.0,0.0
0,4,diff__basic__dw_element_fire,0.0,0.0
0,4,diff__basic__dw_element_metal,0.0,0.0
0,4,diff__basic__dw_element_water,0.0,0.0
0,4,diff__basic__dw_element_wood,0.0,0.0
0,4,diff__basic__dw_yy_yang,0.0,0.0
0,4,diff__basic__dw_yy_yin,0.0,0.0
0,4,diff__basic__sw_branch_丑,0.0,0.0
0,4,diff__basic__sw_branch_亥,0.0,0.0
0,4,diff__basic__sw_branch_午,0.0,0.0
0,4,diff__basic__sw_branch_卯,-0.015713946860278962,1.0
0,4,diff__basic__sw_branch_子,0.0,0.0
0,4,diff__basic__sw_branch_寅,0.0,0.0
0,4,diff__basic__sw_branch_巳,0.2571671672705382,1.0
0,4,diff__basic__sw_branch_戌,0.0,0.0
0,4,diff__basic__sw_branch_未,0.0,0.0
0,4,diff__basic__sw_branch_申,0.0,0.0
0,4,diff__basic__sw_branch_辰,0.0,0.0
0,4,diff__basic__sw_branch_酉,-0.06388045530182355,1.0
0,4,diff__basic__sw_element_earth,0.0,0.0
0,4,diff__basic__sw_element_fire,0.0,0.0
0,4,diff__basic__sw_element_metal,0.0,0.0
0,4,diff__basic__sw_element_water,0.0,0.0
0,4,diff__basic__sw_element_wood,-0.09175106308825741,1.0
0,4,diff__basic__sw_yy_yang,0.0,0.0
0,4,diff__basic__sw_yy_yin,0.0,0.0
0,4,diff__relation__dw_branch_break_natal,0.0,0.0
0,4,diff__relation__dw_branch_clash_natal,0.0,0.0
0,4,diff__relation__dw_branch_combine_natal,0.0,0.0
0,4,diff__relation__dw_branch_harm_natal,0.0,0.0
0,4,diff__relation__dw_branch_punish_natal,0.0,0.0
0,4,diff__relation__dw_stem_clash_natal,0.0,0.0
0,4,diff__relation__dw_stem_combine_natal,0.0,0.0
0,4,diff__relation__sw_branch_break_natal,0.0,0.0
0,4,diff__relation__sw_branch_clash_natal,0.0,0.0
0,4,diff__relation__sw_branch_combine_natal,0.0,0.0
0,4,diff__relation__sw_branch_harm_natal,0.0,0.0
0,4,diff__relation__sw_branch_punish_natal,-0.005357255582217036,1.0
0,4,diff__relation__sw_dw_branch_break,0.0,0.0
0,4,diff__relation__sw_dw_branch_clash,0.2428698185372129,1.0
0,4,diff__relation__sw_dw_branch_combine,0.0,0.0
0,4,diff__relation__sw_dw_branch_harm,0.0,0.0
0,4,diff__relation__sw_dw_branch_punish,0.0,0.0
0,4,diff__relation__sw_dw_stem_clash,0.0,0.0
0,4,diff__relation__sw_dw_stem_combine,0.0,0.0
0,4,diff__relation__sw_stem_clash_natal,0.0,0.0
0,4,diff__relation__sw_stem_combine_natal,0.0,0.0
0,4,diff__tg10__dw_branch_hidden_bijian,0.0,0.0
0,4,diff__tg10__dw_branch_hidden_jiecai,0.0,0.0
0,4,diff__tg10__dw_branch_hidden_pian_cai,0.0,0.0
0,4,diff__tg10__dw_branch_hidden_pian_yin,0.0,0.0
0,4,diff__tg10__dw_branch_hidden_qi_sha,0.0,0.0
0,4,diff__tg10__dw_branch_hidden_shangguan,0.0,0.0
0,4,diff__tg10__dw_branch_hidden_shishen,0.0,0.0
0,4,diff__tg10__dw_branch_hidden_zheng_cai,-0.021121023502314366,1.0
0,4,diff__tg10__dw_branch_hidden_zheng_guan,0.0,0.0
0,4,diff__tg10__dw_branch_hidden_zheng_yin,0.0,0.0
0,4,diff__tg10__dw_stem_bijian,0.3358742038260227,1.0
0,4,diff__tg10__dw_stem_jiecai,0.0,0.0
0,4,diff__tg10__dw_stem_pian_cai,0.5627545718091612,1.0
0,4,diff__tg10__dw_stem_pian_yin,0.0,0.0
0,4,diff__tg10__dw_stem_qi_sha,0.0,0.0
0,4,diff__tg10__dw_stem_shangguan,0.0,0.0
0,4,diff__tg10__dw_stem_shishen,0.2223221716016489,1.0
0,4,diff__tg10__dw_stem_zheng_cai,0.0,0.0
0,4,diff__tg10__dw_stem_zheng_guan,0.0,0.0
0,4,diff__tg10__dw_stem_zheng_yin,0.0,0.0
0,4,diff__tg10__sw_branch_hidden_bijian,-0.11522088584685666,1.0
0,4,diff__tg10__sw_branch_hidden_jiecai,0.0,0.0
0,4,diff__tg10__sw_branch_hidden_pian_cai,0.0,0.0
0,4,diff__tg10__sw_branch_hidden_pian_yin,0.0,0.0
0,4,diff__tg10__sw_branch_hidden_qi_sha,0.0,0.0
0,4,diff__tg10__sw_branch_hidden_shangguan,0.0,0.0
0,4,diff__tg10__sw_branch_hidden_shishen,0.0,0.0
0,4,diff__tg10__sw_branch_hidden_zheng_cai,0.0,0.0
0,4,diff__tg10__sw_branch_hidden_zheng_guan,0.0,0.0
0,4,diff__tg10__sw_branch_hidden_zheng_yin,0.0,0.0
0,4,diff__tg10__sw_stem_bijian,0.0,0.0
0,4,diff__tg10__sw_stem_jiecai,0.17586516715471406,1.0
0,4,diff__tg10__sw_stem_pian_cai,0.0,0.0
0,4,diff__tg10__sw_stem_pian_yin,0.0,0.0
0,4,diff__tg10__sw_stem_qi_sha,0.0,0.0
0,4,diff__tg10__sw_stem_shangguan,0.15462743092289039,1.0
0,4,diff__tg10__sw_stem_shishen,0.0,0.0
0,4,diff__tg10__sw_stem_zheng_cai,0.0,0.0
0,4,diff__tg10__sw_stem_zheng_guan,0.0,0.0
0,4,diff__tg10__sw_stem_zheng_yin,-0.14970286691207219,1.0
0,4,diff__tgxstrength__dw_bijian_strong,0.0,0.0
0,4,diff__tgxstrength__dw_bijian_weak,0.0,0.0
0,4,diff__tgxstrength__dw_jiecai_strong,0.0,0.0
0,4,diff__tgxstrength__dw_jiecai_weak,0.0,0.0
0,4,diff__tgxstrength__dw_pian_cai_strong,0.0,0.0
0,4,diff__tgxstrength__dw_pian_cai_weak,0.0,0.0
0,4,diff__tgxstrength__dw_pian_yin_strong,0.0,0.0
0,4,diff__tgxstrength__dw_pian_yin_weak,0.0,0.0
0,4,diff__tgxstrength__dw_qi_sha_strong,0.0,0.0
0,4,diff__tgxstrength__dw_qi_sha_weak,-0.22712747980930403,1.0
0,4,diff__tgxstrength__dw_shangguan_strong,0.0,0.0
0,4,diff__tgxstrength__dw_shangguan_weak,0.0,0.0
0,4,diff__tgxstrength__dw_shishen_strong,0.0,0.0
0,4,diff__tgxstrength__dw_shishen_weak,0.0,0.0
0,4,diff__tgxstrength__dw_zheng_cai_strong,-0.1583437388573415,1.0
0,4,diff__tgxstrength__dw_zheng_cai_weak,0.0,0.0
0,4,diff__tgxstrength__dw_zheng_guan_strong,0.0,0.0
0,4,diff__tgxstrength__dw_zheng_guan_weak,0.0,0.0
0,4,diff__tgxstrength__dw_zheng_yin_strong,0.0,0.0
0,4,diff__tgxstrength__dw_zheng_yin_weak,0.0,0.0
0,4,diff__tgxstrength__sw_bijian_strong,-0.10383782450501684,1.0
0,4,diff__tgxstrength__sw_bijian_weak,0.0,0.0
0,4,diff__tgxstrength__sw_jiecai_strong,0.0,0.0
0,4,diff__tgxstrength__sw_jiecai_weak,0.03354234279228608,1.0
0,4,diff__tgxstrength__sw_pian_cai_strong,0.0,0.0
0,4,diff__tgxstrength__sw_pian_cai_weak,0.0,0.0
0,4,diff__tgxstrength__sw_pian_yin_strong,0.0,0.0
0,4,diff__tgxstrength__sw_pian_yin_weak,0.0,0.0
0,4,diff__tgxstrength__sw_qi_sha_strong,0.0,0.0
0,4,diff__tgxstrength__sw_qi_sha_weak,-0.21432257387550724,1.0
0,4,diff__tgxstrength__sw_shangguan_strong,0.0,0.0
0,4,diff__tgxstrength__sw_shangguan_weak,0.0,0.0
0,4,diff__tgxstrength__sw_shishen_strong,0.056321585905425436,1.0
0,4,diff__tgxstrength__sw_shishen_weak,0.0,0.0
0,4,diff__tgxstrength__sw_zheng_cai_strong,0.0,0.0
0,4,diff__tgxstrength__sw_zheng_cai_weak,0.0,0.0
0,4,diff__tgxstrength__sw_zheng_guan_strong,0.0,0.0
0,4,diff__tgxstrength__sw_zheng_guan_weak,0.0,0.0
0,4,diff__tgxstrength__sw_zheng_yin_strong,0.0,0.0
0,4,diff__tgxstrength__sw_zheng_yin_weak,0.0,0.0
0,4,diff__unseong__dw_raw_score,0.0,0.0
0,4,diff__unseong__dw_score_x_strength,0.10780837043173154,1.0
0,4,diff__unseong__dw_state_건록,0.0,0.0
0,4,diff__unseong__dw_state_관대,0.0,0.0
0,4,diff__unseong__dw_state_목욕,0.0,0.0
0,4,diff__unseong__dw_state_묘,0.0,0.0
0,4,diff__unseong__dw_state_병,0.0,0.0
0,4,diff__unseong__dw_state_사,0.0,0.0
0,4,diff__unseong__dw_state_쇠,0.0,0.0
0,4,diff__unseong__dw_state_양,0.0,0.0
0,4,diff__unseong__dw_state_장생,0.0,0.0
0,4,diff__unseong__dw_state_절,0.0,0.0
0,4,diff__unseong__dw_state_제왕,0.0,0.0
0,4,diff__unseong__dw_state_태,0.0,0.0
0,4,diff__unseong__sw_raw_score,-0.027631102683695306,1.0
0,4,diff__unseong__sw_score_x_strength,0.0,0.0
0,4,diff__unseong__sw_state_건록,-0.0072396839266422605,1.0
0,4,diff__unseong__sw_state_관대,-0.021644668031237588,1.0
0,4,diff__unseong__sw_state_목욕,0.0,0.0
0,4,diff__unseong__sw_state_묘,0.0,0.0
0,4,diff__unseong__sw_state_병,0.09718876284411627,1.0
0,4,diff__unseong__sw_state_사,0.0,0.0
0,4,diff__unseong__sw_state_쇠,0.0,0.0
0,4,diff__unseong__sw_state_양,0.0026751831034875963,1.0
0,4,diff__unseong__sw_state_장생,0.0,0.0
0,4,diff__unseong__sw_state_절,0.0,0.0
0,4,diff__unseong__sw_state_제왕,0.0,0.0
0,4,diff__unseong__sw_state_태,0.0,0.0
0,4,diff__yongshin__dw_gi_fit,0.0,0.0
0,4,diff__yongshin__dw_gu_fit,0.0,0.0
0,4,diff__yongshin__dw_hee_fit,0.0,0.0
0,4,diff__yongshin__dw_supplies_fav,0.0,0.0
0,4,diff__yongshin__dw_supplies_unfav,0.0,0.0
0,4,diff__yongshin__dw_yong_branch_fit,0.0,0.0
0,4,diff__yongshin__dw_yong_fit,0.0,0.0
0,4,diff__yongshin__dw_yong_stem_fit,0.0,0.0
0,4,diff__yongshin__sw_gi_fit,0.0,0.0
0,4,diff__yongshin__sw_gu_fit,0.0,0.0
0,4,diff__yongshin__sw_hee_fit,0.0,0.0
0,4,diff__yongshin__sw_supplies_fav,0.008343203253856981,1.0
0,4,diff__yongshin__sw_supplies_unfav,0.011469149772193158,1.0
0,4,diff__yongshin__sw_yong_branch_fit,0.011509143084357127,1.0
0,4,diff__yongshin__sw_yong_fit,0.0,0.0
0,4,diff__yongshin__sw_yong_stem_fit,0.0,0.0
1,0,diff__basic__dw_branch_丑,0.0,0.0
1,0,diff__basic__dw_branch_亥,0.0,0.0
1,0,diff__basic__dw_branch_午,0.0,0.0
1,0,diff__basic__dw_branch_卯,0.2882804177678883,1.0
1,0,diff__basic__dw_branch_子,0.0,0.0
1,0,diff__basic__dw_branch_寅,-0.20448687197283555,1.0
1,0,diff__basic__dw_branch_巳,0.0,0.0
1,0,diff__basic__dw_branch_戌,0.0,0.0
1,0,diff__basic__dw_branch_未,-0.03872593248360218,1.0
1,0,diff__basic__dw_branch_申,-0.004748553489595341,1.0
1,0,diff__basic__dw_branch_辰,0.0,0.0
1,0,diff__basic__dw_branch_酉,0.1257646293720359,1.0
1,0,diff__basic__dw_element_earth,0.1211463030062362,1.0
1,0,diff__basic__dw_element_fire,-0.23539561418860194,1.0
1,0,diff__basic__dw_element_metal,-0.03276055596358025,1.0
1,0,diff__basic__dw_element_water,0.0,0.0
1,0,diff__basic__dw_element_wood,0.15997498290934262,1.0
1,0,diff__basic__dw_yy_yang,-0.037215181433011384,1.0
1,0,diff__basic__dw_yy_yin,0.037215181433011384,1.0
1,0,diff__basic__sw_branch_丑,0.0,0.0
1,0,diff__basic__sw_branch_亥,-0.012455048682559412,1.0
1,0,diff__basic__sw_branch_午,-0.07140879739421677,1.0
1,0,diff__basic__sw_branch_卯,0.0,0.0
1,0,diff__basic__sw_branch_子,0.18489399411580512,1.0
1,0,diff__basic__sw_branch_寅,-0.29038974951819024,1.0
1,0,diff__basic__sw_branch_巳,0.2742532386772772,1.0
1,0,diff__basic__sw_branch_戌,0.20694395126968812,1.0
1,0,diff__basic__sw_branch_未,-0.0900454386429449,1.0
1,0,diff__basic__sw_branch_申,0.0,0.0
1,0,diff__basic__sw_branch_辰,0.37360468983559525,1.0
1,0,diff__basic__sw_branch_酉,-0.7289754713910205,1.0
1,0,diff__basic__sw_element_earth,0.34035675402661003,1.0
1,0,diff__basic__sw_element_fire,0.2694571314734736,1.0
1,0,diff__basic__sw_element_metal,-0.197269469006997,1.0
1,0,diff__basic__sw_element_water,0.0,0.0
1,0,diff__basic__sw_element_wood,-0.3411946760154041,1.0
1,0,diff__basic__sw_yy_yang,0.09634609733854638,1.0
1,0,diff__basic__sw_yy_yin,-0.09634609733854638,1.0
1,0,diff__relation__dw_branch_break_natal,0.0,0.0
1,0,diff__relation__dw_branch_clash_natal,0.07424228610637953,1.0
1,0,diff__relation__dw_branch_combine_natal,-0.11545951047877696,1.0
1,0,diff__relation__dw_branch_harm_natal,-0.2512678815483921,1.0
1,0,diff__relation__dw_branch_punish_natal,0.0,0.0
1,0,diff__relation__dw_stem_clash_natal,0.12418689177066466,1.0
1,0,diff__relation__dw_stem_combine_natal,-0.0632703235135064,1.0
1,0,diff__relation__sw_branch_break_natal,-0.354968766379503,1.0
1,0,diff__relation__sw_branch_clash_natal,0.0,0.0
1,0,diff__relation__sw_branch_combine_natal,0.0,0.0
1,0,diff__relation__sw_branch_harm_natal,0.0,0.0
1,0,diff__relation__sw_branch_punish_natal,0.0,0.0
1,0,diff__relation__sw_dw_branch_break,0.07118415983655678,1.0
1,0,diff__relation__sw_dw_branch_clash,0.9178984713619985,1.0
1,0,diff__relation__sw_dw_branch_combine,-0.1483751106069589,1.0
1,0,diff__relation__sw_dw_branch_harm,0.0032853560266990697,1.0
1,0,diff__relation__sw_dw_branch_punish,-0.21035928933855794,1.0
1,0,diff__relation__sw_dw_stem_clash,-0.6072244697877615,1.0
1,0,diff__relation__sw_dw_stem_combine,-0.06541872812473608,1.0
1,0,diff__relation__sw_stem_clash_natal,0.036670356893917906,1.0
1,0,diff__relation__sw_stem_combine_natal,-0.32442214975443395,1.0
1,0,diff__tg10__dw_branch_hidden_bijian,0.0,0.0
1,0,diff__tg10__dw_branch_hidden_jiecai,0.32592356993377725,1.0
1,0,diff__tg10__dw_branch_hidden_pian_cai,0.0,0.0
1,0,diff__tg10__dw_branch_hidden_pian_yin,-0.11180751954411586,1.0
1,0,diff__tg10__dw_branch_hidden_qi_sha,0.0,0.0
1,0,diff__tg10__dw_branch_hidden_shangguan,0.0,0.0
1,0,diff__tg10__dw_branch_hidden_shishen,-0.1342314710975382,1.0
1,0,diff__tg10__dw_branch_hidden_zheng_cai,-0.06893076258288526,1.0
1,0,diff__tg10__dw_branch_hidden_zheng_guan,0.0,0.0
1,0,diff__tg10__dw_branch_hidden_zheng_yin,0.2172124743105192,1.0
1,0,diff__tg10__dw_stem_bijian,0.20863403000767616,1.0
1,0,diff__tg10__dw_stem_jiecai,-0.21992961451234846,1.0
1,0,diff__tg10__dw_stem_pian_cai,0.5131820208977904,1.0
1,0,diff__tg10__dw_stem_pian_yin,0.0,0.0
1,0,diff__tg10__dw_stem_qi_sha,0.0,0.0
1,0,diff__tg10__dw_stem_shangguan,-0.06173307036824263,1.0
1,0,diff__tg10__dw_stem_shishen,0.04421057133145271,1.0
1,0,diff__tg10__dw_stem_zheng_cai,-0.20884141106472734,1.0
1,0,diff__tg10__dw_stem_zheng_guan,0.0,0.0
1,0,diff__tg10__dw_stem_zheng_yin,-0.18931967781330264,1.0
1,0,diff__tg10__sw_branch_hidden_bijian,-0.2569792896011545,1.0
1,0,diff__tg10__sw_branch_hidden_jiecai,0.0,0.0
1,0,diff__tg10__sw_branch_hidden_pian_cai,-0.091584227926317,1.0
1,0,diff__tg10__sw_branch_hidden_pian_yin,0.0,0.0
1,0,diff__tg10__sw_branch_hidden_qi_sha,0.28059137713015353,1.0
1,0,diff__tg10__sw_branch_hidden_shangguan,0.0,0.0
1,0,diff__tg10__sw_branch_hidden_shishen,0.13196784271899734,1.0
1,0,diff__tg10__sw_branch_hidden_zheng_cai,-0.030749235942543474,1.0
1,0,diff__tg10__sw_branch_hidden_zheng_guan,0.11927641194555735,1.0
1,0,diff__tg10__sw_branch_hidden_zheng_yin,0.0,0.0
1,0,diff__tg10__sw_stem_bijian,0.03175456652268916,1.0
1,0,diff__tg10__sw_stem_jiecai,0.029569044339981455,1.0
1,0,diff__tg10__sw_stem_pian_cai,0.0,0.0
1,0,diff__tg10__sw_stem_pian_yin,0.04945825437654548,1.0
1,0,diff__tg10__sw_stem_qi_sha,0.0,0.0
1,0,diff__tg10__sw_stem_shangguan,0.03108895179891989,1.0
1,0,diff__tg10__sw_stem_shishen,0.0,0.0
1,0,diff__tg10__sw_stem_zheng_cai,-0.005117186772148701,1.0
1,0,diff__tg10__sw_stem_zheng_guan,-0.10207473760213005,1.0
1,0,diff__tg10__sw_stem_zheng_yin,-0.2257684147883936,1.0
1,0,diff__tgxstrength__dw_bijian_strong,0.04215955523305266,1.0
1,0,diff__tgxstrength__dw_bijian_weak,0.07612448609859984,1.0
1,0,diff__tgxstrength__dw_jiecai_strong,-0.10885891579223148,1.0
1,0,diff__tgxstrength__dw_jiecai_weak,0.08617884802967385,1.0
1,0,diff__tgxstrength__dw_pian_cai_strong,0.3581827237870041,1.0
1,0,diff__tgxstrength__dw_pian_cai_weak,0.02040584729197293,1.0
1,0,diff__tgxstrength__dw_pian_yin_strong,0.0,0.0
1,0,diff__tgxstrength__dw_pian_yin_weak,0.0,0.0
1,0,diff__tgxstrength__dw_qi_sha_strong,0.14433230798119326,1.0
1,0,diff__tgxstrength__dw_qi_sha_weak,0.0,0.0
1,0,diff__tgxstrength__dw_shangguan_strong,-0.17883436805290706,1.0
1,0,diff__tgxstrength__dw_shangguan_weak,0.0,0.0
1,0,diff__tgxstrength__dw_shishen_strong,0.08922161546706174,1.0
1,0,diff__tgxstrength__dw_shishen_weak,-0.014925115722577811,1.0
1,0,diff__tgxstrength__dw_zheng_cai_strong,-0.2340670441592622,1.0
1,0,diff__tgxstrength__dw_zheng_cai_weak,0.0,0.0
1,0,diff__tgxstrength__dw_zheng_guan_strong,-0.3019616504187031,1.0
1,0,diff__tgxstrength__dw_zheng_guan_weak,0.0,0.0
1,0,diff__tgxstrength__dw_zheng_yin_strong,0.0,0.0
1,0,diff__tgxstrength__dw_zheng_yin_weak,-0.06432907788672296,1.0
1,0,diff__tgxstrength__sw_bijian_strong,-0.3476522306749937,1.0
1,0,diff__tgxstrength__sw_bijian_weak,0.4306774966069961,1.0
1,0,diff__tgxstrength__sw_jiecai_strong,-0.05031671095089967,1.0
1,0,diff__tgxstrength__sw_jiecai_weak,0.46675215783828516,1.0
1,0,diff__tgxstrength__sw_pian_cai_strong,0.15109384279345342,1.0
1,0,diff__tgxstrength__sw_pian_cai_weak,-0.2871656666779167,1.0
1,0,diff__tgxstrength__sw_pian_yin_strong,0.0,0.0
1,0,diff__tgxstrength__sw_pian_yin_weak,0.056024101426887025,1.0
1,0,diff__tgxstrength__sw_qi_sha_strong,0.3883888153449752,1.0
1,0,diff__tgxstrength__sw_qi_sha_weak,-0.2917982286945715,1.0
1,0,diff__tgxstrength__sw_shangguan_strong,0.6708494055468133,1.0
1,0,diff__tgxstrength__sw_shangguan_weak,-0.299927119866594,1.0
1,0,diff__tgxstrength__sw_shishen_strong,0.05650607383173499,1.0
1,0,diff__tgxstrength__sw_shishen_weak,0.0,0.0
1,0,diff__tgxstrength__sw_zheng_cai_strong,0.0,0.0
1,0,diff__tgxstrength__sw_zheng_cai_weak,-0.044966098286086484,1.0
1,0,diff__tgxstrength__sw_zheng_guan_strong,-0.5378921183617484,1.0
1,0,diff__tgxstrength__sw_zheng_guan_weak,0.45099598157493204,1.0
1,0,diff__tgxstrength__sw_zheng_yin_strong,0.0,0.0
1,0,diff__tgxstrength__sw_zheng_yin_weak,-0.17041558392727582,1.0
1,0,diff__unseong__dw_raw_score,0.0,0.0
1,0,diff__unseong__dw_score_x_strength,0.46988526028739713,1.0
1,0,diff__unseong__dw_state_건록,0.0,0.0
1,0,diff__unseong__dw_state_관대,0.0,0.0
1,0,diff__unseong__dw_state_목욕,0.060242612392630956,1.0
1,0,diff__unseong__dw_state_묘,0.0,0.0
1,0,diff__unseong__dw_state_병,0.0,0.0
1,0,diff__unseong__dw_state_사,0.0,0.0
1,0,diff__unseong__dw_state_쇠,0.024531970806148544,1.0
1,0,diff__unseong__dw_state_양,-0.07231174798808995,1.0
1,0,diff__unseong__dw_state_장생,0.0,0.0
1,0,diff__unseong__dw_state_절,0.0,0.0
1,0,diff__unseong__dw_state_제왕,0.0,0.0
1,0,diff__unseong__dw_state_태,0.0,0.0
1,0,diff__unseong__sw_raw_score,-0.22177997435239888,1.0
1,0,diff__unseong__sw_score_x_strength,0.25773186162500855,1.0
1,0,diff__unseong__sw_state_건록,-0.6291555532684177,1.0
1,0,diff__unseong__sw_state_관대,-0.1587045411870148,1.0
1,0,diff__unseong__sw_state_목욕,-0.26645548220141024,1.0
1,0,diff__unseong__sw_state_묘,0.2918712069327741,1.0
1,0,diff__unseong__sw_state_병,0.444358160921044,1.0
1,0,diff__unseong__sw_state_사,-0.06798730484736748,1.0
1,0,diff__unseong__sw_state_쇠,0.16667345952009593,1.0
1,0,diff__unseong__sw_state_양,0.13192762495880192,1.0
1,0,diff__unseong__sw_state_장생,0.0,0.0
1,0,diff__unseong__sw_state_절,0.0,0.0
1,0,diff__unseong__sw_state_제왕,0.0,0.0
1,0,diff__unseong__sw_state_태,-0.06765158114682314,1.0
1,0,diff__yongshin__dw_gi_fit,0.0,0.0
1,0,diff__yongshin__dw_gu_fit,0.0,0.0
1,0,diff__yongshin__dw_hee_fit,0.0,0.0
1,0,diff__yongshin__dw_supplies_fav,0.0,0.0
1,0,diff__yongshin__dw_supplies_unfav,0.0,0.0
1,0,diff__yongshin__dw_yong_branch_fit,-0.08619302238136393,1.0
1,0,diff__yongshin__dw_yong_fit,0.0,0.0
1,0,diff__yongshin__dw_yong_stem_fit,0.05278286517091617,1.0
1,0,diff__yongshin__sw_gi_fit,0.5453301654124068,1.0
1,0,diff__yongshin__sw_gu_fit,0.0753583021602226,1.0
1,0,diff__yongshin__sw_hee_fit,0.0,0.0
1,0,diff__yongshin__sw_supplies_fav,0.4880777346520709,1.0
1,0,diff__yongshin__sw_supplies_unfav,0.28428963300342713,1.0
1,0,diff__yongshin__sw_yong_branch_fit,0.5446771697583632,1.0
1,0,diff__yongshin__sw_yong_fit,0.14036114677108694,1.0
1,0,diff__yongshin__sw_yong_stem_fit,-0.208823931660904,1.0
1,1,diff__basic__dw_branch_丑,-0.012823839380960956,1.0
1,1,diff__basic__dw_branch_亥,-0.2372692099004263,1.0
1,1,diff__basic__dw_branch_午,0.0,0.0
1,1,diff__basic__dw_branch_卯,0.17746201896004063,1.0
1,1,diff__basic__dw_branch_子,0.06002414712106322,1.0
1,1,diff__basic__dw_branch_寅,0.0,0.0
1,1,diff__basic__dw_branch_巳,0.02830777901181964,1.0
1,1,diff__basic__dw_branch_戌,0.0,0.0
1,1,diff__basic__dw_branch_未,0.0,0.0
1,1,diff__basic__dw_branch_申,0.0,0.0
1,1,diff__basic__dw_branch_辰,-0.2018173374989963,1.0
1,1,diff__basic__dw_branch_酉,0.0,0.0
1,1,diff__basic__dw_element_earth,0.0,0.0
1,1,diff__basic__dw_element_fire,0.0,0.0
1,1,diff__basic__dw_element_metal,0.0,0.0
1,1,diff__basic__dw_element_water,0.0,0.0
1,1,diff__basic__dw_element_wood,0.004327047214477067,1.0
1,1,diff__basic__dw_yy_yang,0.0,0.0
1,1,diff__basic__dw_yy_yin,0.0,0.0
1,1,diff__basic__sw_branch_丑,-0.06531300678836661,1.0
1,1,diff__basic__sw_branch_亥,0.0,0.0
1,1,diff__basic__sw_branch_午,-0.010067450276655312,1.0
1,1,diff__basic__sw_branch_卯,-0.1580806685597715,1.0
1,1,diff__basic__sw_branch_子,0.11373822095734655,1.0
1,1,diff__basic__sw_branch_寅,0.0,0.0
1,1,diff__basic__sw_branch_巳,0.22721328563483606,1.0
1,1,diff__basic__sw_branch_戌,0.0,0.0
1,1,diff__basic__sw_branch_未,0.05614140911743321,1.0
1,1,diff__basic__sw_branch_申,-0.012840401002566133,1.0
1,1,diff__basic__sw_branch_辰,0.3833391954807556,1.0
1,1,diff__basic__sw_branch_酉,-0.4565948709043325,1.0
1,1,diff__basic__sw_element_earth,0.1312768692448946,1.0
1,1,diff__basic__sw_element_fire,0.31197340646309507,1.0
1,1,diff__basic__sw_element_metal,-0.11370419429134448,1.0
1,1,diff__basic__sw_element_water,0.0,0.0
1,1,diff__basic__sw_element_wood,-0.20169437096847614,1.0
1,1,diff__basic__sw_yy_yang,0.026257477153277593,1.0
1,1,diff__basic__sw_yy_yin,-0.026257477153277593,1.0
1,1,diff__relation__dw_branch_break_natal,0.0,0.0
1,1,diff__relation__dw_branch_clash_natal,0.0,0.0
1,1,diff__relation__dw_branch_combine_natal,0.0,0.0
1,1,diff__relation__dw_branch_harm_natal,-0.19031699970257374,1.0
1,1,diff__relation__dw_branch_punish_natal,0.0,0.0
1,1,diff__relation__dw_stem_clash_natal,0.15230120708609843,1.0
1,1,diff__relation__dw_stem_combine_natal,0.0,0.0
1,1,diff__relation__sw_branch_break_natal,0.0,0.0
1,1,diff__relation__sw_branch_clash_natal,0.0,0.0
1,1,diff__relation__sw_branch_combine_natal,0.17889553453692375,1.0
1,1,diff__relation__sw_branch_harm_natal,0.007511512242858927,1.0
1,1,diff__relation__sw_branch_punish_natal,0.0,0.0
1,1,diff__relation__sw_dw_branch_break,0.13491908794266,1.0
1,1,diff__relation__sw_dw_branch_clash,0.43165024496011734,1.0
1,1,diff__relation__sw_dw_branch_combine,0.002903047970064482,1.0
1,1,diff__relation__sw_dw_branch_harm,0.04653291073844315,1.0
1,1,diff__relation__sw_dw_branch_punish,0.0,0.0
1,1,diff__relation__sw_dw_stem_clash,-0.08051469908665529,1.0
1,1,diff__relation__sw_dw_stem_combine,0.1112675768549061,1.0
1,1,diff__relation__sw_stem_clash_natal,0.0018073797150701789,1.0
1,1,diff__relation__sw_stem_combine_natal,-0.09613900159592086,1.0
1,1,diff__tg10__dw_branch_hidden_bijian,0.0,0.0
1,1,diff__tg10__dw_branch_hidden_jiecai,0.0,0.0
1,1,diff__tg10__dw_branch_hidden_pian_cai,0.0,0.0
1,1,diff__tg10__dw_branch_hidden_pian_yin,0.0,0.0
1,1,diff__tg10__dw_branch_hidden_qi_sha,0.0,0.0
1,1,diff__tg10__dw_branch_hidden_shangguan,0.0,0.0
1,1,diff__tg10__dw_branch_hidden_shishen,0.0,0.0
1,1,diff__tg10__dw_branch_hidden_zheng_cai,-0.19066600300804937,1.0
1,1,diff__tg10__dw_branch_hidden_zheng_guan,-0.09852474133329783,1.0
1,1,diff__tg10__dw_branch_hidden_zheng_yin,0.16690462783101734,1.0
1,1,diff__tg10__dw_stem_bijian,0.14685906236306623,1.0
1,1,diff__tg10__dw_stem_jiecai,-0.12917848170525828,1.0
1,1,diff__tg10__dw_stem_pian_cai,0.26380701101020565,1.0
1,1,diff__tg10__dw_stem_pian_yin,-0.17696747803226806,1.0
1,1,diff__tg10__dw_stem_qi_sha,0.0,0.0
1,1,diff__tg10__dw_stem_shangguan,-0.01291235546141561,1.0
1,1,diff__tg10__dw_stem_shishen,0.04723671391737406,1.0
1,1,diff__tg10__dw_stem_zheng_cai,0.0,0.0
1,1,diff__tg10__dw_stem_zheng_guan,0.0,0.0
1,1,diff__tg10__dw_stem_zheng_yin,0.0,0.0
1,1,diff__tg10__sw_branch_hidden_bijian,-0.023602928316247104,1.0
1,1,diff__tg10__sw_branch_hidden_jiecai,0.0,0.0
1,1,diff__tg10__sw_branch_hidden_pian_cai,0.0,0.0
1,1,diff__tg10__sw_branch_hidden_pian_yin,0.0,0.0
1,1,diff__tg10__sw_branch_hidden_qi_sha,0.07866328031991528,1.0
1,1,diff__tg10__sw_branch_hidden_shangguan,0.0,0.0
1,1,diff__tg10__sw_branch_hidden_shishen,0.0,0.0
1,1,diff__tg10__sw_branch_hidden_zheng_cai,0.0,0.0
1,1,diff__tg10__sw_branch_hidden_zheng_guan,0.0,0.0
1,1,diff__tg10__sw_branch_hidden_zheng_yin,-0.09097658946560166,1.0
1,1,diff__tg10__sw_stem_bijian,0.06425049578913417,1.0
1,1,diff__tg10__sw_stem_jiecai,0.014950146489618437,1.0
1,1,diff__tg10__sw_stem_pian_cai,-0.1340065085639825,1.0
1,1,diff__tg10__sw_stem_pian_yin,0.0,0.0
1,1,diff__tg10__sw_stem_qi_sha,0.0,0.0
1,1,diff__tg10__sw_stem_shangguan,0.16357555022374484,1.0
1,1,diff__tg10__sw_stem_shishen,0.13230696107934686,1.0
1,1,diff__tg10__sw_stem_zheng_cai,-0.1536057580950476,1.0
1,1,diff__tg10__sw_stem_zheng_guan,0.0,0.0
1,1,diff__tg10__sw_stem_zheng_yin,-0.12605066509719975,1.0
1,1,diff__tgxstrength__dw_bijian_strong,0.009157558377607856,1.0
1,1,diff__tgxstrength__dw_bijian_weak,0.0,0.0
1,1,diff__tgxstrength__dw_jiecai_strong,0.0,0.0
1,1,diff__tgxstrength__dw_jiecai_weak,-0.030031013501469892,1.0
1,1,diff__tgxstrength__dw_pian_cai_strong,0.10603121425552203,1.0
1,1,diff__tgxstrength__dw_pian_cai_weak,0.04874305469536763,1.0
1,1,diff__tgxstrength__dw_pian_yin_strong,0.0,0.0
1,1,diff__tgxstrength__dw_pian_yin_weak,-0.05916568567313594,1.0
1,1,diff__tgxstrength__dw_qi_sha_strong,0.04874975213788929,1.0
1,1,diff__tgxstrength__dw_qi_sha_weak,0.0,0.0
1,1,diff__tgxstrength__dw_shangguan_strong,-0.011523174377851822,1.0
1,1,diff__tgxstrength__dw_shangguan_weak,0.0,0.0
1,1,diff__tgxstrength__dw_shishen_strong,0.029636359590682296,1.0
1,1,diff__tgxstrength__dw_shishen_weak,0.0,0.0
1,1,diff__tgxstrength__dw_zheng_cai_strong,-0.13017865141319473,1.0
1,1,diff__tgxstrength__dw_zheng_cai_weak,0.0,0.0
1,1,diff__tgxstrength__dw_zheng_guan_strong,-0.2243252724514606,1.0
1,1,diff__tgxstrength__dw_zheng_guan_weak,0.0,0.0
1,1,diff__tgxstrength__dw_zheng_yin_strong,0.0,0.0
1,1,diff__tgxstrength__dw_zheng_yin_weak,0.0,0.0
1,1,diff__tgxstrength__sw_bijian_strong,-0.0367991161380857,1.0
1,1,diff__tgxstrength__sw_bijian_weak,0.3401414897131986,1.0
1,1,diff__tgxstrength__sw_jiecai_strong,0.0,0.0
1,1,diff__tgxstrength__sw_jiecai_weak,0.20879051617761915,1.0
1,1,diff__tgxstrength__sw_pian_cai_strong,0.0,0.0
1,1,diff__tgxstrength__sw_pian_cai_weak,-0.21118962261978425,1.0
1,1,diff__tgxstrength__sw_pian_yin_strong,-0.0450703753479333,1.0
1,1,diff__tgxstrength__sw_pian_yin_weak,0.0,0.0
1,1,diff__tgxstrength__sw_qi_sha_strong,0.09969647139789163,1.0
1,1,diff__tgxstrength__sw_qi_sha_weak,-0.27648083035398546,1.0
1,1,diff__tgxstrength__sw_shangguan_strong,0.21211738197536695,1.0
1,1,diff__tgxstrength__sw_shangguan_weak,0.0,0.0
1,1,diff__tgxstrength__sw_shishen_strong,0.1237639840011881,1.0
1,1,diff__tgxstrength__sw_shishen_weak,0.0,0.0
1,1,diff__tgxstrength__sw_zheng_cai_strong,-0.018599148247454695,1.0
1,1,diff__tgxstrength__sw_zheng_cai_weak,-0.028270201465766157,1.0
1,1,diff__tgxstrength__sw_zheng_guan_strong,0.0,0.0
1,1,diff__tgxstrength__sw_zheng_guan_weak,0.06136550326475275,1.0
1,1,diff__tgxstrength__sw_zheng_yin_strong,-0.008033353107888979,1.0
1,1,diff__tgxstrength__sw_zheng_yin_weak,-0.19661146019750797,1.0
1,1,diff__unseong__dw_raw_score,0.0,0.0
1,1,diff__unseong__dw_score_x_strength,0.10343516089097157,1.0
1,1,diff__unseong__dw_state_건록,0.0,0.0
1,1,diff__unseong__dw_state_관대,0.0,0.0
1,1,diff__unseong__dw_state_목욕,0.0,0.0
1,1,diff__unseong__dw_state_묘,-0.10350294760239867,1.0
1,1,diff__unseong__dw_state_병,0.05799738149415681,1.0
1,1,diff__unseong__dw_state_사,0.0,0.0
1,1,diff__unseong__dw_state_쇠,0.0,0.0
1,1,diff__unseong__dw_state_양,-0.07533444683886592,1.0
1,1,diff__unseong__dw_state_장생,0.0,0.0
1,1,diff__unseong__dw_state_절,0.0,0.0
1,1,diff__unseong__dw_state_제왕,-0.024337406093589555,1.0
1,1,diff__unseong__dw_state_태,0.0,0.0
1,1,diff__unseong__sw_raw_score,-0.22377699827974637,1.0
1,1,diff__unseong__sw_score_x_strength,0.0,0.0
1,1,diff__unseong__sw_state_건록,-0.354142442767754,1.0
1,1,diff__unseong__sw_state_관대,0.0,0.0
1,1,diff__unseong__sw_state_목욕,-0.02479729887004781,1.0
1,1,diff__unseong__sw_state_묘,0.0,0.0
1,1,diff__unseong__sw_state_병,0.2058416538370722,1.0
1,1,diff__unseong__sw_state_사,0.0,0.0
1,1,diff__unseong__sw_state_쇠,0.0,0.0
1,1,diff__unseong__sw_state_양,0.0,0.0
1,1,diff__unseong__sw_state_장생,-0.12323964578369971,1.0
1,1,diff__unseong__sw_state_절,0.0,0.0
1,1,diff__unseong__sw_state_제왕,0.0,0.0
1,1,diff__unseong__sw_state_태,0.0,0.0
1,1,diff__yongshin__dw_gi_fit,0.0,0.0
1,1,diff__yongshin__dw_gu_fit,0.0,0.0
1,1,diff__yongshin__dw_hee_fit,0.0,0.0
1,1,diff__yongshin__dw_supplies_fav,0.0,0.0
1,1,diff__yongshin__dw_supplies_unfav,0.0,0.0
1,1,diff__yongshin__dw_yong_branch_fit,0.0,0.0
1,1,diff__yongshin__dw_yong_fit,0.0,0.0
1,1,diff__yongshin__dw_yong_stem_fit,0.029583337180876645,1.0
1,1,diff__yongshin__sw_gi_fit,0.19361155833190608,1.0
1,1,diff__yongshin__sw_gu_fit,0.0,0.0
1,1,diff__yongshin__sw_hee_fit,0.0,0.0
1,1,diff__yongshin__sw_supplies_fav,0.0,0.0
1,1,diff__yongshin__sw_supplies_unfav,0.23120054035374582,1.0
1,1,diff__yongshin__sw_yong_branch_fit,0.08730479096460592,1.0
1,1,diff__yongshin__sw_yong_fit,0.0,0.0
1,1,diff__yongshin__sw_yong_stem_fit,-0.2324427480146057,1.0
1,2,diff__basic__dw_branch_丑,0.0,0.0
1,2,diff__basic__dw_branch_亥,0.0,0.0
1,2,diff__basic__dw_branch_午,0.0,0.0
1,2,diff__basic__dw_branch_卯,0.0,0.0
1,2,diff__basic__dw_branch_子,0.0,0.0
1,2,diff__basic__dw_branch_寅,0.0,0.0
1,2,diff__basic__dw_branch_巳,0.0,0.0
1,2,diff__basic__dw_branch_戌,0.0,0.0
1,2,diff__basic__dw_branch_未,0.0,0.0
1,2,diff__basic__dw_branch_申,0.0,0.0
1,2,diff__basic__dw_branch_辰,0.0,0.0
1,2,diff__basic__dw_branch_酉,0.0,0.0
1,2,diff__basic__dw_element_earth,0.0,0.0
1,2,diff__basic__dw_element_fire,0.0,0.0
1,2,diff__basic__dw_element_metal,0.0,0.0
1,2,diff__basic__dw_element_water,0.0,0.0
1,2,diff__basic__dw_element_wood,0.0,0.0
1,2,diff__basic__dw_yy_yang,0.0,0.0
1,2,diff__basic__dw_yy_yin,0.0,0.0
1,2,diff__basic__sw_branch_丑,0.0,0.0
1,2,diff__basic__sw_branch_亥,0.0,0.0
1,2,diff__basic__sw_branch_午,0.0,0.0
1,2,diff__basic__sw_branch_卯,0.0,0.0
1,2,diff__basic__sw_branch_子,0.0,0.0
1,2,diff__basic__sw_branch_寅,0.0,0.0
1,2,diff__basic__sw_branch_巳,0.0,0.0
1,2,diff__basic__sw_branch_戌,0.0,0.0
1,2,diff__basic__sw_branch_未,0.0,0.0
1,2,diff__basic__sw_branch_申,0.0,0.0
1,2,diff__basic__sw_branch_辰,0.0,0.0
1,2,diff__basic__sw_branch_酉,0.0,0.0
1,2,diff__basic__sw_element_earth,0.0,0.0
1,2,diff__basic__sw_element_fire,0.0,0.0
1,2,diff__basic__sw_element_metal,0.0,0.0
1,2,diff__basic__sw_element_water,0.0,0.0
1,2,diff__basic__sw_element_wood,0.0,0.0
1,2,diff__basic__sw_yy_yang,0.0,0.0
1,2,diff__basic__sw_yy_yin,0.0,0.0
1,2,diff__relation__dw_branch_break_natal,0.0,0.0
1,2,diff__relation__dw_branch_clash_natal,0.0,0.0
1,2,diff__relation__dw_branch_combine_natal,0.0,0.0
1,2,diff__relation__dw_branch_harm_natal,0.0,0.0
1,2,diff__relation__dw_branch_punish_natal,0.0,0.0
1,2,diff__relation__dw_stem_clash_natal,0.0,0.0
1,2,diff__relation__dw_stem_combine_natal,0.0,0.0
1,2,diff__relation__sw_branch_break_natal,0.0,0.0
1,2,diff__relation__sw_branch_clash_natal,0.0,0.0
1,2,diff__relation__sw_branch_combine_natal,0.0,0.0
1,2,diff__relation__sw_branch_harm_natal,0.0,0.0
1,2,diff__relation__sw_branch_punish_natal,0.0,0.0
1,2,diff__relation__sw_dw_branch_break,0.0,0.0
1,2,diff__relation__sw_dw_branch_clash,0.0,0.0
1,2,diff__relation__sw_dw_branch_combine,0.0,0.0
1,2,diff__relation__sw_dw_branch_harm,0.0,0.0
1,2,diff__relation__sw_dw_branch_punish,0.0,0.0
1,2,diff__relation__sw_dw_stem_clash,0.0,0.0
1,2,diff__relation__sw_dw_stem_combine,0.0,0.0
1,2,diff__relation__sw_stem_clash_natal,0.0,0.0
1,2,diff__relation__sw_stem_combine_natal,0.0,0.0
1,2,diff__tg10__dw_branch_hidden_bijian,0.0,0.0
1,2,diff__tg10__dw_branch_hidden_jiecai,0.0,0.0
1,2,diff__tg10__dw_branch_hidden_pian_cai,0.0,0.0
1,2,diff__tg10__dw_branch_hidden_pian_yin,0.0,0.0
1,2,diff__tg10__dw_branch_hidden_qi_sha,0.0,0.0
1,2,diff__tg10__dw_branch_hidden_shangguan,0.0,0.0
1,2,diff__tg10__dw_branch_hidden_shishen,0.0,0.0
1,2,diff__tg10__dw_branch_hidden_zheng_cai,0.0,0.0
1,2,diff__tg10__dw_branch_hidden_zheng_guan,0.0,0.0
1,2,diff__tg10__dw_branch_hidden_zheng_yin,0.0,0.0
1,2,diff__tg10__dw_stem_bijian,0.0,0.0
1,2,diff__tg10__dw_stem_jiecai,0.0,0.0
1,2,diff__tg10__dw_stem_pian_cai,0.0,0.0
1,2,diff__tg10__dw_stem_pian_yin,0.0,0.0
1,2,diff__tg10__dw_stem_qi_sha,0.0,0.0
1,2,diff__tg10__dw_stem_shangguan,0.0,0.0
1,2,diff__tg10__dw_stem_shishen,0.0,0.0
1,2,diff__tg10__dw_stem_zheng_cai,0.0,0.0
1,2,diff__tg10__dw_stem_zheng_guan,0.0,0.0
1,2,diff__tg10__dw_stem_zheng_yin,0.0,0.0
1,2,diff__tg10__sw_branch_hidden_bijian,0.0,0.0
1,2,diff__tg10__sw_branch_hidden_jiecai,0.0,0.0
1,2,diff__tg10__sw_branch_hidden_pian_cai,0.0,0.0
1,2,diff__tg10__sw_branch_hidden_pian_yin,0.0,0.0
1,2,diff__tg10__sw_branch_hidden_qi_sha,0.0,0.0
1,2,diff__tg10__sw_branch_hidden_shangguan,0.0,0.0
1,2,diff__tg10__sw_branch_hidden_shishen,0.0,0.0
1,2,diff__tg10__sw_branch_hidden_zheng_cai,0.0,0.0
1,2,diff__tg10__sw_branch_hidden_zheng_guan,0.0,0.0
1,2,diff__tg10__sw_branch_hidden_zheng_yin,0.0,0.0
1,2,diff__tg10__sw_stem_bijian,0.0,0.0
1,2,diff__tg10__sw_stem_jiecai,0.0,0.0
1,2,diff__tg10__sw_stem_pian_cai,0.0,0.0
1,2,diff__tg10__sw_stem_pian_yin,0.0,0.0
1,2,diff__tg10__sw_stem_qi_sha,0.0,0.0
1,2,diff__tg10__sw_stem_shangguan,0.0,0.0
1,2,diff__tg10__sw_stem_shishen,0.0,0.0
1,2,diff__tg10__sw_stem_zheng_cai,0.0,0.0
1,2,diff__tg10__sw_stem_zheng_guan,0.0,0.0
1,2,diff__tg10__sw_stem_zheng_yin,0.0,0.0
1,2,diff__tgxstrength__dw_bijian_strong,0.0,0.0
1,2,diff__tgxstrength__dw_bijian_weak,0.0,0.0
1,2,diff__tgxstrength__dw_jiecai_strong,0.0,0.0
1,2,diff__tgxstrength__dw_jiecai_weak,0.0,0.0
1,2,diff__tgxstrength__dw_pian_cai_strong,0.0,0.0
1,2,diff__tgxstrength__dw_pian_cai_weak,0.0,0.0
1,2,diff__tgxstrength__dw_pian_yin_strong,0.0,0.0
1,2,diff__tgxstrength__dw_pian_yin_weak,0.0,0.0
1,2,diff__tgxstrength__dw_qi_sha_strong,0.0,0.0
1,2,diff__tgxstrength__dw_qi_sha_weak,0.0,0.0
1,2,diff__tgxstrength__dw_shangguan_strong,0.0,0.0
1,2,diff__tgxstrength__dw_shangguan_weak,0.0,0.0
1,2,diff__tgxstrength__dw_shishen_strong,0.0,0.0
1,2,diff__tgxstrength__dw_shishen_weak,0.0,0.0
1,2,diff__tgxstrength__dw_zheng_cai_strong,0.0,0.0
1,2,diff__tgxstrength__dw_zheng_cai_weak,0.0,0.0
1,2,diff__tgxstrength__dw_zheng_guan_strong,0.0,0.0
1,2,diff__tgxstrength__dw_zheng_guan_weak,0.0,0.0
1,2,diff__tgxstrength__dw_zheng_yin_strong,0.0,0.0
1,2,diff__tgxstrength__dw_zheng_yin_weak,0.0,0.0
1,2,diff__tgxstrength__sw_bijian_strong,0.0,0.0
1,2,diff__tgxstrength__sw_bijian_weak,0.0,0.0
1,2,diff__tgxstrength__sw_jiecai_strong,0.0,0.0
1,2,diff__tgxstrength__sw_jiecai_weak,0.0,0.0
1,2,diff__tgxstrength__sw_pian_cai_strong,0.0,0.0
1,2,diff__tgxstrength__sw_pian_cai_weak,0.0,0.0
1,2,diff__tgxstrength__sw_pian_yin_strong,0.0,0.0
1,2,diff__tgxstrength__sw_pian_yin_weak,0.0,0.0
1,2,diff__tgxstrength__sw_qi_sha_strong,0.0,0.0
1,2,diff__tgxstrength__sw_qi_sha_weak,0.0,0.0
1,2,diff__tgxstrength__sw_shangguan_strong,0.0,0.0
1,2,diff__tgxstrength__sw_shangguan_weak,0.0,0.0
1,2,diff__tgxstrength__sw_shishen_strong,0.0,0.0
1,2,diff__tgxstrength__sw_shishen_weak,0.0,0.0
1,2,diff__tgxstrength__sw_zheng_cai_strong,0.0,0.0
1,2,diff__tgxstrength__sw_zheng_cai_weak,0.0,0.0
1,2,diff__tgxstrength__sw_zheng_guan_strong,0.0,0.0
1,2,diff__tgxstrength__sw_zheng_guan_weak,0.0,0.0
1,2,diff__tgxstrength__sw_zheng_yin_strong,0.0,0.0
1,2,diff__tgxstrength__sw_zheng_yin_weak,0.0,0.0
1,2,diff__unseong__dw_raw_score,0.0,0.0
1,2,diff__unseong__dw_score_x_strength,0.0,0.0
1,2,diff__unseong__dw_state_건록,0.0,0.0
1,2,diff__unseong__dw_state_관대,0.0,0.0
1,2,diff__unseong__dw_state_목욕,0.0,0.0
1,2,diff__unseong__dw_state_묘,0.0,0.0
1,2,diff__unseong__dw_state_병,0.0,0.0
1,2,diff__unseong__dw_state_사,0.0,0.0
1,2,diff__unseong__dw_state_쇠,0.0,0.0
1,2,diff__unseong__dw_state_양,0.0,0.0
1,2,diff__unseong__dw_state_장생,0.0,0.0
1,2,diff__unseong__dw_state_절,0.0,0.0
1,2,diff__unseong__dw_state_제왕,0.0,0.0
1,2,diff__unseong__dw_state_태,0.0,0.0
1,2,diff__unseong__sw_raw_score,0.0,0.0
1,2,diff__unseong__sw_score_x_strength,0.0,0.0
1,2,diff__unseong__sw_state_건록,0.0,0.0
1,2,diff__unseong__sw_state_관대,0.0,0.0
1,2,diff__unseong__sw_state_목욕,0.0,0.0
1,2,diff__unseong__sw_state_묘,0.0,0.0
1,2,diff__unseong__sw_state_병,0.0,0.0
1,2,diff__unseong__sw_state_사,0.0,0.0
1,2,diff__unseong__sw_state_쇠,0.0,0.0
1,2,diff__unseong__sw_state_양,0.0,0.0
1,2,diff__unseong__sw_state_장생,0.0,0.0
1,2,diff__unseong__sw_state_절,0.0,0.0
1,2,diff__unseong__sw_state_제왕,0.0,0.0
1,2,diff__unseong__sw_state_태,0.0,0.0
1,2,diff__yongshin__dw_gi_fit,0.0,0.0
1,2,diff__yongshin__dw_gu_fit,0.0,0.0
1,2,diff__yongshin__dw_hee_fit,0.0,0.0
1,2,diff__yongshin__dw_supplies_fav,0.0,0.0
1,2,diff__yongshin__dw_supplies_unfav,0.0,0.0
1,2,diff__yongshin__dw_yong_branch_fit,0.0,0.0
1,2,diff__yongshin__dw_yong_fit,0.0,0.0
1,2,diff__yongshin__dw_yong_stem_fit,0.0,0.0
1,2,diff__yongshin__sw_gi_fit,0.0,0.0
1,2,diff__yongshin__sw_gu_fit,0.0,0.0
1,2,diff__yongshin__sw_hee_fit,0.0,0.0
1,2,diff__yongshin__sw_supplies_fav,0.0,0.0
1,2,diff__yongshin__sw_supplies_unfav,0.0,0.0
1,2,diff__yongshin__sw_yong_branch_fit,0.0,0.0
1,2,diff__yongshin__sw_yong_fit,0.0,0.0
1,2,diff__yongshin__sw_yong_stem_fit,0.0,0.0
1,3,diff__basic__dw_branch_丑,0.0,0.0
1,3,diff__basic__dw_branch_亥,0.0,0.0
1,3,diff__basic__dw_branch_午,0.0,0.0
1,3,diff__basic__dw_branch_卯,0.0,0.0
1,3,diff__basic__dw_branch_子,0.0,0.0
1,3,diff__basic__dw_branch_寅,0.0,0.0
1,3,diff__basic__dw_branch_巳,0.0,0.0
1,3,diff__basic__dw_branch_戌,0.0,0.0
1,3,diff__basic__dw_branch_未,0.0,0.0
1,3,diff__basic__dw_branch_申,0.0,0.0
1,3,diff__basic__dw_branch_辰,0.0,0.0
1,3,diff__basic__dw_branch_酉,0.0,0.0
1,3,diff__basic__dw_element_earth,0.0,0.0
1,3,diff__basic__dw_element_fire,0.0,0.0
1,3,diff__basic__dw_element_metal,0.0,0.0
1,3,diff__basic__dw_element_water,0.0,0.0
1,3,diff__basic__dw_element_wood,0.0,0.0
1,3,diff__basic__dw_yy_yang,0.0,0.0
1,3,diff__basic__dw_yy_yin,0.0,0.0
1,3,diff__basic__sw_branch_丑,0.0,0.0
1,3,diff__basic__sw_branch_亥,0.0,0.0
1,3,diff__basic__sw_branch_午,0.0,0.0
1,3,diff__basic__sw_branch_卯,0.0,0.0
1,3,diff__basic__sw_branch_子,0.0,0.0
1,3,diff__basic__sw_branch_寅,0.0,0.0
1,3,diff__basic__sw_branch_巳,0.0,0.0
1,3,diff__basic__sw_branch_戌,0.0,0.0
1,3,diff__basic__sw_branch_未,0.0,0.0
1,3,diff__basic__sw_branch_申,0.0,0.0
1,3,diff__basic__sw_branch_辰,0.0,0.0
1,3,diff__basic__sw_branch_酉,0.0,0.0
1,3,diff__basic__sw_element_earth,0.0,0.0
1,3,diff__basic__sw_element_fire,0.0,0.0
1,3,diff__basic__sw_element_metal,0.0,0.0
1,3,diff__basic__sw_element_water,0.0,0.0
1,3,diff__basic__sw_element_wood,0.0,0.0
1,3,diff__basic__sw_yy_yang,0.0,0.0
1,3,diff__basic__sw_yy_yin,0.0,0.0
1,3,diff__relation__dw_branch_break_natal,0.0,0.0
1,3,diff__relation__dw_branch_clash_natal,0.0,0.0
1,3,diff__relation__dw_branch_combine_natal,0.0,0.0
1,3,diff__relation__dw_branch_harm_natal,0.0,0.0
1,3,diff__relation__dw_branch_punish_natal,0.0,0.0
1,3,diff__relation__dw_stem_clash_natal,0.0,0.0
1,3,diff__relation__dw_stem_combine_natal,0.0,0.0
1,3,diff__relation__sw_branch_break_natal,0.0,0.0
1,3,diff__relation__sw_branch_clash_natal,0.0,0.0
1,3,diff__relation__sw_branch_combine_natal,0.0,0.0
1,3,diff__relation__sw_branch_harm_natal,0.0,0.0
1,3,diff__relation__sw_branch_punish_natal,0.0,0.0
1,3,diff__relation__sw_dw_branch_break,0.0,0.0
1,3,diff__relation__sw_dw_branch_clash,0.0,0.0
1,3,diff__relation__sw_dw_branch_combine,0.0,0.0
1,3,diff__relation__sw_dw_branch_harm,0.0,0.0
1,3,diff__relation__sw_dw_branch_punish,0.0,0.0
1,3,diff__relation__sw_dw_stem_clash,0.0,0.0
1,3,diff__relation__sw_dw_stem_combine,0.0,0.0
1,3,diff__relation__sw_stem_clash_natal,0.0,0.0
1,3,diff__relation__sw_stem_combine_natal,0.0,0.0
1,3,diff__tg10__dw_branch_hidden_bijian,0.0,0.0
1,3,diff__tg10__dw_branch_hidden_jiecai,0.0,0.0
1,3,diff__tg10__dw_branch_hidden_pian_cai,0.0,0.0
1,3,diff__tg10__dw_branch_hidden_pian_yin,0.0,0.0
1,3,diff__tg10__dw_branch_hidden_qi_sha,0.0,0.0
1,3,diff__tg10__dw_branch_hidden_shangguan,0.0,0.0
1,3,diff__tg10__dw_branch_hidden_shishen,0.0,0.0
1,3,diff__tg10__dw_branch_hidden_zheng_cai,0.0,0.0
1,3,diff__tg10__dw_branch_hidden_zheng_guan,0.0,0.0
1,3,diff__tg10__dw_branch_hidden_zheng_yin,0.0,0.0
1,3,diff__tg10__dw_stem_bijian,0.014325021515968097,1.0
1,3,diff__tg10__dw_stem_jiecai,0.0,0.0
1,3,diff__tg10__dw_stem_pian_cai,0.020334225993567916,1.0
1,3,diff__tg10__dw_stem_pian_yin,0.0,0.0
1,3,diff__tg10__dw_stem_qi_sha,0.0,0.0
1,3,diff__tg10__dw_stem_shangguan,0.0,0.0
1,3,diff__tg10__dw_stem_shishen,0.0,0.0
1,3,diff__tg10__dw_stem_zheng_cai,0.0,0.0
1,3,diff__tg10__dw_stem_zheng_guan,0.0,0.0
1,3,diff__tg10__dw_stem_zheng_yin,0.0,0.0
1,3,diff__tg10__sw_branch_hidden_bijian,0.0,0.0
1,3,diff__tg10__sw_branch_hidden_jiecai,0.0,0.0
1,3,diff__tg10__sw_branch_hidden_pian_cai,0.0,0.0
1,3,diff__tg10__sw_branch_hidden_pian_yin,0.0,0.0
1,3,diff__tg10__sw_branch_hidden_qi_sha,0.0,0.0
1,3,diff__tg10__sw_branch_hidden_shangguan,0.0,0.0
1,3,diff__tg10__sw_branch_hidden_shishen,0.0,0.0
1,3,diff__tg10__sw_branch_hidden_zheng_cai,0.0,0.0
1,3,diff__tg10__sw_branch_hidden_zheng_guan,0.0,0.0
1,3,diff__tg10__sw_branch_hidden_zheng_yin,0.0,0.0
1,3,diff__tg10__sw_stem_bijian,0.0,0.0
1,3,diff__tg10__sw_stem_jiecai,0.0,0.0
1,3,diff__tg10__sw_stem_pian_cai,0.0,0.0
1,3,diff__tg10__sw_stem_pian_yin,0.0,0.0
1,3,diff__tg10__sw_stem_qi_sha,0.0,0.0
1,3,diff__tg10__sw_stem_shangguan,0.0,0.0
1,3,diff__tg10__sw_stem_shishen,0.0,0.0
1,3,diff__tg10__sw_stem_zheng_cai,0.0,0.0
1,3,diff__tg10__sw_stem_zheng_guan,0.0,0.0
1,3,diff__tg10__sw_stem_zheng_yin,0.0,0.0
1,3,diff__tgxstrength__dw_bijian_strong,0.0,0.0
1,3,diff__tgxstrength__dw_bijian_weak,0.0,0.0
1,3,diff__tgxstrength__dw_jiecai_strong,0.0,0.0
1,3,diff__tgxstrength__dw_jiecai_weak,0.0,0.0
1,3,diff__tgxstrength__dw_pian_cai_strong,0.0,0.0
1,3,diff__tgxstrength__dw_pian_cai_weak,0.0,0.0
1,3,diff__tgxstrength__dw_pian_yin_strong,0.0,0.0
1,3,diff__tgxstrength__dw_pian_yin_weak,0.0,0.0
1,3,diff__tgxstrength__dw_qi_sha_strong,0.0,0.0
1,3,diff__tgxstrength__dw_qi_sha_weak,0.0,0.0
1,3,diff__tgxstrength__dw_shangguan_strong,0.0,0.0
1,3,diff__tgxstrength__dw_shangguan_weak,0.0,0.0
1,3,diff__tgxstrength__dw_shishen_strong,0.0,0.0
1,3,diff__tgxstrength__dw_shishen_weak,0.0,0.0
1,3,diff__tgxstrength__dw_zheng_cai_strong,0.0,0.0
1,3,diff__tgxstrength__dw_zheng_cai_weak,0.0,0.0
1,3,diff__tgxstrength__dw_zheng_guan_strong,0.0,0.0
1,3,diff__tgxstrength__dw_zheng_guan_weak,0.0,0.0
1,3,diff__tgxstrength__dw_zheng_yin_strong,0.0,0.0
1,3,diff__tgxstrength__dw_zheng_yin_weak,0.0,0.0
1,3,diff__tgxstrength__sw_bijian_strong,0.0,0.0
1,3,diff__tgxstrength__sw_bijian_weak,0.0,0.0
1,3,diff__tgxstrength__sw_jiecai_strong,0.0,0.0
1,3,diff__tgxstrength__sw_jiecai_weak,0.0,0.0
1,3,diff__tgxstrength__sw_pian_cai_strong,0.0,0.0
1,3,diff__tgxstrength__sw_pian_cai_weak,0.0,0.0
1,3,diff__tgxstrength__sw_pian_yin_strong,0.0,0.0
1,3,diff__tgxstrength__sw_pian_yin_weak,0.0,0.0
1,3,diff__tgxstrength__sw_qi_sha_strong,0.0,0.0
1,3,diff__tgxstrength__sw_qi_sha_weak,0.0,0.0
1,3,diff__tgxstrength__sw_shangguan_strong,0.0,0.0
1,3,diff__tgxstrength__sw_shangguan_weak,0.0,0.0
1,3,diff__tgxstrength__sw_shishen_strong,0.0,0.0
1,3,diff__tgxstrength__sw_shishen_weak,0.0,0.0
1,3,diff__tgxstrength__sw_zheng_cai_strong,0.0,0.0
1,3,diff__tgxstrength__sw_zheng_cai_weak,0.0,0.0
1,3,diff__tgxstrength__sw_zheng_guan_strong,0.0,0.0
1,3,diff__tgxstrength__sw_zheng_guan_weak,0.0,0.0
1,3,diff__tgxstrength__sw_zheng_yin_strong,0.0,0.0
1,3,diff__tgxstrength__sw_zheng_yin_weak,0.0,0.0
1,3,diff__unseong__dw_raw_score,0.0,0.0
1,3,diff__unseong__dw_score_x_strength,0.0,0.0
1,3,diff__unseong__dw_state_건록,0.0,0.0
1,3,diff__unseong__dw_state_관대,0.0,0.0
1,3,diff__unseong__dw_state_목욕,0.0,0.0
1,3,diff__unseong__dw_state_묘,0.0,0.0
1,3,diff__unseong__dw_state_병,0.0,0.0
1,3,diff__unseong__dw_state_사,0.0,0.0
1,3,diff__unseong__dw_state_쇠,0.0,0.0
1,3,diff__unseong__dw_state_양,0.0,0.0
1,3,diff__unseong__dw_state_장생,0.0,0.0
1,3,diff__unseong__dw_state_절,0.0,0.0
1,3,diff__unseong__dw_state_제왕,0.0,0.0
1,3,diff__unseong__dw_state_태,0.0,0.0
1,3,diff__unseong__sw_raw_score,0.0,0.0
1,3,diff__unseong__sw_score_x_strength,0.0,0.0
1,3,diff__unseong__sw_state_건록,0.0,0.0
1,3,diff__unseong__sw_state_관대,0.0,0.0
1,3,diff__unseong__sw_state_목욕,0.0,0.0
1,3,diff__unseong__sw_state_묘,0.0,0.0
1,3,diff__unseong__sw_state_병,0.0,0.0
1,3,diff__unseong__sw_state_사,0.0,0.0
1,3,diff__unseong__sw_state_쇠,0.0,0.0
1,3,diff__unseong__sw_state_양,0.0,0.0
1,3,diff__unseong__sw_state_장생,0.0,0.0
1,3,diff__unseong__sw_state_절,0.0,0.0
1,3,diff__unseong__sw_state_제왕,0.0,0.0
1,3,diff__unseong__sw_state_태,0.0,0.0
1,3,diff__yongshin__dw_gi_fit,0.0,0.0
1,3,diff__yongshin__dw_gu_fit,0.0,0.0
1,3,diff__yongshin__dw_hee_fit,0.0,0.0
1,3,diff__yongshin__dw_supplies_fav,0.0,0.0
1,3,diff__yongshin__dw_supplies_unfav,0.0,0.0
1,3,diff__yongshin__dw_yong_branch_fit,0.0,0.0
1,3,diff__yongshin__dw_yong_fit,0.0,0.0
1,3,diff__yongshin__dw_yong_stem_fit,0.0,0.0
1,3,diff__yongshin__sw_gi_fit,0.0,0.0
1,3,diff__yongshin__sw_gu_fit,0.0,0.0
1,3,diff__yongshin__sw_hee_fit,0.0,0.0
1,3,diff__yongshin__sw_supplies_fav,0.0,0.0
1,3,diff__yongshin__sw_supplies_unfav,0.0,0.0
1,3,diff__yongshin__sw_yong_branch_fit,0.0,0.0
1,3,diff__yongshin__sw_yong_fit,0.0,0.0
1,3,diff__yongshin__sw_yong_stem_fit,0.0,0.0
1,4,diff__basic__dw_branch_丑,0.0,0.0
1,4,diff__basic__dw_branch_亥,0.0,0.0
1,4,diff__basic__dw_branch_午,0.0,0.0
1,4,diff__basic__dw_branch_卯,0.06919226001753255,1.0
1,4,diff__basic__dw_branch_子,0.0,0.0
1,4,diff__basic__dw_branch_寅,0.0,0.0
1,4,diff__basic__dw_branch_巳,0.0,0.0
1,4,diff__basic__dw_branch_戌,0.0,0.0
1,4,diff__basic__dw_branch_未,0.0,0.0
1,4,diff__basic__dw_branch_申,-0.04653622696258885,1.0
1,4,diff__basic__dw_branch_辰,0.0,0.0
1,4,diff__basic__dw_branch_酉,0.19269596924613785,1.0
1,4,diff__basic__dw_element_earth,0.0,0.0
1,4,diff__basic__dw_element_fire,0.0,0.0
1,4,diff__basic__dw_element_metal,0.0,0.0
1,4,diff__basic__dw_element_water,0.0,0.0
1,4,diff__basic__dw_element_wood,0.0,0.0
1,4,diff__basic__dw_yy_yang,0.0,0.0
1,4,diff__basic__dw_yy_yin,0.0,0.0
1,4,diff__basic__sw_branch_丑,0.0,0.0
1,4,diff__basic__sw_branch_亥,-0.10510568529688621,1.0
1,4,diff__basic__sw_branch_午,0.0,0.0
1,4,diff__basic__sw_branch_卯,0.0,0.0
1,4,diff__basic__sw_branch_子,0.11179255857700075,1.0
1,4,diff__basic__sw_branch_寅,-0.08893562043065185,1.0
1,4,diff__basic__sw_branch_巳,0.63337886356456,1.0
1,4,diff__basic__sw_branch_戌,0.0,0.0
1,4,diff__basic__sw_branch_未,0.0,0.0
1,4,diff__basic__sw_branch_申,0.2021126114023368,1.0
1,4,diff__basic__sw_branch_辰,0.5630463369281083,1.0
1,4,diff__basic__sw_branch_酉,-0.5656237801490998,1.0
1,4,diff__basic__sw_element_earth,0.05673364384720991,1.0
1,4,diff__basic__sw_element_fire,0.0,0.0
1,4,diff__basic__sw_element_metal,-0.04145834449999418,1.0
1,4,diff__basic__sw_element_water,0.0,0.0
1,4,diff__basic__sw_element_wood,0.0,0.0
1,4,diff__basic__sw_yy_yang,0.0,0.0
1,4,diff__basic__sw_yy_yin,0.0,0.0
1,4,diff__relation__dw_branch_break_natal,0.0,0.0
1,4,diff__relation__dw_branch_clash_natal,0.0,0.0
1,4,diff__relation__dw_branch_combine_natal,0.0,0.0
1,4,diff__relation__dw_branch_harm_natal,0.0,0.0
1,4,diff__relation__dw_branch_punish_natal,0.0,0.0
1,4,diff__relation__dw_stem_clash_natal,0.0,0.0
1,4,diff__relation__dw_stem_combine_natal,0.0,0.0
1,4,diff__relation__sw_branch_break_natal,-0.16157294832834126,1.0
1,4,diff__relation__sw_branch_clash_natal,0.0,0.0
1,4,diff__relation__sw_branch_combine_natal,0.0,0.0
1,4,diff__relation__sw_branch_harm_natal,0.24873698671275307,1.0
1,4,diff__relation__sw_branch_punish_natal,-0.20012116251092266,1.0
1,4,diff__relation__sw_dw_branch_break,0.0,0.0
1,4,diff__relation__sw_dw_branch_clash,0.6077235209591113,1.0
1,4,diff__relation__sw_dw_branch_combine,0.0,0.0
1,4,diff__relation__sw_dw_branch_harm,0.06688740692534122,1.0
1,4,diff__relation__sw_dw_branch_punish,0.0,0.0
1,4,diff__relation__sw_dw_stem_clash,-0.1149973516827784,1.0
1,4,diff__relation__sw_dw_stem_combine,0.0,0.0
1,4,diff__relation__sw_stem_clash_natal,-0.02210317856012197,1.0
1,4,diff__relation__sw_stem_combine_natal,-0.01947994376120508,1.0
1,4,diff__tg10__dw_branch_hidden_bijian,0.0,0.0
1,4,diff__tg10__dw_branch_hidden_jiecai,0.0,0.0
1,4,diff__tg10__dw_branch_hidden_pian_cai,0.0,0.0
1,4,diff__tg10__dw_branch_hidden_pian_yin,0.0,0.0
1,4,diff__tg10__dw_branch_hidden_qi_sha,0.0,0.0
1,4,diff__tg10__dw_branch_hidden_shangguan,0.0,0.0
1,4,diff__tg10__dw_branch_hidden_shishen,0.0,0.0
1,4,diff__tg10__dw_branch_hidden_zheng_cai,-0.18202882295362396,1.0
1,4,diff__tg10__dw_branch_hidden_zheng_guan,-0.005681519532023229,1.0
1,4,diff__tg10__dw_branch_hidden_zheng_yin,0.0,0.0
1,4,diff__tg10__dw_stem_bijian,0.28457051148162854,1.0
1,4,diff__tg10__dw_stem_jiecai,0.0,0.0
1,4,diff__tg10__dw_stem_pian_cai,0.9132571709094192,1.0
1,4,diff__tg10__dw_stem_pian_yin,0.0,0.0
1,4,diff__tg10__dw_stem_qi_sha,0.0,0.0
1,4,diff__tg10__dw_stem_shangguan,0.0,0.0
1,4,diff__tg10__dw_stem_shishen,0.0,0.0
1,4,diff__tg10__dw_stem_zheng_cai,0.0,0.0
1,4,diff__tg10__dw_stem_zheng_guan,0.0,0.0
1,4,diff__tg10__dw_stem_zheng_yin,0.0,0.0
1,4,diff__tg10__sw_branch_hidden_bijian,-0.22550771791755717,1.0
1,4,diff__tg10__sw_branch_hidden_jiecai,0.0,0.0
1,4,diff__tg10__sw_branch_hidden_pian_cai,0.0,0.0
1,4,diff__tg10__sw_branch_hidden_pian_yin,0.0,0.0
1,4,diff__tg10__sw_branch_hidden_qi_sha,0.0,0.0
1,4,diff__tg10__sw_branch_hidden_shangguan,0.0,0.0
1,4,diff__tg10__sw_branch_hidden_shishen,0.0,0.0
1,4,diff__tg10__sw_branch_hidden_zheng_cai,0.374318508025508,1.0
1,4,diff__tg10__sw_branch_hidden_zheng_guan,0.0,0.0
1,4,diff__tg10__sw_branch_hidden_zheng_yin,0.08128390243728761,1.0
1,4,diff__tg10__sw_stem_bijian,0.0,0.0
1,4,diff__tg10__sw_stem_jiecai,0.01066597236484378,1.0
1,4,diff__tg10__sw_stem_pian_cai,0.0,0.0
1,4,diff__tg10__sw_stem_pian_yin,0.0,0.0
1,4,diff__tg10__sw_stem_qi_sha,0.0,0.0
1,4,diff__tg10__sw_stem_shangguan,0.0,0.0
1,4,diff__tg10__sw_stem_shishen,0.0,0.0
1,4,diff__tg10__sw_stem_zheng_cai,0.0,0.0
1,4,diff__tg10__sw_stem_zheng_guan,0.0,0.0
1,4,diff__tg10__sw_stem_zheng_yin,-0.33748631873992263,1.0
1,4,diff__tgxstrength__dw_bijian_strong,0.4296286979024135,1.0
1,4,diff__tgxstrength__dw_bijian_weak,0.0,0.0
1,4,diff__tgxstrength__dw_jiecai_strong,0.0,0.0
1,4,diff__tgxstrength__dw_jiecai_weak,0.0,0.0
1,4,diff__tgxstrength__dw_pian_cai_strong,0.0,0.0
1,4,diff__tgxstrength__dw_pian_cai_weak,0.0,0.0
1,4,diff__tgxstrength__dw_pian_yin_strong,0.0,0.0
1,4,diff__tgxstrength__dw_pian_yin_weak,0.0,0.0
1,4,diff__tgxstrength__dw_qi_sha_strong,0.0,0.0
1,4,diff__tgxstrength__dw_qi_sha_weak,0.0,0.0
1,4,diff__tgxstrength__dw_shangguan_strong,0.0,0.0
1,4,diff__tgxstrength__dw_shangguan_weak,0.0,0.0
1,4,diff__tgxstrength__dw_shishen_strong,0.0,0.0
1,4,diff__tgxstrength__dw_shishen_weak,0.0,0.0
1,4,diff__tgxstrength__dw_zheng_cai_strong,-0.16980863631501525,1.0
1,4,diff__tgxstrength__dw_zheng_cai_weak,0.0,0.0
1,4,diff__tgxstrength__dw_zheng_guan_strong,-0.17872127474436422,1.0
1,4,diff__tgxstrength__dw_zheng_guan_weak,0.0,0.0
1,4,diff__tgxstrength__dw_zheng_yin_strong,0.0,0.0
1,4,diff__tgxstrength__dw_zheng_yin_weak,0.0,0.0
1,4,diff__tgxstrength__sw_bijian_strong,-0.09325632293012756,1.0
1,4,diff__tgxstrength__sw_bijian_weak,0.0012233094545435065,1.0
1,4,diff__tgxstrength__sw_jiecai_strong,0.0,0.0
1,4,diff__tgxstrength__sw_jiecai_weak,0.48282636415699015,1.0
1,4,diff__tgxstrength__sw_pian_cai_strong,0.0,0.0
1,4,diff__tgxstrength__sw_pian_cai_weak,0.0,0.0
1,4,diff__tgxstrength__sw_pian_yin_strong,0.0,0.0
1,4,diff__tgxstrength__sw_pian_yin_weak,0.0,0.0
1,4,diff__tgxstrength__sw_qi_sha_strong,0.285992664290206,1.0
1,4,diff__tgxstrength__sw_qi_sha_weak,-0.18101786745780468,1.0
1,4,diff__tgxstrength__sw_shangguan_strong,0.4228818852857324,1.0
1,4,diff__tgxstrength__sw_shangguan_weak,0.0,0.0
1,4,diff__tgxstrength__sw_shishen_strong,0.3161553855063421,1.0
1,4,diff__tgxstrength__sw_shishen_weak,0.0,0.0
1,4,diff__tgxstrength__sw_zheng_cai_strong,0.0,0.0
1,4,diff__tgxstrength__sw_zheng_cai_weak,0.0,0.0
1,4,diff__tgxstrength__sw_zheng_guan_strong,0.0,0.0
1,4,diff__tgxstrength__sw_zheng_guan_weak,0.0,0.0
1,4,diff__tgxstrength__sw_zheng_yin_strong,0.0,0.0
1,4,diff__tgxstrength__sw_zheng_yin_weak,0.0,0.0
1,4,diff__unseong__dw_raw_score,0.0,0.0
1,4,diff__unseong__dw_score_x_strength,0.39173648248488163,1.0
1,4,diff__unseong__dw_state_건록,0.0,0.0
1,4,diff__unseong__dw_state_관대,0.0,0.0
1,4,diff__unseong__dw_state_목욕,0.0,0.0
1,4,diff__unseong__dw_state_묘,0.0,0.0
1,4,diff__unseong__dw_state_병,0.0,0.0
1,4,diff__unseong__dw_state_사,0.0,0.0
1,4,diff__unseong__dw_state_쇠,0.0,0.0
1,4,diff__unseong__dw_state_양,-0.2319782375047972,1.0
1,4,diff__unseong__dw_state_장생,0.0,0.0
1,4,diff__unseong__dw_state_절,0.0,0.0
1,4,diff__unseong__dw_state_제왕,0.0,0.0
1,4,diff__unseong__dw_state_태,0.0,0.0
1,4,diff__unseong__sw_raw_score,0.0,0.0
1,4,diff__unseong__sw_score_x_strength,0.2761326457101672,1.0
1,4,diff__unseong__sw_state_건록,0.0,0.0
1,4,diff__unseong__sw_state_관대,0.0,0.0
1,4,diff__unseong__sw_state_목욕,0.0,0.0
1,4,diff__unseong__sw_state_묘,0.0,0.0
1,4,diff__unseong__sw_state_병,0.5985595257921095,1.0
1,4,diff__unseong__sw_state_사,0.27288136068375096,1.0
1,4,diff__unseong__sw_state_쇠,0.0,0.0
1,4,diff__unseong__sw_state_양,0.39879397061429217,1.0
1,4,diff__unseong__sw_state_장생,-0.10103824939476756,1.0
1,4,diff__unseong__sw_state_절,0.0,0.0
1,4,diff__unseong__sw_state_제왕,0.0,0.0
1,4,diff__unseong__sw_state_태,-0.0023745843005663504,1.0
1,4,diff__yongshin__dw_gi_fit,0.0,0.0
1,4,diff__yongshin__dw_gu_fit,0.0,0.0
1,4,diff__yongshin__dw_hee_fit,0.0,0.0
1,4,diff__yongshin__dw_supplies_fav,0.0,0.0
1,4,diff__yongshin__dw_supplies_unfav,0.0,0.0
1,4,diff__yongshin__dw_yong_branch_fit,-0.46827958349132665,1.0
1,4,diff__yongshin__dw_yong_fit,0.0,0.0
1,4,diff__yongshin__dw_yong_stem_fit,0.0,0.0
1,4,diff__yongshin__sw_gi_fit,0.0,0.0
1,4,diff__yongshin__sw_gu_fit,0.011509707672255549,1.0
1,4,diff__yongshin__sw_hee_fit,0.0,0.0
1,4,diff__yongshin__sw_supplies_fav,0.24279076925336035,1.0
1,4,diff__yongshin__sw_supplies_unfav,0.4731059324066675,1.0
1,4,diff__yongshin__sw_yong_branch_fit,0.0,0.0
1,4,diff__yongshin__sw_yong_fit,0.0,0.0
1,4,diff__yongshin__sw_yong_stem_fit,0.0,0.0
2,0,diff__basic__dw_branch_丑,0.0,0.0
2,0,diff__basic__dw_branch_亥,0.0,0.0
2,0,diff__basic__dw_branch_午,0.0,0.0
2,0,diff__basic__dw_branch_卯,0.0,0.0
2,0,diff__basic__dw_branch_子,0.0,0.0
2,0,diff__basic__dw_branch_寅,0.0,0.0
2,0,diff__basic__dw_branch_巳,0.0,0.0
2,0,diff__basic__dw_branch_戌,0.0,0.0
2,0,diff__basic__dw_branch_未,0.0,0.0
2,0,diff__basic__dw_branch_申,0.0,0.0
2,0,diff__basic__dw_branch_辰,0.0,0.0
2,0,diff__basic__dw_branch_酉,0.0,0.0
2,0,diff__basic__dw_element_earth,0.0,0.0
2,0,diff__basic__dw_element_fire,0.0,0.0
2,0,diff__basic__dw_element_metal,0.0,0.0
2,0,diff__basic__dw_element_water,0.0,0.0
2,0,diff__basic__dw_element_wood,0.0,0.0
2,0,diff__basic__dw_yy_yang,0.0,0.0
2,0,diff__basic__dw_yy_yin,0.0,0.0
2,0,diff__basic__sw_branch_丑,0.0,0.0
2,0,diff__basic__sw_branch_亥,0.0,0.0
2,0,diff__basic__sw_branch_午,0.0,0.0
2,0,diff__basic__sw_branch_卯,0.0,0.0
2,0,diff__basic__sw_branch_子,0.0,0.0
2,0,diff__basic__sw_branch_寅,0.0,0.0
2,0,diff__basic__sw_branch_巳,0.0,0.0
2,0,diff__basic__sw_branch_戌,0.0,0.0
2,0,diff__basic__sw_branch_未,0.0,0.0
2,0,diff__basic__sw_branch_申,0.0,0.0
2,0,diff__basic__sw_branch_辰,0.08307179562028666,1.0
2,0,diff__basic__sw_branch_酉,0.0,0.0
2,0,diff__basic__sw_element_earth,0.0,0.0
2,0,diff__basic__sw_element_fire,0.0,0.0
2,0,diff__basic__sw_element_metal,0.0,0.0
2,0,diff__basic__sw_element_water,0.0,0.0
2,0,diff__basic__sw_element_wood,0.0,0.0
2,0,diff__basic__sw_yy_yang,0.0,0.0
2,0,diff__basic__sw_yy_yin,0.0,0.0
2,0,diff__relation__dw_branch_break_natal,0.0,0.0
2,0,diff__relation__dw_branch_clash_natal,0.0,0.0
2,0,diff__relation__dw_branch_combine_natal,0.0,0.0
2,0,diff__relation__dw_branch_harm_natal,0.0,0.0
2,0,diff__relation__dw_branch_punish_natal,0.0,0.0
2,0,diff__relation__dw_stem_clash_natal,0.0,0.0
2,0,diff__relation__dw_stem_combine_natal,0.0,0.0
2,0,diff__relation__sw_branch_break_natal,0.0,0.0
2,0,diff__relation__sw_branch_clash_natal,0.0,0.0
2,0,diff__relation__sw_branch_combine_natal,0.0,0.0
2,0,diff__relation__sw_branch_harm_natal,0.0,0.0
2,0,diff__relation__sw_branch_punish_natal,0.0,0.0
2,0,diff__relation__sw_dw_branch_break,0.0,0.0
2,0,diff__relation__sw_dw_branch_clash,0.0,0.0
2,0,diff__relation__sw_dw_branch_combine,0.0,0.0
2,0,diff__relation__sw_dw_branch_harm,0.0,0.0
2,0,diff__relation__sw_dw_branch_punish,0.0,0.0
2,0,diff__relation__sw_dw_stem_clash,0.0,0.0
2,0,diff__relation__sw_dw_stem_combine,0.0,0.0
2,0,diff__relation__sw_stem_clash_natal,0.0,0.0
2,0,diff__relation__sw_stem_combine_natal,0.0,0.0
2,0,diff__tg10__dw_branch_hidden_bijian,0.0,0.0
2,0,diff__tg10__dw_branch_hidden_jiecai,0.0,0.0
2,0,diff__tg10__dw_branch_hidden_pian_cai,0.0,0.0
2,0,diff__tg10__dw_branch_hidden_pian_yin,0.0,0.0
2,0,diff__tg10__dw_branch_hidden_qi_sha,0.0,0.0
2,0,diff__tg10__dw_branch_hidden_shangguan,0.0,0.0
2,0,diff__tg10__dw_branch_hidden_shishen,0.0,0.0
2,0,diff__tg10__dw_branch_hidden_zheng_cai,0.0,0.0
2,0,diff__tg10__dw_branch_hidden_zheng_guan,0.0,0.0
2,0,diff__tg10__dw_branch_hidden_zheng_yin,0.0,0.0
2,0,diff__tg10__dw_stem_bijian,0.0,0.0
2,0,diff__tg10__dw_stem_jiecai,0.0,0.0
2,0,diff__tg10__dw_stem_pian_cai,0.0,0.0
2,0,diff__tg10__dw_stem_pian_yin,0.0,0.0
2,0,diff__tg10__dw_stem_qi_sha,0.0,0.0
2,0,diff__tg10__dw_stem_shangguan,0.0,0.0
2,0,diff__tg10__dw_stem_shishen,0.0,0.0
2,0,diff__tg10__dw_stem_zheng_cai,0.0,0.0
2,0,diff__tg10__dw_stem_zheng_guan,0.0,0.0
2,0,diff__tg10__dw_stem_zheng_yin,0.0,0.0
2,0,diff__tg10__sw_branch_hidden_bijian,0.0,0.0
2,0,diff__tg10__sw_branch_hidden_jiecai,0.0,0.0
2,0,diff__tg10__sw_branch_hidden_pian_cai,0.0,0.0
2,0,diff__tg10__sw_branch_hidden_pian_yin,0.0,0.0
2,0,diff__tg10__sw_branch_hidden_qi_sha,0.0,0.0
2,0,diff__tg10__sw_branch_hidden_shangguan,0.0,0.0
2,0,diff__tg10__sw_branch_hidden_shishen,0.0,0.0
2,0,diff__tg10__sw_branch_hidden_zheng_cai,0.0,0.0
2,0,diff__tg10__sw_branch_hidden_zheng_guan,0.0,0.0
2,0,diff__tg10__sw_branch_hidden_zheng_yin,0.0,0.0
2,0,diff__tg10__sw_stem_bijian,0.0,0.0
2,0,diff__tg10__sw_stem_jiecai,0.0,0.0
2,0,diff__tg10__sw_stem_pian_cai,0.0,0.0
2,0,diff__tg10__sw_stem_pian_yin,0.0,0.0
2,0,diff__tg10__sw_stem_qi_sha,0.0,0.0
2,0,diff__tg10__sw_stem_shangguan,0.0,0.0
2,0,diff__tg10__sw_stem_shishen,0.0,0.0
2,0,diff__tg10__sw_stem_zheng_cai,0.0,0.0
2,0,diff__tg10__sw_stem_zheng_guan,0.0,0.0
2,0,diff__tg10__sw_stem_zheng_yin,0.0,0.0
2,0,diff__tgxstrength__dw_bijian_strong,0.029273058975116416,1.0
2,0,diff__tgxstrength__dw_bijian_weak,0.0,0.0
2,0,diff__tgxstrength__dw_jiecai_strong,0.0,0.0
2,0,diff__tgxstrength__dw_jiecai_weak,0.0,0.0
2,0,diff__tgxstrength__dw_pian_cai_strong,0.0,0.0
2,0,diff__tgxstrength__dw_pian_cai_weak,0.0,0.0
2,0,diff__tgxstrength__dw_pian_yin_strong,0.0,0.0
2,0,diff__tgxstrength__dw_pian_yin_weak,0.0,0.0
2,0,diff__tgxstrength__dw_qi_sha_strong,0.0,0.0
2,0,diff__tgxstrength__dw_qi_sha_weak,0.0,0.0
2,0,diff__tgxstrength__dw_shangguan_strong,0.0,0.0
2,0,diff__tgxstrength__dw_shangguan_weak,0.0,0.0
2,0,diff__tgxstrength__dw_shishen_strong,0.0,0.0
2,0,diff__tgxstrength__dw_shishen_weak,0.0,0.0
2,0,diff__tgxstrength__dw_zheng_cai_strong,0.0,0.0
2,0,diff__tgxstrength__dw_zheng_cai_weak,0.0,0.0
2,0,diff__tgxstrength__dw_zheng_guan_strong,0.0,0.0
2,0,diff__tgxstrength__dw_zheng_guan_weak,0.0,0.0
2,0,diff__tgxstrength__dw_zheng_yin_strong,0.0,0.0
2,0,diff__tgxstrength__dw_zheng_yin_weak,0.0,0.0
2,0,diff__tgxstrength__sw_bijian_strong,0.0,0.0
2,0,diff__tgxstrength__sw_bijian_weak,0.0,0.0
2,0,diff__tgxstrength__sw_jiecai_strong,0.0,0.0
2,0,diff__tgxstrength__sw_jiecai_weak,0.0,0.0
2,0,diff__tgxstrength__sw_pian_cai_strong,0.0,0.0
2,0,diff__tgxstrength__sw_pian_cai_weak,0.0,0.0
2,0,diff__tgxstrength__sw_pian_yin_strong,0.0,0.0
2,0,diff__tgxstrength__sw_pian_yin_weak,0.0,0.0
2,0,diff__tgxstrength__sw_qi_sha_strong,0.0,0.0
2,0,diff__tgxstrength__sw_qi_sha_weak,0.0,0.0
2,0,diff__tgxstrength__sw_shangguan_strong,0.0,0.0
2,0,diff__tgxstrength__sw_shangguan_weak,0.0,0.0
2,0,diff__tgxstrength__sw_shishen_strong,0.0,0.0
2,0,diff__tgxstrength__sw_shishen_weak,0.0,0.0
2,0,diff__tgxstrength__sw_zheng_cai_strong,0.0,0.0
2,0,diff__tgxstrength__sw_zheng_cai_weak,0.0,0.0
2,0,diff__tgxstrength__sw_zheng_guan_strong,0.0,0.0
2,0,diff__tgxstrength__sw_zheng_guan_weak,0.0,0.0
2,0,diff__tgxstrength__sw_zheng_yin_strong,0.0,0.0
2,0,diff__tgxstrength__sw_zheng_yin_weak,0.0,0.0
2,0,diff__unseong__dw_raw_score,0.0,0.0
2,0,diff__unseong__dw_score_x_strength,0.0,0.0
2,0,diff__unseong__dw_state_건록,0.0,0.0
2,0,diff__unseong__dw_state_관대,0.0,0.0
2,0,diff__unseong__dw_state_목욕,0.0,0.0
2,0,diff__unseong__dw_state_묘,0.0,0.0
2,0,diff__unseong__dw_state_병,0.0,0.0
2,0,diff__unseong__dw_state_사,0.0,0.0
2,0,diff__unseong__dw_state_쇠,0.0,0.0
2,0,diff__unseong__dw_state_양,0.0,0.0
2,0,diff__unseong__dw_state_장생,0.0,0.0
2,0,diff__unseong__dw_state_절,0.0,0.0
2,0,diff__unseong__dw_state_제왕,0.0,0.0
2,0,diff__unseong__dw_state_태,0.0,0.0
2,0,diff__unseong__sw_raw_score,0.0,0.0
2,0,diff__unseong__sw_score_x_strength,0.0,0.0
2,0,diff__unseong__sw_state_건록,-0.004328223862337503,1.0
2,0,diff__unseong__sw_state_관대,0.0,0.0
2,0,diff__unseong__sw_state_목욕,0.0,0.0
2,0,diff__unseong__sw_state_묘,0.0,0.0
2,0,diff__unseong__sw_state_병,0.0,0.0
2,0,diff__unseong__sw_state_사,0.0,0.0
2,0,diff__unseong__sw_state_쇠,0.0,0.0
2,0,diff__unseong__sw_state_양,0.0,0.0
2,0,diff__unseong__sw_state_장생,0.0,0.0
2,0,diff__unseong__sw_state_절,0.0,0.0
2,0,diff__unseong__sw_state_제왕,0.0,0.0
2,0,diff__unseong__sw_state_태,0.0,0.0
2,0,diff__yongshin__dw_gi_fit,0.0,0.0
2,0,diff__yongshin__dw_gu_fit,0.0,0.0
2,0,diff__yongshin__dw_hee_fit,0.0,0.0
2,0,diff__yongshin__dw_supplies_fav,0.0,0.0
2,0,diff__yongshin__dw_supplies_unfav,0.0,0.0
2,0,diff__yongshin__dw_yong_branch_fit,0.0,0.0
2,0,diff__yongshin__dw_yong_fit,0.0,0.0
2,0,diff__yongshin__dw_yong_stem_fit,0.0,0.0
2,0,diff__yongshin__sw_gi_fit,0.0,0.0
2,0,diff__yongshin__sw_gu_fit,0.0,0.0
2,0,diff__yongshin__sw_hee_fit,0.0,0.0
2,0,diff__yongshin__sw_supplies_fav,0.0,0.0
2,0,diff__yongshin__sw_supplies_unfav,0.0,0.0
2,0,diff__yongshin__sw_yong_branch_fit,0.0,0.0
2,0,diff__yongshin__sw_yong_fit,0.0,0.0
2,0,diff__yongshin__sw_yong_stem_fit,0.0,0.0
2,1,diff__basic__dw_branch_丑,0.0,0.0
2,1,diff__basic__dw_branch_亥,0.0,0.0
2,1,diff__basic__dw_branch_午,0.0,0.0
2,1,diff__basic__dw_branch_卯,0.08525219161850696,1.0
2,1,diff__basic__dw_branch_子,0.0,0.0
2,1,diff__basic__dw_branch_寅,-0.06759953015011887,1.0
2,1,diff__basic__dw_branch_巳,0.0,0.0
2,1,diff__basic__dw_branch_戌,0.0,0.0
2,1,diff__basic__dw_branch_未,0.0,0.0
2,1,diff__basic__dw_branch_申,0.0,0.0
2,1,diff__basic__dw_branch_辰,0.0,0.0
2,1,diff__basic__dw_branch_酉,0.0,0.0
2,1,diff__basic__dw_element_earth,0.0,0.0
2,1,diff__basic__dw_element_fire,0.0,0.0
2,1,diff__basic__dw_element_metal,0.0,0.0
2,1,diff__basic__dw_element_water,0.0,0.0
2,1,diff__basic__dw_element_wood,0.0,0.0
2,1,diff__basic__dw_yy_yang,0.0,0.0
2,1,diff__basic__dw_yy_yin,0.0,0.0
2,1,diff__basic__sw_branch_丑,0.0,0.0
2,1,diff__basic__sw_branch_亥,0.0,0.0
2,1,diff__basic__sw_branch_午,0.0,0.0
2,1,diff__basic__sw_branch_卯,0.0,0.0
2,1,diff__basic__sw_branch_子,0.0,0.0
2,1,diff__basic__sw_branch_寅,0.0,0.0
2,1,diff__basic__sw_branch_巳,0.16461958594170267,1.0
2,1,diff__basic__sw_branch_戌,0.0,0.0
2,1,diff__basic__sw_branch_未,0.0,0.0
2,1,diff__basic__sw_branch_申,0.0,0.0
2,1,diff__basic__sw_branch_辰,0.09219728263892739,1.0
2,1,diff__basic__sw_branch_酉,-0.3997294943555335,1.0
2,1,diff__basic__sw_element_earth,0.0,0.0
2,1,diff__basic__sw_element_fire,0.0,0.0
2,1,diff__basic__sw_element_metal,0.0,0.0
2,1,diff__basic__sw_element_water,0.0,0.0
2,1,diff__basic__sw_element_wood,-0.12058486073604646,1.0
2,1,diff__basic__sw_yy_yang,0.0,0.0
2,1,diff__basic__sw_yy_yin,0.0,0.0
2,1,diff__relation__dw_branch_break_natal,0.0,0.0
2,1,diff__relation__dw_branch_clash_natal,0.0,0.0
2,1,diff__relation__dw_branch_combine_natal,0.0,0.0
2,1,diff__relation__dw_branch_harm_natal,-0.08950791726346995,1.0
2,1,diff__relation__dw_branch_punish_natal,0.0,0.0
2,1,diff__relation__dw_stem_clash_natal,0.07631337603246455,1.0
2,1,diff__relation__dw_stem_combine_natal,0.0,0.0
2,1,diff__relation__sw_branch_break_natal,0.0,0.0
2,1,diff__relation__sw_branch_clash_natal,0.0,0.0
2,1,diff__relation__sw_branch_combine_natal,0.03421506963367538,1.0
2,1,diff__relation__sw_branch_harm_natal,0.0,0.0
2,1,diff__relation__sw_branch_punish_natal,-0.08999240413342541,1.0
2,1,diff__relation__sw_dw_branch_break,0.0,0.0
2,1,diff__relation__sw_dw_branch_clash,0.1886755700645207,1.0
2,1,diff__relation__sw_dw_branch_combine,0.0,0.0
2,1,diff__relation__sw_dw_branch_harm,0.0,0.0
2,1,diff__relation__sw_dw_branch_punish,-0.06463095150335346,1.0
2,1,diff__relation__sw_dw_stem_clash,0.0,0.0
2,1,diff__relation__sw_dw_stem_combine,0.0,0.0
2,1,diff__relation__sw_stem_clash_natal,0.0,0.0
2,1,diff__relation__sw_stem_combine_natal,0.0,0.0
2,1,diff__tg10__dw_branch_hidden_bijian,0.0,0.0
2,1,diff__tg10__dw_branch_hidden_jiecai,0.0,0.0
2,1,diff__tg10__dw_branch_hidden_pian_cai,0.0,0.0
2,1,diff__tg10__dw_branch_hidden_pian_yin,0.0,0.0
2,1,diff__tg10__dw_branch_hidden_qi_sha,0.0,0.0
2,1,diff__tg10__dw_branch_hidden_shangguan,0.0,0.0
2,1,diff__tg10__dw_branch_hidden_shishen,0.0,0.0
2,1,diff__tg10__dw_branch_hidden_zheng_cai,0.0,0.0
2,1,diff__tg10__dw_branch_hidden_zheng_guan,0.0,0.0
2,1,diff__tg10__dw_branch_hidden_zheng_yin,0.0,0.0
2,1,diff__tg10__dw_stem_bijian,0.3442522281345018,1.0
2,1,diff__tg10__dw_stem_jiecai,0.0,0.0
2,1,diff__tg10__dw_stem_pian_cai,0.34004736864576085,1.0
2,1,diff__tg10__dw_stem_pian_yin,0.0,0.0
2,1,diff__tg10__dw_stem_qi_sha,0.0,0.0
2,1,diff__tg10__dw_stem_shangguan,0.0,0.0
2,1,diff__tg10__dw_stem_shishen,0.0,0.0
2,1,diff__tg10__dw_stem_zheng_cai,0.0,0.0
2,1,diff__tg10__dw_stem_zheng_guan,0.0,0.0
2,1,diff__tg10__dw_stem_zheng_yin,0.0,0.0
2,1,diff__tg10__sw_branch_hidden_bijian,-0.051116566191173815,1.0
2,1,diff__tg10__sw_branch_hidden_jiecai,0.0,0.0
2,1,diff__tg10__sw_branch_hidden_pian_cai,0.0,0.0
2,1,diff__tg10__sw_branch_hidden_pian_yin,0.0,0.0
2,1,diff__tg10__sw_branch_hidden_qi_sha,0.0,0.0
2,1,diff__tg10__sw_branch_hidden_shangguan,0.0,0.0
2,1,diff__tg10__sw_branch_hidden_shishen,0.24227307626992772,1.0
2,1,diff__tg10__sw_branch_hidden_zheng_cai,0.0,0.0
2,1,diff__tg10__sw_branch_hidden_zheng_guan,0.0,0.0
2,1,diff__tg10__sw_branch_hidden_zheng_yin,0.0,0.0
2,1,diff__tg10__sw_stem_bijian,0.0,0.0
2,1,diff__tg10__sw_stem_jiecai,0.01784155440821384,1.0
2,1,diff__tg10__sw_stem_pian_cai,-0.17999445224970412,1.0
2,1,diff__tg10__sw_stem_pian_yin,0.0,0.0
2,1,diff__tg10__sw_stem_qi_sha,0.0,0.0
2,1,diff__tg10__sw_stem_shangguan,0.0,0.0
2,1,diff__tg10__sw_stem_shishen,0.0,0.0
2,1,diff__tg10__sw_stem_zheng_cai,0.0,0.0
2,1,diff__tg10__sw_stem_zheng_guan,0.0,0.0
2,1,diff__tg10__sw_stem_zheng_yin,0.0,0.0
2,1,diff__tgxstrength__dw_bijian_strong,0.0,0.0
2,1,diff__tgxstrength__dw_bijian_weak,0.0,0.0
2,1,diff__tgxstrength__dw_jiecai_strong,0.0,0.0
2,1,diff__tgxstrength__dw_jiecai_weak,0.0,0.0
2,1,diff__tgxstrength__dw_pian_cai_strong,0.0,0.0
2,1,diff__tgxstrength__dw_pian_cai_weak,0.0,0.0
2,1,diff__tgxstrength__dw_pian_yin_strong,0.0,0.0
2,1,diff__tgxstrength__dw_pian_yin_weak,0.0,0.0
2,1,diff__tgxstrength__dw_qi_sha_strong,0.028341124075033326,1.0
2,1,diff__tgxstrength__dw_qi_sha_weak,0.0,0.0
2,1,diff__tgxstrength__dw_shangguan_strong,0.0,0.0
2,1,diff__tgxstrength__dw_shangguan_weak,0.0,0.0
2,1,diff__tgxstrength__dw_shishen_strong,0.005097996873968222,1.0
2,1,diff__tgxstrength__dw_shishen_weak,0.0,0.0
2,1,diff__tgxstrength__dw_zheng_cai_strong,-0.1935022611338141,1.0
2,1,diff__tgxstrength__dw_zheng_cai_weak,0.0,0.0
2,1,diff__tgxstrength__dw_zheng_guan_strong,0.0,0.0
2,1,diff__tgxstrength__dw_zheng_guan_weak,0.0,0.0
2,1,diff__tgxstrength__dw_zheng_yin_strong,0.0,0.0
2,1,diff__tgxstrength__dw_zheng_yin_weak,0.0,0.0
2,1,diff__tgxstrength__sw_bijian_strong,-0.03970157568117119,1.0
2,1,diff__tgxstrength__sw_bijian_weak,0.0,0.0
2,1,diff__tgxstrength__sw_jiecai_strong,0.0,0.0
2,1,diff__tgxstrength__sw_jiecai_weak,0.07433107859378707,1.0
2,1,diff__tgxstrength__sw_pian_cai_strong,0.0,0.0
2,1,diff__tgxstrength__sw_pian_cai_weak,0.0,0.0
2,1,diff__tgxstrength__sw_pian_yin_strong,0.0,0.0
2,1,diff__tgxstrength__sw_pian_yin_weak,0.0,0.0
2,1,diff__tgxstrength__sw_qi_sha_strong,0.0,0.0
2,1,diff__tgxstrength__sw_qi_sha_weak,-0.23723760169829683,1.0
2,1,diff__tgxstrength__sw_shangguan_strong,0.1444814052036269,1.0
2,1,diff__tgxstrength__sw_shangguan_weak,0.0,0.0
2,1,diff__tgxstrength__sw_shishen_strong,0.0,0.0
2,1,diff__tgxstrength__sw_shishen_weak,0.0,0.0
2,1,diff__tgxstrength__sw_zheng_cai_strong,0.0,0.0
2,1,diff__tgxstrength__sw_zheng_cai_weak,0.0,0.0
2,1,diff__tgxstrength__sw_zheng_guan_strong,0.0,0.0
2,1,diff__tgxstrength__sw_zheng_guan_weak,0.0,0.0
2,1,diff__tgxstrength__sw_zheng_yin_strong,0.0,0.0
2,1,diff__tgxstrength__sw_zheng_yin_weak,0.0,0.0
2,1,diff__unseong__dw_raw_score,0.0,0.0
2,1,diff__unseong__dw_score_x_strength,0.09893496456637112,1.0
2,1,diff__unseong__dw_state_건록,0.0,0.0
2,1,diff__unseong__dw_state_관대,0.0,0.0
2,1,diff__unseong__dw_state_목욕,0.0,0.0
2,1,diff__unseong__dw_state_묘,0.0,0.0
2,1,diff__unseong__dw_state_병,0.0,0.0
2,1,diff__unseong__dw_state_사,0.0,0.0
2,1,diff__unseong__dw_state_쇠,0.0,0.0
2,1,diff__unseong__dw_state_양,0.0,0.0
2,1,diff__unseong__dw_state_장생,0.0,0.0
2,1,diff__unseong__dw_state_절,0.0,0.0
2,1,diff__unseong__dw_state_제왕,0.0,0.0
2,1,diff__unseong__dw_state_태,0.0,0.0
2,1,diff__unseong__sw_raw_score,0.0,0.0
2,1,diff__unseong__sw_score_x_strength,0.0,0.0
2,1,diff__unseong__sw_state_건록,-0.23960516172701887,1.0
2,1,diff__unseong__sw_state_관대,0.0,0.0
2,1,diff__unseong__sw_state_목욕,0.0,0.0
2,1,diff__unseong__sw_state_묘,0.0,0.0
2,1,diff__unseong__sw_state_병,0.10697849592298163,1.0
2,1,diff__unseong__sw_state_사,0.0,0.0
2,1,diff__unseong__sw_state_쇠,0.0,0.0
2,1,diff__unseong__sw_state_양,0.07310362128778551,1.0
2,1,diff__unseong__sw_state_장생,0.0,0.0
2,1,diff__unseong__sw_state_절,0.0,0.0
2,1,diff__unseong__sw_state_제왕,0.0,0.0
2,1,diff__unseong__sw_state_태,0.0,0.0
2,1,diff__yongshin__dw_gi_fit,0.0,0.0
2,1,diff__yongshin__dw_gu_fit,0.0,0.0
2,1,diff__yongshin__dw_hee_fit,0.0,0.0
2,1,diff__yongshin__dw_supplies_fav,0.0,0.0
2,1,diff__yongshin__dw_supplies_unfav,0.0,0.0
2,1,diff__yongshin__dw_yong_branch_fit,-0.24817382309133026,1.0
2,1,diff__yongshin__dw_yong_fit,0.0,0.0
2,1,diff__yongshin__dw_yong_stem_fit,0.0,0.0
2,1,diff__yongshin__sw_gi_fit,0.0,0.0
2,1,diff__yongshin__sw_gu_fit,0.0,0.0
2,1,diff__yongshin__sw_hee_fit,0.0,0.0
2,1,diff__yongshin__sw_supplies_fav,0.0,0.0
2,1,diff__yongshin__sw_supplies_unfav,0.0,0.0
2,1,diff__yongshin__sw_yong_branch_fit,0.0,0.0
2,1,diff__yongshin__sw_yong_fit,0.0,0.0
2,1,diff__yongshin__sw_yong_stem_fit,0.0,0.0
2,2,diff__basic__dw_branch_丑,0.0,0.0
2,2,diff__basic__dw_branch_亥,0.0,0.0
2,2,diff__basic__dw_branch_午,0.0,0.0
2,2,diff__basic__dw_branch_卯,0.08189851368601977,1.0
2,2,diff__basic__dw_branch_子,0.01674376295068127,1.0
2,2,diff__basic__dw_branch_寅,0.0,0.0
2,2,diff__basic__dw_branch_巳,0.0,0.0
2,2,diff__basic__dw_branch_戌,0.0,0.0
2,2,diff__basic__dw_branch_未,0.0,0.0
2,2,diff__basic__dw_branch_申,0.0,0.0
2,2,diff__basic__dw_branch_辰,0.0,0.0
2,2,diff__basic__dw_branch_酉,0.0,0.0
2,2,diff__basic__dw_element_earth,0.0,0.0
2,2,diff__basic__dw_element_fire,0.0,0.0
2,2,diff__basic__dw_element_metal,0.0,0.0
2,2,diff__basic__dw_element_water,0.0,0.0
2,2,diff__basic__dw_element_wood,0.0,0.0
2,2,diff__basic__dw_yy_yang,0.0,0.0
2,2,diff__basic__dw_yy_yin,0.0,0.0
2,2,diff__basic__sw_branch_丑,0.0,0.0
2,2,diff__basic__sw_branch_亥,0.0,0.0
2,2,diff__basic__sw_branch_午,-0.07026951797283508,1.0
2,2,diff__basic__sw_branch_卯,-0.06953887779237765,1.0
2,2,diff__basic__sw_branch_子,0.0,0.0
2,2,diff__basic__sw_branch_寅,0.0,0.0
2,2,diff__basic__sw_branch_巳,0.0,0.0
2,2,diff__basic__sw_branch_戌,0.0,0.0
2,2,diff__basic__sw_branch_未,0.0,0.0
2,2,diff__basic__sw_branch_申,0.0,0.0
2,2,diff__basic__sw_branch_辰,0.0,0.0
2,2,diff__basic__sw_branch_酉,-0.3143696877449212,1.0
2,2,diff__basic__sw_element_earth,0.0180383205601097,1.0
2,2,diff__basic__sw_element_fire,0.0,0.0
2,2,diff__basic__sw_element_metal,0.0,0.0
2,2,diff__basic__sw_element_water,0.0,0.0
2,2,diff__basic__sw_element_wood,-0.10131572471121404,1.0
2,2,diff__basic__sw_yy_yang,0.0,0.0
2,2,diff__basic__sw_yy_yin,0.0,0.0
2,2,diff__relation__dw_branch_break_natal,0.0,0.0
2,2,diff__relation__dw_branch_clash_natal,0.0,0.0
2,2,diff__relation__dw_branch_combine_natal,0.0,0.0
2,2,diff__relation__dw_branch_harm_natal,0.0,0.0
2,2,diff__relation__dw_branch_punish_natal,0.0,0.0
2,2,diff__relation__dw_stem_clash_natal,0.06520847288806148,1.0
2,2,diff__relation__dw_stem_combine_natal,0.0,0.0
2,2,diff__relation__sw_branch_break_natal,0.0,0.0
2,2,diff__relation__sw_branch_clash_natal,0.0,0.0
2,2,diff__relation__sw_branch_combine_natal,0.0,0.0
2,2,diff__relation__sw_branch_harm_natal,0.0,0.0
2,2,diff__relation__sw_branch_punish_natal,-0.01002459896261562,1.0
2,2,diff__relation__sw_dw_branch_break,0.0,0.0
2,2,diff__relation__sw_dw_branch_clash,0.25769053984848844,1.0
2,2,diff__relation__sw_dw_branch_combine,0.0,0.0
2,2,diff__relation__sw_dw_branch_harm,0.0,0.0
2,2,diff__relation__sw_dw_branch_punish,0.0,0.0
2,2,diff__relation__sw_dw_stem_clash,0.0,0.0
2,2,diff__relation__sw_dw_stem_combine,0.0,0.0
2,2,diff__relation__sw_stem_clash_natal,0.0,0.0
2,2,diff__relation__sw_stem_combine_natal,0.0,0.0
2,2,diff__tg10__dw_branch_hidden_bijian,0.0,0.0
2,2,diff__tg10__dw_branch_hidden_jiecai,0.0,0.0
2,2,diff__tg10__dw_branch_hidden_pian_cai,0.0,0.0
2,2,diff__tg10__dw_branch_hidden_pian_yin,0.0,0.0
2,2,diff__tg10__dw_branch_hidden_qi_sha,0.0,0.0
2,2,diff__tg10__dw_branch_hidden_shangguan,0.0,0.0
2,2,diff__tg10__dw_branch_hidden_shishen,0.0,0.0
2,2,diff__tg10__dw_branch_hidden_zheng_cai,-0.11038932769786657,1.0
2,2,diff__tg10__dw_branch_hidden_zheng_guan,0.0,0.0
2,2,diff__tg10__dw_branch_hidden_zheng_yin,0.0,0.0
2,2,diff__tg10__dw_stem_bijian,0.3457875094116994,1.0
2,2,diff__tg10__dw_stem_jiecai,0.0,0.0
2,2,diff__tg10__dw_stem_pian_cai,0.43866338662223675,1.0
2,2,diff__tg10__dw_stem_pian_yin,-0.05053442702239727,1.0
2,2,diff__tg10__dw_stem_qi_sha,0.0,0.0
2,2,diff__tg10__dw_stem_shangguan,0.0,0.0
2,2,diff__tg10__dw_stem_shishen,0.0,0.0
2,2,diff__tg10__dw_stem_zheng_cai,0.0,0.0
2,2,diff__tg10__dw_stem_zheng_guan,0.0,0.0
2,2,diff__tg10__dw_stem_zheng_yin,0.0,0.0
2,2,diff__tg10__sw_branch_hidden_bijian,-0.019271128316350538,1.0
2,2,diff__tg10__sw_branch_hidden_jiecai,0.0,0.0
2,2,diff__tg10__sw_branch_hidden_pian_cai,0.0,0.0
2,2,diff__tg10__sw_branch_hidden_pian_yin,0.0,0.0
2,2,diff__tg10__sw_branch_hidden_qi_sha,0.0,0.0
2,2,diff__tg10__sw_branch_hidden_shangguan,0.0,0.0
2,2,diff__tg10__sw_branch_hidden_shishen,0.0,0.0
2,2,diff__tg10__sw_branch_hidden_zheng_cai,0.0,0.0
2,2,diff__tg10__sw_branch_hidden_zheng_guan,0.0,0.0
2,2,diff__tg10__sw_branch_hidden_zheng_yin,0.0,0.0
2,2,diff__tg10__sw_stem_bijian,0.0,0.0
2,2,diff__tg10__sw_stem_jiecai,0.0,0.0
2,2,diff__tg10__sw_stem_pian_cai,0.0,0.0
2,2,diff__tg10__sw_stem_pian_yin,0.0,0.0
2,2,diff__tg10__sw_stem_qi_sha,0.0,0.0
2,2,diff__tg10__sw_stem_shangguan,0.0,0.0
2,2,diff__tg10__sw_stem_shishen,0.0,0.0
2,2,diff__tg10__sw_stem_zheng_cai,0.0,0.0
2,2,diff__tg10__sw_stem_zheng_guan,0.0,0.0
2,2,diff__tg10__sw_stem_zheng_yin,0.0,0.0
2,2,diff__tgxstrength__dw_bijian_strong,0.0,0.0
2,2,diff__tgxstrength__dw_bijian_weak,0.0,0.0
2,2,diff__tgxstrength__dw_jiecai_strong,0.0,0.0
2,2,diff__tgxstrength__dw_jiecai_weak,0.0,0.0
2,2,diff__tgxstrength__dw_pian_cai_strong,0.0,0.0
2,2,diff__tgxstrength__dw_pian_cai_weak,0.0,0.0
2,2,diff__tgxstrength__dw_pian_yin_strong,0.0,0.0
2,2,diff__tgxstrength__dw_pian_yin_weak,0.0,0.0
2,2,diff__tgxstrength__dw_qi_sha_strong,0.0,0.0
2,2,diff__tgxstrength__dw_qi_sha_weak,0.0,0.0
2,2,diff__tgxstrength__dw_shangguan_strong,0.0,0.0
2,2,diff__tgxstrength__dw_shangguan_weak,0.0,0.0
2,2,diff__tgxstrength__dw_shishen_strong,0.010639950751686366,1.0
2,2,diff__tgxstrength__dw_shishen_weak,0.0,0.0
2,2,diff__tgxstrength__dw_zheng_cai_strong,-0.18311643821888826,1.0
2,2,diff__tgxstrength__dw_zheng_cai_weak,0.0,0.0
2,2,diff__tgxstrength__dw_zheng_guan_strong,0.0,0.0
2,2,diff__tgxstrength__dw_zheng_guan_weak,0.0,0.0
2,2,diff__tgxstrength__dw_zheng_yin_strong,0.0,0.0
2,2,diff__tgxstrength__dw_zheng_yin_weak,0.0,0.0
2,2,diff__tgxstrength__sw_bijian_strong,-0.16678326982910566,1.0
2,2,diff__tgxstrength__sw_bijian_weak,0.022339666827682972,1.0
2,2,diff__tgxstrength__sw_jiecai_strong,0.0,0.0
2,2,diff__tgxstrength__sw_jiecai_weak,0.316575564646001,1.0
2,2,diff__tgxstrength__sw_pian_cai_strong,0.0,0.0
2,2,diff__tgxstrength__sw_pian_cai_weak,-0.04550510920298424,1.0
2,2,diff__tgxstrength__sw_pian_yin_strong,0.0,0.0
2,2,diff__tgxstrength__sw_pian_yin_weak,0.0,0.0
2,2,diff__tgxstrength__sw_qi_sha_strong,0.0,0.0
2,2,diff__tgxstrength__sw_qi_sha_weak,-0.2681159355210449,1.0
2,2,diff__tgxstrength__sw_shangguan_strong,0.2850817090028475,1.0
2,2,diff__tgxstrength__sw_shangguan_weak,0.0,0.0
2,2,diff__tgxstrength__sw_shishen_strong,0.0,0.0
2,2,diff__tgxstrength__sw_shishen_weak,0.0,0.0
2,2,diff__tgxstrength__sw_zheng_cai_strong,-0.05281188285923946,1.0
2,2,diff__tgxstrength__sw_zheng_cai_weak,0.0,0.0
2,2,diff__tgxstrength__sw_zheng_guan_strong,0.0,0.0
2,2,diff__tgxstrength__sw_zheng_guan_weak,0.0,0.0
2,2,diff__tgxstrength__sw_zheng_yin_strong,0.0,0.0
2,2,diff__tgxstrength__sw_zheng_yin_weak,0.0,0.0
2,2,diff__unseong__dw_raw_score,0.0,0.0
2,2,diff__unseong__dw_score_x_strength,0.14484925134921686,1.0
2,2,diff__unseong__dw_state_건록,0.0,0.0
2,2,diff__unseong__dw_state_관대,0.0,0.0
2,2,diff__unseong__dw_state_목욕,0.0,0.0
2,2,diff__unseong__dw_state_묘,0.0,0.0
2,2,diff__unseong__dw_state_병,0.0,0.0
2,2,diff__unseong__dw_state_사,0.0,0.0
2,2,diff__unseong__dw_state_쇠,0.0,0.0
2,2,diff__unseong__dw_state_양,0.0,0.0
2,2,diff__unseong__dw_state_장생,0.0,0.0
2,2,diff__unseong__dw_state_절,0.0,0.0
2,2,diff__unseong__dw_state_제왕,0.0,0.0
2,2,diff__unseong__dw_state_태,0.0,0.0
2,2,diff__unseong__sw_raw_score,0.0,0.0
2,2,diff__unseong__sw_score_x_strength,0.0,0.0
2,2,diff__unseong__sw_state_건록,-0.0785652172567468,1.0
2,2,diff__unseong__sw_state_관대,0.0,0.0
2,2,diff__unseong__sw_state_목욕,0.0,0.0
2,2,diff__unseong__sw_state_묘,0.0,0.0
2,2,diff__unseong__sw_state_병,0.0,0.0
2,2,diff__unseong__sw_state_사,0.0,0.0
2,2,diff__unseong__sw_state_쇠,0.0,0.0
2,2,diff__unseong__sw_state_양,0.0,0.0
2,2,diff__unseong__sw_state_장생,0.0,0.0
2,2,diff__unseong__sw_state_절,0.0,0.0
2,2,diff__unseong__sw_state_제왕,0.0,0.0
2,2,diff__unseong__sw_state_태,0.0,0.0
2,2,diff__yongshin__dw_gi_fit,0.0,0.0
2,2,diff__yongshin__dw_gu_fit,0.0,0.0
2,2,diff__yongshin__dw_hee_fit,0.0,0.0
2,2,diff__yongshin__dw_supplies_fav,0.0,0.0
2,2,diff__yongshin__dw_supplies_unfav,0.0,0.0
2,2,diff__yongshin__dw_yong_branch_fit,-0.03345971291021041,1.0
2,2,diff__yongshin__dw_yong_fit,0.0,0.0
2,2,diff__yongshin__dw_yong_stem_fit,0.12595608189458557,1.0
2,2,diff__yongshin__sw_gi_fit,0.0,0.0
2,2,diff__yongshin__sw_gu_fit,0.0,0.0
2,2,diff__yongshin__sw_hee_fit,0.0,0.0
2,2,diff__yongshin__sw_supplies_fav,0.0,0.0
2,2,diff__yongshin__sw_supplies_unfav,0.0,0.0
2,2,diff__yongshin__sw_yong_branch_fit,0.0,0.0
2,2,diff__yongshin__sw_yong_fit,0.0,0.0
2,2,diff__yongshin__sw_yong_stem_fit,0.0,0.0
2,3,diff__basic__dw_branch_丑,-0.017118570274144092,1.0
2,3,diff__basic__dw_branch_亥,0.0,0.0
2,3,diff__basic__dw_branch_午,0.0,0.0
2,3,diff__basic__dw_branch_卯,0.0,0.0
2,3,diff__basic__dw_branch_子,0.0,0.0
2,3,diff__basic__dw_branch_寅,0.0,0.0
2,3,diff__basic__dw_branch_巳,0.0,0.0
2,3,diff__basic__dw_branch_戌,0.0,0.0
2,3,diff__basic__dw_branch_未,0.0,0.0
2,3,diff__basic__dw_branch_申,-0.17748267868900836,1.0
2,3,diff__basic__dw_branch_辰,0.0,0.0
2,3,diff__basic__dw_branch_酉,0.2937325597322558,1.0
2,3,diff__basic__dw_element_earth,0.0,0.0
2,3,diff__basic__dw_element_fire,0.0,0.0
2,3,diff__basic__dw_element_metal,0.0,0.0
2,3,diff__basic__dw_element_water,0.0,0.0
2,3,diff__basic__dw_element_wood,0.07890001719034541,1.0
2,3,diff__basic__dw_yy_yang,0.0,0.0
2,3,diff__basic__dw_yy_yin,0.0,0.0
2,3,diff__basic__sw_branch_丑,0.0,0.0
2,3,diff__basic__sw_branch_亥,0.0,0.0
2,3,diff__basic__sw_branch_午,0.0,0.0
2,3,diff__basic__sw_branch_卯,0.0,0.0
2,3,diff__basic__sw_branch_子,0.15611391902342084,1.0
2,3,diff__basic__sw_branch_寅,-0.14443828196696418,1.0
2,3,diff__basic__sw_branch_巳,0.5777771953816572,1.0
2,3,diff__basic__sw_branch_戌,0.0,0.0
2,3,diff__basic__sw_branch_未,-0.10135508152361057,1.0
2,3,diff__basic__sw_branch_申,0.0,0.0
2,3,diff__basic__sw_branch_辰,0.35441414720699016,1.0
2,3,diff__basic__sw_branch_酉,-0.4487366681955118,1.0
2,3,diff__basic__sw_element_earth,0.14216955726986688,1.0
2,3,diff__basic__sw_element_fire,0.0,0.0
2,3,diff__basic__sw_element_metal,-0.13016708594077153,1.0
2,3,diff__basic__sw_element_water,0.0,0.0
2,3,diff__basic__sw_element_wood,-0.3189279355209691,1.0
2,3,diff__basic__sw_yy_yang,0.07914931906194599,1.0
2,3,diff__basic__sw_yy_yin,-0.07914931906194599,1.0
2,3,diff__relation__dw_branch_break_natal,-0.14186537378353822,1.0
2,3,diff__relation__dw_branch_clash_natal,0.0,0.0
2,3,diff__relation__dw_branch_combine_natal,0.0,0.0
2,3,diff__relation__dw_branch_harm_natal,-0.21758776480450748,1.0
2,3,diff__relation__dw_branch_punish_natal,0.0,0.0
2,3,diff__relation__dw_stem_clash_natal,0.06789503142933309,1.0
2,3,diff__relation__dw_stem_combine_natal,0.0,0.0
2,3,diff__relation__sw_branch_break_natal,-0.25016521905044714,1.0
2,3,diff__relation__sw_branch_clash_natal,0.0,0.0
2,3,diff__relation__sw_branch_combine_natal,0.07512631358708816,1.0
2,3,diff__relation__sw_branch_harm_natal,0.29475225763602475,1.0
2,3,diff__relation__sw_branch_punish_natal,-0.0539107701160952,1.0
2,3,diff__relation__sw_dw_branch_break,0.0,0.0
2,3,diff__relation__sw_dw_branch_clash,0.5477967271531715,1.0
2,3,diff__relation__sw_dw_branch_combine,-0.08891931742763576,1.0
2,3,diff__relation__sw_dw_branch_harm,0.08067377269977764,1.0
2,3,diff__relation__sw_dw_branch_punish,-0.15406783265494992,1.0
2,3,diff__relation__sw_dw_stem_clash,-0.3368714979222876,1.0
2,3,diff__relation__sw_dw_stem_combine,0.17623827326980293,1.0
2,3,diff__relation__sw_stem_clash_natal,0.0,0.0
2,3,diff__relation__sw_stem_combine_natal,-0.09550103657515634,1.0
2,3,diff__tg10__dw_branch_hidden_bijian,0.0,0.0
2,3,diff__tg10__dw_branch_hidden_jiecai,0.0,0.0
2,3,diff__tg10__dw_branch_hidden_pian_cai,0.0,0.0
2,3,diff__tg10__dw_branch_hidden_pian_yin,0.0,0.0
2,3,diff__tg10__dw_branch_hidden_qi_sha,0.0,0.0
2,3,diff__tg10__dw_branch_hidden_shangguan,0.0,0.0
2,3,diff__tg10__dw_branch_hidden_shishen,0.0,0.0
2,3,diff__tg10__dw_branch_hidden_zheng_cai,0.0,0.0
2,3,diff__tg10__dw_branch_hidden_zheng_guan,0.0,0.0
2,3,diff__tg10__dw_branch_hidden_zheng_yin,0.0,0.0
2,3,diff__tg10__dw_stem_bijian,0.35430208679833547,1.0
2,3,diff__tg10__dw_stem_jiecai,-0.12145819656728983,1.0
2,3,diff__tg10__dw_stem_pian_cai,1.1030932641014204,1.0
2,3,diff__tg10__dw_stem_pian_yin,0.0,0.0
2,3,diff__tg10__dw_stem_qi_sha,0.0,0.0
2,3,diff__tg10__dw_stem_shangguan,0.0,0.0
2,3,diff__tg10__dw_stem_shishen,0.0,0.0
2,3,diff__tg10__dw_stem_zheng_cai,0.0,0.0
2,3,diff__tg10__dw_stem_zheng_guan,0.0,0.0
2,3,diff__tg10__dw_stem_zheng_yin,0.0,0.0
2,3,diff__tg10__sw_branch_hidden_bijian,0.0,0.0
2,3,diff__tg10__sw_branch_hidden_jiecai,0.0,0.0
2,3,diff__tg10__sw_branch_hidden_pian_cai,0.0,0.0
2,3,diff__tg10__sw_branch_hidden_pian_yin,-0.05681491357329356,1.0
2,3,diff__tg10__sw_branch_hidden_qi_sha,0.013398652217859238,1.0
2,3,diff__tg10__sw_branch_hidden_shangguan,0.0,0.0
2,3,diff__tg10__sw_branch_hidden_shishen,0.0,0.0
2,3,diff__tg10__sw_branch_hidden_zheng_cai,0.11529955238525967,1.0
2,3,diff__tg10__sw_branch_hidden_zheng_guan,0.0,0.0
2,3,diff__tg10__sw_branch_hidden_zheng_yin,0.0,0.0
2,3,diff__tg10__sw_stem_bijian,0.0,0.0
2,3,diff__tg10__sw_stem_jiecai,0.07157096987845524,1.0
2,3,diff__tg10__sw_stem_pian_cai,0.0,0.0
2,3,diff__tg10__sw_stem_pian_yin,0.0,0.0
2,3,diff__tg10__sw_stem_qi_sha,0.0,0.0
2,3,diff__tg10__sw_stem_shangguan,0.0,0.0
2,3,diff__tg10__sw_stem_shishen,0.0,0.0
2,3,diff__tg10__sw_stem_zheng_cai,0.0,0.0
2,3,diff__tg10__sw_stem_zheng_guan,0.0,0.0
2,3,diff__tg10__sw_stem_zheng_yin,-0.24089590343022585,1.0
2,3,diff__tgxstrength__dw_bijian_strong,0.0,0.0
2,3,diff__tgxstrength__dw_bijian_weak,0.0,0.0
2,3,diff__tgxstrength__dw_jiecai_strong,-0.07393969417180757,1.0
2,3,diff__tgxstrength__dw_jiecai_weak,0.0,0.0
2,3,diff__tgxstrength__dw_pian_cai_strong,0.09541762712277628,1.0
2,3,diff__tgxstrength__dw_pian_cai_weak,0.0,0.0
2,3,diff__tgxstrength__dw_pian_yin_strong,0.0,0.0
2,3,diff__tgxstrength__dw_pian_yin_weak,0.0,0.0
2,3,diff__tgxstrength__dw_qi_sha_strong,0.0,0.0
2,3,diff__tgxstrength__dw_qi_sha_weak,0.0,0.0
2,3,diff__tgxstrength__dw_shangguan_strong,0.0,0.0
2,3,diff__tgxstrength__dw_shangguan_weak,0.0,0.0
2,3,diff__tgxstrength__dw_shishen_strong,0.2567084928833468,1.0
2,3,diff__tgxstrength__dw_shishen_weak,0.0,0.0
2,3,diff__tgxstrength__dw_zheng_cai_strong,-0.1234829985421711,1.0
2,3,diff__tgxstrength__dw_zheng_cai_weak,0.0,0.0
2,3,diff__tgxstrength__dw_zheng_guan_strong,0.0,0.0
2,3,diff__tgxstrength__dw_zheng_guan_weak,0.0,0.0
2,3,diff__tgxstrength__dw_zheng_yin_strong,0.0,0.0
2,3,diff__tgxstrength__dw_zheng_yin_weak,0.0,0.0
2,3,diff__tgxstrength__sw_bijian_strong,-0.2101473481843683,1.0
2,3,diff__tgxstrength__sw_bijian_weak,0.2432691410489748,1.0
2,3,diff__tgxstrength__sw_jiecai_strong,0.0,0.0
2,3,diff__tgxstrength__sw_jiecai_weak,0.5570306090304112,1.0
2,3,diff__tgxstrength__sw_pian_cai_strong,0.0,0.0
2,3,diff__tgxstrength__sw_pian_cai_weak,0.0,0.0
2,3,diff__tgxstrength__sw_pian_yin_strong,-0.11883740224484284,1.0
2,3,diff__tgxstrength__sw_pian_yin_weak,0.0,0.0
2,3,diff__tgxstrength__sw_qi_sha_strong,0.207327798507,1.0
2,3,diff__tgxstrength__sw_qi_sha_weak,-0.17368752509459334,1.0
2,3,diff__tgxstrength__sw_shangguan_strong,0.04287745766070745,1.0
2,3,diff__tgxstrength__sw_shangguan_weak,0.0,0.0
2,3,diff__tgxstrength__sw_shishen_strong,0.22896187121490305,1.0
2,3,diff__tgxstrength__sw_shishen_weak,0.0,0.0
2,3,diff__tgxstrength__sw_zheng_cai_strong,0.0,0.0
2,3,diff__tgxstrength__sw_zheng_cai_weak,0.0,0.0
2,3,diff__tgxstrength__sw_zheng_guan_strong,-0.2009023649356339,1.0
2,3,diff__tgxstrength__sw_zheng_guan_weak,0.32184770963358084,1.0
2,3,diff__tgxstrength__sw_zheng_yin_strong,0.0,0.0
2,3,diff__tgxstrength__sw_zheng_yin_weak,-0.002384187313955583,1.0
2,3,diff__unseong__dw_raw_score,0.0,0.0
2,3,diff__unseong__dw_score_x_strength,0.0,0.0
2,3,diff__unseong__dw_state_건록,0.0,0.0
2,3,diff__unseong__dw_state_관대,0.0,0.0
2,3,diff__unseong__dw_state_목욕,0.0,0.0
2,3,diff__unseong__dw_state_묘,-0.07873428988260904,1.0
2,3,diff__unseong__dw_state_병,0.0,0.0
2,3,diff__unseong__dw_state_사,0.11100726113853406,1.0
2,3,diff__unseong__dw_state_쇠,0.0,0.0
2,3,diff__unseong__dw_state_양,-0.06605379730197943,1.0
2,3,diff__unseong__dw_state_장생,0.0,0.0
2,3,diff__unseong__dw_state_절,0.0,0.0
2,3,diff__unseong__dw_state_제왕,0.0,0.0
2,3,diff__unseong__dw_state_태,0.0,0.0
2,3,diff__unseong__sw_raw_score,-0.40788148737418,1.0
2,3,diff__unseong__sw_score_x_strength,0.18438825529090988,1.0
2,3,diff__unseong__sw_state_건록,-0.10800981036710447,1.0
2,3,diff__unseong__sw_state_관대,0.0,0.0
2,3,diff__unseong__sw_state_목욕,-0.05432687985480611,1.0
2,3,diff__unseong__sw_state_묘,0.0,0.0
2,3,diff__unseong__sw_state_병,0.1552374776991204,1.0
2,3,diff__unseong__sw_state_사,0.05111007494844442,1.0
2,3,diff__unseong__sw_state_쇠,0.0,0.0
2,3,diff__unseong__sw_state_양,0.2930214124441451,1.0
2,3,diff__unseong__sw_state_장생,-0.034337554645187174,1.0
2,3,diff__unseong__sw_state_절,0.0,0.0
2,3,diff__unseong__sw_state_제왕,0.0,0.0
2,3,diff__unseong__sw_state_태,0.0,0.0
2,3,diff__yongshin__dw_gi_fit,0.0,0.0
2,3,diff__yongshin__dw_gu_fit,0.0,0.0
2,3,diff__yongshin__dw_hee_fit,0.0,0.0
2,3,diff__yongshin__dw_supplies_fav,0.0,0.0
2,3,diff__yongshin__dw_supplies_unfav,0.0,0.0
2,3,diff__yongshin__dw_yong_branch_fit,-0.08635620671383917,1.0
2,3,diff__yongshin__dw_yong_fit,0.0,0.0
2,3,diff__yongshin__dw_yong_stem_fit,0.0,0.0
2,3,diff__yongshin__sw_gi_fit,0.0,0.0
2,3,diff__yongshin__sw_gu_fit,0.0,0.0
2,3,diff__yongshin__sw_hee_fit,0.0,0.0
2,3,diff__yongshin__sw_supplies_fav,0.10395786650793565,1.0
2,3,diff__yongshin__sw_supplies_unfav,0.3680125520850213,1.0
2,3,diff__yongshin__sw_yong_branch_fit,0.11103931921464454,1.0
2,3,diff__yongshin__sw_yong_fit,0.0,0.0
2,3,diff__yongshin__sw_yong_stem_fit,0.0,0.0
2,4,diff__basic__dw_branch_丑,0.0,0.0
2,4,diff__basic__dw_branch_亥,0.0,0.0
2,4,diff__basic__dw_branch_午,-0.02599190722500439,1.0
2,4,diff__basic__dw_branch_卯,0.38059994537120806,1.0
2,4,diff__basic__dw_branch_子,0.0,0.0
2,4,diff__basic__dw_branch_寅,0.0,0.0
2,4,diff__basic__dw_branch_巳,0.0,0.0
2,4,diff__basic__dw_branch_戌,0.0,0.0
2,4,diff__basic__dw_branch_未,0.0,0.0
2,4,diff__basic__dw_branch_申,0.0,0.0
2,4,diff__basic__dw_branch_辰,-0.002727841397252882,1.0
2,4,diff__basic__dw_branch_酉,0.0,0.0
2,4,diff__basic__dw_element_earth,0.0,0.0
2,4,diff__basic__dw_element_fire,-0.06831514835543265,1.0
2,4,diff__basic__dw_element_metal,0.0,0.0
2,4,diff__basic__dw_element_water,0.0,0.0
2,4,diff__basic__dw_element_wood,0.0,0.0
2,4,diff__basic__dw_yy_yang,-0.001496280163911136,1.0
2,4,diff__basic__dw_yy_yin,0.001496280163911136,1.0
2,4,diff__basic__sw_branch_丑,-0.040167976282135844,1.0
2,4,diff__basic__sw_branch_亥,0.0,0.0
2,4,diff__basic__sw_branch_午,-0.20494040209794834,1.0
2,4,diff__basic__sw_branch_卯,-0.2935378999094302,1.0
2,4,diff__basic__sw_branch_子,0.37387594744379754,1.0
2,4,diff__basic__sw_branch_寅,0.13239655731226535,1.0
2,4,diff__basic__sw_branch_巳,0.3637928546192895,1.0
2,4,diff__basic__sw_branch_戌,0.0,0.0
2,4,diff__basic__sw_branch_未,0.0,0.0
2,4,diff__basic__sw_branch_申,-0.073696404511552,1.0
2,4,diff__basic__sw_branch_辰,0.12694929129060226,1.0
2,4,diff__basic__sw_branch_酉,-0.5494743165722658,1.0
2,4,diff__basic__sw_element_earth,0.0,0.0
2,4,diff__basic__sw_element_fire,0.3170631489126296,1.0
2,4,diff__basic__sw_element_metal,-0.29381005945840893,1.0
2,4,diff__basic__sw_element_water,0.0,0.0
2,4,diff__basic__sw_element_wood,0.0,0.0
2,4,diff__basic__sw_yy_yang,0.10216401523384053,1.0
2,4,diff__basic__sw_yy_yin,-0.10216401523384053,1.0
2,4,diff__relation__dw_branch_break_natal,0.0,0.0
2,4,diff__relation__dw_branch_clash_natal,0.0,0.0
2,4,diff__relation__dw_branch_combine_natal,0.0,0.0
2,4,diff__relation__dw_branch_harm_natal,0.0,0.0
2,4,diff__relation__dw_branch_punish_natal,0.0,0.0
2,4,diff__relation__dw_stem_clash_natal,0.180944649914202,1.0
2,4,diff__relation__dw_stem_combine_natal,0.0,0.0
2,4,diff__relation__sw_branch_break_natal,-0.3204717223070177,1.0
2,4,diff__relation__sw_branch_clash_natal,0.0,0.0
2,4,diff__relation__sw_branch_combine_natal,0.0005666896696367528,1.0
2,4,diff__relation__sw_branch_harm_natal,0.42326540913413446,1.0
2,4,diff__relation__sw_branch_punish_natal,0.0,0.0
2,4,diff__relation__sw_dw_branch_break,0.0492636704397942,1.0
2,4,diff__relation__sw_dw_branch_clash,0.8168788134639997,1.0
2,4,diff__relation__sw_dw_branch_combine,0.0,0.0
2,4,diff__relation__sw_dw_branch_harm,0.20879217700402739,1.0
2,4,diff__relation__sw_dw_branch_punish,-0.17879298492899312,1.0
2,4,diff__relation__sw_dw_stem_clash,-0.11164346290393096,1.0
2,4,diff__relation__sw_dw_stem_combine,0.14931138684389614,1.0
2,4,diff__relation__sw_stem_clash_natal,0.35637064527689216,1.0
2,4,diff__relation__sw_stem_combine_natal,-0.21408607292008625,1.0
2,4,diff__tg10__dw_branch_hidden_bijian,0.0,0.0
2,4,diff__tg10__dw_branch_hidden_jiecai,0.0,0.0
2,4,diff__tg10__dw_branch_hidden_pian_cai,0.07804665549895884,1.0
2,4,diff__tg10__dw_branch_hidden_pian_yin,0.0,0.0
2,4,diff__tg10__dw_branch_hidden_qi_sha,0.0,0.0
2,4,diff__tg10__dw_branch_hidden_shangguan,0.0356035113038729,1.0
2,4,diff__tg10__dw_branch_hidden_shishen,-0.015086954096723074,1.0
2,4,diff__tg10__dw_branch_hidden_zheng_cai,0.0,0.0
2,4,diff__tg10__dw_branch_hidden_zheng_guan,-0.15433296581934255,1.0
2,4,diff__tg10__dw_branch_hidden_zheng_yin,0.11882711176331208,1.0
2,4,diff__tg10__dw_stem_bijian,0.22852735273677405,1.0
2,4,diff__tg10__dw_stem_jiecai,-0.06813951568373952,1.0
2,4,diff__tg10__dw_stem_pian_cai,0.2649070685152322,1.0
2,4,diff__tg10__dw_stem_pian_yin,0.0,0.0
2,4,diff__tg10__dw_stem_qi_sha,0.0,0.0
2,4,diff__tg10__dw_stem_shangguan,0.0,0.0
2,4,diff__tg10__dw_stem_shishen,0.0,0.0
2,4,diff__tg10__dw_stem_zheng_cai,-0.0421259638524151,1.0
2,4,diff__tg10__dw_stem_zheng_guan,0.0,0.0
2,4,diff__tg10__dw_stem_zheng_yin,-0.23762277193688544,1.0
2,4,diff__tg10__sw_branch_hidden_bijian,-0.2519916754577832,1.0
2,4,diff__tg10__sw_branch_hidden_jiecai,0.0,0.0
2,4,diff__tg10__sw_branch_hidden_pian_cai,0.0,0.0
2,4,diff__tg10__sw_branch_hidden_pian_yin,-0.14190606776851025,1.0
2,4,diff__tg10__sw_branch_hidden_qi_sha,0.10196238355037772,1.0
2,4,diff__tg10__sw_branch_hidden_shangguan,-0.009720640971079456,1.0
2,4,diff__tg10__sw_branch_hidden_shishen,0.08158898890891929,1.0
2,4,diff__tg10__sw_branch_hidden_zheng_cai,0.0,0.0
2,4,diff__tg10__sw_branch_hidden_zheng_guan,0.13356073012616096,1.0
2,4,diff__tg10__sw_branch_hidden_zheng_yin,0.0,0.0
2,4,diff__tg10__sw_stem_bijian,0.18369618724651005,1.0
2,4,diff__tg10__sw_stem_jiecai,0.04788989276544501,1.0
2,4,diff__tg10__sw_stem_pian_cai,-0.16847463247129713,1.0
2,4,diff__tg10__sw_stem_pian_yin,0.0,0.0
2,4,diff__tg10__sw_stem_qi_sha,0.0,0.0
2,4,diff__tg10__sw_stem_shangguan,0.26174576444567166,1.0
2,4,diff__tg10__sw_stem_shishen,0.07838160387468619,1.0
2,4,diff__tg10__sw_stem_zheng_cai,-0.18211420955143795,1.0
2,4,diff__tg10__sw_stem_zheng_guan,0.0,0.0
2,4,diff__tg10__sw_stem_zheng_yin,-0.42459686386330864,1.0
2,4,diff__tgxstrength__dw_bijian_strong,0.0,0.0
2,4,diff__tgxstrength__dw_bijian_weak,0.0,0.0
2,4,diff__tgxstrength__dw_jiecai_strong,-0.17146907387548252,1.0
2,4,diff__tgxstrength__dw_jiecai_weak,0.07836412725600736,1.0
2,4,diff__tgxstrength__dw_pian_cai_strong,0.4602434334067952,1.0
2,4,diff__tgxstrength__dw_pian_cai_weak,0.0,0.0
2,4,diff__tgxstrength__dw_pian_yin_strong,0.0,0.0
2,4,diff__tgxstrength__dw_pian_yin_weak,0.0,0.0
2,4,diff__tgxstrength__dw_qi_sha_strong,0.12368503235972877,1.0
2,4,diff__tgxstrength__dw_qi_sha_weak,-0.18735710253758786,1.0
2,4,diff__tgxstrength__dw_shangguan_strong,0.0,0.0
2,4,diff__tgxstrength__dw_shangguan_weak,0.0,0.0
2,4,diff__tgxstrength__dw_shishen_strong,0.0,0.0
2,4,diff__tgxstrength__dw_shishen_weak,-0.17775274480107886,1.0
2,4,diff__tgxstrength__dw_zheng_cai_strong,-0.15119507811275817,1.0
2,4,diff__tgxstrength__dw_zheng_cai_weak,0.0,0.0
2,4,diff__tgxstrength__dw_zheng_guan_strong,-0.408713379460259,1.0
2,4,diff__tgxstrength__dw_zheng_guan_weak,0.1357711689582303,1.0
2,4,diff__tgxstrength__dw_zheng_yin_strong,0.0,0.0
2,4,diff__tgxstrength__dw_zheng_yin_weak,0.0,0.0
2,4,diff__tgxstrength__sw_bijian_strong,-0.08789632815144972,1.0
2,4,diff__tgxstrength__sw_bijian_weak,0.4472297782108458,1.0
2,4,diff__tgxstrength__sw_jiecai_strong,-0.29179607934145624,1.0
2,4,diff__tgxstrength__sw_jiecai_weak,0.6296680276739212,1.0
2,4,diff__tgxstrength__sw_pian_cai_strong,0.1067845392476897,1.0
2,4,diff__tgxstrength__sw_pian_cai_weak,-0.5078871033199975,1.0
2,4,diff__tgxstrength__sw_pian_yin_strong,-0.193924474581844,1.0
2,4,diff__tgxstrength__sw_pian_yin_weak,0.27899410009326575,1.0
2,4,diff__tgxstrength__sw_qi_sha_strong,0.31743040308508264,1.0
2,4,diff__tgxstrength__sw_qi_sha_weak,-0.23070646568186753,1.0
2,4,diff__tgxstrength__sw_shangguan_strong,0.5221539021821925,1.0
2,4,diff__tgxstrength__sw_shangguan_weak,-0.22671810274707396,1.0
2,4,diff__tgxstrength__sw_shishen_strong,0.37421709443817197,1.0
2,4,diff__tgxstrength__sw_shishen_weak,0.0,0.0
2,4,diff__tgxstrength__sw_zheng_cai_strong,0.0,0.0
2,4,diff__tgxstrength__sw_zheng_cai_weak,-0.009985369666776954,1.0
2,4,diff__tgxstrength__sw_zheng_guan_strong,-0.08751670720839379,1.0
2,4,diff__tgxstrength__sw_zheng_guan_weak,0.2953575151831377,1.0
2,4,diff__tgxstrength__sw_zheng_yin_strong,-0.17527749851800156,1.0
2,4,diff__tgxstrength__sw_zheng_yin_weak,-0.12694469486406929,1.0
2,4,diff__unseong__dw_raw_score,-0.002541699081276123,1.0
2,4,diff__unseong__dw_score_x_strength,0.5077246905236011,1.0
2,4,diff__unseong__dw_state_건록,0.0,0.0
2,4,diff__unseong__dw_state_관대,-0.017406114693351446,1.0
2,4,diff__unseong__dw_state_목욕,0.0007973170438424803,1.0
2,4,diff__unseong__dw_state_묘,0.0,0.0
2,4,diff__unseong__dw_state_병,-0.058647107097912904,1.0
2,4,diff__unseong__dw_state_사,0.0,0.0
2,4,diff__unseong__dw_state_쇠,0.13385938037495382,1.0
2,4,diff__unseong__dw_state_양,0.0,0.0
2,4,diff__unseong__dw_state_장생,0.0,0.0
2,4,diff__unseong__dw_state_절,0.0992631805324741,1.0
2,4,diff__unseong__dw_state_제왕,-0.06921090884382708,1.0
2,4,diff__unseong__dw_state_태,0.0,0.0
2,4,diff__unseong__sw_raw_score,-0.5791098277609861,1.0
2,4,diff__unseong__sw_score_x_strength,0.0,0.0
2,4,diff__unseong__sw_state_건록,-0.4855223708040625,1.0
2,4,diff__unseong__sw_state_관대,0.0,0.0
2,4,diff__unseong__sw_state_목욕,0.0,0.0
2,4,diff__unseong__sw_state_묘,-0.22217776309167364,1.0
2,4,diff__unseong__sw_state_병,0.5785107799540341,1.0
2,4,diff__unseong__sw_state_사,0.09281674531252657,1.0
2,4,diff__unseong__sw_state_쇠,0.02460617396578473,1.0
2,4,diff__unseong__sw_state_양,0.21399510016168585,1.0
2,4,diff__unseong__sw_state_장생,-0.3132572711019068,1.0
2,4,diff__unseong__sw_state_절,0.0023985043254516553,1.0
2,4,diff__unseong__sw_state_제왕,0.0,0.0
2,4,diff__unseong__sw_state_태,-0.2251020784855089,1.0
2,4,diff__yongshin__dw_gi_fit,0.0,0.0
2,4,diff__yongshin__dw_gu_fit,0.0,0.0
2,4,diff__yongshin__dw_hee_fit,0.0,0.0
2,4,diff__yongshin__dw_supplies_fav,-0.05105791027228684,1.0
2,4,diff__yongshin__dw_supplies_unfav,0.0,0.0
2,4,diff__yongshin__dw_yong_branch_fit,0.0,0.0
2,4,diff__yongshin__dw_yong_fit,0.0,0.0
2,4,diff__yongshin__dw_yong_stem_fit,0.0,0.0
2,4,diff__yongshin__sw_gi_fit,0.29071091269335375,1.0
2,4,diff__yongshin__sw_gu_fit,-0.0402775357195972,1.0
2,4,diff__yongshin__sw_hee_fit,-0.19567272841962643,1.0
2,4,diff__yongshin__sw_supplies_fav,0.6371065571840635,1.0
2,4,diff__yongshin__sw_supplies_unfav,0.6124606703539577,1.0
2,4,diff__yongshin__sw_yong_branch_fit,0.07680818918956082,1.0
2,4,diff__yongshin__sw_yong_fit,0.0,0.0
2,4,diff__yongshin__sw_yong_stem_fit,0.0,0.0
3,0,diff__basic__dw_branch_丑,0.0,0.0
3,0,diff__basic__dw_branch_亥,0.0,0.0
3,0,diff__basic__dw_branch_午,0.0,0.0
3,0,diff__basic__dw_branch_卯,0.0,0.0
3,0,diff__basic__dw_branch_子,0.0,0.0
3,0,diff__basic__dw_branch_寅,0.0,0.0
3,0,diff__basic__dw_branch_巳,0.0,0.0
3,0,diff__basic__dw_branch_戌,0.0,0.0
3,0,diff__basic__dw_branch_未,0.0,0.0
3,0,diff__basic__dw_branch_申,0.0,0.0
3,0,diff__basic__dw_branch_辰,-0.0037312619720940824,1.0
3,0,diff__basic__dw_branch_酉,0.0,0.0
3,0,diff__basic__dw_element_earth,0.0,0.0
3,0,diff__basic__dw_element_fire,0.0,0.0
3,0,diff__basic__dw_element_metal,0.0,0.0
3,0,diff__basic__dw_element_water,0.0,0.0
3,0,diff__basic__dw_element_wood,0.0,0.0
3,0,diff__basic__dw_yy_yang,0.0,0.0
3,0,diff__basic__dw_yy_yin,0.0,0.0
3,0,diff__basic__sw_branch_丑,0.0,0.0
3,0,diff__basic__sw_branch_亥,0.0,0.0
3,0,diff__basic__sw_branch_午,0.0,0.0
3,0,diff__basic__sw_branch_卯,0.0,0.0
3,0,diff__basic__sw_branch_子,0.0,0.0
3,0,diff__basic__sw_branch_寅,0.0,0.0
3,0,diff__basic__sw_branch_巳,0.013096433307459888,1.0
3,0,diff__basic__sw_branch_戌,0.0,0.0
3,0,diff__basic__sw_branch_未,0.0,0.0
3,0,diff__basic__sw_branch_申,0.0,0.0
3,0,diff__basic__sw_branch_辰,0.0,0.0
3,0,diff__basic__sw_branch_酉,-0.04754665002113623,1.0
3,0,diff__basic__sw_element_earth,0.0,0.0
3,0,diff__basic__sw_element_fire,0.0,0.0
3,0,diff__basic__sw_element_metal,0.0,0.0
3,0,diff__basic__sw_element_water,0.0,0.0
3,0,diff__basic__sw_element_wood,0.0,0.0
3,0,diff__basic__sw_yy_yang,0.0,0.0
3,0,diff__basic__sw_yy_yin,0.0,0.0
3,0,diff__relation__dw_branch_break_natal,0.0,0.0
3,0,diff__relation__dw_branch_clash_natal,0.0,0.0
3,0,diff__relation__dw_branch_combine_natal,0.0,0.0
3,0,diff__relation__dw_branch_harm_natal,0.0,0.0
3,0,diff__relation__dw_branch_punish_natal,0.0,0.0
3,0,diff__relation__dw_stem_clash_natal,0.0,0.0
3,0,diff__relation__dw_stem_combine_natal,0.0,0.0
3,0,diff__relation__sw_branch_break_natal,0.0,0.0
3,0,diff__relation__sw_branch_clash_natal,0.0,0.0
3,0,diff__relation__sw_branch_combine_natal,0.0,0.0
3,0,diff__relation__sw_branch_harm_natal,0.0,0.0
3,0,diff__relation__sw_branch_punish_natal,0.0,0.0
3,0,diff__relation__sw_dw_branch_break,0.0,0.0
3,0,diff__relation__sw_dw_branch_clash,0.0,0.0
3,0,diff__relation__sw_dw_branch_combine,0.0,0.0
3,0,diff__relation__sw_dw_branch_harm,0.0,0.0
3,0,diff__relation__sw_dw_branch_punish,0.0,0.0
3,0,diff__relation__sw_dw_stem_clash,0.0,0.0
3,0,diff__relation__sw_dw_stem_combine,0.0,0.0
3,0,diff__relation__sw_stem_clash_natal,0.0,0.0
3,0,diff__relation__sw_stem_combine_natal,0.0,0.0
3,0,diff__tg10__dw_branch_hidden_bijian,0.0,0.0
3,0,diff__tg10__dw_branch_hidden_jiecai,0.0,0.0
3,0,diff__tg10__dw_branch_hidden_pian_cai,0.0,0.0
3,0,diff__tg10__dw_branch_hidden_pian_yin,0.0,0.0
3,0,diff__tg10__dw_branch_hidden_qi_sha,0.0,0.0
3,0,diff__tg10__dw_branch_hidden_shangguan,0.0,0.0
3,0,diff__tg10__dw_branch_hidden_shishen,0.0,0.0
3,0,diff__tg10__dw_branch_hidden_zheng_cai,0.0,0.0
3,0,diff__tg10__dw_branch_hidden_zheng_guan,0.0,0.0
3,0,diff__tg10__dw_branch_hidden_zheng_yin,0.0,0.0
3,0,diff__tg10__dw_stem_bijian,0.04232644405448609,1.0
3,0,diff__tg10__dw_stem_jiecai,0.0,0.0
3,0,diff__tg10__dw_stem_pian_cai,0.027001119614346307,1.0
3,0,diff__tg10__dw_stem_pian_yin,0.0,0.0
3,0,diff__tg10__dw_stem_qi_sha,0.0,0.0
3,0,diff__tg10__dw_stem_shangguan,0.0,0.0
3,0,diff__tg10__dw_stem_shishen,0.0,0.0
3,0,diff__tg10__dw_stem_zheng_cai,0.0,0.0
3,0,diff__tg10__dw_stem_zheng_guan,0.0,0.0
3,0,diff__tg10__dw_stem_zheng_yin,0.0,0.0
3,0,diff__tg10__sw_branch_hidden_bijian,-0.03657384043096211,1.0
3,0,diff__tg10__sw_branch_hidden_jiecai,0.0,0.0
3,0,diff__tg10__sw_branch_hidden_pian_cai,0.0,0.0
3,0,diff__tg10__sw_branch_hidden_pian_yin,0.0,0.0
3,0,diff__tg10__sw_branch_hidden_qi_sha,0.0,0.0
3,0,diff__tg10__sw_branch_hidden_shangguan,0.0,0.0
3,0,diff__tg10__sw_branch_hidden_shishen,0.0,0.0
3,0,diff__tg10__sw_branch_hidden_zheng_cai,0.0,0.0
3,0,diff__tg10__sw_branch_hidden_zheng_guan,0.0,0.0
3,0,diff__tg10__sw_branch_hidden_zheng_yin,0.0,0.0
3,0,diff__tg10__sw_stem_bijian,0.0,0.0
3,0,diff__tg10__sw_stem_jiecai,0.0,0.0
3,0,diff__tg10__sw_stem_pian_cai,0.0,0.0
3,0,diff__tg10__sw_stem_pian_yin,0.0,0.0
3,0,diff__tg10__sw_stem_qi_sha,0.0,0.0
3,0,diff__tg10__sw_stem_shangguan,0.0,0.0
3,0,diff__tg10__sw_stem_shishen,0.0,0.0
3,0,diff__tg10__sw_stem_zheng_cai,0.0,0.0
3,0,diff__tg10__sw_stem_zheng_guan,0.0,0.0
3,0,diff__tg10__sw_stem_zheng_yin,0.0,0.0
3,0,diff__tgxstrength__dw_bijian_strong,0.002653671577710827,1.0
3,0,diff__tgxstrength__dw_bijian_weak,0.0,0.0
3,0,diff__tgxstrength__dw_jiecai_strong,0.0,0.0
3,0,diff__tgxstrength__dw_jiecai_weak,0.0,0.0
3,0,diff__tgxstrength__dw_pian_cai_strong,0.0,0.0
3,0,diff__tgxstrength__dw_pian_cai_weak,0.0,0.0
3,0,diff__tgxstrength__dw_pian_yin_strong,0.0,0.0
3,0,diff__tgxstrength__dw_pian_yin_weak,0.0,0.0
3,0,diff__tgxstrength__dw_qi_sha_strong,0.0,0.0
3,0,diff__tgxstrength__dw_qi_sha_weak,0.0,0.0
3,0,diff__tgxstrength__dw_shangguan_strong,0.0,0.0
3,0,diff__tgxstrength__dw_shangguan_weak,0.0,0.0
3,0,diff__tgxstrength__dw_shishen_strong,0.0,0.0
3,0,diff__tgxstrength__dw_shishen_weak,0.0,0.0
3,0,diff__tgxstrength__dw_zheng_cai_strong,-0.026565953186316445,1.0
3,0,diff__tgxstrength__dw_zheng_cai_weak,0.0,0.0
3,0,diff__tgxstrength__dw_zheng_guan_strong,-0.00936216306742762,1.0
3,0,diff__tgxstrength__dw_zheng_guan_weak,0.0,0.0
3,0,diff__tgxstrength__dw_zheng_yin_strong,0.0,0.0
3,0,diff__tgxstrength__dw_zheng_yin_weak,0.0,0.0
3,0,diff__tgxstrength__sw_bijian_strong,0.0,0.0
3,0,diff__tgxstrength__sw_bijian_weak,0.0,0.0
3,0,diff__tgxstrength__sw_jiecai_strong,0.0,0.0
3,0,diff__tgxstrength__sw_jiecai_weak,0.0,0.0
3,0,diff__tgxstrength__sw_pian_cai_strong,0.0,0.0
3,0,diff__tgxstrength__sw_pian_cai_weak,0.0,0.0
3,0,diff__tgxstrength__sw_pian_yin_strong,0.0,0.0
3,0,diff__tgxstrength__sw_pian_yin_weak,0.0,0.0
3,0,diff__tgxstrength__sw_qi_sha_strong,0.0,0.0
3,0,diff__tgxstrength__sw_qi_sha_weak,0.0,0.0
3,0,diff__tgxstrength__sw_shangguan_strong,0.0047266500663672795,1.0
3,0,diff__tgxstrength__sw_shangguan_weak,0.0,0.0
3,0,diff__tgxstrength__sw_shishen_strong,0.0,0.0
3,0,diff__tgxstrength__sw_shishen_weak,0.0,0.0
3,0,diff__tgxstrength__sw_zheng_cai_strong,0.0,0.0
3,0,diff__tgxstrength__sw_zheng_cai_weak,0.0,0.0
3,0,diff__tgxstrength__sw_zheng_guan_strong,0.0,0.0
3,0,diff__tgxstrength__sw_zheng_guan_weak,0.0,0.0
3,0,diff__tgxstrength__sw_zheng_yin_strong,0.0,0.0
3,0,diff__tgxstrength__sw_zheng_yin_weak,0.0,0.0
3,0,diff__unseong__dw_raw_score,0.0,0.0
3,0,diff__unseong__dw_score_x_strength,0.0,0.0
3,0,diff__unseong__dw_state_건록,0.0,0.0
3,0,diff__unseong__dw_state_관대,0.0,0.0
3,0,diff__unseong__dw_state_목욕,0.0,0.0
3,0,diff__unseong__dw_state_묘,0.0,0.0
3,0,diff__unseong__dw_state_병,0.0,0.0
3,0,diff__unseong__dw_state_사,0.0,0.0
3,0,diff__unseong__dw_state_쇠,0.0,0.0
3,0,diff__unseong__dw_state_양,0.0,0.0
3,0,diff__unseong__dw_state_장생,0.0,0.0
3,0,diff__unseong__dw_state_절,0.0,0.0
3,0,diff__unseong__dw_state_제왕,0.0,0.0
3,0,diff__unseong__dw_state_태,0.0,0.0
3,0,diff__unseong__sw_raw_score,0.0,0.0
3,0,diff__unseong__sw_score_x_strength,0.0,0.0
3,0,diff__unseong__sw_state_건록,-0.018969596390532556,1.0
3,0,diff__unseong__sw_state_관대,0.0,0.0
3,0,diff__unseong__sw_state_목욕,0.0,0.0
3,0,diff__unseong__sw_state_묘,0.0,0.0
3,0,diff__unseong__sw_state_병,0.0,0.0
3,0,diff__unseong__sw_state_사,0.0,0.0
3,0,diff__unseong__sw_state_쇠,0.0,0.0
3,0,diff__unseong__sw_state_양,0.0,0.0
3,0,diff__unseong__sw_state_장생,0.0,0.0
3,0,diff__unseong__sw_state_절,0.0,0.0
3,0,diff__unseong__sw_state_제왕,0.0,0.0
3,0,diff__unseong__sw_state_태,0.0,0.0
3,0,diff__yongshin__dw_gi_fit,0.0,0.0
3,0,diff__yongshin__dw_gu_fit,0.0,0.0
3,0,diff__yongshin__dw_hee_fit,0.0,0.0
3,0,diff__yongshin__dw_supplies_fav,0.0,0.0
3,0,diff__yongshin__dw_supplies_unfav,0.0,0.0
3,0,diff__yongshin__dw_yong_branch_fit,0.0,0.0
3,0,diff__yongshin__dw_yong_fit,0.0,0.0
3,0,diff__yongshin__dw_yong_stem_fit,0.0,0.0
3,0,diff__yongshin__sw_gi_fit,0.0,0.0
3,0,diff__yongshin__sw_gu_fit,0.0,0.0
3,0,diff__yongshin__sw_hee_fit,0.0,0.0
3,0,diff__yongshin__sw_supplies_fav,0.0,0.0
3,0,diff__yongshin__sw_supplies_unfav,0.0,0.0
3,0,diff__yongshin__sw_yong_branch_fit,0.0,0.0
3,0,diff__yongshin__sw_yong_fit,0.0,0.0
3,0,diff__yongshin__sw_yong_stem_fit,0.0,0.0
3,1,diff__basic__dw_branch_丑,0.0,0.0
3,1,diff__basic__dw_branch_亥,-0.03876756171903768,1.0
3,1,diff__basic__dw_branch_午,0.0,0.0
3,1,diff__basic__dw_branch_卯,0.0,0.0
3,1,diff__basic__dw_branch_子,0.0,0.0
3,1,diff__basic__dw_branch_寅,0.0,0.0
3,1,diff__basic__dw_branch_巳,0.0,0.0
3,1,diff__basic__dw_branch_戌,0.0,0.0
3,1,diff__basic__dw_branch_未,0.0,0.0
3,1,diff__basic__dw_branch_申,0.0,0.0
3,1,diff__basic__dw_branch_辰,0.0,0.0
3,1,diff__basic__dw_branch_酉,0.0,0.0
3,1,diff__basic__dw_element_earth,0.0,0.0
3,1,diff__basic__dw_element_fire,0.0,0.0
3,1,diff__basic__dw_element_metal,0.0,0.0
3,1,diff__basic__dw_element_water,0.0,0.0
3,1,diff__basic__dw_element_wood,0.0,0.0
3,1,diff__basic__dw_yy_yang,0.0,0.0
3,1,diff__basic__dw_yy_yin,0.0,0.0
3,1,diff__basic__sw_branch_丑,0.0,0.0
3,1,diff__basic__sw_branch_亥,0.0,0.0
3,1,diff__basic__sw_branch_午,0.0,0.0
3,1,diff__basic__sw_branch_卯,0.0,0.0
3,1,diff__basic__sw_branch_子,0.0,0.0
3,1,diff__basic__sw_branch_寅,0.0,0.0
3,1,diff__basic__sw_branch_巳,0.0,0.0
3,1,diff__basic__sw_branch_戌,0.0,0.0
3,1,diff__basic__sw_branch_未,0.0,0.0
3,1,diff__basic__sw_branch_申,0.0,0.0
3,1,diff__basic__sw_branch_辰,0.0,0.0
3,1,diff__basic__sw_branch_酉,0.0,0.0
3,1,diff__basic__sw_element_earth,0.0,0.0
3,1,diff__basic__sw_element_fire,0.0,0.0
3,1,diff__basic__sw_element_metal,0.0,0.0
3,1,diff__basic__sw_element_water,0.0,0.0
3,1,diff__basic__sw_element_wood,0.0,0.0
3,1,diff__basic__sw_yy_yang,0.0,0.0
3,1,diff__basic__sw_yy_yin,0.0,0.0
3,1,diff__relation__dw_branch_break_natal,0.0,0.0
3,1,diff__relation__dw_branch_clash_natal,0.0,0.0
3,1,diff__relation__dw_branch_combine_natal,0.0,0.0
3,1,diff__relation__dw_branch_harm_natal,0.0,0.0
3,1,diff__relation__dw_branch_punish_natal,0.0,0.0
3,1,diff__relation__dw_stem_clash_natal,0.0,0.0
3,1,diff__relation__dw_stem_combine_natal,0.0,0.0
3,1,diff__relation__sw_branch_break_natal,0.0,0.0
3,1,diff__relation__sw_branch_clash_natal,0.0,0.0
3,1,diff__relation__sw_branch_combine_natal,0.0,0.0
3,1,diff__relation__sw_branch_harm_natal,0.0,0.0
3,1,diff__relation__sw_branch_punish_natal,0.0,0.0
3,1,diff__relation__sw_dw_branch_break,0.0,0.0
3,1,diff__relation__sw_dw_branch_clash,0.0,0.0
3,1,diff__relation__sw_dw_branch_combine,0.0,0.0
3,1,diff__relation__sw_dw_branch_harm,0.0,0.0
3,1,diff__relation__sw_dw_branch_punish,0.0,0.0
3,1,diff__relation__sw_dw_stem_clash,0.0,0.0
3,1,diff__relation__sw_dw_stem_combine,0.0,0.0
3,1,diff__relation__sw_stem_clash_natal,0.0,0.0
3,1,diff__relation__sw_stem_combine_natal,0.0,0.0
3,1,diff__tg10__dw_branch_hidden_bijian,0.0,0.0
3,1,diff__tg10__dw_branch_hidden_jiecai,0.0,0.0
3,1,diff__tg10__dw_branch_hidden_pian_cai,0.0,0.0
3,1,diff__tg10__dw_branch_hidden_pian_yin,0.0,0.0
3,1,diff__tg10__dw_branch_hidden_qi_sha,0.0,0.0
3,1,diff__tg10__dw_branch_hidden_shangguan,0.0,0.0
3,1,diff__tg10__dw_branch_hidden_shishen,0.0,0.0
3,1,diff__tg10__dw_branch_hidden_zheng_cai,-0.02891473212137771,1.0
3,1,diff__tg10__dw_branch_hidden_zheng_guan,0.0,0.0
3,1,diff__tg10__dw_branch_hidden_zheng_yin,0.0,0.0
3,1,diff__tg10__dw_stem_bijian,0.025027299229795883,1.0
3,1,diff__tg10__dw_stem_jiecai,0.0,0.0
3,1,diff__tg10__dw_stem_pian_cai,0.0035808372044897107,1.0
3,1,diff__tg10__dw_stem_pian_yin,0.0,0.0
3,1,diff__tg10__dw_stem_qi_sha,0.0,0.0
3,1,diff__tg10__dw_stem_shangguan,0.0,0.0
3,1,diff__tg10__dw_stem_shishen,0.0,0.0
3,1,diff__tg10__dw_stem_zheng_cai,0.0,0.0
3,1,diff__tg10__dw_stem_zheng_guan,0.0,0.0
3,1,diff__tg10__dw_stem_zheng_yin,0.0,0.0
3,1,diff__tg10__sw_branch_hidden_bijian,0.0,0.0
3,1,diff__tg10__sw_branch_hidden_jiecai,0.0,0.0
3,1,diff__tg10__sw_branch_hidden_pian_cai,0.0,0.0
3,1,diff__tg10__sw_branch_hidden_pian_yin,0.0,0.0
3,1,diff__tg10__sw_branch_hidden_qi_sha,0.0,0.0
3,1,diff__tg10__sw_branch_hidden_shangguan,0.0,0.0
3,1,diff__tg10__sw_branch_hidden_shishen,0.0,0.0
3,1,diff__tg10__sw_branch_hidden_zheng_cai,0.0,0.0
3,1,diff__tg10__sw_branch_hidden_zheng_guan,0.0,0.0
3,1,diff__tg10__sw_branch_hidden_zheng_yin,0.0,0.0
3,1,diff__tg10__sw_stem_bijian,0.0,0.0
3,1,diff__tg10__sw_stem_jiecai,0.0,0.0
3,1,diff__tg10__sw_stem_pian_cai,0.0,0.0
3,1,diff__tg10__sw_stem_pian_yin,0.0,0.0
3,1,diff__tg10__sw_stem_qi_sha,0.0,0.0
3,1,diff__tg10__sw_stem_shangguan,0.0,0.0
3,1,diff__tg10__sw_stem_shishen,0.0,0.0
3,1,diff__tg10__sw_stem_zheng_cai,0.0,0.0
3,1,diff__tg10__sw_stem_zheng_guan,0.0,0.0
3,1,diff__tg10__sw_stem_zheng_yin,0.0,0.0
3,1,diff__tgxstrength__dw_bijian_strong,0.0,0.0
3,1,diff__tgxstrength__dw_bijian_weak,0.0,0.0
3,1,diff__tgxstrength__dw_jiecai_strong,0.0,0.0
3,1,diff__tgxstrength__dw_jiecai_weak,0.0,0.0
3,1,diff__tgxstrength__dw_pian_cai_strong,0.0,0.0
3,1,diff__tgxstrength__dw_pian_cai_weak,0.0,0.0
3,1,diff__tgxstrength__dw_pian_yin_strong,0.0,0.0
3,1,diff__tgxstrength__dw_pian_yin_weak,0.0,0.0
3,1,diff__tgxstrength__dw_qi_sha_strong,0.0,0.0
3,1,diff__tgxstrength__dw_qi_sha_weak,0.0,0.0
3,1,diff__tgxstrength__dw_shangguan_strong,0.0,0.0
3,1,diff__tgxstrength__dw_shangguan_weak,0.0,0.0
3,1,diff__tgxstrength__dw_shishen_strong,0.0,0.0
3,1,diff__tgxstrength__dw_shishen_weak,0.0,0.0
3,1,diff__tgxstrength__dw_zheng_cai_strong,-0.11732783063528218,1.0
3,1,diff__tgxstrength__dw_zheng_cai_weak,0.0,0.0
3,1,diff__tgxstrength__dw_zheng_guan_strong,0.0,0.0
3,1,diff__tgxstrength__dw_zheng_guan_weak,0.0,0.0
3,1,diff__tgxstrength__dw_zheng_yin_strong,0.0,0.0
3,1,diff__tgxstrength__dw_zheng_yin_weak,0.0,0.0
3,1,diff__tgxstrength__sw_bijian_strong,0.0,0.0
3,1,diff__tgxstrength__sw_bijian_weak,0.0,0.0
3,1,diff__tgxstrength__sw_jiecai_strong,0.0,0.0
3,1,diff__tgxstrength__sw_jiecai_weak,0.0,0.0
3,1,diff__tgxstrength__sw_pian_cai_strong,0.0,0.0
3,1,diff__tgxstrength__sw_pian_cai_weak,0.0,0.0
3,1,diff__tgxstrength__sw_pian_yin_strong,0.0,0.0
3,1,diff__tgxstrength__sw_pian_yin_weak,0.0,0.0
3,1,diff__tgxstrength__sw_qi_sha_strong,0.0,0.0
3,1,diff__tgxstrength__sw_qi_sha_weak,0.0,0.0
3,1,diff__tgxstrength__sw_shangguan_strong,0.0,0.0
3,1,diff__tgxstrength__sw_shangguan_weak,0.0,0.0
3,1,diff__tgxstrength__sw_shishen_strong,0.0,0.0
3,1,diff__tgxstrength__sw_shishen_weak,0.0,0.0
3,1,diff__tgxstrength__sw_zheng_cai_strong,0.0,0.0
3,1,diff__tgxstrength__sw_zheng_cai_weak,0.0,0.0
3,1,diff__tgxstrength__sw_zheng_guan_strong,0.0,0.0
3,1,diff__tgxstrength__sw_zheng_guan_weak,0.0,0.0
3,1,diff__tgxstrength__sw_zheng_yin_strong,0.0,0.0
3,1,diff__tgxstrength__sw_zheng_yin_weak,0.0,0.0
3,1,diff__unseong__dw_raw_score,0.0,0.0
3,1,diff__unseong__dw_score_x_strength,0.0,0.0
3,1,diff__unseong__dw_state_건록,0.0,0.0
3,1,diff__unseong__dw_state_관대,0.0,0.0
3,1,diff__unseong__dw_state_목욕,0.0,0.0
3,1,diff__unseong__dw_state_묘,0.0,0.0
3,1,diff__unseong__dw_state_병,0.0,0.0
3,1,diff__unseong__dw_state_사,0.0,0.0
3,1,diff__unseong__dw_state_쇠,0.0,0.0
3,1,diff__unseong__dw_state_양,0.0,0.0
3,1,diff__unseong__dw_state_장생,0.0,0.0
3,1,diff__unseong__dw_state_절,0.0,0.0
3,1,diff__unseong__dw_state_제왕,0.0,0.0
3,1,diff__unseong__dw_state_태,0.0,0.0
3,1,diff__unseong__sw_raw_score,0.0,0.0
3,1,diff__unseong__sw_score_x_strength,0.0,0.0
3,1,diff__unseong__sw_state_건록,0.0,0.0
3,1,diff__unseong__sw_state_관대,0.0,0.0
3,1,diff__unseong__sw_state_목욕,0.0,0.0
3,1,diff__unseong__sw_state_묘,0.0,0.0
3,1,diff__unseong__sw_state_병,0.0,0.0
3,1,diff__unseong__sw_state_사,0.0,0.0
3,1,diff__unseong__sw_state_쇠,0.0,0.0
3,1,diff__unseong__sw_state_양,0.0,0.0
3,1,diff__unseong__sw_state_장생,0.0,0.0
3,1,diff__unseong__sw_state_절,0.0,0.0
3,1,diff__unseong__sw_state_제왕,0.0,0.0
3,1,diff__unseong__sw_state_태,0.0,0.0
3,1,diff__yongshin__dw_gi_fit,0.0,0.0
3,1,diff__yongshin__dw_gu_fit,0.0,0.0
3,1,diff__yongshin__dw_hee_fit,0.0,0.0
3,1,diff__yongshin__dw_supplies_fav,0.0,0.0
3,1,diff__yongshin__dw_supplies_unfav,0.0,0.0
3,1,diff__yongshin__dw_yong_branch_fit,0.0,0.0
3,1,diff__yongshin__dw_yong_fit,0.0,0.0
3,1,diff__yongshin__dw_yong_stem_fit,0.0,0.0
3,1,diff__yongshin__sw_gi_fit,0.0,0.0
3,1,diff__yongshin__sw_gu_fit,0.0,0.0
3,1,diff__yongshin__sw_hee_fit,0.0,0.0
3,1,diff__yongshin__sw_supplies_fav,0.0,0.0
3,1,diff__yongshin__sw_supplies_unfav,0.0,0.0
3,1,diff__yongshin__sw_yong_branch_fit,0.0,0.0
3,1,diff__yongshin__sw_yong_fit,0.0,0.0
3,1,diff__yongshin__sw_yong_stem_fit,0.0,0.0
3,2,diff__basic__dw_branch_丑,0.0,0.0
3,2,diff__basic__dw_branch_亥,0.0,0.0
3,2,diff__basic__dw_branch_午,0.0,0.0
3,2,diff__basic__dw_branch_卯,0.0,0.0
3,2,diff__basic__dw_branch_子,0.0,0.0
3,2,diff__basic__dw_branch_寅,0.0,0.0
3,2,diff__basic__dw_branch_巳,0.0,0.0
3,2,diff__basic__dw_branch_戌,0.0,0.0
3,2,diff__basic__dw_branch_未,0.0,0.0
3,2,diff__basic__dw_branch_申,0.0,0.0
3,2,diff__basic__dw_branch_辰,0.0,0.0
3,2,diff__basic__dw_branch_酉,0.0,0.0
3,2,diff__basic__dw_element_earth,0.0,0.0
3,2,diff__basic__dw_element_fire,0.0,0.0
3,2,diff__basic__dw_element_metal,0.0,0.0
3,2,diff__basic__dw_element_water,0.0,0.0
3,2,diff__basic__dw_element_wood,0.0,0.0
3,2,diff__basic__dw_yy_yang,0.0,0.0
3,2,diff__basic__dw_yy_yin,0.0,0.0
3,2,diff__basic__sw_branch_丑,0.0,0.0
3,2,diff__basic__sw_branch_亥,0.0,0.0
3,2,diff__basic__sw_branch_午,0.0,0.0
3,2,diff__basic__sw_branch_卯,0.0,0.0
3,2,diff__basic__sw_branch_子,0.0,0.0
3,2,diff__basic__sw_branch_寅,0.0,0.0
3,2,diff__basic__sw_branch_巳,0.0,0.0
3,2,diff__basic__sw_branch_戌,0.0,0.0
3,2,diff__basic__sw_branch_未,0.0,0.0
3,2,diff__basic__sw_branch_申,0.0,0.0
3,2,diff__basic__sw_branch_辰,0.0,0.0
3,2,diff__basic__sw_branch_酉,0.0,0.0
3,2,diff__basic__sw_element_earth,0.0,0.0
3,2,diff__basic__sw_element_fire,0.0,0.0
3,2,diff__basic__sw_element_metal,0.0,0.0
3,2,diff__basic__sw_element_water,0.0,0.0
3,2,diff__basic__sw_element_wood,0.0,0.0
3,2,diff__basic__sw_yy_yang,0.0,0.0
3,2,diff__basic__sw_yy_yin,0.0,0.0
3,2,diff__relation__dw_branch_break_natal,0.0,0.0
3,2,diff__relation__dw_branch_clash_natal,0.0,0.0
3,2,diff__relation__dw_branch_combine_natal,0.0,0.0
3,2,diff__relation__dw_branch_harm_natal,0.0,0.0
3,2,diff__relation__dw_branch_punish_natal,0.0,0.0
3,2,diff__relation__dw_stem_clash_natal,0.0,0.0
3,2,diff__relation__dw_stem_combine_natal,0.0,0.0
3,2,diff__relation__sw_branch_break_natal,0.0,0.0
3,2,diff__relation__sw_branch_clash_natal,0.0,0.0
3,2,diff__relation__sw_branch_combine_natal,0.0,0.0
3,2,diff__relation__sw_branch_harm_natal,0.0,0.0
3,2,diff__relation__sw_branch_punish_natal,0.0,0.0
3,2,diff__relation__sw_dw_branch_break,0.0,0.0
3,2,diff__relation__sw_dw_branch_clash,0.0,0.0
3,2,diff__relation__sw_dw_branch_combine,0.0,0.0
3,2,diff__relation__sw_dw_branch_harm,0.0,0.0
3,2,diff__relation__sw_dw_branch_punish,0.0,0.0
3,2,diff__relation__sw_dw_stem_clash,0.0,0.0
3,2,diff__relation__sw_dw_stem_combine,0.0,0.0
3,2,diff__relation__sw_stem_clash_natal,0.0,0.0
3,2,diff__relation__sw_stem_combine_natal,0.0,0.0
3,2,diff__tg10__dw_branch_hidden_bijian,0.0,0.0
3,2,diff__tg10__dw_branch_hidden_jiecai,0.0,0.0
3,2,diff__tg10__dw_branch_hidden_pian_cai,0.0,0.0
3,2,diff__tg10__dw_branch_hidden_pian_yin,0.0,0.0
3,2,diff__tg10__dw_branch_hidden_qi_sha,0.0,0.0
3,2,diff__tg10__dw_branch_hidden_shangguan,0.0,0.0
3,2,diff__tg10__dw_branch_hidden_shishen,0.0,0.0
3,2,diff__tg10__dw_branch_hidden_zheng_cai,0.0,0.0
3,2,diff__tg10__dw_branch_hidden_zheng_guan,0.0,0.0
3,2,diff__tg10__dw_branch_hidden_zheng_yin,0.0,0.0
3,2,diff__tg10__dw_stem_bijian,0.0,0.0
3,2,diff__tg10__dw_stem_jiecai,0.0,0.0
3,2,diff__tg10__dw_stem_pian_cai,0.0,0.0
3,2,diff__tg10__dw_stem_pian_yin,0.0,0.0
3,2,diff__tg10__dw_stem_qi_sha,0.0,0.0
3,2,diff__tg10__dw_stem_shangguan,0.0,0.0
3,2,diff__tg10__dw_stem_shishen,0.0,0.0
3,2,diff__tg10__dw_stem_zheng_cai,0.0,0.0
3,2,diff__tg10__dw_stem_zheng_guan,0.0,0.0
3,2,diff__tg10__dw_stem_zheng_yin,0.0,0.0
3,2,diff__tg10__sw_branch_hidden_bijian,0.0,0.0
3,2,diff__tg10__sw_branch_hidden_jiecai,0.0,0.0
3,2,diff__tg10__sw_branch_hidden_pian_cai,0.0,0.0
3,2,diff__tg10__sw_branch_hidden_pian_yin,0.0,0.0
3,2,diff__tg10__sw_branch_hidden_qi_sha,0.0,0.0
3,2,diff__tg10__sw_branch_hidden_shangguan,0.0,0.0
3,2,diff__tg10__sw_branch_hidden_shishen,0.0,0.0
3,2,diff__tg10__sw_branch_hidden_zheng_cai,0.0,0.0
3,2,diff__tg10__sw_branch_hidden_zheng_guan,0.0,0.0
3,2,diff__tg10__sw_branch_hidden_zheng_yin,0.0,0.0
3,2,diff__tg10__sw_stem_bijian,0.0,0.0
3,2,diff__tg10__sw_stem_jiecai,0.0,0.0
3,2,diff__tg10__sw_stem_pian_cai,0.0,0.0
3,2,diff__tg10__sw_stem_pian_yin,0.0,0.0
3,2,diff__tg10__sw_stem_qi_sha,0.0,0.0
3,2,diff__tg10__sw_stem_shangguan,0.0,0.0
3,2,diff__tg10__sw_stem_shishen,0.0,0.0
3,2,diff__tg10__sw_stem_zheng_cai,0.0,0.0
3,2,diff__tg10__sw_stem_zheng_guan,0.0,0.0
3,2,diff__tg10__sw_stem_zheng_yin,0.0,0.0
3,2,diff__tgxstrength__dw_bijian_strong,0.0,0.0
3,2,diff__tgxstrength__dw_bijian_weak,0.0,0.0
3,2,diff__tgxstrength__dw_jiecai_strong,0.0,0.0
3,2,diff__tgxstrength__dw_jiecai_weak,0.0,0.0
3,2,diff__tgxstrength__dw_pian_cai_strong,0.0,0.0
3,2,diff__tgxstrength__dw_pian_cai_weak,0.0,0.0
3,2,diff__tgxstrength__dw_pian_yin_strong,0.0,0.0
3,2,diff__tgxstrength__dw_pian_yin_weak,0.0,0.0
3,2,diff__tgxstrength__dw_qi_sha_strong,0.0,0.0
3,2,diff__tgxstrength__dw_qi_sha_weak,0.0,0.0
3,2,diff__tgxstrength__dw_shangguan_strong,0.0,0.0
3,2,diff__tgxstrength__dw_shangguan_weak,0.0,0.0
3,2,diff__tgxstrength__dw_shishen_strong,0.0,0.0
3,2,diff__tgxstrength__dw_shishen_weak,0.0,0.0
3,2,diff__tgxstrength__dw_zheng_cai_strong,0.0,0.0
3,2,diff__tgxstrength__dw_zheng_cai_weak,0.0,0.0
3,2,diff__tgxstrength__dw_zheng_guan_strong,0.0,0.0
3,2,diff__tgxstrength__dw_zheng_guan_weak,0.0,0.0
3,2,diff__tgxstrength__dw_zheng_yin_strong,0.0,0.0
3,2,diff__tgxstrength__dw_zheng_yin_weak,0.0,0.0
3,2,diff__tgxstrength__sw_bijian_strong,0.0,0.0
3,2,diff__tgxstrength__sw_bijian_weak,0.0,0.0
3,2,diff__tgxstrength__sw_jiecai_strong,0.0,0.0
3,2,diff__tgxstrength__sw_jiecai_weak,0.0,0.0
3,2,diff__tgxstrength__sw_pian_cai_strong,0.0,0.0
3,2,diff__tgxstrength__sw_pian_cai_weak,0.0,0.0
3,2,diff__tgxstrength__sw_pian_yin_strong,0.0,0.0
3,2,diff__tgxstrength__sw_pian_yin_weak,0.0,0.0
3,2,diff__tgxstrength__sw_qi_sha_strong,0.0,0.0
3,2,diff__tgxstrength__sw_qi_sha_weak,0.0,0.0
3,2,diff__tgxstrength__sw_shangguan_strong,0.0,0.0
3,2,diff__tgxstrength__sw_shangguan_weak,0.0,0.0
3,2,diff__tgxstrength__sw_shishen_strong,0.0,0.0
3,2,diff__tgxstrength__sw_shishen_weak,0.0,0.0
3,2,diff__tgxstrength__sw_zheng_cai_strong,0.0,0.0
3,2,diff__tgxstrength__sw_zheng_cai_weak,0.0,0.0
3,2,diff__tgxstrength__sw_zheng_guan_strong,0.0,0.0
3,2,diff__tgxstrength__sw_zheng_guan_weak,0.0,0.0
3,2,diff__tgxstrength__sw_zheng_yin_strong,0.0,0.0
3,2,diff__tgxstrength__sw_zheng_yin_weak,0.0,0.0
3,2,diff__unseong__dw_raw_score,0.0,0.0
3,2,diff__unseong__dw_score_x_strength,0.0,0.0
3,2,diff__unseong__dw_state_건록,0.0,0.0
3,2,diff__unseong__dw_state_관대,0.0,0.0
3,2,diff__unseong__dw_state_목욕,0.0,0.0
3,2,diff__unseong__dw_state_묘,0.0,0.0
3,2,diff__unseong__dw_state_병,0.0,0.0
3,2,diff__unseong__dw_state_사,0.0,0.0
3,2,diff__unseong__dw_state_쇠,0.0,0.0
3,2,diff__unseong__dw_state_양,0.0,0.0
3,2,diff__unseong__dw_state_장생,0.0,0.0
3,2,diff__unseong__dw_state_절,0.0,0.0
3,2,diff__unseong__dw_state_제왕,0.0,0.0
3,2,diff__unseong__dw_state_태,0.0,0.0
3,2,diff__unseong__sw_raw_score,0.0,0.0
3,2,diff__unseong__sw_score_x_strength,0.0,0.0
3,2,diff__unseong__sw_state_건록,0.0,0.0
3,2,diff__unseong__sw_state_관대,0.0,0.0
3,2,diff__unseong__sw_state_목욕,0.0,0.0
3,2,diff__unseong__sw_state_묘,0.0,0.0
3,2,diff__unseong__sw_state_병,0.0,0.0
3,2,diff__unseong__sw_state_사,0.0,0.0
3,2,diff__unseong__sw_state_쇠,0.0,0.0
3,2,diff__unseong__sw_state_양,0.0,0.0
3,2,diff__unseong__sw_state_장생,0.0,0.0
3,2,diff__unseong__sw_state_절,0.0,0.0
3,2,diff__unseong__sw_state_제왕,0.0,0.0
3,2,diff__unseong__sw_state_태,0.0,0.0
3,2,diff__yongshin__dw_gi_fit,0.0,0.0
3,2,diff__yongshin__dw_gu_fit,0.0,0.0
3,2,diff__yongshin__dw_hee_fit,0.0,0.0
3,2,diff__yongshin__dw_supplies_fav,0.0,0.0
3,2,diff__yongshin__dw_supplies_unfav,0.0,0.0
3,2,diff__yongshin__dw_yong_branch_fit,0.0,0.0
3,2,diff__yongshin__dw_yong_fit,0.0,0.0
3,2,diff__yongshin__dw_yong_stem_fit,0.0,0.0
3,2,diff__yongshin__sw_gi_fit,0.0,0.0
3,2,diff__yongshin__sw_gu_fit,0.0,0.0
3,2,diff__yongshin__sw_hee_fit,0.0,0.0
3,2,diff__yongshin__sw_supplies_fav,0.0,0.0
3,2,diff__yongshin__sw_supplies_unfav,0.0,0.0
3,2,diff__yongshin__sw_yong_branch_fit,0.0,0.0
3,2,diff__yongshin__sw_yong_fit,0.0,0.0
3,2,diff__yongshin__sw_yong_stem_fit,0.0,0.0
3,3,diff__basic__dw_branch_丑,-0.12870412751372368,1.0
3,3,diff__basic__dw_branch_亥,0.0,0.0
3,3,diff__basic__dw_branch_午,0.0,0.0
3,3,diff__basic__dw_branch_卯,0.0,0.0
3,3,diff__basic__dw_branch_子,0.0,0.0
3,3,diff__basic__dw_branch_寅,0.0,0.0
3,3,diff__basic__dw_branch_巳,0.0,0.0
3,3,diff__basic__dw_branch_戌,0.0,0.0
3,3,diff__basic__dw_branch_未,0.0,0.0
3,3,diff__basic__dw_branch_申,-0.018146335827853705,1.0
3,3,diff__basic__dw_branch_辰,0.0,0.0
3,3,diff__basic__dw_branch_酉,0.04498003202797748,1.0
3,3,diff__basic__dw_element_earth,0.0,0.0
3,3,diff__basic__dw_element_fire,0.0,0.0
3,3,diff__basic__dw_element_metal,0.0,0.0
3,3,diff__basic__dw_element_water,0.0,0.0
3,3,diff__basic__dw_element_wood,0.0,0.0
3,3,diff__basic__dw_yy_yang,0.0,0.0
3,3,diff__basic__dw_yy_yin,0.0,0.0
3,3,diff__basic__sw_branch_丑,0.0,0.0
3,3,diff__basic__sw_branch_亥,-0.004947213366762162,1.0
3,3,diff__basic__sw_branch_午,0.0,0.0
3,3,diff__basic__sw_branch_卯,0.0,0.0
3,3,diff__basic__sw_branch_子,0.01091726060066632,1.0
3,3,diff__basic__sw_branch_寅,0.0,0.0
3,3,diff__basic__sw_branch_巳,0.09939899658574038,1.0
3,3,diff__basic__sw_branch_戌,0.0,0.0
3,3,diff__basic__sw_branch_未,0.0,0.0
3,3,diff__basic__sw_branch_申,0.0,0.0
3,3,diff__basic__sw_branch_辰,0.258039029498929,1.0
3,3,diff__basic__sw_branch_酉,-0.6361955417960756,1.0
3,3,diff__basic__sw_element_earth,0.2928204159312521,1.0
3,3,diff__basic__sw_element_fire,0.030394589206292483,1.0
3,3,diff__basic__sw_element_metal,-0.06839980001029669,1.0
3,3,diff__basic__sw_element_water,0.0,0.0
3,3,diff__basic__sw_element_wood,-0.18834256601791563,1.0
3,3,diff__basic__sw_yy_yang,0.0,0.0
3,3,diff__basic__sw_yy_yin,0.0,0.0
3,3,diff__relation__dw_branch_break_natal,0.0,0.0
3,3,diff__relation__dw_branch_clash_natal,0.05360395241070894,1.0
3,3,diff__relation__dw_branch_combine_natal,0.0,0.0
3,3,diff__relation__dw_branch_harm_natal,0.0,0.0
3,3,diff__relation__dw_branch_punish_natal,0.0,0.0
3,3,diff__relation__dw_stem_clash_natal,0.11001949993622925,1.0
3,3,diff__relation__dw_stem_combine_natal,0.0,0.0
3,3,diff__relation__sw_branch_break_natal,-0.005029030879231652,1.0
3,3,diff__relation__sw_branch_clash_natal,0.0,0.0
3,3,diff__relation__sw_branch_combine_natal,0.0,0.0
3,3,diff__relation__sw_branch_harm_natal,0.13911408600882888,1.0
3,3,diff__relation__sw_branch_punish_natal,-0.004464240225490653,1.0
3,3,diff__relation__sw_dw_branch_break,0.0,0.0
3,3,diff__relation__sw_dw_branch_clash,0.3581532531035105,1.0
3,3,diff__relation__sw_dw_branch_combine,0.0,0.0
3,3,diff__relation__sw_dw_branch_harm,0.0,0.0
3,3,diff__relation__sw_dw_branch_punish,-0.004456862503917196,1.0
3,3,diff__relation__sw_dw_stem_clash,0.0,0.0
3,3,diff__relation__sw_dw_stem_combine,0.0,0.0
3,3,diff__relation__sw_stem_clash_natal,0.0,0.0
3,3,diff__relation__sw_stem_combine_natal,0.0,0.0
3,3,diff__tg10__dw_branch_hidden_bijian,0.0,0.0
3,3,diff__tg10__dw_branch_hidden_jiecai,0.0,0.0
3,3,diff__tg10__dw_branch_hidden_pian_cai,0.0,0.0
3,3,diff__tg10__dw_branch_hidden_pian_yin,0.0,0.0
3,3,diff__tg10__dw_branch_hidden_qi_sha,0.0,0.0
3,3,diff__tg10__dw_branch_hidden_shangguan,0.0,0.0
3,3,diff__tg10__dw_branch_hidden_shishen,0.0,0.0
3,3,diff__tg10__dw_branch_hidden_zheng_cai,-0.09145885462664578,1.0
3,3,diff__tg10__dw_branch_hidden_zheng_guan,-0.15661572524255696,1.0
3,3,diff__tg10__dw_branch_hidden_zheng_yin,0.0,0.0
3,3,diff__tg10__dw_stem_bijian,0.26523053512220185,1.0
3,3,diff__tg10__dw_stem_jiecai,-0.06121501773249119,1.0
3,3,diff__tg10__dw_stem_pian_cai,0.23118970298617172,1.0
3,3,diff__tg10__dw_stem_pian_yin,0.0,0.0
3,3,diff__tg10__dw_stem_qi_sha,0.0,0.0
3,3,diff__tg10__dw_stem_shangguan,0.0,0.0
3,3,diff__tg10__dw_stem_shishen,0.0,0.0
3,3,diff__tg10__dw_stem_zheng_cai,0.0,0.0
3,3,diff__tg10__dw_stem_zheng_guan,0.0,0.0
3,3,diff__tg10__dw_stem_zheng_yin,-0.021357711989332093,1.0
3,3,diff__tg10__sw_branch_hidden_bijian,0.0,0.0
3,3,diff__tg10__sw_branch_hidden_jiecai,0.0,0.0
3,3,diff__tg10__sw_branch_hidden_pian_cai,0.0,0.0
3,3,diff__tg10__sw_branch_hidden_pian_yin,-0.3131248834751127,1.0
3,3,diff__tg10__sw_branch_hidden_qi_sha,0.04506397613758043,1.0
3,3,diff__tg10__sw_branch_hidden_shangguan,0.0,0.0
3,3,diff__tg10__sw_branch_hidden_shishen,0.0,0.0
3,3,diff__tg10__sw_branch_hidden_zheng_cai,0.0,0.0
3,3,diff__tg10__sw_branch_hidden_zheng_guan,0.0,0.0
3,3,diff__tg10__sw_branch_hidden_zheng_yin,0.0,0.0
3,3,diff__tg10__sw_stem_bijian,0.0,0.0
3,3,diff__tg10__sw_stem_jiecai,0.002760691546658502,1.0
3,3,diff__tg10__sw_stem_pian_cai,-0.15913492048691705,1.0
3,3,diff__tg10__sw_stem_pian_yin,0.0,0.0
3,3,diff__tg10__sw_stem_qi_sha,0.0,0.0
3,3,diff__tg10__sw_stem_shangguan,0.0,0.0
3,3,diff__tg10__sw_stem_shishen,0.0,0.0
3,3,diff__tg10__sw_stem_zheng_cai,0.0,0.0
3,3,diff__tg10__sw_stem_zheng_guan,0.0,0.0
3,3,diff__tg10__sw_stem_zheng_yin,-0.16656707221405154,1.0
3,3,diff__tgxstrength__dw_bijian_strong,0.1741568436139106,1.0
3,3,diff__tgxstrength__dw_bijian_weak,0.0,0.0
3,3,diff__tgxstrength__dw_jiecai_strong,-0.05239289038059825,1.0
3,3,diff__tgxstrength__dw_jiecai_weak,0.0,0.0
3,3,diff__tgxstrength__dw_pian_cai_strong,0.0,0.0
3,3,diff__tgxstrength__dw_pian_cai_weak,0.0,0.0
3,3,diff__tgxstrength__dw_pian_yin_strong,0.0,0.0
3,3,diff__tgxstrength__dw_pian_yin_weak,0.0,0.0
3,3,diff__tgxstrength__dw_qi_sha_strong,0.0,0.0
3,3,diff__tgxstrength__dw_qi_sha_weak,0.0,0.0
3,3,diff__tgxstrength__dw_shangguan_strong,0.0,0.0
3,3,diff__tgxstrength__dw_shangguan_weak,0.0,0.0
3,3,diff__tgxstrength__dw_shishen_strong,0.0,0.0
3,3,diff__tgxstrength__dw_shishen_weak,0.0,0.0
3,3,diff__tgxstrength__dw_zheng_cai_strong,0.0,0.0
3,3,diff__tgxstrength__dw_zheng_cai_weak,0.0,0.0
3,3,diff__tgxstrength__dw_zheng_guan_strong,-0.20369611411840763,1.0
3,3,diff__tgxstrength__dw_zheng_guan_weak,-0.012187590468760218,1.0
3,3,diff__tgxstrength__dw_zheng_yin_strong,0.0,0.0
3,3,diff__tgxstrength__dw_zheng_yin_weak,0.0,0.0
3,3,diff__tgxstrength__sw_bijian_strong,0.0,0.0
3,3,diff__tgxstrength__sw_bijian_weak,0.1906078671428415,1.0
3,3,diff__tgxstrength__sw_jiecai_strong,0.0,0.0
3,3,diff__tgxstrength__sw_jiecai_weak,0.264846176054693,1.0
3,3,diff__tgxstrength__sw_pian_cai_strong,0.0,0.0
3,3,diff__tgxstrength__sw_pian_cai_weak,-0.10561658075933417,1.0
3,3,diff__tgxstrength__sw_pian_yin_strong,0.0,0.0
3,3,diff__tgxstrength__sw_pian_yin_weak,0.0,0.0
3,3,diff__tgxstrength__sw_qi_sha_strong,0.20601223342198285,1.0
3,3,diff__tgxstrength__sw_qi_sha_weak,-0.17890220772217383,1.0
3,3,diff__tgxstrength__sw_shangguan_strong,0.11349332564097919,1.0
3,3,diff__tgxstrength__sw_shangguan_weak,-0.0010520069957667439,1.0
3,3,diff__tgxstrength__sw_shishen_strong,0.0,0.0
3,3,diff__tgxstrength__sw_shishen_weak,0.0,0.0
3,3,diff__tgxstrength__sw_zheng_cai_strong,0.0,0.0
3,3,diff__tgxstrength__sw_zheng_cai_weak,0.0,0.0
3,3,diff__tgxstrength__sw_zheng_guan_strong,0.0,0.0
3,3,diff__tgxstrength__sw_zheng_guan_weak,0.057704636175021716,1.0
3,3,diff__tgxstrength__sw_zheng_yin_strong,0.0,0.0
3,3,diff__tgxstrength__sw_zheng_yin_weak,-0.09480375268648009,1.0
3,3,diff__unseong__dw_raw_score,0.0,0.0
3,3,diff__unseong__dw_score_x_strength,0.1764727445124981,1.0
3,3,diff__unseong__dw_state_건록,0.0,0.0
3,3,diff__unseong__dw_state_관대,0.0,0.0
3,3,diff__unseong__dw_state_목욕,0.0,0.0
3,3,diff__unseong__dw_state_묘,0.0,0.0
3,3,diff__unseong__dw_state_병,0.0,0.0
3,3,diff__unseong__dw_state_사,0.0,0.0
3,3,diff__unseong__dw_state_쇠,0.0,0.0
3,3,diff__unseong__dw_state_양,0.0,0.0
3,3,diff__unseong__dw_state_장생,0.0,0.0
3,3,diff__unseong__dw_state_절,0.0,0.0
3,3,diff__unseong__dw_state_제왕,0.0,0.0
3,3,diff__unseong__dw_state_태,0.0,0.0
3,3,diff__unseong__sw_raw_score,-0.0681044262642462,1.0
3,3,diff__unseong__sw_score_x_strength,0.13581390690874973,1.0
3,3,diff__unseong__sw_state_건록,-0.02636076107136878,1.0
3,3,diff__unseong__sw_state_관대,0.0,0.0
3,3,diff__unseong__sw_state_목욕,0.0,0.0
3,3,diff__unseong__sw_state_묘,0.0,0.0
3,3,diff__unseong__sw_state_병,0.0397977996204542,1.0
3,3,diff__unseong__sw_state_사,0.0,0.0
3,3,diff__unseong__sw_state_쇠,0.0,0.0
3,3,diff__unseong__sw_state_양,0.17250178364365754,1.0
3,3,diff__unseong__sw_state_장생,0.0,0.0
3,3,diff__unseong__sw_state_절,0.0,0.0
3,3,diff__unseong__sw_state_제왕,0.0,0.0
3,3,diff__unseong__sw_state_태,-0.116892258773879,1.0
3,3,diff__yongshin__dw_gi_fit,0.0,0.0
3,3,diff__yongshin__dw_gu_fit,0.0,0.0
3,3,diff__yongshin__dw_hee_fit,0.0,0.0
3,3,diff__yongshin__dw_supplies_fav,0.0,0.0
3,3,diff__yongshin__dw_supplies_unfav,0.0,0.0
3,3,diff__yongshin__dw_yong_branch_fit,-0.14639513487384126,1.0
3,3,diff__yongshin__dw_yong_fit,0.0,0.0
3,3,diff__yongshin__dw_yong_stem_fit,0.06339876439740094,1.0
3,3,diff__yongshin__sw_gi_fit,0.0,0.0
3,3,diff__yongshin__sw_gu_fit,0.0,0.0
3,3,diff__yongshin__sw_hee_fit,0.0,0.0
3,3,diff__yongshin__sw_supplies_fav,0.22006590217752373,1.0
3,3,diff__yongshin__sw_supplies_unfav,0.23499516873405113,1.0
3,3,diff__yongshin__sw_yong_branch_fit,0.04325725513406027,1.0
3,3,diff__yongshin__sw_yong_fit,0.0,0.0
3,3,diff__yongshin__sw_yong_stem_fit,-0.020564646370976176,1.0
3,4,diff__basic__dw_branch_丑,0.0,0.0
3,4,diff__basic__dw_branch_亥,0.0,0.0
3,4,diff__basic__dw_branch_午,0.0,0.0
3,4,diff__basic__dw_branch_卯,0.0793393525565451,1.0
3,4,diff__basic__dw_branch_子,0.0,0.0
3,4,diff__basic__dw_branch_寅,0.0,0.0
3,4,diff__basic__dw_branch_巳,0.0,0.0
3,4,diff__basic__dw_branch_戌,0.0,0.0
3,4,diff__basic__dw_branch_未,0.0,0.0
3,4,diff__basic__dw_branch_申,0.0,0.0
3,4,diff__basic__dw_branch_辰,0.0,0.0
3,4,diff__basic__dw_branch_酉,0.0,0.0
3,4,diff__basic__dw_element_earth,0.0,0.0
3,4,diff__basic__dw_element_fire,0.0,0.0
3,4,diff__basic__dw_element_metal,0.0,0.0
3,4,diff__basic__dw_element_water,0.0,0.0
3,4,diff__basic__dw_element_wood,0.0,0.0
3,4,diff__basic__dw_yy_yang,0.0,0.0
3,4,diff__basic__dw_yy_yin,0.0,0.0
3,4,diff__basic__sw_branch_丑,0.0,0.0
3,4,diff__basic__sw_branch_亥,0.0,0.0
3,4,diff__basic__sw_branch_午,-0.2904361589703097,1.0
3,4,diff__basic__sw_branch_卯,0.0,0.0
3,4,diff__basic__sw_branch_子,0.07157413377434557,1.0
3,4,diff__basic__sw_branch_寅,0.0,0.0
3,4,diff__basic__sw_branch_巳,0.32265346217880514,1.0
3,4,diff__basic__sw_branch_戌,0.045882752965397164,1.0
3,4,diff__basic__sw_branch_未,0.0,0.0
3,4,diff__basic__sw_branch_申,0.0,0.0
3,4,diff__basic__sw_branch_辰,0.34492406395703545,1.0
3,4,diff__basic__sw_branch_酉,-0.5359274402641517,1.0
3,4,diff__basic__sw_element_earth,0.03183889345638055,1.0
3,4,diff__basic__sw_element_fire,0.1678347929578707,1.0
3,4,diff__basic__sw_element_metal,0.0,0.0
3,4,diff__basic__sw_element_water,0.0,0.0
3,4,diff__basic__sw_element_wood,-0.1765876956562222,1.0
3,4,diff__basic__sw_yy_yang,0.06810083077084217,1.0
3,4,diff__basic__sw_yy_yin,-0.06810083077084217,1.0
3,4,diff__relation__dw_branch_break_natal,0.0,0.0
3,4,diff__relation__dw_branch_clash_natal,0.0,0.0
3,4,diff__relation__dw_branch_combine_natal,0.0,0.0
3,4,diff__relation__dw_branch_harm_natal,0.0,0.0
3,4,diff__relation__dw_branch_punish_natal,0.0,0.0
3,4,diff__relation__dw_stem_clash_natal,0.07346855893459038,1.0
3,4,diff__relation__dw_stem_combine_natal,0.0,0.0
3,4,diff__relation__sw_branch_break_natal,-0.2433120535376468,1.0
3,4,diff__relation__sw_branch_clash_natal,0.0,0.0
3,4,diff__relation__sw_branch_combine_natal,0.0,0.0
3,4,diff__relation__sw_branch_harm_natal,0.12113709245846617,1.0
3,4,diff__relation__sw_branch_punish_natal,0.0,0.0
3,4,diff__relation__sw_dw_branch_break,0.021306920103715144,1.0
3,4,diff__relation__sw_dw_branch_clash,0.6227184839126025,1.0
3,4,diff__relation__sw_dw_branch_combine,0.0,0.0
3,4,diff__relation__sw_dw_branch_harm,0.0848979842830517,1.0
3,4,diff__relation__sw_dw_branch_punish,-0.4820887871028066,1.0
3,4,diff__relation__sw_dw_stem_clash,-0.20147180744535736,1.0
3,4,diff__relation__sw_dw_stem_combine,0.0,0.0
3,4,diff__relation__sw_stem_clash_natal,0.0,0.0
3,4,diff__relation__sw_stem_combine_natal,-0.007645697323754557,1.0
3,4,diff__tg10__dw_branch_hidden_bijian,0.0,0.0
3,4,diff__tg10__dw_branch_hidden_jiecai,0.0,0.0
3,4,diff__tg10__dw_branch_hidden_pian_cai,-0.024605447472704777,1.0
3,4,diff__tg10__dw_branch_hidden_pian_yin,0.0,0.0
3,4,diff__tg10__dw_branch_hidden_qi_sha,0.0,0.0
3,4,diff__tg10__dw_branch_hidden_shangguan,0.0,0.0
3,4,diff__tg10__dw_branch_hidden_shishen,0.0,0.0
3,4,diff__tg10__dw_branch_hidden_zheng_cai,0.0,0.0
3,4,diff__tg10__dw_branch_hidden_zheng_guan,0.0,0.0
3,4,diff__tg10__dw_branch_hidden_zheng_yin,0.17673421603952186,1.0
3,4,diff__tg10__dw_stem_bijian,0.0,0.0
3,4,diff__tg10__dw_stem_jiecai,-0.009308657475049005,1.0
3,4,diff__tg10__dw_stem_pian_cai,0.6757083966863539,1.0
3,4,diff__tg10__dw_stem_pian_yin,0.0,0.0
3,4,diff__tg10__dw_stem_qi_sha,0.0,0.0
3,4,diff__tg10__dw_stem_shangguan,0.0,0.0
3,4,diff__tg10__dw_stem_shishen,0.4664384242832271,1.0
3,4,diff__tg10__dw_stem_zheng_cai,-0.03978221558326637,1.0
3,4,diff__tg10__dw_stem_zheng_guan,0.0,0.0
3,4,diff__tg10__dw_stem_zheng_yin,0.0,0.0
3,4,diff__tg10__sw_branch_hidden_bijian,-0.46105264360635273,1.0
3,4,diff__tg10__sw_branch_hidden_jiecai,0.0,0.0
3,4,diff__tg10__sw_branch_hidden_pian_cai,0.0,0.0
3,4,diff__tg10__sw_branch_hidden_pian_yin,0.0,0.0
3,4,diff__tg10__sw_branch_hidden_qi_sha,0.0,0.0
3,4,diff__tg10__sw_branch_hidden_shangguan,-0.040430452245993204,1.0
3,4,diff__tg10__sw_branch_hidden_shishen,0.07656860771624462,1.0
3,4,diff__tg10__sw_branch_hidden_zheng_cai,0.0,0.0
3,4,diff__tg10__sw_branch_hidden_zheng_guan,0.0,0.0
3,4,diff__tg10__sw_branch_hidden_zheng_yin,0.0,0.0
3,4,diff__tg10__sw_stem_bijian,0.0,0.0
3,4,diff__tg10__sw_stem_jiecai,0.0,0.0
3,4,diff__tg10__sw_stem_pian_cai,0.0,0.0
3,4,diff__tg10__sw_stem_pian_yin,0.0,0.0
3,4,diff__tg10__sw_stem_qi_sha,0.0,0.0
3,4,diff__tg10__sw_stem_shangguan,0.0,0.0
3,4,diff__tg10__sw_stem_shishen,0.0,0.0
3,4,diff__tg10__sw_stem_zheng_cai,0.0,0.0
3,4,diff__tg10__sw_stem_zheng_guan,0.0,0.0
3,4,diff__tg10__sw_stem_zheng_yin,-0.2708741848740681,1.0
3,4,diff__tgxstrength__dw_bijian_strong,0.0,0.0
3,4,diff__tgxstrength__dw_bijian_weak,0.0,0.0
3,4,diff__tgxstrength__dw_jiecai_strong,0.0,0.0
3,4,diff__tgxstrength__dw_jiecai_weak,0.0,0.0
3,4,diff__tgxstrength__dw_pian_cai_strong,0.0,0.0
3,4,diff__tgxstrength__dw_pian_cai_weak,0.0,0.0
3,4,diff__tgxstrength__dw_pian_yin_strong,0.0,0.0
3,4,diff__tgxstrength__dw_pian_yin_weak,0.0,0.0
3,4,diff__tgxstrength__dw_qi_sha_strong,0.0,0.0
3,4,diff__tgxstrength__dw_qi_sha_weak,-0.3185603734264666,1.0
3,4,diff__tgxstrength__dw_shangguan_strong,0.0,0.0
3,4,diff__tgxstrength__dw_shangguan_weak,0.0,0.0
3,4,diff__tgxstrength__dw_shishen_strong,0.0,0.0
3,4,diff__tgxstrength__dw_shishen_weak,0.0,0.0
3,4,diff__tgxstrength__dw_zheng_cai_strong,0.0,0.0
3,4,diff__tgxstrength__dw_zheng_cai_weak,0.0,0.0
3,4,diff__tgxstrength__dw_zheng_guan_strong,0.0,0.0
3,4,diff__tgxstrength__dw_zheng_guan_weak,0.0,0.0
3,4,diff__tgxstrength__dw_zheng_yin_strong,0.0,0.0
3,4,diff__tgxstrength__dw_zheng_yin_weak,0.0,0.0
3,4,diff__tgxstrength__sw_bijian_strong,-0.046770334587812344,1.0
3,4,diff__tgxstrength__sw_bijian_weak,0.591603213795529,1.0
3,4,diff__tgxstrength__sw_jiecai_strong,0.0,0.0
3,4,diff__tgxstrength__sw_jiecai_weak,0.6130451327052864,1.0
3,4,diff__tgxstrength__sw_pian_cai_strong,0.0,0.0
3,4,diff__tgxstrength__sw_pian_cai_weak,0.0,0.0
3,4,diff__tgxstrength__sw_pian_yin_strong,0.0,0.0
3,4,diff__tgxstrength__sw_pian_yin_weak,0.0,0.0
3,4,diff__tgxstrength__sw_qi_sha_strong,0.3136881556721542,1.0
3,4,diff__tgxstrength__sw_qi_sha_weak,-0.11992063982012238,1.0
3,4,diff__tgxstrength__sw_shangguan_strong,0.481722224565416,1.0
3,4,diff__tgxstrength__sw_shangguan_weak,-0.009334512559220853,1.0
3,4,diff__tgxstrength__sw_shishen_strong,0.11881419296674038,1.0
3,4,diff__tgxstrength__sw_shishen_weak,0.0,0.0
3,4,diff__tgxstrength__sw_zheng_cai_strong,-0.0984251184519494,1.0
3,4,diff__tgxstrength__sw_zheng_cai_weak,0.0,0.0
3,4,diff__tgxstrength__sw_zheng_guan_strong,-0.23044059345907958,1.0
3,4,diff__tgxstrength__sw_zheng_guan_weak,0.32939635794376376,1.0
3,4,diff__tgxstrength__sw_zheng_yin_strong,0.0,0.0
3,4,diff__tgxstrength__sw_zheng_yin_weak,-0.30239738647149833,1.0
3,4,diff__unseong__dw_raw_score,0.0,0.0
3,4,diff__unseong__dw_score_x_strength,0.40508597215599673,1.0
3,4,diff__unseong__dw_state_건록,0.0,0.0
3,4,diff__unseong__dw_state_관대,0.0,0.0
3,4,diff__unseong__dw_state_목욕,0.0,0.0
3,4,diff__unseong__dw_state_묘,0.0,0.0
3,4,diff__unseong__dw_state_병,0.0,0.0
3,4,diff__unseong__dw_state_사,0.0,0.0
3,4,diff__unseong__dw_state_쇠,0.0,0.0
3,4,diff__unseong__dw_state_양,0.0,0.0
3,4,diff__unseong__dw_state_장생,0.0,0.0
3,4,diff__unseong__dw_state_절,0.0,0.0
3,4,diff__unseong__dw_state_제왕,0.0,0.0
3,4,diff__unseong__dw_state_태,0.0,0.0
3,4,diff__unseong__sw_raw_score,-0.09999752151641642,1.0
3,4,diff__unseong__sw_score_x_strength,0.0,0.0
3,4,diff__unseong__sw_state_건록,-0.3812151273068842,1.0
3,4,diff__unseong__sw_state_관대,0.0,0.0
3,4,diff__unseong__sw_state_목욕,-0.2249721273619045,1.0
3,4,diff__unseong__sw_state_묘,0.0,0.0
3,4,diff__unseong__sw_state_병,0.572961255260171,1.0
3,4,diff__unseong__sw_state_사,0.0,0.0
3,4,diff__unseong__sw_state_쇠,0.0,0.0
3,4,diff__unseong__sw_state_양,0.0,0.0
3,4,diff__unseong__sw_state_장생,0.0,0.0
3,4,diff__unseong__sw_state_절,0.0,0.0
3,4,diff__unseong__sw_state_제왕,0.0,0.0
3,4,diff__unseong__sw_state_태,0.0,0.0
3,4,diff__yongshin__dw_gi_fit,0.0,0.0
3,4,diff__yongshin__dw_gu_fit,0.0,0.0
3,4,diff__yongshin__dw_hee_fit,0.0,0.0
3,4,diff__yongshin__dw_supplies_fav,-0.15047496420469994,1.0
3,4,diff__yongshin__dw_supplies_unfav,0.0,0.0
3,4,diff__yongshin__dw_yong_branch_fit,0.0,0.0
3,4,diff__yongshin__dw_yong_fit,0.0,0.0
3,4,diff__yongshin__dw_yong_stem_fit,0.18469996667013389,1.0
3,4,diff__yongshin__sw_gi_fit,0.0,0.0
3,4,diff__yongshin__sw_gu_fit,0.11356922414684725,1.0
3,4,diff__yongshin__sw_hee_fit,0.0,0.0
3,4,diff__yongshin__sw_supplies_fav,0.19609278252897275,1.0
3,4,diff__yongshin__sw_supplies_unfav,0.4810676071805966,1.0
3,4,diff__yongshin__sw_yong_branch_fit,0.4919237229887894,1.0
3,4,diff__yongshin__sw_yong_fit,0.0,0.0
3,4,diff__yongshin__sw_yong_stem_fit,0.0,0.0
4,0,diff__basic__dw_branch_丑,0.0,0.0
4,0,diff__basic__dw_branch_亥,0.0,0.0
4,0,diff__basic__dw_branch_午,0.0,0.0
4,0,diff__basic__dw_branch_卯,0.3367482029579098,1.0
4,0,diff__basic__dw_branch_子,0.0,0.0
4,0,diff__basic__dw_branch_寅,-0.17756641267168893,1.0
4,0,diff__basic__dw_branch_巳,0.0,0.0
4,0,diff__basic__dw_branch_戌,0.0,0.0
4,0,diff__basic__dw_branch_未,0.0,0.0
4,0,diff__basic__dw_branch_申,0.0,0.0
4,0,diff__basic__dw_branch_辰,0.0,0.0
4,0,diff__basic__dw_branch_酉,0.0,0.0
4,0,diff__basic__dw_element_earth,0.0,0.0
4,0,diff__basic__dw_element_fire,0.0,0.0
4,0,diff__basic__dw_element_metal,0.0,0.0
4,0,diff__basic__dw_element_water,0.0,0.0
4,0,diff__basic__dw_element_wood,0.0,0.0
4,0,diff__basic__dw_yy_yang,0.0,0.0
4,0,diff__basic__dw_yy_yin,0.0,0.0
4,0,diff__basic__sw_branch_丑,0.0,0.0
4,0,diff__basic__sw_branch_亥,0.0,0.0
4,0,diff__basic__sw_branch_午,-0.13049479909969378,1.0
4,0,diff__basic__sw_branch_卯,-0.09007679447309286,1.0
4,0,diff__basic__sw_branch_子,0.5624834018929333,1.0
4,0,diff__basic__sw_branch_寅,-0.33389720774854414,1.0
4,0,diff__basic__sw_branch_巳,0.38990703572453483,1.0
4,0,diff__basic__sw_branch_戌,0.2140992911375076,1.0
4,0,diff__basic__sw_branch_未,-0.05692052066073873,1.0
4,0,diff__basic__sw_branch_申,0.0,0.0
4,0,diff__basic__sw_branch_辰,0.6336378266116529,1.0
4,0,diff__basic__sw_branch_酉,-0.5021582037100049,1.0
4,0,diff__basic__sw_element_earth,0.0,0.0
4,0,diff__basic__sw_element_fire,0.21399001400067208,1.0
4,0,diff__basic__sw_element_metal,-0.41103672932255586,1.0
4,0,diff__basic__sw_element_water,0.0,0.0
4,0,diff__basic__sw_element_wood,-0.17581506680828954,1.0
4,0,diff__basic__sw_yy_yang,0.023310936800763533,1.0
4,0,diff__basic__sw_yy_yin,-0.023310936800763533,1.0
4,0,diff__relation__dw_branch_break_natal,0.0,0.0
4,0,diff__relation__dw_branch_clash_natal,0.0,0.0
4,0,diff__relation__dw_branch_combine_natal,0.0,0.0
4,0,diff__relation__dw_branch_harm_natal,0.0,0.0
4,0,diff__relation__dw_branch_punish_natal,0.0,0.0
4,0,diff__relation__dw_stem_clash_natal,0.31555738016751766,1.0
4,0,diff__relation__dw_stem_combine_natal,0.0,0.0
4,0,diff__relation__sw_branch_break_natal,-0.13438573394675798,1.0
4,0,diff__relation__sw_branch_clash_natal,0.0,0.0
4,0,diff__relation__sw_branch_combine_natal,0.0,0.0
4,0,diff__relation__sw_branch_harm_natal,0.17573072169308593,1.0
4,0,diff__relation__sw_branch_punish_natal,-0.09990975975107579,1.0
4,0,diff__relation__sw_dw_branch_break,0.0,0.0
4,0,diff__relation__sw_dw_branch_clash,0.6685546448837426,1.0
4,0,diff__relation__sw_dw_branch_combine,0.0,0.0
4,0,diff__relation__sw_dw_branch_harm,0.031992359641262604,1.0
4,0,diff__relation__sw_dw_branch_punish,-0.2961071773354745,1.0
4,0,diff__relation__sw_dw_stem_clash,-0.20146652179234056,1.0
4,0,diff__relation__sw_dw_stem_combine,0.07252732440405547,1.0
4,0,diff__relation__sw_stem_clash_natal,0.0,0.0
4,0,diff__relation__sw_stem_combine_natal,-0.09611580309129585,1.0
4,0,diff__tg10__dw_branch_hidden_bijian,0.0,0.0
4,0,diff__tg10__dw_branch_hidden_jiecai,0.0,0.0
4,0,diff__tg10__dw_branch_hidden_pian_cai,-0.012744225112140335,1.0
4,0,diff__tg10__dw_branch_hidden_pian_yin,0.0,0.0
4,0,diff__tg10__dw_branch_hidden_qi_sha,0.0,0.0
4,0,diff__tg10__dw_branch_hidden_shangguan,0.0,0.0
4,0,diff__tg10__dw_branch_hidden_shishen,-0.00566548379420234,1.0
4,0,diff__tg10__dw_branch_hidden_zheng_cai,-0.14862311737326378,1.0
4,0,diff__tg10__dw_branch_hidden_zheng_guan,0.0,0.0
4,0,diff__tg10__dw_branch_hidden_zheng_yin,0.19518077252803884,1.0
4,0,diff__tg10__dw_stem_bijian,0.508040360743995,1.0
4,0,diff__tg10__dw_stem_jiecai,0.0,0.0
4,0,diff__tg10__dw_stem_pian_cai,0.8986617296746169,1.0
4,0,diff__tg10__dw_stem_pian_yin,0.0,0.0
4,0,diff__tg10__dw_stem_qi_sha,0.0,0.0
4,0,diff__tg10__dw_stem_shangguan,0.0,0.0
4,0,diff__tg10__dw_stem_shishen,0.0,0.0
4,0,diff__tg10__dw_stem_zheng_cai,-0.06198683555376047,1.0
4,0,diff__tg10__dw_stem_zheng_guan,0.0,0.0
4,0,diff__tg10__dw_stem_zheng_yin,0.0,0.0
4,0,diff__tg10__sw_branch_hidden_bijian,0.0,0.0
4,0,diff__tg10__sw_branch_hidden_jiecai,0.0,0.0
4,0,diff__tg10__sw_branch_hidden_pian_cai,0.0,0.0
4,0,diff__tg10__sw_branch_hidden_pian_yin,0.0,0.0
4,0,diff__tg10__sw_branch_hidden_qi_sha,0.0,0.0
4,0,diff__tg10__sw_branch_hidden_shangguan,0.0,0.0
4,0,diff__tg10__sw_branch_hidden_shishen,0.0,0.0
4,0,diff__tg10__sw_branch_hidden_zheng_cai,0.0,0.0
4,0,diff__tg10__sw_branch_hidden_zheng_guan,0.012154510327163928,1.0
4,0,diff__tg10__sw_branch_hidden_zheng_yin,0.0,0.0
4,0,diff__tg10__sw_stem_bijian,0.0,0.0
4,0,diff__tg10__sw_stem_jiecai,0.0,0.0
4,0,diff__tg10__sw_stem_pian_cai,0.0,0.0
4,0,diff__tg10__sw_stem_pian_yin,0.13667534444831664,1.0
4,0,diff__tg10__sw_stem_qi_sha,0.0,0.0
4,0,diff__tg10__sw_stem_shangguan,0.18668020812247754,1.0
4,0,diff__tg10__sw_stem_shishen,0.0,0.0
4,0,diff__tg10__sw_stem_zheng_cai,0.0,0.0
4,0,diff__tg10__sw_stem_zheng_guan,0.0,0.0
4,0,diff__tg10__sw_stem_zheng_yin,-0.20209311148141193,1.0
4,0,diff__tgxstrength__dw_bijian_strong,0.0,0.0
4,0,diff__tgxstrength__dw_bijian_weak,0.0,0.0
4,0,diff__tgxstrength__dw_jiecai_strong,0.0,0.0
4,0,diff__tgxstrength__dw_jiecai_weak,0.1003655354782749,1.0
4,0,diff__tgxstrength__dw_pian_cai_strong,0.0,0.0
4,0,diff__tgxstrength__dw_pian_cai_weak,0.0,0.0
4,0,diff__tgxstrength__dw_pian_yin_strong,0.0,0.0
4,0,diff__tgxstrength__dw_pian_yin_weak,0.0,0.0
4,0,diff__tgxstrength__dw_qi_sha_strong,0.0,0.0
4,0,diff__tgxstrength__dw_qi_sha_weak,0.0,0.0
4,0,diff__tgxstrength__dw_shangguan_strong,0.0,0.0
4,0,diff__tgxstrength__dw_shangguan_weak,0.0,0.0
4,0,diff__tgxstrength__dw_shishen_strong,0.0780425576438781,1.0
4,0,diff__tgxstrength__dw_shishen_weak,-0.30683888307647855,1.0
4,0,diff__tgxstrength__dw_zheng_cai_strong,-0.1957668468251801,1.0
4,0,diff__tgxstrength__dw_zheng_cai_weak,0.0,0.0
4,0,diff__tgxstrength__dw_zheng_guan_strong,-0.33103485346089895,1.0
4,0,diff__tgxstrength__dw_zheng_guan_weak,0.0,0.0
4,0,diff__tgxstrength__dw_zheng_yin_strong,0.0,0.0
4,0,diff__tgxstrength__dw_zheng_yin_weak,0.0,0.0
4,0,diff__tgxstrength__sw_bijian_strong,-0.23486511815598188,1.0
4,0,diff__tgxstrength__sw_bijian_weak,0.07756267549927776,1.0
4,0,diff__tgxstrength__sw_jiecai_strong,0.0,0.0
4,0,diff__tgxstrength__sw_jiecai_weak,0.1474046782594273,1.0
4,0,diff__tgxstrength__sw_pian_cai_strong,0.0,0.0
4,0,diff__tgxstrength__sw_pian_cai_weak,-0.04783998957218636,1.0
4,0,diff__tgxstrength__sw_pian_yin_strong,0.0,0.0
4,0,diff__tgxstrength__sw_pian_yin_weak,0.1284414036673317,1.0
4,0,diff__tgxstrength__sw_qi_sha_strong,0.03333279516078233,1.0
4,0,diff__tgxstrength__sw_qi_sha_weak,-0.46038608739406095,1.0
4,0,diff__tgxstrength__sw_shangguan_strong,0.4167400578152592,1.0
4,0,diff__tgxstrength__sw_shangguan_weak,0.0,0.0
4,0,diff__tgxstrength__sw_shishen_strong,0.3038939160917319,1.0
4,0,diff__tgxstrength__sw_shishen_weak,0.0,0.0
4,0,diff__tgxstrength__sw_zheng_cai_strong,-0.05866292838783762,1.0
4,0,diff__tgxstrength__sw_zheng_cai_weak,0.0,0.0
4,0,diff__tgxstrength__sw_zheng_guan_strong,-0.05440749808216543,1.0
4,0,diff__tgxstrength__sw_zheng_guan_weak,0.3576166562992274,1.0
4,0,diff__tgxstrength__sw_zheng_yin_strong,0.0,0.0
4,0,diff__tgxstrength__sw_zheng_yin_weak,-0.31602843034498607,1.0
4,0,diff__unseong__dw_raw_score,0.0,0.0
4,0,diff__unseong__dw_score_x_strength,0.5473220980276081,1.0
4,0,diff__unseong__dw_state_건록,0.0,0.0
4,0,diff__unseong__dw_state_관대,0.0,0.0
4,0,diff__unseong__dw_state_목욕,0.0,0.0
4,0,diff__unseong__dw_state_묘,0.0,0.0
4,0,diff__unseong__dw_state_병,0.0,0.0
4,0,diff__unseong__dw_state_사,0.0,0.0
4,0,diff__unseong__dw_state_쇠,0.0,0.0
4,0,diff__unseong__dw_state_양,0.0,0.0
4,0,diff__unseong__dw_state_장생,0.0,0.0
4,0,diff__unseong__dw_state_절,0.0,0.0
4,0,diff__unseong__dw_state_제왕,0.0,0.0
4,0,diff__unseong__dw_state_태,0.0,0.0
4,0,diff__unseong__sw_raw_score,-0.2063102480398435,1.0
4,0,diff__unseong__sw_score_x_strength,0.252707183953213,1.0
4,0,diff__unseong__sw_state_건록,-0.4549299013591347,1.0
4,0,diff__unseong__sw_state_관대,0.0,0.0
4,0,diff__unseong__sw_state_목욕,0.0,0.0
4,0,diff__unseong__sw_state_묘,0.004555269204902647,1.0
4,0,diff__unseong__sw_state_병,0.3351237286596725,1.0
4,0,diff__unseong__sw_state_사,0.0,0.0
4,0,diff__unseong__sw_state_쇠,0.0,0.0
4,0,diff__unseong__sw_state_양,0.0,0.0
4,0,diff__unseong__sw_state_장생,0.0,0.0
4,0,diff__unseong__sw_state_절,0.0,0.0
4,0,diff__unseong__sw_state_제왕,0.0,0.0
4,0,diff__unseong__sw_state_태,0.0,0.0
4,0,diff__yongshin__dw_gi_fit,0.0,0.0
4,0,diff__yongshin__dw_gu_fit,0.0,0.0
4,0,diff__yongshin__dw_hee_fit,0.0,0.0
4,0,diff__yongshin__dw_supplies_fav,-0.10983487265998643,1.0
4,0,diff__yongshin__dw_supplies_unfav,0.0,0.0
4,0,diff__yongshin__dw_yong_branch_fit,-0.18582413267656947,1.0
4,0,diff__yongshin__dw_yong_fit,0.0,0.0
4,0,diff__yongshin__dw_yong_stem_fit,0.0,0.0
4,0,diff__yongshin__sw_gi_fit,0.2753980784605252,1.0
4,0,diff__yongshin__sw_gu_fit,0.0,0.0
4,0,diff__yongshin__sw_hee_fit,0.0,0.0
4,0,diff__yongshin__sw_supplies_fav,0.06477813801223359,1.0
4,0,diff__yongshin__sw_supplies_unfav,0.19818803572655944,1.0
4,0,diff__yongshin__sw_yong_branch_fit,0.29198122732593856,1.0
4,0,diff__yongshin__sw_yong_fit,0.0,0.0
4,0,diff__yongshin__sw_yong_stem_fit,0.0,0.0
4,1,diff__basic__dw_branch_丑,0.0,0.0
4,1,diff__basic__dw_branch_亥,0.0,0.0
4,1,diff__basic__dw_branch_午,0.0,0.0
4,1,diff__basic__dw_branch_卯,0.02221073993550364,1.0
4,1,diff__basic__dw_branch_子,0.0,0.0
4,1,diff__basic__dw_branch_寅,0.0,0.0
4,1,diff__basic__dw_branch_巳,0.0,0.0
4,1,diff__basic__dw_branch_戌,0.0,0.0
4,1,diff__basic__dw_branch_未,-0.058096866722267465,1.0
4,1,diff__basic__dw_branch_申,-0.007046983145003695,1.0
4,1,diff__basic__dw_branch_辰,0.0,0.0
4,1,diff__basic__dw_branch_酉,0.0285284731158215,1.0
4,1,diff__basic__dw_element_earth,0.0,0.0
4,1,diff__basic__dw_element_fire,0.0,0.0
4,1,diff__basic__dw_element_metal,0.0,0.0
4,1,diff__basic__dw_element_water,0.0,0.0
4,1,diff__basic__dw_element_wood,0.0,0.0
4,1,diff__basic__dw_yy_yang,0.0,0.0
4,1,diff__basic__dw_yy_yin,0.0,0.0
4,1,diff__basic__sw_branch_丑,0.0,0.0
4,1,diff__basic__sw_branch_亥,0.0,0.0
4,1,diff__basic__sw_branch_午,0.0,0.0
4,1,diff__basic__sw_branch_卯,0.0,0.0
4,1,diff__basic__sw_branch_子,0.0,0.0
4,1,diff__basic__sw_branch_寅,0.0,0.0
4,1,diff__basic__sw_branch_巳,0.25717533616846855,1.0
4,1,diff__basic__sw_branch_戌,0.0,0.0
4,1,diff__basic__sw_branch_未,0.0,0.0
4,1,diff__basic__sw_branch_申,0.0,0.0
4,1,diff__basic__sw_branch_辰,0.18544443303741068,1.0
4,1,diff__basic__sw_branch_酉,-0.3113359061878488,1.0
4,1,diff__basic__sw_element_earth,0.11911023580406278,1.0
4,1,diff__basic__sw_element_fire,0.10989319211493381,1.0
4,1,diff__basic__sw_element_metal,-0.07714435487366256,1.0
4,1,diff__basic__sw_element_water,0.0,0.0
4,1,diff__basic__sw_element_wood,-0.06739268976814135,1.0
4,1,diff__basic__sw_yy_yang,0.0,0.0
4,1,diff__basic__sw_yy_yin,0.0,0.0
4,1,diff__relation__dw_branch_break_natal,0.0,0.0
4,1,diff__relation__dw_branch_clash_natal,0.0,0.0
4,1,diff__relation__dw_branch_combine_natal,0.0,0.0
4,1,diff__relation__dw_branch_harm_natal,0.0,0.0
4,1,diff__relation__dw_branch_punish_natal,0.0,0.0
4,1,diff__relation__dw_stem_clash_natal,0.19363399052204777,1.0
4,1,diff__relation__dw_stem_combine_natal,0.0,0.0
4,1,diff__relation__sw_branch_break_natal,-0.0010170802923715487,1.0
4,1,diff__relation__sw_branch_clash_natal,0.0,0.0
4,1,diff__relation__sw_branch_combine_natal,0.0,0.0
4,1,diff__relation__sw_branch_harm_natal,0.1363644294539962,1.0
4,1,diff__relation__sw_branch_punish_natal,-0.10153935629284805,1.0
4,1,diff__relation__sw_dw_branch_break,0.0,0.0
4,1,diff__relation__sw_dw_branch_clash,0.43457624044691767,1.0
4,1,diff__relation__sw_dw_branch_combine,0.0,0.0
4,1,diff__relation__sw_dw_branch_harm,0.0,0.0
4,1,diff__relation__sw_dw_branch_punish,-0.09879667387860872,1.0
4,1,diff__relation__sw_dw_stem_clash,-0.08763782027582395,1.0
4,1,diff__relation__sw_dw_stem_combine,0.11734247740709286,1.0
4,1,diff__relation__sw_stem_clash_natal,0.0,0.0
4,1,diff__relation__sw_stem_combine_natal,0.0,0.0
4,1,diff__tg10__dw_branch_hidden_bijian,0.0,0.0
4,1,diff__tg10__dw_branch_hidden_jiecai,0.07955367195239564,1.0
4,1,diff__tg10__dw_branch_hidden_pian_cai,0.0,0.0
4,1,diff__tg10__dw_branch_hidden_pian_yin,0.0,0.0
4,1,diff__tg10__dw_branch_hidden_qi_sha,0.0,0.0
4,1,diff__tg10__dw_branch_hidden_shangguan,0.0,0.0
4,1,diff__tg10__dw_branch_hidden_shishen,-0.024080733293724135,1.0
4,1,diff__tg10__dw_branch_hidden_zheng_cai,-0.22825056462014692,1.0
4,1,diff__tg10__dw_branch_hidden_zheng_guan,-0.14070466189568015,1.0
4,1,diff__tg10__dw_branch_hidden_zheng_yin,0.0,0.0
4,1,diff__tg10__dw_stem_bijian,0.2726338493812711,1.0
4,1,diff__tg10__dw_stem_jiecai,0.0,0.0
4,1,diff__tg10__dw_stem_pian_cai,0.4851421811620262,1.0
4,1,diff__tg10__dw_stem_pian_yin,0.0,0.0
4,1,diff__tg10__dw_stem_qi_sha,0.0,0.0
4,1,diff__tg10__dw_stem_shangguan,0.0,0.0
4,1,diff__tg10__dw_stem_shishen,0.0,0.0
4,1,diff__tg10__dw_stem_zheng_cai,0.0,0.0
4,1,diff__tg10__dw_stem_zheng_guan,0.0,0.0
4,1,diff__tg10__dw_stem_zheng_yin,0.0,0.0
4,1,diff__tg10__sw_branch_hidden_bijian,-0.07941640908229082,1.0
4,1,diff__tg10__sw_branch_hidden_jiecai,0.0,0.0
4,1,diff__tg10__sw_branch_hidden_pian_cai,0.0,0.0
4,1,diff__tg10__sw_branch_hidden_pian_yin,-0.20494480963939227,1.0
4,1,diff__tg10__sw_branch_hidden_qi_sha,0.010002662550685059,1.0
4,1,diff__tg10__sw_branch_hidden_shangguan,0.0,0.0
4,1,diff__tg10__sw_branch_hidden_shishen,0.06998359215682466,1.0
4,1,diff__tg10__sw_branch_hidden_zheng_cai,0.0660451171316509,1.0
4,1,diff__tg10__sw_branch_hidden_zheng_guan,0.0,0.0
4,1,diff__tg10__sw_branch_hidden_zheng_yin,0.0,0.0
4,1,diff__tg10__sw_stem_bijian,0.0,0.0
4,1,diff__tg10__sw_stem_jiecai,0.038684067352615356,1.0
4,1,diff__tg10__sw_stem_pian_cai,-0.1456740342070873,1.0
4,1,diff__tg10__sw_stem_pian_yin,0.0,0.0
4,1,diff__tg10__sw_stem_qi_sha,0.0,0.0
4,1,diff__tg10__sw_stem_shangguan,0.0,0.0
4,1,diff__tg10__sw_stem_shishen,0.0,0.0
4,1,diff__tg10__sw_stem_zheng_cai,-0.08031245119421612,1.0
4,1,diff__tg10__sw_stem_zheng_guan,0.0,0.0
4,1,diff__tg10__sw_stem_zheng_yin,0.0,0.0
4,1,diff__tgxstrength__dw_bijian_strong,0.18352407782036875,1.0
4,1,diff__tgxstrength__dw_bijian_weak,0.0,0.0
4,1,diff__tgxstrength__dw_jiecai_strong,0.0,0.0
4,1,diff__tgxstrength__dw_jiecai_weak,0.0,0.0
4,1,diff__tgxstrength__dw_pian_cai_strong,0.0018236392566261463,1.0
4,1,diff__tgxstrength__dw_pian_cai_weak,0.0,0.0
4,1,diff__tgxstrength__dw_pian_yin_strong,0.0,0.0
4,1,diff__tgxstrength__dw_pian_yin_weak,0.0,0.0
4,1,diff__tgxstrength__dw_qi_sha_strong,0.0,0.0
4,1,diff__tgxstrength__dw_qi_sha_weak,0.0,0.0
4,1,diff__tgxstrength__dw_shangguan_strong,0.0,0.0
4,1,diff__tgxstrength__dw_shangguan_weak,0.0,0.0
4,1,diff__tgxstrength__dw_shishen_strong,0.043244691031442205,1.0
4,1,diff__tgxstrength__dw_shishen_weak,0.0,0.0
4,1,diff__tgxstrength__dw_zheng_cai_strong,0.0,0.0
4,1,diff__tgxstrength__dw_zheng_cai_weak,0.0,0.0
4,1,diff__tgxstrength__dw_zheng_guan_strong,-0.04625833273500031,1.0
4,1,diff__tgxstrength__dw_zheng_guan_weak,0.0,0.0
4,1,diff__tgxstrength__dw_zheng_yin_strong,-0.04478870505370805,1.0
4,1,diff__tgxstrength__dw_zheng_yin_weak,0.0,0.0
4,1,diff__tgxstrength__sw_bijian_strong,-0.06940694677182119,1.0
4,1,diff__tgxstrength__sw_bijian_weak,0.015185800141424403,1.0
4,1,diff__tgxstrength__sw_jiecai_strong,0.0,0.0
4,1,diff__tgxstrength__sw_jiecai_weak,0.1967375033920775,1.0
4,1,diff__tgxstrength__sw_pian_cai_strong,0.0,0.0
4,1,diff__tgxstrength__sw_pian_cai_weak,-0.11063307767922205,1.0
4,1,diff__tgxstrength__sw_pian_yin_strong,0.0,0.0
4,1,diff__tgxstrength__sw_pian_yin_weak,0.0,0.0
4,1,diff__tgxstrength__sw_qi_sha_strong,0.10827254462758118,1.0
4,1,diff__tgxstrength__sw_qi_sha_weak,-0.052300328140000206,1.0
4,1,diff__tgxstrength__sw_shangguan_strong,0.2566712723863091,1.0
4,1,diff__tgxstrength__sw_shangguan_weak,-0.09869687826716134,1.0
4,1,diff__tgxstrength__sw_shishen_strong,0.0,0.0
4,1,diff__tgxstrength__sw_shishen_weak,0.0,0.0
4,1,diff__tgxstrength__sw_zheng_cai_strong,0.0,0.0
4,1,diff__tgxstrength__sw_zheng_cai_weak,0.0,0.0
4,1,diff__tgxstrength__sw_zheng_guan_strong,0.0,0.0
4,1,diff__tgxstrength__sw_zheng_guan_weak,0.0,0.0
4,1,diff__tgxstrength__sw_zheng_yin_strong,0.0,0.0
4,1,diff__tgxstrength__sw_zheng_yin_weak,0.0,0.0
4,1,diff__unseong__dw_raw_score,0.0,0.0
4,1,diff__unseong__dw_score_x_strength,0.0360032052816211,1.0
4,1,diff__unseong__dw_state_건록,0.0,0.0
4,1,diff__unseong__dw_state_관대,0.0,0.0
4,1,diff__unseong__dw_state_목욕,0.0,0.0
4,1,diff__unseong__dw_state_묘,-0.060421492926537125,1.0
4,1,diff__unseong__dw_state_병,0.0,0.0
4,1,diff__unseong__dw_state_사,0.0,0.0
4,1,diff__unseong__dw_state_쇠,0.0,0.0
4,1,diff__unseong__dw_state_양,0.0,0.0
4,1,diff__unseong__dw_state_장생,0.0,0.0
4,1,diff__unseong__dw_state_절,0.020843078392538805,1.0
4,1,diff__unseong__dw_state_제왕,0.0,0.0
4,1,diff__unseong__dw_state_태,0.0,0.0
4,1,diff__unseong__sw_raw_score,-0.3489599036606369,1.0
4,1,diff__unseong__sw_score_x_strength,0.0937519343265425,1.0
4,1,diff__unseong__sw_state_건록,-0.2164390523858792,1.0
4,1,diff__unseong__sw_state_관대,0.0,0.0
4,1,diff__unseong__sw_state_목욕,0.0,0.0
4,1,diff__unseong__sw_state_묘,0.0,0.0
4,1,diff__unseong__sw_state_병,0.2448184619682153,1.0
4,1,diff__unseong__sw_state_사,0.0,0.0
4,1,diff__unseong__sw_state_쇠,0.0,0.0
4,1,diff__unseong__sw_state_양,0.14109531536270897,1.0
4,1,diff__unseong__sw_state_장생,-0.039258507543815685,1.0
4,1,diff__unseong__sw_state_절,0.0,0.0
4,1,diff__unseong__sw_state_제왕,0.0,0.0
4,1,diff__unseong__sw_state_태,0.0,0.0
4,1,diff__yongshin__dw_gi_fit,0.0,0.0
4,1,diff__yongshin__dw_gu_fit,0.0,0.0
4,1,diff__yongshin__dw_hee_fit,0.0,0.0
4,1,diff__yongshin__dw_supplies_fav,0.0,0.0
4,1,diff__yongshin__dw_supplies_unfav,0.0,0.0
4,1,diff__yongshin__dw_yong_branch_fit,-0.1840553234186797,1.0
4,1,diff__yongshin__dw_yong_fit,0.0,0.0
4,1,diff__yongshin__dw_yong_stem_fit,0.0,0.0
4,1,diff__yongshin__sw_gi_fit,0.07146640102847737,1.0
4,1,diff__yongshin__sw_gu_fit,0.0,0.0
4,1,diff__yongshin__sw_hee_fit,-0.12138401428819258,1.0
4,1,diff__yongshin__sw_supplies_fav,0.0,0.0
4,1,diff__yongshin__sw_supplies_unfav,0.10508782437434294,1.0
4,1,diff__yongshin__sw_yong_branch_fit,0.007621514657581727,1.0
4,1,diff__yongshin__sw_yong_fit,0.0,0.0
4,1,diff__yongshin__sw_yong_stem_fit,0.0,0.0
4,2,diff__basic__dw_branch_丑,0.0,0.0
4,2,diff__basic__dw_branch_亥,0.0,0.0
4,2,diff__basic__dw_branch_午,0.0,0.0
4,2,diff__basic__dw_branch_卯,0.0,0.0
4,2,diff__basic__dw_branch_子,0.0,0.0
4,2,diff__basic__dw_branch_寅,0.0,0.0
4,2,diff__basic__dw_branch_戌,0.0,0.0
4,2,diff__basic__dw_branch_未,0.0,0.0
4,2,diff__basic__dw_branch_申,0.0,0.0
4,2,diff__basic__dw_branch_辰,0.0,0.0
4,2,diff__basic__dw_branch_酉,0.0,0.0
4,2,diff__basic__dw_element_earth,0.0,0.0
4,2,diff__basic__dw_element_fire,0.0,0.0
4,2,diff__basic__dw_element_metal,0.0,0.0
4,2,diff__basic__dw_element_water,0.0,0.0
4,2,diff__basic__dw_element_wood,0.0,0.0
4,2,diff__basic__dw_yy_yang,0.0,0.0
4,2,diff__basic__dw_yy_yin,0.0,0.0
4,2,diff__basic__sw_branch_丑,0.0,0.0
4,2,diff__basic__sw_branch_亥,0.0,0.0
4,2,diff__basic__sw_branch_午,0.0,0.0
4,2,diff__basic__sw_branch_卯,0.0,0.0
4,2,diff__basic__sw_branch_子,0.0,0.0
4,2,diff__basic__sw_branch_寅,0.0,0.0
4,2,diff__basic__sw_branch_巳,0.0,0.0
4,2,diff__basic__sw_branch_戌,0.0,0.0
4,2,diff__basic__sw_branch_未,0.0,0.0
4,2,diff__basic__sw_branch_申,0.0,0.0
4,2,diff__basic__sw_branch_辰,0.0,0.0
4,2,diff__basic__sw_branch_酉,0.0,0.0
4,2,diff__basic__sw_element_earth,0.0,0.0
4,2,diff__basic__sw_element_fire,0.0,0.0
4,2,diff__basic__sw_element_metal,0.0,0.0
4,2,diff__basic__sw_element_water,0.0,0.0
4,2,diff__basic__sw_element_wood,0.0,0.0
4,2,diff__basic__sw_yy_yang,0.0,0.0
4,2,diff__basic__sw_yy_yin,0.0,0.0
4,2,diff__relation__dw_branch_break_natal,0.0,0.0
4,2,diff__relation__dw_branch_clash_natal,0.0,0.0
4,2,diff__relation__dw_branch_combine_natal,0.0,0.0
4,2,diff__relation__dw_branch_harm_natal,0.0,0.0
4,2,diff__relation__dw_branch_punish_natal,0.0,0.0
4,2,diff__relation__dw_stem_clash_natal,0.0,0.0
4,2,diff__relation__dw_stem_combine_natal,0.0,0.0
4,2,diff__relation__sw_branch_break_natal,0.0,0.0
4,2,diff__relation__sw_branch_clash_natal,0.0,0.0
4,2,diff__relation__sw_branch_combine_natal,0.0,0.0
4,2,diff__relation__sw_branch_harm_natal,0.0,0.0
4,2,diff__relation__sw_branch_punish_natal,0.0,0.0
4,2,diff__relation__sw_dw_branch_break,0.0,0.0
4,2,diff__relation__sw_dw_branch_clash,0.0,0.0
4,2,diff__relation__sw_dw_branch_combine,0.0,0.0
4,2,diff__relation__sw_dw_branch_harm,0.0,0.0
4,2,diff__relation__sw_dw_branch_punish,0.0,0.0
4,2,diff__relation__sw_dw_stem_clash,0.0,0.0
4,2,diff__relation__sw_dw_stem_combine,0.0,0.0
4,2,diff__relation__sw_stem_clash_natal,0.0,0.0
4,2,diff__relation__sw_stem_combine_natal,0.0,0.0
4,2,diff__tg10__dw_branch_hidden_bijian,0.0,0.0
4,2,diff__tg10__dw_branch_hidden_jiecai,0.0,0.0
4,2,diff__tg10__dw_branch_hidden_pian_cai,0.0,0.0
4,2,diff__tg10__dw_branch_hidden_pian_yin,0.0,0.0
4,2,diff__tg10__dw_branch_hidden_qi_sha,0.0,0.0
4,2,diff__tg10__dw_branch_hidden_shangguan,0.0,0.0
4,2,diff__tg10__dw_branch_hidden_shishen,0.0,0.0
4,2,diff__tg10__dw_branch_hidden_zheng_cai,0.0,0.0
4,2,diff__tg10__dw_branch_hidden_zheng_guan,0.0,0.0
4,2,diff__tg10__dw_branch_hidden_zheng_yin,0.0,0.0
4,2,diff__tg10__dw_stem_bijian,0.0,0.0
4,2,diff__tg10__dw_stem_jiecai,0.0,0.0
4,2,diff__tg10__dw_stem_pian_cai,0.0,0.0
4,2,diff__tg10__dw_stem_pian_yin,0.0,0.0
4,2,diff__tg10__dw_stem_qi_sha,0.0,0.0
4,2,diff__tg10__dw_stem_shangguan,0.0,0.0
4,2,diff__tg10__dw_stem_shishen,0.0,0.0
4,2,diff__tg10__dw_stem_zheng_cai,0.0,0.0
4,2,diff__tg10__dw_stem_zheng_guan,0.0,0.0
4,2,diff__tg10__dw_stem_zheng_yin,0.0,0.0
4,2,diff__tg10__sw_branch_hidden_bijian,0.0,0.0
4,2,diff__tg10__sw_branch_hidden_jiecai,0.0,0.0
4,2,diff__tg10__sw_branch_hidden_pian_cai,0.0,0.0
4,2,diff__tg10__sw_branch_hidden_pian_yin,0.0,0.0
4,2,diff__tg10__sw_branch_hidden_qi_sha,0.0,0.0
4,2,diff__tg10__sw_branch_hidden_shangguan,0.0,0.0
4,2,diff__tg10__sw_branch_hidden_shishen,0.0,0.0
4,2,diff__tg10__sw_branch_hidden_zheng_cai,0.0,0.0
4,2,diff__tg10__sw_branch_hidden_zheng_guan,0.0,0.0
4,2,diff__tg10__sw_branch_hidden_zheng_yin,0.0,0.0
4,2,diff__tg10__sw_stem_bijian,0.0,0.0
4,2,diff__tg10__sw_stem_jiecai,0.0,0.0
4,2,diff__tg10__sw_stem_pian_cai,0.0,0.0
4,2,diff__tg10__sw_stem_pian_yin,0.0,0.0
4,2,diff__tg10__sw_stem_qi_sha,0.0,0.0
4,2,diff__tg10__sw_stem_shangguan,0.0,0.0
4,2,diff__tg10__sw_stem_shishen,0.0,0.0
4,2,diff__tg10__sw_stem_zheng_cai,0.0,0.0
4,2,diff__tg10__sw_stem_zheng_guan,0.0,0.0
4,2,diff__tg10__sw_stem_zheng_yin,0.0,0.0
4,2,diff__tgxstrength__dw_bijian_strong,0.0,0.0
4,2,diff__tgxstrength__dw_bijian_weak,0.0,0.0
4,2,diff__tgxstrength__dw_jiecai_strong,0.0,0.0
4,2,diff__tgxstrength__dw_jiecai_weak,0.0,0.0
4,2,diff__tgxstrength__dw_pian_cai_strong,0.0,0.0
4,2,diff__tgxstrength__dw_pian_cai_weak,0.0,0.0
4,2,diff__tgxstrength__dw_pian_yin_strong,0.0,0.0
4,2,diff__tgxstrength__dw_pian_yin_weak,0.0,0.0
4,2,diff__tgxstrength__dw_qi_sha_strong,0.0,0.0
4,2,diff__tgxstrength__dw_qi_sha_weak,0.0,0.0
4,2,diff__tgxstrength__dw_shangguan_strong,0.0,0.0
4,2,diff__tgxstrength__dw_shangguan_weak,0.0,0.0
4,2,diff__tgxstrength__dw_shishen_strong,0.0,0.0
4,2,diff__tgxstrength__dw_shishen_weak,0.0,0.0
4,2,diff__tgxstrength__dw_zheng_cai_strong,0.0,0.0
4,2,diff__tgxstrength__dw_zheng_cai_weak,0.0,0.0
4,2,diff__tgxstrength__dw_zheng_guan_strong,0.0,0.0
4,2,diff__tgxstrength__dw_zheng_guan_weak,0.0,0.0
4,2,diff__tgxstrength__dw_zheng_yin_strong,0.0,0.0
4,2,diff__tgxstrength__dw_zheng_yin_weak,0.0,0.0
4,2,diff__tgxstrength__sw_bijian_strong,0.0,0.0
4,2,diff__tgxstrength__sw_bijian_weak,0.0,0.0
4,2,diff__tgxstrength__sw_jiecai_strong,0.0,0.0
4,2,diff__tgxstrength__sw_jiecai_weak,0.0,0.0
4,2,diff__tgxstrength__sw_pian_cai_strong,0.0,0.0
4,2,diff__tgxstrength__sw_pian_cai_weak,0.0,0.0
4,2,diff__tgxstrength__sw_pian_yin_strong,0.0,0.0
4,2,diff__tgxstrength__sw_pian_yin_weak,0.0,0.0
4,2,diff__tgxstrength__sw_qi_sha_strong,0.0,0.0
4,2,diff__tgxstrength__sw_qi_sha_weak,0.0,0.0
4,2,diff__tgxstrength__sw_shangguan_strong,0.0,0.0
4,2,diff__tgxstrength__sw_shangguan_weak,0.0,0.0
4,2,diff__tgxstrength__sw_shishen_strong,0.0,0.0
4,2,diff__tgxstrength__sw_shishen_weak,0.0,0.0
4,2,diff__tgxstrength__sw_zheng_cai_strong,0.0,0.0
4,2,diff__tgxstrength__sw_zheng_cai_weak,0.0,0.0
4,2,diff__tgxstrength__sw_zheng_guan_strong,0.0,0.0
4,2,diff__tgxstrength__sw_zheng_guan_weak,0.0,0.0
4,2,diff__tgxstrength__sw_zheng_yin_strong,0.0,0.0
4,2,diff__tgxstrength__sw_zheng_yin_weak,0.0,0.0
4,2,diff__unseong__dw_raw_score,0.0,0.0
4,2,diff__unseong__dw_score_x_strength,0.0,0.0
4,2,diff__unseong__dw_state_건록,0.0,0.0
4,2,diff__unseong__dw_state_관대,0.0,0.0
4,2,diff__unseong__dw_state_목욕,0.0,0.0
4,2,diff__unseong__dw_state_묘,0.0,0.0
4,2,diff__unseong__dw_state_병,0.0,0.0
4,2,diff__unseong__dw_state_사,0.0,0.0
4,2,diff__unseong__dw_state_쇠,0.0,0.0
4,2,diff__unseong__dw_state_양,0.0,0.0
4,2,diff__unseong__dw_state_장생,0.0,0.0
4,2,diff__unseong__dw_state_절,0.0,0.0
4,2,diff__unseong__dw_state_제왕,0.0,0.0
4,2,diff__unseong__dw_state_태,0.0,0.0
4,2,diff__unseong__sw_raw_score,0.0,0.0
4,2,diff__unseong__sw_score_x_strength,0.0,0.0
4,2,diff__unseong__sw_state_건록,0.0,0.0
4,2,diff__unseong__sw_state_관대,0.0,0.0
4,2,diff__unseong__sw_state_목욕,0.0,0.0
4,2,diff__unseong__sw_state_묘,0.0,0.0
4,2,diff__unseong__sw_state_병,0.0,0.0
4,2,diff__unseong__sw_state_사,0.0,0.0
4,2,diff__unseong__sw_state_쇠,0.0,0.0
4,2,diff__unseong__sw_state_양,0.0,0.0
4,2,diff__unseong__sw_state_장생,0.0,0.0
4,2,diff__unseong__sw_state_절,0.0,0.0
4,2,diff__unseong__sw_state_제왕,0.0,0.0
4,2,diff__unseong__sw_state_태,0.0,0.0
4,2,diff__yongshin__dw_gi_fit,0.0,0.0
4,2,diff__yongshin__dw_gu_fit,0.0,0.0
4,2,diff__yongshin__dw_hee_fit,0.0,0.0
4,2,diff__yongshin__dw_supplies_fav,0.0,0.0
4,2,diff__yongshin__dw_supplies_unfav,0.0,0.0
4,2,diff__yongshin__dw_yong_branch_fit,0.0,0.0
4,2,diff__yongshin__dw_yong_fit,0.0,0.0
4,2,diff__yongshin__dw_yong_stem_fit,0.0,0.0
4,2,diff__yongshin__sw_gi_fit,0.0,0.0
4,2,diff__yongshin__sw_gu_fit,0.0,0.0
4,2,diff__yongshin__sw_hee_fit,0.0,0.0
4,2,diff__yongshin__sw_supplies_fav,0.0,0.0
4,2,diff__yongshin__sw_supplies_unfav,0.0,0.0
4,2,diff__yongshin__sw_yong_branch_fit,0.0,0.0
4,2,diff__yongshin__sw_yong_fit,0.0,0.0
4,2,diff__yongshin__sw_yong_stem_fit,0.0,0.0
4,3,diff__basic__dw_branch_丑,0.0,0.0
4,3,diff__basic__dw_branch_亥,0.0,0.0
4,3,diff__basic__dw_branch_午,0.0,0.0
4,3,diff__basic__dw_branch_卯,0.0,0.0
4,3,diff__basic__dw_branch_子,0.0,0.0
4,3,diff__basic__dw_branch_寅,0.0,0.0
4,3,diff__basic__dw_branch_巳,0.0,0.0
4,3,diff__basic__dw_branch_戌,0.0,0.0
4,3,diff__basic__dw_branch_未,0.0,0.0
4,3,diff__basic__dw_branch_申,0.0,0.0
4,3,diff__basic__dw_branch_辰,0.0,0.0
4,3,diff__basic__dw_branch_酉,0.0,0.0
4,3,diff__basic__dw_element_earth,0.0,0.0
4,3,diff__basic__dw_element_fire,0.0,0.0
4,3,diff__basic__dw_element_metal,0.0,0.0
4,3,diff__basic__dw_element_water,0.0,0.0
4,3,diff__basic__dw_element_wood,0.0,0.0
4,3,diff__basic__dw_yy_yang,0.0,0.0
4,3,diff__basic__dw_yy_yin,0.0,0.0
4,3,diff__basic__sw_branch_丑,0.0,0.0
4,3,diff__basic__sw_branch_亥,0.0,0.0
4,3,diff__basic__sw_branch_午,0.0,0.0
4,3,diff__basic__sw_branch_卯,0.0,0.0
4,3,diff__basic__sw_branch_子,0.0,0.0
4,3,diff__basic__sw_branch_寅,0.0,0.0
4,3,diff__basic__sw_branch_巳,0.0,0.0
4,3,diff__basic__sw_branch_戌,0.0,0.0
4,3,diff__basic__sw_branch_未,0.0,0.0
4,3,diff__basic__sw_branch_申,0.0,0.0
4,3,diff__basic__sw_branch_辰,0.0,0.0
4,3,diff__basic__sw_branch_酉,0.0,0.0
4,3,diff__basic__sw_element_earth,0.0,0.0
4,3,diff__basic__sw_element_fire,0.0,0.0
4,3,diff__basic__sw_element_metal,0.0,0.0
4,3,diff__basic__sw_element_water,0.0,0.0
4,3,diff__basic__sw_element_wood,0.0,0.0
4,3,diff__basic__sw_yy_yang,0.0,0.0
4,3,diff__basic__sw_yy_yin,0.0,0.0
4,3,diff__relation__dw_branch_break_natal,0.0,0.0
4,3,diff__relation__dw_branch_clash_natal,0.0,0.0
4,3,diff__relation__dw_branch_combine_natal,0.0,0.0
4,3,diff__relation__dw_branch_harm_natal,0.0,0.0
4,3,diff__relation__dw_branch_punish_natal,0.0,0.0
4,3,diff__relation__dw_stem_clash_natal,0.0,0.0
4,3,diff__relation__dw_stem_combine_natal,0.0,0.0
4,3,diff__relation__sw_branch_break_natal,0.0,0.0
4,3,diff__relation__sw_branch_clash_natal,0.0,0.0
4,3,diff__relation__sw_branch_combine_natal,0.0,0.0
4,3,diff__relation__sw_branch_harm_natal,0.0,0.0
4,3,diff__relation__sw_branch_punish_natal,0.0,0.0
4,3,diff__relation__sw_dw_branch_break,0.0,0.0
4,3,diff__relation__sw_dw_branch_clash,0.0,0.0
4,3,diff__relation__sw_dw_branch_combine,0.0,0.0
4,3,diff__relation__sw_dw_branch_harm,0.0,0.0
4,3,diff__relation__sw_dw_branch_punish,0.0,0.0
4,3,diff__relation__sw_dw_stem_clash,0.0,0.0
4,3,diff__relation__sw_dw_stem_combine,0.0,0.0
4,3,diff__relation__sw_stem_clash_natal,0.0,0.0
4,3,diff__relation__sw_stem_combine_natal,0.0,0.0
4,3,diff__tg10__dw_branch_hidden_bijian,0.0,0.0
4,3,diff__tg10__dw_branch_hidden_jiecai,0.0,0.0
4,3,diff__tg10__dw_branch_hidden_pian_cai,0.0,0.0
4,3,diff__tg10__dw_branch_hidden_pian_yin,0.0,0.0
4,3,diff__tg10__dw_branch_hidden_qi_sha,0.0,0.0
4,3,diff__tg10__dw_branch_hidden_shangguan,0.0,0.0
4,3,diff__tg10__dw_branch_hidden_shishen,0.0,0.0
4,3,diff__tg10__dw_branch_hidden_zheng_cai,0.0,0.0
4,3,diff__tg10__dw_branch_hidden_zheng_guan,0.0,0.0
4,3,diff__tg10__dw_branch_hidden_zheng_yin,0.0,0.0
4,3,diff__tg10__dw_stem_bijian,0.0,0.0
4,3,diff__tg10__dw_stem_jiecai,0.0,0.0
4,3,diff__tg10__dw_stem_pian_cai,0.0,0.0
4,3,diff__tg10__dw_stem_pian_yin,0.0,0.0
4,3,diff__tg10__dw_stem_qi_sha,0.0,0.0
4,3,diff__tg10__dw_stem_shangguan,0.0,0.0
4,3,diff__tg10__dw_stem_shishen,0.0,0.0
4,3,diff__tg10__dw_stem_zheng_cai,0.0,0.0
4,3,diff__tg10__dw_stem_zheng_guan,0.0,0.0
4,3,diff__tg10__dw_stem_zheng_yin,0.0,0.0
4,3,diff__tg10__sw_branch_hidden_bijian,0.0,0.0
4,3,diff__tg10__sw_branch_hidden_jiecai,0.0,0.0
4,3,diff__tg10__sw_branch_hidden_pian_cai,0.0,0.0
4,3,diff__tg10__sw_branch_hidden_pian_yin,0.0,0.0
4,3,diff__tg10__sw_branch_hidden_qi_sha,0.0,0.0
4,3,diff__tg10__sw_branch_hidden_shangguan,0.0,0.0
4,3,diff__tg10__sw_branch_hidden_shishen,0.0,0.0
4,3,diff__tg10__sw_branch_hidden_zheng_cai,0.0,0.0
4,3,diff__tg10__sw_branch_hidden_zheng_guan,0.0,0.0
4,3,diff__tg10__sw_branch_hidden_zheng_yin,0.0,0.0
4,3,diff__tg10__sw_stem_bijian,0.0,0.0
4,3,diff__tg10__sw_stem_jiecai,0.0,0.0
4,3,diff__tg10__sw_stem_pian_cai,0.0,0.0
4,3,diff__tg10__sw_stem_pian_yin,0.0,0.0
4,3,diff__tg10__sw_stem_qi_sha,0.0,0.0
4,3,diff__tg10__sw_stem_shangguan,0.0,0.0
4,3,diff__tg10__sw_stem_shishen,0.0,0.0
4,3,diff__tg10__sw_stem_zheng_cai,0.0,0.0
4,3,diff__tg10__sw_stem_zheng_guan,0.0,0.0
4,3,diff__tg10__sw_stem_zheng_yin,0.0,0.0
4,3,diff__tgxstrength__dw_bijian_strong,0.0,0.0
4,3,diff__tgxstrength__dw_bijian_weak,0.0,0.0
4,3,diff__tgxstrength__dw_jiecai_strong,0.0,0.0
4,3,diff__tgxstrength__dw_jiecai_weak,0.0,0.0
4,3,diff__tgxstrength__dw_pian_cai_strong,0.0,0.0
4,3,diff__tgxstrength__dw_pian_cai_weak,0.0,0.0
4,3,diff__tgxstrength__dw_pian_yin_strong,0.0,0.0
4,3,diff__tgxstrength__dw_pian_yin_weak,0.0,0.0
4,3,diff__tgxstrength__dw_qi_sha_strong,0.0,0.0
4,3,diff__tgxstrength__dw_qi_sha_weak,0.0,0.0
4,3,diff__tgxstrength__dw_shangguan_strong,0.0,0.0
4,3,diff__tgxstrength__dw_shangguan_weak,0.0,0.0
4,3,diff__tgxstrength__dw_shishen_strong,0.0,0.0
4,3,diff__tgxstrength__dw_shishen_weak,0.0,0.0
4,3,diff__tgxstrength__dw_zheng_cai_strong,0.0,0.0
4,3,diff__tgxstrength__dw_zheng_cai_weak,0.0,0.0
4,3,diff__tgxstrength__dw_zheng_guan_strong,0.0,0.0
4,3,diff__tgxstrength__dw_zheng_guan_weak,0.0,0.0
4,3,diff__tgxstrength__dw_zheng_yin_strong,0.0,0.0
4,3,diff__tgxstrength__dw_zheng_yin_weak,0.0,0.0
4,3,diff__tgxstrength__sw_bijian_strong,0.0,0.0
4,3,diff__tgxstrength__sw_bijian_weak,0.0,0.0
4,3,diff__tgxstrength__sw_jiecai_strong,0.0,0.0
4,3,diff__tgxstrength__sw_jiecai_weak,0.0,0.0
4,3,diff__tgxstrength__sw_pian_cai_strong,0.0,0.0
4,3,diff__tgxstrength__sw_pian_cai_weak,0.0,0.0
4,3,diff__tgxstrength__sw_pian_yin_strong,0.0,0.0
4,3,diff__tgxstrength__sw_pian_yin_weak,0.0,0.0
4,3,diff__tgxstrength__sw_qi_sha_strong,0.0,0.0
4,3,diff__tgxstrength__sw_qi_sha_weak,0.0,0.0
4,3,diff__tgxstrength__sw_shangguan_strong,0.0,0.0
4,3,diff__tgxstrength__sw_shangguan_weak,0.0,0.0
4,3,diff__tgxstrength__sw_shishen_strong,0.0,0.0
4,3,diff__tgxstrength__sw_shishen_weak,0.0,0.0
4,3,diff__tgxstrength__sw_zheng_cai_strong,0.0,0.0
4,3,diff__tgxstrength__sw_zheng_cai_weak,0.0,0.0
4,3,diff__tgxstrength__sw_zheng_guan_strong,0.0,0.0
4,3,diff__tgxstrength__sw_zheng_guan_weak,0.0,0.0
4,3,diff__tgxstrength__sw_zheng_yin_strong,0.0,0.0
4,3,diff__tgxstrength__sw_zheng_yin_weak,0.0,0.0
4,3,diff__unseong__dw_raw_score,0.0,0.0
4,3,diff__unseong__dw_score_x_strength,0.0,0.0
4,3,diff__unseong__dw_state_건록,0.0,0.0
4,3,diff__unseong__dw_state_관대,0.0,0.0
4,3,diff__unseong__dw_state_목욕,0.0,0.0
4,3,diff__unseong__dw_state_묘,0.0,0.0
4,3,diff__unseong__dw_state_병,0.0,0.0
4,3,diff__unseong__dw_state_사,0.0,0.0
4,3,diff__unseong__dw_state_쇠,0.0,0.0
4,3,diff__unseong__dw_state_양,0.0,0.0
4,3,diff__unseong__dw_state_장생,0.0,0.0
4,3,diff__unseong__dw_state_절,0.0,0.0
4,3,diff__unseong__dw_state_제왕,0.0,0.0
4,3,diff__unseong__dw_state_태,0.0,0.0
4,3,diff__unseong__sw_raw_score,0.0,0.0
4,3,diff__unseong__sw_score_x_strength,0.0,0.0
4,3,diff__unseong__sw_state_건록,0.0,0.0
4,3,diff__unseong__sw_state_관대,0.0,0.0
4,3,diff__unseong__sw_state_목욕,0.0,0.0
4,3,diff__unseong__sw_state_묘,0.0,0.0
4,3,diff__unseong__sw_state_병,0.0,0.0
4,3,diff__unseong__sw_state_사,0.0,0.0
4,3,diff__unseong__sw_state_쇠,0.0,0.0
4,3,diff__unseong__sw_state_양,0.0,0.0
4,3,diff__unseong__sw_state_장생,0.0,0.0
4,3,diff__unseong__sw_state_절,0.0,0.0
4,3,diff__unseong__sw_state_제왕,0.0,0.0
4,3,diff__unseong__sw_state_태,0.0,0.0
4,3,diff__yongshin__dw_gi_fit,0.0,0.0
4,3,diff__yongshin__dw_gu_fit,0.0,0.0
4,3,diff__yongshin__dw_hee_fit,0.0,0.0
4,3,diff__yongshin__dw_supplies_fav,0.0,0.0
4,3,diff__yongshin__dw_supplies_unfav,0.0,0.0
4,3,diff__yongshin__dw_yong_branch_fit,0.0,0.0
4,3,diff__yongshin__dw_yong_fit,0.0,0.0
4,3,diff__yongshin__dw_yong_stem_fit,0.0,0.0
4,3,diff__yongshin__sw_gi_fit,0.0,0.0
4,3,diff__yongshin__sw_gu_fit,0.0,0.0
4,3,diff__yongshin__sw_hee_fit,0.0,0.0
4,3,diff__yongshin__sw_supplies_fav,0.0,0.0
4,3,diff__yongshin__sw_supplies_unfav,0.0,0.0
4,3,diff__yongshin__sw_yong_branch_fit,0.0,0.0
4,3,diff__yongshin__sw_yong_fit,0.0,0.0
4,3,diff__yongshin__sw_yong_stem_fit,0.0,0.0
4,4,diff__basic__dw_branch_丑,0.0,0.0
4,4,diff__basic__dw_branch_亥,-0.06274636008801951,1.0
4,4,diff__basic__dw_branch_午,0.0,0.0
4,4,diff__basic__dw_branch_卯,0.21887300944701224,1.0
4,4,diff__basic__dw_branch_子,0.20022122962565275,1.0
4,4,diff__basic__dw_branch_寅,-0.07290065475704918,1.0
4,4,diff__basic__dw_branch_巳,0.0,0.0
4,4,diff__basic__dw_branch_戌,0.0,0.0
4,4,diff__basic__dw_branch_未,0.0,0.0
4,4,diff__basic__dw_branch_申,0.0,0.0
4,4,diff__basic__dw_branch_辰,0.0,0.0
4,4,diff__basic__dw_branch_酉,0.011247327427179576,1.0
4,4,diff__basic__dw_element_earth,0.0,0.0
4,4,diff__basic__dw_element_fire,-0.18151188106345953,1.0
4,4,diff__basic__dw_element_metal,0.0,0.0
4,4,diff__basic__dw_element_water,0.0,0.0
4,4,diff__basic__dw_element_wood,0.057704971777487395,1.0
4,4,diff__basic__dw_yy_yang,0.0,0.0
4,4,diff__basic__dw_yy_yin,0.0,0.0
4,4,diff__basic__sw_branch_丑,0.0,0.0
4,4,diff__basic__sw_branch_亥,-0.022678213041494685,1.0
4,4,diff__basic__sw_branch_午,-0.002643820553813815,1.0
4,4,diff__basic__sw_branch_卯,-0.15807267407936695,1.0
4,4,diff__basic__sw_branch_子,0.15438880581169895,1.0
4,4,diff__basic__sw_branch_寅,-0.05923211197813302,1.0
4,4,diff__basic__sw_branch_巳,0.3184710617392421,1.0
4,4,diff__basic__sw_branch_戌,0.0,0.0
4,4,diff__basic__sw_branch_未,0.0,0.0
4,4,diff__basic__sw_branch_申,0.0,0.0
4,4,diff__basic__sw_branch_辰,0.25618422618357917,1.0
4,4,diff__basic__sw_branch_酉,-0.8314000552303646,1.0
4,4,diff__basic__sw_element_earth,0.0,0.0
4,4,diff__basic__sw_element_fire,0.0,0.0
4,4,diff__basic__sw_element_metal,0.0,0.0
4,4,diff__basic__sw_element_water,0.0,0.0
4,4,diff__basic__sw_element_wood,-0.2479137441637535,1.0
4,4,diff__basic__sw_yy_yang,0.0,0.0
4,4,diff__basic__sw_yy_yin,0.0,0.0
4,4,diff__relation__dw_branch_break_natal,0.0,0.0
4,4,diff__relation__dw_branch_clash_natal,0.0,0.0
4,4,diff__relation__dw_branch_combine_natal,0.0,0.0
4,4,diff__relation__dw_branch_harm_natal,0.0,0.0
4,4,diff__relation__dw_branch_punish_natal,0.0,0.0
4,4,diff__relation__dw_stem_clash_natal,0.09804966179130425,1.0
4,4,diff__relation__dw_stem_combine_natal,-0.26079806914105397,1.0
4,4,diff__relation__sw_branch_break_natal,-0.18101526954609765,1.0
4,4,diff__relation__sw_branch_clash_natal,0.11519205223375106,1.0
4,4,diff__relation__sw_branch_combine_natal,0.22471316852520742,1.0
4,4,diff__relation__sw_branch_harm_natal,0.0,0.0
4,4,diff__relation__sw_branch_punish_natal,-0.14229849698186178,1.0
4,4,diff__relation__sw_dw_branch_break,0.0,0.0
4,4,diff__relation__sw_dw_branch_clash,0.6552061743022551,1.0
4,4,diff__relation__sw_dw_branch_combine,-0.14173204115028876,1.0
4,4,diff__relation__sw_dw_branch_harm,0.0,0.0
4,4,diff__relation__sw_dw_branch_punish,-0.11062827554401791,1.0
4,4,diff__relation__sw_dw_stem_clash,-0.38614543791954675,1.0
4,4,diff__relation__sw_dw_stem_combine,0.0,0.0
4,4,diff__relation__sw_stem_clash_natal,0.0,0.0
4,4,diff__relation__sw_stem_combine_natal,-0.23068682435438956,1.0
4,4,diff__tg10__dw_branch_hidden_bijian,0.0,0.0
4,4,diff__tg10__dw_branch_hidden_jiecai,0.290403039588997,1.0
4,4,diff__tg10__dw_branch_hidden_pian_cai,0.0,0.0
4,4,diff__tg10__dw_branch_hidden_pian_yin,0.0,0.0
4,4,diff__tg10__dw_branch_hidden_qi_sha,0.0,0.0
4,4,diff__tg10__dw_branch_hidden_shangguan,0.0,0.0
4,4,diff__tg10__dw_branch_hidden_shishen,0.0,0.0
4,4,diff__tg10__dw_branch_hidden_zheng_cai,0.0,0.0
4,4,diff__tg10__dw_branch_hidden_zheng_guan,0.0,0.0
4,4,diff__tg10__dw_branch_hidden_zheng_yin,0.0,0.0
4,4,diff__tg10__dw_stem_bijian,0.30859684172921115,1.0
4,4,diff__tg10__dw_stem_jiecai,0.0,0.0
4,4,diff__tg10__dw_stem_pian_cai,0.5473705062106132,1.0
4,4,diff__tg10__dw_stem_pian_yin,0.0,0.0
4,4,diff__tg10__dw_stem_qi_sha,0.0,0.0
4,4,diff__tg10__dw_stem_shangguan,0.0,0.0
4,4,diff__tg10__dw_stem_shishen,0.020923064066525984,1.0
4,4,diff__tg10__dw_stem_zheng_cai,0.0,0.0
4,4,diff__tg10__dw_stem_zheng_guan,0.0,0.0
4,4,diff__tg10__dw_stem_zheng_yin,0.0,0.0
4,4,diff__tg10__sw_branch_hidden_bijian,0.0,0.0
4,4,diff__tg10__sw_branch_hidden_jiecai,0.0,0.0
4,4,diff__tg10__sw_branch_hidden_pian_cai,0.0,0.0
4,4,diff__tg10__sw_branch_hidden_pian_yin,0.0,0.0
4,4,diff__tg10__sw_branch_hidden_qi_sha,0.0,0.0
4,4,diff__tg10__sw_branch_hidden_shangguan,0.0,0.0
4,4,diff__tg10__sw_branch_hidden_shishen,0.0,0.0
4,4,diff__tg10__sw_branch_hidden_zheng_cai,0.0,0.0
4,4,diff__tg10__sw_branch_hidden_zheng_guan,-0.09582689924741844,1.0
4,4,diff__tg10__sw_branch_hidden_zheng_yin,0.0,0.0
4,4,diff__tg10__sw_stem_bijian,0.0,0.0
4,4,diff__tg10__sw_stem_jiecai,0.2268474888876078,1.0
4,4,diff__tg10__sw_stem_pian_cai,0.0,0.0
4,4,diff__tg10__sw_stem_pian_yin,0.0,0.0
4,4,diff__tg10__sw_stem_qi_sha,0.0,0.0
4,4,diff__tg10__sw_stem_shangguan,0.0,0.0
4,4,diff__tg10__sw_stem_shishen,0.18201535646237,1.0
4,4,diff__tg10__sw_stem_zheng_cai,-0.224546419434395,1.0
4,4,diff__tg10__sw_stem_zheng_guan,0.0005381405524818865,1.0
4,4,diff__tg10__sw_stem_zheng_yin,-0.03910828973435772,1.0
4,4,diff__tgxstrength__dw_bijian_strong,0.0,0.0
4,4,diff__tgxstrength__dw_bijian_weak,0.0,0.0
4,4,diff__tgxstrength__dw_jiecai_strong,0.0,0.0
4,4,diff__tgxstrength__dw_jiecai_weak,0.0,0.0
4,4,diff__tgxstrength__dw_pian_cai_strong,0.0,0.0
4,4,diff__tgxstrength__dw_pian_cai_weak,0.0,0.0
4,4,diff__tgxstrength__dw_pian_yin_strong,-0.1696775738241263,1.0
4,4,diff__tgxstrength__dw_pian_yin_weak,0.0,0.0
4,4,diff__tgxstrength__dw_qi_sha_strong,0.4203528315267226,1.0
4,4,diff__tgxstrength__dw_qi_sha_weak,-0.17965290304334205,1.0
4,4,diff__tgxstrength__dw_shangguan_strong,0.0,0.0
4,4,diff__tgxstrength__dw_shangguan_weak,0.0,0.0
4,4,diff__tgxstrength__dw_shishen_strong,0.0,0.0
4,4,diff__tgxstrength__dw_shishen_weak,0.0,0.0
4,4,diff__tgxstrength__dw_zheng_cai_strong,-0.31452297327523615,1.0
4,4,diff__tgxstrength__dw_zheng_cai_weak,0.0,0.0
4,4,diff__tgxstrength__dw_zheng_guan_strong,-0.1426365895378462,1.0
4,4,diff__tgxstrength__dw_zheng_guan_weak,0.0,0.0
4,4,diff__tgxstrength__dw_zheng_yin_strong,0.0,0.0
4,4,diff__tgxstrength__dw_zheng_yin_weak,0.0,0.0
4,4,diff__tgxstrength__sw_bijian_strong,0.0,0.0
4,4,diff__tgxstrength__sw_bijian_weak,0.44434522460122144,1.0
4,4,diff__tgxstrength__sw_jiecai_strong,0.0,0.0
4,4,diff__tgxstrength__sw_jiecai_weak,0.40457831978971787,1.0
4,4,diff__tgxstrength__sw_pian_cai_strong,0.17513319073975117,1.0
4,4,diff__tgxstrength__sw_pian_cai_weak,-0.3041621997848916,1.0
4,4,diff__tgxstrength__sw_pian_yin_strong,-0.21807785940940044,1.0
4,4,diff__tgxstrength__sw_pian_yin_weak,0.0,0.0
4,4,diff__tgxstrength__sw_qi_sha_strong,0.13876852502407522,1.0
4,4,diff__tgxstrength__sw_qi_sha_weak,-0.46067584553052937,1.0
4,4,diff__tgxstrength__sw_shangguan_strong,0.7126298321111869,1.0
4,4,diff__tgxstrength__sw_shangguan_weak,-0.10568017911431293,1.0
4,4,diff__tgxstrength__sw_shishen_strong,0.0,0.0
4,4,diff__tgxstrength__sw_shishen_weak,0.0,0.0
4,4,diff__tgxstrength__sw_zheng_cai_strong,-0.012116967341532791,1.0
4,4,diff__tgxstrength__sw_zheng_cai_weak,0.0,0.0
4,4,diff__tgxstrength__sw_zheng_guan_strong,0.0,0.0
4,4,diff__tgxstrength__sw_zheng_guan_weak,0.5211233756101566,1.0
4,4,diff__tgxstrength__sw_zheng_yin_strong,0.0,0.0
4,4,diff__tgxstrength__sw_zheng_yin_weak,-0.12132279822057945,1.0
4,4,diff__unseong__dw_raw_score,0.0,0.0
4,4,diff__unseong__dw_score_x_strength,0.2852394441218601,1.0
4,4,diff__unseong__dw_state_건록,0.0,0.0
4,4,diff__unseong__dw_state_관대,0.0,0.0
4,4,diff__unseong__dw_state_목욕,0.0,0.0
4,4,diff__unseong__dw_state_묘,-0.05834802305869067,1.0
4,4,diff__unseong__dw_state_병,0.0,0.0
4,4,diff__unseong__dw_state_사,0.0,0.0
4,4,diff__unseong__dw_state_쇠,0.0,0.0
4,4,diff__unseong__dw_state_양,-0.03811356101041052,1.0
4,4,diff__unseong__dw_state_장생,0.0,0.0
4,4,diff__unseong__dw_state_절,0.0,0.0
4,4,diff__unseong__dw_state_제왕,0.0,0.0
4,4,diff__unseong__dw_state_태,0.0,0.0
4,4,diff__unseong__sw_raw_score,0.0,0.0
4,4,diff__unseong__sw_score_x_strength,0.0,0.0
4,4,diff__unseong__sw_state_건록,-0.25492865612928084,1.0
4,4,diff__unseong__sw_state_관대,0.0,0.0
4,4,diff__unseong__sw_state_목욕,0.0,0.0
4,4,diff__unseong__sw_state_묘,0.07198652576006379,1.0
4,4,diff__unseong__sw_state_병,0.3605994875427906,1.0
4,4,diff__unseong__sw_state_사,-0.059170738195993625,1.0
4,4,diff__unseong__sw_state_쇠,0.0,0.0
4,4,diff__unseong__sw_state_양,0.4397654606707824,1.0
4,4,diff__unseong__sw_state_장생,0.0,0.0
4,4,diff__unseong__sw_state_절,-0.03158555051424151,1.0
4,4,diff__unseong__sw_state_제왕,0.0,0.0
4,4,diff__unseong__sw_state_태,0.0,0.0
4,4,diff__yongshin__dw_gi_fit,0.0,0.0
4,4,diff__yongshin__dw_gu_fit,-0.002187948060564794,1.0
4,4,diff__yongshin__dw_hee_fit,0.0,0.0
4,4,diff__yongshin__dw_supplies_fav,0.0,0.0
4,4,diff__yongshin__dw_supplies_unfav,0.0,0.0
4,4,diff__yongshin__dw_yong_branch_fit,-0.044972096009491494,1.0
4,4,diff__yongshin__dw_yong_fit,0.0,0.0
4,4,diff__yongshin__dw_yong_stem_fit,0.0,0.0
4,4,diff__yongshin__sw_gi_fit,0.012114841330184452,1.0
4,4,diff__yongshin__sw_gu_fit,0.0,0.0
4,4,diff__yongshin__sw_hee_fit,0.0,0.0
4,4,diff__yongshin__sw_supplies_fav,0.1594046148906636,1.0
4,4,diff__yongshin__sw_supplies_unfav,0.4643065117743992,1.0
4,4,diff__yongshin__sw_yong_branch_fit,0.10136834803429609,1.0
4,4,diff__yongshin__sw_yong_fit,0.0,0.0
4,4,diff__yongshin__sw_yong_stem_fit,0.0,0.0
