subject_id,correct,repeat,fold,model
V5DEVE2_001,0.5,0,0,NUISANCE_ONLY
V5DEVE2_027,1.0,0,0,NUISANCE_ONLY
V5DEVE2_106,1.0,0,0,NUISANCE_ONLY
V5DEVX_049,1.0,0,0,NUISANCE_ONLY
V5DEVX_055,0.0,0,0,NUISANCE_ONLY
V5DEVX_106,1.0,0,0,NUISANCE_ONLY
V5DEVX_128,1.0,0,0,NUISANCE_ONLY
V5DEVX_142,0.0,0,0,NUISANCE_ONLY
V5DEVX_148,0.3333333333333333,0,0,NUISANCE_ONLY
V5DEV_007,1.0,0,0,NUISANCE_ONLY
V5DEV_011,1.0,0,0,NUISANCE_ONLY
V5DEV_023,0.375,0,0,NUISANCE_ONLY
V5DEV_029,0.5,0,0,NUISANCE_ONLY
V5DEV_051,1.0,0,0,NUISANCE_ONLY
V5DEV_080,1.0,0,0,NUISANCE_ONLY
V5DEV_109,0.5,0,0,NUISANCE_ONLY
V5DEV_117,0.6666666666666666,0,0,NUISANCE_ONLY
V5DEV_155,1.0,0,0,NUISANCE_ONLY
V5DEV_156,1.0,0,0,NUISANCE_ONLY
V5DEVE2_001,0.5,0,0,ASTRO__TG10_RIDGE_DIAGNOSTIC
V5DEVE2_027,0.0,0,0,ASTRO__TG10_RIDGE_DIAGNOSTIC
V5DEVE2_106,1.0,0,0,ASTRO__TG10_RIDGE_DIAGNOSTIC
V5DEVX_049,0.75,0,0,ASTRO__TG10_RIDGE_DIAGNOSTIC
V5DEVX_055,1.0,0,0,ASTRO__TG10_RIDGE_DIAGNOSTIC
V5DEVX_106,0.0,0,0,ASTRO__TG10_RIDGE_DIAGNOSTIC
V5DEVX_128,1.0,0,0,ASTRO__TG10_RIDGE_DIAGNOSTIC
V5DEVX_142,1.0,0,0,ASTRO__TG10_RIDGE_DIAGNOSTIC
V5DEVX_148,0.6666666666666666,0,0,ASTRO__TG10_RIDGE_DIAGNOSTIC
V5DEV_007,0.0,0,0,ASTRO__TG10_RIDGE_DIAGNOSTIC
V5DEV_011,0.5,0,0,ASTRO__TG10_RIDGE_DIAGNOSTIC
V5DEV_023,0.375,0,0,ASTRO__TG10_RIDGE_DIAGNOSTIC
V5DEV_029,1.0,0,0,ASTRO__TG10_RIDGE_DIAGNOSTIC
V5DEV_051,0.0,0,0,ASTRO__TG10_RIDGE_DIAGNOSTIC
V5DEV_080,1.0,0,0,ASTRO__TG10_RIDGE_DIAGNOSTIC
V5DEV_109,1.0,0,0,ASTRO__TG10_RIDGE_DIAGNOSTIC
V5DEV_117,0.3333333333333333,0,0,ASTRO__TG10_RIDGE_DIAGNOSTIC
V5DEV_155,0.0,0,0,ASTRO__TG10_RIDGE_DIAGNOSTIC
V5DEV_156,1.0,0,0,ASTRO__TG10_RIDGE_DIAGNOSTIC
V5DEVE2_001,0.5,0,0,NPLUS__TG10_RIDGE_DIAGNOSTIC
V5DEVE2_027,1.0,0,0,NPLUS__TG10_RIDGE_DIAGNOSTIC
V5DEVE2_106,1.0,0,0,NPLUS__TG10_RIDGE_DIAGNOSTIC
V5DEVX_049,1.0,0,0,NPLUS__TG10_RIDGE_DIAGNOSTIC
V5DEVX_055,0.0,0,0,NPLUS__TG10_RIDGE_DIAGNOSTIC
V5DEVX_106,1.0,0,0,NPLUS__TG10_RIDGE_DIAGNOSTIC
V5DEVX_128,1.0,0,0,NPLUS__TG10_RIDGE_DIAGNOSTIC
V5DEVX_142,1.0,0,0,NPLUS__TG10_RIDGE_DIAGNOSTIC
V5DEVX_148,0.6666666666666666,0,0,NPLUS__TG10_RIDGE_DIAGNOSTIC
V5DEV_007,0.0,0,0,NPLUS__TG10_RIDGE_DIAGNOSTIC
V5DEV_011,1.0,0,0,NPLUS__TG10_RIDGE_DIAGNOSTIC
V5DEV_023,0.625,0,0,NPLUS__TG10_RIDGE_DIAGNOSTIC
V5DEV_029,1.0,0,0,NPLUS__TG10_RIDGE_DIAGNOSTIC
V5DEV_051,1.0,0,0,NPLUS__TG10_RIDGE_DIAGNOSTIC
V5DEV_080,1.0,0,0,NPLUS__TG10_RIDGE_DIAGNOSTIC
V5DEV_109,1.0,0,0,NPLUS__TG10_RIDGE_DIAGNOSTIC
V5DEV_117,0.6666666666666666,0,0,NPLUS__TG10_RIDGE_DIAGNOSTIC
V5DEV_155,0.0,0,0,NPLUS__TG10_RIDGE_DIAGNOSTIC
V5DEV_156,1.0,0,0,NPLUS__TG10_RIDGE_DIAGNOSTIC
V5DEVE2_001,0.5,0,0,ASTRO__ALL_ORTHODOX_RIDGE_AUTO
V5DEVE2_027,0.0,0,0,ASTRO__ALL_ORTHODOX_RIDGE_AUTO
V5DEVE2_106,0.0,0,0,ASTRO__ALL_ORTHODOX_RIDGE_AUTO
V5DEVX_049,1.0,0,0,ASTRO__ALL_ORTHODOX_RIDGE_AUTO
V5DEVX_055,1.0,0,0,ASTRO__ALL_ORTHODOX_RIDGE_AUTO
V5DEVX_106,0.0,0,0,ASTRO__ALL_ORTHODOX_RIDGE_AUTO
V5DEVX_128,0.0,0,0,ASTRO__ALL_ORTHODOX_RIDGE_AUTO
V5DEVX_142,1.0,0,0,ASTRO__ALL_ORTHODOX_RIDGE_AUTO
V5DEVX_148,0.3333333333333333,0,0,ASTRO__ALL_ORTHODOX_RIDGE_AUTO
V5DEV_007,0.0,0,0,ASTRO__ALL_ORTHODOX_RIDGE_AUTO
V5DEV_011,0.5,0,0,ASTRO__ALL_ORTHODOX_RIDGE_AUTO
V5DEV_023,0.0,0,0,ASTRO__ALL_ORTHODOX_RIDGE_AUTO
V5DEV_029,0.5,0,0,ASTRO__ALL_ORTHODOX_RIDGE_AUTO
V5DEV_051,1.0,0,0,ASTRO__ALL_ORTHODOX_RIDGE_AUTO
V5DEV_080,0.0,0,0,ASTRO__ALL_ORTHODOX_RIDGE_AUTO
V5DEV_109,1.0,0,0,ASTRO__ALL_ORTHODOX_RIDGE_AUTO
V5DEV_117,0.6666666666666666,0,0,ASTRO__ALL_ORTHODOX_RIDGE_AUTO
V5DEV_155,0.0,0,0,ASTRO__ALL_ORTHODOX_RIDGE_AUTO
V5DEV_156,1.0,0,0,ASTRO__ALL_ORTHODOX_RIDGE_AUTO
V5DEVE2_001,0.5,0,0,NPLUS__ALL_ORTHODOX_RIDGE_AUTO
V5DEVE2_027,1.0,0,0,NPLUS__ALL_ORTHODOX_RIDGE_AUTO
V5DEVE2_106,1.0,0,0,NPLUS__ALL_ORTHODOX_RIDGE_AUTO
V5DEVX_049,0.0,0,0,NPLUS__ALL_ORTHODOX_RIDGE_AUTO
V5DEVX_055,1.0,0,0,NPLUS__ALL_ORTHODOX_RIDGE_AUTO
V5DEVX_106,0.0,0,0,NPLUS__ALL_ORTHODOX_RIDGE_AUTO
V5DEVX_128,1.0,0,0,NPLUS__ALL_ORTHODOX_RIDGE_AUTO
V5DEVX_142,1.0,0,0,NPLUS__ALL_ORTHODOX_RIDGE_AUTO
V5DEVX_148,0.0,0,0,NPLUS__ALL_ORTHODOX_RIDGE_AUTO
V5DEV_007,0.0,0,0,NPLUS__ALL_ORTHODOX_RIDGE_AUTO
V5DEV_011,0.5,0,0,NPLUS__ALL_ORTHODOX_RIDGE_AUTO
V5DEV_023,0.25,0,0,NPLUS__ALL_ORTHODOX_RIDGE_AUTO
V5DEV_029,0.0,0,0,NPLUS__ALL_ORTHODOX_RIDGE_AUTO
V5DEV_051,1.0,0,0,NPLUS__ALL_ORTHODOX_RIDGE_AUTO
V5DEV_080,0.0,0,0,NPLUS__ALL_ORTHODOX_RIDGE_AUTO
V5DEV_109,1.0,0,0,NPLUS__ALL_ORTHODOX_RIDGE_AUTO
V5DEV_117,0.6666666666666666,0,0,NPLUS__ALL_ORTHODOX_RIDGE_AUTO
V5DEV_155,0.0,0,0,NPLUS__ALL_ORTHODOX_RIDGE_AUTO
V5DEV_156,1.0,0,0,NPLUS__ALL_ORTHODOX_RIDGE_AUTO
V5DEVE2_001,0.0,0,0,ASTRO__ALL_ORTHODOX_ELASTICNET_AUTO
V5DEVE2_027,0.0,0,0,ASTRO__ALL_ORTHODOX_ELASTICNET_AUTO
V5DEVE2_106,0.0,0,0,ASTRO__ALL_ORTHODOX_ELASTICNET_AUTO
V5DEVX_049,0.0,0,0,ASTRO__ALL_ORTHODOX_ELASTICNET_AUTO
V5DEVX_055,1.0,0,0,ASTRO__ALL_ORTHODOX_ELASTICNET_AUTO
V5DEVX_106,0.0,0,0,ASTRO__ALL_ORTHODOX_ELASTICNET_AUTO
V5DEVX_128,0.0,0,0,ASTRO__ALL_ORTHODOX_ELASTICNET_AUTO
V5DEVX_142,0.0,0,0,ASTRO__ALL_ORTHODOX_ELASTICNET_AUTO
V5DEVX_148,0.0,0,0,ASTRO__ALL_ORTHODOX_ELASTICNET_AUTO
V5DEV_007,0.0,0,0,ASTRO__ALL_ORTHODOX_ELASTICNET_AUTO
V5DEV_011,0.0,0,0,ASTRO__ALL_ORTHODOX_ELASTICNET_AUTO
V5DEV_023,0.0,0,0,ASTRO__ALL_ORTHODOX_ELASTICNET_AUTO
V5DEV_029,0.0,0,0,ASTRO__ALL_ORTHODOX_ELASTICNET_AUTO
V5DEV_051,0.0,0,0,ASTRO__ALL_ORTHODOX_ELASTICNET_AUTO
V5DEV_080,0.0,0,0,ASTRO__ALL_ORTHODOX_ELASTICNET_AUTO
V5DEV_109,1.0,0,0,ASTRO__ALL_ORTHODOX_ELASTICNET_AUTO
V5DEV_117,1.0,0,0,ASTRO__ALL_ORTHODOX_ELASTICNET_AUTO
V5DEV_155,0.0,0,0,ASTRO__ALL_ORTHODOX_ELASTICNET_AUTO
V5DEV_156,0.0,0,0,ASTRO__ALL_ORTHODOX_ELASTICNET_AUTO
V5DEVE2_001,0.5,0,0,NPLUS__ALL_ORTHODOX_ELASTICNET_AUTO
V5DEVE2_027,1.0,0,0,NPLUS__ALL_ORTHODOX_ELASTICNET_AUTO
V5DEVE2_106,0.0,0,0,NPLUS__ALL_ORTHODOX_ELASTICNET_AUTO
V5DEVX_049,0.75,0,0,NPLUS__ALL_ORTHODOX_ELASTICNET_AUTO
V5DEVX_055,1.0,0,0,NPLUS__ALL_ORTHODOX_ELASTICNET_AUTO
V5DEVX_106,0.0,0,0,NPLUS__ALL_ORTHODOX_ELASTICNET_AUTO
V5DEVX_128,1.0,0,0,NPLUS__ALL_ORTHODOX_ELASTICNET_AUTO
V5DEVX_142,0.0,0,0,NPLUS__ALL_ORTHODOX_ELASTICNET_AUTO
V5DEVX_148,0.3333333333333333,0,0,NPLUS__ALL_ORTHODOX_ELASTICNET_AUTO
V5DEV_007,0.0,0,0,NPLUS__ALL_ORTHODOX_ELASTICNET_AUTO
V5DEV_011,0.0,0,0,NPLUS__ALL_ORTHODOX_ELASTICNET_AUTO
V5DEV_023,0.25,0,0,NPLUS__ALL_ORTHODOX_ELASTICNET_AUTO
V5DEV_029,0.0,0,0,NPLUS__ALL_ORTHODOX_ELASTICNET_AUTO
V5DEV_051,1.0,0,0,NPLUS__ALL_ORTHODOX_ELASTICNET_AUTO
V5DEV_080,0.0,0,0,NPLUS__ALL_ORTHODOX_ELASTICNET_AUTO
V5DEV_109,0.5,0,0,NPLUS__ALL_ORTHODOX_ELASTICNET_AUTO
V5DEV_117,0.6666666666666666,0,0,NPLUS__ALL_ORTHODOX_ELASTICNET_AUTO
V5DEV_155,1.0,0,0,NPLUS__ALL_ORTHODOX_ELASTICNET_AUTO
V5DEV_156,1.0,0,0,NPLUS__ALL_ORTHODOX_ELASTICNET_AUTO
V5DEVE2_007,1.0,0,1,NUISANCE_ONLY
V5DEVE2_083,1.0,0,1,NUISANCE_ONLY
V5DEVE2_160,1.0,0,1,NUISANCE_ONLY
V5DEVX_008,1.0,0,1,NUISANCE_ONLY
V5DEVX_010,0.5,0,1,NUISANCE_ONLY
V5DEVX_038,1.0,0,1,NUISANCE_ONLY
V5DEVX_066,1.0,0,1,NUISANCE_ONLY
V5DEVX_103,0.0,0,1,NUISANCE_ONLY
V5DEVX_115,0.5,0,1,NUISANCE_ONLY
V5DEV_008,0.5,0,1,NUISANCE_ONLY
V5DEV_020,0.0,0,1,NUISANCE_ONLY
V5DEV_030,0.14285714285714285,0,1,NUISANCE_ONLY
V5DEV_031,1.0,0,1,NUISANCE_ONLY
V5DEV_035,0.5,0,1,NUISANCE_ONLY
V5DEV_039,0.0,0,1,NUISANCE_ONLY
V5DEV_108,0.3333333333333333,0,1,NUISANCE_ONLY
V5DEV_126,1.0,0,1,NUISANCE_ONLY
V5DEV_134,1.0,0,1,NUISANCE_ONLY
V5DEV_152,1.0,0,1,NUISANCE_ONLY
V5DEVE2_007,1.0,0,1,ASTRO__TG10_RIDGE_DIAGNOSTIC
V5DEVE2_083,1.0,0,1,ASTRO__TG10_RIDGE_DIAGNOSTIC
V5DEVE2_160,0.0,0,1,ASTRO__TG10_RIDGE_DIAGNOSTIC
V5DEVX_008,0.5,0,1,ASTRO__TG10_RIDGE_DIAGNOSTIC
V5DEVX_010,0.25,0,1,ASTRO__TG10_RIDGE_DIAGNOSTIC
V5DEVX_038,1.0,0,1,ASTRO__TG10_RIDGE_DIAGNOSTIC
V5DEVX_066,0.0,0,1,ASTRO__TG10_RIDGE_DIAGNOSTIC
V5DEVX_103,1.0,0,1,ASTRO__TG10_RIDGE_DIAGNOSTIC
V5DEVX_115,0.5,0,1,ASTRO__TG10_RIDGE_DIAGNOSTIC
V5DEV_008,1.0,0,1,ASTRO__TG10_RIDGE_DIAGNOSTIC
V5DEV_020,0.0,0,1,ASTRO__TG10_RIDGE_DIAGNOSTIC
V5DEV_030,0.2857142857142857,0,1,ASTRO__TG10_RIDGE_DIAGNOSTIC
V5DEV_031,0.0,0,1,ASTRO__TG10_RIDGE_DIAGNOSTIC
V5DEV_035,1.0,0,1,ASTRO__TG10_RIDGE_DIAGNOSTIC
V5DEV_039,1.0,0,1,ASTRO__TG10_RIDGE_DIAGNOSTIC
V5DEV_108,0.3333333333333333,0,1,ASTRO__TG10_RIDGE_DIAGNOSTIC
V5DEV_126,0.0,0,1,ASTRO__TG10_RIDGE_DIAGNOSTIC
V5DEV_134,1.0,0,1,ASTRO__TG10_RIDGE_DIAGNOSTIC
V5DEV_152,1.0,0,1,ASTRO__TG10_RIDGE_DIAGNOSTIC
V5DEVE2_007,1.0,0,1,NPLUS__TG10_RIDGE_DIAGNOSTIC
V5DEVE2_083,1.0,0,1,NPLUS__TG10_RIDGE_DIAGNOSTIC
V5DEVE2_160,1.0,0,1,NPLUS__TG10_RIDGE_DIAGNOSTIC
V5DEVX_008,0.0,0,1,NPLUS__TG10_RIDGE_DIAGNOSTIC
V5DEVX_010,0.5,0,1,NPLUS__TG10_RIDGE_DIAGNOSTIC
V5DEVX_038,0.0,0,1,NPLUS__TG10_RIDGE_DIAGNOSTIC
V5DEVX_066,1.0,0,1,NPLUS__TG10_RIDGE_DIAGNOSTIC
V5DEVX_103,1.0,0,1,NPLUS__TG10_RIDGE_DIAGNOSTIC
V5DEVX_115,0.0,0,1,NPLUS__TG10_RIDGE_DIAGNOSTIC
V5DEV_008,0.5,0,1,NPLUS__TG10_RIDGE_DIAGNOSTIC
V5DEV_020,0.0,0,1,NPLUS__TG10_RIDGE_DIAGNOSTIC
V5DEV_030,0.2857142857142857,0,1,NPLUS__TG10_RIDGE_DIAGNOSTIC
V5DEV_031,0.0,0,1,NPLUS__TG10_RIDGE_DIAGNOSTIC
V5DEV_035,1.0,0,1,NPLUS__TG10_RIDGE_DIAGNOSTIC
V5DEV_039,1.0,0,1,NPLUS__TG10_RIDGE_DIAGNOSTIC
V5DEV_108,0.3333333333333333,0,1,NPLUS__TG10_RIDGE_DIAGNOSTIC
V5DEV_126,0.0,0,1,NPLUS__TG10_RIDGE_DIAGNOSTIC
V5DEV_134,1.0,0,1,NPLUS__TG10_RIDGE_DIAGNOSTIC
V5DEV_152,1.0,0,1,NPLUS__TG10_RIDGE_DIAGNOSTIC
V5DEVE2_007,0.0,0,1,ASTRO__ALL_ORTHODOX_RIDGE_AUTO
V5DEVE2_083,1.0,0,1,ASTRO__ALL_ORTHODOX_RIDGE_AUTO
V5DEVE2_160,1.0,0,1,ASTRO__ALL_ORTHODOX_RIDGE_AUTO
V5DEVX_008,0.0,0,1,ASTRO__ALL_ORTHODOX_RIDGE_AUTO
V5DEVX_010,0.75,0,1,ASTRO__ALL_ORTHODOX_RIDGE_AUTO
V5DEVX_038,0.0,0,1,ASTRO__ALL_ORTHODOX_RIDGE_AUTO
V5DEVX_066,1.0,0,1,ASTRO__ALL_ORTHODOX_RIDGE_AUTO
V5DEVX_103,0.0,0,1,ASTRO__ALL_ORTHODOX_RIDGE_AUTO
V5DEVX_115,0.5,0,1,ASTRO__ALL_ORTHODOX_RIDGE_AUTO
V5DEV_008,0.5,0,1,ASTRO__ALL_ORTHODOX_RIDGE_AUTO
V5DEV_020,0.0,0,1,ASTRO__ALL_ORTHODOX_RIDGE_AUTO
V5DEV_030,0.42857142857142855,0,1,ASTRO__ALL_ORTHODOX_RIDGE_AUTO
V5DEV_031,1.0,0,1,ASTRO__ALL_ORTHODOX_RIDGE_AUTO
V5DEV_035,0.5,0,1,ASTRO__ALL_ORTHODOX_RIDGE_AUTO
V5DEV_039,0.3333333333333333,0,1,ASTRO__ALL_ORTHODOX_RIDGE_AUTO
V5DEV_108,0.6666666666666666,0,1,ASTRO__ALL_ORTHODOX_RIDGE_AUTO
V5DEV_126,1.0,0,1,ASTRO__ALL_ORTHODOX_RIDGE_AUTO
V5DEV_134,1.0,0,1,ASTRO__ALL_ORTHODOX_RIDGE_AUTO
V5DEV_152,1.0,0,1,ASTRO__ALL_ORTHODOX_RIDGE_AUTO
V5DEVE2_007,0.5,0,1,NPLUS__ALL_ORTHODOX_RIDGE_AUTO
V5DEVE2_083,1.0,0,1,NPLUS__ALL_ORTHODOX_RIDGE_AUTO
V5DEVE2_160,1.0,0,1,NPLUS__ALL_ORTHODOX_RIDGE_AUTO
V5DEVX_008,0.0,0,1,NPLUS__ALL_ORTHODOX_RIDGE_AUTO
V5DEVX_010,0.75,0,1,NPLUS__ALL_ORTHODOX_RIDGE_AUTO
V5DEVX_038,0.0,0,1,NPLUS__ALL_ORTHODOX_RIDGE_AUTO
V5DEVX_066,1.0,0,1,NPLUS__ALL_ORTHODOX_RIDGE_AUTO
V5DEVX_103,0.0,0,1,NPLUS__ALL_ORTHODOX_RIDGE_AUTO
V5DEVX_115,0.5,0,1,NPLUS__ALL_ORTHODOX_RIDGE_AUTO
V5DEV_008,0.5,0,1,NPLUS__ALL_ORTHODOX_RIDGE_AUTO
V5DEV_020,0.0,0,1,NPLUS__ALL_ORTHODOX_RIDGE_AUTO
V5DEV_030,0.5714285714285714,0,1,NPLUS__ALL_ORTHODOX_RIDGE_AUTO
V5DEV_031,1.0,0,1,NPLUS__ALL_ORTHODOX_RIDGE_AUTO
V5DEV_035,0.5,0,1,NPLUS__ALL_ORTHODOX_RIDGE_AUTO
V5DEV_039,0.3333333333333333,0,1,NPLUS__ALL_ORTHODOX_RIDGE_AUTO
V5DEV_108,0.6666666666666666,0,1,NPLUS__ALL_ORTHODOX_RIDGE_AUTO
V5DEV_126,1.0,0,1,NPLUS__ALL_ORTHODOX_RIDGE_AUTO
V5DEV_134,1.0,0,1,NPLUS__ALL_ORTHODOX_RIDGE_AUTO
V5DEV_152,1.0,0,1,NPLUS__ALL_ORTHODOX_RIDGE_AUTO
V5DEVE2_007,0.0,0,1,ASTRO__ALL_ORTHODOX_ELASTICNET_AUTO
V5DEVE2_083,1.0,0,1,ASTRO__ALL_ORTHODOX_ELASTICNET_AUTO
V5DEVE2_160,1.0,0,1,ASTRO__ALL_ORTHODOX_ELASTICNET_AUTO
V5DEVX_008,0.0,0,1,ASTRO__ALL_ORTHODOX_ELASTICNET_AUTO
V5DEVX_010,0.5,0,1,ASTRO__ALL_ORTHODOX_ELASTICNET_AUTO
V5DEVX_038,0.0,0,1,ASTRO__ALL_ORTHODOX_ELASTICNET_AUTO
V5DEVX_066,1.0,0,1,ASTRO__ALL_ORTHODOX_ELASTICNET_AUTO
V5DEVX_103,0.0,0,1,ASTRO__ALL_ORTHODOX_ELASTICNET_AUTO
V5DEVX_115,0.5,0,1,ASTRO__ALL_ORTHODOX_ELASTICNET_AUTO
V5DEV_008,1.0,0,1,ASTRO__ALL_ORTHODOX_ELASTICNET_AUTO
V5DEV_020,1.0,0,1,ASTRO__ALL_ORTHODOX_ELASTICNET_AUTO
V5DEV_030,0.0,0,1,ASTRO__ALL_ORTHODOX_ELASTICNET_AUTO
V5DEV_031,1.0,0,1,ASTRO__ALL_ORTHODOX_ELASTICNET_AUTO
V5DEV_035,0.5,0,1,ASTRO__ALL_ORTHODOX_ELASTICNET_AUTO
V5DEV_039,1.0,0,1,ASTRO__ALL_ORTHODOX_ELASTICNET_AUTO
V5DEV_108,0.6666666666666666,0,1,ASTRO__ALL_ORTHODOX_ELASTICNET_AUTO
V5DEV_126,1.0,0,1,ASTRO__ALL_ORTHODOX_ELASTICNET_AUTO
V5DEV_134,1.0,0,1,ASTRO__ALL_ORTHODOX_ELASTICNET_AUTO
V5DEV_152,1.0,0,1,ASTRO__ALL_ORTHODOX_ELASTICNET_AUTO
V5DEVE2_007,0.5,0,1,NPLUS__ALL_ORTHODOX_ELASTICNET_AUTO
V5DEVE2_083,1.0,0,1,NPLUS__ALL_ORTHODOX_ELASTICNET_AUTO
V5DEVE2_160,1.0,0,1,NPLUS__ALL_ORTHODOX_ELASTICNET_AUTO
V5DEVX_008,0.5,0,1,NPLUS__ALL_ORTHODOX_ELASTICNET_AUTO
V5DEVX_010,0.5,0,1,NPLUS__ALL_ORTHODOX_ELASTICNET_AUTO
V5DEVX_038,0.0,0,1,NPLUS__ALL_ORTHODOX_ELASTICNET_AUTO
V5DEVX_066,1.0,0,1,NPLUS__ALL_ORTHODOX_ELASTICNET_AUTO
V5DEVX_103,1.0,0,1,NPLUS__ALL_ORTHODOX_ELASTICNET_AUTO
V5DEVX_115,0.0,0,1,NPLUS__ALL_ORTHODOX_ELASTICNET_AUTO
V5DEV_008,0.5,0,1,NPLUS__ALL_ORTHODOX_ELASTICNET_AUTO
V5DEV_020,1.0,0,1,NPLUS__ALL_ORTHODOX_ELASTICNET_AUTO
V5DEV_030,0.5714285714285714,0,1,NPLUS__ALL_ORTHODOX_ELASTICNET_AUTO
V5DEV_031,1.0,0,1,NPLUS__ALL_ORTHODOX_ELASTICNET_AUTO
V5DEV_035,0.5,0,1,NPLUS__ALL_ORTHODOX_ELASTICNET_AUTO
V5DEV_039,0.3333333333333333,0,1,NPLUS__ALL_ORTHODOX_ELASTICNET_AUTO
V5DEV_108,0.6666666666666666,0,1,NPLUS__ALL_ORTHODOX_ELASTICNET_AUTO
V5DEV_126,1.0,0,1,NPLUS__ALL_ORTHODOX_ELASTICNET_AUTO
V5DEV_134,1.0,0,1,NPLUS__ALL_ORTHODOX_ELASTICNET_AUTO
V5DEV_152,1.0,0,1,NPLUS__ALL_ORTHODOX_ELASTICNET_AUTO
V5DEVE2_015,1.0,0,2,NUISANCE_ONLY
V5DEVE2_022,0.5,0,2,NUISANCE_ONLY
V5DEVE2_028,1.0,0,2,NUISANCE_ONLY
V5DEVE2_042,1.0,0,2,NUISANCE_ONLY
V5DEVX_007,0.0,0,2,NUISANCE_ONLY
V5DEVX_025,1.0,0,2,NUISANCE_ONLY
V5DEVX_036,1.0,0,2,NUISANCE_ONLY
V5DEVX_108,1.0,0,2,NUISANCE_ONLY
V5DEVX_147,1.0,0,2,NUISANCE_ONLY
V5DEVX_154,0.5,0,2,NUISANCE_ONLY
V5DEV_005,0.8,0,2,NUISANCE_ONLY
V5DEV_010,0.0,0,2,NUISANCE_ONLY
V5DEV_012,0.5,0,2,NUISANCE_ONLY
V5DEV_014,0.5,0,2,NUISANCE_ONLY
V5DEV_022,1.0,0,2,NUISANCE_ONLY
V5DEV_024,1.0,0,2,NUISANCE_ONLY
V5DEV_040,0.0,0,2,NUISANCE_ONLY
V5DEV_084,0.6666666666666666,0,2,NUISANCE_ONLY
V5DEV_138,0.5,0,2,NUISANCE_ONLY
V5DEV_158,0.5,0,2,NUISANCE_ONLY
V5DEVE2_015,0.0,0,2,ASTRO__TG10_RIDGE_DIAGNOSTIC
V5DEVE2_022,0.0,0,2,ASTRO__TG10_RIDGE_DIAGNOSTIC
V5DEVE2_028,1.0,0,2,ASTRO__TG10_RIDGE_DIAGNOSTIC
V5DEVE2_042,0.0,0,2,ASTRO__TG10_RIDGE_DIAGNOSTIC
V5DEVX_007,1.0,0,2,ASTRO__TG10_RIDGE_DIAGNOSTIC
V5DEVX_025,0.0,0,2,ASTRO__TG10_RIDGE_DIAGNOSTIC
V5DEVX_036,1.0,0,2,ASTRO__TG10_RIDGE_DIAGNOSTIC
V5DEVX_108,0.0,0,2,ASTRO__TG10_RIDGE_DIAGNOSTIC
V5DEVX_147,1.0,0,2,ASTRO__TG10_RIDGE_DIAGNOSTIC
V5DEVX_154,0.5,0,2,ASTRO__TG10_RIDGE_DIAGNOSTIC
V5DEV_005,0.8,0,2,ASTRO__TG10_RIDGE_DIAGNOSTIC
V5DEV_010,1.0,0,2,ASTRO__TG10_RIDGE_DIAGNOSTIC
V5DEV_012,1.0,0,2,ASTRO__TG10_RIDGE_DIAGNOSTIC
V5DEV_014,0.5,0,2,ASTRO__TG10_RIDGE_DIAGNOSTIC
V5DEV_022,0.0,0,2,ASTRO__TG10_RIDGE_DIAGNOSTIC
V5DEV_024,0.0,0,2,ASTRO__TG10_RIDGE_DIAGNOSTIC
V5DEV_040,0.0,0,2,ASTRO__TG10_RIDGE_DIAGNOSTIC
V5DEV_084,0.3333333333333333,0,2,ASTRO__TG10_RIDGE_DIAGNOSTIC
V5DEV_138,1.0,0,2,ASTRO__TG10_RIDGE_DIAGNOSTIC
V5DEV_158,1.0,0,2,ASTRO__TG10_RIDGE_DIAGNOSTIC
V5DEVE2_015,1.0,0,2,NPLUS__TG10_RIDGE_DIAGNOSTIC
V5DEVE2_022,0.0,0,2,NPLUS__TG10_RIDGE_DIAGNOSTIC
V5DEVE2_028,1.0,0,2,NPLUS__TG10_RIDGE_DIAGNOSTIC
V5DEVE2_042,1.0,0,2,NPLUS__TG10_RIDGE_DIAGNOSTIC
V5DEVX_007,0.0,0,2,NPLUS__TG10_RIDGE_DIAGNOSTIC
V5DEVX_025,0.0,0,2,NPLUS__TG10_RIDGE_DIAGNOSTIC
V5DEVX_036,1.0,0,2,NPLUS__TG10_RIDGE_DIAGNOSTIC
V5DEVX_108,1.0,0,2,NPLUS__TG10_RIDGE_DIAGNOSTIC
V5DEVX_147,1.0,0,2,NPLUS__TG10_RIDGE_DIAGNOSTIC
V5DEVX_154,0.6666666666666666,0,2,NPLUS__TG10_RIDGE_DIAGNOSTIC
V5DEV_005,0.8,0,2,NPLUS__TG10_RIDGE_DIAGNOSTIC
V5DEV_010,1.0,0,2,NPLUS__TG10_RIDGE_DIAGNOSTIC
V5DEV_012,0.5,0,2,NPLUS__TG10_RIDGE_DIAGNOSTIC
V5DEV_014,0.75,0,2,NPLUS__TG10_RIDGE_DIAGNOSTIC
V5DEV_022,1.0,0,2,NPLUS__TG10_RIDGE_DIAGNOSTIC
V5DEV_024,1.0,0,2,NPLUS__TG10_RIDGE_DIAGNOSTIC
V5DEV_040,1.0,0,2,NPLUS__TG10_RIDGE_DIAGNOSTIC
V5DEV_084,0.6666666666666666,0,2,NPLUS__TG10_RIDGE_DIAGNOSTIC
V5DEV_138,1.0,0,2,NPLUS__TG10_RIDGE_DIAGNOSTIC
V5DEV_158,0.5,0,2,NPLUS__TG10_RIDGE_DIAGNOSTIC
V5DEVE2_015,0.0,0,2,ASTRO__ALL_ORTHODOX_RIDGE_AUTO
V5DEVE2_022,0.5,0,2,ASTRO__ALL_ORTHODOX_RIDGE_AUTO
V5DEVE2_028,0.0,0,2,ASTRO__ALL_ORTHODOX_RIDGE_AUTO
V5DEVE2_042,0.0,0,2,ASTRO__ALL_ORTHODOX_RIDGE_AUTO
V5DEVX_007,0.0,0,2,ASTRO__ALL_ORTHODOX_RIDGE_AUTO
V5DEVX_025,0.0,0,2,ASTRO__ALL_ORTHODOX_RIDGE_AUTO
V5DEVX_036,0.0,0,2,ASTRO__ALL_ORTHODOX_RIDGE_AUTO
V5DEVX_108,1.0,0,2,ASTRO__ALL_ORTHODOX_RIDGE_AUTO
V5DEVX_147,0.0,0,2,ASTRO__ALL_ORTHODOX_RIDGE_AUTO
V5DEVX_154,0.5,0,2,ASTRO__ALL_ORTHODOX_RIDGE_AUTO
V5DEV_005,0.4,0,2,ASTRO__ALL_ORTHODOX_RIDGE_AUTO
V5DEV_010,0.0,0,2,ASTRO__ALL_ORTHODOX_RIDGE_AUTO
V5DEV_012,1.0,0,2,ASTRO__ALL_ORTHODOX_RIDGE_AUTO
V5DEV_014,0.25,0,2,ASTRO__ALL_ORTHODOX_RIDGE_AUTO
V5DEV_022,1.0,0,2,ASTRO__ALL_ORTHODOX_RIDGE_AUTO
V5DEV_024,0.0,0,2,ASTRO__ALL_ORTHODOX_RIDGE_AUTO
V5DEV_040,1.0,0,2,ASTRO__ALL_ORTHODOX_RIDGE_AUTO
V5DEV_084,0.6666666666666666,0,2,ASTRO__ALL_ORTHODOX_RIDGE_AUTO
V5DEV_138,1.0,0,2,ASTRO__ALL_ORTHODOX_RIDGE_AUTO
V5DEV_158,0.0,0,2,ASTRO__ALL_ORTHODOX_RIDGE_AUTO
V5DEVE2_015,0.0,0,2,NPLUS__ALL_ORTHODOX_RIDGE_AUTO
V5DEVE2_022,0.5,0,2,NPLUS__ALL_ORTHODOX_RIDGE_AUTO
V5DEVE2_028,1.0,0,2,NPLUS__ALL_ORTHODOX_RIDGE_AUTO
V5DEVE2_042,1.0,0,2,NPLUS__ALL_ORTHODOX_RIDGE_AUTO
V5DEVX_007,0.0,0,2,NPLUS__ALL_ORTHODOX_RIDGE_AUTO
V5DEVX_025,0.0,0,2,NPLUS__ALL_ORTHODOX_RIDGE_AUTO
V5DEVX_036,0.0,0,2,NPLUS__ALL_ORTHODOX_RIDGE_AUTO
V5DEVX_108,1.0,0,2,NPLUS__ALL_ORTHODOX_RIDGE_AUTO
V5DEVX_147,1.0,0,2,NPLUS__ALL_ORTHODOX_RIDGE_AUTO
V5DEVX_154,0.5,0,2,NPLUS__ALL_ORTHODOX_RIDGE_AUTO
V5DEV_005,0.4,0,2,NPLUS__ALL_ORTHODOX_RIDGE_AUTO
V5DEV_010,0.0,0,2,NPLUS__ALL_ORTHODOX_RIDGE_AUTO
V5DEV_012,1.0,0,2,NPLUS__ALL_ORTHODOX_RIDGE_AUTO
V5DEV_014,0.75,0,2,NPLUS__ALL_ORTHODOX_RIDGE_AUTO
V5DEV_022,1.0,0,2,NPLUS__ALL_ORTHODOX_RIDGE_AUTO
V5DEV_024,0.0,0,2,NPLUS__ALL_ORTHODOX_RIDGE_AUTO
V5DEV_040,1.0,0,2,NPLUS__ALL_ORTHODOX_RIDGE_AUTO
V5DEV_084,0.6666666666666666,0,2,NPLUS__ALL_ORTHODOX_RIDGE_AUTO
V5DEV_138,1.0,0,2,NPLUS__ALL_ORTHODOX_RIDGE_AUTO
V5DEV_158,0.5,0,2,NPLUS__ALL_ORTHODOX_RIDGE_AUTO
V5DEVE2_015,0.0,0,2,ASTRO__ALL_ORTHODOX_ELASTICNET_AUTO
V5DEVE2_022,0.5,0,2,ASTRO__ALL_ORTHODOX_ELASTICNET_AUTO
V5DEVE2_028,0.0,0,2,ASTRO__ALL_ORTHODOX_ELASTICNET_AUTO
V5DEVE2_042,0.0,0,2,ASTRO__ALL_ORTHODOX_ELASTICNET_AUTO
V5DEVX_007,1.0,0,2,ASTRO__ALL_ORTHODOX_ELASTICNET_AUTO
V5DEVX_025,0.0,0,2,ASTRO__ALL_ORTHODOX_ELASTICNET_AUTO
V5DEVX_036,0.0,0,2,ASTRO__ALL_ORTHODOX_ELASTICNET_AUTO
V5DEVX_108,1.0,0,2,ASTRO__ALL_ORTHODOX_ELASTICNET_AUTO
V5DEVX_147,0.0,0,2,ASTRO__ALL_ORTHODOX_ELASTICNET_AUTO
V5DEVX_154,0.5,0,2,ASTRO__ALL_ORTHODOX_ELASTICNET_AUTO
V5DEV_005,0.4,0,2,ASTRO__ALL_ORTHODOX_ELASTICNET_AUTO
V5DEV_010,0.0,0,2,ASTRO__ALL_ORTHODOX_ELASTICNET_AUTO
V5DEV_012,1.0,0,2,ASTRO__ALL_ORTHODOX_ELASTICNET_AUTO
V5DEV_014,0.75,0,2,ASTRO__ALL_ORTHODOX_ELASTICNET_AUTO
V5DEV_022,1.0,0,2,ASTRO__ALL_ORTHODOX_ELASTICNET_AUTO
V5DEV_024,0.0,0,2,ASTRO__ALL_ORTHODOX_ELASTICNET_AUTO
V5DEV_040,0.0,0,2,ASTRO__ALL_ORTHODOX_ELASTICNET_AUTO
V5DEV_084,0.6666666666666666,0,2,ASTRO__ALL_ORTHODOX_ELASTICNET_AUTO
V5DEV_138,1.0,0,2,ASTRO__ALL_ORTHODOX_ELASTICNET_AUTO
V5DEV_158,0.0,0,2,ASTRO__ALL_ORTHODOX_ELASTICNET_AUTO
V5DEVE2_015,0.0,0,2,NPLUS__ALL_ORTHODOX_ELASTICNET_AUTO
V5DEVE2_022,0.5,0,2,NPLUS__ALL_ORTHODOX_ELASTICNET_AUTO
V5DEVE2_028,1.0,0,2,NPLUS__ALL_ORTHODOX_ELASTICNET_AUTO
V5DEVE2_042,1.0,0,2,NPLUS__ALL_ORTHODOX_ELASTICNET_AUTO
V5DEVX_007,1.0,0,2,NPLUS__ALL_ORTHODOX_ELASTICNET_AUTO
V5DEVX_025,0.0,0,2,NPLUS__ALL_ORTHODOX_ELASTICNET_AUTO
V5DEVX_036,1.0,0,2,NPLUS__ALL_ORTHODOX_ELASTICNET_AUTO
V5DEVX_108,1.0,0,2,NPLUS__ALL_ORTHODOX_ELASTICNET_AUTO
V5DEVX_147,0.0,0,2,NPLUS__ALL_ORTHODOX_ELASTICNET_AUTO
V5DEVX_154,0.5,0,2,NPLUS__ALL_ORTHODOX_ELASTICNET_AUTO
V5DEV_005,0.4,0,2,NPLUS__ALL_ORTHODOX_ELASTICNET_AUTO
V5DEV_010,0.0,0,2,NPLUS__ALL_ORTHODOX_ELASTICNET_AUTO
V5DEV_012,1.0,0,2,NPLUS__ALL_ORTHODOX_ELASTICNET_AUTO
V5DEV_014,0.75,0,2,NPLUS__ALL_ORTHODOX_ELASTICNET_AUTO
V5DEV_022,1.0,0,2,NPLUS__ALL_ORTHODOX_ELASTICNET_AUTO
V5DEV_024,0.0,0,2,NPLUS__ALL_ORTHODOX_ELASTICNET_AUTO
V5DEV_040,1.0,0,2,NPLUS__ALL_ORTHODOX_ELASTICNET_AUTO
V5DEV_084,0.6666666666666666,0,2,NPLUS__ALL_ORTHODOX_ELASTICNET_AUTO
V5DEV_138,0.5,0,2,NPLUS__ALL_ORTHODOX_ELASTICNET_AUTO
V5DEV_158,0.0,0,2,NPLUS__ALL_ORTHODOX_ELASTICNET_AUTO
V5DEVE2_003,1.0,0,3,NUISANCE_ONLY
V5DEVE2_009,1.0,0,3,NUISANCE_ONLY
V5DEVE2_013,0.5,0,3,NUISANCE_ONLY
V5DEVE2_080,1.0,0,3,NUISANCE_ONLY
V5DEVX_031,0.0,0,3,NUISANCE_ONLY
V5DEVX_052,0.0,0,3,NUISANCE_ONLY
V5DEVX_089,0.6666666666666666,0,3,NUISANCE_ONLY
V5DEVX_122,1.0,0,3,NUISANCE_ONLY
V5DEVX_131,0.5,0,3,NUISANCE_ONLY
V5DEV_001,1.0,0,3,NUISANCE_ONLY
V5DEV_003,1.0,0,3,NUISANCE_ONLY
V5DEV_017,1.0,0,3,NUISANCE_ONLY
V5DEV_028,1.0,0,3,NUISANCE_ONLY
V5DEV_034,0.5,0,3,NUISANCE_ONLY
V5DEV_036,0.5,0,3,NUISANCE_ONLY
V5DEV_037,0.5,0,3,NUISANCE_ONLY
V5DEV_064,1.0,0,3,NUISANCE_ONLY
V5DEV_075,0.0,0,3,NUISANCE_ONLY
V5DEV_079,0.0,0,3,NUISANCE_ONLY
V5DEV_106,1.0,0,3,NUISANCE_ONLY
V5DEV_125,0.0,0,3,NUISANCE_ONLY
V5DEVE2_003,1.0,0,3,ASTRO__TG10_RIDGE_DIAGNOSTIC
V5DEVE2_009,0.0,0,3,ASTRO__TG10_RIDGE_DIAGNOSTIC
V5DEVE2_013,0.5,0,3,ASTRO__TG10_RIDGE_DIAGNOSTIC
V5DEVE2_080,1.0,0,3,ASTRO__TG10_RIDGE_DIAGNOSTIC
V5DEVX_031,1.0,0,3,ASTRO__TG10_RIDGE_DIAGNOSTIC
V5DEVX_052,1.0,0,3,ASTRO__TG10_RIDGE_DIAGNOSTIC
V5DEVX_089,0.0,0,3,ASTRO__TG10_RIDGE_DIAGNOSTIC
V5DEVX_122,1.0,0,3,ASTRO__TG10_RIDGE_DIAGNOSTIC
V5DEVX_131,0.25,0,3,ASTRO__TG10_RIDGE_DIAGNOSTIC
V5DEV_001,1.0,0,3,ASTRO__TG10_RIDGE_DIAGNOSTIC
V5DEV_003,0.0,0,3,ASTRO__TG10_RIDGE_DIAGNOSTIC
V5DEV_017,1.0,0,3,ASTRO__TG10_RIDGE_DIAGNOSTIC
V5DEV_028,0.0,0,3,ASTRO__TG10_RIDGE_DIAGNOSTIC
V5DEV_034,0.5,0,3,ASTRO__TG10_RIDGE_DIAGNOSTIC
V5DEV_036,0.3333333333333333,0,3,ASTRO__TG10_RIDGE_DIAGNOSTIC
V5DEV_037,0.25,0,3,ASTRO__TG10_RIDGE_DIAGNOSTIC
V5DEV_064,0.0,0,3,ASTRO__TG10_RIDGE_DIAGNOSTIC
V5DEV_075,1.0,0,3,ASTRO__TG10_RIDGE_DIAGNOSTIC
V5DEV_079,1.0,0,3,ASTRO__TG10_RIDGE_DIAGNOSTIC
V5DEV_106,1.0,0,3,ASTRO__TG10_RIDGE_DIAGNOSTIC
V5DEV_125,1.0,0,3,ASTRO__TG10_RIDGE_DIAGNOSTIC
V5DEVE2_003,1.0,0,3,NPLUS__TG10_RIDGE_DIAGNOSTIC
V5DEVE2_009,1.0,0,3,NPLUS__TG10_RIDGE_DIAGNOSTIC
V5DEVE2_013,0.0,0,3,NPLUS__TG10_RIDGE_DIAGNOSTIC
V5DEVE2_080,1.0,0,3,NPLUS__TG10_RIDGE_DIAGNOSTIC
V5DEVX_031,0.5,0,3,NPLUS__TG10_RIDGE_DIAGNOSTIC
V5DEVX_052,1.0,0,3,NPLUS__TG10_RIDGE_DIAGNOSTIC
V5DEVX_089,0.6666666666666666,0,3,NPLUS__TG10_RIDGE_DIAGNOSTIC
V5DEVX_122,1.0,0,3,NPLUS__TG10_RIDGE_DIAGNOSTIC
V5DEVX_131,0.75,0,3,NPLUS__TG10_RIDGE_DIAGNOSTIC
V5DEV_001,1.0,0,3,NPLUS__TG10_RIDGE_DIAGNOSTIC
V5DEV_003,0.0,0,3,NPLUS__TG10_RIDGE_DIAGNOSTIC
V5DEV_017,1.0,0,3,NPLUS__TG10_RIDGE_DIAGNOSTIC
V5DEV_028,0.0,0,3,NPLUS__TG10_RIDGE_DIAGNOSTIC
V5DEV_034,0.5,0,3,NPLUS__TG10_RIDGE_DIAGNOSTIC
V5DEV_036,0.5,0,3,NPLUS__TG10_RIDGE_DIAGNOSTIC
V5DEV_037,0.0,0,3,NPLUS__TG10_RIDGE_DIAGNOSTIC
V5DEV_064,1.0,0,3,NPLUS__TG10_RIDGE_DIAGNOSTIC
V5DEV_075,0.0,0,3,NPLUS__TG10_RIDGE_DIAGNOSTIC
V5DEV_079,1.0,0,3,NPLUS__TG10_RIDGE_DIAGNOSTIC
V5DEV_106,1.0,0,3,NPLUS__TG10_RIDGE_DIAGNOSTIC
V5DEV_125,0.0,0,3,NPLUS__TG10_RIDGE_DIAGNOSTIC
V5DEVE2_003,1.0,0,3,ASTRO__ALL_ORTHODOX_RIDGE_AUTO
V5DEVE2_009,0.0,0,3,ASTRO__ALL_ORTHODOX_RIDGE_AUTO
V5DEVE2_013,0.0,0,3,ASTRO__ALL_ORTHODOX_RIDGE_AUTO
V5DEVE2_080,1.0,0,3,ASTRO__ALL_ORTHODOX_RIDGE_AUTO
V5DEVX_031,0.5,0,3,ASTRO__ALL_ORTHODOX_RIDGE_AUTO
V5DEVX_052,1.0,0,3,ASTRO__ALL_ORTHODOX_RIDGE_AUTO
V5DEVX_089,0.0,0,3,ASTRO__ALL_ORTHODOX_RIDGE_AUTO
V5DEVX_122,1.0,0,3,ASTRO__ALL_ORTHODOX_RIDGE_AUTO
V5DEVX_131,0.5,0,3,ASTRO__ALL_ORTHODOX_RIDGE_AUTO
V5DEV_001,1.0,0,3,ASTRO__ALL_ORTHODOX_RIDGE_AUTO
V5DEV_003,0.0,0,3,ASTRO__ALL_ORTHODOX_RIDGE_AUTO
V5DEV_017,1.0,0,3,ASTRO__ALL_ORTHODOX_RIDGE_AUTO
V5DEV_028,0.0,0,3,ASTRO__ALL_ORTHODOX_RIDGE_AUTO
V5DEV_034,0.5,0,3,ASTRO__ALL_ORTHODOX_RIDGE_AUTO
V5DEV_036,0.5,0,3,ASTRO__ALL_ORTHODOX_RIDGE_AUTO
V5DEV_037,0.75,0,3,ASTRO__ALL_ORTHODOX_RIDGE_AUTO
V5DEV_064,0.0,0,3,ASTRO__ALL_ORTHODOX_RIDGE_AUTO
V5DEV_075,0.0,0,3,ASTRO__ALL_ORTHODOX_RIDGE_AUTO
V5DEV_079,1.0,0,3,ASTRO__ALL_ORTHODOX_RIDGE_AUTO
V5DEV_106,1.0,0,3,ASTRO__ALL_ORTHODOX_RIDGE_AUTO
V5DEV_125,1.0,0,3,ASTRO__ALL_ORTHODOX_RIDGE_AUTO
V5DEVE2_003,1.0,0,3,NPLUS__ALL_ORTHODOX_RIDGE_AUTO
V5DEVE2_009,1.0,0,3,NPLUS__ALL_ORTHODOX_RIDGE_AUTO
V5DEVE2_013,0.0,0,3,NPLUS__ALL_ORTHODOX_RIDGE_AUTO
V5DEVE2_080,1.0,0,3,NPLUS__ALL_ORTHODOX_RIDGE_AUTO
V5DEVX_031,0.5,0,3,NPLUS__ALL_ORTHODOX_RIDGE_AUTO
V5DEVX_052,0.0,0,3,NPLUS__ALL_ORTHODOX_RIDGE_AUTO
V5DEVX_089,0.0,0,3,NPLUS__ALL_ORTHODOX_RIDGE_AUTO
V5DEVX_122,1.0,0,3,NPLUS__ALL_ORTHODOX_RIDGE_AUTO
V5DEVX_131,0.5,0,3,NPLUS__ALL_ORTHODOX_RIDGE_AUTO
V5DEV_001,1.0,0,3,NPLUS__ALL_ORTHODOX_RIDGE_AUTO
V5DEV_003,0.0,0,3,NPLUS__ALL_ORTHODOX_RIDGE_AUTO
V5DEV_017,0.0,0,3,NPLUS__ALL_ORTHODOX_RIDGE_AUTO
V5DEV_028,0.0,0,3,NPLUS__ALL_ORTHODOX_RIDGE_AUTO
V5DEV_034,0.5,0,3,NPLUS__ALL_ORTHODOX_RIDGE_AUTO
V5DEV_036,0.5,0,3,NPLUS__ALL_ORTHODOX_RIDGE_AUTO
V5DEV_037,0.75,0,3,NPLUS__ALL_ORTHODOX_RIDGE_AUTO
V5DEV_064,0.0,0,3,NPLUS__ALL_ORTHODOX_RIDGE_AUTO
V5DEV_075,0.0,0,3,NPLUS__ALL_ORTHODOX_RIDGE_AUTO
V5DEV_079,1.0,0,3,NPLUS__ALL_ORTHODOX_RIDGE_AUTO
V5DEV_106,1.0,0,3,NPLUS__ALL_ORTHODOX_RIDGE_AUTO
V5DEV_125,1.0,0,3,NPLUS__ALL_ORTHODOX_RIDGE_AUTO
V5DEVE2_003,1.0,0,3,ASTRO__ALL_ORTHODOX_ELASTICNET_AUTO
V5DEVE2_009,0.0,0,3,ASTRO__ALL_ORTHODOX_ELASTICNET_AUTO
V5DEVE2_013,0.0,0,3,ASTRO__ALL_ORTHODOX_ELASTICNET_AUTO
V5DEVE2_080,1.0,0,3,ASTRO__ALL_ORTHODOX_ELASTICNET_AUTO
V5DEVX_031,1.0,0,3,ASTRO__ALL_ORTHODOX_ELASTICNET_AUTO
V5DEVX_052,1.0,0,3,ASTRO__ALL_ORTHODOX_ELASTICNET_AUTO
V5DEVX_089,0.0,0,3,ASTRO__ALL_ORTHODOX_ELASTICNET_AUTO
V5DEVX_122,1.0,0,3,ASTRO__ALL_ORTHODOX_ELASTICNET_AUTO
V5DEVX_131,0.75,0,3,ASTRO__ALL_ORTHODOX_ELASTICNET_AUTO
V5DEV_001,1.0,0,3,ASTRO__ALL_ORTHODOX_ELASTICNET_AUTO
V5DEV_003,0.0,0,3,ASTRO__ALL_ORTHODOX_ELASTICNET_AUTO
V5DEV_017,0.0,0,3,ASTRO__ALL_ORTHODOX_ELASTICNET_AUTO
V5DEV_028,0.0,0,3,ASTRO__ALL_ORTHODOX_ELASTICNET_AUTO
V5DEV_034,1.0,0,3,ASTRO__ALL_ORTHODOX_ELASTICNET_AUTO
V5DEV_036,0.5,0,3,ASTRO__ALL_ORTHODOX_ELASTICNET_AUTO
V5DEV_037,0.75,0,3,ASTRO__ALL_ORTHODOX_ELASTICNET_AUTO
V5DEV_064,0.0,0,3,ASTRO__ALL_ORTHODOX_ELASTICNET_AUTO
V5DEV_075,0.0,0,3,ASTRO__ALL_ORTHODOX_ELASTICNET_AUTO
V5DEV_079,1.0,0,3,ASTRO__ALL_ORTHODOX_ELASTICNET_AUTO
V5DEV_106,1.0,0,3,ASTRO__ALL_ORTHODOX_ELASTICNET_AUTO
V5DEV_125,1.0,0,3,ASTRO__ALL_ORTHODOX_ELASTICNET_AUTO
V5DEVE2_003,1.0,0,3,NPLUS__ALL_ORTHODOX_ELASTICNET_AUTO
V5DEVE2_009,1.0,0,3,NPLUS__ALL_ORTHODOX_ELASTICNET_AUTO
V5DEVE2_013,0.0,0,3,NPLUS__ALL_ORTHODOX_ELASTICNET_AUTO
V5DEVE2_080,1.0,0,3,NPLUS__ALL_ORTHODOX_ELASTICNET_AUTO
V5DEVX_031,0.5,0,3,NPLUS__ALL_ORTHODOX_ELASTICNET_AUTO
V5DEVX_052,0.0,0,3,NPLUS__ALL_ORTHODOX_ELASTICNET_AUTO
V5DEVX_089,0.0,0,3,NPLUS__ALL_ORTHODOX_ELASTICNET_AUTO
V5DEVX_122,1.0,0,3,NPLUS__ALL_ORTHODOX_ELASTICNET_AUTO
V5DEVX_131,0.75,0,3,NPLUS__ALL_ORTHODOX_ELASTICNET_AUTO
V5DEV_001,1.0,0,3,NPLUS__ALL_ORTHODOX_ELASTICNET_AUTO
V5DEV_003,0.0,0,3,NPLUS__ALL_ORTHODOX_ELASTICNET_AUTO
V5DEV_017,0.0,0,3,NPLUS__ALL_ORTHODOX_ELASTICNET_AUTO
V5DEV_028,0.0,0,3,NPLUS__ALL_ORTHODOX_ELASTICNET_AUTO
V5DEV_034,0.5,0,3,NPLUS__ALL_ORTHODOX_ELASTICNET_AUTO
V5DEV_036,0.5,0,3,NPLUS__ALL_ORTHODOX_ELASTICNET_AUTO
V5DEV_037,0.75,0,3,NPLUS__ALL_ORTHODOX_ELASTICNET_AUTO
V5DEV_064,1.0,0,3,NPLUS__ALL_ORTHODOX_ELASTICNET_AUTO
V5DEV_075,0.0,0,3,NPLUS__ALL_ORTHODOX_ELASTICNET_AUTO
V5DEV_079,1.0,0,3,NPLUS__ALL_ORTHODOX_ELASTICNET_AUTO
V5DEV_106,1.0,0,3,NPLUS__ALL_ORTHODOX_ELASTICNET_AUTO
V5DEV_125,1.0,0,3,NPLUS__ALL_ORTHODOX_ELASTICNET_AUTO
V5DEVE2_061,1.0,0,4,NUISANCE_ONLY
V5DEVE2_115,1.0,0,4,NUISANCE_ONLY
V5DEVE2_128,0.5,0,4,NUISANCE_ONLY
V5DEVE2_154,0.0,0,4,NUISANCE_ONLY
V5DEVX_004,1.0,0,4,NUISANCE_ONLY
V5DEVX_017,1.0,0,4,NUISANCE_ONLY
V5DEVX_046,0.5,0,4,NUISANCE_ONLY
V5DEVX_048,1.0,0,4,NUISANCE_ONLY
V5DEVX_050,0.0,0,4,NUISANCE_ONLY
V5DEVX_132,1.0,0,4,NUISANCE_ONLY
V5DEV_009,1.0,0,4,NUISANCE_ONLY
V5DEV_013,0.5,0,4,NUISANCE_ONLY
V5DEV_015,0.0,0,4,NUISANCE_ONLY
V5DEV_025,0.8,0,4,NUISANCE_ONLY
V5DEV_026,0.0,0,4,NUISANCE_ONLY
V5DEV_038,1.0,0,4,NUISANCE_ONLY
V5DEV_090,1.0,0,4,NUISANCE_ONLY
V5DEV_114,1.0,0,4,NUISANCE_ONLY
V5DEV_118,0.0,0,4,NUISANCE_ONLY
V5DEV_121,1.0,0,4,NUISANCE_ONLY
V5DEV_150,1.0,0,4,NUISANCE_ONLY
V5DEVE2_061,1.0,0,4,ASTRO__TG10_RIDGE_DIAGNOSTIC
V5DEVE2_115,0.0,0,4,ASTRO__TG10_RIDGE_DIAGNOSTIC
V5DEVE2_128,1.0,0,4,ASTRO__TG10_RIDGE_DIAGNOSTIC
V5DEVE2_154,0.0,0,4,ASTRO__TG10_RIDGE_DIAGNOSTIC
V5DEVX_004,0.3333333333333333,0,4,ASTRO__TG10_RIDGE_DIAGNOSTIC
V5DEVX_017,0.0,0,4,ASTRO__TG10_RIDGE_DIAGNOSTIC
V5DEVX_046,1.0,0,4,ASTRO__TG10_RIDGE_DIAGNOSTIC
V5DEVX_048,0.0,0,4,ASTRO__TG10_RIDGE_DIAGNOSTIC
V5DEVX_050,1.0,0,4,ASTRO__TG10_RIDGE_DIAGNOSTIC
V5DEVX_132,0.3333333333333333,0,4,ASTRO__TG10_RIDGE_DIAGNOSTIC
V5DEV_009,0.0,0,4,ASTRO__TG10_RIDGE_DIAGNOSTIC
V5DEV_013,0.0,0,4,ASTRO__TG10_RIDGE_DIAGNOSTIC
V5DEV_015,0.5,0,4,ASTRO__TG10_RIDGE_DIAGNOSTIC
V5DEV_025,0.6,0,4,ASTRO__TG10_RIDGE_DIAGNOSTIC
V5DEV_026,0.0,0,4,ASTRO__TG10_RIDGE_DIAGNOSTIC
V5DEV_038,0.5,0,4,ASTRO__TG10_RIDGE_DIAGNOSTIC
V5DEV_090,1.0,0,4,ASTRO__TG10_RIDGE_DIAGNOSTIC
V5DEV_114,0.0,0,4,ASTRO__TG10_RIDGE_DIAGNOSTIC
V5DEV_118,0.0,0,4,ASTRO__TG10_RIDGE_DIAGNOSTIC
V5DEV_121,1.0,0,4,ASTRO__TG10_RIDGE_DIAGNOSTIC
V5DEV_150,0.0,0,4,ASTRO__TG10_RIDGE_DIAGNOSTIC
V5DEVE2_061,1.0,0,4,NPLUS__TG10_RIDGE_DIAGNOSTIC
V5DEVE2_115,0.0,0,4,NPLUS__TG10_RIDGE_DIAGNOSTIC
V5DEVE2_128,1.0,0,4,NPLUS__TG10_RIDGE_DIAGNOSTIC
V5DEVE2_154,1.0,0,4,NPLUS__TG10_RIDGE_DIAGNOSTIC
V5DEVX_004,0.6666666666666666,0,4,NPLUS__TG10_RIDGE_DIAGNOSTIC
V5DEVX_017,1.0,0,4,NPLUS__TG10_RIDGE_DIAGNOSTIC
V5DEVX_046,1.0,0,4,NPLUS__TG10_RIDGE_DIAGNOSTIC
V5DEVX_048,0.0,0,4,NPLUS__TG10_RIDGE_DIAGNOSTIC
V5DEVX_050,1.0,0,4,NPLUS__TG10_RIDGE_DIAGNOSTIC
V5DEVX_132,0.6666666666666666,0,4,NPLUS__TG10_RIDGE_DIAGNOSTIC
V5DEV_009,0.0,0,4,NPLUS__TG10_RIDGE_DIAGNOSTIC
V5DEV_013,0.0,0,4,NPLUS__TG10_RIDGE_DIAGNOSTIC
V5DEV_015,0.5,0,4,NPLUS__TG10_RIDGE_DIAGNOSTIC
V5DEV_025,0.8,0,4,NPLUS__TG10_RIDGE_DIAGNOSTIC
V5DEV_026,0.3333333333333333,0,4,NPLUS__TG10_RIDGE_DIAGNOSTIC
V5DEV_038,0.5,0,4,NPLUS__TG10_RIDGE_DIAGNOSTIC
V5DEV_090,1.0,0,4,NPLUS__TG10_RIDGE_DIAGNOSTIC
V5DEV_114,0.5,0,4,NPLUS__TG10_RIDGE_DIAGNOSTIC
V5DEV_118,0.0,0,4,NPLUS__TG10_RIDGE_DIAGNOSTIC
V5DEV_121,1.0,0,4,NPLUS__TG10_RIDGE_DIAGNOSTIC
V5DEV_150,1.0,0,4,NPLUS__TG10_RIDGE_DIAGNOSTIC
V5DEVE2_061,0.0,0,4,ASTRO__ALL_ORTHODOX_RIDGE_AUTO
V5DEVE2_115,0.0,0,4,ASTRO__ALL_ORTHODOX_RIDGE_AUTO
V5DEVE2_128,1.0,0,4,ASTRO__ALL_ORTHODOX_RIDGE_AUTO
V5DEVE2_154,1.0,0,4,ASTRO__ALL_ORTHODOX_RIDGE_AUTO
V5DEVX_004,1.0,0,4,ASTRO__ALL_ORTHODOX_RIDGE_AUTO
V5DEVX_017,1.0,0,4,ASTRO__ALL_ORTHODOX_RIDGE_AUTO
V5DEVX_046,0.5,0,4,ASTRO__ALL_ORTHODOX_RIDGE_AUTO
V5DEVX_048,1.0,0,4,ASTRO__ALL_ORTHODOX_RIDGE_AUTO
V5DEVX_050,1.0,0,4,ASTRO__ALL_ORTHODOX_RIDGE_AUTO
V5DEVX_132,0.6666666666666666,0,4,ASTRO__ALL_ORTHODOX_RIDGE_AUTO
V5DEV_009,0.0,0,4,ASTRO__ALL_ORTHODOX_RIDGE_AUTO
V5DEV_013,0.0,0,4,ASTRO__ALL_ORTHODOX_RIDGE_AUTO
V5DEV_015,0.0,0,4,ASTRO__ALL_ORTHODOX_RIDGE_AUTO
V5DEV_025,0.8,0,4,ASTRO__ALL_ORTHODOX_RIDGE_AUTO
V5DEV_026,0.6666666666666666,0,4,ASTRO__ALL_ORTHODOX_RIDGE_AUTO
V5DEV_038,0.5,0,4,ASTRO__ALL_ORTHODOX_RIDGE_AUTO
V5DEV_090,1.0,0,4,ASTRO__ALL_ORTHODOX_RIDGE_AUTO
V5DEV_114,0.0,0,4,ASTRO__ALL_ORTHODOX_RIDGE_AUTO
V5DEV_118,0.0,0,4,ASTRO__ALL_ORTHODOX_RIDGE_AUTO
V5DEV_121,1.0,0,4,ASTRO__ALL_ORTHODOX_RIDGE_AUTO
V5DEV_150,1.0,0,4,ASTRO__ALL_ORTHODOX_RIDGE_AUTO
V5DEVE2_061,1.0,0,4,NPLUS__ALL_ORTHODOX_RIDGE_AUTO
V5DEVE2_115,1.0,0,4,NPLUS__ALL_ORTHODOX_RIDGE_AUTO
V5DEVE2_128,1.0,0,4,NPLUS__ALL_ORTHODOX_RIDGE_AUTO
V5DEVE2_154,1.0,0,4,NPLUS__ALL_ORTHODOX_RIDGE_AUTO
V5DEVX_004,1.0,0,4,NPLUS__ALL_ORTHODOX_RIDGE_AUTO
V5DEVX_017,1.0,0,4,NPLUS__ALL_ORTHODOX_RIDGE_AUTO
V5DEVX_046,1.0,0,4,NPLUS__ALL_ORTHODOX_RIDGE_AUTO
V5DEVX_048,1.0,0,4,NPLUS__ALL_ORTHODOX_RIDGE_AUTO
V5DEVX_050,1.0,0,4,NPLUS__ALL_ORTHODOX_RIDGE_AUTO
V5DEVX_132,0.3333333333333333,0,4,NPLUS__ALL_ORTHODOX_RIDGE_AUTO
V5DEV_009,1.0,0,4,NPLUS__ALL_ORTHODOX_RIDGE_AUTO
V5DEV_013,0.0,0,4,NPLUS__ALL_ORTHODOX_RIDGE_AUTO
V5DEV_015,0.5,0,4,NPLUS__ALL_ORTHODOX_RIDGE_AUTO
V5DEV_025,0.4,0,4,NPLUS__ALL_ORTHODOX_RIDGE_AUTO
V5DEV_026,0.6666666666666666,0,4,NPLUS__ALL_ORTHODOX_RIDGE_AUTO
V5DEV_038,0.5,0,4,NPLUS__ALL_ORTHODOX_RIDGE_AUTO
V5DEV_090,1.0,0,4,NPLUS__ALL_ORTHODOX_RIDGE_AUTO
V5DEV_114,0.5,0,4,NPLUS__ALL_ORTHODOX_RIDGE_AUTO
V5DEV_118,0.0,0,4,NPLUS__ALL_ORTHODOX_RIDGE_AUTO
V5DEV_121,1.0,0,4,NPLUS__ALL_ORTHODOX_RIDGE_AUTO
V5DEV_150,1.0,0,4,NPLUS__ALL_ORTHODOX_RIDGE_AUTO
V5DEVE2_061,1.0,0,4,ASTRO__ALL_ORTHODOX_ELASTICNET_AUTO
V5DEVE2_115,0.0,0,4,ASTRO__ALL_ORTHODOX_ELASTICNET_AUTO
V5DEVE2_128,1.0,0,4,ASTRO__ALL_ORTHODOX_ELASTICNET_AUTO
V5DEVE2_154,1.0,0,4,ASTRO__ALL_ORTHODOX_ELASTICNET_AUTO
V5DEVX_004,1.0,0,4,ASTRO__ALL_ORTHODOX_ELASTICNET_AUTO
V5DEVX_017,1.0,0,4,ASTRO__ALL_ORTHODOX_ELASTICNET_AUTO
V5DEVX_046,1.0,0,4,ASTRO__ALL_ORTHODOX_ELASTICNET_AUTO
V5DEVX_048,0.0,0,4,ASTRO__ALL_ORTHODOX_ELASTICNET_AUTO
V5DEVX_050,1.0,0,4,ASTRO__ALL_ORTHODOX_ELASTICNET_AUTO
V5DEVX_132,0.0,0,4,ASTRO__ALL_ORTHODOX_ELASTICNET_AUTO
V5DEV_009,1.0,0,4,ASTRO__ALL_ORTHODOX_ELASTICNET_AUTO
V5DEV_013,0.0,0,4,ASTRO__ALL_ORTHODOX_ELASTICNET_AUTO
V5DEV_015,0.5,0,4,ASTRO__ALL_ORTHODOX_ELASTICNET_AUTO
V5DEV_025,0.2,0,4,ASTRO__ALL_ORTHODOX_ELASTICNET_AUTO
V5DEV_026,0.0,0,4,ASTRO__ALL_ORTHODOX_ELASTICNET_AUTO
V5DEV_038,0.75,0,4,ASTRO__ALL_ORTHODOX_ELASTICNET_AUTO
V5DEV_090,1.0,0,4,ASTRO__ALL_ORTHODOX_ELASTICNET_AUTO
V5DEV_114,0.0,0,4,ASTRO__ALL_ORTHODOX_ELASTICNET_AUTO
V5DEV_118,0.0,0,4,ASTRO__ALL_ORTHODOX_ELASTICNET_AUTO
V5DEV_121,1.0,0,4,ASTRO__ALL_ORTHODOX_ELASTICNET_AUTO
V5DEV_150,0.0,0,4,ASTRO__ALL_ORTHODOX_ELASTICNET_AUTO
V5DEVE2_061,1.0,0,4,NPLUS__ALL_ORTHODOX_ELASTICNET_AUTO
V5DEVE2_115,1.0,0,4,NPLUS__ALL_ORTHODOX_ELASTICNET_AUTO
V5DEVE2_128,1.0,0,4,NPLUS__ALL_ORTHODOX_ELASTICNET_AUTO
V5DEVE2_154,0.0,0,4,NPLUS__ALL_ORTHODOX_ELASTICNET_AUTO
V5DEVX_004,0.6666666666666666,0,4,NPLUS__ALL_ORTHODOX_ELASTICNET_AUTO
V5DEVX_017,1.0,0,4,NPLUS__ALL_ORTHODOX_ELASTICNET_AUTO
V5DEVX_046,1.0,0,4,NPLUS__ALL_ORTHODOX_ELASTICNET_AUTO
V5DEVX_048,1.0,0,4,NPLUS__ALL_ORTHODOX_ELASTICNET_AUTO
V5DEVX_050,1.0,0,4,NPLUS__ALL_ORTHODOX_ELASTICNET_AUTO
V5DEVX_132,0.0,0,4,NPLUS__ALL_ORTHODOX_ELASTICNET_AUTO
V5DEV_009,1.0,0,4,NPLUS__ALL_ORTHODOX_ELASTICNET_AUTO
V5DEV_013,0.0,0,4,NPLUS__ALL_ORTHODOX_ELASTICNET_AUTO
V5DEV_015,1.0,0,4,NPLUS__ALL_ORTHODOX_ELASTICNET_AUTO
V5DEV_025,1.0,0,4,NPLUS__ALL_ORTHODOX_ELASTICNET_AUTO
V5DEV_026,0.3333333333333333,0,4,NPLUS__ALL_ORTHODOX_ELASTICNET_AUTO
V5DEV_038,0.75,0,4,NPLUS__ALL_ORTHODOX_ELASTICNET_AUTO
V5DEV_090,1.0,0,4,NPLUS__ALL_ORTHODOX_ELASTICNET_AUTO
V5DEV_114,0.5,0,4,NPLUS__ALL_ORTHODOX_ELASTICNET_AUTO
V5DEV_118,0.0,0,4,NPLUS__ALL_ORTHODOX_ELASTICNET_AUTO
V5DEV_121,1.0,0,4,NPLUS__ALL_ORTHODOX_ELASTICNET_AUTO
V5DEV_150,1.0,0,4,NPLUS__ALL_ORTHODOX_ELASTICNET_AUTO
V5DEVE2_003,1.0,1,0,NUISANCE_ONLY
V5DEVE2_015,1.0,1,0,NUISANCE_ONLY
V5DEVE2_128,0.5,1,0,NUISANCE_ONLY
V5DEVE2_154,0.0,1,0,NUISANCE_ONLY
V5DEVX_004,0.6666666666666666,1,0,NUISANCE_ONLY
V5DEVX_025,1.0,1,0,NUISANCE_ONLY
V5DEVX_049,0.75,1,0,NUISANCE_ONLY
V5DEVX_052,0.0,1,0,NUISANCE_ONLY
V5DEVX_108,1.0,1,0,NUISANCE_ONLY
V5DEV_001,1.0,1,0,NUISANCE_ONLY
V5DEV_007,1.0,1,0,NUISANCE_ONLY
V5DEV_015,0.0,1,0,NUISANCE_ONLY
V5DEV_020,0.0,1,0,NUISANCE_ONLY
V5DEV_023,0.375,1,0,NUISANCE_ONLY
V5DEV_026,0.0,1,0,NUISANCE_ONLY
V5DEV_079,0.0,1,0,NUISANCE_ONLY
V5DEV_080,0.0,1,0,NUISANCE_ONLY
V5DEV_109,0.5,1,0,NUISANCE_ONLY
V5DEV_121,1.0,1,0,NUISANCE_ONLY
V5DEV_155,1.0,1,0,NUISANCE_ONLY
V5DEVE2_003,0.0,1,0,ASTRO__TG10_RIDGE_DIAGNOSTIC
V5DEVE2_015,0.0,1,0,ASTRO__TG10_RIDGE_DIAGNOSTIC
V5DEVE2_128,0.5,1,0,ASTRO__TG10_RIDGE_DIAGNOSTIC
V5DEVE2_154,0.0,1,0,ASTRO__TG10_RIDGE_DIAGNOSTIC
V5DEVX_004,0.3333333333333333,1,0,ASTRO__TG10_RIDGE_DIAGNOSTIC
V5DEVX_025,0.0,1,0,ASTRO__TG10_RIDGE_DIAGNOSTIC
V5DEVX_049,0.5,1,0,ASTRO__TG10_RIDGE_DIAGNOSTIC
V5DEVX_052,1.0,1,0,ASTRO__TG10_RIDGE_DIAGNOSTIC
V5DEVX_108,0.0,1,0,ASTRO__TG10_RIDGE_DIAGNOSTIC
V5DEV_001,1.0,1,0,ASTRO__TG10_RIDGE_DIAGNOSTIC
V5DEV_007,1.0,1,0,ASTRO__TG10_RIDGE_DIAGNOSTIC
V5DEV_015,1.0,1,0,ASTRO__TG10_RIDGE_DIAGNOSTIC
V5DEV_020,0.0,1,0,ASTRO__TG10_RIDGE_DIAGNOSTIC
V5DEV_023,0.25,1,0,ASTRO__TG10_RIDGE_DIAGNOSTIC
V5DEV_026,0.0,1,0,ASTRO__TG10_RIDGE_DIAGNOSTIC
V5DEV_079,1.0,1,0,ASTRO__TG10_RIDGE_DIAGNOSTIC
V5DEV_080,1.0,1,0,ASTRO__TG10_RIDGE_DIAGNOSTIC
V5DEV_109,1.0,1,0,ASTRO__TG10_RIDGE_DIAGNOSTIC
V5DEV_121,1.0,1,0,ASTRO__TG10_RIDGE_DIAGNOSTIC
V5DEV_155,0.0,1,0,ASTRO__TG10_RIDGE_DIAGNOSTIC
V5DEVE2_003,1.0,1,0,NPLUS__TG10_RIDGE_DIAGNOSTIC
V5DEVE2_015,1.0,1,0,NPLUS__TG10_RIDGE_DIAGNOSTIC
V5DEVE2_128,0.5,1,0,NPLUS__TG10_RIDGE_DIAGNOSTIC
V5DEVE2_154,1.0,1,0,NPLUS__TG10_RIDGE_DIAGNOSTIC
V5DEVX_004,0.3333333333333333,1,0,NPLUS__TG10_RIDGE_DIAGNOSTIC
V5DEVX_025,0.0,1,0,NPLUS__TG10_RIDGE_DIAGNOSTIC
V5DEVX_049,0.25,1,0,NPLUS__TG10_RIDGE_DIAGNOSTIC
V5DEVX_052,1.0,1,0,NPLUS__TG10_RIDGE_DIAGNOSTIC
V5DEVX_108,1.0,1,0,NPLUS__TG10_RIDGE_DIAGNOSTIC
V5DEV_001,1.0,1,0,NPLUS__TG10_RIDGE_DIAGNOSTIC
V5DEV_007,1.0,1,0,NPLUS__TG10_RIDGE_DIAGNOSTIC
V5DEV_015,1.0,1,0,NPLUS__TG10_RIDGE_DIAGNOSTIC
V5DEV_020,0.0,1,0,NPLUS__TG10_RIDGE_DIAGNOSTIC
V5DEV_023,0.25,1,0,NPLUS__TG10_RIDGE_DIAGNOSTIC
V5DEV_026,0.0,1,0,NPLUS__TG10_RIDGE_DIAGNOSTIC
V5DEV_079,1.0,1,0,NPLUS__TG10_RIDGE_DIAGNOSTIC
V5DEV_080,1.0,1,0,NPLUS__TG10_RIDGE_DIAGNOSTIC
V5DEV_109,0.5,1,0,NPLUS__TG10_RIDGE_DIAGNOSTIC
V5DEV_121,1.0,1,0,NPLUS__TG10_RIDGE_DIAGNOSTIC
V5DEV_155,0.0,1,0,NPLUS__TG10_RIDGE_DIAGNOSTIC
V5DEVE2_003,1.0,1,0,ASTRO__ALL_ORTHODOX_RIDGE_AUTO
V5DEVE2_015,0.0,1,0,ASTRO__ALL_ORTHODOX_RIDGE_AUTO
V5DEVE2_128,0.5,1,0,ASTRO__ALL_ORTHODOX_RIDGE_AUTO
V5DEVE2_154,1.0,1,0,ASTRO__ALL_ORTHODOX_RIDGE_AUTO
V5DEVX_004,1.0,1,0,ASTRO__ALL_ORTHODOX_RIDGE_AUTO
V5DEVX_025,0.0,1,0,ASTRO__ALL_ORTHODOX_RIDGE_AUTO
V5DEVX_049,0.5,1,0,ASTRO__ALL_ORTHODOX_RIDGE_AUTO
V5DEVX_052,1.0,1,0,ASTRO__ALL_ORTHODOX_RIDGE_AUTO
V5DEVX_108,1.0,1,0,ASTRO__ALL_ORTHODOX_RIDGE_AUTO
V5DEV_001,1.0,1,0,ASTRO__ALL_ORTHODOX_RIDGE_AUTO
V5DEV_007,0.0,1,0,ASTRO__ALL_ORTHODOX_RIDGE_AUTO
V5DEV_015,1.0,1,0,ASTRO__ALL_ORTHODOX_RIDGE_AUTO
V5DEV_020,0.0,1,0,ASTRO__ALL_ORTHODOX_RIDGE_AUTO
V5DEV_023,0.0,1,0,ASTRO__ALL_ORTHODOX_RIDGE_AUTO
V5DEV_026,1.0,1,0,ASTRO__ALL_ORTHODOX_RIDGE_AUTO
V5DEV_079,1.0,1,0,ASTRO__ALL_ORTHODOX_RIDGE_AUTO
V5DEV_080,1.0,1,0,ASTRO__ALL_ORTHODOX_RIDGE_AUTO
V5DEV_109,1.0,1,0,ASTRO__ALL_ORTHODOX_RIDGE_AUTO
V5DEV_121,1.0,1,0,ASTRO__ALL_ORTHODOX_RIDGE_AUTO
V5DEV_155,0.0,1,0,ASTRO__ALL_ORTHODOX_RIDGE_AUTO
V5DEVE2_003,1.0,1,0,NPLUS__ALL_ORTHODOX_RIDGE_AUTO
V5DEVE2_015,1.0,1,0,NPLUS__ALL_ORTHODOX_RIDGE_AUTO
V5DEVE2_128,0.5,1,0,NPLUS__ALL_ORTHODOX_RIDGE_AUTO
V5DEVE2_154,1.0,1,0,NPLUS__ALL_ORTHODOX_RIDGE_AUTO
V5DEVX_004,1.0,1,0,NPLUS__ALL_ORTHODOX_RIDGE_AUTO
V5DEVX_025,0.0,1,0,NPLUS__ALL_ORTHODOX_RIDGE_AUTO
V5DEVX_049,0.25,1,0,NPLUS__ALL_ORTHODOX_RIDGE_AUTO
V5DEVX_052,1.0,1,0,NPLUS__ALL_ORTHODOX_RIDGE_AUTO
V5DEVX_108,1.0,1,0,NPLUS__ALL_ORTHODOX_RIDGE_AUTO
V5DEV_001,1.0,1,0,NPLUS__ALL_ORTHODOX_RIDGE_AUTO
V5DEV_007,0.0,1,0,NPLUS__ALL_ORTHODOX_RIDGE_AUTO
V5DEV_015,1.0,1,0,NPLUS__ALL_ORTHODOX_RIDGE_AUTO
V5DEV_020,0.0,1,0,NPLUS__ALL_ORTHODOX_RIDGE_AUTO
V5DEV_023,0.0,1,0,NPLUS__ALL_ORTHODOX_RIDGE_AUTO
V5DEV_026,1.0,1,0,NPLUS__ALL_ORTHODOX_RIDGE_AUTO
V5DEV_079,0.0,1,0,NPLUS__ALL_ORTHODOX_RIDGE_AUTO
V5DEV_080,1.0,1,0,NPLUS__ALL_ORTHODOX_RIDGE_AUTO
V5DEV_109,0.5,1,0,NPLUS__ALL_ORTHODOX_RIDGE_AUTO
V5DEV_121,1.0,1,0,NPLUS__ALL_ORTHODOX_RIDGE_AUTO
V5DEV_155,0.0,1,0,NPLUS__ALL_ORTHODOX_RIDGE_AUTO
V5DEVE2_003,1.0,1,0,ASTRO__ALL_ORTHODOX_ELASTICNET_AUTO
V5DEVE2_015,0.0,1,0,ASTRO__ALL_ORTHODOX_ELASTICNET_AUTO
V5DEVE2_128,1.0,1,0,ASTRO__ALL_ORTHODOX_ELASTICNET_AUTO
V5DEVE2_154,1.0,1,0,ASTRO__ALL_ORTHODOX_ELASTICNET_AUTO
V5DEVX_004,1.0,1,0,ASTRO__ALL_ORTHODOX_ELASTICNET_AUTO
V5DEVX_025,0.0,1,0,ASTRO__ALL_ORTHODOX_ELASTICNET_AUTO
V5DEVX_049,0.25,1,0,ASTRO__ALL_ORTHODOX_ELASTICNET_AUTO
V5DEVX_052,1.0,1,0,ASTRO__ALL_ORTHODOX_ELASTICNET_AUTO
V5DEVX_108,1.0,1,0,ASTRO__ALL_ORTHODOX_ELASTICNET_AUTO
V5DEV_001,1.0,1,0,ASTRO__ALL_ORTHODOX_ELASTICNET_AUTO
V5DEV_007,0.0,1,0,ASTRO__ALL_ORTHODOX_ELASTICNET_AUTO
V5DEV_015,1.0,1,0,ASTRO__ALL_ORTHODOX_ELASTICNET_AUTO
V5DEV_020,0.0,1,0,ASTRO__ALL_ORTHODOX_ELASTICNET_AUTO
V5DEV_023,0.125,1,0,ASTRO__ALL_ORTHODOX_ELASTICNET_AUTO
V5DEV_026,1.0,1,0,ASTRO__ALL_ORTHODOX_ELASTICNET_AUTO
V5DEV_079,1.0,1,0,ASTRO__ALL_ORTHODOX_ELASTICNET_AUTO
V5DEV_080,0.0,1,0,ASTRO__ALL_ORTHODOX_ELASTICNET_AUTO
V5DEV_109,1.0,1,0,ASTRO__ALL_ORTHODOX_ELASTICNET_AUTO
V5DEV_121,1.0,1,0,ASTRO__ALL_ORTHODOX_ELASTICNET_AUTO
V5DEV_155,0.0,1,0,ASTRO__ALL_ORTHODOX_ELASTICNET_AUTO
V5DEVE2_003,1.0,1,0,NPLUS__ALL_ORTHODOX_ELASTICNET_AUTO
V5DEVE2_015,1.0,1,0,NPLUS__ALL_ORTHODOX_ELASTICNET_AUTO
V5DEVE2_128,0.5,1,0,NPLUS__ALL_ORTHODOX_ELASTICNET_AUTO
V5DEVE2_154,0.0,1,0,NPLUS__ALL_ORTHODOX_ELASTICNET_AUTO
V5DEVX_004,0.0,1,0,NPLUS__ALL_ORTHODOX_ELASTICNET_AUTO
V5DEVX_025,0.0,1,0,NPLUS__ALL_ORTHODOX_ELASTICNET_AUTO
V5DEVX_049,0.25,1,0,NPLUS__ALL_ORTHODOX_ELASTICNET_AUTO
V5DEVX_052,1.0,1,0,NPLUS__ALL_ORTHODOX_ELASTICNET_AUTO
V5DEVX_108,1.0,1,0,NPLUS__ALL_ORTHODOX_ELASTICNET_AUTO
V5DEV_001,0.5,1,0,NPLUS__ALL_ORTHODOX_ELASTICNET_AUTO
V5DEV_007,0.0,1,0,NPLUS__ALL_ORTHODOX_ELASTICNET_AUTO
V5DEV_015,1.0,1,0,NPLUS__ALL_ORTHODOX_ELASTICNET_AUTO
V5DEV_020,0.0,1,0,NPLUS__ALL_ORTHODOX_ELASTICNET_AUTO
V5DEV_023,0.125,1,0,NPLUS__ALL_ORTHODOX_ELASTICNET_AUTO
V5DEV_026,0.0,1,0,NPLUS__ALL_ORTHODOX_ELASTICNET_AUTO
V5DEV_079,0.0,1,0,NPLUS__ALL_ORTHODOX_ELASTICNET_AUTO
V5DEV_080,1.0,1,0,NPLUS__ALL_ORTHODOX_ELASTICNET_AUTO
V5DEV_109,0.5,1,0,NPLUS__ALL_ORTHODOX_ELASTICNET_AUTO
V5DEV_121,1.0,1,0,NPLUS__ALL_ORTHODOX_ELASTICNET_AUTO
V5DEV_155,1.0,1,0,NPLUS__ALL_ORTHODOX_ELASTICNET_AUTO
V5DEVE2_001,0.5,1,1,NUISANCE_ONLY
V5DEVE2_061,1.0,1,1,NUISANCE_ONLY
V5DEVE2_083,1.0,1,1,NUISANCE_ONLY
V5DEVE2_160,1.0,1,1,NUISANCE_ONLY
V5DEVX_008,1.0,1,1,NUISANCE_ONLY
V5DEVX_010,0.5,1,1,NUISANCE_ONLY
V5DEVX_046,0.5,1,1,NUISANCE_ONLY
V5DEVX_048,1.0,1,1,NUISANCE_ONLY
V5DEVX_103,0.0,1,1,NUISANCE_ONLY
V5DEVX_106,1.0,1,1,NUISANCE_ONLY
V5DEV_003,1.0,1,1,NUISANCE_ONLY
V5DEV_008,0.5,1,1,NUISANCE_ONLY
V5DEV_012,1.0,1,1,NUISANCE_ONLY
V5DEV_024,1.0,1,1,NUISANCE_ONLY
V5DEV_030,0.14285714285714285,1,1,NUISANCE_ONLY
V5DEV_039,0.0,1,1,NUISANCE_ONLY
V5DEV_108,0.3333333333333333,1,1,NUISANCE_ONLY
V5DEV_114,1.0,1,1,NUISANCE_ONLY
V5DEV_134,1.0,1,1,NUISANCE_ONLY
V5DEVE2_001,0.5,1,1,ASTRO__TG10_RIDGE_DIAGNOSTIC
V5DEVE2_061,1.0,1,1,ASTRO__TG10_RIDGE_DIAGNOSTIC
V5DEVE2_083,1.0,1,1,ASTRO__TG10_RIDGE_DIAGNOSTIC
V5DEVE2_160,0.0,1,1,ASTRO__TG10_RIDGE_DIAGNOSTIC
V5DEVX_008,0.0,1,1,ASTRO__TG10_RIDGE_DIAGNOSTIC
V5DEVX_010,0.25,1,1,ASTRO__TG10_RIDGE_DIAGNOSTIC
V5DEVX_046,0.0,1,1,ASTRO__TG10_RIDGE_DIAGNOSTIC
V5DEVX_048,0.0,1,1,ASTRO__TG10_RIDGE_DIAGNOSTIC
V5DEVX_103,1.0,1,1,ASTRO__TG10_RIDGE_DIAGNOSTIC
V5DEVX_106,0.0,1,1,ASTRO__TG10_RIDGE_DIAGNOSTIC
V5DEV_003,1.0,1,1,ASTRO__TG10_RIDGE_DIAGNOSTIC
V5DEV_008,1.0,1,1,ASTRO__TG10_RIDGE_DIAGNOSTIC
V5DEV_012,0.5,1,1,ASTRO__TG10_RIDGE_DIAGNOSTIC
V5DEV_024,1.0,1,1,ASTRO__TG10_RIDGE_DIAGNOSTIC
V5DEV_030,0.14285714285714285,1,1,ASTRO__TG10_RIDGE_DIAGNOSTIC
V5DEV_039,0.0,1,1,ASTRO__TG10_RIDGE_DIAGNOSTIC
V5DEV_108,0.3333333333333333,1,1,ASTRO__TG10_RIDGE_DIAGNOSTIC
V5DEV_114,0.0,1,1,ASTRO__TG10_RIDGE_DIAGNOSTIC
V5DEV_134,1.0,1,1,ASTRO__TG10_RIDGE_DIAGNOSTIC
V5DEVE2_001,0.5,1,1,NPLUS__TG10_RIDGE_DIAGNOSTIC
V5DEVE2_061,1.0,1,1,NPLUS__TG10_RIDGE_DIAGNOSTIC
V5DEVE2_083,1.0,1,1,NPLUS__TG10_RIDGE_DIAGNOSTIC
V5DEVE2_160,1.0,1,1,NPLUS__TG10_RIDGE_DIAGNOSTIC
V5DEVX_008,0.0,1,1,NPLUS__TG10_RIDGE_DIAGNOSTIC
V5DEVX_010,0.5,1,1,NPLUS__TG10_RIDGE_DIAGNOSTIC
V5DEVX_046,0.0,1,1,NPLUS__TG10_RIDGE_DIAGNOSTIC
V5DEVX_048,0.0,1,1,NPLUS__TG10_RIDGE_DIAGNOSTIC
V5DEVX_103,1.0,1,1,NPLUS__TG10_RIDGE_DIAGNOSTIC
V5DEVX_106,1.0,1,1,NPLUS__TG10_RIDGE_DIAGNOSTIC
V5DEV_003,1.0,1,1,NPLUS__TG10_RIDGE_DIAGNOSTIC
V5DEV_008,1.0,1,1,NPLUS__TG10_RIDGE_DIAGNOSTIC
V5DEV_012,0.5,1,1,NPLUS__TG10_RIDGE_DIAGNOSTIC
V5DEV_024,1.0,1,1,NPLUS__TG10_RIDGE_DIAGNOSTIC
V5DEV_030,0.2857142857142857,1,1,NPLUS__TG10_RIDGE_DIAGNOSTIC
V5DEV_039,0.0,1,1,NPLUS__TG10_RIDGE_DIAGNOSTIC
V5DEV_108,0.3333333333333333,1,1,NPLUS__TG10_RIDGE_DIAGNOSTIC
V5DEV_114,0.5,1,1,NPLUS__TG10_RIDGE_DIAGNOSTIC
V5DEV_134,1.0,1,1,NPLUS__TG10_RIDGE_DIAGNOSTIC
V5DEVE2_001,0.0,1,1,ASTRO__ALL_ORTHODOX_RIDGE_AUTO
V5DEVE2_061,0.0,1,1,ASTRO__ALL_ORTHODOX_RIDGE_AUTO
V5DEVE2_083,1.0,1,1,ASTRO__ALL_ORTHODOX_RIDGE_AUTO
V5DEVE2_160,1.0,1,1,ASTRO__ALL_ORTHODOX_RIDGE_AUTO
V5DEVX_008,0.0,1,1,ASTRO__ALL_ORTHODOX_RIDGE_AUTO
V5DEVX_010,0.75,1,1,ASTRO__ALL_ORTHODOX_RIDGE_AUTO
V5DEVX_046,0.0,1,1,ASTRO__ALL_ORTHODOX_RIDGE_AUTO
V5DEVX_048,1.0,1,1,ASTRO__ALL_ORTHODOX_RIDGE_AUTO
V5DEVX_103,1.0,1,1,ASTRO__ALL_ORTHODOX_RIDGE_AUTO
V5DEVX_106,0.0,1,1,ASTRO__ALL_ORTHODOX_RIDGE_AUTO
V5DEV_003,1.0,1,1,ASTRO__ALL_ORTHODOX_RIDGE_AUTO
V5DEV_008,0.0,1,1,ASTRO__ALL_ORTHODOX_RIDGE_AUTO
V5DEV_012,1.0,1,1,ASTRO__ALL_ORTHODOX_RIDGE_AUTO
V5DEV_024,0.0,1,1,ASTRO__ALL_ORTHODOX_RIDGE_AUTO
V5DEV_030,0.7142857142857143,1,1,ASTRO__ALL_ORTHODOX_RIDGE_AUTO
V5DEV_039,0.0,1,1,ASTRO__ALL_ORTHODOX_RIDGE_AUTO
V5DEV_108,0.3333333333333333,1,1,ASTRO__ALL_ORTHODOX_RIDGE_AUTO
V5DEV_114,0.0,1,1,ASTRO__ALL_ORTHODOX_RIDGE_AUTO
V5DEV_134,1.0,1,1,ASTRO__ALL_ORTHODOX_RIDGE_AUTO
V5DEVE2_001,0.0,1,1,NPLUS__ALL_ORTHODOX_RIDGE_AUTO
V5DEVE2_061,1.0,1,1,NPLUS__ALL_ORTHODOX_RIDGE_AUTO
V5DEVE2_083,1.0,1,1,NPLUS__ALL_ORTHODOX_RIDGE_AUTO
V5DEVE2_160,1.0,1,1,NPLUS__ALL_ORTHODOX_RIDGE_AUTO
V5DEVX_008,0.0,1,1,NPLUS__ALL_ORTHODOX_RIDGE_AUTO
V5DEVX_010,0.75,1,1,NPLUS__ALL_ORTHODOX_RIDGE_AUTO
V5DEVX_046,0.0,1,1,NPLUS__ALL_ORTHODOX_RIDGE_AUTO
V5DEVX_048,1.0,1,1,NPLUS__ALL_ORTHODOX_RIDGE_AUTO
V5DEVX_103,0.0,1,1,NPLUS__ALL_ORTHODOX_RIDGE_AUTO
V5DEVX_106,0.0,1,1,NPLUS__ALL_ORTHODOX_RIDGE_AUTO
V5DEV_003,1.0,1,1,NPLUS__ALL_ORTHODOX_RIDGE_AUTO
V5DEV_008,0.0,1,1,NPLUS__ALL_ORTHODOX_RIDGE_AUTO
V5DEV_012,1.0,1,1,NPLUS__ALL_ORTHODOX_RIDGE_AUTO
V5DEV_024,0.0,1,1,NPLUS__ALL_ORTHODOX_RIDGE_AUTO
V5DEV_030,0.42857142857142855,1,1,NPLUS__ALL_ORTHODOX_RIDGE_AUTO
V5DEV_039,0.0,1,1,NPLUS__ALL_ORTHODOX_RIDGE_AUTO
V5DEV_108,0.3333333333333333,1,1,NPLUS__ALL_ORTHODOX_RIDGE_AUTO
V5DEV_114,0.0,1,1,NPLUS__ALL_ORTHODOX_RIDGE_AUTO
V5DEV_134,1.0,1,1,NPLUS__ALL_ORTHODOX_RIDGE_AUTO
V5DEVE2_001,0.5,1,1,ASTRO__ALL_ORTHODOX_ELASTICNET_AUTO
V5DEVE2_061,1.0,1,1,ASTRO__ALL_ORTHODOX_ELASTICNET_AUTO
V5DEVE2_083,1.0,1,1,ASTRO__ALL_ORTHODOX_ELASTICNET_AUTO
V5DEVE2_160,1.0,1,1,ASTRO__ALL_ORTHODOX_ELASTICNET_AUTO
V5DEVX_008,0.0,1,1,ASTRO__ALL_ORTHODOX_ELASTICNET_AUTO
V5DEVX_010,0.5,1,1,ASTRO__ALL_ORTHODOX_ELASTICNET_AUTO
V5DEVX_046,0.0,1,1,ASTRO__ALL_ORTHODOX_ELASTICNET_AUTO
V5DEVX_048,1.0,1,1,ASTRO__ALL_ORTHODOX_ELASTICNET_AUTO
V5DEVX_103,0.0,1,1,ASTRO__ALL_ORTHODOX_ELASTICNET_AUTO
V5DEVX_106,0.0,1,1,ASTRO__ALL_ORTHODOX_ELASTICNET_AUTO
V5DEV_003,1.0,1,1,ASTRO__ALL_ORTHODOX_ELASTICNET_AUTO
V5DEV_008,1.0,1,1,ASTRO__ALL_ORTHODOX_ELASTICNET_AUTO
V5DEV_012,1.0,1,1,ASTRO__ALL_ORTHODOX_ELASTICNET_AUTO
V5DEV_024,0.0,1,1,ASTRO__ALL_ORTHODOX_ELASTICNET_AUTO
V5DEV_030,0.0,1,1,ASTRO__ALL_ORTHODOX_ELASTICNET_AUTO
V5DEV_039,0.0,1,1,ASTRO__ALL_ORTHODOX_ELASTICNET_AUTO
V5DEV_108,0.3333333333333333,1,1,ASTRO__ALL_ORTHODOX_ELASTICNET_AUTO
V5DEV_114,0.0,1,1,ASTRO__ALL_ORTHODOX_ELASTICNET_AUTO
V5DEV_134,1.0,1,1,ASTRO__ALL_ORTHODOX_ELASTICNET_AUTO
V5DEVE2_001,0.0,1,1,NPLUS__ALL_ORTHODOX_ELASTICNET_AUTO
V5DEVE2_061,1.0,1,1,NPLUS__ALL_ORTHODOX_ELASTICNET_AUTO
V5DEVE2_083,0.0,1,1,NPLUS__ALL_ORTHODOX_ELASTICNET_AUTO
V5DEVE2_160,1.0,1,1,NPLUS__ALL_ORTHODOX_ELASTICNET_AUTO
V5DEVX_008,0.0,1,1,NPLUS__ALL_ORTHODOX_ELASTICNET_AUTO
V5DEVX_010,0.0,1,1,NPLUS__ALL_ORTHODOX_ELASTICNET_AUTO
V5DEVX_046,0.0,1,1,NPLUS__ALL_ORTHODOX_ELASTICNET_AUTO
V5DEVX_048,1.0,1,1,NPLUS__ALL_ORTHODOX_ELASTICNET_AUTO
V5DEVX_103,0.0,1,1,NPLUS__ALL_ORTHODOX_ELASTICNET_AUTO
V5DEVX_106,0.0,1,1,NPLUS__ALL_ORTHODOX_ELASTICNET_AUTO
V5DEV_003,0.0,1,1,NPLUS__ALL_ORTHODOX_ELASTICNET_AUTO
V5DEV_008,0.0,1,1,NPLUS__ALL_ORTHODOX_ELASTICNET_AUTO
V5DEV_012,0.0,1,1,NPLUS__ALL_ORTHODOX_ELASTICNET_AUTO
V5DEV_024,0.0,1,1,NPLUS__ALL_ORTHODOX_ELASTICNET_AUTO
V5DEV_030,0.0,1,1,NPLUS__ALL_ORTHODOX_ELASTICNET_AUTO
V5DEV_039,0.0,1,1,NPLUS__ALL_ORTHODOX_ELASTICNET_AUTO
V5DEV_108,0.3333333333333333,1,1,NPLUS__ALL_ORTHODOX_ELASTICNET_AUTO
V5DEV_114,1.0,1,1,NPLUS__ALL_ORTHODOX_ELASTICNET_AUTO
V5DEV_134,1.0,1,1,NPLUS__ALL_ORTHODOX_ELASTICNET_AUTO
V5DEVE2_013,0.5,1,2,NUISANCE_ONLY
V5DEVE2_080,1.0,1,2,NUISANCE_ONLY
V5DEVE2_106,1.0,1,2,NUISANCE_ONLY
V5DEVX_031,0.0,1,2,NUISANCE_ONLY
V5DEVX_036,1.0,1,2,NUISANCE_ONLY
V5DEVX_038,1.0,1,2,NUISANCE_ONLY
V5DEVX_050,1.0,1,2,NUISANCE_ONLY
V5DEVX_089,0.6666666666666666,1,2,NUISANCE_ONLY
V5DEVX_132,0.6666666666666666,1,2,NUISANCE_ONLY
V5DEVX_147,1.0,1,2,NUISANCE_ONLY
V5DEV_010,0.0,1,2,NUISANCE_ONLY
V5DEV_011,1.0,1,2,NUISANCE_ONLY
V5DEV_034,1.0,1,2,NUISANCE_ONLY
V5DEV_036,0.6666666666666666,1,2,NUISANCE_ONLY
V5DEV_038,0.25,1,2,NUISANCE_ONLY
V5DEV_051,0.0,1,2,NUISANCE_ONLY
V5DEV_090,0.0,1,2,NUISANCE_ONLY
V5DEV_138,0.5,1,2,NUISANCE_ONLY
V5DEV_150,1.0,1,2,NUISANCE_ONLY
V5DEV_152,1.0,1,2,NUISANCE_ONLY
V5DEV_158,0.5,1,2,NUISANCE_ONLY
V5DEVE2_013,1.0,1,2,ASTRO__TG10_RIDGE_DIAGNOSTIC
V5DEVE2_080,1.0,1,2,ASTRO__TG10_RIDGE_DIAGNOSTIC
V5DEVE2_106,1.0,1,2,ASTRO__TG10_RIDGE_DIAGNOSTIC
V5DEVX_031,1.0,1,2,ASTRO__TG10_RIDGE_DIAGNOSTIC
V5DEVX_036,1.0,1,2,ASTRO__TG10_RIDGE_DIAGNOSTIC
V5DEVX_038,0.0,1,2,ASTRO__TG10_RIDGE_DIAGNOSTIC
V5DEVX_050,1.0,1,2,ASTRO__TG10_RIDGE_DIAGNOSTIC
V5DEVX_089,0.0,1,2,ASTRO__TG10_RIDGE_DIAGNOSTIC
V5DEVX_132,0.3333333333333333,1,2,ASTRO__TG10_RIDGE_DIAGNOSTIC
V5DEVX_147,0.0,1,2,ASTRO__TG10_RIDGE_DIAGNOSTIC
V5DEV_010,1.0,1,2,ASTRO__TG10_RIDGE_DIAGNOSTIC
V5DEV_011,0.5,1,2,ASTRO__TG10_RIDGE_DIAGNOSTIC
V5DEV_034,0.5,1,2,ASTRO__TG10_RIDGE_DIAGNOSTIC
V5DEV_036,0.6666666666666666,1,2,ASTRO__TG10_RIDGE_DIAGNOSTIC
V5DEV_038,0.75,1,2,ASTRO__TG10_RIDGE_DIAGNOSTIC
V5DEV_051,0.0,1,2,ASTRO__TG10_RIDGE_DIAGNOSTIC
V5DEV_090,1.0,1,2,ASTRO__TG10_RIDGE_DIAGNOSTIC
V5DEV_138,1.0,1,2,ASTRO__TG10_RIDGE_DIAGNOSTIC
V5DEV_150,0.0,1,2,ASTRO__TG10_RIDGE_DIAGNOSTIC
V5DEV_152,1.0,1,2,ASTRO__TG10_RIDGE_DIAGNOSTIC
V5DEV_158,0.5,1,2,ASTRO__TG10_RIDGE_DIAGNOSTIC
V5DEVE2_013,1.0,1,2,NPLUS__TG10_RIDGE_DIAGNOSTIC
V5DEVE2_080,1.0,1,2,NPLUS__TG10_RIDGE_DIAGNOSTIC
V5DEVE2_106,1.0,1,2,NPLUS__TG10_RIDGE_DIAGNOSTIC
V5DEVX_031,0.5,1,2,NPLUS__TG10_RIDGE_DIAGNOSTIC
V5DEVX_036,1.0,1,2,NPLUS__TG10_RIDGE_DIAGNOSTIC
V5DEVX_038,1.0,1,2,NPLUS__TG10_RIDGE_DIAGNOSTIC
V5DEVX_050,1.0,1,2,NPLUS__TG10_RIDGE_DIAGNOSTIC
V5DEVX_089,0.6666666666666666,1,2,NPLUS__TG10_RIDGE_DIAGNOSTIC
V5DEVX_132,0.6666666666666666,1,2,NPLUS__TG10_RIDGE_DIAGNOSTIC
V5DEVX_147,1.0,1,2,NPLUS__TG10_RIDGE_DIAGNOSTIC
V5DEV_010,1.0,1,2,NPLUS__TG10_RIDGE_DIAGNOSTIC
V5DEV_011,1.0,1,2,NPLUS__TG10_RIDGE_DIAGNOSTIC
V5DEV_034,0.0,1,2,NPLUS__TG10_RIDGE_DIAGNOSTIC
V5DEV_036,0.5,1,2,NPLUS__TG10_RIDGE_DIAGNOSTIC
V5DEV_038,0.75,1,2,NPLUS__TG10_RIDGE_DIAGNOSTIC
V5DEV_051,1.0,1,2,NPLUS__TG10_RIDGE_DIAGNOSTIC
V5DEV_090,1.0,1,2,NPLUS__TG10_RIDGE_DIAGNOSTIC
V5DEV_138,1.0,1,2,NPLUS__TG10_RIDGE_DIAGNOSTIC
V5DEV_150,1.0,1,2,NPLUS__TG10_RIDGE_DIAGNOSTIC
V5DEV_152,1.0,1,2,NPLUS__TG10_RIDGE_DIAGNOSTIC
V5DEV_158,0.5,1,2,NPLUS__TG10_RIDGE_DIAGNOSTIC
V5DEVE2_013,0.0,1,2,ASTRO__ALL_ORTHODOX_RIDGE_AUTO
V5DEVE2_080,1.0,1,2,ASTRO__ALL_ORTHODOX_RIDGE_AUTO
V5DEVE2_106,0.0,1,2,ASTRO__ALL_ORTHODOX_RIDGE_AUTO
V5DEVX_031,1.0,1,2,ASTRO__ALL_ORTHODOX_RIDGE_AUTO
V5DEVX_036,0.0,1,2,ASTRO__ALL_ORTHODOX_RIDGE_AUTO
V5DEVX_038,0.0,1,2,ASTRO__ALL_ORTHODOX_RIDGE_AUTO
V5DEVX_050,1.0,1,2,ASTRO__ALL_ORTHODOX_RIDGE_AUTO
V5DEVX_089,0.3333333333333333,1,2,ASTRO__ALL_ORTHODOX_RIDGE_AUTO
V5DEVX_132,0.6666666666666666,1,2,ASTRO__ALL_ORTHODOX_RIDGE_AUTO
V5DEVX_147,0.0,1,2,ASTRO__ALL_ORTHODOX_RIDGE_AUTO
V5DEV_010,0.0,1,2,ASTRO__ALL_ORTHODOX_RIDGE_AUTO
V5DEV_011,1.0,1,2,ASTRO__ALL_ORTHODOX_RIDGE_AUTO
V5DEV_034,0.5,1,2,ASTRO__ALL_ORTHODOX_RIDGE_AUTO
V5DEV_036,0.8333333333333334,1,2,ASTRO__ALL_ORTHODOX_RIDGE_AUTO
V5DEV_038,0.75,1,2,ASTRO__ALL_ORTHODOX_RIDGE_AUTO
V5DEV_051,0.0,1,2,ASTRO__ALL_ORTHODOX_RIDGE_AUTO
V5DEV_090,0.0,1,2,ASTRO__ALL_ORTHODOX_RIDGE_AUTO
V5DEV_138,1.0,1,2,ASTRO__ALL_ORTHODOX_RIDGE_AUTO
V5DEV_150,1.0,1,2,ASTRO__ALL_ORTHODOX_RIDGE_AUTO
V5DEV_152,1.0,1,2,ASTRO__ALL_ORTHODOX_RIDGE_AUTO
V5DEV_158,0.5,1,2,ASTRO__ALL_ORTHODOX_RIDGE_AUTO
V5DEVE2_013,0.0,1,2,NPLUS__ALL_ORTHODOX_RIDGE_AUTO
V5DEVE2_080,1.0,1,2,NPLUS__ALL_ORTHODOX_RIDGE_AUTO
V5DEVE2_106,1.0,1,2,NPLUS__ALL_ORTHODOX_RIDGE_AUTO
V5DEVX_031,0.5,1,2,NPLUS__ALL_ORTHODOX_RIDGE_AUTO
V5DEVX_036,1.0,1,2,NPLUS__ALL_ORTHODOX_RIDGE_AUTO
V5DEVX_038,1.0,1,2,NPLUS__ALL_ORTHODOX_RIDGE_AUTO
V5DEVX_050,1.0,1,2,NPLUS__ALL_ORTHODOX_RIDGE_AUTO
V5DEVX_089,0.0,1,2,NPLUS__ALL_ORTHODOX_RIDGE_AUTO
V5DEVX_132,0.6666666666666666,1,2,NPLUS__ALL_ORTHODOX_RIDGE_AUTO
V5DEVX_147,0.0,1,2,NPLUS__ALL_ORTHODOX_RIDGE_AUTO
V5DEV_010,0.0,1,2,NPLUS__ALL_ORTHODOX_RIDGE_AUTO
V5DEV_011,1.0,1,2,NPLUS__ALL_ORTHODOX_RIDGE_AUTO
V5DEV_034,0.5,1,2,NPLUS__ALL_ORTHODOX_RIDGE_AUTO
V5DEV_036,1.0,1,2,NPLUS__ALL_ORTHODOX_RIDGE_AUTO
V5DEV_038,0.5,1,2,NPLUS__ALL_ORTHODOX_RIDGE_AUTO
V5DEV_051,0.0,1,2,NPLUS__ALL_ORTHODOX_RIDGE_AUTO
V5DEV_090,0.0,1,2,NPLUS__ALL_ORTHODOX_RIDGE_AUTO
V5DEV_138,1.0,1,2,NPLUS__ALL_ORTHODOX_RIDGE_AUTO
V5DEV_150,1.0,1,2,NPLUS__ALL_ORTHODOX_RIDGE_AUTO
V5DEV_152,1.0,1,2,NPLUS__ALL_ORTHODOX_RIDGE_AUTO
V5DEV_158,0.5,1,2,NPLUS__ALL_ORTHODOX_RIDGE_AUTO
V5DEVE2_013,0.0,1,2,ASTRO__ALL_ORTHODOX_ELASTICNET_AUTO
V5DEVE2_080,0.0,1,2,ASTRO__ALL_ORTHODOX_ELASTICNET_AUTO
V5DEVE2_106,0.0,1,2,ASTRO__ALL_ORTHODOX_ELASTICNET_AUTO
V5DEVX_031,0.0,1,2,ASTRO__ALL_ORTHODOX_ELASTICNET_AUTO
V5DEVX_036,0.0,1,2,ASTRO__ALL_ORTHODOX_ELASTICNET_AUTO
V5DEVX_038,0.0,1,2,ASTRO__ALL_ORTHODOX_ELASTICNET_AUTO
V5DEVX_050,0.0,1,2,ASTRO__ALL_ORTHODOX_ELASTICNET_AUTO
V5DEVX_089,0.0,1,2,ASTRO__ALL_ORTHODOX_ELASTICNET_AUTO
V5DEVX_132,0.0,1,2,ASTRO__ALL_ORTHODOX_ELASTICNET_AUTO
V5DEVX_147,0.0,1,2,ASTRO__ALL_ORTHODOX_ELASTICNET_AUTO
V5DEV_010,0.0,1,2,ASTRO__ALL_ORTHODOX_ELASTICNET_AUTO
V5DEV_011,0.0,1,2,ASTRO__ALL_ORTHODOX_ELASTICNET_AUTO
V5DEV_034,0.0,1,2,ASTRO__ALL_ORTHODOX_ELASTICNET_AUTO
V5DEV_036,0.0,1,2,ASTRO__ALL_ORTHODOX_ELASTICNET_AUTO
V5DEV_038,0.0,1,2,ASTRO__ALL_ORTHODOX_ELASTICNET_AUTO
V5DEV_051,0.0,1,2,ASTRO__ALL_ORTHODOX_ELASTICNET_AUTO
V5DEV_090,0.0,1,2,ASTRO__ALL_ORTHODOX_ELASTICNET_AUTO
V5DEV_138,0.0,1,2,ASTRO__ALL_ORTHODOX_ELASTICNET_AUTO
V5DEV_150,0.0,1,2,ASTRO__ALL_ORTHODOX_ELASTICNET_AUTO
V5DEV_152,0.0,1,2,ASTRO__ALL_ORTHODOX_ELASTICNET_AUTO
V5DEV_158,0.0,1,2,ASTRO__ALL_ORTHODOX_ELASTICNET_AUTO
V5DEVE2_013,0.5,1,2,NPLUS__ALL_ORTHODOX_ELASTICNET_AUTO
V5DEVE2_080,1.0,1,2,NPLUS__ALL_ORTHODOX_ELASTICNET_AUTO
V5DEVE2_106,1.0,1,2,NPLUS__ALL_ORTHODOX_ELASTICNET_AUTO
V5DEVX_031,1.0,1,2,NPLUS__ALL_ORTHODOX_ELASTICNET_AUTO
V5DEVX_036,1.0,1,2,NPLUS__ALL_ORTHODOX_ELASTICNET_AUTO
V5DEVX_038,1.0,1,2,NPLUS__ALL_ORTHODOX_ELASTICNET_AUTO
V5DEVX_050,1.0,1,2,NPLUS__ALL_ORTHODOX_ELASTICNET_AUTO
V5DEVX_089,1.0,1,2,NPLUS__ALL_ORTHODOX_ELASTICNET_AUTO
V5DEVX_132,1.0,1,2,NPLUS__ALL_ORTHODOX_ELASTICNET_AUTO
V5DEVX_147,1.0,1,2,NPLUS__ALL_ORTHODOX_ELASTICNET_AUTO
V5DEV_010,0.0,1,2,NPLUS__ALL_ORTHODOX_ELASTICNET_AUTO
V5DEV_011,1.0,1,2,NPLUS__ALL_ORTHODOX_ELASTICNET_AUTO
V5DEV_034,1.0,1,2,NPLUS__ALL_ORTHODOX_ELASTICNET_AUTO
V5DEV_036,1.0,1,2,NPLUS__ALL_ORTHODOX_ELASTICNET_AUTO
V5DEV_038,1.0,1,2,NPLUS__ALL_ORTHODOX_ELASTICNET_AUTO
V5DEV_051,1.0,1,2,NPLUS__ALL_ORTHODOX_ELASTICNET_AUTO
V5DEV_090,1.0,1,2,NPLUS__ALL_ORTHODOX_ELASTICNET_AUTO
V5DEV_138,0.5,1,2,NPLUS__ALL_ORTHODOX_ELASTICNET_AUTO
V5DEV_150,1.0,1,2,NPLUS__ALL_ORTHODOX_ELASTICNET_AUTO
V5DEV_152,1.0,1,2,NPLUS__ALL_ORTHODOX_ELASTICNET_AUTO
V5DEV_158,0.5,1,2,NPLUS__ALL_ORTHODOX_ELASTICNET_AUTO
V5DEVE2_022,0.5,1,3,NUISANCE_ONLY
V5DEVE2_027,1.0,1,3,NUISANCE_ONLY
V5DEVE2_115,1.0,1,3,NUISANCE_ONLY
V5DEVX_007,0.0,1,3,NUISANCE_ONLY
V5DEVX_055,0.0,1,3,NUISANCE_ONLY
V5DEVX_066,1.0,1,3,NUISANCE_ONLY
V5DEVX_128,1.0,1,3,NUISANCE_ONLY
V5DEVX_154,0.6666666666666666,1,3,NUISANCE_ONLY
V5DEV_017,1.0,1,3,NUISANCE_ONLY
V5DEV_022,1.0,1,3,NUISANCE_ONLY
V5DEV_025,0.8,1,3,NUISANCE_ONLY
V5DEV_029,0.5,1,3,NUISANCE_ONLY
V5DEV_037,0.5,1,3,NUISANCE_ONLY
V5DEV_064,1.0,1,3,NUISANCE_ONLY
V5DEV_075,0.0,1,3,NUISANCE_ONLY
V5DEV_106,1.0,1,3,NUISANCE_ONLY
V5DEV_117,0.6666666666666666,1,3,NUISANCE_ONLY
V5DEV_125,0.0,1,3,NUISANCE_ONLY
V5DEV_126,1.0,1,3,NUISANCE_ONLY
V5DEV_156,1.0,1,3,NUISANCE_ONLY
V5DEVE2_022,0.0,1,3,ASTRO__TG10_RIDGE_DIAGNOSTIC
V5DEVE2_027,0.0,1,3,ASTRO__TG10_RIDGE_DIAGNOSTIC
V5DEVE2_115,0.0,1,3,ASTRO__TG10_RIDGE_DIAGNOSTIC
V5DEVX_007,1.0,1,3,ASTRO__TG10_RIDGE_DIAGNOSTIC
V5DEVX_055,1.0,1,3,ASTRO__TG10_RIDGE_DIAGNOSTIC
V5DEVX_066,1.0,1,3,ASTRO__TG10_RIDGE_DIAGNOSTIC
V5DEVX_128,1.0,1,3,ASTRO__TG10_RIDGE_DIAGNOSTIC
V5DEVX_154,0.6666666666666666,1,3,ASTRO__TG10_RIDGE_DIAGNOSTIC
V5DEV_017,0.0,1,3,ASTRO__TG10_RIDGE_DIAGNOSTIC
V5DEV_022,1.0,1,3,ASTRO__TG10_RIDGE_DIAGNOSTIC
V5DEV_025,0.6,1,3,ASTRO__TG10_RIDGE_DIAGNOSTIC
V5DEV_029,0.5,1,3,ASTRO__TG10_RIDGE_DIAGNOSTIC
V5DEV_037,0.5,1,3,ASTRO__TG10_RIDGE_DIAGNOSTIC
V5DEV_064,1.0,1,3,ASTRO__TG10_RIDGE_DIAGNOSTIC
V5DEV_075,1.0,1,3,ASTRO__TG10_RIDGE_DIAGNOSTIC
V5DEV_106,1.0,1,3,ASTRO__TG10_RIDGE_DIAGNOSTIC
V5DEV_117,0.0,1,3,ASTRO__TG10_RIDGE_DIAGNOSTIC
V5DEV_125,1.0,1,3,ASTRO__TG10_RIDGE_DIAGNOSTIC
V5DEV_126,0.5,1,3,ASTRO__TG10_RIDGE_DIAGNOSTIC
V5DEV_156,1.0,1,3,ASTRO__TG10_RIDGE_DIAGNOSTIC
V5DEVE2_022,0.0,1,3,NPLUS__TG10_RIDGE_DIAGNOSTIC
V5DEVE2_027,1.0,1,3,NPLUS__TG10_RIDGE_DIAGNOSTIC
V5DEVE2_115,0.0,1,3,NPLUS__TG10_RIDGE_DIAGNOSTIC
V5DEVX_007,1.0,1,3,NPLUS__TG10_RIDGE_DIAGNOSTIC
V5DEVX_055,1.0,1,3,NPLUS__TG10_RIDGE_DIAGNOSTIC
V5DEVX_066,1.0,1,3,NPLUS__TG10_RIDGE_DIAGNOSTIC
V5DEVX_128,1.0,1,3,NPLUS__TG10_RIDGE_DIAGNOSTIC
V5DEVX_154,0.6666666666666666,1,3,NPLUS__TG10_RIDGE_DIAGNOSTIC
V5DEV_017,1.0,1,3,NPLUS__TG10_RIDGE_DIAGNOSTIC
V5DEV_022,0.0,1,3,NPLUS__TG10_RIDGE_DIAGNOSTIC
V5DEV_025,1.0,1,3,NPLUS__TG10_RIDGE_DIAGNOSTIC
V5DEV_029,0.5,1,3,NPLUS__TG10_RIDGE_DIAGNOSTIC
V5DEV_037,0.75,1,3,NPLUS__TG10_RIDGE_DIAGNOSTIC
V5DEV_064,1.0,1,3,NPLUS__TG10_RIDGE_DIAGNOSTIC
V5DEV_075,0.0,1,3,NPLUS__TG10_RIDGE_DIAGNOSTIC
V5DEV_106,1.0,1,3,NPLUS__TG10_RIDGE_DIAGNOSTIC
V5DEV_117,0.3333333333333333,1,3,NPLUS__TG10_RIDGE_DIAGNOSTIC
V5DEV_125,0.0,1,3,NPLUS__TG10_RIDGE_DIAGNOSTIC
V5DEV_126,1.0,1,3,NPLUS__TG10_RIDGE_DIAGNOSTIC
V5DEV_156,1.0,1,3,NPLUS__TG10_RIDGE_DIAGNOSTIC
V5DEVE2_022,0.5,1,3,ASTRO__ALL_ORTHODOX_RIDGE_AUTO
V5DEVE2_027,0.0,1,3,ASTRO__ALL_ORTHODOX_RIDGE_AUTO
V5DEVE2_115,0.0,1,3,ASTRO__ALL_ORTHODOX_RIDGE_AUTO
V5DEVX_007,1.0,1,3,ASTRO__ALL_ORTHODOX_RIDGE_AUTO
V5DEVX_055,1.0,1,3,ASTRO__ALL_ORTHODOX_RIDGE_AUTO
V5DEVX_066,1.0,1,3,ASTRO__ALL_ORTHODOX_RIDGE_AUTO
V5DEVX_128,0.0,1,3,ASTRO__ALL_ORTHODOX_RIDGE_AUTO
V5DEVX_154,0.5,1,3,ASTRO__ALL_ORTHODOX_RIDGE_AUTO
V5DEV_017,0.0,1,3,ASTRO__ALL_ORTHODOX_RIDGE_AUTO
V5DEV_022,1.0,1,3,ASTRO__ALL_ORTHODOX_RIDGE_AUTO
V5DEV_025,0.8,1,3,ASTRO__ALL_ORTHODOX_RIDGE_AUTO
V5DEV_029,0.0,1,3,ASTRO__ALL_ORTHODOX_RIDGE_AUTO
V5DEV_037,0.75,1,3,ASTRO__ALL_ORTHODOX_RIDGE_AUTO
V5DEV_064,0.0,1,3,ASTRO__ALL_ORTHODOX_RIDGE_AUTO
V5DEV_075,1.0,1,3,ASTRO__ALL_ORTHODOX_RIDGE_AUTO
V5DEV_106,1.0,1,3,ASTRO__ALL_ORTHODOX_RIDGE_AUTO
V5DEV_117,0.3333333333333333,1,3,ASTRO__ALL_ORTHODOX_RIDGE_AUTO
V5DEV_125,1.0,1,3,ASTRO__ALL_ORTHODOX_RIDGE_AUTO
V5DEV_126,1.0,1,3,ASTRO__ALL_ORTHODOX_RIDGE_AUTO
V5DEV_156,1.0,1,3,ASTRO__ALL_ORTHODOX_RIDGE_AUTO
V5DEVE2_022,0.5,1,3,NPLUS__ALL_ORTHODOX_RIDGE_AUTO
V5DEVE2_027,1.0,1,3,NPLUS__ALL_ORTHODOX_RIDGE_AUTO
V5DEVE2_115,0.0,1,3,NPLUS__ALL_ORTHODOX_RIDGE_AUTO
V5DEVX_007,1.0,1,3,NPLUS__ALL_ORTHODOX_RIDGE_AUTO
V5DEVX_055,1.0,1,3,NPLUS__ALL_ORTHODOX_RIDGE_AUTO
V5DEVX_066,1.0,1,3,NPLUS__ALL_ORTHODOX_RIDGE_AUTO
V5DEVX_128,1.0,1,3,NPLUS__ALL_ORTHODOX_RIDGE_AUTO
V5DEVX_154,0.6666666666666666,1,3,NPLUS__ALL_ORTHODOX_RIDGE_AUTO
V5DEV_017,0.0,1,3,NPLUS__ALL_ORTHODOX_RIDGE_AUTO
V5DEV_022,1.0,1,3,NPLUS__ALL_ORTHODOX_RIDGE_AUTO
V5DEV_025,0.6,1,3,NPLUS__ALL_ORTHODOX_RIDGE_AUTO
V5DEV_029,0.5,1,3,NPLUS__ALL_ORTHODOX_RIDGE_AUTO
V5DEV_037,0.5,1,3,NPLUS__ALL_ORTHODOX_RIDGE_AUTO
V5DEV_064,1.0,1,3,NPLUS__ALL_ORTHODOX_RIDGE_AUTO
V5DEV_075,0.0,1,3,NPLUS__ALL_ORTHODOX_RIDGE_AUTO
V5DEV_106,1.0,1,3,NPLUS__ALL_ORTHODOX_RIDGE_AUTO
V5DEV_117,0.0,1,3,NPLUS__ALL_ORTHODOX_RIDGE_AUTO
V5DEV_125,1.0,1,3,NPLUS__ALL_ORTHODOX_RIDGE_AUTO
V5DEV_126,1.0,1,3,NPLUS__ALL_ORTHODOX_RIDGE_AUTO
V5DEV_156,1.0,1,3,NPLUS__ALL_ORTHODOX_RIDGE_AUTO
V5DEVE2_022,0.0,1,3,ASTRO__ALL_ORTHODOX_ELASTICNET_AUTO
V5DEVE2_027,0.0,1,3,ASTRO__ALL_ORTHODOX_ELASTICNET_AUTO
V5DEVE2_115,0.0,1,3,ASTRO__ALL_ORTHODOX_ELASTICNET_AUTO
V5DEVX_007,0.0,1,3,ASTRO__ALL_ORTHODOX_ELASTICNET_AUTO
V5DEVX_055,1.0,1,3,ASTRO__ALL_ORTHODOX_ELASTICNET_AUTO
V5DEVX_066,0.0,1,3,ASTRO__ALL_ORTHODOX_ELASTICNET_AUTO
V5DEVX_128,0.0,1,3,ASTRO__ALL_ORTHODOX_ELASTICNET_AUTO
V5DEVX_154,0.16666666666666666,1,3,ASTRO__ALL_ORTHODOX_ELASTICNET_AUTO
V5DEV_017,0.0,1,3,ASTRO__ALL_ORTHODOX_ELASTICNET_AUTO
V5DEV_022,0.0,1,3,ASTRO__ALL_ORTHODOX_ELASTICNET_AUTO
V5DEV_025,0.6,1,3,ASTRO__ALL_ORTHODOX_ELASTICNET_AUTO
V5DEV_029,0.0,1,3,ASTRO__ALL_ORTHODOX_ELASTICNET_AUTO
V5DEV_037,0.0,1,3,ASTRO__ALL_ORTHODOX_ELASTICNET_AUTO
V5DEV_064,0.0,1,3,ASTRO__ALL_ORTHODOX_ELASTICNET_AUTO
V5DEV_075,0.0,1,3,ASTRO__ALL_ORTHODOX_ELASTICNET_AUTO
V5DEV_106,1.0,1,3,ASTRO__ALL_ORTHODOX_ELASTICNET_AUTO
V5DEV_117,0.0,1,3,ASTRO__ALL_ORTHODOX_ELASTICNET_AUTO
V5DEV_125,0.0,1,3,ASTRO__ALL_ORTHODOX_ELASTICNET_AUTO
V5DEV_126,0.0,1,3,ASTRO__ALL_ORTHODOX_ELASTICNET_AUTO
V5DEV_156,0.0,1,3,ASTRO__ALL_ORTHODOX_ELASTICNET_AUTO
V5DEVE2_022,0.5,1,3,NPLUS__ALL_ORTHODOX_ELASTICNET_AUTO
V5DEVE2_027,1.0,1,3,NPLUS__ALL_ORTHODOX_ELASTICNET_AUTO
V5DEVE2_115,1.0,1,3,NPLUS__ALL_ORTHODOX_ELASTICNET_AUTO
V5DEVX_007,1.0,1,3,NPLUS__ALL_ORTHODOX_ELASTICNET_AUTO
V5DEVX_055,1.0,1,3,NPLUS__ALL_ORTHODOX_ELASTICNET_AUTO
V5DEVX_066,1.0,1,3,NPLUS__ALL_ORTHODOX_ELASTICNET_AUTO
V5DEVX_128,1.0,1,3,NPLUS__ALL_ORTHODOX_ELASTICNET_AUTO
V5DEVX_154,1.0,1,3,NPLUS__ALL_ORTHODOX_ELASTICNET_AUTO
V5DEV_017,1.0,1,3,NPLUS__ALL_ORTHODOX_ELASTICNET_AUTO
V5DEV_022,1.0,1,3,NPLUS__ALL_ORTHODOX_ELASTICNET_AUTO
V5DEV_025,1.0,1,3,NPLUS__ALL_ORTHODOX_ELASTICNET_AUTO
V5DEV_029,1.0,1,3,NPLUS__ALL_ORTHODOX_ELASTICNET_AUTO
V5DEV_037,1.0,1,3,NPLUS__ALL_ORTHODOX_ELASTICNET_AUTO
V5DEV_064,1.0,1,3,NPLUS__ALL_ORTHODOX_ELASTICNET_AUTO
V5DEV_075,1.0,1,3,NPLUS__ALL_ORTHODOX_ELASTICNET_AUTO
V5DEV_106,1.0,1,3,NPLUS__ALL_ORTHODOX_ELASTICNET_AUTO
V5DEV_117,0.6666666666666666,1,3,NPLUS__ALL_ORTHODOX_ELASTICNET_AUTO
V5DEV_125,0.0,1,3,NPLUS__ALL_ORTHODOX_ELASTICNET_AUTO
V5DEV_126,1.0,1,3,NPLUS__ALL_ORTHODOX_ELASTICNET_AUTO
V5DEV_156,1.0,1,3,NPLUS__ALL_ORTHODOX_ELASTICNET_AUTO
V5DEVE2_007,1.0,1,4,NUISANCE_ONLY
V5DEVE2_009,1.0,1,4,NUISANCE_ONLY
V5DEVE2_028,1.0,1,4,NUISANCE_ONLY
V5DEVE2_042,1.0,1,4,NUISANCE_ONLY
V5DEVX_017,1.0,1,4,NUISANCE_ONLY
V5DEVX_115,0.5,1,4,NUISANCE_ONLY
V5DEVX_122,1.0,1,4,NUISANCE_ONLY
V5DEVX_131,0.5,1,4,NUISANCE_ONLY
V5DEVX_142,0.0,1,4,NUISANCE_ONLY
V5DEVX_148,0.3333333333333333,1,4,NUISANCE_ONLY
V5DEV_005,0.6,1,4,NUISANCE_ONLY
V5DEV_009,1.0,1,4,NUISANCE_ONLY
V5DEV_013,0.5,1,4,NUISANCE_ONLY
V5DEV_014,0.5,1,4,NUISANCE_ONLY
V5DEV_028,1.0,1,4,NUISANCE_ONLY
V5DEV_031,1.0,1,4,NUISANCE_ONLY
V5DEV_035,0.5,1,4,NUISANCE_ONLY
V5DEV_040,1.0,1,4,NUISANCE_ONLY
V5DEV_084,1.0,1,4,NUISANCE_ONLY
V5DEV_118,0.0,1,4,NUISANCE_ONLY
V5DEVE2_007,1.0,1,4,ASTRO__TG10_RIDGE_DIAGNOSTIC
V5DEVE2_009,0.0,1,4,ASTRO__TG10_RIDGE_DIAGNOSTIC
V5DEVE2_028,1.0,1,4,ASTRO__TG10_RIDGE_DIAGNOSTIC
V5DEVE2_042,0.0,1,4,ASTRO__TG10_RIDGE_DIAGNOSTIC
V5DEVX_017,1.0,1,4,ASTRO__TG10_RIDGE_DIAGNOSTIC
V5DEVX_115,0.5,1,4,ASTRO__TG10_RIDGE_DIAGNOSTIC
V5DEVX_122,1.0,1,4,ASTRO__TG10_RIDGE_DIAGNOSTIC
V5DEVX_131,0.5,1,4,ASTRO__TG10_RIDGE_DIAGNOSTIC
V5DEVX_142,1.0,1,4,ASTRO__TG10_RIDGE_DIAGNOSTIC
V5DEVX_148,0.6666666666666666,1,4,ASTRO__TG10_RIDGE_DIAGNOSTIC
V5DEV_005,0.8,1,4,ASTRO__TG10_RIDGE_DIAGNOSTIC
V5DEV_009,0.0,1,4,ASTRO__TG10_RIDGE_DIAGNOSTIC
V5DEV_013,0.0,1,4,ASTRO__TG10_RIDGE_DIAGNOSTIC
V5DEV_014,0.75,1,4,ASTRO__TG10_RIDGE_DIAGNOSTIC
V5DEV_028,0.0,1,4,ASTRO__TG10_RIDGE_DIAGNOSTIC
V5DEV_031,0.0,1,4,ASTRO__TG10_RIDGE_DIAGNOSTIC
V5DEV_035,1.0,1,4,ASTRO__TG10_RIDGE_DIAGNOSTIC
V5DEV_040,1.0,1,4,ASTRO__TG10_RIDGE_DIAGNOSTIC
V5DEV_084,0.3333333333333333,1,4,ASTRO__TG10_RIDGE_DIAGNOSTIC
V5DEV_118,0.0,1,4,ASTRO__TG10_RIDGE_DIAGNOSTIC
V5DEVE2_007,1.0,1,4,NPLUS__TG10_RIDGE_DIAGNOSTIC
V5DEVE2_009,1.0,1,4,NPLUS__TG10_RIDGE_DIAGNOSTIC
V5DEVE2_028,1.0,1,4,NPLUS__TG10_RIDGE_DIAGNOSTIC
V5DEVE2_042,1.0,1,4,NPLUS__TG10_RIDGE_DIAGNOSTIC
V5DEVX_017,1.0,1,4,NPLUS__TG10_RIDGE_DIAGNOSTIC
V5DEVX_115,1.0,1,4,NPLUS__TG10_RIDGE_DIAGNOSTIC
V5DEVX_122,1.0,1,4,NPLUS__TG10_RIDGE_DIAGNOSTIC
V5DEVX_131,0.75,1,4,NPLUS__TG10_RIDGE_DIAGNOSTIC
V5DEVX_142,1.0,1,4,NPLUS__TG10_RIDGE_DIAGNOSTIC
V5DEVX_148,0.6666666666666666,1,4,NPLUS__TG10_RIDGE_DIAGNOSTIC
V5DEV_005,0.8,1,4,NPLUS__TG10_RIDGE_DIAGNOSTIC
V5DEV_009,0.0,1,4,NPLUS__TG10_RIDGE_DIAGNOSTIC
V5DEV_013,0.0,1,4,NPLUS__TG10_RIDGE_DIAGNOSTIC
V5DEV_014,0.75,1,4,NPLUS__TG10_RIDGE_DIAGNOSTIC
V5DEV_028,0.0,1,4,NPLUS__TG10_RIDGE_DIAGNOSTIC
V5DEV_031,0.0,1,4,NPLUS__TG10_RIDGE_DIAGNOSTIC
V5DEV_035,0.5,1,4,NPLUS__TG10_RIDGE_DIAGNOSTIC
V5DEV_040,1.0,1,4,NPLUS__TG10_RIDGE_DIAGNOSTIC
V5DEV_084,0.6666666666666666,1,4,NPLUS__TG10_RIDGE_DIAGNOSTIC
V5DEV_118,0.0,1,4,NPLUS__TG10_RIDGE_DIAGNOSTIC
V5DEVE2_007,0.0,1,4,ASTRO__ALL_ORTHODOX_RIDGE_AUTO
V5DEVE2_009,1.0,1,4,ASTRO__ALL_ORTHODOX_RIDGE_AUTO
V5DEVE2_028,1.0,1,4,ASTRO__ALL_ORTHODOX_RIDGE_AUTO
V5DEVE2_042,0.0,1,4,ASTRO__ALL_ORTHODOX_RIDGE_AUTO
V5DEVX_017,1.0,1,4,ASTRO__ALL_ORTHODOX_RIDGE_AUTO
V5DEVX_115,0.5,1,4,ASTRO__ALL_ORTHODOX_RIDGE_AUTO
V5DEVX_122,0.0,1,4,ASTRO__ALL_ORTHODOX_RIDGE_AUTO
V5DEVX_131,1.0,1,4,ASTRO__ALL_ORTHODOX_RIDGE_AUTO
V5DEVX_142,1.0,1,4,ASTRO__ALL_ORTHODOX_RIDGE_AUTO
V5DEVX_148,1.0,1,4,ASTRO__ALL_ORTHODOX_RIDGE_AUTO
V5DEV_005,0.4,1,4,ASTRO__ALL_ORTHODOX_RIDGE_AUTO
V5DEV_009,1.0,1,4,ASTRO__ALL_ORTHODOX_RIDGE_AUTO
V5DEV_013,0.0,1,4,ASTRO__ALL_ORTHODOX_RIDGE_AUTO
V5DEV_014,0.75,1,4,ASTRO__ALL_ORTHODOX_RIDGE_AUTO
V5DEV_028,0.0,1,4,ASTRO__ALL_ORTHODOX_RIDGE_AUTO
V5DEV_031,1.0,1,4,ASTRO__ALL_ORTHODOX_RIDGE_AUTO
V5DEV_035,0.5,1,4,ASTRO__ALL_ORTHODOX_RIDGE_AUTO
V5DEV_040,1.0,1,4,ASTRO__ALL_ORTHODOX_RIDGE_AUTO
V5DEV_084,0.3333333333333333,1,4,ASTRO__ALL_ORTHODOX_RIDGE_AUTO
V5DEV_118,0.0,1,4,ASTRO__ALL_ORTHODOX_RIDGE_AUTO
V5DEVE2_007,0.5,1,4,NPLUS__ALL_ORTHODOX_RIDGE_AUTO
V5DEVE2_009,1.0,1,4,NPLUS__ALL_ORTHODOX_RIDGE_AUTO
V5DEVE2_028,1.0,1,4,NPLUS__ALL_ORTHODOX_RIDGE_AUTO
V5DEVE2_042,0.0,1,4,NPLUS__ALL_ORTHODOX_RIDGE_AUTO
V5DEVX_017,1.0,1,4,NPLUS__ALL_ORTHODOX_RIDGE_AUTO
V5DEVX_115,0.0,1,4,NPLUS__ALL_ORTHODOX_RIDGE_AUTO
V5DEVX_122,1.0,1,4,NPLUS__ALL_ORTHODOX_RIDGE_AUTO
V5DEVX_131,1.0,1,4,NPLUS__ALL_ORTHODOX_RIDGE_AUTO
V5DEVX_142,1.0,1,4,NPLUS__ALL_ORTHODOX_RIDGE_AUTO
V5DEVX_148,0.6666666666666666,1,4,NPLUS__ALL_ORTHODOX_RIDGE_AUTO
V5DEV_005,0.4,1,4,NPLUS__ALL_ORTHODOX_RIDGE_AUTO
V5DEV_009,1.0,1,4,NPLUS__ALL_ORTHODOX_RIDGE_AUTO
V5DEV_013,0.0,1,4,NPLUS__ALL_ORTHODOX_RIDGE_AUTO
V5DEV_014,0.75,1,4,NPLUS__ALL_ORTHODOX_RIDGE_AUTO
V5DEV_028,0.0,1,4,NPLUS__ALL_ORTHODOX_RIDGE_AUTO
V5DEV_031,1.0,1,4,NPLUS__ALL_ORTHODOX_RIDGE_AUTO
V5DEV_035,0.0,1,4,NPLUS__ALL_ORTHODOX_RIDGE_AUTO
V5DEV_040,1.0,1,4,NPLUS__ALL_ORTHODOX_RIDGE_AUTO
V5DEV_084,0.0,1,4,NPLUS__ALL_ORTHODOX_RIDGE_AUTO
V5DEV_118,0.0,1,4,NPLUS__ALL_ORTHODOX_RIDGE_AUTO
V5DEVE2_007,0.0,1,4,ASTRO__ALL_ORTHODOX_ELASTICNET_AUTO
V5DEVE2_009,1.0,1,4,ASTRO__ALL_ORTHODOX_ELASTICNET_AUTO
V5DEVE2_028,0.0,1,4,ASTRO__ALL_ORTHODOX_ELASTICNET_AUTO
V5DEVE2_042,0.0,1,4,ASTRO__ALL_ORTHODOX_ELASTICNET_AUTO
V5DEVX_017,1.0,1,4,ASTRO__ALL_ORTHODOX_ELASTICNET_AUTO
V5DEVX_115,0.5,1,4,ASTRO__ALL_ORTHODOX_ELASTICNET_AUTO
V5DEVX_122,0.0,1,4,ASTRO__ALL_ORTHODOX_ELASTICNET_AUTO
V5DEVX_131,0.75,1,4,ASTRO__ALL_ORTHODOX_ELASTICNET_AUTO
V5DEVX_142,1.0,1,4,ASTRO__ALL_ORTHODOX_ELASTICNET_AUTO
V5DEVX_148,1.0,1,4,ASTRO__ALL_ORTHODOX_ELASTICNET_AUTO
V5DEV_005,0.4,1,4,ASTRO__ALL_ORTHODOX_ELASTICNET_AUTO
V5DEV_009,1.0,1,4,ASTRO__ALL_ORTHODOX_ELASTICNET_AUTO
V5DEV_013,0.0,1,4,ASTRO__ALL_ORTHODOX_ELASTICNET_AUTO
V5DEV_014,0.75,1,4,ASTRO__ALL_ORTHODOX_ELASTICNET_AUTO
V5DEV_028,0.0,1,4,ASTRO__ALL_ORTHODOX_ELASTICNET_AUTO
V5DEV_031,1.0,1,4,ASTRO__ALL_ORTHODOX_ELASTICNET_AUTO
V5DEV_035,0.5,1,4,ASTRO__ALL_ORTHODOX_ELASTICNET_AUTO
V5DEV_040,0.0,1,4,ASTRO__ALL_ORTHODOX_ELASTICNET_AUTO
V5DEV_084,0.6666666666666666,1,4,ASTRO__ALL_ORTHODOX_ELASTICNET_AUTO
V5DEV_118,0.0,1,4,ASTRO__ALL_ORTHODOX_ELASTICNET_AUTO
V5DEVE2_007,1.0,1,4,NPLUS__ALL_ORTHODOX_ELASTICNET_AUTO
V5DEVE2_009,1.0,1,4,NPLUS__ALL_ORTHODOX_ELASTICNET_AUTO
V5DEVE2_028,1.0,1,4,NPLUS__ALL_ORTHODOX_ELASTICNET_AUTO
V5DEVE2_042,1.0,1,4,NPLUS__ALL_ORTHODOX_ELASTICNET_AUTO
V5DEVX_017,1.0,1,4,NPLUS__ALL_ORTHODOX_ELASTICNET_AUTO
V5DEVX_115,1.0,1,4,NPLUS__ALL_ORTHODOX_ELASTICNET_AUTO
V5DEVX_122,1.0,1,4,NPLUS__ALL_ORTHODOX_ELASTICNET_AUTO
V5DEVX_131,0.5,1,4,NPLUS__ALL_ORTHODOX_ELASTICNET_AUTO
V5DEVX_142,1.0,1,4,NPLUS__ALL_ORTHODOX_ELASTICNET_AUTO
V5DEVX_148,1.0,1,4,NPLUS__ALL_ORTHODOX_ELASTICNET_AUTO
V5DEV_005,1.0,1,4,NPLUS__ALL_ORTHODOX_ELASTICNET_AUTO
V5DEV_009,1.0,1,4,NPLUS__ALL_ORTHODOX_ELASTICNET_AUTO
V5DEV_013,1.0,1,4,NPLUS__ALL_ORTHODOX_ELASTICNET_AUTO
V5DEV_014,1.0,1,4,NPLUS__ALL_ORTHODOX_ELASTICNET_AUTO
V5DEV_028,1.0,1,4,NPLUS__ALL_ORTHODOX_ELASTICNET_AUTO
V5DEV_031,1.0,1,4,NPLUS__ALL_ORTHODOX_ELASTICNET_AUTO
V5DEV_035,1.0,1,4,NPLUS__ALL_ORTHODOX_ELASTICNET_AUTO
V5DEV_040,1.0,1,4,NPLUS__ALL_ORTHODOX_ELASTICNET_AUTO
V5DEV_084,1.0,1,4,NPLUS__ALL_ORTHODOX_ELASTICNET_AUTO
V5DEV_118,0.0,1,4,NPLUS__ALL_ORTHODOX_ELASTICNET_AUTO
V5DEVE2_001,0.5,2,0,NUISANCE_ONLY
V5DEVE2_015,1.0,2,0,NUISANCE_ONLY
V5DEVE2_028,1.0,2,0,NUISANCE_ONLY
V5DEVE2_083,1.0,2,0,NUISANCE_ONLY
V5DEVX_004,0.6666666666666666,2,0,NUISANCE_ONLY
V5DEVX_038,1.0,2,0,NUISANCE_ONLY
V5DEVX_049,0.75,2,0,NUISANCE_ONLY
V5DEVX_050,1.0,2,0,NUISANCE_ONLY
V5DEVX_066,1.0,2,0,NUISANCE_ONLY
V5DEVX_122,1.0,2,0,NUISANCE_ONLY
V5DEVX_147,1.0,2,0,NUISANCE_ONLY
V5DEV_001,0.0,2,0,NUISANCE_ONLY
V5DEV_008,0.0,2,0,NUISANCE_ONLY
V5DEV_012,0.5,2,0,NUISANCE_ONLY
V5DEV_023,0.625,2,0,NUISANCE_ONLY
V5DEV_024,1.0,2,0,NUISANCE_ONLY
V5DEV_051,0.0,2,0,NUISANCE_ONLY
V5DEV_090,0.0,2,0,NUISANCE_ONLY
V5DEV_109,0.5,2,0,NUISANCE_ONLY
V5DEV_117,0.6666666666666666,2,0,NUISANCE_ONLY
V5DEVE2_001,0.5,2,0,ASTRO__TG10_RIDGE_DIAGNOSTIC
V5DEVE2_015,0.0,2,0,ASTRO__TG10_RIDGE_DIAGNOSTIC
V5DEVE2_028,1.0,2,0,ASTRO__TG10_RIDGE_DIAGNOSTIC
V5DEVE2_083,1.0,2,0,ASTRO__TG10_RIDGE_DIAGNOSTIC
V5DEVX_004,0.6666666666666666,2,0,ASTRO__TG10_RIDGE_DIAGNOSTIC
V5DEVX_038,1.0,2,0,ASTRO__TG10_RIDGE_DIAGNOSTIC
V5DEVX_049,0.75,2,0,ASTRO__TG10_RIDGE_DIAGNOSTIC
V5DEVX_050,1.0,2,0,ASTRO__TG10_RIDGE_DIAGNOSTIC
V5DEVX_066,1.0,2,0,ASTRO__TG10_RIDGE_DIAGNOSTIC
V5DEVX_122,1.0,2,0,ASTRO__TG10_RIDGE_DIAGNOSTIC
V5DEVX_147,0.0,2,0,ASTRO__TG10_RIDGE_DIAGNOSTIC
V5DEV_001,1.0,2,0,ASTRO__TG10_RIDGE_DIAGNOSTIC
V5DEV_008,0.5,2,0,ASTRO__TG10_RIDGE_DIAGNOSTIC
V5DEV_012,0.5,2,0,ASTRO__TG10_RIDGE_DIAGNOSTIC
V5DEV_023,0.375,2,0,ASTRO__TG10_RIDGE_DIAGNOSTIC
V5DEV_024,1.0,2,0,ASTRO__TG10_RIDGE_DIAGNOSTIC
V5DEV_051,0.0,2,0,ASTRO__TG10_RIDGE_DIAGNOSTIC
V5DEV_090,0.0,2,0,ASTRO__TG10_RIDGE_DIAGNOSTIC
V5DEV_109,0.0,2,0,ASTRO__TG10_RIDGE_DIAGNOSTIC
V5DEV_117,0.3333333333333333,2,0,ASTRO__TG10_RIDGE_DIAGNOSTIC
V5DEVE2_001,0.5,2,0,NPLUS__TG10_RIDGE_DIAGNOSTIC
V5DEVE2_015,1.0,2,0,NPLUS__TG10_RIDGE_DIAGNOSTIC
V5DEVE2_028,1.0,2,0,NPLUS__TG10_RIDGE_DIAGNOSTIC
V5DEVE2_083,1.0,2,0,NPLUS__TG10_RIDGE_DIAGNOSTIC
V5DEVX_004,0.3333333333333333,2,0,NPLUS__TG10_RIDGE_DIAGNOSTIC
V5DEVX_038,1.0,2,0,NPLUS__TG10_RIDGE_DIAGNOSTIC
V5DEVX_049,0.5,2,0,NPLUS__TG10_RIDGE_DIAGNOSTIC
V5DEVX_050,1.0,2,0,NPLUS__TG10_RIDGE_DIAGNOSTIC
V5DEVX_066,1.0,2,0,NPLUS__TG10_RIDGE_DIAGNOSTIC
V5DEVX_122,1.0,2,0,NPLUS__TG10_RIDGE_DIAGNOSTIC
V5DEVX_147,1.0,2,0,NPLUS__TG10_RIDGE_DIAGNOSTIC
V5DEV_001,1.0,2,0,NPLUS__TG10_RIDGE_DIAGNOSTIC
V5DEV_008,0.0,2,0,NPLUS__TG10_RIDGE_DIAGNOSTIC
V5DEV_012,0.5,2,0,NPLUS__TG10_RIDGE_DIAGNOSTIC
V5DEV_023,0.375,2,0,NPLUS__TG10_RIDGE_DIAGNOSTIC
V5DEV_024,0.0,2,0,NPLUS__TG10_RIDGE_DIAGNOSTIC
V5DEV_051,1.0,2,0,NPLUS__TG10_RIDGE_DIAGNOSTIC
V5DEV_090,1.0,2,0,NPLUS__TG10_RIDGE_DIAGNOSTIC
V5DEV_109,0.5,2,0,NPLUS__TG10_RIDGE_DIAGNOSTIC
V5DEV_117,0.6666666666666666,2,0,NPLUS__TG10_RIDGE_DIAGNOSTIC
V5DEVE2_001,0.5,2,0,ASTRO__ALL_ORTHODOX_RIDGE_AUTO
V5DEVE2_015,1.0,2,0,ASTRO__ALL_ORTHODOX_RIDGE_AUTO
V5DEVE2_028,0.0,2,0,ASTRO__ALL_ORTHODOX_RIDGE_AUTO
V5DEVE2_083,1.0,2,0,ASTRO__ALL_ORTHODOX_RIDGE_AUTO
V5DEVX_004,0.6666666666666666,2,0,ASTRO__ALL_ORTHODOX_RIDGE_AUTO
V5DEVX_038,0.0,2,0,ASTRO__ALL_ORTHODOX_RIDGE_AUTO
V5DEVX_049,0.5,2,0,ASTRO__ALL_ORTHODOX_RIDGE_AUTO
V5DEVX_050,1.0,2,0,ASTRO__ALL_ORTHODOX_RIDGE_AUTO
V5DEVX_066,1.0,2,0,ASTRO__ALL_ORTHODOX_RIDGE_AUTO
V5DEVX_122,1.0,2,0,ASTRO__ALL_ORTHODOX_RIDGE_AUTO
V5DEVX_147,0.0,2,0,ASTRO__ALL_ORTHODOX_RIDGE_AUTO
V5DEV_001,1.0,2,0,ASTRO__ALL_ORTHODOX_RIDGE_AUTO
V5DEV_008,0.0,2,0,ASTRO__ALL_ORTHODOX_RIDGE_AUTO
V5DEV_012,1.0,2,0,ASTRO__ALL_ORTHODOX_RIDGE_AUTO
V5DEV_023,0.375,2,0,ASTRO__ALL_ORTHODOX_RIDGE_AUTO
V5DEV_024,0.0,2,0,ASTRO__ALL_ORTHODOX_RIDGE_AUTO
V5DEV_051,1.0,2,0,ASTRO__ALL_ORTHODOX_RIDGE_AUTO
V5DEV_090,0.0,2,0,ASTRO__ALL_ORTHODOX_RIDGE_AUTO
V5DEV_109,0.5,2,0,ASTRO__ALL_ORTHODOX_RIDGE_AUTO
V5DEV_117,0.3333333333333333,2,0,ASTRO__ALL_ORTHODOX_RIDGE_AUTO
V5DEVE2_001,0.0,2,0,NPLUS__ALL_ORTHODOX_RIDGE_AUTO
V5DEVE2_015,1.0,2,0,NPLUS__ALL_ORTHODOX_RIDGE_AUTO
V5DEVE2_028,1.0,2,0,NPLUS__ALL_ORTHODOX_RIDGE_AUTO
V5DEVE2_083,1.0,2,0,NPLUS__ALL_ORTHODOX_RIDGE_AUTO
V5DEVX_004,1.0,2,0,NPLUS__ALL_ORTHODOX_RIDGE_AUTO
V5DEVX_038,1.0,2,0,NPLUS__ALL_ORTHODOX_RIDGE_AUTO
V5DEVX_049,0.5,2,0,NPLUS__ALL_ORTHODOX_RIDGE_AUTO
V5DEVX_050,1.0,2,0,NPLUS__ALL_ORTHODOX_RIDGE_AUTO
V5DEVX_066,1.0,2,0,NPLUS__ALL_ORTHODOX_RIDGE_AUTO
V5DEVX_122,1.0,2,0,NPLUS__ALL_ORTHODOX_RIDGE_AUTO
V5DEVX_147,0.0,2,0,NPLUS__ALL_ORTHODOX_RIDGE_AUTO
V5DEV_001,1.0,2,0,NPLUS__ALL_ORTHODOX_RIDGE_AUTO
V5DEV_008,0.0,2,0,NPLUS__ALL_ORTHODOX_RIDGE_AUTO
V5DEV_012,1.0,2,0,NPLUS__ALL_ORTHODOX_RIDGE_AUTO
V5DEV_023,0.125,2,0,NPLUS__ALL_ORTHODOX_RIDGE_AUTO
V5DEV_024,0.0,2,0,NPLUS__ALL_ORTHODOX_RIDGE_AUTO
V5DEV_051,1.0,2,0,NPLUS__ALL_ORTHODOX_RIDGE_AUTO
V5DEV_090,1.0,2,0,NPLUS__ALL_ORTHODOX_RIDGE_AUTO
V5DEV_109,0.5,2,0,NPLUS__ALL_ORTHODOX_RIDGE_AUTO
V5DEV_117,0.6666666666666666,2,0,NPLUS__ALL_ORTHODOX_RIDGE_AUTO
V5DEVE2_001,0.0,2,0,ASTRO__ALL_ORTHODOX_ELASTICNET_AUTO
V5DEVE2_015,0.0,2,0,ASTRO__ALL_ORTHODOX_ELASTICNET_AUTO
V5DEVE2_028,0.0,2,0,ASTRO__ALL_ORTHODOX_ELASTICNET_AUTO
V5DEVE2_083,1.0,2,0,ASTRO__ALL_ORTHODOX_ELASTICNET_AUTO
V5DEVX_004,0.6666666666666666,2,0,ASTRO__ALL_ORTHODOX_ELASTICNET_AUTO
V5DEVX_038,0.0,2,0,ASTRO__ALL_ORTHODOX_ELASTICNET_AUTO
V5DEVX_049,0.5,2,0,ASTRO__ALL_ORTHODOX_ELASTICNET_AUTO
V5DEVX_050,1.0,2,0,ASTRO__ALL_ORTHODOX_ELASTICNET_AUTO
V5DEVX_066,0.0,2,0,ASTRO__ALL_ORTHODOX_ELASTICNET_AUTO
V5DEVX_122,0.0,2,0,ASTRO__ALL_ORTHODOX_ELASTICNET_AUTO
V5DEVX_147,0.0,2,0,ASTRO__ALL_ORTHODOX_ELASTICNET_AUTO
V5DEV_001,0.0,2,0,ASTRO__ALL_ORTHODOX_ELASTICNET_AUTO
V5DEV_008,0.5,2,0,ASTRO__ALL_ORTHODOX_ELASTICNET_AUTO
V5DEV_012,0.5,2,0,ASTRO__ALL_ORTHODOX_ELASTICNET_AUTO
V5DEV_023,0.0,2,0,ASTRO__ALL_ORTHODOX_ELASTICNET_AUTO
V5DEV_024,0.0,2,0,ASTRO__ALL_ORTHODOX_ELASTICNET_AUTO
V5DEV_051,0.0,2,0,ASTRO__ALL_ORTHODOX_ELASTICNET_AUTO
V5DEV_090,0.0,2,0,ASTRO__ALL_ORTHODOX_ELASTICNET_AUTO
V5DEV_109,0.0,2,0,ASTRO__ALL_ORTHODOX_ELASTICNET_AUTO
V5DEV_117,0.0,2,0,ASTRO__ALL_ORTHODOX_ELASTICNET_AUTO
V5DEVE2_001,0.0,2,0,NPLUS__ALL_ORTHODOX_ELASTICNET_AUTO
V5DEVE2_015,1.0,2,0,NPLUS__ALL_ORTHODOX_ELASTICNET_AUTO
V5DEVE2_028,0.0,2,0,NPLUS__ALL_ORTHODOX_ELASTICNET_AUTO
V5DEVE2_083,1.0,2,0,NPLUS__ALL_ORTHODOX_ELASTICNET_AUTO
V5DEVX_004,0.6666666666666666,2,0,NPLUS__ALL_ORTHODOX_ELASTICNET_AUTO
V5DEVX_038,1.0,2,0,NPLUS__ALL_ORTHODOX_ELASTICNET_AUTO
V5DEVX_049,0.5,2,0,NPLUS__ALL_ORTHODOX_ELASTICNET_AUTO
V5DEVX_050,1.0,2,0,NPLUS__ALL_ORTHODOX_ELASTICNET_AUTO
V5DEVX_066,0.0,2,0,NPLUS__ALL_ORTHODOX_ELASTICNET_AUTO
V5DEVX_122,1.0,2,0,NPLUS__ALL_ORTHODOX_ELASTICNET_AUTO
V5DEVX_147,1.0,2,0,NPLUS__ALL_ORTHODOX_ELASTICNET_AUTO
V5DEV_001,1.0,2,0,NPLUS__ALL_ORTHODOX_ELASTICNET_AUTO
V5DEV_008,0.5,2,0,NPLUS__ALL_ORTHODOX_ELASTICNET_AUTO
V5DEV_012,0.5,2,0,NPLUS__ALL_ORTHODOX_ELASTICNET_AUTO
V5DEV_023,0.0,2,0,NPLUS__ALL_ORTHODOX_ELASTICNET_AUTO
V5DEV_024,0.0,2,0,NPLUS__ALL_ORTHODOX_ELASTICNET_AUTO
V5DEV_051,0.0,2,0,NPLUS__ALL_ORTHODOX_ELASTICNET_AUTO
V5DEV_090,0.0,2,0,NPLUS__ALL_ORTHODOX_ELASTICNET_AUTO
V5DEV_109,0.5,2,0,NPLUS__ALL_ORTHODOX_ELASTICNET_AUTO
V5DEV_117,0.6666666666666666,2,0,NPLUS__ALL_ORTHODOX_ELASTICNET_AUTO
V5DEVE2_013,0.5,2,1,NUISANCE_ONLY
V5DEVE2_042,1.0,2,1,NUISANCE_ONLY
V5DEVE2_061,1.0,2,1,NUISANCE_ONLY
V5DEVX_025,1.0,2,1,NUISANCE_ONLY
V5DEVX_031,0.5,2,1,NUISANCE_ONLY
V5DEVX_048,1.0,2,1,NUISANCE_ONLY
V5DEVX_089,0.6666666666666666,2,1,NUISANCE_ONLY
V5DEVX_132,1.0,2,1,NUISANCE_ONLY
V5DEV_010,0.0,2,1,NUISANCE_ONLY
V5DEV_029,0.5,2,1,NUISANCE_ONLY
V5DEV_030,0.14285714285714285,2,1,NUISANCE_ONLY
V5DEV_037,0.5,2,1,NUISANCE_ONLY
V5DEV_064,1.0,2,1,NUISANCE_ONLY
V5DEV_079,1.0,2,1,NUISANCE_ONLY
V5DEV_125,0.0,2,1,NUISANCE_ONLY
V5DEV_138,0.5,2,1,NUISANCE_ONLY
V5DEV_150,1.0,2,1,NUISANCE_ONLY
V5DEV_155,1.0,2,1,NUISANCE_ONLY
V5DEV_158,0.5,2,1,NUISANCE_ONLY
V5DEVE2_013,0.5,2,1,ASTRO__TG10_RIDGE_DIAGNOSTIC
V5DEVE2_042,1.0,2,1,ASTRO__TG10_RIDGE_DIAGNOSTIC
V5DEVE2_061,1.0,2,1,ASTRO__TG10_RIDGE_DIAGNOSTIC
V5DEVX_025,0.0,2,1,ASTRO__TG10_RIDGE_DIAGNOSTIC
V5DEVX_031,1.0,2,1,ASTRO__TG10_RIDGE_DIAGNOSTIC
V5DEVX_048,0.0,2,1,ASTRO__TG10_RIDGE_DIAGNOSTIC
V5DEVX_089,0.3333333333333333,2,1,ASTRO__TG10_RIDGE_DIAGNOSTIC
V5DEVX_132,0.3333333333333333,2,1,ASTRO__TG10_RIDGE_DIAGNOSTIC
V5DEV_010,1.0,2,1,ASTRO__TG10_RIDGE_DIAGNOSTIC
V5DEV_029,1.0,2,1,ASTRO__TG10_RIDGE_DIAGNOSTIC
V5DEV_030,0.42857142857142855,2,1,ASTRO__TG10_RIDGE_DIAGNOSTIC
V5DEV_037,0.75,2,1,ASTRO__TG10_RIDGE_DIAGNOSTIC
V5DEV_064,1.0,2,1,ASTRO__TG10_RIDGE_DIAGNOSTIC
V5DEV_079,1.0,2,1,ASTRO__TG10_RIDGE_DIAGNOSTIC
V5DEV_125,1.0,2,1,ASTRO__TG10_RIDGE_DIAGNOSTIC
V5DEV_138,1.0,2,1,ASTRO__TG10_RIDGE_DIAGNOSTIC
V5DEV_150,1.0,2,1,ASTRO__TG10_RIDGE_DIAGNOSTIC
V5DEV_155,0.0,2,1,ASTRO__TG10_RIDGE_DIAGNOSTIC
V5DEV_158,1.0,2,1,ASTRO__TG10_RIDGE_DIAGNOSTIC
V5DEVE2_013,1.0,2,1,NPLUS__TG10_RIDGE_DIAGNOSTIC
V5DEVE2_042,1.0,2,1,NPLUS__TG10_RIDGE_DIAGNOSTIC
V5DEVE2_061,1.0,2,1,NPLUS__TG10_RIDGE_DIAGNOSTIC
V5DEVX_025,0.0,2,1,NPLUS__TG10_RIDGE_DIAGNOSTIC
V5DEVX_031,1.0,2,1,NPLUS__TG10_RIDGE_DIAGNOSTIC
V5DEVX_048,0.0,2,1,NPLUS__TG10_RIDGE_DIAGNOSTIC
V5DEVX_089,0.3333333333333333,2,1,NPLUS__TG10_RIDGE_DIAGNOSTIC
V5DEVX_132,0.3333333333333333,2,1,NPLUS__TG10_RIDGE_DIAGNOSTIC
V5DEV_010,1.0,2,1,NPLUS__TG10_RIDGE_DIAGNOSTIC
V5DEV_029,1.0,2,1,NPLUS__TG10_RIDGE_DIAGNOSTIC
V5DEV_030,0.42857142857142855,2,1,NPLUS__TG10_RIDGE_DIAGNOSTIC
V5DEV_037,0.75,2,1,NPLUS__TG10_RIDGE_DIAGNOSTIC
V5DEV_064,1.0,2,1,NPLUS__TG10_RIDGE_DIAGNOSTIC
V5DEV_079,1.0,2,1,NPLUS__TG10_RIDGE_DIAGNOSTIC
V5DEV_125,0.0,2,1,NPLUS__TG10_RIDGE_DIAGNOSTIC
V5DEV_138,1.0,2,1,NPLUS__TG10_RIDGE_DIAGNOSTIC
V5DEV_150,1.0,2,1,NPLUS__TG10_RIDGE_DIAGNOSTIC
V5DEV_155,1.0,2,1,NPLUS__TG10_RIDGE_DIAGNOSTIC
V5DEV_158,0.5,2,1,NPLUS__TG10_RIDGE_DIAGNOSTIC
V5DEVE2_013,0.0,2,1,ASTRO__ALL_ORTHODOX_RIDGE_AUTO
V5DEVE2_042,1.0,2,1,ASTRO__ALL_ORTHODOX_RIDGE_AUTO
V5DEVE2_061,1.0,2,1,ASTRO__ALL_ORTHODOX_RIDGE_AUTO
V5DEVX_025,0.0,2,1,ASTRO__ALL_ORTHODOX_RIDGE_AUTO
V5DEVX_031,1.0,2,1,ASTRO__ALL_ORTHODOX_RIDGE_AUTO
V5DEVX_048,1.0,2,1,ASTRO__ALL_ORTHODOX_RIDGE_AUTO
V5DEVX_089,0.0,2,1,ASTRO__ALL_ORTHODOX_RIDGE_AUTO
V5DEVX_132,0.3333333333333333,2,1,ASTRO__ALL_ORTHODOX_RIDGE_AUTO
V5DEV_010,0.0,2,1,ASTRO__ALL_ORTHODOX_RIDGE_AUTO
V5DEV_029,0.0,2,1,ASTRO__ALL_ORTHODOX_RIDGE_AUTO
V5DEV_030,0.7142857142857143,2,1,ASTRO__ALL_ORTHODOX_RIDGE_AUTO
V5DEV_037,0.75,2,1,ASTRO__ALL_ORTHODOX_RIDGE_AUTO
V5DEV_064,0.0,2,1,ASTRO__ALL_ORTHODOX_RIDGE_AUTO
V5DEV_079,1.0,2,1,ASTRO__ALL_ORTHODOX_RIDGE_AUTO
V5DEV_125,1.0,2,1,ASTRO__ALL_ORTHODOX_RIDGE_AUTO
V5DEV_138,1.0,2,1,ASTRO__ALL_ORTHODOX_RIDGE_AUTO
V5DEV_150,1.0,2,1,ASTRO__ALL_ORTHODOX_RIDGE_AUTO
V5DEV_155,1.0,2,1,ASTRO__ALL_ORTHODOX_RIDGE_AUTO
V5DEV_158,0.0,2,1,ASTRO__ALL_ORTHODOX_RIDGE_AUTO
V5DEVE2_013,0.0,2,1,NPLUS__ALL_ORTHODOX_RIDGE_AUTO
V5DEVE2_042,1.0,2,1,NPLUS__ALL_ORTHODOX_RIDGE_AUTO
V5DEVE2_061,1.0,2,1,NPLUS__ALL_ORTHODOX_RIDGE_AUTO
V5DEVX_025,0.0,2,1,NPLUS__ALL_ORTHODOX_RIDGE_AUTO
V5DEVX_031,0.5,2,1,NPLUS__ALL_ORTHODOX_RIDGE_AUTO
V5DEVX_048,1.0,2,1,NPLUS__ALL_ORTHODOX_RIDGE_AUTO
V5DEVX_089,0.0,2,1,NPLUS__ALL_ORTHODOX_RIDGE_AUTO
V5DEVX_132,0.3333333333333333,2,1,NPLUS__ALL_ORTHODOX_RIDGE_AUTO
V5DEV_010,1.0,2,1,NPLUS__ALL_ORTHODOX_RIDGE_AUTO
V5DEV_029,1.0,2,1,NPLUS__ALL_ORTHODOX_RIDGE_AUTO
V5DEV_030,0.5714285714285714,2,1,NPLUS__ALL_ORTHODOX_RIDGE_AUTO
V5DEV_037,0.75,2,1,NPLUS__ALL_ORTHODOX_RIDGE_AUTO
V5DEV_064,1.0,2,1,NPLUS__ALL_ORTHODOX_RIDGE_AUTO
V5DEV_079,1.0,2,1,NPLUS__ALL_ORTHODOX_RIDGE_AUTO
V5DEV_125,1.0,2,1,NPLUS__ALL_ORTHODOX_RIDGE_AUTO
V5DEV_138,1.0,2,1,NPLUS__ALL_ORTHODOX_RIDGE_AUTO
V5DEV_150,1.0,2,1,NPLUS__ALL_ORTHODOX_RIDGE_AUTO
V5DEV_155,0.0,2,1,NPLUS__ALL_ORTHODOX_RIDGE_AUTO
V5DEV_158,0.5,2,1,NPLUS__ALL_ORTHODOX_RIDGE_AUTO
V5DEVE2_013,0.5,2,1,ASTRO__ALL_ORTHODOX_ELASTICNET_AUTO
V5DEVE2_042,0.0,2,1,ASTRO__ALL_ORTHODOX_ELASTICNET_AUTO
V5DEVE2_061,1.0,2,1,ASTRO__ALL_ORTHODOX_ELASTICNET_AUTO
V5DEVX_025,0.0,2,1,ASTRO__ALL_ORTHODOX_ELASTICNET_AUTO
V5DEVX_031,1.0,2,1,ASTRO__ALL_ORTHODOX_ELASTICNET_AUTO
V5DEVX_048,1.0,2,1,ASTRO__ALL_ORTHODOX_ELASTICNET_AUTO
V5DEVX_089,0.3333333333333333,2,1,ASTRO__ALL_ORTHODOX_ELASTICNET_AUTO
V5DEVX_132,0.0,2,1,ASTRO__ALL_ORTHODOX_ELASTICNET_AUTO
V5DEV_010,1.0,2,1,ASTRO__ALL_ORTHODOX_ELASTICNET_AUTO
V5DEV_029,1.0,2,1,ASTRO__ALL_ORTHODOX_ELASTICNET_AUTO
V5DEV_030,0.5714285714285714,2,1,ASTRO__ALL_ORTHODOX_ELASTICNET_AUTO
V5DEV_037,0.75,2,1,ASTRO__ALL_ORTHODOX_ELASTICNET_AUTO
V5DEV_064,0.0,2,1,ASTRO__ALL_ORTHODOX_ELASTICNET_AUTO
V5DEV_079,1.0,2,1,ASTRO__ALL_ORTHODOX_ELASTICNET_AUTO
V5DEV_125,1.0,2,1,ASTRO__ALL_ORTHODOX_ELASTICNET_AUTO
V5DEV_138,1.0,2,1,ASTRO__ALL_ORTHODOX_ELASTICNET_AUTO
V5DEV_150,1.0,2,1,ASTRO__ALL_ORTHODOX_ELASTICNET_AUTO
V5DEV_155,0.0,2,1,ASTRO__ALL_ORTHODOX_ELASTICNET_AUTO
V5DEV_158,0.0,2,1,ASTRO__ALL_ORTHODOX_ELASTICNET_AUTO
V5DEVE2_013,1.0,2,1,NPLUS__ALL_ORTHODOX_ELASTICNET_AUTO
V5DEVE2_042,1.0,2,1,NPLUS__ALL_ORTHODOX_ELASTICNET_AUTO
V5DEVE2_061,1.0,2,1,NPLUS__ALL_ORTHODOX_ELASTICNET_AUTO
V5DEVX_025,1.0,2,1,NPLUS__ALL_ORTHODOX_ELASTICNET_AUTO
V5DEVX_031,1.0,2,1,NPLUS__ALL_ORTHODOX_ELASTICNET_AUTO
V5DEVX_048,1.0,2,1,NPLUS__ALL_ORTHODOX_ELASTICNET_AUTO
V5DEVX_089,1.0,2,1,NPLUS__ALL_ORTHODOX_ELASTICNET_AUTO
V5DEVX_132,1.0,2,1,NPLUS__ALL_ORTHODOX_ELASTICNET_AUTO
V5DEV_010,1.0,2,1,NPLUS__ALL_ORTHODOX_ELASTICNET_AUTO
V5DEV_029,1.0,2,1,NPLUS__ALL_ORTHODOX_ELASTICNET_AUTO
V5DEV_030,1.0,2,1,NPLUS__ALL_ORTHODOX_ELASTICNET_AUTO
V5DEV_037,1.0,2,1,NPLUS__ALL_ORTHODOX_ELASTICNET_AUTO
V5DEV_064,1.0,2,1,NPLUS__ALL_ORTHODOX_ELASTICNET_AUTO
V5DEV_079,1.0,2,1,NPLUS__ALL_ORTHODOX_ELASTICNET_AUTO
V5DEV_125,0.0,2,1,NPLUS__ALL_ORTHODOX_ELASTICNET_AUTO
V5DEV_138,0.5,2,1,NPLUS__ALL_ORTHODOX_ELASTICNET_AUTO
V5DEV_150,1.0,2,1,NPLUS__ALL_ORTHODOX_ELASTICNET_AUTO
V5DEV_155,1.0,2,1,NPLUS__ALL_ORTHODOX_ELASTICNET_AUTO
V5DEV_158,0.5,2,1,NPLUS__ALL_ORTHODOX_ELASTICNET_AUTO
V5DEVE2_009,1.0,2,2,NUISANCE_ONLY
V5DEVE2_115,1.0,2,2,NUISANCE_ONLY
V5DEVE2_128,0.5,2,2,NUISANCE_ONLY
V5DEVE2_154,0.0,2,2,NUISANCE_ONLY
V5DEVX_017,1.0,2,2,NUISANCE_ONLY
V5DEVX_036,1.0,2,2,NUISANCE_ONLY
V5DEVX_046,0.5,2,2,NUISANCE_ONLY
V5DEVX_103,0.0,2,2,NUISANCE_ONLY
V5DEVX_106,1.0,2,2,NUISANCE_ONLY
V5DEVX_154,0.8333333333333334,2,2,NUISANCE_ONLY
V5DEV_005,0.6,2,2,NUISANCE_ONLY
V5DEV_007,1.0,2,2,NUISANCE_ONLY
V5DEV_009,1.0,2,2,NUISANCE_ONLY
V5DEV_015,0.0,2,2,NUISANCE_ONLY
V5DEV_017,1.0,2,2,NUISANCE_ONLY
V5DEV_031,1.0,2,2,NUISANCE_ONLY
V5DEV_039,0.0,2,2,NUISANCE_ONLY
V5DEV_084,1.0,2,2,NUISANCE_ONLY
V5DEV_108,0.3333333333333333,2,2,NUISANCE_ONLY
V5DEV_118,0.0,2,2,NUISANCE_ONLY
V5DEV_121,1.0,2,2,NUISANCE_ONLY
V5DEVE2_009,0.0,2,2,ASTRO__TG10_RIDGE_DIAGNOSTIC
V5DEVE2_115,0.0,2,2,ASTRO__TG10_RIDGE_DIAGNOSTIC
V5DEVE2_128,1.0,2,2,ASTRO__TG10_RIDGE_DIAGNOSTIC
V5DEVE2_154,1.0,2,2,ASTRO__TG10_RIDGE_DIAGNOSTIC
V5DEVX_017,0.0,2,2,ASTRO__TG10_RIDGE_DIAGNOSTIC
V5DEVX_036,1.0,2,2,ASTRO__TG10_RIDGE_DIAGNOSTIC
V5DEVX_046,0.0,2,2,ASTRO__TG10_RIDGE_DIAGNOSTIC
V5DEVX_103,0.0,2,2,ASTRO__TG10_RIDGE_DIAGNOSTIC
V5DEVX_106,0.0,2,2,ASTRO__TG10_RIDGE_DIAGNOSTIC
V5DEVX_154,0.5,2,2,ASTRO__TG10_RIDGE_DIAGNOSTIC
V5DEV_005,0.4,2,2,ASTRO__TG10_RIDGE_DIAGNOSTIC
V5DEV_007,1.0,2,2,ASTRO__TG10_RIDGE_DIAGNOSTIC
V5DEV_009,0.0,2,2,ASTRO__TG10_RIDGE_DIAGNOSTIC
V5DEV_015,1.0,2,2,ASTRO__TG10_RIDGE_DIAGNOSTIC
V5DEV_017,0.0,2,2,ASTRO__TG10_RIDGE_DIAGNOSTIC
V5DEV_031,0.0,2,2,ASTRO__TG10_RIDGE_DIAGNOSTIC
V5DEV_039,0.6666666666666666,2,2,ASTRO__TG10_RIDGE_DIAGNOSTIC
V5DEV_084,0.3333333333333333,2,2,ASTRO__TG10_RIDGE_DIAGNOSTIC
V5DEV_108,0.3333333333333333,2,2,ASTRO__TG10_RIDGE_DIAGNOSTIC
V5DEV_118,0.0,2,2,ASTRO__TG10_RIDGE_DIAGNOSTIC
V5DEV_121,0.0,2,2,ASTRO__TG10_RIDGE_DIAGNOSTIC
V5DEVE2_009,1.0,2,2,NPLUS__TG10_RIDGE_DIAGNOSTIC
V5DEVE2_115,0.0,2,2,NPLUS__TG10_RIDGE_DIAGNOSTIC
V5DEVE2_128,0.5,2,2,NPLUS__TG10_RIDGE_DIAGNOSTIC
V5DEVE2_154,1.0,2,2,NPLUS__TG10_RIDGE_DIAGNOSTIC
V5DEVX_017,1.0,2,2,NPLUS__TG10_RIDGE_DIAGNOSTIC
V5DEVX_036,1.0,2,2,NPLUS__TG10_RIDGE_DIAGNOSTIC
V5DEVX_046,0.0,2,2,NPLUS__TG10_RIDGE_DIAGNOSTIC
V5DEVX_103,0.0,2,2,NPLUS__TG10_RIDGE_DIAGNOSTIC
V5DEVX_106,1.0,2,2,NPLUS__TG10_RIDGE_DIAGNOSTIC
V5DEVX_154,0.6666666666666666,2,2,NPLUS__TG10_RIDGE_DIAGNOSTIC
V5DEV_005,0.8,2,2,NPLUS__TG10_RIDGE_DIAGNOSTIC
V5DEV_007,0.0,2,2,NPLUS__TG10_RIDGE_DIAGNOSTIC
V5DEV_009,0.0,2,2,NPLUS__TG10_RIDGE_DIAGNOSTIC
V5DEV_015,1.0,2,2,NPLUS__TG10_RIDGE_DIAGNOSTIC
V5DEV_017,1.0,2,2,NPLUS__TG10_RIDGE_DIAGNOSTIC
V5DEV_031,0.0,2,2,NPLUS__TG10_RIDGE_DIAGNOSTIC
V5DEV_039,0.3333333333333333,2,2,NPLUS__TG10_RIDGE_DIAGNOSTIC
V5DEV_084,0.6666666666666666,2,2,NPLUS__TG10_RIDGE_DIAGNOSTIC
V5DEV_108,0.3333333333333333,2,2,NPLUS__TG10_RIDGE_DIAGNOSTIC
V5DEV_118,0.0,2,2,NPLUS__TG10_RIDGE_DIAGNOSTIC
V5DEV_121,1.0,2,2,NPLUS__TG10_RIDGE_DIAGNOSTIC
V5DEVE2_009,0.0,2,2,ASTRO__ALL_ORTHODOX_RIDGE_AUTO
V5DEVE2_115,1.0,2,2,ASTRO__ALL_ORTHODOX_RIDGE_AUTO
V5DEVE2_128,1.0,2,2,ASTRO__ALL_ORTHODOX_RIDGE_AUTO
V5DEVE2_154,1.0,2,2,ASTRO__ALL_ORTHODOX_RIDGE_AUTO
V5DEVX_017,1.0,2,2,ASTRO__ALL_ORTHODOX_RIDGE_AUTO
V5DEVX_036,0.0,2,2,ASTRO__ALL_ORTHODOX_RIDGE_AUTO
V5DEVX_046,0.0,2,2,ASTRO__ALL_ORTHODOX_RIDGE_AUTO
V5DEVX_103,0.0,2,2,ASTRO__ALL_ORTHODOX_RIDGE_AUTO
V5DEVX_106,0.0,2,2,ASTRO__ALL_ORTHODOX_RIDGE_AUTO
V5DEVX_154,0.5,2,2,ASTRO__ALL_ORTHODOX_RIDGE_AUTO
V5DEV_005,0.4,2,2,ASTRO__ALL_ORTHODOX_RIDGE_AUTO
V5DEV_007,1.0,2,2,ASTRO__ALL_ORTHODOX_RIDGE_AUTO
V5DEV_009,0.0,2,2,ASTRO__ALL_ORTHODOX_RIDGE_AUTO
V5DEV_015,1.0,2,2,ASTRO__ALL_ORTHODOX_RIDGE_AUTO
V5DEV_017,0.0,2,2,ASTRO__ALL_ORTHODOX_RIDGE_AUTO
V5DEV_031,0.0,2,2,ASTRO__ALL_ORTHODOX_RIDGE_AUTO
V5DEV_039,0.6666666666666666,2,2,ASTRO__ALL_ORTHODOX_RIDGE_AUTO
V5DEV_084,0.3333333333333333,2,2,ASTRO__ALL_ORTHODOX_RIDGE_AUTO
V5DEV_108,0.6666666666666666,2,2,ASTRO__ALL_ORTHODOX_RIDGE_AUTO
V5DEV_118,0.0,2,2,ASTRO__ALL_ORTHODOX_RIDGE_AUTO
V5DEV_121,1.0,2,2,ASTRO__ALL_ORTHODOX_RIDGE_AUTO
V5DEVE2_009,1.0,2,2,NPLUS__ALL_ORTHODOX_RIDGE_AUTO
V5DEVE2_115,1.0,2,2,NPLUS__ALL_ORTHODOX_RIDGE_AUTO
V5DEVE2_128,1.0,2,2,NPLUS__ALL_ORTHODOX_RIDGE_AUTO
V5DEVE2_154,1.0,2,2,NPLUS__ALL_ORTHODOX_RIDGE_AUTO
V5DEVX_017,1.0,2,2,NPLUS__ALL_ORTHODOX_RIDGE_AUTO
V5DEVX_036,1.0,2,2,NPLUS__ALL_ORTHODOX_RIDGE_AUTO
V5DEVX_046,0.0,2,2,NPLUS__ALL_ORTHODOX_RIDGE_AUTO
V5DEVX_103,0.0,2,2,NPLUS__ALL_ORTHODOX_RIDGE_AUTO
V5DEVX_106,0.0,2,2,NPLUS__ALL_ORTHODOX_RIDGE_AUTO
V5DEVX_154,0.5,2,2,NPLUS__ALL_ORTHODOX_RIDGE_AUTO
V5DEV_005,0.6,2,2,NPLUS__ALL_ORTHODOX_RIDGE_AUTO
V5DEV_007,1.0,2,2,NPLUS__ALL_ORTHODOX_RIDGE_AUTO
V5DEV_009,0.0,2,2,NPLUS__ALL_ORTHODOX_RIDGE_AUTO
V5DEV_015,1.0,2,2,NPLUS__ALL_ORTHODOX_RIDGE_AUTO
V5DEV_017,1.0,2,2,NPLUS__ALL_ORTHODOX_RIDGE_AUTO
V5DEV_031,0.0,2,2,NPLUS__ALL_ORTHODOX_RIDGE_AUTO
V5DEV_039,0.6666666666666666,2,2,NPLUS__ALL_ORTHODOX_RIDGE_AUTO
V5DEV_084,0.6666666666666666,2,2,NPLUS__ALL_ORTHODOX_RIDGE_AUTO
V5DEV_108,0.3333333333333333,2,2,NPLUS__ALL_ORTHODOX_RIDGE_AUTO
V5DEV_118,0.0,2,2,NPLUS__ALL_ORTHODOX_RIDGE_AUTO
V5DEV_121,1.0,2,2,NPLUS__ALL_ORTHODOX_RIDGE_AUTO
V5DEVE2_009,0.0,2,2,ASTRO__ALL_ORTHODOX_ELASTICNET_AUTO
V5DEVE2_115,0.0,2,2,ASTRO__ALL_ORTHODOX_ELASTICNET_AUTO
V5DEVE2_128,1.0,2,2,ASTRO__ALL_ORTHODOX_ELASTICNET_AUTO
V5DEVE2_154,1.0,2,2,ASTRO__ALL_ORTHODOX_ELASTICNET_AUTO
V5DEVX_017,1.0,2,2,ASTRO__ALL_ORTHODOX_ELASTICNET_AUTO
V5DEVX_036,0.0,2,2,ASTRO__ALL_ORTHODOX_ELASTICNET_AUTO
V5DEVX_046,0.5,2,2,ASTRO__ALL_ORTHODOX_ELASTICNET_AUTO
V5DEVX_103,0.0,2,2,ASTRO__ALL_ORTHODOX_ELASTICNET_AUTO
V5DEVX_106,0.0,2,2,ASTRO__ALL_ORTHODOX_ELASTICNET_AUTO
V5DEVX_154,0.5,2,2,ASTRO__ALL_ORTHODOX_ELASTICNET_AUTO
V5DEV_005,0.6,2,2,ASTRO__ALL_ORTHODOX_ELASTICNET_AUTO
V5DEV_007,1.0,2,2,ASTRO__ALL_ORTHODOX_ELASTICNET_AUTO
V5DEV_009,1.0,2,2,ASTRO__ALL_ORTHODOX_ELASTICNET_AUTO
V5DEV_015,0.5,2,2,ASTRO__ALL_ORTHODOX_ELASTICNET_AUTO
V5DEV_017,0.0,2,2,ASTRO__ALL_ORTHODOX_ELASTICNET_AUTO
V5DEV_031,1.0,2,2,ASTRO__ALL_ORTHODOX_ELASTICNET_AUTO
V5DEV_039,0.6666666666666666,2,2,ASTRO__ALL_ORTHODOX_ELASTICNET_AUTO
V5DEV_084,0.3333333333333333,2,2,ASTRO__ALL_ORTHODOX_ELASTICNET_AUTO
V5DEV_108,0.6666666666666666,2,2,ASTRO__ALL_ORTHODOX_ELASTICNET_AUTO
V5DEV_118,0.0,2,2,ASTRO__ALL_ORTHODOX_ELASTICNET_AUTO
V5DEV_121,1.0,2,2,ASTRO__ALL_ORTHODOX_ELASTICNET_AUTO
V5DEVE2_009,1.0,2,2,NPLUS__ALL_ORTHODOX_ELASTICNET_AUTO
V5DEVE2_115,0.0,2,2,NPLUS__ALL_ORTHODOX_ELASTICNET_AUTO
V5DEVE2_128,1.0,2,2,NPLUS__ALL_ORTHODOX_ELASTICNET_AUTO
V5DEVE2_154,1.0,2,2,NPLUS__ALL_ORTHODOX_ELASTICNET_AUTO
V5DEVX_017,1.0,2,2,NPLUS__ALL_ORTHODOX_ELASTICNET_AUTO
V5DEVX_036,1.0,2,2,NPLUS__ALL_ORTHODOX_ELASTICNET_AUTO
V5DEVX_046,0.0,2,2,NPLUS__ALL_ORTHODOX_ELASTICNET_AUTO
V5DEVX_103,0.0,2,2,NPLUS__ALL_ORTHODOX_ELASTICNET_AUTO
V5DEVX_106,0.0,2,2,NPLUS__ALL_ORTHODOX_ELASTICNET_AUTO
V5DEVX_154,0.5,2,2,NPLUS__ALL_ORTHODOX_ELASTICNET_AUTO
V5DEV_005,0.8,2,2,NPLUS__ALL_ORTHODOX_ELASTICNET_AUTO
V5DEV_007,1.0,2,2,NPLUS__ALL_ORTHODOX_ELASTICNET_AUTO
V5DEV_009,1.0,2,2,NPLUS__ALL_ORTHODOX_ELASTICNET_AUTO
V5DEV_015,1.0,2,2,NPLUS__ALL_ORTHODOX_ELASTICNET_AUTO
V5DEV_017,1.0,2,2,NPLUS__ALL_ORTHODOX_ELASTICNET_AUTO
V5DEV_031,0.0,2,2,NPLUS__ALL_ORTHODOX_ELASTICNET_AUTO
V5DEV_039,0.6666666666666666,2,2,NPLUS__ALL_ORTHODOX_ELASTICNET_AUTO
V5DEV_084,0.3333333333333333,2,2,NPLUS__ALL_ORTHODOX_ELASTICNET_AUTO
V5DEV_108,0.0,2,2,NPLUS__ALL_ORTHODOX_ELASTICNET_AUTO
V5DEV_118,0.0,2,2,NPLUS__ALL_ORTHODOX_ELASTICNET_AUTO
V5DEV_121,1.0,2,2,NPLUS__ALL_ORTHODOX_ELASTICNET_AUTO
V5DEVE2_003,1.0,2,3,NUISANCE_ONLY
V5DEVE2_007,1.0,2,3,NUISANCE_ONLY
V5DEVE2_080,1.0,2,3,NUISANCE_ONLY
V5DEVX_007,0.0,2,3,NUISANCE_ONLY
V5DEVX_052,0.0,2,3,NUISANCE_ONLY
V5DEVX_108,1.0,2,3,NUISANCE_ONLY
V5DEVX_131,0.5,2,3,NUISANCE_ONLY
V5DEVX_142,0.0,2,3,NUISANCE_ONLY
V5DEVX_148,0.3333333333333333,2,3,NUISANCE_ONLY
V5DEV_003,0.0,2,3,NUISANCE_ONLY
V5DEV_011,1.0,2,3,NUISANCE_ONLY
V5DEV_013,0.5,2,3,NUISANCE_ONLY
V5DEV_014,0.5,2,3,NUISANCE_ONLY
V5DEV_022,1.0,2,3,NUISANCE_ONLY
V5DEV_034,1.0,2,3,NUISANCE_ONLY
V5DEV_035,0.0,2,3,NUISANCE_ONLY
V5DEV_036,0.6666666666666666,2,3,NUISANCE_ONLY
V5DEV_075,0.0,2,3,NUISANCE_ONLY
V5DEV_080,0.0,2,3,NUISANCE_ONLY
V5DEV_152,1.0,2,3,NUISANCE_ONLY
V5DEV_156,1.0,2,3,NUISANCE_ONLY
V5DEVE2_003,1.0,2,3,ASTRO__TG10_RIDGE_DIAGNOSTIC
V5DEVE2_007,1.0,2,3,ASTRO__TG10_RIDGE_DIAGNOSTIC
V5DEVE2_080,1.0,2,3,ASTRO__TG10_RIDGE_DIAGNOSTIC
V5DEVX_007,0.0,2,3,ASTRO__TG10_RIDGE_DIAGNOSTIC
V5DEVX_052,1.0,2,3,ASTRO__TG10_RIDGE_DIAGNOSTIC
V5DEVX_108,0.0,2,3,ASTRO__TG10_RIDGE_DIAGNOSTIC
V5DEVX_131,0.5,2,3,ASTRO__TG10_RIDGE_DIAGNOSTIC
V5DEVX_142,1.0,2,3,ASTRO__TG10_RIDGE_DIAGNOSTIC
V5DEVX_148,0.6666666666666666,2,3,ASTRO__TG10_RIDGE_DIAGNOSTIC
V5DEV_003,0.0,2,3,ASTRO__TG10_RIDGE_DIAGNOSTIC
V5DEV_011,0.0,2,3,ASTRO__TG10_RIDGE_DIAGNOSTIC
V5DEV_013,0.0,2,3,ASTRO__TG10_RIDGE_DIAGNOSTIC
V5DEV_014,0.75,2,3,ASTRO__TG10_RIDGE_DIAGNOSTIC
V5DEV_022,1.0,2,3,ASTRO__TG10_RIDGE_DIAGNOSTIC
V5DEV_034,0.0,2,3,ASTRO__TG10_RIDGE_DIAGNOSTIC
V5DEV_035,1.0,2,3,ASTRO__TG10_RIDGE_DIAGNOSTIC
V5DEV_036,0.6666666666666666,2,3,ASTRO__TG10_RIDGE_DIAGNOSTIC
V5DEV_075,1.0,2,3,ASTRO__TG10_RIDGE_DIAGNOSTIC
V5DEV_080,1.0,2,3,ASTRO__TG10_RIDGE_DIAGNOSTIC
V5DEV_152,1.0,2,3,ASTRO__TG10_RIDGE_DIAGNOSTIC
V5DEV_156,1.0,2,3,ASTRO__TG10_RIDGE_DIAGNOSTIC
V5DEVE2_003,1.0,2,3,NPLUS__TG10_RIDGE_DIAGNOSTIC
V5DEVE2_007,1.0,2,3,NPLUS__TG10_RIDGE_DIAGNOSTIC
V5DEVE2_080,1.0,2,3,NPLUS__TG10_RIDGE_DIAGNOSTIC
V5DEVX_007,0.0,2,3,NPLUS__TG10_RIDGE_DIAGNOSTIC
V5DEVX_052,1.0,2,3,NPLUS__TG10_RIDGE_DIAGNOSTIC
V5DEVX_108,1.0,2,3,NPLUS__TG10_RIDGE_DIAGNOSTIC
V5DEVX_131,0.75,2,3,NPLUS__TG10_RIDGE_DIAGNOSTIC
V5DEVX_142,1.0,2,3,NPLUS__TG10_RIDGE_DIAGNOSTIC
V5DEVX_148,0.6666666666666666,2,3,NPLUS__TG10_RIDGE_DIAGNOSTIC
V5DEV_003,0.0,2,3,NPLUS__TG10_RIDGE_DIAGNOSTIC
V5DEV_011,1.0,2,3,NPLUS__TG10_RIDGE_DIAGNOSTIC
V5DEV_013,0.0,2,3,NPLUS__TG10_RIDGE_DIAGNOSTIC
V5DEV_014,0.75,2,3,NPLUS__TG10_RIDGE_DIAGNOSTIC
V5DEV_022,1.0,2,3,NPLUS__TG10_RIDGE_DIAGNOSTIC
V5DEV_034,0.5,2,3,NPLUS__TG10_RIDGE_DIAGNOSTIC
V5DEV_035,1.0,2,3,NPLUS__TG10_RIDGE_DIAGNOSTIC
V5DEV_036,0.5,2,3,NPLUS__TG10_RIDGE_DIAGNOSTIC
V5DEV_075,1.0,2,3,NPLUS__TG10_RIDGE_DIAGNOSTIC
V5DEV_080,1.0,2,3,NPLUS__TG10_RIDGE_DIAGNOSTIC
V5DEV_152,1.0,2,3,NPLUS__TG10_RIDGE_DIAGNOSTIC
V5DEV_156,1.0,2,3,NPLUS__TG10_RIDGE_DIAGNOSTIC
V5DEVE2_003,1.0,2,3,ASTRO__ALL_ORTHODOX_RIDGE_AUTO
V5DEVE2_007,0.0,2,3,ASTRO__ALL_ORTHODOX_RIDGE_AUTO
V5DEVE2_080,1.0,2,3,ASTRO__ALL_ORTHODOX_RIDGE_AUTO
V5DEVX_007,0.0,2,3,ASTRO__ALL_ORTHODOX_RIDGE_AUTO
V5DEVX_052,1.0,2,3,ASTRO__ALL_ORTHODOX_RIDGE_AUTO
V5DEVX_108,1.0,2,3,ASTRO__ALL_ORTHODOX_RIDGE_AUTO
V5DEVX_131,0.75,2,3,ASTRO__ALL_ORTHODOX_RIDGE_AUTO
V5DEVX_142,1.0,2,3,ASTRO__ALL_ORTHODOX_RIDGE_AUTO
V5DEVX_148,0.3333333333333333,2,3,ASTRO__ALL_ORTHODOX_RIDGE_AUTO
V5DEV_003,1.0,2,3,ASTRO__ALL_ORTHODOX_RIDGE_AUTO
V5DEV_011,0.5,2,3,ASTRO__ALL_ORTHODOX_RIDGE_AUTO
V5DEV_013,0.0,2,3,ASTRO__ALL_ORTHODOX_RIDGE_AUTO
V5DEV_014,0.5,2,3,ASTRO__ALL_ORTHODOX_RIDGE_AUTO
V5DEV_022,1.0,2,3,ASTRO__ALL_ORTHODOX_RIDGE_AUTO
V5DEV_034,0.5,2,3,ASTRO__ALL_ORTHODOX_RIDGE_AUTO
V5DEV_035,0.5,2,3,ASTRO__ALL_ORTHODOX_RIDGE_AUTO
V5DEV_036,0.5,2,3,ASTRO__ALL_ORTHODOX_RIDGE_AUTO
V5DEV_075,1.0,2,3,ASTRO__ALL_ORTHODOX_RIDGE_AUTO
V5DEV_080,1.0,2,3,ASTRO__ALL_ORTHODOX_RIDGE_AUTO
V5DEV_152,1.0,2,3,ASTRO__ALL_ORTHODOX_RIDGE_AUTO
V5DEV_156,1.0,2,3,ASTRO__ALL_ORTHODOX_RIDGE_AUTO
V5DEVE2_003,1.0,2,3,NPLUS__ALL_ORTHODOX_RIDGE_AUTO
V5DEVE2_007,0.5,2,3,NPLUS__ALL_ORTHODOX_RIDGE_AUTO
V5DEVE2_080,1.0,2,3,NPLUS__ALL_ORTHODOX_RIDGE_AUTO
V5DEVX_007,0.0,2,3,NPLUS__ALL_ORTHODOX_RIDGE_AUTO
V5DEVX_052,1.0,2,3,NPLUS__ALL_ORTHODOX_RIDGE_AUTO
V5DEVX_108,1.0,2,3,NPLUS__ALL_ORTHODOX_RIDGE_AUTO
V5DEVX_131,0.75,2,3,NPLUS__ALL_ORTHODOX_RIDGE_AUTO
V5DEVX_142,1.0,2,3,NPLUS__ALL_ORTHODOX_RIDGE_AUTO
V5DEVX_148,0.3333333333333333,2,3,NPLUS__ALL_ORTHODOX_RIDGE_AUTO
V5DEV_003,1.0,2,3,NPLUS__ALL_ORTHODOX_RIDGE_AUTO
V5DEV_011,1.0,2,3,NPLUS__ALL_ORTHODOX_RIDGE_AUTO
V5DEV_013,0.0,2,3,NPLUS__ALL_ORTHODOX_RIDGE_AUTO
V5DEV_014,0.75,2,3,NPLUS__ALL_ORTHODOX_RIDGE_AUTO
V5DEV_022,1.0,2,3,NPLUS__ALL_ORTHODOX_RIDGE_AUTO
V5DEV_034,0.5,2,3,NPLUS__ALL_ORTHODOX_RIDGE_AUTO
V5DEV_035,0.5,2,3,NPLUS__ALL_ORTHODOX_RIDGE_AUTO
V5DEV_036,0.5,2,3,NPLUS__ALL_ORTHODOX_RIDGE_AUTO
V5DEV_075,1.0,2,3,NPLUS__ALL_ORTHODOX_RIDGE_AUTO
V5DEV_080,1.0,2,3,NPLUS__ALL_ORTHODOX_RIDGE_AUTO
V5DEV_152,1.0,2,3,NPLUS__ALL_ORTHODOX_RIDGE_AUTO
V5DEV_156,1.0,2,3,NPLUS__ALL_ORTHODOX_RIDGE_AUTO
V5DEVE2_003,1.0,2,3,ASTRO__ALL_ORTHODOX_ELASTICNET_AUTO
V5DEVE2_007,0.0,2,3,ASTRO__ALL_ORTHODOX_ELASTICNET_AUTO
V5DEVE2_080,1.0,2,3,ASTRO__ALL_ORTHODOX_ELASTICNET_AUTO
V5DEVX_007,0.0,2,3,ASTRO__ALL_ORTHODOX_ELASTICNET_AUTO
V5DEVX_052,1.0,2,3,ASTRO__ALL_ORTHODOX_ELASTICNET_AUTO
V5DEVX_108,1.0,2,3,ASTRO__ALL_ORTHODOX_ELASTICNET_AUTO
V5DEVX_131,0.75,2,3,ASTRO__ALL_ORTHODOX_ELASTICNET_AUTO
V5DEVX_142,1.0,2,3,ASTRO__ALL_ORTHODOX_ELASTICNET_AUTO
V5DEVX_148,0.3333333333333333,2,3,ASTRO__ALL_ORTHODOX_ELASTICNET_AUTO
V5DEV_003,1.0,2,3,ASTRO__ALL_ORTHODOX_ELASTICNET_AUTO
V5DEV_011,1.0,2,3,ASTRO__ALL_ORTHODOX_ELASTICNET_AUTO
V5DEV_013,0.0,2,3,ASTRO__ALL_ORTHODOX_ELASTICNET_AUTO
V5DEV_014,0.75,2,3,ASTRO__ALL_ORTHODOX_ELASTICNET_AUTO
V5DEV_022,1.0,2,3,ASTRO__ALL_ORTHODOX_ELASTICNET_AUTO
V5DEV_034,1.0,2,3,ASTRO__ALL_ORTHODOX_ELASTICNET_AUTO
V5DEV_035,0.5,2,3,ASTRO__ALL_ORTHODOX_ELASTICNET_AUTO
V5DEV_036,0.3333333333333333,2,3,ASTRO__ALL_ORTHODOX_ELASTICNET_AUTO
V5DEV_075,0.0,2,3,ASTRO__ALL_ORTHODOX_ELASTICNET_AUTO
V5DEV_080,1.0,2,3,ASTRO__ALL_ORTHODOX_ELASTICNET_AUTO
V5DEV_152,1.0,2,3,ASTRO__ALL_ORTHODOX_ELASTICNET_AUTO
V5DEV_156,1.0,2,3,ASTRO__ALL_ORTHODOX_ELASTICNET_AUTO
V5DEVE2_003,1.0,2,3,NPLUS__ALL_ORTHODOX_ELASTICNET_AUTO
V5DEVE2_007,1.0,2,3,NPLUS__ALL_ORTHODOX_ELASTICNET_AUTO
V5DEVE2_080,1.0,2,3,NPLUS__ALL_ORTHODOX_ELASTICNET_AUTO
V5DEVX_007,1.0,2,3,NPLUS__ALL_ORTHODOX_ELASTICNET_AUTO
V5DEVX_052,1.0,2,3,NPLUS__ALL_ORTHODOX_ELASTICNET_AUTO
V5DEVX_108,1.0,2,3,NPLUS__ALL_ORTHODOX_ELASTICNET_AUTO
V5DEVX_131,0.75,2,3,NPLUS__ALL_ORTHODOX_ELASTICNET_AUTO
V5DEVX_142,1.0,2,3,NPLUS__ALL_ORTHODOX_ELASTICNET_AUTO
V5DEVX_148,1.0,2,3,NPLUS__ALL_ORTHODOX_ELASTICNET_AUTO
V5DEV_003,0.0,2,3,NPLUS__ALL_ORTHODOX_ELASTICNET_AUTO
V5DEV_011,0.5,2,3,NPLUS__ALL_ORTHODOX_ELASTICNET_AUTO
V5DEV_013,0.5,2,3,NPLUS__ALL_ORTHODOX_ELASTICNET_AUTO
V5DEV_014,0.75,2,3,NPLUS__ALL_ORTHODOX_ELASTICNET_AUTO
V5DEV_022,0.0,2,3,NPLUS__ALL_ORTHODOX_ELASTICNET_AUTO
V5DEV_034,0.5,2,3,NPLUS__ALL_ORTHODOX_ELASTICNET_AUTO
V5DEV_035,1.0,2,3,NPLUS__ALL_ORTHODOX_ELASTICNET_AUTO
V5DEV_036,0.5,2,3,NPLUS__ALL_ORTHODOX_ELASTICNET_AUTO
V5DEV_075,0.0,2,3,NPLUS__ALL_ORTHODOX_ELASTICNET_AUTO
V5DEV_080,1.0,2,3,NPLUS__ALL_ORTHODOX_ELASTICNET_AUTO
V5DEV_152,1.0,2,3,NPLUS__ALL_ORTHODOX_ELASTICNET_AUTO
V5DEV_156,1.0,2,3,NPLUS__ALL_ORTHODOX_ELASTICNET_AUTO
V5DEVE2_022,0.5,2,4,NUISANCE_ONLY
V5DEVE2_027,1.0,2,4,NUISANCE_ONLY
V5DEVE2_106,1.0,2,4,NUISANCE_ONLY
V5DEVE2_160,1.0,2,4,NUISANCE_ONLY
V5DEVX_008,1.0,2,4,NUISANCE_ONLY
V5DEVX_010,0.5,2,4,NUISANCE_ONLY
V5DEVX_055,0.0,2,4,NUISANCE_ONLY
V5DEVX_115,0.5,2,4,NUISANCE_ONLY
V5DEVX_128,1.0,2,4,NUISANCE_ONLY
V5DEV_020,0.0,2,4,NUISANCE_ONLY
V5DEV_025,0.8,2,4,NUISANCE_ONLY
V5DEV_026,0.0,2,4,NUISANCE_ONLY
V5DEV_028,1.0,2,4,NUISANCE_ONLY
V5DEV_038,1.0,2,4,NUISANCE_ONLY
V5DEV_040,1.0,2,4,NUISANCE_ONLY
V5DEV_106,1.0,2,4,NUISANCE_ONLY
V5DEV_114,1.0,2,4,NUISANCE_ONLY
V5DEV_126,1.0,2,4,NUISANCE_ONLY
V5DEV_134,1.0,2,4,NUISANCE_ONLY
V5DEVE2_022,0.0,2,4,ASTRO__TG10_RIDGE_DIAGNOSTIC
V5DEVE2_027,0.0,2,4,ASTRO__TG10_RIDGE_DIAGNOSTIC
V5DEVE2_106,1.0,2,4,ASTRO__TG10_RIDGE_DIAGNOSTIC
V5DEVE2_160,0.0,2,4,ASTRO__TG10_RIDGE_DIAGNOSTIC
V5DEVX_008,0.5,2,4,ASTRO__TG10_RIDGE_DIAGNOSTIC
V5DEVX_010,0.25,2,4,ASTRO__TG10_RIDGE_DIAGNOSTIC
V5DEVX_055,0.5,2,4,ASTRO__TG10_RIDGE_DIAGNOSTIC
V5DEVX_115,0.5,2,4,ASTRO__TG10_RIDGE_DIAGNOSTIC
V5DEVX_128,1.0,2,4,ASTRO__TG10_RIDGE_DIAGNOSTIC
V5DEV_020,0.0,2,4,ASTRO__TG10_RIDGE_DIAGNOSTIC
V5DEV_025,0.6,2,4,ASTRO__TG10_RIDGE_DIAGNOSTIC
V5DEV_026,0.0,2,4,ASTRO__TG10_RIDGE_DIAGNOSTIC
V5DEV_028,0.0,2,4,ASTRO__TG10_RIDGE_DIAGNOSTIC
V5DEV_038,0.75,2,4,ASTRO__TG10_RIDGE_DIAGNOSTIC
V5DEV_040,1.0,2,4,ASTRO__TG10_RIDGE_DIAGNOSTIC
V5DEV_106,1.0,2,4,ASTRO__TG10_RIDGE_DIAGNOSTIC
V5DEV_114,0.0,2,4,ASTRO__TG10_RIDGE_DIAGNOSTIC
V5DEV_126,0.0,2,4,ASTRO__TG10_RIDGE_DIAGNOSTIC
V5DEV_134,1.0,2,4,ASTRO__TG10_RIDGE_DIAGNOSTIC
V5DEVE2_022,0.0,2,4,NPLUS__TG10_RIDGE_DIAGNOSTIC
V5DEVE2_027,1.0,2,4,NPLUS__TG10_RIDGE_DIAGNOSTIC
V5DEVE2_106,1.0,2,4,NPLUS__TG10_RIDGE_DIAGNOSTIC
V5DEVE2_160,1.0,2,4,NPLUS__TG10_RIDGE_DIAGNOSTIC
V5DEVX_008,0.0,2,4,NPLUS__TG10_RIDGE_DIAGNOSTIC
V5DEVX_010,0.5,2,4,NPLUS__TG10_RIDGE_DIAGNOSTIC
V5DEVX_055,0.5,2,4,NPLUS__TG10_RIDGE_DIAGNOSTIC
V5DEVX_115,0.5,2,4,NPLUS__TG10_RIDGE_DIAGNOSTIC
V5DEVX_128,1.0,2,4,NPLUS__TG10_RIDGE_DIAGNOSTIC
V5DEV_020,0.0,2,4,NPLUS__TG10_RIDGE_DIAGNOSTIC
V5DEV_025,0.6,2,4,NPLUS__TG10_RIDGE_DIAGNOSTIC
V5DEV_026,0.6666666666666666,2,4,NPLUS__TG10_RIDGE_DIAGNOSTIC
V5DEV_028,0.0,2,4,NPLUS__TG10_RIDGE_DIAGNOSTIC
V5DEV_038,0.75,2,4,NPLUS__TG10_RIDGE_DIAGNOSTIC
V5DEV_040,1.0,2,4,NPLUS__TG10_RIDGE_DIAGNOSTIC
V5DEV_106,1.0,2,4,NPLUS__TG10_RIDGE_DIAGNOSTIC
V5DEV_114,0.0,2,4,NPLUS__TG10_RIDGE_DIAGNOSTIC
V5DEV_126,0.0,2,4,NPLUS__TG10_RIDGE_DIAGNOSTIC
V5DEV_134,1.0,2,4,NPLUS__TG10_RIDGE_DIAGNOSTIC
V5DEVE2_022,0.5,2,4,ASTRO__ALL_ORTHODOX_RIDGE_AUTO
V5DEVE2_027,0.0,2,4,ASTRO__ALL_ORTHODOX_RIDGE_AUTO
V5DEVE2_106,1.0,2,4,ASTRO__ALL_ORTHODOX_RIDGE_AUTO
V5DEVE2_160,0.0,2,4,ASTRO__ALL_ORTHODOX_RIDGE_AUTO
V5DEVX_008,0.0,2,4,ASTRO__ALL_ORTHODOX_RIDGE_AUTO
V5DEVX_010,0.75,2,4,ASTRO__ALL_ORTHODOX_RIDGE_AUTO
V5DEVX_055,0.5,2,4,ASTRO__ALL_ORTHODOX_RIDGE_AUTO
V5DEVX_115,0.0,2,4,ASTRO__ALL_ORTHODOX_RIDGE_AUTO
V5DEVX_128,0.0,2,4,ASTRO__ALL_ORTHODOX_RIDGE_AUTO
V5DEV_020,0.0,2,4,ASTRO__ALL_ORTHODOX_RIDGE_AUTO
V5DEV_025,0.8,2,4,ASTRO__ALL_ORTHODOX_RIDGE_AUTO
V5DEV_026,1.0,2,4,ASTRO__ALL_ORTHODOX_RIDGE_AUTO
V5DEV_028,0.0,2,4,ASTRO__ALL_ORTHODOX_RIDGE_AUTO
V5DEV_038,0.0,2,4,ASTRO__ALL_ORTHODOX_RIDGE_AUTO
V5DEV_040,0.0,2,4,ASTRO__ALL_ORTHODOX_RIDGE_AUTO
V5DEV_106,1.0,2,4,ASTRO__ALL_ORTHODOX_RIDGE_AUTO
V5DEV_114,0.5,2,4,ASTRO__ALL_ORTHODOX_RIDGE_AUTO
V5DEV_126,0.5,2,4,ASTRO__ALL_ORTHODOX_RIDGE_AUTO
V5DEV_134,1.0,2,4,ASTRO__ALL_ORTHODOX_RIDGE_AUTO
V5DEVE2_022,0.5,2,4,NPLUS__ALL_ORTHODOX_RIDGE_AUTO
V5DEVE2_027,1.0,2,4,NPLUS__ALL_ORTHODOX_RIDGE_AUTO
V5DEVE2_106,1.0,2,4,NPLUS__ALL_ORTHODOX_RIDGE_AUTO
V5DEVE2_160,1.0,2,4,NPLUS__ALL_ORTHODOX_RIDGE_AUTO
V5DEVX_008,0.0,2,4,NPLUS__ALL_ORTHODOX_RIDGE_AUTO
V5DEVX_010,0.75,2,4,NPLUS__ALL_ORTHODOX_RIDGE_AUTO
V5DEVX_055,1.0,2,4,NPLUS__ALL_ORTHODOX_RIDGE_AUTO
V5DEVX_115,1.0,2,4,NPLUS__ALL_ORTHODOX_RIDGE_AUTO
V5DEVX_128,0.0,2,4,NPLUS__ALL_ORTHODOX_RIDGE_AUTO
V5DEV_020,0.0,2,4,NPLUS__ALL_ORTHODOX_RIDGE_AUTO
V5DEV_025,0.8,2,4,NPLUS__ALL_ORTHODOX_RIDGE_AUTO
V5DEV_026,1.0,2,4,NPLUS__ALL_ORTHODOX_RIDGE_AUTO
V5DEV_028,0.0,2,4,NPLUS__ALL_ORTHODOX_RIDGE_AUTO
V5DEV_038,0.25,2,4,NPLUS__ALL_ORTHODOX_RIDGE_AUTO
V5DEV_040,0.0,2,4,NPLUS__ALL_ORTHODOX_RIDGE_AUTO
V5DEV_106,1.0,2,4,NPLUS__ALL_ORTHODOX_RIDGE_AUTO
V5DEV_114,0.5,2,4,NPLUS__ALL_ORTHODOX_RIDGE_AUTO
V5DEV_126,0.5,2,4,NPLUS__ALL_ORTHODOX_RIDGE_AUTO
V5DEV_134,1.0,2,4,NPLUS__ALL_ORTHODOX_RIDGE_AUTO
V5DEVE2_022,0.5,2,4,ASTRO__ALL_ORTHODOX_ELASTICNET_AUTO
V5DEVE2_027,0.0,2,4,ASTRO__ALL_ORTHODOX_ELASTICNET_AUTO
V5DEVE2_106,1.0,2,4,ASTRO__ALL_ORTHODOX_ELASTICNET_AUTO
V5DEVE2_160,0.0,2,4,ASTRO__ALL_ORTHODOX_ELASTICNET_AUTO
V5DEVX_008,0.0,2,4,ASTRO__ALL_ORTHODOX_ELASTICNET_AUTO
V5DEVX_010,0.75,2,4,ASTRO__ALL_ORTHODOX_ELASTICNET_AUTO
V5DEVX_055,1.0,2,4,ASTRO__ALL_ORTHODOX_ELASTICNET_AUTO
V5DEVX_115,0.0,2,4,ASTRO__ALL_ORTHODOX_ELASTICNET_AUTO
V5DEVX_128,0.0,2,4,ASTRO__ALL_ORTHODOX_ELASTICNET_AUTO
V5DEV_020,1.0,2,4,ASTRO__ALL_ORTHODOX_ELASTICNET_AUTO
V5DEV_025,0.8,2,4,ASTRO__ALL_ORTHODOX_ELASTICNET_AUTO
V5DEV_026,1.0,2,4,ASTRO__ALL_ORTHODOX_ELASTICNET_AUTO
V5DEV_028,0.0,2,4,ASTRO__ALL_ORTHODOX_ELASTICNET_AUTO
V5DEV_038,0.25,2,4,ASTRO__ALL_ORTHODOX_ELASTICNET_AUTO
V5DEV_040,0.0,2,4,ASTRO__ALL_ORTHODOX_ELASTICNET_AUTO
V5DEV_106,1.0,2,4,ASTRO__ALL_ORTHODOX_ELASTICNET_AUTO
V5DEV_114,0.5,2,4,ASTRO__ALL_ORTHODOX_ELASTICNET_AUTO
V5DEV_126,0.0,2,4,ASTRO__ALL_ORTHODOX_ELASTICNET_AUTO
V5DEV_134,1.0,2,4,ASTRO__ALL_ORTHODOX_ELASTICNET_AUTO
V5DEVE2_022,0.0,2,4,NPLUS__ALL_ORTHODOX_ELASTICNET_AUTO
V5DEVE2_027,1.0,2,4,NPLUS__ALL_ORTHODOX_ELASTICNET_AUTO
V5DEVE2_106,1.0,2,4,NPLUS__ALL_ORTHODOX_ELASTICNET_AUTO
V5DEVE2_160,1.0,2,4,NPLUS__ALL_ORTHODOX_ELASTICNET_AUTO
V5DEVX_008,0.0,2,4,NPLUS__ALL_ORTHODOX_ELASTICNET_AUTO
V5DEVX_010,0.5,2,4,NPLUS__ALL_ORTHODOX_ELASTICNET_AUTO
V5DEVX_055,0.0,2,4,NPLUS__ALL_ORTHODOX_ELASTICNET_AUTO
V5DEVX_115,0.0,2,4,NPLUS__ALL_ORTHODOX_ELASTICNET_AUTO
V5DEVX_128,1.0,2,4,NPLUS__ALL_ORTHODOX_ELASTICNET_AUTO
V5DEV_020,1.0,2,4,NPLUS__ALL_ORTHODOX_ELASTICNET_AUTO
V5DEV_025,0.0,2,4,NPLUS__ALL_ORTHODOX_ELASTICNET_AUTO
V5DEV_026,0.0,2,4,NPLUS__ALL_ORTHODOX_ELASTICNET_AUTO
V5DEV_028,0.0,2,4,NPLUS__ALL_ORTHODOX_ELASTICNET_AUTO
V5DEV_038,0.5,2,4,NPLUS__ALL_ORTHODOX_ELASTICNET_AUTO
V5DEV_040,1.0,2,4,NPLUS__ALL_ORTHODOX_ELASTICNET_AUTO
V5DEV_106,1.0,2,4,NPLUS__ALL_ORTHODOX_ELASTICNET_AUTO
V5DEV_114,1.0,2,4,NPLUS__ALL_ORTHODOX_ELASTICNET_AUTO
V5DEV_126,1.0,2,4,NPLUS__ALL_ORTHODOX_ELASTICNET_AUTO
V5DEV_134,1.0,2,4,NPLUS__ALL_ORTHODOX_ELASTICNET_AUTO
V5DEVE2_003,1.0,3,0,NUISANCE_ONLY
V5DEVE2_022,0.5,3,0,NUISANCE_ONLY
V5DEVE2_083,1.0,3,0,NUISANCE_ONLY
V5DEVE2_160,1.0,3,0,NUISANCE_ONLY
V5DEVX_008,0.5,3,0,NUISANCE_ONLY
V5DEVX_089,0.6666666666666666,3,0,NUISANCE_ONLY
V5DEVX_103,0.0,3,0,NUISANCE_ONLY
V5DEVX_108,1.0,3,0,NUISANCE_ONLY
V5DEVX_131,0.5,3,0,NUISANCE_ONLY
V5DEV_008,0.5,3,0,NUISANCE_ONLY
V5DEV_009,1.0,3,0,NUISANCE_ONLY
V5DEV_020,0.0,3,0,NUISANCE_ONLY
V5DEV_022,1.0,3,0,NUISANCE_ONLY
V5DEV_023,0.375,3,0,NUISANCE_ONLY
V5DEV_028,1.0,3,0,NUISANCE_ONLY
V5DEV_031,1.0,3,0,NUISANCE_ONLY
V5DEV_035,0.5,3,0,NUISANCE_ONLY
V5DEV_039,0.0,3,0,NUISANCE_ONLY
V5DEV_118,0.0,3,0,NUISANCE_ONLY
V5DEV_134,1.0,3,0,NUISANCE_ONLY
V5DEVE2_003,1.0,3,0,ASTRO__TG10_RIDGE_DIAGNOSTIC
V5DEVE2_022,0.5,3,0,ASTRO__TG10_RIDGE_DIAGNOSTIC
V5DEVE2_083,1.0,3,0,ASTRO__TG10_RIDGE_DIAGNOSTIC
V5DEVE2_160,0.0,3,0,ASTRO__TG10_RIDGE_DIAGNOSTIC
V5DEVX_008,0.5,3,0,ASTRO__TG10_RIDGE_DIAGNOSTIC
V5DEVX_089,0.3333333333333333,3,0,ASTRO__TG10_RIDGE_DIAGNOSTIC
V5DEVX_103,1.0,3,0,ASTRO__TG10_RIDGE_DIAGNOSTIC
V5DEVX_108,1.0,3,0,ASTRO__TG10_RIDGE_DIAGNOSTIC
V5DEVX_131,0.5,3,0,ASTRO__TG10_RIDGE_DIAGNOSTIC
V5DEV_008,1.0,3,0,ASTRO__TG10_RIDGE_DIAGNOSTIC
V5DEV_009,0.0,3,0,ASTRO__TG10_RIDGE_DIAGNOSTIC
V5DEV_020,0.0,3,0,ASTRO__TG10_RIDGE_DIAGNOSTIC
V5DEV_022,1.0,3,0,ASTRO__TG10_RIDGE_DIAGNOSTIC
V5DEV_023,0.375,3,0,ASTRO__TG10_RIDGE_DIAGNOSTIC
V5DEV_028,0.0,3,0,ASTRO__TG10_RIDGE_DIAGNOSTIC
V5DEV_031,0.0,3,0,ASTRO__TG10_RIDGE_DIAGNOSTIC
V5DEV_035,1.0,3,0,ASTRO__TG10_RIDGE_DIAGNOSTIC
V5DEV_039,1.0,3,0,ASTRO__TG10_RIDGE_DIAGNOSTIC
V5DEV_118,0.0,3,0,ASTRO__TG10_RIDGE_DIAGNOSTIC
V5DEV_134,1.0,3,0,ASTRO__TG10_RIDGE_DIAGNOSTIC
V5DEVE2_003,1.0,3,0,NPLUS__TG10_RIDGE_DIAGNOSTIC
V5DEVE2_022,0.5,3,0,NPLUS__TG10_RIDGE_DIAGNOSTIC
V5DEVE2_083,1.0,3,0,NPLUS__TG10_RIDGE_DIAGNOSTIC
V5DEVE2_160,1.0,3,0,NPLUS__TG10_RIDGE_DIAGNOSTIC
V5DEVX_008,0.5,3,0,NPLUS__TG10_RIDGE_DIAGNOSTIC
V5DEVX_089,0.6666666666666666,3,0,NPLUS__TG10_RIDGE_DIAGNOSTIC
V5DEVX_103,1.0,3,0,NPLUS__TG10_RIDGE_DIAGNOSTIC
V5DEVX_108,1.0,3,0,NPLUS__TG10_RIDGE_DIAGNOSTIC
V5DEVX_131,0.75,3,0,NPLUS__TG10_RIDGE_DIAGNOSTIC
V5DEV_008,1.0,3,0,NPLUS__TG10_RIDGE_DIAGNOSTIC
V5DEV_009,0.0,3,0,NPLUS__TG10_RIDGE_DIAGNOSTIC
V5DEV_020,0.0,3,0,NPLUS__TG10_RIDGE_DIAGNOSTIC
V5DEV_022,1.0,3,0,NPLUS__TG10_RIDGE_DIAGNOSTIC
V5DEV_023,0.25,3,0,NPLUS__TG10_RIDGE_DIAGNOSTIC
V5DEV_028,0.0,3,0,NPLUS__TG10_RIDGE_DIAGNOSTIC
V5DEV_031,0.0,3,0,NPLUS__TG10_RIDGE_DIAGNOSTIC
V5DEV_035,1.0,3,0,NPLUS__TG10_RIDGE_DIAGNOSTIC
V5DEV_039,1.0,3,0,NPLUS__TG10_RIDGE_DIAGNOSTIC
V5DEV_118,0.0,3,0,NPLUS__TG10_RIDGE_DIAGNOSTIC
V5DEV_134,1.0,3,0,NPLUS__TG10_RIDGE_DIAGNOSTIC
V5DEVE2_003,1.0,3,0,ASTRO__ALL_ORTHODOX_RIDGE_AUTO
V5DEVE2_022,0.5,3,0,ASTRO__ALL_ORTHODOX_RIDGE_AUTO
V5DEVE2_083,1.0,3,0,ASTRO__ALL_ORTHODOX_RIDGE_AUTO
V5DEVE2_160,0.0,3,0,ASTRO__ALL_ORTHODOX_RIDGE_AUTO
V5DEVX_008,0.0,3,0,ASTRO__ALL_ORTHODOX_RIDGE_AUTO
V5DEVX_089,0.6666666666666666,3,0,ASTRO__ALL_ORTHODOX_RIDGE_AUTO
V5DEVX_103,0.0,3,0,ASTRO__ALL_ORTHODOX_RIDGE_AUTO
V5DEVX_108,1.0,3,0,ASTRO__ALL_ORTHODOX_RIDGE_AUTO
V5DEVX_131,1.0,3,0,ASTRO__ALL_ORTHODOX_RIDGE_AUTO
V5DEV_008,1.0,3,0,ASTRO__ALL_ORTHODOX_RIDGE_AUTO
V5DEV_009,0.0,3,0,ASTRO__ALL_ORTHODOX_RIDGE_AUTO
V5DEV_020,0.0,3,0,ASTRO__ALL_ORTHODOX_RIDGE_AUTO
V5DEV_022,1.0,3,0,ASTRO__ALL_ORTHODOX_RIDGE_AUTO
V5DEV_023,0.375,3,0,ASTRO__ALL_ORTHODOX_RIDGE_AUTO
V5DEV_028,0.0,3,0,ASTRO__ALL_ORTHODOX_RIDGE_AUTO
V5DEV_031,1.0,3,0,ASTRO__ALL_ORTHODOX_RIDGE_AUTO
V5DEV_035,1.0,3,0,ASTRO__ALL_ORTHODOX_RIDGE_AUTO
V5DEV_039,0.6666666666666666,3,0,ASTRO__ALL_ORTHODOX_RIDGE_AUTO
V5DEV_118,0.0,3,0,ASTRO__ALL_ORTHODOX_RIDGE_AUTO
V5DEV_134,1.0,3,0,ASTRO__ALL_ORTHODOX_RIDGE_AUTO
V5DEVE2_003,1.0,3,0,NPLUS__ALL_ORTHODOX_RIDGE_AUTO
V5DEVE2_022,0.5,3,0,NPLUS__ALL_ORTHODOX_RIDGE_AUTO
V5DEVE2_083,1.0,3,0,NPLUS__ALL_ORTHODOX_RIDGE_AUTO
V5DEVE2_160,1.0,3,0,NPLUS__ALL_ORTHODOX_RIDGE_AUTO
V5DEVX_008,0.0,3,0,NPLUS__ALL_ORTHODOX_RIDGE_AUTO
V5DEVX_089,0.3333333333333333,3,0,NPLUS__ALL_ORTHODOX_RIDGE_AUTO
V5DEVX_103,0.0,3,0,NPLUS__ALL_ORTHODOX_RIDGE_AUTO
V5DEVX_108,1.0,3,0,NPLUS__ALL_ORTHODOX_RIDGE_AUTO
V5DEVX_131,1.0,3,0,NPLUS__ALL_ORTHODOX_RIDGE_AUTO
V5DEV_008,0.5,3,0,NPLUS__ALL_ORTHODOX_RIDGE_AUTO
V5DEV_009,0.0,3,0,NPLUS__ALL_ORTHODOX_RIDGE_AUTO
V5DEV_020,0.0,3,0,NPLUS__ALL_ORTHODOX_RIDGE_AUTO
V5DEV_022,1.0,3,0,NPLUS__ALL_ORTHODOX_RIDGE_AUTO
V5DEV_023,0.5,3,0,NPLUS__ALL_ORTHODOX_RIDGE_AUTO
V5DEV_028,0.0,3,0,NPLUS__ALL_ORTHODOX_RIDGE_AUTO
V5DEV_031,1.0,3,0,NPLUS__ALL_ORTHODOX_RIDGE_AUTO
V5DEV_035,1.0,3,0,NPLUS__ALL_ORTHODOX_RIDGE_AUTO
V5DEV_039,0.6666666666666666,3,0,NPLUS__ALL_ORTHODOX_RIDGE_AUTO
V5DEV_118,0.0,3,0,NPLUS__ALL_ORTHODOX_RIDGE_AUTO
V5DEV_134,1.0,3,0,NPLUS__ALL_ORTHODOX_RIDGE_AUTO
V5DEVE2_003,1.0,3,0,ASTRO__ALL_ORTHODOX_ELASTICNET_AUTO
V5DEVE2_022,0.5,3,0,ASTRO__ALL_ORTHODOX_ELASTICNET_AUTO
V5DEVE2_083,1.0,3,0,ASTRO__ALL_ORTHODOX_ELASTICNET_AUTO
V5DEVE2_160,0.0,3,0,ASTRO__ALL_ORTHODOX_ELASTICNET_AUTO
V5DEVX_008,0.5,3,0,ASTRO__ALL_ORTHODOX_ELASTICNET_AUTO
V5DEVX_089,0.6666666666666666,3,0,ASTRO__ALL_ORTHODOX_ELASTICNET_AUTO
V5DEVX_103,1.0,3,0,ASTRO__ALL_ORTHODOX_ELASTICNET_AUTO
V5DEVX_108,1.0,3,0,ASTRO__ALL_ORTHODOX_ELASTICNET_AUTO
V5DEVX_131,0.5,3,0,ASTRO__ALL_ORTHODOX_ELASTICNET_AUTO
V5DEV_008,1.0,3,0,ASTRO__ALL_ORTHODOX_ELASTICNET_AUTO
V5DEV_009,1.0,3,0,ASTRO__ALL_ORTHODOX_ELASTICNET_AUTO
V5DEV_020,1.0,3,0,ASTRO__ALL_ORTHODOX_ELASTICNET_AUTO
V5DEV_022,1.0,3,0,ASTRO__ALL_ORTHODOX_ELASTICNET_AUTO
V5DEV_023,0.25,3,0,ASTRO__ALL_ORTHODOX_ELASTICNET_AUTO
V5DEV_028,0.5,3,0,ASTRO__ALL_ORTHODOX_ELASTICNET_AUTO
V5DEV_031,0.0,3,0,ASTRO__ALL_ORTHODOX_ELASTICNET_AUTO
V5DEV_035,1.0,3,0,ASTRO__ALL_ORTHODOX_ELASTICNET_AUTO
V5DEV_039,0.3333333333333333,3,0,ASTRO__ALL_ORTHODOX_ELASTICNET_AUTO
V5DEV_118,0.0,3,0,ASTRO__ALL_ORTHODOX_ELASTICNET_AUTO
V5DEV_134,1.0,3,0,ASTRO__ALL_ORTHODOX_ELASTICNET_AUTO
V5DEVE2_003,1.0,3,0,NPLUS__ALL_ORTHODOX_ELASTICNET_AUTO
V5DEVE2_022,0.0,3,0,NPLUS__ALL_ORTHODOX_ELASTICNET_AUTO
V5DEVE2_083,0.0,3,0,NPLUS__ALL_ORTHODOX_ELASTICNET_AUTO
V5DEVE2_160,1.0,3,0,NPLUS__ALL_ORTHODOX_ELASTICNET_AUTO
V5DEVX_008,0.0,3,0,NPLUS__ALL_ORTHODOX_ELASTICNET_AUTO
V5DEVX_089,0.0,3,0,NPLUS__ALL_ORTHODOX_ELASTICNET_AUTO
V5DEVX_103,0.0,3,0,NPLUS__ALL_ORTHODOX_ELASTICNET_AUTO
V5DEVX_108,1.0,3,0,NPLUS__ALL_ORTHODOX_ELASTICNET_AUTO
V5DEVX_131,0.5,3,0,NPLUS__ALL_ORTHODOX_ELASTICNET_AUTO
V5DEV_008,0.0,3,0,NPLUS__ALL_ORTHODOX_ELASTICNET_AUTO
V5DEV_009,0.0,3,0,NPLUS__ALL_ORTHODOX_ELASTICNET_AUTO
V5DEV_020,0.0,3,0,NPLUS__ALL_ORTHODOX_ELASTICNET_AUTO
V5DEV_022,0.0,3,0,NPLUS__ALL_ORTHODOX_ELASTICNET_AUTO
V5DEV_023,0.0,3,0,NPLUS__ALL_ORTHODOX_ELASTICNET_AUTO
V5DEV_028,0.0,3,0,NPLUS__ALL_ORTHODOX_ELASTICNET_AUTO
V5DEV_031,0.0,3,0,NPLUS__ALL_ORTHODOX_ELASTICNET_AUTO
V5DEV_035,0.0,3,0,NPLUS__ALL_ORTHODOX_ELASTICNET_AUTO
V5DEV_039,0.0,3,0,NPLUS__ALL_ORTHODOX_ELASTICNET_AUTO
V5DEV_118,0.0,3,0,NPLUS__ALL_ORTHODOX_ELASTICNET_AUTO
V5DEV_134,1.0,3,0,NPLUS__ALL_ORTHODOX_ELASTICNET_AUTO
V5DEVE2_007,1.0,3,1,NUISANCE_ONLY
V5DEVE2_027,1.0,3,1,NUISANCE_ONLY
V5DEVE2_042,1.0,3,1,NUISANCE_ONLY
V5DEVX_046,0.5,3,1,NUISANCE_ONLY
V5DEVX_048,1.0,3,1,NUISANCE_ONLY
V5DEVX_050,0.0,3,1,NUISANCE_ONLY
V5DEVX_132,1.0,3,1,NUISANCE_ONLY
V5DEVX_142,0.0,3,1,NUISANCE_ONLY
V5DEVX_148,0.3333333333333333,3,1,NUISANCE_ONLY
V5DEV_003,1.0,3,1,NUISANCE_ONLY
V5DEV_010,0.0,3,1,NUISANCE_ONLY
V5DEV_013,1.0,3,1,NUISANCE_ONLY
V5DEV_030,0.42857142857142855,3,1,NUISANCE_ONLY
V5DEV_038,1.0,3,1,NUISANCE_ONLY
V5DEV_079,1.0,3,1,NUISANCE_ONLY
V5DEV_126,1.0,3,1,NUISANCE_ONLY
V5DEV_138,0.5,3,1,NUISANCE_ONLY
V5DEV_150,1.0,3,1,NUISANCE_ONLY
V5DEV_152,1.0,3,1,NUISANCE_ONLY
V5DEV_155,1.0,3,1,NUISANCE_ONLY
V5DEVE2_007,1.0,3,1,ASTRO__TG10_RIDGE_DIAGNOSTIC
V5DEVE2_027,0.0,3,1,ASTRO__TG10_RIDGE_DIAGNOSTIC
V5DEVE2_042,0.0,3,1,ASTRO__TG10_RIDGE_DIAGNOSTIC
V5DEVX_046,0.5,3,1,ASTRO__TG10_RIDGE_DIAGNOSTIC
V5DEVX_048,0.0,3,1,ASTRO__TG10_RIDGE_DIAGNOSTIC
V5DEVX_050,1.0,3,1,ASTRO__TG10_RIDGE_DIAGNOSTIC
V5DEVX_132,0.3333333333333333,3,1,ASTRO__TG10_RIDGE_DIAGNOSTIC
V5DEVX_142,1.0,3,1,ASTRO__TG10_RIDGE_DIAGNOSTIC
V5DEVX_148,0.6666666666666666,3,1,ASTRO__TG10_RIDGE_DIAGNOSTIC
V5DEV_003,0.0,3,1,ASTRO__TG10_RIDGE_DIAGNOSTIC
V5DEV_010,1.0,3,1,ASTRO__TG10_RIDGE_DIAGNOSTIC
V5DEV_013,0.0,3,1,ASTRO__TG10_RIDGE_DIAGNOSTIC
V5DEV_030,0.2857142857142857,3,1,ASTRO__TG10_RIDGE_DIAGNOSTIC
V5DEV_038,0.5,3,1,ASTRO__TG10_RIDGE_DIAGNOSTIC
V5DEV_079,1.0,3,1,ASTRO__TG10_RIDGE_DIAGNOSTIC
V5DEV_126,0.0,3,1,ASTRO__TG10_RIDGE_DIAGNOSTIC
V5DEV_138,1.0,3,1,ASTRO__TG10_RIDGE_DIAGNOSTIC
V5DEV_150,1.0,3,1,ASTRO__TG10_RIDGE_DIAGNOSTIC
V5DEV_152,1.0,3,1,ASTRO__TG10_RIDGE_DIAGNOSTIC
V5DEV_155,0.0,3,1,ASTRO__TG10_RIDGE_DIAGNOSTIC
V5DEVE2_007,1.0,3,1,NPLUS__TG10_RIDGE_DIAGNOSTIC
V5DEVE2_027,1.0,3,1,NPLUS__TG10_RIDGE_DIAGNOSTIC
V5DEVE2_042,1.0,3,1,NPLUS__TG10_RIDGE_DIAGNOSTIC
V5DEVX_046,0.0,3,1,NPLUS__TG10_RIDGE_DIAGNOSTIC
V5DEVX_048,0.0,3,1,NPLUS__TG10_RIDGE_DIAGNOSTIC
V5DEVX_050,1.0,3,1,NPLUS__TG10_RIDGE_DIAGNOSTIC
V5DEVX_132,0.3333333333333333,3,1,NPLUS__TG10_RIDGE_DIAGNOSTIC
V5DEVX_142,1.0,3,1,NPLUS__TG10_RIDGE_DIAGNOSTIC
V5DEVX_148,0.6666666666666666,3,1,NPLUS__TG10_RIDGE_DIAGNOSTIC
V5DEV_003,0.0,3,1,NPLUS__TG10_RIDGE_DIAGNOSTIC
V5DEV_010,1.0,3,1,NPLUS__TG10_RIDGE_DIAGNOSTIC
V5DEV_013,0.0,3,1,NPLUS__TG10_RIDGE_DIAGNOSTIC
V5DEV_030,0.42857142857142855,3,1,NPLUS__TG10_RIDGE_DIAGNOSTIC
V5DEV_038,0.5,3,1,NPLUS__TG10_RIDGE_DIAGNOSTIC
V5DEV_079,1.0,3,1,NPLUS__TG10_RIDGE_DIAGNOSTIC
V5DEV_126,0.0,3,1,NPLUS__TG10_RIDGE_DIAGNOSTIC
V5DEV_138,1.0,3,1,NPLUS__TG10_RIDGE_DIAGNOSTIC
V5DEV_150,1.0,3,1,NPLUS__TG10_RIDGE_DIAGNOSTIC
V5DEV_152,1.0,3,1,NPLUS__TG10_RIDGE_DIAGNOSTIC
V5DEV_155,0.0,3,1,NPLUS__TG10_RIDGE_DIAGNOSTIC
V5DEVE2_007,0.5,3,1,ASTRO__ALL_ORTHODOX_RIDGE_AUTO
V5DEVE2_027,0.0,3,1,ASTRO__ALL_ORTHODOX_RIDGE_AUTO
V5DEVE2_042,0.0,3,1,ASTRO__ALL_ORTHODOX_RIDGE_AUTO
V5DEVX_046,1.0,3,1,ASTRO__ALL_ORTHODOX_RIDGE_AUTO
V5DEVX_048,0.0,3,1,ASTRO__ALL_ORTHODOX_RIDGE_AUTO
V5DEVX_050,1.0,3,1,ASTRO__ALL_ORTHODOX_RIDGE_AUTO
V5DEVX_132,0.0,3,1,ASTRO__ALL_ORTHODOX_RIDGE_AUTO
V5DEVX_142,1.0,3,1,ASTRO__ALL_ORTHODOX_RIDGE_AUTO
V5DEVX_148,0.6666666666666666,3,1,ASTRO__ALL_ORTHODOX_RIDGE_AUTO
V5DEV_003,0.0,3,1,ASTRO__ALL_ORTHODOX_RIDGE_AUTO
V5DEV_010,1.0,3,1,ASTRO__ALL_ORTHODOX_RIDGE_AUTO
V5DEV_013,0.0,3,1,ASTRO__ALL_ORTHODOX_RIDGE_AUTO
V5DEV_030,0.5714285714285714,3,1,ASTRO__ALL_ORTHODOX_RIDGE_AUTO
V5DEV_038,0.25,3,1,ASTRO__ALL_ORTHODOX_RIDGE_AUTO
V5DEV_079,1.0,3,1,ASTRO__ALL_ORTHODOX_RIDGE_AUTO
V5DEV_126,0.0,3,1,ASTRO__ALL_ORTHODOX_RIDGE_AUTO
V5DEV_138,1.0,3,1,ASTRO__ALL_ORTHODOX_RIDGE_AUTO
V5DEV_150,1.0,3,1,ASTRO__ALL_ORTHODOX_RIDGE_AUTO
V5DEV_152,1.0,3,1,ASTRO__ALL_ORTHODOX_RIDGE_AUTO
V5DEV_155,1.0,3,1,ASTRO__ALL_ORTHODOX_RIDGE_AUTO
V5DEVE2_007,0.5,3,1,NPLUS__ALL_ORTHODOX_RIDGE_AUTO
V5DEVE2_027,1.0,3,1,NPLUS__ALL_ORTHODOX_RIDGE_AUTO
V5DEVE2_042,1.0,3,1,NPLUS__ALL_ORTHODOX_RIDGE_AUTO
V5DEVX_046,0.5,3,1,NPLUS__ALL_ORTHODOX_RIDGE_AUTO
V5DEVX_048,1.0,3,1,NPLUS__ALL_ORTHODOX_RIDGE_AUTO
V5DEVX_050,1.0,3,1,NPLUS__ALL_ORTHODOX_RIDGE_AUTO
V5DEVX_132,0.3333333333333333,3,1,NPLUS__ALL_ORTHODOX_RIDGE_AUTO
V5DEVX_142,1.0,3,1,NPLUS__ALL_ORTHODOX_RIDGE_AUTO
V5DEVX_148,0.6666666666666666,3,1,NPLUS__ALL_ORTHODOX_RIDGE_AUTO
V5DEV_003,0.0,3,1,NPLUS__ALL_ORTHODOX_RIDGE_AUTO
V5DEV_010,1.0,3,1,NPLUS__ALL_ORTHODOX_RIDGE_AUTO
V5DEV_013,0.0,3,1,NPLUS__ALL_ORTHODOX_RIDGE_AUTO
V5DEV_030,0.42857142857142855,3,1,NPLUS__ALL_ORTHODOX_RIDGE_AUTO
V5DEV_038,0.25,3,1,NPLUS__ALL_ORTHODOX_RIDGE_AUTO
V5DEV_079,1.0,3,1,NPLUS__ALL_ORTHODOX_RIDGE_AUTO
V5DEV_126,1.0,3,1,NPLUS__ALL_ORTHODOX_RIDGE_AUTO
V5DEV_138,1.0,3,1,NPLUS__ALL_ORTHODOX_RIDGE_AUTO
V5DEV_150,1.0,3,1,NPLUS__ALL_ORTHODOX_RIDGE_AUTO
V5DEV_152,1.0,3,1,NPLUS__ALL_ORTHODOX_RIDGE_AUTO
V5DEV_155,0.0,3,1,NPLUS__ALL_ORTHODOX_RIDGE_AUTO
V5DEVE2_007,1.0,3,1,ASTRO__ALL_ORTHODOX_ELASTICNET_AUTO
V5DEVE2_027,1.0,3,1,ASTRO__ALL_ORTHODOX_ELASTICNET_AUTO
V5DEVE2_042,1.0,3,1,ASTRO__ALL_ORTHODOX_ELASTICNET_AUTO
V5DEVX_046,0.0,3,1,ASTRO__ALL_ORTHODOX_ELASTICNET_AUTO
V5DEVX_048,1.0,3,1,ASTRO__ALL_ORTHODOX_ELASTICNET_AUTO
V5DEVX_050,1.0,3,1,ASTRO__ALL_ORTHODOX_ELASTICNET_AUTO
V5DEVX_132,1.0,3,1,ASTRO__ALL_ORTHODOX_ELASTICNET_AUTO
V5DEVX_142,1.0,3,1,ASTRO__ALL_ORTHODOX_ELASTICNET_AUTO
V5DEVX_148,1.0,3,1,ASTRO__ALL_ORTHODOX_ELASTICNET_AUTO
V5DEV_003,0.0,3,1,ASTRO__ALL_ORTHODOX_ELASTICNET_AUTO
V5DEV_010,1.0,3,1,ASTRO__ALL_ORTHODOX_ELASTICNET_AUTO
V5DEV_013,0.5,3,1,ASTRO__ALL_ORTHODOX_ELASTICNET_AUTO
V5DEV_030,1.0,3,1,ASTRO__ALL_ORTHODOX_ELASTICNET_AUTO
V5DEV_038,0.75,3,1,ASTRO__ALL_ORTHODOX_ELASTICNET_AUTO
V5DEV_079,1.0,3,1,ASTRO__ALL_ORTHODOX_ELASTICNET_AUTO
V5DEV_126,0.5,3,1,ASTRO__ALL_ORTHODOX_ELASTICNET_AUTO
V5DEV_138,1.0,3,1,ASTRO__ALL_ORTHODOX_ELASTICNET_AUTO
V5DEV_150,1.0,3,1,ASTRO__ALL_ORTHODOX_ELASTICNET_AUTO
V5DEV_152,1.0,3,1,ASTRO__ALL_ORTHODOX_ELASTICNET_AUTO
V5DEV_155,0.0,3,1,ASTRO__ALL_ORTHODOX_ELASTICNET_AUTO
V5DEVE2_007,0.0,3,1,NPLUS__ALL_ORTHODOX_ELASTICNET_AUTO
V5DEVE2_027,1.0,3,1,NPLUS__ALL_ORTHODOX_ELASTICNET_AUTO
V5DEVE2_042,1.0,3,1,NPLUS__ALL_ORTHODOX_ELASTICNET_AUTO
V5DEVX_046,0.0,3,1,NPLUS__ALL_ORTHODOX_ELASTICNET_AUTO
V5DEVX_048,1.0,3,1,NPLUS__ALL_ORTHODOX_ELASTICNET_AUTO
V5DEVX_050,0.0,3,1,NPLUS__ALL_ORTHODOX_ELASTICNET_AUTO
V5DEVX_132,0.0,3,1,NPLUS__ALL_ORTHODOX_ELASTICNET_AUTO
V5DEVX_142,0.0,3,1,NPLUS__ALL_ORTHODOX_ELASTICNET_AUTO
V5DEVX_148,0.0,3,1,NPLUS__ALL_ORTHODOX_ELASTICNET_AUTO
V5DEV_003,0.0,3,1,NPLUS__ALL_ORTHODOX_ELASTICNET_AUTO
V5DEV_010,1.0,3,1,NPLUS__ALL_ORTHODOX_ELASTICNET_AUTO
V5DEV_013,0.0,3,1,NPLUS__ALL_ORTHODOX_ELASTICNET_AUTO
V5DEV_030,0.0,3,1,NPLUS__ALL_ORTHODOX_ELASTICNET_AUTO
V5DEV_038,0.0,3,1,NPLUS__ALL_ORTHODOX_ELASTICNET_AUTO
V5DEV_079,0.0,3,1,NPLUS__ALL_ORTHODOX_ELASTICNET_AUTO
V5DEV_126,1.0,3,1,NPLUS__ALL_ORTHODOX_ELASTICNET_AUTO
V5DEV_138,0.5,3,1,NPLUS__ALL_ORTHODOX_ELASTICNET_AUTO
V5DEV_150,1.0,3,1,NPLUS__ALL_ORTHODOX_ELASTICNET_AUTO
V5DEV_152,1.0,3,1,NPLUS__ALL_ORTHODOX_ELASTICNET_AUTO
V5DEV_155,1.0,3,1,NPLUS__ALL_ORTHODOX_ELASTICNET_AUTO
V5DEVE2_061,1.0,3,2,NUISANCE_ONLY
V5DEVE2_080,1.0,3,2,NUISANCE_ONLY
V5DEVE2_115,1.0,3,2,NUISANCE_ONLY
V5DEVE2_128,0.5,3,2,NUISANCE_ONLY
V5DEVX_004,1.0,3,2,NUISANCE_ONLY
V5DEVX_010,0.5,3,2,NUISANCE_ONLY
V5DEVX_017,1.0,3,2,NUISANCE_ONLY
V5DEVX_031,0.0,3,2,NUISANCE_ONLY
V5DEVX_106,1.0,3,2,NUISANCE_ONLY
V5DEVX_147,1.0,3,2,NUISANCE_ONLY
V5DEV_012,1.0,3,2,NUISANCE_ONLY
V5DEV_015,0.0,3,2,NUISANCE_ONLY
V5DEV_017,1.0,3,2,NUISANCE_ONLY
V5DEV_024,1.0,3,2,NUISANCE_ONLY
V5DEV_036,0.5,3,2,NUISANCE_ONLY
V5DEV_037,0.5,3,2,NUISANCE_ONLY
V5DEV_064,1.0,3,2,NUISANCE_ONLY
V5DEV_075,0.0,3,2,NUISANCE_ONLY
V5DEV_090,1.0,3,2,NUISANCE_ONLY
V5DEV_117,0.6666666666666666,3,2,NUISANCE_ONLY
V5DEV_121,1.0,3,2,NUISANCE_ONLY
V5DEVE2_061,1.0,3,2,ASTRO__TG10_RIDGE_DIAGNOSTIC
V5DEVE2_080,1.0,3,2,ASTRO__TG10_RIDGE_DIAGNOSTIC
V5DEVE2_115,0.0,3,2,ASTRO__TG10_RIDGE_DIAGNOSTIC
V5DEVE2_128,1.0,3,2,ASTRO__TG10_RIDGE_DIAGNOSTIC
V5DEVX_004,0.3333333333333333,3,2,ASTRO__TG10_RIDGE_DIAGNOSTIC
V5DEVX_010,0.5,3,2,ASTRO__TG10_RIDGE_DIAGNOSTIC
V5DEVX_017,1.0,3,2,ASTRO__TG10_RIDGE_DIAGNOSTIC
V5DEVX_031,1.0,3,2,ASTRO__TG10_RIDGE_DIAGNOSTIC
V5DEVX_106,0.0,3,2,ASTRO__TG10_RIDGE_DIAGNOSTIC
V5DEVX_147,1.0,3,2,ASTRO__TG10_RIDGE_DIAGNOSTIC
V5DEV_012,0.5,3,2,ASTRO__TG10_RIDGE_DIAGNOSTIC
V5DEV_015,0.5,3,2,ASTRO__TG10_RIDGE_DIAGNOSTIC
V5DEV_017,0.0,3,2,ASTRO__TG10_RIDGE_DIAGNOSTIC
V5DEV_024,1.0,3,2,ASTRO__TG10_RIDGE_DIAGNOSTIC
V5DEV_036,0.3333333333333333,3,2,ASTRO__TG10_RIDGE_DIAGNOSTIC
V5DEV_037,0.0,3,2,ASTRO__TG10_RIDGE_DIAGNOSTIC
V5DEV_064,1.0,3,2,ASTRO__TG10_RIDGE_DIAGNOSTIC
V5DEV_075,0.0,3,2,ASTRO__TG10_RIDGE_DIAGNOSTIC
V5DEV_090,0.0,3,2,ASTRO__TG10_RIDGE_DIAGNOSTIC
V5DEV_117,0.0,3,2,ASTRO__TG10_RIDGE_DIAGNOSTIC
V5DEV_121,1.0,3,2,ASTRO__TG10_RIDGE_DIAGNOSTIC
V5DEVE2_061,1.0,3,2,NPLUS__TG10_RIDGE_DIAGNOSTIC
V5DEVE2_080,1.0,3,2,NPLUS__TG10_RIDGE_DIAGNOSTIC
V5DEVE2_115,0.0,3,2,NPLUS__TG10_RIDGE_DIAGNOSTIC
V5DEVE2_128,0.5,3,2,NPLUS__TG10_RIDGE_DIAGNOSTIC
V5DEVX_004,0.3333333333333333,3,2,NPLUS__TG10_RIDGE_DIAGNOSTIC
V5DEVX_010,0.75,3,2,NPLUS__TG10_RIDGE_DIAGNOSTIC
V5DEVX_017,1.0,3,2,NPLUS__TG10_RIDGE_DIAGNOSTIC
V5DEVX_031,0.0,3,2,NPLUS__TG10_RIDGE_DIAGNOSTIC
V5DEVX_106,0.0,3,2,NPLUS__TG10_RIDGE_DIAGNOSTIC
V5DEVX_147,1.0,3,2,NPLUS__TG10_RIDGE_DIAGNOSTIC
V5DEV_012,0.5,3,2,NPLUS__TG10_RIDGE_DIAGNOSTIC
V5DEV_015,1.0,3,2,NPLUS__TG10_RIDGE_DIAGNOSTIC
V5DEV_017,0.0,3,2,NPLUS__TG10_RIDGE_DIAGNOSTIC
V5DEV_024,1.0,3,2,NPLUS__TG10_RIDGE_DIAGNOSTIC
V5DEV_036,0.5,3,2,NPLUS__TG10_RIDGE_DIAGNOSTIC
V5DEV_037,0.25,3,2,NPLUS__TG10_RIDGE_DIAGNOSTIC
V5DEV_064,1.0,3,2,NPLUS__TG10_RIDGE_DIAGNOSTIC
V5DEV_075,0.0,3,2,NPLUS__TG10_RIDGE_DIAGNOSTIC
V5DEV_090,1.0,3,2,NPLUS__TG10_RIDGE_DIAGNOSTIC
V5DEV_117,0.0,3,2,NPLUS__TG10_RIDGE_DIAGNOSTIC
V5DEV_121,1.0,3,2,NPLUS__TG10_RIDGE_DIAGNOSTIC
V5DEVE2_061,1.0,3,2,ASTRO__ALL_ORTHODOX_RIDGE_AUTO
V5DEVE2_080,1.0,3,2,ASTRO__ALL_ORTHODOX_RIDGE_AUTO
V5DEVE2_115,0.0,3,2,ASTRO__ALL_ORTHODOX_RIDGE_AUTO
V5DEVE2_128,1.0,3,2,ASTRO__ALL_ORTHODOX_RIDGE_AUTO
V5DEVX_004,1.0,3,2,ASTRO__ALL_ORTHODOX_RIDGE_AUTO
V5DEVX_010,0.5,3,2,ASTRO__ALL_ORTHODOX_RIDGE_AUTO
V5DEVX_017,1.0,3,2,ASTRO__ALL_ORTHODOX_RIDGE_AUTO
V5DEVX_031,0.5,3,2,ASTRO__ALL_ORTHODOX_RIDGE_AUTO
V5DEVX_106,0.0,3,2,ASTRO__ALL_ORTHODOX_RIDGE_AUTO
V5DEVX_147,1.0,3,2,ASTRO__ALL_ORTHODOX_RIDGE_AUTO
V5DEV_012,0.5,3,2,ASTRO__ALL_ORTHODOX_RIDGE_AUTO
V5DEV_015,0.5,3,2,ASTRO__ALL_ORTHODOX_RIDGE_AUTO
V5DEV_017,0.0,3,2,ASTRO__ALL_ORTHODOX_RIDGE_AUTO
V5DEV_024,0.0,3,2,ASTRO__ALL_ORTHODOX_RIDGE_AUTO
V5DEV_036,0.6666666666666666,3,2,ASTRO__ALL_ORTHODOX_RIDGE_AUTO
V5DEV_037,0.5,3,2,ASTRO__ALL_ORTHODOX_RIDGE_AUTO
V5DEV_064,0.0,3,2,ASTRO__ALL_ORTHODOX_RIDGE_AUTO
V5DEV_075,0.0,3,2,ASTRO__ALL_ORTHODOX_RIDGE_AUTO
V5DEV_090,1.0,3,2,ASTRO__ALL_ORTHODOX_RIDGE_AUTO
V5DEV_117,0.3333333333333333,3,2,ASTRO__ALL_ORTHODOX_RIDGE_AUTO
V5DEV_121,1.0,3,2,ASTRO__ALL_ORTHODOX_RIDGE_AUTO
V5DEVE2_061,1.0,3,2,NPLUS__ALL_ORTHODOX_RIDGE_AUTO
V5DEVE2_080,1.0,3,2,NPLUS__ALL_ORTHODOX_RIDGE_AUTO
V5DEVE2_115,0.0,3,2,NPLUS__ALL_ORTHODOX_RIDGE_AUTO
V5DEVE2_128,0.5,3,2,NPLUS__ALL_ORTHODOX_RIDGE_AUTO
V5DEVX_004,0.6666666666666666,3,2,NPLUS__ALL_ORTHODOX_RIDGE_AUTO
V5DEVX_010,0.5,3,2,NPLUS__ALL_ORTHODOX_RIDGE_AUTO
V5DEVX_017,1.0,3,2,NPLUS__ALL_ORTHODOX_RIDGE_AUTO
V5DEVX_031,0.0,3,2,NPLUS__ALL_ORTHODOX_RIDGE_AUTO
V5DEVX_106,0.0,3,2,NPLUS__ALL_ORTHODOX_RIDGE_AUTO
V5DEVX_147,1.0,3,2,NPLUS__ALL_ORTHODOX_RIDGE_AUTO
V5DEV_012,1.0,3,2,NPLUS__ALL_ORTHODOX_RIDGE_AUTO
V5DEV_015,0.5,3,2,NPLUS__ALL_ORTHODOX_RIDGE_AUTO
V5DEV_017,0.0,3,2,NPLUS__ALL_ORTHODOX_RIDGE_AUTO
V5DEV_024,0.0,3,2,NPLUS__ALL_ORTHODOX_RIDGE_AUTO
V5DEV_036,0.6666666666666666,3,2,NPLUS__ALL_ORTHODOX_RIDGE_AUTO
V5DEV_037,0.75,3,2,NPLUS__ALL_ORTHODOX_RIDGE_AUTO
V5DEV_064,0.0,3,2,NPLUS__ALL_ORTHODOX_RIDGE_AUTO
V5DEV_075,0.0,3,2,NPLUS__ALL_ORTHODOX_RIDGE_AUTO
V5DEV_090,1.0,3,2,NPLUS__ALL_ORTHODOX_RIDGE_AUTO
V5DEV_117,0.0,3,2,NPLUS__ALL_ORTHODOX_RIDGE_AUTO
V5DEV_121,1.0,3,2,NPLUS__ALL_ORTHODOX_RIDGE_AUTO
V5DEVE2_061,0.0,3,2,ASTRO__ALL_ORTHODOX_ELASTICNET_AUTO
V5DEVE2_080,0.0,3,2,ASTRO__ALL_ORTHODOX_ELASTICNET_AUTO
V5DEVE2_115,0.0,3,2,ASTRO__ALL_ORTHODOX_ELASTICNET_AUTO
V5DEVE2_128,0.0,3,2,ASTRO__ALL_ORTHODOX_ELASTICNET_AUTO
V5DEVX_004,0.0,3,2,ASTRO__ALL_ORTHODOX_ELASTICNET_AUTO
V5DEVX_010,0.0,3,2,ASTRO__ALL_ORTHODOX_ELASTICNET_AUTO
V5DEVX_017,0.0,3,2,ASTRO__ALL_ORTHODOX_ELASTICNET_AUTO
V5DEVX_031,0.0,3,2,ASTRO__ALL_ORTHODOX_ELASTICNET_AUTO
V5DEVX_106,0.0,3,2,ASTRO__ALL_ORTHODOX_ELASTICNET_AUTO
V5DEVX_147,0.0,3,2,ASTRO__ALL_ORTHODOX_ELASTICNET_AUTO
V5DEV_012,0.0,3,2,ASTRO__ALL_ORTHODOX_ELASTICNET_AUTO
V5DEV_015,0.0,3,2,ASTRO__ALL_ORTHODOX_ELASTICNET_AUTO
V5DEV_017,0.0,3,2,ASTRO__ALL_ORTHODOX_ELASTICNET_AUTO
V5DEV_024,0.0,3,2,ASTRO__ALL_ORTHODOX_ELASTICNET_AUTO
V5DEV_036,0.0,3,2,ASTRO__ALL_ORTHODOX_ELASTICNET_AUTO
V5DEV_037,0.0,3,2,ASTRO__ALL_ORTHODOX_ELASTICNET_AUTO
V5DEV_064,0.0,3,2,ASTRO__ALL_ORTHODOX_ELASTICNET_AUTO
V5DEV_075,0.0,3,2,ASTRO__ALL_ORTHODOX_ELASTICNET_AUTO
V5DEV_090,0.0,3,2,ASTRO__ALL_ORTHODOX_ELASTICNET_AUTO
V5DEV_117,0.0,3,2,ASTRO__ALL_ORTHODOX_ELASTICNET_AUTO
V5DEV_121,0.0,3,2,ASTRO__ALL_ORTHODOX_ELASTICNET_AUTO
V5DEVE2_061,1.0,3,2,NPLUS__ALL_ORTHODOX_ELASTICNET_AUTO
V5DEVE2_080,1.0,3,2,NPLUS__ALL_ORTHODOX_ELASTICNET_AUTO
V5DEVE2_115,1.0,3,2,NPLUS__ALL_ORTHODOX_ELASTICNET_AUTO
V5DEVE2_128,1.0,3,2,NPLUS__ALL_ORTHODOX_ELASTICNET_AUTO
V5DEVX_004,1.0,3,2,NPLUS__ALL_ORTHODOX_ELASTICNET_AUTO
V5DEVX_010,1.0,3,2,NPLUS__ALL_ORTHODOX_ELASTICNET_AUTO
V5DEVX_017,1.0,3,2,NPLUS__ALL_ORTHODOX_ELASTICNET_AUTO
V5DEVX_031,1.0,3,2,NPLUS__ALL_ORTHODOX_ELASTICNET_AUTO
V5DEVX_106,1.0,3,2,NPLUS__ALL_ORTHODOX_ELASTICNET_AUTO
V5DEVX_147,1.0,3,2,NPLUS__ALL_ORTHODOX_ELASTICNET_AUTO
V5DEV_012,1.0,3,2,NPLUS__ALL_ORTHODOX_ELASTICNET_AUTO
V5DEV_015,1.0,3,2,NPLUS__ALL_ORTHODOX_ELASTICNET_AUTO
V5DEV_017,1.0,3,2,NPLUS__ALL_ORTHODOX_ELASTICNET_AUTO
V5DEV_024,1.0,3,2,NPLUS__ALL_ORTHODOX_ELASTICNET_AUTO
V5DEV_036,1.0,3,2,NPLUS__ALL_ORTHODOX_ELASTICNET_AUTO
V5DEV_037,1.0,3,2,NPLUS__ALL_ORTHODOX_ELASTICNET_AUTO
V5DEV_064,1.0,3,2,NPLUS__ALL_ORTHODOX_ELASTICNET_AUTO
V5DEV_075,1.0,3,2,NPLUS__ALL_ORTHODOX_ELASTICNET_AUTO
V5DEV_090,1.0,3,2,NPLUS__ALL_ORTHODOX_ELASTICNET_AUTO
V5DEV_117,1.0,3,2,NPLUS__ALL_ORTHODOX_ELASTICNET_AUTO
V5DEV_121,1.0,3,2,NPLUS__ALL_ORTHODOX_ELASTICNET_AUTO
V5DEVE2_001,0.5,3,3,NUISANCE_ONLY
V5DEVE2_009,1.0,3,3,NUISANCE_ONLY
V5DEVE2_028,1.0,3,3,NUISANCE_ONLY
V5DEVX_036,1.0,3,3,NUISANCE_ONLY
V5DEVX_038,1.0,3,3,NUISANCE_ONLY
V5DEVX_052,1.0,3,3,NUISANCE_ONLY
V5DEVX_115,0.5,3,3,NUISANCE_ONLY
V5DEVX_122,1.0,3,3,NUISANCE_ONLY
V5DEVX_154,0.8333333333333334,3,3,NUISANCE_ONLY
V5DEV_001,1.0,3,3,NUISANCE_ONLY
V5DEV_005,0.6,3,3,NUISANCE_ONLY
V5DEV_011,1.0,3,3,NUISANCE_ONLY
V5DEV_029,0.5,3,3,NUISANCE_ONLY
V5DEV_034,0.5,3,3,NUISANCE_ONLY
V5DEV_040,1.0,3,3,NUISANCE_ONLY
V5DEV_084,1.0,3,3,NUISANCE_ONLY
V5DEV_108,0.3333333333333333,3,3,NUISANCE_ONLY
V5DEV_125,0.0,3,3,NUISANCE_ONLY
V5DEV_156,1.0,3,3,NUISANCE_ONLY
V5DEVE2_001,0.5,3,3,ASTRO__TG10_RIDGE_DIAGNOSTIC
V5DEVE2_009,1.0,3,3,ASTRO__TG10_RIDGE_DIAGNOSTIC
V5DEVE2_028,1.0,3,3,ASTRO__TG10_RIDGE_DIAGNOSTIC
V5DEVX_036,1.0,3,3,ASTRO__TG10_RIDGE_DIAGNOSTIC
V5DEVX_038,1.0,3,3,ASTRO__TG10_RIDGE_DIAGNOSTIC
V5DEVX_052,1.0,3,3,ASTRO__TG10_RIDGE_DIAGNOSTIC
V5DEVX_115,0.0,3,3,ASTRO__TG10_RIDGE_DIAGNOSTIC
V5DEVX_122,1.0,3,3,ASTRO__TG10_RIDGE_DIAGNOSTIC
V5DEVX_154,0.3333333333333333,3,3,ASTRO__TG10_RIDGE_DIAGNOSTIC
V5DEV_001,1.0,3,3,ASTRO__TG10_RIDGE_DIAGNOSTIC
V5DEV_005,1.0,3,3,ASTRO__TG10_RIDGE_DIAGNOSTIC
V5DEV_011,0.0,3,3,ASTRO__TG10_RIDGE_DIAGNOSTIC
V5DEV_029,1.0,3,3,ASTRO__TG10_RIDGE_DIAGNOSTIC
V5DEV_034,0.5,3,3,ASTRO__TG10_RIDGE_DIAGNOSTIC
V5DEV_040,1.0,3,3,ASTRO__TG10_RIDGE_DIAGNOSTIC
V5DEV_084,0.3333333333333333,3,3,ASTRO__TG10_RIDGE_DIAGNOSTIC
V5DEV_108,0.3333333333333333,3,3,ASTRO__TG10_RIDGE_DIAGNOSTIC
V5DEV_125,1.0,3,3,ASTRO__TG10_RIDGE_DIAGNOSTIC
V5DEV_156,1.0,3,3,ASTRO__TG10_RIDGE_DIAGNOSTIC
V5DEVE2_001,0.5,3,3,NPLUS__TG10_RIDGE_DIAGNOSTIC
V5DEVE2_009,1.0,3,3,NPLUS__TG10_RIDGE_DIAGNOSTIC
V5DEVE2_028,1.0,3,3,NPLUS__TG10_RIDGE_DIAGNOSTIC
V5DEVX_036,1.0,3,3,NPLUS__TG10_RIDGE_DIAGNOSTIC
V5DEVX_038,1.0,3,3,NPLUS__TG10_RIDGE_DIAGNOSTIC
V5DEVX_052,1.0,3,3,NPLUS__TG10_RIDGE_DIAGNOSTIC
V5DEVX_115,0.5,3,3,NPLUS__TG10_RIDGE_DIAGNOSTIC
V5DEVX_122,1.0,3,3,NPLUS__TG10_RIDGE_DIAGNOSTIC
V5DEVX_154,0.5,3,3,NPLUS__TG10_RIDGE_DIAGNOSTIC
V5DEV_001,1.0,3,3,NPLUS__TG10_RIDGE_DIAGNOSTIC
V5DEV_005,1.0,3,3,NPLUS__TG10_RIDGE_DIAGNOSTIC
V5DEV_011,0.0,3,3,NPLUS__TG10_RIDGE_DIAGNOSTIC
V5DEV_029,0.0,3,3,NPLUS__TG10_RIDGE_DIAGNOSTIC
V5DEV_034,0.0,3,3,NPLUS__TG10_RIDGE_DIAGNOSTIC
V5DEV_040,1.0,3,3,NPLUS__TG10_RIDGE_DIAGNOSTIC
V5DEV_084,1.0,3,3,NPLUS__TG10_RIDGE_DIAGNOSTIC
V5DEV_108,0.3333333333333333,3,3,NPLUS__TG10_RIDGE_DIAGNOSTIC
V5DEV_125,0.0,3,3,NPLUS__TG10_RIDGE_DIAGNOSTIC
V5DEV_156,1.0,3,3,NPLUS__TG10_RIDGE_DIAGNOSTIC
V5DEVE2_001,0.0,3,3,ASTRO__ALL_ORTHODOX_RIDGE_AUTO
V5DEVE2_009,1.0,3,3,ASTRO__ALL_ORTHODOX_RIDGE_AUTO
V5DEVE2_028,0.0,3,3,ASTRO__ALL_ORTHODOX_RIDGE_AUTO
V5DEVX_036,0.0,3,3,ASTRO__ALL_ORTHODOX_RIDGE_AUTO
V5DEVX_038,0.0,3,3,ASTRO__ALL_ORTHODOX_RIDGE_AUTO
V5DEVX_052,1.0,3,3,ASTRO__ALL_ORTHODOX_RIDGE_AUTO
V5DEVX_115,0.5,3,3,ASTRO__ALL_ORTHODOX_RIDGE_AUTO
V5DEVX_122,1.0,3,3,ASTRO__ALL_ORTHODOX_RIDGE_AUTO
V5DEVX_154,0.5,3,3,ASTRO__ALL_ORTHODOX_RIDGE_AUTO
V5DEV_001,1.0,3,3,ASTRO__ALL_ORTHODOX_RIDGE_AUTO
V5DEV_005,0.6,3,3,ASTRO__ALL_ORTHODOX_RIDGE_AUTO
V5DEV_011,0.0,3,3,ASTRO__ALL_ORTHODOX_RIDGE_AUTO
V5DEV_029,0.0,3,3,ASTRO__ALL_ORTHODOX_RIDGE_AUTO
V5DEV_034,0.5,3,3,ASTRO__ALL_ORTHODOX_RIDGE_AUTO
V5DEV_040,0.0,3,3,ASTRO__ALL_ORTHODOX_RIDGE_AUTO
V5DEV_084,0.6666666666666666,3,3,ASTRO__ALL_ORTHODOX_RIDGE_AUTO
V5DEV_108,0.6666666666666666,3,3,ASTRO__ALL_ORTHODOX_RIDGE_AUTO
V5DEV_125,1.0,3,3,ASTRO__ALL_ORTHODOX_RIDGE_AUTO
V5DEV_156,1.0,3,3,ASTRO__ALL_ORTHODOX_RIDGE_AUTO
V5DEVE2_001,0.5,3,3,NPLUS__ALL_ORTHODOX_RIDGE_AUTO
V5DEVE2_009,1.0,3,3,NPLUS__ALL_ORTHODOX_RIDGE_AUTO
V5DEVE2_028,1.0,3,3,NPLUS__ALL_ORTHODOX_RIDGE_AUTO
V5DEVX_036,1.0,3,3,NPLUS__ALL_ORTHODOX_RIDGE_AUTO
V5DEVX_038,0.0,3,3,NPLUS__ALL_ORTHODOX_RIDGE_AUTO
V5DEVX_052,0.0,3,3,NPLUS__ALL_ORTHODOX_RIDGE_AUTO
V5DEVX_115,0.5,3,3,NPLUS__ALL_ORTHODOX_RIDGE_AUTO
V5DEVX_122,1.0,3,3,NPLUS__ALL_ORTHODOX_RIDGE_AUTO
V5DEVX_154,0.5,3,3,NPLUS__ALL_ORTHODOX_RIDGE_AUTO
V5DEV_001,1.0,3,3,NPLUS__ALL_ORTHODOX_RIDGE_AUTO
V5DEV_005,0.8,3,3,NPLUS__ALL_ORTHODOX_RIDGE_AUTO
V5DEV_011,0.0,3,3,NPLUS__ALL_ORTHODOX_RIDGE_AUTO
V5DEV_029,0.0,3,3,NPLUS__ALL_ORTHODOX_RIDGE_AUTO
V5DEV_034,0.0,3,3,NPLUS__ALL_ORTHODOX_RIDGE_AUTO
V5DEV_040,0.0,3,3,NPLUS__ALL_ORTHODOX_RIDGE_AUTO
V5DEV_084,0.6666666666666666,3,3,NPLUS__ALL_ORTHODOX_RIDGE_AUTO
V5DEV_108,0.6666666666666666,3,3,NPLUS__ALL_ORTHODOX_RIDGE_AUTO
V5DEV_125,1.0,3,3,NPLUS__ALL_ORTHODOX_RIDGE_AUTO
V5DEV_156,1.0,3,3,NPLUS__ALL_ORTHODOX_RIDGE_AUTO
V5DEVE2_001,0.0,3,3,ASTRO__ALL_ORTHODOX_ELASTICNET_AUTO
V5DEVE2_009,1.0,3,3,ASTRO__ALL_ORTHODOX_ELASTICNET_AUTO
V5DEVE2_028,0.0,3,3,ASTRO__ALL_ORTHODOX_ELASTICNET_AUTO
V5DEVX_036,0.0,3,3,ASTRO__ALL_ORTHODOX_ELASTICNET_AUTO
V5DEVX_038,0.0,3,3,ASTRO__ALL_ORTHODOX_ELASTICNET_AUTO
V5DEVX_052,0.0,3,3,ASTRO__ALL_ORTHODOX_ELASTICNET_AUTO
V5DEVX_115,1.0,3,3,ASTRO__ALL_ORTHODOX_ELASTICNET_AUTO
V5DEVX_122,1.0,3,3,ASTRO__ALL_ORTHODOX_ELASTICNET_AUTO
V5DEVX_154,0.5,3,3,ASTRO__ALL_ORTHODOX_ELASTICNET_AUTO
V5DEV_001,1.0,3,3,ASTRO__ALL_ORTHODOX_ELASTICNET_AUTO
V5DEV_005,0.8,3,3,ASTRO__ALL_ORTHODOX_ELASTICNET_AUTO
V5DEV_011,0.0,3,3,ASTRO__ALL_ORTHODOX_ELASTICNET_AUTO
V5DEV_029,0.0,3,3,ASTRO__ALL_ORTHODOX_ELASTICNET_AUTO
V5DEV_034,0.5,3,3,ASTRO__ALL_ORTHODOX_ELASTICNET_AUTO
V5DEV_040,0.0,3,3,ASTRO__ALL_ORTHODOX_ELASTICNET_AUTO
V5DEV_084,0.6666666666666666,3,3,ASTRO__ALL_ORTHODOX_ELASTICNET_AUTO
V5DEV_108,0.6666666666666666,3,3,ASTRO__ALL_ORTHODOX_ELASTICNET_AUTO
V5DEV_125,1.0,3,3,ASTRO__ALL_ORTHODOX_ELASTICNET_AUTO
V5DEV_156,1.0,3,3,ASTRO__ALL_ORTHODOX_ELASTICNET_AUTO
V5DEVE2_001,0.0,3,3,NPLUS__ALL_ORTHODOX_ELASTICNET_AUTO
V5DEVE2_009,1.0,3,3,NPLUS__ALL_ORTHODOX_ELASTICNET_AUTO
V5DEVE2_028,0.0,3,3,NPLUS__ALL_ORTHODOX_ELASTICNET_AUTO
V5DEVX_036,1.0,3,3,NPLUS__ALL_ORTHODOX_ELASTICNET_AUTO
V5DEVX_038,1.0,3,3,NPLUS__ALL_ORTHODOX_ELASTICNET_AUTO
V5DEVX_052,0.0,3,3,NPLUS__ALL_ORTHODOX_ELASTICNET_AUTO
V5DEVX_115,0.0,3,3,NPLUS__ALL_ORTHODOX_ELASTICNET_AUTO
V5DEVX_122,1.0,3,3,NPLUS__ALL_ORTHODOX_ELASTICNET_AUTO
V5DEVX_154,0.0,3,3,NPLUS__ALL_ORTHODOX_ELASTICNET_AUTO
V5DEV_001,0.0,3,3,NPLUS__ALL_ORTHODOX_ELASTICNET_AUTO
V5DEV_005,0.0,3,3,NPLUS__ALL_ORTHODOX_ELASTICNET_AUTO
V5DEV_011,0.0,3,3,NPLUS__ALL_ORTHODOX_ELASTICNET_AUTO
V5DEV_029,0.0,3,3,NPLUS__ALL_ORTHODOX_ELASTICNET_AUTO
V5DEV_034,0.0,3,3,NPLUS__ALL_ORTHODOX_ELASTICNET_AUTO
V5DEV_040,0.0,3,3,NPLUS__ALL_ORTHODOX_ELASTICNET_AUTO
V5DEV_084,0.0,3,3,NPLUS__ALL_ORTHODOX_ELASTICNET_AUTO
V5DEV_108,0.3333333333333333,3,3,NPLUS__ALL_ORTHODOX_ELASTICNET_AUTO
V5DEV_125,0.0,3,3,NPLUS__ALL_ORTHODOX_ELASTICNET_AUTO
V5DEV_156,1.0,3,3,NPLUS__ALL_ORTHODOX_ELASTICNET_AUTO
V5DEVE2_013,0.5,3,4,NUISANCE_ONLY
V5DEVE2_015,1.0,3,4,NUISANCE_ONLY
V5DEVE2_106,1.0,3,4,NUISANCE_ONLY
V5DEVE2_154,0.0,3,4,NUISANCE_ONLY
V5DEVX_007,0.0,3,4,NUISANCE_ONLY
V5DEVX_025,1.0,3,4,NUISANCE_ONLY
V5DEVX_049,1.0,3,4,NUISANCE_ONLY
V5DEVX_055,0.0,3,4,NUISANCE_ONLY
V5DEVX_066,1.0,3,4,NUISANCE_ONLY
V5DEVX_128,1.0,3,4,NUISANCE_ONLY
V5DEV_007,1.0,3,4,NUISANCE_ONLY
V5DEV_014,0.5,3,4,NUISANCE_ONLY
V5DEV_025,0.8,3,4,NUISANCE_ONLY
V5DEV_026,0.0,3,4,NUISANCE_ONLY
V5DEV_051,1.0,3,4,NUISANCE_ONLY
V5DEV_080,1.0,3,4,NUISANCE_ONLY
V5DEV_106,1.0,3,4,NUISANCE_ONLY
V5DEV_109,0.5,3,4,NUISANCE_ONLY
V5DEV_114,1.0,3,4,NUISANCE_ONLY
V5DEV_158,0.5,3,4,NUISANCE_ONLY
V5DEVE2_013,0.5,3,4,ASTRO__TG10_RIDGE_DIAGNOSTIC
V5DEVE2_015,0.0,3,4,ASTRO__TG10_RIDGE_DIAGNOSTIC
V5DEVE2_106,1.0,3,4,ASTRO__TG10_RIDGE_DIAGNOSTIC
V5DEVE2_154,0.0,3,4,ASTRO__TG10_RIDGE_DIAGNOSTIC
V5DEVX_007,0.0,3,4,ASTRO__TG10_RIDGE_DIAGNOSTIC
V5DEVX_025,0.0,3,4,ASTRO__TG10_RIDGE_DIAGNOSTIC
V5DEVX_049,0.5,3,4,ASTRO__TG10_RIDGE_DIAGNOSTIC
V5DEVX_055,0.5,3,4,ASTRO__TG10_RIDGE_DIAGNOSTIC
V5DEVX_066,1.0,3,4,ASTRO__TG10_RIDGE_DIAGNOSTIC
V5DEVX_128,0.0,3,4,ASTRO__TG10_RIDGE_DIAGNOSTIC
V5DEV_007,1.0,3,4,ASTRO__TG10_RIDGE_DIAGNOSTIC
V5DEV_014,0.75,3,4,ASTRO__TG10_RIDGE_DIAGNOSTIC
V5DEV_025,0.6,3,4,ASTRO__TG10_RIDGE_DIAGNOSTIC
V5DEV_026,0.0,3,4,ASTRO__TG10_RIDGE_DIAGNOSTIC
V5DEV_051,0.0,3,4,ASTRO__TG10_RIDGE_DIAGNOSTIC
V5DEV_080,1.0,3,4,ASTRO__TG10_RIDGE_DIAGNOSTIC
V5DEV_106,1.0,3,4,ASTRO__TG10_RIDGE_DIAGNOSTIC
V5DEV_109,0.0,3,4,ASTRO__TG10_RIDGE_DIAGNOSTIC
V5DEV_114,0.0,3,4,ASTRO__TG10_RIDGE_DIAGNOSTIC
V5DEV_158,1.0,3,4,ASTRO__TG10_RIDGE_DIAGNOSTIC
V5DEVE2_013,0.5,3,4,NPLUS__TG10_RIDGE_DIAGNOSTIC
V5DEVE2_015,1.0,3,4,NPLUS__TG10_RIDGE_DIAGNOSTIC
V5DEVE2_106,1.0,3,4,NPLUS__TG10_RIDGE_DIAGNOSTIC
V5DEVE2_154,0.0,3,4,NPLUS__TG10_RIDGE_DIAGNOSTIC
V5DEVX_007,0.0,3,4,NPLUS__TG10_RIDGE_DIAGNOSTIC
V5DEVX_025,0.0,3,4,NPLUS__TG10_RIDGE_DIAGNOSTIC
V5DEVX_049,0.5,3,4,NPLUS__TG10_RIDGE_DIAGNOSTIC
V5DEVX_055,0.0,3,4,NPLUS__TG10_RIDGE_DIAGNOSTIC
V5DEVX_066,1.0,3,4,NPLUS__TG10_RIDGE_DIAGNOSTIC
V5DEVX_128,1.0,3,4,NPLUS__TG10_RIDGE_DIAGNOSTIC
V5DEV_007,1.0,3,4,NPLUS__TG10_RIDGE_DIAGNOSTIC
V5DEV_014,0.75,3,4,NPLUS__TG10_RIDGE_DIAGNOSTIC
V5DEV_025,0.8,3,4,NPLUS__TG10_RIDGE_DIAGNOSTIC
V5DEV_026,0.0,3,4,NPLUS__TG10_RIDGE_DIAGNOSTIC
V5DEV_051,1.0,3,4,NPLUS__TG10_RIDGE_DIAGNOSTIC
V5DEV_080,1.0,3,4,NPLUS__TG10_RIDGE_DIAGNOSTIC
V5DEV_106,1.0,3,4,NPLUS__TG10_RIDGE_DIAGNOSTIC
V5DEV_109,0.5,3,4,NPLUS__TG10_RIDGE_DIAGNOSTIC
V5DEV_114,0.5,3,4,NPLUS__TG10_RIDGE_DIAGNOSTIC
V5DEV_158,1.0,3,4,NPLUS__TG10_RIDGE_DIAGNOSTIC
V5DEVE2_013,0.0,3,4,ASTRO__ALL_ORTHODOX_RIDGE_AUTO
V5DEVE2_015,0.0,3,4,ASTRO__ALL_ORTHODOX_RIDGE_AUTO
V5DEVE2_106,1.0,3,4,ASTRO__ALL_ORTHODOX_RIDGE_AUTO
V5DEVE2_154,0.0,3,4,ASTRO__ALL_ORTHODOX_RIDGE_AUTO
V5DEVX_007,1.0,3,4,ASTRO__ALL_ORTHODOX_RIDGE_AUTO
V5DEVX_025,0.0,3,4,ASTRO__ALL_ORTHODOX_RIDGE_AUTO
V5DEVX_049,0.75,3,4,ASTRO__ALL_ORTHODOX_RIDGE_AUTO
V5DEVX_055,0.5,3,4,ASTRO__ALL_ORTHODOX_RIDGE_AUTO
V5DEVX_066,1.0,3,4,ASTRO__ALL_ORTHODOX_RIDGE_AUTO
V5DEVX_128,0.0,3,4,ASTRO__ALL_ORTHODOX_RIDGE_AUTO
V5DEV_007,1.0,3,4,ASTRO__ALL_ORTHODOX_RIDGE_AUTO
V5DEV_014,0.75,3,4,ASTRO__ALL_ORTHODOX_RIDGE_AUTO
V5DEV_025,1.0,3,4,ASTRO__ALL_ORTHODOX_RIDGE_AUTO
V5DEV_026,1.0,3,4,ASTRO__ALL_ORTHODOX_RIDGE_AUTO
V5DEV_051,0.0,3,4,ASTRO__ALL_ORTHODOX_RIDGE_AUTO
V5DEV_080,1.0,3,4,ASTRO__ALL_ORTHODOX_RIDGE_AUTO
V5DEV_106,1.0,3,4,ASTRO__ALL_ORTHODOX_RIDGE_AUTO
V5DEV_109,0.5,3,4,ASTRO__ALL_ORTHODOX_RIDGE_AUTO
V5DEV_114,0.0,3,4,ASTRO__ALL_ORTHODOX_RIDGE_AUTO
V5DEV_158,0.5,3,4,ASTRO__ALL_ORTHODOX_RIDGE_AUTO
V5DEVE2_013,0.0,3,4,NPLUS__ALL_ORTHODOX_RIDGE_AUTO
V5DEVE2_015,1.0,3,4,NPLUS__ALL_ORTHODOX_RIDGE_AUTO
V5DEVE2_106,1.0,3,4,NPLUS__ALL_ORTHODOX_RIDGE_AUTO
V5DEVE2_154,0.0,3,4,NPLUS__ALL_ORTHODOX_RIDGE_AUTO
V5DEVX_007,1.0,3,4,NPLUS__ALL_ORTHODOX_RIDGE_AUTO
V5DEVX_025,0.0,3,4,NPLUS__ALL_ORTHODOX_RIDGE_AUTO
V5DEVX_049,0.5,3,4,NPLUS__ALL_ORTHODOX_RIDGE_AUTO
V5DEVX_055,0.0,3,4,NPLUS__ALL_ORTHODOX_RIDGE_AUTO
V5DEVX_066,1.0,3,4,NPLUS__ALL_ORTHODOX_RIDGE_AUTO
V5DEVX_128,1.0,3,4,NPLUS__ALL_ORTHODOX_RIDGE_AUTO
V5DEV_007,0.0,3,4,NPLUS__ALL_ORTHODOX_RIDGE_AUTO
V5DEV_014,0.75,3,4,NPLUS__ALL_ORTHODOX_RIDGE_AUTO
V5DEV_025,0.8,3,4,NPLUS__ALL_ORTHODOX_RIDGE_AUTO
V5DEV_026,1.0,3,4,NPLUS__ALL_ORTHODOX_RIDGE_AUTO
V5DEV_051,1.0,3,4,NPLUS__ALL_ORTHODOX_RIDGE_AUTO
V5DEV_080,1.0,3,4,NPLUS__ALL_ORTHODOX_RIDGE_AUTO
V5DEV_106,1.0,3,4,NPLUS__ALL_ORTHODOX_RIDGE_AUTO
V5DEV_109,0.5,3,4,NPLUS__ALL_ORTHODOX_RIDGE_AUTO
V5DEV_114,0.0,3,4,NPLUS__ALL_ORTHODOX_RIDGE_AUTO
V5DEV_158,0.5,3,4,NPLUS__ALL_ORTHODOX_RIDGE_AUTO
V5DEVE2_013,0.0,3,4,ASTRO__ALL_ORTHODOX_ELASTICNET_AUTO
V5DEVE2_015,0.0,3,4,ASTRO__ALL_ORTHODOX_ELASTICNET_AUTO
V5DEVE2_106,1.0,3,4,ASTRO__ALL_ORTHODOX_ELASTICNET_AUTO
V5DEVE2_154,0.0,3,4,ASTRO__ALL_ORTHODOX_ELASTICNET_AUTO
V5DEVX_007,1.0,3,4,ASTRO__ALL_ORTHODOX_ELASTICNET_AUTO
V5DEVX_025,0.0,3,4,ASTRO__ALL_ORTHODOX_ELASTICNET_AUTO
V5DEVX_049,0.75,3,4,ASTRO__ALL_ORTHODOX_ELASTICNET_AUTO
V5DEVX_055,0.5,3,4,ASTRO__ALL_ORTHODOX_ELASTICNET_AUTO
V5DEVX_066,1.0,3,4,ASTRO__ALL_ORTHODOX_ELASTICNET_AUTO
V5DEVX_128,0.0,3,4,ASTRO__ALL_ORTHODOX_ELASTICNET_AUTO
V5DEV_007,0.0,3,4,ASTRO__ALL_ORTHODOX_ELASTICNET_AUTO
V5DEV_014,0.75,3,4,ASTRO__ALL_ORTHODOX_ELASTICNET_AUTO
V5DEV_025,0.8,3,4,ASTRO__ALL_ORTHODOX_ELASTICNET_AUTO
V5DEV_026,0.3333333333333333,3,4,ASTRO__ALL_ORTHODOX_ELASTICNET_AUTO
V5DEV_051,1.0,3,4,ASTRO__ALL_ORTHODOX_ELASTICNET_AUTO
V5DEV_080,0.0,3,4,ASTRO__ALL_ORTHODOX_ELASTICNET_AUTO
V5DEV_106,1.0,3,4,ASTRO__ALL_ORTHODOX_ELASTICNET_AUTO
V5DEV_109,1.0,3,4,ASTRO__ALL_ORTHODOX_ELASTICNET_AUTO
V5DEV_114,0.0,3,4,ASTRO__ALL_ORTHODOX_ELASTICNET_AUTO
V5DEV_158,0.0,3,4,ASTRO__ALL_ORTHODOX_ELASTICNET_AUTO
V5DEVE2_013,0.5,3,4,NPLUS__ALL_ORTHODOX_ELASTICNET_AUTO
V5DEVE2_015,1.0,3,4,NPLUS__ALL_ORTHODOX_ELASTICNET_AUTO
V5DEVE2_106,1.0,3,4,NPLUS__ALL_ORTHODOX_ELASTICNET_AUTO
V5DEVE2_154,0.0,3,4,NPLUS__ALL_ORTHODOX_ELASTICNET_AUTO
V5DEVX_007,0.0,3,4,NPLUS__ALL_ORTHODOX_ELASTICNET_AUTO
V5DEVX_025,0.0,3,4,NPLUS__ALL_ORTHODOX_ELASTICNET_AUTO
V5DEVX_049,0.0,3,4,NPLUS__ALL_ORTHODOX_ELASTICNET_AUTO
V5DEVX_055,0.0,3,4,NPLUS__ALL_ORTHODOX_ELASTICNET_AUTO
V5DEVX_066,0.0,3,4,NPLUS__ALL_ORTHODOX_ELASTICNET_AUTO
V5DEVX_128,1.0,3,4,NPLUS__ALL_ORTHODOX_ELASTICNET_AUTO
V5DEV_007,0.0,3,4,NPLUS__ALL_ORTHODOX_ELASTICNET_AUTO
V5DEV_014,0.25,3,4,NPLUS__ALL_ORTHODOX_ELASTICNET_AUTO
V5DEV_025,0.0,3,4,NPLUS__ALL_ORTHODOX_ELASTICNET_AUTO
V5DEV_026,0.0,3,4,NPLUS__ALL_ORTHODOX_ELASTICNET_AUTO
V5DEV_051,1.0,3,4,NPLUS__ALL_ORTHODOX_ELASTICNET_AUTO
V5DEV_080,0.0,3,4,NPLUS__ALL_ORTHODOX_ELASTICNET_AUTO
V5DEV_106,1.0,3,4,NPLUS__ALL_ORTHODOX_ELASTICNET_AUTO
V5DEV_109,0.5,3,4,NPLUS__ALL_ORTHODOX_ELASTICNET_AUTO
V5DEV_114,1.0,3,4,NPLUS__ALL_ORTHODOX_ELASTICNET_AUTO
V5DEV_158,0.5,3,4,NPLUS__ALL_ORTHODOX_ELASTICNET_AUTO
V5DEVE2_007,1.0,4,0,NUISANCE_ONLY
V5DEVE2_015,1.0,4,0,NUISANCE_ONLY
V5DEVE2_115,1.0,4,0,NUISANCE_ONLY
V5DEVE2_154,0.0,4,0,NUISANCE_ONLY
V5DEVX_004,1.0,4,0,NUISANCE_ONLY
V5DEVX_017,1.0,4,0,NUISANCE_ONLY
V5DEVX_050,0.0,4,0,NUISANCE_ONLY
V5DEVX_055,0.0,4,0,NUISANCE_ONLY
V5DEVX_108,1.0,4,0,NUISANCE_ONLY
V5DEVX_128,1.0,4,0,NUISANCE_ONLY
V5DEVX_132,1.0,4,0,NUISANCE_ONLY
V5DEV_007,0.0,4,0,NUISANCE_ONLY
V5DEV_023,0.5,4,0,NUISANCE_ONLY
V5DEV_024,1.0,4,0,NUISANCE_ONLY
V5DEV_035,0.5,4,0,NUISANCE_ONLY
V5DEV_038,1.0,4,0,NUISANCE_ONLY
V5DEV_079,1.0,4,0,NUISANCE_ONLY
V5DEV_126,1.0,4,0,NUISANCE_ONLY
V5DEV_152,1.0,4,0,NUISANCE_ONLY
V5DEV_158,0.5,4,0,NUISANCE_ONLY
V5DEVE2_007,1.0,4,0,ASTRO__TG10_RIDGE_DIAGNOSTIC
V5DEVE2_015,1.0,4,0,ASTRO__TG10_RIDGE_DIAGNOSTIC
V5DEVE2_115,0.0,4,0,ASTRO__TG10_RIDGE_DIAGNOSTIC
V5DEVE2_154,1.0,4,0,ASTRO__TG10_RIDGE_DIAGNOSTIC
V5DEVX_004,0.3333333333333333,4,0,ASTRO__TG10_RIDGE_DIAGNOSTIC
V5DEVX_017,0.0,4,0,ASTRO__TG10_RIDGE_DIAGNOSTIC
V5DEVX_050,1.0,4,0,ASTRO__TG10_RIDGE_DIAGNOSTIC
V5DEVX_055,1.0,4,0,ASTRO__TG10_RIDGE_DIAGNOSTIC
V5DEVX_108,1.0,4,0,ASTRO__TG10_RIDGE_DIAGNOSTIC
V5DEVX_128,0.0,4,0,ASTRO__TG10_RIDGE_DIAGNOSTIC
V5DEVX_132,0.3333333333333333,4,0,ASTRO__TG10_RIDGE_DIAGNOSTIC
V5DEV_007,1.0,4,0,ASTRO__TG10_RIDGE_DIAGNOSTIC
V5DEV_023,0.0,4,0,ASTRO__TG10_RIDGE_DIAGNOSTIC
V5DEV_024,1.0,4,0,ASTRO__TG10_RIDGE_DIAGNOSTIC
V5DEV_035,0.5,4,0,ASTRO__TG10_RIDGE_DIAGNOSTIC
V5DEV_038,0.75,4,0,ASTRO__TG10_RIDGE_DIAGNOSTIC
V5DEV_079,1.0,4,0,ASTRO__TG10_RIDGE_DIAGNOSTIC
V5DEV_126,0.0,4,0,ASTRO__TG10_RIDGE_DIAGNOSTIC
V5DEV_152,1.0,4,0,ASTRO__TG10_RIDGE_DIAGNOSTIC
V5DEV_158,1.0,4,0,ASTRO__TG10_RIDGE_DIAGNOSTIC
V5DEVE2_007,1.0,4,0,NPLUS__TG10_RIDGE_DIAGNOSTIC
V5DEVE2_015,1.0,4,0,NPLUS__TG10_RIDGE_DIAGNOSTIC
V5DEVE2_115,0.0,4,0,NPLUS__TG10_RIDGE_DIAGNOSTIC
V5DEVE2_154,1.0,4,0,NPLUS__TG10_RIDGE_DIAGNOSTIC
V5DEVX_004,0.3333333333333333,4,0,NPLUS__TG10_RIDGE_DIAGNOSTIC
V5DEVX_017,1.0,4,0,NPLUS__TG10_RIDGE_DIAGNOSTIC
V5DEVX_050,1.0,4,0,NPLUS__TG10_RIDGE_DIAGNOSTIC
V5DEVX_055,0.5,4,0,NPLUS__TG10_RIDGE_DIAGNOSTIC
V5DEVX_108,1.0,4,0,NPLUS__TG10_RIDGE_DIAGNOSTIC
V5DEVX_128,1.0,4,0,NPLUS__TG10_RIDGE_DIAGNOSTIC
V5DEVX_132,0.6666666666666666,4,0,NPLUS__TG10_RIDGE_DIAGNOSTIC
V5DEV_007,1.0,4,0,NPLUS__TG10_RIDGE_DIAGNOSTIC
V5DEV_023,0.375,4,0,NPLUS__TG10_RIDGE_DIAGNOSTIC
V5DEV_024,0.0,4,0,NPLUS__TG10_RIDGE_DIAGNOSTIC
V5DEV_035,1.0,4,0,NPLUS__TG10_RIDGE_DIAGNOSTIC
V5DEV_038,0.25,4,0,NPLUS__TG10_RIDGE_DIAGNOSTIC
V5DEV_079,1.0,4,0,NPLUS__TG10_RIDGE_DIAGNOSTIC
V5DEV_126,0.0,4,0,NPLUS__TG10_RIDGE_DIAGNOSTIC
V5DEV_152,1.0,4,0,NPLUS__TG10_RIDGE_DIAGNOSTIC
V5DEV_158,0.5,4,0,NPLUS__TG10_RIDGE_DIAGNOSTIC
V5DEVE2_007,0.0,4,0,ASTRO__ALL_ORTHODOX_RIDGE_AUTO
V5DEVE2_015,1.0,4,0,ASTRO__ALL_ORTHODOX_RIDGE_AUTO
V5DEVE2_115,0.0,4,0,ASTRO__ALL_ORTHODOX_RIDGE_AUTO
V5DEVE2_154,1.0,4,0,ASTRO__ALL_ORTHODOX_RIDGE_AUTO
V5DEVX_004,0.6666666666666666,4,0,ASTRO__ALL_ORTHODOX_RIDGE_AUTO
V5DEVX_017,1.0,4,0,ASTRO__ALL_ORTHODOX_RIDGE_AUTO
V5DEVX_050,1.0,4,0,ASTRO__ALL_ORTHODOX_RIDGE_AUTO
V5DEVX_055,1.0,4,0,ASTRO__ALL_ORTHODOX_RIDGE_AUTO
V5DEVX_108,1.0,4,0,ASTRO__ALL_ORTHODOX_RIDGE_AUTO
V5DEVX_128,0.0,4,0,ASTRO__ALL_ORTHODOX_RIDGE_AUTO
V5DEVX_132,0.3333333333333333,4,0,ASTRO__ALL_ORTHODOX_RIDGE_AUTO
V5DEV_007,0.0,4,0,ASTRO__ALL_ORTHODOX_RIDGE_AUTO
V5DEV_023,0.0,4,0,ASTRO__ALL_ORTHODOX_RIDGE_AUTO
V5DEV_024,0.0,4,0,ASTRO__ALL_ORTHODOX_RIDGE_AUTO
V5DEV_035,0.5,4,0,ASTRO__ALL_ORTHODOX_RIDGE_AUTO
V5DEV_038,0.25,4,0,ASTRO__ALL_ORTHODOX_RIDGE_AUTO
V5DEV_079,1.0,4,0,ASTRO__ALL_ORTHODOX_RIDGE_AUTO
V5DEV_126,0.0,4,0,ASTRO__ALL_ORTHODOX_RIDGE_AUTO
V5DEV_152,1.0,4,0,ASTRO__ALL_ORTHODOX_RIDGE_AUTO
V5DEV_158,0.5,4,0,ASTRO__ALL_ORTHODOX_RIDGE_AUTO
V5DEVE2_007,0.5,4,0,NPLUS__ALL_ORTHODOX_RIDGE_AUTO
V5DEVE2_015,1.0,4,0,NPLUS__ALL_ORTHODOX_RIDGE_AUTO
V5DEVE2_115,1.0,4,0,NPLUS__ALL_ORTHODOX_RIDGE_AUTO
V5DEVE2_154,1.0,4,0,NPLUS__ALL_ORTHODOX_RIDGE_AUTO
V5DEVX_004,0.6666666666666666,4,0,NPLUS__ALL_ORTHODOX_RIDGE_AUTO
V5DEVX_017,1.0,4,0,NPLUS__ALL_ORTHODOX_RIDGE_AUTO
V5DEVX_050,1.0,4,0,NPLUS__ALL_ORTHODOX_RIDGE_AUTO
V5DEVX_055,1.0,4,0,NPLUS__ALL_ORTHODOX_RIDGE_AUTO
V5DEVX_108,1.0,4,0,NPLUS__ALL_ORTHODOX_RIDGE_AUTO
V5DEVX_128,0.0,4,0,NPLUS__ALL_ORTHODOX_RIDGE_AUTO
V5DEVX_132,0.6666666666666666,4,0,NPLUS__ALL_ORTHODOX_RIDGE_AUTO
V5DEV_007,0.0,4,0,NPLUS__ALL_ORTHODOX_RIDGE_AUTO
V5DEV_023,0.375,4,0,NPLUS__ALL_ORTHODOX_RIDGE_AUTO
V5DEV_024,0.0,4,0,NPLUS__ALL_ORTHODOX_RIDGE_AUTO
V5DEV_035,1.0,4,0,NPLUS__ALL_ORTHODOX_RIDGE_AUTO
V5DEV_038,0.25,4,0,NPLUS__ALL_ORTHODOX_RIDGE_AUTO
V5DEV_079,1.0,4,0,NPLUS__ALL_ORTHODOX_RIDGE_AUTO
V5DEV_126,1.0,4,0,NPLUS__ALL_ORTHODOX_RIDGE_AUTO
V5DEV_152,1.0,4,0,NPLUS__ALL_ORTHODOX_RIDGE_AUTO
V5DEV_158,0.5,4,0,NPLUS__ALL_ORTHODOX_RIDGE_AUTO
V5DEVE2_007,0.0,4,0,ASTRO__ALL_ORTHODOX_ELASTICNET_AUTO
V5DEVE2_015,1.0,4,0,ASTRO__ALL_ORTHODOX_ELASTICNET_AUTO
V5DEVE2_115,1.0,4,0,ASTRO__ALL_ORTHODOX_ELASTICNET_AUTO
V5DEVE2_154,1.0,4,0,ASTRO__ALL_ORTHODOX_ELASTICNET_AUTO
V5DEVX_004,0.6666666666666666,4,0,ASTRO__ALL_ORTHODOX_ELASTICNET_AUTO
V5DEVX_017,1.0,4,0,ASTRO__ALL_ORTHODOX_ELASTICNET_AUTO
V5DEVX_050,1.0,4,0,ASTRO__ALL_ORTHODOX_ELASTICNET_AUTO
V5DEVX_055,1.0,4,0,ASTRO__ALL_ORTHODOX_ELASTICNET_AUTO
V5DEVX_108,1.0,4,0,ASTRO__ALL_ORTHODOX_ELASTICNET_AUTO
V5DEVX_128,0.0,4,0,ASTRO__ALL_ORTHODOX_ELASTICNET_AUTO
V5DEVX_132,1.0,4,0,ASTRO__ALL_ORTHODOX_ELASTICNET_AUTO
V5DEV_007,0.0,4,0,ASTRO__ALL_ORTHODOX_ELASTICNET_AUTO
V5DEV_023,0.125,4,0,ASTRO__ALL_ORTHODOX_ELASTICNET_AUTO
V5DEV_024,0.0,4,0,ASTRO__ALL_ORTHODOX_ELASTICNET_AUTO
V5DEV_035,1.0,4,0,ASTRO__ALL_ORTHODOX_ELASTICNET_AUTO
V5DEV_038,0.5,4,0,ASTRO__ALL_ORTHODOX_ELASTICNET_AUTO
V5DEV_079,1.0,4,0,ASTRO__ALL_ORTHODOX_ELASTICNET_AUTO
V5DEV_126,0.0,4,0,ASTRO__ALL_ORTHODOX_ELASTICNET_AUTO
V5DEV_152,1.0,4,0,ASTRO__ALL_ORTHODOX_ELASTICNET_AUTO
V5DEV_158,0.5,4,0,ASTRO__ALL_ORTHODOX_ELASTICNET_AUTO
V5DEVE2_007,1.0,4,0,NPLUS__ALL_ORTHODOX_ELASTICNET_AUTO
V5DEVE2_015,1.0,4,0,NPLUS__ALL_ORTHODOX_ELASTICNET_AUTO
V5DEVE2_115,1.0,4,0,NPLUS__ALL_ORTHODOX_ELASTICNET_AUTO
V5DEVE2_154,1.0,4,0,NPLUS__ALL_ORTHODOX_ELASTICNET_AUTO
V5DEVX_004,1.0,4,0,NPLUS__ALL_ORTHODOX_ELASTICNET_AUTO
V5DEVX_017,1.0,4,0,NPLUS__ALL_ORTHODOX_ELASTICNET_AUTO
V5DEVX_050,1.0,4,0,NPLUS__ALL_ORTHODOX_ELASTICNET_AUTO
V5DEVX_055,1.0,4,0,NPLUS__ALL_ORTHODOX_ELASTICNET_AUTO
V5DEVX_108,1.0,4,0,NPLUS__ALL_ORTHODOX_ELASTICNET_AUTO
V5DEVX_128,1.0,4,0,NPLUS__ALL_ORTHODOX_ELASTICNET_AUTO
V5DEVX_132,1.0,4,0,NPLUS__ALL_ORTHODOX_ELASTICNET_AUTO
V5DEV_007,1.0,4,0,NPLUS__ALL_ORTHODOX_ELASTICNET_AUTO
V5DEV_023,1.0,4,0,NPLUS__ALL_ORTHODOX_ELASTICNET_AUTO
V5DEV_024,1.0,4,0,NPLUS__ALL_ORTHODOX_ELASTICNET_AUTO
V5DEV_035,1.0,4,0,NPLUS__ALL_ORTHODOX_ELASTICNET_AUTO
V5DEV_038,1.0,4,0,NPLUS__ALL_ORTHODOX_ELASTICNET_AUTO
V5DEV_079,1.0,4,0,NPLUS__ALL_ORTHODOX_ELASTICNET_AUTO
V5DEV_126,1.0,4,0,NPLUS__ALL_ORTHODOX_ELASTICNET_AUTO
V5DEV_152,1.0,4,0,NPLUS__ALL_ORTHODOX_ELASTICNET_AUTO
V5DEV_158,1.0,4,0,NPLUS__ALL_ORTHODOX_ELASTICNET_AUTO
V5DEVE2_009,1.0,4,1,NUISANCE_ONLY
V5DEVE2_022,0.5,4,1,NUISANCE_ONLY
V5DEVE2_028,1.0,4,1,NUISANCE_ONLY
V5DEVE2_061,1.0,4,1,NUISANCE_ONLY
V5DEVX_008,1.0,4,1,NUISANCE_ONLY
V5DEVX_010,0.5,4,1,NUISANCE_ONLY
V5DEVX_038,1.0,4,1,NUISANCE_ONLY
V5DEVX_089,0.6666666666666666,4,1,NUISANCE_ONLY
V5DEVX_122,1.0,4,1,NUISANCE_ONLY
V5DEV_008,0.5,4,1,NUISANCE_ONLY
V5DEV_013,0.5,4,1,NUISANCE_ONLY
V5DEV_028,1.0,4,1,NUISANCE_ONLY
V5DEV_030,0.14285714285714285,4,1,NUISANCE_ONLY
V5DEV_034,0.5,4,1,NUISANCE_ONLY
V5DEV_040,1.0,4,1,NUISANCE_ONLY
V5DEV_064,1.0,4,1,NUISANCE_ONLY
V5DEV_117,0.6666666666666666,4,1,NUISANCE_ONLY
V5DEV_138,0.5,4,1,NUISANCE_ONLY
V5DEV_156,1.0,4,1,NUISANCE_ONLY
V5DEVE2_009,0.0,4,1,ASTRO__TG10_RIDGE_DIAGNOSTIC
V5DEVE2_022,0.5,4,1,ASTRO__TG10_RIDGE_DIAGNOSTIC
V5DEVE2_028,1.0,4,1,ASTRO__TG10_RIDGE_DIAGNOSTIC
V5DEVE2_061,1.0,4,1,ASTRO__TG10_RIDGE_DIAGNOSTIC
V5DEVX_008,0.5,4,1,ASTRO__TG10_RIDGE_DIAGNOSTIC
V5DEVX_010,0.5,4,1,ASTRO__TG10_RIDGE_DIAGNOSTIC
V5DEVX_038,0.0,4,1,ASTRO__TG10_RIDGE_DIAGNOSTIC
V5DEVX_089,0.0,4,1,ASTRO__TG10_RIDGE_DIAGNOSTIC
V5DEVX_122,1.0,4,1,ASTRO__TG10_RIDGE_DIAGNOSTIC
V5DEV_008,1.0,4,1,ASTRO__TG10_RIDGE_DIAGNOSTIC
V5DEV_013,0.0,4,1,ASTRO__TG10_RIDGE_DIAGNOSTIC
V5DEV_028,0.0,4,1,ASTRO__TG10_RIDGE_DIAGNOSTIC
V5DEV_030,0.2857142857142857,4,1,ASTRO__TG10_RIDGE_DIAGNOSTIC
V5DEV_034,0.5,4,1,ASTRO__TG10_RIDGE_DIAGNOSTIC
V5DEV_040,1.0,4,1,ASTRO__TG10_RIDGE_DIAGNOSTIC
V5DEV_064,0.0,4,1,ASTRO__TG10_RIDGE_DIAGNOSTIC
V5DEV_117,0.3333333333333333,4,1,ASTRO__TG10_RIDGE_DIAGNOSTIC
V5DEV_138,1.0,4,1,ASTRO__TG10_RIDGE_DIAGNOSTIC
V5DEV_156,1.0,4,1,ASTRO__TG10_RIDGE_DIAGNOSTIC
V5DEVE2_009,1.0,4,1,NPLUS__TG10_RIDGE_DIAGNOSTIC
V5DEVE2_022,0.0,4,1,NPLUS__TG10_RIDGE_DIAGNOSTIC
V5DEVE2_028,1.0,4,1,NPLUS__TG10_RIDGE_DIAGNOSTIC
V5DEVE2_061,1.0,4,1,NPLUS__TG10_RIDGE_DIAGNOSTIC
V5DEVX_008,0.5,4,1,NPLUS__TG10_RIDGE_DIAGNOSTIC
V5DEVX_010,0.75,4,1,NPLUS__TG10_RIDGE_DIAGNOSTIC
V5DEVX_038,1.0,4,1,NPLUS__TG10_RIDGE_DIAGNOSTIC
V5DEVX_089,0.3333333333333333,4,1,NPLUS__TG10_RIDGE_DIAGNOSTIC
V5DEVX_122,1.0,4,1,NPLUS__TG10_RIDGE_DIAGNOSTIC
V5DEV_008,1.0,4,1,NPLUS__TG10_RIDGE_DIAGNOSTIC
V5DEV_013,0.0,4,1,NPLUS__TG10_RIDGE_DIAGNOSTIC
V5DEV_028,0.0,4,1,NPLUS__TG10_RIDGE_DIAGNOSTIC
V5DEV_030,0.42857142857142855,4,1,NPLUS__TG10_RIDGE_DIAGNOSTIC
V5DEV_034,0.5,4,1,NPLUS__TG10_RIDGE_DIAGNOSTIC
V5DEV_040,1.0,4,1,NPLUS__TG10_RIDGE_DIAGNOSTIC
V5DEV_064,1.0,4,1,NPLUS__TG10_RIDGE_DIAGNOSTIC
V5DEV_117,0.6666666666666666,4,1,NPLUS__TG10_RIDGE_DIAGNOSTIC
V5DEV_138,1.0,4,1,NPLUS__TG10_RIDGE_DIAGNOSTIC
V5DEV_156,1.0,4,1,NPLUS__TG10_RIDGE_DIAGNOSTIC
V5DEVE2_009,0.0,4,1,ASTRO__ALL_ORTHODOX_RIDGE_AUTO
V5DEVE2_022,0.5,4,1,ASTRO__ALL_ORTHODOX_RIDGE_AUTO
V5DEVE2_028,0.0,4,1,ASTRO__ALL_ORTHODOX_RIDGE_AUTO
V5DEVE2_061,1.0,4,1,ASTRO__ALL_ORTHODOX_RIDGE_AUTO
V5DEVX_008,0.5,4,1,ASTRO__ALL_ORTHODOX_RIDGE_AUTO
V5DEVX_010,0.5,4,1,ASTRO__ALL_ORTHODOX_RIDGE_AUTO
V5DEVX_038,1.0,4,1,ASTRO__ALL_ORTHODOX_RIDGE_AUTO
V5DEVX_089,0.0,4,1,ASTRO__ALL_ORTHODOX_RIDGE_AUTO
V5DEVX_122,1.0,4,1,ASTRO__ALL_ORTHODOX_RIDGE_AUTO
V5DEV_008,1.0,4,1,ASTRO__ALL_ORTHODOX_RIDGE_AUTO
V5DEV_013,0.0,4,1,ASTRO__ALL_ORTHODOX_RIDGE_AUTO
V5DEV_028,0.0,4,1,ASTRO__ALL_ORTHODOX_RIDGE_AUTO
V5DEV_030,0.14285714285714285,4,1,ASTRO__ALL_ORTHODOX_RIDGE_AUTO
V5DEV_034,0.5,4,1,ASTRO__ALL_ORTHODOX_RIDGE_AUTO
V5DEV_040,1.0,4,1,ASTRO__ALL_ORTHODOX_RIDGE_AUTO
V5DEV_064,0.0,4,1,ASTRO__ALL_ORTHODOX_RIDGE_AUTO
V5DEV_117,0.6666666666666666,4,1,ASTRO__ALL_ORTHODOX_RIDGE_AUTO
V5DEV_138,1.0,4,1,ASTRO__ALL_ORTHODOX_RIDGE_AUTO
V5DEV_156,1.0,4,1,ASTRO__ALL_ORTHODOX_RIDGE_AUTO
V5DEVE2_009,1.0,4,1,NPLUS__ALL_ORTHODOX_RIDGE_AUTO
V5DEVE2_022,0.5,4,1,NPLUS__ALL_ORTHODOX_RIDGE_AUTO
V5DEVE2_028,1.0,4,1,NPLUS__ALL_ORTHODOX_RIDGE_AUTO
V5DEVE2_061,1.0,4,1,NPLUS__ALL_ORTHODOX_RIDGE_AUTO
V5DEVX_008,1.0,4,1,NPLUS__ALL_ORTHODOX_RIDGE_AUTO
V5DEVX_010,0.5,4,1,NPLUS__ALL_ORTHODOX_RIDGE_AUTO
V5DEVX_038,1.0,4,1,NPLUS__ALL_ORTHODOX_RIDGE_AUTO
V5DEVX_089,0.0,4,1,NPLUS__ALL_ORTHODOX_RIDGE_AUTO
V5DEVX_122,1.0,4,1,NPLUS__ALL_ORTHODOX_RIDGE_AUTO
V5DEV_008,1.0,4,1,NPLUS__ALL_ORTHODOX_RIDGE_AUTO
V5DEV_013,0.0,4,1,NPLUS__ALL_ORTHODOX_RIDGE_AUTO
V5DEV_028,0.0,4,1,NPLUS__ALL_ORTHODOX_RIDGE_AUTO
V5DEV_030,0.2857142857142857,4,1,NPLUS__ALL_ORTHODOX_RIDGE_AUTO
V5DEV_034,0.5,4,1,NPLUS__ALL_ORTHODOX_RIDGE_AUTO
V5DEV_040,1.0,4,1,NPLUS__ALL_ORTHODOX_RIDGE_AUTO
V5DEV_064,1.0,4,1,NPLUS__ALL_ORTHODOX_RIDGE_AUTO
V5DEV_117,0.6666666666666666,4,1,NPLUS__ALL_ORTHODOX_RIDGE_AUTO
V5DEV_138,1.0,4,1,NPLUS__ALL_ORTHODOX_RIDGE_AUTO
V5DEV_156,1.0,4,1,NPLUS__ALL_ORTHODOX_RIDGE_AUTO
V5DEVE2_009,0.0,4,1,ASTRO__ALL_ORTHODOX_ELASTICNET_AUTO
V5DEVE2_022,0.5,4,1,ASTRO__ALL_ORTHODOX_ELASTICNET_AUTO
V5DEVE2_028,0.0,4,1,ASTRO__ALL_ORTHODOX_ELASTICNET_AUTO
V5DEVE2_061,1.0,4,1,ASTRO__ALL_ORTHODOX_ELASTICNET_AUTO
V5DEVX_008,0.0,4,1,ASTRO__ALL_ORTHODOX_ELASTICNET_AUTO
V5DEVX_010,0.5,4,1,ASTRO__ALL_ORTHODOX_ELASTICNET_AUTO
V5DEVX_038,0.0,4,1,ASTRO__ALL_ORTHODOX_ELASTICNET_AUTO
V5DEVX_089,0.0,4,1,ASTRO__ALL_ORTHODOX_ELASTICNET_AUTO
V5DEVX_122,1.0,4,1,ASTRO__ALL_ORTHODOX_ELASTICNET_AUTO
V5DEV_008,1.0,4,1,ASTRO__ALL_ORTHODOX_ELASTICNET_AUTO
V5DEV_013,0.0,4,1,ASTRO__ALL_ORTHODOX_ELASTICNET_AUTO
V5DEV_028,0.0,4,1,ASTRO__ALL_ORTHODOX_ELASTICNET_AUTO
V5DEV_030,0.0,4,1,ASTRO__ALL_ORTHODOX_ELASTICNET_AUTO
V5DEV_034,1.0,4,1,ASTRO__ALL_ORTHODOX_ELASTICNET_AUTO
V5DEV_040,1.0,4,1,ASTRO__ALL_ORTHODOX_ELASTICNET_AUTO
V5DEV_064,0.0,4,1,ASTRO__ALL_ORTHODOX_ELASTICNET_AUTO
V5DEV_117,0.6666666666666666,4,1,ASTRO__ALL_ORTHODOX_ELASTICNET_AUTO
V5DEV_138,1.0,4,1,ASTRO__ALL_ORTHODOX_ELASTICNET_AUTO
V5DEV_156,1.0,4,1,ASTRO__ALL_ORTHODOX_ELASTICNET_AUTO
V5DEVE2_009,1.0,4,1,NPLUS__ALL_ORTHODOX_ELASTICNET_AUTO
V5DEVE2_022,0.0,4,1,NPLUS__ALL_ORTHODOX_ELASTICNET_AUTO
V5DEVE2_028,0.0,4,1,NPLUS__ALL_ORTHODOX_ELASTICNET_AUTO
V5DEVE2_061,1.0,4,1,NPLUS__ALL_ORTHODOX_ELASTICNET_AUTO
V5DEVX_008,0.0,4,1,NPLUS__ALL_ORTHODOX_ELASTICNET_AUTO
V5DEVX_010,0.5,4,1,NPLUS__ALL_ORTHODOX_ELASTICNET_AUTO
V5DEVX_038,1.0,4,1,NPLUS__ALL_ORTHODOX_ELASTICNET_AUTO
V5DEVX_089,0.6666666666666666,4,1,NPLUS__ALL_ORTHODOX_ELASTICNET_AUTO
V5DEVX_122,1.0,4,1,NPLUS__ALL_ORTHODOX_ELASTICNET_AUTO
V5DEV_008,1.0,4,1,NPLUS__ALL_ORTHODOX_ELASTICNET_AUTO
V5DEV_013,0.0,4,1,NPLUS__ALL_ORTHODOX_ELASTICNET_AUTO
V5DEV_028,0.0,4,1,NPLUS__ALL_ORTHODOX_ELASTICNET_AUTO
V5DEV_030,0.14285714285714285,4,1,NPLUS__ALL_ORTHODOX_ELASTICNET_AUTO
V5DEV_034,1.0,4,1,NPLUS__ALL_ORTHODOX_ELASTICNET_AUTO
V5DEV_040,1.0,4,1,NPLUS__ALL_ORTHODOX_ELASTICNET_AUTO
V5DEV_064,1.0,4,1,NPLUS__ALL_ORTHODOX_ELASTICNET_AUTO
V5DEV_117,0.6666666666666666,4,1,NPLUS__ALL_ORTHODOX_ELASTICNET_AUTO
V5DEV_138,0.5,4,1,NPLUS__ALL_ORTHODOX_ELASTICNET_AUTO
V5DEV_156,1.0,4,1,NPLUS__ALL_ORTHODOX_ELASTICNET_AUTO
V5DEVE2_013,0.5,4,2,NUISANCE_ONLY
V5DEVE2_027,1.0,4,2,NUISANCE_ONLY
V5DEVE2_080,1.0,4,2,NUISANCE_ONLY
V5DEVE2_083,1.0,4,2,NUISANCE_ONLY
V5DEVX_007,0.0,4,2,NUISANCE_ONLY
V5DEVX_036,1.0,4,2,NUISANCE_ONLY
V5DEVX_048,1.0,4,2,NUISANCE_ONLY
V5DEVX_052,1.0,4,2,NUISANCE_ONLY
V5DEVX_115,0.5,4,2,NUISANCE_ONLY
V5DEVX_154,0.6666666666666666,4,2,NUISANCE_ONLY
V5DEV_005,0.6,4,2,NUISANCE_ONLY
V5DEV_010,0.0,4,2,NUISANCE_ONLY
V5DEV_015,0.0,4,2,NUISANCE_ONLY
V5DEV_020,0.0,4,2,NUISANCE_ONLY
V5DEV_031,1.0,4,2,NUISANCE_ONLY
V5DEV_039,0.0,4,2,NUISANCE_ONLY
V5DEV_084,1.0,4,2,NUISANCE_ONLY
V5DEV_106,1.0,4,2,NUISANCE_ONLY
V5DEV_109,0.5,4,2,NUISANCE_ONLY
V5DEV_114,1.0,4,2,NUISANCE_ONLY
V5DEV_121,1.0,4,2,NUISANCE_ONLY
V5DEVE2_013,0.5,4,2,ASTRO__TG10_RIDGE_DIAGNOSTIC
V5DEVE2_027,0.0,4,2,ASTRO__TG10_RIDGE_DIAGNOSTIC
V5DEVE2_080,1.0,4,2,ASTRO__TG10_RIDGE_DIAGNOSTIC
V5DEVE2_083,1.0,4,2,ASTRO__TG10_RIDGE_DIAGNOSTIC
V5DEVX_007,1.0,4,2,ASTRO__TG10_RIDGE_DIAGNOSTIC
V5DEVX_036,1.0,4,2,ASTRO__TG10_RIDGE_DIAGNOSTIC
V5DEVX_048,0.0,4,2,ASTRO__TG10_RIDGE_DIAGNOSTIC
V5DEVX_052,1.0,4,2,ASTRO__TG10_RIDGE_DIAGNOSTIC
V5DEVX_115,0.0,4,2,ASTRO__TG10_RIDGE_DIAGNOSTIC
V5DEVX_154,0.5,4,2,ASTRO__TG10_RIDGE_DIAGNOSTIC
V5DEV_005,0.8,4,2,ASTRO__TG10_RIDGE_DIAGNOSTIC
V5DEV_010,1.0,4,2,ASTRO__TG10_RIDGE_DIAGNOSTIC
V5DEV_015,1.0,4,2,ASTRO__TG10_RIDGE_DIAGNOSTIC
V5DEV_020,0.0,4,2,ASTRO__TG10_RIDGE_DIAGNOSTIC
V5DEV_031,0.0,4,2,ASTRO__TG10_RIDGE_DIAGNOSTIC
V5DEV_039,1.0,4,2,ASTRO__TG10_RIDGE_DIAGNOSTIC
V5DEV_084,0.3333333333333333,4,2,ASTRO__TG10_RIDGE_DIAGNOSTIC
V5DEV_106,1.0,4,2,ASTRO__TG10_RIDGE_DIAGNOSTIC
V5DEV_109,0.0,4,2,ASTRO__TG10_RIDGE_DIAGNOSTIC
V5DEV_114,0.0,4,2,ASTRO__TG10_RIDGE_DIAGNOSTIC
V5DEV_121,1.0,4,2,ASTRO__TG10_RIDGE_DIAGNOSTIC
V5DEVE2_013,0.5,4,2,NPLUS__TG10_RIDGE_DIAGNOSTIC
V5DEVE2_027,1.0,4,2,NPLUS__TG10_RIDGE_DIAGNOSTIC
V5DEVE2_080,1.0,4,2,NPLUS__TG10_RIDGE_DIAGNOSTIC
V5DEVE2_083,1.0,4,2,NPLUS__TG10_RIDGE_DIAGNOSTIC
V5DEVX_007,0.0,4,2,NPLUS__TG10_RIDGE_DIAGNOSTIC
V5DEVX_036,1.0,4,2,NPLUS__TG10_RIDGE_DIAGNOSTIC
V5DEVX_048,0.0,4,2,NPLUS__TG10_RIDGE_DIAGNOSTIC
V5DEVX_052,1.0,4,2,NPLUS__TG10_RIDGE_DIAGNOSTIC
V5DEVX_115,0.5,4,2,NPLUS__TG10_RIDGE_DIAGNOSTIC
V5DEVX_154,0.6666666666666666,4,2,NPLUS__TG10_RIDGE_DIAGNOSTIC
V5DEV_005,0.8,4,2,NPLUS__TG10_RIDGE_DIAGNOSTIC
V5DEV_010,1.0,4,2,NPLUS__TG10_RIDGE_DIAGNOSTIC
V5DEV_015,1.0,4,2,NPLUS__TG10_RIDGE_DIAGNOSTIC
V5DEV_020,0.0,4,2,NPLUS__TG10_RIDGE_DIAGNOSTIC
V5DEV_031,0.0,4,2,NPLUS__TG10_RIDGE_DIAGNOSTIC
V5DEV_039,1.0,4,2,NPLUS__TG10_RIDGE_DIAGNOSTIC
V5DEV_084,0.3333333333333333,4,2,NPLUS__TG10_RIDGE_DIAGNOSTIC
V5DEV_106,1.0,4,2,NPLUS__TG10_RIDGE_DIAGNOSTIC
V5DEV_109,0.5,4,2,NPLUS__TG10_RIDGE_DIAGNOSTIC
V5DEV_114,0.0,4,2,NPLUS__TG10_RIDGE_DIAGNOSTIC
V5DEV_121,1.0,4,2,NPLUS__TG10_RIDGE_DIAGNOSTIC
V5DEVE2_013,0.0,4,2,ASTRO__ALL_ORTHODOX_RIDGE_AUTO
V5DEVE2_027,0.0,4,2,ASTRO__ALL_ORTHODOX_RIDGE_AUTO
V5DEVE2_080,1.0,4,2,ASTRO__ALL_ORTHODOX_RIDGE_AUTO
V5DEVE2_083,1.0,4,2,ASTRO__ALL_ORTHODOX_RIDGE_AUTO
V5DEVX_007,1.0,4,2,ASTRO__ALL_ORTHODOX_RIDGE_AUTO
V5DEVX_036,1.0,4,2,ASTRO__ALL_ORTHODOX_RIDGE_AUTO
V5DEVX_048,1.0,4,2,ASTRO__ALL_ORTHODOX_RIDGE_AUTO
V5DEVX_052,1.0,4,2,ASTRO__ALL_ORTHODOX_RIDGE_AUTO
V5DEVX_115,1.0,4,2,ASTRO__ALL_ORTHODOX_RIDGE_AUTO
V5DEVX_154,0.6666666666666666,4,2,ASTRO__ALL_ORTHODOX_RIDGE_AUTO
V5DEV_005,0.4,4,2,ASTRO__ALL_ORTHODOX_RIDGE_AUTO
V5DEV_010,1.0,4,2,ASTRO__ALL_ORTHODOX_RIDGE_AUTO
V5DEV_015,1.0,4,2,ASTRO__ALL_ORTHODOX_RIDGE_AUTO
V5DEV_020,0.0,4,2,ASTRO__ALL_ORTHODOX_RIDGE_AUTO
V5DEV_031,1.0,4,2,ASTRO__ALL_ORTHODOX_RIDGE_AUTO
V5DEV_039,0.0,4,2,ASTRO__ALL_ORTHODOX_RIDGE_AUTO
V5DEV_084,0.6666666666666666,4,2,ASTRO__ALL_ORTHODOX_RIDGE_AUTO
V5DEV_106,1.0,4,2,ASTRO__ALL_ORTHODOX_RIDGE_AUTO
V5DEV_109,1.0,4,2,ASTRO__ALL_ORTHODOX_RIDGE_AUTO
V5DEV_114,0.0,4,2,ASTRO__ALL_ORTHODOX_RIDGE_AUTO
V5DEV_121,1.0,4,2,ASTRO__ALL_ORTHODOX_RIDGE_AUTO
V5DEVE2_013,0.0,4,2,NPLUS__ALL_ORTHODOX_RIDGE_AUTO
V5DEVE2_027,1.0,4,2,NPLUS__ALL_ORTHODOX_RIDGE_AUTO
V5DEVE2_080,1.0,4,2,NPLUS__ALL_ORTHODOX_RIDGE_AUTO
V5DEVE2_083,1.0,4,2,NPLUS__ALL_ORTHODOX_RIDGE_AUTO
V5DEVX_007,1.0,4,2,NPLUS__ALL_ORTHODOX_RIDGE_AUTO
V5DEVX_036,1.0,4,2,NPLUS__ALL_ORTHODOX_RIDGE_AUTO
V5DEVX_048,1.0,4,2,NPLUS__ALL_ORTHODOX_RIDGE_AUTO
V5DEVX_052,1.0,4,2,NPLUS__ALL_ORTHODOX_RIDGE_AUTO
V5DEVX_115,1.0,4,2,NPLUS__ALL_ORTHODOX_RIDGE_AUTO
V5DEVX_154,0.6666666666666666,4,2,NPLUS__ALL_ORTHODOX_RIDGE_AUTO
V5DEV_005,0.8,4,2,NPLUS__ALL_ORTHODOX_RIDGE_AUTO
V5DEV_010,1.0,4,2,NPLUS__ALL_ORTHODOX_RIDGE_AUTO
V5DEV_015,1.0,4,2,NPLUS__ALL_ORTHODOX_RIDGE_AUTO
V5DEV_020,0.0,4,2,NPLUS__ALL_ORTHODOX_RIDGE_AUTO
V5DEV_031,1.0,4,2,NPLUS__ALL_ORTHODOX_RIDGE_AUTO
V5DEV_039,0.6666666666666666,4,2,NPLUS__ALL_ORTHODOX_RIDGE_AUTO
V5DEV_084,0.6666666666666666,4,2,NPLUS__ALL_ORTHODOX_RIDGE_AUTO
V5DEV_106,1.0,4,2,NPLUS__ALL_ORTHODOX_RIDGE_AUTO
V5DEV_109,0.5,4,2,NPLUS__ALL_ORTHODOX_RIDGE_AUTO
V5DEV_114,0.0,4,2,NPLUS__ALL_ORTHODOX_RIDGE_AUTO
V5DEV_121,1.0,4,2,NPLUS__ALL_ORTHODOX_RIDGE_AUTO
V5DEVE2_013,1.0,4,2,ASTRO__ALL_ORTHODOX_ELASTICNET_AUTO
V5DEVE2_027,1.0,4,2,ASTRO__ALL_ORTHODOX_ELASTICNET_AUTO
V5DEVE2_080,1.0,4,2,ASTRO__ALL_ORTHODOX_ELASTICNET_AUTO
V5DEVE2_083,1.0,4,2,ASTRO__ALL_ORTHODOX_ELASTICNET_AUTO
V5DEVX_007,1.0,4,2,ASTRO__ALL_ORTHODOX_ELASTICNET_AUTO
V5DEVX_036,1.0,4,2,ASTRO__ALL_ORTHODOX_ELASTICNET_AUTO
V5DEVX_048,1.0,4,2,ASTRO__ALL_ORTHODOX_ELASTICNET_AUTO
V5DEVX_052,1.0,4,2,ASTRO__ALL_ORTHODOX_ELASTICNET_AUTO
V5DEVX_115,1.0,4,2,ASTRO__ALL_ORTHODOX_ELASTICNET_AUTO
V5DEVX_154,1.0,4,2,ASTRO__ALL_ORTHODOX_ELASTICNET_AUTO
V5DEV_005,1.0,4,2,ASTRO__ALL_ORTHODOX_ELASTICNET_AUTO
V5DEV_010,1.0,4,2,ASTRO__ALL_ORTHODOX_ELASTICNET_AUTO
V5DEV_015,1.0,4,2,ASTRO__ALL_ORTHODOX_ELASTICNET_AUTO
V5DEV_020,1.0,4,2,ASTRO__ALL_ORTHODOX_ELASTICNET_AUTO
V5DEV_031,1.0,4,2,ASTRO__ALL_ORTHODOX_ELASTICNET_AUTO
V5DEV_039,1.0,4,2,ASTRO__ALL_ORTHODOX_ELASTICNET_AUTO
V5DEV_084,1.0,4,2,ASTRO__ALL_ORTHODOX_ELASTICNET_AUTO
V5DEV_106,1.0,4,2,ASTRO__ALL_ORTHODOX_ELASTICNET_AUTO
V5DEV_109,1.0,4,2,ASTRO__ALL_ORTHODOX_ELASTICNET_AUTO
V5DEV_114,1.0,4,2,ASTRO__ALL_ORTHODOX_ELASTICNET_AUTO
V5DEV_121,1.0,4,2,ASTRO__ALL_ORTHODOX_ELASTICNET_AUTO
V5DEVE2_013,0.5,4,2,NPLUS__ALL_ORTHODOX_ELASTICNET_AUTO
V5DEVE2_027,1.0,4,2,NPLUS__ALL_ORTHODOX_ELASTICNET_AUTO
V5DEVE2_080,1.0,4,2,NPLUS__ALL_ORTHODOX_ELASTICNET_AUTO
V5DEVE2_083,1.0,4,2,NPLUS__ALL_ORTHODOX_ELASTICNET_AUTO
V5DEVX_007,1.0,4,2,NPLUS__ALL_ORTHODOX_ELASTICNET_AUTO
V5DEVX_036,1.0,4,2,NPLUS__ALL_ORTHODOX_ELASTICNET_AUTO
V5DEVX_048,1.0,4,2,NPLUS__ALL_ORTHODOX_ELASTICNET_AUTO
V5DEVX_052,1.0,4,2,NPLUS__ALL_ORTHODOX_ELASTICNET_AUTO
V5DEVX_115,1.0,4,2,NPLUS__ALL_ORTHODOX_ELASTICNET_AUTO
V5DEVX_154,1.0,4,2,NPLUS__ALL_ORTHODOX_ELASTICNET_AUTO
V5DEV_005,1.0,4,2,NPLUS__ALL_ORTHODOX_ELASTICNET_AUTO
V5DEV_010,1.0,4,2,NPLUS__ALL_ORTHODOX_ELASTICNET_AUTO
V5DEV_015,1.0,4,2,NPLUS__ALL_ORTHODOX_ELASTICNET_AUTO
V5DEV_020,1.0,4,2,NPLUS__ALL_ORTHODOX_ELASTICNET_AUTO
V5DEV_031,1.0,4,2,NPLUS__ALL_ORTHODOX_ELASTICNET_AUTO
V5DEV_039,1.0,4,2,NPLUS__ALL_ORTHODOX_ELASTICNET_AUTO
V5DEV_084,1.0,4,2,NPLUS__ALL_ORTHODOX_ELASTICNET_AUTO
V5DEV_106,1.0,4,2,NPLUS__ALL_ORTHODOX_ELASTICNET_AUTO
V5DEV_109,0.5,4,2,NPLUS__ALL_ORTHODOX_ELASTICNET_AUTO
V5DEV_114,1.0,4,2,NPLUS__ALL_ORTHODOX_ELASTICNET_AUTO
V5DEV_121,1.0,4,2,NPLUS__ALL_ORTHODOX_ELASTICNET_AUTO
V5DEVE2_001,0.5,4,3,NUISANCE_ONLY
V5DEVE2_003,1.0,4,3,NUISANCE_ONLY
V5DEVE2_160,1.0,4,3,NUISANCE_ONLY
V5DEVX_025,1.0,4,3,NUISANCE_ONLY
V5DEVX_066,1.0,4,3,NUISANCE_ONLY
V5DEVX_131,0.5,4,3,NUISANCE_ONLY
V5DEVX_147,1.0,4,3,NUISANCE_ONLY
V5DEVX_148,0.3333333333333333,4,3,NUISANCE_ONLY
V5DEV_001,0.0,4,3,NUISANCE_ONLY
V5DEV_003,0.0,4,3,NUISANCE_ONLY
V5DEV_009,1.0,4,3,NUISANCE_ONLY
V5DEV_011,1.0,4,3,NUISANCE_ONLY
V5DEV_014,0.5,4,3,NUISANCE_ONLY
V5DEV_022,1.0,4,3,NUISANCE_ONLY
V5DEV_029,1.0,4,3,NUISANCE_ONLY
V5DEV_036,0.6666666666666666,4,3,NUISANCE_ONLY
V5DEV_080,1.0,4,3,NUISANCE_ONLY
V5DEV_090,0.0,4,3,NUISANCE_ONLY
V5DEV_118,0.0,4,3,NUISANCE_ONLY
V5DEV_134,1.0,4,3,NUISANCE_ONLY
V5DEVE2_001,0.5,4,3,ASTRO__TG10_RIDGE_DIAGNOSTIC
V5DEVE2_003,1.0,4,3,ASTRO__TG10_RIDGE_DIAGNOSTIC
V5DEVE2_160,0.0,4,3,ASTRO__TG10_RIDGE_DIAGNOSTIC
V5DEVX_025,0.0,4,3,ASTRO__TG10_RIDGE_DIAGNOSTIC
V5DEVX_066,0.0,4,3,ASTRO__TG10_RIDGE_DIAGNOSTIC
V5DEVX_131,0.5,4,3,ASTRO__TG10_RIDGE_DIAGNOSTIC
V5DEVX_147,0.0,4,3,ASTRO__TG10_RIDGE_DIAGNOSTIC
V5DEVX_148,0.6666666666666666,4,3,ASTRO__TG10_RIDGE_DIAGNOSTIC
V5DEV_001,1.0,4,3,ASTRO__TG10_RIDGE_DIAGNOSTIC
V5DEV_003,0.0,4,3,ASTRO__TG10_RIDGE_DIAGNOSTIC
V5DEV_009,0.0,4,3,ASTRO__TG10_RIDGE_DIAGNOSTIC
V5DEV_011,0.0,4,3,ASTRO__TG10_RIDGE_DIAGNOSTIC
V5DEV_014,0.75,4,3,ASTRO__TG10_RIDGE_DIAGNOSTIC
V5DEV_022,1.0,4,3,ASTRO__TG10_RIDGE_DIAGNOSTIC
V5DEV_029,1.0,4,3,ASTRO__TG10_RIDGE_DIAGNOSTIC
V5DEV_036,0.3333333333333333,4,3,ASTRO__TG10_RIDGE_DIAGNOSTIC
V5DEV_080,1.0,4,3,ASTRO__TG10_RIDGE_DIAGNOSTIC
V5DEV_090,0.0,4,3,ASTRO__TG10_RIDGE_DIAGNOSTIC
V5DEV_118,0.0,4,3,ASTRO__TG10_RIDGE_DIAGNOSTIC
V5DEV_134,1.0,4,3,ASTRO__TG10_RIDGE_DIAGNOSTIC
V5DEVE2_001,0.5,4,3,NPLUS__TG10_RIDGE_DIAGNOSTIC
V5DEVE2_003,1.0,4,3,NPLUS__TG10_RIDGE_DIAGNOSTIC
V5DEVE2_160,1.0,4,3,NPLUS__TG10_RIDGE_DIAGNOSTIC
V5DEVX_025,0.0,4,3,NPLUS__TG10_RIDGE_DIAGNOSTIC
V5DEVX_066,1.0,4,3,NPLUS__TG10_RIDGE_DIAGNOSTIC
V5DEVX_131,0.5,4,3,NPLUS__TG10_RIDGE_DIAGNOSTIC
V5DEVX_147,1.0,4,3,NPLUS__TG10_RIDGE_DIAGNOSTIC
V5DEVX_148,0.6666666666666666,4,3,NPLUS__TG10_RIDGE_DIAGNOSTIC
V5DEV_001,1.0,4,3,NPLUS__TG10_RIDGE_DIAGNOSTIC
V5DEV_003,0.0,4,3,NPLUS__TG10_RIDGE_DIAGNOSTIC
V5DEV_009,0.0,4,3,NPLUS__TG10_RIDGE_DIAGNOSTIC
V5DEV_011,1.0,4,3,NPLUS__TG10_RIDGE_DIAGNOSTIC
V5DEV_014,0.75,4,3,NPLUS__TG10_RIDGE_DIAGNOSTIC
V5DEV_022,1.0,4,3,NPLUS__TG10_RIDGE_DIAGNOSTIC
V5DEV_029,1.0,4,3,NPLUS__TG10_RIDGE_DIAGNOSTIC
V5DEV_036,0.5,4,3,NPLUS__TG10_RIDGE_DIAGNOSTIC
V5DEV_080,1.0,4,3,NPLUS__TG10_RIDGE_DIAGNOSTIC
V5DEV_090,1.0,4,3,NPLUS__TG10_RIDGE_DIAGNOSTIC
V5DEV_118,0.0,4,3,NPLUS__TG10_RIDGE_DIAGNOSTIC
V5DEV_134,1.0,4,3,NPLUS__TG10_RIDGE_DIAGNOSTIC
V5DEVE2_001,0.0,4,3,ASTRO__ALL_ORTHODOX_RIDGE_AUTO
V5DEVE2_003,1.0,4,3,ASTRO__ALL_ORTHODOX_RIDGE_AUTO
V5DEVE2_160,0.0,4,3,ASTRO__ALL_ORTHODOX_RIDGE_AUTO
V5DEVX_025,0.0,4,3,ASTRO__ALL_ORTHODOX_RIDGE_AUTO
V5DEVX_066,0.0,4,3,ASTRO__ALL_ORTHODOX_RIDGE_AUTO
V5DEVX_131,1.0,4,3,ASTRO__ALL_ORTHODOX_RIDGE_AUTO
V5DEVX_147,0.0,4,3,ASTRO__ALL_ORTHODOX_RIDGE_AUTO
V5DEVX_148,0.0,4,3,ASTRO__ALL_ORTHODOX_RIDGE_AUTO
V5DEV_001,1.0,4,3,ASTRO__ALL_ORTHODOX_RIDGE_AUTO
V5DEV_003,1.0,4,3,ASTRO__ALL_ORTHODOX_RIDGE_AUTO
V5DEV_009,0.0,4,3,ASTRO__ALL_ORTHODOX_RIDGE_AUTO
V5DEV_011,0.0,4,3,ASTRO__ALL_ORTHODOX_RIDGE_AUTO
V5DEV_014,0.75,4,3,ASTRO__ALL_ORTHODOX_RIDGE_AUTO
V5DEV_022,1.0,4,3,ASTRO__ALL_ORTHODOX_RIDGE_AUTO
V5DEV_029,0.5,4,3,ASTRO__ALL_ORTHODOX_RIDGE_AUTO
V5DEV_036,0.6666666666666666,4,3,ASTRO__ALL_ORTHODOX_RIDGE_AUTO
V5DEV_080,1.0,4,3,ASTRO__ALL_ORTHODOX_RIDGE_AUTO
V5DEV_090,1.0,4,3,ASTRO__ALL_ORTHODOX_RIDGE_AUTO
V5DEV_118,0.0,4,3,ASTRO__ALL_ORTHODOX_RIDGE_AUTO
V5DEV_134,1.0,4,3,ASTRO__ALL_ORTHODOX_RIDGE_AUTO
V5DEVE2_001,0.0,4,3,NPLUS__ALL_ORTHODOX_RIDGE_AUTO
V5DEVE2_003,1.0,4,3,NPLUS__ALL_ORTHODOX_RIDGE_AUTO
V5DEVE2_160,1.0,4,3,NPLUS__ALL_ORTHODOX_RIDGE_AUTO
V5DEVX_025,0.0,4,3,NPLUS__ALL_ORTHODOX_RIDGE_AUTO
V5DEVX_066,0.0,4,3,NPLUS__ALL_ORTHODOX_RIDGE_AUTO
V5DEVX_131,1.0,4,3,NPLUS__ALL_ORTHODOX_RIDGE_AUTO
V5DEVX_147,0.0,4,3,NPLUS__ALL_ORTHODOX_RIDGE_AUTO
V5DEVX_148,0.0,4,3,NPLUS__ALL_ORTHODOX_RIDGE_AUTO
V5DEV_001,1.0,4,3,NPLUS__ALL_ORTHODOX_RIDGE_AUTO
V5DEV_003,1.0,4,3,NPLUS__ALL_ORTHODOX_RIDGE_AUTO
V5DEV_009,0.0,4,3,NPLUS__ALL_ORTHODOX_RIDGE_AUTO
V5DEV_011,0.0,4,3,NPLUS__ALL_ORTHODOX_RIDGE_AUTO
V5DEV_014,0.75,4,3,NPLUS__ALL_ORTHODOX_RIDGE_AUTO
V5DEV_022,1.0,4,3,NPLUS__ALL_ORTHODOX_RIDGE_AUTO
V5DEV_029,1.0,4,3,NPLUS__ALL_ORTHODOX_RIDGE_AUTO
V5DEV_036,0.5,4,3,NPLUS__ALL_ORTHODOX_RIDGE_AUTO
V5DEV_080,1.0,4,3,NPLUS__ALL_ORTHODOX_RIDGE_AUTO
V5DEV_090,1.0,4,3,NPLUS__ALL_ORTHODOX_RIDGE_AUTO
V5DEV_118,0.0,4,3,NPLUS__ALL_ORTHODOX_RIDGE_AUTO
V5DEV_134,1.0,4,3,NPLUS__ALL_ORTHODOX_RIDGE_AUTO
V5DEVE2_001,0.0,4,3,ASTRO__ALL_ORTHODOX_ELASTICNET_AUTO
V5DEVE2_003,0.0,4,3,ASTRO__ALL_ORTHODOX_ELASTICNET_AUTO
V5DEVE2_160,0.0,4,3,ASTRO__ALL_ORTHODOX_ELASTICNET_AUTO
V5DEVX_025,0.0,4,3,ASTRO__ALL_ORTHODOX_ELASTICNET_AUTO
V5DEVX_066,0.0,4,3,ASTRO__ALL_ORTHODOX_ELASTICNET_AUTO
V5DEVX_131,0.0,4,3,ASTRO__ALL_ORTHODOX_ELASTICNET_AUTO
V5DEVX_147,0.0,4,3,ASTRO__ALL_ORTHODOX_ELASTICNET_AUTO
V5DEVX_148,0.0,4,3,ASTRO__ALL_ORTHODOX_ELASTICNET_AUTO
V5DEV_001,0.0,4,3,ASTRO__ALL_ORTHODOX_ELASTICNET_AUTO
V5DEV_003,0.0,4,3,ASTRO__ALL_ORTHODOX_ELASTICNET_AUTO
V5DEV_009,0.0,4,3,ASTRO__ALL_ORTHODOX_ELASTICNET_AUTO
V5DEV_011,0.0,4,3,ASTRO__ALL_ORTHODOX_ELASTICNET_AUTO
V5DEV_014,0.0,4,3,ASTRO__ALL_ORTHODOX_ELASTICNET_AUTO
V5DEV_022,0.0,4,3,ASTRO__ALL_ORTHODOX_ELASTICNET_AUTO
V5DEV_029,0.0,4,3,ASTRO__ALL_ORTHODOX_ELASTICNET_AUTO
V5DEV_036,0.0,4,3,ASTRO__ALL_ORTHODOX_ELASTICNET_AUTO
V5DEV_080,0.0,4,3,ASTRO__ALL_ORTHODOX_ELASTICNET_AUTO
V5DEV_090,0.0,4,3,ASTRO__ALL_ORTHODOX_ELASTICNET_AUTO
V5DEV_118,0.0,4,3,ASTRO__ALL_ORTHODOX_ELASTICNET_AUTO
V5DEV_134,0.0,4,3,ASTRO__ALL_ORTHODOX_ELASTICNET_AUTO
V5DEVE2_001,0.0,4,3,NPLUS__ALL_ORTHODOX_ELASTICNET_AUTO
V5DEVE2_003,1.0,4,3,NPLUS__ALL_ORTHODOX_ELASTICNET_AUTO
V5DEVE2_160,1.0,4,3,NPLUS__ALL_ORTHODOX_ELASTICNET_AUTO
V5DEVX_025,0.0,4,3,NPLUS__ALL_ORTHODOX_ELASTICNET_AUTO
V5DEVX_066,0.0,4,3,NPLUS__ALL_ORTHODOX_ELASTICNET_AUTO
V5DEVX_131,0.75,4,3,NPLUS__ALL_ORTHODOX_ELASTICNET_AUTO
V5DEVX_147,0.0,4,3,NPLUS__ALL_ORTHODOX_ELASTICNET_AUTO
V5DEVX_148,0.0,4,3,NPLUS__ALL_ORTHODOX_ELASTICNET_AUTO
V5DEV_001,1.0,4,3,NPLUS__ALL_ORTHODOX_ELASTICNET_AUTO
V5DEV_003,1.0,4,3,NPLUS__ALL_ORTHODOX_ELASTICNET_AUTO
V5DEV_009,0.0,4,3,NPLUS__ALL_ORTHODOX_ELASTICNET_AUTO
V5DEV_011,0.0,4,3,NPLUS__ALL_ORTHODOX_ELASTICNET_AUTO
V5DEV_014,0.75,4,3,NPLUS__ALL_ORTHODOX_ELASTICNET_AUTO
V5DEV_022,1.0,4,3,NPLUS__ALL_ORTHODOX_ELASTICNET_AUTO
V5DEV_029,1.0,4,3,NPLUS__ALL_ORTHODOX_ELASTICNET_AUTO
V5DEV_036,0.3333333333333333,4,3,NPLUS__ALL_ORTHODOX_ELASTICNET_AUTO
V5DEV_080,1.0,4,3,NPLUS__ALL_ORTHODOX_ELASTICNET_AUTO
V5DEV_090,1.0,4,3,NPLUS__ALL_ORTHODOX_ELASTICNET_AUTO
V5DEV_118,0.0,4,3,NPLUS__ALL_ORTHODOX_ELASTICNET_AUTO
V5DEV_134,1.0,4,3,NPLUS__ALL_ORTHODOX_ELASTICNET_AUTO
V5DEVE2_042,1.0,4,4,NUISANCE_ONLY
V5DEVE2_106,1.0,4,4,NUISANCE_ONLY
V5DEVE2_128,0.5,4,4,NUISANCE_ONLY
V5DEVX_031,0.5,4,4,NUISANCE_ONLY
V5DEVX_046,0.5,4,4,NUISANCE_ONLY
V5DEVX_049,1.0,4,4,NUISANCE_ONLY
V5DEVX_103,0.0,4,4,NUISANCE_ONLY
V5DEVX_106,1.0,4,4,NUISANCE_ONLY
V5DEVX_142,0.0,4,4,NUISANCE_ONLY
V5DEV_012,1.0,4,4,NUISANCE_ONLY
V5DEV_017,1.0,4,4,NUISANCE_ONLY
V5DEV_025,0.8,4,4,NUISANCE_ONLY
V5DEV_026,0.0,4,4,NUISANCE_ONLY
V5DEV_037,0.5,4,4,NUISANCE_ONLY
V5DEV_051,1.0,4,4,NUISANCE_ONLY
V5DEV_075,0.0,4,4,NUISANCE_ONLY
V5DEV_108,0.3333333333333333,4,4,NUISANCE_ONLY
V5DEV_125,0.0,4,4,NUISANCE_ONLY
V5DEV_150,1.0,4,4,NUISANCE_ONLY
V5DEV_155,1.0,4,4,NUISANCE_ONLY
V5DEVE2_042,0.0,4,4,ASTRO__TG10_RIDGE_DIAGNOSTIC
V5DEVE2_106,1.0,4,4,ASTRO__TG10_RIDGE_DIAGNOSTIC
V5DEVE2_128,1.0,4,4,ASTRO__TG10_RIDGE_DIAGNOSTIC
V5DEVX_031,1.0,4,4,ASTRO__TG10_RIDGE_DIAGNOSTIC
V5DEVX_046,0.0,4,4,ASTRO__TG10_RIDGE_DIAGNOSTIC
V5DEVX_049,0.75,4,4,ASTRO__TG10_RIDGE_DIAGNOSTIC
V5DEVX_103,1.0,4,4,ASTRO__TG10_RIDGE_DIAGNOSTIC
V5DEVX_106,0.0,4,4,ASTRO__TG10_RIDGE_DIAGNOSTIC
V5DEVX_142,1.0,4,4,ASTRO__TG10_RIDGE_DIAGNOSTIC
V5DEV_012,0.5,4,4,ASTRO__TG10_RIDGE_DIAGNOSTIC
V5DEV_017,0.0,4,4,ASTRO__TG10_RIDGE_DIAGNOSTIC
V5DEV_025,0.8,4,4,ASTRO__TG10_RIDGE_DIAGNOSTIC
V5DEV_026,0.3333333333333333,4,4,ASTRO__TG10_RIDGE_DIAGNOSTIC
V5DEV_037,0.5,4,4,ASTRO__TG10_RIDGE_DIAGNOSTIC
V5DEV_051,0.0,4,4,ASTRO__TG10_RIDGE_DIAGNOSTIC
V5DEV_075,1.0,4,4,ASTRO__TG10_RIDGE_DIAGNOSTIC
V5DEV_108,0.3333333333333333,4,4,ASTRO__TG10_RIDGE_DIAGNOSTIC
V5DEV_125,1.0,4,4,ASTRO__TG10_RIDGE_DIAGNOSTIC
V5DEV_150,1.0,4,4,ASTRO__TG10_RIDGE_DIAGNOSTIC
V5DEV_155,0.0,4,4,ASTRO__TG10_RIDGE_DIAGNOSTIC
V5DEVE2_042,1.0,4,4,NPLUS__TG10_RIDGE_DIAGNOSTIC
V5DEVE2_106,1.0,4,4,NPLUS__TG10_RIDGE_DIAGNOSTIC
V5DEVE2_128,0.5,4,4,NPLUS__TG10_RIDGE_DIAGNOSTIC
V5DEVX_031,0.0,4,4,NPLUS__TG10_RIDGE_DIAGNOSTIC
V5DEVX_046,0.0,4,4,NPLUS__TG10_RIDGE_DIAGNOSTIC
V5DEVX_049,0.25,4,4,NPLUS__TG10_RIDGE_DIAGNOSTIC
V5DEVX_103,1.0,4,4,NPLUS__TG10_RIDGE_DIAGNOSTIC
V5DEVX_106,0.0,4,4,NPLUS__TG10_RIDGE_DIAGNOSTIC
V5DEVX_142,1.0,4,4,NPLUS__TG10_RIDGE_DIAGNOSTIC
V5DEV_012,0.5,4,4,NPLUS__TG10_RIDGE_DIAGNOSTIC
V5DEV_017,1.0,4,4,NPLUS__TG10_RIDGE_DIAGNOSTIC
V5DEV_025,1.0,4,4,NPLUS__TG10_RIDGE_DIAGNOSTIC
V5DEV_026,0.0,4,4,NPLUS__TG10_RIDGE_DIAGNOSTIC
V5DEV_037,0.5,4,4,NPLUS__TG10_RIDGE_DIAGNOSTIC
V5DEV_051,1.0,4,4,NPLUS__TG10_RIDGE_DIAGNOSTIC
V5DEV_075,1.0,4,4,NPLUS__TG10_RIDGE_DIAGNOSTIC
V5DEV_108,0.3333333333333333,4,4,NPLUS__TG10_RIDGE_DIAGNOSTIC
V5DEV_125,0.0,4,4,NPLUS__TG10_RIDGE_DIAGNOSTIC
V5DEV_150,1.0,4,4,NPLUS__TG10_RIDGE_DIAGNOSTIC
V5DEV_155,1.0,4,4,NPLUS__TG10_RIDGE_DIAGNOSTIC
V5DEVE2_042,0.0,4,4,ASTRO__ALL_ORTHODOX_RIDGE_AUTO
V5DEVE2_106,1.0,4,4,ASTRO__ALL_ORTHODOX_RIDGE_AUTO
V5DEVE2_128,1.0,4,4,ASTRO__ALL_ORTHODOX_RIDGE_AUTO
V5DEVX_031,0.0,4,4,ASTRO__ALL_ORTHODOX_RIDGE_AUTO
V5DEVX_046,0.0,4,4,ASTRO__ALL_ORTHODOX_RIDGE_AUTO
V5DEVX_049,0.25,4,4,ASTRO__ALL_ORTHODOX_RIDGE_AUTO
V5DEVX_103,1.0,4,4,ASTRO__ALL_ORTHODOX_RIDGE_AUTO
V5DEVX_106,0.0,4,4,ASTRO__ALL_ORTHODOX_RIDGE_AUTO
V5DEVX_142,1.0,4,4,ASTRO__ALL_ORTHODOX_RIDGE_AUTO
V5DEV_012,1.0,4,4,ASTRO__ALL_ORTHODOX_RIDGE_AUTO
V5DEV_017,0.0,4,4,ASTRO__ALL_ORTHODOX_RIDGE_AUTO
V5DEV_025,0.8,4,4,ASTRO__ALL_ORTHODOX_RIDGE_AUTO
V5DEV_026,1.0,4,4,ASTRO__ALL_ORTHODOX_RIDGE_AUTO
V5DEV_037,0.75,4,4,ASTRO__ALL_ORTHODOX_RIDGE_AUTO
V5DEV_051,0.0,4,4,ASTRO__ALL_ORTHODOX_RIDGE_AUTO
V5DEV_075,1.0,4,4,ASTRO__ALL_ORTHODOX_RIDGE_AUTO
V5DEV_108,0.3333333333333333,4,4,ASTRO__ALL_ORTHODOX_RIDGE_AUTO
V5DEV_125,1.0,4,4,ASTRO__ALL_ORTHODOX_RIDGE_AUTO
V5DEV_150,0.0,4,4,ASTRO__ALL_ORTHODOX_RIDGE_AUTO
V5DEV_155,0.0,4,4,ASTRO__ALL_ORTHODOX_RIDGE_AUTO
V5DEVE2_042,1.0,4,4,NPLUS__ALL_ORTHODOX_RIDGE_AUTO
V5DEVE2_106,1.0,4,4,NPLUS__ALL_ORTHODOX_RIDGE_AUTO
V5DEVE2_128,0.5,4,4,NPLUS__ALL_ORTHODOX_RIDGE_AUTO
V5DEVX_031,0.0,4,4,NPLUS__ALL_ORTHODOX_RIDGE_AUTO
V5DEVX_046,0.0,4,4,NPLUS__ALL_ORTHODOX_RIDGE_AUTO
V5DEVX_049,0.5,4,4,NPLUS__ALL_ORTHODOX_RIDGE_AUTO
V5DEVX_103,0.0,4,4,NPLUS__ALL_ORTHODOX_RIDGE_AUTO
V5DEVX_106,0.0,4,4,NPLUS__ALL_ORTHODOX_RIDGE_AUTO
V5DEVX_142,1.0,4,4,NPLUS__ALL_ORTHODOX_RIDGE_AUTO
V5DEV_012,0.5,4,4,NPLUS__ALL_ORTHODOX_RIDGE_AUTO
V5DEV_017,1.0,4,4,NPLUS__ALL_ORTHODOX_RIDGE_AUTO
V5DEV_025,0.6,4,4,NPLUS__ALL_ORTHODOX_RIDGE_AUTO
V5DEV_026,1.0,4,4,NPLUS__ALL_ORTHODOX_RIDGE_AUTO
V5DEV_037,0.5,4,4,NPLUS__ALL_ORTHODOX_RIDGE_AUTO
V5DEV_051,1.0,4,4,NPLUS__ALL_ORTHODOX_RIDGE_AUTO
V5DEV_075,1.0,4,4,NPLUS__ALL_ORTHODOX_RIDGE_AUTO
V5DEV_108,0.3333333333333333,4,4,NPLUS__ALL_ORTHODOX_RIDGE_AUTO
V5DEV_125,1.0,4,4,NPLUS__ALL_ORTHODOX_RIDGE_AUTO
V5DEV_150,1.0,4,4,NPLUS__ALL_ORTHODOX_RIDGE_AUTO
V5DEV_155,0.0,4,4,NPLUS__ALL_ORTHODOX_RIDGE_AUTO
V5DEVE2_042,0.0,4,4,ASTRO__ALL_ORTHODOX_ELASTICNET_AUTO
V5DEVE2_106,0.0,4,4,ASTRO__ALL_ORTHODOX_ELASTICNET_AUTO
V5DEVE2_128,1.0,4,4,ASTRO__ALL_ORTHODOX_ELASTICNET_AUTO
V5DEVX_031,0.0,4,4,ASTRO__ALL_ORTHODOX_ELASTICNET_AUTO
V5DEVX_046,0.0,4,4,ASTRO__ALL_ORTHODOX_ELASTICNET_AUTO
V5DEVX_049,0.25,4,4,ASTRO__ALL_ORTHODOX_ELASTICNET_AUTO
V5DEVX_103,1.0,4,4,ASTRO__ALL_ORTHODOX_ELASTICNET_AUTO
V5DEVX_106,0.0,4,4,ASTRO__ALL_ORTHODOX_ELASTICNET_AUTO
V5DEVX_142,1.0,4,4,ASTRO__ALL_ORTHODOX_ELASTICNET_AUTO
V5DEV_012,1.0,4,4,ASTRO__ALL_ORTHODOX_ELASTICNET_AUTO
V5DEV_017,1.0,4,4,ASTRO__ALL_ORTHODOX_ELASTICNET_AUTO
V5DEV_025,0.8,4,4,ASTRO__ALL_ORTHODOX_ELASTICNET_AUTO
V5DEV_026,1.0,4,4,ASTRO__ALL_ORTHODOX_ELASTICNET_AUTO
V5DEV_037,0.75,4,4,ASTRO__ALL_ORTHODOX_ELASTICNET_AUTO
V5DEV_051,1.0,4,4,ASTRO__ALL_ORTHODOX_ELASTICNET_AUTO
V5DEV_075,1.0,4,4,ASTRO__ALL_ORTHODOX_ELASTICNET_AUTO
V5DEV_108,0.6666666666666666,4,4,ASTRO__ALL_ORTHODOX_ELASTICNET_AUTO
V5DEV_125,1.0,4,4,ASTRO__ALL_ORTHODOX_ELASTICNET_AUTO
V5DEV_150,1.0,4,4,ASTRO__ALL_ORTHODOX_ELASTICNET_AUTO
V5DEV_155,0.0,4,4,ASTRO__ALL_ORTHODOX_ELASTICNET_AUTO
V5DEVE2_042,1.0,4,4,NPLUS__ALL_ORTHODOX_ELASTICNET_AUTO
V5DEVE2_106,0.0,4,4,NPLUS__ALL_ORTHODOX_ELASTICNET_AUTO
V5DEVE2_128,0.5,4,4,NPLUS__ALL_ORTHODOX_ELASTICNET_AUTO
V5DEVX_031,0.0,4,4,NPLUS__ALL_ORTHODOX_ELASTICNET_AUTO
V5DEVX_046,0.0,4,4,NPLUS__ALL_ORTHODOX_ELASTICNET_AUTO
V5DEVX_049,0.0,4,4,NPLUS__ALL_ORTHODOX_ELASTICNET_AUTO
V5DEVX_103,0.0,4,4,NPLUS__ALL_ORTHODOX_ELASTICNET_AUTO
V5DEVX_106,0.0,4,4,NPLUS__ALL_ORTHODOX_ELASTICNET_AUTO
V5DEVX_142,0.0,4,4,NPLUS__ALL_ORTHODOX_ELASTICNET_AUTO
V5DEV_012,0.0,4,4,NPLUS__ALL_ORTHODOX_ELASTICNET_AUTO
V5DEV_017,0.0,4,4,NPLUS__ALL_ORTHODOX_ELASTICNET_AUTO
V5DEV_025,0.6,4,4,NPLUS__ALL_ORTHODOX_ELASTICNET_AUTO
V5DEV_026,0.0,4,4,NPLUS__ALL_ORTHODOX_ELASTICNET_AUTO
V5DEV_037,0.5,4,4,NPLUS__ALL_ORTHODOX_ELASTICNET_AUTO
V5DEV_051,0.0,4,4,NPLUS__ALL_ORTHODOX_ELASTICNET_AUTO
V5DEV_075,1.0,4,4,NPLUS__ALL_ORTHODOX_ELASTICNET_AUTO
V5DEV_108,0.3333333333333333,4,4,NPLUS__ALL_ORTHODOX_ELASTICNET_AUTO
V5DEV_125,0.0,4,4,NPLUS__ALL_ORTHODOX_ELASTICNET_AUTO
V5DEV_150,1.0,4,4,NPLUS__ALL_ORTHODOX_ELASTICNET_AUTO
V5DEV_155,1.0,4,4,NPLUS__ALL_ORTHODOX_ELASTICNET_AUTO
