priority,pool,subject_id,name,event_id,year,legacy_career_label,event_type,description,source_event_confidence,source_ref,suggested_axis,suggested_subtype,suggestion_source,proposed_polarity,review_status,medium_issue_codes,taxonomy_confirmed,secondary_source_confirmed,v4_model_eligible,final_axis,final_subtype,final_polarity,taxonomy_review_status,taxonomy_review_note,taxonomy_confirmed_final,source1_audit_status,secondary_review_scope,secondary_source_status,secondary_source_reference,secondary_source_note,source_review_status,final_review_status,source_pair_eligible,chronology_gate_passed
1,NEW_DEV_2_CONSUMED,NEWDEV2_004,Bob Hayes,NEWDEV2_004_E001,1964,positive,major_title,Won Olympic gold in the 100 metres and 4x100-metre relay before entering pro football.,high,https://en.wikipedia.org/wiki/Bob_Hayes,COMPETITIVE,TITLE_WIN,DIRECT_EVENT_TYPE_RULE,positive,DIRECT_RULE_NEEDS_SOURCE_CONFIRMATION,SECOND_SOURCE_AUDIT_REQUIRED,True,False,False,COMPETITIVE,TITLE_WIN,positive,CONFIRMED,event_type semantic rule,True,PROVIDED_SOURCE_PRESENT,NONPAIRABLE_OR_NONCORE_DEFERRED,NOT_CONFIRMED_THIS_PASS,,,SOURCE1_PRESENT_SECONDARY_NOT_CONFIRMED,TAXONOMY_CONFIRMED_SECONDARY_UNCONFIRMED,False,False
1,NEW_DEV_2_CONSUMED,NEWDEV2_005,Bob Knight,NEWDEV2_005_E001,1976,positive,major_title,Coached Indiana to an undefeated NCAA men's basketball championship.,high,https://en.wikipedia.org/wiki/Bob_Knight,COMPETITIVE,TITLE_WIN,DIRECT_EVENT_TYPE_RULE,positive,DIRECT_RULE_NEEDS_SOURCE_CONFIRMATION,SECOND_SOURCE_AUDIT_REQUIRED,True,False,False,COMPETITIVE,TITLE_WIN,positive,CONFIRMED,event_type semantic rule,True,PROVIDED_SOURCE_PRESENT,NONPAIRABLE_OR_NONCORE_DEFERRED,NOT_CONFIRMED_THIS_PASS,,,SOURCE1_PRESENT_SECONDARY_NOT_CONFIRMED,TAXONOMY_CONFIRMED_SECONDARY_UNCONFIRMED,False,False
1,NEW_DEV_2_CONSUMED,NEWDEV2_005,Bob Knight,NEWDEV2_005_E002,2000,negative,fired,Indiana University fired him after 29 seasons amid repeated conduct controversies.,high,https://en.wikipedia.org/wiki/Bob_Knight,STATUS,ROLE_LOSS,DIRECT_EVENT_TYPE_RULE,negative,DIRECT_RULE_NEEDS_SOURCE_CONFIRMATION,SECOND_SOURCE_AUDIT_REQUIRED,True,False,False,STATUS,ROLE_LOSS,negative,CONFIRMED,event_type semantic rule,True,PROVIDED_SOURCE_PRESENT,NONPAIRABLE_OR_NONCORE_DEFERRED,NOT_CONFIRMED_THIS_PASS,,,SOURCE1_PRESENT_SECONDARY_NOT_CONFIRMED,TAXONOMY_CONFIRMED_SECONDARY_UNCONFIRMED,False,False
1,NEW_DEV_2_CONSUMED,NEWDEV2_006,Bob Lilly,NEWDEV2_006_E002,1971,negative,major_loss,Dallas lost Super Bowl V to the Baltimore Colts.,high,https://en.wikipedia.org/wiki/Bob_Lilly,COMPETITIVE,MAJOR_LOSS,DIRECT_EVENT_TYPE_RULE,negative,DIRECT_RULE_NEEDS_SOURCE_CONFIRMATION,SECOND_SOURCE_AUDIT_REQUIRED,True,True,False,COMPETITIVE,MAJOR_LOSS,negative,CONFIRMED,event_type semantic rule,True,PROVIDED_SOURCE_PRESENT,PAIR_CANDIDATE_TARGETED,CONFIRMED,Pro Football Hall of Fame / Dallas Cowboys official,Super Bowl V loss and Super Bowl VI win verified.,SECONDARY_CONFIRMED,SOURCE_VERIFIED_PAIR_CANDIDATE_CHRONOLOGY_BLOCK,True,False
1,NEW_DEV_2_CONSUMED,NEWDEV2_006,Bob Lilly,NEWDEV2_006_E001,1972,positive,major_title,Won Super Bowl VI with the Dallas Cowboys.,high,https://en.wikipedia.org/wiki/Bob_Lilly,COMPETITIVE,TITLE_WIN,DIRECT_EVENT_TYPE_RULE,positive,DIRECT_RULE_NEEDS_SOURCE_CONFIRMATION,SECOND_SOURCE_AUDIT_REQUIRED,True,True,False,COMPETITIVE,TITLE_WIN,positive,CONFIRMED,event_type semantic rule,True,PROVIDED_SOURCE_PRESENT,PAIR_CANDIDATE_TARGETED,CONFIRMED,Pro Football Hall of Fame / Dallas Cowboys official,Super Bowl V loss and Super Bowl VI win verified.,SECONDARY_CONFIRMED,SOURCE_VERIFIED_PAIR_CANDIDATE_CHRONOLOGY_BLOCK,True,False
1,NEW_DEV_2_CONSUMED,NEWDEV2_007,Bob Mathias,NEWDEV2_007_E001,1952,positive,major_title,Won his second consecutive Olympic decathlon gold medal.,high,https://en.wikipedia.org/wiki/Bob_Mathias,COMPETITIVE,TITLE_WIN,DIRECT_EVENT_TYPE_RULE,positive,DIRECT_RULE_NEEDS_SOURCE_CONFIRMATION,SECOND_SOURCE_AUDIT_REQUIRED,True,False,False,COMPETITIVE,TITLE_WIN,positive,CONFIRMED,event_type semantic rule,True,PROVIDED_SOURCE_PRESENT,NONPAIRABLE_OR_NONCORE_DEFERRED,NOT_CONFIRMED_THIS_PASS,,,SOURCE1_PRESENT_SECONDARY_NOT_CONFIRMED,TAXONOMY_CONFIRMED_SECONDARY_UNCONFIRMED,False,False
1,NEW_DEV_2_CONSUMED,NEWDEV2_007,Bob Mathias,NEWDEV2_007_E002,1966,negative,election_loss,Lost his bid for reelection to the U.S. House of Representatives.,high,https://en.wikipedia.org/wiki/Bob_Mathias,STATUS,ELECTION_LOSS,DIRECT_EVENT_TYPE_RULE,negative,DIRECT_RULE_NEEDS_SOURCE_CONFIRMATION,SECOND_SOURCE_AUDIT_REQUIRED,True,False,False,STATUS,ELECTION_LOSS,negative,CONFIRMED,event_type semantic rule,True,PROVIDED_SOURCE_PRESENT,NONPAIRABLE_OR_NONCORE_DEFERRED,NOT_CONFIRMED_THIS_PASS,,,SOURCE1_PRESENT_SECONDARY_NOT_CONFIRMED,TAXONOMY_CONFIRMED_SECONDARY_UNCONFIRMED,False,False
1,NEW_DEV_2_CONSUMED,NEWDEV2_010,Bob Pettit,NEWDEV2_010_E002,1957,negative,major_loss,Lost the NBA Finals to the Boston Celtics in Game 7.,high,https://en.wikipedia.org/wiki/Bob_Pettit,COMPETITIVE,MAJOR_LOSS,DIRECT_EVENT_TYPE_RULE,negative,DIRECT_RULE_NEEDS_SOURCE_CONFIRMATION,SECOND_SOURCE_AUDIT_REQUIRED,True,True,False,COMPETITIVE,MAJOR_LOSS,negative,CONFIRMED,event_type semantic rule,True,PROVIDED_SOURCE_PRESENT,PAIR_CANDIDATE_TARGETED,CONFIRMED,NBA official / historical Finals records,1957 Finals loss and 1958 championship verified.,SECONDARY_CONFIRMED,SOURCE_VERIFIED_PAIR_CANDIDATE_CHRONOLOGY_BLOCK,True,False
1,NEW_DEV_2_CONSUMED,NEWDEV2_010,Bob Pettit,NEWDEV2_010_E001,1958,positive,major_title,Led the St. Louis Hawks to the NBA championship over Boston.,high,https://en.wikipedia.org/wiki/Bob_Pettit,COMPETITIVE,TITLE_WIN,DIRECT_EVENT_TYPE_RULE,positive,DIRECT_RULE_NEEDS_SOURCE_CONFIRMATION,SECOND_SOURCE_AUDIT_REQUIRED,True,True,False,COMPETITIVE,TITLE_WIN,positive,CONFIRMED,event_type semantic rule,True,PROVIDED_SOURCE_PRESENT,PAIR_CANDIDATE_TARGETED,CONFIRMED,NBA official / historical Finals records,1957 Finals loss and 1958 championship verified.,SECONDARY_CONFIRMED,SOURCE_VERIFIED_PAIR_CANDIDATE_CHRONOLOGY_BLOCK,True,False
1,NEW_DEV_2_CONSUMED,NEWDEV2_011,Bob Richards,NEWDEV2_011_E001,1956,positive,major_title,Won his second consecutive Olympic pole vault gold medal.,high,https://en.wikipedia.org/wiki/Bob_Richards,COMPETITIVE,TITLE_WIN,DIRECT_EVENT_TYPE_RULE,positive,DIRECT_RULE_NEEDS_SOURCE_CONFIRMATION,SECOND_SOURCE_AUDIT_REQUIRED,True,True,False,COMPETITIVE,TITLE_WIN,positive,CONFIRMED,event_type semantic rule,True,PROVIDED_SOURCE_PRESENT,PAIR_CANDIDATE_TARGETED,CONFIRMED,Olympedia,1956 Olympic pole-vault gold verified.,SECONDARY_CONFIRMED,CONFIRMED_BUT_NO_CONFIRMED_OPPOSITE_PAIR,False,False
1,NEW_DEV_2_CONSUMED,NEWDEV2_011,Bob Richards,NEWDEV2_011_E002,1960,negative,qualification_failure,"Failed to make a third U.S. Olympic team, ending his Olympic run.",medium,https://en.wikipedia.org/wiki/Bob_Richards,COMPETITIVE,QUALIFICATION_FAILURE,DIRECT_EVENT_TYPE_RULE,negative,DIRECT_RULE_NEEDS_SOURCE_CONFIRMATION,NON_HIGH_TARGET_ASSIGNMENT|SECOND_SOURCE_AUDIT_REQUIRED,True,False,False,COMPETITIVE,QUALIFICATION_FAILURE,negative,CONFIRMED,event_type semantic rule,True,PROVIDED_SOURCE_PRESENT,PAIR_CANDIDATE_TARGETED,PARTIAL,Olympedia,"No 1960 Olympic appearance is consistent with claim, but source did not explicitly state failed trials/selection.",SECONDARY_PARTIAL,TAXONOMY_CONFIRMED_SOURCE_PARTIAL,False,False
1,NEW_DEV_2_CONSUMED,NEWDEV2_012,Bob Schul,NEWDEV2_012_E001,1964,positive,major_title,"Won the Olympic 5,000 metres gold medal in Tokyo.",high,https://en.wikipedia.org/wiki/Bob_Schul,COMPETITIVE,TITLE_WIN,DIRECT_EVENT_TYPE_RULE,positive,DIRECT_RULE_NEEDS_SOURCE_CONFIRMATION,SECOND_SOURCE_AUDIT_REQUIRED,True,False,False,COMPETITIVE,TITLE_WIN,positive,CONFIRMED,event_type semantic rule,True,PROVIDED_SOURCE_PRESENT,NONPAIRABLE_OR_NONCORE_DEFERRED,NOT_CONFIRMED_THIS_PASS,,,SOURCE1_PRESENT_SECONDARY_NOT_CONFIRMED,TAXONOMY_CONFIRMED_SECONDARY_UNCONFIRMED,False,False
1,NEW_DEV_2_CONSUMED,NEWDEV2_013,Bob Seagren,NEWDEV2_013_E001,1968,positive,major_title,Won the Olympic pole vault gold medal.,high,https://en.wikipedia.org/wiki/Bob_Seagren,COMPETITIVE,TITLE_WIN,DIRECT_EVENT_TYPE_RULE,positive,DIRECT_RULE_NEEDS_SOURCE_CONFIRMATION,SECOND_SOURCE_AUDIT_REQUIRED,True,True,False,COMPETITIVE,TITLE_WIN,positive,CONFIRMED,event_type semantic rule,True,PROVIDED_SOURCE_PRESENT,PAIR_CANDIDATE_TARGETED,CONFIRMED,Olympedia,1968 gold and 1972 silver/pole controversy verified.,SECONDARY_CONFIRMED,SOURCE_VERIFIED_PAIR_CANDIDATE_CHRONOLOGY_BLOCK,True,False
1,NEW_DEV_2_CONSUMED,NEWDEV2_013,Bob Seagren,NEWDEV2_013_E002,1972,negative,major_loss,Won only silver at the Munich Olympics after a last-minute pole ban controversy disrupted the competition.,high,https://en.wikipedia.org/wiki/Bob_Seagren,COMPETITIVE,MAJOR_LOSS,DIRECT_EVENT_TYPE_RULE,negative,DIRECT_RULE_NEEDS_SOURCE_CONFIRMATION,SECOND_SOURCE_AUDIT_REQUIRED,True,True,False,COMPETITIVE,MAJOR_LOSS,negative,CONFIRMED,event_type semantic rule,True,PROVIDED_SOURCE_PRESENT,PAIR_CANDIDATE_TARGETED,CONFIRMED,Olympedia,1968 gold and 1972 silver/pole controversy verified.,SECONDARY_CONFIRMED,SOURCE_VERIFIED_PAIR_CANDIDATE_CHRONOLOGY_BLOCK,True,False
1,NEW_DEV_2_CONSUMED,NEWDEV2_014,Bob Uecker,NEWDEV2_014_E001,1964,positive,major_title,Was part of the St. Louis Cardinals team that won the World Series.,high,https://en.wikipedia.org/wiki/Bob_Uecker,COMPETITIVE,TITLE_WIN,DIRECT_EVENT_TYPE_RULE,positive,DIRECT_RULE_NEEDS_SOURCE_CONFIRMATION,SECOND_SOURCE_AUDIT_REQUIRED,True,False,False,COMPETITIVE,TITLE_WIN,positive,CONFIRMED,event_type semantic rule,True,PROVIDED_SOURCE_PRESENT,NONPAIRABLE_OR_NONCORE_DEFERRED,NOT_CONFIRMED_THIS_PASS,,,SOURCE1_PRESENT_SECONDARY_NOT_CONFIRMED,TAXONOMY_CONFIRMED_SECONDARY_UNCONFIRMED,False,False
1,NEW_DEV_2_CONSUMED,NEWDEV2_015,Bob Brenly,NEWDEV2_015_E001,2001,positive,major_title,Managed the Arizona Diamondbacks to a World Series championship.,high,https://en.wikipedia.org/wiki/Bob_Brenly,COMPETITIVE,TITLE_WIN,DIRECT_EVENT_TYPE_RULE,positive,DIRECT_RULE_NEEDS_SOURCE_CONFIRMATION,SECOND_SOURCE_AUDIT_REQUIRED,True,False,False,COMPETITIVE,TITLE_WIN,positive,CONFIRMED,event_type semantic rule,True,PROVIDED_SOURCE_PRESENT,NONPAIRABLE_OR_NONCORE_DEFERRED,NOT_CONFIRMED_THIS_PASS,,,SOURCE1_PRESENT_SECONDARY_NOT_CONFIRMED,TAXONOMY_CONFIRMED_SECONDARY_UNCONFIRMED,False,False
1,NEW_DEV_2_CONSUMED,NEWDEV2_015,Bob Brenly,NEWDEV2_015_E002,2004,negative,fired,Was fired as Diamondbacks manager during the season.,high,https://en.wikipedia.org/wiki/Bob_Brenly,STATUS,ROLE_LOSS,DIRECT_EVENT_TYPE_RULE,negative,DIRECT_RULE_NEEDS_SOURCE_CONFIRMATION,SECOND_SOURCE_AUDIT_REQUIRED,True,False,False,STATUS,ROLE_LOSS,negative,CONFIRMED,event_type semantic rule,True,PROVIDED_SOURCE_PRESENT,NONPAIRABLE_OR_NONCORE_DEFERRED,NOT_CONFIRMED_THIS_PASS,,,SOURCE1_PRESENT_SECONDARY_NOT_CONFIRMED,TAXONOMY_CONFIRMED_SECONDARY_UNCONFIRMED,False,False
1,NEW_DEV_2_CONSUMED,NEWDEV2_016,Bobby Bell,NEWDEV2_016_E002,1967,negative,major_loss,The Chiefs lost Super Bowl I to the Green Bay Packers.,high,https://en.wikipedia.org/wiki/Bobby_Bell,COMPETITIVE,MAJOR_LOSS,DIRECT_EVENT_TYPE_RULE,negative,DIRECT_RULE_NEEDS_SOURCE_CONFIRMATION,SECOND_SOURCE_AUDIT_REQUIRED,True,True,False,COMPETITIVE,MAJOR_LOSS,negative,CONFIRMED,event_type semantic rule,True,PROVIDED_SOURCE_PRESENT,PAIR_CANDIDATE_TARGETED,CONFIRMED,Pro Football Hall of Fame / Kansas City Chiefs official,Super Bowl I loss and Super Bowl IV win verified.,SECONDARY_CONFIRMED,SOURCE_VERIFIED_PAIR_CANDIDATE_CHRONOLOGY_BLOCK,True,False
1,NEW_DEV_2_CONSUMED,NEWDEV2_016,Bobby Bell,NEWDEV2_016_E001,1970,positive,major_title,Won Super Bowl IV with the Kansas City Chiefs.,high,https://en.wikipedia.org/wiki/Bobby_Bell,COMPETITIVE,TITLE_WIN,DIRECT_EVENT_TYPE_RULE,positive,DIRECT_RULE_NEEDS_SOURCE_CONFIRMATION,SECOND_SOURCE_AUDIT_REQUIRED,True,True,False,COMPETITIVE,TITLE_WIN,positive,CONFIRMED,event_type semantic rule,True,PROVIDED_SOURCE_PRESENT,PAIR_CANDIDATE_TARGETED,CONFIRMED,Pro Football Hall of Fame / Kansas City Chiefs official,Super Bowl I loss and Super Bowl IV win verified.,SECONDARY_CONFIRMED,SOURCE_VERIFIED_PAIR_CANDIDATE_CHRONOLOGY_BLOCK,True,False
1,NEW_DEV_2_CONSUMED,NEWDEV2_020,Bob Woolmer,NEWDEV2_020_E001,1994,positive,major_appointment,Became head coach of South Africa and led a highly successful period using innovative methods.,high,https://en.wikipedia.org/wiki/Bob_Woolmer,STATUS,APPOINTMENT_GAIN,DIRECT_EVENT_TYPE_RULE,positive,DIRECT_RULE_NEEDS_SOURCE_CONFIRMATION,SECOND_SOURCE_AUDIT_REQUIRED,True,False,False,STATUS,APPOINTMENT_GAIN,positive,CONFIRMED,event_type semantic rule,True,PROVIDED_SOURCE_PRESENT,NONPAIRABLE_OR_NONCORE_DEFERRED,NOT_CONFIRMED_THIS_PASS,,,SOURCE1_PRESENT_SECONDARY_NOT_CONFIRMED,TAXONOMY_CONFIRMED_SECONDARY_UNCONFIRMED,False,False
1,NEW_DEV_2_CONSUMED,NEWDEV2_020,Bob Woolmer,NEWDEV2_020_E002,1999,negative,major_loss,South Africa's dramatic World Cup semifinal elimination was followed by the end of his tenure as national coach.,high,https://en.wikipedia.org/wiki/Bob_Woolmer,COMPETITIVE,MAJOR_LOSS,DIRECT_EVENT_TYPE_RULE,negative,DIRECT_RULE_NEEDS_SOURCE_CONFIRMATION,SECOND_SOURCE_AUDIT_REQUIRED,True,False,False,COMPETITIVE,MAJOR_LOSS,negative,CONFIRMED,event_type semantic rule,True,PROVIDED_SOURCE_PRESENT,NONPAIRABLE_OR_NONCORE_DEFERRED,NOT_CONFIRMED_THIS_PASS,,,SOURCE1_PRESENT_SECONDARY_NOT_CONFIRMED,TAXONOMY_CONFIRMED_SECONDARY_UNCONFIRMED,False,False
1,NEW_DEV_2_CONSUMED,NEWDEV2_021,Bill Bradley,NEWDEV2_021_E001,1970,positive,major_title,Won an NBA championship with the New York Knicks.,high,https://en.wikipedia.org/wiki/Bill_Bradley,COMPETITIVE,TITLE_WIN,DIRECT_EVENT_TYPE_RULE,positive,DIRECT_RULE_NEEDS_SOURCE_CONFIRMATION,SECOND_SOURCE_AUDIT_REQUIRED,True,False,False,COMPETITIVE,TITLE_WIN,positive,CONFIRMED,event_type semantic rule,True,PROVIDED_SOURCE_PRESENT,NONPAIRABLE_OR_NONCORE_DEFERRED,NOT_CONFIRMED_THIS_PASS,,,SOURCE1_PRESENT_SECONDARY_NOT_CONFIRMED,TAXONOMY_CONFIRMED_SECONDARY_UNCONFIRMED,False,False
1,NEW_DEV_2_CONSUMED,NEWDEV2_021,Bill Bradley,NEWDEV2_021_E002,2000,negative,election_loss,Lost the Democratic presidential nomination race to Al Gore and ended his campaign.,high,https://en.wikipedia.org/wiki/Bill_Bradley,STATUS,ELECTION_LOSS,DIRECT_EVENT_TYPE_RULE,negative,DIRECT_RULE_NEEDS_SOURCE_CONFIRMATION,SECOND_SOURCE_AUDIT_REQUIRED,True,False,False,STATUS,ELECTION_LOSS,negative,CONFIRMED,event_type semantic rule,True,PROVIDED_SOURCE_PRESENT,NONPAIRABLE_OR_NONCORE_DEFERRED,NOT_CONFIRMED_THIS_PASS,,,SOURCE1_PRESENT_SECONDARY_NOT_CONFIRMED,TAXONOMY_CONFIRMED_SECONDARY_UNCONFIRMED,False,False
1,NEW_DEV_2_CONSUMED,NEWDEV2_025,Bill Guerin,NEWDEV2_025_E001,2009,positive,major_title,Won the Stanley Cup with the Pittsburgh Penguins.,high,https://en.wikipedia.org/wiki/Bill_Guerin,COMPETITIVE,TITLE_WIN,DIRECT_EVENT_TYPE_RULE,positive,DIRECT_RULE_NEEDS_SOURCE_CONFIRMATION,SECOND_SOURCE_AUDIT_REQUIRED,True,False,False,COMPETITIVE,TITLE_WIN,positive,CONFIRMED,event_type semantic rule,True,PROVIDED_SOURCE_PRESENT,NONPAIRABLE_OR_NONCORE_DEFERRED,NOT_CONFIRMED_THIS_PASS,,,SOURCE1_PRESENT_SECONDARY_NOT_CONFIRMED,TAXONOMY_CONFIRMED_SECONDARY_UNCONFIRMED,False,False
1,NEW_DEV_2_CONSUMED,NEWDEV2_027,Billie Jean King,NEWDEV2_027_E002,1970,negative,major_loss,Lost the Wimbledon singles final to Margaret Court.,high,https://en.wikipedia.org/wiki/Billie_Jean_King,COMPETITIVE,MAJOR_LOSS,DIRECT_EVENT_TYPE_RULE,negative,DIRECT_RULE_NEEDS_SOURCE_CONFIRMATION,SECOND_SOURCE_AUDIT_REQUIRED,True,False,False,COMPETITIVE,MAJOR_LOSS,negative,CONFIRMED,event_type semantic rule,True,PROVIDED_SOURCE_PRESENT,PAIR_CANDIDATE_TARGETED,NOT_CONFIRMED_THIS_PASS,,,SOURCE1_PRESENT_SECONDARY_NOT_CONFIRMED,TAXONOMY_CONFIRMED_SECONDARY_UNCONFIRMED,False,False
1,NEW_DEV_2_CONSUMED,NEWDEV2_027,Billie Jean King,NEWDEV2_027_E001,1973,positive,major_title,Defeated Bobby Riggs in the Battle of the Sexes and won major titles during a landmark season.,high,https://en.wikipedia.org/wiki/Billie_Jean_King,COMPETITIVE,TITLE_WIN,DIRECT_EVENT_TYPE_RULE,positive,DIRECT_RULE_NEEDS_SOURCE_CONFIRMATION,SECOND_SOURCE_AUDIT_REQUIRED,True,False,False,COMPETITIVE,TITLE_WIN,positive,CONFIRMED,event_type semantic rule,True,PROVIDED_SOURCE_PRESENT,PAIR_CANDIDATE_TARGETED,NOT_CONFIRMED_THIS_PASS,,,SOURCE1_PRESENT_SECONDARY_NOT_CONFIRMED,TAXONOMY_CONFIRMED_SECONDARY_UNCONFIRMED,False,False
1,NEW_DEV_2_CONSUMED,NEWDEV2_028,Billy Backus,NEWDEV2_028_E001,1970,positive,major_title,Won the world welterweight championship by defeating José Nápoles.,high,https://en.wikipedia.org/wiki/Billy_Backus,COMPETITIVE,TITLE_WIN,DIRECT_EVENT_TYPE_RULE,positive,DIRECT_RULE_NEEDS_SOURCE_CONFIRMATION,SECOND_SOURCE_AUDIT_REQUIRED,True,True,False,COMPETITIVE,TITLE_WIN,positive,CONFIRMED,event_type semantic rule,True,PROVIDED_SOURCE_PRESENT,PAIR_CANDIDATE_TARGETED,CONFIRMED,BoxRec / ESPN historical boxing coverage,Nápoles title win/loss sequence verified.,SECONDARY_CONFIRMED,SOURCE_VERIFIED_PAIR_CANDIDATE_CHRONOLOGY_BLOCK,True,False
1,NEW_DEV_2_CONSUMED,NEWDEV2_028,Billy Backus,NEWDEV2_028_E002,1971,negative,major_loss,Lost the welterweight title to Nápoles in their rematch.,high,https://en.wikipedia.org/wiki/Billy_Backus,COMPETITIVE,MAJOR_LOSS,DIRECT_EVENT_TYPE_RULE,negative,DIRECT_RULE_NEEDS_SOURCE_CONFIRMATION,SECOND_SOURCE_AUDIT_REQUIRED,True,True,False,COMPETITIVE,MAJOR_LOSS,negative,CONFIRMED,event_type semantic rule,True,PROVIDED_SOURCE_PRESENT,PAIR_CANDIDATE_TARGETED,CONFIRMED,BoxRec / ESPN historical boxing coverage,Nápoles title win/loss sequence verified.,SECONDARY_CONFIRMED,SOURCE_VERIFIED_PAIR_CANDIDATE_CHRONOLOGY_BLOCK,True,False
1,NEW_DEV_2_CONSUMED,NEWDEV2_029,Billy Casper,NEWDEV2_029_E001,1966,positive,major_title,Won the U.S. Open after an 18-hole playoff against Arnold Palmer.,high,https://en.wikipedia.org/wiki/Billy_Casper,COMPETITIVE,TITLE_WIN,DIRECT_EVENT_TYPE_RULE,positive,DIRECT_RULE_NEEDS_SOURCE_CONFIRMATION,SECOND_SOURCE_AUDIT_REQUIRED,True,True,False,COMPETITIVE,TITLE_WIN,positive,CONFIRMED,event_type semantic rule,True,PROVIDED_SOURCE_PRESENT,PAIR_CANDIDATE_TARGETED,CONFIRMED,USGA U.S. Open records,1966 U.S. Open win verified.,SECONDARY_CONFIRMED,SOURCE_VERIFIED_PAIR_CANDIDATE_CHRONOLOGY_BLOCK,True,False
1,NEW_DEV_2_CONSUMED,NEWDEV2_029,Billy Casper,NEWDEV2_029_E002,1969,negative,major_loss,"Finished tied for second at the Masters, narrowly missing another major championship.",high,https://en.wikipedia.org/wiki/Billy_Casper,COMPETITIVE,MAJOR_LOSS,DIRECT_EVENT_TYPE_RULE,negative,DIRECT_RULE_NEEDS_SOURCE_CONFIRMATION,SECOND_SOURCE_AUDIT_REQUIRED,True,True,False,COMPETITIVE,MAJOR_LOSS,negative,CONFIRMED,event_type semantic rule,True,PROVIDED_SOURCE_PRESENT,PAIR_CANDIDATE_TARGETED,CONFIRMED,Golf major historical results,1969 Masters T2 verified.,SECONDARY_CONFIRMED,SOURCE_VERIFIED_PAIR_CANDIDATE_CHRONOLOGY_BLOCK,True,False
1,NEW_DEV_2_CONSUMED,NEWDEV2_030,Billy Kidd,NEWDEV2_030_E001,1964,positive,major_title,"Won Olympic silver in the slalom, the first U.S. men's Olympic medal in alpine skiing.",high,https://en.wikipedia.org/wiki/Billy_Kidd,COMPETITIVE,TITLE_WIN,DIRECT_EVENT_TYPE_RULE,positive,DIRECT_RULE_NEEDS_SOURCE_CONFIRMATION,SECOND_SOURCE_AUDIT_REQUIRED,True,True,False,COMPETITIVE,TITLE_WIN,positive,CONFIRMED,event_type semantic rule,True,PROVIDED_SOURCE_PRESENT,PAIR_CANDIDATE_TARGETED,CONFIRMED,Olympedia,1964 Olympic silver and injury-affected 1968 performance verified.,SECONDARY_CONFIRMED,SOURCE_VERIFIED_PAIR_CANDIDATE_CHRONOLOGY_BLOCK,True,False
1,NEW_DEV_2_CONSUMED,NEWDEV2_030,Billy Kidd,NEWDEV2_030_E002,1968,negative,major_loss,Was unable to match his 1964 Olympic success at Grenoble amid injuries and inconsistent results.,medium,https://en.wikipedia.org/wiki/Billy_Kidd,COMPETITIVE,MAJOR_LOSS,DIRECT_EVENT_TYPE_RULE,negative,DIRECT_RULE_NEEDS_SOURCE_CONFIRMATION,NON_HIGH_TARGET_ASSIGNMENT|SECOND_SOURCE_AUDIT_REQUIRED,True,True,False,COMPETITIVE,MAJOR_LOSS,negative,CONFIRMED,event_type semantic rule,True,PROVIDED_SOURCE_PRESENT,PAIR_CANDIDATE_TARGETED,CONFIRMED,Olympedia,1964 Olympic silver and injury-affected 1968 performance verified.,SECONDARY_CONFIRMED,SOURCE_VERIFIED_PAIR_CANDIDATE_CHRONOLOGY_BLOCK,True,False
1,NEW_DEV_2_CONSUMED,NEWDEV2_031,Billy Martin,NEWDEV2_031_E001,1977,positive,major_title,Managed the New York Yankees to a World Series championship.,high,https://en.wikipedia.org/wiki/Billy_Martin,COMPETITIVE,TITLE_WIN,DIRECT_EVENT_TYPE_RULE,positive,DIRECT_RULE_NEEDS_SOURCE_CONFIRMATION,SECOND_SOURCE_AUDIT_REQUIRED,True,False,False,COMPETITIVE,TITLE_WIN,positive,CONFIRMED,event_type semantic rule,True,PROVIDED_SOURCE_PRESENT,NONPAIRABLE_OR_NONCORE_DEFERRED,NOT_CONFIRMED_THIS_PASS,,,SOURCE1_PRESENT_SECONDARY_NOT_CONFIRMED,TAXONOMY_CONFIRMED_SECONDARY_UNCONFIRMED,False,False
1,NEW_DEV_2_CONSUMED,NEWDEV2_034,Bill Shoemaker,NEWDEV2_034_E001,1955,positive,major_title,"Won the Kentucky Derby aboard Swaps, one of his signature major victories.",high,https://en.wikipedia.org/wiki/Bill_Shoemaker,COMPETITIVE,TITLE_WIN,DIRECT_EVENT_TYPE_RULE,positive,DIRECT_RULE_NEEDS_SOURCE_CONFIRMATION,SECOND_SOURCE_AUDIT_REQUIRED,True,False,False,COMPETITIVE,TITLE_WIN,positive,CONFIRMED,event_type semantic rule,True,PROVIDED_SOURCE_PRESENT,NONPAIRABLE_OR_NONCORE_DEFERRED,NOT_CONFIRMED_THIS_PASS,,,SOURCE1_PRESENT_SECONDARY_NOT_CONFIRMED,TAXONOMY_CONFIRMED_SECONDARY_UNCONFIRMED,False,False
1,NEW_DEV_2_CONSUMED,NEWDEV2_035,Bill Steinkraus,NEWDEV2_035_E001,1968,positive,major_title,Won individual Olympic gold in show jumping.,high,https://en.wikipedia.org/wiki/Bill_Steinkraus,COMPETITIVE,TITLE_WIN,DIRECT_EVENT_TYPE_RULE,positive,DIRECT_RULE_NEEDS_SOURCE_CONFIRMATION,SECOND_SOURCE_AUDIT_REQUIRED,True,True,False,COMPETITIVE,TITLE_WIN,positive,CONFIRMED,event_type semantic rule,True,PROVIDED_SOURCE_PRESENT,PAIR_CANDIDATE_TARGETED,CONFIRMED,FEI / Olympedia / USET,"1968 individual gold and 1972 non-repeat (22nd individual, team silver) verified.",SECONDARY_CONFIRMED,SOURCE_VERIFIED_PAIR_CANDIDATE_CHRONOLOGY_BLOCK,True,False
1,NEW_DEV_2_CONSUMED,NEWDEV2_035,Bill Steinkraus,NEWDEV2_035_E002,1972,negative,major_loss,Failed to repeat his individual Olympic title at Munich.,medium,https://en.wikipedia.org/wiki/Bill_Steinkraus,COMPETITIVE,MAJOR_LOSS,DIRECT_EVENT_TYPE_RULE,negative,DIRECT_RULE_NEEDS_SOURCE_CONFIRMATION,NON_HIGH_TARGET_ASSIGNMENT|SECOND_SOURCE_AUDIT_REQUIRED,True,True,False,COMPETITIVE,MAJOR_LOSS,negative,CONFIRMED,event_type semantic rule,True,PROVIDED_SOURCE_PRESENT,PAIR_CANDIDATE_TARGETED,CONFIRMED,FEI / Olympedia / USET,"1968 individual gold and 1972 non-repeat (22nd individual, team silver) verified.",SECONDARY_CONFIRMED,SOURCE_VERIFIED_PAIR_CANDIDATE_CHRONOLOGY_BLOCK,True,False
1,NEW_DEV_2_CONSUMED,NEWDEV2_036,Tom Brady,NEWDEV2_036_E001,2002,positive,major_title,Won Super Bowl XXXVI and was named Super Bowl MVP.,high,https://en.wikipedia.org/wiki/Tom_Brady,COMPETITIVE,TITLE_WIN,DIRECT_EVENT_TYPE_RULE,positive,DIRECT_RULE_NEEDS_SOURCE_CONFIRMATION,SECOND_SOURCE_AUDIT_REQUIRED,True,False,False,COMPETITIVE,TITLE_WIN,positive,CONFIRMED,event_type semantic rule,True,PROVIDED_SOURCE_PRESENT,NONPAIRABLE_OR_NONCORE_DEFERRED,NOT_CONFIRMED_THIS_PASS,,,SOURCE1_PRESENT_SECONDARY_NOT_CONFIRMED,TAXONOMY_CONFIRMED_SECONDARY_UNCONFIRMED,False,False
1,NEW_DEV_2_CONSUMED,NEWDEV2_037,Tom Coughlin,NEWDEV2_037_E001,2008,positive,major_title,Coached the New York Giants to victory in Super Bowl XLII.,high,https://en.wikipedia.org/wiki/Tom_Coughlin,COMPETITIVE,TITLE_WIN,DIRECT_EVENT_TYPE_RULE,positive,DIRECT_RULE_NEEDS_SOURCE_CONFIRMATION,SECOND_SOURCE_AUDIT_REQUIRED,True,False,False,COMPETITIVE,TITLE_WIN,positive,CONFIRMED,event_type semantic rule,True,PROVIDED_SOURCE_PRESENT,NONPAIRABLE_OR_NONCORE_DEFERRED,NOT_CONFIRMED_THIS_PASS,,,SOURCE1_PRESENT_SECONDARY_NOT_CONFIRMED,TAXONOMY_CONFIRMED_SECONDARY_UNCONFIRMED,False,False
1,NEW_DEV_2_CONSUMED,NEWDEV2_038,Tom Courtney,NEWDEV2_038_E002,1955,negative,major_loss,Lost key national and international 800-metre races to rivals before his breakthrough Olympic season.,medium,https://en.wikipedia.org/wiki/Tom_Courtney,COMPETITIVE,MAJOR_LOSS,DIRECT_EVENT_TYPE_RULE,negative,DIRECT_RULE_NEEDS_SOURCE_CONFIRMATION,NON_HIGH_TARGET_ASSIGNMENT|SECOND_SOURCE_AUDIT_REQUIRED,True,False,False,COMPETITIVE,MAJOR_LOSS,negative,CONFIRMED,event_type semantic rule,True,PROVIDED_SOURCE_PRESENT,PAIR_CANDIDATE_TARGETED,NOT_CONFIRMED_THIS_PASS,,Broad pre-Olympic losses not sufficiently specific in this pass.,SOURCE1_PRESENT_SECONDARY_NOT_CONFIRMED,TAXONOMY_CONFIRMED_SECONDARY_UNCONFIRMED,False,False
1,NEW_DEV_2_CONSUMED,NEWDEV2_038,Tom Courtney,NEWDEV2_038_E001,1956,positive,major_title,Won Olympic gold in both the 800 metres and 4x400-metre relay.,high,https://en.wikipedia.org/wiki/Tom_Courtney,COMPETITIVE,TITLE_WIN,DIRECT_EVENT_TYPE_RULE,positive,DIRECT_RULE_NEEDS_SOURCE_CONFIRMATION,SECOND_SOURCE_AUDIT_REQUIRED,True,True,False,COMPETITIVE,TITLE_WIN,positive,CONFIRMED,event_type semantic rule,True,PROVIDED_SOURCE_PRESENT,PAIR_CANDIDATE_TARGETED,CONFIRMED,Olympic historical results,1956 Olympic 800m and relay golds verified.,SECONDARY_CONFIRMED,CONFIRMED_BUT_NO_CONFIRMED_OPPOSITE_PAIR,False,False
1,NEW_DEV_2_CONSUMED,NEWDEV2_039,Tom Daschle,NEWDEV2_039_E001,1995,positive,major_appointment,Became U.S. Senate Democratic leader.,high,https://en.wikipedia.org/wiki/Tom_Daschle,STATUS,APPOINTMENT_GAIN,DIRECT_EVENT_TYPE_RULE,positive,DIRECT_RULE_NEEDS_SOURCE_CONFIRMATION,SECOND_SOURCE_AUDIT_REQUIRED,True,True,False,STATUS,APPOINTMENT_GAIN,positive,CONFIRMED,event_type semantic rule,True,PROVIDED_SOURCE_PRESENT,PAIR_CANDIDATE_TARGETED,CONFIRMED,U.S. Senate Historical Office / New Yorker,1995 Democratic leadership and 2004 reelection defeat verified.,SECONDARY_CONFIRMED,SOURCE_VERIFIED_PAIR_CANDIDATE_CHRONOLOGY_BLOCK,True,False
1,NEW_DEV_2_CONSUMED,NEWDEV2_039,Tom Daschle,NEWDEV2_039_E002,2004,negative,election_loss,Lost his Senate reelection race to John Thune.,high,https://en.wikipedia.org/wiki/Tom_Daschle,STATUS,ELECTION_LOSS,DIRECT_EVENT_TYPE_RULE,negative,DIRECT_RULE_NEEDS_SOURCE_CONFIRMATION,SECOND_SOURCE_AUDIT_REQUIRED,True,True,False,STATUS,ELECTION_LOSS,negative,CONFIRMED,event_type semantic rule,True,PROVIDED_SOURCE_PRESENT,PAIR_CANDIDATE_TARGETED,CONFIRMED,U.S. Senate Historical Office / New Yorker,1995 Democratic leadership and 2004 reelection defeat verified.,SECONDARY_CONFIRMED,SOURCE_VERIFIED_PAIR_CANDIDATE_CHRONOLOGY_BLOCK,True,False
1,NEW_DEV_2_CONSUMED,NEWDEV2_040,Tom DeLay,NEWDEV2_040_E001,2003,positive,major_appointment,Became House Majority Leader.,high,https://en.wikipedia.org/wiki/Tom_DeLay,STATUS,APPOINTMENT_GAIN,DIRECT_EVENT_TYPE_RULE,positive,DIRECT_RULE_NEEDS_SOURCE_CONFIRMATION,SECOND_SOURCE_AUDIT_REQUIRED,True,False,False,STATUS,APPOINTMENT_GAIN,positive,CONFIRMED,event_type semantic rule,True,PROVIDED_SOURCE_PRESENT,NONPAIRABLE_OR_NONCORE_DEFERRED,NOT_CONFIRMED_THIS_PASS,,,SOURCE1_PRESENT_SECONDARY_NOT_CONFIRMED,TAXONOMY_CONFIRMED_SECONDARY_UNCONFIRMED,False,False
1,NEW_DEV_2_CONSUMED,NEWDEV2_041,Tom Foley,NEWDEV2_041_E001,1989,positive,major_appointment,Became Speaker of the U.S. House of Representatives.,high,https://en.wikipedia.org/wiki/Tom_Foley,STATUS,APPOINTMENT_GAIN,DIRECT_EVENT_TYPE_RULE,positive,DIRECT_RULE_NEEDS_SOURCE_CONFIRMATION,SECOND_SOURCE_AUDIT_REQUIRED,True,True,False,STATUS,APPOINTMENT_GAIN,positive,CONFIRMED,event_type semantic rule,True,PROVIDED_SOURCE_PRESENT,PAIR_CANDIDATE_TARGETED,CONFIRMED,U.S. House History / AP,1989 Speaker appointment and 1994 reelection defeat verified.,SECONDARY_CONFIRMED,SOURCE_VERIFIED_PAIR_CANDIDATE_CHRONOLOGY_BLOCK,True,False
1,NEW_DEV_2_CONSUMED,NEWDEV2_041,Tom Foley,NEWDEV2_041_E002,1994,negative,election_loss,"Lost his House reelection race, becoming the first sitting Speaker defeated since 1862.",high,https://en.wikipedia.org/wiki/Tom_Foley,STATUS,ELECTION_LOSS,DIRECT_EVENT_TYPE_RULE,negative,DIRECT_RULE_NEEDS_SOURCE_CONFIRMATION,SECOND_SOURCE_AUDIT_REQUIRED,True,True,False,STATUS,ELECTION_LOSS,negative,CONFIRMED,event_type semantic rule,True,PROVIDED_SOURCE_PRESENT,PAIR_CANDIDATE_TARGETED,CONFIRMED,U.S. House History / AP,1989 Speaker appointment and 1994 reelection defeat verified.,SECONDARY_CONFIRMED,SOURCE_VERIFIED_PAIR_CANDIDATE_CHRONOLOGY_BLOCK,True,False
1,NEW_DEV_2_CONSUMED,NEWDEV2_042,Tom Glavine,NEWDEV2_042_E001,1995,positive,major_title,Won the World Series with Atlanta and was named World Series MVP.,high,https://en.wikipedia.org/wiki/Tom_Glavine,COMPETITIVE,TITLE_WIN,DIRECT_EVENT_TYPE_RULE,positive,DIRECT_RULE_NEEDS_SOURCE_CONFIRMATION,SECOND_SOURCE_AUDIT_REQUIRED,True,False,False,COMPETITIVE,TITLE_WIN,positive,CONFIRMED,event_type semantic rule,True,PROVIDED_SOURCE_PRESENT,NONPAIRABLE_OR_NONCORE_DEFERRED,NOT_CONFIRMED_THIS_PASS,,,SOURCE1_PRESENT_SECONDARY_NOT_CONFIRMED,TAXONOMY_CONFIRMED_SECONDARY_UNCONFIRMED,False,False
1,NEW_DEV_2_CONSUMED,NEWDEV2_043,Tom Okker,NEWDEV2_043_E002,1968,negative,major_loss,Lost the U.S. Open singles final in five sets to Arthur Ashe.,high,https://en.wikipedia.org/wiki/Tom_Okker,COMPETITIVE,MAJOR_LOSS,DIRECT_EVENT_TYPE_RULE,negative,DIRECT_RULE_NEEDS_SOURCE_CONFIRMATION,SECOND_SOURCE_AUDIT_REQUIRED,True,True,False,COMPETITIVE,MAJOR_LOSS,negative,CONFIRMED,event_type semantic rule,True,PROVIDED_SOURCE_PRESENT,PAIR_CANDIDATE_TARGETED,CONFIRMED,USTA / ATP historical results,1968 US Open final loss and 1973 Roland Garros doubles title verified.,SECONDARY_CONFIRMED,SOURCE_VERIFIED_PAIR_CANDIDATE_CHRONOLOGY_BLOCK,True,False
1,NEW_DEV_2_CONSUMED,NEWDEV2_043,Tom Okker,NEWDEV2_043_E001,1973,positive,major_title,Won the French Open men's doubles title.,high,https://en.wikipedia.org/wiki/Tom_Okker,COMPETITIVE,TITLE_WIN,DIRECT_EVENT_TYPE_RULE,positive,DIRECT_RULE_NEEDS_SOURCE_CONFIRMATION,SECOND_SOURCE_AUDIT_REQUIRED,True,True,False,COMPETITIVE,TITLE_WIN,positive,CONFIRMED,event_type semantic rule,True,PROVIDED_SOURCE_PRESENT,PAIR_CANDIDATE_TARGETED,CONFIRMED,USTA / ATP historical results,1968 US Open final loss and 1973 Roland Garros doubles title verified.,SECONDARY_CONFIRMED,SOURCE_VERIFIED_PAIR_CANDIDATE_CHRONOLOGY_BLOCK,True,False
1,NEW_DEV_2_CONSUMED,NEWDEV2_045,Tom Seaver,NEWDEV2_045_E001,1969,positive,major_title,Led the New York Mets to a World Series championship and won the National League Cy Young Award.,high,https://en.wikipedia.org/wiki/Tom_Seaver,COMPETITIVE,TITLE_WIN,DIRECT_EVENT_TYPE_RULE,positive,DIRECT_RULE_NEEDS_SOURCE_CONFIRMATION,SECOND_SOURCE_AUDIT_REQUIRED,True,False,False,COMPETITIVE,TITLE_WIN,positive,CONFIRMED,event_type semantic rule,True,PROVIDED_SOURCE_PRESENT,NONPAIRABLE_OR_NONCORE_DEFERRED,NOT_CONFIRMED_THIS_PASS,,,SOURCE1_PRESENT_SECONDARY_NOT_CONFIRMED,TAXONOMY_CONFIRMED_SECONDARY_UNCONFIRMED,False,False
1,NEW_DEV_2_CONSUMED,NEWDEV2_047,Tom Brokaw,NEWDEV2_047_E001,1983,positive,major_appointment,Became sole anchor and managing editor of NBC Nightly News.,high,https://en.wikipedia.org/wiki/Tom_Brokaw,STATUS,APPOINTMENT_GAIN,DIRECT_EVENT_TYPE_RULE,positive,DIRECT_RULE_NEEDS_SOURCE_CONFIRMATION,SECOND_SOURCE_AUDIT_REQUIRED,True,False,False,STATUS,APPOINTMENT_GAIN,positive,CONFIRMED,event_type semantic rule,True,PROVIDED_SOURCE_PRESENT,NONPAIRABLE_OR_NONCORE_DEFERRED,NOT_CONFIRMED_THIS_PASS,,,SOURCE1_PRESENT_SECONDARY_NOT_CONFIRMED,TAXONOMY_CONFIRMED_SECONDARY_UNCONFIRMED,False,False
1,NEW_DEV_2_CONSUMED,NEWDEV2_048,Tom Bergeron,NEWDEV2_048_E002,2020,negative,fired,Was removed as host of Dancing with the Stars after 15 years.,high,https://en.wikipedia.org/wiki/Tom_Bergeron,STATUS,ROLE_LOSS,DIRECT_EVENT_TYPE_RULE,negative,DIRECT_RULE_NEEDS_SOURCE_CONFIRMATION,SECOND_SOURCE_AUDIT_REQUIRED,True,False,False,STATUS,ROLE_LOSS,negative,CONFIRMED,event_type semantic rule,True,PROVIDED_SOURCE_PRESENT,NONPAIRABLE_OR_NONCORE_DEFERRED,NOT_CONFIRMED_THIS_PASS,,,SOURCE1_PRESENT_SECONDARY_NOT_CONFIRMED,TAXONOMY_CONFIRMED_SECONDARY_UNCONFIRMED,False,False
1,NEW_DEV_2_CONSUMED,NEWDEV2_050,A. J. Foyt,NEWDEV2_050_E001,1961,positive,major_title,"Won his first Indianapolis 500, launching a record-setting run at the race.",high,https://en.wikipedia.org/wiki/A._J._Foyt,COMPETITIVE,TITLE_WIN,DIRECT_EVENT_TYPE_RULE,positive,DIRECT_RULE_NEEDS_SOURCE_CONFIRMATION,SECOND_SOURCE_AUDIT_REQUIRED,True,False,False,COMPETITIVE,TITLE_WIN,positive,CONFIRMED,event_type semantic rule,True,PROVIDED_SOURCE_PRESENT,NONPAIRABLE_OR_NONCORE_DEFERRED,NOT_CONFIRMED_THIS_PASS,,,SOURCE1_PRESENT_SECONDARY_NOT_CONFIRMED,TAXONOMY_CONFIRMED_SECONDARY_UNCONFIRMED,False,False
1,NEW_DEV_2_CONSUMED,NEWDEV2_052,Tony Blair,NEWDEV2_052_E001,1997,positive,election_win,Led Labour to a landslide general-election victory and became Prime Minister.,high,https://en.wikipedia.org/wiki/Tony_Blair,STATUS,ELECTION_WIN,DIRECT_EVENT_TYPE_RULE,positive,DIRECT_RULE_NEEDS_SOURCE_CONFIRMATION,SECOND_SOURCE_AUDIT_REQUIRED,True,False,False,STATUS,ELECTION_WIN,positive,CONFIRMED,event_type semantic rule,True,PROVIDED_SOURCE_PRESENT,NONPAIRABLE_OR_NONCORE_DEFERRED,NOT_CONFIRMED_THIS_PASS,,,SOURCE1_PRESENT_SECONDARY_NOT_CONFIRMED,TAXONOMY_CONFIRMED_SECONDARY_UNCONFIRMED,False,False
1,NEW_DEV_2_CONSUMED,NEWDEV2_053,Toni Kroos,NEWDEV2_053_E002,2012,negative,major_loss,Bayern Munich lost the UEFA Champions League final at home to Chelsea.,high,https://en.wikipedia.org/wiki/Toni_Kroos,COMPETITIVE,MAJOR_LOSS,DIRECT_EVENT_TYPE_RULE,negative,DIRECT_RULE_NEEDS_SOURCE_CONFIRMATION,SECOND_SOURCE_AUDIT_REQUIRED,True,True,False,COMPETITIVE,MAJOR_LOSS,negative,CONFIRMED,event_type semantic rule,True,PROVIDED_SOURCE_PRESENT,PAIR_CANDIDATE_TARGETED,CONFIRMED,UEFA / World Cup coverage,2012 Champions League final loss and 2014 World Cup title verified.,SECONDARY_CONFIRMED,SOURCE_VERIFIED_PAIR_CANDIDATE_CHRONOLOGY_BLOCK,True,False
1,NEW_DEV_2_CONSUMED,NEWDEV2_053,Toni Kroos,NEWDEV2_053_E001,2014,positive,major_title,"Won the FIFA World Cup with Germany and joined Real Madrid, beginning a highly successful period.",high,https://en.wikipedia.org/wiki/Toni_Kroos,COMPETITIVE,TITLE_WIN,DIRECT_EVENT_TYPE_RULE,positive,DIRECT_RULE_NEEDS_SOURCE_CONFIRMATION,SECOND_SOURCE_AUDIT_REQUIRED,True,True,False,COMPETITIVE,TITLE_WIN,positive,CONFIRMED,event_type semantic rule,True,PROVIDED_SOURCE_PRESENT,PAIR_CANDIDATE_TARGETED,CONFIRMED,UEFA / World Cup coverage,2012 Champions League final loss and 2014 World Cup title verified.,SECONDARY_CONFIRMED,SOURCE_VERIFIED_PAIR_CANDIDATE_CHRONOLOGY_BLOCK,True,False
1,NEW_DEV_2_CONSUMED,NEWDEV2_056,Tony Estanguet,NEWDEV2_056_E001,2000,positive,major_title,Won Olympic gold in canoe slalom C1 at Sydney.,high,https://en.wikipedia.org/wiki/Tony_Estanguet,COMPETITIVE,TITLE_WIN,DIRECT_EVENT_TYPE_RULE,positive,DIRECT_RULE_NEEDS_SOURCE_CONFIRMATION,SECOND_SOURCE_AUDIT_REQUIRED,True,True,False,COMPETITIVE,TITLE_WIN,positive,CONFIRMED,event_type semantic rule,True,PROVIDED_SOURCE_PRESENT,PAIR_CANDIDATE_TARGETED,CONFIRMED,Olympedia,2000 C1 gold and 2008 non-final/9th-place outcome verified.,SECONDARY_CONFIRMED,SOURCE_VERIFIED_PAIR_CANDIDATE_CHRONOLOGY_BLOCK,True,False
1,NEW_DEV_2_CONSUMED,NEWDEV2_056,Tony Estanguet,NEWDEV2_056_E002,2008,negative,major_loss,Failed to reach the C1 final at the Beijing Olympics.,high,https://en.wikipedia.org/wiki/Tony_Estanguet,COMPETITIVE,MAJOR_LOSS,DIRECT_EVENT_TYPE_RULE,negative,DIRECT_RULE_NEEDS_SOURCE_CONFIRMATION,SECOND_SOURCE_AUDIT_REQUIRED,True,True,False,COMPETITIVE,MAJOR_LOSS,negative,CONFIRMED,event_type semantic rule,True,PROVIDED_SOURCE_PRESENT,PAIR_CANDIDATE_TARGETED,CONFIRMED,Olympedia,2000 C1 gold and 2008 non-final/9th-place outcome verified.,SECONDARY_CONFIRMED,SOURCE_VERIFIED_PAIR_CANDIDATE_CHRONOLOGY_BLOCK,True,False
1,NEW_DEV_2_CONSUMED,NEWDEV2_059,Tony Kubek,NEWDEV2_059_E001,1957,positive,major_title,Won American League Rookie of the Year and a World Series championship with the Yankees.,high,https://en.wikipedia.org/wiki/Tony_Kubek,COMPETITIVE,TITLE_WIN,DIRECT_EVENT_TYPE_RULE,positive,DIRECT_RULE_NEEDS_SOURCE_CONFIRMATION,SECOND_SOURCE_AUDIT_REQUIRED,True,False,False,COMPETITIVE,TITLE_WIN,positive,CONFIRMED,event_type semantic rule,True,PROVIDED_SOURCE_PRESENT,NONPAIRABLE_OR_NONCORE_DEFERRED,NOT_CONFIRMED_THIS_PASS,,,SOURCE1_PRESENT_SECONDARY_NOT_CONFIRMED,TAXONOMY_CONFIRMED_SECONDARY_UNCONFIRMED,False,False
1,NEW_DEV_2_CONSUMED,NEWDEV2_060,Tony Parker,NEWDEV2_060_E001,2007,positive,major_title,Won the NBA championship with San Antonio and was named Finals MVP.,high,https://en.wikipedia.org/wiki/Tony_Parker,COMPETITIVE,TITLE_WIN,DIRECT_EVENT_TYPE_RULE,positive,DIRECT_RULE_NEEDS_SOURCE_CONFIRMATION,SECOND_SOURCE_AUDIT_REQUIRED,True,False,False,COMPETITIVE,TITLE_WIN,positive,CONFIRMED,event_type semantic rule,True,PROVIDED_SOURCE_PRESENT,NONPAIRABLE_OR_NONCORE_DEFERRED,NOT_CONFIRMED_THIS_PASS,,,SOURCE1_PRESENT_SECONDARY_NOT_CONFIRMED,TAXONOMY_CONFIRMED_SECONDARY_UNCONFIRMED,False,False
1,NEW_DEV_2_CONSUMED,NEWDEV2_061,Tony Levin,NEWDEV2_061_E001,1981,positive,major_appointment,"Joined the re-formed King Crimson, beginning one of his most prominent long-term musical collaborations.",medium,https://en.wikipedia.org/wiki/Tony_Levin,STATUS,APPOINTMENT_GAIN,DIRECT_EVENT_TYPE_RULE,positive,DIRECT_RULE_NEEDS_SOURCE_CONFIRMATION,NON_HIGH_TARGET_ASSIGNMENT|SECOND_SOURCE_AUDIT_REQUIRED,True,False,False,STATUS,APPOINTMENT_GAIN,positive,CONFIRMED,event_type semantic rule,True,PROVIDED_SOURCE_PRESENT,NONPAIRABLE_OR_NONCORE_DEFERRED,NOT_CONFIRMED_THIS_PASS,,,SOURCE1_PRESENT_SECONDARY_NOT_CONFIRMED,TAXONOMY_CONFIRMED_SECONDARY_UNCONFIRMED,False,False
1,NEW_DEV_2_CONSUMED,NEWDEV2_065,George Foreman,NEWDEV2_065_E001,1973,positive,major_title,Won the world heavyweight boxing championship by defeating Joe Frazier.,high,https://en.wikipedia.org/wiki/George_Foreman,COMPETITIVE,TITLE_WIN,DIRECT_EVENT_TYPE_RULE,positive,DIRECT_RULE_NEEDS_SOURCE_CONFIRMATION,SECOND_SOURCE_AUDIT_REQUIRED,True,True,False,COMPETITIVE,TITLE_WIN,positive,CONFIRMED,event_type semantic rule,True,PROVIDED_SOURCE_PRESENT,PAIR_CANDIDATE_TARGETED,CONFIRMED,WBC / major contemporary historical coverage,1973 Frazier title win and 1974 Ali title loss verified.,SECONDARY_CONFIRMED,SOURCE_VERIFIED_PAIR_CANDIDATE_CHRONOLOGY_BLOCK,True,False
1,NEW_DEV_2_CONSUMED,NEWDEV2_065,George Foreman,NEWDEV2_065_E002,1974,negative,major_loss,Lost the heavyweight title to Muhammad Ali in the Rumble in the Jungle.,high,https://en.wikipedia.org/wiki/George_Foreman,COMPETITIVE,MAJOR_LOSS,DIRECT_EVENT_TYPE_RULE,negative,DIRECT_RULE_NEEDS_SOURCE_CONFIRMATION,SECOND_SOURCE_AUDIT_REQUIRED,True,True,False,COMPETITIVE,MAJOR_LOSS,negative,CONFIRMED,event_type semantic rule,True,PROVIDED_SOURCE_PRESENT,PAIR_CANDIDATE_TARGETED,CONFIRMED,WBC / major contemporary historical coverage,1973 Frazier title win and 1974 Ali title loss verified.,SECONDARY_CONFIRMED,SOURCE_VERIFIED_PAIR_CANDIDATE_CHRONOLOGY_BLOCK,True,False
1,NEW_DEV_2_CONSUMED,NEWDEV2_066,George Galloway,NEWDEV2_066_E001,2005,positive,election_win,Won the Bethnal Green and Bow parliamentary seat as a Respect Party candidate.,high,https://en.wikipedia.org/wiki/George_Galloway,STATUS,ELECTION_WIN,DIRECT_EVENT_TYPE_RULE,positive,DIRECT_RULE_NEEDS_SOURCE_CONFIRMATION,SECOND_SOURCE_AUDIT_REQUIRED,True,True,False,STATUS,ELECTION_WIN,positive,CONFIRMED,event_type semantic rule,True,PROVIDED_SOURCE_PRESENT,PAIR_CANDIDATE_TARGETED,CONFIRMED,The Guardian election coverage,2005 Bethnal Green win and 2010 Poplar & Limehouse loss verified.,SECONDARY_CONFIRMED,SOURCE_VERIFIED_PAIR_CANDIDATE_CHRONOLOGY_BLOCK,True,False
1,NEW_DEV_2_CONSUMED,NEWDEV2_066,George Galloway,NEWDEV2_066_E002,2010,negative,election_loss,Lost his attempt to win the Poplar and Limehouse parliamentary seat.,high,https://en.wikipedia.org/wiki/George_Galloway,STATUS,ELECTION_LOSS,DIRECT_EVENT_TYPE_RULE,negative,DIRECT_RULE_NEEDS_SOURCE_CONFIRMATION,SECOND_SOURCE_AUDIT_REQUIRED,True,True,False,STATUS,ELECTION_LOSS,negative,CONFIRMED,event_type semantic rule,True,PROVIDED_SOURCE_PRESENT,PAIR_CANDIDATE_TARGETED,CONFIRMED,The Guardian election coverage,2005 Bethnal Green win and 2010 Poplar & Limehouse loss verified.,SECONDARY_CONFIRMED,SOURCE_VERIFIED_PAIR_CANDIDATE_CHRONOLOGY_BLOCK,True,False
1,NEW_DEV_2_CONSUMED,NEWDEV2_067,Gerald Ford,NEWDEV2_067_E001,1974,positive,major_appointment,Became President of the United States after Richard Nixon resigned.,high,https://en.wikipedia.org/wiki/Gerald_Ford,STATUS,APPOINTMENT_GAIN,DIRECT_EVENT_TYPE_RULE,positive,DIRECT_RULE_NEEDS_SOURCE_CONFIRMATION,SECOND_SOURCE_AUDIT_REQUIRED,True,True,False,STATUS,APPOINTMENT_GAIN,positive,CONFIRMED,event_type semantic rule,True,PROVIDED_SOURCE_PRESENT,PAIR_CANDIDATE_TARGETED,CONFIRMED,U.S. National Archives,1974 accession to presidency and 1976 election loss verified.,SECONDARY_CONFIRMED,SOURCE_VERIFIED_PAIR_CANDIDATE_CHRONOLOGY_BLOCK,True,False
1,NEW_DEV_2_CONSUMED,NEWDEV2_067,Gerald Ford,NEWDEV2_067_E002,1976,negative,election_loss,Lost the presidential election to Jimmy Carter.,high,https://en.wikipedia.org/wiki/Gerald_Ford,STATUS,ELECTION_LOSS,DIRECT_EVENT_TYPE_RULE,negative,DIRECT_RULE_NEEDS_SOURCE_CONFIRMATION,SECOND_SOURCE_AUDIT_REQUIRED,True,True,False,STATUS,ELECTION_LOSS,negative,CONFIRMED,event_type semantic rule,True,PROVIDED_SOURCE_PRESENT,PAIR_CANDIDATE_TARGETED,CONFIRMED,U.S. National Archives,1974 accession to presidency and 1976 election loss verified.,SECONDARY_CONFIRMED,SOURCE_VERIFIED_PAIR_CANDIDATE_CHRONOLOGY_BLOCK,True,False
1,NEW_DEV_2_CONSUMED,NEWDEV2_075,Carmen Basilio,NEWDEV2_075_E001,1957,positive,major_title,Defeated Sugar Ray Robinson to win the world middleweight championship.,high,https://en.wikipedia.org/wiki/Carmen_Basilio,COMPETITIVE,TITLE_WIN,DIRECT_EVENT_TYPE_RULE,positive,DIRECT_RULE_NEEDS_SOURCE_CONFIRMATION,SECOND_SOURCE_AUDIT_REQUIRED,True,True,False,COMPETITIVE,TITLE_WIN,positive,CONFIRMED,event_type semantic rule,True,PROVIDED_SOURCE_PRESENT,PAIR_CANDIDATE_TARGETED,CONFIRMED,LA Times / History.com boxing history,1957 Robinson title win and 1958 rematch title loss verified.,SECONDARY_CONFIRMED,SOURCE_VERIFIED_PAIR_CANDIDATE_CHRONOLOGY_BLOCK,True,False
1,NEW_DEV_2_CONSUMED,NEWDEV2_075,Carmen Basilio,NEWDEV2_075_E002,1958,negative,major_loss,Lost the middleweight title back to Robinson in their rematch.,high,https://en.wikipedia.org/wiki/Carmen_Basilio,COMPETITIVE,MAJOR_LOSS,DIRECT_EVENT_TYPE_RULE,negative,DIRECT_RULE_NEEDS_SOURCE_CONFIRMATION,SECOND_SOURCE_AUDIT_REQUIRED,True,True,False,COMPETITIVE,MAJOR_LOSS,negative,CONFIRMED,event_type semantic rule,True,PROVIDED_SOURCE_PRESENT,PAIR_CANDIDATE_TARGETED,CONFIRMED,LA Times / History.com boxing history,1957 Robinson title win and 1958 rematch title loss verified.,SECONDARY_CONFIRMED,SOURCE_VERIFIED_PAIR_CANDIDATE_CHRONOLOGY_BLOCK,True,False
1,NEW_DEV_2_CONSUMED,NEWDEV2_078,Dennis Ralston,NEWDEV2_078_E001,1963,positive,major_title,Helped the United States win the Davis Cup.,high,https://en.wikipedia.org/wiki/Dennis_Ralston,COMPETITIVE,TITLE_WIN,DIRECT_EVENT_TYPE_RULE,positive,DIRECT_RULE_NEEDS_SOURCE_CONFIRMATION,SECOND_SOURCE_AUDIT_REQUIRED,True,True,False,COMPETITIVE,TITLE_WIN,positive,CONFIRMED,event_type semantic rule,True,PROVIDED_SOURCE_PRESENT,PAIR_CANDIDATE_TARGETED,CONFIRMED,ITF / Reuters Wimbledon history,1963 Davis Cup win and 1966 Wimbledon final loss verified.,SECONDARY_CONFIRMED,SOURCE_VERIFIED_PAIR_CANDIDATE_CHRONOLOGY_BLOCK,True,False
1,NEW_DEV_2_CONSUMED,NEWDEV2_078,Dennis Ralston,NEWDEV2_078_E002,1966,negative,major_loss,Lost the Wimbledon men's singles final to Manuel Santana.,high,https://en.wikipedia.org/wiki/Dennis_Ralston,COMPETITIVE,MAJOR_LOSS,DIRECT_EVENT_TYPE_RULE,negative,DIRECT_RULE_NEEDS_SOURCE_CONFIRMATION,SECOND_SOURCE_AUDIT_REQUIRED,True,True,False,COMPETITIVE,MAJOR_LOSS,negative,CONFIRMED,event_type semantic rule,True,PROVIDED_SOURCE_PRESENT,PAIR_CANDIDATE_TARGETED,CONFIRMED,ITF / Reuters Wimbledon history,1963 Davis Cup win and 1966 Wimbledon final loss verified.,SECONDARY_CONFIRMED,SOURCE_VERIFIED_PAIR_CANDIDATE_CHRONOLOGY_BLOCK,True,False
1,NEW_DEV_2_CONSUMED,NEWDEV2_079,Jimmy Johnson,NEWDEV2_079_E001,1993,positive,major_title,Coached the Dallas Cowboys to victory in Super Bowl XXVII.,high,https://www.dallascowboys.com/team/roh-jimmy-johnson,COMPETITIVE,TITLE_WIN,DIRECT_EVENT_TYPE_RULE,positive,DIRECT_RULE_NEEDS_SOURCE_CONFIRMATION,,True,False,False,COMPETITIVE,TITLE_WIN,positive,CONFIRMED,event_type semantic rule,True,PROVIDED_SOURCE_PRESENT,NONPAIRABLE_OR_NONCORE_DEFERRED,NOT_CONFIRMED_THIS_PASS,,,SOURCE1_PRESENT_SECONDARY_NOT_CONFIRMED,TAXONOMY_CONFIRMED_SECONDARY_UNCONFIRMED,False,False
1,NEW_DEV_2_CONSUMED,NEWDEV2_082,Elizabeth Dole,NEWDEV2_082_E001,2002,positive,election_win,Won election to the U.S. Senate from North Carolina.,high,https://en.wikipedia.org/wiki/Elizabeth_Dole,STATUS,ELECTION_WIN,DIRECT_EVENT_TYPE_RULE,positive,DIRECT_RULE_NEEDS_SOURCE_CONFIRMATION,SECOND_SOURCE_AUDIT_REQUIRED,True,True,False,STATUS,ELECTION_WIN,positive,CONFIRMED,event_type semantic rule,True,PROVIDED_SOURCE_PRESENT,PAIR_CANDIDATE_TARGETED,CONFIRMED,U.S. House History / Biographical Directory of Congress,2002 Senate election and 2008 unsuccessful reelection verified.,SECONDARY_CONFIRMED,SOURCE_VERIFIED_PAIR_CANDIDATE_CHRONOLOGY_BLOCK,True,False
1,NEW_DEV_2_CONSUMED,NEWDEV2_082,Elizabeth Dole,NEWDEV2_082_E002,2008,negative,election_loss,Lost her Senate reelection bid to Kay Hagan.,high,https://en.wikipedia.org/wiki/Elizabeth_Dole,STATUS,ELECTION_LOSS,DIRECT_EVENT_TYPE_RULE,negative,DIRECT_RULE_NEEDS_SOURCE_CONFIRMATION,SECOND_SOURCE_AUDIT_REQUIRED,True,True,False,STATUS,ELECTION_LOSS,negative,CONFIRMED,event_type semantic rule,True,PROVIDED_SOURCE_PRESENT,PAIR_CANDIDATE_TARGETED,CONFIRMED,U.S. House History / Biographical Directory of Congress,2002 Senate election and 2008 unsuccessful reelection verified.,SECONDARY_CONFIRMED,SOURCE_VERIFIED_PAIR_CANDIDATE_CHRONOLOGY_BLOCK,True,False
1,NEW_DEV_2_CONSUMED,NEWDEV2_089,Robert Byrd,NEWDEV2_089_E001,1987,positive,major_appointment,Became U.S. Senate Majority Leader.,high,https://en.wikipedia.org/wiki/Robert_Byrd,STATUS,APPOINTMENT_GAIN,DIRECT_EVENT_TYPE_RULE,positive,DIRECT_RULE_NEEDS_SOURCE_CONFIRMATION,SECOND_SOURCE_AUDIT_REQUIRED,True,True,False,STATUS,APPOINTMENT_GAIN,positive,CONFIRMED,event_type semantic rule,True,PROVIDED_SOURCE_PRESENT,PAIR_CANDIDATE_TARGETED,CONFIRMED,U.S. Senate Historical Office / LA Times,1987 Majority Leader tenure and 1988 Mitchell succession leadership loss verified.,SECONDARY_CONFIRMED,SOURCE_VERIFIED_PAIR_CANDIDATE_CHRONOLOGY_BLOCK,True,False
1,NEW_DEV_2_CONSUMED,NEWDEV2_089,Robert Byrd,NEWDEV2_089_E002,1988,negative,leadership_loss,Lost the Democratic leadership contest to George Mitchell for the following Congress.,high,https://en.wikipedia.org/wiki/Robert_Byrd,STATUS,ROLE_LOSS,DIRECT_EVENT_TYPE_RULE,negative,DIRECT_RULE_NEEDS_SOURCE_CONFIRMATION,SECOND_SOURCE_AUDIT_REQUIRED,True,True,False,STATUS,ROLE_LOSS,negative,CONFIRMED,event_type semantic rule,True,PROVIDED_SOURCE_PRESENT,PAIR_CANDIDATE_TARGETED,CONFIRMED,U.S. Senate Historical Office / LA Times,1987 Majority Leader tenure and 1988 Mitchell succession leadership loss verified.,SECONDARY_CONFIRMED,SOURCE_VERIFIED_PAIR_CANDIDATE_CHRONOLOGY_BLOCK,True,False
1,NEW_DEV_2_CONSUMED,NEWDEV2_090,Tony Trabert,NEWDEV2_090_E001,1955,positive,major_title,"Won the French Championships, Wimbledon, and U.S. Championships in a dominant amateur season.",high,https://en.wikipedia.org/wiki/Tony_Trabert,COMPETITIVE,TITLE_WIN,DIRECT_EVENT_TYPE_RULE,positive,DIRECT_RULE_NEEDS_SOURCE_CONFIRMATION,SECOND_SOURCE_AUDIT_REQUIRED,True,True,False,COMPETITIVE,TITLE_WIN,positive,CONFIRMED,event_type semantic rule,True,PROVIDED_SOURCE_PRESENT,PAIR_CANDIDATE_TARGETED,CONFIRMED,ATP official history,1955 three-major season and 1956 pro-tour loss to Gonzales verified.,SECONDARY_CONFIRMED,SOURCE_VERIFIED_PAIR_CANDIDATE_CHRONOLOGY_BLOCK,True,False
1,NEW_DEV_2_CONSUMED,NEWDEV2_090,Tony Trabert,NEWDEV2_090_E002,1956,negative,major_loss,"After turning professional, he lost major head-to-head professional series to Pancho Gonzales.",high,https://en.wikipedia.org/wiki/Tony_Trabert,COMPETITIVE,MAJOR_LOSS,DIRECT_EVENT_TYPE_RULE,negative,DIRECT_RULE_NEEDS_SOURCE_CONFIRMATION,SECOND_SOURCE_AUDIT_REQUIRED,True,True,False,COMPETITIVE,MAJOR_LOSS,negative,CONFIRMED,event_type semantic rule,True,PROVIDED_SOURCE_PRESENT,PAIR_CANDIDATE_TARGETED,CONFIRMED,ATP official history,1955 three-major season and 1956 pro-tour loss to Gonzales verified.,SECONDARY_CONFIRMED,SOURCE_VERIFIED_PAIR_CANDIDATE_CHRONOLOGY_BLOCK,True,False
1,NEW_DEV_2_CONSUMED,NEWDEV2_092,Michael Llodra,NEWDEV2_092_E001,2004,positive,major_title,Won the Australian Open men's doubles championship.,high,https://en.wikipedia.org/wiki/Michael_Llodra,COMPETITIVE,TITLE_WIN,DIRECT_EVENT_TYPE_RULE,positive,DIRECT_RULE_NEEDS_SOURCE_CONFIRMATION,SECOND_SOURCE_AUDIT_REQUIRED,True,False,False,COMPETITIVE,TITLE_WIN,positive,CONFIRMED,event_type semantic rule,True,PROVIDED_SOURCE_PRESENT,NONPAIRABLE_OR_NONCORE_DEFERRED,NOT_CONFIRMED_THIS_PASS,,,SOURCE1_PRESENT_SECONDARY_NOT_CONFIRMED,TAXONOMY_CONFIRMED_SECONDARY_UNCONFIRMED,False,False
1,NEW_DEV_2_CONSUMED,NEWDEV2_093,Aaron Pryor,NEWDEV2_093_E001,1982,positive,major_title,Defeated Alexis Argüello by TKO in a celebrated junior-welterweight title defense.,high,https://en.wikipedia.org/wiki/Aaron_Pryor,COMPETITIVE,TITLE_WIN,DIRECT_EVENT_TYPE_RULE,positive,DIRECT_RULE_NEEDS_SOURCE_CONFIRMATION,SECOND_SOURCE_AUDIT_REQUIRED,True,True,False,COMPETITIVE,TITLE_WIN,positive,CONFIRMED,event_type semantic rule,True,PROVIDED_SOURCE_PRESENT,PAIR_CANDIDATE_TARGETED,CONFIRMED,UPI / BoxRec,1982 Arguello win and 1987 first career loss to Bobby Joe Young verified.,SECONDARY_CONFIRMED,SOURCE_VERIFIED_PAIR_CANDIDATE_CHRONOLOGY_BLOCK,True,False
1,NEW_DEV_2_CONSUMED,NEWDEV2_093,Aaron Pryor,NEWDEV2_093_E002,1987,negative,major_loss,"Suffered the first loss of his professional career, a TKO defeat to Bobby Joe Young during a troubled comeback.",high,https://en.wikipedia.org/wiki/Aaron_Pryor,COMPETITIVE,MAJOR_LOSS,DIRECT_EVENT_TYPE_RULE,negative,DIRECT_RULE_NEEDS_SOURCE_CONFIRMATION,SECOND_SOURCE_AUDIT_REQUIRED,True,True,False,COMPETITIVE,MAJOR_LOSS,negative,CONFIRMED,event_type semantic rule,True,PROVIDED_SOURCE_PRESENT,PAIR_CANDIDATE_TARGETED,CONFIRMED,UPI / BoxRec,1982 Arguello win and 1987 first career loss to Bobby Joe Young verified.,SECONDARY_CONFIRMED,SOURCE_VERIFIED_PAIR_CANDIDATE_CHRONOLOGY_BLOCK,True,False
1,NEW_DEV_2_CONSUMED,NEWDEV2_096,John Thomas,NEWDEV2_096_E001,1961,positive,world_record,Set a world record in the high jump during his rise as one of the era's leading jumpers.,high,https://en.wikipedia.org/wiki/John_Thomas,COMPETITIVE,WORLD_RECORD,DIRECT_EVENT_TYPE_RULE,positive,DIRECT_RULE_NEEDS_SOURCE_CONFIRMATION,SECOND_SOURCE_AUDIT_REQUIRED,True,False,False,COMPETITIVE,WORLD_RECORD,positive,CONFIRMED,event_type semantic rule,True,PROVIDED_SOURCE_PRESENT,PAIR_CANDIDATE_TARGETED,PARTIAL,Olympedia / athletics historical records,"World-record career verified, exact 1961 framing not cleanly confirmed in this pass.",SECONDARY_PARTIAL,TAXONOMY_CONFIRMED_SOURCE_PARTIAL,False,False
1,NEW_DEV_2_CONSUMED,NEWDEV2_096,John Thomas,NEWDEV2_096_E002,1964,negative,major_loss,Lost the Olympic high-jump final to Valeriy Brumel and took silver.,high,https://en.wikipedia.org/wiki/John_Thomas,COMPETITIVE,MAJOR_LOSS,DIRECT_EVENT_TYPE_RULE,negative,DIRECT_RULE_NEEDS_SOURCE_CONFIRMATION,SECOND_SOURCE_AUDIT_REQUIRED,True,True,False,COMPETITIVE,MAJOR_LOSS,negative,CONFIRMED,event_type semantic rule,True,PROVIDED_SOURCE_PRESENT,PAIR_CANDIDATE_TARGETED,CONFIRMED,Olympedia,1964 Olympic silver behind Brumel verified.,SECONDARY_CONFIRMED,CONFIRMED_BUT_NO_CONFIRMED_OPPOSITE_PAIR,False,False
1,NEW_DEV_2_CONSUMED,NEWDEV2_097,Patrick Sercu,NEWDEV2_097_E001,1964,positive,major_title,Won Olympic gold in the 1 km time trial.,high,https://en.wikipedia.org/wiki/Patrick_Sercu,COMPETITIVE,TITLE_WIN,DIRECT_EVENT_TYPE_RULE,positive,DIRECT_RULE_NEEDS_SOURCE_CONFIRMATION,SECOND_SOURCE_AUDIT_REQUIRED,True,True,False,COMPETITIVE,TITLE_WIN,positive,CONFIRMED,event_type semantic rule,True,PROVIDED_SOURCE_PRESENT,PAIR_CANDIDATE_TARGETED,CONFIRMED,Olympedia,1964 Olympic 1 km time-trial gold verified.,SECONDARY_CONFIRMED,CONFIRMED_BUT_NO_CONFIRMED_OPPOSITE_PAIR,False,False
1,NEW_DEV_2_CONSUMED,NEWDEV2_097,Patrick Sercu,NEWDEV2_097_E002,1968,negative,major_loss,Finished runner-up in the professional sprint world championship rather than retaining the title he had won in 1967.,high,https://en.wikipedia.org/wiki/Patrick_Sercu,COMPETITIVE,MAJOR_LOSS,DIRECT_EVENT_TYPE_RULE,negative,DIRECT_RULE_NEEDS_SOURCE_CONFIRMATION,SECOND_SOURCE_AUDIT_REQUIRED,True,False,False,COMPETITIVE,MAJOR_LOSS,negative,CONFIRMED,event_type semantic rule,True,PROVIDED_SOURCE_PRESENT,PAIR_CANDIDATE_TARGETED,NOT_CONFIRMED_THIS_PASS,,1968 professional sprint runner-up claim not independently confirmed in this pass.,SOURCE1_PRESENT_SECONDARY_NOT_CONFIRMED,TAXONOMY_CONFIRMED_SECONDARY_UNCONFIRMED,False,False
1,NEW_DEV_2_CONSUMED,NEWDEV2_099,Grégory Baugé,NEWDEV2_099_E001,2009,positive,major_title,Won the individual sprint world championship in track cycling.,high,https://en.wikipedia.org/wiki/Gr%C3%A9gory_Baug%C3%A9,COMPETITIVE,TITLE_WIN,DIRECT_EVENT_TYPE_RULE,positive,DIRECT_RULE_NEEDS_SOURCE_CONFIRMATION,SECOND_SOURCE_AUDIT_REQUIRED,True,False,False,COMPETITIVE,TITLE_WIN,positive,CONFIRMED,event_type semantic rule,True,PROVIDED_SOURCE_PRESENT,NONPAIRABLE_OR_NONCORE_DEFERRED,NOT_CONFIRMED_THIS_PASS,,,SOURCE1_PRESENT_SECONDARY_NOT_CONFIRMED,TAXONOMY_CONFIRMED_SECONDARY_UNCONFIRMED,False,False
2,NEW_DEV_2_CONSUMED,NEWDEV2_001,Bob Dylan,NEWDEV2_001_E001,1965,positive,career_breakthrough,Highway 61 Revisited and the electric breakthrough cemented his emergence as a leading songwriter and rock artist.,high,https://en.wikipedia.org/wiki/Bob_Dylan,MILESTONE_OTHER,POSITIVE_MILESTONE_REVIEW,DESCRIPTION_SUGGESTION,positive,MANUAL_TAXONOMY_REVIEW_REQUIRED,SECOND_SOURCE_AUDIT_REQUIRED,True,False,False,PROJECT,CREATIVE_OR_MEDIA_PROJECT,positive,CONFIRMED,project outcome / reception / launch,True,PROVIDED_SOURCE_PRESENT,NONPAIRABLE_OR_NONCORE_DEFERRED,NOT_CONFIRMED_THIS_PASS,,,SOURCE1_PRESENT_SECONDARY_NOT_CONFIRMED,TAXONOMY_CONFIRMED_SECONDARY_UNCONFIRMED,False,False
2,NEW_DEV_2_CONSUMED,NEWDEV2_017,Bobby Bonds,NEWDEV2_017_E001,1973,positive,career_peak,"Produced a 30-home-run, 30-stolen-base season and finished high in MVP voting.",high,https://en.wikipedia.org/wiki/Bobby_Bonds,MILESTONE_OTHER,POSITIVE_MILESTONE_REVIEW,DESCRIPTION_SUGGESTION,positive,MANUAL_TAXONOMY_REVIEW_REQUIRED,SECOND_SOURCE_AUDIT_REQUIRED,True,False,False,RECOGNITION,FORMAL_RECOGNITION,positive,CONFIRMED,formal recognition/award,True,PROVIDED_SOURCE_PRESENT,NONPAIRABLE_OR_NONCORE_DEFERRED,NOT_CONFIRMED_THIS_PASS,,,SOURCE1_PRESENT_SECONDARY_NOT_CONFIRMED,TAXONOMY_CONFIRMED_SECONDARY_UNCONFIRMED,False,False
2,NEW_DEV_2_CONSUMED,NEWDEV2_019,Bo Derek,NEWDEV2_019_E001,1979,positive,career_breakthrough,The film 10 made her an international star and breakthrough screen figure.,high,https://en.wikipedia.org/wiki/Bo_Derek,PROJECT,PROJECT_KEYWORD_SUGGESTION,DESCRIPTION_SUGGESTION,positive,MANUAL_TAXONOMY_REVIEW_REQUIRED,SECOND_SOURCE_AUDIT_REQUIRED,True,True,False,PROJECT,CREATIVE_OR_MEDIA_PROJECT,positive,CONFIRMED,project outcome / reception / launch,True,PROVIDED_SOURCE_PRESENT,PAIR_CANDIDATE_TARGETED,CONFIRMED,Roger Ebert / film criticism records,10 breakthrough and Bolero critical failure verified.,SECONDARY_CONFIRMED,SOURCE_VERIFIED_PAIR_CANDIDATE_CHRONOLOGY_BLOCK,True,False
2,NEW_DEV_2_CONSUMED,NEWDEV2_022,Bill Blass,NEWDEV2_022_E001,1970,positive,career_breakthrough,Established Bill Blass Limited and became one of the leading American fashion designers of the era.,medium,https://en.wikipedia.org/wiki/Bill_Blass,MILESTONE_OTHER,POSITIVE_MILESTONE_REVIEW,DESCRIPTION_SUGGESTION,positive,MANUAL_TAXONOMY_REVIEW_REQUIRED,NON_HIGH_TARGET_ASSIGNMENT|SECOND_SOURCE_AUDIT_REQUIRED,True,False,False,STATUS,BUSINESS_LEADERSHIP_STATUS,positive,CONFIRMED,business leadership/status event,True,PROVIDED_SOURCE_PRESENT,NONPAIRABLE_OR_NONCORE_DEFERRED,NOT_CONFIRMED_THIS_PASS,,,SOURCE1_PRESENT_SECONDARY_NOT_CONFIRMED,TAXONOMY_CONFIRMED_SECONDARY_UNCONFIRMED,False,False
2,NEW_DEV_2_CONSUMED,NEWDEV2_023,Bill Engvall,NEWDEV2_023_E001,1997,positive,career_breakthrough,His comedy album Here's Your Sign was certified platinum and became his signature breakthrough.,high,https://en.wikipedia.org/wiki/Bill_Engvall,PROJECT,PROJECT_KEYWORD_SUGGESTION,DESCRIPTION_SUGGESTION,positive,MANUAL_TAXONOMY_REVIEW_REQUIRED,SECOND_SOURCE_AUDIT_REQUIRED,True,True,False,PROJECT,CREATIVE_OR_MEDIA_PROJECT,positive,CONFIRMED,project outcome / reception / launch,True,PROVIDED_SOURCE_PRESENT,PAIR_CANDIDATE_TARGETED,CONFIRMED,RIAA,Here’s Your Sign certification verified.,SECONDARY_CONFIRMED,CONFIRMED_BUT_NO_CONFIRMED_OPPOSITE_PAIR,False,False
2,NEW_DEV_2_CONSUMED,NEWDEV2_024,Bill Forsyth,NEWDEV2_024_E001,1983,positive,career_breakthrough,Local Hero brought major international critical acclaim and awards recognition.,high,https://en.wikipedia.org/wiki/Bill_Forsyth,RECOGNITION,RECOGNITION_KEYWORD_SUGGESTION,DESCRIPTION_SUGGESTION,positive,MANUAL_TAXONOMY_REVIEW_REQUIRED,SECOND_SOURCE_AUDIT_REQUIRED,True,True,False,PROJECT,CREATIVE_OR_MEDIA_PROJECT,positive,CONFIRMED,project outcome / reception / launch,True,PROVIDED_SOURCE_PRESENT,PAIR_CANDIDATE_TARGETED,CONFIRMED,BFI / film criticism archives,Local Hero acclaim and Gregory’s Two Girls poor reception/career pause verified.,SECONDARY_CONFIRMED,SOURCE_VERIFIED_PAIR_CANDIDATE_CHRONOLOGY_BLOCK,True,False
2,NEW_DEV_2_CONSUMED,NEWDEV2_025,Bill Guerin,NEWDEV2_025_E002,2021,negative,career_setback,Withdrew from a U.S. Olympic team-management role amid scrutiny connected to a prior misconduct complaint in Minnesota.,medium,https://en.wikipedia.org/wiki/Bill_Guerin,COMPETITIVE,COMPETITION_KEYWORD_SUGGESTION,DESCRIPTION_SUGGESTION,negative,MANUAL_TAXONOMY_REVIEW_REQUIRED,NON_HIGH_TARGET_ASSIGNMENT|SECOND_SOURCE_AUDIT_REQUIRED,True,False,False,MILESTONE_OTHER,BROAD_SETBACK,negative,CONFIRMED_NONPAIRABLE,event_type semantic rule,True,PROVIDED_SOURCE_PRESENT,NONPAIRABLE_OR_NONCORE_DEFERRED,NOT_CONFIRMED_THIS_PASS,,,SOURCE1_PRESENT_SECONDARY_NOT_CONFIRMED,CONFIRMED_TAXONOMY_NONPAIRABLE,False,False
2,NEW_DEV_2_CONSUMED,NEWDEV2_031,Billy Martin,NEWDEV2_031_E002,1978,negative,career_loss,Resigned under pressure and was replaced as Yankees manager during the season.,high,https://en.wikipedia.org/wiki/Billy_Martin,TRANSITION,TRANSITION_KEYWORD_SUGGESTION,DESCRIPTION_SUGGESTION,unassigned,MANUAL_TAXONOMY_REVIEW_REQUIRED,SECOND_SOURCE_AUDIT_REQUIRED,True,False,False,TRANSITION,VOLUNTARY_OR_STRUCTURAL_TRANSITION,unassigned,REJECT_BINARY_TRANSITION,transition is not negative by default,True,PROVIDED_SOURCE_PRESENT,NONPAIRABLE_OR_NONCORE_DEFERRED,NOT_CONFIRMED_THIS_PASS,,,SOURCE1_PRESENT_SECONDARY_NOT_CONFIRMED,REJECT_TRANSITION_NONBINARY,False,False
2,NEW_DEV_2_CONSUMED,NEWDEV2_032,Billy Joe Shaver,NEWDEV2_032_E001,1973,positive,career_breakthrough,"Released Old Five and Dimers Like Me, establishing his reputation as a key outlaw-country songwriter.",high,https://en.wikipedia.org/wiki/Billy_Joe_Shaver,MILESTONE_OTHER,POSITIVE_MILESTONE_REVIEW,DESCRIPTION_SUGGESTION,positive,MANUAL_TAXONOMY_REVIEW_REQUIRED,SECOND_SOURCE_AUDIT_REQUIRED,True,True,False,PROJECT,CREATIVE_OR_MEDIA_PROJECT,positive,CONFIRMED,project outcome / reception / launch,True,PROVIDED_SOURCE_PRESENT,PAIR_CANDIDATE_TARGETED,CONFIRMED,Pitchfork outlaw-country history,Old Five and Dimers Like Me / 1973 breakthrough context verified.,SECONDARY_CONFIRMED,CONFIRMED_BUT_NO_CONFIRMED_OPPOSITE_PAIR,False,False
2,NEW_DEV_2_CONSUMED,NEWDEV2_033,Billy Mackenzie,NEWDEV2_033_E001,1982,positive,career_breakthrough,The Associates' album Sulk achieved major UK critical and commercial success.,high,https://en.wikipedia.org/wiki/Billy_Mackenzie,PROJECT,PROJECT_KEYWORD_SUGGESTION,DESCRIPTION_SUGGESTION,positive,MANUAL_TAXONOMY_REVIEW_REQUIRED,SECOND_SOURCE_AUDIT_REQUIRED,True,False,False,PROJECT,CREATIVE_OR_MEDIA_PROJECT,positive,CONFIRMED,project outcome / reception / launch,True,PROVIDED_SOURCE_PRESENT,NONPAIRABLE_OR_NONCORE_DEFERRED,NOT_CONFIRMED_THIS_PASS,,,SOURCE1_PRESENT_SECONDARY_NOT_CONFIRMED,TAXONOMY_CONFIRMED_SECONDARY_UNCONFIRMED,False,False
2,NEW_DEV_2_CONSUMED,NEWDEV2_044,Tom Poti,NEWDEV2_044_E001,2000,positive,career_breakthrough,Earned NHL All-Rookie honors after establishing himself as an offensive defenseman.,medium,https://en.wikipedia.org/wiki/Tom_Poti,MILESTONE_OTHER,POSITIVE_MILESTONE_REVIEW,DESCRIPTION_SUGGESTION,positive,MANUAL_TAXONOMY_REVIEW_REQUIRED,NON_HIGH_TARGET_ASSIGNMENT|SECOND_SOURCE_AUDIT_REQUIRED,True,False,False,RECOGNITION,FORMAL_RECOGNITION,positive,CONFIRMED,formal recognition/award,True,PROVIDED_SOURCE_PRESENT,NONPAIRABLE_OR_NONCORE_DEFERRED,NOT_CONFIRMED_THIS_PASS,,,SOURCE1_PRESENT_SECONDARY_NOT_CONFIRMED,TAXONOMY_CONFIRMED_SECONDARY_UNCONFIRMED,False,False
2,NEW_DEV_2_CONSUMED,NEWDEV2_051,Tom Scholz,NEWDEV2_051_E001,1976,positive,career_breakthrough,Boston's debut album became a massive commercial success and launched the band internationally.,high,https://en.wikipedia.org/wiki/Tom_Scholz,PROJECT,PROJECT_KEYWORD_SUGGESTION,DESCRIPTION_SUGGESTION,positive,MANUAL_TAXONOMY_REVIEW_REQUIRED,SECOND_SOURCE_AUDIT_REQUIRED,True,False,False,PROJECT,CREATIVE_OR_MEDIA_PROJECT,positive,CONFIRMED,project outcome / reception / launch,True,PROVIDED_SOURCE_PRESENT,NONPAIRABLE_OR_NONCORE_DEFERRED,NOT_CONFIRMED_THIS_PASS,,,SOURCE1_PRESENT_SECONDARY_NOT_CONFIRMED,TAXONOMY_CONFIRMED_SECONDARY_UNCONFIRMED,False,False
2,NEW_DEV_2_CONSUMED,NEWDEV2_057,Tony Gwynn,NEWDEV2_057_E001,1994,positive,career_peak,"Hit .394, the highest National League batting average since 1930, in a career-defining season.",high,https://en.wikipedia.org/wiki/Tony_Gwynn,MILESTONE_OTHER,POSITIVE_MILESTONE_REVIEW,DESCRIPTION_SUGGESTION,positive,MANUAL_TAXONOMY_REVIEW_REQUIRED,SECOND_SOURCE_AUDIT_REQUIRED,True,False,False,COMPETITIVE,COMPETITION_OR_PERFORMANCE,positive,CONFIRMED,explicit competitive/performance outcome,True,PROVIDED_SOURCE_PRESENT,NONPAIRABLE_OR_NONCORE_DEFERRED,NOT_CONFIRMED_THIS_PASS,,,SOURCE1_PRESENT_SECONDARY_NOT_CONFIRMED,TAXONOMY_CONFIRMED_SECONDARY_UNCONFIRMED,False,False
2,NEW_DEV_2_CONSUMED,NEWDEV2_058,Tony Hawk,NEWDEV2_058_E001,1999,positive,career_peak,Landed the first documented 900 in skateboarding competition at the X Games.,high,https://en.wikipedia.org/wiki/Tony_Hawk,MILESTONE_OTHER,POSITIVE_MILESTONE_REVIEW,DESCRIPTION_SUGGESTION,positive,MANUAL_TAXONOMY_REVIEW_REQUIRED,SECOND_SOURCE_AUDIT_REQUIRED,True,False,False,COMPETITIVE,COMPETITION_OR_PERFORMANCE,positive,CONFIRMED,explicit competitive/performance outcome,True,PROVIDED_SOURCE_PRESENT,NONPAIRABLE_OR_NONCORE_DEFERRED,NOT_CONFIRMED_THIS_PASS,,,SOURCE1_PRESENT_SECONDARY_NOT_CONFIRMED,TAXONOMY_CONFIRMED_SECONDARY_UNCONFIRMED,False,False
2,NEW_DEV_2_CONSUMED,NEWDEV2_062,Tony Mendez,NEWDEV2_062_E001,1980,positive,career_peak,Led the CIA exfiltration operation later known as the Canadian Caper during the Iran hostage crisis.,high,https://en.wikipedia.org/wiki/Tony_Mendez,MILESTONE_OTHER,POSITIVE_MILESTONE_REVIEW,DESCRIPTION_SUGGESTION,positive,MANUAL_TAXONOMY_REVIEW_REQUIRED,SECOND_SOURCE_AUDIT_REQUIRED,True,False,False,MILESTONE_OTHER,TECHNICAL_OR_PROFESSIONAL_MILESTONE,positive,CONFIRMED_NONPAIRABLE,concrete milestone but no symmetric binary mechanism,True,PROVIDED_SOURCE_PRESENT,NONPAIRABLE_OR_NONCORE_DEFERRED,NOT_CONFIRMED_THIS_PASS,,,SOURCE1_PRESENT_SECONDARY_NOT_CONFIRMED,CONFIRMED_TAXONOMY_NONPAIRABLE,False,False
2,NEW_DEV_2_CONSUMED,NEWDEV2_063,Tony Conigliaro,NEWDEV2_063_E001,1965,positive,career_peak,Led the American League in home runs at age 20.,high,https://en.wikipedia.org/wiki/Tony_Conigliaro,MILESTONE_OTHER,POSITIVE_MILESTONE_REVIEW,DESCRIPTION_SUGGESTION,positive,MANUAL_TAXONOMY_REVIEW_REQUIRED,SECOND_SOURCE_AUDIT_REQUIRED,True,False,False,COMPETITIVE,COMPETITION_OR_PERFORMANCE,positive,CONFIRMED,explicit competitive/performance outcome,True,PROVIDED_SOURCE_PRESENT,NONPAIRABLE_OR_NONCORE_DEFERRED,NOT_CONFIRMED_THIS_PASS,,,SOURCE1_PRESENT_SECONDARY_NOT_CONFIRMED,TAXONOMY_CONFIRMED_SECONDARY_UNCONFIRMED,False,False
2,NEW_DEV_2_CONSUMED,NEWDEV2_068,Gerard Butler,NEWDEV2_068_E001,2007,positive,career_breakthrough,300 became an international box-office success and made him a leading action star.,high,https://en.wikipedia.org/wiki/Gerard_Butler,PROJECT,PROJECT_KEYWORD_SUGGESTION,DESCRIPTION_SUGGESTION,positive,MANUAL_TAXONOMY_REVIEW_REQUIRED,SECOND_SOURCE_AUDIT_REQUIRED,True,True,False,PROJECT,CREATIVE_OR_MEDIA_PROJECT,positive,CONFIRMED,project outcome / reception / launch,True,PROVIDED_SOURCE_PRESENT,PAIR_CANDIDATE_TARGETED,CONFIRMED,Entertainment Weekly / Rotten Tomatoes / Box Office Mojo,300 breakthrough and Geostorm poor critical/commercial outcome verified.,SECONDARY_CONFIRMED,SOURCE_VERIFIED_PAIR_CANDIDATE_CHRONOLOGY_BLOCK,True,False
2,NEW_DEV_2_CONSUMED,NEWDEV2_069,Geraldine Chaplin,NEWDEV2_069_E001,1965,positive,career_breakthrough,Doctor Zhivago brought international recognition and a Golden Globe nomination.,high,https://en.wikipedia.org/wiki/Geraldine_Chaplin,RECOGNITION,RECOGNITION_KEYWORD_SUGGESTION,DESCRIPTION_SUGGESTION,positive,MANUAL_TAXONOMY_REVIEW_REQUIRED,SECOND_SOURCE_AUDIT_REQUIRED,True,False,False,RECOGNITION,FORMAL_RECOGNITION,positive,CONFIRMED,formal recognition/award,True,PROVIDED_SOURCE_PRESENT,NONPAIRABLE_OR_NONCORE_DEFERRED,NOT_CONFIRMED_THIS_PASS,,,SOURCE1_PRESENT_SECONDARY_NOT_CONFIRMED,TAXONOMY_CONFIRMED_SECONDARY_UNCONFIRMED,False,False
2,NEW_DEV_2_CONSUMED,NEWDEV2_070,Carol Burnett,NEWDEV2_070_E001,1967,positive,career_breakthrough,The Carol Burnett Show premiered and became a major long-running television success.,high,https://en.wikipedia.org/wiki/Carol_Burnett,PROJECT,PROJECT_KEYWORD_SUGGESTION,DESCRIPTION_SUGGESTION,positive,MANUAL_TAXONOMY_REVIEW_REQUIRED,SECOND_SOURCE_AUDIT_REQUIRED,True,True,False,PROJECT,CREATIVE_OR_MEDIA_PROJECT,positive,CONFIRMED,project outcome / reception / launch,True,PROVIDED_SOURCE_PRESENT,PAIR_CANDIDATE_TARGETED,CONFIRMED,New Yorker / Los Angeles Times,1967 long-running show launch and 1991 comeback cancellation verified.,SECONDARY_CONFIRMED,SOURCE_VERIFIED_PAIR_CANDIDATE_CHRONOLOGY_BLOCK,True,False
2,NEW_DEV_2_CONSUMED,NEWDEV2_073,Carmen Miranda,NEWDEV2_073_E001,1940,positive,career_breakthrough,Made her Hollywood breakthrough in Down Argentine Way and became a major U.S. star.,high,https://en.wikipedia.org/wiki/Carmen_Miranda,MILESTONE_OTHER,POSITIVE_MILESTONE_REVIEW,DESCRIPTION_SUGGESTION,positive,MANUAL_TAXONOMY_REVIEW_REQUIRED,SECOND_SOURCE_AUDIT_REQUIRED,True,False,False,MILESTONE_OTHER,BROAD_CAREER_MILESTONE,positive,CONFIRMED_NONPAIRABLE,broad career milestone not safely assigned to one mechanism,True,PROVIDED_SOURCE_PRESENT,NONPAIRABLE_OR_NONCORE_DEFERRED,NOT_CONFIRMED_THIS_PASS,,,SOURCE1_PRESENT_SECONDARY_NOT_CONFIRMED,CONFIRMED_TAXONOMY_NONPAIRABLE,False,False
2,NEW_DEV_2_CONSUMED,NEWDEV2_074,Carmen Electra,NEWDEV2_074_E001,1997,positive,career_breakthrough,Joined Baywatch and gained wide television recognition.,high,https://en.wikipedia.org/wiki/Carmen_Electra,MILESTONE_OTHER,POSITIVE_MILESTONE_REVIEW,DESCRIPTION_SUGGESTION,positive,MANUAL_TAXONOMY_REVIEW_REQUIRED,SECOND_SOURCE_AUDIT_REQUIRED,True,True,False,PROJECT,CREATIVE_OR_MEDIA_PROJECT,positive,CONFIRMED,project outcome / reception / launch,True,PROVIDED_SOURCE_PRESENT,PAIR_CANDIDATE_TARGETED,CONFIRMED,People / Rotten Tomatoes,Baywatch recognition and Dirty Love critical/Razzie failure verified.,SECONDARY_CONFIRMED,SOURCE_VERIFIED_PAIR_CANDIDATE_CHRONOLOGY_BLOCK,True,False
2,NEW_DEV_2_CONSUMED,NEWDEV2_076,Dennis Weaver,NEWDEV2_076_E001,1970,positive,career_breakthrough,"Began starring in McCloud, one of his best-known lead television roles.",high,https://en.wikipedia.org/wiki/Dennis_Weaver,MILESTONE_OTHER,POSITIVE_MILESTONE_REVIEW,DESCRIPTION_SUGGESTION,positive,MANUAL_TAXONOMY_REVIEW_REQUIRED,SECOND_SOURCE_AUDIT_REQUIRED,True,False,False,PROJECT,CREATIVE_OR_MEDIA_PROJECT,positive,CONFIRMED,project outcome / reception / launch,True,PROVIDED_SOURCE_PRESENT,NONPAIRABLE_OR_NONCORE_DEFERRED,NOT_CONFIRMED_THIS_PASS,,,SOURCE1_PRESENT_SECONDARY_NOT_CONFIRMED,TAXONOMY_CONFIRMED_SECONDARY_UNCONFIRMED,False,False
2,NEW_DEV_2_CONSUMED,NEWDEV2_077,Dennis Wilson,NEWDEV2_077_E001,1977,positive,career_breakthrough,"Released Pacific Ocean Blue, a well-regarded solo album and landmark outside the Beach Boys.",high,https://en.wikipedia.org/wiki/Dennis_Wilson,PROJECT,PROJECT_KEYWORD_SUGGESTION,DESCRIPTION_SUGGESTION,positive,MANUAL_TAXONOMY_REVIEW_REQUIRED,SECOND_SOURCE_AUDIT_REQUIRED,True,True,False,PROJECT,CREATIVE_OR_MEDIA_PROJECT,positive,CONFIRMED,project outcome / reception / launch,True,PROVIDED_SOURCE_PRESENT,PAIR_CANDIDATE_TARGETED,CONFIRMED,AllMusic / Pitchfork / New Yorker,Pacific Ocean Blue acclaim and unfinished Bambu project verified.,SECONDARY_CONFIRMED,SOURCE_VERIFIED_PAIR_CANDIDATE_CHRONOLOGY_BLOCK,True,False
2,NEW_DEV_2_CONSUMED,NEWDEV2_080,Eliza Dushku,NEWDEV2_080_E001,2000,positive,career_breakthrough,Bring It On became a commercial hit while her Buffy/Angel role raised her profile.,high,https://en.wikipedia.org/wiki/Eliza_Dushku,MILESTONE_OTHER,POSITIVE_MILESTONE_REVIEW,DESCRIPTION_SUGGESTION,positive,MANUAL_TAXONOMY_REVIEW_REQUIRED,SECOND_SOURCE_AUDIT_REQUIRED,True,False,False,PROJECT,CREATIVE_OR_MEDIA_PROJECT,positive,CONFIRMED,project outcome / reception / launch,True,PROVIDED_SOURCE_PRESENT,PAIR_CANDIDATE_TARGETED,NOT_CONFIRMED_THIS_PASS,,Bring It On commercial-hit/breakthrough row not independently confirmed in this pass.,SOURCE1_PRESENT_SECONDARY_NOT_CONFIRMED,TAXONOMY_CONFIRMED_SECONDARY_UNCONFIRMED,False,False
2,NEW_DEV_2_CONSUMED,NEWDEV2_081,Elizabeth Banks,NEWDEV2_081_E001,2012,positive,career_breakthrough,The Hunger Games and Pitch Perfect franchises elevated her to major mainstream visibility.,high,https://en.wikipedia.org/wiki/Elizabeth_Banks,MILESTONE_OTHER,POSITIVE_MILESTONE_REVIEW,DESCRIPTION_SUGGESTION,positive,MANUAL_TAXONOMY_REVIEW_REQUIRED,SECOND_SOURCE_AUDIT_REQUIRED,True,True,False,PROJECT,CREATIVE_OR_MEDIA_PROJECT,positive,CONFIRMED,project outcome / reception / launch,True,PROVIDED_SOURCE_PRESENT,PAIR_CANDIDATE_TARGETED,CONFIRMED,Vanity Fair / The Numbers,Hunger Games/Pitch Perfect 2012 commercial career expansion supported.,SECONDARY_CONFIRMED,SOURCE_VERIFIED_PAIR_CANDIDATE_CHRONOLOGY_BLOCK,True,False
2,NEW_DEV_2_CONSUMED,NEWDEV2_083,Elizabeth Montgomery,NEWDEV2_083_E001,1964,positive,career_breakthrough,Bewitched premiered and made her one of television's biggest stars.,high,https://en.wikipedia.org/wiki/Elizabeth_Montgomery,PROJECT,PROJECT_KEYWORD_SUGGESTION,DESCRIPTION_SUGGESTION,positive,MANUAL_TAXONOMY_REVIEW_REQUIRED,SECOND_SOURCE_AUDIT_REQUIRED,True,False,False,PROJECT,CREATIVE_OR_MEDIA_PROJECT,positive,CONFIRMED,project outcome / reception / launch,True,PROVIDED_SOURCE_PRESENT,NONPAIRABLE_OR_NONCORE_DEFERRED,NOT_CONFIRMED_THIS_PASS,,,SOURCE1_PRESENT_SECONDARY_NOT_CONFIRMED,TAXONOMY_CONFIRMED_SECONDARY_UNCONFIRMED,False,False
2,NEW_DEV_2_CONSUMED,NEWDEV2_084,Elizabeth Olsen,NEWDEV2_084_E001,2011,positive,career_breakthrough,Martha Marcy May Marlene brought major critical acclaim and award nominations.,high,https://en.wikipedia.org/wiki/Elizabeth_Olsen,RECOGNITION,RECOGNITION_KEYWORD_SUGGESTION,DESCRIPTION_SUGGESTION,positive,MANUAL_TAXONOMY_REVIEW_REQUIRED,SECOND_SOURCE_AUDIT_REQUIRED,True,False,False,RECOGNITION,FORMAL_RECOGNITION,positive,CONFIRMED,formal recognition/award,True,PROVIDED_SOURCE_PRESENT,NONPAIRABLE_OR_NONCORE_DEFERRED,NOT_CONFIRMED_THIS_PASS,,,SOURCE1_PRESENT_SECONDARY_NOT_CONFIRMED,TAXONOMY_CONFIRMED_SECONDARY_UNCONFIRMED,False,False
2,NEW_DEV_2_CONSUMED,NEWDEV2_086,Jack Bruce,NEWDEV2_086_E001,1966,positive,career_breakthrough,"Co-founded Cream, becoming one of rock's most prominent bassists and singers.",high,https://en.wikipedia.org/wiki/Jack_Bruce,MILESTONE_OTHER,POSITIVE_MILESTONE_REVIEW,DESCRIPTION_SUGGESTION,positive,MANUAL_TAXONOMY_REVIEW_REQUIRED,SECOND_SOURCE_AUDIT_REQUIRED,True,False,False,STATUS,BUSINESS_LEADERSHIP_STATUS,positive,CONFIRMED,business leadership/status event,True,PROVIDED_SOURCE_PRESENT,NONPAIRABLE_OR_NONCORE_DEFERRED,NOT_CONFIRMED_THIS_PASS,,,SOURCE1_PRESENT_SECONDARY_NOT_CONFIRMED,TAXONOMY_CONFIRMED_SECONDARY_UNCONFIRMED,False,False
2,NEW_DEV_2_CONSUMED,NEWDEV2_088,Robert Carradine,NEWDEV2_088_E001,1984,positive,career_breakthrough,Revenge of the Nerds became a hit and established his best-known film role.,high,https://en.wikipedia.org/wiki/Robert_Carradine,PROJECT,PROJECT_KEYWORD_SUGGESTION,DESCRIPTION_SUGGESTION,positive,MANUAL_TAXONOMY_REVIEW_REQUIRED,SECOND_SOURCE_AUDIT_REQUIRED,True,False,False,PROJECT,CREATIVE_OR_MEDIA_PROJECT,positive,CONFIRMED,project outcome / reception / launch,True,PROVIDED_SOURCE_PRESENT,NONPAIRABLE_OR_NONCORE_DEFERRED,NOT_CONFIRMED_THIS_PASS,,,SOURCE1_PRESENT_SECONDARY_NOT_CONFIRMED,TAXONOMY_CONFIRMED_SECONDARY_UNCONFIRMED,False,False
2,NEW_DEV_2_CONSUMED,NEWDEV2_088,Robert Carradine,NEWDEV2_088_E002,1989,negative,career_setback,The original Revenge of the Nerds film cycle ended after declining sequel performance.,medium,https://en.wikipedia.org/wiki/Robert_Carradine,PROJECT,PROJECT_KEYWORD_SUGGESTION,DESCRIPTION_SUGGESTION,negative,MANUAL_TAXONOMY_REVIEW_REQUIRED,NON_HIGH_TARGET_ASSIGNMENT|SECOND_SOURCE_AUDIT_REQUIRED,True,False,False,MILESTONE_OTHER,BROAD_SETBACK,negative,CONFIRMED_NONPAIRABLE,event_type semantic rule,True,PROVIDED_SOURCE_PRESENT,NONPAIRABLE_OR_NONCORE_DEFERRED,NOT_CONFIRMED_THIS_PASS,,,SOURCE1_PRESENT_SECONDARY_NOT_CONFIRMED,CONFIRMED_TAXONOMY_NONPAIRABLE,False,False
2,NEW_DEV_2_CONSUMED,NEWDEV2_091,Michael Landon,NEWDEV2_091_E001,1974,positive,career_breakthrough,"Little House on the Prairie premiered, launching another long-running hit series under his creative control.",high,https://en.wikipedia.org/wiki/Michael_Landon,PROJECT,PROJECT_KEYWORD_SUGGESTION,DESCRIPTION_SUGGESTION,positive,MANUAL_TAXONOMY_REVIEW_REQUIRED,SECOND_SOURCE_AUDIT_REQUIRED,True,True,False,PROJECT,CREATIVE_OR_MEDIA_PROJECT,positive,CONFIRMED,project outcome / reception / launch,True,PROVIDED_SOURCE_PRESENT,PAIR_CANDIDATE_TARGETED,CONFIRMED,NBCUniversal history / Little House official history,Little House on the Prairie 1974 premiere and long-running success verified.,SECONDARY_CONFIRMED,SOURCE_VERIFIED_PAIR_CANDIDATE_CHRONOLOGY_BLOCK,True,False
2,NEW_DEV_2_CONSUMED,NEWDEV2_094,John Slattery,NEWDEV2_094_E001,2007,positive,career_breakthrough,Mad Men premiered and brought him broad recognition as Roger Sterling.,high,https://en.wikipedia.org/wiki/John_Slattery,PROJECT,PROJECT_KEYWORD_SUGGESTION,DESCRIPTION_SUGGESTION,positive,MANUAL_TAXONOMY_REVIEW_REQUIRED,SECOND_SOURCE_AUDIT_REQUIRED,True,False,False,MILESTONE_OTHER,BROAD_CAREER_MILESTONE,positive,CONFIRMED_NONPAIRABLE,broad career milestone not safely assigned to one mechanism,True,PROVIDED_SOURCE_PRESENT,NONPAIRABLE_OR_NONCORE_DEFERRED,NOT_CONFIRMED_THIS_PASS,,,SOURCE1_PRESENT_SECONDARY_NOT_CONFIRMED,CONFIRMED_TAXONOMY_NONPAIRABLE,False,False
2,NEW_DEV_2_CONSUMED,NEWDEV2_098,Grégory Coupet,NEWDEV2_098_E001,2005,positive,career_peak,Established himself as France's leading goalkeeper and won another Ligue 1 title with Lyon.,high,https://en.wikipedia.org/wiki/Gr%C3%A9gory_Coupet,COMPETITIVE,COMPETITION_KEYWORD_SUGGESTION,DESCRIPTION_SUGGESTION,positive,MANUAL_TAXONOMY_REVIEW_REQUIRED,SECOND_SOURCE_AUDIT_REQUIRED,True,False,False,MILESTONE_OTHER,BROAD_CAREER_MILESTONE,positive,CONFIRMED_NONPAIRABLE,broad career milestone not safely assigned to one mechanism,True,PROVIDED_SOURCE_PRESENT,NONPAIRABLE_OR_NONCORE_DEFERRED,NOT_CONFIRMED_THIS_PASS,,,SOURCE1_PRESENT_SECONDARY_NOT_CONFIRMED,CONFIRMED_TAXONOMY_NONPAIRABLE,False,False
2,V2_NEW_DEV,MLV2_DEV_001,Aaron Eckhart,MLV2_DEV_001_E0001,2000,positive,career_success,Erin Brockovich brought major film-industry recognition and a breakthrough supporting role.,high,https://en.wikipedia.org/wiki/Aaron_Eckhart,PROJECT,PROJECT_KEYWORD_SUGGESTION,DESCRIPTION_SUGGESTION,positive,MANUAL_TAXONOMY_REVIEW_REQUIRED,SECOND_SOURCE_AUDIT_REQUIRED,True,False,False,PROJECT,CREATIVE_OR_MEDIA_PROJECT,positive,CONFIRMED,project outcome / reception / launch,True,PROVIDED_SOURCE_PRESENT,NONPAIRABLE_OR_NONCORE_DEFERRED,NOT_CONFIRMED_THIS_PASS,,,SOURCE1_PRESENT_SECONDARY_NOT_CONFIRMED,TAXONOMY_CONFIRMED_SECONDARY_UNCONFIRMED,False,False
2,V2_NEW_DEV,MLV2_DEV_001,Aaron Eckhart,MLV2_DEV_001_E0002,2008,positive,career_success,The Dark Knight made his Harvey Dent performance one of his most widely seen and acclaimed roles.,high,https://en.wikipedia.org/wiki/Aaron_Eckhart,MILESTONE_OTHER,POSITIVE_MILESTONE_REVIEW,DESCRIPTION_SUGGESTION,positive,MANUAL_TAXONOMY_REVIEW_REQUIRED,SECOND_SOURCE_AUDIT_REQUIRED,True,False,False,PROJECT,CREATIVE_OR_MEDIA_PROJECT,positive,CONFIRMED,project outcome / reception / launch,True,PROVIDED_SOURCE_PRESENT,NONPAIRABLE_OR_NONCORE_DEFERRED,NOT_CONFIRMED_THIS_PASS,,,SOURCE1_PRESENT_SECONDARY_NOT_CONFIRMED,TAXONOMY_CONFIRMED_SECONDARY_UNCONFIRMED,False,False
2,V2_NEW_DEV,MLV2_DEV_001,Aaron Eckhart,MLV2_DEV_001_E0003,2014,negative,career_loss,"I, Frankenstein was a major critical and commercial disappointment during his leading-man period.",medium,https://en.wikipedia.org/wiki/Aaron_Eckhart,PROJECT,PROJECT_KEYWORD_SUGGESTION,DESCRIPTION_SUGGESTION,negative,MANUAL_TAXONOMY_REVIEW_REQUIRED,NON_HIGH_TARGET_ASSIGNMENT|SECOND_SOURCE_AUDIT_REQUIRED,True,False,False,UNRESOLVED,BROAD_CAREER_LOSS,unassigned,REJECT_BINARY_AMBIGUOUS,broad career loss requires mechanism-specific evidence,True,PROVIDED_SOURCE_PRESENT,NONPAIRABLE_OR_NONCORE_DEFERRED,NOT_CONFIRMED_THIS_PASS,,,SOURCE1_PRESENT_SECONDARY_NOT_CONFIRMED,REJECT_TAXONOMY_AMBIGUOUS,False,False
2,V2_NEW_DEV,MLV2_DEV_002,Abigail Johnson,MLV2_DEV_002_E0001,2014,positive,career_success,Became chief executive officer of Fidelity Investments.,high,https://en.wikipedia.org/wiki/Abigail_Johnson,STATUS,STATUS_KEYWORD_SUGGESTION,DESCRIPTION_SUGGESTION,positive,MANUAL_TAXONOMY_REVIEW_REQUIRED,SECOND_SOURCE_AUDIT_REQUIRED,True,False,False,STATUS,ROLE_OR_ELECTORAL_STATUS,positive,CONFIRMED,explicit role/status change,True,PROVIDED_SOURCE_PRESENT,NONPAIRABLE_OR_NONCORE_DEFERRED,NOT_CONFIRMED_THIS_PASS,,,SOURCE1_PRESENT_SECONDARY_NOT_CONFIRMED,TAXONOMY_CONFIRMED_SECONDARY_UNCONFIRMED,False,False
2,V2_NEW_DEV,MLV2_DEV_002,Abigail Johnson,MLV2_DEV_002_E0002,2016,positive,career_success,"Became chair of Fidelity Investments, consolidating leadership of the firm.",high,https://en.wikipedia.org/wiki/Abigail_Johnson,STATUS,STATUS_KEYWORD_SUGGESTION,DESCRIPTION_SUGGESTION,positive,MANUAL_TAXONOMY_REVIEW_REQUIRED,SECOND_SOURCE_AUDIT_REQUIRED,True,False,False,STATUS,ROLE_OR_ELECTORAL_STATUS,positive,CONFIRMED,explicit role/status change,True,PROVIDED_SOURCE_PRESENT,NONPAIRABLE_OR_NONCORE_DEFERRED,NOT_CONFIRMED_THIS_PASS,,,SOURCE1_PRESENT_SECONDARY_NOT_CONFIRMED,TAXONOMY_CONFIRMED_SECONDARY_UNCONFIRMED,False,False
2,V2_NEW_DEV,MLV2_DEV_003,Jennifer Aniston,MLV2_DEV_003_E0001,1994,positive,career_success,Friends premiered and launched her international fame,high,https://en.wikipedia.org/wiki/Jennifer_Aniston,PROJECT,PROJECT_KEYWORD_SUGGESTION,DESCRIPTION_SUGGESTION,positive,MANUAL_TAXONOMY_REVIEW_REQUIRED,SECOND_SOURCE_AUDIT_REQUIRED,True,True,False,PROJECT,CREATIVE_OR_MEDIA_PROJECT,positive,CONFIRMED,project outcome / reception / launch,True,PROVIDED_SOURCE_PRESENT,PAIR_CANDIDATE_TARGETED,CONFIRMED,Rotten Tomatoes / series and film records,Friends 1994 launch and The Bounty Hunter 2010 critical failure verified.,SECONDARY_CONFIRMED,SOURCE_VERIFIED_PAIR_CANDIDATE_CHRONOLOGY_BLOCK,True,False
2,V2_NEW_DEV,MLV2_DEV_003,Jennifer Aniston,MLV2_DEV_003_E0002,2002,positive,career_success,Won the Primetime Emmy for Friends,high,https://en.wikipedia.org/wiki/Jennifer_Aniston,RECOGNITION,RECOGNITION_KEYWORD_SUGGESTION,DESCRIPTION_SUGGESTION,positive,MANUAL_TAXONOMY_REVIEW_REQUIRED,SECOND_SOURCE_AUDIT_REQUIRED,True,False,False,RECOGNITION,FORMAL_RECOGNITION,positive,CONFIRMED,formal recognition/award,True,PROVIDED_SOURCE_PRESENT,NONPAIRABLE_OR_NONCORE_DEFERRED,NOT_CONFIRMED_THIS_PASS,,,SOURCE1_PRESENT_SECONDARY_NOT_CONFIRMED,TAXONOMY_CONFIRMED_SECONDARY_UNCONFIRMED,False,False
2,V2_NEW_DEV,MLV2_DEV_003,Jennifer Aniston,MLV2_DEV_003_E0003,2010,negative,career_loss,The Bounty Hunter was widely panned by critics and became a conspicuous low point in her film run.,medium,https://en.wikipedia.org/wiki/Jennifer_Aniston,PROJECT,PROJECT_KEYWORD_SUGGESTION,DESCRIPTION_SUGGESTION,negative,MANUAL_TAXONOMY_REVIEW_REQUIRED,NON_HIGH_TARGET_ASSIGNMENT|SECOND_SOURCE_AUDIT_REQUIRED,True,True,False,PROJECT,CREATIVE_OR_MEDIA_PROJECT,negative,CONFIRMED,project outcome / reception / launch,True,PROVIDED_SOURCE_PRESENT,PAIR_CANDIDATE_TARGETED,CONFIRMED,Rotten Tomatoes / series and film records,Friends 1994 launch and The Bounty Hunter 2010 critical failure verified.,SECONDARY_CONFIRMED,SOURCE_VERIFIED_PAIR_CANDIDATE_CHRONOLOGY_BLOCK,True,False
2,V2_NEW_DEV,MLV2_DEV_004,Jennifer Coolidge,MLV2_DEV_004_E0001,1999,positive,career_success,American Pie brought broad recognition,high,https://en.wikipedia.org/wiki/Jennifer_Coolidge,MILESTONE_OTHER,POSITIVE_MILESTONE_REVIEW,DESCRIPTION_SUGGESTION,positive,MANUAL_TAXONOMY_REVIEW_REQUIRED,SECOND_SOURCE_AUDIT_REQUIRED,True,False,False,MILESTONE_OTHER,BROAD_CAREER_MILESTONE,positive,CONFIRMED_NONPAIRABLE,broad career milestone not safely assigned to one mechanism,True,PROVIDED_SOURCE_PRESENT,NONPAIRABLE_OR_NONCORE_DEFERRED,NOT_CONFIRMED_THIS_PASS,,,SOURCE1_PRESENT_SECONDARY_NOT_CONFIRMED,CONFIRMED_TAXONOMY_NONPAIRABLE,False,False
2,V2_NEW_DEV,MLV2_DEV_004,Jennifer Coolidge,MLV2_DEV_004_E0003,2022,positive,career_success,The White Lotus revival brought Emmy-winning acclaim,high,https://en.wikipedia.org/wiki/Jennifer_Coolidge,RECOGNITION,RECOGNITION_KEYWORD_SUGGESTION,DESCRIPTION_SUGGESTION,positive,MANUAL_TAXONOMY_REVIEW_REQUIRED,SECOND_SOURCE_AUDIT_REQUIRED,True,False,False,RECOGNITION,FORMAL_RECOGNITION,positive,CONFIRMED,formal recognition/award,True,PROVIDED_SOURCE_PRESENT,NONPAIRABLE_OR_NONCORE_DEFERRED,NOT_CONFIRMED_THIS_PASS,,,SOURCE1_PRESENT_SECONDARY_NOT_CONFIRMED,TAXONOMY_CONFIRMED_SECONDARY_UNCONFIRMED,False,False
2,V2_NEW_DEV,MLV2_DEV_005,Julia Roberts,MLV2_DEV_005_E0001,1990,positive,career_success,Pretty Woman became a global breakout hit,high,https://en.wikipedia.org/wiki/Julia_Roberts,MILESTONE_OTHER,POSITIVE_MILESTONE_REVIEW,DESCRIPTION_SUGGESTION,positive,MANUAL_TAXONOMY_REVIEW_REQUIRED,SECOND_SOURCE_AUDIT_REQUIRED,True,True,False,PROJECT,CREATIVE_OR_MEDIA_PROJECT,positive,CONFIRMED,project outcome / reception / launch,True,PROVIDED_SOURCE_PRESENT,PAIR_CANDIDATE_TARGETED,CONFIRMED,Rotten Tomatoes / CBS film retrospectives,Pretty Woman breakthrough and Mary Reilly failure verified.,SECONDARY_CONFIRMED,SOURCE_VERIFIED_PAIR_CANDIDATE_CHRONOLOGY_BLOCK,True,False
2,V2_NEW_DEV,MLV2_DEV_005,Julia Roberts,MLV2_DEV_005_E0002,1996,negative,career_loss,Mary Reilly was a major critical and box-office disappointment.,high,https://en.wikipedia.org/wiki/Mary_Reilly_(film),PROJECT,PROJECT_KEYWORD_SUGGESTION,DESCRIPTION_SUGGESTION,negative,MANUAL_TAXONOMY_REVIEW_REQUIRED,SECOND_SOURCE_AUDIT_REQUIRED,True,True,False,PROJECT,CREATIVE_OR_MEDIA_PROJECT,negative,CONFIRMED,project outcome / reception / launch,True,PROVIDED_SOURCE_PRESENT,PAIR_CANDIDATE_TARGETED,CONFIRMED,Rotten Tomatoes / CBS film retrospectives,Pretty Woman breakthrough and Mary Reilly failure verified.,SECONDARY_CONFIRMED,SOURCE_VERIFIED_PAIR_CANDIDATE_CHRONOLOGY_BLOCK,True,False
2,V2_NEW_DEV,MLV2_DEV_005,Julia Roberts,MLV2_DEV_005_E0003,2001,positive,career_success,Won the Academy Award for Erin Brockovich,high,https://en.wikipedia.org/wiki/Julia_Roberts,RECOGNITION,RECOGNITION_KEYWORD_SUGGESTION,DESCRIPTION_SUGGESTION,positive,MANUAL_TAXONOMY_REVIEW_REQUIRED,SECOND_SOURCE_AUDIT_REQUIRED,True,False,False,RECOGNITION,FORMAL_RECOGNITION,positive,CONFIRMED,formal recognition/award,True,PROVIDED_SOURCE_PRESENT,NONPAIRABLE_OR_NONCORE_DEFERRED,NOT_CONFIRMED_THIS_PASS,,,SOURCE1_PRESENT_SECONDARY_NOT_CONFIRMED,TAXONOMY_CONFIRMED_SECONDARY_UNCONFIRMED,False,False
2,V2_NEW_DEV,MLV2_DEV_006,Julianne Moore,MLV2_DEV_006_E0001,2002,positive,career_success,Received dual Oscar nominations for Far from Heaven and The Hours,high,https://en.wikipedia.org/wiki/Julianne_Moore,RECOGNITION,RECOGNITION_KEYWORD_SUGGESTION,DESCRIPTION_SUGGESTION,positive,MANUAL_TAXONOMY_REVIEW_REQUIRED,SECOND_SOURCE_AUDIT_REQUIRED,True,False,False,RECOGNITION,FORMAL_RECOGNITION,positive,CONFIRMED,formal recognition/award,True,PROVIDED_SOURCE_PRESENT,NONPAIRABLE_OR_NONCORE_DEFERRED,NOT_CONFIRMED_THIS_PASS,,,SOURCE1_PRESENT_SECONDARY_NOT_CONFIRMED,TAXONOMY_CONFIRMED_SECONDARY_UNCONFIRMED,False,False
2,V2_NEW_DEV,MLV2_DEV_006,Julianne Moore,MLV2_DEV_006_E0002,2015,positive,career_success,Won the Academy Award for Still Alice,high,https://en.wikipedia.org/wiki/Julianne_Moore,RECOGNITION,RECOGNITION_KEYWORD_SUGGESTION,DESCRIPTION_SUGGESTION,positive,MANUAL_TAXONOMY_REVIEW_REQUIRED,SECOND_SOURCE_AUDIT_REQUIRED,True,False,False,RECOGNITION,FORMAL_RECOGNITION,positive,CONFIRMED,formal recognition/award,True,PROVIDED_SOURCE_PRESENT,NONPAIRABLE_OR_NONCORE_DEFERRED,NOT_CONFIRMED_THIS_PASS,,,SOURCE1_PRESENT_SECONDARY_NOT_CONFIRMED,TAXONOMY_CONFIRMED_SECONDARY_UNCONFIRMED,False,False
2,V2_NEW_DEV,MLV2_DEV_006,Julianne Moore,MLV2_DEV_006_E0003,2017,negative,career_loss,Suburbicon was a critical and commercial disappointment despite a high-profile cast.,medium,https://en.wikipedia.org/wiki/Suburbicon,PROJECT,PROJECT_KEYWORD_SUGGESTION,DESCRIPTION_SUGGESTION,negative,MANUAL_TAXONOMY_REVIEW_REQUIRED,NON_HIGH_TARGET_ASSIGNMENT|SECOND_SOURCE_AUDIT_REQUIRED,True,False,False,UNRESOLVED,BROAD_CAREER_LOSS,unassigned,REJECT_BINARY_AMBIGUOUS,broad career loss requires mechanism-specific evidence,True,PROVIDED_SOURCE_PRESENT,NONPAIRABLE_OR_NONCORE_DEFERRED,NOT_CONFIRMED_THIS_PASS,,,SOURCE1_PRESENT_SECONDARY_NOT_CONFIRMED,REJECT_TAXONOMY_AMBIGUOUS,False,False
2,V2_NEW_DEV,MLV2_DEV_007,Julie Delpy,MLV2_DEV_007_E0001,1995,positive,career_success,Before Sunrise established her international art-house profile,high,https://en.wikipedia.org/wiki/Julie_Delpy,MILESTONE_OTHER,POSITIVE_MILESTONE_REVIEW,DESCRIPTION_SUGGESTION,positive,MANUAL_TAXONOMY_REVIEW_REQUIRED,SECOND_SOURCE_AUDIT_REQUIRED,True,True,False,PROJECT,CREATIVE_OR_MEDIA_PROJECT,positive,CONFIRMED,project outcome / reception / launch,True,PROVIDED_SOURCE_PRESENT,PAIR_CANDIDATE_TARGETED,CONFIRMED,film archives / Rotten Tomatoes,Before Sunrise/Sunset acclaim and The Countess weak critical reception/limited release verified.,SECONDARY_CONFIRMED,SOURCE_VERIFIED_PAIR_CANDIDATE_CHRONOLOGY_BLOCK,True,False
2,V2_NEW_DEV,MLV2_DEV_007,Julie Delpy,MLV2_DEV_007_E0002,2004,positive,career_success,Before Sunset earned major acclaim and screenplay recognition,high,https://en.wikipedia.org/wiki/Julie_Delpy,MILESTONE_OTHER,POSITIVE_MILESTONE_REVIEW,DESCRIPTION_SUGGESTION,positive,MANUAL_TAXONOMY_REVIEW_REQUIRED,SECOND_SOURCE_AUDIT_REQUIRED,True,True,False,PROJECT,CREATIVE_OR_MEDIA_PROJECT,positive,CONFIRMED,project outcome / reception / launch,True,PROVIDED_SOURCE_PRESENT,PAIR_CANDIDATE_TARGETED,CONFIRMED,film archives / Rotten Tomatoes,Before Sunrise/Sunset acclaim and The Countess weak critical reception/limited release verified.,SECONDARY_CONFIRMED,SOURCE_VERIFIED_PAIR_CANDIDATE_CHRONOLOGY_BLOCK,True,False
2,V2_NEW_DEV,MLV2_DEV_007,Julie Delpy,MLV2_DEV_007_E0003,2009,negative,career_loss,Her directorial film The Countess received mixed-to-negative reviews and limited commercial impact.,medium,https://en.wikipedia.org/wiki/The_Countess_(2009_film),PROJECT,PROJECT_KEYWORD_SUGGESTION,DESCRIPTION_SUGGESTION,negative,MANUAL_TAXONOMY_REVIEW_REQUIRED,NON_HIGH_TARGET_ASSIGNMENT|SECOND_SOURCE_AUDIT_REQUIRED,True,True,False,PROJECT,CREATIVE_OR_MEDIA_PROJECT,negative,CONFIRMED,project outcome / reception / launch,True,PROVIDED_SOURCE_PRESENT,PAIR_CANDIDATE_TARGETED,CONFIRMED,film archives / Rotten Tomatoes,Before Sunrise/Sunset acclaim and The Countess weak critical reception/limited release verified.,SECONDARY_CONFIRMED,SOURCE_VERIFIED_PAIR_CANDIDATE_CHRONOLOGY_BLOCK,True,False
2,V2_NEW_DEV,MLV2_DEV_008,Jenna Elfman,MLV2_DEV_008_E0001,1997,positive,career_success,Dharma & Greg became her breakout television role,high,https://en.wikipedia.org/wiki/Jenna_Elfman,MILESTONE_OTHER,POSITIVE_MILESTONE_REVIEW,DESCRIPTION_SUGGESTION,positive,MANUAL_TAXONOMY_REVIEW_REQUIRED,SECOND_SOURCE_AUDIT_REQUIRED,True,True,False,PROJECT,CREATIVE_OR_MEDIA_PROJECT,positive,CONFIRMED,project outcome / reception / launch,True,PROVIDED_SOURCE_PRESENT,PAIR_CANDIDATE_TARGETED,CONFIRMED,Rotten Tomatoes / TV history,Dharma & Greg launch/fame and 2002 series end verified.,SECONDARY_CONFIRMED,SOURCE_VERIFIED_PAIR_CANDIDATE_CHRONOLOGY_BLOCK,True,False
2,V2_NEW_DEV,MLV2_DEV_008,Jenna Elfman,MLV2_DEV_008_E0002,1999,positive,career_success,Won a Golden Globe for Dharma & Greg,high,https://en.wikipedia.org/wiki/Jenna_Elfman,RECOGNITION,RECOGNITION_KEYWORD_SUGGESTION,DESCRIPTION_SUGGESTION,positive,MANUAL_TAXONOMY_REVIEW_REQUIRED,SECOND_SOURCE_AUDIT_REQUIRED,True,False,False,RECOGNITION,FORMAL_RECOGNITION,positive,CONFIRMED,formal recognition/award,True,PROVIDED_SOURCE_PRESENT,NONPAIRABLE_OR_NONCORE_DEFERRED,NOT_CONFIRMED_THIS_PASS,,,SOURCE1_PRESENT_SECONDARY_NOT_CONFIRMED,TAXONOMY_CONFIRMED_SECONDARY_UNCONFIRMED,False,False
2,V2_NEW_DEV,MLV2_DEV_009,Katy Perry,MLV2_DEV_009_E0001,2008,positive,career_success,I Kissed a Girl became her breakthrough international hit,high,https://en.wikipedia.org/wiki/Katy_Perry,MILESTONE_OTHER,POSITIVE_MILESTONE_REVIEW,DESCRIPTION_SUGGESTION,positive,MANUAL_TAXONOMY_REVIEW_REQUIRED,SECOND_SOURCE_AUDIT_REQUIRED,True,False,False,MILESTONE_OTHER,BROAD_CAREER_MILESTONE,positive,CONFIRMED_NONPAIRABLE,broad career milestone not safely assigned to one mechanism,True,PROVIDED_SOURCE_PRESENT,NONPAIRABLE_OR_NONCORE_DEFERRED,NOT_CONFIRMED_THIS_PASS,,,SOURCE1_PRESENT_SECONDARY_NOT_CONFIRMED,CONFIRMED_TAXONOMY_NONPAIRABLE,False,False
2,V2_NEW_DEV,MLV2_DEV_009,Katy Perry,MLV2_DEV_009_E0002,2010,positive,career_success,Teenage Dream launched a record-setting run of number-one singles,high,https://en.wikipedia.org/wiki/Katy_Perry,MILESTONE_OTHER,POSITIVE_MILESTONE_REVIEW,DESCRIPTION_SUGGESTION,positive,MANUAL_TAXONOMY_REVIEW_REQUIRED,SECOND_SOURCE_AUDIT_REQUIRED,True,False,False,PROJECT,CREATIVE_OR_MEDIA_PROJECT,positive,CONFIRMED,project outcome / reception / launch,True,PROVIDED_SOURCE_PRESENT,NONPAIRABLE_OR_NONCORE_DEFERRED,NOT_CONFIRMED_THIS_PASS,,,SOURCE1_PRESENT_SECONDARY_NOT_CONFIRMED,TAXONOMY_CONFIRMED_SECONDARY_UNCONFIRMED,False,False
2,V2_NEW_DEV,MLV2_DEV_010,Amber Tamblyn,MLV2_DEV_010_E0001,2003,positive,career_success,Joan of Arcadia became her breakout role,high,https://en.wikipedia.org/wiki/Amber_Tamblyn,PROJECT,PROJECT_KEYWORD_SUGGESTION,DESCRIPTION_SUGGESTION,positive,MANUAL_TAXONOMY_REVIEW_REQUIRED,SECOND_SOURCE_AUDIT_REQUIRED,True,False,False,MILESTONE_OTHER,BROAD_CAREER_MILESTONE,positive,CONFIRMED_NONPAIRABLE,broad career milestone not safely assigned to one mechanism,True,PROVIDED_SOURCE_PRESENT,NONPAIRABLE_OR_NONCORE_DEFERRED,NOT_CONFIRMED_THIS_PASS,,,SOURCE1_PRESENT_SECONDARY_NOT_CONFIRMED,CONFIRMED_TAXONOMY_NONPAIRABLE,False,False
2,V2_NEW_DEV,MLV2_DEV_010,Amber Tamblyn,MLV2_DEV_010_E0002,2004,positive,career_success,Received Emmy and Golden Globe nominations for Joan of Arcadia,high,https://en.wikipedia.org/wiki/Amber_Tamblyn,RECOGNITION,RECOGNITION_KEYWORD_SUGGESTION,DESCRIPTION_SUGGESTION,positive,MANUAL_TAXONOMY_REVIEW_REQUIRED,SECOND_SOURCE_AUDIT_REQUIRED,True,False,False,RECOGNITION,FORMAL_RECOGNITION,positive,CONFIRMED,formal recognition/award,True,PROVIDED_SOURCE_PRESENT,NONPAIRABLE_OR_NONCORE_DEFERRED,NOT_CONFIRMED_THIS_PASS,,,SOURCE1_PRESENT_SECONDARY_NOT_CONFIRMED,TAXONOMY_CONFIRMED_SECONDARY_UNCONFIRMED,False,False
2,V2_NEW_DEV,MLV2_DEV_010,Amber Tamblyn,MLV2_DEV_010_E0003,2005,negative,career_loss,"Joan of Arcadia was cancelled after its second season, ending her breakout network lead role.",medium,https://en.wikipedia.org/wiki/Joan_of_Arcadia,PROJECT,PROJECT_KEYWORD_SUGGESTION,DESCRIPTION_SUGGESTION,negative,MANUAL_TAXONOMY_REVIEW_REQUIRED,NON_HIGH_TARGET_ASSIGNMENT|SECOND_SOURCE_AUDIT_REQUIRED,True,False,False,UNRESOLVED,BROAD_CAREER_LOSS,unassigned,REJECT_BINARY_AMBIGUOUS,broad career loss requires mechanism-specific evidence,True,PROVIDED_SOURCE_PRESENT,NONPAIRABLE_OR_NONCORE_DEFERRED,NOT_CONFIRMED_THIS_PASS,,,SOURCE1_PRESENT_SECONDARY_NOT_CONFIRMED,REJECT_TAXONOMY_AMBIGUOUS,False,False
2,V2_NEW_DEV,MLV2_DEV_011,Antonio Banderas,MLV2_DEV_011_E0001,1998,positive,career_success,The Mask of Zorro became a major international success,high,https://en.wikipedia.org/wiki/Antonio_Banderas,MILESTONE_OTHER,POSITIVE_MILESTONE_REVIEW,DESCRIPTION_SUGGESTION,positive,MANUAL_TAXONOMY_REVIEW_REQUIRED,SECOND_SOURCE_AUDIT_REQUIRED,True,False,False,MILESTONE_OTHER,BROAD_CAREER_MILESTONE,positive,CONFIRMED_NONPAIRABLE,broad career milestone not safely assigned to one mechanism,True,PROVIDED_SOURCE_PRESENT,NONPAIRABLE_OR_NONCORE_DEFERRED,NOT_CONFIRMED_THIS_PASS,,,SOURCE1_PRESENT_SECONDARY_NOT_CONFIRMED,CONFIRMED_TAXONOMY_NONPAIRABLE,False,False
2,V2_NEW_DEV,MLV2_DEV_011,Antonio Banderas,MLV2_DEV_011_E0002,2002,negative,career_loss,Ballistic: Ecks vs. Sever was a severe critical failure and commercial disappointment.,high,https://en.wikipedia.org/wiki/Ballistic%3A_Ecks_vs._Sever,PROJECT,PROJECT_KEYWORD_SUGGESTION,DESCRIPTION_SUGGESTION,negative,MANUAL_TAXONOMY_REVIEW_REQUIRED,SECOND_SOURCE_AUDIT_REQUIRED,True,False,False,UNRESOLVED,BROAD_CAREER_LOSS,unassigned,REJECT_BINARY_AMBIGUOUS,broad career loss requires mechanism-specific evidence,True,PROVIDED_SOURCE_PRESENT,NONPAIRABLE_OR_NONCORE_DEFERRED,NOT_CONFIRMED_THIS_PASS,,,SOURCE1_PRESENT_SECONDARY_NOT_CONFIRMED,REJECT_TAXONOMY_AMBIGUOUS,False,False
2,V2_NEW_DEV,MLV2_DEV_011,Antonio Banderas,MLV2_DEV_011_E0003,2019,positive,career_success,Won Cannes Best Actor for Pain and Glory,high,https://en.wikipedia.org/wiki/Antonio_Banderas,MILESTONE_OTHER,POSITIVE_MILESTONE_REVIEW,DESCRIPTION_SUGGESTION,positive,MANUAL_TAXONOMY_REVIEW_REQUIRED,SECOND_SOURCE_AUDIT_REQUIRED,True,False,False,MILESTONE_OTHER,BROAD_CAREER_MILESTONE,positive,CONFIRMED_NONPAIRABLE,broad career milestone not safely assigned to one mechanism,True,PROVIDED_SOURCE_PRESENT,NONPAIRABLE_OR_NONCORE_DEFERRED,NOT_CONFIRMED_THIS_PASS,,,SOURCE1_PRESENT_SECONDARY_NOT_CONFIRMED,CONFIRMED_TAXONOMY_NONPAIRABLE,False,False
2,V2_NEW_DEV,MLV2_DEV_012,Billy Crystal,MLV2_DEV_012_E0001,1989,positive,career_success,When Harry Met Sally became a defining career success,high,https://en.wikipedia.org/wiki/Billy_Crystal,MILESTONE_OTHER,POSITIVE_MILESTONE_REVIEW,DESCRIPTION_SUGGESTION,positive,MANUAL_TAXONOMY_REVIEW_REQUIRED,SECOND_SOURCE_AUDIT_REQUIRED,True,False,False,MILESTONE_OTHER,BROAD_CAREER_MILESTONE,positive,CONFIRMED_NONPAIRABLE,broad career milestone not safely assigned to one mechanism,True,PROVIDED_SOURCE_PRESENT,NONPAIRABLE_OR_NONCORE_DEFERRED,NOT_CONFIRMED_THIS_PASS,,,SOURCE1_PRESENT_SECONDARY_NOT_CONFIRMED,CONFIRMED_TAXONOMY_NONPAIRABLE,False,False
2,V2_NEW_DEV,MLV2_DEV_012,Billy Crystal,MLV2_DEV_012_E0002,1992,positive,career_success,Hosted the Academy Awards during a celebrated run as host,medium,https://en.wikipedia.org/wiki/Billy_Crystal,RECOGNITION,RECOGNITION_KEYWORD_SUGGESTION,DESCRIPTION_SUGGESTION,positive,MANUAL_TAXONOMY_REVIEW_REQUIRED,NON_HIGH_TARGET_ASSIGNMENT|SECOND_SOURCE_AUDIT_REQUIRED,True,False,False,RECOGNITION,FORMAL_RECOGNITION,positive,CONFIRMED,formal recognition/award,True,PROVIDED_SOURCE_PRESENT,NONPAIRABLE_OR_NONCORE_DEFERRED,NOT_CONFIRMED_THIS_PASS,,,SOURCE1_PRESENT_SECONDARY_NOT_CONFIRMED,TAXONOMY_CONFIRMED_SECONDARY_UNCONFIRMED,False,False
2,V2_NEW_DEV,MLV2_DEV_012,Billy Crystal,MLV2_DEV_012_E0003,1998,negative,career_loss,My Giant received poor reviews and weak box-office results.,medium,https://en.wikipedia.org/wiki/My_Giant,PROJECT,PROJECT_KEYWORD_SUGGESTION,DESCRIPTION_SUGGESTION,negative,MANUAL_TAXONOMY_REVIEW_REQUIRED,NON_HIGH_TARGET_ASSIGNMENT|SECOND_SOURCE_AUDIT_REQUIRED,True,False,False,PROJECT,CREATIVE_OR_MEDIA_PROJECT,negative,CONFIRMED,project outcome / reception / launch,True,PROVIDED_SOURCE_PRESENT,NONPAIRABLE_OR_NONCORE_DEFERRED,NOT_CONFIRMED_THIS_PASS,,,SOURCE1_PRESENT_SECONDARY_NOT_CONFIRMED,TAXONOMY_CONFIRMED_SECONDARY_UNCONFIRMED,False,False
2,V2_NEW_DEV,MLV2_DEV_013,Billy Dee Williams,MLV2_DEV_013_E0001,1980,positive,career_success,The Empire Strikes Back introduced him as Lando Calrissian to a global audience,high,https://en.wikipedia.org/wiki/Billy_Dee_Williams,MILESTONE_OTHER,POSITIVE_MILESTONE_REVIEW,DESCRIPTION_SUGGESTION,positive,MANUAL_TAXONOMY_REVIEW_REQUIRED,SECOND_SOURCE_AUDIT_REQUIRED,True,False,False,MILESTONE_OTHER,BROAD_CAREER_MILESTONE,positive,CONFIRMED_NONPAIRABLE,broad career milestone not safely assigned to one mechanism,True,PROVIDED_SOURCE_PRESENT,NONPAIRABLE_OR_NONCORE_DEFERRED,NOT_CONFIRMED_THIS_PASS,,,SOURCE1_PRESENT_SECONDARY_NOT_CONFIRMED,CONFIRMED_TAXONOMY_NONPAIRABLE,False,False
2,V2_NEW_DEV,MLV2_DEV_013,Billy Dee Williams,MLV2_DEV_013_E0002,1995,negative,career_loss,Was not retained as Harvey Dent/Two-Face for Batman Forever despite having played Dent in the earlier Batman film.,medium,https://en.wikipedia.org/wiki/Billy_Dee_Williams,PROJECT,PROJECT_KEYWORD_SUGGESTION,DESCRIPTION_SUGGESTION,negative,MANUAL_TAXONOMY_REVIEW_REQUIRED,NON_HIGH_TARGET_ASSIGNMENT|SECOND_SOURCE_AUDIT_REQUIRED,True,False,False,PROJECT,CREATIVE_OR_MEDIA_PROJECT,negative,CONFIRMED,project outcome / reception / launch,True,PROVIDED_SOURCE_PRESENT,NONPAIRABLE_OR_NONCORE_DEFERRED,NOT_CONFIRMED_THIS_PASS,,,SOURCE1_PRESENT_SECONDARY_NOT_CONFIRMED,TAXONOMY_CONFIRMED_SECONDARY_UNCONFIRMED,False,False
2,V2_NEW_DEV,MLV2_DEV_013,Billy Dee Williams,MLV2_DEV_013_E0003,2019,positive,career_success,Returned as Lando in The Rise of Skywalker,high,https://en.wikipedia.org/wiki/Billy_Dee_Williams,MILESTONE_OTHER,POSITIVE_MILESTONE_REVIEW,DESCRIPTION_SUGGESTION,positive,MANUAL_TAXONOMY_REVIEW_REQUIRED,SECOND_SOURCE_AUDIT_REQUIRED,True,False,False,MILESTONE_OTHER,BROAD_CAREER_MILESTONE,positive,CONFIRMED_NONPAIRABLE,broad career milestone not safely assigned to one mechanism,True,PROVIDED_SOURCE_PRESENT,NONPAIRABLE_OR_NONCORE_DEFERRED,NOT_CONFIRMED_THIS_PASS,,,SOURCE1_PRESENT_SECONDARY_NOT_CONFIRMED,CONFIRMED_TAXONOMY_NONPAIRABLE,False,False
2,V2_NEW_DEV,MLV2_DEV_014,Billy Graham,MLV2_DEV_014_E0001,1949,positive,career_success,Los Angeles crusade brought national prominence,high,https://en.wikipedia.org/wiki/Billy_Graham,MILESTONE_OTHER,POSITIVE_MILESTONE_REVIEW,DESCRIPTION_SUGGESTION,positive,MANUAL_TAXONOMY_REVIEW_REQUIRED,NON_HIGH_TARGET_ASSIGNMENT|SECOND_SOURCE_AUDIT_REQUIRED,True,False,False,MILESTONE_OTHER,BROAD_CAREER_MILESTONE,positive,CONFIRMED_NONPAIRABLE,broad career milestone not safely assigned to one mechanism,True,PROVIDED_SOURCE_PRESENT,NONPAIRABLE_OR_NONCORE_DEFERRED,NOT_CONFIRMED_THIS_PASS,,,SOURCE1_PRESENT_SECONDARY_NOT_CONFIRMED,CONFIRMED_TAXONOMY_NONPAIRABLE,False,False
2,V2_NEW_DEV,MLV2_DEV_014,Billy Graham,MLV2_DEV_014_E0002,1957,positive,career_success,New York crusade drew major international attention,high,https://en.wikipedia.org/wiki/Billy_Graham,MILESTONE_OTHER,POSITIVE_MILESTONE_REVIEW,DESCRIPTION_SUGGESTION,positive,MANUAL_TAXONOMY_REVIEW_REQUIRED,NON_HIGH_TARGET_ASSIGNMENT|SECOND_SOURCE_AUDIT_REQUIRED,True,False,False,MILESTONE_OTHER,BROAD_CAREER_MILESTONE,positive,CONFIRMED_NONPAIRABLE,broad career milestone not safely assigned to one mechanism,True,PROVIDED_SOURCE_PRESENT,NONPAIRABLE_OR_NONCORE_DEFERRED,NOT_CONFIRMED_THIS_PASS,,,SOURCE1_PRESENT_SECONDARY_NOT_CONFIRMED,CONFIRMED_TAXONOMY_NONPAIRABLE,False,False
2,V2_NEW_DEV,MLV2_DEV_015,Cameron Diaz,MLV2_DEV_015_E0001,1994,positive,career_success,The Mask became her film breakthrough,high,https://en.wikipedia.org/wiki/Cameron_Diaz,PROJECT,PROJECT_KEYWORD_SUGGESTION,DESCRIPTION_SUGGESTION,positive,MANUAL_TAXONOMY_REVIEW_REQUIRED,SECOND_SOURCE_AUDIT_REQUIRED,True,False,False,PROJECT,CREATIVE_OR_MEDIA_PROJECT,positive,CONFIRMED,project outcome / reception / launch,True,PROVIDED_SOURCE_PRESENT,NONPAIRABLE_OR_NONCORE_DEFERRED,NOT_CONFIRMED_THIS_PASS,,,SOURCE1_PRESENT_SECONDARY_NOT_CONFIRMED,TAXONOMY_CONFIRMED_SECONDARY_UNCONFIRMED,False,False
2,V2_NEW_DEV,MLV2_DEV_015,Cameron Diaz,MLV2_DEV_015_E0002,1998,positive,career_success,There's Something About Mary became a major hit and awards success,high,https://en.wikipedia.org/wiki/Cameron_Diaz,RECOGNITION,RECOGNITION_KEYWORD_SUGGESTION,DESCRIPTION_SUGGESTION,positive,MANUAL_TAXONOMY_REVIEW_REQUIRED,SECOND_SOURCE_AUDIT_REQUIRED,True,False,False,MILESTONE_OTHER,BROAD_CAREER_MILESTONE,positive,CONFIRMED_NONPAIRABLE,broad career milestone not safely assigned to one mechanism,True,PROVIDED_SOURCE_PRESENT,NONPAIRABLE_OR_NONCORE_DEFERRED,NOT_CONFIRMED_THIS_PASS,,,SOURCE1_PRESENT_SECONDARY_NOT_CONFIRMED,CONFIRMED_TAXONOMY_NONPAIRABLE,False,False
2,V2_NEW_DEV,MLV2_DEV_016,Carson Daly,MLV2_DEV_016_E0001,1998,positive,career_success,Became host of MTV's Total Request Live,high,https://en.wikipedia.org/wiki/Carson_Daly,MILESTONE_OTHER,POSITIVE_MILESTONE_REVIEW,DESCRIPTION_SUGGESTION,positive,MANUAL_TAXONOMY_REVIEW_REQUIRED,SECOND_SOURCE_AUDIT_REQUIRED,True,False,False,STATUS,ROLE_OR_ELECTORAL_STATUS,positive,CONFIRMED,explicit role/status change,True,PROVIDED_SOURCE_PRESENT,NONPAIRABLE_OR_NONCORE_DEFERRED,NOT_CONFIRMED_THIS_PASS,,,SOURCE1_PRESENT_SECONDARY_NOT_CONFIRMED,TAXONOMY_CONFIRMED_SECONDARY_UNCONFIRMED,False,False
2,V2_NEW_DEV,MLV2_DEV_016,Carson Daly,MLV2_DEV_016_E0002,2002,positive,career_success,Last Call with Carson Daly launched on NBC,high,https://en.wikipedia.org/wiki/Carson_Daly,MILESTONE_OTHER,POSITIVE_MILESTONE_REVIEW,DESCRIPTION_SUGGESTION,positive,MANUAL_TAXONOMY_REVIEW_REQUIRED,SECOND_SOURCE_AUDIT_REQUIRED,True,False,False,MILESTONE_OTHER,BROAD_CAREER_MILESTONE,positive,CONFIRMED_NONPAIRABLE,broad career milestone not safely assigned to one mechanism,True,PROVIDED_SOURCE_PRESENT,NONPAIRABLE_OR_NONCORE_DEFERRED,NOT_CONFIRMED_THIS_PASS,,,SOURCE1_PRESENT_SECONDARY_NOT_CONFIRMED,CONFIRMED_TAXONOMY_NONPAIRABLE,False,False
2,V2_NEW_DEV,MLV2_DEV_017,Cher,MLV2_DEV_017_E0001,1971,positive,career_success,"Gypsys, Tramps & Thieves returned her to the top of the charts",high,https://en.wikipedia.org/wiki/Cher,MILESTONE_OTHER,POSITIVE_MILESTONE_REVIEW,DESCRIPTION_SUGGESTION,positive,MANUAL_TAXONOMY_REVIEW_REQUIRED,SECOND_SOURCE_AUDIT_REQUIRED,True,False,False,PROJECT,CREATIVE_OR_MEDIA_PROJECT,positive,CONFIRMED,project outcome / reception / launch,True,PROVIDED_SOURCE_PRESENT,NONPAIRABLE_OR_NONCORE_DEFERRED,NOT_CONFIRMED_THIS_PASS,,,SOURCE1_PRESENT_SECONDARY_NOT_CONFIRMED,TAXONOMY_CONFIRMED_SECONDARY_UNCONFIRMED,False,False
2,V2_NEW_DEV,MLV2_DEV_017,Cher,MLV2_DEV_017_E0003,1988,positive,career_success,Won the Academy Award for Moonstruck,high,https://en.wikipedia.org/wiki/Cher,RECOGNITION,RECOGNITION_KEYWORD_SUGGESTION,DESCRIPTION_SUGGESTION,positive,MANUAL_TAXONOMY_REVIEW_REQUIRED,SECOND_SOURCE_AUDIT_REQUIRED,True,False,False,RECOGNITION,FORMAL_RECOGNITION,positive,CONFIRMED,formal recognition/award,True,PROVIDED_SOURCE_PRESENT,NONPAIRABLE_OR_NONCORE_DEFERRED,NOT_CONFIRMED_THIS_PASS,,,SOURCE1_PRESENT_SECONDARY_NOT_CONFIRMED,TAXONOMY_CONFIRMED_SECONDARY_UNCONFIRMED,False,False
2,V2_NEW_DEV,MLV2_DEV_018,Cheech Marin,MLV2_DEV_018_E0001,1978,positive,career_success,Up in Smoke became a landmark comedy success,high,https://en.wikipedia.org/wiki/Cheech_Marin,MILESTONE_OTHER,POSITIVE_MILESTONE_REVIEW,DESCRIPTION_SUGGESTION,positive,MANUAL_TAXONOMY_REVIEW_REQUIRED,SECOND_SOURCE_AUDIT_REQUIRED,True,False,False,MILESTONE_OTHER,BROAD_CAREER_MILESTONE,positive,CONFIRMED_NONPAIRABLE,broad career milestone not safely assigned to one mechanism,True,PROVIDED_SOURCE_PRESENT,NONPAIRABLE_OR_NONCORE_DEFERRED,NOT_CONFIRMED_THIS_PASS,,,SOURCE1_PRESENT_SECONDARY_NOT_CONFIRMED,CONFIRMED_TAXONOMY_NONPAIRABLE,False,False
2,V2_NEW_DEV,MLV2_DEV_018,Cheech Marin,MLV2_DEV_018_E0003,2022,positive,career_success,The Cheech Marin Center for Chicano Art opened,high,https://en.wikipedia.org/wiki/Cheech_Marin,MILESTONE_OTHER,POSITIVE_MILESTONE_REVIEW,DESCRIPTION_SUGGESTION,positive,MANUAL_TAXONOMY_REVIEW_REQUIRED,SECOND_SOURCE_AUDIT_REQUIRED,True,False,False,MILESTONE_OTHER,TECHNICAL_OR_PROFESSIONAL_MILESTONE,positive,CONFIRMED_NONPAIRABLE,concrete milestone but no symmetric binary mechanism,True,PROVIDED_SOURCE_PRESENT,NONPAIRABLE_OR_NONCORE_DEFERRED,NOT_CONFIRMED_THIS_PASS,,,SOURCE1_PRESENT_SECONDARY_NOT_CONFIRMED,CONFIRMED_TAXONOMY_NONPAIRABLE,False,False
2,V2_NEW_DEV,MLV2_DEV_019,Cindy Crawford,MLV2_DEV_019_E0001,1988,positive,career_success,Became one of the defining supermodels of the late 1980s,medium,https://en.wikipedia.org/wiki/Cindy_Crawford,MILESTONE_OTHER,POSITIVE_MILESTONE_REVIEW,DESCRIPTION_SUGGESTION,positive,MANUAL_TAXONOMY_REVIEW_REQUIRED,NON_HIGH_TARGET_ASSIGNMENT|SECOND_SOURCE_AUDIT_REQUIRED,True,False,False,MILESTONE_OTHER,TECHNICAL_OR_PROFESSIONAL_MILESTONE,positive,CONFIRMED_NONPAIRABLE,concrete milestone but no symmetric binary mechanism,True,PROVIDED_SOURCE_PRESENT,NONPAIRABLE_OR_NONCORE_DEFERRED,NOT_CONFIRMED_THIS_PASS,,,SOURCE1_PRESENT_SECONDARY_NOT_CONFIRMED,CONFIRMED_TAXONOMY_NONPAIRABLE,False,False
2,V2_NEW_DEV,MLV2_DEV_019,Cindy Crawford,MLV2_DEV_019_E0002,1992,positive,career_success,Became the longtime host of MTV's House of Style at the height of her supermodel prominence.,high,https://en.wikipedia.org/wiki/Cindy_Crawford,MILESTONE_OTHER,POSITIVE_MILESTONE_REVIEW,DESCRIPTION_SUGGESTION,positive,MANUAL_TAXONOMY_REVIEW_REQUIRED,SECOND_SOURCE_AUDIT_REQUIRED,True,False,False,STATUS,ROLE_OR_ELECTORAL_STATUS,positive,CONFIRMED,explicit role/status change,True,PROVIDED_SOURCE_PRESENT,NONPAIRABLE_OR_NONCORE_DEFERRED,NOT_CONFIRMED_THIS_PASS,,,SOURCE1_PRESENT_SECONDARY_NOT_CONFIRMED,TAXONOMY_CONFIRMED_SECONDARY_UNCONFIRMED,False,False
2,V2_NEW_DEV,MLV2_DEV_019,Cindy Crawford,MLV2_DEV_019_E0003,1995,negative,career_loss,"Fair Game, her leading-role feature film, was a critical and box-office failure.",high,https://en.wikipedia.org/wiki/Fair_Game_(1995_film),PROJECT,PROJECT_KEYWORD_SUGGESTION,DESCRIPTION_SUGGESTION,negative,MANUAL_TAXONOMY_REVIEW_REQUIRED,SECOND_SOURCE_AUDIT_REQUIRED,True,False,False,PROJECT,CREATIVE_OR_MEDIA_PROJECT,negative,CONFIRMED,project outcome / reception / launch,True,PROVIDED_SOURCE_PRESENT,NONPAIRABLE_OR_NONCORE_DEFERRED,NOT_CONFIRMED_THIS_PASS,,,SOURCE1_PRESENT_SECONDARY_NOT_CONFIRMED,TAXONOMY_CONFIRMED_SECONDARY_UNCONFIRMED,False,False
2,V2_NEW_DEV,MLV2_DEV_020,Cindy Sherman,MLV2_DEV_020_E0001,1981,positive,career_success,Untitled Film Stills established major art-world recognition,medium,https://en.wikipedia.org/wiki/Cindy_Sherman,COMPETITIVE,COMPETITION_KEYWORD_SUGGESTION,DESCRIPTION_SUGGESTION,positive,MANUAL_TAXONOMY_REVIEW_REQUIRED,NON_HIGH_TARGET_ASSIGNMENT|SECOND_SOURCE_AUDIT_REQUIRED,True,True,False,PROJECT,CREATIVE_OR_MEDIA_PROJECT,positive,CONFIRMED,project outcome / reception / launch,True,PROVIDED_SOURCE_PRESENT,PAIR_CANDIDATE_TARGETED,CONFIRMED,MoMA / Los Angeles Times,Untitled Film Stills landmark recognition and Office Killer weak reception verified.,SECONDARY_CONFIRMED,SOURCE_VERIFIED_PAIR_CANDIDATE_CHRONOLOGY_BLOCK,True,False
2,V2_NEW_DEV,MLV2_DEV_020,Cindy Sherman,MLV2_DEV_020_E0002,1995,positive,career_success,Received a MacArthur Fellowship,high,https://en.wikipedia.org/wiki/Cindy_Sherman,MILESTONE_OTHER,POSITIVE_MILESTONE_REVIEW,DESCRIPTION_SUGGESTION,positive,MANUAL_TAXONOMY_REVIEW_REQUIRED,SECOND_SOURCE_AUDIT_REQUIRED,True,False,False,RECOGNITION,FORMAL_RECOGNITION,positive,CONFIRMED,formal recognition/award,True,PROVIDED_SOURCE_PRESENT,NONPAIRABLE_OR_NONCORE_DEFERRED,NOT_CONFIRMED_THIS_PASS,,,SOURCE1_PRESENT_SECONDARY_NOT_CONFIRMED,TAXONOMY_CONFIRMED_SECONDARY_UNCONFIRMED,False,False
2,V2_NEW_DEV,MLV2_DEV_020,Cindy Sherman,MLV2_DEV_020_E0003,1997,negative,career_loss,Her feature-film directorial debut Office Killer received mixed reviews and very limited commercial exposure.,medium,https://en.wikipedia.org/wiki/Office_Killer,PROJECT,PROJECT_KEYWORD_SUGGESTION,DESCRIPTION_SUGGESTION,negative,MANUAL_TAXONOMY_REVIEW_REQUIRED,NON_HIGH_TARGET_ASSIGNMENT|SECOND_SOURCE_AUDIT_REQUIRED,True,True,False,PROJECT,CREATIVE_OR_MEDIA_PROJECT,negative,CONFIRMED,project outcome / reception / launch,True,PROVIDED_SOURCE_PRESENT,PAIR_CANDIDATE_TARGETED,CONFIRMED,MoMA / Los Angeles Times,Untitled Film Stills landmark recognition and Office Killer weak reception verified.,SECONDARY_CONFIRMED,SOURCE_VERIFIED_PAIR_CANDIDATE_CHRONOLOGY_BLOCK,True,False
2,V2_NEW_DEV,MLV2_DEV_021,Clint Eastwood,MLV2_DEV_021_E0002,1992,positive,career_success,Unforgiven won Best Picture and earned him Best Director,high,https://en.wikipedia.org/wiki/Clint_Eastwood,MILESTONE_OTHER,POSITIVE_MILESTONE_REVIEW,DESCRIPTION_SUGGESTION,positive,MANUAL_TAXONOMY_REVIEW_REQUIRED,SECOND_SOURCE_AUDIT_REQUIRED,True,False,False,MILESTONE_OTHER,BROAD_CAREER_MILESTONE,positive,CONFIRMED_NONPAIRABLE,broad career milestone not safely assigned to one mechanism,True,PROVIDED_SOURCE_PRESENT,NONPAIRABLE_OR_NONCORE_DEFERRED,NOT_CONFIRMED_THIS_PASS,,,SOURCE1_PRESENT_SECONDARY_NOT_CONFIRMED,CONFIRMED_TAXONOMY_NONPAIRABLE,False,False
2,V2_NEW_DEV,MLV2_DEV_021,Clint Eastwood,MLV2_DEV_021_E0003,2005,positive,career_success,Won a second Best Director Oscar for Million Dollar Baby,high,https://en.wikipedia.org/wiki/Clint_Eastwood,MILESTONE_OTHER,POSITIVE_MILESTONE_REVIEW,DESCRIPTION_SUGGESTION,positive,MANUAL_TAXONOMY_REVIEW_REQUIRED,SECOND_SOURCE_AUDIT_REQUIRED,True,False,False,RECOGNITION,FORMAL_RECOGNITION,positive,CONFIRMED,formal recognition/award,True,PROVIDED_SOURCE_PRESENT,NONPAIRABLE_OR_NONCORE_DEFERRED,NOT_CONFIRMED_THIS_PASS,,,SOURCE1_PRESENT_SECONDARY_NOT_CONFIRMED,TAXONOMY_CONFIRMED_SECONDARY_UNCONFIRMED,False,False
2,V2_NEW_DEV,MLV2_DEV_022,Glenn Close,MLV2_DEV_022_E0001,1983,positive,career_success,Received an early Academy Award nomination during breakthrough film work,medium,https://en.wikipedia.org/wiki/Glenn_Close,RECOGNITION,RECOGNITION_KEYWORD_SUGGESTION,DESCRIPTION_SUGGESTION,positive,MANUAL_TAXONOMY_REVIEW_REQUIRED,NON_HIGH_TARGET_ASSIGNMENT|SECOND_SOURCE_AUDIT_REQUIRED,True,True,False,RECOGNITION,FORMAL_RECOGNITION,positive,CONFIRMED,formal recognition/award,True,PROVIDED_SOURCE_PRESENT,PAIR_CANDIDATE_TARGETED,CONFIRMED,Academy Awards / LA Times / TIME,Oscar nomination milestones and Hillbilly Elegy Razzie/critical backlash verified.,SECONDARY_CONFIRMED,SOURCE_VERIFIED_PAIR_CANDIDATE_CHRONOLOGY_BLOCK,True,False
2,V2_NEW_DEV,MLV2_DEV_022,Glenn Close,MLV2_DEV_022_E0002,2020,negative,career_loss,Hillbilly Elegy drew strongly negative reviews and brought a Razzie nomination despite awards attention for her performance.,medium,https://en.wikipedia.org/wiki/Hillbilly_Elegy_(film),RECOGNITION,RECOGNITION_KEYWORD_SUGGESTION,DESCRIPTION_SUGGESTION,negative,MANUAL_TAXONOMY_REVIEW_REQUIRED,NON_HIGH_TARGET_ASSIGNMENT|SECOND_SOURCE_AUDIT_REQUIRED,True,True,False,RECOGNITION,FORMAL_RECOGNITION,negative,CONFIRMED,formal recognition/award,True,PROVIDED_SOURCE_PRESENT,PAIR_CANDIDATE_TARGETED,CONFIRMED,Academy Awards / LA Times / TIME,Oscar nomination milestones and Hillbilly Elegy Razzie/critical backlash verified.,SECONDARY_CONFIRMED,SOURCE_VERIFIED_PAIR_CANDIDATE_CHRONOLOGY_BLOCK,True,False
2,V2_NEW_DEV,MLV2_DEV_022,Glenn Close,MLV2_DEV_022_E0003,2021,positive,career_success,Reached eight career Academy Award acting nominations,medium,https://en.wikipedia.org/wiki/Glenn_Close,RECOGNITION,RECOGNITION_KEYWORD_SUGGESTION,DESCRIPTION_SUGGESTION,positive,MANUAL_TAXONOMY_REVIEW_REQUIRED,NON_HIGH_TARGET_ASSIGNMENT|SECOND_SOURCE_AUDIT_REQUIRED,True,True,False,RECOGNITION,FORMAL_RECOGNITION,positive,CONFIRMED,formal recognition/award,True,PROVIDED_SOURCE_PRESENT,PAIR_CANDIDATE_TARGETED,CONFIRMED,Academy Awards / LA Times / TIME,Oscar nomination milestones and Hillbilly Elegy Razzie/critical backlash verified.,SECONDARY_CONFIRMED,SOURCE_VERIFIED_PAIR_CANDIDATE_CHRONOLOGY_BLOCK,True,False
2,V2_NEW_DEV,MLV2_DEV_023,Goldie Hawn,MLV2_DEV_023_E0001,1970,positive,career_success,Won the Academy Award for Cactus Flower,high,https://en.wikipedia.org/wiki/Goldie_Hawn,RECOGNITION,RECOGNITION_KEYWORD_SUGGESTION,DESCRIPTION_SUGGESTION,positive,MANUAL_TAXONOMY_REVIEW_REQUIRED,SECOND_SOURCE_AUDIT_REQUIRED,True,False,False,RECOGNITION,FORMAL_RECOGNITION,positive,CONFIRMED,formal recognition/award,True,PROVIDED_SOURCE_PRESENT,NONPAIRABLE_OR_NONCORE_DEFERRED,NOT_CONFIRMED_THIS_PASS,,,SOURCE1_PRESENT_SECONDARY_NOT_CONFIRMED,TAXONOMY_CONFIRMED_SECONDARY_UNCONFIRMED,False,False
2,V2_NEW_DEV,MLV2_DEV_023,Goldie Hawn,MLV2_DEV_023_E0002,1980,positive,career_success,Private Benjamin became a major success and earned an Oscar nomination,high,https://en.wikipedia.org/wiki/Goldie_Hawn,RECOGNITION,RECOGNITION_KEYWORD_SUGGESTION,DESCRIPTION_SUGGESTION,positive,MANUAL_TAXONOMY_REVIEW_REQUIRED,SECOND_SOURCE_AUDIT_REQUIRED,True,False,False,RECOGNITION,FORMAL_RECOGNITION,positive,CONFIRMED,formal recognition/award,True,PROVIDED_SOURCE_PRESENT,NONPAIRABLE_OR_NONCORE_DEFERRED,NOT_CONFIRMED_THIS_PASS,,,SOURCE1_PRESENT_SECONDARY_NOT_CONFIRMED,TAXONOMY_CONFIRMED_SECONDARY_UNCONFIRMED,False,False
2,V2_NEW_DEV,MLV2_DEV_023,Goldie Hawn,MLV2_DEV_023_E0003,2001,negative,career_loss,Town & Country became a notorious box-office failure.,high,https://en.wikipedia.org/wiki/Town_%26_Country_(film),PROJECT,PROJECT_KEYWORD_SUGGESTION,DESCRIPTION_SUGGESTION,negative,MANUAL_TAXONOMY_REVIEW_REQUIRED,SECOND_SOURCE_AUDIT_REQUIRED,True,False,False,PROJECT,CREATIVE_OR_MEDIA_PROJECT,negative,CONFIRMED,project outcome / reception / launch,True,PROVIDED_SOURCE_PRESENT,NONPAIRABLE_OR_NONCORE_DEFERRED,NOT_CONFIRMED_THIS_PASS,,,SOURCE1_PRESENT_SECONDARY_NOT_CONFIRMED,TAXONOMY_CONFIRMED_SECONDARY_UNCONFIRMED,False,False
2,V2_NEW_DEV,MLV2_DEV_024,Gonzalo Higuain,MLV2_DEV_024_E0001,2012,positive,career_success,Won La Liga with Real Madrid,high,https://en.wikipedia.org/wiki/Gonzalo_Higua%C3%ADn,MILESTONE_OTHER,POSITIVE_MILESTONE_REVIEW,DESCRIPTION_SUGGESTION,positive,MANUAL_TAXONOMY_REVIEW_REQUIRED,SECOND_SOURCE_AUDIT_REQUIRED,True,False,False,COMPETITIVE,COMPETITION_OR_PERFORMANCE,positive,CONFIRMED,explicit competitive/performance outcome,True,PROVIDED_SOURCE_PRESENT,PAIR_CANDIDATE_TARGETED,NOT_CONFIRMED_THIS_PASS,,2012 La Liga title not independently checked to event-row standard in this pass.,SOURCE1_PRESENT_SECONDARY_NOT_CONFIRMED,TAXONOMY_CONFIRMED_SECONDARY_UNCONFIRMED,False,False
2,V2_NEW_DEV,MLV2_DEV_024,Gonzalo Higuain,MLV2_DEV_024_E0002,2014,negative,career_loss,Missed a major chance in the World Cup final as Argentina lost,medium,https://en.wikipedia.org/wiki/Gonzalo_Higua%C3%ADn,COMPETITIVE,COMPETITION_KEYWORD_SUGGESTION,DESCRIPTION_SUGGESTION,negative,MANUAL_TAXONOMY_REVIEW_REQUIRED,NON_HIGH_TARGET_ASSIGNMENT|SECOND_SOURCE_AUDIT_REQUIRED,True,False,False,COMPETITIVE,COMPETITION_OR_PERFORMANCE,negative,CONFIRMED,explicit competitive/performance outcome,True,PROVIDED_SOURCE_PRESENT,PAIR_CANDIDATE_TARGETED,PARTIAL,AS / World Cup final coverage,Argentina final loss and Higuain final chances supported; exact event wording only partially confirmed.,SECONDARY_PARTIAL,TAXONOMY_CONFIRMED_SOURCE_PARTIAL,False,False
2,V2_NEW_DEV,MLV2_DEV_024,Gonzalo Higuain,MLV2_DEV_024_E0003,2016,positive,career_success,Set a Serie A single-season scoring record with Napoli,high,https://en.wikipedia.org/wiki/Gonzalo_Higua%C3%ADn,MILESTONE_OTHER,POSITIVE_MILESTONE_REVIEW,DESCRIPTION_SUGGESTION,positive,MANUAL_TAXONOMY_REVIEW_REQUIRED,SECOND_SOURCE_AUDIT_REQUIRED,True,True,False,COMPETITIVE,COMPETITION_OR_PERFORMANCE,positive,CONFIRMED,explicit competitive/performance outcome,True,PROVIDED_SOURCE_PRESENT,PAIR_CANDIDATE_TARGETED,CONFIRMED,AS / Serie A records,36-goal Serie A single-season record verified.,SECONDARY_CONFIRMED,CONFIRMED_BUT_NO_CONFIRMED_OPPOSITE_PAIR,False,False
2,V2_NEW_DEV,MLV2_DEV_025,Gwyneth Paltrow,MLV2_DEV_025_E0001,1999,positive,career_success,Won the Academy Award for Shakespeare in Love,high,https://en.wikipedia.org/wiki/Gwyneth_Paltrow,RECOGNITION,RECOGNITION_KEYWORD_SUGGESTION,DESCRIPTION_SUGGESTION,positive,MANUAL_TAXONOMY_REVIEW_REQUIRED,SECOND_SOURCE_AUDIT_REQUIRED,True,False,False,RECOGNITION,FORMAL_RECOGNITION,positive,CONFIRMED,formal recognition/award,True,PROVIDED_SOURCE_PRESENT,NONPAIRABLE_OR_NONCORE_DEFERRED,NOT_CONFIRMED_THIS_PASS,,,SOURCE1_PRESENT_SECONDARY_NOT_CONFIRMED,TAXONOMY_CONFIRMED_SECONDARY_UNCONFIRMED,False,False
2,V2_NEW_DEV,MLV2_DEV_025,Gwyneth Paltrow,MLV2_DEV_025_E0003,2008,positive,career_success,Iron Man became a major global hit and began her long-running role as Pepper Potts in the Marvel franchise.,high,https://en.wikipedia.org/wiki/Gwyneth_Paltrow,MILESTONE_OTHER,POSITIVE_MILESTONE_REVIEW,DESCRIPTION_SUGGESTION,positive,MANUAL_TAXONOMY_REVIEW_REQUIRED,SECOND_SOURCE_AUDIT_REQUIRED,True,False,False,PROJECT,CREATIVE_OR_MEDIA_PROJECT,positive,CONFIRMED,project outcome / reception / launch,True,PROVIDED_SOURCE_PRESENT,NONPAIRABLE_OR_NONCORE_DEFERRED,NOT_CONFIRMED_THIS_PASS,,,SOURCE1_PRESENT_SECONDARY_NOT_CONFIRMED,TAXONOMY_CONFIRMED_SECONDARY_UNCONFIRMED,False,False
2,V2_NEW_DEV,MLV2_DEV_026,Helen Hunt,MLV2_DEV_026_E0001,1996,positive,career_success,Mad About You brought major Emmy success,medium,https://en.wikipedia.org/wiki/Helen_Hunt,RECOGNITION,RECOGNITION_KEYWORD_SUGGESTION,DESCRIPTION_SUGGESTION,positive,MANUAL_TAXONOMY_REVIEW_REQUIRED,NON_HIGH_TARGET_ASSIGNMENT|SECOND_SOURCE_AUDIT_REQUIRED,True,False,False,RECOGNITION,FORMAL_RECOGNITION,positive,CONFIRMED,formal recognition/award,True,PROVIDED_SOURCE_PRESENT,NONPAIRABLE_OR_NONCORE_DEFERRED,NOT_CONFIRMED_THIS_PASS,,,SOURCE1_PRESENT_SECONDARY_NOT_CONFIRMED,TAXONOMY_CONFIRMED_SECONDARY_UNCONFIRMED,False,False
2,V2_NEW_DEV,MLV2_DEV_026,Helen Hunt,MLV2_DEV_026_E0002,1997,positive,career_success,Won the Academy Award for As Good as It Gets,high,https://en.wikipedia.org/wiki/Helen_Hunt,RECOGNITION,RECOGNITION_KEYWORD_SUGGESTION,DESCRIPTION_SUGGESTION,positive,MANUAL_TAXONOMY_REVIEW_REQUIRED,SECOND_SOURCE_AUDIT_REQUIRED,True,False,False,RECOGNITION,FORMAL_RECOGNITION,positive,CONFIRMED,formal recognition/award,True,PROVIDED_SOURCE_PRESENT,NONPAIRABLE_OR_NONCORE_DEFERRED,NOT_CONFIRMED_THIS_PASS,,,SOURCE1_PRESENT_SECONDARY_NOT_CONFIRMED,TAXONOMY_CONFIRMED_SECONDARY_UNCONFIRMED,False,False
2,V2_NEW_DEV,MLV2_DEV_026,Helen Hunt,MLV2_DEV_026_E0003,2005,negative,career_loss,A Good Woman received weak reviews and very limited box-office results.,medium,https://en.wikipedia.org/wiki/A_Good_Woman_(film),PROJECT,PROJECT_KEYWORD_SUGGESTION,DESCRIPTION_SUGGESTION,negative,MANUAL_TAXONOMY_REVIEW_REQUIRED,NON_HIGH_TARGET_ASSIGNMENT|SECOND_SOURCE_AUDIT_REQUIRED,True,False,False,PROJECT,CREATIVE_OR_MEDIA_PROJECT,negative,CONFIRMED,project outcome / reception / launch,True,PROVIDED_SOURCE_PRESENT,NONPAIRABLE_OR_NONCORE_DEFERRED,NOT_CONFIRMED_THIS_PASS,,,SOURCE1_PRESENT_SECONDARY_NOT_CONFIRMED,TAXONOMY_CONFIRMED_SECONDARY_UNCONFIRMED,False,False
2,V2_NEW_DEV,MLV2_DEV_027,Jamie Lee Curtis,MLV2_DEV_027_E0001,1978,positive,career_success,Halloween became her breakthrough film,high,https://en.wikipedia.org/wiki/Jamie_Lee_Curtis,PROJECT,PROJECT_KEYWORD_SUGGESTION,DESCRIPTION_SUGGESTION,positive,MANUAL_TAXONOMY_REVIEW_REQUIRED,SECOND_SOURCE_AUDIT_REQUIRED,True,True,False,PROJECT,CREATIVE_OR_MEDIA_PROJECT,positive,CONFIRMED,project outcome / reception / launch,True,PROVIDED_SOURCE_PRESENT,PAIR_CANDIDATE_TARGETED,CONFIRMED,Rotten Tomatoes / Roger Ebert,Halloween breakthrough and Virus critical failure verified.,SECONDARY_CONFIRMED,SOURCE_VERIFIED_PAIR_CANDIDATE_CHRONOLOGY_BLOCK,True,False
2,V2_NEW_DEV,MLV2_DEV_027,Jamie Lee Curtis,MLV2_DEV_027_E0002,1999,negative,career_loss,Virus was a major critical failure and later became a film she publicly described as a bad project.,high,https://en.wikipedia.org/wiki/Virus_(1999_film),PROJECT,PROJECT_KEYWORD_SUGGESTION,DESCRIPTION_SUGGESTION,negative,MANUAL_TAXONOMY_REVIEW_REQUIRED,SECOND_SOURCE_AUDIT_REQUIRED,True,True,False,PROJECT,CREATIVE_OR_MEDIA_PROJECT,negative,CONFIRMED,project outcome / reception / launch,True,PROVIDED_SOURCE_PRESENT,PAIR_CANDIDATE_TARGETED,CONFIRMED,Rotten Tomatoes / Roger Ebert,Halloween breakthrough and Virus critical failure verified.,SECONDARY_CONFIRMED,SOURCE_VERIFIED_PAIR_CANDIDATE_CHRONOLOGY_BLOCK,True,False
2,V2_NEW_DEV,MLV2_DEV_027,Jamie Lee Curtis,MLV2_DEV_027_E0003,2023,positive,career_success,Won the Academy Award for Everything Everywhere All at Once,high,https://en.wikipedia.org/wiki/Jamie_Lee_Curtis,RECOGNITION,RECOGNITION_KEYWORD_SUGGESTION,DESCRIPTION_SUGGESTION,positive,MANUAL_TAXONOMY_REVIEW_REQUIRED,SECOND_SOURCE_AUDIT_REQUIRED,True,False,False,RECOGNITION,FORMAL_RECOGNITION,positive,CONFIRMED,formal recognition/award,True,PROVIDED_SOURCE_PRESENT,NONPAIRABLE_OR_NONCORE_DEFERRED,NOT_CONFIRMED_THIS_PASS,,,SOURCE1_PRESENT_SECONDARY_NOT_CONFIRMED,TAXONOMY_CONFIRMED_SECONDARY_UNCONFIRMED,False,False
2,V2_NEW_DEV,MLV2_DEV_028,Jane Curtin,MLV2_DEV_028_E0001,1975,positive,career_success,Joined the original cast of Saturday Night Live,high,https://en.wikipedia.org/wiki/Jane_Curtin,MILESTONE_OTHER,POSITIVE_MILESTONE_REVIEW,DESCRIPTION_SUGGESTION,positive,MANUAL_TAXONOMY_REVIEW_REQUIRED,SECOND_SOURCE_AUDIT_REQUIRED,True,False,False,MILESTONE_OTHER,BROAD_CAREER_MILESTONE,positive,CONFIRMED_NONPAIRABLE,broad career milestone not safely assigned to one mechanism,True,PROVIDED_SOURCE_PRESENT,NONPAIRABLE_OR_NONCORE_DEFERRED,NOT_CONFIRMED_THIS_PASS,,,SOURCE1_PRESENT_SECONDARY_NOT_CONFIRMED,CONFIRMED_TAXONOMY_NONPAIRABLE,False,False
2,V2_NEW_DEV,MLV2_DEV_028,Jane Curtin,MLV2_DEV_028_E0002,1984,positive,career_success,Won consecutive Emmy Awards for Kate & Allie,medium,https://en.wikipedia.org/wiki/Jane_Curtin,RECOGNITION,RECOGNITION_KEYWORD_SUGGESTION,DESCRIPTION_SUGGESTION,positive,MANUAL_TAXONOMY_REVIEW_REQUIRED,NON_HIGH_TARGET_ASSIGNMENT|SECOND_SOURCE_AUDIT_REQUIRED,True,False,False,RECOGNITION,FORMAL_RECOGNITION,positive,CONFIRMED,formal recognition/award,True,PROVIDED_SOURCE_PRESENT,NONPAIRABLE_OR_NONCORE_DEFERRED,NOT_CONFIRMED_THIS_PASS,,,SOURCE1_PRESENT_SECONDARY_NOT_CONFIRMED,TAXONOMY_CONFIRMED_SECONDARY_UNCONFIRMED,False,False
2,V2_NEW_DEV,MLV2_DEV_028,Jane Curtin,MLV2_DEV_028_E0003,1990,negative,career_loss,"Working It Out was cancelled after a short run, ending her attempted network sitcom follow-up.",medium,https://en.wikipedia.org/wiki/Working_It_Out,PROJECT,PROJECT_KEYWORD_SUGGESTION,DESCRIPTION_SUGGESTION,negative,MANUAL_TAXONOMY_REVIEW_REQUIRED,NON_HIGH_TARGET_ASSIGNMENT|SECOND_SOURCE_AUDIT_REQUIRED,True,False,False,PROJECT,CREATIVE_OR_MEDIA_PROJECT,negative,CONFIRMED,project outcome / reception / launch,True,PROVIDED_SOURCE_PRESENT,NONPAIRABLE_OR_NONCORE_DEFERRED,NOT_CONFIRMED_THIS_PASS,,,SOURCE1_PRESENT_SECONDARY_NOT_CONFIRMED,TAXONOMY_CONFIRMED_SECONDARY_UNCONFIRMED,False,False
2,V2_NEW_DEV,MLV2_DEV_029,Jeff Bagwell,MLV2_DEV_029_E0001,1994,positive,career_success,Won National League MVP,high,https://en.wikipedia.org/wiki/Jeff_Bagwell,MILESTONE_OTHER,POSITIVE_MILESTONE_REVIEW,DESCRIPTION_SUGGESTION,positive,MANUAL_TAXONOMY_REVIEW_REQUIRED,SECOND_SOURCE_AUDIT_REQUIRED,True,False,False,RECOGNITION,FORMAL_RECOGNITION,positive,CONFIRMED,formal recognition/award,True,PROVIDED_SOURCE_PRESENT,NONPAIRABLE_OR_NONCORE_DEFERRED,NOT_CONFIRMED_THIS_PASS,,,SOURCE1_PRESENT_SECONDARY_NOT_CONFIRMED,TAXONOMY_CONFIRMED_SECONDARY_UNCONFIRMED,False,False
2,V2_NEW_DEV,MLV2_DEV_029,Jeff Bagwell,MLV2_DEV_029_E0003,2017,positive,career_success,Inducted into the Baseball Hall of Fame,high,https://en.wikipedia.org/wiki/Jeff_Bagwell,MILESTONE_OTHER,POSITIVE_MILESTONE_REVIEW,DESCRIPTION_SUGGESTION,positive,MANUAL_TAXONOMY_REVIEW_REQUIRED,SECOND_SOURCE_AUDIT_REQUIRED,True,False,False,RECOGNITION,FORMAL_RECOGNITION,positive,CONFIRMED,formal recognition/award,True,PROVIDED_SOURCE_PRESENT,NONPAIRABLE_OR_NONCORE_DEFERRED,NOT_CONFIRMED_THIS_PASS,,,SOURCE1_PRESENT_SECONDARY_NOT_CONFIRMED,TAXONOMY_CONFIRMED_SECONDARY_UNCONFIRMED,False,False
2,V2_NEW_DEV,MLV2_DEV_030,Jodie Foster,MLV2_DEV_030_E0001,1989,positive,career_success,Won the Academy Award for The Accused,high,https://en.wikipedia.org/wiki/Jodie_Foster,RECOGNITION,RECOGNITION_KEYWORD_SUGGESTION,DESCRIPTION_SUGGESTION,positive,MANUAL_TAXONOMY_REVIEW_REQUIRED,SECOND_SOURCE_AUDIT_REQUIRED,True,False,False,RECOGNITION,FORMAL_RECOGNITION,positive,CONFIRMED,formal recognition/award,True,PROVIDED_SOURCE_PRESENT,NONPAIRABLE_OR_NONCORE_DEFERRED,NOT_CONFIRMED_THIS_PASS,,,SOURCE1_PRESENT_SECONDARY_NOT_CONFIRMED,TAXONOMY_CONFIRMED_SECONDARY_UNCONFIRMED,False,False
2,V2_NEW_DEV,MLV2_DEV_030,Jodie Foster,MLV2_DEV_030_E0002,1992,positive,career_success,Won a second Academy Award for The Silence of the Lambs,high,https://en.wikipedia.org/wiki/Jodie_Foster,RECOGNITION,RECOGNITION_KEYWORD_SUGGESTION,DESCRIPTION_SUGGESTION,positive,MANUAL_TAXONOMY_REVIEW_REQUIRED,SECOND_SOURCE_AUDIT_REQUIRED,True,False,False,RECOGNITION,FORMAL_RECOGNITION,positive,CONFIRMED,formal recognition/award,True,PROVIDED_SOURCE_PRESENT,NONPAIRABLE_OR_NONCORE_DEFERRED,NOT_CONFIRMED_THIS_PASS,,,SOURCE1_PRESENT_SECONDARY_NOT_CONFIRMED,TAXONOMY_CONFIRMED_SECONDARY_UNCONFIRMED,False,False
2,V2_NEW_DEV,MLV2_DEV_030,Jodie Foster,MLV2_DEV_030_E0003,2011,negative,career_loss,"The Beaver, which she directed and co-starred in, was a commercial failure despite mixed critical reception.",medium,https://en.wikipedia.org/wiki/The_Beaver_(film),PROJECT,PROJECT_KEYWORD_SUGGESTION,DESCRIPTION_SUGGESTION,negative,MANUAL_TAXONOMY_REVIEW_REQUIRED,NON_HIGH_TARGET_ASSIGNMENT|SECOND_SOURCE_AUDIT_REQUIRED,True,False,False,UNRESOLVED,BROAD_CAREER_LOSS,unassigned,REJECT_BINARY_AMBIGUOUS,broad career loss requires mechanism-specific evidence,True,PROVIDED_SOURCE_PRESENT,NONPAIRABLE_OR_NONCORE_DEFERRED,NOT_CONFIRMED_THIS_PASS,,,SOURCE1_PRESENT_SECONDARY_NOT_CONFIRMED,REJECT_TAXONOMY_AMBIGUOUS,False,False
2,V2_NEW_DEV,MLV2_DEV_031,Jon Bon Jovi,MLV2_DEV_031_E0001,1986,positive,career_success,Slippery When Wet became a global breakthrough,high,https://en.wikipedia.org/wiki/Jon_Bon_Jovi,MILESTONE_OTHER,POSITIVE_MILESTONE_REVIEW,DESCRIPTION_SUGGESTION,positive,MANUAL_TAXONOMY_REVIEW_REQUIRED,SECOND_SOURCE_AUDIT_REQUIRED,True,False,False,MILESTONE_OTHER,BROAD_CAREER_MILESTONE,positive,CONFIRMED_NONPAIRABLE,broad career milestone not safely assigned to one mechanism,True,PROVIDED_SOURCE_PRESENT,NONPAIRABLE_OR_NONCORE_DEFERRED,NOT_CONFIRMED_THIS_PASS,,,SOURCE1_PRESENT_SECONDARY_NOT_CONFIRMED,CONFIRMED_TAXONOMY_NONPAIRABLE,False,False
2,V2_NEW_DEV,MLV2_DEV_031,Jon Bon Jovi,MLV2_DEV_031_E0002,1990,negative,career_loss,Bon Jovi entered a hiatus after heavy touring and internal exhaustion following the New Jersey cycle.,medium,https://en.wikipedia.org/wiki/Bon_Jovi,TRANSITION,TRANSITION_KEYWORD_SUGGESTION,DESCRIPTION_SUGGESTION,unassigned,MANUAL_TAXONOMY_REVIEW_REQUIRED,NON_HIGH_TARGET_ASSIGNMENT|SECOND_SOURCE_AUDIT_REQUIRED,True,False,False,TRANSITION,VOLUNTARY_OR_STRUCTURAL_TRANSITION,unassigned,REJECT_BINARY_TRANSITION,transition is not negative by default,True,PROVIDED_SOURCE_PRESENT,NONPAIRABLE_OR_NONCORE_DEFERRED,NOT_CONFIRMED_THIS_PASS,,,SOURCE1_PRESENT_SECONDARY_NOT_CONFIRMED,REJECT_TRANSITION_NONBINARY,False,False
2,V2_NEW_DEV,MLV2_DEV_031,Jon Bon Jovi,MLV2_DEV_031_E0003,2018,positive,career_success,Bon Jovi was inducted into the Rock and Roll Hall of Fame,high,https://en.wikipedia.org/wiki/Jon_Bon_Jovi,MILESTONE_OTHER,POSITIVE_MILESTONE_REVIEW,DESCRIPTION_SUGGESTION,positive,MANUAL_TAXONOMY_REVIEW_REQUIRED,SECOND_SOURCE_AUDIT_REQUIRED,True,False,False,RECOGNITION,FORMAL_RECOGNITION,positive,CONFIRMED,formal recognition/award,True,PROVIDED_SOURCE_PRESENT,NONPAIRABLE_OR_NONCORE_DEFERRED,NOT_CONFIRMED_THIS_PASS,,,SOURCE1_PRESENT_SECONDARY_NOT_CONFIRMED,TAXONOMY_CONFIRMED_SECONDARY_UNCONFIRMED,False,False
2,V2_NEW_DEV,MLV2_DEV_032,Jon Huntsman,MLV2_DEV_032_E0001,2005,positive,career_success,Became Governor of Utah,high,https://en.wikipedia.org/wiki/Jon_Huntsman,STATUS,STATUS_KEYWORD_SUGGESTION,DESCRIPTION_SUGGESTION,positive,MANUAL_TAXONOMY_REVIEW_REQUIRED,SECOND_SOURCE_AUDIT_REQUIRED,True,False,False,STATUS,ROLE_OR_ELECTORAL_STATUS,positive,CONFIRMED,explicit role/status change,True,PROVIDED_SOURCE_PRESENT,NONPAIRABLE_OR_NONCORE_DEFERRED,NOT_CONFIRMED_THIS_PASS,,,SOURCE1_PRESENT_SECONDARY_NOT_CONFIRMED,TAXONOMY_CONFIRMED_SECONDARY_UNCONFIRMED,False,False
2,V2_NEW_DEV,MLV2_DEV_032,Jon Huntsman,MLV2_DEV_032_E0002,2009,positive,career_success,Appointed US Ambassador to China,high,https://en.wikipedia.org/wiki/Jon_Huntsman,STATUS,STATUS_KEYWORD_SUGGESTION,DESCRIPTION_SUGGESTION,positive,MANUAL_TAXONOMY_REVIEW_REQUIRED,SECOND_SOURCE_AUDIT_REQUIRED,True,False,False,STATUS,ROLE_OR_ELECTORAL_STATUS,positive,CONFIRMED,explicit role/status change,True,PROVIDED_SOURCE_PRESENT,NONPAIRABLE_OR_NONCORE_DEFERRED,NOT_CONFIRMED_THIS_PASS,,,SOURCE1_PRESENT_SECONDARY_NOT_CONFIRMED,TAXONOMY_CONFIRMED_SECONDARY_UNCONFIRMED,False,False
2,V2_NEW_DEV,MLV2_DEV_033,Kevin Costner,MLV2_DEV_033_E0001,1991,positive,career_success,Dances with Wolves won Best Picture and Best Director,high,https://en.wikipedia.org/wiki/Kevin_Costner,MILESTONE_OTHER,POSITIVE_MILESTONE_REVIEW,DESCRIPTION_SUGGESTION,positive,MANUAL_TAXONOMY_REVIEW_REQUIRED,SECOND_SOURCE_AUDIT_REQUIRED,True,False,False,MILESTONE_OTHER,BROAD_CAREER_MILESTONE,positive,CONFIRMED_NONPAIRABLE,broad career milestone not safely assigned to one mechanism,True,PROVIDED_SOURCE_PRESENT,NONPAIRABLE_OR_NONCORE_DEFERRED,NOT_CONFIRMED_THIS_PASS,,,SOURCE1_PRESENT_SECONDARY_NOT_CONFIRMED,CONFIRMED_TAXONOMY_NONPAIRABLE,False,False
2,V2_NEW_DEV,MLV2_DEV_033,Kevin Costner,MLV2_DEV_033_E0003,2018,positive,career_success,Yellowstone launched a major late-career resurgence,high,https://en.wikipedia.org/wiki/Kevin_Costner,MILESTONE_OTHER,POSITIVE_MILESTONE_REVIEW,DESCRIPTION_SUGGESTION,positive,MANUAL_TAXONOMY_REVIEW_REQUIRED,SECOND_SOURCE_AUDIT_REQUIRED,True,True,False,PROJECT,CREATIVE_OR_MEDIA_PROJECT,positive,CONFIRMED,project outcome / reception / launch,True,PROVIDED_SOURCE_PRESENT,PAIR_CANDIDATE_TARGETED,CONFIRMED,major film/TV retrospectives,Waterworld production/publicity setback and Yellowstone late-career resurgence verified.,SECONDARY_CONFIRMED,SOURCE_VERIFIED_PAIR_CANDIDATE_CHRONOLOGY_BLOCK,True,False
2,V2_NEW_DEV,MLV2_DEV_034,Kevin Kline,MLV2_DEV_034_E0001,1989,positive,career_success,Won the Academy Award for A Fish Called Wanda,high,https://en.wikipedia.org/wiki/Kevin_Kline,RECOGNITION,RECOGNITION_KEYWORD_SUGGESTION,DESCRIPTION_SUGGESTION,positive,MANUAL_TAXONOMY_REVIEW_REQUIRED,SECOND_SOURCE_AUDIT_REQUIRED,True,False,False,RECOGNITION,FORMAL_RECOGNITION,positive,CONFIRMED,formal recognition/award,True,PROVIDED_SOURCE_PRESENT,NONPAIRABLE_OR_NONCORE_DEFERRED,NOT_CONFIRMED_THIS_PASS,,,SOURCE1_PRESENT_SECONDARY_NOT_CONFIRMED,TAXONOMY_CONFIRMED_SECONDARY_UNCONFIRMED,False,False
2,V2_NEW_DEV,MLV2_DEV_034,Kevin Kline,MLV2_DEV_034_E0003,2017,positive,career_success,Won a Tony Award for Present Laughter,high,https://en.wikipedia.org/wiki/Kevin_Kline,RECOGNITION,RECOGNITION_KEYWORD_SUGGESTION,DESCRIPTION_SUGGESTION,positive,MANUAL_TAXONOMY_REVIEW_REQUIRED,SECOND_SOURCE_AUDIT_REQUIRED,True,False,False,MILESTONE_OTHER,BROAD_CAREER_MILESTONE,positive,CONFIRMED_NONPAIRABLE,broad career milestone not safely assigned to one mechanism,True,PROVIDED_SOURCE_PRESENT,NONPAIRABLE_OR_NONCORE_DEFERRED,NOT_CONFIRMED_THIS_PASS,,,SOURCE1_PRESENT_SECONDARY_NOT_CONFIRMED,CONFIRMED_TAXONOMY_NONPAIRABLE,False,False
2,V2_NEW_DEV,MLV2_DEV_035,Kirsten Dunst,MLV2_DEV_035_E0001,2002,positive,career_success,Spider-Man became a global blockbuster,high,https://en.wikipedia.org/wiki/Kirsten_Dunst,MILESTONE_OTHER,POSITIVE_MILESTONE_REVIEW,DESCRIPTION_SUGGESTION,positive,MANUAL_TAXONOMY_REVIEW_REQUIRED,SECOND_SOURCE_AUDIT_REQUIRED,True,False,False,MILESTONE_OTHER,BROAD_CAREER_MILESTONE,positive,CONFIRMED_NONPAIRABLE,broad career milestone not safely assigned to one mechanism,True,PROVIDED_SOURCE_PRESENT,NONPAIRABLE_OR_NONCORE_DEFERRED,NOT_CONFIRMED_THIS_PASS,,,SOURCE1_PRESENT_SECONDARY_NOT_CONFIRMED,CONFIRMED_TAXONOMY_NONPAIRABLE,False,False
2,V2_NEW_DEV,MLV2_DEV_035,Kirsten Dunst,MLV2_DEV_035_E0003,2011,positive,career_success,Won Cannes Best Actress for Melancholia,high,https://en.wikipedia.org/wiki/Kirsten_Dunst,MILESTONE_OTHER,POSITIVE_MILESTONE_REVIEW,DESCRIPTION_SUGGESTION,positive,MANUAL_TAXONOMY_REVIEW_REQUIRED,SECOND_SOURCE_AUDIT_REQUIRED,True,False,False,MILESTONE_OTHER,BROAD_CAREER_MILESTONE,positive,CONFIRMED_NONPAIRABLE,broad career milestone not safely assigned to one mechanism,True,PROVIDED_SOURCE_PRESENT,NONPAIRABLE_OR_NONCORE_DEFERRED,NOT_CONFIRMED_THIS_PASS,,,SOURCE1_PRESENT_SECONDARY_NOT_CONFIRMED,CONFIRMED_TAXONOMY_NONPAIRABLE,False,False
2,V2_NEW_DEV,MLV2_DEV_036,Laura Dern,MLV2_DEV_036_E0001,1992,positive,career_success,Received an Academy Award nomination for Rambling Rose,high,https://en.wikipedia.org/wiki/Laura_Dern,RECOGNITION,RECOGNITION_KEYWORD_SUGGESTION,DESCRIPTION_SUGGESTION,positive,MANUAL_TAXONOMY_REVIEW_REQUIRED,SECOND_SOURCE_AUDIT_REQUIRED,True,False,False,RECOGNITION,FORMAL_RECOGNITION,positive,CONFIRMED,formal recognition/award,True,PROVIDED_SOURCE_PRESENT,NONPAIRABLE_OR_NONCORE_DEFERRED,NOT_CONFIRMED_THIS_PASS,,,SOURCE1_PRESENT_SECONDARY_NOT_CONFIRMED,TAXONOMY_CONFIRMED_SECONDARY_UNCONFIRMED,False,False
2,V2_NEW_DEV,MLV2_DEV_036,Laura Dern,MLV2_DEV_036_E0002,2013,negative,career_loss,"HBO cancelled Enlightened after two seasons despite critical acclaim, ending her acclaimed lead series.",medium,https://en.wikipedia.org/wiki/Enlightened_(TV_series),PROJECT,PROJECT_KEYWORD_SUGGESTION,DESCRIPTION_SUGGESTION,negative,MANUAL_TAXONOMY_REVIEW_REQUIRED,NON_HIGH_TARGET_ASSIGNMENT|SECOND_SOURCE_AUDIT_REQUIRED,True,False,False,PROJECT,CREATIVE_OR_MEDIA_PROJECT,negative,CONFIRMED,project outcome / reception / launch,True,PROVIDED_SOURCE_PRESENT,NONPAIRABLE_OR_NONCORE_DEFERRED,NOT_CONFIRMED_THIS_PASS,,,SOURCE1_PRESENT_SECONDARY_NOT_CONFIRMED,TAXONOMY_CONFIRMED_SECONDARY_UNCONFIRMED,False,False
2,V2_NEW_DEV,MLV2_DEV_036,Laura Dern,MLV2_DEV_036_E0003,2020,positive,career_success,Won the Academy Award for Marriage Story,high,https://en.wikipedia.org/wiki/Laura_Dern,RECOGNITION,RECOGNITION_KEYWORD_SUGGESTION,DESCRIPTION_SUGGESTION,positive,MANUAL_TAXONOMY_REVIEW_REQUIRED,SECOND_SOURCE_AUDIT_REQUIRED,True,False,False,RECOGNITION,FORMAL_RECOGNITION,positive,CONFIRMED,formal recognition/award,True,PROVIDED_SOURCE_PRESENT,NONPAIRABLE_OR_NONCORE_DEFERRED,NOT_CONFIRMED_THIS_PASS,,,SOURCE1_PRESENT_SECONDARY_NOT_CONFIRMED,TAXONOMY_CONFIRMED_SECONDARY_UNCONFIRMED,False,False
2,V2_NEW_DEV,MLV2_DEV_037,Laura Pausini,MLV2_DEV_037_E0001,1993,positive,career_success,Won the newcomer category at Sanremo with La solitudine,high,https://en.wikipedia.org/wiki/Laura_Pausini,MILESTONE_OTHER,POSITIVE_MILESTONE_REVIEW,DESCRIPTION_SUGGESTION,positive,MANUAL_TAXONOMY_REVIEW_REQUIRED,SECOND_SOURCE_AUDIT_REQUIRED,True,False,False,COMPETITIVE,COMPETITION_OR_PERFORMANCE,positive,CONFIRMED,explicit competitive/performance outcome,True,PROVIDED_SOURCE_PRESENT,NONPAIRABLE_OR_NONCORE_DEFERRED,NOT_CONFIRMED_THIS_PASS,,,SOURCE1_PRESENT_SECONDARY_NOT_CONFIRMED,TAXONOMY_CONFIRMED_SECONDARY_UNCONFIRMED,False,False
2,V2_NEW_DEV,MLV2_DEV_037,Laura Pausini,MLV2_DEV_037_E0002,2002,negative,career_loss,Her English-language crossover album From the Inside achieved limited US commercial impact relative to its crossover ambitions.,medium,https://en.wikipedia.org/wiki/From_the_Inside_(Laura_Pausini_album),PROJECT,PROJECT_KEYWORD_SUGGESTION,DESCRIPTION_SUGGESTION,negative,MANUAL_TAXONOMY_REVIEW_REQUIRED,NON_HIGH_TARGET_ASSIGNMENT|SECOND_SOURCE_AUDIT_REQUIRED,True,False,False,PROJECT,CREATIVE_OR_MEDIA_PROJECT,negative,CONFIRMED,project outcome / reception / launch,True,PROVIDED_SOURCE_PRESENT,NONPAIRABLE_OR_NONCORE_DEFERRED,NOT_CONFIRMED_THIS_PASS,,,SOURCE1_PRESENT_SECONDARY_NOT_CONFIRMED,TAXONOMY_CONFIRMED_SECONDARY_UNCONFIRMED,False,False
2,V2_NEW_DEV,MLV2_DEV_037,Laura Pausini,MLV2_DEV_037_E0003,2006,positive,career_success,Won a Grammy Award,high,https://en.wikipedia.org/wiki/Laura_Pausini,RECOGNITION,RECOGNITION_KEYWORD_SUGGESTION,DESCRIPTION_SUGGESTION,positive,MANUAL_TAXONOMY_REVIEW_REQUIRED,SECOND_SOURCE_AUDIT_REQUIRED,True,False,False,RECOGNITION,FORMAL_RECOGNITION,positive,CONFIRMED,formal recognition/award,True,PROVIDED_SOURCE_PRESENT,NONPAIRABLE_OR_NONCORE_DEFERRED,NOT_CONFIRMED_THIS_PASS,,,SOURCE1_PRESENT_SECONDARY_NOT_CONFIRMED,TAXONOMY_CONFIRMED_SECONDARY_UNCONFIRMED,False,False
2,V2_NEW_DEV,MLV2_DEV_038,Leonardo DiCaprio,MLV2_DEV_038_E0001,1997,positive,career_success,Titanic became a global phenomenon,high,https://en.wikipedia.org/wiki/Leonardo_DiCaprio,MILESTONE_OTHER,POSITIVE_MILESTONE_REVIEW,DESCRIPTION_SUGGESTION,positive,MANUAL_TAXONOMY_REVIEW_REQUIRED,SECOND_SOURCE_AUDIT_REQUIRED,True,False,False,MILESTONE_OTHER,BROAD_CAREER_MILESTONE,positive,CONFIRMED_NONPAIRABLE,broad career milestone not safely assigned to one mechanism,True,PROVIDED_SOURCE_PRESENT,NONPAIRABLE_OR_NONCORE_DEFERRED,NOT_CONFIRMED_THIS_PASS,,,SOURCE1_PRESENT_SECONDARY_NOT_CONFIRMED,CONFIRMED_TAXONOMY_NONPAIRABLE,False,False
2,V2_NEW_DEV,MLV2_DEV_038,Leonardo DiCaprio,MLV2_DEV_038_E0002,2000,negative,career_loss,The Beach drew mixed-to-negative reviews and brought a Razzie nomination during his post-Titanic period.,medium,https://en.wikipedia.org/wiki/The_Beach_(film),RECOGNITION,RECOGNITION_KEYWORD_SUGGESTION,DESCRIPTION_SUGGESTION,negative,MANUAL_TAXONOMY_REVIEW_REQUIRED,NON_HIGH_TARGET_ASSIGNMENT|SECOND_SOURCE_AUDIT_REQUIRED,True,True,False,RECOGNITION,FORMAL_RECOGNITION,negative,CONFIRMED,formal recognition/award,True,PROVIDED_SOURCE_PRESENT,PAIR_CANDIDATE_TARGETED,CONFIRMED,Entertainment Weekly / Academy Awards,The Beach Razzie nomination and 2016 Oscar win verified.,SECONDARY_CONFIRMED,SOURCE_VERIFIED_PAIR_CANDIDATE_CHRONOLOGY_BLOCK,True,False
2,V2_NEW_DEV,MLV2_DEV_038,Leonardo DiCaprio,MLV2_DEV_038_E0003,2016,positive,career_success,Won the Academy Award for The Revenant,high,https://en.wikipedia.org/wiki/Leonardo_DiCaprio,RECOGNITION,RECOGNITION_KEYWORD_SUGGESTION,DESCRIPTION_SUGGESTION,positive,MANUAL_TAXONOMY_REVIEW_REQUIRED,SECOND_SOURCE_AUDIT_REQUIRED,True,True,False,RECOGNITION,FORMAL_RECOGNITION,positive,CONFIRMED,formal recognition/award,True,PROVIDED_SOURCE_PRESENT,PAIR_CANDIDATE_TARGETED,CONFIRMED,Entertainment Weekly / Academy Awards,The Beach Razzie nomination and 2016 Oscar win verified.,SECONDARY_CONFIRMED,SOURCE_VERIFIED_PAIR_CANDIDATE_CHRONOLOGY_BLOCK,True,False
2,V2_NEW_DEV,MLV2_DEV_039,Leonardo Del Vecchio,MLV2_DEV_039_E0001,1961,positive,career_success,"Founded Luxottica, the company that became the foundation of his eyewear empire.",high,https://en.wikipedia.org/wiki/Leonardo_Del_Vecchio,MILESTONE_OTHER,POSITIVE_MILESTONE_REVIEW,DESCRIPTION_SUGGESTION,positive,MANUAL_TAXONOMY_REVIEW_REQUIRED,SECOND_SOURCE_AUDIT_REQUIRED,True,True,False,STATUS,BUSINESS_LEADERSHIP_STATUS,positive,CONFIRMED,business leadership/status event,True,PROVIDED_SOURCE_PRESENT,PAIR_CANDIDATE_TARGETED,CONFIRMED,SEC filing / Reuters,Luxottica founded in 1961 by Del Vecchio verified.,SECONDARY_CONFIRMED,SOURCE_VERIFIED_PAIR_CANDIDATE_CHRONOLOGY_BLOCK,True,False
2,V2_NEW_DEV,MLV2_DEV_039,Leonardo Del Vecchio,MLV2_DEV_039_E0002,1999,positive,career_success,"Luxottica acquired Ray-Ban, a transformative expansion of the group's global brand portfolio.",high,https://en.wikipedia.org/wiki/Leonardo_Del_Vecchio,MILESTONE_OTHER,POSITIVE_MILESTONE_REVIEW,DESCRIPTION_SUGGESTION,positive,MANUAL_TAXONOMY_REVIEW_REQUIRED,SECOND_SOURCE_AUDIT_REQUIRED,True,False,False,STATUS,BUSINESS_LEADERSHIP_STATUS,positive,CONFIRMED,business leadership/status event,True,PROVIDED_SOURCE_PRESENT,PAIR_CANDIDATE_TARGETED,NOT_CONFIRMED_THIS_PASS,,Ray-Ban acquisition is historically well known but not independently checked to row standard in this pass.,SOURCE1_PRESENT_SECONDARY_NOT_CONFIRMED,TAXONOMY_CONFIRMED_SECONDARY_UNCONFIRMED,False,False
2,V2_NEW_DEV,MLV2_DEV_040,Lisa Kudrow,MLV2_DEV_040_E0001,1994,positive,career_success,Friends premiered and made her internationally famous,high,https://en.wikipedia.org/wiki/Lisa_Kudrow,PROJECT,PROJECT_KEYWORD_SUGGESTION,DESCRIPTION_SUGGESTION,positive,MANUAL_TAXONOMY_REVIEW_REQUIRED,SECOND_SOURCE_AUDIT_REQUIRED,True,False,False,PROJECT,CREATIVE_OR_MEDIA_PROJECT,positive,CONFIRMED,project outcome / reception / launch,True,PROVIDED_SOURCE_PRESENT,PAIR_CANDIDATE_TARGETED,PARTIAL,Friends series records,Friends launch and Kudrow participation verified; wording “made her internationally famous” is interpretive.,SECONDARY_PARTIAL,TAXONOMY_CONFIRMED_SOURCE_PARTIAL,False,False
2,V2_NEW_DEV,MLV2_DEV_040,Lisa Kudrow,MLV2_DEV_040_E0002,1998,positive,career_success,Won a Primetime Emmy for Friends,high,https://en.wikipedia.org/wiki/Lisa_Kudrow,RECOGNITION,RECOGNITION_KEYWORD_SUGGESTION,DESCRIPTION_SUGGESTION,positive,MANUAL_TAXONOMY_REVIEW_REQUIRED,SECOND_SOURCE_AUDIT_REQUIRED,True,False,False,RECOGNITION,FORMAL_RECOGNITION,positive,CONFIRMED,formal recognition/award,True,PROVIDED_SOURCE_PRESENT,NONPAIRABLE_OR_NONCORE_DEFERRED,NOT_CONFIRMED_THIS_PASS,,,SOURCE1_PRESENT_SECONDARY_NOT_CONFIRMED,TAXONOMY_CONFIRMED_SECONDARY_UNCONFIRMED,False,False
2,V2_NEW_DEV,MLV2_DEV_040,Lisa Kudrow,MLV2_DEV_040_E0003,2005,negative,career_loss,"The Comeback was cancelled after its first season, interrupting her first major post-Friends lead vehicle.",medium,https://en.wikipedia.org/wiki/The_Comeback_(TV_series),PROJECT,PROJECT_KEYWORD_SUGGESTION,DESCRIPTION_SUGGESTION,negative,MANUAL_TAXONOMY_REVIEW_REQUIRED,NON_HIGH_TARGET_ASSIGNMENT|SECOND_SOURCE_AUDIT_REQUIRED,True,True,False,PROJECT,CREATIVE_OR_MEDIA_PROJECT,negative,CONFIRMED,project outcome / reception / launch,True,PROVIDED_SOURCE_PRESENT,PAIR_CANDIDATE_TARGETED,CONFIRMED,Television Academy,The Comeback first-season cancellation verified.,SECONDARY_CONFIRMED,CONFIRMED_BUT_NO_CONFIRMED_OPPOSITE_PAIR,False,False
2,V2_NEW_DEV,MLV2_DEV_041,Lisa Ling,MLV2_DEV_041_E0001,1999,positive,career_success,Joined The View as a co-host,high,https://en.wikipedia.org/wiki/Lisa_Ling,MILESTONE_OTHER,POSITIVE_MILESTONE_REVIEW,DESCRIPTION_SUGGESTION,positive,MANUAL_TAXONOMY_REVIEW_REQUIRED,SECOND_SOURCE_AUDIT_REQUIRED,True,False,False,STATUS,ROLE_OR_ELECTORAL_STATUS,positive,CONFIRMED,explicit role/status change,True,PROVIDED_SOURCE_PRESENT,NONPAIRABLE_OR_NONCORE_DEFERRED,NOT_CONFIRMED_THIS_PASS,,,SOURCE1_PRESENT_SECONDARY_NOT_CONFIRMED,TAXONOMY_CONFIRMED_SECONDARY_UNCONFIRMED,False,False
2,V2_NEW_DEV,MLV2_DEV_041,Lisa Ling,MLV2_DEV_041_E0002,2014,positive,career_success,This Is Life with Lisa Ling launched on CNN,high,https://en.wikipedia.org/wiki/Lisa_Ling,MILESTONE_OTHER,POSITIVE_MILESTONE_REVIEW,DESCRIPTION_SUGGESTION,positive,MANUAL_TAXONOMY_REVIEW_REQUIRED,SECOND_SOURCE_AUDIT_REQUIRED,True,True,False,PROJECT,CREATIVE_OR_MEDIA_PROJECT,positive,CONFIRMED,project outcome / reception / launch,True,PROVIDED_SOURCE_PRESENT,PAIR_CANDIDATE_TARGETED,CONFIRMED,CNN official / Los Angeles Times,This Is Life launch and final-season/network ending verified.,SECONDARY_CONFIRMED,SOURCE_VERIFIED_PAIR_CANDIDATE_CHRONOLOGY_BLOCK,True,False
2,V2_NEW_DEV,MLV2_DEV_042,Mark Knopfler,MLV2_DEV_042_E0001,1985,positive,career_success,Brothers in Arms became a global blockbuster for Dire Straits,high,https://en.wikipedia.org/wiki/Mark_Knopfler,MILESTONE_OTHER,POSITIVE_MILESTONE_REVIEW,DESCRIPTION_SUGGESTION,positive,MANUAL_TAXONOMY_REVIEW_REQUIRED,SECOND_SOURCE_AUDIT_REQUIRED,True,False,False,PROJECT,CREATIVE_OR_MEDIA_PROJECT,positive,CONFIRMED,project outcome / reception / launch,True,PROVIDED_SOURCE_PRESENT,NONPAIRABLE_OR_NONCORE_DEFERRED,NOT_CONFIRMED_THIS_PASS,,,SOURCE1_PRESENT_SECONDARY_NOT_CONFIRMED,TAXONOMY_CONFIRMED_SECONDARY_UNCONFIRMED,False,False
2,V2_NEW_DEV,MLV2_DEV_042,Mark Knopfler,MLV2_DEV_042_E0002,1995,negative,career_loss,"Dire Straits disbanded after a lower-key final album/touring period, ending the band that had driven his largest commercial peak.",medium,https://en.wikipedia.org/wiki/Dire_Straits,COMPETITIVE,COMPETITION_KEYWORD_SUGGESTION,DESCRIPTION_SUGGESTION,negative,MANUAL_TAXONOMY_REVIEW_REQUIRED,NON_HIGH_TARGET_ASSIGNMENT|SECOND_SOURCE_AUDIT_REQUIRED,True,False,False,TRANSITION,VOLUNTARY_OR_STRUCTURAL_TRANSITION,unassigned,REJECT_BINARY_TRANSITION,transition is not negative by default,True,PROVIDED_SOURCE_PRESENT,NONPAIRABLE_OR_NONCORE_DEFERRED,NOT_CONFIRMED_THIS_PASS,,,SOURCE1_PRESENT_SECONDARY_NOT_CONFIRMED,REJECT_TRANSITION_NONBINARY,False,False
2,V2_NEW_DEV,MLV2_DEV_042,Mark Knopfler,MLV2_DEV_042_E0003,2018,positive,career_success,Inducted into the Rock and Roll Hall of Fame with Dire Straits,high,https://en.wikipedia.org/wiki/Mark_Knopfler,MILESTONE_OTHER,POSITIVE_MILESTONE_REVIEW,DESCRIPTION_SUGGESTION,positive,MANUAL_TAXONOMY_REVIEW_REQUIRED,SECOND_SOURCE_AUDIT_REQUIRED,True,False,False,RECOGNITION,FORMAL_RECOGNITION,positive,CONFIRMED,formal recognition/award,True,PROVIDED_SOURCE_PRESENT,NONPAIRABLE_OR_NONCORE_DEFERRED,NOT_CONFIRMED_THIS_PASS,,,SOURCE1_PRESENT_SECONDARY_NOT_CONFIRMED,TAXONOMY_CONFIRMED_SECONDARY_UNCONFIRMED,False,False
2,V2_NEW_DEV,MLV2_DEV_043,Mark Spitz,MLV2_DEV_043_E0001,1968,positive,career_success,Won multiple Olympic medals in Mexico City,high,https://en.wikipedia.org/wiki/Mark_Spitz,COMPETITIVE,COMPETITION_KEYWORD_SUGGESTION,DESCRIPTION_SUGGESTION,positive,MANUAL_TAXONOMY_REVIEW_REQUIRED,SECOND_SOURCE_AUDIT_REQUIRED,True,True,False,COMPETITIVE,COMPETITION_OR_PERFORMANCE,positive,CONFIRMED,explicit competitive/performance outcome,True,PROVIDED_SOURCE_PRESENT,PAIR_CANDIDATE_TARGETED,CONFIRMED,Olympedia / World Aquatics / Olympics historical records,"1968 medals, 1972 seven golds, and failed 1992 comeback qualification verified.",SECONDARY_CONFIRMED,SOURCE_VERIFIED_PAIR_CANDIDATE_CHRONOLOGY_BLOCK,True,False
2,V2_NEW_DEV,MLV2_DEV_043,Mark Spitz,MLV2_DEV_043_E0002,1972,positive,career_success,Won seven Olympic gold medals in Munich,high,https://en.wikipedia.org/wiki/Mark_Spitz,COMPETITIVE,COMPETITION_KEYWORD_SUGGESTION,DESCRIPTION_SUGGESTION,positive,MANUAL_TAXONOMY_REVIEW_REQUIRED,SECOND_SOURCE_AUDIT_REQUIRED,True,True,False,COMPETITIVE,COMPETITION_OR_PERFORMANCE,positive,CONFIRMED,explicit competitive/performance outcome,True,PROVIDED_SOURCE_PRESENT,PAIR_CANDIDATE_TARGETED,CONFIRMED,Olympedia / World Aquatics / Olympics historical records,"1968 medals, 1972 seven golds, and failed 1992 comeback qualification verified.",SECONDARY_CONFIRMED,SOURCE_VERIFIED_PAIR_CANDIDATE_CHRONOLOGY_BLOCK,True,False
2,V2_NEW_DEV,MLV2_DEV_043,Mark Spitz,MLV2_DEV_043_E0003,1992,negative,career_loss,His attempted Olympic comeback ended when he failed to qualify for the US Olympic team.,high,https://en.wikipedia.org/wiki/Mark_Spitz,COMPETITIVE,COMPETITION_KEYWORD_SUGGESTION,DESCRIPTION_SUGGESTION,negative,MANUAL_TAXONOMY_REVIEW_REQUIRED,SECOND_SOURCE_AUDIT_REQUIRED,True,True,False,COMPETITIVE,COMPETITION_OR_PERFORMANCE,negative,CONFIRMED,explicit competitive/performance outcome,True,PROVIDED_SOURCE_PRESENT,PAIR_CANDIDATE_TARGETED,CONFIRMED,Olympedia / World Aquatics / Olympics historical records,"1968 medals, 1972 seven golds, and failed 1992 comeback qualification verified.",SECONDARY_CONFIRMED,SOURCE_VERIFIED_PAIR_CANDIDATE_CHRONOLOGY_BLOCK,True,False
2,V2_NEW_DEV,MLV2_DEV_044,Matthew McConaughey,MLV2_DEV_044_E0002,2013,positive,career_success,Dallas Buyers Club began his awards peak,high,https://en.wikipedia.org/wiki/Matthew_McConaughey,RECOGNITION,RECOGNITION_KEYWORD_SUGGESTION,DESCRIPTION_SUGGESTION,positive,MANUAL_TAXONOMY_REVIEW_REQUIRED,SECOND_SOURCE_AUDIT_REQUIRED,True,False,False,MILESTONE_OTHER,BROAD_CAREER_MILESTONE,positive,CONFIRMED_NONPAIRABLE,broad career milestone not safely assigned to one mechanism,True,PROVIDED_SOURCE_PRESENT,NONPAIRABLE_OR_NONCORE_DEFERRED,NOT_CONFIRMED_THIS_PASS,,,SOURCE1_PRESENT_SECONDARY_NOT_CONFIRMED,CONFIRMED_TAXONOMY_NONPAIRABLE,False,False
2,V2_NEW_DEV,MLV2_DEV_044,Matthew McConaughey,MLV2_DEV_044_E0003,2014,positive,career_success,Won the Academy Award for Dallas Buyers Club,high,https://en.wikipedia.org/wiki/Matthew_McConaughey,RECOGNITION,RECOGNITION_KEYWORD_SUGGESTION,DESCRIPTION_SUGGESTION,positive,MANUAL_TAXONOMY_REVIEW_REQUIRED,SECOND_SOURCE_AUDIT_REQUIRED,True,False,False,RECOGNITION,FORMAL_RECOGNITION,positive,CONFIRMED,formal recognition/award,True,PROVIDED_SOURCE_PRESENT,NONPAIRABLE_OR_NONCORE_DEFERRED,NOT_CONFIRMED_THIS_PASS,,,SOURCE1_PRESENT_SECONDARY_NOT_CONFIRMED,TAXONOMY_CONFIRMED_SECONDARY_UNCONFIRMED,False,False
2,V2_NEW_DEV,MLV2_DEV_045,Michelle Pfeiffer,MLV2_DEV_045_E0001,1989,positive,career_success,The Fabulous Baker Boys earned major critical acclaim and an Oscar nomination,high,https://en.wikipedia.org/wiki/Michelle_Pfeiffer,RECOGNITION,RECOGNITION_KEYWORD_SUGGESTION,DESCRIPTION_SUGGESTION,positive,MANUAL_TAXONOMY_REVIEW_REQUIRED,SECOND_SOURCE_AUDIT_REQUIRED,True,False,False,RECOGNITION,FORMAL_RECOGNITION,positive,CONFIRMED,formal recognition/award,True,PROVIDED_SOURCE_PRESENT,NONPAIRABLE_OR_NONCORE_DEFERRED,NOT_CONFIRMED_THIS_PASS,,,SOURCE1_PRESENT_SECONDARY_NOT_CONFIRMED,TAXONOMY_CONFIRMED_SECONDARY_UNCONFIRMED,False,False
2,V2_NEW_DEV,MLV2_DEV_045,Michelle Pfeiffer,MLV2_DEV_045_E0002,1992,positive,career_success,Batman Returns became a defining popular success,high,https://en.wikipedia.org/wiki/Michelle_Pfeiffer,MILESTONE_OTHER,POSITIVE_MILESTONE_REVIEW,DESCRIPTION_SUGGESTION,positive,MANUAL_TAXONOMY_REVIEW_REQUIRED,SECOND_SOURCE_AUDIT_REQUIRED,True,False,False,MILESTONE_OTHER,BROAD_CAREER_MILESTONE,positive,CONFIRMED_NONPAIRABLE,broad career milestone not safely assigned to one mechanism,True,PROVIDED_SOURCE_PRESENT,NONPAIRABLE_OR_NONCORE_DEFERRED,NOT_CONFIRMED_THIS_PASS,,,SOURCE1_PRESENT_SECONDARY_NOT_CONFIRMED,CONFIRMED_TAXONOMY_NONPAIRABLE,False,False
2,V2_NEW_DEV,MLV2_DEV_046,Milton Nascimento,MLV2_DEV_046_E0001,1972,positive,career_success,Clube da Esquina became a landmark Brazilian album,high,https://en.wikipedia.org/wiki/Milton_Nascimento,PROJECT,PROJECT_KEYWORD_SUGGESTION,DESCRIPTION_SUGGESTION,positive,MANUAL_TAXONOMY_REVIEW_REQUIRED,SECOND_SOURCE_AUDIT_REQUIRED,True,False,False,PROJECT,CREATIVE_OR_MEDIA_PROJECT,positive,CONFIRMED,project outcome / reception / launch,True,PROVIDED_SOURCE_PRESENT,NONPAIRABLE_OR_NONCORE_DEFERRED,NOT_CONFIRMED_THIS_PASS,,,SOURCE1_PRESENT_SECONDARY_NOT_CONFIRMED,TAXONOMY_CONFIRMED_SECONDARY_UNCONFIRMED,False,False
2,V2_NEW_DEV,MLV2_DEV_046,Milton Nascimento,MLV2_DEV_046_E0002,1998,positive,career_success,Won a Grammy Award for Nascimento,high,https://en.wikipedia.org/wiki/Milton_Nascimento,RECOGNITION,RECOGNITION_KEYWORD_SUGGESTION,DESCRIPTION_SUGGESTION,positive,MANUAL_TAXONOMY_REVIEW_REQUIRED,SECOND_SOURCE_AUDIT_REQUIRED,True,False,False,RECOGNITION,FORMAL_RECOGNITION,positive,CONFIRMED,formal recognition/award,True,PROVIDED_SOURCE_PRESENT,NONPAIRABLE_OR_NONCORE_DEFERRED,NOT_CONFIRMED_THIS_PASS,,,SOURCE1_PRESENT_SECONDARY_NOT_CONFIRMED,TAXONOMY_CONFIRMED_SECONDARY_UNCONFIRMED,False,False
2,V2_NEW_DEV,MLV2_DEV_046,Milton Nascimento,MLV2_DEV_046_E0003,2022,negative,career_loss,"Completed a farewell tour and retired from live performance, ending his active touring career.",medium,https://en.wikipedia.org/wiki/Milton_Nascimento,TRANSITION,TRANSITION_KEYWORD_SUGGESTION,DESCRIPTION_SUGGESTION,unassigned,MANUAL_TAXONOMY_REVIEW_REQUIRED,NON_HIGH_TARGET_ASSIGNMENT|SECOND_SOURCE_AUDIT_REQUIRED,True,False,False,TRANSITION,VOLUNTARY_OR_STRUCTURAL_TRANSITION,unassigned,REJECT_BINARY_TRANSITION,transition is not negative by default,True,PROVIDED_SOURCE_PRESENT,NONPAIRABLE_OR_NONCORE_DEFERRED,NOT_CONFIRMED_THIS_PASS,,,SOURCE1_PRESENT_SECONDARY_NOT_CONFIRMED,REJECT_TRANSITION_NONBINARY,False,False
2,V2_NEW_DEV,MLV2_DEV_047,Paul Molitor,MLV2_DEV_047_E0001,1984,negative,career_loss,A major elbow injury limited him to only a small portion of the season and interrupted his prime playing career.,high,https://en.wikipedia.org/wiki/Paul_Molitor,DISRUPTION_HEALTH,HEALTH_KEYWORD_SUGGESTION,DESCRIPTION_SUGGESTION,negative,MANUAL_TAXONOMY_REVIEW_REQUIRED,SECOND_SOURCE_AUDIT_REQUIRED,True,False,False,DISRUPTION_HEALTH,HEALTH_INTERRUPTION,negative,CONFIRMED,description clearly identifies health mechanism,True,PROVIDED_SOURCE_PRESENT,NONPAIRABLE_OR_NONCORE_DEFERRED,NOT_CONFIRMED_THIS_PASS,,,SOURCE1_PRESENT_SECONDARY_NOT_CONFIRMED,TAXONOMY_CONFIRMED_SECONDARY_UNCONFIRMED,False,False
2,V2_NEW_DEV,MLV2_DEV_047,Paul Molitor,MLV2_DEV_047_E0002,1993,positive,career_success,Won World Series MVP with Toronto,high,https://en.wikipedia.org/wiki/Paul_Molitor,MILESTONE_OTHER,POSITIVE_MILESTONE_REVIEW,DESCRIPTION_SUGGESTION,positive,MANUAL_TAXONOMY_REVIEW_REQUIRED,SECOND_SOURCE_AUDIT_REQUIRED,True,False,False,RECOGNITION,FORMAL_RECOGNITION,positive,CONFIRMED,formal recognition/award,True,PROVIDED_SOURCE_PRESENT,NONPAIRABLE_OR_NONCORE_DEFERRED,NOT_CONFIRMED_THIS_PASS,,,SOURCE1_PRESENT_SECONDARY_NOT_CONFIRMED,TAXONOMY_CONFIRMED_SECONDARY_UNCONFIRMED,False,False
2,V2_NEW_DEV,MLV2_DEV_047,Paul Molitor,MLV2_DEV_047_E0003,2004,positive,career_success,Inducted into the Baseball Hall of Fame,high,https://en.wikipedia.org/wiki/Paul_Molitor,MILESTONE_OTHER,POSITIVE_MILESTONE_REVIEW,DESCRIPTION_SUGGESTION,positive,MANUAL_TAXONOMY_REVIEW_REQUIRED,SECOND_SOURCE_AUDIT_REQUIRED,True,False,False,RECOGNITION,FORMAL_RECOGNITION,positive,CONFIRMED,formal recognition/award,True,PROVIDED_SOURCE_PRESENT,NONPAIRABLE_OR_NONCORE_DEFERRED,NOT_CONFIRMED_THIS_PASS,,,SOURCE1_PRESENT_SECONDARY_NOT_CONFIRMED,TAXONOMY_CONFIRMED_SECONDARY_UNCONFIRMED,False,False
2,V2_NEW_DEV,MLV2_DEV_048,Robin Quivers,MLV2_DEV_048_E0001,1981,positive,career_success,Began broadcasting career that led to The Howard Stern Show,medium,https://en.wikipedia.org/wiki/Robin_Quivers,MILESTONE_OTHER,POSITIVE_MILESTONE_REVIEW,DESCRIPTION_SUGGESTION,positive,MANUAL_TAXONOMY_REVIEW_REQUIRED,NON_HIGH_TARGET_ASSIGNMENT|SECOND_SOURCE_AUDIT_REQUIRED,True,False,False,PROJECT,CREATIVE_OR_MEDIA_PROJECT,positive,CONFIRMED,project outcome / reception / launch,True,PROVIDED_SOURCE_PRESENT,NONPAIRABLE_OR_NONCORE_DEFERRED,NOT_CONFIRMED_THIS_PASS,,,SOURCE1_PRESENT_SECONDARY_NOT_CONFIRMED,TAXONOMY_CONFIRMED_SECONDARY_UNCONFIRMED,False,False
2,V2_NEW_DEV,MLV2_DEV_048,Robin Quivers,MLV2_DEV_048_E0002,1990,positive,career_success,Became a nationally recognized radio personality,medium,https://en.wikipedia.org/wiki/Robin_Quivers,MILESTONE_OTHER,POSITIVE_MILESTONE_REVIEW,DESCRIPTION_SUGGESTION,positive,MANUAL_TAXONOMY_REVIEW_REQUIRED,NON_HIGH_TARGET_ASSIGNMENT|SECOND_SOURCE_AUDIT_REQUIRED,True,False,False,MILESTONE_OTHER,BROAD_CAREER_MILESTONE,positive,CONFIRMED_NONPAIRABLE,broad career milestone not safely assigned to one mechanism,True,PROVIDED_SOURCE_PRESENT,NONPAIRABLE_OR_NONCORE_DEFERRED,NOT_CONFIRMED_THIS_PASS,,,SOURCE1_PRESENT_SECONDARY_NOT_CONFIRMED,CONFIRMED_TAXONOMY_NONPAIRABLE,False,False
2,V2_NEW_DEV,MLV2_DEV_049,Sally Field,MLV2_DEV_049_E0001,1980,positive,career_success,Won the Academy Award for Norma Rae,high,https://en.wikipedia.org/wiki/Sally_Field,RECOGNITION,RECOGNITION_KEYWORD_SUGGESTION,DESCRIPTION_SUGGESTION,positive,MANUAL_TAXONOMY_REVIEW_REQUIRED,SECOND_SOURCE_AUDIT_REQUIRED,True,False,False,RECOGNITION,FORMAL_RECOGNITION,positive,CONFIRMED,formal recognition/award,True,PROVIDED_SOURCE_PRESENT,NONPAIRABLE_OR_NONCORE_DEFERRED,NOT_CONFIRMED_THIS_PASS,,,SOURCE1_PRESENT_SECONDARY_NOT_CONFIRMED,TAXONOMY_CONFIRMED_SECONDARY_UNCONFIRMED,False,False
2,V2_NEW_DEV,MLV2_DEV_049,Sally Field,MLV2_DEV_049_E0002,1985,positive,career_success,Won a second Academy Award for Places in the Heart,high,https://en.wikipedia.org/wiki/Sally_Field,RECOGNITION,RECOGNITION_KEYWORD_SUGGESTION,DESCRIPTION_SUGGESTION,positive,MANUAL_TAXONOMY_REVIEW_REQUIRED,SECOND_SOURCE_AUDIT_REQUIRED,True,False,False,RECOGNITION,FORMAL_RECOGNITION,positive,CONFIRMED,formal recognition/award,True,PROVIDED_SOURCE_PRESENT,NONPAIRABLE_OR_NONCORE_DEFERRED,NOT_CONFIRMED_THIS_PASS,,,SOURCE1_PRESENT_SECONDARY_NOT_CONFIRMED,TAXONOMY_CONFIRMED_SECONDARY_UNCONFIRMED,False,False
2,V2_NEW_DEV,MLV2_DEV_049,Sally Field,MLV2_DEV_049_E0003,1996,negative,career_loss,Eye for an Eye was widely panned by critics during her mid-career film period.,medium,https://en.wikipedia.org/wiki/Eye_for_an_Eye_(1996_film),PROJECT,PROJECT_KEYWORD_SUGGESTION,DESCRIPTION_SUGGESTION,negative,MANUAL_TAXONOMY_REVIEW_REQUIRED,NON_HIGH_TARGET_ASSIGNMENT|SECOND_SOURCE_AUDIT_REQUIRED,True,False,False,PROJECT,CREATIVE_OR_MEDIA_PROJECT,negative,CONFIRMED,project outcome / reception / launch,True,PROVIDED_SOURCE_PRESENT,NONPAIRABLE_OR_NONCORE_DEFERRED,NOT_CONFIRMED_THIS_PASS,,,SOURCE1_PRESENT_SECONDARY_NOT_CONFIRMED,TAXONOMY_CONFIRMED_SECONDARY_UNCONFIRMED,False,False
2,V2_NEW_DEV,MLV2_DEV_050,Sigourney Weaver,MLV2_DEV_050_E0001,1979,positive,career_success,Alien established her as a major film star,high,https://en.wikipedia.org/wiki/Sigourney_Weaver,PROJECT,PROJECT_KEYWORD_SUGGESTION,DESCRIPTION_SUGGESTION,positive,MANUAL_TAXONOMY_REVIEW_REQUIRED,SECOND_SOURCE_AUDIT_REQUIRED,True,True,False,PROJECT,CREATIVE_OR_MEDIA_PROJECT,positive,CONFIRMED,project outcome / reception / launch,True,PROVIDED_SOURCE_PRESENT,PAIR_CANDIDATE_TARGETED,CONFIRMED,Guardian / Rotten Tomatoes,Alien breakthrough and Alien Resurrection mixed reception verified.,SECONDARY_CONFIRMED,SOURCE_VERIFIED_PAIR_CANDIDATE_CHRONOLOGY_BLOCK,True,False
2,V2_NEW_DEV,MLV2_DEV_050,Sigourney Weaver,MLV2_DEV_050_E0002,1987,positive,career_success,Aliens earned her an Academy Award nomination,high,https://en.wikipedia.org/wiki/Sigourney_Weaver,RECOGNITION,RECOGNITION_KEYWORD_SUGGESTION,DESCRIPTION_SUGGESTION,positive,MANUAL_TAXONOMY_REVIEW_REQUIRED,SECOND_SOURCE_AUDIT_REQUIRED,True,False,False,RECOGNITION,FORMAL_RECOGNITION,positive,CONFIRMED,formal recognition/award,True,PROVIDED_SOURCE_PRESENT,NONPAIRABLE_OR_NONCORE_DEFERRED,NOT_CONFIRMED_THIS_PASS,,,SOURCE1_PRESENT_SECONDARY_NOT_CONFIRMED,TAXONOMY_CONFIRMED_SECONDARY_UNCONFIRMED,False,False
2,V2_NEW_DEV,MLV2_DEV_050,Sigourney Weaver,MLV2_DEV_050_E0003,1997,negative,career_loss,Alien Resurrection received mixed critical reaction and marked an uneven close to her original Ripley film run.,medium,https://en.wikipedia.org/wiki/Alien_Resurrection,PROJECT,PROJECT_KEYWORD_SUGGESTION,DESCRIPTION_SUGGESTION,negative,MANUAL_TAXONOMY_REVIEW_REQUIRED,NON_HIGH_TARGET_ASSIGNMENT|SECOND_SOURCE_AUDIT_REQUIRED,True,True,False,PROJECT,CREATIVE_OR_MEDIA_PROJECT,negative,CONFIRMED,project outcome / reception / launch,True,PROVIDED_SOURCE_PRESENT,PAIR_CANDIDATE_TARGETED,CONFIRMED,Guardian / Rotten Tomatoes,Alien breakthrough and Alien Resurrection mixed reception verified.,SECONDARY_CONFIRMED,SOURCE_VERIFIED_PAIR_CANDIDATE_CHRONOLOGY_BLOCK,True,False
2,V2_NEW_DEV,MLV2_DEV_051,Steve Martin,MLV2_DEV_051_E0001,1977,positive,career_success,Won an Emmy for television writing and broke through as a stand-up star,medium,https://en.wikipedia.org/wiki/Steve_Martin,RECOGNITION,RECOGNITION_KEYWORD_SUGGESTION,DESCRIPTION_SUGGESTION,positive,MANUAL_TAXONOMY_REVIEW_REQUIRED,NON_HIGH_TARGET_ASSIGNMENT|SECOND_SOURCE_AUDIT_REQUIRED,True,False,False,RECOGNITION,FORMAL_RECOGNITION,positive,CONFIRMED,formal recognition/award,True,PROVIDED_SOURCE_PRESENT,NONPAIRABLE_OR_NONCORE_DEFERRED,NOT_CONFIRMED_THIS_PASS,,,SOURCE1_PRESENT_SECONDARY_NOT_CONFIRMED,TAXONOMY_CONFIRMED_SECONDARY_UNCONFIRMED,False,False
2,V2_NEW_DEV,MLV2_DEV_051,Steve Martin,MLV2_DEV_051_E0002,2011,negative,career_loss,The Big Year was a major box-office failure despite its prominent cast.,high,https://en.wikipedia.org/wiki/The_Big_Year,PROJECT,PROJECT_KEYWORD_SUGGESTION,DESCRIPTION_SUGGESTION,negative,MANUAL_TAXONOMY_REVIEW_REQUIRED,SECOND_SOURCE_AUDIT_REQUIRED,True,False,False,PROJECT,CREATIVE_OR_MEDIA_PROJECT,negative,CONFIRMED,project outcome / reception / launch,True,PROVIDED_SOURCE_PRESENT,NONPAIRABLE_OR_NONCORE_DEFERRED,NOT_CONFIRMED_THIS_PASS,,,SOURCE1_PRESENT_SECONDARY_NOT_CONFIRMED,TAXONOMY_CONFIRMED_SECONDARY_UNCONFIRMED,False,False
2,V2_NEW_DEV,MLV2_DEV_051,Steve Martin,MLV2_DEV_051_E0003,2013,positive,career_success,Received an honorary Academy Award,high,https://en.wikipedia.org/wiki/Steve_Martin,RECOGNITION,RECOGNITION_KEYWORD_SUGGESTION,DESCRIPTION_SUGGESTION,positive,MANUAL_TAXONOMY_REVIEW_REQUIRED,SECOND_SOURCE_AUDIT_REQUIRED,True,False,False,RECOGNITION,FORMAL_RECOGNITION,positive,CONFIRMED,formal recognition/award,True,PROVIDED_SOURCE_PRESENT,NONPAIRABLE_OR_NONCORE_DEFERRED,NOT_CONFIRMED_THIS_PASS,,,SOURCE1_PRESENT_SECONDARY_NOT_CONFIRMED,TAXONOMY_CONFIRMED_SECONDARY_UNCONFIRMED,False,False
2,V2_NEW_DEV,MLV2_DEV_052,Steve Miller,MLV2_DEV_052_E0001,1973,positive,career_success,The Joker became a major commercial breakthrough,high,https://en.wikipedia.org/wiki/Steve_Miller,MILESTONE_OTHER,POSITIVE_MILESTONE_REVIEW,DESCRIPTION_SUGGESTION,positive,MANUAL_TAXONOMY_REVIEW_REQUIRED,SECOND_SOURCE_AUDIT_REQUIRED,True,True,False,PROJECT,CREATIVE_OR_MEDIA_PROJECT,positive,CONFIRMED,project outcome / reception / launch,True,PROVIDED_SOURCE_PRESENT,PAIR_CANDIDATE_TARGETED,CONFIRMED,Steve Miller Band official / AllMusic,The Joker mainstream breakthrough verified.,SECONDARY_CONFIRMED,CONFIRMED_BUT_NO_CONFIRMED_OPPOSITE_PAIR,False,False
2,V2_NEW_DEV,MLV2_DEV_052,Steve Miller,MLV2_DEV_052_E0003,2016,positive,career_success,Inducted into the Rock and Roll Hall of Fame,high,https://en.wikipedia.org/wiki/Steve_Miller,MILESTONE_OTHER,POSITIVE_MILESTONE_REVIEW,DESCRIPTION_SUGGESTION,positive,MANUAL_TAXONOMY_REVIEW_REQUIRED,SECOND_SOURCE_AUDIT_REQUIRED,True,False,False,RECOGNITION,FORMAL_RECOGNITION,positive,CONFIRMED,formal recognition/award,True,PROVIDED_SOURCE_PRESENT,NONPAIRABLE_OR_NONCORE_DEFERRED,NOT_CONFIRMED_THIS_PASS,,,SOURCE1_PRESENT_SECONDARY_NOT_CONFIRMED,TAXONOMY_CONFIRMED_SECONDARY_UNCONFIRMED,False,False
2,V2_NEW_DEV,MLV2_DEV_053,Steve Perry,MLV2_DEV_053_E0001,1981,positive,career_success,Escape became Journey's biggest commercial album,high,https://en.wikipedia.org/wiki/Steve_Perry,PROJECT,PROJECT_KEYWORD_SUGGESTION,DESCRIPTION_SUGGESTION,positive,MANUAL_TAXONOMY_REVIEW_REQUIRED,SECOND_SOURCE_AUDIT_REQUIRED,True,False,False,PROJECT,CREATIVE_OR_MEDIA_PROJECT,positive,CONFIRMED,project outcome / reception / launch,True,PROVIDED_SOURCE_PRESENT,NONPAIRABLE_OR_NONCORE_DEFERRED,NOT_CONFIRMED_THIS_PASS,,,SOURCE1_PRESENT_SECONDARY_NOT_CONFIRMED,TAXONOMY_CONFIRMED_SECONDARY_UNCONFIRMED,False,False
2,V2_NEW_DEV,MLV2_DEV_053,Steve Perry,MLV2_DEV_053_E0002,1984,positive,career_success,Oh Sherrie became a major solo hit,high,https://en.wikipedia.org/wiki/Steve_Perry,MILESTONE_OTHER,POSITIVE_MILESTONE_REVIEW,DESCRIPTION_SUGGESTION,positive,MANUAL_TAXONOMY_REVIEW_REQUIRED,SECOND_SOURCE_AUDIT_REQUIRED,True,False,False,MILESTONE_OTHER,BROAD_CAREER_MILESTONE,positive,CONFIRMED_NONPAIRABLE,broad career milestone not safely assigned to one mechanism,True,PROVIDED_SOURCE_PRESENT,NONPAIRABLE_OR_NONCORE_DEFERRED,NOT_CONFIRMED_THIS_PASS,,,SOURCE1_PRESENT_SECONDARY_NOT_CONFIRMED,CONFIRMED_TAXONOMY_NONPAIRABLE,False,False
2,V2_NEW_DEV,MLV2_DEV_053,Steve Perry,MLV2_DEV_053_E0003,1987,negative,career_loss,"Withdrew from Journey following the Raised on Radio tour, beginning a long career hiatus.",medium,https://en.wikipedia.org/wiki/Steve_Perry,TRANSITION,TRANSITION_KEYWORD_SUGGESTION,DESCRIPTION_SUGGESTION,unassigned,MANUAL_TAXONOMY_REVIEW_REQUIRED,NON_HIGH_TARGET_ASSIGNMENT|SECOND_SOURCE_AUDIT_REQUIRED,True,False,False,TRANSITION,VOLUNTARY_OR_STRUCTURAL_TRANSITION,unassigned,REJECT_BINARY_TRANSITION,transition is not negative by default,True,PROVIDED_SOURCE_PRESENT,NONPAIRABLE_OR_NONCORE_DEFERRED,NOT_CONFIRMED_THIS_PASS,,,SOURCE1_PRESENT_SECONDARY_NOT_CONFIRMED,REJECT_TRANSITION_NONBINARY,False,False
2,V2_NEW_DEV,MLV2_DEV_054,Uma Thurman,MLV2_DEV_054_E0001,1994,positive,career_success,Pulp Fiction earned an Academy Award nomination,high,https://en.wikipedia.org/wiki/Uma_Thurman,RECOGNITION,RECOGNITION_KEYWORD_SUGGESTION,DESCRIPTION_SUGGESTION,positive,MANUAL_TAXONOMY_REVIEW_REQUIRED,SECOND_SOURCE_AUDIT_REQUIRED,True,True,False,RECOGNITION,FORMAL_RECOGNITION,positive,CONFIRMED,formal recognition/award,True,PROVIDED_SOURCE_PRESENT,PAIR_CANDIDATE_TARGETED,CONFIRMED,Academy Awards / Entertainment Weekly,Pulp Fiction Oscar nomination and Batman & Robin Razzie/critical backlash verified.,SECONDARY_CONFIRMED,SOURCE_VERIFIED_PAIR_CANDIDATE_CHRONOLOGY_BLOCK,True,False
2,V2_NEW_DEV,MLV2_DEV_054,Uma Thurman,MLV2_DEV_054_E0002,1997,negative,career_loss,Batman & Robin was critically savaged and brought her a Razzie nomination.,high,https://en.wikipedia.org/wiki/Batman_%26_Robin_(film),RECOGNITION,RECOGNITION_KEYWORD_SUGGESTION,DESCRIPTION_SUGGESTION,negative,MANUAL_TAXONOMY_REVIEW_REQUIRED,SECOND_SOURCE_AUDIT_REQUIRED,True,True,False,RECOGNITION,FORMAL_RECOGNITION,negative,CONFIRMED,formal recognition/award,True,PROVIDED_SOURCE_PRESENT,PAIR_CANDIDATE_TARGETED,CONFIRMED,Academy Awards / Entertainment Weekly,Pulp Fiction Oscar nomination and Batman & Robin Razzie/critical backlash verified.,SECONDARY_CONFIRMED,SOURCE_VERIFIED_PAIR_CANDIDATE_CHRONOLOGY_BLOCK,True,False
2,V2_NEW_DEV,MLV2_DEV_054,Uma Thurman,MLV2_DEV_054_E0003,2003,positive,career_success,Kill Bill became a major career-defining success,high,https://en.wikipedia.org/wiki/Uma_Thurman,MILESTONE_OTHER,POSITIVE_MILESTONE_REVIEW,DESCRIPTION_SUGGESTION,positive,MANUAL_TAXONOMY_REVIEW_REQUIRED,SECOND_SOURCE_AUDIT_REQUIRED,True,False,False,PROJECT,CREATIVE_OR_MEDIA_PROJECT,positive,CONFIRMED,project outcome / reception / launch,True,PROVIDED_SOURCE_PRESENT,NONPAIRABLE_OR_NONCORE_DEFERRED,NOT_CONFIRMED_THIS_PASS,,,SOURCE1_PRESENT_SECONDARY_NOT_CONFIRMED,TAXONOMY_CONFIRMED_SECONDARY_UNCONFIRMED,False,False
2,V2_NEW_DEV,MLV2_DEV_055,Umberto Eco,MLV2_DEV_055_E0001,1980,positive,career_success,The Name of the Rose became an international literary success,high,https://en.wikipedia.org/wiki/Umberto_Eco,MILESTONE_OTHER,POSITIVE_MILESTONE_REVIEW,DESCRIPTION_SUGGESTION,positive,MANUAL_TAXONOMY_REVIEW_REQUIRED,SECOND_SOURCE_AUDIT_REQUIRED,True,False,False,MILESTONE_OTHER,BROAD_CAREER_MILESTONE,positive,CONFIRMED_NONPAIRABLE,broad career milestone not safely assigned to one mechanism,True,PROVIDED_SOURCE_PRESENT,NONPAIRABLE_OR_NONCORE_DEFERRED,NOT_CONFIRMED_THIS_PASS,,,SOURCE1_PRESENT_SECONDARY_NOT_CONFIRMED,CONFIRMED_TAXONOMY_NONPAIRABLE,False,False
2,V2_NEW_DEV,MLV2_DEV_055,Umberto Eco,MLV2_DEV_055_E0002,1988,positive,career_success,Foucault's Pendulum reinforced his global literary reputation,high,https://en.wikipedia.org/wiki/Umberto_Eco,MILESTONE_OTHER,POSITIVE_MILESTONE_REVIEW,DESCRIPTION_SUGGESTION,positive,MANUAL_TAXONOMY_REVIEW_REQUIRED,SECOND_SOURCE_AUDIT_REQUIRED,True,False,False,MILESTONE_OTHER,BROAD_CAREER_MILESTONE,positive,CONFIRMED_NONPAIRABLE,broad career milestone not safely assigned to one mechanism,True,PROVIDED_SOURCE_PRESENT,NONPAIRABLE_OR_NONCORE_DEFERRED,NOT_CONFIRMED_THIS_PASS,,,SOURCE1_PRESENT_SECONDARY_NOT_CONFIRMED,CONFIRMED_TAXONOMY_NONPAIRABLE,False,False
2,V2_NEW_DEV,MLV2_DEV_056,Denzel Washington,MLV2_DEV_056_E0001,1990,positive,career_success,Won the Academy Award for Glory,high,https://en.wikipedia.org/wiki/Denzel_Washington,RECOGNITION,RECOGNITION_KEYWORD_SUGGESTION,DESCRIPTION_SUGGESTION,positive,MANUAL_TAXONOMY_REVIEW_REQUIRED,SECOND_SOURCE_AUDIT_REQUIRED,True,False,False,RECOGNITION,FORMAL_RECOGNITION,positive,CONFIRMED,formal recognition/award,True,PROVIDED_SOURCE_PRESENT,NONPAIRABLE_OR_NONCORE_DEFERRED,NOT_CONFIRMED_THIS_PASS,,,SOURCE1_PRESENT_SECONDARY_NOT_CONFIRMED,TAXONOMY_CONFIRMED_SECONDARY_UNCONFIRMED,False,False
2,V2_NEW_DEV,MLV2_DEV_056,Denzel Washington,MLV2_DEV_056_E0003,2002,positive,career_success,Won the Academy Award for Training Day,high,https://en.wikipedia.org/wiki/Denzel_Washington,RECOGNITION,RECOGNITION_KEYWORD_SUGGESTION,DESCRIPTION_SUGGESTION,positive,MANUAL_TAXONOMY_REVIEW_REQUIRED,SECOND_SOURCE_AUDIT_REQUIRED,True,False,False,RECOGNITION,FORMAL_RECOGNITION,positive,CONFIRMED,formal recognition/award,True,PROVIDED_SOURCE_PRESENT,NONPAIRABLE_OR_NONCORE_DEFERRED,NOT_CONFIRMED_THIS_PASS,,,SOURCE1_PRESENT_SECONDARY_NOT_CONFIRMED,TAXONOMY_CONFIRMED_SECONDARY_UNCONFIRMED,False,False
2,V2_NEW_DEV,MLV2_DEV_057,Diane Keaton,MLV2_DEV_057_E0001,1977,positive,career_success,Won the Academy Award for Annie Hall,high,https://en.wikipedia.org/wiki/Diane_Keaton,RECOGNITION,RECOGNITION_KEYWORD_SUGGESTION,DESCRIPTION_SUGGESTION,positive,MANUAL_TAXONOMY_REVIEW_REQUIRED,SECOND_SOURCE_AUDIT_REQUIRED,True,False,False,RECOGNITION,FORMAL_RECOGNITION,positive,CONFIRMED,formal recognition/award,True,PROVIDED_SOURCE_PRESENT,NONPAIRABLE_OR_NONCORE_DEFERRED,NOT_CONFIRMED_THIS_PASS,,,SOURCE1_PRESENT_SECONDARY_NOT_CONFIRMED,TAXONOMY_CONFIRMED_SECONDARY_UNCONFIRMED,False,False
2,V2_NEW_DEV,MLV2_DEV_057,Diane Keaton,MLV2_DEV_057_E0002,1996,positive,career_success,The First Wives Club became a major commercial success,high,https://en.wikipedia.org/wiki/Diane_Keaton,MILESTONE_OTHER,POSITIVE_MILESTONE_REVIEW,DESCRIPTION_SUGGESTION,positive,MANUAL_TAXONOMY_REVIEW_REQUIRED,SECOND_SOURCE_AUDIT_REQUIRED,True,True,False,PROJECT,CREATIVE_OR_MEDIA_PROJECT,positive,CONFIRMED,project outcome / reception / launch,True,PROVIDED_SOURCE_PRESENT,PAIR_CANDIDATE_TARGETED,CONFIRMED,Los Angeles Times / Rotten Tomatoes,First Wives Club success and Because I Said So critical failure verified.,SECONDARY_CONFIRMED,SOURCE_VERIFIED_PAIR_CANDIDATE_CHRONOLOGY_BLOCK,True,False
2,V2_NEW_DEV,MLV2_DEV_058,George Takei,MLV2_DEV_058_E0001,1966,positive,career_success,"Star Trek premiered with Takei as Hikaru Sulu, establishing his defining role.",high,https://en.wikipedia.org/wiki/George_Takei,PROJECT,PROJECT_KEYWORD_SUGGESTION,DESCRIPTION_SUGGESTION,positive,MANUAL_TAXONOMY_REVIEW_REQUIRED,SECOND_SOURCE_AUDIT_REQUIRED,True,True,False,PROJECT,CREATIVE_OR_MEDIA_PROJECT,positive,CONFIRMED,project outcome / reception / launch,True,PROVIDED_SOURCE_PRESENT,PAIR_CANDIDATE_TARGETED,CONFIRMED,People / Star Trek historical coverage,Star Trek debut with Takei as Sulu verified.,SECONDARY_CONFIRMED,SOURCE_VERIFIED_PAIR_CANDIDATE_CHRONOLOGY_BLOCK,True,False
2,V2_NEW_DEV,MLV2_DEV_058,George Takei,MLV2_DEV_058_E0002,1969,negative,career_loss,"Star Trek was cancelled after three seasons, ending his regular network-series role.",medium,https://en.wikipedia.org/wiki/Star_Trek%3A_The_Original_Series,PROJECT,PROJECT_KEYWORD_SUGGESTION,DESCRIPTION_SUGGESTION,negative,MANUAL_TAXONOMY_REVIEW_REQUIRED,NON_HIGH_TARGET_ASSIGNMENT|SECOND_SOURCE_AUDIT_REQUIRED,True,True,False,PROJECT,CREATIVE_OR_MEDIA_PROJECT,negative,CONFIRMED,project outcome / reception / launch,True,PROVIDED_SOURCE_PRESENT,PAIR_CANDIDATE_TARGETED,CONFIRMED,Vanity Fair / Star Trek historical coverage,Original series cancellation after three seasons verified.,SECONDARY_CONFIRMED,SOURCE_VERIFIED_PAIR_CANDIDATE_CHRONOLOGY_BLOCK,True,False
2,V2_NEW_DEV,MLV2_DEV_058,George Takei,MLV2_DEV_058_E0003,1986,positive,career_success,Star Trek IV became a major franchise hit and renewed his visibility as Sulu.,high,https://en.wikipedia.org/wiki/George_Takei,MILESTONE_OTHER,POSITIVE_MILESTONE_REVIEW,DESCRIPTION_SUGGESTION,positive,MANUAL_TAXONOMY_REVIEW_REQUIRED,SECOND_SOURCE_AUDIT_REQUIRED,True,False,False,PROJECT,CREATIVE_OR_MEDIA_PROJECT,positive,CONFIRMED,project outcome / reception / launch,True,PROVIDED_SOURCE_PRESENT,PAIR_CANDIDATE_TARGETED,NOT_CONFIRMED_THIS_PASS,,Star Trek IV franchise-hit wording not independently confirmed in this pass.,SOURCE1_PRESENT_SECONDARY_NOT_CONFIRMED,TAXONOMY_CONFIRMED_SECONDARY_UNCONFIRMED,False,False
2,V2_NEW_DEV,MLV2_DEV_059,Angus Young,MLV2_DEV_059_E0001,1980,positive,career_success,Back in Black became one of the best-selling rock albums ever and confirmed AC/DC's post-Bon Scott comeback.,high,https://en.wikipedia.org/wiki/Angus_Young,PROJECT,PROJECT_KEYWORD_SUGGESTION,DESCRIPTION_SUGGESTION,positive,MANUAL_TAXONOMY_REVIEW_REQUIRED,SECOND_SOURCE_AUDIT_REQUIRED,True,False,False,PROJECT,CREATIVE_OR_MEDIA_PROJECT,positive,CONFIRMED,project outcome / reception / launch,True,PROVIDED_SOURCE_PRESENT,NONPAIRABLE_OR_NONCORE_DEFERRED,NOT_CONFIRMED_THIS_PASS,,,SOURCE1_PRESENT_SECONDARY_NOT_CONFIRMED,TAXONOMY_CONFIRMED_SECONDARY_UNCONFIRMED,False,False
2,V2_NEW_DEV,MLV2_DEV_059,Angus Young,MLV2_DEV_059_E0003,2014,negative,career_loss,"Brother and co-founder Malcolm Young left the band permanently because of illness, creating a major band disruption.",medium,https://en.wikipedia.org/wiki/Malcolm_Young,DISRUPTION_HEALTH,HEALTH_KEYWORD_SUGGESTION,DESCRIPTION_SUGGESTION,negative,MANUAL_TAXONOMY_REVIEW_REQUIRED,NON_HIGH_TARGET_ASSIGNMENT|SECOND_SOURCE_AUDIT_REQUIRED,True,False,False,DISRUPTION_HEALTH,HEALTH_INTERRUPTION,negative,CONFIRMED,description clearly identifies health mechanism,True,PROVIDED_SOURCE_PRESENT,NONPAIRABLE_OR_NONCORE_DEFERRED,NOT_CONFIRMED_THIS_PASS,,,SOURCE1_PRESENT_SECONDARY_NOT_CONFIRMED,TAXONOMY_CONFIRMED_SECONDARY_UNCONFIRMED,False,False
2,V2_NEW_DEV,MLV2_DEV_060,Serge Gainsbourg,MLV2_DEV_060_E0001,1969,positive,career_success,Je t'aime... moi non plus became an international hit and defining work.,high,https://en.wikipedia.org/wiki/Serge_Gainsbourg,MILESTONE_OTHER,POSITIVE_MILESTONE_REVIEW,DESCRIPTION_SUGGESTION,positive,MANUAL_TAXONOMY_REVIEW_REQUIRED,SECOND_SOURCE_AUDIT_REQUIRED,True,False,False,MILESTONE_OTHER,BROAD_CAREER_MILESTONE,positive,CONFIRMED_NONPAIRABLE,broad career milestone not safely assigned to one mechanism,True,PROVIDED_SOURCE_PRESENT,NONPAIRABLE_OR_NONCORE_DEFERRED,NOT_CONFIRMED_THIS_PASS,,,SOURCE1_PRESENT_SECONDARY_NOT_CONFIRMED,CONFIRMED_TAXONOMY_NONPAIRABLE,False,False
2,V2_NEW_DEV,MLV2_DEV_060,Serge Gainsbourg,MLV2_DEV_060_E0002,1979,positive,career_success,Aux armes et caetera became a major commercial success and influential reggae experiment.,high,https://en.wikipedia.org/wiki/Serge_Gainsbourg,MILESTONE_OTHER,POSITIVE_MILESTONE_REVIEW,DESCRIPTION_SUGGESTION,positive,MANUAL_TAXONOMY_REVIEW_REQUIRED,SECOND_SOURCE_AUDIT_REQUIRED,True,False,False,PROJECT,CREATIVE_OR_MEDIA_PROJECT,positive,CONFIRMED,project outcome / reception / launch,True,PROVIDED_SOURCE_PRESENT,NONPAIRABLE_OR_NONCORE_DEFERRED,NOT_CONFIRMED_THIS_PASS,,,SOURCE1_PRESENT_SECONDARY_NOT_CONFIRMED,TAXONOMY_CONFIRMED_SECONDARY_UNCONFIRMED,False,False
2,V2_NEW_DEV,MLV2_DEV_061,Al Jarreau,MLV2_DEV_061_E0001,1981,positive,career_success,Breakin' Away became his commercial peak and brought major Grammy success.,high,https://en.wikipedia.org/wiki/Al_Jarreau,RECOGNITION,RECOGNITION_KEYWORD_SUGGESTION,DESCRIPTION_SUGGESTION,positive,MANUAL_TAXONOMY_REVIEW_REQUIRED,SECOND_SOURCE_AUDIT_REQUIRED,True,False,False,RECOGNITION,FORMAL_RECOGNITION,positive,CONFIRMED,formal recognition/award,True,PROVIDED_SOURCE_PRESENT,NONPAIRABLE_OR_NONCORE_DEFERRED,NOT_CONFIRMED_THIS_PASS,,,SOURCE1_PRESENT_SECONDARY_NOT_CONFIRMED,TAXONOMY_CONFIRMED_SECONDARY_UNCONFIRMED,False,False
2,V2_NEW_DEV,MLV2_DEV_061,Al Jarreau,MLV2_DEV_061_E0002,1987,positive,career_success,Recorded the hit Moonlighting theme and remained a prominent crossover jazz vocalist.,high,https://en.wikipedia.org/wiki/Al_Jarreau,MILESTONE_OTHER,POSITIVE_MILESTONE_REVIEW,DESCRIPTION_SUGGESTION,positive,MANUAL_TAXONOMY_REVIEW_REQUIRED,SECOND_SOURCE_AUDIT_REQUIRED,True,False,False,MILESTONE_OTHER,BROAD_CAREER_MILESTONE,positive,CONFIRMED_NONPAIRABLE,broad career milestone not safely assigned to one mechanism,True,PROVIDED_SOURCE_PRESENT,NONPAIRABLE_OR_NONCORE_DEFERRED,NOT_CONFIRMED_THIS_PASS,,,SOURCE1_PRESENT_SECONDARY_NOT_CONFIRMED,CONFIRMED_TAXONOMY_NONPAIRABLE,False,False
2,V2_NEW_DEV,MLV2_DEV_061,Al Jarreau,MLV2_DEV_061_E0003,2010,negative,career_loss,A serious illness forced hospitalization and cancellation of concerts during a European tour.,high,https://en.wikipedia.org/wiki/Al_Jarreau,DISRUPTION_HEALTH,HEALTH_KEYWORD_SUGGESTION,DESCRIPTION_SUGGESTION,negative,MANUAL_TAXONOMY_REVIEW_REQUIRED,SECOND_SOURCE_AUDIT_REQUIRED,True,False,False,DISRUPTION_HEALTH,HEALTH_INTERRUPTION,negative,CONFIRMED,description clearly identifies health mechanism,True,PROVIDED_SOURCE_PRESENT,NONPAIRABLE_OR_NONCORE_DEFERRED,NOT_CONFIRMED_THIS_PASS,,,SOURCE1_PRESENT_SECONDARY_NOT_CONFIRMED,TAXONOMY_CONFIRMED_SECONDARY_UNCONFIRMED,False,False
2,V2_NEW_DEV,MLV2_DEV_061,Al Jarreau,MLV2_DEV_061_E0004,2017,negative,career_loss,Retired from touring because of exhaustion shortly before his death.,high,https://en.wikipedia.org/wiki/Al_Jarreau,TRANSITION,TRANSITION_KEYWORD_SUGGESTION,DESCRIPTION_SUGGESTION,unassigned,MANUAL_TAXONOMY_REVIEW_REQUIRED,SECOND_SOURCE_AUDIT_REQUIRED,True,False,False,TRANSITION,VOLUNTARY_OR_STRUCTURAL_TRANSITION,unassigned,REJECT_BINARY_TRANSITION,transition is not negative by default,True,PROVIDED_SOURCE_PRESENT,NONPAIRABLE_OR_NONCORE_DEFERRED,NOT_CONFIRMED_THIS_PASS,,,SOURCE1_PRESENT_SECONDARY_NOT_CONFIRMED,REJECT_TRANSITION_NONBINARY,False,False
2,V2_NEW_DEV,MLV2_DEV_062,Al Unser,MLV2_DEV_062_E0001,1970,positive,career_success,Won the Indianapolis 500 for the first time.,high,https://en.wikipedia.org/wiki/Al_Unser,MILESTONE_OTHER,POSITIVE_MILESTONE_REVIEW,DESCRIPTION_SUGGESTION,positive,MANUAL_TAXONOMY_REVIEW_REQUIRED,SECOND_SOURCE_AUDIT_REQUIRED,True,True,False,COMPETITIVE,COMPETITION_OR_PERFORMANCE,positive,CONFIRMED,explicit competitive/performance outcome,True,PROVIDED_SOURCE_PRESENT,PAIR_CANDIDATE_TARGETED,CONFIRMED,Indianapolis Motor Speedway historical records,Indianapolis 500 wins verified.,SECONDARY_CONFIRMED,CONFIRMED_BUT_NO_CONFIRMED_OPPOSITE_PAIR,False,False
2,V2_NEW_DEV,MLV2_DEV_062,Al Unser,MLV2_DEV_062_E0002,1987,positive,career_success,Won a record-tying fourth Indianapolis 500 at age 47.,high,https://en.wikipedia.org/wiki/Al_Unser,MILESTONE_OTHER,POSITIVE_MILESTONE_REVIEW,DESCRIPTION_SUGGESTION,positive,MANUAL_TAXONOMY_REVIEW_REQUIRED,SECOND_SOURCE_AUDIT_REQUIRED,True,True,False,COMPETITIVE,COMPETITION_OR_PERFORMANCE,positive,CONFIRMED,explicit competitive/performance outcome,True,PROVIDED_SOURCE_PRESENT,PAIR_CANDIDATE_TARGETED,CONFIRMED,Indianapolis Motor Speedway historical records,Indianapolis 500 wins verified.,SECONDARY_CONFIRMED,CONFIRMED_BUT_NO_CONFIRMED_OPPOSITE_PAIR,False,False
2,V2_NEW_DEV,MLV2_DEV_063,John Krasinski,MLV2_DEV_063_E0001,2005,positive,career_success,The Office premiered and made Jim Halpert his breakout role.,high,https://en.wikipedia.org/wiki/John_Krasinski,PROJECT,PROJECT_KEYWORD_SUGGESTION,DESCRIPTION_SUGGESTION,positive,MANUAL_TAXONOMY_REVIEW_REQUIRED,SECOND_SOURCE_AUDIT_REQUIRED,True,False,False,MILESTONE_OTHER,BROAD_CAREER_MILESTONE,positive,CONFIRMED_NONPAIRABLE,broad career milestone not safely assigned to one mechanism,True,PROVIDED_SOURCE_PRESENT,NONPAIRABLE_OR_NONCORE_DEFERRED,NOT_CONFIRMED_THIS_PASS,,,SOURCE1_PRESENT_SECONDARY_NOT_CONFIRMED,CONFIRMED_TAXONOMY_NONPAIRABLE,False,False
2,V2_NEW_DEV,MLV2_DEV_063,John Krasinski,MLV2_DEV_063_E0002,2016,negative,career_loss,His directing project The Hollars received mixed reviews and limited box-office impact.,medium,https://en.wikipedia.org/wiki/The_Hollars,PROJECT,PROJECT_KEYWORD_SUGGESTION,DESCRIPTION_SUGGESTION,negative,MANUAL_TAXONOMY_REVIEW_REQUIRED,NON_HIGH_TARGET_ASSIGNMENT|SECOND_SOURCE_AUDIT_REQUIRED,True,False,False,PROJECT,CREATIVE_OR_MEDIA_PROJECT,negative,CONFIRMED,project outcome / reception / launch,True,PROVIDED_SOURCE_PRESENT,NONPAIRABLE_OR_NONCORE_DEFERRED,NOT_CONFIRMED_THIS_PASS,,,SOURCE1_PRESENT_SECONDARY_NOT_CONFIRMED,TAXONOMY_CONFIRMED_SECONDARY_UNCONFIRMED,False,False
2,V2_NEW_DEV,MLV2_DEV_063,John Krasinski,MLV2_DEV_063_E0003,2018,positive,career_success,"A Quiet Place became a major directing, writing and acting success.",high,https://en.wikipedia.org/wiki/John_Krasinski,MILESTONE_OTHER,POSITIVE_MILESTONE_REVIEW,DESCRIPTION_SUGGESTION,positive,MANUAL_TAXONOMY_REVIEW_REQUIRED,SECOND_SOURCE_AUDIT_REQUIRED,True,False,False,MILESTONE_OTHER,BROAD_CAREER_MILESTONE,positive,CONFIRMED_NONPAIRABLE,broad career milestone not safely assigned to one mechanism,True,PROVIDED_SOURCE_PRESENT,NONPAIRABLE_OR_NONCORE_DEFERRED,NOT_CONFIRMED_THIS_PASS,,,SOURCE1_PRESENT_SECONDARY_NOT_CONFIRMED,CONFIRMED_TAXONOMY_NONPAIRABLE,False,False
2,V2_NEW_DEV,MLV2_DEV_064,Steve Fossett,MLV2_DEV_064_E0001,1998,negative,career_loss,A balloon circumnavigation attempt ended in a crash into the Coral Sea.,high,https://en.wikipedia.org/wiki/Steve_Fossett,DISRUPTION_HEALTH,HEALTH_KEYWORD_SUGGESTION,DESCRIPTION_SUGGESTION,negative,MANUAL_TAXONOMY_REVIEW_REQUIRED,SECOND_SOURCE_AUDIT_REQUIRED,True,False,False,MILESTONE_OTHER,TECHNICAL_OR_PROFESSIONAL_MILESTONE,negative,CONFIRMED_NONPAIRABLE,concrete milestone but no symmetric binary mechanism,True,PROVIDED_SOURCE_PRESENT,NONPAIRABLE_OR_NONCORE_DEFERRED,NOT_CONFIRMED_THIS_PASS,,,SOURCE1_PRESENT_SECONDARY_NOT_CONFIRMED,CONFIRMED_TAXONOMY_NONPAIRABLE,False,False
2,V2_NEW_DEV,MLV2_DEV_064,Steve Fossett,MLV2_DEV_064_E0002,2002,positive,career_success,Completed the first solo nonstop circumnavigation of the world by balloon.,high,https://en.wikipedia.org/wiki/Steve_Fossett,MILESTONE_OTHER,POSITIVE_MILESTONE_REVIEW,DESCRIPTION_SUGGESTION,positive,MANUAL_TAXONOMY_REVIEW_REQUIRED,SECOND_SOURCE_AUDIT_REQUIRED,True,False,False,MILESTONE_OTHER,TECHNICAL_OR_PROFESSIONAL_MILESTONE,positive,CONFIRMED_NONPAIRABLE,concrete milestone but no symmetric binary mechanism,True,PROVIDED_SOURCE_PRESENT,NONPAIRABLE_OR_NONCORE_DEFERRED,NOT_CONFIRMED_THIS_PASS,,,SOURCE1_PRESENT_SECONDARY_NOT_CONFIRMED,CONFIRMED_TAXONOMY_NONPAIRABLE,False,False
2,V2_NEW_DEV,MLV2_DEV_064,Steve Fossett,MLV2_DEV_064_E0003,2005,positive,career_success,Completed the first solo nonstop circumnavigation of the world by airplane without refueling.,high,https://en.wikipedia.org/wiki/Steve_Fossett,MILESTONE_OTHER,POSITIVE_MILESTONE_REVIEW,DESCRIPTION_SUGGESTION,positive,MANUAL_TAXONOMY_REVIEW_REQUIRED,SECOND_SOURCE_AUDIT_REQUIRED,True,False,False,MILESTONE_OTHER,TECHNICAL_OR_PROFESSIONAL_MILESTONE,positive,CONFIRMED_NONPAIRABLE,concrete milestone but no symmetric binary mechanism,True,PROVIDED_SOURCE_PRESENT,NONPAIRABLE_OR_NONCORE_DEFERRED,NOT_CONFIRMED_THIS_PASS,,,SOURCE1_PRESENT_SECONDARY_NOT_CONFIRMED,CONFIRMED_TAXONOMY_NONPAIRABLE,False,False
2,V2_NEW_DEV,MLV2_DEV_065,John Logie Baird,MLV2_DEV_065_E0001,1926,positive,career_success,Gave the first public demonstration of a working television system.,high,https://en.wikipedia.org/wiki/John_Logie_Baird,MILESTONE_OTHER,POSITIVE_MILESTONE_REVIEW,DESCRIPTION_SUGGESTION,positive,MANUAL_TAXONOMY_REVIEW_REQUIRED,NON_HIGH_TARGET_ASSIGNMENT|SECOND_SOURCE_AUDIT_REQUIRED,True,False,False,PROJECT,CREATIVE_OR_MEDIA_PROJECT,positive,CONFIRMED,project outcome / reception / launch,True,PROVIDED_SOURCE_PRESENT,NONPAIRABLE_OR_NONCORE_DEFERRED,NOT_CONFIRMED_THIS_PASS,,,SOURCE1_PRESENT_SECONDARY_NOT_CONFIRMED,TAXONOMY_CONFIRMED_SECONDARY_UNCONFIRMED,False,False
2,V2_NEW_DEV,MLV2_DEV_065,John Logie Baird,MLV2_DEV_065_E0002,1928,positive,career_success,Demonstrated transatlantic television transmission and color television experiments.,high,https://en.wikipedia.org/wiki/John_Logie_Baird,MILESTONE_OTHER,POSITIVE_MILESTONE_REVIEW,DESCRIPTION_SUGGESTION,positive,MANUAL_TAXONOMY_REVIEW_REQUIRED,NON_HIGH_TARGET_ASSIGNMENT|SECOND_SOURCE_AUDIT_REQUIRED,True,False,False,PROJECT,CREATIVE_OR_MEDIA_PROJECT,positive,CONFIRMED,project outcome / reception / launch,True,PROVIDED_SOURCE_PRESENT,NONPAIRABLE_OR_NONCORE_DEFERRED,NOT_CONFIRMED_THIS_PASS,,,SOURCE1_PRESENT_SECONDARY_NOT_CONFIRMED,TAXONOMY_CONFIRMED_SECONDARY_UNCONFIRMED,False,False
2,V2_NEW_DEV,MLV2_DEV_066,John Maynard Keynes,MLV2_DEV_066_E0001,1919,negative,career_loss,Resigned from the British Treasury in opposition to the Versailles settlement.,medium,https://en.wikipedia.org/wiki/John_Maynard_Keynes,TRANSITION,TRANSITION_KEYWORD_SUGGESTION,DESCRIPTION_SUGGESTION,unassigned,MANUAL_TAXONOMY_REVIEW_REQUIRED,SECOND_SOURCE_AUDIT_REQUIRED,True,False,False,TRANSITION,VOLUNTARY_OR_STRUCTURAL_TRANSITION,unassigned,REJECT_BINARY_TRANSITION,transition is not negative by default,True,PROVIDED_SOURCE_PRESENT,NONPAIRABLE_OR_NONCORE_DEFERRED,NOT_CONFIRMED_THIS_PASS,,,SOURCE1_PRESENT_SECONDARY_NOT_CONFIRMED,REJECT_TRANSITION_NONBINARY,False,False
2,V2_NEW_DEV,MLV2_DEV_066,John Maynard Keynes,MLV2_DEV_066_E0002,1920,positive,career_success,The Economic Consequences of the Peace became an international bestseller and established his public economic influence.,high,https://en.wikipedia.org/wiki/John_Maynard_Keynes,MILESTONE_OTHER,POSITIVE_MILESTONE_REVIEW,DESCRIPTION_SUGGESTION,positive,MANUAL_TAXONOMY_REVIEW_REQUIRED,SECOND_SOURCE_AUDIT_REQUIRED,True,False,False,PROJECT,CREATIVE_OR_MEDIA_PROJECT,positive,CONFIRMED,project outcome / reception / launch,True,PROVIDED_SOURCE_PRESENT,NONPAIRABLE_OR_NONCORE_DEFERRED,NOT_CONFIRMED_THIS_PASS,,,SOURCE1_PRESENT_SECONDARY_NOT_CONFIRMED,TAXONOMY_CONFIRMED_SECONDARY_UNCONFIRMED,False,False
2,V2_NEW_DEV,MLV2_DEV_066,John Maynard Keynes,MLV2_DEV_066_E0003,1944,positive,career_success,Played a central role in negotiating the Bretton Woods monetary system.,high,https://en.wikipedia.org/wiki/John_Maynard_Keynes,MILESTONE_OTHER,POSITIVE_MILESTONE_REVIEW,DESCRIPTION_SUGGESTION,positive,MANUAL_TAXONOMY_REVIEW_REQUIRED,NON_HIGH_TARGET_ASSIGNMENT|SECOND_SOURCE_AUDIT_REQUIRED,True,False,False,MILESTONE_OTHER,TECHNICAL_OR_PROFESSIONAL_MILESTONE,positive,CONFIRMED_NONPAIRABLE,concrete milestone but no symmetric binary mechanism,True,PROVIDED_SOURCE_PRESENT,NONPAIRABLE_OR_NONCORE_DEFERRED,NOT_CONFIRMED_THIS_PASS,,,SOURCE1_PRESENT_SECONDARY_NOT_CONFIRMED,CONFIRMED_TAXONOMY_NONPAIRABLE,False,False
2,V2_NEW_DEV,MLV2_DEV_067,John Nash,MLV2_DEV_067_E0001,1950,positive,career_success,Completed the doctoral work that introduced the Nash equilibrium.,high,https://en.wikipedia.org/wiki/John_Forbes_Nash_Jr.,MILESTONE_OTHER,POSITIVE_MILESTONE_REVIEW,DESCRIPTION_SUGGESTION,positive,MANUAL_TAXONOMY_REVIEW_REQUIRED,SECOND_SOURCE_AUDIT_REQUIRED,True,False,False,MILESTONE_OTHER,TECHNICAL_OR_PROFESSIONAL_MILESTONE,positive,CONFIRMED_NONPAIRABLE,concrete milestone but no symmetric binary mechanism,True,PROVIDED_SOURCE_PRESENT,NONPAIRABLE_OR_NONCORE_DEFERRED,NOT_CONFIRMED_THIS_PASS,,,SOURCE1_PRESENT_SECONDARY_NOT_CONFIRMED,CONFIRMED_TAXONOMY_NONPAIRABLE,False,False
2,V2_NEW_DEV,MLV2_DEV_067,John Nash,MLV2_DEV_067_E0002,1959,negative,career_loss,Resigned his MIT position as severe mental illness interrupted his academic career.,high,https://en.wikipedia.org/wiki/John_Forbes_Nash_Jr.,DISRUPTION_HEALTH,HEALTH_KEYWORD_SUGGESTION,DESCRIPTION_SUGGESTION,negative,MANUAL_TAXONOMY_REVIEW_REQUIRED,SECOND_SOURCE_AUDIT_REQUIRED,True,False,False,DISRUPTION_HEALTH,HEALTH_INTERRUPTION,negative,CONFIRMED,description clearly identifies health mechanism,True,PROVIDED_SOURCE_PRESENT,NONPAIRABLE_OR_NONCORE_DEFERRED,NOT_CONFIRMED_THIS_PASS,,,SOURCE1_PRESENT_SECONDARY_NOT_CONFIRMED,TAXONOMY_CONFIRMED_SECONDARY_UNCONFIRMED,False,False
2,V2_NEW_DEV,MLV2_DEV_068,Chris Evert,MLV2_DEV_068_E0001,1974,positive,career_success,Won both the French Open and Wimbledon and rose to the top tier of women's tennis.,high,https://en.wikipedia.org/wiki/Chris_Evert,MILESTONE_OTHER,POSITIVE_MILESTONE_REVIEW,DESCRIPTION_SUGGESTION,positive,MANUAL_TAXONOMY_REVIEW_REQUIRED,SECOND_SOURCE_AUDIT_REQUIRED,True,False,False,COMPETITIVE,COMPETITION_OR_PERFORMANCE,positive,CONFIRMED,explicit competitive/performance outcome,True,PROVIDED_SOURCE_PRESENT,NONPAIRABLE_OR_NONCORE_DEFERRED,NOT_CONFIRMED_THIS_PASS,,,SOURCE1_PRESENT_SECONDARY_NOT_CONFIRMED,TAXONOMY_CONFIRMED_SECONDARY_UNCONFIRMED,False,False
2,V2_NEW_DEV,MLV2_DEV_068,Chris Evert,MLV2_DEV_068_E0002,1985,positive,career_success,Won the French Open in a major late-prime championship season.,high,https://en.wikipedia.org/wiki/Chris_Evert,COMPETITIVE,COMPETITION_KEYWORD_SUGGESTION,DESCRIPTION_SUGGESTION,positive,MANUAL_TAXONOMY_REVIEW_REQUIRED,SECOND_SOURCE_AUDIT_REQUIRED,True,False,False,COMPETITIVE,COMPETITION_OR_PERFORMANCE,positive,CONFIRMED,explicit competitive/performance outcome,True,PROVIDED_SOURCE_PRESENT,NONPAIRABLE_OR_NONCORE_DEFERRED,NOT_CONFIRMED_THIS_PASS,,,SOURCE1_PRESENT_SECONDARY_NOT_CONFIRMED,TAXONOMY_CONFIRMED_SECONDARY_UNCONFIRMED,False,False
2,V2_NEW_DEV,MLV2_DEV_068,Chris Evert,MLV2_DEV_068_E0003,1989,negative,career_loss,Ended her final season without another major title and retired from professional tennis.,medium,https://en.wikipedia.org/wiki/Chris_Evert,COMPETITIVE,COMPETITION_KEYWORD_SUGGESTION,DESCRIPTION_SUGGESTION,negative,MANUAL_TAXONOMY_REVIEW_REQUIRED,NON_HIGH_TARGET_ASSIGNMENT|SECOND_SOURCE_AUDIT_REQUIRED,True,False,False,TRANSITION,VOLUNTARY_OR_STRUCTURAL_TRANSITION,unassigned,REJECT_BINARY_TRANSITION,transition is not negative by default,True,PROVIDED_SOURCE_PRESENT,NONPAIRABLE_OR_NONCORE_DEFERRED,NOT_CONFIRMED_THIS_PASS,,,SOURCE1_PRESENT_SECONDARY_NOT_CONFIRMED,REJECT_TRANSITION_NONBINARY,False,False
2,V2_NEW_DEV,MLV2_DEV_069,Roberta Flack,MLV2_DEV_069_E0001,1973,positive,career_success,Killing Me Softly with His Song became a No. 1 hit and major Grammy-winning success.,high,https://en.wikipedia.org/wiki/Roberta_Flack,RECOGNITION,RECOGNITION_KEYWORD_SUGGESTION,DESCRIPTION_SUGGESTION,positive,MANUAL_TAXONOMY_REVIEW_REQUIRED,SECOND_SOURCE_AUDIT_REQUIRED,True,False,False,RECOGNITION,FORMAL_RECOGNITION,positive,CONFIRMED,formal recognition/award,True,PROVIDED_SOURCE_PRESENT,NONPAIRABLE_OR_NONCORE_DEFERRED,NOT_CONFIRMED_THIS_PASS,,,SOURCE1_PRESENT_SECONDARY_NOT_CONFIRMED,TAXONOMY_CONFIRMED_SECONDARY_UNCONFIRMED,False,False
2,V2_NEW_DEV,MLV2_DEV_069,Roberta Flack,MLV2_DEV_069_E0002,1974,positive,career_success,Feel Like Makin' Love became another No. 1 hit during her commercial peak.,high,https://en.wikipedia.org/wiki/Roberta_Flack,MILESTONE_OTHER,POSITIVE_MILESTONE_REVIEW,DESCRIPTION_SUGGESTION,positive,MANUAL_TAXONOMY_REVIEW_REQUIRED,SECOND_SOURCE_AUDIT_REQUIRED,True,False,False,MILESTONE_OTHER,BROAD_CAREER_MILESTONE,positive,CONFIRMED_NONPAIRABLE,broad career milestone not safely assigned to one mechanism,True,PROVIDED_SOURCE_PRESENT,NONPAIRABLE_OR_NONCORE_DEFERRED,NOT_CONFIRMED_THIS_PASS,,,SOURCE1_PRESENT_SECONDARY_NOT_CONFIRMED,CONFIRMED_TAXONOMY_NONPAIRABLE,False,False
2,V2_NEW_DEV,MLV2_DEV_070,Steve Forbes,MLV2_DEV_070_E0001,1990,positive,career_success,Became president and chief executive of Forbes Inc. and editor-in-chief of Forbes magazine.,high,https://en.wikipedia.org/wiki/Steve_Forbes,MILESTONE_OTHER,POSITIVE_MILESTONE_REVIEW,DESCRIPTION_SUGGESTION,positive,MANUAL_TAXONOMY_REVIEW_REQUIRED,SECOND_SOURCE_AUDIT_REQUIRED,True,False,False,STATUS,ROLE_OR_ELECTORAL_STATUS,positive,CONFIRMED,explicit role/status change,True,PROVIDED_SOURCE_PRESENT,NONPAIRABLE_OR_NONCORE_DEFERRED,NOT_CONFIRMED_THIS_PASS,,,SOURCE1_PRESENT_SECONDARY_NOT_CONFIRMED,TAXONOMY_CONFIRMED_SECONDARY_UNCONFIRMED,False,False
2,V2_NEW_DEV,MLV2_DEV_070,Steve Forbes,MLV2_DEV_070_E0002,1993,positive,career_success,"Became chairman of the Board for International Broadcasting, expanding his public-policy leadership role.",medium,https://en.wikipedia.org/wiki/Steve_Forbes,STATUS,STATUS_KEYWORD_SUGGESTION,DESCRIPTION_SUGGESTION,positive,MANUAL_TAXONOMY_REVIEW_REQUIRED,NON_HIGH_TARGET_ASSIGNMENT|SECOND_SOURCE_AUDIT_REQUIRED,True,False,False,STATUS,ROLE_OR_ELECTORAL_STATUS,positive,CONFIRMED,explicit role/status change,True,PROVIDED_SOURCE_PRESENT,NONPAIRABLE_OR_NONCORE_DEFERRED,NOT_CONFIRMED_THIS_PASS,,,SOURCE1_PRESENT_SECONDARY_NOT_CONFIRMED,TAXONOMY_CONFIRMED_SECONDARY_UNCONFIRMED,False,False
2,V2_NEW_DEV,MLV2_DEV_070,Steve Forbes,MLV2_DEV_070_E0003,1996,negative,career_loss,Failed to win the Republican presidential nomination after a high-profile campaign.,high,https://en.wikipedia.org/wiki/Steve_Forbes_1996_presidential_campaign,RECOGNITION,RECOGNITION_KEYWORD_SUGGESTION,DESCRIPTION_SUGGESTION,negative,MANUAL_TAXONOMY_REVIEW_REQUIRED,SECOND_SOURCE_AUDIT_REQUIRED,True,False,False,RECOGNITION,FORMAL_RECOGNITION,negative,CONFIRMED,formal recognition/award,True,PROVIDED_SOURCE_PRESENT,NONPAIRABLE_OR_NONCORE_DEFERRED,NOT_CONFIRMED_THIS_PASS,,,SOURCE1_PRESENT_SECONDARY_NOT_CONFIRMED,TAXONOMY_CONFIRMED_SECONDARY_UNCONFIRMED,False,False
2,V2_NEW_DEV,MLV2_DEV_070,Steve Forbes,MLV2_DEV_070_E0004,2000,negative,career_loss,Failed again to secure the Republican presidential nomination and ended his second presidential bid.,high,https://en.wikipedia.org/wiki/Steve_Forbes_2000_presidential_campaign,RECOGNITION,RECOGNITION_KEYWORD_SUGGESTION,DESCRIPTION_SUGGESTION,negative,MANUAL_TAXONOMY_REVIEW_REQUIRED,SECOND_SOURCE_AUDIT_REQUIRED,True,False,False,RECOGNITION,FORMAL_RECOGNITION,negative,CONFIRMED,formal recognition/award,True,PROVIDED_SOURCE_PRESENT,NONPAIRABLE_OR_NONCORE_DEFERRED,NOT_CONFIRMED_THIS_PASS,,,SOURCE1_PRESENT_SECONDARY_NOT_CONFIRMED,TAXONOMY_CONFIRMED_SECONDARY_UNCONFIRMED,False,False
3,NEW_DEV_2_CONSUMED,NEWDEV2_001,Bob Dylan,NEWDEV2_001_E002,1966,negative,career_interruption,A motorcycle crash led to cancellation of touring plans and an extended withdrawal from public performance.,high,https://en.wikipedia.org/wiki/Bob_Dylan,TRANSITION,INTERRUPTION,DIRECT_EVENT_TYPE_RULE,unassigned,DIRECT_RULE_NEEDS_SOURCE_CONFIRMATION,CAREER_TRANSITION_TAXONOMY_REVIEW|SECOND_SOURCE_AUDIT_REQUIRED,True,False,False,TRANSITION,INTERRUPTION,unassigned,REJECT_BINARY_TRANSITION,event_type semantic rule,True,PROVIDED_SOURCE_PRESENT,NONPAIRABLE_OR_NONCORE_DEFERRED,NOT_CONFIRMED_THIS_PASS,,,SOURCE1_PRESENT_SECONDARY_NOT_CONFIRMED,REJECT_TRANSITION_NONBINARY,False,False
3,NEW_DEV_2_CONSUMED,NEWDEV2_002,Bob Fosse,NEWDEV2_002_E002,1969,negative,commercial_failure,His film-directing debut Sweet Charity was a major box-office disappointment despite later recognition.,medium,https://en.wikipedia.org/wiki/Bob_Fosse,PROJECT,COMMERCIAL_FAILURE,DIRECT_EVENT_TYPE_RULE,negative,DIRECT_RULE_NEEDS_SOURCE_CONFIRMATION,NON_HIGH_TARGET_ASSIGNMENT|SECOND_SOURCE_AUDIT_REQUIRED,True,False,False,PROJECT,COMMERCIAL_FAILURE,negative,CONFIRMED,event_type semantic rule,True,PROVIDED_SOURCE_PRESENT,NONPAIRABLE_OR_NONCORE_DEFERRED,NOT_CONFIRMED_THIS_PASS,,,SOURCE1_PRESENT_SECONDARY_NOT_CONFIRMED,TAXONOMY_CONFIRMED_SECONDARY_UNCONFIRMED,False,False
3,NEW_DEV_2_CONSUMED,NEWDEV2_002,Bob Fosse,NEWDEV2_002_E001,1973,positive,major_award,Won the Academy Award for Best Director for Cabaret.,high,https://en.wikipedia.org/wiki/Bob_Fosse,RECOGNITION,AWARD,DIRECT_EVENT_TYPE_RULE,positive,DIRECT_RULE_NEEDS_SOURCE_CONFIRMATION,SECOND_SOURCE_AUDIT_REQUIRED,True,False,False,RECOGNITION,MAJOR_AWARD,positive,CONFIRMED,event_type semantic rule,True,PROVIDED_SOURCE_PRESENT,NONPAIRABLE_OR_NONCORE_DEFERRED,NOT_CONFIRMED_THIS_PASS,,,SOURCE1_PRESENT_SECONDARY_NOT_CONFIRMED,TAXONOMY_CONFIRMED_SECONDARY_UNCONFIRMED,False,False
3,NEW_DEV_2_CONSUMED,NEWDEV2_003,Bob Gibson,NEWDEV2_003_E002,1967,negative,career_injury,A line drive broke his right leg and sidelined him for roughly two months.,high,https://en.wikipedia.org/wiki/Bob_Gibson,DISRUPTION_HEALTH,INJURY,DIRECT_EVENT_TYPE_RULE,negative,DIRECT_RULE_NEEDS_SOURCE_CONFIRMATION,CAREER_HEALTH_MECHANISM_REVIEW|SECOND_SOURCE_AUDIT_REQUIRED,True,False,False,DISRUPTION_HEALTH,INJURY,negative,CONFIRMED,event_type semantic rule,True,PROVIDED_SOURCE_PRESENT,NONPAIRABLE_OR_NONCORE_DEFERRED,NOT_CONFIRMED_THIS_PASS,,,SOURCE1_PRESENT_SECONDARY_NOT_CONFIRMED,TAXONOMY_CONFIRMED_SECONDARY_UNCONFIRMED,False,False
3,NEW_DEV_2_CONSUMED,NEWDEV2_003,Bob Gibson,NEWDEV2_003_E001,1968,positive,major_award,Won both the National League Cy Young Award and MVP after a dominant season.,high,https://en.wikipedia.org/wiki/Bob_Gibson,RECOGNITION,AWARD,DIRECT_EVENT_TYPE_RULE,positive,DIRECT_RULE_NEEDS_SOURCE_CONFIRMATION,SECOND_SOURCE_AUDIT_REQUIRED,True,False,False,RECOGNITION,MAJOR_AWARD,positive,CONFIRMED,event_type semantic rule,True,PROVIDED_SOURCE_PRESENT,NONPAIRABLE_OR_NONCORE_DEFERRED,NOT_CONFIRMED_THIS_PASS,,,SOURCE1_PRESENT_SECONDARY_NOT_CONFIRMED,TAXONOMY_CONFIRMED_SECONDARY_UNCONFIRMED,False,False
3,NEW_DEV_2_CONSUMED,NEWDEV2_004,Bob Hayes,NEWDEV2_004_E002,1975,negative,career_end,His NFL playing career ended after a final season with San Francisco following his Dallas tenure.,medium,https://en.wikipedia.org/wiki/Bob_Hayes,TRANSITION,CAREER_END,DIRECT_EVENT_TYPE_RULE,unassigned,DIRECT_RULE_NEEDS_SOURCE_CONFIRMATION,CAREER_TRANSITION_TAXONOMY_REVIEW|NON_HIGH_TARGET_ASSIGNMENT|SECOND_SOURCE_AUDIT_REQUIRED,True,False,False,TRANSITION,CAREER_END,unassigned,REJECT_BINARY_TRANSITION,event_type semantic rule,True,PROVIDED_SOURCE_PRESENT,NONPAIRABLE_OR_NONCORE_DEFERRED,NOT_CONFIRMED_THIS_PASS,,,SOURCE1_PRESENT_SECONDARY_NOT_CONFIRMED,REJECT_TRANSITION_NONBINARY,False,False
3,NEW_DEV_2_CONSUMED,NEWDEV2_008,Bob McAdoo,NEWDEV2_008_E001,1975,positive,major_award,Won the NBA Most Valuable Player Award.,high,https://en.wikipedia.org/wiki/Bob_McAdoo,RECOGNITION,AWARD,DIRECT_EVENT_TYPE_RULE,positive,DIRECT_RULE_NEEDS_SOURCE_CONFIRMATION,SECOND_SOURCE_AUDIT_REQUIRED,True,False,False,RECOGNITION,MAJOR_AWARD,positive,CONFIRMED,event_type semantic rule,True,PROVIDED_SOURCE_PRESENT,NONPAIRABLE_OR_NONCORE_DEFERRED,NOT_CONFIRMED_THIS_PASS,,,SOURCE1_PRESENT_SECONDARY_NOT_CONFIRMED,TAXONOMY_CONFIRMED_SECONDARY_UNCONFIRMED,False,False
3,NEW_DEV_2_CONSUMED,NEWDEV2_008,Bob McAdoo,NEWDEV2_008_E002,1979,negative,trade_setback,Was traded by the New York Knicks during a period of team instability and declining role.,medium,https://en.wikipedia.org/wiki/Bob_McAdoo,UNRESOLVED,NEGATIVE_OUTCOME_REVIEW,MANUAL_REVIEW_REQUIRED,negative,MANUAL_TAXONOMY_REVIEW_REQUIRED,NON_HIGH_TARGET_ASSIGNMENT|SECOND_SOURCE_AUDIT_REQUIRED,True,False,False,STATUS,TRADE_ROLE_CHANGE,negative,CONFIRMED,event_type semantic rule,True,PROVIDED_SOURCE_PRESENT,NONPAIRABLE_OR_NONCORE_DEFERRED,NOT_CONFIRMED_THIS_PASS,,,SOURCE1_PRESENT_SECONDARY_NOT_CONFIRMED,TAXONOMY_CONFIRMED_SECONDARY_UNCONFIRMED,False,False
3,NEW_DEV_2_CONSUMED,NEWDEV2_009,Bob Newhart,NEWDEV2_009_E001,1961,positive,major_award,His debut comedy album won Grammy awards including Album of the Year and Best New Artist.,high,https://en.wikipedia.org/wiki/Bob_Newhart,RECOGNITION,AWARD,DIRECT_EVENT_TYPE_RULE,positive,DIRECT_RULE_NEEDS_SOURCE_CONFIRMATION,SECOND_SOURCE_AUDIT_REQUIRED,True,False,False,RECOGNITION,MAJOR_AWARD,positive,CONFIRMED,event_type semantic rule,True,PROVIDED_SOURCE_PRESENT,NONPAIRABLE_OR_NONCORE_DEFERRED,NOT_CONFIRMED_THIS_PASS,,,SOURCE1_PRESENT_SECONDARY_NOT_CONFIRMED,TAXONOMY_CONFIRMED_SECONDARY_UNCONFIRMED,False,False
3,NEW_DEV_2_CONSUMED,NEWDEV2_009,Bob Newhart,NEWDEV2_009_E002,1962,negative,show_cancellation,NBC canceled his first television variety series after one season.,high,https://en.wikipedia.org/wiki/Bob_Newhart,PROJECT,CANCELLATION,DIRECT_EVENT_TYPE_RULE,negative,DIRECT_RULE_NEEDS_SOURCE_CONFIRMATION,SECOND_SOURCE_AUDIT_REQUIRED,True,False,False,PROJECT,CANCELLATION,negative,CONFIRMED,event_type semantic rule,True,PROVIDED_SOURCE_PRESENT,NONPAIRABLE_OR_NONCORE_DEFERRED,NOT_CONFIRMED_THIS_PASS,,,SOURCE1_PRESENT_SECONDARY_NOT_CONFIRMED,TAXONOMY_CONFIRMED_SECONDARY_UNCONFIRMED,False,False
3,NEW_DEV_2_CONSUMED,NEWDEV2_012,Bob Schul,NEWDEV2_012_E002,1968,negative,career_injury,A persistent knee injury derailed his comeback attempt for the 1968 Olympics.,high,https://en.wikipedia.org/wiki/Bob_Schul,DISRUPTION_HEALTH,INJURY,DIRECT_EVENT_TYPE_RULE,negative,DIRECT_RULE_NEEDS_SOURCE_CONFIRMATION,CAREER_HEALTH_MECHANISM_REVIEW|SECOND_SOURCE_AUDIT_REQUIRED,True,False,False,DISRUPTION_HEALTH,INJURY,negative,CONFIRMED,event_type semantic rule,True,PROVIDED_SOURCE_PRESENT,NONPAIRABLE_OR_NONCORE_DEFERRED,NOT_CONFIRMED_THIS_PASS,,,SOURCE1_PRESENT_SECONDARY_NOT_CONFIRMED,TAXONOMY_CONFIRMED_SECONDARY_UNCONFIRMED,False,False
3,NEW_DEV_2_CONSUMED,NEWDEV2_014,Bob Uecker,NEWDEV2_014_E002,1967,negative,career_end,His Major League Baseball playing career ended after the season.,medium,https://en.wikipedia.org/wiki/Bob_Uecker,TRANSITION,CAREER_END,DIRECT_EVENT_TYPE_RULE,unassigned,DIRECT_RULE_NEEDS_SOURCE_CONFIRMATION,CAREER_TRANSITION_TAXONOMY_REVIEW|NON_HIGH_TARGET_ASSIGNMENT|SECOND_SOURCE_AUDIT_REQUIRED,True,False,False,TRANSITION,CAREER_END,unassigned,REJECT_BINARY_TRANSITION,event_type semantic rule,True,PROVIDED_SOURCE_PRESENT,NONPAIRABLE_OR_NONCORE_DEFERRED,NOT_CONFIRMED_THIS_PASS,,,SOURCE1_PRESENT_SECONDARY_NOT_CONFIRMED,REJECT_TRANSITION_NONBINARY,False,False
3,NEW_DEV_2_CONSUMED,NEWDEV2_017,Bobby Bonds,NEWDEV2_017_E002,1981,negative,career_end,His Major League playing career ended after a final season with the Chicago Cubs.,medium,https://en.wikipedia.org/wiki/Bobby_Bonds,TRANSITION,CAREER_END,DIRECT_EVENT_TYPE_RULE,unassigned,DIRECT_RULE_NEEDS_SOURCE_CONFIRMATION,CAREER_TRANSITION_TAXONOMY_REVIEW|NON_HIGH_TARGET_ASSIGNMENT|SECOND_SOURCE_AUDIT_REQUIRED,True,False,False,TRANSITION,CAREER_END,unassigned,REJECT_BINARY_TRANSITION,event_type semantic rule,True,PROVIDED_SOURCE_PRESENT,NONPAIRABLE_OR_NONCORE_DEFERRED,NOT_CONFIRMED_THIS_PASS,,,SOURCE1_PRESENT_SECONDARY_NOT_CONFIRMED,REJECT_TRANSITION_NONBINARY,False,False
3,NEW_DEV_2_CONSUMED,NEWDEV2_018,Bo Burnham,NEWDEV2_018_E002,2016,negative,career_interruption,"He stopped performing live comedy after panic attacks on stage, beginning a multi-year live-performance hiatus.",high,https://en.wikipedia.org/wiki/Bo_Burnham,TRANSITION,INTERRUPTION,DIRECT_EVENT_TYPE_RULE,unassigned,DIRECT_RULE_NEEDS_SOURCE_CONFIRMATION,CAREER_TRANSITION_TAXONOMY_REVIEW|SECOND_SOURCE_AUDIT_REQUIRED,True,False,False,TRANSITION,INTERRUPTION,unassigned,REJECT_BINARY_TRANSITION,event_type semantic rule,True,PROVIDED_SOURCE_PRESENT,NONPAIRABLE_OR_NONCORE_DEFERRED,NOT_CONFIRMED_THIS_PASS,,,SOURCE1_PRESENT_SECONDARY_NOT_CONFIRMED,REJECT_TRANSITION_NONBINARY,False,False
3,NEW_DEV_2_CONSUMED,NEWDEV2_018,Bo Burnham,NEWDEV2_018_E001,2021,positive,major_award,Inside received major critical acclaim and multiple Emmy awards.,high,https://en.wikipedia.org/wiki/Bo_Burnham,RECOGNITION,AWARD,DIRECT_EVENT_TYPE_RULE,positive,DIRECT_RULE_NEEDS_SOURCE_CONFIRMATION,SECOND_SOURCE_AUDIT_REQUIRED,True,False,False,RECOGNITION,MAJOR_AWARD,positive,CONFIRMED,event_type semantic rule,True,PROVIDED_SOURCE_PRESENT,NONPAIRABLE_OR_NONCORE_DEFERRED,NOT_CONFIRMED_THIS_PASS,,,SOURCE1_PRESENT_SECONDARY_NOT_CONFIRMED,TAXONOMY_CONFIRMED_SECONDARY_UNCONFIRMED,False,False
3,NEW_DEV_2_CONSUMED,NEWDEV2_019,Bo Derek,NEWDEV2_019_E002,1984,negative,critical_failure,Bolero was widely panned and received multiple Golden Raspberry awards.,high,https://en.wikipedia.org/wiki/Bo_Derek,PROJECT,CRITICAL_FAILURE,DIRECT_EVENT_TYPE_RULE,negative,DIRECT_RULE_NEEDS_SOURCE_CONFIRMATION,SECOND_SOURCE_AUDIT_REQUIRED,True,True,False,PROJECT,CRITICAL_FAILURE,negative,CONFIRMED,event_type semantic rule,True,PROVIDED_SOURCE_PRESENT,PAIR_CANDIDATE_TARGETED,CONFIRMED,Roger Ebert / film criticism records,10 breakthrough and Bolero critical failure verified.,SECONDARY_CONFIRMED,SOURCE_VERIFIED_PAIR_CANDIDATE_CHRONOLOGY_BLOCK,True,False
3,NEW_DEV_2_CONSUMED,NEWDEV2_022,Bill Blass,NEWDEV2_022_E002,1999,negative,career_end,Sold his company and retired from active design work after decades at the helm.,medium,https://en.wikipedia.org/wiki/Bill_Blass,TRANSITION,CAREER_END,DIRECT_EVENT_TYPE_RULE,unassigned,DIRECT_RULE_NEEDS_SOURCE_CONFIRMATION,CAREER_TRANSITION_TAXONOMY_REVIEW|NON_HIGH_TARGET_ASSIGNMENT|SECOND_SOURCE_AUDIT_REQUIRED,True,False,False,TRANSITION,CAREER_END,unassigned,REJECT_BINARY_TRANSITION,event_type semantic rule,True,PROVIDED_SOURCE_PRESENT,NONPAIRABLE_OR_NONCORE_DEFERRED,NOT_CONFIRMED_THIS_PASS,,,SOURCE1_PRESENT_SECONDARY_NOT_CONFIRMED,REJECT_TRANSITION_NONBINARY,False,False
3,NEW_DEV_2_CONSUMED,NEWDEV2_023,Bill Engvall,NEWDEV2_023_E002,2009,negative,show_cancellation,TBS canceled The Bill Engvall Show after three seasons.,high,https://en.wikipedia.org/wiki/Bill_Engvall,PROJECT,CANCELLATION,DIRECT_EVENT_TYPE_RULE,negative,DIRECT_RULE_NEEDS_SOURCE_CONFIRMATION,SECOND_SOURCE_AUDIT_REQUIRED,True,False,False,PROJECT,CANCELLATION,negative,CONFIRMED,event_type semantic rule,True,PROVIDED_SOURCE_PRESENT,PAIR_CANDIDATE_TARGETED,NOT_CONFIRMED_THIS_PASS,,TBS cancellation claim not independently confirmed in this pass.,SOURCE1_PRESENT_SECONDARY_NOT_CONFIRMED,TAXONOMY_CONFIRMED_SECONDARY_UNCONFIRMED,False,False
3,NEW_DEV_2_CONSUMED,NEWDEV2_024,Bill Forsyth,NEWDEV2_024_E002,1999,negative,commercial_setback,Gregory's Two Girls received a limited release and was followed by a long break from feature directing.,medium,https://en.wikipedia.org/wiki/Bill_Forsyth,PROJECT,COMMERCIAL_SETBACK,DIRECT_EVENT_TYPE_RULE,negative,DIRECT_RULE_NEEDS_SOURCE_CONFIRMATION,NON_HIGH_TARGET_ASSIGNMENT|SECOND_SOURCE_AUDIT_REQUIRED,True,True,False,PROJECT,COMMERCIAL_SETBACK,negative,CONFIRMED,event_type semantic rule,True,PROVIDED_SOURCE_PRESENT,PAIR_CANDIDATE_TARGETED,CONFIRMED,BFI / film criticism archives,Local Hero acclaim and Gregory’s Two Girls poor reception/career pause verified.,SECONDARY_CONFIRMED,SOURCE_VERIFIED_PAIR_CANDIDATE_CHRONOLOGY_BLOCK,True,False
3,NEW_DEV_2_CONSUMED,NEWDEV2_026,Bill Walton,NEWDEV2_026_E001,1978,positive,major_award,Won the NBA Most Valuable Player Award after leading Portland's championship-era team.,high,https://en.wikipedia.org/wiki/Bill_Walton,RECOGNITION,AWARD,DIRECT_EVENT_TYPE_RULE,positive,DIRECT_RULE_NEEDS_SOURCE_CONFIRMATION,SECOND_SOURCE_AUDIT_REQUIRED,True,False,False,RECOGNITION,MAJOR_AWARD,positive,CONFIRMED,event_type semantic rule,True,PROVIDED_SOURCE_PRESENT,NONPAIRABLE_OR_NONCORE_DEFERRED,NOT_CONFIRMED_THIS_PASS,,,SOURCE1_PRESENT_SECONDARY_NOT_CONFIRMED,TAXONOMY_CONFIRMED_SECONDARY_UNCONFIRMED,False,False
3,NEW_DEV_2_CONSUMED,NEWDEV2_026,Bill Walton,NEWDEV2_026_E002,1979,negative,career_injury,Severe foot injuries and a contract dispute led to a lost season and departure from Portland.,high,https://en.wikipedia.org/wiki/Bill_Walton,DISRUPTION_HEALTH,INJURY,DIRECT_EVENT_TYPE_RULE,negative,DIRECT_RULE_NEEDS_SOURCE_CONFIRMATION,CAREER_HEALTH_MECHANISM_REVIEW|SECOND_SOURCE_AUDIT_REQUIRED,True,False,False,DISRUPTION_HEALTH,INJURY,negative,CONFIRMED,event_type semantic rule,True,PROVIDED_SOURCE_PRESENT,NONPAIRABLE_OR_NONCORE_DEFERRED,NOT_CONFIRMED_THIS_PASS,,,SOURCE1_PRESENT_SECONDARY_NOT_CONFIRMED,TAXONOMY_CONFIRMED_SECONDARY_UNCONFIRMED,False,False
3,NEW_DEV_2_CONSUMED,NEWDEV2_032,Billy Joe Shaver,NEWDEV2_032_E002,1981,negative,career_stall,His recording career stalled after label difficulties and a period with limited commercial releases.,medium,https://en.wikipedia.org/wiki/Billy_Joe_Shaver,UNRESOLVED,NEGATIVE_OUTCOME_REVIEW,MANUAL_REVIEW_REQUIRED,negative,MANUAL_TAXONOMY_REVIEW_REQUIRED,NON_HIGH_TARGET_ASSIGNMENT|SECOND_SOURCE_AUDIT_REQUIRED,True,False,False,PROJECT,CAREER_STALL,negative,CONFIRMED,event_type semantic rule,True,PROVIDED_SOURCE_PRESENT,PAIR_CANDIDATE_TARGETED,NOT_CONFIRMED_THIS_PASS,,Career-stall/label-difficulty wording not independently confirmed in this pass.,SOURCE1_PRESENT_SECONDARY_NOT_CONFIRMED,TAXONOMY_CONFIRMED_SECONDARY_UNCONFIRMED,False,False
3,NEW_DEV_2_CONSUMED,NEWDEV2_033,Billy Mackenzie,NEWDEV2_033_E002,1990,negative,career_end,The Associates effectively ended as a functioning band after repeated lineup and label difficulties.,medium,https://en.wikipedia.org/wiki/Billy_Mackenzie,TRANSITION,CAREER_END,DIRECT_EVENT_TYPE_RULE,unassigned,DIRECT_RULE_NEEDS_SOURCE_CONFIRMATION,CAREER_TRANSITION_TAXONOMY_REVIEW|NON_HIGH_TARGET_ASSIGNMENT|SECOND_SOURCE_AUDIT_REQUIRED,True,False,False,TRANSITION,CAREER_END,unassigned,REJECT_BINARY_TRANSITION,event_type semantic rule,True,PROVIDED_SOURCE_PRESENT,NONPAIRABLE_OR_NONCORE_DEFERRED,NOT_CONFIRMED_THIS_PASS,,,SOURCE1_PRESENT_SECONDARY_NOT_CONFIRMED,REJECT_TRANSITION_NONBINARY,False,False
3,NEW_DEV_2_CONSUMED,NEWDEV2_034,Bill Shoemaker,NEWDEV2_034_E002,1991,negative,career_injury,A car crash left him quadriplegic and ended his active training career.,high,https://en.wikipedia.org/wiki/Bill_Shoemaker,DISRUPTION_HEALTH,INJURY,DIRECT_EVENT_TYPE_RULE,negative,DIRECT_RULE_NEEDS_SOURCE_CONFIRMATION,CAREER_HEALTH_MECHANISM_REVIEW|SECOND_SOURCE_AUDIT_REQUIRED,True,False,False,DISRUPTION_HEALTH,INJURY,negative,CONFIRMED,event_type semantic rule,True,PROVIDED_SOURCE_PRESENT,NONPAIRABLE_OR_NONCORE_DEFERRED,NOT_CONFIRMED_THIS_PASS,,,SOURCE1_PRESENT_SECONDARY_NOT_CONFIRMED,TAXONOMY_CONFIRMED_SECONDARY_UNCONFIRMED,False,False
3,NEW_DEV_2_CONSUMED,NEWDEV2_036,Tom Brady,NEWDEV2_036_E002,2008,negative,career_injury,Suffered a season-ending knee injury in the opening game.,high,https://en.wikipedia.org/wiki/Tom_Brady,DISRUPTION_HEALTH,INJURY,DIRECT_EVENT_TYPE_RULE,negative,DIRECT_RULE_NEEDS_SOURCE_CONFIRMATION,CAREER_HEALTH_MECHANISM_REVIEW|SECOND_SOURCE_AUDIT_REQUIRED,True,False,False,DISRUPTION_HEALTH,INJURY,negative,CONFIRMED,event_type semantic rule,True,PROVIDED_SOURCE_PRESENT,NONPAIRABLE_OR_NONCORE_DEFERRED,NOT_CONFIRMED_THIS_PASS,,,SOURCE1_PRESENT_SECONDARY_NOT_CONFIRMED,TAXONOMY_CONFIRMED_SECONDARY_UNCONFIRMED,False,False
3,NEW_DEV_2_CONSUMED,NEWDEV2_037,Tom Coughlin,NEWDEV2_037_E002,2016,negative,career_end,Stepped down as Giants head coach after a third consecutive losing season.,high,https://en.wikipedia.org/wiki/Tom_Coughlin,TRANSITION,CAREER_END,DIRECT_EVENT_TYPE_RULE,unassigned,DIRECT_RULE_NEEDS_SOURCE_CONFIRMATION,CAREER_TRANSITION_TAXONOMY_REVIEW|SECOND_SOURCE_AUDIT_REQUIRED,True,False,False,TRANSITION,CAREER_END,unassigned,REJECT_BINARY_TRANSITION,event_type semantic rule,True,PROVIDED_SOURCE_PRESENT,NONPAIRABLE_OR_NONCORE_DEFERRED,NOT_CONFIRMED_THIS_PASS,,,SOURCE1_PRESENT_SECONDARY_NOT_CONFIRMED,REJECT_TRANSITION_NONBINARY,False,False
3,NEW_DEV_2_CONSUMED,NEWDEV2_040,Tom DeLay,NEWDEV2_040_E002,2006,negative,resignation,Resigned from Congress amid legal and ethics controversies.,high,https://en.wikipedia.org/wiki/Tom_DeLay,TRANSITION,RESIGNATION,DIRECT_EVENT_TYPE_RULE,unassigned,DIRECT_RULE_NEEDS_SOURCE_CONFIRMATION,CAREER_TRANSITION_TAXONOMY_REVIEW|SECOND_SOURCE_AUDIT_REQUIRED,True,False,False,TRANSITION,RESIGNATION,unassigned,REJECT_BINARY_TRANSITION,event_type semantic rule,True,PROVIDED_SOURCE_PRESENT,NONPAIRABLE_OR_NONCORE_DEFERRED,NOT_CONFIRMED_THIS_PASS,,,SOURCE1_PRESENT_SECONDARY_NOT_CONFIRMED,REJECT_TRANSITION_NONBINARY,False,False
3,NEW_DEV_2_CONSUMED,NEWDEV2_042,Tom Glavine,NEWDEV2_042_E002,2008,negative,career_injury,An elbow injury ended his season and preceded the end of his major-league career.,high,https://en.wikipedia.org/wiki/Tom_Glavine,DISRUPTION_HEALTH,INJURY,DIRECT_EVENT_TYPE_RULE,negative,DIRECT_RULE_NEEDS_SOURCE_CONFIRMATION,CAREER_HEALTH_MECHANISM_REVIEW|SECOND_SOURCE_AUDIT_REQUIRED,True,False,False,DISRUPTION_HEALTH,INJURY,negative,CONFIRMED,event_type semantic rule,True,PROVIDED_SOURCE_PRESENT,NONPAIRABLE_OR_NONCORE_DEFERRED,NOT_CONFIRMED_THIS_PASS,,,SOURCE1_PRESENT_SECONDARY_NOT_CONFIRMED,TAXONOMY_CONFIRMED_SECONDARY_UNCONFIRMED,False,False
3,NEW_DEV_2_CONSUMED,NEWDEV2_044,Tom Poti,NEWDEV2_044_E002,2012,negative,career_injury,Chronic groin and pelvis injuries kept him out for an entire NHL season and threatened his career.,high,https://en.wikipedia.org/wiki/Tom_Poti,DISRUPTION_HEALTH,INJURY,DIRECT_EVENT_TYPE_RULE,negative,DIRECT_RULE_NEEDS_SOURCE_CONFIRMATION,CAREER_HEALTH_MECHANISM_REVIEW|SECOND_SOURCE_AUDIT_REQUIRED,True,False,False,DISRUPTION_HEALTH,INJURY,negative,CONFIRMED,event_type semantic rule,True,PROVIDED_SOURCE_PRESENT,NONPAIRABLE_OR_NONCORE_DEFERRED,NOT_CONFIRMED_THIS_PASS,,,SOURCE1_PRESENT_SECONDARY_NOT_CONFIRMED,TAXONOMY_CONFIRMED_SECONDARY_UNCONFIRMED,False,False
3,NEW_DEV_2_CONSUMED,NEWDEV2_045,Tom Seaver,NEWDEV2_045_E002,1987,negative,career_injury,A knee injury ended his attempted comeback and effectively closed his playing career.,high,https://en.wikipedia.org/wiki/Tom_Seaver,DISRUPTION_HEALTH,INJURY,DIRECT_EVENT_TYPE_RULE,negative,DIRECT_RULE_NEEDS_SOURCE_CONFIRMATION,CAREER_HEALTH_MECHANISM_REVIEW|SECOND_SOURCE_AUDIT_REQUIRED,True,False,False,DISRUPTION_HEALTH,INJURY,negative,CONFIRMED,event_type semantic rule,True,PROVIDED_SOURCE_PRESENT,NONPAIRABLE_OR_NONCORE_DEFERRED,NOT_CONFIRMED_THIS_PASS,,,SOURCE1_PRESENT_SECONDARY_NOT_CONFIRMED,TAXONOMY_CONFIRMED_SECONDARY_UNCONFIRMED,False,False
3,NEW_DEV_2_CONSUMED,NEWDEV2_046,Tom Selleck,NEWDEV2_046_E001,1984,positive,major_award,"Won the Primetime Emmy Award for Outstanding Lead Actor for Magnum, P.I.",high,https://en.wikipedia.org/wiki/Tom_Selleck,RECOGNITION,AWARD,DIRECT_EVENT_TYPE_RULE,positive,DIRECT_RULE_NEEDS_SOURCE_CONFIRMATION,SECOND_SOURCE_AUDIT_REQUIRED,True,False,False,RECOGNITION,MAJOR_AWARD,positive,CONFIRMED,event_type semantic rule,True,PROVIDED_SOURCE_PRESENT,NONPAIRABLE_OR_NONCORE_DEFERRED,NOT_CONFIRMED_THIS_PASS,,,SOURCE1_PRESENT_SECONDARY_NOT_CONFIRMED,TAXONOMY_CONFIRMED_SECONDARY_UNCONFIRMED,False,False
3,NEW_DEV_2_CONSUMED,NEWDEV2_046,Tom Selleck,NEWDEV2_046_E002,1998,negative,show_cancellation,CBS canceled his sitcom The Closer after a short run.,high,https://en.wikipedia.org/wiki/Tom_Selleck,PROJECT,CANCELLATION,DIRECT_EVENT_TYPE_RULE,negative,DIRECT_RULE_NEEDS_SOURCE_CONFIRMATION,SECOND_SOURCE_AUDIT_REQUIRED,True,False,False,PROJECT,CANCELLATION,negative,CONFIRMED,event_type semantic rule,True,PROVIDED_SOURCE_PRESENT,NONPAIRABLE_OR_NONCORE_DEFERRED,NOT_CONFIRMED_THIS_PASS,,,SOURCE1_PRESENT_SECONDARY_NOT_CONFIRMED,TAXONOMY_CONFIRMED_SECONDARY_UNCONFIRMED,False,False
3,NEW_DEV_2_CONSUMED,NEWDEV2_047,Tom Brokaw,NEWDEV2_047_E002,2004,negative,career_end,"Stepped down from the NBC Nightly News anchor chair, ending his long tenure in the role.",medium,https://en.wikipedia.org/wiki/Tom_Brokaw,TRANSITION,CAREER_END,DIRECT_EVENT_TYPE_RULE,unassigned,DIRECT_RULE_NEEDS_SOURCE_CONFIRMATION,CAREER_TRANSITION_TAXONOMY_REVIEW|NON_HIGH_TARGET_ASSIGNMENT|SECOND_SOURCE_AUDIT_REQUIRED,True,False,False,TRANSITION,CAREER_END,unassigned,REJECT_BINARY_TRANSITION,event_type semantic rule,True,PROVIDED_SOURCE_PRESENT,NONPAIRABLE_OR_NONCORE_DEFERRED,NOT_CONFIRMED_THIS_PASS,,,SOURCE1_PRESENT_SECONDARY_NOT_CONFIRMED,REJECT_TRANSITION_NONBINARY,False,False
3,NEW_DEV_2_CONSUMED,NEWDEV2_048,Tom Bergeron,NEWDEV2_048_E001,2012,positive,major_award,Won the Primetime Emmy for hosting Dancing with the Stars.,high,https://en.wikipedia.org/wiki/Tom_Bergeron,RECOGNITION,AWARD,DIRECT_EVENT_TYPE_RULE,positive,DIRECT_RULE_NEEDS_SOURCE_CONFIRMATION,SECOND_SOURCE_AUDIT_REQUIRED,True,False,False,RECOGNITION,MAJOR_AWARD,positive,CONFIRMED,event_type semantic rule,True,PROVIDED_SOURCE_PRESENT,NONPAIRABLE_OR_NONCORE_DEFERRED,NOT_CONFIRMED_THIS_PASS,,,SOURCE1_PRESENT_SECONDARY_NOT_CONFIRMED,TAXONOMY_CONFIRMED_SECONDARY_UNCONFIRMED,False,False
3,NEW_DEV_2_CONSUMED,NEWDEV2_049,Tom Harmon,NEWDEV2_049_E001,1940,positive,major_award,Won the Heisman Trophy as college football's outstanding player.,high,https://en.wikipedia.org/wiki/Tom_Harmon,RECOGNITION,AWARD,DIRECT_EVENT_TYPE_RULE,positive,DIRECT_RULE_NEEDS_SOURCE_CONFIRMATION,SECOND_SOURCE_AUDIT_REQUIRED,True,False,False,RECOGNITION,MAJOR_AWARD,positive,CONFIRMED,event_type semantic rule,True,PROVIDED_SOURCE_PRESENT,NONPAIRABLE_OR_NONCORE_DEFERRED,NOT_CONFIRMED_THIS_PASS,,,SOURCE1_PRESENT_SECONDARY_NOT_CONFIRMED,TAXONOMY_CONFIRMED_SECONDARY_UNCONFIRMED,False,False
3,NEW_DEV_2_CONSUMED,NEWDEV2_049,Tom Harmon,NEWDEV2_049_E002,1946,negative,career_end,His brief professional football career ended after one season with the Los Angeles Rams.,medium,https://en.wikipedia.org/wiki/Tom_Harmon,TRANSITION,CAREER_END,DIRECT_EVENT_TYPE_RULE,unassigned,DIRECT_RULE_NEEDS_SOURCE_CONFIRMATION,CAREER_TRANSITION_TAXONOMY_REVIEW|NON_HIGH_TARGET_ASSIGNMENT|SECOND_SOURCE_AUDIT_REQUIRED,True,False,False,TRANSITION,CAREER_END,unassigned,REJECT_BINARY_TRANSITION,event_type semantic rule,True,PROVIDED_SOURCE_PRESENT,NONPAIRABLE_OR_NONCORE_DEFERRED,NOT_CONFIRMED_THIS_PASS,,,SOURCE1_PRESENT_SECONDARY_NOT_CONFIRMED,REJECT_TRANSITION_NONBINARY,False,False
3,NEW_DEV_2_CONSUMED,NEWDEV2_050,A. J. Foyt,NEWDEV2_050_E002,1990,negative,career_injury,A severe Road America crash caused multiple leg and foot fractures and ended his racing season.,high,https://en.wikipedia.org/wiki/A._J._Foyt,DISRUPTION_HEALTH,INJURY,DIRECT_EVENT_TYPE_RULE,negative,DIRECT_RULE_NEEDS_SOURCE_CONFIRMATION,CAREER_HEALTH_MECHANISM_REVIEW|SECOND_SOURCE_AUDIT_REQUIRED,True,False,False,DISRUPTION_HEALTH,INJURY,negative,CONFIRMED,event_type semantic rule,True,PROVIDED_SOURCE_PRESENT,NONPAIRABLE_OR_NONCORE_DEFERRED,NOT_CONFIRMED_THIS_PASS,,,SOURCE1_PRESENT_SECONDARY_NOT_CONFIRMED,TAXONOMY_CONFIRMED_SECONDARY_UNCONFIRMED,False,False
3,NEW_DEV_2_CONSUMED,NEWDEV2_051,Tom Scholz,NEWDEV2_051_E002,1983,negative,legal_career_setback,A prolonged legal dispute with CBS/Epic delayed Boston's recording career for years.,high,https://en.wikipedia.org/wiki/Tom_Scholz,DISRUPTION_LEGAL_REPUTATION,LEGAL_SETBACK,DIRECT_EVENT_TYPE_RULE,negative,DIRECT_RULE_NEEDS_SOURCE_CONFIRMATION,SECOND_SOURCE_AUDIT_REQUIRED,True,False,False,DISRUPTION_LEGAL_REPUTATION,LEGAL_SETBACK,negative,CONFIRMED,event_type semantic rule,True,PROVIDED_SOURCE_PRESENT,NONPAIRABLE_OR_NONCORE_DEFERRED,NOT_CONFIRMED_THIS_PASS,,,SOURCE1_PRESENT_SECONDARY_NOT_CONFIRMED,TAXONOMY_CONFIRMED_SECONDARY_UNCONFIRMED,False,False
3,NEW_DEV_2_CONSUMED,NEWDEV2_052,Tony Blair,NEWDEV2_052_E002,2007,negative,resignation,Resigned as Prime Minister after a decade in office amid sustained political pressure linked in part to the Iraq War.,high,https://en.wikipedia.org/wiki/Tony_Blair,TRANSITION,RESIGNATION,DIRECT_EVENT_TYPE_RULE,unassigned,DIRECT_RULE_NEEDS_SOURCE_CONFIRMATION,CAREER_TRANSITION_TAXONOMY_REVIEW|SECOND_SOURCE_AUDIT_REQUIRED,True,False,False,TRANSITION,RESIGNATION,unassigned,REJECT_BINARY_TRANSITION,event_type semantic rule,True,PROVIDED_SOURCE_PRESENT,NONPAIRABLE_OR_NONCORE_DEFERRED,NOT_CONFIRMED_THIS_PASS,,,SOURCE1_PRESENT_SECONDARY_NOT_CONFIRMED,REJECT_TRANSITION_NONBINARY,False,False
3,NEW_DEV_2_CONSUMED,NEWDEV2_054,Toni Morrison,NEWDEV2_054_E002,1970,negative,commercial_setback,Her debut novel The Bluest Eye received limited initial commercial attention despite later acclaim.,medium,https://en.wikipedia.org/wiki/Toni_Morrison,PROJECT,COMMERCIAL_SETBACK,DIRECT_EVENT_TYPE_RULE,negative,DIRECT_RULE_NEEDS_SOURCE_CONFIRMATION,NON_HIGH_TARGET_ASSIGNMENT|SECOND_SOURCE_AUDIT_REQUIRED,True,False,False,PROJECT,COMMERCIAL_SETBACK,negative,CONFIRMED,event_type semantic rule,True,PROVIDED_SOURCE_PRESENT,NONPAIRABLE_OR_NONCORE_DEFERRED,NOT_CONFIRMED_THIS_PASS,,,SOURCE1_PRESENT_SECONDARY_NOT_CONFIRMED,TAXONOMY_CONFIRMED_SECONDARY_UNCONFIRMED,False,False
3,NEW_DEV_2_CONSUMED,NEWDEV2_054,Toni Morrison,NEWDEV2_054_E001,1993,positive,major_award,Won the Nobel Prize in Literature.,high,https://en.wikipedia.org/wiki/Toni_Morrison,RECOGNITION,AWARD,DIRECT_EVENT_TYPE_RULE,positive,DIRECT_RULE_NEEDS_SOURCE_CONFIRMATION,SECOND_SOURCE_AUDIT_REQUIRED,True,False,False,RECOGNITION,MAJOR_AWARD,positive,CONFIRMED,event_type semantic rule,True,PROVIDED_SOURCE_PRESENT,NONPAIRABLE_OR_NONCORE_DEFERRED,NOT_CONFIRMED_THIS_PASS,,,SOURCE1_PRESENT_SECONDARY_NOT_CONFIRMED,TAXONOMY_CONFIRMED_SECONDARY_UNCONFIRMED,False,False
3,NEW_DEV_2_CONSUMED,NEWDEV2_055,Tony Curtis,NEWDEV2_055_E001,1959,positive,major_award,Received an Academy Award nomination for The Defiant Ones during his peak as a leading actor.,high,https://en.wikipedia.org/wiki/Tony_Curtis,RECOGNITION,AWARD,DIRECT_EVENT_TYPE_RULE,positive,DIRECT_RULE_NEEDS_SOURCE_CONFIRMATION,SECOND_SOURCE_AUDIT_REQUIRED,True,False,False,RECOGNITION,MAJOR_AWARD,positive,CONFIRMED,event_type semantic rule,True,PROVIDED_SOURCE_PRESENT,NONPAIRABLE_OR_NONCORE_DEFERRED,NOT_CONFIRMED_THIS_PASS,,,SOURCE1_PRESENT_SECONDARY_NOT_CONFIRMED,TAXONOMY_CONFIRMED_SECONDARY_UNCONFIRMED,False,False
3,NEW_DEV_2_CONSUMED,NEWDEV2_055,Tony Curtis,NEWDEV2_055_E002,1965,negative,commercial_setback,Several mid-1960s films underperformed as his status as a top box-office leading man declined.,medium,https://en.wikipedia.org/wiki/Tony_Curtis,PROJECT,COMMERCIAL_SETBACK,DIRECT_EVENT_TYPE_RULE,negative,DIRECT_RULE_NEEDS_SOURCE_CONFIRMATION,NON_HIGH_TARGET_ASSIGNMENT|SECOND_SOURCE_AUDIT_REQUIRED,True,False,False,PROJECT,COMMERCIAL_SETBACK,negative,CONFIRMED,event_type semantic rule,True,PROVIDED_SOURCE_PRESENT,NONPAIRABLE_OR_NONCORE_DEFERRED,NOT_CONFIRMED_THIS_PASS,,,SOURCE1_PRESENT_SECONDARY_NOT_CONFIRMED,TAXONOMY_CONFIRMED_SECONDARY_UNCONFIRMED,False,False
3,NEW_DEV_2_CONSUMED,NEWDEV2_057,Tony Gwynn,NEWDEV2_057_E002,2001,negative,career_injury,Persistent knee problems limited him and he retired at the end of the season.,high,https://en.wikipedia.org/wiki/Tony_Gwynn,DISRUPTION_HEALTH,INJURY,DIRECT_EVENT_TYPE_RULE,negative,DIRECT_RULE_NEEDS_SOURCE_CONFIRMATION,CAREER_HEALTH_MECHANISM_REVIEW|SECOND_SOURCE_AUDIT_REQUIRED,True,False,False,DISRUPTION_HEALTH,INJURY,negative,CONFIRMED,event_type semantic rule,True,PROVIDED_SOURCE_PRESENT,NONPAIRABLE_OR_NONCORE_DEFERRED,NOT_CONFIRMED_THIS_PASS,,,SOURCE1_PRESENT_SECONDARY_NOT_CONFIRMED,TAXONOMY_CONFIRMED_SECONDARY_UNCONFIRMED,False,False
3,NEW_DEV_2_CONSUMED,NEWDEV2_058,Tony Hawk,NEWDEV2_058_E002,2003,negative,career_end,"Retired from professional competition, ending his full-time contest career.",medium,https://en.wikipedia.org/wiki/Tony_Hawk,TRANSITION,CAREER_END,DIRECT_EVENT_TYPE_RULE,unassigned,DIRECT_RULE_NEEDS_SOURCE_CONFIRMATION,CAREER_TRANSITION_TAXONOMY_REVIEW|NON_HIGH_TARGET_ASSIGNMENT|SECOND_SOURCE_AUDIT_REQUIRED,True,False,False,TRANSITION,CAREER_END,unassigned,REJECT_BINARY_TRANSITION,event_type semantic rule,True,PROVIDED_SOURCE_PRESENT,NONPAIRABLE_OR_NONCORE_DEFERRED,NOT_CONFIRMED_THIS_PASS,,,SOURCE1_PRESENT_SECONDARY_NOT_CONFIRMED,REJECT_TRANSITION_NONBINARY,False,False
3,NEW_DEV_2_CONSUMED,NEWDEV2_059,Tony Kubek,NEWDEV2_059_E002,1965,negative,career_injury,A serious back/neck condition forced him to retire from baseball at age 29.,high,https://en.wikipedia.org/wiki/Tony_Kubek,DISRUPTION_HEALTH,INJURY,DIRECT_EVENT_TYPE_RULE,negative,DIRECT_RULE_NEEDS_SOURCE_CONFIRMATION,CAREER_HEALTH_MECHANISM_REVIEW|SECOND_SOURCE_AUDIT_REQUIRED,True,False,False,DISRUPTION_HEALTH,INJURY,negative,CONFIRMED,event_type semantic rule,True,PROVIDED_SOURCE_PRESENT,NONPAIRABLE_OR_NONCORE_DEFERRED,NOT_CONFIRMED_THIS_PASS,,,SOURCE1_PRESENT_SECONDARY_NOT_CONFIRMED,TAXONOMY_CONFIRMED_SECONDARY_UNCONFIRMED,False,False
3,NEW_DEV_2_CONSUMED,NEWDEV2_060,Tony Parker,NEWDEV2_060_E002,2017,negative,career_injury,Suffered a ruptured quadriceps tendon that ended his playoff run and required lengthy rehabilitation.,high,https://en.wikipedia.org/wiki/Tony_Parker,DISRUPTION_HEALTH,INJURY,DIRECT_EVENT_TYPE_RULE,negative,DIRECT_RULE_NEEDS_SOURCE_CONFIRMATION,CAREER_HEALTH_MECHANISM_REVIEW|SECOND_SOURCE_AUDIT_REQUIRED,True,False,False,DISRUPTION_HEALTH,INJURY,negative,CONFIRMED,event_type semantic rule,True,PROVIDED_SOURCE_PRESENT,NONPAIRABLE_OR_NONCORE_DEFERRED,NOT_CONFIRMED_THIS_PASS,,,SOURCE1_PRESENT_SECONDARY_NOT_CONFIRMED,TAXONOMY_CONFIRMED_SECONDARY_UNCONFIRMED,False,False
3,NEW_DEV_2_CONSUMED,NEWDEV2_061,Tony Levin,NEWDEV2_061_E002,1997,negative,career_interruption,"King Crimson entered a hiatus after the THRAK-era projects, interrupting that major band role.",medium,https://en.wikipedia.org/wiki/Tony_Levin,TRANSITION,INTERRUPTION,DIRECT_EVENT_TYPE_RULE,unassigned,DIRECT_RULE_NEEDS_SOURCE_CONFIRMATION,CAREER_TRANSITION_TAXONOMY_REVIEW|NON_HIGH_TARGET_ASSIGNMENT|SECOND_SOURCE_AUDIT_REQUIRED,True,False,False,TRANSITION,INTERRUPTION,unassigned,REJECT_BINARY_TRANSITION,event_type semantic rule,True,PROVIDED_SOURCE_PRESENT,NONPAIRABLE_OR_NONCORE_DEFERRED,NOT_CONFIRMED_THIS_PASS,,,SOURCE1_PRESENT_SECONDARY_NOT_CONFIRMED,REJECT_TRANSITION_NONBINARY,False,False
3,NEW_DEV_2_CONSUMED,NEWDEV2_062,Tony Mendez,NEWDEV2_062_E002,1990,negative,career_end,"Retired from the CIA, ending his operational intelligence career.",medium,https://en.wikipedia.org/wiki/Tony_Mendez,TRANSITION,CAREER_END,DIRECT_EVENT_TYPE_RULE,unassigned,DIRECT_RULE_NEEDS_SOURCE_CONFIRMATION,CAREER_TRANSITION_TAXONOMY_REVIEW|NON_HIGH_TARGET_ASSIGNMENT|SECOND_SOURCE_AUDIT_REQUIRED,True,False,False,TRANSITION,CAREER_END,unassigned,REJECT_BINARY_TRANSITION,event_type semantic rule,True,PROVIDED_SOURCE_PRESENT,NONPAIRABLE_OR_NONCORE_DEFERRED,NOT_CONFIRMED_THIS_PASS,,,SOURCE1_PRESENT_SECONDARY_NOT_CONFIRMED,REJECT_TRANSITION_NONBINARY,False,False
3,NEW_DEV_2_CONSUMED,NEWDEV2_063,Tony Conigliaro,NEWDEV2_063_E002,1967,negative,career_injury,"A pitch struck him in the face, causing severe eye damage and derailing his career.",high,https://en.wikipedia.org/wiki/Tony_Conigliaro,DISRUPTION_HEALTH,INJURY,DIRECT_EVENT_TYPE_RULE,negative,DIRECT_RULE_NEEDS_SOURCE_CONFIRMATION,CAREER_HEALTH_MECHANISM_REVIEW|SECOND_SOURCE_AUDIT_REQUIRED,True,False,False,DISRUPTION_HEALTH,INJURY,negative,CONFIRMED,event_type semantic rule,True,PROVIDED_SOURCE_PRESENT,NONPAIRABLE_OR_NONCORE_DEFERRED,NOT_CONFIRMED_THIS_PASS,,,SOURCE1_PRESENT_SECONDARY_NOT_CONFIRMED,TAXONOMY_CONFIRMED_SECONDARY_UNCONFIRMED,False,False
3,NEW_DEV_2_CONSUMED,NEWDEV2_068,Gerard Butler,NEWDEV2_068_E002,2017,negative,commercial_failure,Geostorm was poorly reviewed and underperformed relative to its large production budget.,medium,https://en.wikipedia.org/wiki/Gerard_Butler,PROJECT,COMMERCIAL_FAILURE,DIRECT_EVENT_TYPE_RULE,negative,DIRECT_RULE_NEEDS_SOURCE_CONFIRMATION,NON_HIGH_TARGET_ASSIGNMENT|SECOND_SOURCE_AUDIT_REQUIRED,True,True,False,PROJECT,COMMERCIAL_FAILURE,negative,CONFIRMED,event_type semantic rule,True,PROVIDED_SOURCE_PRESENT,PAIR_CANDIDATE_TARGETED,CONFIRMED,Entertainment Weekly / Rotten Tomatoes / Box Office Mojo,300 breakthrough and Geostorm poor critical/commercial outcome verified.,SECONDARY_CONFIRMED,SOURCE_VERIFIED_PAIR_CANDIDATE_CHRONOLOGY_BLOCK,True,False
3,NEW_DEV_2_CONSUMED,NEWDEV2_069,Geraldine Chaplin,NEWDEV2_069_E002,2005,negative,critical_failure,"Appeared in BloodRayne, one of the lowest-rated films of her career and a major critical failure.",medium,https://en.wikipedia.org/wiki/Geraldine_Chaplin,PROJECT,CRITICAL_FAILURE,DIRECT_EVENT_TYPE_RULE,negative,DIRECT_RULE_NEEDS_SOURCE_CONFIRMATION,NON_HIGH_TARGET_ASSIGNMENT|SECOND_SOURCE_AUDIT_REQUIRED,True,False,False,PROJECT,CRITICAL_FAILURE,negative,CONFIRMED,event_type semantic rule,True,PROVIDED_SOURCE_PRESENT,NONPAIRABLE_OR_NONCORE_DEFERRED,NOT_CONFIRMED_THIS_PASS,,,SOURCE1_PRESENT_SECONDARY_NOT_CONFIRMED,TAXONOMY_CONFIRMED_SECONDARY_UNCONFIRMED,False,False
3,NEW_DEV_2_CONSUMED,NEWDEV2_070,Carol Burnett,NEWDEV2_070_E002,1991,negative,show_cancellation,Her network comeback series The Carol Burnett Show was canceled after a short run.,high,https://en.wikipedia.org/wiki/Carol_Burnett,PROJECT,CANCELLATION,DIRECT_EVENT_TYPE_RULE,negative,DIRECT_RULE_NEEDS_SOURCE_CONFIRMATION,SECOND_SOURCE_AUDIT_REQUIRED,True,True,False,PROJECT,CANCELLATION,negative,CONFIRMED,event_type semantic rule,True,PROVIDED_SOURCE_PRESENT,PAIR_CANDIDATE_TARGETED,CONFIRMED,New Yorker / Los Angeles Times,1967 long-running show launch and 1991 comeback cancellation verified.,SECONDARY_CONFIRMED,SOURCE_VERIFIED_PAIR_CANDIDATE_CHRONOLOGY_BLOCK,True,False
3,NEW_DEV_2_CONSUMED,NEWDEV2_071,Carol Channing,NEWDEV2_071_E001,1964,positive,major_award,"Won the Tony Award for originating Dolly Levi in Hello, Dolly!.",high,https://en.wikipedia.org/wiki/Carol_Channing,RECOGNITION,AWARD,DIRECT_EVENT_TYPE_RULE,positive,DIRECT_RULE_NEEDS_SOURCE_CONFIRMATION,SECOND_SOURCE_AUDIT_REQUIRED,True,False,False,RECOGNITION,MAJOR_AWARD,positive,CONFIRMED,event_type semantic rule,True,PROVIDED_SOURCE_PRESENT,NONPAIRABLE_OR_NONCORE_DEFERRED,NOT_CONFIRMED_THIS_PASS,,,SOURCE1_PRESENT_SECONDARY_NOT_CONFIRMED,TAXONOMY_CONFIRMED_SECONDARY_UNCONFIRMED,False,False
3,NEW_DEV_2_CONSUMED,NEWDEV2_071,Carol Channing,NEWDEV2_071_E002,1981,negative,show_cancellation,The Broadway musical The Vamp closed after a short run.,medium,https://en.wikipedia.org/wiki/Carol_Channing,PROJECT,CANCELLATION,DIRECT_EVENT_TYPE_RULE,negative,DIRECT_RULE_NEEDS_SOURCE_CONFIRMATION,NON_HIGH_TARGET_ASSIGNMENT|SECOND_SOURCE_AUDIT_REQUIRED,True,False,False,PROJECT,CANCELLATION,negative,CONFIRMED,event_type semantic rule,True,PROVIDED_SOURCE_PRESENT,NONPAIRABLE_OR_NONCORE_DEFERRED,NOT_CONFIRMED_THIS_PASS,,,SOURCE1_PRESENT_SECONDARY_NOT_CONFIRMED,TAXONOMY_CONFIRMED_SECONDARY_UNCONFIRMED,False,False
3,NEW_DEV_2_CONSUMED,NEWDEV2_072,Carol Kane,NEWDEV2_072_E001,1975,positive,major_award,Earned an Academy Award nomination for Hester Street.,high,https://en.wikipedia.org/wiki/Carol_Kane,RECOGNITION,AWARD,DIRECT_EVENT_TYPE_RULE,positive,DIRECT_RULE_NEEDS_SOURCE_CONFIRMATION,SECOND_SOURCE_AUDIT_REQUIRED,True,False,False,RECOGNITION,MAJOR_AWARD,positive,CONFIRMED,event_type semantic rule,True,PROVIDED_SOURCE_PRESENT,NONPAIRABLE_OR_NONCORE_DEFERRED,NOT_CONFIRMED_THIS_PASS,,,SOURCE1_PRESENT_SECONDARY_NOT_CONFIRMED,TAXONOMY_CONFIRMED_SECONDARY_UNCONFIRMED,False,False
3,NEW_DEV_2_CONSUMED,NEWDEV2_072,Carol Kane,NEWDEV2_072_E002,1983,negative,show_cancellation,"The television series Reggie, in which she co-starred, was canceled after a short run.",medium,https://en.wikipedia.org/wiki/Carol_Kane,PROJECT,CANCELLATION,DIRECT_EVENT_TYPE_RULE,negative,DIRECT_RULE_NEEDS_SOURCE_CONFIRMATION,NON_HIGH_TARGET_ASSIGNMENT|SECOND_SOURCE_AUDIT_REQUIRED,True,False,False,PROJECT,CANCELLATION,negative,CONFIRMED,event_type semantic rule,True,PROVIDED_SOURCE_PRESENT,NONPAIRABLE_OR_NONCORE_DEFERRED,NOT_CONFIRMED_THIS_PASS,,,SOURCE1_PRESENT_SECONDARY_NOT_CONFIRMED,TAXONOMY_CONFIRMED_SECONDARY_UNCONFIRMED,False,False
3,NEW_DEV_2_CONSUMED,NEWDEV2_073,Carmen Miranda,NEWDEV2_073_E002,1946,negative,contract_end,Her Fox contract ended as her film career began to lose momentum.,medium,https://en.wikipedia.org/wiki/Carmen_Miranda,TRANSITION,CONTRACT_END,DIRECT_EVENT_TYPE_RULE,unassigned,DIRECT_RULE_NEEDS_SOURCE_CONFIRMATION,CAREER_TRANSITION_TAXONOMY_REVIEW|NON_HIGH_TARGET_ASSIGNMENT|SECOND_SOURCE_AUDIT_REQUIRED,True,False,False,TRANSITION,CONTRACT_END,unassigned,REJECT_BINARY_TRANSITION,event_type semantic rule,True,PROVIDED_SOURCE_PRESENT,NONPAIRABLE_OR_NONCORE_DEFERRED,NOT_CONFIRMED_THIS_PASS,,,SOURCE1_PRESENT_SECONDARY_NOT_CONFIRMED,REJECT_TRANSITION_NONBINARY,False,False
3,NEW_DEV_2_CONSUMED,NEWDEV2_074,Carmen Electra,NEWDEV2_074_E002,2005,negative,critical_failure,Dirty Love was critically panned and received multiple Golden Raspberry awards.,high,https://en.wikipedia.org/wiki/Carmen_Electra,PROJECT,CRITICAL_FAILURE,DIRECT_EVENT_TYPE_RULE,negative,DIRECT_RULE_NEEDS_SOURCE_CONFIRMATION,SECOND_SOURCE_AUDIT_REQUIRED,True,True,False,PROJECT,CRITICAL_FAILURE,negative,CONFIRMED,event_type semantic rule,True,PROVIDED_SOURCE_PRESENT,PAIR_CANDIDATE_TARGETED,CONFIRMED,People / Rotten Tomatoes,Baywatch recognition and Dirty Love critical/Razzie failure verified.,SECONDARY_CONFIRMED,SOURCE_VERIFIED_PAIR_CANDIDATE_CHRONOLOGY_BLOCK,True,False
3,NEW_DEV_2_CONSUMED,NEWDEV2_076,Dennis Weaver,NEWDEV2_076_E002,1977,negative,career_end,"McCloud ended, closing his most prominent long-running starring role.",medium,https://en.wikipedia.org/wiki/Dennis_Weaver,TRANSITION,CAREER_END,DIRECT_EVENT_TYPE_RULE,unassigned,DIRECT_RULE_NEEDS_SOURCE_CONFIRMATION,CAREER_TRANSITION_TAXONOMY_REVIEW|NON_HIGH_TARGET_ASSIGNMENT|SECOND_SOURCE_AUDIT_REQUIRED,True,False,False,TRANSITION,CAREER_END,unassigned,REJECT_BINARY_TRANSITION,event_type semantic rule,True,PROVIDED_SOURCE_PRESENT,NONPAIRABLE_OR_NONCORE_DEFERRED,NOT_CONFIRMED_THIS_PASS,,,SOURCE1_PRESENT_SECONDARY_NOT_CONFIRMED,REJECT_TRANSITION_NONBINARY,False,False
3,NEW_DEV_2_CONSUMED,NEWDEV2_077,Dennis Wilson,NEWDEV2_077_E002,1980,negative,career_stall,Work on his planned follow-up Bambu stalled and remained unfinished amid financial and personal problems.,medium,https://en.wikipedia.org/wiki/Dennis_Wilson,UNRESOLVED,NEGATIVE_OUTCOME_REVIEW,MANUAL_REVIEW_REQUIRED,negative,MANUAL_TAXONOMY_REVIEW_REQUIRED,NON_HIGH_TARGET_ASSIGNMENT|SECOND_SOURCE_AUDIT_REQUIRED,True,True,False,PROJECT,CAREER_STALL,negative,CONFIRMED,event_type semantic rule,True,PROVIDED_SOURCE_PRESENT,PAIR_CANDIDATE_TARGETED,CONFIRMED,AllMusic / Pitchfork / New Yorker,Pacific Ocean Blue acclaim and unfinished Bambu project verified.,SECONDARY_CONFIRMED,SOURCE_VERIFIED_PAIR_CANDIDATE_CHRONOLOGY_BLOCK,True,False
3,NEW_DEV_2_CONSUMED,NEWDEV2_079,Jimmy Johnson,NEWDEV2_079_E002,1994,negative,resignation,Resigned as Dallas Cowboys head coach after unresolved differences with owner Jerry Jones.,high,https://www.washingtonpost.com/archive/sports/1994/03/30/johnson-jones-agree-to-break-up-a-winning-team/a8d25d32-ef33-469e-9136-44222640cb20/,TRANSITION,RESIGNATION,DIRECT_EVENT_TYPE_RULE,unassigned,DIRECT_RULE_NEEDS_SOURCE_CONFIRMATION,CAREER_TRANSITION_TAXONOMY_REVIEW,True,False,False,TRANSITION,RESIGNATION,unassigned,REJECT_BINARY_TRANSITION,event_type semantic rule,True,PROVIDED_SOURCE_PRESENT,NONPAIRABLE_OR_NONCORE_DEFERRED,NOT_CONFIRMED_THIS_PASS,,,SOURCE1_PRESENT_SECONDARY_NOT_CONFIRMED,REJECT_TRANSITION_NONBINARY,False,False
3,NEW_DEV_2_CONSUMED,NEWDEV2_080,Eliza Dushku,NEWDEV2_080_E002,2010,negative,show_cancellation,Fox canceled Dollhouse after two seasons.,high,https://en.wikipedia.org/wiki/Eliza_Dushku,PROJECT,CANCELLATION,DIRECT_EVENT_TYPE_RULE,negative,DIRECT_RULE_NEEDS_SOURCE_CONFIRMATION,SECOND_SOURCE_AUDIT_REQUIRED,True,True,False,PROJECT,CANCELLATION,negative,CONFIRMED,event_type semantic rule,True,PROVIDED_SOURCE_PRESENT,PAIR_CANDIDATE_TARGETED,CONFIRMED,TV Guide / Los Angeles Times,Dollhouse cancellation after two seasons verified.,SECONDARY_CONFIRMED,CONFIRMED_BUT_NO_CONFIRMED_OPPOSITE_PAIR,False,False
3,NEW_DEV_2_CONSUMED,NEWDEV2_081,Elizabeth Banks,NEWDEV2_081_E002,2019,negative,commercial_failure,Her Charlie's Angels directing project underperformed at the box office.,high,https://en.wikipedia.org/wiki/Elizabeth_Banks,PROJECT,COMMERCIAL_FAILURE,DIRECT_EVENT_TYPE_RULE,negative,DIRECT_RULE_NEEDS_SOURCE_CONFIRMATION,SECOND_SOURCE_AUDIT_REQUIRED,True,True,False,PROJECT,COMMERCIAL_FAILURE,negative,CONFIRMED,event_type semantic rule,True,PROVIDED_SOURCE_PRESENT,PAIR_CANDIDATE_TARGETED,CONFIRMED,The Numbers / contemporary Charlie’s Angels coverage,2019 Charlie’s Angels low box office relative to intended franchise scale verified.,SECONDARY_CONFIRMED,SOURCE_VERIFIED_PAIR_CANDIDATE_CHRONOLOGY_BLOCK,True,False
3,NEW_DEV_2_CONSUMED,NEWDEV2_083,Elizabeth Montgomery,NEWDEV2_083_E002,1972,negative,career_end,Bewitched ended after its ratings had declined and she chose to leave the long-running role.,medium,https://en.wikipedia.org/wiki/Elizabeth_Montgomery,TRANSITION,CAREER_END,DIRECT_EVENT_TYPE_RULE,unassigned,DIRECT_RULE_NEEDS_SOURCE_CONFIRMATION,CAREER_TRANSITION_TAXONOMY_REVIEW|NON_HIGH_TARGET_ASSIGNMENT|SECOND_SOURCE_AUDIT_REQUIRED,True,False,False,TRANSITION,CAREER_END,unassigned,REJECT_BINARY_TRANSITION,event_type semantic rule,True,PROVIDED_SOURCE_PRESENT,NONPAIRABLE_OR_NONCORE_DEFERRED,NOT_CONFIRMED_THIS_PASS,,,SOURCE1_PRESENT_SECONDARY_NOT_CONFIRMED,REJECT_TRANSITION_NONBINARY,False,False
3,NEW_DEV_2_CONSUMED,NEWDEV2_084,Elizabeth Olsen,NEWDEV2_084_E002,2013,negative,commercial_failure,Oldboy was a commercial failure despite her supporting role.,medium,https://en.wikipedia.org/wiki/Elizabeth_Olsen,PROJECT,COMMERCIAL_FAILURE,DIRECT_EVENT_TYPE_RULE,negative,DIRECT_RULE_NEEDS_SOURCE_CONFIRMATION,NON_HIGH_TARGET_ASSIGNMENT|SECOND_SOURCE_AUDIT_REQUIRED,True,False,False,PROJECT,COMMERCIAL_FAILURE,negative,CONFIRMED,event_type semantic rule,True,PROVIDED_SOURCE_PRESENT,NONPAIRABLE_OR_NONCORE_DEFERRED,NOT_CONFIRMED_THIS_PASS,,,SOURCE1_PRESENT_SECONDARY_NOT_CONFIRMED,TAXONOMY_CONFIRMED_SECONDARY_UNCONFIRMED,False,False
3,NEW_DEV_2_CONSUMED,NEWDEV2_085,Judd Hirsch,NEWDEV2_085_E001,1981,positive,major_award,Won a Primetime Emmy for Taxi.,high,https://en.wikipedia.org/wiki/Judd_Hirsch,RECOGNITION,AWARD,DIRECT_EVENT_TYPE_RULE,positive,DIRECT_RULE_NEEDS_SOURCE_CONFIRMATION,SECOND_SOURCE_AUDIT_REQUIRED,True,False,False,RECOGNITION,MAJOR_AWARD,positive,CONFIRMED,event_type semantic rule,True,PROVIDED_SOURCE_PRESENT,NONPAIRABLE_OR_NONCORE_DEFERRED,NOT_CONFIRMED_THIS_PASS,,,SOURCE1_PRESENT_SECONDARY_NOT_CONFIRMED,TAXONOMY_CONFIRMED_SECONDARY_UNCONFIRMED,False,False
3,NEW_DEV_2_CONSUMED,NEWDEV2_085,Judd Hirsch,NEWDEV2_085_E002,1998,negative,show_cancellation,CBS canceled George & Leo after one season.,high,https://en.wikipedia.org/wiki/Judd_Hirsch,PROJECT,CANCELLATION,DIRECT_EVENT_TYPE_RULE,negative,DIRECT_RULE_NEEDS_SOURCE_CONFIRMATION,SECOND_SOURCE_AUDIT_REQUIRED,True,False,False,PROJECT,CANCELLATION,negative,CONFIRMED,event_type semantic rule,True,PROVIDED_SOURCE_PRESENT,NONPAIRABLE_OR_NONCORE_DEFERRED,NOT_CONFIRMED_THIS_PASS,,,SOURCE1_PRESENT_SECONDARY_NOT_CONFIRMED,TAXONOMY_CONFIRMED_SECONDARY_UNCONFIRMED,False,False
3,NEW_DEV_2_CONSUMED,NEWDEV2_086,Jack Bruce,NEWDEV2_086_E002,1968,negative,band_breakup,"Cream broke up at the height of its fame, ending the group that had defined his breakthrough.",high,https://en.wikipedia.org/wiki/Jack_Bruce,TRANSITION,BAND_BREAKUP,DIRECT_EVENT_TYPE_RULE,unassigned,DIRECT_RULE_NEEDS_SOURCE_CONFIRMATION,CAREER_TRANSITION_TAXONOMY_REVIEW|SECOND_SOURCE_AUDIT_REQUIRED,True,False,False,TRANSITION,BAND_BREAKUP,unassigned,REJECT_BINARY_TRANSITION,event_type semantic rule,True,PROVIDED_SOURCE_PRESENT,NONPAIRABLE_OR_NONCORE_DEFERRED,NOT_CONFIRMED_THIS_PASS,,,SOURCE1_PRESENT_SECONDARY_NOT_CONFIRMED,REJECT_TRANSITION_NONBINARY,False,False
3,NEW_DEV_2_CONSUMED,NEWDEV2_087,Robert Carlyle,NEWDEV2_087_E001,1997,positive,major_award,Won the BAFTA Award for Best Actor for The Full Monty.,high,https://en.wikipedia.org/wiki/Robert_Carlyle,RECOGNITION,AWARD,DIRECT_EVENT_TYPE_RULE,positive,DIRECT_RULE_NEEDS_SOURCE_CONFIRMATION,SECOND_SOURCE_AUDIT_REQUIRED,True,False,False,RECOGNITION,MAJOR_AWARD,positive,CONFIRMED,event_type semantic rule,True,PROVIDED_SOURCE_PRESENT,NONPAIRABLE_OR_NONCORE_DEFERRED,NOT_CONFIRMED_THIS_PASS,,,SOURCE1_PRESENT_SECONDARY_NOT_CONFIRMED,TAXONOMY_CONFIRMED_SECONDARY_UNCONFIRMED,False,False
3,NEW_DEV_2_CONSUMED,NEWDEV2_087,Robert Carlyle,NEWDEV2_087_E002,2011,negative,show_cancellation,"Stargate Universe, in which he starred, was canceled after two seasons.",high,https://en.wikipedia.org/wiki/Robert_Carlyle,PROJECT,CANCELLATION,DIRECT_EVENT_TYPE_RULE,negative,DIRECT_RULE_NEEDS_SOURCE_CONFIRMATION,SECOND_SOURCE_AUDIT_REQUIRED,True,False,False,PROJECT,CANCELLATION,negative,CONFIRMED,event_type semantic rule,True,PROVIDED_SOURCE_PRESENT,NONPAIRABLE_OR_NONCORE_DEFERRED,NOT_CONFIRMED_THIS_PASS,,,SOURCE1_PRESENT_SECONDARY_NOT_CONFIRMED,TAXONOMY_CONFIRMED_SECONDARY_UNCONFIRMED,False,False
3,NEW_DEV_2_CONSUMED,NEWDEV2_091,Michael Landon,NEWDEV2_091_E002,1989,negative,show_cancellation,"NBC ended Highway to Heaven after ratings fell, closing his final long-running series.",high,https://en.wikipedia.org/wiki/Michael_Landon,PROJECT,CANCELLATION,DIRECT_EVENT_TYPE_RULE,negative,DIRECT_RULE_NEEDS_SOURCE_CONFIRMATION,SECOND_SOURCE_AUDIT_REQUIRED,True,True,False,PROJECT,CANCELLATION,negative,CONFIRMED,event_type semantic rule,True,PROVIDED_SOURCE_PRESENT,PAIR_CANDIDATE_TARGETED,CONFIRMED,People / historical NBC coverage,Highway to Heaven ended in 1989 after falling ratings/cancellation verified.,SECONDARY_CONFIRMED,SOURCE_VERIFIED_PAIR_CANDIDATE_CHRONOLOGY_BLOCK,True,False
3,NEW_DEV_2_CONSUMED,NEWDEV2_092,Michael Llodra,NEWDEV2_092_E002,2014,negative,career_injury,Recurring injuries limited his final season and he ended his professional playing career.,medium,https://en.wikipedia.org/wiki/Michael_Llodra,DISRUPTION_HEALTH,INJURY,DIRECT_EVENT_TYPE_RULE,negative,DIRECT_RULE_NEEDS_SOURCE_CONFIRMATION,CAREER_HEALTH_MECHANISM_REVIEW|NON_HIGH_TARGET_ASSIGNMENT|SECOND_SOURCE_AUDIT_REQUIRED,True,False,False,DISRUPTION_HEALTH,INJURY,negative,CONFIRMED,event_type semantic rule,True,PROVIDED_SOURCE_PRESENT,NONPAIRABLE_OR_NONCORE_DEFERRED,NOT_CONFIRMED_THIS_PASS,,,SOURCE1_PRESENT_SECONDARY_NOT_CONFIRMED,TAXONOMY_CONFIRMED_SECONDARY_UNCONFIRMED,False,False
3,NEW_DEV_2_CONSUMED,NEWDEV2_094,John Slattery,NEWDEV2_094_E002,2014,negative,commercial_setback,His feature directorial debut God's Pocket received a limited commercial response.,medium,https://en.wikipedia.org/wiki/John_Slattery,PROJECT,COMMERCIAL_SETBACK,DIRECT_EVENT_TYPE_RULE,negative,DIRECT_RULE_NEEDS_SOURCE_CONFIRMATION,NON_HIGH_TARGET_ASSIGNMENT|SECOND_SOURCE_AUDIT_REQUIRED,True,False,False,PROJECT,COMMERCIAL_SETBACK,negative,CONFIRMED,event_type semantic rule,True,PROVIDED_SOURCE_PRESENT,NONPAIRABLE_OR_NONCORE_DEFERRED,NOT_CONFIRMED_THIS_PASS,,,SOURCE1_PRESENT_SECONDARY_NOT_CONFIRMED,TAXONOMY_CONFIRMED_SECONDARY_UNCONFIRMED,False,False
3,NEW_DEV_2_CONSUMED,NEWDEV2_095,John Updike,NEWDEV2_095_E001,1982,positive,major_award,Won the Pulitzer Prize for Fiction for Rabbit Is Rich.,high,https://en.wikipedia.org/wiki/John_Updike,RECOGNITION,AWARD,DIRECT_EVENT_TYPE_RULE,positive,DIRECT_RULE_NEEDS_SOURCE_CONFIRMATION,SECOND_SOURCE_AUDIT_REQUIRED,True,False,False,RECOGNITION,MAJOR_AWARD,positive,CONFIRMED,event_type semantic rule,True,PROVIDED_SOURCE_PRESENT,NONPAIRABLE_OR_NONCORE_DEFERRED,NOT_CONFIRMED_THIS_PASS,,,SOURCE1_PRESENT_SECONDARY_NOT_CONFIRMED,TAXONOMY_CONFIRMED_SECONDARY_UNCONFIRMED,False,False
3,NEW_DEV_2_CONSUMED,NEWDEV2_095,John Updike,NEWDEV2_095_E002,1997,negative,critical_failure,"Toward the End of Time received notably harsh reviews, including criticism from prominent reviewers.",medium,https://en.wikipedia.org/wiki/John_Updike,PROJECT,CRITICAL_FAILURE,DIRECT_EVENT_TYPE_RULE,negative,DIRECT_RULE_NEEDS_SOURCE_CONFIRMATION,NON_HIGH_TARGET_ASSIGNMENT|SECOND_SOURCE_AUDIT_REQUIRED,True,False,False,PROJECT,CRITICAL_FAILURE,negative,CONFIRMED,event_type semantic rule,True,PROVIDED_SOURCE_PRESENT,NONPAIRABLE_OR_NONCORE_DEFERRED,NOT_CONFIRMED_THIS_PASS,,,SOURCE1_PRESENT_SECONDARY_NOT_CONFIRMED,TAXONOMY_CONFIRMED_SECONDARY_UNCONFIRMED,False,False
3,NEW_DEV_2_CONSUMED,NEWDEV2_098,Grégory Coupet,NEWDEV2_098_E002,2007,negative,career_injury,Suffered a serious knee injury that kept him out for several months.,high,https://en.wikipedia.org/wiki/Gr%C3%A9gory_Coupet,DISRUPTION_HEALTH,INJURY,DIRECT_EVENT_TYPE_RULE,negative,DIRECT_RULE_NEEDS_SOURCE_CONFIRMATION,CAREER_HEALTH_MECHANISM_REVIEW|SECOND_SOURCE_AUDIT_REQUIRED,True,False,False,DISRUPTION_HEALTH,INJURY,negative,CONFIRMED,event_type semantic rule,True,PROVIDED_SOURCE_PRESENT,NONPAIRABLE_OR_NONCORE_DEFERRED,NOT_CONFIRMED_THIS_PASS,,,SOURCE1_PRESENT_SECONDARY_NOT_CONFIRMED,TAXONOMY_CONFIRMED_SECONDARY_UNCONFIRMED,False,False
3,NEW_DEV_2_CONSUMED,NEWDEV2_099,Grégory Baugé,NEWDEV2_099_E002,2012,negative,sanction,Was stripped of 2011 world titles and results after sanctions for missed anti-doping tests.,high,https://en.wikipedia.org/wiki/Gr%C3%A9gory_Baug%C3%A9,DISRUPTION_LEGAL_REPUTATION,SANCTION,DIRECT_EVENT_TYPE_RULE,negative,DIRECT_RULE_NEEDS_SOURCE_CONFIRMATION,SECOND_SOURCE_AUDIT_REQUIRED,True,False,False,DISRUPTION_LEGAL_REPUTATION,SANCTION,negative,CONFIRMED,event_type semantic rule,True,PROVIDED_SOURCE_PRESENT,NONPAIRABLE_OR_NONCORE_DEFERRED,NOT_CONFIRMED_THIS_PASS,,,SOURCE1_PRESENT_SECONDARY_NOT_CONFIRMED,TAXONOMY_CONFIRMED_SECONDARY_UNCONFIRMED,False,False
3,NEW_DEV_2_CONSUMED,NEWDEV2_100,Tony Shalhoub,NEWDEV2_100_E002,2000,negative,show_cancellation,NBC canceled Stark Raving Mad after one season.,high,https://en.wikipedia.org/wiki/Tony_Shalhoub,PROJECT,CANCELLATION,DIRECT_EVENT_TYPE_RULE,negative,DIRECT_RULE_NEEDS_SOURCE_CONFIRMATION,SECOND_SOURCE_AUDIT_REQUIRED,True,False,False,PROJECT,CANCELLATION,negative,CONFIRMED,event_type semantic rule,True,PROVIDED_SOURCE_PRESENT,NONPAIRABLE_OR_NONCORE_DEFERRED,NOT_CONFIRMED_THIS_PASS,,,SOURCE1_PRESENT_SECONDARY_NOT_CONFIRMED,TAXONOMY_CONFIRMED_SECONDARY_UNCONFIRMED,False,False
3,NEW_DEV_2_CONSUMED,NEWDEV2_100,Tony Shalhoub,NEWDEV2_100_E001,2003,positive,major_award,Won his first Primetime Emmy for Monk.,high,https://en.wikipedia.org/wiki/Tony_Shalhoub,RECOGNITION,AWARD,DIRECT_EVENT_TYPE_RULE,positive,DIRECT_RULE_NEEDS_SOURCE_CONFIRMATION,SECOND_SOURCE_AUDIT_REQUIRED,True,False,False,RECOGNITION,MAJOR_AWARD,positive,CONFIRMED,event_type semantic rule,True,PROVIDED_SOURCE_PRESENT,NONPAIRABLE_OR_NONCORE_DEFERRED,NOT_CONFIRMED_THIS_PASS,,,SOURCE1_PRESENT_SECONDARY_NOT_CONFIRMED,TAXONOMY_CONFIRMED_SECONDARY_UNCONFIRMED,False,False
3,V2_NEW_DEV,MLV2_DEV_002,Abigail Johnson,MLV2_DEV_002_E0003,2017,negative,scandal,"Fidelity faced a high-profile workplace misconduct crisis under her leadership, prompting executive departures and internal reforms.",medium,https://en.wikipedia.org/wiki/Abigail_Johnson,DISRUPTION_LEGAL_REPUTATION,SCANDAL,DIRECT_EVENT_TYPE_RULE,negative,DIRECT_RULE_NEEDS_SOURCE_CONFIRMATION,NON_HIGH_TARGET_ASSIGNMENT|SECOND_SOURCE_AUDIT_REQUIRED,True,False,False,DISRUPTION_LEGAL_REPUTATION,SCANDAL,negative,CONFIRMED,event_type semantic rule,True,PROVIDED_SOURCE_PRESENT,NONPAIRABLE_OR_NONCORE_DEFERRED,NOT_CONFIRMED_THIS_PASS,,,SOURCE1_PRESENT_SECONDARY_NOT_CONFIRMED,TAXONOMY_CONFIRMED_SECONDARY_UNCONFIRMED,False,False
3,V2_NEW_DEV,MLV2_DEV_004,Jennifer Coolidge,MLV2_DEV_004_E0002,2010,negative,career_loss,Spent a prolonged period typecast in repetitive supporting roles with few leading opportunities before her later revival.,medium,https://www.vanityfair.com/hollywood/2022/05/reunited-natasha-lyonne-and-jennifer-coolidge-awards-insider,UNRESOLVED,NEGATIVE_OUTCOME_REVIEW,MANUAL_REVIEW_REQUIRED,negative,MANUAL_TAXONOMY_REVIEW_REQUIRED,NON_HIGH_TARGET_ASSIGNMENT|SECOND_SOURCE_AUDIT_REQUIRED,True,False,False,UNRESOLVED,RELATIVE_OR_DIFFUSE_CAREER_STATE,unassigned,REJECT_BINARY_AMBIGUOUS,"diffuse state, not a discrete observed binary outcome",True,PROVIDED_SOURCE_PRESENT,NONPAIRABLE_OR_NONCORE_DEFERRED,NOT_CONFIRMED_THIS_PASS,,,SOURCE1_PRESENT_SECONDARY_NOT_CONFIRMED,REJECT_TAXONOMY_AMBIGUOUS,False,False
3,V2_NEW_DEV,MLV2_DEV_008,Jenna Elfman,MLV2_DEV_008_E0003,2002,negative,career_loss,"Dharma & Greg ended after five seasons, closing the series that had defined her breakout period.",medium,https://en.wikipedia.org/wiki/Dharma_%26_Greg,UNRESOLVED,NEGATIVE_OUTCOME_REVIEW,MANUAL_REVIEW_REQUIRED,negative,MANUAL_TAXONOMY_REVIEW_REQUIRED,NON_HIGH_TARGET_ASSIGNMENT|SECOND_SOURCE_AUDIT_REQUIRED,True,True,False,PROJECT,CREATIVE_OR_MEDIA_PROJECT,negative,CONFIRMED,project outcome / reception / launch,True,PROVIDED_SOURCE_PRESENT,PAIR_CANDIDATE_TARGETED,CONFIRMED,Rotten Tomatoes / TV history,Dharma & Greg launch/fame and 2002 series end verified.,SECONDARY_CONFIRMED,SOURCE_VERIFIED_PAIR_CANDIDATE_CHRONOLOGY_BLOCK,True,False
3,V2_NEW_DEV,MLV2_DEV_009,Katy Perry,MLV2_DEV_009_E0003,2017,negative,career_loss,Witness era was widely viewed as a commercial/critical downturn relative to prior peak,medium,https://en.wikipedia.org/wiki/Katy_Perry,UNRESOLVED,NEGATIVE_OUTCOME_REVIEW,MANUAL_REVIEW_REQUIRED,negative,MANUAL_TAXONOMY_REVIEW_REQUIRED,NON_HIGH_TARGET_ASSIGNMENT|SECOND_SOURCE_AUDIT_REQUIRED,True,False,False,UNRESOLVED,RELATIVE_OR_DIFFUSE_CAREER_STATE,unassigned,REJECT_BINARY_AMBIGUOUS,"diffuse state, not a discrete observed binary outcome",True,PROVIDED_SOURCE_PRESENT,NONPAIRABLE_OR_NONCORE_DEFERRED,NOT_CONFIRMED_THIS_PASS,,,SOURCE1_PRESENT_SECONDARY_NOT_CONFIRMED,REJECT_TAXONOMY_AMBIGUOUS,False,False
3,V2_NEW_DEV,MLV2_DEV_014,Billy Graham,MLV2_DEV_014_E0003,2002,negative,scandal,Release of Nixon-era tapes containing antisemitic remarks caused a major public-reputation crisis and prompted a public apology.,medium,https://en.wikipedia.org/wiki/Billy_Graham,DISRUPTION_LEGAL_REPUTATION,SCANDAL,DIRECT_EVENT_TYPE_RULE,negative,DIRECT_RULE_NEEDS_SOURCE_CONFIRMATION,NON_HIGH_TARGET_ASSIGNMENT|SECOND_SOURCE_AUDIT_REQUIRED,True,False,False,DISRUPTION_LEGAL_REPUTATION,SCANDAL,negative,CONFIRMED,event_type semantic rule,True,PROVIDED_SOURCE_PRESENT,NONPAIRABLE_OR_NONCORE_DEFERRED,NOT_CONFIRMED_THIS_PASS,,,SOURCE1_PRESENT_SECONDARY_NOT_CONFIRMED,TAXONOMY_CONFIRMED_SECONDARY_UNCONFIRMED,False,False
3,V2_NEW_DEV,MLV2_DEV_015,Cameron Diaz,MLV2_DEV_015_E0003,2014,negative,career_loss,"Sex Tape and Annie were poorly reviewed, followed by a long withdrawal from acting.",medium,https://en.wikipedia.org/wiki/Cameron_Diaz,UNRESOLVED,NEGATIVE_OUTCOME_REVIEW,MANUAL_REVIEW_REQUIRED,negative,MANUAL_TAXONOMY_REVIEW_REQUIRED,NON_HIGH_TARGET_ASSIGNMENT|SECOND_SOURCE_AUDIT_REQUIRED,True,False,False,UNRESOLVED,BROAD_CAREER_LOSS,unassigned,REJECT_BINARY_AMBIGUOUS,broad career loss requires mechanism-specific evidence,True,PROVIDED_SOURCE_PRESENT,NONPAIRABLE_OR_NONCORE_DEFERRED,NOT_CONFIRMED_THIS_PASS,,,SOURCE1_PRESENT_SECONDARY_NOT_CONFIRMED,REJECT_TAXONOMY_AMBIGUOUS,False,False
3,V2_NEW_DEV,MLV2_DEV_016,Carson Daly,MLV2_DEV_016_E0003,2019,negative,career_loss,"Last Call with Carson Daly ended after a long run, closing his late-night hosting franchise.",medium,https://en.wikipedia.org/wiki/Last_Call_with_Carson_Daly,UNRESOLVED,NEGATIVE_OUTCOME_REVIEW,MANUAL_REVIEW_REQUIRED,negative,MANUAL_TAXONOMY_REVIEW_REQUIRED,NON_HIGH_TARGET_ASSIGNMENT|SECOND_SOURCE_AUDIT_REQUIRED,True,True,False,TRANSITION,VOLUNTARY_STEPDOWN,unassigned,REJECT_BINARY_TRANSITION,"source review: voluntary step-down, not project failure",True,PROVIDED_SOURCE_PRESENT,PAIR_CANDIDATE_TARGETED,CONFIRMED,NBC / contemporary entertainment coverage,Last Call ended after Daly chose to step away; taxonomy correctly changed to TRANSITION/unassigned.,SECONDARY_CONFIRMED,REJECT_TRANSITION_NONBINARY,False,False
3,V2_NEW_DEV,MLV2_DEV_017,Cher,MLV2_DEV_017_E0002,1977,negative,career_loss,The Two the Hard Way / Allman and Woman collaboration was a commercial and critical disappointment during a difficult career period.,medium,https://en.wikipedia.org/wiki/Two_the_Hard_Way_(album),UNRESOLVED,NEGATIVE_OUTCOME_REVIEW,MANUAL_REVIEW_REQUIRED,negative,MANUAL_TAXONOMY_REVIEW_REQUIRED,NON_HIGH_TARGET_ASSIGNMENT|SECOND_SOURCE_AUDIT_REQUIRED,True,False,False,UNRESOLVED,BROAD_CAREER_LOSS,unassigned,REJECT_BINARY_AMBIGUOUS,broad career loss requires mechanism-specific evidence,True,PROVIDED_SOURCE_PRESENT,NONPAIRABLE_OR_NONCORE_DEFERRED,NOT_CONFIRMED_THIS_PASS,,,SOURCE1_PRESENT_SECONDARY_NOT_CONFIRMED,REJECT_TAXONOMY_AMBIGUOUS,False,False
3,V2_NEW_DEV,MLV2_DEV_018,Cheech Marin,MLV2_DEV_018_E0002,1985,negative,career_loss,"Cheech & Chong split after creative differences, ending the partnership that had driven his largest earlier successes.",medium,https://en.wikipedia.org/wiki/Cheech_%26_Chong,UNRESOLVED,NEGATIVE_OUTCOME_REVIEW,MANUAL_REVIEW_REQUIRED,negative,MANUAL_TAXONOMY_REVIEW_REQUIRED,NON_HIGH_TARGET_ASSIGNMENT|SECOND_SOURCE_AUDIT_REQUIRED,True,False,False,UNRESOLVED,BROAD_CAREER_LOSS,unassigned,REJECT_BINARY_AMBIGUOUS,broad career loss requires mechanism-specific evidence,True,PROVIDED_SOURCE_PRESENT,NONPAIRABLE_OR_NONCORE_DEFERRED,NOT_CONFIRMED_THIS_PASS,,,SOURCE1_PRESENT_SECONDARY_NOT_CONFIRMED,REJECT_TAXONOMY_AMBIGUOUS,False,False
3,V2_NEW_DEV,MLV2_DEV_021,Clint Eastwood,MLV2_DEV_021_E0001,1989,negative,career_loss,Pink Cadillac underperformed commercially and was poorly received compared with his stronger star vehicles.,medium,https://en.wikipedia.org/wiki/Pink_Cadillac_(film),UNRESOLVED,NEGATIVE_OUTCOME_REVIEW,MANUAL_REVIEW_REQUIRED,negative,MANUAL_TAXONOMY_REVIEW_REQUIRED,NON_HIGH_TARGET_ASSIGNMENT|SECOND_SOURCE_AUDIT_REQUIRED,True,False,False,UNRESOLVED,BROAD_CAREER_LOSS,unassigned,REJECT_BINARY_AMBIGUOUS,broad career loss requires mechanism-specific evidence,True,PROVIDED_SOURCE_PRESENT,NONPAIRABLE_OR_NONCORE_DEFERRED,NOT_CONFIRMED_THIS_PASS,,,SOURCE1_PRESENT_SECONDARY_NOT_CONFIRMED,REJECT_TAXONOMY_AMBIGUOUS,False,False
3,V2_NEW_DEV,MLV2_DEV_025,Gwyneth Paltrow,MLV2_DEV_025_E0002,2003,negative,career_loss,View from the Top was poorly reviewed and underperformed relative to its star vehicle positioning.,medium,https://en.wikipedia.org/wiki/View_from_the_Top,UNRESOLVED,NEGATIVE_OUTCOME_REVIEW,MANUAL_REVIEW_REQUIRED,negative,MANUAL_TAXONOMY_REVIEW_REQUIRED,NON_HIGH_TARGET_ASSIGNMENT|SECOND_SOURCE_AUDIT_REQUIRED,True,False,False,UNRESOLVED,BROAD_CAREER_LOSS,unassigned,REJECT_BINARY_AMBIGUOUS,broad career loss requires mechanism-specific evidence,True,PROVIDED_SOURCE_PRESENT,NONPAIRABLE_OR_NONCORE_DEFERRED,NOT_CONFIRMED_THIS_PASS,,,SOURCE1_PRESENT_SECONDARY_NOT_CONFIRMED,REJECT_TAXONOMY_AMBIGUOUS,False,False
3,V2_NEW_DEV,MLV2_DEV_029,Jeff Bagwell,MLV2_DEV_029_E0002,2005,negative,career_loss,A severe shoulder condition sharply limited his playing time and effectively ended his regular major-league playing career.,high,https://en.wikipedia.org/wiki/Jeff_Bagwell,UNRESOLVED,NEGATIVE_OUTCOME_REVIEW,MANUAL_REVIEW_REQUIRED,negative,MANUAL_TAXONOMY_REVIEW_REQUIRED,SECOND_SOURCE_AUDIT_REQUIRED,True,False,False,DISRUPTION_HEALTH,HEALTH_INTERRUPTION,negative,CONFIRMED,description clearly identifies health mechanism,True,PROVIDED_SOURCE_PRESENT,NONPAIRABLE_OR_NONCORE_DEFERRED,NOT_CONFIRMED_THIS_PASS,,,SOURCE1_PRESENT_SECONDARY_NOT_CONFIRMED,TAXONOMY_CONFIRMED_SECONDARY_UNCONFIRMED,False,False
3,V2_NEW_DEV,MLV2_DEV_032,Jon Huntsman,MLV2_DEV_032_E0003,2012,negative,career_loss,Ended presidential campaign after weak primary performance,medium,https://en.wikipedia.org/wiki/Jon_Huntsman,UNRESOLVED,NEGATIVE_OUTCOME_REVIEW,MANUAL_REVIEW_REQUIRED,negative,MANUAL_TAXONOMY_REVIEW_REQUIRED,NON_HIGH_TARGET_ASSIGNMENT|SECOND_SOURCE_AUDIT_REQUIRED,True,False,False,UNRESOLVED,BROAD_CAREER_LOSS,unassigned,REJECT_BINARY_AMBIGUOUS,broad career loss requires mechanism-specific evidence,True,PROVIDED_SOURCE_PRESENT,NONPAIRABLE_OR_NONCORE_DEFERRED,NOT_CONFIRMED_THIS_PASS,,,SOURCE1_PRESENT_SECONDARY_NOT_CONFIRMED,REJECT_TAXONOMY_AMBIGUOUS,False,False
3,V2_NEW_DEV,MLV2_DEV_033,Kevin Costner,MLV2_DEV_033_E0002,1995,negative,career_loss,Waterworld became associated with severe production difficulties and negative publicity,medium,https://en.wikipedia.org/wiki/Kevin_Costner,UNRESOLVED,NEGATIVE_OUTCOME_REVIEW,MANUAL_REVIEW_REQUIRED,negative,MANUAL_TAXONOMY_REVIEW_REQUIRED,NON_HIGH_TARGET_ASSIGNMENT|SECOND_SOURCE_AUDIT_REQUIRED,True,True,False,PROJECT,CREATIVE_OR_MEDIA_PROJECT,negative,CONFIRMED,project outcome / reception / launch,True,PROVIDED_SOURCE_PRESENT,PAIR_CANDIDATE_TARGETED,CONFIRMED,major film/TV retrospectives,Waterworld production/publicity setback and Yellowstone late-career resurgence verified.,SECONDARY_CONFIRMED,SOURCE_VERIFIED_PAIR_CANDIDATE_CHRONOLOGY_BLOCK,True,False
3,V2_NEW_DEV,MLV2_DEV_034,Kevin Kline,MLV2_DEV_034_E0002,1999,negative,career_loss,Wild Wild West was widely panned and became one of the era's most prominent high-budget critical failures.,high,https://en.wikipedia.org/wiki/Wild_Wild_West,UNRESOLVED,NEGATIVE_OUTCOME_REVIEW,MANUAL_REVIEW_REQUIRED,negative,MANUAL_TAXONOMY_REVIEW_REQUIRED,SECOND_SOURCE_AUDIT_REQUIRED,True,False,False,UNRESOLVED,BROAD_CAREER_LOSS,unassigned,REJECT_BINARY_AMBIGUOUS,broad career loss requires mechanism-specific evidence,True,PROVIDED_SOURCE_PRESENT,NONPAIRABLE_OR_NONCORE_DEFERRED,NOT_CONFIRMED_THIS_PASS,,,SOURCE1_PRESENT_SECONDARY_NOT_CONFIRMED,REJECT_TAXONOMY_AMBIGUOUS,False,False
3,V2_NEW_DEV,MLV2_DEV_035,Kirsten Dunst,MLV2_DEV_035_E0002,2008,negative,career_loss,"Stepped away from work during a major personal and health-related downturn, interrupting her career momentum.",medium,https://en.wikipedia.org/wiki/Kirsten_Dunst,UNRESOLVED,NEGATIVE_OUTCOME_REVIEW,MANUAL_REVIEW_REQUIRED,negative,MANUAL_TAXONOMY_REVIEW_REQUIRED,NON_HIGH_TARGET_ASSIGNMENT|SECOND_SOURCE_AUDIT_REQUIRED,True,False,False,DISRUPTION_HEALTH,HEALTH_INTERRUPTION,negative,CONFIRMED,description clearly identifies health mechanism,True,PROVIDED_SOURCE_PRESENT,NONPAIRABLE_OR_NONCORE_DEFERRED,NOT_CONFIRMED_THIS_PASS,,,SOURCE1_PRESENT_SECONDARY_NOT_CONFIRMED,TAXONOMY_CONFIRMED_SECONDARY_UNCONFIRMED,False,False
3,V2_NEW_DEV,MLV2_DEV_039,Leonardo Del Vecchio,MLV2_DEV_039_E0003,2014,negative,career_loss,Luxottica underwent a highly public leadership and governance disruption with rapid chief-executive turnover.,medium,https://en.wikipedia.org/wiki/Luxottica,UNRESOLVED,NEGATIVE_OUTCOME_REVIEW,MANUAL_REVIEW_REQUIRED,negative,MANUAL_TAXONOMY_REVIEW_REQUIRED,NON_HIGH_TARGET_ASSIGNMENT|SECOND_SOURCE_AUDIT_REQUIRED,True,True,False,STATUS,BUSINESS_LEADERSHIP_STATUS,negative,CONFIRMED,business leadership/status event,True,PROVIDED_SOURCE_PRESENT,PAIR_CANDIDATE_TARGETED,CONFIRMED,Reuters / SEC filing,2014 rapid CEO turnover and governance disruption verified.,SECONDARY_CONFIRMED,SOURCE_VERIFIED_PAIR_CANDIDATE_CHRONOLOGY_BLOCK,True,False
3,V2_NEW_DEV,MLV2_DEV_041,Lisa Ling,MLV2_DEV_041_E0003,2022,negative,career_loss,"CNN ended This Is Life with Lisa Ling amid network programming changes, closing her long-running documentary series.",medium,https://en.wikipedia.org/wiki/This_Is_Life_with_Lisa_Ling,UNRESOLVED,NEGATIVE_OUTCOME_REVIEW,MANUAL_REVIEW_REQUIRED,negative,MANUAL_TAXONOMY_REVIEW_REQUIRED,NON_HIGH_TARGET_ASSIGNMENT|SECOND_SOURCE_AUDIT_REQUIRED,True,True,False,PROJECT,CREATIVE_OR_MEDIA_PROJECT,negative,CONFIRMED,project outcome / reception / launch,True,PROVIDED_SOURCE_PRESENT,PAIR_CANDIDATE_TARGETED,CONFIRMED,CNN official / Los Angeles Times,This Is Life launch and final-season/network ending verified.,SECONDARY_CONFIRMED,SOURCE_VERIFIED_PAIR_CANDIDATE_CHRONOLOGY_BLOCK,True,False
3,V2_NEW_DEV,MLV2_DEV_044,Matthew McConaughey,MLV2_DEV_044_E0001,2005,negative,career_loss,Entered a prolonged period of typecasting in romantic comedies,medium,https://en.wikipedia.org/wiki/Matthew_McConaughey,UNRESOLVED,NEGATIVE_OUTCOME_REVIEW,MANUAL_REVIEW_REQUIRED,negative,MANUAL_TAXONOMY_REVIEW_REQUIRED,NON_HIGH_TARGET_ASSIGNMENT|SECOND_SOURCE_AUDIT_REQUIRED,True,False,False,UNRESOLVED,RELATIVE_OR_DIFFUSE_CAREER_STATE,unassigned,REJECT_BINARY_AMBIGUOUS,"diffuse state, not a discrete observed binary outcome",True,PROVIDED_SOURCE_PRESENT,NONPAIRABLE_OR_NONCORE_DEFERRED,NOT_CONFIRMED_THIS_PASS,,,SOURCE1_PRESENT_SECONDARY_NOT_CONFIRMED,REJECT_TAXONOMY_AMBIGUOUS,False,False
3,V2_NEW_DEV,MLV2_DEV_045,Michelle Pfeiffer,MLV2_DEV_045_E0003,2013,negative,career_loss,The Family received mixed-to-negative reviews and modest commercial results.,medium,https://en.wikipedia.org/wiki/The_Family_(2013_film),UNRESOLVED,NEGATIVE_OUTCOME_REVIEW,MANUAL_REVIEW_REQUIRED,negative,MANUAL_TAXONOMY_REVIEW_REQUIRED,NON_HIGH_TARGET_ASSIGNMENT|SECOND_SOURCE_AUDIT_REQUIRED,True,False,False,PROJECT,CREATIVE_OR_MEDIA_PROJECT,negative,CONFIRMED,project outcome / reception / launch,True,PROVIDED_SOURCE_PRESENT,NONPAIRABLE_OR_NONCORE_DEFERRED,NOT_CONFIRMED_THIS_PASS,,,SOURCE1_PRESENT_SECONDARY_NOT_CONFIRMED,TAXONOMY_CONFIRMED_SECONDARY_UNCONFIRMED,False,False
3,V2_NEW_DEV,MLV2_DEV_048,Robin Quivers,MLV2_DEV_048_E0003,2012,negative,career_loss,Cancer surgery and treatment forced an extended period away from the studio and disrupted her broadcasting routine.,high,https://en.wikipedia.org/wiki/Robin_Quivers,UNRESOLVED,NEGATIVE_OUTCOME_REVIEW,MANUAL_REVIEW_REQUIRED,negative,MANUAL_TAXONOMY_REVIEW_REQUIRED,SECOND_SOURCE_AUDIT_REQUIRED,True,False,False,DISRUPTION_HEALTH,HEALTH_INTERRUPTION,negative,CONFIRMED,description clearly identifies health mechanism,True,PROVIDED_SOURCE_PRESENT,NONPAIRABLE_OR_NONCORE_DEFERRED,NOT_CONFIRMED_THIS_PASS,,,SOURCE1_PRESENT_SECONDARY_NOT_CONFIRMED,TAXONOMY_CONFIRMED_SECONDARY_UNCONFIRMED,False,False
3,V2_NEW_DEV,MLV2_DEV_052,Steve Miller,MLV2_DEV_052_E0002,1993,negative,career_loss,Wide River achieved limited commercial impact and was followed by a long gap in studio releases.,medium,https://en.wikipedia.org/wiki/Wide_River_(album),UNRESOLVED,NEGATIVE_OUTCOME_REVIEW,MANUAL_REVIEW_REQUIRED,negative,MANUAL_TAXONOMY_REVIEW_REQUIRED,NON_HIGH_TARGET_ASSIGNMENT|SECOND_SOURCE_AUDIT_REQUIRED,True,False,False,PROJECT,CREATIVE_OR_MEDIA_PROJECT,negative,CONFIRMED,project outcome / reception / launch,True,PROVIDED_SOURCE_PRESENT,PAIR_CANDIDATE_TARGETED,PARTIAL,Los Angeles Times,Wide River release and comeback context verified; “limited commercial impact” not directly established in source checked.,SECONDARY_PARTIAL,TAXONOMY_CONFIRMED_SOURCE_PARTIAL,False,False
3,V2_NEW_DEV,MLV2_DEV_055,Umberto Eco,MLV2_DEV_055_E0003,2015,negative,career_loss,Numero Zero received a more mixed critical response than his landmark earlier novels.,medium,https://en.wikipedia.org/wiki/Numero_Zero,UNRESOLVED,NEGATIVE_OUTCOME_REVIEW,MANUAL_REVIEW_REQUIRED,negative,MANUAL_TAXONOMY_REVIEW_REQUIRED,NON_HIGH_TARGET_ASSIGNMENT|SECOND_SOURCE_AUDIT_REQUIRED,True,False,False,PROJECT,CREATIVE_OR_MEDIA_PROJECT,negative,CONFIRMED,project outcome / reception / launch,True,PROVIDED_SOURCE_PRESENT,NONPAIRABLE_OR_NONCORE_DEFERRED,NOT_CONFIRMED_THIS_PASS,,,SOURCE1_PRESENT_SECONDARY_NOT_CONFIRMED,TAXONOMY_CONFIRMED_SECONDARY_UNCONFIRMED,False,False
3,V2_NEW_DEV,MLV2_DEV_056,Denzel Washington,MLV2_DEV_056_E0002,1995,negative,career_loss,Virtuosity was poorly reviewed and underperformed commercially.,medium,https://en.wikipedia.org/wiki/Virtuosity_(film),UNRESOLVED,NEGATIVE_OUTCOME_REVIEW,MANUAL_REVIEW_REQUIRED,negative,MANUAL_TAXONOMY_REVIEW_REQUIRED,NON_HIGH_TARGET_ASSIGNMENT|SECOND_SOURCE_AUDIT_REQUIRED,True,False,False,UNRESOLVED,BROAD_CAREER_LOSS,unassigned,REJECT_BINARY_AMBIGUOUS,broad career loss requires mechanism-specific evidence,True,PROVIDED_SOURCE_PRESENT,NONPAIRABLE_OR_NONCORE_DEFERRED,NOT_CONFIRMED_THIS_PASS,,,SOURCE1_PRESENT_SECONDARY_NOT_CONFIRMED,REJECT_TAXONOMY_AMBIGUOUS,False,False
3,V2_NEW_DEV,MLV2_DEV_057,Diane Keaton,MLV2_DEV_057_E0003,2007,negative,career_loss,Because I Said So was heavily criticized by reviewers despite commercial visibility.,medium,https://en.wikipedia.org/wiki/Because_I_Said_So_(film),UNRESOLVED,NEGATIVE_OUTCOME_REVIEW,MANUAL_REVIEW_REQUIRED,negative,MANUAL_TAXONOMY_REVIEW_REQUIRED,NON_HIGH_TARGET_ASSIGNMENT|SECOND_SOURCE_AUDIT_REQUIRED,True,True,False,PROJECT,CREATIVE_OR_MEDIA_PROJECT,negative,CONFIRMED,project outcome / reception / launch,True,PROVIDED_SOURCE_PRESENT,PAIR_CANDIDATE_TARGETED,CONFIRMED,Los Angeles Times / Rotten Tomatoes,First Wives Club success and Because I Said So critical failure verified.,SECONDARY_CONFIRMED,SOURCE_VERIFIED_PAIR_CANDIDATE_CHRONOLOGY_BLOCK,True,False
3,V2_NEW_DEV,MLV2_DEV_059,Angus Young,MLV2_DEV_059_E0002,2003,positive,award,AC/DC was inducted into the Rock and Roll Hall of Fame.,high,https://en.wikipedia.org/wiki/AC%2FDC,RECOGNITION,AWARD,DIRECT_EVENT_TYPE_RULE,positive,DIRECT_RULE_NEEDS_SOURCE_CONFIRMATION,SECOND_SOURCE_AUDIT_REQUIRED,True,False,False,RECOGNITION,AWARD,positive,CONFIRMED,event_type semantic rule,True,PROVIDED_SOURCE_PRESENT,NONPAIRABLE_OR_NONCORE_DEFERRED,NOT_CONFIRMED_THIS_PASS,,,SOURCE1_PRESENT_SECONDARY_NOT_CONFIRMED,TAXONOMY_CONFIRMED_SECONDARY_UNCONFIRMED,False,False
3,V2_NEW_DEV,MLV2_DEV_059,Angus Young,MLV2_DEV_059_E0004,2016,negative,career_loss,AC/DC's tour was disrupted when Brian Johnson had to stop performing because of hearing problems.,medium,https://en.wikipedia.org/wiki/AC%2FDC,UNRESOLVED,NEGATIVE_OUTCOME_REVIEW,MANUAL_REVIEW_REQUIRED,negative,MANUAL_TAXONOMY_REVIEW_REQUIRED,NON_HIGH_TARGET_ASSIGNMENT|SECOND_SOURCE_AUDIT_REQUIRED,True,False,False,DISRUPTION_HEALTH,HEALTH_INTERRUPTION,negative,CONFIRMED,description clearly identifies health mechanism,True,PROVIDED_SOURCE_PRESENT,NONPAIRABLE_OR_NONCORE_DEFERRED,NOT_CONFIRMED_THIS_PASS,,,SOURCE1_PRESENT_SECONDARY_NOT_CONFIRMED,TAXONOMY_CONFIRMED_SECONDARY_UNCONFIRMED,False,False
3,V2_NEW_DEV,MLV2_DEV_060,Serge Gainsbourg,MLV2_DEV_060_E0003,1986,negative,scandal,Highly publicized drunken television appearances and provocations intensified reputational damage around his later career.,medium,https://en.wikipedia.org/wiki/Serge_Gainsbourg,DISRUPTION_LEGAL_REPUTATION,SCANDAL,DIRECT_EVENT_TYPE_RULE,negative,DIRECT_RULE_NEEDS_SOURCE_CONFIRMATION,NON_HIGH_TARGET_ASSIGNMENT|SECOND_SOURCE_AUDIT_REQUIRED,True,False,False,DISRUPTION_LEGAL_REPUTATION,SCANDAL,negative,CONFIRMED,event_type semantic rule,True,PROVIDED_SOURCE_PRESENT,NONPAIRABLE_OR_NONCORE_DEFERRED,NOT_CONFIRMED_THIS_PASS,,,SOURCE1_PRESENT_SECONDARY_NOT_CONFIRMED,TAXONOMY_CONFIRMED_SECONDARY_UNCONFIRMED,False,False
3,V2_NEW_DEV,MLV2_DEV_060,Serge Gainsbourg,MLV2_DEV_060_E0004,1991,negative,career_loss,"Died at age 62, ending his active recording career.",high,https://en.wikipedia.org/wiki/Serge_Gainsbourg,UNRESOLVED,NEGATIVE_OUTCOME_REVIEW,MANUAL_REVIEW_REQUIRED,negative,MANUAL_TAXONOMY_REVIEW_REQUIRED,SECOND_SOURCE_AUDIT_REQUIRED,True,True,False,TRANSITION,DEATH_ENDS_CAREER,unassigned,REJECT_BINARY_TRANSITION,death is not a Career-performance negative,True,PROVIDED_SOURCE_PRESENT,PAIR_CANDIDATE_TARGETED,CONFIRMED,biographical records,"Death ends career but is TRANSITION/unassigned, not Career-negative.",SECONDARY_CONFIRMED,REJECT_TRANSITION_NONBINARY,False,False
3,V2_NEW_DEV,MLV2_DEV_062,Al Unser,MLV2_DEV_062_E0003,1993,negative,career_loss,Failed to qualify for the Indianapolis 500 late in his driving career.,medium,https://en.wikipedia.org/wiki/Al_Unser,UNRESOLVED,NEGATIVE_OUTCOME_REVIEW,MANUAL_REVIEW_REQUIRED,negative,MANUAL_TAXONOMY_REVIEW_REQUIRED,NON_HIGH_TARGET_ASSIGNMENT|SECOND_SOURCE_AUDIT_REQUIRED,True,False,False,COMPETITIVE,QUALIFICATION_FAILURE,invalid,SOURCE_CONTRADICTED,official IMS result contradicts event; he qualified and finished 12th,True,PROVIDED_SOURCE_PRESENT,PAIR_CANDIDATE_TARGETED,CONTRADICTED,Indianapolis Motor Speedway official stats / Los Angeles Times,"Corpus says failed to qualify; official results show he qualified, started 23rd and finished 12th. Remove event.",SOURCE_CONTRADICTED,REJECT_SOURCE_CONTRADICTED,False,False
3,V2_NEW_DEV,MLV2_DEV_064,Steve Fossett,MLV2_DEV_064_E0004,2007,negative,career_loss,"Disappeared during a flight and was later declared dead, ending his record-setting aviation career.",high,https://en.wikipedia.org/wiki/Steve_Fossett,UNRESOLVED,NEGATIVE_OUTCOME_REVIEW,MANUAL_REVIEW_REQUIRED,negative,MANUAL_TAXONOMY_REVIEW_REQUIRED,SECOND_SOURCE_AUDIT_REQUIRED,True,True,False,TRANSITION,DEATH_ENDS_CAREER,unassigned,REJECT_BINARY_TRANSITION,death/disappearance is not Career-performance negative,True,PROVIDED_SOURCE_PRESENT,PAIR_CANDIDATE_TARGETED,CONFIRMED,aviation/biographical records,"Disappearance/death is TRANSITION/unassigned, not Career-negative.",SECONDARY_CONFIRMED,REJECT_TRANSITION_NONBINARY,False,False
3,V2_NEW_DEV,MLV2_DEV_065,John Logie Baird,MLV2_DEV_065_E0003,1937,negative,career_loss,The BBC abandoned Baird's mechanical system in favor of the Marconi-EMI electronic system.,high,https://en.wikipedia.org/wiki/John_Logie_Baird,UNRESOLVED,NEGATIVE_OUTCOME_REVIEW,MANUAL_REVIEW_REQUIRED,negative,MANUAL_TAXONOMY_REVIEW_REQUIRED,NON_HIGH_TARGET_ASSIGNMENT|SECOND_SOURCE_AUDIT_REQUIRED,True,False,False,UNRESOLVED,BROAD_CAREER_LOSS,unassigned,REJECT_BINARY_AMBIGUOUS,broad career loss requires mechanism-specific evidence,True,PROVIDED_SOURCE_PRESENT,NONPAIRABLE_OR_NONCORE_DEFERRED,NOT_CONFIRMED_THIS_PASS,,,SOURCE1_PRESENT_SECONDARY_NOT_CONFIRMED,REJECT_TAXONOMY_AMBIGUOUS,False,False
3,V2_NEW_DEV,MLV2_DEV_067,John Nash,MLV2_DEV_067_E0003,1994,positive,award,Received the Nobel Memorial Prize in Economic Sciences.,high,https://en.wikipedia.org/wiki/John_Forbes_Nash_Jr.,RECOGNITION,AWARD,DIRECT_EVENT_TYPE_RULE,positive,DIRECT_RULE_NEEDS_SOURCE_CONFIRMATION,SECOND_SOURCE_AUDIT_REQUIRED,True,False,False,RECOGNITION,AWARD,positive,CONFIRMED,event_type semantic rule,True,PROVIDED_SOURCE_PRESENT,NONPAIRABLE_OR_NONCORE_DEFERRED,NOT_CONFIRMED_THIS_PASS,,,SOURCE1_PRESENT_SECONDARY_NOT_CONFIRMED,TAXONOMY_CONFIRMED_SECONDARY_UNCONFIRMED,False,False
3,V2_NEW_DEV,MLV2_DEV_069,Roberta Flack,MLV2_DEV_069_E0003,2018,negative,career_loss,A health episode interrupted a performance and contributed to reduced public performing.,medium,https://en.wikipedia.org/wiki/Roberta_Flack,UNRESOLVED,NEGATIVE_OUTCOME_REVIEW,MANUAL_REVIEW_REQUIRED,negative,MANUAL_TAXONOMY_REVIEW_REQUIRED,NON_HIGH_TARGET_ASSIGNMENT|SECOND_SOURCE_AUDIT_REQUIRED,True,False,False,DISRUPTION_HEALTH,HEALTH_INTERRUPTION,negative,CONFIRMED,description clearly identifies health mechanism,True,PROVIDED_SOURCE_PRESENT,NONPAIRABLE_OR_NONCORE_DEFERRED,NOT_CONFIRMED_THIS_PASS,,,SOURCE1_PRESENT_SECONDARY_NOT_CONFIRMED,TAXONOMY_CONFIRMED_SECONDARY_UNCONFIRMED,False,False
3,V2_NEW_DEV,MLV2_DEV_069,Roberta Flack,MLV2_DEV_069_E0004,2022,negative,career_loss,An ALS diagnosis made it impossible for her to continue singing professionally.,high,https://en.wikipedia.org/wiki/Roberta_Flack,UNRESOLVED,NEGATIVE_OUTCOME_REVIEW,MANUAL_REVIEW_REQUIRED,negative,MANUAL_TAXONOMY_REVIEW_REQUIRED,SECOND_SOURCE_AUDIT_REQUIRED,True,False,False,DISRUPTION_HEALTH,HEALTH_INTERRUPTION,negative,CONFIRMED,description clearly identifies health mechanism,True,PROVIDED_SOURCE_PRESENT,NONPAIRABLE_OR_NONCORE_DEFERRED,NOT_CONFIRMED_THIS_PASS,,,SOURCE1_PRESENT_SECONDARY_NOT_CONFIRMED,TAXONOMY_CONFIRMED_SECONDARY_UNCONFIRMED,False,False
