pair_id,subject_id,positive_earlier_calc,preassigned_axis,collection_wave,repeat,fold,model,score_kind,correct
PRIMARY_TRUSTED_0016,V5DEVX_036,1,STATUS,E1,0,0,TG10_SHARED_RIDGE_BALANCED,GENERAL,1.0
PRIMARY_TRUSTED_0021,V5DEVX_049,1,COMPETITIVE,E1,0,0,TG10_SHARED_RIDGE_BALANCED,GENERAL,1.0
PRIMARY_TRUSTED_0022,V5DEVX_049,1,COMPETITIVE,E1,0,0,TG10_SHARED_RIDGE_BALANCED,GENERAL,1.0
PRIMARY_TRUSTED_0023,V5DEVX_049,1,COMPETITIVE,E1,0,0,TG10_SHARED_RIDGE_BALANCED,GENERAL,1.0
PRIMARY_TRUSTED_0024,V5DEVX_049,0,COMPETITIVE,E1,0,0,TG10_SHARED_RIDGE_BALANCED,GENERAL,1.0
PRIMARY_TRUSTED_0027,V5DEVX_055,0,COMPETITIVE,E1,0,0,TG10_SHARED_RIDGE_BALANCED,GENERAL,1.0
PRIMARY_TRUSTED_0028,V5DEVX_055,0,COMPETITIVE,E1,0,0,TG10_SHARED_RIDGE_BALANCED,GENERAL,1.0
PRIMARY_TRUSTED_0039,V5DEVX_128,1,STATUS,E1,0,0,TG10_SHARED_RIDGE_BALANCED,GENERAL,0.0
PRIMARY_TRUSTED_0049,V5DEVX_148,0,COMPETITIVE,E1,0,0,TG10_SHARED_RIDGE_BALANCED,GENERAL,0.0
PRIMARY_TRUSTED_0050,V5DEVX_148,0,COMPETITIVE,E1,0,0,TG10_SHARED_RIDGE_BALANCED,GENERAL,0.0
PRIMARY_TRUSTED_0051,V5DEVX_148,1,COMPETITIVE,E1,0,0,TG10_SHARED_RIDGE_BALANCED,GENERAL,1.0
PRIMARY_TRUSTED_0058,V5DEVE2_001,1,COMPETITIVE,E2,0,0,TG10_SHARED_RIDGE_BALANCED,GENERAL,1.0
PRIMARY_TRUSTED_0059,V5DEVE2_001,0,COMPETITIVE,E2,0,0,TG10_SHARED_RIDGE_BALANCED,GENERAL,1.0
PRIMARY_TRUSTED_0060,V5DEVE2_003,1,STATUS,E2,0,0,TG10_SHARED_RIDGE_BALANCED,GENERAL,1.0
PRIMARY_TRUSTED_0075,V5DEVE2_106,1,COMPETITIVE,E2,0,0,TG10_SHARED_RIDGE_BALANCED,GENERAL,1.0
PRIMARY_TRUSTED_0076,V5DEVE2_115,1,COMPETITIVE,E2,0,0,TG10_SHARED_RIDGE_BALANCED,GENERAL,1.0
PRIMARY_TRUSTED_0094,V5DEV_011,1,COMPETITIVE,ORIGINAL,0,0,TG10_SHARED_RIDGE_BALANCED,GENERAL,0.0
PRIMARY_TRUSTED_0095,V5DEV_011,1,COMPETITIVE,ORIGINAL,0,0,TG10_SHARED_RIDGE_BALANCED,GENERAL,1.0
PRIMARY_TRUSTED_0109,V5DEV_023,1,COMPETITIVE,ORIGINAL,0,0,TG10_SHARED_RIDGE_BALANCED,GENERAL,0.0
PRIMARY_TRUSTED_0110,V5DEV_023,1,COMPETITIVE,ORIGINAL,0,0,TG10_SHARED_RIDGE_BALANCED,GENERAL,0.0
PRIMARY_TRUSTED_0111,V5DEV_023,1,COMPETITIVE,ORIGINAL,0,0,TG10_SHARED_RIDGE_BALANCED,GENERAL,0.0
PRIMARY_TRUSTED_0112,V5DEV_023,0,COMPETITIVE,ORIGINAL,0,0,TG10_SHARED_RIDGE_BALANCED,GENERAL,0.0
PRIMARY_TRUSTED_0113,V5DEV_023,0,COMPETITIVE,ORIGINAL,0,0,TG10_SHARED_RIDGE_BALANCED,GENERAL,0.0
PRIMARY_TRUSTED_0114,V5DEV_023,0,COMPETITIVE,ORIGINAL,0,0,TG10_SHARED_RIDGE_BALANCED,GENERAL,0.0
PRIMARY_TRUSTED_0115,V5DEV_023,1,COMPETITIVE,ORIGINAL,0,0,TG10_SHARED_RIDGE_BALANCED,GENERAL,0.0
PRIMARY_TRUSTED_0116,V5DEV_023,1,COMPETITIVE,ORIGINAL,0,0,TG10_SHARED_RIDGE_BALANCED,GENERAL,0.0
PRIMARY_TRUSTED_0117,V5DEV_024,1,COMPETITIVE,ORIGINAL,0,0,TG10_SHARED_RIDGE_BALANCED,GENERAL,1.0
PRIMARY_TRUSTED_0128,V5DEV_029,1,COMPETITIVE,ORIGINAL,0,0,TG10_SHARED_RIDGE_BALANCED,GENERAL,1.0
PRIMARY_TRUSTED_0129,V5DEV_029,1,COMPETITIVE,ORIGINAL,0,0,TG10_SHARED_RIDGE_BALANCED,GENERAL,1.0
PRIMARY_TRUSTED_0160,V5DEV_051,0,PROJECT,ORIGINAL,0,0,TG10_SHARED_RIDGE_BALANCED,GENERAL,1.0
PRIMARY_TRUSTED_0162,V5DEV_075,1,PROJECT,ORIGINAL,0,0,TG10_SHARED_RIDGE_BALANCED,GENERAL,1.0
PRIMARY_TRUSTED_0168,V5DEV_090,0,PROJECT,ORIGINAL,0,0,TG10_SHARED_RIDGE_BALANCED,GENERAL,0.0
PRIMARY_TRUSTED_0173,V5DEV_109,1,STATUS,ORIGINAL,0,0,TG10_SHARED_RIDGE_BALANCED,GENERAL,0.0
PRIMARY_TRUSTED_0174,V5DEV_109,0,STATUS,ORIGINAL,0,0,TG10_SHARED_RIDGE_BALANCED,GENERAL,0.0
PRIMARY_TRUSTED_0177,V5DEV_117,1,STATUS,ORIGINAL,0,0,TG10_SHARED_RIDGE_BALANCED,GENERAL,1.0
PRIMARY_TRUSTED_0178,V5DEV_117,1,STATUS,ORIGINAL,0,0,TG10_SHARED_RIDGE_BALANCED,GENERAL,1.0
PRIMARY_TRUSTED_0179,V5DEV_117,0,STATUS,ORIGINAL,0,0,TG10_SHARED_RIDGE_BALANCED,GENERAL,0.0
PRIMARY_TRUSTED_0180,V5DEV_118,0,STATUS,ORIGINAL,0,0,TG10_SHARED_RIDGE_BALANCED,GENERAL,0.0
PRIMARY_TRUSTED_0191,V5DEV_156,1,STATUS,ORIGINAL,0,0,TG10_SHARED_RIDGE_BALANCED,GENERAL,1.0
PRIMARY_TRUSTED_0016,V5DEVX_036,1,STATUS,E1,0,0,TG10_MULTITASK_EFFECT_RIDGE_BALANCED,GENERAL,1.0
PRIMARY_TRUSTED_0021,V5DEVX_049,1,COMPETITIVE,E1,0,0,TG10_MULTITASK_EFFECT_RIDGE_BALANCED,GENERAL,1.0
PRIMARY_TRUSTED_0022,V5DEVX_049,1,COMPETITIVE,E1,0,0,TG10_MULTITASK_EFFECT_RIDGE_BALANCED,GENERAL,1.0
PRIMARY_TRUSTED_0023,V5DEVX_049,1,COMPETITIVE,E1,0,0,TG10_MULTITASK_EFFECT_RIDGE_BALANCED,GENERAL,1.0
PRIMARY_TRUSTED_0024,V5DEVX_049,0,COMPETITIVE,E1,0,0,TG10_MULTITASK_EFFECT_RIDGE_BALANCED,GENERAL,1.0
PRIMARY_TRUSTED_0027,V5DEVX_055,0,COMPETITIVE,E1,0,0,TG10_MULTITASK_EFFECT_RIDGE_BALANCED,GENERAL,1.0
PRIMARY_TRUSTED_0028,V5DEVX_055,0,COMPETITIVE,E1,0,0,TG10_MULTITASK_EFFECT_RIDGE_BALANCED,GENERAL,0.0
PRIMARY_TRUSTED_0039,V5DEVX_128,1,STATUS,E1,0,0,TG10_MULTITASK_EFFECT_RIDGE_BALANCED,GENERAL,1.0
PRIMARY_TRUSTED_0049,V5DEVX_148,0,COMPETITIVE,E1,0,0,TG10_MULTITASK_EFFECT_RIDGE_BALANCED,GENERAL,1.0
PRIMARY_TRUSTED_0050,V5DEVX_148,0,COMPETITIVE,E1,0,0,TG10_MULTITASK_EFFECT_RIDGE_BALANCED,GENERAL,1.0
PRIMARY_TRUSTED_0051,V5DEVX_148,1,COMPETITIVE,E1,0,0,TG10_MULTITASK_EFFECT_RIDGE_BALANCED,GENERAL,1.0
PRIMARY_TRUSTED_0058,V5DEVE2_001,1,COMPETITIVE,E2,0,0,TG10_MULTITASK_EFFECT_RIDGE_BALANCED,GENERAL,1.0
PRIMARY_TRUSTED_0059,V5DEVE2_001,0,COMPETITIVE,E2,0,0,TG10_MULTITASK_EFFECT_RIDGE_BALANCED,GENERAL,1.0
PRIMARY_TRUSTED_0060,V5DEVE2_003,1,STATUS,E2,0,0,TG10_MULTITASK_EFFECT_RIDGE_BALANCED,GENERAL,1.0
PRIMARY_TRUSTED_0075,V5DEVE2_106,1,COMPETITIVE,E2,0,0,TG10_MULTITASK_EFFECT_RIDGE_BALANCED,GENERAL,0.0
PRIMARY_TRUSTED_0076,V5DEVE2_115,1,COMPETITIVE,E2,0,0,TG10_MULTITASK_EFFECT_RIDGE_BALANCED,GENERAL,1.0
PRIMARY_TRUSTED_0094,V5DEV_011,1,COMPETITIVE,ORIGINAL,0,0,TG10_MULTITASK_EFFECT_RIDGE_BALANCED,GENERAL,1.0
PRIMARY_TRUSTED_0095,V5DEV_011,1,COMPETITIVE,ORIGINAL,0,0,TG10_MULTITASK_EFFECT_RIDGE_BALANCED,GENERAL,1.0
PRIMARY_TRUSTED_0109,V5DEV_023,1,COMPETITIVE,ORIGINAL,0,0,TG10_MULTITASK_EFFECT_RIDGE_BALANCED,GENERAL,1.0
PRIMARY_TRUSTED_0110,V5DEV_023,1,COMPETITIVE,ORIGINAL,0,0,TG10_MULTITASK_EFFECT_RIDGE_BALANCED,GENERAL,1.0
PRIMARY_TRUSTED_0111,V5DEV_023,1,COMPETITIVE,ORIGINAL,0,0,TG10_MULTITASK_EFFECT_RIDGE_BALANCED,GENERAL,0.0
PRIMARY_TRUSTED_0112,V5DEV_023,0,COMPETITIVE,ORIGINAL,0,0,TG10_MULTITASK_EFFECT_RIDGE_BALANCED,GENERAL,1.0
PRIMARY_TRUSTED_0113,V5DEV_023,0,COMPETITIVE,ORIGINAL,0,0,TG10_MULTITASK_EFFECT_RIDGE_BALANCED,GENERAL,1.0
PRIMARY_TRUSTED_0114,V5DEV_023,0,COMPETITIVE,ORIGINAL,0,0,TG10_MULTITASK_EFFECT_RIDGE_BALANCED,GENERAL,1.0
PRIMARY_TRUSTED_0115,V5DEV_023,1,COMPETITIVE,ORIGINAL,0,0,TG10_MULTITASK_EFFECT_RIDGE_BALANCED,GENERAL,0.0
PRIMARY_TRUSTED_0116,V5DEV_023,1,COMPETITIVE,ORIGINAL,0,0,TG10_MULTITASK_EFFECT_RIDGE_BALANCED,GENERAL,1.0
PRIMARY_TRUSTED_0117,V5DEV_024,1,COMPETITIVE,ORIGINAL,0,0,TG10_MULTITASK_EFFECT_RIDGE_BALANCED,GENERAL,1.0
PRIMARY_TRUSTED_0128,V5DEV_029,1,COMPETITIVE,ORIGINAL,0,0,TG10_MULTITASK_EFFECT_RIDGE_BALANCED,GENERAL,1.0
PRIMARY_TRUSTED_0129,V5DEV_029,1,COMPETITIVE,ORIGINAL,0,0,TG10_MULTITASK_EFFECT_RIDGE_BALANCED,GENERAL,1.0
PRIMARY_TRUSTED_0160,V5DEV_051,0,PROJECT,ORIGINAL,0,0,TG10_MULTITASK_EFFECT_RIDGE_BALANCED,GENERAL,1.0
PRIMARY_TRUSTED_0162,V5DEV_075,1,PROJECT,ORIGINAL,0,0,TG10_MULTITASK_EFFECT_RIDGE_BALANCED,GENERAL,0.0
PRIMARY_TRUSTED_0168,V5DEV_090,0,PROJECT,ORIGINAL,0,0,TG10_MULTITASK_EFFECT_RIDGE_BALANCED,GENERAL,1.0
PRIMARY_TRUSTED_0173,V5DEV_109,1,STATUS,ORIGINAL,0,0,TG10_MULTITASK_EFFECT_RIDGE_BALANCED,GENERAL,0.0
PRIMARY_TRUSTED_0174,V5DEV_109,0,STATUS,ORIGINAL,0,0,TG10_MULTITASK_EFFECT_RIDGE_BALANCED,GENERAL,1.0
PRIMARY_TRUSTED_0177,V5DEV_117,1,STATUS,ORIGINAL,0,0,TG10_MULTITASK_EFFECT_RIDGE_BALANCED,GENERAL,1.0
PRIMARY_TRUSTED_0178,V5DEV_117,1,STATUS,ORIGINAL,0,0,TG10_MULTITASK_EFFECT_RIDGE_BALANCED,GENERAL,1.0
PRIMARY_TRUSTED_0179,V5DEV_117,0,STATUS,ORIGINAL,0,0,TG10_MULTITASK_EFFECT_RIDGE_BALANCED,GENERAL,1.0
PRIMARY_TRUSTED_0180,V5DEV_118,0,STATUS,ORIGINAL,0,0,TG10_MULTITASK_EFFECT_RIDGE_BALANCED,GENERAL,1.0
PRIMARY_TRUSTED_0191,V5DEV_156,1,STATUS,ORIGINAL,0,0,TG10_MULTITASK_EFFECT_RIDGE_BALANCED,GENERAL,1.0
PRIMARY_TRUSTED_0016,V5DEVX_036,1,STATUS,E1,0,0,TG10_MULTITASK_EFFECT_RIDGE_BALANCED,TASK_CONDITIONED_DIAGNOSTIC,1.0
PRIMARY_TRUSTED_0021,V5DEVX_049,1,COMPETITIVE,E1,0,0,TG10_MULTITASK_EFFECT_RIDGE_BALANCED,TASK_CONDITIONED_DIAGNOSTIC,0.0
PRIMARY_TRUSTED_0022,V5DEVX_049,1,COMPETITIVE,E1,0,0,TG10_MULTITASK_EFFECT_RIDGE_BALANCED,TASK_CONDITIONED_DIAGNOSTIC,0.0
PRIMARY_TRUSTED_0023,V5DEVX_049,1,COMPETITIVE,E1,0,0,TG10_MULTITASK_EFFECT_RIDGE_BALANCED,TASK_CONDITIONED_DIAGNOSTIC,1.0
PRIMARY_TRUSTED_0024,V5DEVX_049,0,COMPETITIVE,E1,0,0,TG10_MULTITASK_EFFECT_RIDGE_BALANCED,TASK_CONDITIONED_DIAGNOSTIC,1.0
PRIMARY_TRUSTED_0027,V5DEVX_055,0,COMPETITIVE,E1,0,0,TG10_MULTITASK_EFFECT_RIDGE_BALANCED,TASK_CONDITIONED_DIAGNOSTIC,0.0
PRIMARY_TRUSTED_0028,V5DEVX_055,0,COMPETITIVE,E1,0,0,TG10_MULTITASK_EFFECT_RIDGE_BALANCED,TASK_CONDITIONED_DIAGNOSTIC,0.0
PRIMARY_TRUSTED_0039,V5DEVX_128,1,STATUS,E1,0,0,TG10_MULTITASK_EFFECT_RIDGE_BALANCED,TASK_CONDITIONED_DIAGNOSTIC,1.0
PRIMARY_TRUSTED_0049,V5DEVX_148,0,COMPETITIVE,E1,0,0,TG10_MULTITASK_EFFECT_RIDGE_BALANCED,TASK_CONDITIONED_DIAGNOSTIC,1.0
PRIMARY_TRUSTED_0050,V5DEVX_148,0,COMPETITIVE,E1,0,0,TG10_MULTITASK_EFFECT_RIDGE_BALANCED,TASK_CONDITIONED_DIAGNOSTIC,1.0
PRIMARY_TRUSTED_0051,V5DEVX_148,1,COMPETITIVE,E1,0,0,TG10_MULTITASK_EFFECT_RIDGE_BALANCED,TASK_CONDITIONED_DIAGNOSTIC,1.0
PRIMARY_TRUSTED_0058,V5DEVE2_001,1,COMPETITIVE,E2,0,0,TG10_MULTITASK_EFFECT_RIDGE_BALANCED,TASK_CONDITIONED_DIAGNOSTIC,0.0
PRIMARY_TRUSTED_0059,V5DEVE2_001,0,COMPETITIVE,E2,0,0,TG10_MULTITASK_EFFECT_RIDGE_BALANCED,TASK_CONDITIONED_DIAGNOSTIC,1.0
PRIMARY_TRUSTED_0060,V5DEVE2_003,1,STATUS,E2,0,0,TG10_MULTITASK_EFFECT_RIDGE_BALANCED,TASK_CONDITIONED_DIAGNOSTIC,1.0
PRIMARY_TRUSTED_0075,V5DEVE2_106,1,COMPETITIVE,E2,0,0,TG10_MULTITASK_EFFECT_RIDGE_BALANCED,TASK_CONDITIONED_DIAGNOSTIC,0.0
PRIMARY_TRUSTED_0076,V5DEVE2_115,1,COMPETITIVE,E2,0,0,TG10_MULTITASK_EFFECT_RIDGE_BALANCED,TASK_CONDITIONED_DIAGNOSTIC,1.0
PRIMARY_TRUSTED_0094,V5DEV_011,1,COMPETITIVE,ORIGINAL,0,0,TG10_MULTITASK_EFFECT_RIDGE_BALANCED,TASK_CONDITIONED_DIAGNOSTIC,1.0
PRIMARY_TRUSTED_0095,V5DEV_011,1,COMPETITIVE,ORIGINAL,0,0,TG10_MULTITASK_EFFECT_RIDGE_BALANCED,TASK_CONDITIONED_DIAGNOSTIC,1.0
PRIMARY_TRUSTED_0109,V5DEV_023,1,COMPETITIVE,ORIGINAL,0,0,TG10_MULTITASK_EFFECT_RIDGE_BALANCED,TASK_CONDITIONED_DIAGNOSTIC,1.0
PRIMARY_TRUSTED_0110,V5DEV_023,1,COMPETITIVE,ORIGINAL,0,0,TG10_MULTITASK_EFFECT_RIDGE_BALANCED,TASK_CONDITIONED_DIAGNOSTIC,1.0
PRIMARY_TRUSTED_0111,V5DEV_023,1,COMPETITIVE,ORIGINAL,0,0,TG10_MULTITASK_EFFECT_RIDGE_BALANCED,TASK_CONDITIONED_DIAGNOSTIC,1.0
PRIMARY_TRUSTED_0112,V5DEV_023,0,COMPETITIVE,ORIGINAL,0,0,TG10_MULTITASK_EFFECT_RIDGE_BALANCED,TASK_CONDITIONED_DIAGNOSTIC,1.0
PRIMARY_TRUSTED_0113,V5DEV_023,0,COMPETITIVE,ORIGINAL,0,0,TG10_MULTITASK_EFFECT_RIDGE_BALANCED,TASK_CONDITIONED_DIAGNOSTIC,1.0
PRIMARY_TRUSTED_0114,V5DEV_023,0,COMPETITIVE,ORIGINAL,0,0,TG10_MULTITASK_EFFECT_RIDGE_BALANCED,TASK_CONDITIONED_DIAGNOSTIC,1.0
PRIMARY_TRUSTED_0115,V5DEV_023,1,COMPETITIVE,ORIGINAL,0,0,TG10_MULTITASK_EFFECT_RIDGE_BALANCED,TASK_CONDITIONED_DIAGNOSTIC,1.0
PRIMARY_TRUSTED_0116,V5DEV_023,1,COMPETITIVE,ORIGINAL,0,0,TG10_MULTITASK_EFFECT_RIDGE_BALANCED,TASK_CONDITIONED_DIAGNOSTIC,1.0
PRIMARY_TRUSTED_0117,V5DEV_024,1,COMPETITIVE,ORIGINAL,0,0,TG10_MULTITASK_EFFECT_RIDGE_BALANCED,TASK_CONDITIONED_DIAGNOSTIC,1.0
PRIMARY_TRUSTED_0128,V5DEV_029,1,COMPETITIVE,ORIGINAL,0,0,TG10_MULTITASK_EFFECT_RIDGE_BALANCED,TASK_CONDITIONED_DIAGNOSTIC,1.0
PRIMARY_TRUSTED_0129,V5DEV_029,1,COMPETITIVE,ORIGINAL,0,0,TG10_MULTITASK_EFFECT_RIDGE_BALANCED,TASK_CONDITIONED_DIAGNOSTIC,0.0
PRIMARY_TRUSTED_0160,V5DEV_051,0,PROJECT,ORIGINAL,0,0,TG10_MULTITASK_EFFECT_RIDGE_BALANCED,TASK_CONDITIONED_DIAGNOSTIC,0.0
PRIMARY_TRUSTED_0162,V5DEV_075,1,PROJECT,ORIGINAL,0,0,TG10_MULTITASK_EFFECT_RIDGE_BALANCED,TASK_CONDITIONED_DIAGNOSTIC,0.0
PRIMARY_TRUSTED_0168,V5DEV_090,0,PROJECT,ORIGINAL,0,0,TG10_MULTITASK_EFFECT_RIDGE_BALANCED,TASK_CONDITIONED_DIAGNOSTIC,1.0
PRIMARY_TRUSTED_0173,V5DEV_109,1,STATUS,ORIGINAL,0,0,TG10_MULTITASK_EFFECT_RIDGE_BALANCED,TASK_CONDITIONED_DIAGNOSTIC,0.0
PRIMARY_TRUSTED_0174,V5DEV_109,0,STATUS,ORIGINAL,0,0,TG10_MULTITASK_EFFECT_RIDGE_BALANCED,TASK_CONDITIONED_DIAGNOSTIC,0.0
PRIMARY_TRUSTED_0177,V5DEV_117,1,STATUS,ORIGINAL,0,0,TG10_MULTITASK_EFFECT_RIDGE_BALANCED,TASK_CONDITIONED_DIAGNOSTIC,1.0
PRIMARY_TRUSTED_0178,V5DEV_117,1,STATUS,ORIGINAL,0,0,TG10_MULTITASK_EFFECT_RIDGE_BALANCED,TASK_CONDITIONED_DIAGNOSTIC,0.0
PRIMARY_TRUSTED_0179,V5DEV_117,0,STATUS,ORIGINAL,0,0,TG10_MULTITASK_EFFECT_RIDGE_BALANCED,TASK_CONDITIONED_DIAGNOSTIC,0.0
PRIMARY_TRUSTED_0180,V5DEV_118,0,STATUS,ORIGINAL,0,0,TG10_MULTITASK_EFFECT_RIDGE_BALANCED,TASK_CONDITIONED_DIAGNOSTIC,0.0
PRIMARY_TRUSTED_0191,V5DEV_156,1,STATUS,ORIGINAL,0,0,TG10_MULTITASK_EFFECT_RIDGE_BALANCED,TASK_CONDITIONED_DIAGNOSTIC,1.0
PRIMARY_TRUSTED_0004,V5DEVX_007,0,COMPETITIVE,E1,0,1,TG10_SHARED_RIDGE_BALANCED,GENERAL,1.0
PRIMARY_TRUSTED_0005,V5DEVX_008,1,PROJECT,E1,0,1,TG10_SHARED_RIDGE_BALANCED,GENERAL,0.0
PRIMARY_TRUSTED_0006,V5DEVX_008,0,PROJECT,E1,0,1,TG10_SHARED_RIDGE_BALANCED,GENERAL,0.0
PRIMARY_TRUSTED_0007,V5DEVX_010,0,COMPETITIVE,E1,0,1,TG10_SHARED_RIDGE_BALANCED,GENERAL,0.0
PRIMARY_TRUSTED_0008,V5DEVX_010,1,COMPETITIVE,E1,0,1,TG10_SHARED_RIDGE_BALANCED,GENERAL,1.0
PRIMARY_TRUSTED_0009,V5DEVX_010,0,COMPETITIVE,E1,0,1,TG10_SHARED_RIDGE_BALANCED,GENERAL,1.0
PRIMARY_TRUSTED_0010,V5DEVX_010,1,COMPETITIVE,E1,0,1,TG10_SHARED_RIDGE_BALANCED,GENERAL,0.0
PRIMARY_TRUSTED_0033,V5DEVX_103,0,COMPETITIVE,E1,0,1,TG10_SHARED_RIDGE_BALANCED,GENERAL,0.0
PRIMARY_TRUSTED_0034,V5DEVX_106,1,COMPETITIVE,E1,0,1,TG10_SHARED_RIDGE_BALANCED,GENERAL,1.0
PRIMARY_TRUSTED_0036,V5DEVX_115,1,COMPETITIVE,E1,0,1,TG10_SHARED_RIDGE_BALANCED,GENERAL,0.0
PRIMARY_TRUSTED_0037,V5DEVX_115,1,COMPETITIVE,E1,0,1,TG10_SHARED_RIDGE_BALANCED,GENERAL,0.0
PRIMARY_TRUSTED_0061,V5DEVE2_007,1,COMPETITIVE,E2,0,1,TG10_SHARED_RIDGE_BALANCED,GENERAL,1.0
PRIMARY_TRUSTED_0062,V5DEVE2_007,1,COMPETITIVE,E2,0,1,TG10_SHARED_RIDGE_BALANCED,GENERAL,1.0
PRIMARY_TRUSTED_0069,V5DEVE2_027,1,STATUS,E2,0,1,TG10_SHARED_RIDGE_BALANCED,GENERAL,0.0
PRIMARY_TRUSTED_0070,V5DEVE2_028,1,COMPETITIVE,E2,0,1,TG10_SHARED_RIDGE_BALANCED,GENERAL,0.0
PRIMARY_TRUSTED_0080,V5DEVE2_160,1,STATUS,E2,0,1,TG10_SHARED_RIDGE_BALANCED,GENERAL,1.0
PRIMARY_TRUSTED_0090,V5DEV_008,0,COMPETITIVE,ORIGINAL,0,1,TG10_SHARED_RIDGE_BALANCED,GENERAL,0.0
PRIMARY_TRUSTED_0091,V5DEV_008,0,COMPETITIVE,ORIGINAL,0,1,TG10_SHARED_RIDGE_BALANCED,GENERAL,0.0
PRIMARY_TRUSTED_0093,V5DEV_010,0,COMPETITIVE,ORIGINAL,0,1,TG10_SHARED_RIDGE_BALANCED,GENERAL,0.0
PRIMARY_TRUSTED_0130,V5DEV_030,0,COMPETITIVE,ORIGINAL,0,1,TG10_SHARED_RIDGE_BALANCED,GENERAL,0.0
PRIMARY_TRUSTED_0131,V5DEV_030,0,COMPETITIVE,ORIGINAL,0,1,TG10_SHARED_RIDGE_BALANCED,GENERAL,0.0
PRIMARY_TRUSTED_0132,V5DEV_030,0,COMPETITIVE,ORIGINAL,0,1,TG10_SHARED_RIDGE_BALANCED,GENERAL,1.0
PRIMARY_TRUSTED_0133,V5DEV_030,1,COMPETITIVE,ORIGINAL,0,1,TG10_SHARED_RIDGE_BALANCED,GENERAL,0.0
PRIMARY_TRUSTED_0134,V5DEV_030,1,COMPETITIVE,ORIGINAL,0,1,TG10_SHARED_RIDGE_BALANCED,GENERAL,0.0
PRIMARY_TRUSTED_0135,V5DEV_030,1,COMPETITIVE,ORIGINAL,0,1,TG10_SHARED_RIDGE_BALANCED,GENERAL,0.0
PRIMARY_TRUSTED_0136,V5DEV_030,1,COMPETITIVE,ORIGINAL,0,1,TG10_SHARED_RIDGE_BALANCED,GENERAL,0.0
PRIMARY_TRUSTED_0140,V5DEV_035,0,COMPETITIVE,ORIGINAL,0,1,TG10_SHARED_RIDGE_BALANCED,GENERAL,1.0
PRIMARY_TRUSTED_0141,V5DEV_035,0,COMPETITIVE,ORIGINAL,0,1,TG10_SHARED_RIDGE_BALANCED,GENERAL,1.0
PRIMARY_TRUSTED_0156,V5DEV_039,1,COMPETITIVE,ORIGINAL,0,1,TG10_SHARED_RIDGE_BALANCED,GENERAL,0.0
PRIMARY_TRUSTED_0157,V5DEV_039,1,COMPETITIVE,ORIGINAL,0,1,TG10_SHARED_RIDGE_BALANCED,GENERAL,1.0
PRIMARY_TRUSTED_0158,V5DEV_039,1,COMPETITIVE,ORIGINAL,0,1,TG10_SHARED_RIDGE_BALANCED,GENERAL,0.0
PRIMARY_TRUSTED_0170,V5DEV_108,1,STATUS,ORIGINAL,0,1,TG10_SHARED_RIDGE_BALANCED,GENERAL,1.0
PRIMARY_TRUSTED_0171,V5DEV_108,0,STATUS,ORIGINAL,0,1,TG10_SHARED_RIDGE_BALANCED,GENERAL,1.0
PRIMARY_TRUSTED_0172,V5DEV_108,0,STATUS,ORIGINAL,0,1,TG10_SHARED_RIDGE_BALANCED,GENERAL,1.0
PRIMARY_TRUSTED_0181,V5DEV_121,1,STATUS,ORIGINAL,0,1,TG10_SHARED_RIDGE_BALANCED,GENERAL,1.0
PRIMARY_TRUSTED_0183,V5DEV_126,1,STATUS,ORIGINAL,0,1,TG10_SHARED_RIDGE_BALANCED,GENERAL,0.0
PRIMARY_TRUSTED_0184,V5DEV_126,1,STATUS,ORIGINAL,0,1,TG10_SHARED_RIDGE_BALANCED,GENERAL,0.0
PRIMARY_TRUSTED_0190,V5DEV_155,1,STATUS,ORIGINAL,0,1,TG10_SHARED_RIDGE_BALANCED,GENERAL,1.0
PRIMARY_TRUSTED_0004,V5DEVX_007,0,COMPETITIVE,E1,0,1,TG10_MULTITASK_EFFECT_RIDGE_BALANCED,GENERAL,1.0
PRIMARY_TRUSTED_0005,V5DEVX_008,1,PROJECT,E1,0,1,TG10_MULTITASK_EFFECT_RIDGE_BALANCED,GENERAL,1.0
PRIMARY_TRUSTED_0006,V5DEVX_008,0,PROJECT,E1,0,1,TG10_MULTITASK_EFFECT_RIDGE_BALANCED,GENERAL,1.0
PRIMARY_TRUSTED_0007,V5DEVX_010,0,COMPETITIVE,E1,0,1,TG10_MULTITASK_EFFECT_RIDGE_BALANCED,GENERAL,1.0
PRIMARY_TRUSTED_0008,V5DEVX_010,1,COMPETITIVE,E1,0,1,TG10_MULTITASK_EFFECT_RIDGE_BALANCED,GENERAL,1.0
PRIMARY_TRUSTED_0009,V5DEVX_010,0,COMPETITIVE,E1,0,1,TG10_MULTITASK_EFFECT_RIDGE_BALANCED,GENERAL,1.0
PRIMARY_TRUSTED_0010,V5DEVX_010,1,COMPETITIVE,E1,0,1,TG10_MULTITASK_EFFECT_RIDGE_BALANCED,GENERAL,1.0
PRIMARY_TRUSTED_0033,V5DEVX_103,0,COMPETITIVE,E1,0,1,TG10_MULTITASK_EFFECT_RIDGE_BALANCED,GENERAL,0.0
PRIMARY_TRUSTED_0034,V5DEVX_106,1,COMPETITIVE,E1,0,1,TG10_MULTITASK_EFFECT_RIDGE_BALANCED,GENERAL,1.0
PRIMARY_TRUSTED_0036,V5DEVX_115,1,COMPETITIVE,E1,0,1,TG10_MULTITASK_EFFECT_RIDGE_BALANCED,GENERAL,0.0
PRIMARY_TRUSTED_0037,V5DEVX_115,1,COMPETITIVE,E1,0,1,TG10_MULTITASK_EFFECT_RIDGE_BALANCED,GENERAL,0.0
PRIMARY_TRUSTED_0061,V5DEVE2_007,1,COMPETITIVE,E2,0,1,TG10_MULTITASK_EFFECT_RIDGE_BALANCED,GENERAL,1.0
PRIMARY_TRUSTED_0062,V5DEVE2_007,1,COMPETITIVE,E2,0,1,TG10_MULTITASK_EFFECT_RIDGE_BALANCED,GENERAL,1.0
PRIMARY_TRUSTED_0069,V5DEVE2_027,1,STATUS,E2,0,1,TG10_MULTITASK_EFFECT_RIDGE_BALANCED,GENERAL,0.0
PRIMARY_TRUSTED_0070,V5DEVE2_028,1,COMPETITIVE,E2,0,1,TG10_MULTITASK_EFFECT_RIDGE_BALANCED,GENERAL,0.0
PRIMARY_TRUSTED_0080,V5DEVE2_160,1,STATUS,E2,0,1,TG10_MULTITASK_EFFECT_RIDGE_BALANCED,GENERAL,1.0
PRIMARY_TRUSTED_0090,V5DEV_008,0,COMPETITIVE,ORIGINAL,0,1,TG10_MULTITASK_EFFECT_RIDGE_BALANCED,GENERAL,1.0
PRIMARY_TRUSTED_0091,V5DEV_008,0,COMPETITIVE,ORIGINAL,0,1,TG10_MULTITASK_EFFECT_RIDGE_BALANCED,GENERAL,1.0
PRIMARY_TRUSTED_0093,V5DEV_010,0,COMPETITIVE,ORIGINAL,0,1,TG10_MULTITASK_EFFECT_RIDGE_BALANCED,GENERAL,0.0
PRIMARY_TRUSTED_0130,V5DEV_030,0,COMPETITIVE,ORIGINAL,0,1,TG10_MULTITASK_EFFECT_RIDGE_BALANCED,GENERAL,0.0
PRIMARY_TRUSTED_0131,V5DEV_030,0,COMPETITIVE,ORIGINAL,0,1,TG10_MULTITASK_EFFECT_RIDGE_BALANCED,GENERAL,0.0
PRIMARY_TRUSTED_0132,V5DEV_030,0,COMPETITIVE,ORIGINAL,0,1,TG10_MULTITASK_EFFECT_RIDGE_BALANCED,GENERAL,0.0
PRIMARY_TRUSTED_0133,V5DEV_030,1,COMPETITIVE,ORIGINAL,0,1,TG10_MULTITASK_EFFECT_RIDGE_BALANCED,GENERAL,0.0
PRIMARY_TRUSTED_0134,V5DEV_030,1,COMPETITIVE,ORIGINAL,0,1,TG10_MULTITASK_EFFECT_RIDGE_BALANCED,GENERAL,1.0
PRIMARY_TRUSTED_0135,V5DEV_030,1,COMPETITIVE,ORIGINAL,0,1,TG10_MULTITASK_EFFECT_RIDGE_BALANCED,GENERAL,0.0
PRIMARY_TRUSTED_0136,V5DEV_030,1,COMPETITIVE,ORIGINAL,0,1,TG10_MULTITASK_EFFECT_RIDGE_BALANCED,GENERAL,0.0
PRIMARY_TRUSTED_0140,V5DEV_035,0,COMPETITIVE,ORIGINAL,0,1,TG10_MULTITASK_EFFECT_RIDGE_BALANCED,GENERAL,1.0
PRIMARY_TRUSTED_0141,V5DEV_035,0,COMPETITIVE,ORIGINAL,0,1,TG10_MULTITASK_EFFECT_RIDGE_BALANCED,GENERAL,1.0
PRIMARY_TRUSTED_0156,V5DEV_039,1,COMPETITIVE,ORIGINAL,0,1,TG10_MULTITASK_EFFECT_RIDGE_BALANCED,GENERAL,0.0
PRIMARY_TRUSTED_0157,V5DEV_039,1,COMPETITIVE,ORIGINAL,0,1,TG10_MULTITASK_EFFECT_RIDGE_BALANCED,GENERAL,0.0
PRIMARY_TRUSTED_0158,V5DEV_039,1,COMPETITIVE,ORIGINAL,0,1,TG10_MULTITASK_EFFECT_RIDGE_BALANCED,GENERAL,0.0
PRIMARY_TRUSTED_0170,V5DEV_108,1,STATUS,ORIGINAL,0,1,TG10_MULTITASK_EFFECT_RIDGE_BALANCED,GENERAL,1.0
PRIMARY_TRUSTED_0171,V5DEV_108,0,STATUS,ORIGINAL,0,1,TG10_MULTITASK_EFFECT_RIDGE_BALANCED,GENERAL,1.0
PRIMARY_TRUSTED_0172,V5DEV_108,0,STATUS,ORIGINAL,0,1,TG10_MULTITASK_EFFECT_RIDGE_BALANCED,GENERAL,0.0
PRIMARY_TRUSTED_0181,V5DEV_121,1,STATUS,ORIGINAL,0,1,TG10_MULTITASK_EFFECT_RIDGE_BALANCED,GENERAL,1.0
PRIMARY_TRUSTED_0183,V5DEV_126,1,STATUS,ORIGINAL,0,1,TG10_MULTITASK_EFFECT_RIDGE_BALANCED,GENERAL,1.0
PRIMARY_TRUSTED_0184,V5DEV_126,1,STATUS,ORIGINAL,0,1,TG10_MULTITASK_EFFECT_RIDGE_BALANCED,GENERAL,0.0
PRIMARY_TRUSTED_0190,V5DEV_155,1,STATUS,ORIGINAL,0,1,TG10_MULTITASK_EFFECT_RIDGE_BALANCED,GENERAL,1.0
PRIMARY_TRUSTED_0004,V5DEVX_007,0,COMPETITIVE,E1,0,1,TG10_MULTITASK_EFFECT_RIDGE_BALANCED,TASK_CONDITIONED_DIAGNOSTIC,0.0
PRIMARY_TRUSTED_0005,V5DEVX_008,1,PROJECT,E1,0,1,TG10_MULTITASK_EFFECT_RIDGE_BALANCED,TASK_CONDITIONED_DIAGNOSTIC,1.0
PRIMARY_TRUSTED_0006,V5DEVX_008,0,PROJECT,E1,0,1,TG10_MULTITASK_EFFECT_RIDGE_BALANCED,TASK_CONDITIONED_DIAGNOSTIC,0.0
PRIMARY_TRUSTED_0007,V5DEVX_010,0,COMPETITIVE,E1,0,1,TG10_MULTITASK_EFFECT_RIDGE_BALANCED,TASK_CONDITIONED_DIAGNOSTIC,1.0
PRIMARY_TRUSTED_0008,V5DEVX_010,1,COMPETITIVE,E1,0,1,TG10_MULTITASK_EFFECT_RIDGE_BALANCED,TASK_CONDITIONED_DIAGNOSTIC,0.0
PRIMARY_TRUSTED_0009,V5DEVX_010,0,COMPETITIVE,E1,0,1,TG10_MULTITASK_EFFECT_RIDGE_BALANCED,TASK_CONDITIONED_DIAGNOSTIC,1.0
PRIMARY_TRUSTED_0010,V5DEVX_010,1,COMPETITIVE,E1,0,1,TG10_MULTITASK_EFFECT_RIDGE_BALANCED,TASK_CONDITIONED_DIAGNOSTIC,1.0
PRIMARY_TRUSTED_0033,V5DEVX_103,0,COMPETITIVE,E1,0,1,TG10_MULTITASK_EFFECT_RIDGE_BALANCED,TASK_CONDITIONED_DIAGNOSTIC,0.0
PRIMARY_TRUSTED_0034,V5DEVX_106,1,COMPETITIVE,E1,0,1,TG10_MULTITASK_EFFECT_RIDGE_BALANCED,TASK_CONDITIONED_DIAGNOSTIC,0.0
PRIMARY_TRUSTED_0036,V5DEVX_115,1,COMPETITIVE,E1,0,1,TG10_MULTITASK_EFFECT_RIDGE_BALANCED,TASK_CONDITIONED_DIAGNOSTIC,0.0
PRIMARY_TRUSTED_0037,V5DEVX_115,1,COMPETITIVE,E1,0,1,TG10_MULTITASK_EFFECT_RIDGE_BALANCED,TASK_CONDITIONED_DIAGNOSTIC,0.0
PRIMARY_TRUSTED_0061,V5DEVE2_007,1,COMPETITIVE,E2,0,1,TG10_MULTITASK_EFFECT_RIDGE_BALANCED,TASK_CONDITIONED_DIAGNOSTIC,0.0
PRIMARY_TRUSTED_0062,V5DEVE2_007,1,COMPETITIVE,E2,0,1,TG10_MULTITASK_EFFECT_RIDGE_BALANCED,TASK_CONDITIONED_DIAGNOSTIC,0.0
PRIMARY_TRUSTED_0069,V5DEVE2_027,1,STATUS,E2,0,1,TG10_MULTITASK_EFFECT_RIDGE_BALANCED,TASK_CONDITIONED_DIAGNOSTIC,0.0
PRIMARY_TRUSTED_0070,V5DEVE2_028,1,COMPETITIVE,E2,0,1,TG10_MULTITASK_EFFECT_RIDGE_BALANCED,TASK_CONDITIONED_DIAGNOSTIC,0.0
PRIMARY_TRUSTED_0080,V5DEVE2_160,1,STATUS,E2,0,1,TG10_MULTITASK_EFFECT_RIDGE_BALANCED,TASK_CONDITIONED_DIAGNOSTIC,1.0
PRIMARY_TRUSTED_0090,V5DEV_008,0,COMPETITIVE,ORIGINAL,0,1,TG10_MULTITASK_EFFECT_RIDGE_BALANCED,TASK_CONDITIONED_DIAGNOSTIC,0.0
PRIMARY_TRUSTED_0091,V5DEV_008,0,COMPETITIVE,ORIGINAL,0,1,TG10_MULTITASK_EFFECT_RIDGE_BALANCED,TASK_CONDITIONED_DIAGNOSTIC,0.0
PRIMARY_TRUSTED_0093,V5DEV_010,0,COMPETITIVE,ORIGINAL,0,1,TG10_MULTITASK_EFFECT_RIDGE_BALANCED,TASK_CONDITIONED_DIAGNOSTIC,1.0
PRIMARY_TRUSTED_0130,V5DEV_030,0,COMPETITIVE,ORIGINAL,0,1,TG10_MULTITASK_EFFECT_RIDGE_BALANCED,TASK_CONDITIONED_DIAGNOSTIC,1.0
PRIMARY_TRUSTED_0131,V5DEV_030,0,COMPETITIVE,ORIGINAL,0,1,TG10_MULTITASK_EFFECT_RIDGE_BALANCED,TASK_CONDITIONED_DIAGNOSTIC,1.0
PRIMARY_TRUSTED_0132,V5DEV_030,0,COMPETITIVE,ORIGINAL,0,1,TG10_MULTITASK_EFFECT_RIDGE_BALANCED,TASK_CONDITIONED_DIAGNOSTIC,1.0
PRIMARY_TRUSTED_0133,V5DEV_030,1,COMPETITIVE,ORIGINAL,0,1,TG10_MULTITASK_EFFECT_RIDGE_BALANCED,TASK_CONDITIONED_DIAGNOSTIC,0.0
PRIMARY_TRUSTED_0134,V5DEV_030,1,COMPETITIVE,ORIGINAL,0,1,TG10_MULTITASK_EFFECT_RIDGE_BALANCED,TASK_CONDITIONED_DIAGNOSTIC,0.0
PRIMARY_TRUSTED_0135,V5DEV_030,1,COMPETITIVE,ORIGINAL,0,1,TG10_MULTITASK_EFFECT_RIDGE_BALANCED,TASK_CONDITIONED_DIAGNOSTIC,0.0
PRIMARY_TRUSTED_0136,V5DEV_030,1,COMPETITIVE,ORIGINAL,0,1,TG10_MULTITASK_EFFECT_RIDGE_BALANCED,TASK_CONDITIONED_DIAGNOSTIC,1.0
PRIMARY_TRUSTED_0140,V5DEV_035,0,COMPETITIVE,ORIGINAL,0,1,TG10_MULTITASK_EFFECT_RIDGE_BALANCED,TASK_CONDITIONED_DIAGNOSTIC,1.0
PRIMARY_TRUSTED_0141,V5DEV_035,0,COMPETITIVE,ORIGINAL,0,1,TG10_MULTITASK_EFFECT_RIDGE_BALANCED,TASK_CONDITIONED_DIAGNOSTIC,1.0
PRIMARY_TRUSTED_0156,V5DEV_039,1,COMPETITIVE,ORIGINAL,0,1,TG10_MULTITASK_EFFECT_RIDGE_BALANCED,TASK_CONDITIONED_DIAGNOSTIC,1.0
PRIMARY_TRUSTED_0157,V5DEV_039,1,COMPETITIVE,ORIGINAL,0,1,TG10_MULTITASK_EFFECT_RIDGE_BALANCED,TASK_CONDITIONED_DIAGNOSTIC,1.0
PRIMARY_TRUSTED_0158,V5DEV_039,1,COMPETITIVE,ORIGINAL,0,1,TG10_MULTITASK_EFFECT_RIDGE_BALANCED,TASK_CONDITIONED_DIAGNOSTIC,0.0
PRIMARY_TRUSTED_0170,V5DEV_108,1,STATUS,ORIGINAL,0,1,TG10_MULTITASK_EFFECT_RIDGE_BALANCED,TASK_CONDITIONED_DIAGNOSTIC,1.0
PRIMARY_TRUSTED_0171,V5DEV_108,0,STATUS,ORIGINAL,0,1,TG10_MULTITASK_EFFECT_RIDGE_BALANCED,TASK_CONDITIONED_DIAGNOSTIC,1.0
PRIMARY_TRUSTED_0172,V5DEV_108,0,STATUS,ORIGINAL,0,1,TG10_MULTITASK_EFFECT_RIDGE_BALANCED,TASK_CONDITIONED_DIAGNOSTIC,1.0
PRIMARY_TRUSTED_0181,V5DEV_121,1,STATUS,ORIGINAL,0,1,TG10_MULTITASK_EFFECT_RIDGE_BALANCED,TASK_CONDITIONED_DIAGNOSTIC,1.0
PRIMARY_TRUSTED_0183,V5DEV_126,1,STATUS,ORIGINAL,0,1,TG10_MULTITASK_EFFECT_RIDGE_BALANCED,TASK_CONDITIONED_DIAGNOSTIC,1.0
PRIMARY_TRUSTED_0184,V5DEV_126,1,STATUS,ORIGINAL,0,1,TG10_MULTITASK_EFFECT_RIDGE_BALANCED,TASK_CONDITIONED_DIAGNOSTIC,0.0
PRIMARY_TRUSTED_0190,V5DEV_155,1,STATUS,ORIGINAL,0,1,TG10_MULTITASK_EFFECT_RIDGE_BALANCED,TASK_CONDITIONED_DIAGNOSTIC,1.0
PRIMARY_TRUSTED_0012,V5DEVX_025,1,COMPETITIVE,E1,0,2,TG10_SHARED_RIDGE_BALANCED,GENERAL,0.0
PRIMARY_TRUSTED_0013,V5DEVX_025,1,COMPETITIVE,E1,0,2,TG10_SHARED_RIDGE_BALANCED,GENERAL,0.0
PRIMARY_TRUSTED_0020,V5DEVX_048,1,STATUS,E1,0,2,TG10_SHARED_RIDGE_BALANCED,GENERAL,0.0
PRIMARY_TRUSTED_0029,V5DEVX_066,1,COMPETITIVE,E1,0,2,TG10_SHARED_RIDGE_BALANCED,GENERAL,0.0
PRIMARY_TRUSTED_0035,V5DEVX_108,1,STATUS,E1,0,2,TG10_SHARED_RIDGE_BALANCED,GENERAL,1.0
PRIMARY_TRUSTED_0048,V5DEVX_147,1,STATUS,E1,0,2,TG10_SHARED_RIDGE_BALANCED,GENERAL,0.0
PRIMARY_TRUSTED_0052,V5DEVX_154,1,COMPETITIVE,E1,0,2,TG10_SHARED_RIDGE_BALANCED,GENERAL,1.0
PRIMARY_TRUSTED_0053,V5DEVX_154,0,COMPETITIVE,E1,0,2,TG10_SHARED_RIDGE_BALANCED,GENERAL,1.0
PRIMARY_TRUSTED_0054,V5DEVX_154,1,COMPETITIVE,E1,0,2,TG10_SHARED_RIDGE_BALANCED,GENERAL,1.0
PRIMARY_TRUSTED_0055,V5DEVX_154,1,COMPETITIVE,E1,0,2,TG10_SHARED_RIDGE_BALANCED,GENERAL,0.0
PRIMARY_TRUSTED_0056,V5DEVX_154,0,COMPETITIVE,E1,0,2,TG10_SHARED_RIDGE_BALANCED,GENERAL,1.0
PRIMARY_TRUSTED_0057,V5DEVX_154,0,COMPETITIVE,E1,0,2,TG10_SHARED_RIDGE_BALANCED,GENERAL,0.0
PRIMARY_TRUSTED_0066,V5DEVE2_015,1,STATUS,E2,0,2,TG10_SHARED_RIDGE_BALANCED,GENERAL,0.0
PRIMARY_TRUSTED_0067,V5DEVE2_022,1,COMPETITIVE,E2,0,2,TG10_SHARED_RIDGE_BALANCED,GENERAL,1.0
PRIMARY_TRUSTED_0068,V5DEVE2_022,0,COMPETITIVE,E2,0,2,TG10_SHARED_RIDGE_BALANCED,GENERAL,0.0
PRIMARY_TRUSTED_0074,V5DEVE2_083,1,COMPETITIVE,E2,0,2,TG10_SHARED_RIDGE_BALANCED,GENERAL,1.0
PRIMARY_TRUSTED_0079,V5DEVE2_154,0,COMPETITIVE,E2,0,2,TG10_SHARED_RIDGE_BALANCED,GENERAL,0.0
PRIMARY_TRUSTED_0084,V5DEV_005,1,COMPETITIVE,ORIGINAL,0,2,TG10_SHARED_RIDGE_BALANCED,GENERAL,0.0
PRIMARY_TRUSTED_0085,V5DEV_005,1,COMPETITIVE,ORIGINAL,0,2,TG10_SHARED_RIDGE_BALANCED,GENERAL,1.0
PRIMARY_TRUSTED_0086,V5DEV_005,1,COMPETITIVE,ORIGINAL,0,2,TG10_SHARED_RIDGE_BALANCED,GENERAL,1.0
PRIMARY_TRUSTED_0087,V5DEV_005,1,COMPETITIVE,ORIGINAL,0,2,TG10_SHARED_RIDGE_BALANCED,GENERAL,1.0
PRIMARY_TRUSTED_0088,V5DEV_005,0,COMPETITIVE,ORIGINAL,0,2,TG10_SHARED_RIDGE_BALANCED,GENERAL,0.0
PRIMARY_TRUSTED_0089,V5DEV_007,0,COMPETITIVE,ORIGINAL,0,2,TG10_SHARED_RIDGE_BALANCED,GENERAL,1.0
PRIMARY_TRUSTED_0096,V5DEV_012,0,COMPETITIVE,ORIGINAL,0,2,TG10_SHARED_RIDGE_BALANCED,GENERAL,1.0
PRIMARY_TRUSTED_0097,V5DEV_012,1,COMPETITIVE,ORIGINAL,0,2,TG10_SHARED_RIDGE_BALANCED,GENERAL,0.0
PRIMARY_TRUSTED_0100,V5DEV_014,0,COMPETITIVE,ORIGINAL,0,2,TG10_SHARED_RIDGE_BALANCED,GENERAL,1.0
PRIMARY_TRUSTED_0101,V5DEV_014,1,COMPETITIVE,ORIGINAL,0,2,TG10_SHARED_RIDGE_BALANCED,GENERAL,1.0
PRIMARY_TRUSTED_0102,V5DEV_014,1,COMPETITIVE,ORIGINAL,0,2,TG10_SHARED_RIDGE_BALANCED,GENERAL,1.0
PRIMARY_TRUSTED_0103,V5DEV_014,0,COMPETITIVE,ORIGINAL,0,2,TG10_SHARED_RIDGE_BALANCED,GENERAL,0.0
PRIMARY_TRUSTED_0108,V5DEV_022,1,COMPETITIVE,ORIGINAL,0,2,TG10_SHARED_RIDGE_BALANCED,GENERAL,1.0
PRIMARY_TRUSTED_0159,V5DEV_040,0,COMPETITIVE,ORIGINAL,0,2,TG10_SHARED_RIDGE_BALANCED,GENERAL,1.0
PRIMARY_TRUSTED_0165,V5DEV_084,1,PROJECT,ORIGINAL,0,2,TG10_SHARED_RIDGE_BALANCED,GENERAL,1.0
PRIMARY_TRUSTED_0166,V5DEV_084,0,PROJECT,ORIGINAL,0,2,TG10_SHARED_RIDGE_BALANCED,GENERAL,0.0
PRIMARY_TRUSTED_0167,V5DEV_084,0,PROJECT,ORIGINAL,0,2,TG10_SHARED_RIDGE_BALANCED,GENERAL,0.0
PRIMARY_TRUSTED_0186,V5DEV_138,1,STATUS,ORIGINAL,0,2,TG10_SHARED_RIDGE_BALANCED,GENERAL,1.0
PRIMARY_TRUSTED_0187,V5DEV_138,0,STATUS,ORIGINAL,0,2,TG10_SHARED_RIDGE_BALANCED,GENERAL,1.0
PRIMARY_TRUSTED_0188,V5DEV_150,1,STATUS,ORIGINAL,0,2,TG10_SHARED_RIDGE_BALANCED,GENERAL,1.0
PRIMARY_TRUSTED_0192,V5DEV_158,1,STATUS,ORIGINAL,0,2,TG10_SHARED_RIDGE_BALANCED,GENERAL,1.0
PRIMARY_TRUSTED_0193,V5DEV_158,0,STATUS,ORIGINAL,0,2,TG10_SHARED_RIDGE_BALANCED,GENERAL,1.0
PRIMARY_TRUSTED_0012,V5DEVX_025,1,COMPETITIVE,E1,0,2,TG10_MULTITASK_EFFECT_RIDGE_BALANCED,GENERAL,0.0
PRIMARY_TRUSTED_0013,V5DEVX_025,1,COMPETITIVE,E1,0,2,TG10_MULTITASK_EFFECT_RIDGE_BALANCED,GENERAL,0.0
PRIMARY_TRUSTED_0020,V5DEVX_048,1,STATUS,E1,0,2,TG10_MULTITASK_EFFECT_RIDGE_BALANCED,GENERAL,0.0
PRIMARY_TRUSTED_0029,V5DEVX_066,1,COMPETITIVE,E1,0,2,TG10_MULTITASK_EFFECT_RIDGE_BALANCED,GENERAL,1.0
PRIMARY_TRUSTED_0035,V5DEVX_108,1,STATUS,E1,0,2,TG10_MULTITASK_EFFECT_RIDGE_BALANCED,GENERAL,1.0
PRIMARY_TRUSTED_0048,V5DEVX_147,1,STATUS,E1,0,2,TG10_MULTITASK_EFFECT_RIDGE_BALANCED,GENERAL,1.0
PRIMARY_TRUSTED_0052,V5DEVX_154,1,COMPETITIVE,E1,0,2,TG10_MULTITASK_EFFECT_RIDGE_BALANCED,GENERAL,1.0
PRIMARY_TRUSTED_0053,V5DEVX_154,0,COMPETITIVE,E1,0,2,TG10_MULTITASK_EFFECT_RIDGE_BALANCED,GENERAL,0.0
PRIMARY_TRUSTED_0054,V5DEVX_154,1,COMPETITIVE,E1,0,2,TG10_MULTITASK_EFFECT_RIDGE_BALANCED,GENERAL,1.0
PRIMARY_TRUSTED_0055,V5DEVX_154,1,COMPETITIVE,E1,0,2,TG10_MULTITASK_EFFECT_RIDGE_BALANCED,GENERAL,0.0
PRIMARY_TRUSTED_0056,V5DEVX_154,0,COMPETITIVE,E1,0,2,TG10_MULTITASK_EFFECT_RIDGE_BALANCED,GENERAL,1.0
PRIMARY_TRUSTED_0057,V5DEVX_154,0,COMPETITIVE,E1,0,2,TG10_MULTITASK_EFFECT_RIDGE_BALANCED,GENERAL,0.0
PRIMARY_TRUSTED_0066,V5DEVE2_015,1,STATUS,E2,0,2,TG10_MULTITASK_EFFECT_RIDGE_BALANCED,GENERAL,1.0
PRIMARY_TRUSTED_0067,V5DEVE2_022,1,COMPETITIVE,E2,0,2,TG10_MULTITASK_EFFECT_RIDGE_BALANCED,GENERAL,0.0
PRIMARY_TRUSTED_0068,V5DEVE2_022,0,COMPETITIVE,E2,0,2,TG10_MULTITASK_EFFECT_RIDGE_BALANCED,GENERAL,0.0
PRIMARY_TRUSTED_0074,V5DEVE2_083,1,COMPETITIVE,E2,0,2,TG10_MULTITASK_EFFECT_RIDGE_BALANCED,GENERAL,0.0
PRIMARY_TRUSTED_0079,V5DEVE2_154,0,COMPETITIVE,E2,0,2,TG10_MULTITASK_EFFECT_RIDGE_BALANCED,GENERAL,0.0
PRIMARY_TRUSTED_0084,V5DEV_005,1,COMPETITIVE,ORIGINAL,0,2,TG10_MULTITASK_EFFECT_RIDGE_BALANCED,GENERAL,1.0
PRIMARY_TRUSTED_0085,V5DEV_005,1,COMPETITIVE,ORIGINAL,0,2,TG10_MULTITASK_EFFECT_RIDGE_BALANCED,GENERAL,1.0
PRIMARY_TRUSTED_0086,V5DEV_005,1,COMPETITIVE,ORIGINAL,0,2,TG10_MULTITASK_EFFECT_RIDGE_BALANCED,GENERAL,1.0
PRIMARY_TRUSTED_0087,V5DEV_005,1,COMPETITIVE,ORIGINAL,0,2,TG10_MULTITASK_EFFECT_RIDGE_BALANCED,GENERAL,1.0
PRIMARY_TRUSTED_0088,V5DEV_005,0,COMPETITIVE,ORIGINAL,0,2,TG10_MULTITASK_EFFECT_RIDGE_BALANCED,GENERAL,1.0
PRIMARY_TRUSTED_0089,V5DEV_007,0,COMPETITIVE,ORIGINAL,0,2,TG10_MULTITASK_EFFECT_RIDGE_BALANCED,GENERAL,1.0
PRIMARY_TRUSTED_0096,V5DEV_012,0,COMPETITIVE,ORIGINAL,0,2,TG10_MULTITASK_EFFECT_RIDGE_BALANCED,GENERAL,0.0
PRIMARY_TRUSTED_0097,V5DEV_012,1,COMPETITIVE,ORIGINAL,0,2,TG10_MULTITASK_EFFECT_RIDGE_BALANCED,GENERAL,0.0
PRIMARY_TRUSTED_0100,V5DEV_014,0,COMPETITIVE,ORIGINAL,0,2,TG10_MULTITASK_EFFECT_RIDGE_BALANCED,GENERAL,1.0
PRIMARY_TRUSTED_0101,V5DEV_014,1,COMPETITIVE,ORIGINAL,0,2,TG10_MULTITASK_EFFECT_RIDGE_BALANCED,GENERAL,0.0
PRIMARY_TRUSTED_0102,V5DEV_014,1,COMPETITIVE,ORIGINAL,0,2,TG10_MULTITASK_EFFECT_RIDGE_BALANCED,GENERAL,0.0
PRIMARY_TRUSTED_0103,V5DEV_014,0,COMPETITIVE,ORIGINAL,0,2,TG10_MULTITASK_EFFECT_RIDGE_BALANCED,GENERAL,1.0
PRIMARY_TRUSTED_0108,V5DEV_022,1,COMPETITIVE,ORIGINAL,0,2,TG10_MULTITASK_EFFECT_RIDGE_BALANCED,GENERAL,1.0
PRIMARY_TRUSTED_0159,V5DEV_040,0,COMPETITIVE,ORIGINAL,0,2,TG10_MULTITASK_EFFECT_RIDGE_BALANCED,GENERAL,1.0
PRIMARY_TRUSTED_0165,V5DEV_084,1,PROJECT,ORIGINAL,0,2,TG10_MULTITASK_EFFECT_RIDGE_BALANCED,GENERAL,0.0
PRIMARY_TRUSTED_0166,V5DEV_084,0,PROJECT,ORIGINAL,0,2,TG10_MULTITASK_EFFECT_RIDGE_BALANCED,GENERAL,1.0
PRIMARY_TRUSTED_0167,V5DEV_084,0,PROJECT,ORIGINAL,0,2,TG10_MULTITASK_EFFECT_RIDGE_BALANCED,GENERAL,0.0
PRIMARY_TRUSTED_0186,V5DEV_138,1,STATUS,ORIGINAL,0,2,TG10_MULTITASK_EFFECT_RIDGE_BALANCED,GENERAL,1.0
PRIMARY_TRUSTED_0187,V5DEV_138,0,STATUS,ORIGINAL,0,2,TG10_MULTITASK_EFFECT_RIDGE_BALANCED,GENERAL,0.0
PRIMARY_TRUSTED_0188,V5DEV_150,1,STATUS,ORIGINAL,0,2,TG10_MULTITASK_EFFECT_RIDGE_BALANCED,GENERAL,1.0
PRIMARY_TRUSTED_0192,V5DEV_158,1,STATUS,ORIGINAL,0,2,TG10_MULTITASK_EFFECT_RIDGE_BALANCED,GENERAL,0.0
PRIMARY_TRUSTED_0193,V5DEV_158,0,STATUS,ORIGINAL,0,2,TG10_MULTITASK_EFFECT_RIDGE_BALANCED,GENERAL,1.0
PRIMARY_TRUSTED_0012,V5DEVX_025,1,COMPETITIVE,E1,0,2,TG10_MULTITASK_EFFECT_RIDGE_BALANCED,TASK_CONDITIONED_DIAGNOSTIC,1.0
PRIMARY_TRUSTED_0013,V5DEVX_025,1,COMPETITIVE,E1,0,2,TG10_MULTITASK_EFFECT_RIDGE_BALANCED,TASK_CONDITIONED_DIAGNOSTIC,1.0
PRIMARY_TRUSTED_0020,V5DEVX_048,1,STATUS,E1,0,2,TG10_MULTITASK_EFFECT_RIDGE_BALANCED,TASK_CONDITIONED_DIAGNOSTIC,1.0
PRIMARY_TRUSTED_0029,V5DEVX_066,1,COMPETITIVE,E1,0,2,TG10_MULTITASK_EFFECT_RIDGE_BALANCED,TASK_CONDITIONED_DIAGNOSTIC,1.0
PRIMARY_TRUSTED_0035,V5DEVX_108,1,STATUS,E1,0,2,TG10_MULTITASK_EFFECT_RIDGE_BALANCED,TASK_CONDITIONED_DIAGNOSTIC,1.0
PRIMARY_TRUSTED_0048,V5DEVX_147,1,STATUS,E1,0,2,TG10_MULTITASK_EFFECT_RIDGE_BALANCED,TASK_CONDITIONED_DIAGNOSTIC,1.0
PRIMARY_TRUSTED_0052,V5DEVX_154,1,COMPETITIVE,E1,0,2,TG10_MULTITASK_EFFECT_RIDGE_BALANCED,TASK_CONDITIONED_DIAGNOSTIC,0.0
PRIMARY_TRUSTED_0053,V5DEVX_154,0,COMPETITIVE,E1,0,2,TG10_MULTITASK_EFFECT_RIDGE_BALANCED,TASK_CONDITIONED_DIAGNOSTIC,1.0
PRIMARY_TRUSTED_0054,V5DEVX_154,1,COMPETITIVE,E1,0,2,TG10_MULTITASK_EFFECT_RIDGE_BALANCED,TASK_CONDITIONED_DIAGNOSTIC,1.0
PRIMARY_TRUSTED_0055,V5DEVX_154,1,COMPETITIVE,E1,0,2,TG10_MULTITASK_EFFECT_RIDGE_BALANCED,TASK_CONDITIONED_DIAGNOSTIC,1.0
PRIMARY_TRUSTED_0056,V5DEVX_154,0,COMPETITIVE,E1,0,2,TG10_MULTITASK_EFFECT_RIDGE_BALANCED,TASK_CONDITIONED_DIAGNOSTIC,0.0
PRIMARY_TRUSTED_0057,V5DEVX_154,0,COMPETITIVE,E1,0,2,TG10_MULTITASK_EFFECT_RIDGE_BALANCED,TASK_CONDITIONED_DIAGNOSTIC,1.0
PRIMARY_TRUSTED_0066,V5DEVE2_015,1,STATUS,E2,0,2,TG10_MULTITASK_EFFECT_RIDGE_BALANCED,TASK_CONDITIONED_DIAGNOSTIC,0.0
PRIMARY_TRUSTED_0067,V5DEVE2_022,1,COMPETITIVE,E2,0,2,TG10_MULTITASK_EFFECT_RIDGE_BALANCED,TASK_CONDITIONED_DIAGNOSTIC,0.0
PRIMARY_TRUSTED_0068,V5DEVE2_022,0,COMPETITIVE,E2,0,2,TG10_MULTITASK_EFFECT_RIDGE_BALANCED,TASK_CONDITIONED_DIAGNOSTIC,0.0
PRIMARY_TRUSTED_0074,V5DEVE2_083,1,COMPETITIVE,E2,0,2,TG10_MULTITASK_EFFECT_RIDGE_BALANCED,TASK_CONDITIONED_DIAGNOSTIC,0.0
PRIMARY_TRUSTED_0079,V5DEVE2_154,0,COMPETITIVE,E2,0,2,TG10_MULTITASK_EFFECT_RIDGE_BALANCED,TASK_CONDITIONED_DIAGNOSTIC,0.0
PRIMARY_TRUSTED_0084,V5DEV_005,1,COMPETITIVE,ORIGINAL,0,2,TG10_MULTITASK_EFFECT_RIDGE_BALANCED,TASK_CONDITIONED_DIAGNOSTIC,1.0
PRIMARY_TRUSTED_0085,V5DEV_005,1,COMPETITIVE,ORIGINAL,0,2,TG10_MULTITASK_EFFECT_RIDGE_BALANCED,TASK_CONDITIONED_DIAGNOSTIC,1.0
PRIMARY_TRUSTED_0086,V5DEV_005,1,COMPETITIVE,ORIGINAL,0,2,TG10_MULTITASK_EFFECT_RIDGE_BALANCED,TASK_CONDITIONED_DIAGNOSTIC,1.0
PRIMARY_TRUSTED_0087,V5DEV_005,1,COMPETITIVE,ORIGINAL,0,2,TG10_MULTITASK_EFFECT_RIDGE_BALANCED,TASK_CONDITIONED_DIAGNOSTIC,1.0
PRIMARY_TRUSTED_0088,V5DEV_005,0,COMPETITIVE,ORIGINAL,0,2,TG10_MULTITASK_EFFECT_RIDGE_BALANCED,TASK_CONDITIONED_DIAGNOSTIC,1.0
PRIMARY_TRUSTED_0089,V5DEV_007,0,COMPETITIVE,ORIGINAL,0,2,TG10_MULTITASK_EFFECT_RIDGE_BALANCED,TASK_CONDITIONED_DIAGNOSTIC,1.0
PRIMARY_TRUSTED_0096,V5DEV_012,0,COMPETITIVE,ORIGINAL,0,2,TG10_MULTITASK_EFFECT_RIDGE_BALANCED,TASK_CONDITIONED_DIAGNOSTIC,1.0
PRIMARY_TRUSTED_0097,V5DEV_012,1,COMPETITIVE,ORIGINAL,0,2,TG10_MULTITASK_EFFECT_RIDGE_BALANCED,TASK_CONDITIONED_DIAGNOSTIC,0.0
PRIMARY_TRUSTED_0100,V5DEV_014,0,COMPETITIVE,ORIGINAL,0,2,TG10_MULTITASK_EFFECT_RIDGE_BALANCED,TASK_CONDITIONED_DIAGNOSTIC,1.0
PRIMARY_TRUSTED_0101,V5DEV_014,1,COMPETITIVE,ORIGINAL,0,2,TG10_MULTITASK_EFFECT_RIDGE_BALANCED,TASK_CONDITIONED_DIAGNOSTIC,1.0
PRIMARY_TRUSTED_0102,V5DEV_014,1,COMPETITIVE,ORIGINAL,0,2,TG10_MULTITASK_EFFECT_RIDGE_BALANCED,TASK_CONDITIONED_DIAGNOSTIC,1.0
PRIMARY_TRUSTED_0103,V5DEV_014,0,COMPETITIVE,ORIGINAL,0,2,TG10_MULTITASK_EFFECT_RIDGE_BALANCED,TASK_CONDITIONED_DIAGNOSTIC,1.0
PRIMARY_TRUSTED_0108,V5DEV_022,1,COMPETITIVE,ORIGINAL,0,2,TG10_MULTITASK_EFFECT_RIDGE_BALANCED,TASK_CONDITIONED_DIAGNOSTIC,0.0
PRIMARY_TRUSTED_0159,V5DEV_040,0,COMPETITIVE,ORIGINAL,0,2,TG10_MULTITASK_EFFECT_RIDGE_BALANCED,TASK_CONDITIONED_DIAGNOSTIC,1.0
PRIMARY_TRUSTED_0165,V5DEV_084,1,PROJECT,ORIGINAL,0,2,TG10_MULTITASK_EFFECT_RIDGE_BALANCED,TASK_CONDITIONED_DIAGNOSTIC,0.0
PRIMARY_TRUSTED_0166,V5DEV_084,0,PROJECT,ORIGINAL,0,2,TG10_MULTITASK_EFFECT_RIDGE_BALANCED,TASK_CONDITIONED_DIAGNOSTIC,0.0
PRIMARY_TRUSTED_0167,V5DEV_084,0,PROJECT,ORIGINAL,0,2,TG10_MULTITASK_EFFECT_RIDGE_BALANCED,TASK_CONDITIONED_DIAGNOSTIC,0.0
PRIMARY_TRUSTED_0186,V5DEV_138,1,STATUS,ORIGINAL,0,2,TG10_MULTITASK_EFFECT_RIDGE_BALANCED,TASK_CONDITIONED_DIAGNOSTIC,1.0
PRIMARY_TRUSTED_0187,V5DEV_138,0,STATUS,ORIGINAL,0,2,TG10_MULTITASK_EFFECT_RIDGE_BALANCED,TASK_CONDITIONED_DIAGNOSTIC,1.0
PRIMARY_TRUSTED_0188,V5DEV_150,1,STATUS,ORIGINAL,0,2,TG10_MULTITASK_EFFECT_RIDGE_BALANCED,TASK_CONDITIONED_DIAGNOSTIC,1.0
PRIMARY_TRUSTED_0192,V5DEV_158,1,STATUS,ORIGINAL,0,2,TG10_MULTITASK_EFFECT_RIDGE_BALANCED,TASK_CONDITIONED_DIAGNOSTIC,0.0
PRIMARY_TRUSTED_0193,V5DEV_158,0,STATUS,ORIGINAL,0,2,TG10_MULTITASK_EFFECT_RIDGE_BALANCED,TASK_CONDITIONED_DIAGNOSTIC,1.0
PRIMARY_TRUSTED_0011,V5DEVX_017,1,STATUS,E1,0,3,TG10_SHARED_RIDGE_BALANCED,GENERAL,0.0
PRIMARY_TRUSTED_0014,V5DEVX_031,0,COMPETITIVE,E1,0,3,TG10_SHARED_RIDGE_BALANCED,GENERAL,0.0
PRIMARY_TRUSTED_0015,V5DEVX_031,0,COMPETITIVE,E1,0,3,TG10_SHARED_RIDGE_BALANCED,GENERAL,0.0
PRIMARY_TRUSTED_0026,V5DEVX_052,0,COMPETITIVE,E1,0,3,TG10_SHARED_RIDGE_BALANCED,GENERAL,1.0
PRIMARY_TRUSTED_0030,V5DEVX_089,1,COMPETITIVE,E1,0,3,TG10_SHARED_RIDGE_BALANCED,GENERAL,0.0
PRIMARY_TRUSTED_0031,V5DEVX_089,0,COMPETITIVE,E1,0,3,TG10_SHARED_RIDGE_BALANCED,GENERAL,0.0
PRIMARY_TRUSTED_0032,V5DEVX_089,1,COMPETITIVE,E1,0,3,TG10_SHARED_RIDGE_BALANCED,GENERAL,0.0
PRIMARY_TRUSTED_0038,V5DEVX_122,1,STATUS,E1,0,3,TG10_SHARED_RIDGE_BALANCED,GENERAL,1.0
PRIMARY_TRUSTED_0040,V5DEVX_131,0,STATUS,E1,0,3,TG10_SHARED_RIDGE_BALANCED,GENERAL,1.0
PRIMARY_TRUSTED_0041,V5DEVX_131,1,STATUS,E1,0,3,TG10_SHARED_RIDGE_BALANCED,GENERAL,1.0
PRIMARY_TRUSTED_0042,V5DEVX_131,0,STATUS,E1,0,3,TG10_SHARED_RIDGE_BALANCED,GENERAL,1.0
PRIMARY_TRUSTED_0043,V5DEVX_131,1,STATUS,E1,0,3,TG10_SHARED_RIDGE_BALANCED,GENERAL,1.0
PRIMARY_TRUSTED_0063,V5DEVE2_009,1,STATUS,E2,0,3,TG10_SHARED_RIDGE_BALANCED,GENERAL,0.0
PRIMARY_TRUSTED_0064,V5DEVE2_013,1,COMPETITIVE,E2,0,3,TG10_SHARED_RIDGE_BALANCED,GENERAL,1.0
PRIMARY_TRUSTED_0065,V5DEVE2_013,0,COMPETITIVE,E2,0,3,TG10_SHARED_RIDGE_BALANCED,GENERAL,0.0
PRIMARY_TRUSTED_0073,V5DEVE2_080,1,STATUS,E2,0,3,TG10_SHARED_RIDGE_BALANCED,GENERAL,1.0
PRIMARY_TRUSTED_0081,V5DEV_001,0,COMPETITIVE,ORIGINAL,0,3,TG10_SHARED_RIDGE_BALANCED,GENERAL,1.0
PRIMARY_TRUSTED_0082,V5DEV_001,0,COMPETITIVE,ORIGINAL,0,3,TG10_SHARED_RIDGE_BALANCED,GENERAL,1.0
PRIMARY_TRUSTED_0083,V5DEV_003,0,COMPETITIVE,ORIGINAL,0,3,TG10_SHARED_RIDGE_BALANCED,GENERAL,0.0
PRIMARY_TRUSTED_0092,V5DEV_009,1,COMPETITIVE,ORIGINAL,0,3,TG10_SHARED_RIDGE_BALANCED,GENERAL,1.0
PRIMARY_TRUSTED_0106,V5DEV_017,1,COMPETITIVE,ORIGINAL,0,3,TG10_SHARED_RIDGE_BALANCED,GENERAL,0.0
PRIMARY_TRUSTED_0126,V5DEV_028,1,COMPETITIVE,ORIGINAL,0,3,TG10_SHARED_RIDGE_BALANCED,GENERAL,0.0
PRIMARY_TRUSTED_0127,V5DEV_028,1,COMPETITIVE,ORIGINAL,0,3,TG10_SHARED_RIDGE_BALANCED,GENERAL,0.0
PRIMARY_TRUSTED_0138,V5DEV_034,1,COMPETITIVE,ORIGINAL,0,3,TG10_SHARED_RIDGE_BALANCED,GENERAL,1.0
PRIMARY_TRUSTED_0139,V5DEV_034,1,COMPETITIVE,ORIGINAL,0,3,TG10_SHARED_RIDGE_BALANCED,GENERAL,0.0
PRIMARY_TRUSTED_0142,V5DEV_036,1,COMPETITIVE,ORIGINAL,0,3,TG10_SHARED_RIDGE_BALANCED,GENERAL,0.0
PRIMARY_TRUSTED_0143,V5DEV_036,1,COMPETITIVE,ORIGINAL,0,3,TG10_SHARED_RIDGE_BALANCED,GENERAL,0.0
PRIMARY_TRUSTED_0144,V5DEV_036,0,COMPETITIVE,ORIGINAL,0,3,TG10_SHARED_RIDGE_BALANCED,GENERAL,0.0
PRIMARY_TRUSTED_0145,V5DEV_036,0,COMPETITIVE,ORIGINAL,0,3,TG10_SHARED_RIDGE_BALANCED,GENERAL,1.0
PRIMARY_TRUSTED_0146,V5DEV_036,1,COMPETITIVE,ORIGINAL,0,3,TG10_SHARED_RIDGE_BALANCED,GENERAL,0.0
PRIMARY_TRUSTED_0147,V5DEV_036,1,COMPETITIVE,ORIGINAL,0,3,TG10_SHARED_RIDGE_BALANCED,GENERAL,0.0
PRIMARY_TRUSTED_0148,V5DEV_037,0,COMPETITIVE,ORIGINAL,0,3,TG10_SHARED_RIDGE_BALANCED,GENERAL,1.0
PRIMARY_TRUSTED_0149,V5DEV_037,1,COMPETITIVE,ORIGINAL,0,3,TG10_SHARED_RIDGE_BALANCED,GENERAL,1.0
PRIMARY_TRUSTED_0150,V5DEV_037,1,COMPETITIVE,ORIGINAL,0,3,TG10_SHARED_RIDGE_BALANCED,GENERAL,0.0
PRIMARY_TRUSTED_0151,V5DEV_037,1,COMPETITIVE,ORIGINAL,0,3,TG10_SHARED_RIDGE_BALANCED,GENERAL,0.0
PRIMARY_TRUSTED_0161,V5DEV_064,0,PROJECT,ORIGINAL,0,3,TG10_SHARED_RIDGE_BALANCED,GENERAL,1.0
PRIMARY_TRUSTED_0163,V5DEV_079,1,PROJECT,ORIGINAL,0,3,TG10_SHARED_RIDGE_BALANCED,GENERAL,1.0
PRIMARY_TRUSTED_0169,V5DEV_106,1,STATUS,ORIGINAL,0,3,TG10_SHARED_RIDGE_BALANCED,GENERAL,1.0
PRIMARY_TRUSTED_0182,V5DEV_125,0,STATUS,ORIGINAL,0,3,TG10_SHARED_RIDGE_BALANCED,GENERAL,1.0
PRIMARY_TRUSTED_0011,V5DEVX_017,1,STATUS,E1,0,3,TG10_MULTITASK_EFFECT_RIDGE_BALANCED,GENERAL,1.0
PRIMARY_TRUSTED_0014,V5DEVX_031,0,COMPETITIVE,E1,0,3,TG10_MULTITASK_EFFECT_RIDGE_BALANCED,GENERAL,0.0
PRIMARY_TRUSTED_0015,V5DEVX_031,0,COMPETITIVE,E1,0,3,TG10_MULTITASK_EFFECT_RIDGE_BALANCED,GENERAL,1.0
PRIMARY_TRUSTED_0026,V5DEVX_052,0,COMPETITIVE,E1,0,3,TG10_MULTITASK_EFFECT_RIDGE_BALANCED,GENERAL,1.0
PRIMARY_TRUSTED_0030,V5DEVX_089,1,COMPETITIVE,E1,0,3,TG10_MULTITASK_EFFECT_RIDGE_BALANCED,GENERAL,0.0
PRIMARY_TRUSTED_0031,V5DEVX_089,0,COMPETITIVE,E1,0,3,TG10_MULTITASK_EFFECT_RIDGE_BALANCED,GENERAL,1.0
PRIMARY_TRUSTED_0032,V5DEVX_089,1,COMPETITIVE,E1,0,3,TG10_MULTITASK_EFFECT_RIDGE_BALANCED,GENERAL,0.0
PRIMARY_TRUSTED_0038,V5DEVX_122,1,STATUS,E1,0,3,TG10_MULTITASK_EFFECT_RIDGE_BALANCED,GENERAL,0.0
PRIMARY_TRUSTED_0040,V5DEVX_131,0,STATUS,E1,0,3,TG10_MULTITASK_EFFECT_RIDGE_BALANCED,GENERAL,1.0
PRIMARY_TRUSTED_0041,V5DEVX_131,1,STATUS,E1,0,3,TG10_MULTITASK_EFFECT_RIDGE_BALANCED,GENERAL,1.0
PRIMARY_TRUSTED_0042,V5DEVX_131,0,STATUS,E1,0,3,TG10_MULTITASK_EFFECT_RIDGE_BALANCED,GENERAL,1.0
PRIMARY_TRUSTED_0043,V5DEVX_131,1,STATUS,E1,0,3,TG10_MULTITASK_EFFECT_RIDGE_BALANCED,GENERAL,1.0
PRIMARY_TRUSTED_0063,V5DEVE2_009,1,STATUS,E2,0,3,TG10_MULTITASK_EFFECT_RIDGE_BALANCED,GENERAL,1.0
PRIMARY_TRUSTED_0064,V5DEVE2_013,1,COMPETITIVE,E2,0,3,TG10_MULTITASK_EFFECT_RIDGE_BALANCED,GENERAL,1.0
PRIMARY_TRUSTED_0065,V5DEVE2_013,0,COMPETITIVE,E2,0,3,TG10_MULTITASK_EFFECT_RIDGE_BALANCED,GENERAL,0.0
PRIMARY_TRUSTED_0073,V5DEVE2_080,1,STATUS,E2,0,3,TG10_MULTITASK_EFFECT_RIDGE_BALANCED,GENERAL,1.0
PRIMARY_TRUSTED_0081,V5DEV_001,0,COMPETITIVE,ORIGINAL,0,3,TG10_MULTITASK_EFFECT_RIDGE_BALANCED,GENERAL,1.0
PRIMARY_TRUSTED_0082,V5DEV_001,0,COMPETITIVE,ORIGINAL,0,3,TG10_MULTITASK_EFFECT_RIDGE_BALANCED,GENERAL,1.0
PRIMARY_TRUSTED_0083,V5DEV_003,0,COMPETITIVE,ORIGINAL,0,3,TG10_MULTITASK_EFFECT_RIDGE_BALANCED,GENERAL,1.0
PRIMARY_TRUSTED_0092,V5DEV_009,1,COMPETITIVE,ORIGINAL,0,3,TG10_MULTITASK_EFFECT_RIDGE_BALANCED,GENERAL,1.0
PRIMARY_TRUSTED_0106,V5DEV_017,1,COMPETITIVE,ORIGINAL,0,3,TG10_MULTITASK_EFFECT_RIDGE_BALANCED,GENERAL,1.0
PRIMARY_TRUSTED_0126,V5DEV_028,1,COMPETITIVE,ORIGINAL,0,3,TG10_MULTITASK_EFFECT_RIDGE_BALANCED,GENERAL,1.0
PRIMARY_TRUSTED_0127,V5DEV_028,1,COMPETITIVE,ORIGINAL,0,3,TG10_MULTITASK_EFFECT_RIDGE_BALANCED,GENERAL,1.0
PRIMARY_TRUSTED_0138,V5DEV_034,1,COMPETITIVE,ORIGINAL,0,3,TG10_MULTITASK_EFFECT_RIDGE_BALANCED,GENERAL,0.0
PRIMARY_TRUSTED_0139,V5DEV_034,1,COMPETITIVE,ORIGINAL,0,3,TG10_MULTITASK_EFFECT_RIDGE_BALANCED,GENERAL,1.0
PRIMARY_TRUSTED_0142,V5DEV_036,1,COMPETITIVE,ORIGINAL,0,3,TG10_MULTITASK_EFFECT_RIDGE_BALANCED,GENERAL,1.0
PRIMARY_TRUSTED_0143,V5DEV_036,1,COMPETITIVE,ORIGINAL,0,3,TG10_MULTITASK_EFFECT_RIDGE_BALANCED,GENERAL,1.0
PRIMARY_TRUSTED_0144,V5DEV_036,0,COMPETITIVE,ORIGINAL,0,3,TG10_MULTITASK_EFFECT_RIDGE_BALANCED,GENERAL,1.0
PRIMARY_TRUSTED_0145,V5DEV_036,0,COMPETITIVE,ORIGINAL,0,3,TG10_MULTITASK_EFFECT_RIDGE_BALANCED,GENERAL,1.0
PRIMARY_TRUSTED_0146,V5DEV_036,1,COMPETITIVE,ORIGINAL,0,3,TG10_MULTITASK_EFFECT_RIDGE_BALANCED,GENERAL,0.0
PRIMARY_TRUSTED_0147,V5DEV_036,1,COMPETITIVE,ORIGINAL,0,3,TG10_MULTITASK_EFFECT_RIDGE_BALANCED,GENERAL,1.0
PRIMARY_TRUSTED_0148,V5DEV_037,0,COMPETITIVE,ORIGINAL,0,3,TG10_MULTITASK_EFFECT_RIDGE_BALANCED,GENERAL,1.0
PRIMARY_TRUSTED_0149,V5DEV_037,1,COMPETITIVE,ORIGINAL,0,3,TG10_MULTITASK_EFFECT_RIDGE_BALANCED,GENERAL,1.0
PRIMARY_TRUSTED_0150,V5DEV_037,1,COMPETITIVE,ORIGINAL,0,3,TG10_MULTITASK_EFFECT_RIDGE_BALANCED,GENERAL,1.0
PRIMARY_TRUSTED_0151,V5DEV_037,1,COMPETITIVE,ORIGINAL,0,3,TG10_MULTITASK_EFFECT_RIDGE_BALANCED,GENERAL,1.0
PRIMARY_TRUSTED_0161,V5DEV_064,0,PROJECT,ORIGINAL,0,3,TG10_MULTITASK_EFFECT_RIDGE_BALANCED,GENERAL,1.0
PRIMARY_TRUSTED_0163,V5DEV_079,1,PROJECT,ORIGINAL,0,3,TG10_MULTITASK_EFFECT_RIDGE_BALANCED,GENERAL,0.0
PRIMARY_TRUSTED_0169,V5DEV_106,1,STATUS,ORIGINAL,0,3,TG10_MULTITASK_EFFECT_RIDGE_BALANCED,GENERAL,0.0
PRIMARY_TRUSTED_0182,V5DEV_125,0,STATUS,ORIGINAL,0,3,TG10_MULTITASK_EFFECT_RIDGE_BALANCED,GENERAL,1.0
PRIMARY_TRUSTED_0011,V5DEVX_017,1,STATUS,E1,0,3,TG10_MULTITASK_EFFECT_RIDGE_BALANCED,TASK_CONDITIONED_DIAGNOSTIC,1.0
PRIMARY_TRUSTED_0014,V5DEVX_031,0,COMPETITIVE,E1,0,3,TG10_MULTITASK_EFFECT_RIDGE_BALANCED,TASK_CONDITIONED_DIAGNOSTIC,0.0
PRIMARY_TRUSTED_0015,V5DEVX_031,0,COMPETITIVE,E1,0,3,TG10_MULTITASK_EFFECT_RIDGE_BALANCED,TASK_CONDITIONED_DIAGNOSTIC,0.0
PRIMARY_TRUSTED_0026,V5DEVX_052,0,COMPETITIVE,E1,0,3,TG10_MULTITASK_EFFECT_RIDGE_BALANCED,TASK_CONDITIONED_DIAGNOSTIC,1.0
PRIMARY_TRUSTED_0030,V5DEVX_089,1,COMPETITIVE,E1,0,3,TG10_MULTITASK_EFFECT_RIDGE_BALANCED,TASK_CONDITIONED_DIAGNOSTIC,0.0
PRIMARY_TRUSTED_0031,V5DEVX_089,0,COMPETITIVE,E1,0,3,TG10_MULTITASK_EFFECT_RIDGE_BALANCED,TASK_CONDITIONED_DIAGNOSTIC,1.0
PRIMARY_TRUSTED_0032,V5DEVX_089,1,COMPETITIVE,E1,0,3,TG10_MULTITASK_EFFECT_RIDGE_BALANCED,TASK_CONDITIONED_DIAGNOSTIC,1.0
PRIMARY_TRUSTED_0038,V5DEVX_122,1,STATUS,E1,0,3,TG10_MULTITASK_EFFECT_RIDGE_BALANCED,TASK_CONDITIONED_DIAGNOSTIC,0.0
PRIMARY_TRUSTED_0040,V5DEVX_131,0,STATUS,E1,0,3,TG10_MULTITASK_EFFECT_RIDGE_BALANCED,TASK_CONDITIONED_DIAGNOSTIC,0.0
PRIMARY_TRUSTED_0041,V5DEVX_131,1,STATUS,E1,0,3,TG10_MULTITASK_EFFECT_RIDGE_BALANCED,TASK_CONDITIONED_DIAGNOSTIC,1.0
PRIMARY_TRUSTED_0042,V5DEVX_131,0,STATUS,E1,0,3,TG10_MULTITASK_EFFECT_RIDGE_BALANCED,TASK_CONDITIONED_DIAGNOSTIC,1.0
PRIMARY_TRUSTED_0043,V5DEVX_131,1,STATUS,E1,0,3,TG10_MULTITASK_EFFECT_RIDGE_BALANCED,TASK_CONDITIONED_DIAGNOSTIC,1.0
PRIMARY_TRUSTED_0063,V5DEVE2_009,1,STATUS,E2,0,3,TG10_MULTITASK_EFFECT_RIDGE_BALANCED,TASK_CONDITIONED_DIAGNOSTIC,1.0
PRIMARY_TRUSTED_0064,V5DEVE2_013,1,COMPETITIVE,E2,0,3,TG10_MULTITASK_EFFECT_RIDGE_BALANCED,TASK_CONDITIONED_DIAGNOSTIC,1.0
PRIMARY_TRUSTED_0065,V5DEVE2_013,0,COMPETITIVE,E2,0,3,TG10_MULTITASK_EFFECT_RIDGE_BALANCED,TASK_CONDITIONED_DIAGNOSTIC,0.0
PRIMARY_TRUSTED_0073,V5DEVE2_080,1,STATUS,E2,0,3,TG10_MULTITASK_EFFECT_RIDGE_BALANCED,TASK_CONDITIONED_DIAGNOSTIC,1.0
PRIMARY_TRUSTED_0081,V5DEV_001,0,COMPETITIVE,ORIGINAL,0,3,TG10_MULTITASK_EFFECT_RIDGE_BALANCED,TASK_CONDITIONED_DIAGNOSTIC,1.0
PRIMARY_TRUSTED_0082,V5DEV_001,0,COMPETITIVE,ORIGINAL,0,3,TG10_MULTITASK_EFFECT_RIDGE_BALANCED,TASK_CONDITIONED_DIAGNOSTIC,1.0
PRIMARY_TRUSTED_0083,V5DEV_003,0,COMPETITIVE,ORIGINAL,0,3,TG10_MULTITASK_EFFECT_RIDGE_BALANCED,TASK_CONDITIONED_DIAGNOSTIC,1.0
PRIMARY_TRUSTED_0092,V5DEV_009,1,COMPETITIVE,ORIGINAL,0,3,TG10_MULTITASK_EFFECT_RIDGE_BALANCED,TASK_CONDITIONED_DIAGNOSTIC,0.0
PRIMARY_TRUSTED_0106,V5DEV_017,1,COMPETITIVE,ORIGINAL,0,3,TG10_MULTITASK_EFFECT_RIDGE_BALANCED,TASK_CONDITIONED_DIAGNOSTIC,1.0
PRIMARY_TRUSTED_0126,V5DEV_028,1,COMPETITIVE,ORIGINAL,0,3,TG10_MULTITASK_EFFECT_RIDGE_BALANCED,TASK_CONDITIONED_DIAGNOSTIC,1.0
PRIMARY_TRUSTED_0127,V5DEV_028,1,COMPETITIVE,ORIGINAL,0,3,TG10_MULTITASK_EFFECT_RIDGE_BALANCED,TASK_CONDITIONED_DIAGNOSTIC,1.0
PRIMARY_TRUSTED_0138,V5DEV_034,1,COMPETITIVE,ORIGINAL,0,3,TG10_MULTITASK_EFFECT_RIDGE_BALANCED,TASK_CONDITIONED_DIAGNOSTIC,0.0
PRIMARY_TRUSTED_0139,V5DEV_034,1,COMPETITIVE,ORIGINAL,0,3,TG10_MULTITASK_EFFECT_RIDGE_BALANCED,TASK_CONDITIONED_DIAGNOSTIC,1.0
PRIMARY_TRUSTED_0142,V5DEV_036,1,COMPETITIVE,ORIGINAL,0,3,TG10_MULTITASK_EFFECT_RIDGE_BALANCED,TASK_CONDITIONED_DIAGNOSTIC,1.0
PRIMARY_TRUSTED_0143,V5DEV_036,1,COMPETITIVE,ORIGINAL,0,3,TG10_MULTITASK_EFFECT_RIDGE_BALANCED,TASK_CONDITIONED_DIAGNOSTIC,0.0
PRIMARY_TRUSTED_0144,V5DEV_036,0,COMPETITIVE,ORIGINAL,0,3,TG10_MULTITASK_EFFECT_RIDGE_BALANCED,TASK_CONDITIONED_DIAGNOSTIC,1.0
PRIMARY_TRUSTED_0145,V5DEV_036,0,COMPETITIVE,ORIGINAL,0,3,TG10_MULTITASK_EFFECT_RIDGE_BALANCED,TASK_CONDITIONED_DIAGNOSTIC,1.0
PRIMARY_TRUSTED_0146,V5DEV_036,1,COMPETITIVE,ORIGINAL,0,3,TG10_MULTITASK_EFFECT_RIDGE_BALANCED,TASK_CONDITIONED_DIAGNOSTIC,1.0
PRIMARY_TRUSTED_0147,V5DEV_036,1,COMPETITIVE,ORIGINAL,0,3,TG10_MULTITASK_EFFECT_RIDGE_BALANCED,TASK_CONDITIONED_DIAGNOSTIC,0.0
PRIMARY_TRUSTED_0148,V5DEV_037,0,COMPETITIVE,ORIGINAL,0,3,TG10_MULTITASK_EFFECT_RIDGE_BALANCED,TASK_CONDITIONED_DIAGNOSTIC,1.0
PRIMARY_TRUSTED_0149,V5DEV_037,1,COMPETITIVE,ORIGINAL,0,3,TG10_MULTITASK_EFFECT_RIDGE_BALANCED,TASK_CONDITIONED_DIAGNOSTIC,1.0
PRIMARY_TRUSTED_0150,V5DEV_037,1,COMPETITIVE,ORIGINAL,0,3,TG10_MULTITASK_EFFECT_RIDGE_BALANCED,TASK_CONDITIONED_DIAGNOSTIC,1.0
PRIMARY_TRUSTED_0151,V5DEV_037,1,COMPETITIVE,ORIGINAL,0,3,TG10_MULTITASK_EFFECT_RIDGE_BALANCED,TASK_CONDITIONED_DIAGNOSTIC,1.0
PRIMARY_TRUSTED_0161,V5DEV_064,0,PROJECT,ORIGINAL,0,3,TG10_MULTITASK_EFFECT_RIDGE_BALANCED,TASK_CONDITIONED_DIAGNOSTIC,1.0
PRIMARY_TRUSTED_0163,V5DEV_079,1,PROJECT,ORIGINAL,0,3,TG10_MULTITASK_EFFECT_RIDGE_BALANCED,TASK_CONDITIONED_DIAGNOSTIC,0.0
PRIMARY_TRUSTED_0169,V5DEV_106,1,STATUS,ORIGINAL,0,3,TG10_MULTITASK_EFFECT_RIDGE_BALANCED,TASK_CONDITIONED_DIAGNOSTIC,1.0
PRIMARY_TRUSTED_0182,V5DEV_125,0,STATUS,ORIGINAL,0,3,TG10_MULTITASK_EFFECT_RIDGE_BALANCED,TASK_CONDITIONED_DIAGNOSTIC,1.0
PRIMARY_TRUSTED_0001,V5DEVX_004,0,COMPETITIVE,E1,0,4,TG10_SHARED_RIDGE_BALANCED,GENERAL,1.0
PRIMARY_TRUSTED_0002,V5DEVX_004,1,COMPETITIVE,E1,0,4,TG10_SHARED_RIDGE_BALANCED,GENERAL,1.0
PRIMARY_TRUSTED_0003,V5DEVX_004,1,COMPETITIVE,E1,0,4,TG10_SHARED_RIDGE_BALANCED,GENERAL,0.0
PRIMARY_TRUSTED_0017,V5DEVX_038,1,STATUS,E1,0,4,TG10_SHARED_RIDGE_BALANCED,GENERAL,1.0
PRIMARY_TRUSTED_0018,V5DEVX_046,1,COMPETITIVE,E1,0,4,TG10_SHARED_RIDGE_BALANCED,GENERAL,0.0
PRIMARY_TRUSTED_0019,V5DEVX_046,1,COMPETITIVE,E1,0,4,TG10_SHARED_RIDGE_BALANCED,GENERAL,0.0
PRIMARY_TRUSTED_0025,V5DEVX_050,1,PROJECT,E1,0,4,TG10_SHARED_RIDGE_BALANCED,GENERAL,1.0
PRIMARY_TRUSTED_0044,V5DEVX_132,1,COMPETITIVE,E1,0,4,TG10_SHARED_RIDGE_BALANCED,GENERAL,1.0
PRIMARY_TRUSTED_0045,V5DEVX_132,1,COMPETITIVE,E1,0,4,TG10_SHARED_RIDGE_BALANCED,GENERAL,1.0
PRIMARY_TRUSTED_0046,V5DEVX_132,0,COMPETITIVE,E1,0,4,TG10_SHARED_RIDGE_BALANCED,GENERAL,0.0
PRIMARY_TRUSTED_0047,V5DEVX_142,0,COMPETITIVE,E1,0,4,TG10_SHARED_RIDGE_BALANCED,GENERAL,1.0
PRIMARY_TRUSTED_0071,V5DEVE2_042,1,STATUS,E2,0,4,TG10_SHARED_RIDGE_BALANCED,GENERAL,1.0
PRIMARY_TRUSTED_0072,V5DEVE2_061,1,STATUS,E2,0,4,TG10_SHARED_RIDGE_BALANCED,GENERAL,1.0
PRIMARY_TRUSTED_0077,V5DEVE2_128,1,STATUS,E2,0,4,TG10_SHARED_RIDGE_BALANCED,GENERAL,1.0
PRIMARY_TRUSTED_0078,V5DEVE2_128,0,STATUS,E2,0,4,TG10_SHARED_RIDGE_BALANCED,GENERAL,0.0
PRIMARY_TRUSTED_0098,V5DEV_013,1,COMPETITIVE,ORIGINAL,0,4,TG10_SHARED_RIDGE_BALANCED,GENERAL,1.0
PRIMARY_TRUSTED_0099,V5DEV_013,0,COMPETITIVE,ORIGINAL,0,4,TG10_SHARED_RIDGE_BALANCED,GENERAL,1.0
PRIMARY_TRUSTED_0104,V5DEV_015,0,COMPETITIVE,ORIGINAL,0,4,TG10_SHARED_RIDGE_BALANCED,GENERAL,1.0
PRIMARY_TRUSTED_0105,V5DEV_015,0,COMPETITIVE,ORIGINAL,0,4,TG10_SHARED_RIDGE_BALANCED,GENERAL,1.0
PRIMARY_TRUSTED_0107,V5DEV_020,0,COMPETITIVE,ORIGINAL,0,4,TG10_SHARED_RIDGE_BALANCED,GENERAL,1.0
PRIMARY_TRUSTED_0118,V5DEV_025,0,COMPETITIVE,ORIGINAL,0,4,TG10_SHARED_RIDGE_BALANCED,GENERAL,0.0
PRIMARY_TRUSTED_0119,V5DEV_025,0,COMPETITIVE,ORIGINAL,0,4,TG10_SHARED_RIDGE_BALANCED,GENERAL,0.0
PRIMARY_TRUSTED_0120,V5DEV_025,0,COMPETITIVE,ORIGINAL,0,4,TG10_SHARED_RIDGE_BALANCED,GENERAL,0.0
PRIMARY_TRUSTED_0121,V5DEV_025,1,COMPETITIVE,ORIGINAL,0,4,TG10_SHARED_RIDGE_BALANCED,GENERAL,0.0
PRIMARY_TRUSTED_0122,V5DEV_025,1,COMPETITIVE,ORIGINAL,0,4,TG10_SHARED_RIDGE_BALANCED,GENERAL,0.0
PRIMARY_TRUSTED_0123,V5DEV_026,1,COMPETITIVE,ORIGINAL,0,4,TG10_SHARED_RIDGE_BALANCED,GENERAL,0.0
PRIMARY_TRUSTED_0124,V5DEV_026,1,COMPETITIVE,ORIGINAL,0,4,TG10_SHARED_RIDGE_BALANCED,GENERAL,0.0
PRIMARY_TRUSTED_0125,V5DEV_026,1,COMPETITIVE,ORIGINAL,0,4,TG10_SHARED_RIDGE_BALANCED,GENERAL,0.0
PRIMARY_TRUSTED_0137,V5DEV_031,1,COMPETITIVE,ORIGINAL,0,4,TG10_SHARED_RIDGE_BALANCED,GENERAL,1.0
PRIMARY_TRUSTED_0152,V5DEV_038,0,COMPETITIVE,ORIGINAL,0,4,TG10_SHARED_RIDGE_BALANCED,GENERAL,1.0
PRIMARY_TRUSTED_0153,V5DEV_038,0,COMPETITIVE,ORIGINAL,0,4,TG10_SHARED_RIDGE_BALANCED,GENERAL,1.0
PRIMARY_TRUSTED_0154,V5DEV_038,1,COMPETITIVE,ORIGINAL,0,4,TG10_SHARED_RIDGE_BALANCED,GENERAL,1.0
PRIMARY_TRUSTED_0155,V5DEV_038,0,COMPETITIVE,ORIGINAL,0,4,TG10_SHARED_RIDGE_BALANCED,GENERAL,0.0
PRIMARY_TRUSTED_0164,V5DEV_080,1,PROJECT,ORIGINAL,0,4,TG10_SHARED_RIDGE_BALANCED,GENERAL,0.0
PRIMARY_TRUSTED_0175,V5DEV_114,1,STATUS,ORIGINAL,0,4,TG10_SHARED_RIDGE_BALANCED,GENERAL,1.0
PRIMARY_TRUSTED_0176,V5DEV_114,1,STATUS,ORIGINAL,0,4,TG10_SHARED_RIDGE_BALANCED,GENERAL,0.0
PRIMARY_TRUSTED_0185,V5DEV_134,1,STATUS,ORIGINAL,0,4,TG10_SHARED_RIDGE_BALANCED,GENERAL,0.0
PRIMARY_TRUSTED_0189,V5DEV_152,1,STATUS,ORIGINAL,0,4,TG10_SHARED_RIDGE_BALANCED,GENERAL,1.0
PRIMARY_TRUSTED_0001,V5DEVX_004,0,COMPETITIVE,E1,0,4,TG10_MULTITASK_EFFECT_RIDGE_BALANCED,GENERAL,1.0
PRIMARY_TRUSTED_0002,V5DEVX_004,1,COMPETITIVE,E1,0,4,TG10_MULTITASK_EFFECT_RIDGE_BALANCED,GENERAL,1.0
PRIMARY_TRUSTED_0003,V5DEVX_004,1,COMPETITIVE,E1,0,4,TG10_MULTITASK_EFFECT_RIDGE_BALANCED,GENERAL,0.0
PRIMARY_TRUSTED_0017,V5DEVX_038,1,STATUS,E1,0,4,TG10_MULTITASK_EFFECT_RIDGE_BALANCED,GENERAL,0.0
PRIMARY_TRUSTED_0018,V5DEVX_046,1,COMPETITIVE,E1,0,4,TG10_MULTITASK_EFFECT_RIDGE_BALANCED,GENERAL,0.0
PRIMARY_TRUSTED_0019,V5DEVX_046,1,COMPETITIVE,E1,0,4,TG10_MULTITASK_EFFECT_RIDGE_BALANCED,GENERAL,0.0
PRIMARY_TRUSTED_0025,V5DEVX_050,1,PROJECT,E1,0,4,TG10_MULTITASK_EFFECT_RIDGE_BALANCED,GENERAL,1.0
PRIMARY_TRUSTED_0044,V5DEVX_132,1,COMPETITIVE,E1,0,4,TG10_MULTITASK_EFFECT_RIDGE_BALANCED,GENERAL,1.0
PRIMARY_TRUSTED_0045,V5DEVX_132,1,COMPETITIVE,E1,0,4,TG10_MULTITASK_EFFECT_RIDGE_BALANCED,GENERAL,1.0
PRIMARY_TRUSTED_0046,V5DEVX_132,0,COMPETITIVE,E1,0,4,TG10_MULTITASK_EFFECT_RIDGE_BALANCED,GENERAL,1.0
PRIMARY_TRUSTED_0047,V5DEVX_142,0,COMPETITIVE,E1,0,4,TG10_MULTITASK_EFFECT_RIDGE_BALANCED,GENERAL,1.0
PRIMARY_TRUSTED_0071,V5DEVE2_042,1,STATUS,E2,0,4,TG10_MULTITASK_EFFECT_RIDGE_BALANCED,GENERAL,1.0
PRIMARY_TRUSTED_0072,V5DEVE2_061,1,STATUS,E2,0,4,TG10_MULTITASK_EFFECT_RIDGE_BALANCED,GENERAL,1.0
PRIMARY_TRUSTED_0077,V5DEVE2_128,1,STATUS,E2,0,4,TG10_MULTITASK_EFFECT_RIDGE_BALANCED,GENERAL,1.0
PRIMARY_TRUSTED_0078,V5DEVE2_128,0,STATUS,E2,0,4,TG10_MULTITASK_EFFECT_RIDGE_BALANCED,GENERAL,1.0
PRIMARY_TRUSTED_0098,V5DEV_013,1,COMPETITIVE,ORIGINAL,0,4,TG10_MULTITASK_EFFECT_RIDGE_BALANCED,GENERAL,1.0
PRIMARY_TRUSTED_0099,V5DEV_013,0,COMPETITIVE,ORIGINAL,0,4,TG10_MULTITASK_EFFECT_RIDGE_BALANCED,GENERAL,1.0
PRIMARY_TRUSTED_0104,V5DEV_015,0,COMPETITIVE,ORIGINAL,0,4,TG10_MULTITASK_EFFECT_RIDGE_BALANCED,GENERAL,1.0
PRIMARY_TRUSTED_0105,V5DEV_015,0,COMPETITIVE,ORIGINAL,0,4,TG10_MULTITASK_EFFECT_RIDGE_BALANCED,GENERAL,1.0
PRIMARY_TRUSTED_0107,V5DEV_020,0,COMPETITIVE,ORIGINAL,0,4,TG10_MULTITASK_EFFECT_RIDGE_BALANCED,GENERAL,1.0
PRIMARY_TRUSTED_0118,V5DEV_025,0,COMPETITIVE,ORIGINAL,0,4,TG10_MULTITASK_EFFECT_RIDGE_BALANCED,GENERAL,0.0
PRIMARY_TRUSTED_0119,V5DEV_025,0,COMPETITIVE,ORIGINAL,0,4,TG10_MULTITASK_EFFECT_RIDGE_BALANCED,GENERAL,0.0
PRIMARY_TRUSTED_0120,V5DEV_025,0,COMPETITIVE,ORIGINAL,0,4,TG10_MULTITASK_EFFECT_RIDGE_BALANCED,GENERAL,0.0
PRIMARY_TRUSTED_0121,V5DEV_025,1,COMPETITIVE,ORIGINAL,0,4,TG10_MULTITASK_EFFECT_RIDGE_BALANCED,GENERAL,0.0
PRIMARY_TRUSTED_0122,V5DEV_025,1,COMPETITIVE,ORIGINAL,0,4,TG10_MULTITASK_EFFECT_RIDGE_BALANCED,GENERAL,0.0
PRIMARY_TRUSTED_0123,V5DEV_026,1,COMPETITIVE,ORIGINAL,0,4,TG10_MULTITASK_EFFECT_RIDGE_BALANCED,GENERAL,1.0
PRIMARY_TRUSTED_0124,V5DEV_026,1,COMPETITIVE,ORIGINAL,0,4,TG10_MULTITASK_EFFECT_RIDGE_BALANCED,GENERAL,1.0
PRIMARY_TRUSTED_0125,V5DEV_026,1,COMPETITIVE,ORIGINAL,0,4,TG10_MULTITASK_EFFECT_RIDGE_BALANCED,GENERAL,1.0
PRIMARY_TRUSTED_0137,V5DEV_031,1,COMPETITIVE,ORIGINAL,0,4,TG10_MULTITASK_EFFECT_RIDGE_BALANCED,GENERAL,1.0
PRIMARY_TRUSTED_0152,V5DEV_038,0,COMPETITIVE,ORIGINAL,0,4,TG10_MULTITASK_EFFECT_RIDGE_BALANCED,GENERAL,1.0
PRIMARY_TRUSTED_0153,V5DEV_038,0,COMPETITIVE,ORIGINAL,0,4,TG10_MULTITASK_EFFECT_RIDGE_BALANCED,GENERAL,1.0
PRIMARY_TRUSTED_0154,V5DEV_038,1,COMPETITIVE,ORIGINAL,0,4,TG10_MULTITASK_EFFECT_RIDGE_BALANCED,GENERAL,1.0
PRIMARY_TRUSTED_0155,V5DEV_038,0,COMPETITIVE,ORIGINAL,0,4,TG10_MULTITASK_EFFECT_RIDGE_BALANCED,GENERAL,0.0
PRIMARY_TRUSTED_0164,V5DEV_080,1,PROJECT,ORIGINAL,0,4,TG10_MULTITASK_EFFECT_RIDGE_BALANCED,GENERAL,0.0
PRIMARY_TRUSTED_0175,V5DEV_114,1,STATUS,ORIGINAL,0,4,TG10_MULTITASK_EFFECT_RIDGE_BALANCED,GENERAL,1.0
PRIMARY_TRUSTED_0176,V5DEV_114,1,STATUS,ORIGINAL,0,4,TG10_MULTITASK_EFFECT_RIDGE_BALANCED,GENERAL,1.0
PRIMARY_TRUSTED_0185,V5DEV_134,1,STATUS,ORIGINAL,0,4,TG10_MULTITASK_EFFECT_RIDGE_BALANCED,GENERAL,0.0
PRIMARY_TRUSTED_0189,V5DEV_152,1,STATUS,ORIGINAL,0,4,TG10_MULTITASK_EFFECT_RIDGE_BALANCED,GENERAL,1.0
PRIMARY_TRUSTED_0001,V5DEVX_004,0,COMPETITIVE,E1,0,4,TG10_MULTITASK_EFFECT_RIDGE_BALANCED,TASK_CONDITIONED_DIAGNOSTIC,1.0
PRIMARY_TRUSTED_0002,V5DEVX_004,1,COMPETITIVE,E1,0,4,TG10_MULTITASK_EFFECT_RIDGE_BALANCED,TASK_CONDITIONED_DIAGNOSTIC,1.0
PRIMARY_TRUSTED_0003,V5DEVX_004,1,COMPETITIVE,E1,0,4,TG10_MULTITASK_EFFECT_RIDGE_BALANCED,TASK_CONDITIONED_DIAGNOSTIC,1.0
PRIMARY_TRUSTED_0017,V5DEVX_038,1,STATUS,E1,0,4,TG10_MULTITASK_EFFECT_RIDGE_BALANCED,TASK_CONDITIONED_DIAGNOSTIC,1.0
PRIMARY_TRUSTED_0018,V5DEVX_046,1,COMPETITIVE,E1,0,4,TG10_MULTITASK_EFFECT_RIDGE_BALANCED,TASK_CONDITIONED_DIAGNOSTIC,0.0
PRIMARY_TRUSTED_0019,V5DEVX_046,1,COMPETITIVE,E1,0,4,TG10_MULTITASK_EFFECT_RIDGE_BALANCED,TASK_CONDITIONED_DIAGNOSTIC,0.0
PRIMARY_TRUSTED_0025,V5DEVX_050,1,PROJECT,E1,0,4,TG10_MULTITASK_EFFECT_RIDGE_BALANCED,TASK_CONDITIONED_DIAGNOSTIC,0.0
PRIMARY_TRUSTED_0044,V5DEVX_132,1,COMPETITIVE,E1,0,4,TG10_MULTITASK_EFFECT_RIDGE_BALANCED,TASK_CONDITIONED_DIAGNOSTIC,1.0
PRIMARY_TRUSTED_0045,V5DEVX_132,1,COMPETITIVE,E1,0,4,TG10_MULTITASK_EFFECT_RIDGE_BALANCED,TASK_CONDITIONED_DIAGNOSTIC,1.0
PRIMARY_TRUSTED_0046,V5DEVX_132,0,COMPETITIVE,E1,0,4,TG10_MULTITASK_EFFECT_RIDGE_BALANCED,TASK_CONDITIONED_DIAGNOSTIC,1.0
PRIMARY_TRUSTED_0047,V5DEVX_142,0,COMPETITIVE,E1,0,4,TG10_MULTITASK_EFFECT_RIDGE_BALANCED,TASK_CONDITIONED_DIAGNOSTIC,1.0
PRIMARY_TRUSTED_0071,V5DEVE2_042,1,STATUS,E2,0,4,TG10_MULTITASK_EFFECT_RIDGE_BALANCED,TASK_CONDITIONED_DIAGNOSTIC,1.0
PRIMARY_TRUSTED_0072,V5DEVE2_061,1,STATUS,E2,0,4,TG10_MULTITASK_EFFECT_RIDGE_BALANCED,TASK_CONDITIONED_DIAGNOSTIC,1.0
PRIMARY_TRUSTED_0077,V5DEVE2_128,1,STATUS,E2,0,4,TG10_MULTITASK_EFFECT_RIDGE_BALANCED,TASK_CONDITIONED_DIAGNOSTIC,0.0
PRIMARY_TRUSTED_0078,V5DEVE2_128,0,STATUS,E2,0,4,TG10_MULTITASK_EFFECT_RIDGE_BALANCED,TASK_CONDITIONED_DIAGNOSTIC,0.0
PRIMARY_TRUSTED_0098,V5DEV_013,1,COMPETITIVE,ORIGINAL,0,4,TG10_MULTITASK_EFFECT_RIDGE_BALANCED,TASK_CONDITIONED_DIAGNOSTIC,1.0
PRIMARY_TRUSTED_0099,V5DEV_013,0,COMPETITIVE,ORIGINAL,0,4,TG10_MULTITASK_EFFECT_RIDGE_BALANCED,TASK_CONDITIONED_DIAGNOSTIC,1.0
PRIMARY_TRUSTED_0104,V5DEV_015,0,COMPETITIVE,ORIGINAL,0,4,TG10_MULTITASK_EFFECT_RIDGE_BALANCED,TASK_CONDITIONED_DIAGNOSTIC,1.0
PRIMARY_TRUSTED_0105,V5DEV_015,0,COMPETITIVE,ORIGINAL,0,4,TG10_MULTITASK_EFFECT_RIDGE_BALANCED,TASK_CONDITIONED_DIAGNOSTIC,1.0
PRIMARY_TRUSTED_0107,V5DEV_020,0,COMPETITIVE,ORIGINAL,0,4,TG10_MULTITASK_EFFECT_RIDGE_BALANCED,TASK_CONDITIONED_DIAGNOSTIC,1.0
PRIMARY_TRUSTED_0118,V5DEV_025,0,COMPETITIVE,ORIGINAL,0,4,TG10_MULTITASK_EFFECT_RIDGE_BALANCED,TASK_CONDITIONED_DIAGNOSTIC,0.0
PRIMARY_TRUSTED_0119,V5DEV_025,0,COMPETITIVE,ORIGINAL,0,4,TG10_MULTITASK_EFFECT_RIDGE_BALANCED,TASK_CONDITIONED_DIAGNOSTIC,0.0
PRIMARY_TRUSTED_0120,V5DEV_025,0,COMPETITIVE,ORIGINAL,0,4,TG10_MULTITASK_EFFECT_RIDGE_BALANCED,TASK_CONDITIONED_DIAGNOSTIC,0.0
PRIMARY_TRUSTED_0121,V5DEV_025,1,COMPETITIVE,ORIGINAL,0,4,TG10_MULTITASK_EFFECT_RIDGE_BALANCED,TASK_CONDITIONED_DIAGNOSTIC,1.0
PRIMARY_TRUSTED_0122,V5DEV_025,1,COMPETITIVE,ORIGINAL,0,4,TG10_MULTITASK_EFFECT_RIDGE_BALANCED,TASK_CONDITIONED_DIAGNOSTIC,0.0
PRIMARY_TRUSTED_0123,V5DEV_026,1,COMPETITIVE,ORIGINAL,0,4,TG10_MULTITASK_EFFECT_RIDGE_BALANCED,TASK_CONDITIONED_DIAGNOSTIC,1.0
PRIMARY_TRUSTED_0124,V5DEV_026,1,COMPETITIVE,ORIGINAL,0,4,TG10_MULTITASK_EFFECT_RIDGE_BALANCED,TASK_CONDITIONED_DIAGNOSTIC,0.0
PRIMARY_TRUSTED_0125,V5DEV_026,1,COMPETITIVE,ORIGINAL,0,4,TG10_MULTITASK_EFFECT_RIDGE_BALANCED,TASK_CONDITIONED_DIAGNOSTIC,1.0
PRIMARY_TRUSTED_0137,V5DEV_031,1,COMPETITIVE,ORIGINAL,0,4,TG10_MULTITASK_EFFECT_RIDGE_BALANCED,TASK_CONDITIONED_DIAGNOSTIC,1.0
PRIMARY_TRUSTED_0152,V5DEV_038,0,COMPETITIVE,ORIGINAL,0,4,TG10_MULTITASK_EFFECT_RIDGE_BALANCED,TASK_CONDITIONED_DIAGNOSTIC,1.0
PRIMARY_TRUSTED_0153,V5DEV_038,0,COMPETITIVE,ORIGINAL,0,4,TG10_MULTITASK_EFFECT_RIDGE_BALANCED,TASK_CONDITIONED_DIAGNOSTIC,1.0
PRIMARY_TRUSTED_0154,V5DEV_038,1,COMPETITIVE,ORIGINAL,0,4,TG10_MULTITASK_EFFECT_RIDGE_BALANCED,TASK_CONDITIONED_DIAGNOSTIC,1.0
PRIMARY_TRUSTED_0155,V5DEV_038,0,COMPETITIVE,ORIGINAL,0,4,TG10_MULTITASK_EFFECT_RIDGE_BALANCED,TASK_CONDITIONED_DIAGNOSTIC,0.0
PRIMARY_TRUSTED_0164,V5DEV_080,1,PROJECT,ORIGINAL,0,4,TG10_MULTITASK_EFFECT_RIDGE_BALANCED,TASK_CONDITIONED_DIAGNOSTIC,0.0
PRIMARY_TRUSTED_0175,V5DEV_114,1,STATUS,ORIGINAL,0,4,TG10_MULTITASK_EFFECT_RIDGE_BALANCED,TASK_CONDITIONED_DIAGNOSTIC,1.0
PRIMARY_TRUSTED_0176,V5DEV_114,1,STATUS,ORIGINAL,0,4,TG10_MULTITASK_EFFECT_RIDGE_BALANCED,TASK_CONDITIONED_DIAGNOSTIC,0.0
PRIMARY_TRUSTED_0185,V5DEV_134,1,STATUS,ORIGINAL,0,4,TG10_MULTITASK_EFFECT_RIDGE_BALANCED,TASK_CONDITIONED_DIAGNOSTIC,0.0
PRIMARY_TRUSTED_0189,V5DEV_152,1,STATUS,ORIGINAL,0,4,TG10_MULTITASK_EFFECT_RIDGE_BALANCED,TASK_CONDITIONED_DIAGNOSTIC,1.0
PRIMARY_TRUSTED_0001,V5DEVX_004,0,COMPETITIVE,E1,1,0,TG10_SHARED_RIDGE_BALANCED,GENERAL,1.0
PRIMARY_TRUSTED_0002,V5DEVX_004,1,COMPETITIVE,E1,1,0,TG10_SHARED_RIDGE_BALANCED,GENERAL,1.0
PRIMARY_TRUSTED_0003,V5DEVX_004,1,COMPETITIVE,E1,1,0,TG10_SHARED_RIDGE_BALANCED,GENERAL,0.0
PRIMARY_TRUSTED_0004,V5DEVX_007,0,COMPETITIVE,E1,1,0,TG10_SHARED_RIDGE_BALANCED,GENERAL,1.0
PRIMARY_TRUSTED_0012,V5DEVX_025,1,COMPETITIVE,E1,1,0,TG10_SHARED_RIDGE_BALANCED,GENERAL,0.0
PRIMARY_TRUSTED_0013,V5DEVX_025,1,COMPETITIVE,E1,1,0,TG10_SHARED_RIDGE_BALANCED,GENERAL,0.0
PRIMARY_TRUSTED_0021,V5DEVX_049,1,COMPETITIVE,E1,1,0,TG10_SHARED_RIDGE_BALANCED,GENERAL,1.0
PRIMARY_TRUSTED_0022,V5DEVX_049,1,COMPETITIVE,E1,1,0,TG10_SHARED_RIDGE_BALANCED,GENERAL,1.0
PRIMARY_TRUSTED_0023,V5DEVX_049,1,COMPETITIVE,E1,1,0,TG10_SHARED_RIDGE_BALANCED,GENERAL,1.0
PRIMARY_TRUSTED_0024,V5DEVX_049,0,COMPETITIVE,E1,1,0,TG10_SHARED_RIDGE_BALANCED,GENERAL,1.0
PRIMARY_TRUSTED_0035,V5DEVX_108,1,STATUS,E1,1,0,TG10_SHARED_RIDGE_BALANCED,GENERAL,1.0
PRIMARY_TRUSTED_0048,V5DEVX_147,1,STATUS,E1,1,0,TG10_SHARED_RIDGE_BALANCED,GENERAL,1.0
PRIMARY_TRUSTED_0060,V5DEVE2_003,1,STATUS,E2,1,0,TG10_SHARED_RIDGE_BALANCED,GENERAL,1.0
PRIMARY_TRUSTED_0071,V5DEVE2_042,1,STATUS,E2,1,0,TG10_SHARED_RIDGE_BALANCED,GENERAL,1.0
PRIMARY_TRUSTED_0077,V5DEVE2_128,1,STATUS,E2,1,0,TG10_SHARED_RIDGE_BALANCED,GENERAL,0.0
PRIMARY_TRUSTED_0078,V5DEVE2_128,0,STATUS,E2,1,0,TG10_SHARED_RIDGE_BALANCED,GENERAL,0.0
PRIMARY_TRUSTED_0079,V5DEVE2_154,0,COMPETITIVE,E2,1,0,TG10_SHARED_RIDGE_BALANCED,GENERAL,0.0
PRIMARY_TRUSTED_0081,V5DEV_001,0,COMPETITIVE,ORIGINAL,1,0,TG10_SHARED_RIDGE_BALANCED,GENERAL,1.0
PRIMARY_TRUSTED_0082,V5DEV_001,0,COMPETITIVE,ORIGINAL,1,0,TG10_SHARED_RIDGE_BALANCED,GENERAL,1.0
PRIMARY_TRUSTED_0104,V5DEV_015,0,COMPETITIVE,ORIGINAL,1,0,TG10_SHARED_RIDGE_BALANCED,GENERAL,1.0
PRIMARY_TRUSTED_0105,V5DEV_015,0,COMPETITIVE,ORIGINAL,1,0,TG10_SHARED_RIDGE_BALANCED,GENERAL,1.0
PRIMARY_TRUSTED_0107,V5DEV_020,0,COMPETITIVE,ORIGINAL,1,0,TG10_SHARED_RIDGE_BALANCED,GENERAL,1.0
PRIMARY_TRUSTED_0109,V5DEV_023,1,COMPETITIVE,ORIGINAL,1,0,TG10_SHARED_RIDGE_BALANCED,GENERAL,0.0
PRIMARY_TRUSTED_0110,V5DEV_023,1,COMPETITIVE,ORIGINAL,1,0,TG10_SHARED_RIDGE_BALANCED,GENERAL,0.0
PRIMARY_TRUSTED_0111,V5DEV_023,1,COMPETITIVE,ORIGINAL,1,0,TG10_SHARED_RIDGE_BALANCED,GENERAL,0.0
PRIMARY_TRUSTED_0112,V5DEV_023,0,COMPETITIVE,ORIGINAL,1,0,TG10_SHARED_RIDGE_BALANCED,GENERAL,1.0
PRIMARY_TRUSTED_0113,V5DEV_023,0,COMPETITIVE,ORIGINAL,1,0,TG10_SHARED_RIDGE_BALANCED,GENERAL,0.0
PRIMARY_TRUSTED_0114,V5DEV_023,0,COMPETITIVE,ORIGINAL,1,0,TG10_SHARED_RIDGE_BALANCED,GENERAL,1.0
PRIMARY_TRUSTED_0115,V5DEV_023,1,COMPETITIVE,ORIGINAL,1,0,TG10_SHARED_RIDGE_BALANCED,GENERAL,0.0
PRIMARY_TRUSTED_0116,V5DEV_023,1,COMPETITIVE,ORIGINAL,1,0,TG10_SHARED_RIDGE_BALANCED,GENERAL,0.0
PRIMARY_TRUSTED_0123,V5DEV_026,1,COMPETITIVE,ORIGINAL,1,0,TG10_SHARED_RIDGE_BALANCED,GENERAL,0.0
PRIMARY_TRUSTED_0124,V5DEV_026,1,COMPETITIVE,ORIGINAL,1,0,TG10_SHARED_RIDGE_BALANCED,GENERAL,0.0
PRIMARY_TRUSTED_0125,V5DEV_026,1,COMPETITIVE,ORIGINAL,1,0,TG10_SHARED_RIDGE_BALANCED,GENERAL,0.0
PRIMARY_TRUSTED_0163,V5DEV_079,1,PROJECT,ORIGINAL,1,0,TG10_SHARED_RIDGE_BALANCED,GENERAL,1.0
PRIMARY_TRUSTED_0164,V5DEV_080,1,PROJECT,ORIGINAL,1,0,TG10_SHARED_RIDGE_BALANCED,GENERAL,0.0
PRIMARY_TRUSTED_0173,V5DEV_109,1,STATUS,ORIGINAL,1,0,TG10_SHARED_RIDGE_BALANCED,GENERAL,0.0
PRIMARY_TRUSTED_0174,V5DEV_109,0,STATUS,ORIGINAL,1,0,TG10_SHARED_RIDGE_BALANCED,GENERAL,0.0
PRIMARY_TRUSTED_0181,V5DEV_121,1,STATUS,ORIGINAL,1,0,TG10_SHARED_RIDGE_BALANCED,GENERAL,1.0
PRIMARY_TRUSTED_0190,V5DEV_155,1,STATUS,ORIGINAL,1,0,TG10_SHARED_RIDGE_BALANCED,GENERAL,0.0
PRIMARY_TRUSTED_0001,V5DEVX_004,0,COMPETITIVE,E1,1,0,TG10_MULTITASK_EFFECT_RIDGE_BALANCED,GENERAL,1.0
PRIMARY_TRUSTED_0002,V5DEVX_004,1,COMPETITIVE,E1,1,0,TG10_MULTITASK_EFFECT_RIDGE_BALANCED,GENERAL,1.0
PRIMARY_TRUSTED_0003,V5DEVX_004,1,COMPETITIVE,E1,1,0,TG10_MULTITASK_EFFECT_RIDGE_BALANCED,GENERAL,1.0
PRIMARY_TRUSTED_0004,V5DEVX_007,0,COMPETITIVE,E1,1,0,TG10_MULTITASK_EFFECT_RIDGE_BALANCED,GENERAL,1.0
PRIMARY_TRUSTED_0012,V5DEVX_025,1,COMPETITIVE,E1,1,0,TG10_MULTITASK_EFFECT_RIDGE_BALANCED,GENERAL,1.0
PRIMARY_TRUSTED_0013,V5DEVX_025,1,COMPETITIVE,E1,1,0,TG10_MULTITASK_EFFECT_RIDGE_BALANCED,GENERAL,1.0
PRIMARY_TRUSTED_0021,V5DEVX_049,1,COMPETITIVE,E1,1,0,TG10_MULTITASK_EFFECT_RIDGE_BALANCED,GENERAL,1.0
PRIMARY_TRUSTED_0022,V5DEVX_049,1,COMPETITIVE,E1,1,0,TG10_MULTITASK_EFFECT_RIDGE_BALANCED,GENERAL,1.0
PRIMARY_TRUSTED_0023,V5DEVX_049,1,COMPETITIVE,E1,1,0,TG10_MULTITASK_EFFECT_RIDGE_BALANCED,GENERAL,1.0
PRIMARY_TRUSTED_0024,V5DEVX_049,0,COMPETITIVE,E1,1,0,TG10_MULTITASK_EFFECT_RIDGE_BALANCED,GENERAL,1.0
PRIMARY_TRUSTED_0035,V5DEVX_108,1,STATUS,E1,1,0,TG10_MULTITASK_EFFECT_RIDGE_BALANCED,GENERAL,1.0
PRIMARY_TRUSTED_0048,V5DEVX_147,1,STATUS,E1,1,0,TG10_MULTITASK_EFFECT_RIDGE_BALANCED,GENERAL,1.0
PRIMARY_TRUSTED_0060,V5DEVE2_003,1,STATUS,E2,1,0,TG10_MULTITASK_EFFECT_RIDGE_BALANCED,GENERAL,1.0
PRIMARY_TRUSTED_0071,V5DEVE2_042,1,STATUS,E2,1,0,TG10_MULTITASK_EFFECT_RIDGE_BALANCED,GENERAL,1.0
PRIMARY_TRUSTED_0077,V5DEVE2_128,1,STATUS,E2,1,0,TG10_MULTITASK_EFFECT_RIDGE_BALANCED,GENERAL,1.0
PRIMARY_TRUSTED_0078,V5DEVE2_128,0,STATUS,E2,1,0,TG10_MULTITASK_EFFECT_RIDGE_BALANCED,GENERAL,1.0
PRIMARY_TRUSTED_0079,V5DEVE2_154,0,COMPETITIVE,E2,1,0,TG10_MULTITASK_EFFECT_RIDGE_BALANCED,GENERAL,0.0
PRIMARY_TRUSTED_0081,V5DEV_001,0,COMPETITIVE,ORIGINAL,1,0,TG10_MULTITASK_EFFECT_RIDGE_BALANCED,GENERAL,1.0
PRIMARY_TRUSTED_0082,V5DEV_001,0,COMPETITIVE,ORIGINAL,1,0,TG10_MULTITASK_EFFECT_RIDGE_BALANCED,GENERAL,1.0
PRIMARY_TRUSTED_0104,V5DEV_015,0,COMPETITIVE,ORIGINAL,1,0,TG10_MULTITASK_EFFECT_RIDGE_BALANCED,GENERAL,1.0
PRIMARY_TRUSTED_0105,V5DEV_015,0,COMPETITIVE,ORIGINAL,1,0,TG10_MULTITASK_EFFECT_RIDGE_BALANCED,GENERAL,1.0
PRIMARY_TRUSTED_0107,V5DEV_020,0,COMPETITIVE,ORIGINAL,1,0,TG10_MULTITASK_EFFECT_RIDGE_BALANCED,GENERAL,1.0
PRIMARY_TRUSTED_0109,V5DEV_023,1,COMPETITIVE,ORIGINAL,1,0,TG10_MULTITASK_EFFECT_RIDGE_BALANCED,GENERAL,1.0
PRIMARY_TRUSTED_0110,V5DEV_023,1,COMPETITIVE,ORIGINAL,1,0,TG10_MULTITASK_EFFECT_RIDGE_BALANCED,GENERAL,1.0
PRIMARY_TRUSTED_0111,V5DEV_023,1,COMPETITIVE,ORIGINAL,1,0,TG10_MULTITASK_EFFECT_RIDGE_BALANCED,GENERAL,1.0
PRIMARY_TRUSTED_0112,V5DEV_023,0,COMPETITIVE,ORIGINAL,1,0,TG10_MULTITASK_EFFECT_RIDGE_BALANCED,GENERAL,1.0
PRIMARY_TRUSTED_0113,V5DEV_023,0,COMPETITIVE,ORIGINAL,1,0,TG10_MULTITASK_EFFECT_RIDGE_BALANCED,GENERAL,1.0
PRIMARY_TRUSTED_0114,V5DEV_023,0,COMPETITIVE,ORIGINAL,1,0,TG10_MULTITASK_EFFECT_RIDGE_BALANCED,GENERAL,1.0
PRIMARY_TRUSTED_0115,V5DEV_023,1,COMPETITIVE,ORIGINAL,1,0,TG10_MULTITASK_EFFECT_RIDGE_BALANCED,GENERAL,1.0
PRIMARY_TRUSTED_0116,V5DEV_023,1,COMPETITIVE,ORIGINAL,1,0,TG10_MULTITASK_EFFECT_RIDGE_BALANCED,GENERAL,1.0
PRIMARY_TRUSTED_0123,V5DEV_026,1,COMPETITIVE,ORIGINAL,1,0,TG10_MULTITASK_EFFECT_RIDGE_BALANCED,GENERAL,0.0
PRIMARY_TRUSTED_0124,V5DEV_026,1,COMPETITIVE,ORIGINAL,1,0,TG10_MULTITASK_EFFECT_RIDGE_BALANCED,GENERAL,0.0
PRIMARY_TRUSTED_0125,V5DEV_026,1,COMPETITIVE,ORIGINAL,1,0,TG10_MULTITASK_EFFECT_RIDGE_BALANCED,GENERAL,0.0
PRIMARY_TRUSTED_0163,V5DEV_079,1,PROJECT,ORIGINAL,1,0,TG10_MULTITASK_EFFECT_RIDGE_BALANCED,GENERAL,0.0
PRIMARY_TRUSTED_0164,V5DEV_080,1,PROJECT,ORIGINAL,1,0,TG10_MULTITASK_EFFECT_RIDGE_BALANCED,GENERAL,0.0
PRIMARY_TRUSTED_0173,V5DEV_109,1,STATUS,ORIGINAL,1,0,TG10_MULTITASK_EFFECT_RIDGE_BALANCED,GENERAL,0.0
PRIMARY_TRUSTED_0174,V5DEV_109,0,STATUS,ORIGINAL,1,0,TG10_MULTITASK_EFFECT_RIDGE_BALANCED,GENERAL,0.0
PRIMARY_TRUSTED_0181,V5DEV_121,1,STATUS,ORIGINAL,1,0,TG10_MULTITASK_EFFECT_RIDGE_BALANCED,GENERAL,0.0
PRIMARY_TRUSTED_0190,V5DEV_155,1,STATUS,ORIGINAL,1,0,TG10_MULTITASK_EFFECT_RIDGE_BALANCED,GENERAL,1.0
PRIMARY_TRUSTED_0001,V5DEVX_004,0,COMPETITIVE,E1,1,0,TG10_MULTITASK_EFFECT_RIDGE_BALANCED,TASK_CONDITIONED_DIAGNOSTIC,1.0
PRIMARY_TRUSTED_0002,V5DEVX_004,1,COMPETITIVE,E1,1,0,TG10_MULTITASK_EFFECT_RIDGE_BALANCED,TASK_CONDITIONED_DIAGNOSTIC,1.0
PRIMARY_TRUSTED_0003,V5DEVX_004,1,COMPETITIVE,E1,1,0,TG10_MULTITASK_EFFECT_RIDGE_BALANCED,TASK_CONDITIONED_DIAGNOSTIC,1.0
PRIMARY_TRUSTED_0004,V5DEVX_007,0,COMPETITIVE,E1,1,0,TG10_MULTITASK_EFFECT_RIDGE_BALANCED,TASK_CONDITIONED_DIAGNOSTIC,1.0
PRIMARY_TRUSTED_0012,V5DEVX_025,1,COMPETITIVE,E1,1,0,TG10_MULTITASK_EFFECT_RIDGE_BALANCED,TASK_CONDITIONED_DIAGNOSTIC,1.0
PRIMARY_TRUSTED_0013,V5DEVX_025,1,COMPETITIVE,E1,1,0,TG10_MULTITASK_EFFECT_RIDGE_BALANCED,TASK_CONDITIONED_DIAGNOSTIC,0.0
PRIMARY_TRUSTED_0021,V5DEVX_049,1,COMPETITIVE,E1,1,0,TG10_MULTITASK_EFFECT_RIDGE_BALANCED,TASK_CONDITIONED_DIAGNOSTIC,0.0
PRIMARY_TRUSTED_0022,V5DEVX_049,1,COMPETITIVE,E1,1,0,TG10_MULTITASK_EFFECT_RIDGE_BALANCED,TASK_CONDITIONED_DIAGNOSTIC,0.0
PRIMARY_TRUSTED_0023,V5DEVX_049,1,COMPETITIVE,E1,1,0,TG10_MULTITASK_EFFECT_RIDGE_BALANCED,TASK_CONDITIONED_DIAGNOSTIC,1.0
PRIMARY_TRUSTED_0024,V5DEVX_049,0,COMPETITIVE,E1,1,0,TG10_MULTITASK_EFFECT_RIDGE_BALANCED,TASK_CONDITIONED_DIAGNOSTIC,0.0
PRIMARY_TRUSTED_0035,V5DEVX_108,1,STATUS,E1,1,0,TG10_MULTITASK_EFFECT_RIDGE_BALANCED,TASK_CONDITIONED_DIAGNOSTIC,0.0
PRIMARY_TRUSTED_0048,V5DEVX_147,1,STATUS,E1,1,0,TG10_MULTITASK_EFFECT_RIDGE_BALANCED,TASK_CONDITIONED_DIAGNOSTIC,1.0
PRIMARY_TRUSTED_0060,V5DEVE2_003,1,STATUS,E2,1,0,TG10_MULTITASK_EFFECT_RIDGE_BALANCED,TASK_CONDITIONED_DIAGNOSTIC,1.0
PRIMARY_TRUSTED_0071,V5DEVE2_042,1,STATUS,E2,1,0,TG10_MULTITASK_EFFECT_RIDGE_BALANCED,TASK_CONDITIONED_DIAGNOSTIC,1.0
PRIMARY_TRUSTED_0077,V5DEVE2_128,1,STATUS,E2,1,0,TG10_MULTITASK_EFFECT_RIDGE_BALANCED,TASK_CONDITIONED_DIAGNOSTIC,1.0
PRIMARY_TRUSTED_0078,V5DEVE2_128,0,STATUS,E2,1,0,TG10_MULTITASK_EFFECT_RIDGE_BALANCED,TASK_CONDITIONED_DIAGNOSTIC,0.0
PRIMARY_TRUSTED_0079,V5DEVE2_154,0,COMPETITIVE,E2,1,0,TG10_MULTITASK_EFFECT_RIDGE_BALANCED,TASK_CONDITIONED_DIAGNOSTIC,0.0
PRIMARY_TRUSTED_0081,V5DEV_001,0,COMPETITIVE,ORIGINAL,1,0,TG10_MULTITASK_EFFECT_RIDGE_BALANCED,TASK_CONDITIONED_DIAGNOSTIC,1.0
PRIMARY_TRUSTED_0082,V5DEV_001,0,COMPETITIVE,ORIGINAL,1,0,TG10_MULTITASK_EFFECT_RIDGE_BALANCED,TASK_CONDITIONED_DIAGNOSTIC,1.0
PRIMARY_TRUSTED_0104,V5DEV_015,0,COMPETITIVE,ORIGINAL,1,0,TG10_MULTITASK_EFFECT_RIDGE_BALANCED,TASK_CONDITIONED_DIAGNOSTIC,1.0
PRIMARY_TRUSTED_0105,V5DEV_015,0,COMPETITIVE,ORIGINAL,1,0,TG10_MULTITASK_EFFECT_RIDGE_BALANCED,TASK_CONDITIONED_DIAGNOSTIC,1.0
PRIMARY_TRUSTED_0107,V5DEV_020,0,COMPETITIVE,ORIGINAL,1,0,TG10_MULTITASK_EFFECT_RIDGE_BALANCED,TASK_CONDITIONED_DIAGNOSTIC,1.0
PRIMARY_TRUSTED_0109,V5DEV_023,1,COMPETITIVE,ORIGINAL,1,0,TG10_MULTITASK_EFFECT_RIDGE_BALANCED,TASK_CONDITIONED_DIAGNOSTIC,1.0
PRIMARY_TRUSTED_0110,V5DEV_023,1,COMPETITIVE,ORIGINAL,1,0,TG10_MULTITASK_EFFECT_RIDGE_BALANCED,TASK_CONDITIONED_DIAGNOSTIC,1.0
PRIMARY_TRUSTED_0111,V5DEV_023,1,COMPETITIVE,ORIGINAL,1,0,TG10_MULTITASK_EFFECT_RIDGE_BALANCED,TASK_CONDITIONED_DIAGNOSTIC,1.0
PRIMARY_TRUSTED_0112,V5DEV_023,0,COMPETITIVE,ORIGINAL,1,0,TG10_MULTITASK_EFFECT_RIDGE_BALANCED,TASK_CONDITIONED_DIAGNOSTIC,1.0
PRIMARY_TRUSTED_0113,V5DEV_023,0,COMPETITIVE,ORIGINAL,1,0,TG10_MULTITASK_EFFECT_RIDGE_BALANCED,TASK_CONDITIONED_DIAGNOSTIC,1.0
PRIMARY_TRUSTED_0114,V5DEV_023,0,COMPETITIVE,ORIGINAL,1,0,TG10_MULTITASK_EFFECT_RIDGE_BALANCED,TASK_CONDITIONED_DIAGNOSTIC,1.0
PRIMARY_TRUSTED_0115,V5DEV_023,1,COMPETITIVE,ORIGINAL,1,0,TG10_MULTITASK_EFFECT_RIDGE_BALANCED,TASK_CONDITIONED_DIAGNOSTIC,1.0
PRIMARY_TRUSTED_0116,V5DEV_023,1,COMPETITIVE,ORIGINAL,1,0,TG10_MULTITASK_EFFECT_RIDGE_BALANCED,TASK_CONDITIONED_DIAGNOSTIC,1.0
PRIMARY_TRUSTED_0123,V5DEV_026,1,COMPETITIVE,ORIGINAL,1,0,TG10_MULTITASK_EFFECT_RIDGE_BALANCED,TASK_CONDITIONED_DIAGNOSTIC,0.0
PRIMARY_TRUSTED_0124,V5DEV_026,1,COMPETITIVE,ORIGINAL,1,0,TG10_MULTITASK_EFFECT_RIDGE_BALANCED,TASK_CONDITIONED_DIAGNOSTIC,0.0
PRIMARY_TRUSTED_0125,V5DEV_026,1,COMPETITIVE,ORIGINAL,1,0,TG10_MULTITASK_EFFECT_RIDGE_BALANCED,TASK_CONDITIONED_DIAGNOSTIC,0.0
PRIMARY_TRUSTED_0163,V5DEV_079,1,PROJECT,ORIGINAL,1,0,TG10_MULTITASK_EFFECT_RIDGE_BALANCED,TASK_CONDITIONED_DIAGNOSTIC,0.0
PRIMARY_TRUSTED_0164,V5DEV_080,1,PROJECT,ORIGINAL,1,0,TG10_MULTITASK_EFFECT_RIDGE_BALANCED,TASK_CONDITIONED_DIAGNOSTIC,0.0
PRIMARY_TRUSTED_0173,V5DEV_109,1,STATUS,ORIGINAL,1,0,TG10_MULTITASK_EFFECT_RIDGE_BALANCED,TASK_CONDITIONED_DIAGNOSTIC,0.0
PRIMARY_TRUSTED_0174,V5DEV_109,0,STATUS,ORIGINAL,1,0,TG10_MULTITASK_EFFECT_RIDGE_BALANCED,TASK_CONDITIONED_DIAGNOSTIC,1.0
PRIMARY_TRUSTED_0181,V5DEV_121,1,STATUS,ORIGINAL,1,0,TG10_MULTITASK_EFFECT_RIDGE_BALANCED,TASK_CONDITIONED_DIAGNOSTIC,1.0
PRIMARY_TRUSTED_0190,V5DEV_155,1,STATUS,ORIGINAL,1,0,TG10_MULTITASK_EFFECT_RIDGE_BALANCED,TASK_CONDITIONED_DIAGNOSTIC,1.0
PRIMARY_TRUSTED_0005,V5DEVX_008,1,PROJECT,E1,1,1,TG10_SHARED_RIDGE_BALANCED,GENERAL,0.0
PRIMARY_TRUSTED_0006,V5DEVX_008,0,PROJECT,E1,1,1,TG10_SHARED_RIDGE_BALANCED,GENERAL,0.0
PRIMARY_TRUSTED_0007,V5DEVX_010,0,COMPETITIVE,E1,1,1,TG10_SHARED_RIDGE_BALANCED,GENERAL,0.0
PRIMARY_TRUSTED_0008,V5DEVX_010,1,COMPETITIVE,E1,1,1,TG10_SHARED_RIDGE_BALANCED,GENERAL,1.0
PRIMARY_TRUSTED_0009,V5DEVX_010,0,COMPETITIVE,E1,1,1,TG10_SHARED_RIDGE_BALANCED,GENERAL,0.0
PRIMARY_TRUSTED_0010,V5DEVX_010,1,COMPETITIVE,E1,1,1,TG10_SHARED_RIDGE_BALANCED,GENERAL,0.0
PRIMARY_TRUSTED_0018,V5DEVX_046,1,COMPETITIVE,E1,1,1,TG10_SHARED_RIDGE_BALANCED,GENERAL,0.0
PRIMARY_TRUSTED_0019,V5DEVX_046,1,COMPETITIVE,E1,1,1,TG10_SHARED_RIDGE_BALANCED,GENERAL,0.0
PRIMARY_TRUSTED_0020,V5DEVX_048,1,STATUS,E1,1,1,TG10_SHARED_RIDGE_BALANCED,GENERAL,0.0
PRIMARY_TRUSTED_0033,V5DEVX_103,0,COMPETITIVE,E1,1,1,TG10_SHARED_RIDGE_BALANCED,GENERAL,0.0
PRIMARY_TRUSTED_0034,V5DEVX_106,1,COMPETITIVE,E1,1,1,TG10_SHARED_RIDGE_BALANCED,GENERAL,0.0
PRIMARY_TRUSTED_0058,V5DEVE2_001,1,COMPETITIVE,E2,1,1,TG10_SHARED_RIDGE_BALANCED,GENERAL,1.0
PRIMARY_TRUSTED_0059,V5DEVE2_001,0,COMPETITIVE,E2,1,1,TG10_SHARED_RIDGE_BALANCED,GENERAL,1.0
PRIMARY_TRUSTED_0069,V5DEVE2_027,1,STATUS,E2,1,1,TG10_SHARED_RIDGE_BALANCED,GENERAL,0.0
PRIMARY_TRUSTED_0072,V5DEVE2_061,1,STATUS,E2,1,1,TG10_SHARED_RIDGE_BALANCED,GENERAL,1.0
PRIMARY_TRUSTED_0083,V5DEV_003,0,COMPETITIVE,ORIGINAL,1,1,TG10_SHARED_RIDGE_BALANCED,GENERAL,0.0
PRIMARY_TRUSTED_0090,V5DEV_008,0,COMPETITIVE,ORIGINAL,1,1,TG10_SHARED_RIDGE_BALANCED,GENERAL,0.0
PRIMARY_TRUSTED_0091,V5DEV_008,0,COMPETITIVE,ORIGINAL,1,1,TG10_SHARED_RIDGE_BALANCED,GENERAL,0.0
PRIMARY_TRUSTED_0096,V5DEV_012,0,COMPETITIVE,ORIGINAL,1,1,TG10_SHARED_RIDGE_BALANCED,GENERAL,1.0
PRIMARY_TRUSTED_0097,V5DEV_012,1,COMPETITIVE,ORIGINAL,1,1,TG10_SHARED_RIDGE_BALANCED,GENERAL,0.0
PRIMARY_TRUSTED_0130,V5DEV_030,0,COMPETITIVE,ORIGINAL,1,1,TG10_SHARED_RIDGE_BALANCED,GENERAL,0.0
PRIMARY_TRUSTED_0131,V5DEV_030,0,COMPETITIVE,ORIGINAL,1,1,TG10_SHARED_RIDGE_BALANCED,GENERAL,0.0
PRIMARY_TRUSTED_0132,V5DEV_030,0,COMPETITIVE,ORIGINAL,1,1,TG10_SHARED_RIDGE_BALANCED,GENERAL,1.0
PRIMARY_TRUSTED_0133,V5DEV_030,1,COMPETITIVE,ORIGINAL,1,1,TG10_SHARED_RIDGE_BALANCED,GENERAL,0.0
PRIMARY_TRUSTED_0134,V5DEV_030,1,COMPETITIVE,ORIGINAL,1,1,TG10_SHARED_RIDGE_BALANCED,GENERAL,0.0
PRIMARY_TRUSTED_0135,V5DEV_030,1,COMPETITIVE,ORIGINAL,1,1,TG10_SHARED_RIDGE_BALANCED,GENERAL,0.0
PRIMARY_TRUSTED_0136,V5DEV_030,1,COMPETITIVE,ORIGINAL,1,1,TG10_SHARED_RIDGE_BALANCED,GENERAL,0.0
PRIMARY_TRUSTED_0137,V5DEV_031,1,COMPETITIVE,ORIGINAL,1,1,TG10_SHARED_RIDGE_BALANCED,GENERAL,0.0
PRIMARY_TRUSTED_0156,V5DEV_039,1,COMPETITIVE,ORIGINAL,1,1,TG10_SHARED_RIDGE_BALANCED,GENERAL,0.0
PRIMARY_TRUSTED_0157,V5DEV_039,1,COMPETITIVE,ORIGINAL,1,1,TG10_SHARED_RIDGE_BALANCED,GENERAL,1.0
PRIMARY_TRUSTED_0158,V5DEV_039,1,COMPETITIVE,ORIGINAL,1,1,TG10_SHARED_RIDGE_BALANCED,GENERAL,0.0
PRIMARY_TRUSTED_0170,V5DEV_108,1,STATUS,ORIGINAL,1,1,TG10_SHARED_RIDGE_BALANCED,GENERAL,1.0
PRIMARY_TRUSTED_0171,V5DEV_108,0,STATUS,ORIGINAL,1,1,TG10_SHARED_RIDGE_BALANCED,GENERAL,0.0
PRIMARY_TRUSTED_0172,V5DEV_108,0,STATUS,ORIGINAL,1,1,TG10_SHARED_RIDGE_BALANCED,GENERAL,1.0
PRIMARY_TRUSTED_0175,V5DEV_114,1,STATUS,ORIGINAL,1,1,TG10_SHARED_RIDGE_BALANCED,GENERAL,1.0
PRIMARY_TRUSTED_0176,V5DEV_114,1,STATUS,ORIGINAL,1,1,TG10_SHARED_RIDGE_BALANCED,GENERAL,0.0
PRIMARY_TRUSTED_0185,V5DEV_134,1,STATUS,ORIGINAL,1,1,TG10_SHARED_RIDGE_BALANCED,GENERAL,0.0
PRIMARY_TRUSTED_0191,V5DEV_156,1,STATUS,ORIGINAL,1,1,TG10_SHARED_RIDGE_BALANCED,GENERAL,1.0
PRIMARY_TRUSTED_0005,V5DEVX_008,1,PROJECT,E1,1,1,TG10_MULTITASK_EFFECT_RIDGE_BALANCED,GENERAL,1.0
PRIMARY_TRUSTED_0006,V5DEVX_008,0,PROJECT,E1,1,1,TG10_MULTITASK_EFFECT_RIDGE_BALANCED,GENERAL,1.0
PRIMARY_TRUSTED_0007,V5DEVX_010,0,COMPETITIVE,E1,1,1,TG10_MULTITASK_EFFECT_RIDGE_BALANCED,GENERAL,1.0
PRIMARY_TRUSTED_0008,V5DEVX_010,1,COMPETITIVE,E1,1,1,TG10_MULTITASK_EFFECT_RIDGE_BALANCED,GENERAL,0.0
PRIMARY_TRUSTED_0009,V5DEVX_010,0,COMPETITIVE,E1,1,1,TG10_MULTITASK_EFFECT_RIDGE_BALANCED,GENERAL,1.0
PRIMARY_TRUSTED_0010,V5DEVX_010,1,COMPETITIVE,E1,1,1,TG10_MULTITASK_EFFECT_RIDGE_BALANCED,GENERAL,0.0
PRIMARY_TRUSTED_0018,V5DEVX_046,1,COMPETITIVE,E1,1,1,TG10_MULTITASK_EFFECT_RIDGE_BALANCED,GENERAL,1.0
PRIMARY_TRUSTED_0019,V5DEVX_046,1,COMPETITIVE,E1,1,1,TG10_MULTITASK_EFFECT_RIDGE_BALANCED,GENERAL,1.0
PRIMARY_TRUSTED_0020,V5DEVX_048,1,STATUS,E1,1,1,TG10_MULTITASK_EFFECT_RIDGE_BALANCED,GENERAL,0.0
PRIMARY_TRUSTED_0033,V5DEVX_103,0,COMPETITIVE,E1,1,1,TG10_MULTITASK_EFFECT_RIDGE_BALANCED,GENERAL,1.0
PRIMARY_TRUSTED_0034,V5DEVX_106,1,COMPETITIVE,E1,1,1,TG10_MULTITASK_EFFECT_RIDGE_BALANCED,GENERAL,1.0
PRIMARY_TRUSTED_0058,V5DEVE2_001,1,COMPETITIVE,E2,1,1,TG10_MULTITASK_EFFECT_RIDGE_BALANCED,GENERAL,1.0
PRIMARY_TRUSTED_0059,V5DEVE2_001,0,COMPETITIVE,E2,1,1,TG10_MULTITASK_EFFECT_RIDGE_BALANCED,GENERAL,1.0
PRIMARY_TRUSTED_0069,V5DEVE2_027,1,STATUS,E2,1,1,TG10_MULTITASK_EFFECT_RIDGE_BALANCED,GENERAL,0.0
PRIMARY_TRUSTED_0072,V5DEVE2_061,1,STATUS,E2,1,1,TG10_MULTITASK_EFFECT_RIDGE_BALANCED,GENERAL,1.0
PRIMARY_TRUSTED_0083,V5DEV_003,0,COMPETITIVE,ORIGINAL,1,1,TG10_MULTITASK_EFFECT_RIDGE_BALANCED,GENERAL,0.0
PRIMARY_TRUSTED_0090,V5DEV_008,0,COMPETITIVE,ORIGINAL,1,1,TG10_MULTITASK_EFFECT_RIDGE_BALANCED,GENERAL,1.0
PRIMARY_TRUSTED_0091,V5DEV_008,0,COMPETITIVE,ORIGINAL,1,1,TG10_MULTITASK_EFFECT_RIDGE_BALANCED,GENERAL,1.0
PRIMARY_TRUSTED_0096,V5DEV_012,0,COMPETITIVE,ORIGINAL,1,1,TG10_MULTITASK_EFFECT_RIDGE_BALANCED,GENERAL,0.0
PRIMARY_TRUSTED_0097,V5DEV_012,1,COMPETITIVE,ORIGINAL,1,1,TG10_MULTITASK_EFFECT_RIDGE_BALANCED,GENERAL,1.0
PRIMARY_TRUSTED_0130,V5DEV_030,0,COMPETITIVE,ORIGINAL,1,1,TG10_MULTITASK_EFFECT_RIDGE_BALANCED,GENERAL,1.0
PRIMARY_TRUSTED_0131,V5DEV_030,0,COMPETITIVE,ORIGINAL,1,1,TG10_MULTITASK_EFFECT_RIDGE_BALANCED,GENERAL,0.0
PRIMARY_TRUSTED_0132,V5DEV_030,0,COMPETITIVE,ORIGINAL,1,1,TG10_MULTITASK_EFFECT_RIDGE_BALANCED,GENERAL,0.0
PRIMARY_TRUSTED_0133,V5DEV_030,1,COMPETITIVE,ORIGINAL,1,1,TG10_MULTITASK_EFFECT_RIDGE_BALANCED,GENERAL,1.0
PRIMARY_TRUSTED_0134,V5DEV_030,1,COMPETITIVE,ORIGINAL,1,1,TG10_MULTITASK_EFFECT_RIDGE_BALANCED,GENERAL,1.0
PRIMARY_TRUSTED_0135,V5DEV_030,1,COMPETITIVE,ORIGINAL,1,1,TG10_MULTITASK_EFFECT_RIDGE_BALANCED,GENERAL,0.0
PRIMARY_TRUSTED_0136,V5DEV_030,1,COMPETITIVE,ORIGINAL,1,1,TG10_MULTITASK_EFFECT_RIDGE_BALANCED,GENERAL,0.0
PRIMARY_TRUSTED_0137,V5DEV_031,1,COMPETITIVE,ORIGINAL,1,1,TG10_MULTITASK_EFFECT_RIDGE_BALANCED,GENERAL,1.0
PRIMARY_TRUSTED_0156,V5DEV_039,1,COMPETITIVE,ORIGINAL,1,1,TG10_MULTITASK_EFFECT_RIDGE_BALANCED,GENERAL,1.0
PRIMARY_TRUSTED_0157,V5DEV_039,1,COMPETITIVE,ORIGINAL,1,1,TG10_MULTITASK_EFFECT_RIDGE_BALANCED,GENERAL,1.0
PRIMARY_TRUSTED_0158,V5DEV_039,1,COMPETITIVE,ORIGINAL,1,1,TG10_MULTITASK_EFFECT_RIDGE_BALANCED,GENERAL,1.0
PRIMARY_TRUSTED_0170,V5DEV_108,1,STATUS,ORIGINAL,1,1,TG10_MULTITASK_EFFECT_RIDGE_BALANCED,GENERAL,1.0
PRIMARY_TRUSTED_0171,V5DEV_108,0,STATUS,ORIGINAL,1,1,TG10_MULTITASK_EFFECT_RIDGE_BALANCED,GENERAL,1.0
PRIMARY_TRUSTED_0172,V5DEV_108,0,STATUS,ORIGINAL,1,1,TG10_MULTITASK_EFFECT_RIDGE_BALANCED,GENERAL,0.0
PRIMARY_TRUSTED_0175,V5DEV_114,1,STATUS,ORIGINAL,1,1,TG10_MULTITASK_EFFECT_RIDGE_BALANCED,GENERAL,1.0
PRIMARY_TRUSTED_0176,V5DEV_114,1,STATUS,ORIGINAL,1,1,TG10_MULTITASK_EFFECT_RIDGE_BALANCED,GENERAL,1.0
PRIMARY_TRUSTED_0185,V5DEV_134,1,STATUS,ORIGINAL,1,1,TG10_MULTITASK_EFFECT_RIDGE_BALANCED,GENERAL,0.0
PRIMARY_TRUSTED_0191,V5DEV_156,1,STATUS,ORIGINAL,1,1,TG10_MULTITASK_EFFECT_RIDGE_BALANCED,GENERAL,1.0
PRIMARY_TRUSTED_0005,V5DEVX_008,1,PROJECT,E1,1,1,TG10_MULTITASK_EFFECT_RIDGE_BALANCED,TASK_CONDITIONED_DIAGNOSTIC,1.0
PRIMARY_TRUSTED_0006,V5DEVX_008,0,PROJECT,E1,1,1,TG10_MULTITASK_EFFECT_RIDGE_BALANCED,TASK_CONDITIONED_DIAGNOSTIC,1.0
PRIMARY_TRUSTED_0007,V5DEVX_010,0,COMPETITIVE,E1,1,1,TG10_MULTITASK_EFFECT_RIDGE_BALANCED,TASK_CONDITIONED_DIAGNOSTIC,1.0
PRIMARY_TRUSTED_0008,V5DEVX_010,1,COMPETITIVE,E1,1,1,TG10_MULTITASK_EFFECT_RIDGE_BALANCED,TASK_CONDITIONED_DIAGNOSTIC,0.0
PRIMARY_TRUSTED_0009,V5DEVX_010,0,COMPETITIVE,E1,1,1,TG10_MULTITASK_EFFECT_RIDGE_BALANCED,TASK_CONDITIONED_DIAGNOSTIC,1.0
PRIMARY_TRUSTED_0010,V5DEVX_010,1,COMPETITIVE,E1,1,1,TG10_MULTITASK_EFFECT_RIDGE_BALANCED,TASK_CONDITIONED_DIAGNOSTIC,0.0
PRIMARY_TRUSTED_0018,V5DEVX_046,1,COMPETITIVE,E1,1,1,TG10_MULTITASK_EFFECT_RIDGE_BALANCED,TASK_CONDITIONED_DIAGNOSTIC,0.0
PRIMARY_TRUSTED_0019,V5DEVX_046,1,COMPETITIVE,E1,1,1,TG10_MULTITASK_EFFECT_RIDGE_BALANCED,TASK_CONDITIONED_DIAGNOSTIC,0.0
PRIMARY_TRUSTED_0020,V5DEVX_048,1,STATUS,E1,1,1,TG10_MULTITASK_EFFECT_RIDGE_BALANCED,TASK_CONDITIONED_DIAGNOSTIC,1.0
PRIMARY_TRUSTED_0033,V5DEVX_103,0,COMPETITIVE,E1,1,1,TG10_MULTITASK_EFFECT_RIDGE_BALANCED,TASK_CONDITIONED_DIAGNOSTIC,0.0
PRIMARY_TRUSTED_0034,V5DEVX_106,1,COMPETITIVE,E1,1,1,TG10_MULTITASK_EFFECT_RIDGE_BALANCED,TASK_CONDITIONED_DIAGNOSTIC,0.0
PRIMARY_TRUSTED_0058,V5DEVE2_001,1,COMPETITIVE,E2,1,1,TG10_MULTITASK_EFFECT_RIDGE_BALANCED,TASK_CONDITIONED_DIAGNOSTIC,0.0
PRIMARY_TRUSTED_0059,V5DEVE2_001,0,COMPETITIVE,E2,1,1,TG10_MULTITASK_EFFECT_RIDGE_BALANCED,TASK_CONDITIONED_DIAGNOSTIC,1.0
PRIMARY_TRUSTED_0069,V5DEVE2_027,1,STATUS,E2,1,1,TG10_MULTITASK_EFFECT_RIDGE_BALANCED,TASK_CONDITIONED_DIAGNOSTIC,1.0
PRIMARY_TRUSTED_0072,V5DEVE2_061,1,STATUS,E2,1,1,TG10_MULTITASK_EFFECT_RIDGE_BALANCED,TASK_CONDITIONED_DIAGNOSTIC,1.0
PRIMARY_TRUSTED_0083,V5DEV_003,0,COMPETITIVE,ORIGINAL,1,1,TG10_MULTITASK_EFFECT_RIDGE_BALANCED,TASK_CONDITIONED_DIAGNOSTIC,0.0
PRIMARY_TRUSTED_0090,V5DEV_008,0,COMPETITIVE,ORIGINAL,1,1,TG10_MULTITASK_EFFECT_RIDGE_BALANCED,TASK_CONDITIONED_DIAGNOSTIC,0.0
PRIMARY_TRUSTED_0091,V5DEV_008,0,COMPETITIVE,ORIGINAL,1,1,TG10_MULTITASK_EFFECT_RIDGE_BALANCED,TASK_CONDITIONED_DIAGNOSTIC,0.0
PRIMARY_TRUSTED_0096,V5DEV_012,0,COMPETITIVE,ORIGINAL,1,1,TG10_MULTITASK_EFFECT_RIDGE_BALANCED,TASK_CONDITIONED_DIAGNOSTIC,1.0
PRIMARY_TRUSTED_0097,V5DEV_012,1,COMPETITIVE,ORIGINAL,1,1,TG10_MULTITASK_EFFECT_RIDGE_BALANCED,TASK_CONDITIONED_DIAGNOSTIC,0.0
PRIMARY_TRUSTED_0130,V5DEV_030,0,COMPETITIVE,ORIGINAL,1,1,TG10_MULTITASK_EFFECT_RIDGE_BALANCED,TASK_CONDITIONED_DIAGNOSTIC,0.0
PRIMARY_TRUSTED_0131,V5DEV_030,0,COMPETITIVE,ORIGINAL,1,1,TG10_MULTITASK_EFFECT_RIDGE_BALANCED,TASK_CONDITIONED_DIAGNOSTIC,1.0
PRIMARY_TRUSTED_0132,V5DEV_030,0,COMPETITIVE,ORIGINAL,1,1,TG10_MULTITASK_EFFECT_RIDGE_BALANCED,TASK_CONDITIONED_DIAGNOSTIC,1.0
PRIMARY_TRUSTED_0133,V5DEV_030,1,COMPETITIVE,ORIGINAL,1,1,TG10_MULTITASK_EFFECT_RIDGE_BALANCED,TASK_CONDITIONED_DIAGNOSTIC,0.0
PRIMARY_TRUSTED_0134,V5DEV_030,1,COMPETITIVE,ORIGINAL,1,1,TG10_MULTITASK_EFFECT_RIDGE_BALANCED,TASK_CONDITIONED_DIAGNOSTIC,0.0
PRIMARY_TRUSTED_0135,V5DEV_030,1,COMPETITIVE,ORIGINAL,1,1,TG10_MULTITASK_EFFECT_RIDGE_BALANCED,TASK_CONDITIONED_DIAGNOSTIC,1.0
PRIMARY_TRUSTED_0136,V5DEV_030,1,COMPETITIVE,ORIGINAL,1,1,TG10_MULTITASK_EFFECT_RIDGE_BALANCED,TASK_CONDITIONED_DIAGNOSTIC,1.0
PRIMARY_TRUSTED_0137,V5DEV_031,1,COMPETITIVE,ORIGINAL,1,1,TG10_MULTITASK_EFFECT_RIDGE_BALANCED,TASK_CONDITIONED_DIAGNOSTIC,0.0
PRIMARY_TRUSTED_0156,V5DEV_039,1,COMPETITIVE,ORIGINAL,1,1,TG10_MULTITASK_EFFECT_RIDGE_BALANCED,TASK_CONDITIONED_DIAGNOSTIC,1.0
PRIMARY_TRUSTED_0157,V5DEV_039,1,COMPETITIVE,ORIGINAL,1,1,TG10_MULTITASK_EFFECT_RIDGE_BALANCED,TASK_CONDITIONED_DIAGNOSTIC,1.0
PRIMARY_TRUSTED_0158,V5DEV_039,1,COMPETITIVE,ORIGINAL,1,1,TG10_MULTITASK_EFFECT_RIDGE_BALANCED,TASK_CONDITIONED_DIAGNOSTIC,1.0
PRIMARY_TRUSTED_0170,V5DEV_108,1,STATUS,ORIGINAL,1,1,TG10_MULTITASK_EFFECT_RIDGE_BALANCED,TASK_CONDITIONED_DIAGNOSTIC,1.0
PRIMARY_TRUSTED_0171,V5DEV_108,0,STATUS,ORIGINAL,1,1,TG10_MULTITASK_EFFECT_RIDGE_BALANCED,TASK_CONDITIONED_DIAGNOSTIC,1.0
PRIMARY_TRUSTED_0172,V5DEV_108,0,STATUS,ORIGINAL,1,1,TG10_MULTITASK_EFFECT_RIDGE_BALANCED,TASK_CONDITIONED_DIAGNOSTIC,0.0
PRIMARY_TRUSTED_0175,V5DEV_114,1,STATUS,ORIGINAL,1,1,TG10_MULTITASK_EFFECT_RIDGE_BALANCED,TASK_CONDITIONED_DIAGNOSTIC,1.0
PRIMARY_TRUSTED_0176,V5DEV_114,1,STATUS,ORIGINAL,1,1,TG10_MULTITASK_EFFECT_RIDGE_BALANCED,TASK_CONDITIONED_DIAGNOSTIC,1.0
PRIMARY_TRUSTED_0185,V5DEV_134,1,STATUS,ORIGINAL,1,1,TG10_MULTITASK_EFFECT_RIDGE_BALANCED,TASK_CONDITIONED_DIAGNOSTIC,0.0
PRIMARY_TRUSTED_0191,V5DEV_156,1,STATUS,ORIGINAL,1,1,TG10_MULTITASK_EFFECT_RIDGE_BALANCED,TASK_CONDITIONED_DIAGNOSTIC,1.0
PRIMARY_TRUSTED_0014,V5DEVX_031,0,COMPETITIVE,E1,1,2,TG10_SHARED_RIDGE_BALANCED,GENERAL,0.0
PRIMARY_TRUSTED_0015,V5DEVX_031,0,COMPETITIVE,E1,1,2,TG10_SHARED_RIDGE_BALANCED,GENERAL,0.0
PRIMARY_TRUSTED_0016,V5DEVX_036,1,STATUS,E1,1,2,TG10_SHARED_RIDGE_BALANCED,GENERAL,1.0
PRIMARY_TRUSTED_0025,V5DEVX_050,1,PROJECT,E1,1,2,TG10_SHARED_RIDGE_BALANCED,GENERAL,1.0
PRIMARY_TRUSTED_0030,V5DEVX_089,1,COMPETITIVE,E1,1,2,TG10_SHARED_RIDGE_BALANCED,GENERAL,0.0
PRIMARY_TRUSTED_0031,V5DEVX_089,0,COMPETITIVE,E1,1,2,TG10_SHARED_RIDGE_BALANCED,GENERAL,1.0
PRIMARY_TRUSTED_0032,V5DEVX_089,1,COMPETITIVE,E1,1,2,TG10_SHARED_RIDGE_BALANCED,GENERAL,0.0
PRIMARY_TRUSTED_0038,V5DEVX_122,1,STATUS,E1,1,2,TG10_SHARED_RIDGE_BALANCED,GENERAL,1.0
PRIMARY_TRUSTED_0044,V5DEVX_132,1,COMPETITIVE,E1,1,2,TG10_SHARED_RIDGE_BALANCED,GENERAL,1.0
PRIMARY_TRUSTED_0045,V5DEVX_132,1,COMPETITIVE,E1,1,2,TG10_SHARED_RIDGE_BALANCED,GENERAL,1.0
PRIMARY_TRUSTED_0046,V5DEVX_132,0,COMPETITIVE,E1,1,2,TG10_SHARED_RIDGE_BALANCED,GENERAL,0.0
PRIMARY_TRUSTED_0064,V5DEVE2_013,1,COMPETITIVE,E2,1,2,TG10_SHARED_RIDGE_BALANCED,GENERAL,1.0
PRIMARY_TRUSTED_0065,V5DEVE2_013,0,COMPETITIVE,E2,1,2,TG10_SHARED_RIDGE_BALANCED,GENERAL,0.0
PRIMARY_TRUSTED_0073,V5DEVE2_080,1,STATUS,E2,1,2,TG10_SHARED_RIDGE_BALANCED,GENERAL,1.0
PRIMARY_TRUSTED_0074,V5DEVE2_083,1,COMPETITIVE,E2,1,2,TG10_SHARED_RIDGE_BALANCED,GENERAL,1.0
PRIMARY_TRUSTED_0080,V5DEVE2_160,1,STATUS,E2,1,2,TG10_SHARED_RIDGE_BALANCED,GENERAL,0.0
PRIMARY_TRUSTED_0093,V5DEV_010,0,COMPETITIVE,ORIGINAL,1,2,TG10_SHARED_RIDGE_BALANCED,GENERAL,1.0
PRIMARY_TRUSTED_0094,V5DEV_011,1,COMPETITIVE,ORIGINAL,1,2,TG10_SHARED_RIDGE_BALANCED,GENERAL,0.0
PRIMARY_TRUSTED_0095,V5DEV_011,1,COMPETITIVE,ORIGINAL,1,2,TG10_SHARED_RIDGE_BALANCED,GENERAL,1.0
PRIMARY_TRUSTED_0117,V5DEV_024,1,COMPETITIVE,ORIGINAL,1,2,TG10_SHARED_RIDGE_BALANCED,GENERAL,1.0
PRIMARY_TRUSTED_0138,V5DEV_034,1,COMPETITIVE,ORIGINAL,1,2,TG10_SHARED_RIDGE_BALANCED,GENERAL,1.0
PRIMARY_TRUSTED_0139,V5DEV_034,1,COMPETITIVE,ORIGINAL,1,2,TG10_SHARED_RIDGE_BALANCED,GENERAL,0.0
PRIMARY_TRUSTED_0142,V5DEV_036,1,COMPETITIVE,ORIGINAL,1,2,TG10_SHARED_RIDGE_BALANCED,GENERAL,1.0
PRIMARY_TRUSTED_0143,V5DEV_036,1,COMPETITIVE,ORIGINAL,1,2,TG10_SHARED_RIDGE_BALANCED,GENERAL,0.0
PRIMARY_TRUSTED_0144,V5DEV_036,0,COMPETITIVE,ORIGINAL,1,2,TG10_SHARED_RIDGE_BALANCED,GENERAL,0.0
PRIMARY_TRUSTED_0145,V5DEV_036,0,COMPETITIVE,ORIGINAL,1,2,TG10_SHARED_RIDGE_BALANCED,GENERAL,1.0
PRIMARY_TRUSTED_0146,V5DEV_036,1,COMPETITIVE,ORIGINAL,1,2,TG10_SHARED_RIDGE_BALANCED,GENERAL,0.0
PRIMARY_TRUSTED_0147,V5DEV_036,1,COMPETITIVE,ORIGINAL,1,2,TG10_SHARED_RIDGE_BALANCED,GENERAL,1.0
PRIMARY_TRUSTED_0152,V5DEV_038,0,COMPETITIVE,ORIGINAL,1,2,TG10_SHARED_RIDGE_BALANCED,GENERAL,1.0
PRIMARY_TRUSTED_0153,V5DEV_038,0,COMPETITIVE,ORIGINAL,1,2,TG10_SHARED_RIDGE_BALANCED,GENERAL,1.0
PRIMARY_TRUSTED_0154,V5DEV_038,1,COMPETITIVE,ORIGINAL,1,2,TG10_SHARED_RIDGE_BALANCED,GENERAL,1.0
PRIMARY_TRUSTED_0155,V5DEV_038,0,COMPETITIVE,ORIGINAL,1,2,TG10_SHARED_RIDGE_BALANCED,GENERAL,0.0
PRIMARY_TRUSTED_0160,V5DEV_051,0,PROJECT,ORIGINAL,1,2,TG10_SHARED_RIDGE_BALANCED,GENERAL,1.0
PRIMARY_TRUSTED_0168,V5DEV_090,0,PROJECT,ORIGINAL,1,2,TG10_SHARED_RIDGE_BALANCED,GENERAL,0.0
PRIMARY_TRUSTED_0186,V5DEV_138,1,STATUS,ORIGINAL,1,2,TG10_SHARED_RIDGE_BALANCED,GENERAL,1.0
PRIMARY_TRUSTED_0187,V5DEV_138,0,STATUS,ORIGINAL,1,2,TG10_SHARED_RIDGE_BALANCED,GENERAL,1.0
PRIMARY_TRUSTED_0189,V5DEV_152,1,STATUS,ORIGINAL,1,2,TG10_SHARED_RIDGE_BALANCED,GENERAL,1.0
PRIMARY_TRUSTED_0192,V5DEV_158,1,STATUS,ORIGINAL,1,2,TG10_SHARED_RIDGE_BALANCED,GENERAL,1.0
PRIMARY_TRUSTED_0193,V5DEV_158,0,STATUS,ORIGINAL,1,2,TG10_SHARED_RIDGE_BALANCED,GENERAL,1.0
PRIMARY_TRUSTED_0014,V5DEVX_031,0,COMPETITIVE,E1,1,2,TG10_MULTITASK_EFFECT_RIDGE_BALANCED,GENERAL,1.0
PRIMARY_TRUSTED_0015,V5DEVX_031,0,COMPETITIVE,E1,1,2,TG10_MULTITASK_EFFECT_RIDGE_BALANCED,GENERAL,1.0
PRIMARY_TRUSTED_0016,V5DEVX_036,1,STATUS,E1,1,2,TG10_MULTITASK_EFFECT_RIDGE_BALANCED,GENERAL,1.0
PRIMARY_TRUSTED_0025,V5DEVX_050,1,PROJECT,E1,1,2,TG10_MULTITASK_EFFECT_RIDGE_BALANCED,GENERAL,0.0
PRIMARY_TRUSTED_0030,V5DEVX_089,1,COMPETITIVE,E1,1,2,TG10_MULTITASK_EFFECT_RIDGE_BALANCED,GENERAL,1.0
PRIMARY_TRUSTED_0031,V5DEVX_089,0,COMPETITIVE,E1,1,2,TG10_MULTITASK_EFFECT_RIDGE_BALANCED,GENERAL,0.0
PRIMARY_TRUSTED_0032,V5DEVX_089,1,COMPETITIVE,E1,1,2,TG10_MULTITASK_EFFECT_RIDGE_BALANCED,GENERAL,0.0
PRIMARY_TRUSTED_0038,V5DEVX_122,1,STATUS,E1,1,2,TG10_MULTITASK_EFFECT_RIDGE_BALANCED,GENERAL,0.0
PRIMARY_TRUSTED_0044,V5DEVX_132,1,COMPETITIVE,E1,1,2,TG10_MULTITASK_EFFECT_RIDGE_BALANCED,GENERAL,0.0
PRIMARY_TRUSTED_0045,V5DEVX_132,1,COMPETITIVE,E1,1,2,TG10_MULTITASK_EFFECT_RIDGE_BALANCED,GENERAL,1.0
PRIMARY_TRUSTED_0046,V5DEVX_132,0,COMPETITIVE,E1,1,2,TG10_MULTITASK_EFFECT_RIDGE_BALANCED,GENERAL,0.0
PRIMARY_TRUSTED_0064,V5DEVE2_013,1,COMPETITIVE,E2,1,2,TG10_MULTITASK_EFFECT_RIDGE_BALANCED,GENERAL,1.0
PRIMARY_TRUSTED_0065,V5DEVE2_013,0,COMPETITIVE,E2,1,2,TG10_MULTITASK_EFFECT_RIDGE_BALANCED,GENERAL,0.0
PRIMARY_TRUSTED_0073,V5DEVE2_080,1,STATUS,E2,1,2,TG10_MULTITASK_EFFECT_RIDGE_BALANCED,GENERAL,1.0
PRIMARY_TRUSTED_0074,V5DEVE2_083,1,COMPETITIVE,E2,1,2,TG10_MULTITASK_EFFECT_RIDGE_BALANCED,GENERAL,0.0
PRIMARY_TRUSTED_0080,V5DEVE2_160,1,STATUS,E2,1,2,TG10_MULTITASK_EFFECT_RIDGE_BALANCED,GENERAL,1.0
PRIMARY_TRUSTED_0093,V5DEV_010,0,COMPETITIVE,ORIGINAL,1,2,TG10_MULTITASK_EFFECT_RIDGE_BALANCED,GENERAL,0.0
PRIMARY_TRUSTED_0094,V5DEV_011,1,COMPETITIVE,ORIGINAL,1,2,TG10_MULTITASK_EFFECT_RIDGE_BALANCED,GENERAL,0.0
PRIMARY_TRUSTED_0095,V5DEV_011,1,COMPETITIVE,ORIGINAL,1,2,TG10_MULTITASK_EFFECT_RIDGE_BALANCED,GENERAL,1.0
PRIMARY_TRUSTED_0117,V5DEV_024,1,COMPETITIVE,ORIGINAL,1,2,TG10_MULTITASK_EFFECT_RIDGE_BALANCED,GENERAL,1.0
PRIMARY_TRUSTED_0138,V5DEV_034,1,COMPETITIVE,ORIGINAL,1,2,TG10_MULTITASK_EFFECT_RIDGE_BALANCED,GENERAL,0.0
PRIMARY_TRUSTED_0139,V5DEV_034,1,COMPETITIVE,ORIGINAL,1,2,TG10_MULTITASK_EFFECT_RIDGE_BALANCED,GENERAL,1.0
PRIMARY_TRUSTED_0142,V5DEV_036,1,COMPETITIVE,ORIGINAL,1,2,TG10_MULTITASK_EFFECT_RIDGE_BALANCED,GENERAL,1.0
PRIMARY_TRUSTED_0143,V5DEV_036,1,COMPETITIVE,ORIGINAL,1,2,TG10_MULTITASK_EFFECT_RIDGE_BALANCED,GENERAL,1.0
PRIMARY_TRUSTED_0144,V5DEV_036,0,COMPETITIVE,ORIGINAL,1,2,TG10_MULTITASK_EFFECT_RIDGE_BALANCED,GENERAL,1.0
PRIMARY_TRUSTED_0145,V5DEV_036,0,COMPETITIVE,ORIGINAL,1,2,TG10_MULTITASK_EFFECT_RIDGE_BALANCED,GENERAL,1.0
PRIMARY_TRUSTED_0146,V5DEV_036,1,COMPETITIVE,ORIGINAL,1,2,TG10_MULTITASK_EFFECT_RIDGE_BALANCED,GENERAL,1.0
PRIMARY_TRUSTED_0147,V5DEV_036,1,COMPETITIVE,ORIGINAL,1,2,TG10_MULTITASK_EFFECT_RIDGE_BALANCED,GENERAL,1.0
PRIMARY_TRUSTED_0152,V5DEV_038,0,COMPETITIVE,ORIGINAL,1,2,TG10_MULTITASK_EFFECT_RIDGE_BALANCED,GENERAL,1.0
PRIMARY_TRUSTED_0153,V5DEV_038,0,COMPETITIVE,ORIGINAL,1,2,TG10_MULTITASK_EFFECT_RIDGE_BALANCED,GENERAL,0.0
PRIMARY_TRUSTED_0154,V5DEV_038,1,COMPETITIVE,ORIGINAL,1,2,TG10_MULTITASK_EFFECT_RIDGE_BALANCED,GENERAL,1.0
PRIMARY_TRUSTED_0155,V5DEV_038,0,COMPETITIVE,ORIGINAL,1,2,TG10_MULTITASK_EFFECT_RIDGE_BALANCED,GENERAL,1.0
PRIMARY_TRUSTED_0160,V5DEV_051,0,PROJECT,ORIGINAL,1,2,TG10_MULTITASK_EFFECT_RIDGE_BALANCED,GENERAL,1.0
PRIMARY_TRUSTED_0168,V5DEV_090,0,PROJECT,ORIGINAL,1,2,TG10_MULTITASK_EFFECT_RIDGE_BALANCED,GENERAL,1.0
PRIMARY_TRUSTED_0186,V5DEV_138,1,STATUS,ORIGINAL,1,2,TG10_MULTITASK_EFFECT_RIDGE_BALANCED,GENERAL,1.0
PRIMARY_TRUSTED_0187,V5DEV_138,0,STATUS,ORIGINAL,1,2,TG10_MULTITASK_EFFECT_RIDGE_BALANCED,GENERAL,1.0
PRIMARY_TRUSTED_0189,V5DEV_152,1,STATUS,ORIGINAL,1,2,TG10_MULTITASK_EFFECT_RIDGE_BALANCED,GENERAL,1.0
PRIMARY_TRUSTED_0192,V5DEV_158,1,STATUS,ORIGINAL,1,2,TG10_MULTITASK_EFFECT_RIDGE_BALANCED,GENERAL,0.0
PRIMARY_TRUSTED_0193,V5DEV_158,0,STATUS,ORIGINAL,1,2,TG10_MULTITASK_EFFECT_RIDGE_BALANCED,GENERAL,1.0
PRIMARY_TRUSTED_0014,V5DEVX_031,0,COMPETITIVE,E1,1,2,TG10_MULTITASK_EFFECT_RIDGE_BALANCED,TASK_CONDITIONED_DIAGNOSTIC,1.0
PRIMARY_TRUSTED_0015,V5DEVX_031,0,COMPETITIVE,E1,1,2,TG10_MULTITASK_EFFECT_RIDGE_BALANCED,TASK_CONDITIONED_DIAGNOSTIC,0.0
PRIMARY_TRUSTED_0016,V5DEVX_036,1,STATUS,E1,1,2,TG10_MULTITASK_EFFECT_RIDGE_BALANCED,TASK_CONDITIONED_DIAGNOSTIC,1.0
PRIMARY_TRUSTED_0025,V5DEVX_050,1,PROJECT,E1,1,2,TG10_MULTITASK_EFFECT_RIDGE_BALANCED,TASK_CONDITIONED_DIAGNOSTIC,0.0
PRIMARY_TRUSTED_0030,V5DEVX_089,1,COMPETITIVE,E1,1,2,TG10_MULTITASK_EFFECT_RIDGE_BALANCED,TASK_CONDITIONED_DIAGNOSTIC,0.0
PRIMARY_TRUSTED_0031,V5DEVX_089,0,COMPETITIVE,E1,1,2,TG10_MULTITASK_EFFECT_RIDGE_BALANCED,TASK_CONDITIONED_DIAGNOSTIC,0.0
PRIMARY_TRUSTED_0032,V5DEVX_089,1,COMPETITIVE,E1,1,2,TG10_MULTITASK_EFFECT_RIDGE_BALANCED,TASK_CONDITIONED_DIAGNOSTIC,1.0
PRIMARY_TRUSTED_0038,V5DEVX_122,1,STATUS,E1,1,2,TG10_MULTITASK_EFFECT_RIDGE_BALANCED,TASK_CONDITIONED_DIAGNOSTIC,0.0
PRIMARY_TRUSTED_0044,V5DEVX_132,1,COMPETITIVE,E1,1,2,TG10_MULTITASK_EFFECT_RIDGE_BALANCED,TASK_CONDITIONED_DIAGNOSTIC,0.0
PRIMARY_TRUSTED_0045,V5DEVX_132,1,COMPETITIVE,E1,1,2,TG10_MULTITASK_EFFECT_RIDGE_BALANCED,TASK_CONDITIONED_DIAGNOSTIC,0.0
PRIMARY_TRUSTED_0046,V5DEVX_132,0,COMPETITIVE,E1,1,2,TG10_MULTITASK_EFFECT_RIDGE_BALANCED,TASK_CONDITIONED_DIAGNOSTIC,0.0
PRIMARY_TRUSTED_0064,V5DEVE2_013,1,COMPETITIVE,E2,1,2,TG10_MULTITASK_EFFECT_RIDGE_BALANCED,TASK_CONDITIONED_DIAGNOSTIC,1.0
PRIMARY_TRUSTED_0065,V5DEVE2_013,0,COMPETITIVE,E2,1,2,TG10_MULTITASK_EFFECT_RIDGE_BALANCED,TASK_CONDITIONED_DIAGNOSTIC,0.0
PRIMARY_TRUSTED_0073,V5DEVE2_080,1,STATUS,E2,1,2,TG10_MULTITASK_EFFECT_RIDGE_BALANCED,TASK_CONDITIONED_DIAGNOSTIC,1.0
PRIMARY_TRUSTED_0074,V5DEVE2_083,1,COMPETITIVE,E2,1,2,TG10_MULTITASK_EFFECT_RIDGE_BALANCED,TASK_CONDITIONED_DIAGNOSTIC,0.0
PRIMARY_TRUSTED_0080,V5DEVE2_160,1,STATUS,E2,1,2,TG10_MULTITASK_EFFECT_RIDGE_BALANCED,TASK_CONDITIONED_DIAGNOSTIC,1.0
PRIMARY_TRUSTED_0093,V5DEV_010,0,COMPETITIVE,ORIGINAL,1,2,TG10_MULTITASK_EFFECT_RIDGE_BALANCED,TASK_CONDITIONED_DIAGNOSTIC,1.0
PRIMARY_TRUSTED_0094,V5DEV_011,1,COMPETITIVE,ORIGINAL,1,2,TG10_MULTITASK_EFFECT_RIDGE_BALANCED,TASK_CONDITIONED_DIAGNOSTIC,1.0
PRIMARY_TRUSTED_0095,V5DEV_011,1,COMPETITIVE,ORIGINAL,1,2,TG10_MULTITASK_EFFECT_RIDGE_BALANCED,TASK_CONDITIONED_DIAGNOSTIC,1.0
PRIMARY_TRUSTED_0117,V5DEV_024,1,COMPETITIVE,ORIGINAL,1,2,TG10_MULTITASK_EFFECT_RIDGE_BALANCED,TASK_CONDITIONED_DIAGNOSTIC,1.0
PRIMARY_TRUSTED_0138,V5DEV_034,1,COMPETITIVE,ORIGINAL,1,2,TG10_MULTITASK_EFFECT_RIDGE_BALANCED,TASK_CONDITIONED_DIAGNOSTIC,0.0
PRIMARY_TRUSTED_0139,V5DEV_034,1,COMPETITIVE,ORIGINAL,1,2,TG10_MULTITASK_EFFECT_RIDGE_BALANCED,TASK_CONDITIONED_DIAGNOSTIC,1.0
PRIMARY_TRUSTED_0142,V5DEV_036,1,COMPETITIVE,ORIGINAL,1,2,TG10_MULTITASK_EFFECT_RIDGE_BALANCED,TASK_CONDITIONED_DIAGNOSTIC,0.0
PRIMARY_TRUSTED_0143,V5DEV_036,1,COMPETITIVE,ORIGINAL,1,2,TG10_MULTITASK_EFFECT_RIDGE_BALANCED,TASK_CONDITIONED_DIAGNOSTIC,1.0
PRIMARY_TRUSTED_0144,V5DEV_036,0,COMPETITIVE,ORIGINAL,1,2,TG10_MULTITASK_EFFECT_RIDGE_BALANCED,TASK_CONDITIONED_DIAGNOSTIC,1.0
PRIMARY_TRUSTED_0145,V5DEV_036,0,COMPETITIVE,ORIGINAL,1,2,TG10_MULTITASK_EFFECT_RIDGE_BALANCED,TASK_CONDITIONED_DIAGNOSTIC,0.0
PRIMARY_TRUSTED_0146,V5DEV_036,1,COMPETITIVE,ORIGINAL,1,2,TG10_MULTITASK_EFFECT_RIDGE_BALANCED,TASK_CONDITIONED_DIAGNOSTIC,1.0
PRIMARY_TRUSTED_0147,V5DEV_036,1,COMPETITIVE,ORIGINAL,1,2,TG10_MULTITASK_EFFECT_RIDGE_BALANCED,TASK_CONDITIONED_DIAGNOSTIC,1.0
PRIMARY_TRUSTED_0152,V5DEV_038,0,COMPETITIVE,ORIGINAL,1,2,TG10_MULTITASK_EFFECT_RIDGE_BALANCED,TASK_CONDITIONED_DIAGNOSTIC,1.0
PRIMARY_TRUSTED_0153,V5DEV_038,0,COMPETITIVE,ORIGINAL,1,2,TG10_MULTITASK_EFFECT_RIDGE_BALANCED,TASK_CONDITIONED_DIAGNOSTIC,1.0
PRIMARY_TRUSTED_0154,V5DEV_038,1,COMPETITIVE,ORIGINAL,1,2,TG10_MULTITASK_EFFECT_RIDGE_BALANCED,TASK_CONDITIONED_DIAGNOSTIC,1.0
PRIMARY_TRUSTED_0155,V5DEV_038,0,COMPETITIVE,ORIGINAL,1,2,TG10_MULTITASK_EFFECT_RIDGE_BALANCED,TASK_CONDITIONED_DIAGNOSTIC,1.0
PRIMARY_TRUSTED_0160,V5DEV_051,0,PROJECT,ORIGINAL,1,2,TG10_MULTITASK_EFFECT_RIDGE_BALANCED,TASK_CONDITIONED_DIAGNOSTIC,0.0
PRIMARY_TRUSTED_0168,V5DEV_090,0,PROJECT,ORIGINAL,1,2,TG10_MULTITASK_EFFECT_RIDGE_BALANCED,TASK_CONDITIONED_DIAGNOSTIC,0.0
PRIMARY_TRUSTED_0186,V5DEV_138,1,STATUS,ORIGINAL,1,2,TG10_MULTITASK_EFFECT_RIDGE_BALANCED,TASK_CONDITIONED_DIAGNOSTIC,1.0
PRIMARY_TRUSTED_0187,V5DEV_138,0,STATUS,ORIGINAL,1,2,TG10_MULTITASK_EFFECT_RIDGE_BALANCED,TASK_CONDITIONED_DIAGNOSTIC,1.0
PRIMARY_TRUSTED_0189,V5DEV_152,1,STATUS,ORIGINAL,1,2,TG10_MULTITASK_EFFECT_RIDGE_BALANCED,TASK_CONDITIONED_DIAGNOSTIC,1.0
PRIMARY_TRUSTED_0192,V5DEV_158,1,STATUS,ORIGINAL,1,2,TG10_MULTITASK_EFFECT_RIDGE_BALANCED,TASK_CONDITIONED_DIAGNOSTIC,0.0
PRIMARY_TRUSTED_0193,V5DEV_158,0,STATUS,ORIGINAL,1,2,TG10_MULTITASK_EFFECT_RIDGE_BALANCED,TASK_CONDITIONED_DIAGNOSTIC,1.0
PRIMARY_TRUSTED_0026,V5DEVX_052,0,COMPETITIVE,E1,1,3,TG10_SHARED_RIDGE_BALANCED,GENERAL,1.0
PRIMARY_TRUSTED_0027,V5DEVX_055,0,COMPETITIVE,E1,1,3,TG10_SHARED_RIDGE_BALANCED,GENERAL,1.0
PRIMARY_TRUSTED_0028,V5DEVX_055,0,COMPETITIVE,E1,1,3,TG10_SHARED_RIDGE_BALANCED,GENERAL,1.0
PRIMARY_TRUSTED_0029,V5DEVX_066,1,COMPETITIVE,E1,1,3,TG10_SHARED_RIDGE_BALANCED,GENERAL,0.0
PRIMARY_TRUSTED_0039,V5DEVX_128,1,STATUS,E1,1,3,TG10_SHARED_RIDGE_BALANCED,GENERAL,0.0
PRIMARY_TRUSTED_0052,V5DEVX_154,1,COMPETITIVE,E1,1,3,TG10_SHARED_RIDGE_BALANCED,GENERAL,1.0
PRIMARY_TRUSTED_0053,V5DEVX_154,0,COMPETITIVE,E1,1,3,TG10_SHARED_RIDGE_BALANCED,GENERAL,1.0
PRIMARY_TRUSTED_0054,V5DEVX_154,1,COMPETITIVE,E1,1,3,TG10_SHARED_RIDGE_BALANCED,GENERAL,1.0
PRIMARY_TRUSTED_0055,V5DEVX_154,1,COMPETITIVE,E1,1,3,TG10_SHARED_RIDGE_BALANCED,GENERAL,0.0
PRIMARY_TRUSTED_0056,V5DEVX_154,0,COMPETITIVE,E1,1,3,TG10_SHARED_RIDGE_BALANCED,GENERAL,1.0
PRIMARY_TRUSTED_0057,V5DEVX_154,0,COMPETITIVE,E1,1,3,TG10_SHARED_RIDGE_BALANCED,GENERAL,0.0
PRIMARY_TRUSTED_0066,V5DEVE2_015,1,STATUS,E2,1,3,TG10_SHARED_RIDGE_BALANCED,GENERAL,0.0
PRIMARY_TRUSTED_0067,V5DEVE2_022,1,COMPETITIVE,E2,1,3,TG10_SHARED_RIDGE_BALANCED,GENERAL,1.0
PRIMARY_TRUSTED_0068,V5DEVE2_022,0,COMPETITIVE,E2,1,3,TG10_SHARED_RIDGE_BALANCED,GENERAL,0.0
PRIMARY_TRUSTED_0070,V5DEVE2_028,1,COMPETITIVE,E2,1,3,TG10_SHARED_RIDGE_BALANCED,GENERAL,1.0
PRIMARY_TRUSTED_0076,V5DEVE2_115,1,COMPETITIVE,E2,1,3,TG10_SHARED_RIDGE_BALANCED,GENERAL,0.0
PRIMARY_TRUSTED_0089,V5DEV_007,0,COMPETITIVE,ORIGINAL,1,3,TG10_SHARED_RIDGE_BALANCED,GENERAL,1.0
PRIMARY_TRUSTED_0106,V5DEV_017,1,COMPETITIVE,ORIGINAL,1,3,TG10_SHARED_RIDGE_BALANCED,GENERAL,0.0
PRIMARY_TRUSTED_0108,V5DEV_022,1,COMPETITIVE,ORIGINAL,1,3,TG10_SHARED_RIDGE_BALANCED,GENERAL,1.0
PRIMARY_TRUSTED_0118,V5DEV_025,0,COMPETITIVE,ORIGINAL,1,3,TG10_SHARED_RIDGE_BALANCED,GENERAL,1.0
PRIMARY_TRUSTED_0119,V5DEV_025,0,COMPETITIVE,ORIGINAL,1,3,TG10_SHARED_RIDGE_BALANCED,GENERAL,0.0
PRIMARY_TRUSTED_0120,V5DEV_025,0,COMPETITIVE,ORIGINAL,1,3,TG10_SHARED_RIDGE_BALANCED,GENERAL,1.0
PRIMARY_TRUSTED_0121,V5DEV_025,1,COMPETITIVE,ORIGINAL,1,3,TG10_SHARED_RIDGE_BALANCED,GENERAL,0.0
PRIMARY_TRUSTED_0122,V5DEV_025,1,COMPETITIVE,ORIGINAL,1,3,TG10_SHARED_RIDGE_BALANCED,GENERAL,0.0
PRIMARY_TRUSTED_0128,V5DEV_029,1,COMPETITIVE,ORIGINAL,1,3,TG10_SHARED_RIDGE_BALANCED,GENERAL,1.0
PRIMARY_TRUSTED_0129,V5DEV_029,1,COMPETITIVE,ORIGINAL,1,3,TG10_SHARED_RIDGE_BALANCED,GENERAL,1.0
PRIMARY_TRUSTED_0148,V5DEV_037,0,COMPETITIVE,ORIGINAL,1,3,TG10_SHARED_RIDGE_BALANCED,GENERAL,1.0
PRIMARY_TRUSTED_0149,V5DEV_037,1,COMPETITIVE,ORIGINAL,1,3,TG10_SHARED_RIDGE_BALANCED,GENERAL,1.0
PRIMARY_TRUSTED_0150,V5DEV_037,1,COMPETITIVE,ORIGINAL,1,3,TG10_SHARED_RIDGE_BALANCED,GENERAL,1.0
PRIMARY_TRUSTED_0151,V5DEV_037,1,COMPETITIVE,ORIGINAL,1,3,TG10_SHARED_RIDGE_BALANCED,GENERAL,1.0
PRIMARY_TRUSTED_0161,V5DEV_064,0,PROJECT,ORIGINAL,1,3,TG10_SHARED_RIDGE_BALANCED,GENERAL,1.0
PRIMARY_TRUSTED_0162,V5DEV_075,1,PROJECT,ORIGINAL,1,3,TG10_SHARED_RIDGE_BALANCED,GENERAL,1.0
PRIMARY_TRUSTED_0169,V5DEV_106,1,STATUS,ORIGINAL,1,3,TG10_SHARED_RIDGE_BALANCED,GENERAL,0.0
PRIMARY_TRUSTED_0177,V5DEV_117,1,STATUS,ORIGINAL,1,3,TG10_SHARED_RIDGE_BALANCED,GENERAL,0.0
PRIMARY_TRUSTED_0178,V5DEV_117,1,STATUS,ORIGINAL,1,3,TG10_SHARED_RIDGE_BALANCED,GENERAL,0.0
PRIMARY_TRUSTED_0179,V5DEV_117,0,STATUS,ORIGINAL,1,3,TG10_SHARED_RIDGE_BALANCED,GENERAL,0.0
PRIMARY_TRUSTED_0182,V5DEV_125,0,STATUS,ORIGINAL,1,3,TG10_SHARED_RIDGE_BALANCED,GENERAL,1.0
PRIMARY_TRUSTED_0183,V5DEV_126,1,STATUS,ORIGINAL,1,3,TG10_SHARED_RIDGE_BALANCED,GENERAL,0.0
PRIMARY_TRUSTED_0184,V5DEV_126,1,STATUS,ORIGINAL,1,3,TG10_SHARED_RIDGE_BALANCED,GENERAL,0.0
PRIMARY_TRUSTED_0026,V5DEVX_052,0,COMPETITIVE,E1,1,3,TG10_MULTITASK_EFFECT_RIDGE_BALANCED,GENERAL,1.0
PRIMARY_TRUSTED_0027,V5DEVX_055,0,COMPETITIVE,E1,1,3,TG10_MULTITASK_EFFECT_RIDGE_BALANCED,GENERAL,1.0
PRIMARY_TRUSTED_0028,V5DEVX_055,0,COMPETITIVE,E1,1,3,TG10_MULTITASK_EFFECT_RIDGE_BALANCED,GENERAL,0.0
PRIMARY_TRUSTED_0029,V5DEVX_066,1,COMPETITIVE,E1,1,3,TG10_MULTITASK_EFFECT_RIDGE_BALANCED,GENERAL,0.0
PRIMARY_TRUSTED_0039,V5DEVX_128,1,STATUS,E1,1,3,TG10_MULTITASK_EFFECT_RIDGE_BALANCED,GENERAL,1.0
PRIMARY_TRUSTED_0052,V5DEVX_154,1,COMPETITIVE,E1,1,3,TG10_MULTITASK_EFFECT_RIDGE_BALANCED,GENERAL,1.0
PRIMARY_TRUSTED_0053,V5DEVX_154,0,COMPETITIVE,E1,1,3,TG10_MULTITASK_EFFECT_RIDGE_BALANCED,GENERAL,1.0
PRIMARY_TRUSTED_0054,V5DEVX_154,1,COMPETITIVE,E1,1,3,TG10_MULTITASK_EFFECT_RIDGE_BALANCED,GENERAL,1.0
PRIMARY_TRUSTED_0055,V5DEVX_154,1,COMPETITIVE,E1,1,3,TG10_MULTITASK_EFFECT_RIDGE_BALANCED,GENERAL,0.0
PRIMARY_TRUSTED_0056,V5DEVX_154,0,COMPETITIVE,E1,1,3,TG10_MULTITASK_EFFECT_RIDGE_BALANCED,GENERAL,1.0
PRIMARY_TRUSTED_0057,V5DEVX_154,0,COMPETITIVE,E1,1,3,TG10_MULTITASK_EFFECT_RIDGE_BALANCED,GENERAL,1.0
PRIMARY_TRUSTED_0066,V5DEVE2_015,1,STATUS,E2,1,3,TG10_MULTITASK_EFFECT_RIDGE_BALANCED,GENERAL,1.0
PRIMARY_TRUSTED_0067,V5DEVE2_022,1,COMPETITIVE,E2,1,3,TG10_MULTITASK_EFFECT_RIDGE_BALANCED,GENERAL,1.0
PRIMARY_TRUSTED_0068,V5DEVE2_022,0,COMPETITIVE,E2,1,3,TG10_MULTITASK_EFFECT_RIDGE_BALANCED,GENERAL,1.0
PRIMARY_TRUSTED_0070,V5DEVE2_028,1,COMPETITIVE,E2,1,3,TG10_MULTITASK_EFFECT_RIDGE_BALANCED,GENERAL,0.0
PRIMARY_TRUSTED_0076,V5DEVE2_115,1,COMPETITIVE,E2,1,3,TG10_MULTITASK_EFFECT_RIDGE_BALANCED,GENERAL,1.0
PRIMARY_TRUSTED_0089,V5DEV_007,0,COMPETITIVE,ORIGINAL,1,3,TG10_MULTITASK_EFFECT_RIDGE_BALANCED,GENERAL,1.0
PRIMARY_TRUSTED_0106,V5DEV_017,1,COMPETITIVE,ORIGINAL,1,3,TG10_MULTITASK_EFFECT_RIDGE_BALANCED,GENERAL,1.0
PRIMARY_TRUSTED_0108,V5DEV_022,1,COMPETITIVE,ORIGINAL,1,3,TG10_MULTITASK_EFFECT_RIDGE_BALANCED,GENERAL,1.0
PRIMARY_TRUSTED_0118,V5DEV_025,0,COMPETITIVE,ORIGINAL,1,3,TG10_MULTITASK_EFFECT_RIDGE_BALANCED,GENERAL,0.0
PRIMARY_TRUSTED_0119,V5DEV_025,0,COMPETITIVE,ORIGINAL,1,3,TG10_MULTITASK_EFFECT_RIDGE_BALANCED,GENERAL,0.0
PRIMARY_TRUSTED_0120,V5DEV_025,0,COMPETITIVE,ORIGINAL,1,3,TG10_MULTITASK_EFFECT_RIDGE_BALANCED,GENERAL,0.0
PRIMARY_TRUSTED_0121,V5DEV_025,1,COMPETITIVE,ORIGINAL,1,3,TG10_MULTITASK_EFFECT_RIDGE_BALANCED,GENERAL,0.0
PRIMARY_TRUSTED_0122,V5DEV_025,1,COMPETITIVE,ORIGINAL,1,3,TG10_MULTITASK_EFFECT_RIDGE_BALANCED,GENERAL,0.0
PRIMARY_TRUSTED_0128,V5DEV_029,1,COMPETITIVE,ORIGINAL,1,3,TG10_MULTITASK_EFFECT_RIDGE_BALANCED,GENERAL,1.0
PRIMARY_TRUSTED_0129,V5DEV_029,1,COMPETITIVE,ORIGINAL,1,3,TG10_MULTITASK_EFFECT_RIDGE_BALANCED,GENERAL,1.0
PRIMARY_TRUSTED_0148,V5DEV_037,0,COMPETITIVE,ORIGINAL,1,3,TG10_MULTITASK_EFFECT_RIDGE_BALANCED,GENERAL,1.0
PRIMARY_TRUSTED_0149,V5DEV_037,1,COMPETITIVE,ORIGINAL,1,3,TG10_MULTITASK_EFFECT_RIDGE_BALANCED,GENERAL,1.0
PRIMARY_TRUSTED_0150,V5DEV_037,1,COMPETITIVE,ORIGINAL,1,3,TG10_MULTITASK_EFFECT_RIDGE_BALANCED,GENERAL,1.0
PRIMARY_TRUSTED_0151,V5DEV_037,1,COMPETITIVE,ORIGINAL,1,3,TG10_MULTITASK_EFFECT_RIDGE_BALANCED,GENERAL,1.0
PRIMARY_TRUSTED_0161,V5DEV_064,0,PROJECT,ORIGINAL,1,3,TG10_MULTITASK_EFFECT_RIDGE_BALANCED,GENERAL,1.0
PRIMARY_TRUSTED_0162,V5DEV_075,1,PROJECT,ORIGINAL,1,3,TG10_MULTITASK_EFFECT_RIDGE_BALANCED,GENERAL,0.0
PRIMARY_TRUSTED_0169,V5DEV_106,1,STATUS,ORIGINAL,1,3,TG10_MULTITASK_EFFECT_RIDGE_BALANCED,GENERAL,0.0
PRIMARY_TRUSTED_0177,V5DEV_117,1,STATUS,ORIGINAL,1,3,TG10_MULTITASK_EFFECT_RIDGE_BALANCED,GENERAL,1.0
PRIMARY_TRUSTED_0178,V5DEV_117,1,STATUS,ORIGINAL,1,3,TG10_MULTITASK_EFFECT_RIDGE_BALANCED,GENERAL,1.0
PRIMARY_TRUSTED_0179,V5DEV_117,0,STATUS,ORIGINAL,1,3,TG10_MULTITASK_EFFECT_RIDGE_BALANCED,GENERAL,0.0
PRIMARY_TRUSTED_0182,V5DEV_125,0,STATUS,ORIGINAL,1,3,TG10_MULTITASK_EFFECT_RIDGE_BALANCED,GENERAL,1.0
PRIMARY_TRUSTED_0183,V5DEV_126,1,STATUS,ORIGINAL,1,3,TG10_MULTITASK_EFFECT_RIDGE_BALANCED,GENERAL,0.0
PRIMARY_TRUSTED_0184,V5DEV_126,1,STATUS,ORIGINAL,1,3,TG10_MULTITASK_EFFECT_RIDGE_BALANCED,GENERAL,0.0
PRIMARY_TRUSTED_0026,V5DEVX_052,0,COMPETITIVE,E1,1,3,TG10_MULTITASK_EFFECT_RIDGE_BALANCED,TASK_CONDITIONED_DIAGNOSTIC,1.0
PRIMARY_TRUSTED_0027,V5DEVX_055,0,COMPETITIVE,E1,1,3,TG10_MULTITASK_EFFECT_RIDGE_BALANCED,TASK_CONDITIONED_DIAGNOSTIC,0.0
PRIMARY_TRUSTED_0028,V5DEVX_055,0,COMPETITIVE,E1,1,3,TG10_MULTITASK_EFFECT_RIDGE_BALANCED,TASK_CONDITIONED_DIAGNOSTIC,0.0
PRIMARY_TRUSTED_0029,V5DEVX_066,1,COMPETITIVE,E1,1,3,TG10_MULTITASK_EFFECT_RIDGE_BALANCED,TASK_CONDITIONED_DIAGNOSTIC,1.0
PRIMARY_TRUSTED_0039,V5DEVX_128,1,STATUS,E1,1,3,TG10_MULTITASK_EFFECT_RIDGE_BALANCED,TASK_CONDITIONED_DIAGNOSTIC,1.0
PRIMARY_TRUSTED_0052,V5DEVX_154,1,COMPETITIVE,E1,1,3,TG10_MULTITASK_EFFECT_RIDGE_BALANCED,TASK_CONDITIONED_DIAGNOSTIC,1.0
PRIMARY_TRUSTED_0053,V5DEVX_154,0,COMPETITIVE,E1,1,3,TG10_MULTITASK_EFFECT_RIDGE_BALANCED,TASK_CONDITIONED_DIAGNOSTIC,1.0
PRIMARY_TRUSTED_0054,V5DEVX_154,1,COMPETITIVE,E1,1,3,TG10_MULTITASK_EFFECT_RIDGE_BALANCED,TASK_CONDITIONED_DIAGNOSTIC,1.0
PRIMARY_TRUSTED_0055,V5DEVX_154,1,COMPETITIVE,E1,1,3,TG10_MULTITASK_EFFECT_RIDGE_BALANCED,TASK_CONDITIONED_DIAGNOSTIC,1.0
PRIMARY_TRUSTED_0056,V5DEVX_154,0,COMPETITIVE,E1,1,3,TG10_MULTITASK_EFFECT_RIDGE_BALANCED,TASK_CONDITIONED_DIAGNOSTIC,1.0
PRIMARY_TRUSTED_0057,V5DEVX_154,0,COMPETITIVE,E1,1,3,TG10_MULTITASK_EFFECT_RIDGE_BALANCED,TASK_CONDITIONED_DIAGNOSTIC,1.0
PRIMARY_TRUSTED_0066,V5DEVE2_015,1,STATUS,E2,1,3,TG10_MULTITASK_EFFECT_RIDGE_BALANCED,TASK_CONDITIONED_DIAGNOSTIC,0.0
PRIMARY_TRUSTED_0067,V5DEVE2_022,1,COMPETITIVE,E2,1,3,TG10_MULTITASK_EFFECT_RIDGE_BALANCED,TASK_CONDITIONED_DIAGNOSTIC,1.0
PRIMARY_TRUSTED_0068,V5DEVE2_022,0,COMPETITIVE,E2,1,3,TG10_MULTITASK_EFFECT_RIDGE_BALANCED,TASK_CONDITIONED_DIAGNOSTIC,1.0
PRIMARY_TRUSTED_0070,V5DEVE2_028,1,COMPETITIVE,E2,1,3,TG10_MULTITASK_EFFECT_RIDGE_BALANCED,TASK_CONDITIONED_DIAGNOSTIC,0.0
PRIMARY_TRUSTED_0076,V5DEVE2_115,1,COMPETITIVE,E2,1,3,TG10_MULTITASK_EFFECT_RIDGE_BALANCED,TASK_CONDITIONED_DIAGNOSTIC,0.0
PRIMARY_TRUSTED_0089,V5DEV_007,0,COMPETITIVE,ORIGINAL,1,3,TG10_MULTITASK_EFFECT_RIDGE_BALANCED,TASK_CONDITIONED_DIAGNOSTIC,1.0
PRIMARY_TRUSTED_0106,V5DEV_017,1,COMPETITIVE,ORIGINAL,1,3,TG10_MULTITASK_EFFECT_RIDGE_BALANCED,TASK_CONDITIONED_DIAGNOSTIC,1.0
PRIMARY_TRUSTED_0108,V5DEV_022,1,COMPETITIVE,ORIGINAL,1,3,TG10_MULTITASK_EFFECT_RIDGE_BALANCED,TASK_CONDITIONED_DIAGNOSTIC,0.0
PRIMARY_TRUSTED_0118,V5DEV_025,0,COMPETITIVE,ORIGINAL,1,3,TG10_MULTITASK_EFFECT_RIDGE_BALANCED,TASK_CONDITIONED_DIAGNOSTIC,0.0
PRIMARY_TRUSTED_0119,V5DEV_025,0,COMPETITIVE,ORIGINAL,1,3,TG10_MULTITASK_EFFECT_RIDGE_BALANCED,TASK_CONDITIONED_DIAGNOSTIC,0.0
PRIMARY_TRUSTED_0120,V5DEV_025,0,COMPETITIVE,ORIGINAL,1,3,TG10_MULTITASK_EFFECT_RIDGE_BALANCED,TASK_CONDITIONED_DIAGNOSTIC,0.0
PRIMARY_TRUSTED_0121,V5DEV_025,1,COMPETITIVE,ORIGINAL,1,3,TG10_MULTITASK_EFFECT_RIDGE_BALANCED,TASK_CONDITIONED_DIAGNOSTIC,1.0
PRIMARY_TRUSTED_0122,V5DEV_025,1,COMPETITIVE,ORIGINAL,1,3,TG10_MULTITASK_EFFECT_RIDGE_BALANCED,TASK_CONDITIONED_DIAGNOSTIC,1.0
PRIMARY_TRUSTED_0128,V5DEV_029,1,COMPETITIVE,ORIGINAL,1,3,TG10_MULTITASK_EFFECT_RIDGE_BALANCED,TASK_CONDITIONED_DIAGNOSTIC,1.0
PRIMARY_TRUSTED_0129,V5DEV_029,1,COMPETITIVE,ORIGINAL,1,3,TG10_MULTITASK_EFFECT_RIDGE_BALANCED,TASK_CONDITIONED_DIAGNOSTIC,1.0
PRIMARY_TRUSTED_0148,V5DEV_037,0,COMPETITIVE,ORIGINAL,1,3,TG10_MULTITASK_EFFECT_RIDGE_BALANCED,TASK_CONDITIONED_DIAGNOSTIC,0.0
PRIMARY_TRUSTED_0149,V5DEV_037,1,COMPETITIVE,ORIGINAL,1,3,TG10_MULTITASK_EFFECT_RIDGE_BALANCED,TASK_CONDITIONED_DIAGNOSTIC,1.0
PRIMARY_TRUSTED_0150,V5DEV_037,1,COMPETITIVE,ORIGINAL,1,3,TG10_MULTITASK_EFFECT_RIDGE_BALANCED,TASK_CONDITIONED_DIAGNOSTIC,1.0
PRIMARY_TRUSTED_0151,V5DEV_037,1,COMPETITIVE,ORIGINAL,1,3,TG10_MULTITASK_EFFECT_RIDGE_BALANCED,TASK_CONDITIONED_DIAGNOSTIC,1.0
PRIMARY_TRUSTED_0161,V5DEV_064,0,PROJECT,ORIGINAL,1,3,TG10_MULTITASK_EFFECT_RIDGE_BALANCED,TASK_CONDITIONED_DIAGNOSTIC,1.0
PRIMARY_TRUSTED_0162,V5DEV_075,1,PROJECT,ORIGINAL,1,3,TG10_MULTITASK_EFFECT_RIDGE_BALANCED,TASK_CONDITIONED_DIAGNOSTIC,0.0
PRIMARY_TRUSTED_0169,V5DEV_106,1,STATUS,ORIGINAL,1,3,TG10_MULTITASK_EFFECT_RIDGE_BALANCED,TASK_CONDITIONED_DIAGNOSTIC,0.0
PRIMARY_TRUSTED_0177,V5DEV_117,1,STATUS,ORIGINAL,1,3,TG10_MULTITASK_EFFECT_RIDGE_BALANCED,TASK_CONDITIONED_DIAGNOSTIC,1.0
PRIMARY_TRUSTED_0178,V5DEV_117,1,STATUS,ORIGINAL,1,3,TG10_MULTITASK_EFFECT_RIDGE_BALANCED,TASK_CONDITIONED_DIAGNOSTIC,0.0
PRIMARY_TRUSTED_0179,V5DEV_117,0,STATUS,ORIGINAL,1,3,TG10_MULTITASK_EFFECT_RIDGE_BALANCED,TASK_CONDITIONED_DIAGNOSTIC,0.0
PRIMARY_TRUSTED_0182,V5DEV_125,0,STATUS,ORIGINAL,1,3,TG10_MULTITASK_EFFECT_RIDGE_BALANCED,TASK_CONDITIONED_DIAGNOSTIC,1.0
PRIMARY_TRUSTED_0183,V5DEV_126,1,STATUS,ORIGINAL,1,3,TG10_MULTITASK_EFFECT_RIDGE_BALANCED,TASK_CONDITIONED_DIAGNOSTIC,0.0
PRIMARY_TRUSTED_0184,V5DEV_126,1,STATUS,ORIGINAL,1,3,TG10_MULTITASK_EFFECT_RIDGE_BALANCED,TASK_CONDITIONED_DIAGNOSTIC,0.0
PRIMARY_TRUSTED_0011,V5DEVX_017,1,STATUS,E1,1,4,TG10_SHARED_RIDGE_BALANCED,GENERAL,0.0
PRIMARY_TRUSTED_0017,V5DEVX_038,1,STATUS,E1,1,4,TG10_SHARED_RIDGE_BALANCED,GENERAL,1.0
PRIMARY_TRUSTED_0036,V5DEVX_115,1,COMPETITIVE,E1,1,4,TG10_SHARED_RIDGE_BALANCED,GENERAL,0.0
PRIMARY_TRUSTED_0037,V5DEVX_115,1,COMPETITIVE,E1,1,4,TG10_SHARED_RIDGE_BALANCED,GENERAL,1.0
PRIMARY_TRUSTED_0040,V5DEVX_131,0,STATUS,E1,1,4,TG10_SHARED_RIDGE_BALANCED,GENERAL,1.0
PRIMARY_TRUSTED_0041,V5DEVX_131,1,STATUS,E1,1,4,TG10_SHARED_RIDGE_BALANCED,GENERAL,1.0
PRIMARY_TRUSTED_0042,V5DEVX_131,0,STATUS,E1,1,4,TG10_SHARED_RIDGE_BALANCED,GENERAL,1.0
PRIMARY_TRUSTED_0043,V5DEVX_131,1,STATUS,E1,1,4,TG10_SHARED_RIDGE_BALANCED,GENERAL,1.0
PRIMARY_TRUSTED_0047,V5DEVX_142,0,COMPETITIVE,E1,1,4,TG10_SHARED_RIDGE_BALANCED,GENERAL,1.0
PRIMARY_TRUSTED_0049,V5DEVX_148,0,COMPETITIVE,E1,1,4,TG10_SHARED_RIDGE_BALANCED,GENERAL,1.0
PRIMARY_TRUSTED_0050,V5DEVX_148,0,COMPETITIVE,E1,1,4,TG10_SHARED_RIDGE_BALANCED,GENERAL,0.0
PRIMARY_TRUSTED_0051,V5DEVX_148,1,COMPETITIVE,E1,1,4,TG10_SHARED_RIDGE_BALANCED,GENERAL,1.0
PRIMARY_TRUSTED_0061,V5DEVE2_007,1,COMPETITIVE,E2,1,4,TG10_SHARED_RIDGE_BALANCED,GENERAL,1.0
PRIMARY_TRUSTED_0062,V5DEVE2_007,1,COMPETITIVE,E2,1,4,TG10_SHARED_RIDGE_BALANCED,GENERAL,1.0
PRIMARY_TRUSTED_0063,V5DEVE2_009,1,STATUS,E2,1,4,TG10_SHARED_RIDGE_BALANCED,GENERAL,0.0
PRIMARY_TRUSTED_0075,V5DEVE2_106,1,COMPETITIVE,E2,1,4,TG10_SHARED_RIDGE_BALANCED,GENERAL,1.0
PRIMARY_TRUSTED_0084,V5DEV_005,1,COMPETITIVE,ORIGINAL,1,4,TG10_SHARED_RIDGE_BALANCED,GENERAL,1.0
PRIMARY_TRUSTED_0085,V5DEV_005,1,COMPETITIVE,ORIGINAL,1,4,TG10_SHARED_RIDGE_BALANCED,GENERAL,1.0
PRIMARY_TRUSTED_0086,V5DEV_005,1,COMPETITIVE,ORIGINAL,1,4,TG10_SHARED_RIDGE_BALANCED,GENERAL,1.0
PRIMARY_TRUSTED_0087,V5DEV_005,1,COMPETITIVE,ORIGINAL,1,4,TG10_SHARED_RIDGE_BALANCED,GENERAL,1.0
PRIMARY_TRUSTED_0088,V5DEV_005,0,COMPETITIVE,ORIGINAL,1,4,TG10_SHARED_RIDGE_BALANCED,GENERAL,1.0
PRIMARY_TRUSTED_0092,V5DEV_009,1,COMPETITIVE,ORIGINAL,1,4,TG10_SHARED_RIDGE_BALANCED,GENERAL,0.0
PRIMARY_TRUSTED_0098,V5DEV_013,1,COMPETITIVE,ORIGINAL,1,4,TG10_SHARED_RIDGE_BALANCED,GENERAL,1.0
PRIMARY_TRUSTED_0099,V5DEV_013,0,COMPETITIVE,ORIGINAL,1,4,TG10_SHARED_RIDGE_BALANCED,GENERAL,0.0
PRIMARY_TRUSTED_0100,V5DEV_014,0,COMPETITIVE,ORIGINAL,1,4,TG10_SHARED_RIDGE_BALANCED,GENERAL,1.0
PRIMARY_TRUSTED_0101,V5DEV_014,1,COMPETITIVE,ORIGINAL,1,4,TG10_SHARED_RIDGE_BALANCED,GENERAL,1.0
PRIMARY_TRUSTED_0102,V5DEV_014,1,COMPETITIVE,ORIGINAL,1,4,TG10_SHARED_RIDGE_BALANCED,GENERAL,1.0
PRIMARY_TRUSTED_0103,V5DEV_014,0,COMPETITIVE,ORIGINAL,1,4,TG10_SHARED_RIDGE_BALANCED,GENERAL,0.0
PRIMARY_TRUSTED_0126,V5DEV_028,1,COMPETITIVE,ORIGINAL,1,4,TG10_SHARED_RIDGE_BALANCED,GENERAL,1.0
PRIMARY_TRUSTED_0127,V5DEV_028,1,COMPETITIVE,ORIGINAL,1,4,TG10_SHARED_RIDGE_BALANCED,GENERAL,0.0
PRIMARY_TRUSTED_0140,V5DEV_035,0,COMPETITIVE,ORIGINAL,1,4,TG10_SHARED_RIDGE_BALANCED,GENERAL,1.0
PRIMARY_TRUSTED_0141,V5DEV_035,0,COMPETITIVE,ORIGINAL,1,4,TG10_SHARED_RIDGE_BALANCED,GENERAL,1.0
PRIMARY_TRUSTED_0159,V5DEV_040,0,COMPETITIVE,ORIGINAL,1,4,TG10_SHARED_RIDGE_BALANCED,GENERAL,1.0
PRIMARY_TRUSTED_0165,V5DEV_084,1,PROJECT,ORIGINAL,1,4,TG10_SHARED_RIDGE_BALANCED,GENERAL,1.0
PRIMARY_TRUSTED_0166,V5DEV_084,0,PROJECT,ORIGINAL,1,4,TG10_SHARED_RIDGE_BALANCED,GENERAL,0.0
PRIMARY_TRUSTED_0167,V5DEV_084,0,PROJECT,ORIGINAL,1,4,TG10_SHARED_RIDGE_BALANCED,GENERAL,0.0
PRIMARY_TRUSTED_0180,V5DEV_118,0,STATUS,ORIGINAL,1,4,TG10_SHARED_RIDGE_BALANCED,GENERAL,0.0
PRIMARY_TRUSTED_0188,V5DEV_150,1,STATUS,ORIGINAL,1,4,TG10_SHARED_RIDGE_BALANCED,GENERAL,1.0
PRIMARY_TRUSTED_0011,V5DEVX_017,1,STATUS,E1,1,4,TG10_MULTITASK_EFFECT_RIDGE_BALANCED,GENERAL,0.0
PRIMARY_TRUSTED_0017,V5DEVX_038,1,STATUS,E1,1,4,TG10_MULTITASK_EFFECT_RIDGE_BALANCED,GENERAL,0.0
PRIMARY_TRUSTED_0036,V5DEVX_115,1,COMPETITIVE,E1,1,4,TG10_MULTITASK_EFFECT_RIDGE_BALANCED,GENERAL,0.0
PRIMARY_TRUSTED_0037,V5DEVX_115,1,COMPETITIVE,E1,1,4,TG10_MULTITASK_EFFECT_RIDGE_BALANCED,GENERAL,0.0
PRIMARY_TRUSTED_0040,V5DEVX_131,0,STATUS,E1,1,4,TG10_MULTITASK_EFFECT_RIDGE_BALANCED,GENERAL,0.0
PRIMARY_TRUSTED_0041,V5DEVX_131,1,STATUS,E1,1,4,TG10_MULTITASK_EFFECT_RIDGE_BALANCED,GENERAL,1.0
PRIMARY_TRUSTED_0042,V5DEVX_131,0,STATUS,E1,1,4,TG10_MULTITASK_EFFECT_RIDGE_BALANCED,GENERAL,1.0
PRIMARY_TRUSTED_0043,V5DEVX_131,1,STATUS,E1,1,4,TG10_MULTITASK_EFFECT_RIDGE_BALANCED,GENERAL,1.0
PRIMARY_TRUSTED_0047,V5DEVX_142,0,COMPETITIVE,E1,1,4,TG10_MULTITASK_EFFECT_RIDGE_BALANCED,GENERAL,1.0
PRIMARY_TRUSTED_0049,V5DEVX_148,0,COMPETITIVE,E1,1,4,TG10_MULTITASK_EFFECT_RIDGE_BALANCED,GENERAL,1.0
PRIMARY_TRUSTED_0050,V5DEVX_148,0,COMPETITIVE,E1,1,4,TG10_MULTITASK_EFFECT_RIDGE_BALANCED,GENERAL,1.0
PRIMARY_TRUSTED_0051,V5DEVX_148,1,COMPETITIVE,E1,1,4,TG10_MULTITASK_EFFECT_RIDGE_BALANCED,GENERAL,1.0
PRIMARY_TRUSTED_0061,V5DEVE2_007,1,COMPETITIVE,E2,1,4,TG10_MULTITASK_EFFECT_RIDGE_BALANCED,GENERAL,1.0
PRIMARY_TRUSTED_0062,V5DEVE2_007,1,COMPETITIVE,E2,1,4,TG10_MULTITASK_EFFECT_RIDGE_BALANCED,GENERAL,1.0
PRIMARY_TRUSTED_0063,V5DEVE2_009,1,STATUS,E2,1,4,TG10_MULTITASK_EFFECT_RIDGE_BALANCED,GENERAL,1.0
PRIMARY_TRUSTED_0075,V5DEVE2_106,1,COMPETITIVE,E2,1,4,TG10_MULTITASK_EFFECT_RIDGE_BALANCED,GENERAL,0.0
PRIMARY_TRUSTED_0084,V5DEV_005,1,COMPETITIVE,ORIGINAL,1,4,TG10_MULTITASK_EFFECT_RIDGE_BALANCED,GENERAL,1.0
PRIMARY_TRUSTED_0085,V5DEV_005,1,COMPETITIVE,ORIGINAL,1,4,TG10_MULTITASK_EFFECT_RIDGE_BALANCED,GENERAL,1.0
PRIMARY_TRUSTED_0086,V5DEV_005,1,COMPETITIVE,ORIGINAL,1,4,TG10_MULTITASK_EFFECT_RIDGE_BALANCED,GENERAL,1.0
PRIMARY_TRUSTED_0087,V5DEV_005,1,COMPETITIVE,ORIGINAL,1,4,TG10_MULTITASK_EFFECT_RIDGE_BALANCED,GENERAL,1.0
PRIMARY_TRUSTED_0088,V5DEV_005,0,COMPETITIVE,ORIGINAL,1,4,TG10_MULTITASK_EFFECT_RIDGE_BALANCED,GENERAL,1.0
PRIMARY_TRUSTED_0092,V5DEV_009,1,COMPETITIVE,ORIGINAL,1,4,TG10_MULTITASK_EFFECT_RIDGE_BALANCED,GENERAL,0.0
PRIMARY_TRUSTED_0098,V5DEV_013,1,COMPETITIVE,ORIGINAL,1,4,TG10_MULTITASK_EFFECT_RIDGE_BALANCED,GENERAL,1.0
PRIMARY_TRUSTED_0099,V5DEV_013,0,COMPETITIVE,ORIGINAL,1,4,TG10_MULTITASK_EFFECT_RIDGE_BALANCED,GENERAL,1.0
PRIMARY_TRUSTED_0100,V5DEV_014,0,COMPETITIVE,ORIGINAL,1,4,TG10_MULTITASK_EFFECT_RIDGE_BALANCED,GENERAL,1.0
PRIMARY_TRUSTED_0101,V5DEV_014,1,COMPETITIVE,ORIGINAL,1,4,TG10_MULTITASK_EFFECT_RIDGE_BALANCED,GENERAL,0.0
PRIMARY_TRUSTED_0102,V5DEV_014,1,COMPETITIVE,ORIGINAL,1,4,TG10_MULTITASK_EFFECT_RIDGE_BALANCED,GENERAL,0.0
PRIMARY_TRUSTED_0103,V5DEV_014,0,COMPETITIVE,ORIGINAL,1,4,TG10_MULTITASK_EFFECT_RIDGE_BALANCED,GENERAL,1.0
PRIMARY_TRUSTED_0126,V5DEV_028,1,COMPETITIVE,ORIGINAL,1,4,TG10_MULTITASK_EFFECT_RIDGE_BALANCED,GENERAL,1.0
PRIMARY_TRUSTED_0127,V5DEV_028,1,COMPETITIVE,ORIGINAL,1,4,TG10_MULTITASK_EFFECT_RIDGE_BALANCED,GENERAL,0.0
PRIMARY_TRUSTED_0140,V5DEV_035,0,COMPETITIVE,ORIGINAL,1,4,TG10_MULTITASK_EFFECT_RIDGE_BALANCED,GENERAL,1.0
PRIMARY_TRUSTED_0141,V5DEV_035,0,COMPETITIVE,ORIGINAL,1,4,TG10_MULTITASK_EFFECT_RIDGE_BALANCED,GENERAL,1.0
PRIMARY_TRUSTED_0159,V5DEV_040,0,COMPETITIVE,ORIGINAL,1,4,TG10_MULTITASK_EFFECT_RIDGE_BALANCED,GENERAL,1.0
PRIMARY_TRUSTED_0165,V5DEV_084,1,PROJECT,ORIGINAL,1,4,TG10_MULTITASK_EFFECT_RIDGE_BALANCED,GENERAL,0.0
PRIMARY_TRUSTED_0166,V5DEV_084,0,PROJECT,ORIGINAL,1,4,TG10_MULTITASK_EFFECT_RIDGE_BALANCED,GENERAL,0.0
PRIMARY_TRUSTED_0167,V5DEV_084,0,PROJECT,ORIGINAL,1,4,TG10_MULTITASK_EFFECT_RIDGE_BALANCED,GENERAL,0.0
PRIMARY_TRUSTED_0180,V5DEV_118,0,STATUS,ORIGINAL,1,4,TG10_MULTITASK_EFFECT_RIDGE_BALANCED,GENERAL,0.0
PRIMARY_TRUSTED_0188,V5DEV_150,1,STATUS,ORIGINAL,1,4,TG10_MULTITASK_EFFECT_RIDGE_BALANCED,GENERAL,1.0
PRIMARY_TRUSTED_0011,V5DEVX_017,1,STATUS,E1,1,4,TG10_MULTITASK_EFFECT_RIDGE_BALANCED,TASK_CONDITIONED_DIAGNOSTIC,0.0
PRIMARY_TRUSTED_0017,V5DEVX_038,1,STATUS,E1,1,4,TG10_MULTITASK_EFFECT_RIDGE_BALANCED,TASK_CONDITIONED_DIAGNOSTIC,1.0
PRIMARY_TRUSTED_0036,V5DEVX_115,1,COMPETITIVE,E1,1,4,TG10_MULTITASK_EFFECT_RIDGE_BALANCED,TASK_CONDITIONED_DIAGNOSTIC,0.0
PRIMARY_TRUSTED_0037,V5DEVX_115,1,COMPETITIVE,E1,1,4,TG10_MULTITASK_EFFECT_RIDGE_BALANCED,TASK_CONDITIONED_DIAGNOSTIC,0.0
PRIMARY_TRUSTED_0040,V5DEVX_131,0,STATUS,E1,1,4,TG10_MULTITASK_EFFECT_RIDGE_BALANCED,TASK_CONDITIONED_DIAGNOSTIC,1.0
PRIMARY_TRUSTED_0041,V5DEVX_131,1,STATUS,E1,1,4,TG10_MULTITASK_EFFECT_RIDGE_BALANCED,TASK_CONDITIONED_DIAGNOSTIC,1.0
PRIMARY_TRUSTED_0042,V5DEVX_131,0,STATUS,E1,1,4,TG10_MULTITASK_EFFECT_RIDGE_BALANCED,TASK_CONDITIONED_DIAGNOSTIC,1.0
PRIMARY_TRUSTED_0043,V5DEVX_131,1,STATUS,E1,1,4,TG10_MULTITASK_EFFECT_RIDGE_BALANCED,TASK_CONDITIONED_DIAGNOSTIC,1.0
PRIMARY_TRUSTED_0047,V5DEVX_142,0,COMPETITIVE,E1,1,4,TG10_MULTITASK_EFFECT_RIDGE_BALANCED,TASK_CONDITIONED_DIAGNOSTIC,1.0
PRIMARY_TRUSTED_0049,V5DEVX_148,0,COMPETITIVE,E1,1,4,TG10_MULTITASK_EFFECT_RIDGE_BALANCED,TASK_CONDITIONED_DIAGNOSTIC,1.0
PRIMARY_TRUSTED_0050,V5DEVX_148,0,COMPETITIVE,E1,1,4,TG10_MULTITASK_EFFECT_RIDGE_BALANCED,TASK_CONDITIONED_DIAGNOSTIC,1.0
PRIMARY_TRUSTED_0051,V5DEVX_148,1,COMPETITIVE,E1,1,4,TG10_MULTITASK_EFFECT_RIDGE_BALANCED,TASK_CONDITIONED_DIAGNOSTIC,1.0
PRIMARY_TRUSTED_0061,V5DEVE2_007,1,COMPETITIVE,E2,1,4,TG10_MULTITASK_EFFECT_RIDGE_BALANCED,TASK_CONDITIONED_DIAGNOSTIC,1.0
PRIMARY_TRUSTED_0062,V5DEVE2_007,1,COMPETITIVE,E2,1,4,TG10_MULTITASK_EFFECT_RIDGE_BALANCED,TASK_CONDITIONED_DIAGNOSTIC,0.0
PRIMARY_TRUSTED_0063,V5DEVE2_009,1,STATUS,E2,1,4,TG10_MULTITASK_EFFECT_RIDGE_BALANCED,TASK_CONDITIONED_DIAGNOSTIC,1.0
PRIMARY_TRUSTED_0075,V5DEVE2_106,1,COMPETITIVE,E2,1,4,TG10_MULTITASK_EFFECT_RIDGE_BALANCED,TASK_CONDITIONED_DIAGNOSTIC,0.0
PRIMARY_TRUSTED_0084,V5DEV_005,1,COMPETITIVE,ORIGINAL,1,4,TG10_MULTITASK_EFFECT_RIDGE_BALANCED,TASK_CONDITIONED_DIAGNOSTIC,1.0
PRIMARY_TRUSTED_0085,V5DEV_005,1,COMPETITIVE,ORIGINAL,1,4,TG10_MULTITASK_EFFECT_RIDGE_BALANCED,TASK_CONDITIONED_DIAGNOSTIC,1.0
PRIMARY_TRUSTED_0086,V5DEV_005,1,COMPETITIVE,ORIGINAL,1,4,TG10_MULTITASK_EFFECT_RIDGE_BALANCED,TASK_CONDITIONED_DIAGNOSTIC,1.0
PRIMARY_TRUSTED_0087,V5DEV_005,1,COMPETITIVE,ORIGINAL,1,4,TG10_MULTITASK_EFFECT_RIDGE_BALANCED,TASK_CONDITIONED_DIAGNOSTIC,1.0
PRIMARY_TRUSTED_0088,V5DEV_005,0,COMPETITIVE,ORIGINAL,1,4,TG10_MULTITASK_EFFECT_RIDGE_BALANCED,TASK_CONDITIONED_DIAGNOSTIC,1.0
PRIMARY_TRUSTED_0092,V5DEV_009,1,COMPETITIVE,ORIGINAL,1,4,TG10_MULTITASK_EFFECT_RIDGE_BALANCED,TASK_CONDITIONED_DIAGNOSTIC,0.0
PRIMARY_TRUSTED_0098,V5DEV_013,1,COMPETITIVE,ORIGINAL,1,4,TG10_MULTITASK_EFFECT_RIDGE_BALANCED,TASK_CONDITIONED_DIAGNOSTIC,0.0
PRIMARY_TRUSTED_0099,V5DEV_013,0,COMPETITIVE,ORIGINAL,1,4,TG10_MULTITASK_EFFECT_RIDGE_BALANCED,TASK_CONDITIONED_DIAGNOSTIC,1.0
PRIMARY_TRUSTED_0100,V5DEV_014,0,COMPETITIVE,ORIGINAL,1,4,TG10_MULTITASK_EFFECT_RIDGE_BALANCED,TASK_CONDITIONED_DIAGNOSTIC,1.0
PRIMARY_TRUSTED_0101,V5DEV_014,1,COMPETITIVE,ORIGINAL,1,4,TG10_MULTITASK_EFFECT_RIDGE_BALANCED,TASK_CONDITIONED_DIAGNOSTIC,1.0
PRIMARY_TRUSTED_0102,V5DEV_014,1,COMPETITIVE,ORIGINAL,1,4,TG10_MULTITASK_EFFECT_RIDGE_BALANCED,TASK_CONDITIONED_DIAGNOSTIC,1.0
PRIMARY_TRUSTED_0103,V5DEV_014,0,COMPETITIVE,ORIGINAL,1,4,TG10_MULTITASK_EFFECT_RIDGE_BALANCED,TASK_CONDITIONED_DIAGNOSTIC,1.0
PRIMARY_TRUSTED_0126,V5DEV_028,1,COMPETITIVE,ORIGINAL,1,4,TG10_MULTITASK_EFFECT_RIDGE_BALANCED,TASK_CONDITIONED_DIAGNOSTIC,0.0
PRIMARY_TRUSTED_0127,V5DEV_028,1,COMPETITIVE,ORIGINAL,1,4,TG10_MULTITASK_EFFECT_RIDGE_BALANCED,TASK_CONDITIONED_DIAGNOSTIC,0.0
PRIMARY_TRUSTED_0140,V5DEV_035,0,COMPETITIVE,ORIGINAL,1,4,TG10_MULTITASK_EFFECT_RIDGE_BALANCED,TASK_CONDITIONED_DIAGNOSTIC,1.0
PRIMARY_TRUSTED_0141,V5DEV_035,0,COMPETITIVE,ORIGINAL,1,4,TG10_MULTITASK_EFFECT_RIDGE_BALANCED,TASK_CONDITIONED_DIAGNOSTIC,1.0
PRIMARY_TRUSTED_0159,V5DEV_040,0,COMPETITIVE,ORIGINAL,1,4,TG10_MULTITASK_EFFECT_RIDGE_BALANCED,TASK_CONDITIONED_DIAGNOSTIC,1.0
PRIMARY_TRUSTED_0165,V5DEV_084,1,PROJECT,ORIGINAL,1,4,TG10_MULTITASK_EFFECT_RIDGE_BALANCED,TASK_CONDITIONED_DIAGNOSTIC,0.0
PRIMARY_TRUSTED_0166,V5DEV_084,0,PROJECT,ORIGINAL,1,4,TG10_MULTITASK_EFFECT_RIDGE_BALANCED,TASK_CONDITIONED_DIAGNOSTIC,1.0
PRIMARY_TRUSTED_0167,V5DEV_084,0,PROJECT,ORIGINAL,1,4,TG10_MULTITASK_EFFECT_RIDGE_BALANCED,TASK_CONDITIONED_DIAGNOSTIC,0.0
PRIMARY_TRUSTED_0180,V5DEV_118,0,STATUS,ORIGINAL,1,4,TG10_MULTITASK_EFFECT_RIDGE_BALANCED,TASK_CONDITIONED_DIAGNOSTIC,0.0
PRIMARY_TRUSTED_0188,V5DEV_150,1,STATUS,ORIGINAL,1,4,TG10_MULTITASK_EFFECT_RIDGE_BALANCED,TASK_CONDITIONED_DIAGNOSTIC,1.0
PRIMARY_TRUSTED_0001,V5DEVX_004,0,COMPETITIVE,E1,2,0,TG10_SHARED_RIDGE_BALANCED,GENERAL,1.0
PRIMARY_TRUSTED_0002,V5DEVX_004,1,COMPETITIVE,E1,2,0,TG10_SHARED_RIDGE_BALANCED,GENERAL,1.0
PRIMARY_TRUSTED_0003,V5DEVX_004,1,COMPETITIVE,E1,2,0,TG10_SHARED_RIDGE_BALANCED,GENERAL,0.0
PRIMARY_TRUSTED_0017,V5DEVX_038,1,STATUS,E1,2,0,TG10_SHARED_RIDGE_BALANCED,GENERAL,1.0
PRIMARY_TRUSTED_0021,V5DEVX_049,1,COMPETITIVE,E1,2,0,TG10_SHARED_RIDGE_BALANCED,GENERAL,1.0
PRIMARY_TRUSTED_0022,V5DEVX_049,1,COMPETITIVE,E1,2,0,TG10_SHARED_RIDGE_BALANCED,GENERAL,1.0
PRIMARY_TRUSTED_0023,V5DEVX_049,1,COMPETITIVE,E1,2,0,TG10_SHARED_RIDGE_BALANCED,GENERAL,1.0
PRIMARY_TRUSTED_0024,V5DEVX_049,0,COMPETITIVE,E1,2,0,TG10_SHARED_RIDGE_BALANCED,GENERAL,1.0
PRIMARY_TRUSTED_0025,V5DEVX_050,1,PROJECT,E1,2,0,TG10_SHARED_RIDGE_BALANCED,GENERAL,1.0
PRIMARY_TRUSTED_0029,V5DEVX_066,1,COMPETITIVE,E1,2,0,TG10_SHARED_RIDGE_BALANCED,GENERAL,0.0
PRIMARY_TRUSTED_0038,V5DEVX_122,1,STATUS,E1,2,0,TG10_SHARED_RIDGE_BALANCED,GENERAL,1.0
PRIMARY_TRUSTED_0048,V5DEVX_147,1,STATUS,E1,2,0,TG10_SHARED_RIDGE_BALANCED,GENERAL,0.0
PRIMARY_TRUSTED_0058,V5DEVE2_001,1,COMPETITIVE,E2,2,0,TG10_SHARED_RIDGE_BALANCED,GENERAL,1.0
PRIMARY_TRUSTED_0059,V5DEVE2_001,0,COMPETITIVE,E2,2,0,TG10_SHARED_RIDGE_BALANCED,GENERAL,1.0
PRIMARY_TRUSTED_0066,V5DEVE2_015,1,STATUS,E2,2,0,TG10_SHARED_RIDGE_BALANCED,GENERAL,0.0
PRIMARY_TRUSTED_0070,V5DEVE2_028,1,COMPETITIVE,E2,2,0,TG10_SHARED_RIDGE_BALANCED,GENERAL,0.0
PRIMARY_TRUSTED_0074,V5DEVE2_083,1,COMPETITIVE,E2,2,0,TG10_SHARED_RIDGE_BALANCED,GENERAL,0.0
PRIMARY_TRUSTED_0081,V5DEV_001,0,COMPETITIVE,ORIGINAL,2,0,TG10_SHARED_RIDGE_BALANCED,GENERAL,1.0
PRIMARY_TRUSTED_0082,V5DEV_001,0,COMPETITIVE,ORIGINAL,2,0,TG10_SHARED_RIDGE_BALANCED,GENERAL,1.0
PRIMARY_TRUSTED_0090,V5DEV_008,0,COMPETITIVE,ORIGINAL,2,0,TG10_SHARED_RIDGE_BALANCED,GENERAL,1.0
PRIMARY_TRUSTED_0091,V5DEV_008,0,COMPETITIVE,ORIGINAL,2,0,TG10_SHARED_RIDGE_BALANCED,GENERAL,1.0
PRIMARY_TRUSTED_0096,V5DEV_012,0,COMPETITIVE,ORIGINAL,2,0,TG10_SHARED_RIDGE_BALANCED,GENERAL,1.0
PRIMARY_TRUSTED_0097,V5DEV_012,1,COMPETITIVE,ORIGINAL,2,0,TG10_SHARED_RIDGE_BALANCED,GENERAL,0.0
PRIMARY_TRUSTED_0109,V5DEV_023,1,COMPETITIVE,ORIGINAL,2,0,TG10_SHARED_RIDGE_BALANCED,GENERAL,0.0
PRIMARY_TRUSTED_0110,V5DEV_023,1,COMPETITIVE,ORIGINAL,2,0,TG10_SHARED_RIDGE_BALANCED,GENERAL,0.0
PRIMARY_TRUSTED_0111,V5DEV_023,1,COMPETITIVE,ORIGINAL,2,0,TG10_SHARED_RIDGE_BALANCED,GENERAL,0.0
PRIMARY_TRUSTED_0112,V5DEV_023,0,COMPETITIVE,ORIGINAL,2,0,TG10_SHARED_RIDGE_BALANCED,GENERAL,0.0
PRIMARY_TRUSTED_0113,V5DEV_023,0,COMPETITIVE,ORIGINAL,2,0,TG10_SHARED_RIDGE_BALANCED,GENERAL,0.0
PRIMARY_TRUSTED_0114,V5DEV_023,0,COMPETITIVE,ORIGINAL,2,0,TG10_SHARED_RIDGE_BALANCED,GENERAL,1.0
PRIMARY_TRUSTED_0115,V5DEV_023,1,COMPETITIVE,ORIGINAL,2,0,TG10_SHARED_RIDGE_BALANCED,GENERAL,0.0
PRIMARY_TRUSTED_0116,V5DEV_023,1,COMPETITIVE,ORIGINAL,2,0,TG10_SHARED_RIDGE_BALANCED,GENERAL,0.0
PRIMARY_TRUSTED_0117,V5DEV_024,1,COMPETITIVE,ORIGINAL,2,0,TG10_SHARED_RIDGE_BALANCED,GENERAL,1.0
PRIMARY_TRUSTED_0160,V5DEV_051,0,PROJECT,ORIGINAL,2,0,TG10_SHARED_RIDGE_BALANCED,GENERAL,0.0
PRIMARY_TRUSTED_0168,V5DEV_090,0,PROJECT,ORIGINAL,2,0,TG10_SHARED_RIDGE_BALANCED,GENERAL,1.0
PRIMARY_TRUSTED_0173,V5DEV_109,1,STATUS,ORIGINAL,2,0,TG10_SHARED_RIDGE_BALANCED,GENERAL,0.0
PRIMARY_TRUSTED_0174,V5DEV_109,0,STATUS,ORIGINAL,2,0,TG10_SHARED_RIDGE_BALANCED,GENERAL,0.0
PRIMARY_TRUSTED_0177,V5DEV_117,1,STATUS,ORIGINAL,2,0,TG10_SHARED_RIDGE_BALANCED,GENERAL,0.0
PRIMARY_TRUSTED_0178,V5DEV_117,1,STATUS,ORIGINAL,2,0,TG10_SHARED_RIDGE_BALANCED,GENERAL,1.0
PRIMARY_TRUSTED_0179,V5DEV_117,0,STATUS,ORIGINAL,2,0,TG10_SHARED_RIDGE_BALANCED,GENERAL,0.0
PRIMARY_TRUSTED_0001,V5DEVX_004,0,COMPETITIVE,E1,2,0,TG10_MULTITASK_EFFECT_RIDGE_BALANCED,GENERAL,1.0
PRIMARY_TRUSTED_0002,V5DEVX_004,1,COMPETITIVE,E1,2,0,TG10_MULTITASK_EFFECT_RIDGE_BALANCED,GENERAL,1.0
PRIMARY_TRUSTED_0003,V5DEVX_004,1,COMPETITIVE,E1,2,0,TG10_MULTITASK_EFFECT_RIDGE_BALANCED,GENERAL,0.0
PRIMARY_TRUSTED_0017,V5DEVX_038,1,STATUS,E1,2,0,TG10_MULTITASK_EFFECT_RIDGE_BALANCED,GENERAL,0.0
PRIMARY_TRUSTED_0021,V5DEVX_049,1,COMPETITIVE,E1,2,0,TG10_MULTITASK_EFFECT_RIDGE_BALANCED,GENERAL,1.0
PRIMARY_TRUSTED_0022,V5DEVX_049,1,COMPETITIVE,E1,2,0,TG10_MULTITASK_EFFECT_RIDGE_BALANCED,GENERAL,1.0
PRIMARY_TRUSTED_0023,V5DEVX_049,1,COMPETITIVE,E1,2,0,TG10_MULTITASK_EFFECT_RIDGE_BALANCED,GENERAL,1.0
PRIMARY_TRUSTED_0024,V5DEVX_049,0,COMPETITIVE,E1,2,0,TG10_MULTITASK_EFFECT_RIDGE_BALANCED,GENERAL,1.0
PRIMARY_TRUSTED_0025,V5DEVX_050,1,PROJECT,E1,2,0,TG10_MULTITASK_EFFECT_RIDGE_BALANCED,GENERAL,0.0
PRIMARY_TRUSTED_0029,V5DEVX_066,1,COMPETITIVE,E1,2,0,TG10_MULTITASK_EFFECT_RIDGE_BALANCED,GENERAL,0.0
PRIMARY_TRUSTED_0038,V5DEVX_122,1,STATUS,E1,2,0,TG10_MULTITASK_EFFECT_RIDGE_BALANCED,GENERAL,1.0
PRIMARY_TRUSTED_0048,V5DEVX_147,1,STATUS,E1,2,0,TG10_MULTITASK_EFFECT_RIDGE_BALANCED,GENERAL,0.0
PRIMARY_TRUSTED_0058,V5DEVE2_001,1,COMPETITIVE,E2,2,0,TG10_MULTITASK_EFFECT_RIDGE_BALANCED,GENERAL,1.0
PRIMARY_TRUSTED_0059,V5DEVE2_001,0,COMPETITIVE,E2,2,0,TG10_MULTITASK_EFFECT_RIDGE_BALANCED,GENERAL,1.0
PRIMARY_TRUSTED_0066,V5DEVE2_015,1,STATUS,E2,2,0,TG10_MULTITASK_EFFECT_RIDGE_BALANCED,GENERAL,0.0
PRIMARY_TRUSTED_0070,V5DEVE2_028,1,COMPETITIVE,E2,2,0,TG10_MULTITASK_EFFECT_RIDGE_BALANCED,GENERAL,0.0
PRIMARY_TRUSTED_0074,V5DEVE2_083,1,COMPETITIVE,E2,2,0,TG10_MULTITASK_EFFECT_RIDGE_BALANCED,GENERAL,0.0
PRIMARY_TRUSTED_0081,V5DEV_001,0,COMPETITIVE,ORIGINAL,2,0,TG10_MULTITASK_EFFECT_RIDGE_BALANCED,GENERAL,1.0
PRIMARY_TRUSTED_0082,V5DEV_001,0,COMPETITIVE,ORIGINAL,2,0,TG10_MULTITASK_EFFECT_RIDGE_BALANCED,GENERAL,1.0
PRIMARY_TRUSTED_0090,V5DEV_008,0,COMPETITIVE,ORIGINAL,2,0,TG10_MULTITASK_EFFECT_RIDGE_BALANCED,GENERAL,0.0
PRIMARY_TRUSTED_0091,V5DEV_008,0,COMPETITIVE,ORIGINAL,2,0,TG10_MULTITASK_EFFECT_RIDGE_BALANCED,GENERAL,0.0
PRIMARY_TRUSTED_0096,V5DEV_012,0,COMPETITIVE,ORIGINAL,2,0,TG10_MULTITASK_EFFECT_RIDGE_BALANCED,GENERAL,0.0
PRIMARY_TRUSTED_0097,V5DEV_012,1,COMPETITIVE,ORIGINAL,2,0,TG10_MULTITASK_EFFECT_RIDGE_BALANCED,GENERAL,1.0
PRIMARY_TRUSTED_0109,V5DEV_023,1,COMPETITIVE,ORIGINAL,2,0,TG10_MULTITASK_EFFECT_RIDGE_BALANCED,GENERAL,1.0
PRIMARY_TRUSTED_0110,V5DEV_023,1,COMPETITIVE,ORIGINAL,2,0,TG10_MULTITASK_EFFECT_RIDGE_BALANCED,GENERAL,1.0
PRIMARY_TRUSTED_0111,V5DEV_023,1,COMPETITIVE,ORIGINAL,2,0,TG10_MULTITASK_EFFECT_RIDGE_BALANCED,GENERAL,1.0
PRIMARY_TRUSTED_0112,V5DEV_023,0,COMPETITIVE,ORIGINAL,2,0,TG10_MULTITASK_EFFECT_RIDGE_BALANCED,GENERAL,0.0
PRIMARY_TRUSTED_0113,V5DEV_023,0,COMPETITIVE,ORIGINAL,2,0,TG10_MULTITASK_EFFECT_RIDGE_BALANCED,GENERAL,1.0
PRIMARY_TRUSTED_0114,V5DEV_023,0,COMPETITIVE,ORIGINAL,2,0,TG10_MULTITASK_EFFECT_RIDGE_BALANCED,GENERAL,1.0
PRIMARY_TRUSTED_0115,V5DEV_023,1,COMPETITIVE,ORIGINAL,2,0,TG10_MULTITASK_EFFECT_RIDGE_BALANCED,GENERAL,0.0
PRIMARY_TRUSTED_0116,V5DEV_023,1,COMPETITIVE,ORIGINAL,2,0,TG10_MULTITASK_EFFECT_RIDGE_BALANCED,GENERAL,1.0
PRIMARY_TRUSTED_0117,V5DEV_024,1,COMPETITIVE,ORIGINAL,2,0,TG10_MULTITASK_EFFECT_RIDGE_BALANCED,GENERAL,1.0
PRIMARY_TRUSTED_0160,V5DEV_051,0,PROJECT,ORIGINAL,2,0,TG10_MULTITASK_EFFECT_RIDGE_BALANCED,GENERAL,1.0
PRIMARY_TRUSTED_0168,V5DEV_090,0,PROJECT,ORIGINAL,2,0,TG10_MULTITASK_EFFECT_RIDGE_BALANCED,GENERAL,1.0
PRIMARY_TRUSTED_0173,V5DEV_109,1,STATUS,ORIGINAL,2,0,TG10_MULTITASK_EFFECT_RIDGE_BALANCED,GENERAL,0.0
PRIMARY_TRUSTED_0174,V5DEV_109,0,STATUS,ORIGINAL,2,0,TG10_MULTITASK_EFFECT_RIDGE_BALANCED,GENERAL,0.0
PRIMARY_TRUSTED_0177,V5DEV_117,1,STATUS,ORIGINAL,2,0,TG10_MULTITASK_EFFECT_RIDGE_BALANCED,GENERAL,1.0
PRIMARY_TRUSTED_0178,V5DEV_117,1,STATUS,ORIGINAL,2,0,TG10_MULTITASK_EFFECT_RIDGE_BALANCED,GENERAL,1.0
PRIMARY_TRUSTED_0179,V5DEV_117,0,STATUS,ORIGINAL,2,0,TG10_MULTITASK_EFFECT_RIDGE_BALANCED,GENERAL,1.0
PRIMARY_TRUSTED_0001,V5DEVX_004,0,COMPETITIVE,E1,2,0,TG10_MULTITASK_EFFECT_RIDGE_BALANCED,TASK_CONDITIONED_DIAGNOSTIC,1.0
PRIMARY_TRUSTED_0002,V5DEVX_004,1,COMPETITIVE,E1,2,0,TG10_MULTITASK_EFFECT_RIDGE_BALANCED,TASK_CONDITIONED_DIAGNOSTIC,1.0
PRIMARY_TRUSTED_0003,V5DEVX_004,1,COMPETITIVE,E1,2,0,TG10_MULTITASK_EFFECT_RIDGE_BALANCED,TASK_CONDITIONED_DIAGNOSTIC,1.0
PRIMARY_TRUSTED_0017,V5DEVX_038,1,STATUS,E1,2,0,TG10_MULTITASK_EFFECT_RIDGE_BALANCED,TASK_CONDITIONED_DIAGNOSTIC,1.0
PRIMARY_TRUSTED_0021,V5DEVX_049,1,COMPETITIVE,E1,2,0,TG10_MULTITASK_EFFECT_RIDGE_BALANCED,TASK_CONDITIONED_DIAGNOSTIC,0.0
PRIMARY_TRUSTED_0022,V5DEVX_049,1,COMPETITIVE,E1,2,0,TG10_MULTITASK_EFFECT_RIDGE_BALANCED,TASK_CONDITIONED_DIAGNOSTIC,0.0
PRIMARY_TRUSTED_0023,V5DEVX_049,1,COMPETITIVE,E1,2,0,TG10_MULTITASK_EFFECT_RIDGE_BALANCED,TASK_CONDITIONED_DIAGNOSTIC,1.0
PRIMARY_TRUSTED_0024,V5DEVX_049,0,COMPETITIVE,E1,2,0,TG10_MULTITASK_EFFECT_RIDGE_BALANCED,TASK_CONDITIONED_DIAGNOSTIC,0.0
PRIMARY_TRUSTED_0025,V5DEVX_050,1,PROJECT,E1,2,0,TG10_MULTITASK_EFFECT_RIDGE_BALANCED,TASK_CONDITIONED_DIAGNOSTIC,0.0
PRIMARY_TRUSTED_0029,V5DEVX_066,1,COMPETITIVE,E1,2,0,TG10_MULTITASK_EFFECT_RIDGE_BALANCED,TASK_CONDITIONED_DIAGNOSTIC,1.0
PRIMARY_TRUSTED_0038,V5DEVX_122,1,STATUS,E1,2,0,TG10_MULTITASK_EFFECT_RIDGE_BALANCED,TASK_CONDITIONED_DIAGNOSTIC,0.0
PRIMARY_TRUSTED_0048,V5DEVX_147,1,STATUS,E1,2,0,TG10_MULTITASK_EFFECT_RIDGE_BALANCED,TASK_CONDITIONED_DIAGNOSTIC,1.0
PRIMARY_TRUSTED_0058,V5DEVE2_001,1,COMPETITIVE,E2,2,0,TG10_MULTITASK_EFFECT_RIDGE_BALANCED,TASK_CONDITIONED_DIAGNOSTIC,0.0
PRIMARY_TRUSTED_0059,V5DEVE2_001,0,COMPETITIVE,E2,2,0,TG10_MULTITASK_EFFECT_RIDGE_BALANCED,TASK_CONDITIONED_DIAGNOSTIC,1.0
PRIMARY_TRUSTED_0066,V5DEVE2_015,1,STATUS,E2,2,0,TG10_MULTITASK_EFFECT_RIDGE_BALANCED,TASK_CONDITIONED_DIAGNOSTIC,1.0
PRIMARY_TRUSTED_0070,V5DEVE2_028,1,COMPETITIVE,E2,2,0,TG10_MULTITASK_EFFECT_RIDGE_BALANCED,TASK_CONDITIONED_DIAGNOSTIC,1.0
PRIMARY_TRUSTED_0074,V5DEVE2_083,1,COMPETITIVE,E2,2,0,TG10_MULTITASK_EFFECT_RIDGE_BALANCED,TASK_CONDITIONED_DIAGNOSTIC,0.0
PRIMARY_TRUSTED_0081,V5DEV_001,0,COMPETITIVE,ORIGINAL,2,0,TG10_MULTITASK_EFFECT_RIDGE_BALANCED,TASK_CONDITIONED_DIAGNOSTIC,1.0
PRIMARY_TRUSTED_0082,V5DEV_001,0,COMPETITIVE,ORIGINAL,2,0,TG10_MULTITASK_EFFECT_RIDGE_BALANCED,TASK_CONDITIONED_DIAGNOSTIC,1.0
PRIMARY_TRUSTED_0090,V5DEV_008,0,COMPETITIVE,ORIGINAL,2,0,TG10_MULTITASK_EFFECT_RIDGE_BALANCED,TASK_CONDITIONED_DIAGNOSTIC,0.0
PRIMARY_TRUSTED_0091,V5DEV_008,0,COMPETITIVE,ORIGINAL,2,0,TG10_MULTITASK_EFFECT_RIDGE_BALANCED,TASK_CONDITIONED_DIAGNOSTIC,1.0
PRIMARY_TRUSTED_0096,V5DEV_012,0,COMPETITIVE,ORIGINAL,2,0,TG10_MULTITASK_EFFECT_RIDGE_BALANCED,TASK_CONDITIONED_DIAGNOSTIC,0.0
PRIMARY_TRUSTED_0097,V5DEV_012,1,COMPETITIVE,ORIGINAL,2,0,TG10_MULTITASK_EFFECT_RIDGE_BALANCED,TASK_CONDITIONED_DIAGNOSTIC,0.0
PRIMARY_TRUSTED_0109,V5DEV_023,1,COMPETITIVE,ORIGINAL,2,0,TG10_MULTITASK_EFFECT_RIDGE_BALANCED,TASK_CONDITIONED_DIAGNOSTIC,0.0
PRIMARY_TRUSTED_0110,V5DEV_023,1,COMPETITIVE,ORIGINAL,2,0,TG10_MULTITASK_EFFECT_RIDGE_BALANCED,TASK_CONDITIONED_DIAGNOSTIC,0.0
PRIMARY_TRUSTED_0111,V5DEV_023,1,COMPETITIVE,ORIGINAL,2,0,TG10_MULTITASK_EFFECT_RIDGE_BALANCED,TASK_CONDITIONED_DIAGNOSTIC,1.0
PRIMARY_TRUSTED_0112,V5DEV_023,0,COMPETITIVE,ORIGINAL,2,0,TG10_MULTITASK_EFFECT_RIDGE_BALANCED,TASK_CONDITIONED_DIAGNOSTIC,0.0
PRIMARY_TRUSTED_0113,V5DEV_023,0,COMPETITIVE,ORIGINAL,2,0,TG10_MULTITASK_EFFECT_RIDGE_BALANCED,TASK_CONDITIONED_DIAGNOSTIC,0.0
PRIMARY_TRUSTED_0114,V5DEV_023,0,COMPETITIVE,ORIGINAL,2,0,TG10_MULTITASK_EFFECT_RIDGE_BALANCED,TASK_CONDITIONED_DIAGNOSTIC,1.0
PRIMARY_TRUSTED_0115,V5DEV_023,1,COMPETITIVE,ORIGINAL,2,0,TG10_MULTITASK_EFFECT_RIDGE_BALANCED,TASK_CONDITIONED_DIAGNOSTIC,1.0
PRIMARY_TRUSTED_0116,V5DEV_023,1,COMPETITIVE,ORIGINAL,2,0,TG10_MULTITASK_EFFECT_RIDGE_BALANCED,TASK_CONDITIONED_DIAGNOSTIC,1.0
PRIMARY_TRUSTED_0117,V5DEV_024,1,COMPETITIVE,ORIGINAL,2,0,TG10_MULTITASK_EFFECT_RIDGE_BALANCED,TASK_CONDITIONED_DIAGNOSTIC,1.0
PRIMARY_TRUSTED_0160,V5DEV_051,0,PROJECT,ORIGINAL,2,0,TG10_MULTITASK_EFFECT_RIDGE_BALANCED,TASK_CONDITIONED_DIAGNOSTIC,0.0
PRIMARY_TRUSTED_0168,V5DEV_090,0,PROJECT,ORIGINAL,2,0,TG10_MULTITASK_EFFECT_RIDGE_BALANCED,TASK_CONDITIONED_DIAGNOSTIC,1.0
PRIMARY_TRUSTED_0173,V5DEV_109,1,STATUS,ORIGINAL,2,0,TG10_MULTITASK_EFFECT_RIDGE_BALANCED,TASK_CONDITIONED_DIAGNOSTIC,0.0
PRIMARY_TRUSTED_0174,V5DEV_109,0,STATUS,ORIGINAL,2,0,TG10_MULTITASK_EFFECT_RIDGE_BALANCED,TASK_CONDITIONED_DIAGNOSTIC,0.0
PRIMARY_TRUSTED_0177,V5DEV_117,1,STATUS,ORIGINAL,2,0,TG10_MULTITASK_EFFECT_RIDGE_BALANCED,TASK_CONDITIONED_DIAGNOSTIC,1.0
PRIMARY_TRUSTED_0178,V5DEV_117,1,STATUS,ORIGINAL,2,0,TG10_MULTITASK_EFFECT_RIDGE_BALANCED,TASK_CONDITIONED_DIAGNOSTIC,1.0
PRIMARY_TRUSTED_0179,V5DEV_117,0,STATUS,ORIGINAL,2,0,TG10_MULTITASK_EFFECT_RIDGE_BALANCED,TASK_CONDITIONED_DIAGNOSTIC,1.0
PRIMARY_TRUSTED_0012,V5DEVX_025,1,COMPETITIVE,E1,2,1,TG10_SHARED_RIDGE_BALANCED,GENERAL,0.0
PRIMARY_TRUSTED_0013,V5DEVX_025,1,COMPETITIVE,E1,2,1,TG10_SHARED_RIDGE_BALANCED,GENERAL,0.0
PRIMARY_TRUSTED_0014,V5DEVX_031,0,COMPETITIVE,E1,2,1,TG10_SHARED_RIDGE_BALANCED,GENERAL,1.0
PRIMARY_TRUSTED_0015,V5DEVX_031,0,COMPETITIVE,E1,2,1,TG10_SHARED_RIDGE_BALANCED,GENERAL,1.0
PRIMARY_TRUSTED_0020,V5DEVX_048,1,STATUS,E1,2,1,TG10_SHARED_RIDGE_BALANCED,GENERAL,0.0
PRIMARY_TRUSTED_0030,V5DEVX_089,1,COMPETITIVE,E1,2,1,TG10_SHARED_RIDGE_BALANCED,GENERAL,0.0
PRIMARY_TRUSTED_0031,V5DEVX_089,0,COMPETITIVE,E1,2,1,TG10_SHARED_RIDGE_BALANCED,GENERAL,1.0
PRIMARY_TRUSTED_0032,V5DEVX_089,1,COMPETITIVE,E1,2,1,TG10_SHARED_RIDGE_BALANCED,GENERAL,0.0
PRIMARY_TRUSTED_0044,V5DEVX_132,1,COMPETITIVE,E1,2,1,TG10_SHARED_RIDGE_BALANCED,GENERAL,1.0
PRIMARY_TRUSTED_0045,V5DEVX_132,1,COMPETITIVE,E1,2,1,TG10_SHARED_RIDGE_BALANCED,GENERAL,0.0
PRIMARY_TRUSTED_0046,V5DEVX_132,0,COMPETITIVE,E1,2,1,TG10_SHARED_RIDGE_BALANCED,GENERAL,0.0
PRIMARY_TRUSTED_0064,V5DEVE2_013,1,COMPETITIVE,E2,2,1,TG10_SHARED_RIDGE_BALANCED,GENERAL,1.0
PRIMARY_TRUSTED_0065,V5DEVE2_013,0,COMPETITIVE,E2,2,1,TG10_SHARED_RIDGE_BALANCED,GENERAL,0.0
PRIMARY_TRUSTED_0071,V5DEVE2_042,1,STATUS,E2,2,1,TG10_SHARED_RIDGE_BALANCED,GENERAL,1.0
PRIMARY_TRUSTED_0072,V5DEVE2_061,1,STATUS,E2,2,1,TG10_SHARED_RIDGE_BALANCED,GENERAL,1.0
PRIMARY_TRUSTED_0093,V5DEV_010,0,COMPETITIVE,ORIGINAL,2,1,TG10_SHARED_RIDGE_BALANCED,GENERAL,0.0
PRIMARY_TRUSTED_0128,V5DEV_029,1,COMPETITIVE,ORIGINAL,2,1,TG10_SHARED_RIDGE_BALANCED,GENERAL,1.0
PRIMARY_TRUSTED_0129,V5DEV_029,1,COMPETITIVE,ORIGINAL,2,1,TG10_SHARED_RIDGE_BALANCED,GENERAL,1.0
PRIMARY_TRUSTED_0130,V5DEV_030,0,COMPETITIVE,ORIGINAL,2,1,TG10_SHARED_RIDGE_BALANCED,GENERAL,0.0
PRIMARY_TRUSTED_0131,V5DEV_030,0,COMPETITIVE,ORIGINAL,2,1,TG10_SHARED_RIDGE_BALANCED,GENERAL,0.0
PRIMARY_TRUSTED_0132,V5DEV_030,0,COMPETITIVE,ORIGINAL,2,1,TG10_SHARED_RIDGE_BALANCED,GENERAL,0.0
PRIMARY_TRUSTED_0133,V5DEV_030,1,COMPETITIVE,ORIGINAL,2,1,TG10_SHARED_RIDGE_BALANCED,GENERAL,0.0
PRIMARY_TRUSTED_0134,V5DEV_030,1,COMPETITIVE,ORIGINAL,2,1,TG10_SHARED_RIDGE_BALANCED,GENERAL,1.0
PRIMARY_TRUSTED_0135,V5DEV_030,1,COMPETITIVE,ORIGINAL,2,1,TG10_SHARED_RIDGE_BALANCED,GENERAL,0.0
PRIMARY_TRUSTED_0136,V5DEV_030,1,COMPETITIVE,ORIGINAL,2,1,TG10_SHARED_RIDGE_BALANCED,GENERAL,0.0
PRIMARY_TRUSTED_0148,V5DEV_037,0,COMPETITIVE,ORIGINAL,2,1,TG10_SHARED_RIDGE_BALANCED,GENERAL,1.0
PRIMARY_TRUSTED_0149,V5DEV_037,1,COMPETITIVE,ORIGINAL,2,1,TG10_SHARED_RIDGE_BALANCED,GENERAL,1.0
PRIMARY_TRUSTED_0150,V5DEV_037,1,COMPETITIVE,ORIGINAL,2,1,TG10_SHARED_RIDGE_BALANCED,GENERAL,1.0
PRIMARY_TRUSTED_0151,V5DEV_037,1,COMPETITIVE,ORIGINAL,2,1,TG10_SHARED_RIDGE_BALANCED,GENERAL,1.0
PRIMARY_TRUSTED_0161,V5DEV_064,0,PROJECT,ORIGINAL,2,1,TG10_SHARED_RIDGE_BALANCED,GENERAL,1.0
PRIMARY_TRUSTED_0163,V5DEV_079,1,PROJECT,ORIGINAL,2,1,TG10_SHARED_RIDGE_BALANCED,GENERAL,1.0
PRIMARY_TRUSTED_0182,V5DEV_125,0,STATUS,ORIGINAL,2,1,TG10_SHARED_RIDGE_BALANCED,GENERAL,1.0
PRIMARY_TRUSTED_0186,V5DEV_138,1,STATUS,ORIGINAL,2,1,TG10_SHARED_RIDGE_BALANCED,GENERAL,1.0
PRIMARY_TRUSTED_0187,V5DEV_138,0,STATUS,ORIGINAL,2,1,TG10_SHARED_RIDGE_BALANCED,GENERAL,1.0
PRIMARY_TRUSTED_0188,V5DEV_150,1,STATUS,ORIGINAL,2,1,TG10_SHARED_RIDGE_BALANCED,GENERAL,1.0
PRIMARY_TRUSTED_0190,V5DEV_155,1,STATUS,ORIGINAL,2,1,TG10_SHARED_RIDGE_BALANCED,GENERAL,0.0
PRIMARY_TRUSTED_0192,V5DEV_158,1,STATUS,ORIGINAL,2,1,TG10_SHARED_RIDGE_BALANCED,GENERAL,1.0
PRIMARY_TRUSTED_0193,V5DEV_158,0,STATUS,ORIGINAL,2,1,TG10_SHARED_RIDGE_BALANCED,GENERAL,1.0
PRIMARY_TRUSTED_0012,V5DEVX_025,1,COMPETITIVE,E1,2,1,TG10_MULTITASK_EFFECT_RIDGE_BALANCED,GENERAL,0.0
PRIMARY_TRUSTED_0013,V5DEVX_025,1,COMPETITIVE,E1,2,1,TG10_MULTITASK_EFFECT_RIDGE_BALANCED,GENERAL,0.0
PRIMARY_TRUSTED_0014,V5DEVX_031,0,COMPETITIVE,E1,2,1,TG10_MULTITASK_EFFECT_RIDGE_BALANCED,GENERAL,1.0
PRIMARY_TRUSTED_0015,V5DEVX_031,0,COMPETITIVE,E1,2,1,TG10_MULTITASK_EFFECT_RIDGE_BALANCED,GENERAL,1.0
PRIMARY_TRUSTED_0020,V5DEVX_048,1,STATUS,E1,2,1,TG10_MULTITASK_EFFECT_RIDGE_BALANCED,GENERAL,1.0
PRIMARY_TRUSTED_0030,V5DEVX_089,1,COMPETITIVE,E1,2,1,TG10_MULTITASK_EFFECT_RIDGE_BALANCED,GENERAL,1.0
PRIMARY_TRUSTED_0031,V5DEVX_089,0,COMPETITIVE,E1,2,1,TG10_MULTITASK_EFFECT_RIDGE_BALANCED,GENERAL,1.0
PRIMARY_TRUSTED_0032,V5DEVX_089,1,COMPETITIVE,E1,2,1,TG10_MULTITASK_EFFECT_RIDGE_BALANCED,GENERAL,1.0
PRIMARY_TRUSTED_0044,V5DEVX_132,1,COMPETITIVE,E1,2,1,TG10_MULTITASK_EFFECT_RIDGE_BALANCED,GENERAL,0.0
PRIMARY_TRUSTED_0045,V5DEVX_132,1,COMPETITIVE,E1,2,1,TG10_MULTITASK_EFFECT_RIDGE_BALANCED,GENERAL,0.0
PRIMARY_TRUSTED_0046,V5DEVX_132,0,COMPETITIVE,E1,2,1,TG10_MULTITASK_EFFECT_RIDGE_BALANCED,GENERAL,0.0
PRIMARY_TRUSTED_0064,V5DEVE2_013,1,COMPETITIVE,E2,2,1,TG10_MULTITASK_EFFECT_RIDGE_BALANCED,GENERAL,1.0
PRIMARY_TRUSTED_0065,V5DEVE2_013,0,COMPETITIVE,E2,2,1,TG10_MULTITASK_EFFECT_RIDGE_BALANCED,GENERAL,0.0
PRIMARY_TRUSTED_0071,V5DEVE2_042,1,STATUS,E2,2,1,TG10_MULTITASK_EFFECT_RIDGE_BALANCED,GENERAL,1.0
PRIMARY_TRUSTED_0072,V5DEVE2_061,1,STATUS,E2,2,1,TG10_MULTITASK_EFFECT_RIDGE_BALANCED,GENERAL,0.0
PRIMARY_TRUSTED_0093,V5DEV_010,0,COMPETITIVE,ORIGINAL,2,1,TG10_MULTITASK_EFFECT_RIDGE_BALANCED,GENERAL,0.0
PRIMARY_TRUSTED_0128,V5DEV_029,1,COMPETITIVE,ORIGINAL,2,1,TG10_MULTITASK_EFFECT_RIDGE_BALANCED,GENERAL,1.0
PRIMARY_TRUSTED_0129,V5DEV_029,1,COMPETITIVE,ORIGINAL,2,1,TG10_MULTITASK_EFFECT_RIDGE_BALANCED,GENERAL,1.0
PRIMARY_TRUSTED_0130,V5DEV_030,0,COMPETITIVE,ORIGINAL,2,1,TG10_MULTITASK_EFFECT_RIDGE_BALANCED,GENERAL,1.0
PRIMARY_TRUSTED_0131,V5DEV_030,0,COMPETITIVE,ORIGINAL,2,1,TG10_MULTITASK_EFFECT_RIDGE_BALANCED,GENERAL,0.0
PRIMARY_TRUSTED_0132,V5DEV_030,0,COMPETITIVE,ORIGINAL,2,1,TG10_MULTITASK_EFFECT_RIDGE_BALANCED,GENERAL,0.0
PRIMARY_TRUSTED_0133,V5DEV_030,1,COMPETITIVE,ORIGINAL,2,1,TG10_MULTITASK_EFFECT_RIDGE_BALANCED,GENERAL,1.0
PRIMARY_TRUSTED_0134,V5DEV_030,1,COMPETITIVE,ORIGINAL,2,1,TG10_MULTITASK_EFFECT_RIDGE_BALANCED,GENERAL,1.0
PRIMARY_TRUSTED_0135,V5DEV_030,1,COMPETITIVE,ORIGINAL,2,1,TG10_MULTITASK_EFFECT_RIDGE_BALANCED,GENERAL,0.0
PRIMARY_TRUSTED_0136,V5DEV_030,1,COMPETITIVE,ORIGINAL,2,1,TG10_MULTITASK_EFFECT_RIDGE_BALANCED,GENERAL,1.0
PRIMARY_TRUSTED_0148,V5DEV_037,0,COMPETITIVE,ORIGINAL,2,1,TG10_MULTITASK_EFFECT_RIDGE_BALANCED,GENERAL,1.0
PRIMARY_TRUSTED_0149,V5DEV_037,1,COMPETITIVE,ORIGINAL,2,1,TG10_MULTITASK_EFFECT_RIDGE_BALANCED,GENERAL,1.0
PRIMARY_TRUSTED_0150,V5DEV_037,1,COMPETITIVE,ORIGINAL,2,1,TG10_MULTITASK_EFFECT_RIDGE_BALANCED,GENERAL,1.0
PRIMARY_TRUSTED_0151,V5DEV_037,1,COMPETITIVE,ORIGINAL,2,1,TG10_MULTITASK_EFFECT_RIDGE_BALANCED,GENERAL,1.0
PRIMARY_TRUSTED_0161,V5DEV_064,0,PROJECT,ORIGINAL,2,1,TG10_MULTITASK_EFFECT_RIDGE_BALANCED,GENERAL,1.0
PRIMARY_TRUSTED_0163,V5DEV_079,1,PROJECT,ORIGINAL,2,1,TG10_MULTITASK_EFFECT_RIDGE_BALANCED,GENERAL,0.0
PRIMARY_TRUSTED_0182,V5DEV_125,0,STATUS,ORIGINAL,2,1,TG10_MULTITASK_EFFECT_RIDGE_BALANCED,GENERAL,1.0
PRIMARY_TRUSTED_0186,V5DEV_138,1,STATUS,ORIGINAL,2,1,TG10_MULTITASK_EFFECT_RIDGE_BALANCED,GENERAL,1.0
PRIMARY_TRUSTED_0187,V5DEV_138,0,STATUS,ORIGINAL,2,1,TG10_MULTITASK_EFFECT_RIDGE_BALANCED,GENERAL,1.0
PRIMARY_TRUSTED_0188,V5DEV_150,1,STATUS,ORIGINAL,2,1,TG10_MULTITASK_EFFECT_RIDGE_BALANCED,GENERAL,1.0
PRIMARY_TRUSTED_0190,V5DEV_155,1,STATUS,ORIGINAL,2,1,TG10_MULTITASK_EFFECT_RIDGE_BALANCED,GENERAL,1.0
PRIMARY_TRUSTED_0192,V5DEV_158,1,STATUS,ORIGINAL,2,1,TG10_MULTITASK_EFFECT_RIDGE_BALANCED,GENERAL,0.0
PRIMARY_TRUSTED_0193,V5DEV_158,0,STATUS,ORIGINAL,2,1,TG10_MULTITASK_EFFECT_RIDGE_BALANCED,GENERAL,1.0
PRIMARY_TRUSTED_0012,V5DEVX_025,1,COMPETITIVE,E1,2,1,TG10_MULTITASK_EFFECT_RIDGE_BALANCED,TASK_CONDITIONED_DIAGNOSTIC,1.0
PRIMARY_TRUSTED_0013,V5DEVX_025,1,COMPETITIVE,E1,2,1,TG10_MULTITASK_EFFECT_RIDGE_BALANCED,TASK_CONDITIONED_DIAGNOSTIC,0.0
PRIMARY_TRUSTED_0014,V5DEVX_031,0,COMPETITIVE,E1,2,1,TG10_MULTITASK_EFFECT_RIDGE_BALANCED,TASK_CONDITIONED_DIAGNOSTIC,1.0
PRIMARY_TRUSTED_0015,V5DEVX_031,0,COMPETITIVE,E1,2,1,TG10_MULTITASK_EFFECT_RIDGE_BALANCED,TASK_CONDITIONED_DIAGNOSTIC,1.0
PRIMARY_TRUSTED_0020,V5DEVX_048,1,STATUS,E1,2,1,TG10_MULTITASK_EFFECT_RIDGE_BALANCED,TASK_CONDITIONED_DIAGNOSTIC,1.0
PRIMARY_TRUSTED_0030,V5DEVX_089,1,COMPETITIVE,E1,2,1,TG10_MULTITASK_EFFECT_RIDGE_BALANCED,TASK_CONDITIONED_DIAGNOSTIC,0.0
PRIMARY_TRUSTED_0031,V5DEVX_089,0,COMPETITIVE,E1,2,1,TG10_MULTITASK_EFFECT_RIDGE_BALANCED,TASK_CONDITIONED_DIAGNOSTIC,1.0
PRIMARY_TRUSTED_0032,V5DEVX_089,1,COMPETITIVE,E1,2,1,TG10_MULTITASK_EFFECT_RIDGE_BALANCED,TASK_CONDITIONED_DIAGNOSTIC,1.0
PRIMARY_TRUSTED_0044,V5DEVX_132,1,COMPETITIVE,E1,2,1,TG10_MULTITASK_EFFECT_RIDGE_BALANCED,TASK_CONDITIONED_DIAGNOSTIC,1.0
PRIMARY_TRUSTED_0045,V5DEVX_132,1,COMPETITIVE,E1,2,1,TG10_MULTITASK_EFFECT_RIDGE_BALANCED,TASK_CONDITIONED_DIAGNOSTIC,0.0
PRIMARY_TRUSTED_0046,V5DEVX_132,0,COMPETITIVE,E1,2,1,TG10_MULTITASK_EFFECT_RIDGE_BALANCED,TASK_CONDITIONED_DIAGNOSTIC,1.0
PRIMARY_TRUSTED_0064,V5DEVE2_013,1,COMPETITIVE,E2,2,1,TG10_MULTITASK_EFFECT_RIDGE_BALANCED,TASK_CONDITIONED_DIAGNOSTIC,0.0
PRIMARY_TRUSTED_0065,V5DEVE2_013,0,COMPETITIVE,E2,2,1,TG10_MULTITASK_EFFECT_RIDGE_BALANCED,TASK_CONDITIONED_DIAGNOSTIC,0.0
PRIMARY_TRUSTED_0071,V5DEVE2_042,1,STATUS,E2,2,1,TG10_MULTITASK_EFFECT_RIDGE_BALANCED,TASK_CONDITIONED_DIAGNOSTIC,1.0
PRIMARY_TRUSTED_0072,V5DEVE2_061,1,STATUS,E2,2,1,TG10_MULTITASK_EFFECT_RIDGE_BALANCED,TASK_CONDITIONED_DIAGNOSTIC,1.0
PRIMARY_TRUSTED_0093,V5DEV_010,0,COMPETITIVE,ORIGINAL,2,1,TG10_MULTITASK_EFFECT_RIDGE_BALANCED,TASK_CONDITIONED_DIAGNOSTIC,0.0
PRIMARY_TRUSTED_0128,V5DEV_029,1,COMPETITIVE,ORIGINAL,2,1,TG10_MULTITASK_EFFECT_RIDGE_BALANCED,TASK_CONDITIONED_DIAGNOSTIC,1.0
PRIMARY_TRUSTED_0129,V5DEV_029,1,COMPETITIVE,ORIGINAL,2,1,TG10_MULTITASK_EFFECT_RIDGE_BALANCED,TASK_CONDITIONED_DIAGNOSTIC,1.0
PRIMARY_TRUSTED_0130,V5DEV_030,0,COMPETITIVE,ORIGINAL,2,1,TG10_MULTITASK_EFFECT_RIDGE_BALANCED,TASK_CONDITIONED_DIAGNOSTIC,1.0
PRIMARY_TRUSTED_0131,V5DEV_030,0,COMPETITIVE,ORIGINAL,2,1,TG10_MULTITASK_EFFECT_RIDGE_BALANCED,TASK_CONDITIONED_DIAGNOSTIC,1.0
PRIMARY_TRUSTED_0132,V5DEV_030,0,COMPETITIVE,ORIGINAL,2,1,TG10_MULTITASK_EFFECT_RIDGE_BALANCED,TASK_CONDITIONED_DIAGNOSTIC,0.0
PRIMARY_TRUSTED_0133,V5DEV_030,1,COMPETITIVE,ORIGINAL,2,1,TG10_MULTITASK_EFFECT_RIDGE_BALANCED,TASK_CONDITIONED_DIAGNOSTIC,1.0
PRIMARY_TRUSTED_0134,V5DEV_030,1,COMPETITIVE,ORIGINAL,2,1,TG10_MULTITASK_EFFECT_RIDGE_BALANCED,TASK_CONDITIONED_DIAGNOSTIC,1.0
PRIMARY_TRUSTED_0135,V5DEV_030,1,COMPETITIVE,ORIGINAL,2,1,TG10_MULTITASK_EFFECT_RIDGE_BALANCED,TASK_CONDITIONED_DIAGNOSTIC,0.0
PRIMARY_TRUSTED_0136,V5DEV_030,1,COMPETITIVE,ORIGINAL,2,1,TG10_MULTITASK_EFFECT_RIDGE_BALANCED,TASK_CONDITIONED_DIAGNOSTIC,0.0
PRIMARY_TRUSTED_0148,V5DEV_037,0,COMPETITIVE,ORIGINAL,2,1,TG10_MULTITASK_EFFECT_RIDGE_BALANCED,TASK_CONDITIONED_DIAGNOSTIC,1.0
PRIMARY_TRUSTED_0149,V5DEV_037,1,COMPETITIVE,ORIGINAL,2,1,TG10_MULTITASK_EFFECT_RIDGE_BALANCED,TASK_CONDITIONED_DIAGNOSTIC,1.0
PRIMARY_TRUSTED_0150,V5DEV_037,1,COMPETITIVE,ORIGINAL,2,1,TG10_MULTITASK_EFFECT_RIDGE_BALANCED,TASK_CONDITIONED_DIAGNOSTIC,1.0
PRIMARY_TRUSTED_0151,V5DEV_037,1,COMPETITIVE,ORIGINAL,2,1,TG10_MULTITASK_EFFECT_RIDGE_BALANCED,TASK_CONDITIONED_DIAGNOSTIC,1.0
PRIMARY_TRUSTED_0161,V5DEV_064,0,PROJECT,ORIGINAL,2,1,TG10_MULTITASK_EFFECT_RIDGE_BALANCED,TASK_CONDITIONED_DIAGNOSTIC,1.0
PRIMARY_TRUSTED_0163,V5DEV_079,1,PROJECT,ORIGINAL,2,1,TG10_MULTITASK_EFFECT_RIDGE_BALANCED,TASK_CONDITIONED_DIAGNOSTIC,0.0
PRIMARY_TRUSTED_0182,V5DEV_125,0,STATUS,ORIGINAL,2,1,TG10_MULTITASK_EFFECT_RIDGE_BALANCED,TASK_CONDITIONED_DIAGNOSTIC,1.0
PRIMARY_TRUSTED_0186,V5DEV_138,1,STATUS,ORIGINAL,2,1,TG10_MULTITASK_EFFECT_RIDGE_BALANCED,TASK_CONDITIONED_DIAGNOSTIC,1.0
PRIMARY_TRUSTED_0187,V5DEV_138,0,STATUS,ORIGINAL,2,1,TG10_MULTITASK_EFFECT_RIDGE_BALANCED,TASK_CONDITIONED_DIAGNOSTIC,1.0
PRIMARY_TRUSTED_0188,V5DEV_150,1,STATUS,ORIGINAL,2,1,TG10_MULTITASK_EFFECT_RIDGE_BALANCED,TASK_CONDITIONED_DIAGNOSTIC,1.0
PRIMARY_TRUSTED_0190,V5DEV_155,1,STATUS,ORIGINAL,2,1,TG10_MULTITASK_EFFECT_RIDGE_BALANCED,TASK_CONDITIONED_DIAGNOSTIC,0.0
PRIMARY_TRUSTED_0192,V5DEV_158,1,STATUS,ORIGINAL,2,1,TG10_MULTITASK_EFFECT_RIDGE_BALANCED,TASK_CONDITIONED_DIAGNOSTIC,0.0
PRIMARY_TRUSTED_0193,V5DEV_158,0,STATUS,ORIGINAL,2,1,TG10_MULTITASK_EFFECT_RIDGE_BALANCED,TASK_CONDITIONED_DIAGNOSTIC,1.0
PRIMARY_TRUSTED_0011,V5DEVX_017,1,STATUS,E1,2,2,TG10_SHARED_RIDGE_BALANCED,GENERAL,0.0
PRIMARY_TRUSTED_0016,V5DEVX_036,1,STATUS,E1,2,2,TG10_SHARED_RIDGE_BALANCED,GENERAL,1.0
PRIMARY_TRUSTED_0018,V5DEVX_046,1,COMPETITIVE,E1,2,2,TG10_SHARED_RIDGE_BALANCED,GENERAL,0.0
PRIMARY_TRUSTED_0019,V5DEVX_046,1,COMPETITIVE,E1,2,2,TG10_SHARED_RIDGE_BALANCED,GENERAL,0.0
PRIMARY_TRUSTED_0033,V5DEVX_103,0,COMPETITIVE,E1,2,2,TG10_SHARED_RIDGE_BALANCED,GENERAL,0.0
PRIMARY_TRUSTED_0034,V5DEVX_106,1,COMPETITIVE,E1,2,2,TG10_SHARED_RIDGE_BALANCED,GENERAL,0.0
PRIMARY_TRUSTED_0052,V5DEVX_154,1,COMPETITIVE,E1,2,2,TG10_SHARED_RIDGE_BALANCED,GENERAL,0.0
PRIMARY_TRUSTED_0053,V5DEVX_154,0,COMPETITIVE,E1,2,2,TG10_SHARED_RIDGE_BALANCED,GENERAL,0.0
PRIMARY_TRUSTED_0054,V5DEVX_154,1,COMPETITIVE,E1,2,2,TG10_SHARED_RIDGE_BALANCED,GENERAL,1.0
PRIMARY_TRUSTED_0055,V5DEVX_154,1,COMPETITIVE,E1,2,2,TG10_SHARED_RIDGE_BALANCED,GENERAL,0.0
PRIMARY_TRUSTED_0056,V5DEVX_154,0,COMPETITIVE,E1,2,2,TG10_SHARED_RIDGE_BALANCED,GENERAL,1.0
PRIMARY_TRUSTED_0057,V5DEVX_154,0,COMPETITIVE,E1,2,2,TG10_SHARED_RIDGE_BALANCED,GENERAL,0.0
PRIMARY_TRUSTED_0063,V5DEVE2_009,1,STATUS,E2,2,2,TG10_SHARED_RIDGE_BALANCED,GENERAL,0.0
PRIMARY_TRUSTED_0076,V5DEVE2_115,1,COMPETITIVE,E2,2,2,TG10_SHARED_RIDGE_BALANCED,GENERAL,1.0
PRIMARY_TRUSTED_0077,V5DEVE2_128,1,STATUS,E2,2,2,TG10_SHARED_RIDGE_BALANCED,GENERAL,0.0
PRIMARY_TRUSTED_0078,V5DEVE2_128,0,STATUS,E2,2,2,TG10_SHARED_RIDGE_BALANCED,GENERAL,0.0
PRIMARY_TRUSTED_0079,V5DEVE2_154,0,COMPETITIVE,E2,2,2,TG10_SHARED_RIDGE_BALANCED,GENERAL,1.0
PRIMARY_TRUSTED_0084,V5DEV_005,1,COMPETITIVE,ORIGINAL,2,2,TG10_SHARED_RIDGE_BALANCED,GENERAL,0.0
PRIMARY_TRUSTED_0085,V5DEV_005,1,COMPETITIVE,ORIGINAL,2,2,TG10_SHARED_RIDGE_BALANCED,GENERAL,0.0
PRIMARY_TRUSTED_0086,V5DEV_005,1,COMPETITIVE,ORIGINAL,2,2,TG10_SHARED_RIDGE_BALANCED,GENERAL,1.0
PRIMARY_TRUSTED_0087,V5DEV_005,1,COMPETITIVE,ORIGINAL,2,2,TG10_SHARED_RIDGE_BALANCED,GENERAL,1.0
PRIMARY_TRUSTED_0088,V5DEV_005,0,COMPETITIVE,ORIGINAL,2,2,TG10_SHARED_RIDGE_BALANCED,GENERAL,1.0
PRIMARY_TRUSTED_0089,V5DEV_007,0,COMPETITIVE,ORIGINAL,2,2,TG10_SHARED_RIDGE_BALANCED,GENERAL,1.0
PRIMARY_TRUSTED_0092,V5DEV_009,1,COMPETITIVE,ORIGINAL,2,2,TG10_SHARED_RIDGE_BALANCED,GENERAL,0.0
PRIMARY_TRUSTED_0104,V5DEV_015,0,COMPETITIVE,ORIGINAL,2,2,TG10_SHARED_RIDGE_BALANCED,GENERAL,1.0
PRIMARY_TRUSTED_0105,V5DEV_015,0,COMPETITIVE,ORIGINAL,2,2,TG10_SHARED_RIDGE_BALANCED,GENERAL,1.0
PRIMARY_TRUSTED_0106,V5DEV_017,1,COMPETITIVE,ORIGINAL,2,2,TG10_SHARED_RIDGE_BALANCED,GENERAL,0.0
PRIMARY_TRUSTED_0137,V5DEV_031,1,COMPETITIVE,ORIGINAL,2,2,TG10_SHARED_RIDGE_BALANCED,GENERAL,0.0
PRIMARY_TRUSTED_0156,V5DEV_039,1,COMPETITIVE,ORIGINAL,2,2,TG10_SHARED_RIDGE_BALANCED,GENERAL,1.0
PRIMARY_TRUSTED_0157,V5DEV_039,1,COMPETITIVE,ORIGINAL,2,2,TG10_SHARED_RIDGE_BALANCED,GENERAL,1.0
PRIMARY_TRUSTED_0158,V5DEV_039,1,COMPETITIVE,ORIGINAL,2,2,TG10_SHARED_RIDGE_BALANCED,GENERAL,1.0
PRIMARY_TRUSTED_0165,V5DEV_084,1,PROJECT,ORIGINAL,2,2,TG10_SHARED_RIDGE_BALANCED,GENERAL,0.0
PRIMARY_TRUSTED_0166,V5DEV_084,0,PROJECT,ORIGINAL,2,2,TG10_SHARED_RIDGE_BALANCED,GENERAL,0.0
PRIMARY_TRUSTED_0167,V5DEV_084,0,PROJECT,ORIGINAL,2,2,TG10_SHARED_RIDGE_BALANCED,GENERAL,0.0
PRIMARY_TRUSTED_0170,V5DEV_108,1,STATUS,ORIGINAL,2,2,TG10_SHARED_RIDGE_BALANCED,GENERAL,0.0
PRIMARY_TRUSTED_0171,V5DEV_108,0,STATUS,ORIGINAL,2,2,TG10_SHARED_RIDGE_BALANCED,GENERAL,0.0
PRIMARY_TRUSTED_0172,V5DEV_108,0,STATUS,ORIGINAL,2,2,TG10_SHARED_RIDGE_BALANCED,GENERAL,1.0
PRIMARY_TRUSTED_0180,V5DEV_118,0,STATUS,ORIGINAL,2,2,TG10_SHARED_RIDGE_BALANCED,GENERAL,0.0
PRIMARY_TRUSTED_0181,V5DEV_121,1,STATUS,ORIGINAL,2,2,TG10_SHARED_RIDGE_BALANCED,GENERAL,1.0
PRIMARY_TRUSTED_0011,V5DEVX_017,1,STATUS,E1,2,2,TG10_MULTITASK_EFFECT_RIDGE_BALANCED,GENERAL,0.0
PRIMARY_TRUSTED_0016,V5DEVX_036,1,STATUS,E1,2,2,TG10_MULTITASK_EFFECT_RIDGE_BALANCED,GENERAL,1.0
PRIMARY_TRUSTED_0018,V5DEVX_046,1,COMPETITIVE,E1,2,2,TG10_MULTITASK_EFFECT_RIDGE_BALANCED,GENERAL,1.0
PRIMARY_TRUSTED_0019,V5DEVX_046,1,COMPETITIVE,E1,2,2,TG10_MULTITASK_EFFECT_RIDGE_BALANCED,GENERAL,1.0
PRIMARY_TRUSTED_0033,V5DEVX_103,0,COMPETITIVE,E1,2,2,TG10_MULTITASK_EFFECT_RIDGE_BALANCED,GENERAL,0.0
PRIMARY_TRUSTED_0034,V5DEVX_106,1,COMPETITIVE,E1,2,2,TG10_MULTITASK_EFFECT_RIDGE_BALANCED,GENERAL,1.0
PRIMARY_TRUSTED_0052,V5DEVX_154,1,COMPETITIVE,E1,2,2,TG10_MULTITASK_EFFECT_RIDGE_BALANCED,GENERAL,1.0
PRIMARY_TRUSTED_0053,V5DEVX_154,0,COMPETITIVE,E1,2,2,TG10_MULTITASK_EFFECT_RIDGE_BALANCED,GENERAL,0.0
PRIMARY_TRUSTED_0054,V5DEVX_154,1,COMPETITIVE,E1,2,2,TG10_MULTITASK_EFFECT_RIDGE_BALANCED,GENERAL,1.0
PRIMARY_TRUSTED_0055,V5DEVX_154,1,COMPETITIVE,E1,2,2,TG10_MULTITASK_EFFECT_RIDGE_BALANCED,GENERAL,0.0
PRIMARY_TRUSTED_0056,V5DEVX_154,0,COMPETITIVE,E1,2,2,TG10_MULTITASK_EFFECT_RIDGE_BALANCED,GENERAL,1.0
PRIMARY_TRUSTED_0057,V5DEVX_154,0,COMPETITIVE,E1,2,2,TG10_MULTITASK_EFFECT_RIDGE_BALANCED,GENERAL,0.0
PRIMARY_TRUSTED_0063,V5DEVE2_009,1,STATUS,E2,2,2,TG10_MULTITASK_EFFECT_RIDGE_BALANCED,GENERAL,0.0
PRIMARY_TRUSTED_0076,V5DEVE2_115,1,COMPETITIVE,E2,2,2,TG10_MULTITASK_EFFECT_RIDGE_BALANCED,GENERAL,0.0
PRIMARY_TRUSTED_0077,V5DEVE2_128,1,STATUS,E2,2,2,TG10_MULTITASK_EFFECT_RIDGE_BALANCED,GENERAL,0.0
PRIMARY_TRUSTED_0078,V5DEVE2_128,0,STATUS,E2,2,2,TG10_MULTITASK_EFFECT_RIDGE_BALANCED,GENERAL,1.0
PRIMARY_TRUSTED_0079,V5DEVE2_154,0,COMPETITIVE,E2,2,2,TG10_MULTITASK_EFFECT_RIDGE_BALANCED,GENERAL,0.0
PRIMARY_TRUSTED_0084,V5DEV_005,1,COMPETITIVE,ORIGINAL,2,2,TG10_MULTITASK_EFFECT_RIDGE_BALANCED,GENERAL,0.0
PRIMARY_TRUSTED_0085,V5DEV_005,1,COMPETITIVE,ORIGINAL,2,2,TG10_MULTITASK_EFFECT_RIDGE_BALANCED,GENERAL,0.0
PRIMARY_TRUSTED_0086,V5DEV_005,1,COMPETITIVE,ORIGINAL,2,2,TG10_MULTITASK_EFFECT_RIDGE_BALANCED,GENERAL,1.0
PRIMARY_TRUSTED_0087,V5DEV_005,1,COMPETITIVE,ORIGINAL,2,2,TG10_MULTITASK_EFFECT_RIDGE_BALANCED,GENERAL,1.0
PRIMARY_TRUSTED_0088,V5DEV_005,0,COMPETITIVE,ORIGINAL,2,2,TG10_MULTITASK_EFFECT_RIDGE_BALANCED,GENERAL,1.0
PRIMARY_TRUSTED_0089,V5DEV_007,0,COMPETITIVE,ORIGINAL,2,2,TG10_MULTITASK_EFFECT_RIDGE_BALANCED,GENERAL,1.0
PRIMARY_TRUSTED_0092,V5DEV_009,1,COMPETITIVE,ORIGINAL,2,2,TG10_MULTITASK_EFFECT_RIDGE_BALANCED,GENERAL,1.0
PRIMARY_TRUSTED_0104,V5DEV_015,0,COMPETITIVE,ORIGINAL,2,2,TG10_MULTITASK_EFFECT_RIDGE_BALANCED,GENERAL,1.0
PRIMARY_TRUSTED_0105,V5DEV_015,0,COMPETITIVE,ORIGINAL,2,2,TG10_MULTITASK_EFFECT_RIDGE_BALANCED,GENERAL,1.0
PRIMARY_TRUSTED_0106,V5DEV_017,1,COMPETITIVE,ORIGINAL,2,2,TG10_MULTITASK_EFFECT_RIDGE_BALANCED,GENERAL,0.0
PRIMARY_TRUSTED_0137,V5DEV_031,1,COMPETITIVE,ORIGINAL,2,2,TG10_MULTITASK_EFFECT_RIDGE_BALANCED,GENERAL,1.0
PRIMARY_TRUSTED_0156,V5DEV_039,1,COMPETITIVE,ORIGINAL,2,2,TG10_MULTITASK_EFFECT_RIDGE_BALANCED,GENERAL,1.0
PRIMARY_TRUSTED_0157,V5DEV_039,1,COMPETITIVE,ORIGINAL,2,2,TG10_MULTITASK_EFFECT_RIDGE_BALANCED,GENERAL,1.0
PRIMARY_TRUSTED_0158,V5DEV_039,1,COMPETITIVE,ORIGINAL,2,2,TG10_MULTITASK_EFFECT_RIDGE_BALANCED,GENERAL,1.0
PRIMARY_TRUSTED_0165,V5DEV_084,1,PROJECT,ORIGINAL,2,2,TG10_MULTITASK_EFFECT_RIDGE_BALANCED,GENERAL,0.0
PRIMARY_TRUSTED_0166,V5DEV_084,0,PROJECT,ORIGINAL,2,2,TG10_MULTITASK_EFFECT_RIDGE_BALANCED,GENERAL,0.0
PRIMARY_TRUSTED_0167,V5DEV_084,0,PROJECT,ORIGINAL,2,2,TG10_MULTITASK_EFFECT_RIDGE_BALANCED,GENERAL,0.0
PRIMARY_TRUSTED_0170,V5DEV_108,1,STATUS,ORIGINAL,2,2,TG10_MULTITASK_EFFECT_RIDGE_BALANCED,GENERAL,0.0
PRIMARY_TRUSTED_0171,V5DEV_108,0,STATUS,ORIGINAL,2,2,TG10_MULTITASK_EFFECT_RIDGE_BALANCED,GENERAL,1.0
PRIMARY_TRUSTED_0172,V5DEV_108,0,STATUS,ORIGINAL,2,2,TG10_MULTITASK_EFFECT_RIDGE_BALANCED,GENERAL,0.0
PRIMARY_TRUSTED_0180,V5DEV_118,0,STATUS,ORIGINAL,2,2,TG10_MULTITASK_EFFECT_RIDGE_BALANCED,GENERAL,0.0
PRIMARY_TRUSTED_0181,V5DEV_121,1,STATUS,ORIGINAL,2,2,TG10_MULTITASK_EFFECT_RIDGE_BALANCED,GENERAL,0.0
PRIMARY_TRUSTED_0011,V5DEVX_017,1,STATUS,E1,2,2,TG10_MULTITASK_EFFECT_RIDGE_BALANCED,TASK_CONDITIONED_DIAGNOSTIC,0.0
PRIMARY_TRUSTED_0016,V5DEVX_036,1,STATUS,E1,2,2,TG10_MULTITASK_EFFECT_RIDGE_BALANCED,TASK_CONDITIONED_DIAGNOSTIC,1.0
PRIMARY_TRUSTED_0018,V5DEVX_046,1,COMPETITIVE,E1,2,2,TG10_MULTITASK_EFFECT_RIDGE_BALANCED,TASK_CONDITIONED_DIAGNOSTIC,1.0
PRIMARY_TRUSTED_0019,V5DEVX_046,1,COMPETITIVE,E1,2,2,TG10_MULTITASK_EFFECT_RIDGE_BALANCED,TASK_CONDITIONED_DIAGNOSTIC,1.0
PRIMARY_TRUSTED_0033,V5DEVX_103,0,COMPETITIVE,E1,2,2,TG10_MULTITASK_EFFECT_RIDGE_BALANCED,TASK_CONDITIONED_DIAGNOSTIC,0.0
PRIMARY_TRUSTED_0034,V5DEVX_106,1,COMPETITIVE,E1,2,2,TG10_MULTITASK_EFFECT_RIDGE_BALANCED,TASK_CONDITIONED_DIAGNOSTIC,0.0
PRIMARY_TRUSTED_0052,V5DEVX_154,1,COMPETITIVE,E1,2,2,TG10_MULTITASK_EFFECT_RIDGE_BALANCED,TASK_CONDITIONED_DIAGNOSTIC,1.0
PRIMARY_TRUSTED_0053,V5DEVX_154,0,COMPETITIVE,E1,2,2,TG10_MULTITASK_EFFECT_RIDGE_BALANCED,TASK_CONDITIONED_DIAGNOSTIC,0.0
PRIMARY_TRUSTED_0054,V5DEVX_154,1,COMPETITIVE,E1,2,2,TG10_MULTITASK_EFFECT_RIDGE_BALANCED,TASK_CONDITIONED_DIAGNOSTIC,1.0
PRIMARY_TRUSTED_0055,V5DEVX_154,1,COMPETITIVE,E1,2,2,TG10_MULTITASK_EFFECT_RIDGE_BALANCED,TASK_CONDITIONED_DIAGNOSTIC,1.0
PRIMARY_TRUSTED_0056,V5DEVX_154,0,COMPETITIVE,E1,2,2,TG10_MULTITASK_EFFECT_RIDGE_BALANCED,TASK_CONDITIONED_DIAGNOSTIC,0.0
PRIMARY_TRUSTED_0057,V5DEVX_154,0,COMPETITIVE,E1,2,2,TG10_MULTITASK_EFFECT_RIDGE_BALANCED,TASK_CONDITIONED_DIAGNOSTIC,1.0
PRIMARY_TRUSTED_0063,V5DEVE2_009,1,STATUS,E2,2,2,TG10_MULTITASK_EFFECT_RIDGE_BALANCED,TASK_CONDITIONED_DIAGNOSTIC,0.0
PRIMARY_TRUSTED_0076,V5DEVE2_115,1,COMPETITIVE,E2,2,2,TG10_MULTITASK_EFFECT_RIDGE_BALANCED,TASK_CONDITIONED_DIAGNOSTIC,0.0
PRIMARY_TRUSTED_0077,V5DEVE2_128,1,STATUS,E2,2,2,TG10_MULTITASK_EFFECT_RIDGE_BALANCED,TASK_CONDITIONED_DIAGNOSTIC,0.0
PRIMARY_TRUSTED_0078,V5DEVE2_128,0,STATUS,E2,2,2,TG10_MULTITASK_EFFECT_RIDGE_BALANCED,TASK_CONDITIONED_DIAGNOSTIC,0.0
PRIMARY_TRUSTED_0079,V5DEVE2_154,0,COMPETITIVE,E2,2,2,TG10_MULTITASK_EFFECT_RIDGE_BALANCED,TASK_CONDITIONED_DIAGNOSTIC,0.0
PRIMARY_TRUSTED_0084,V5DEV_005,1,COMPETITIVE,ORIGINAL,2,2,TG10_MULTITASK_EFFECT_RIDGE_BALANCED,TASK_CONDITIONED_DIAGNOSTIC,0.0
PRIMARY_TRUSTED_0085,V5DEV_005,1,COMPETITIVE,ORIGINAL,2,2,TG10_MULTITASK_EFFECT_RIDGE_BALANCED,TASK_CONDITIONED_DIAGNOSTIC,0.0
PRIMARY_TRUSTED_0086,V5DEV_005,1,COMPETITIVE,ORIGINAL,2,2,TG10_MULTITASK_EFFECT_RIDGE_BALANCED,TASK_CONDITIONED_DIAGNOSTIC,1.0
PRIMARY_TRUSTED_0087,V5DEV_005,1,COMPETITIVE,ORIGINAL,2,2,TG10_MULTITASK_EFFECT_RIDGE_BALANCED,TASK_CONDITIONED_DIAGNOSTIC,1.0
PRIMARY_TRUSTED_0088,V5DEV_005,0,COMPETITIVE,ORIGINAL,2,2,TG10_MULTITASK_EFFECT_RIDGE_BALANCED,TASK_CONDITIONED_DIAGNOSTIC,1.0
PRIMARY_TRUSTED_0089,V5DEV_007,0,COMPETITIVE,ORIGINAL,2,2,TG10_MULTITASK_EFFECT_RIDGE_BALANCED,TASK_CONDITIONED_DIAGNOSTIC,1.0
PRIMARY_TRUSTED_0092,V5DEV_009,1,COMPETITIVE,ORIGINAL,2,2,TG10_MULTITASK_EFFECT_RIDGE_BALANCED,TASK_CONDITIONED_DIAGNOSTIC,0.0
PRIMARY_TRUSTED_0104,V5DEV_015,0,COMPETITIVE,ORIGINAL,2,2,TG10_MULTITASK_EFFECT_RIDGE_BALANCED,TASK_CONDITIONED_DIAGNOSTIC,1.0
PRIMARY_TRUSTED_0105,V5DEV_015,0,COMPETITIVE,ORIGINAL,2,2,TG10_MULTITASK_EFFECT_RIDGE_BALANCED,TASK_CONDITIONED_DIAGNOSTIC,1.0
PRIMARY_TRUSTED_0106,V5DEV_017,1,COMPETITIVE,ORIGINAL,2,2,TG10_MULTITASK_EFFECT_RIDGE_BALANCED,TASK_CONDITIONED_DIAGNOSTIC,1.0
PRIMARY_TRUSTED_0137,V5DEV_031,1,COMPETITIVE,ORIGINAL,2,2,TG10_MULTITASK_EFFECT_RIDGE_BALANCED,TASK_CONDITIONED_DIAGNOSTIC,0.0
PRIMARY_TRUSTED_0156,V5DEV_039,1,COMPETITIVE,ORIGINAL,2,2,TG10_MULTITASK_EFFECT_RIDGE_BALANCED,TASK_CONDITIONED_DIAGNOSTIC,1.0
PRIMARY_TRUSTED_0157,V5DEV_039,1,COMPETITIVE,ORIGINAL,2,2,TG10_MULTITASK_EFFECT_RIDGE_BALANCED,TASK_CONDITIONED_DIAGNOSTIC,1.0
PRIMARY_TRUSTED_0158,V5DEV_039,1,COMPETITIVE,ORIGINAL,2,2,TG10_MULTITASK_EFFECT_RIDGE_BALANCED,TASK_CONDITIONED_DIAGNOSTIC,1.0
PRIMARY_TRUSTED_0165,V5DEV_084,1,PROJECT,ORIGINAL,2,2,TG10_MULTITASK_EFFECT_RIDGE_BALANCED,TASK_CONDITIONED_DIAGNOSTIC,0.0
PRIMARY_TRUSTED_0166,V5DEV_084,0,PROJECT,ORIGINAL,2,2,TG10_MULTITASK_EFFECT_RIDGE_BALANCED,TASK_CONDITIONED_DIAGNOSTIC,0.0
PRIMARY_TRUSTED_0167,V5DEV_084,0,PROJECT,ORIGINAL,2,2,TG10_MULTITASK_EFFECT_RIDGE_BALANCED,TASK_CONDITIONED_DIAGNOSTIC,0.0
PRIMARY_TRUSTED_0170,V5DEV_108,1,STATUS,ORIGINAL,2,2,TG10_MULTITASK_EFFECT_RIDGE_BALANCED,TASK_CONDITIONED_DIAGNOSTIC,0.0
PRIMARY_TRUSTED_0171,V5DEV_108,0,STATUS,ORIGINAL,2,2,TG10_MULTITASK_EFFECT_RIDGE_BALANCED,TASK_CONDITIONED_DIAGNOSTIC,1.0
PRIMARY_TRUSTED_0172,V5DEV_108,0,STATUS,ORIGINAL,2,2,TG10_MULTITASK_EFFECT_RIDGE_BALANCED,TASK_CONDITIONED_DIAGNOSTIC,1.0
PRIMARY_TRUSTED_0180,V5DEV_118,0,STATUS,ORIGINAL,2,2,TG10_MULTITASK_EFFECT_RIDGE_BALANCED,TASK_CONDITIONED_DIAGNOSTIC,0.0
PRIMARY_TRUSTED_0181,V5DEV_121,1,STATUS,ORIGINAL,2,2,TG10_MULTITASK_EFFECT_RIDGE_BALANCED,TASK_CONDITIONED_DIAGNOSTIC,1.0
PRIMARY_TRUSTED_0004,V5DEVX_007,0,COMPETITIVE,E1,2,3,TG10_SHARED_RIDGE_BALANCED,GENERAL,1.0
PRIMARY_TRUSTED_0026,V5DEVX_052,0,COMPETITIVE,E1,2,3,TG10_SHARED_RIDGE_BALANCED,GENERAL,1.0
PRIMARY_TRUSTED_0035,V5DEVX_108,1,STATUS,E1,2,3,TG10_SHARED_RIDGE_BALANCED,GENERAL,1.0
PRIMARY_TRUSTED_0040,V5DEVX_131,0,STATUS,E1,2,3,TG10_SHARED_RIDGE_BALANCED,GENERAL,1.0
PRIMARY_TRUSTED_0041,V5DEVX_131,1,STATUS,E1,2,3,TG10_SHARED_RIDGE_BALANCED,GENERAL,1.0
PRIMARY_TRUSTED_0042,V5DEVX_131,0,STATUS,E1,2,3,TG10_SHARED_RIDGE_BALANCED,GENERAL,1.0
PRIMARY_TRUSTED_0043,V5DEVX_131,1,STATUS,E1,2,3,TG10_SHARED_RIDGE_BALANCED,GENERAL,1.0
PRIMARY_TRUSTED_0047,V5DEVX_142,0,COMPETITIVE,E1,2,3,TG10_SHARED_RIDGE_BALANCED,GENERAL,1.0
PRIMARY_TRUSTED_0049,V5DEVX_148,0,COMPETITIVE,E1,2,3,TG10_SHARED_RIDGE_BALANCED,GENERAL,0.0
PRIMARY_TRUSTED_0050,V5DEVX_148,0,COMPETITIVE,E1,2,3,TG10_SHARED_RIDGE_BALANCED,GENERAL,0.0
PRIMARY_TRUSTED_0051,V5DEVX_148,1,COMPETITIVE,E1,2,3,TG10_SHARED_RIDGE_BALANCED,GENERAL,1.0
PRIMARY_TRUSTED_0060,V5DEVE2_003,1,STATUS,E2,2,3,TG10_SHARED_RIDGE_BALANCED,GENERAL,1.0
PRIMARY_TRUSTED_0061,V5DEVE2_007,1,COMPETITIVE,E2,2,3,TG10_SHARED_RIDGE_BALANCED,GENERAL,1.0
PRIMARY_TRUSTED_0062,V5DEVE2_007,1,COMPETITIVE,E2,2,3,TG10_SHARED_RIDGE_BALANCED,GENERAL,1.0
PRIMARY_TRUSTED_0073,V5DEVE2_080,1,STATUS,E2,2,3,TG10_SHARED_RIDGE_BALANCED,GENERAL,1.0
PRIMARY_TRUSTED_0083,V5DEV_003,0,COMPETITIVE,ORIGINAL,2,3,TG10_SHARED_RIDGE_BALANCED,GENERAL,0.0
PRIMARY_TRUSTED_0094,V5DEV_011,1,COMPETITIVE,ORIGINAL,2,3,TG10_SHARED_RIDGE_BALANCED,GENERAL,0.0
PRIMARY_TRUSTED_0095,V5DEV_011,1,COMPETITIVE,ORIGINAL,2,3,TG10_SHARED_RIDGE_BALANCED,GENERAL,1.0
PRIMARY_TRUSTED_0098,V5DEV_013,1,COMPETITIVE,ORIGINAL,2,3,TG10_SHARED_RIDGE_BALANCED,GENERAL,1.0
PRIMARY_TRUSTED_0099,V5DEV_013,0,COMPETITIVE,ORIGINAL,2,3,TG10_SHARED_RIDGE_BALANCED,GENERAL,1.0
PRIMARY_TRUSTED_0100,V5DEV_014,0,COMPETITIVE,ORIGINAL,2,3,TG10_SHARED_RIDGE_BALANCED,GENERAL,1.0
PRIMARY_TRUSTED_0101,V5DEV_014,1,COMPETITIVE,ORIGINAL,2,3,TG10_SHARED_RIDGE_BALANCED,GENERAL,1.0
PRIMARY_TRUSTED_0102,V5DEV_014,1,COMPETITIVE,ORIGINAL,2,3,TG10_SHARED_RIDGE_BALANCED,GENERAL,1.0
PRIMARY_TRUSTED_0103,V5DEV_014,0,COMPETITIVE,ORIGINAL,2,3,TG10_SHARED_RIDGE_BALANCED,GENERAL,0.0
PRIMARY_TRUSTED_0108,V5DEV_022,1,COMPETITIVE,ORIGINAL,2,3,TG10_SHARED_RIDGE_BALANCED,GENERAL,1.0
PRIMARY_TRUSTED_0138,V5DEV_034,1,COMPETITIVE,ORIGINAL,2,3,TG10_SHARED_RIDGE_BALANCED,GENERAL,1.0
PRIMARY_TRUSTED_0139,V5DEV_034,1,COMPETITIVE,ORIGINAL,2,3,TG10_SHARED_RIDGE_BALANCED,GENERAL,0.0
PRIMARY_TRUSTED_0140,V5DEV_035,0,COMPETITIVE,ORIGINAL,2,3,TG10_SHARED_RIDGE_BALANCED,GENERAL,1.0
PRIMARY_TRUSTED_0141,V5DEV_035,0,COMPETITIVE,ORIGINAL,2,3,TG10_SHARED_RIDGE_BALANCED,GENERAL,1.0
PRIMARY_TRUSTED_0142,V5DEV_036,1,COMPETITIVE,ORIGINAL,2,3,TG10_SHARED_RIDGE_BALANCED,GENERAL,1.0
PRIMARY_TRUSTED_0143,V5DEV_036,1,COMPETITIVE,ORIGINAL,2,3,TG10_SHARED_RIDGE_BALANCED,GENERAL,0.0
PRIMARY_TRUSTED_0144,V5DEV_036,0,COMPETITIVE,ORIGINAL,2,3,TG10_SHARED_RIDGE_BALANCED,GENERAL,0.0
PRIMARY_TRUSTED_0145,V5DEV_036,0,COMPETITIVE,ORIGINAL,2,3,TG10_SHARED_RIDGE_BALANCED,GENERAL,1.0
PRIMARY_TRUSTED_0146,V5DEV_036,1,COMPETITIVE,ORIGINAL,2,3,TG10_SHARED_RIDGE_BALANCED,GENERAL,0.0
PRIMARY_TRUSTED_0147,V5DEV_036,1,COMPETITIVE,ORIGINAL,2,3,TG10_SHARED_RIDGE_BALANCED,GENERAL,1.0
PRIMARY_TRUSTED_0162,V5DEV_075,1,PROJECT,ORIGINAL,2,3,TG10_SHARED_RIDGE_BALANCED,GENERAL,1.0
PRIMARY_TRUSTED_0164,V5DEV_080,1,PROJECT,ORIGINAL,2,3,TG10_SHARED_RIDGE_BALANCED,GENERAL,0.0
PRIMARY_TRUSTED_0189,V5DEV_152,1,STATUS,ORIGINAL,2,3,TG10_SHARED_RIDGE_BALANCED,GENERAL,1.0
PRIMARY_TRUSTED_0191,V5DEV_156,1,STATUS,ORIGINAL,2,3,TG10_SHARED_RIDGE_BALANCED,GENERAL,1.0
PRIMARY_TRUSTED_0004,V5DEVX_007,0,COMPETITIVE,E1,2,3,TG10_MULTITASK_EFFECT_RIDGE_BALANCED,GENERAL,1.0
PRIMARY_TRUSTED_0026,V5DEVX_052,0,COMPETITIVE,E1,2,3,TG10_MULTITASK_EFFECT_RIDGE_BALANCED,GENERAL,1.0
PRIMARY_TRUSTED_0035,V5DEVX_108,1,STATUS,E1,2,3,TG10_MULTITASK_EFFECT_RIDGE_BALANCED,GENERAL,1.0
PRIMARY_TRUSTED_0040,V5DEVX_131,0,STATUS,E1,2,3,TG10_MULTITASK_EFFECT_RIDGE_BALANCED,GENERAL,0.0
PRIMARY_TRUSTED_0041,V5DEVX_131,1,STATUS,E1,2,3,TG10_MULTITASK_EFFECT_RIDGE_BALANCED,GENERAL,1.0
PRIMARY_TRUSTED_0042,V5DEVX_131,0,STATUS,E1,2,3,TG10_MULTITASK_EFFECT_RIDGE_BALANCED,GENERAL,1.0
PRIMARY_TRUSTED_0043,V5DEVX_131,1,STATUS,E1,2,3,TG10_MULTITASK_EFFECT_RIDGE_BALANCED,GENERAL,1.0
PRIMARY_TRUSTED_0047,V5DEVX_142,0,COMPETITIVE,E1,2,3,TG10_MULTITASK_EFFECT_RIDGE_BALANCED,GENERAL,1.0
PRIMARY_TRUSTED_0049,V5DEVX_148,0,COMPETITIVE,E1,2,3,TG10_MULTITASK_EFFECT_RIDGE_BALANCED,GENERAL,1.0
PRIMARY_TRUSTED_0050,V5DEVX_148,0,COMPETITIVE,E1,2,3,TG10_MULTITASK_EFFECT_RIDGE_BALANCED,GENERAL,1.0
PRIMARY_TRUSTED_0051,V5DEVX_148,1,COMPETITIVE,E1,2,3,TG10_MULTITASK_EFFECT_RIDGE_BALANCED,GENERAL,1.0
PRIMARY_TRUSTED_0060,V5DEVE2_003,1,STATUS,E2,2,3,TG10_MULTITASK_EFFECT_RIDGE_BALANCED,GENERAL,1.0
PRIMARY_TRUSTED_0061,V5DEVE2_007,1,COMPETITIVE,E2,2,3,TG10_MULTITASK_EFFECT_RIDGE_BALANCED,GENERAL,1.0
PRIMARY_TRUSTED_0062,V5DEVE2_007,1,COMPETITIVE,E2,2,3,TG10_MULTITASK_EFFECT_RIDGE_BALANCED,GENERAL,1.0
PRIMARY_TRUSTED_0073,V5DEVE2_080,1,STATUS,E2,2,3,TG10_MULTITASK_EFFECT_RIDGE_BALANCED,GENERAL,1.0
PRIMARY_TRUSTED_0083,V5DEV_003,0,COMPETITIVE,ORIGINAL,2,3,TG10_MULTITASK_EFFECT_RIDGE_BALANCED,GENERAL,1.0
PRIMARY_TRUSTED_0094,V5DEV_011,1,COMPETITIVE,ORIGINAL,2,3,TG10_MULTITASK_EFFECT_RIDGE_BALANCED,GENERAL,1.0
PRIMARY_TRUSTED_0095,V5DEV_011,1,COMPETITIVE,ORIGINAL,2,3,TG10_MULTITASK_EFFECT_RIDGE_BALANCED,GENERAL,1.0
PRIMARY_TRUSTED_0098,V5DEV_013,1,COMPETITIVE,ORIGINAL,2,3,TG10_MULTITASK_EFFECT_RIDGE_BALANCED,GENERAL,1.0
PRIMARY_TRUSTED_0099,V5DEV_013,0,COMPETITIVE,ORIGINAL,2,3,TG10_MULTITASK_EFFECT_RIDGE_BALANCED,GENERAL,1.0
PRIMARY_TRUSTED_0100,V5DEV_014,0,COMPETITIVE,ORIGINAL,2,3,TG10_MULTITASK_EFFECT_RIDGE_BALANCED,GENERAL,1.0
PRIMARY_TRUSTED_0101,V5DEV_014,1,COMPETITIVE,ORIGINAL,2,3,TG10_MULTITASK_EFFECT_RIDGE_BALANCED,GENERAL,1.0
PRIMARY_TRUSTED_0102,V5DEV_014,1,COMPETITIVE,ORIGINAL,2,3,TG10_MULTITASK_EFFECT_RIDGE_BALANCED,GENERAL,1.0
PRIMARY_TRUSTED_0103,V5DEV_014,0,COMPETITIVE,ORIGINAL,2,3,TG10_MULTITASK_EFFECT_RIDGE_BALANCED,GENERAL,1.0
PRIMARY_TRUSTED_0108,V5DEV_022,1,COMPETITIVE,ORIGINAL,2,3,TG10_MULTITASK_EFFECT_RIDGE_BALANCED,GENERAL,1.0
PRIMARY_TRUSTED_0138,V5DEV_034,1,COMPETITIVE,ORIGINAL,2,3,TG10_MULTITASK_EFFECT_RIDGE_BALANCED,GENERAL,0.0
PRIMARY_TRUSTED_0139,V5DEV_034,1,COMPETITIVE,ORIGINAL,2,3,TG10_MULTITASK_EFFECT_RIDGE_BALANCED,GENERAL,1.0
PRIMARY_TRUSTED_0140,V5DEV_035,0,COMPETITIVE,ORIGINAL,2,3,TG10_MULTITASK_EFFECT_RIDGE_BALANCED,GENERAL,1.0
PRIMARY_TRUSTED_0141,V5DEV_035,0,COMPETITIVE,ORIGINAL,2,3,TG10_MULTITASK_EFFECT_RIDGE_BALANCED,GENERAL,1.0
PRIMARY_TRUSTED_0142,V5DEV_036,1,COMPETITIVE,ORIGINAL,2,3,TG10_MULTITASK_EFFECT_RIDGE_BALANCED,GENERAL,1.0
PRIMARY_TRUSTED_0143,V5DEV_036,1,COMPETITIVE,ORIGINAL,2,3,TG10_MULTITASK_EFFECT_RIDGE_BALANCED,GENERAL,1.0
PRIMARY_TRUSTED_0144,V5DEV_036,0,COMPETITIVE,ORIGINAL,2,3,TG10_MULTITASK_EFFECT_RIDGE_BALANCED,GENERAL,1.0
PRIMARY_TRUSTED_0145,V5DEV_036,0,COMPETITIVE,ORIGINAL,2,3,TG10_MULTITASK_EFFECT_RIDGE_BALANCED,GENERAL,1.0
PRIMARY_TRUSTED_0146,V5DEV_036,1,COMPETITIVE,ORIGINAL,2,3,TG10_MULTITASK_EFFECT_RIDGE_BALANCED,GENERAL,1.0
PRIMARY_TRUSTED_0147,V5DEV_036,1,COMPETITIVE,ORIGINAL,2,3,TG10_MULTITASK_EFFECT_RIDGE_BALANCED,GENERAL,1.0
PRIMARY_TRUSTED_0162,V5DEV_075,1,PROJECT,ORIGINAL,2,3,TG10_MULTITASK_EFFECT_RIDGE_BALANCED,GENERAL,0.0
PRIMARY_TRUSTED_0164,V5DEV_080,1,PROJECT,ORIGINAL,2,3,TG10_MULTITASK_EFFECT_RIDGE_BALANCED,GENERAL,0.0
PRIMARY_TRUSTED_0189,V5DEV_152,1,STATUS,ORIGINAL,2,3,TG10_MULTITASK_EFFECT_RIDGE_BALANCED,GENERAL,1.0
PRIMARY_TRUSTED_0191,V5DEV_156,1,STATUS,ORIGINAL,2,3,TG10_MULTITASK_EFFECT_RIDGE_BALANCED,GENERAL,1.0
PRIMARY_TRUSTED_0004,V5DEVX_007,0,COMPETITIVE,E1,2,3,TG10_MULTITASK_EFFECT_RIDGE_BALANCED,TASK_CONDITIONED_DIAGNOSTIC,0.0
PRIMARY_TRUSTED_0026,V5DEVX_052,0,COMPETITIVE,E1,2,3,TG10_MULTITASK_EFFECT_RIDGE_BALANCED,TASK_CONDITIONED_DIAGNOSTIC,1.0
PRIMARY_TRUSTED_0035,V5DEVX_108,1,STATUS,E1,2,3,TG10_MULTITASK_EFFECT_RIDGE_BALANCED,TASK_CONDITIONED_DIAGNOSTIC,1.0
PRIMARY_TRUSTED_0040,V5DEVX_131,0,STATUS,E1,2,3,TG10_MULTITASK_EFFECT_RIDGE_BALANCED,TASK_CONDITIONED_DIAGNOSTIC,0.0
PRIMARY_TRUSTED_0041,V5DEVX_131,1,STATUS,E1,2,3,TG10_MULTITASK_EFFECT_RIDGE_BALANCED,TASK_CONDITIONED_DIAGNOSTIC,1.0
PRIMARY_TRUSTED_0042,V5DEVX_131,0,STATUS,E1,2,3,TG10_MULTITASK_EFFECT_RIDGE_BALANCED,TASK_CONDITIONED_DIAGNOSTIC,1.0
PRIMARY_TRUSTED_0043,V5DEVX_131,1,STATUS,E1,2,3,TG10_MULTITASK_EFFECT_RIDGE_BALANCED,TASK_CONDITIONED_DIAGNOSTIC,1.0
PRIMARY_TRUSTED_0047,V5DEVX_142,0,COMPETITIVE,E1,2,3,TG10_MULTITASK_EFFECT_RIDGE_BALANCED,TASK_CONDITIONED_DIAGNOSTIC,1.0
PRIMARY_TRUSTED_0049,V5DEVX_148,0,COMPETITIVE,E1,2,3,TG10_MULTITASK_EFFECT_RIDGE_BALANCED,TASK_CONDITIONED_DIAGNOSTIC,1.0
PRIMARY_TRUSTED_0050,V5DEVX_148,0,COMPETITIVE,E1,2,3,TG10_MULTITASK_EFFECT_RIDGE_BALANCED,TASK_CONDITIONED_DIAGNOSTIC,1.0
PRIMARY_TRUSTED_0051,V5DEVX_148,1,COMPETITIVE,E1,2,3,TG10_MULTITASK_EFFECT_RIDGE_BALANCED,TASK_CONDITIONED_DIAGNOSTIC,1.0
PRIMARY_TRUSTED_0060,V5DEVE2_003,1,STATUS,E2,2,3,TG10_MULTITASK_EFFECT_RIDGE_BALANCED,TASK_CONDITIONED_DIAGNOSTIC,1.0
PRIMARY_TRUSTED_0061,V5DEVE2_007,1,COMPETITIVE,E2,2,3,TG10_MULTITASK_EFFECT_RIDGE_BALANCED,TASK_CONDITIONED_DIAGNOSTIC,1.0
PRIMARY_TRUSTED_0062,V5DEVE2_007,1,COMPETITIVE,E2,2,3,TG10_MULTITASK_EFFECT_RIDGE_BALANCED,TASK_CONDITIONED_DIAGNOSTIC,1.0
PRIMARY_TRUSTED_0073,V5DEVE2_080,1,STATUS,E2,2,3,TG10_MULTITASK_EFFECT_RIDGE_BALANCED,TASK_CONDITIONED_DIAGNOSTIC,1.0
PRIMARY_TRUSTED_0083,V5DEV_003,0,COMPETITIVE,ORIGINAL,2,3,TG10_MULTITASK_EFFECT_RIDGE_BALANCED,TASK_CONDITIONED_DIAGNOSTIC,1.0
PRIMARY_TRUSTED_0094,V5DEV_011,1,COMPETITIVE,ORIGINAL,2,3,TG10_MULTITASK_EFFECT_RIDGE_BALANCED,TASK_CONDITIONED_DIAGNOSTIC,1.0
PRIMARY_TRUSTED_0095,V5DEV_011,1,COMPETITIVE,ORIGINAL,2,3,TG10_MULTITASK_EFFECT_RIDGE_BALANCED,TASK_CONDITIONED_DIAGNOSTIC,1.0
PRIMARY_TRUSTED_0098,V5DEV_013,1,COMPETITIVE,ORIGINAL,2,3,TG10_MULTITASK_EFFECT_RIDGE_BALANCED,TASK_CONDITIONED_DIAGNOSTIC,1.0
PRIMARY_TRUSTED_0099,V5DEV_013,0,COMPETITIVE,ORIGINAL,2,3,TG10_MULTITASK_EFFECT_RIDGE_BALANCED,TASK_CONDITIONED_DIAGNOSTIC,1.0
PRIMARY_TRUSTED_0100,V5DEV_014,0,COMPETITIVE,ORIGINAL,2,3,TG10_MULTITASK_EFFECT_RIDGE_BALANCED,TASK_CONDITIONED_DIAGNOSTIC,1.0
PRIMARY_TRUSTED_0101,V5DEV_014,1,COMPETITIVE,ORIGINAL,2,3,TG10_MULTITASK_EFFECT_RIDGE_BALANCED,TASK_CONDITIONED_DIAGNOSTIC,1.0
PRIMARY_TRUSTED_0102,V5DEV_014,1,COMPETITIVE,ORIGINAL,2,3,TG10_MULTITASK_EFFECT_RIDGE_BALANCED,TASK_CONDITIONED_DIAGNOSTIC,1.0
PRIMARY_TRUSTED_0103,V5DEV_014,0,COMPETITIVE,ORIGINAL,2,3,TG10_MULTITASK_EFFECT_RIDGE_BALANCED,TASK_CONDITIONED_DIAGNOSTIC,1.0
PRIMARY_TRUSTED_0108,V5DEV_022,1,COMPETITIVE,ORIGINAL,2,3,TG10_MULTITASK_EFFECT_RIDGE_BALANCED,TASK_CONDITIONED_DIAGNOSTIC,1.0
PRIMARY_TRUSTED_0138,V5DEV_034,1,COMPETITIVE,ORIGINAL,2,3,TG10_MULTITASK_EFFECT_RIDGE_BALANCED,TASK_CONDITIONED_DIAGNOSTIC,0.0
PRIMARY_TRUSTED_0139,V5DEV_034,1,COMPETITIVE,ORIGINAL,2,3,TG10_MULTITASK_EFFECT_RIDGE_BALANCED,TASK_CONDITIONED_DIAGNOSTIC,1.0
PRIMARY_TRUSTED_0140,V5DEV_035,0,COMPETITIVE,ORIGINAL,2,3,TG10_MULTITASK_EFFECT_RIDGE_BALANCED,TASK_CONDITIONED_DIAGNOSTIC,1.0
PRIMARY_TRUSTED_0141,V5DEV_035,0,COMPETITIVE,ORIGINAL,2,3,TG10_MULTITASK_EFFECT_RIDGE_BALANCED,TASK_CONDITIONED_DIAGNOSTIC,1.0
PRIMARY_TRUSTED_0142,V5DEV_036,1,COMPETITIVE,ORIGINAL,2,3,TG10_MULTITASK_EFFECT_RIDGE_BALANCED,TASK_CONDITIONED_DIAGNOSTIC,1.0
PRIMARY_TRUSTED_0143,V5DEV_036,1,COMPETITIVE,ORIGINAL,2,3,TG10_MULTITASK_EFFECT_RIDGE_BALANCED,TASK_CONDITIONED_DIAGNOSTIC,1.0
PRIMARY_TRUSTED_0144,V5DEV_036,0,COMPETITIVE,ORIGINAL,2,3,TG10_MULTITASK_EFFECT_RIDGE_BALANCED,TASK_CONDITIONED_DIAGNOSTIC,1.0
PRIMARY_TRUSTED_0145,V5DEV_036,0,COMPETITIVE,ORIGINAL,2,3,TG10_MULTITASK_EFFECT_RIDGE_BALANCED,TASK_CONDITIONED_DIAGNOSTIC,1.0
PRIMARY_TRUSTED_0146,V5DEV_036,1,COMPETITIVE,ORIGINAL,2,3,TG10_MULTITASK_EFFECT_RIDGE_BALANCED,TASK_CONDITIONED_DIAGNOSTIC,1.0
PRIMARY_TRUSTED_0147,V5DEV_036,1,COMPETITIVE,ORIGINAL,2,3,TG10_MULTITASK_EFFECT_RIDGE_BALANCED,TASK_CONDITIONED_DIAGNOSTIC,1.0
PRIMARY_TRUSTED_0162,V5DEV_075,1,PROJECT,ORIGINAL,2,3,TG10_MULTITASK_EFFECT_RIDGE_BALANCED,TASK_CONDITIONED_DIAGNOSTIC,0.0
PRIMARY_TRUSTED_0164,V5DEV_080,1,PROJECT,ORIGINAL,2,3,TG10_MULTITASK_EFFECT_RIDGE_BALANCED,TASK_CONDITIONED_DIAGNOSTIC,1.0
PRIMARY_TRUSTED_0189,V5DEV_152,1,STATUS,ORIGINAL,2,3,TG10_MULTITASK_EFFECT_RIDGE_BALANCED,TASK_CONDITIONED_DIAGNOSTIC,1.0
PRIMARY_TRUSTED_0191,V5DEV_156,1,STATUS,ORIGINAL,2,3,TG10_MULTITASK_EFFECT_RIDGE_BALANCED,TASK_CONDITIONED_DIAGNOSTIC,1.0
PRIMARY_TRUSTED_0005,V5DEVX_008,1,PROJECT,E1,2,4,TG10_SHARED_RIDGE_BALANCED,GENERAL,0.0
PRIMARY_TRUSTED_0006,V5DEVX_008,0,PROJECT,E1,2,4,TG10_SHARED_RIDGE_BALANCED,GENERAL,0.0
PRIMARY_TRUSTED_0007,V5DEVX_010,0,COMPETITIVE,E1,2,4,TG10_SHARED_RIDGE_BALANCED,GENERAL,0.0
PRIMARY_TRUSTED_0008,V5DEVX_010,1,COMPETITIVE,E1,2,4,TG10_SHARED_RIDGE_BALANCED,GENERAL,1.0
PRIMARY_TRUSTED_0009,V5DEVX_010,0,COMPETITIVE,E1,2,4,TG10_SHARED_RIDGE_BALANCED,GENERAL,0.0
PRIMARY_TRUSTED_0010,V5DEVX_010,1,COMPETITIVE,E1,2,4,TG10_SHARED_RIDGE_BALANCED,GENERAL,0.0
PRIMARY_TRUSTED_0027,V5DEVX_055,0,COMPETITIVE,E1,2,4,TG10_SHARED_RIDGE_BALANCED,GENERAL,1.0
PRIMARY_TRUSTED_0028,V5DEVX_055,0,COMPETITIVE,E1,2,4,TG10_SHARED_RIDGE_BALANCED,GENERAL,1.0
PRIMARY_TRUSTED_0036,V5DEVX_115,1,COMPETITIVE,E1,2,4,TG10_SHARED_RIDGE_BALANCED,GENERAL,0.0
PRIMARY_TRUSTED_0037,V5DEVX_115,1,COMPETITIVE,E1,2,4,TG10_SHARED_RIDGE_BALANCED,GENERAL,0.0
PRIMARY_TRUSTED_0039,V5DEVX_128,1,STATUS,E1,2,4,TG10_SHARED_RIDGE_BALANCED,GENERAL,1.0
PRIMARY_TRUSTED_0067,V5DEVE2_022,1,COMPETITIVE,E2,2,4,TG10_SHARED_RIDGE_BALANCED,GENERAL,1.0
PRIMARY_TRUSTED_0068,V5DEVE2_022,0,COMPETITIVE,E2,2,4,TG10_SHARED_RIDGE_BALANCED,GENERAL,0.0
PRIMARY_TRUSTED_0069,V5DEVE2_027,1,STATUS,E2,2,4,TG10_SHARED_RIDGE_BALANCED,GENERAL,1.0
PRIMARY_TRUSTED_0075,V5DEVE2_106,1,COMPETITIVE,E2,2,4,TG10_SHARED_RIDGE_BALANCED,GENERAL,0.0
PRIMARY_TRUSTED_0080,V5DEVE2_160,1,STATUS,E2,2,4,TG10_SHARED_RIDGE_BALANCED,GENERAL,0.0
PRIMARY_TRUSTED_0107,V5DEV_020,0,COMPETITIVE,ORIGINAL,2,4,TG10_SHARED_RIDGE_BALANCED,GENERAL,0.0
PRIMARY_TRUSTED_0118,V5DEV_025,0,COMPETITIVE,ORIGINAL,2,4,TG10_SHARED_RIDGE_BALANCED,GENERAL,0.0
PRIMARY_TRUSTED_0119,V5DEV_025,0,COMPETITIVE,ORIGINAL,2,4,TG10_SHARED_RIDGE_BALANCED,GENERAL,0.0
PRIMARY_TRUSTED_0120,V5DEV_025,0,COMPETITIVE,ORIGINAL,2,4,TG10_SHARED_RIDGE_BALANCED,GENERAL,1.0
PRIMARY_TRUSTED_0121,V5DEV_025,1,COMPETITIVE,ORIGINAL,2,4,TG10_SHARED_RIDGE_BALANCED,GENERAL,0.0
PRIMARY_TRUSTED_0122,V5DEV_025,1,COMPETITIVE,ORIGINAL,2,4,TG10_SHARED_RIDGE_BALANCED,GENERAL,0.0
PRIMARY_TRUSTED_0123,V5DEV_026,1,COMPETITIVE,ORIGINAL,2,4,TG10_SHARED_RIDGE_BALANCED,GENERAL,0.0
PRIMARY_TRUSTED_0124,V5DEV_026,1,COMPETITIVE,ORIGINAL,2,4,TG10_SHARED_RIDGE_BALANCED,GENERAL,0.0
PRIMARY_TRUSTED_0125,V5DEV_026,1,COMPETITIVE,ORIGINAL,2,4,TG10_SHARED_RIDGE_BALANCED,GENERAL,1.0
PRIMARY_TRUSTED_0126,V5DEV_028,1,COMPETITIVE,ORIGINAL,2,4,TG10_SHARED_RIDGE_BALANCED,GENERAL,0.0
PRIMARY_TRUSTED_0127,V5DEV_028,1,COMPETITIVE,ORIGINAL,2,4,TG10_SHARED_RIDGE_BALANCED,GENERAL,0.0
PRIMARY_TRUSTED_0152,V5DEV_038,0,COMPETITIVE,ORIGINAL,2,4,TG10_SHARED_RIDGE_BALANCED,GENERAL,1.0
PRIMARY_TRUSTED_0153,V5DEV_038,0,COMPETITIVE,ORIGINAL,2,4,TG10_SHARED_RIDGE_BALANCED,GENERAL,1.0
PRIMARY_TRUSTED_0154,V5DEV_038,1,COMPETITIVE,ORIGINAL,2,4,TG10_SHARED_RIDGE_BALANCED,GENERAL,1.0
PRIMARY_TRUSTED_0155,V5DEV_038,0,COMPETITIVE,ORIGINAL,2,4,TG10_SHARED_RIDGE_BALANCED,GENERAL,0.0
PRIMARY_TRUSTED_0159,V5DEV_040,0,COMPETITIVE,ORIGINAL,2,4,TG10_SHARED_RIDGE_BALANCED,GENERAL,1.0
PRIMARY_TRUSTED_0169,V5DEV_106,1,STATUS,ORIGINAL,2,4,TG10_SHARED_RIDGE_BALANCED,GENERAL,1.0
PRIMARY_TRUSTED_0175,V5DEV_114,1,STATUS,ORIGINAL,2,4,TG10_SHARED_RIDGE_BALANCED,GENERAL,1.0
PRIMARY_TRUSTED_0176,V5DEV_114,1,STATUS,ORIGINAL,2,4,TG10_SHARED_RIDGE_BALANCED,GENERAL,0.0
PRIMARY_TRUSTED_0183,V5DEV_126,1,STATUS,ORIGINAL,2,4,TG10_SHARED_RIDGE_BALANCED,GENERAL,0.0
PRIMARY_TRUSTED_0184,V5DEV_126,1,STATUS,ORIGINAL,2,4,TG10_SHARED_RIDGE_BALANCED,GENERAL,0.0
PRIMARY_TRUSTED_0185,V5DEV_134,1,STATUS,ORIGINAL,2,4,TG10_SHARED_RIDGE_BALANCED,GENERAL,0.0
PRIMARY_TRUSTED_0005,V5DEVX_008,1,PROJECT,E1,2,4,TG10_MULTITASK_EFFECT_RIDGE_BALANCED,GENERAL,1.0
PRIMARY_TRUSTED_0006,V5DEVX_008,0,PROJECT,E1,2,4,TG10_MULTITASK_EFFECT_RIDGE_BALANCED,GENERAL,1.0
PRIMARY_TRUSTED_0007,V5DEVX_010,0,COMPETITIVE,E1,2,4,TG10_MULTITASK_EFFECT_RIDGE_BALANCED,GENERAL,1.0
PRIMARY_TRUSTED_0008,V5DEVX_010,1,COMPETITIVE,E1,2,4,TG10_MULTITASK_EFFECT_RIDGE_BALANCED,GENERAL,1.0
PRIMARY_TRUSTED_0009,V5DEVX_010,0,COMPETITIVE,E1,2,4,TG10_MULTITASK_EFFECT_RIDGE_BALANCED,GENERAL,1.0
PRIMARY_TRUSTED_0010,V5DEVX_010,1,COMPETITIVE,E1,2,4,TG10_MULTITASK_EFFECT_RIDGE_BALANCED,GENERAL,1.0
PRIMARY_TRUSTED_0027,V5DEVX_055,0,COMPETITIVE,E1,2,4,TG10_MULTITASK_EFFECT_RIDGE_BALANCED,GENERAL,0.0
PRIMARY_TRUSTED_0028,V5DEVX_055,0,COMPETITIVE,E1,2,4,TG10_MULTITASK_EFFECT_RIDGE_BALANCED,GENERAL,0.0
PRIMARY_TRUSTED_0036,V5DEVX_115,1,COMPETITIVE,E1,2,4,TG10_MULTITASK_EFFECT_RIDGE_BALANCED,GENERAL,0.0
PRIMARY_TRUSTED_0037,V5DEVX_115,1,COMPETITIVE,E1,2,4,TG10_MULTITASK_EFFECT_RIDGE_BALANCED,GENERAL,0.0
PRIMARY_TRUSTED_0039,V5DEVX_128,1,STATUS,E1,2,4,TG10_MULTITASK_EFFECT_RIDGE_BALANCED,GENERAL,1.0
PRIMARY_TRUSTED_0067,V5DEVE2_022,1,COMPETITIVE,E2,2,4,TG10_MULTITASK_EFFECT_RIDGE_BALANCED,GENERAL,1.0
PRIMARY_TRUSTED_0068,V5DEVE2_022,0,COMPETITIVE,E2,2,4,TG10_MULTITASK_EFFECT_RIDGE_BALANCED,GENERAL,1.0
PRIMARY_TRUSTED_0069,V5DEVE2_027,1,STATUS,E2,2,4,TG10_MULTITASK_EFFECT_RIDGE_BALANCED,GENERAL,1.0
PRIMARY_TRUSTED_0075,V5DEVE2_106,1,COMPETITIVE,E2,2,4,TG10_MULTITASK_EFFECT_RIDGE_BALANCED,GENERAL,0.0
PRIMARY_TRUSTED_0080,V5DEVE2_160,1,STATUS,E2,2,4,TG10_MULTITASK_EFFECT_RIDGE_BALANCED,GENERAL,1.0
PRIMARY_TRUSTED_0107,V5DEV_020,0,COMPETITIVE,ORIGINAL,2,4,TG10_MULTITASK_EFFECT_RIDGE_BALANCED,GENERAL,1.0
PRIMARY_TRUSTED_0118,V5DEV_025,0,COMPETITIVE,ORIGINAL,2,4,TG10_MULTITASK_EFFECT_RIDGE_BALANCED,GENERAL,0.0
PRIMARY_TRUSTED_0119,V5DEV_025,0,COMPETITIVE,ORIGINAL,2,4,TG10_MULTITASK_EFFECT_RIDGE_BALANCED,GENERAL,0.0
PRIMARY_TRUSTED_0120,V5DEV_025,0,COMPETITIVE,ORIGINAL,2,4,TG10_MULTITASK_EFFECT_RIDGE_BALANCED,GENERAL,0.0
PRIMARY_TRUSTED_0121,V5DEV_025,1,COMPETITIVE,ORIGINAL,2,4,TG10_MULTITASK_EFFECT_RIDGE_BALANCED,GENERAL,0.0
PRIMARY_TRUSTED_0122,V5DEV_025,1,COMPETITIVE,ORIGINAL,2,4,TG10_MULTITASK_EFFECT_RIDGE_BALANCED,GENERAL,0.0
PRIMARY_TRUSTED_0123,V5DEV_026,1,COMPETITIVE,ORIGINAL,2,4,TG10_MULTITASK_EFFECT_RIDGE_BALANCED,GENERAL,1.0
PRIMARY_TRUSTED_0124,V5DEV_026,1,COMPETITIVE,ORIGINAL,2,4,TG10_MULTITASK_EFFECT_RIDGE_BALANCED,GENERAL,1.0
PRIMARY_TRUSTED_0125,V5DEV_026,1,COMPETITIVE,ORIGINAL,2,4,TG10_MULTITASK_EFFECT_RIDGE_BALANCED,GENERAL,1.0
PRIMARY_TRUSTED_0126,V5DEV_028,1,COMPETITIVE,ORIGINAL,2,4,TG10_MULTITASK_EFFECT_RIDGE_BALANCED,GENERAL,1.0
PRIMARY_TRUSTED_0127,V5DEV_028,1,COMPETITIVE,ORIGINAL,2,4,TG10_MULTITASK_EFFECT_RIDGE_BALANCED,GENERAL,0.0
PRIMARY_TRUSTED_0152,V5DEV_038,0,COMPETITIVE,ORIGINAL,2,4,TG10_MULTITASK_EFFECT_RIDGE_BALANCED,GENERAL,1.0
PRIMARY_TRUSTED_0153,V5DEV_038,0,COMPETITIVE,ORIGINAL,2,4,TG10_MULTITASK_EFFECT_RIDGE_BALANCED,GENERAL,1.0
PRIMARY_TRUSTED_0154,V5DEV_038,1,COMPETITIVE,ORIGINAL,2,4,TG10_MULTITASK_EFFECT_RIDGE_BALANCED,GENERAL,1.0
PRIMARY_TRUSTED_0155,V5DEV_038,0,COMPETITIVE,ORIGINAL,2,4,TG10_MULTITASK_EFFECT_RIDGE_BALANCED,GENERAL,0.0
PRIMARY_TRUSTED_0159,V5DEV_040,0,COMPETITIVE,ORIGINAL,2,4,TG10_MULTITASK_EFFECT_RIDGE_BALANCED,GENERAL,1.0
PRIMARY_TRUSTED_0169,V5DEV_106,1,STATUS,ORIGINAL,2,4,TG10_MULTITASK_EFFECT_RIDGE_BALANCED,GENERAL,0.0
PRIMARY_TRUSTED_0175,V5DEV_114,1,STATUS,ORIGINAL,2,4,TG10_MULTITASK_EFFECT_RIDGE_BALANCED,GENERAL,1.0
PRIMARY_TRUSTED_0176,V5DEV_114,1,STATUS,ORIGINAL,2,4,TG10_MULTITASK_EFFECT_RIDGE_BALANCED,GENERAL,1.0
PRIMARY_TRUSTED_0183,V5DEV_126,1,STATUS,ORIGINAL,2,4,TG10_MULTITASK_EFFECT_RIDGE_BALANCED,GENERAL,1.0
PRIMARY_TRUSTED_0184,V5DEV_126,1,STATUS,ORIGINAL,2,4,TG10_MULTITASK_EFFECT_RIDGE_BALANCED,GENERAL,1.0
PRIMARY_TRUSTED_0185,V5DEV_134,1,STATUS,ORIGINAL,2,4,TG10_MULTITASK_EFFECT_RIDGE_BALANCED,GENERAL,0.0
PRIMARY_TRUSTED_0005,V5DEVX_008,1,PROJECT,E1,2,4,TG10_MULTITASK_EFFECT_RIDGE_BALANCED,TASK_CONDITIONED_DIAGNOSTIC,1.0
PRIMARY_TRUSTED_0006,V5DEVX_008,0,PROJECT,E1,2,4,TG10_MULTITASK_EFFECT_RIDGE_BALANCED,TASK_CONDITIONED_DIAGNOSTIC,0.0
PRIMARY_TRUSTED_0007,V5DEVX_010,0,COMPETITIVE,E1,2,4,TG10_MULTITASK_EFFECT_RIDGE_BALANCED,TASK_CONDITIONED_DIAGNOSTIC,1.0
PRIMARY_TRUSTED_0008,V5DEVX_010,1,COMPETITIVE,E1,2,4,TG10_MULTITASK_EFFECT_RIDGE_BALANCED,TASK_CONDITIONED_DIAGNOSTIC,1.0
PRIMARY_TRUSTED_0009,V5DEVX_010,0,COMPETITIVE,E1,2,4,TG10_MULTITASK_EFFECT_RIDGE_BALANCED,TASK_CONDITIONED_DIAGNOSTIC,1.0
PRIMARY_TRUSTED_0010,V5DEVX_010,1,COMPETITIVE,E1,2,4,TG10_MULTITASK_EFFECT_RIDGE_BALANCED,TASK_CONDITIONED_DIAGNOSTIC,1.0
PRIMARY_TRUSTED_0027,V5DEVX_055,0,COMPETITIVE,E1,2,4,TG10_MULTITASK_EFFECT_RIDGE_BALANCED,TASK_CONDITIONED_DIAGNOSTIC,0.0
PRIMARY_TRUSTED_0028,V5DEVX_055,0,COMPETITIVE,E1,2,4,TG10_MULTITASK_EFFECT_RIDGE_BALANCED,TASK_CONDITIONED_DIAGNOSTIC,0.0
PRIMARY_TRUSTED_0036,V5DEVX_115,1,COMPETITIVE,E1,2,4,TG10_MULTITASK_EFFECT_RIDGE_BALANCED,TASK_CONDITIONED_DIAGNOSTIC,0.0
PRIMARY_TRUSTED_0037,V5DEVX_115,1,COMPETITIVE,E1,2,4,TG10_MULTITASK_EFFECT_RIDGE_BALANCED,TASK_CONDITIONED_DIAGNOSTIC,0.0
PRIMARY_TRUSTED_0039,V5DEVX_128,1,STATUS,E1,2,4,TG10_MULTITASK_EFFECT_RIDGE_BALANCED,TASK_CONDITIONED_DIAGNOSTIC,1.0
PRIMARY_TRUSTED_0067,V5DEVE2_022,1,COMPETITIVE,E2,2,4,TG10_MULTITASK_EFFECT_RIDGE_BALANCED,TASK_CONDITIONED_DIAGNOSTIC,1.0
PRIMARY_TRUSTED_0068,V5DEVE2_022,0,COMPETITIVE,E2,2,4,TG10_MULTITASK_EFFECT_RIDGE_BALANCED,TASK_CONDITIONED_DIAGNOSTIC,1.0
PRIMARY_TRUSTED_0069,V5DEVE2_027,1,STATUS,E2,2,4,TG10_MULTITASK_EFFECT_RIDGE_BALANCED,TASK_CONDITIONED_DIAGNOSTIC,1.0
PRIMARY_TRUSTED_0075,V5DEVE2_106,1,COMPETITIVE,E2,2,4,TG10_MULTITASK_EFFECT_RIDGE_BALANCED,TASK_CONDITIONED_DIAGNOSTIC,0.0
PRIMARY_TRUSTED_0080,V5DEVE2_160,1,STATUS,E2,2,4,TG10_MULTITASK_EFFECT_RIDGE_BALANCED,TASK_CONDITIONED_DIAGNOSTIC,1.0
PRIMARY_TRUSTED_0107,V5DEV_020,0,COMPETITIVE,ORIGINAL,2,4,TG10_MULTITASK_EFFECT_RIDGE_BALANCED,TASK_CONDITIONED_DIAGNOSTIC,1.0
PRIMARY_TRUSTED_0118,V5DEV_025,0,COMPETITIVE,ORIGINAL,2,4,TG10_MULTITASK_EFFECT_RIDGE_BALANCED,TASK_CONDITIONED_DIAGNOSTIC,0.0
PRIMARY_TRUSTED_0119,V5DEV_025,0,COMPETITIVE,ORIGINAL,2,4,TG10_MULTITASK_EFFECT_RIDGE_BALANCED,TASK_CONDITIONED_DIAGNOSTIC,0.0
PRIMARY_TRUSTED_0120,V5DEV_025,0,COMPETITIVE,ORIGINAL,2,4,TG10_MULTITASK_EFFECT_RIDGE_BALANCED,TASK_CONDITIONED_DIAGNOSTIC,0.0
PRIMARY_TRUSTED_0121,V5DEV_025,1,COMPETITIVE,ORIGINAL,2,4,TG10_MULTITASK_EFFECT_RIDGE_BALANCED,TASK_CONDITIONED_DIAGNOSTIC,1.0
PRIMARY_TRUSTED_0122,V5DEV_025,1,COMPETITIVE,ORIGINAL,2,4,TG10_MULTITASK_EFFECT_RIDGE_BALANCED,TASK_CONDITIONED_DIAGNOSTIC,1.0
PRIMARY_TRUSTED_0123,V5DEV_026,1,COMPETITIVE,ORIGINAL,2,4,TG10_MULTITASK_EFFECT_RIDGE_BALANCED,TASK_CONDITIONED_DIAGNOSTIC,1.0
PRIMARY_TRUSTED_0124,V5DEV_026,1,COMPETITIVE,ORIGINAL,2,4,TG10_MULTITASK_EFFECT_RIDGE_BALANCED,TASK_CONDITIONED_DIAGNOSTIC,0.0
PRIMARY_TRUSTED_0125,V5DEV_026,1,COMPETITIVE,ORIGINAL,2,4,TG10_MULTITASK_EFFECT_RIDGE_BALANCED,TASK_CONDITIONED_DIAGNOSTIC,1.0
PRIMARY_TRUSTED_0126,V5DEV_028,1,COMPETITIVE,ORIGINAL,2,4,TG10_MULTITASK_EFFECT_RIDGE_BALANCED,TASK_CONDITIONED_DIAGNOSTIC,1.0
PRIMARY_TRUSTED_0127,V5DEV_028,1,COMPETITIVE,ORIGINAL,2,4,TG10_MULTITASK_EFFECT_RIDGE_BALANCED,TASK_CONDITIONED_DIAGNOSTIC,1.0
PRIMARY_TRUSTED_0152,V5DEV_038,0,COMPETITIVE,ORIGINAL,2,4,TG10_MULTITASK_EFFECT_RIDGE_BALANCED,TASK_CONDITIONED_DIAGNOSTIC,1.0
PRIMARY_TRUSTED_0153,V5DEV_038,0,COMPETITIVE,ORIGINAL,2,4,TG10_MULTITASK_EFFECT_RIDGE_BALANCED,TASK_CONDITIONED_DIAGNOSTIC,1.0
PRIMARY_TRUSTED_0154,V5DEV_038,1,COMPETITIVE,ORIGINAL,2,4,TG10_MULTITASK_EFFECT_RIDGE_BALANCED,TASK_CONDITIONED_DIAGNOSTIC,1.0
PRIMARY_TRUSTED_0155,V5DEV_038,0,COMPETITIVE,ORIGINAL,2,4,TG10_MULTITASK_EFFECT_RIDGE_BALANCED,TASK_CONDITIONED_DIAGNOSTIC,0.0
PRIMARY_TRUSTED_0159,V5DEV_040,0,COMPETITIVE,ORIGINAL,2,4,TG10_MULTITASK_EFFECT_RIDGE_BALANCED,TASK_CONDITIONED_DIAGNOSTIC,1.0
PRIMARY_TRUSTED_0169,V5DEV_106,1,STATUS,ORIGINAL,2,4,TG10_MULTITASK_EFFECT_RIDGE_BALANCED,TASK_CONDITIONED_DIAGNOSTIC,0.0
PRIMARY_TRUSTED_0175,V5DEV_114,1,STATUS,ORIGINAL,2,4,TG10_MULTITASK_EFFECT_RIDGE_BALANCED,TASK_CONDITIONED_DIAGNOSTIC,1.0
PRIMARY_TRUSTED_0176,V5DEV_114,1,STATUS,ORIGINAL,2,4,TG10_MULTITASK_EFFECT_RIDGE_BALANCED,TASK_CONDITIONED_DIAGNOSTIC,1.0
PRIMARY_TRUSTED_0183,V5DEV_126,1,STATUS,ORIGINAL,2,4,TG10_MULTITASK_EFFECT_RIDGE_BALANCED,TASK_CONDITIONED_DIAGNOSTIC,0.0
PRIMARY_TRUSTED_0184,V5DEV_126,1,STATUS,ORIGINAL,2,4,TG10_MULTITASK_EFFECT_RIDGE_BALANCED,TASK_CONDITIONED_DIAGNOSTIC,0.0
PRIMARY_TRUSTED_0185,V5DEV_134,1,STATUS,ORIGINAL,2,4,TG10_MULTITASK_EFFECT_RIDGE_BALANCED,TASK_CONDITIONED_DIAGNOSTIC,0.0
PRIMARY_TRUSTED_0005,V5DEVX_008,1,PROJECT,E1,3,0,TG10_SHARED_RIDGE_BALANCED,GENERAL,0.0
PRIMARY_TRUSTED_0006,V5DEVX_008,0,PROJECT,E1,3,0,TG10_SHARED_RIDGE_BALANCED,GENERAL,0.0
PRIMARY_TRUSTED_0030,V5DEVX_089,1,COMPETITIVE,E1,3,0,TG10_SHARED_RIDGE_BALANCED,GENERAL,0.0
PRIMARY_TRUSTED_0031,V5DEVX_089,0,COMPETITIVE,E1,3,0,TG10_SHARED_RIDGE_BALANCED,GENERAL,1.0
PRIMARY_TRUSTED_0032,V5DEVX_089,1,COMPETITIVE,E1,3,0,TG10_SHARED_RIDGE_BALANCED,GENERAL,1.0
PRIMARY_TRUSTED_0033,V5DEVX_103,0,COMPETITIVE,E1,3,0,TG10_SHARED_RIDGE_BALANCED,GENERAL,0.0
PRIMARY_TRUSTED_0035,V5DEVX_108,1,STATUS,E1,3,0,TG10_SHARED_RIDGE_BALANCED,GENERAL,1.0
PRIMARY_TRUSTED_0040,V5DEVX_131,0,STATUS,E1,3,0,TG10_SHARED_RIDGE_BALANCED,GENERAL,1.0
PRIMARY_TRUSTED_0041,V5DEVX_131,1,STATUS,E1,3,0,TG10_SHARED_RIDGE_BALANCED,GENERAL,1.0
PRIMARY_TRUSTED_0042,V5DEVX_131,0,STATUS,E1,3,0,TG10_SHARED_RIDGE_BALANCED,GENERAL,1.0
PRIMARY_TRUSTED_0043,V5DEVX_131,1,STATUS,E1,3,0,TG10_SHARED_RIDGE_BALANCED,GENERAL,1.0
PRIMARY_TRUSTED_0060,V5DEVE2_003,1,STATUS,E2,3,0,TG10_SHARED_RIDGE_BALANCED,GENERAL,1.0
PRIMARY_TRUSTED_0067,V5DEVE2_022,1,COMPETITIVE,E2,3,0,TG10_SHARED_RIDGE_BALANCED,GENERAL,1.0
PRIMARY_TRUSTED_0068,V5DEVE2_022,0,COMPETITIVE,E2,3,0,TG10_SHARED_RIDGE_BALANCED,GENERAL,1.0
PRIMARY_TRUSTED_0074,V5DEVE2_083,1,COMPETITIVE,E2,3,0,TG10_SHARED_RIDGE_BALANCED,GENERAL,0.0
PRIMARY_TRUSTED_0080,V5DEVE2_160,1,STATUS,E2,3,0,TG10_SHARED_RIDGE_BALANCED,GENERAL,0.0
PRIMARY_TRUSTED_0090,V5DEV_008,0,COMPETITIVE,ORIGINAL,3,0,TG10_SHARED_RIDGE_BALANCED,GENERAL,1.0
PRIMARY_TRUSTED_0091,V5DEV_008,0,COMPETITIVE,ORIGINAL,3,0,TG10_SHARED_RIDGE_BALANCED,GENERAL,0.0
PRIMARY_TRUSTED_0092,V5DEV_009,1,COMPETITIVE,ORIGINAL,3,0,TG10_SHARED_RIDGE_BALANCED,GENERAL,0.0
PRIMARY_TRUSTED_0107,V5DEV_020,0,COMPETITIVE,ORIGINAL,3,0,TG10_SHARED_RIDGE_BALANCED,GENERAL,1.0
PRIMARY_TRUSTED_0109,V5DEV_023,1,COMPETITIVE,ORIGINAL,3,0,TG10_SHARED_RIDGE_BALANCED,GENERAL,0.0
PRIMARY_TRUSTED_0110,V5DEV_023,1,COMPETITIVE,ORIGINAL,3,0,TG10_SHARED_RIDGE_BALANCED,GENERAL,0.0
PRIMARY_TRUSTED_0111,V5DEV_023,1,COMPETITIVE,ORIGINAL,3,0,TG10_SHARED_RIDGE_BALANCED,GENERAL,0.0
PRIMARY_TRUSTED_0112,V5DEV_023,0,COMPETITIVE,ORIGINAL,3,0,TG10_SHARED_RIDGE_BALANCED,GENERAL,0.0
PRIMARY_TRUSTED_0113,V5DEV_023,0,COMPETITIVE,ORIGINAL,3,0,TG10_SHARED_RIDGE_BALANCED,GENERAL,0.0
PRIMARY_TRUSTED_0114,V5DEV_023,0,COMPETITIVE,ORIGINAL,3,0,TG10_SHARED_RIDGE_BALANCED,GENERAL,0.0
PRIMARY_TRUSTED_0115,V5DEV_023,1,COMPETITIVE,ORIGINAL,3,0,TG10_SHARED_RIDGE_BALANCED,GENERAL,0.0
PRIMARY_TRUSTED_0116,V5DEV_023,1,COMPETITIVE,ORIGINAL,3,0,TG10_SHARED_RIDGE_BALANCED,GENERAL,0.0
PRIMARY_TRUSTED_0126,V5DEV_028,1,COMPETITIVE,ORIGINAL,3,0,TG10_SHARED_RIDGE_BALANCED,GENERAL,1.0
PRIMARY_TRUSTED_0127,V5DEV_028,1,COMPETITIVE,ORIGINAL,3,0,TG10_SHARED_RIDGE_BALANCED,GENERAL,0.0
PRIMARY_TRUSTED_0137,V5DEV_031,1,COMPETITIVE,ORIGINAL,3,0,TG10_SHARED_RIDGE_BALANCED,GENERAL,0.0
PRIMARY_TRUSTED_0140,V5DEV_035,0,COMPETITIVE,ORIGINAL,3,0,TG10_SHARED_RIDGE_BALANCED,GENERAL,0.0
PRIMARY_TRUSTED_0141,V5DEV_035,0,COMPETITIVE,ORIGINAL,3,0,TG10_SHARED_RIDGE_BALANCED,GENERAL,1.0
PRIMARY_TRUSTED_0156,V5DEV_039,1,COMPETITIVE,ORIGINAL,3,0,TG10_SHARED_RIDGE_BALANCED,GENERAL,0.0
PRIMARY_TRUSTED_0157,V5DEV_039,1,COMPETITIVE,ORIGINAL,3,0,TG10_SHARED_RIDGE_BALANCED,GENERAL,1.0
PRIMARY_TRUSTED_0158,V5DEV_039,1,COMPETITIVE,ORIGINAL,3,0,TG10_SHARED_RIDGE_BALANCED,GENERAL,0.0
PRIMARY_TRUSTED_0180,V5DEV_118,0,STATUS,ORIGINAL,3,0,TG10_SHARED_RIDGE_BALANCED,GENERAL,0.0
PRIMARY_TRUSTED_0185,V5DEV_134,1,STATUS,ORIGINAL,3,0,TG10_SHARED_RIDGE_BALANCED,GENERAL,1.0
PRIMARY_TRUSTED_0005,V5DEVX_008,1,PROJECT,E1,3,0,TG10_MULTITASK_EFFECT_RIDGE_BALANCED,GENERAL,1.0
PRIMARY_TRUSTED_0006,V5DEVX_008,0,PROJECT,E1,3,0,TG10_MULTITASK_EFFECT_RIDGE_BALANCED,GENERAL,1.0
PRIMARY_TRUSTED_0030,V5DEVX_089,1,COMPETITIVE,E1,3,0,TG10_MULTITASK_EFFECT_RIDGE_BALANCED,GENERAL,1.0
PRIMARY_TRUSTED_0031,V5DEVX_089,0,COMPETITIVE,E1,3,0,TG10_MULTITASK_EFFECT_RIDGE_BALANCED,GENERAL,1.0
PRIMARY_TRUSTED_0032,V5DEVX_089,1,COMPETITIVE,E1,3,0,TG10_MULTITASK_EFFECT_RIDGE_BALANCED,GENERAL,1.0
PRIMARY_TRUSTED_0033,V5DEVX_103,0,COMPETITIVE,E1,3,0,TG10_MULTITASK_EFFECT_RIDGE_BALANCED,GENERAL,1.0
PRIMARY_TRUSTED_0035,V5DEVX_108,1,STATUS,E1,3,0,TG10_MULTITASK_EFFECT_RIDGE_BALANCED,GENERAL,1.0
PRIMARY_TRUSTED_0040,V5DEVX_131,0,STATUS,E1,3,0,TG10_MULTITASK_EFFECT_RIDGE_BALANCED,GENERAL,0.0
PRIMARY_TRUSTED_0041,V5DEVX_131,1,STATUS,E1,3,0,TG10_MULTITASK_EFFECT_RIDGE_BALANCED,GENERAL,1.0
PRIMARY_TRUSTED_0042,V5DEVX_131,0,STATUS,E1,3,0,TG10_MULTITASK_EFFECT_RIDGE_BALANCED,GENERAL,1.0
PRIMARY_TRUSTED_0043,V5DEVX_131,1,STATUS,E1,3,0,TG10_MULTITASK_EFFECT_RIDGE_BALANCED,GENERAL,1.0
PRIMARY_TRUSTED_0060,V5DEVE2_003,1,STATUS,E2,3,0,TG10_MULTITASK_EFFECT_RIDGE_BALANCED,GENERAL,1.0
PRIMARY_TRUSTED_0067,V5DEVE2_022,1,COMPETITIVE,E2,3,0,TG10_MULTITASK_EFFECT_RIDGE_BALANCED,GENERAL,1.0
PRIMARY_TRUSTED_0068,V5DEVE2_022,0,COMPETITIVE,E2,3,0,TG10_MULTITASK_EFFECT_RIDGE_BALANCED,GENERAL,1.0
PRIMARY_TRUSTED_0074,V5DEVE2_083,1,COMPETITIVE,E2,3,0,TG10_MULTITASK_EFFECT_RIDGE_BALANCED,GENERAL,0.0
PRIMARY_TRUSTED_0080,V5DEVE2_160,1,STATUS,E2,3,0,TG10_MULTITASK_EFFECT_RIDGE_BALANCED,GENERAL,1.0
PRIMARY_TRUSTED_0090,V5DEV_008,0,COMPETITIVE,ORIGINAL,3,0,TG10_MULTITASK_EFFECT_RIDGE_BALANCED,GENERAL,1.0
PRIMARY_TRUSTED_0091,V5DEV_008,0,COMPETITIVE,ORIGINAL,3,0,TG10_MULTITASK_EFFECT_RIDGE_BALANCED,GENERAL,1.0
PRIMARY_TRUSTED_0092,V5DEV_009,1,COMPETITIVE,ORIGINAL,3,0,TG10_MULTITASK_EFFECT_RIDGE_BALANCED,GENERAL,0.0
PRIMARY_TRUSTED_0107,V5DEV_020,0,COMPETITIVE,ORIGINAL,3,0,TG10_MULTITASK_EFFECT_RIDGE_BALANCED,GENERAL,1.0
PRIMARY_TRUSTED_0109,V5DEV_023,1,COMPETITIVE,ORIGINAL,3,0,TG10_MULTITASK_EFFECT_RIDGE_BALANCED,GENERAL,1.0
PRIMARY_TRUSTED_0110,V5DEV_023,1,COMPETITIVE,ORIGINAL,3,0,TG10_MULTITASK_EFFECT_RIDGE_BALANCED,GENERAL,1.0
PRIMARY_TRUSTED_0111,V5DEV_023,1,COMPETITIVE,ORIGINAL,3,0,TG10_MULTITASK_EFFECT_RIDGE_BALANCED,GENERAL,0.0
PRIMARY_TRUSTED_0112,V5DEV_023,0,COMPETITIVE,ORIGINAL,3,0,TG10_MULTITASK_EFFECT_RIDGE_BALANCED,GENERAL,0.0
PRIMARY_TRUSTED_0113,V5DEV_023,0,COMPETITIVE,ORIGINAL,3,0,TG10_MULTITASK_EFFECT_RIDGE_BALANCED,GENERAL,1.0
PRIMARY_TRUSTED_0114,V5DEV_023,0,COMPETITIVE,ORIGINAL,3,0,TG10_MULTITASK_EFFECT_RIDGE_BALANCED,GENERAL,1.0
PRIMARY_TRUSTED_0115,V5DEV_023,1,COMPETITIVE,ORIGINAL,3,0,TG10_MULTITASK_EFFECT_RIDGE_BALANCED,GENERAL,0.0
PRIMARY_TRUSTED_0116,V5DEV_023,1,COMPETITIVE,ORIGINAL,3,0,TG10_MULTITASK_EFFECT_RIDGE_BALANCED,GENERAL,1.0
PRIMARY_TRUSTED_0126,V5DEV_028,1,COMPETITIVE,ORIGINAL,3,0,TG10_MULTITASK_EFFECT_RIDGE_BALANCED,GENERAL,1.0
PRIMARY_TRUSTED_0127,V5DEV_028,1,COMPETITIVE,ORIGINAL,3,0,TG10_MULTITASK_EFFECT_RIDGE_BALANCED,GENERAL,1.0
PRIMARY_TRUSTED_0137,V5DEV_031,1,COMPETITIVE,ORIGINAL,3,0,TG10_MULTITASK_EFFECT_RIDGE_BALANCED,GENERAL,1.0
PRIMARY_TRUSTED_0140,V5DEV_035,0,COMPETITIVE,ORIGINAL,3,0,TG10_MULTITASK_EFFECT_RIDGE_BALANCED,GENERAL,0.0
PRIMARY_TRUSTED_0141,V5DEV_035,0,COMPETITIVE,ORIGINAL,3,0,TG10_MULTITASK_EFFECT_RIDGE_BALANCED,GENERAL,1.0
PRIMARY_TRUSTED_0156,V5DEV_039,1,COMPETITIVE,ORIGINAL,3,0,TG10_MULTITASK_EFFECT_RIDGE_BALANCED,GENERAL,0.0
PRIMARY_TRUSTED_0157,V5DEV_039,1,COMPETITIVE,ORIGINAL,3,0,TG10_MULTITASK_EFFECT_RIDGE_BALANCED,GENERAL,0.0
PRIMARY_TRUSTED_0158,V5DEV_039,1,COMPETITIVE,ORIGINAL,3,0,TG10_MULTITASK_EFFECT_RIDGE_BALANCED,GENERAL,0.0
PRIMARY_TRUSTED_0180,V5DEV_118,0,STATUS,ORIGINAL,3,0,TG10_MULTITASK_EFFECT_RIDGE_BALANCED,GENERAL,0.0
PRIMARY_TRUSTED_0185,V5DEV_134,1,STATUS,ORIGINAL,3,0,TG10_MULTITASK_EFFECT_RIDGE_BALANCED,GENERAL,0.0
PRIMARY_TRUSTED_0005,V5DEVX_008,1,PROJECT,E1,3,0,TG10_MULTITASK_EFFECT_RIDGE_BALANCED,TASK_CONDITIONED_DIAGNOSTIC,1.0
PRIMARY_TRUSTED_0006,V5DEVX_008,0,PROJECT,E1,3,0,TG10_MULTITASK_EFFECT_RIDGE_BALANCED,TASK_CONDITIONED_DIAGNOSTIC,1.0
PRIMARY_TRUSTED_0030,V5DEVX_089,1,COMPETITIVE,E1,3,0,TG10_MULTITASK_EFFECT_RIDGE_BALANCED,TASK_CONDITIONED_DIAGNOSTIC,1.0
PRIMARY_TRUSTED_0031,V5DEVX_089,0,COMPETITIVE,E1,3,0,TG10_MULTITASK_EFFECT_RIDGE_BALANCED,TASK_CONDITIONED_DIAGNOSTIC,1.0
PRIMARY_TRUSTED_0032,V5DEVX_089,1,COMPETITIVE,E1,3,0,TG10_MULTITASK_EFFECT_RIDGE_BALANCED,TASK_CONDITIONED_DIAGNOSTIC,1.0
PRIMARY_TRUSTED_0033,V5DEVX_103,0,COMPETITIVE,E1,3,0,TG10_MULTITASK_EFFECT_RIDGE_BALANCED,TASK_CONDITIONED_DIAGNOSTIC,0.0
PRIMARY_TRUSTED_0035,V5DEVX_108,1,STATUS,E1,3,0,TG10_MULTITASK_EFFECT_RIDGE_BALANCED,TASK_CONDITIONED_DIAGNOSTIC,0.0
PRIMARY_TRUSTED_0040,V5DEVX_131,0,STATUS,E1,3,0,TG10_MULTITASK_EFFECT_RIDGE_BALANCED,TASK_CONDITIONED_DIAGNOSTIC,1.0
PRIMARY_TRUSTED_0041,V5DEVX_131,1,STATUS,E1,3,0,TG10_MULTITASK_EFFECT_RIDGE_BALANCED,TASK_CONDITIONED_DIAGNOSTIC,1.0
PRIMARY_TRUSTED_0042,V5DEVX_131,0,STATUS,E1,3,0,TG10_MULTITASK_EFFECT_RIDGE_BALANCED,TASK_CONDITIONED_DIAGNOSTIC,1.0
PRIMARY_TRUSTED_0043,V5DEVX_131,1,STATUS,E1,3,0,TG10_MULTITASK_EFFECT_RIDGE_BALANCED,TASK_CONDITIONED_DIAGNOSTIC,1.0
PRIMARY_TRUSTED_0060,V5DEVE2_003,1,STATUS,E2,3,0,TG10_MULTITASK_EFFECT_RIDGE_BALANCED,TASK_CONDITIONED_DIAGNOSTIC,1.0
PRIMARY_TRUSTED_0067,V5DEVE2_022,1,COMPETITIVE,E2,3,0,TG10_MULTITASK_EFFECT_RIDGE_BALANCED,TASK_CONDITIONED_DIAGNOSTIC,1.0
PRIMARY_TRUSTED_0068,V5DEVE2_022,0,COMPETITIVE,E2,3,0,TG10_MULTITASK_EFFECT_RIDGE_BALANCED,TASK_CONDITIONED_DIAGNOSTIC,0.0
PRIMARY_TRUSTED_0074,V5DEVE2_083,1,COMPETITIVE,E2,3,0,TG10_MULTITASK_EFFECT_RIDGE_BALANCED,TASK_CONDITIONED_DIAGNOSTIC,0.0
PRIMARY_TRUSTED_0080,V5DEVE2_160,1,STATUS,E2,3,0,TG10_MULTITASK_EFFECT_RIDGE_BALANCED,TASK_CONDITIONED_DIAGNOSTIC,1.0
PRIMARY_TRUSTED_0090,V5DEV_008,0,COMPETITIVE,ORIGINAL,3,0,TG10_MULTITASK_EFFECT_RIDGE_BALANCED,TASK_CONDITIONED_DIAGNOSTIC,1.0
PRIMARY_TRUSTED_0091,V5DEV_008,0,COMPETITIVE,ORIGINAL,3,0,TG10_MULTITASK_EFFECT_RIDGE_BALANCED,TASK_CONDITIONED_DIAGNOSTIC,0.0
PRIMARY_TRUSTED_0092,V5DEV_009,1,COMPETITIVE,ORIGINAL,3,0,TG10_MULTITASK_EFFECT_RIDGE_BALANCED,TASK_CONDITIONED_DIAGNOSTIC,0.0
PRIMARY_TRUSTED_0107,V5DEV_020,0,COMPETITIVE,ORIGINAL,3,0,TG10_MULTITASK_EFFECT_RIDGE_BALANCED,TASK_CONDITIONED_DIAGNOSTIC,1.0
PRIMARY_TRUSTED_0109,V5DEV_023,1,COMPETITIVE,ORIGINAL,3,0,TG10_MULTITASK_EFFECT_RIDGE_BALANCED,TASK_CONDITIONED_DIAGNOSTIC,0.0
PRIMARY_TRUSTED_0110,V5DEV_023,1,COMPETITIVE,ORIGINAL,3,0,TG10_MULTITASK_EFFECT_RIDGE_BALANCED,TASK_CONDITIONED_DIAGNOSTIC,1.0
PRIMARY_TRUSTED_0111,V5DEV_023,1,COMPETITIVE,ORIGINAL,3,0,TG10_MULTITASK_EFFECT_RIDGE_BALANCED,TASK_CONDITIONED_DIAGNOSTIC,0.0
PRIMARY_TRUSTED_0112,V5DEV_023,0,COMPETITIVE,ORIGINAL,3,0,TG10_MULTITASK_EFFECT_RIDGE_BALANCED,TASK_CONDITIONED_DIAGNOSTIC,0.0
PRIMARY_TRUSTED_0113,V5DEV_023,0,COMPETITIVE,ORIGINAL,3,0,TG10_MULTITASK_EFFECT_RIDGE_BALANCED,TASK_CONDITIONED_DIAGNOSTIC,1.0
PRIMARY_TRUSTED_0114,V5DEV_023,0,COMPETITIVE,ORIGINAL,3,0,TG10_MULTITASK_EFFECT_RIDGE_BALANCED,TASK_CONDITIONED_DIAGNOSTIC,1.0
PRIMARY_TRUSTED_0115,V5DEV_023,1,COMPETITIVE,ORIGINAL,3,0,TG10_MULTITASK_EFFECT_RIDGE_BALANCED,TASK_CONDITIONED_DIAGNOSTIC,0.0
PRIMARY_TRUSTED_0116,V5DEV_023,1,COMPETITIVE,ORIGINAL,3,0,TG10_MULTITASK_EFFECT_RIDGE_BALANCED,TASK_CONDITIONED_DIAGNOSTIC,1.0
PRIMARY_TRUSTED_0126,V5DEV_028,1,COMPETITIVE,ORIGINAL,3,0,TG10_MULTITASK_EFFECT_RIDGE_BALANCED,TASK_CONDITIONED_DIAGNOSTIC,1.0
PRIMARY_TRUSTED_0127,V5DEV_028,1,COMPETITIVE,ORIGINAL,3,0,TG10_MULTITASK_EFFECT_RIDGE_BALANCED,TASK_CONDITIONED_DIAGNOSTIC,1.0
PRIMARY_TRUSTED_0137,V5DEV_031,1,COMPETITIVE,ORIGINAL,3,0,TG10_MULTITASK_EFFECT_RIDGE_BALANCED,TASK_CONDITIONED_DIAGNOSTIC,0.0
PRIMARY_TRUSTED_0140,V5DEV_035,0,COMPETITIVE,ORIGINAL,3,0,TG10_MULTITASK_EFFECT_RIDGE_BALANCED,TASK_CONDITIONED_DIAGNOSTIC,0.0
PRIMARY_TRUSTED_0141,V5DEV_035,0,COMPETITIVE,ORIGINAL,3,0,TG10_MULTITASK_EFFECT_RIDGE_BALANCED,TASK_CONDITIONED_DIAGNOSTIC,1.0
PRIMARY_TRUSTED_0156,V5DEV_039,1,COMPETITIVE,ORIGINAL,3,0,TG10_MULTITASK_EFFECT_RIDGE_BALANCED,TASK_CONDITIONED_DIAGNOSTIC,1.0
PRIMARY_TRUSTED_0157,V5DEV_039,1,COMPETITIVE,ORIGINAL,3,0,TG10_MULTITASK_EFFECT_RIDGE_BALANCED,TASK_CONDITIONED_DIAGNOSTIC,1.0
PRIMARY_TRUSTED_0158,V5DEV_039,1,COMPETITIVE,ORIGINAL,3,0,TG10_MULTITASK_EFFECT_RIDGE_BALANCED,TASK_CONDITIONED_DIAGNOSTIC,0.0
PRIMARY_TRUSTED_0180,V5DEV_118,0,STATUS,ORIGINAL,3,0,TG10_MULTITASK_EFFECT_RIDGE_BALANCED,TASK_CONDITIONED_DIAGNOSTIC,0.0
PRIMARY_TRUSTED_0185,V5DEV_134,1,STATUS,ORIGINAL,3,0,TG10_MULTITASK_EFFECT_RIDGE_BALANCED,TASK_CONDITIONED_DIAGNOSTIC,0.0
PRIMARY_TRUSTED_0011,V5DEVX_017,1,STATUS,E1,3,1,TG10_SHARED_RIDGE_BALANCED,GENERAL,0.0
PRIMARY_TRUSTED_0018,V5DEVX_046,1,COMPETITIVE,E1,3,1,TG10_SHARED_RIDGE_BALANCED,GENERAL,0.0
PRIMARY_TRUSTED_0019,V5DEVX_046,1,COMPETITIVE,E1,3,1,TG10_SHARED_RIDGE_BALANCED,GENERAL,0.0
PRIMARY_TRUSTED_0025,V5DEVX_050,1,PROJECT,E1,3,1,TG10_SHARED_RIDGE_BALANCED,GENERAL,1.0
PRIMARY_TRUSTED_0044,V5DEVX_132,1,COMPETITIVE,E1,3,1,TG10_SHARED_RIDGE_BALANCED,GENERAL,1.0
PRIMARY_TRUSTED_0045,V5DEVX_132,1,COMPETITIVE,E1,3,1,TG10_SHARED_RIDGE_BALANCED,GENERAL,0.0
PRIMARY_TRUSTED_0046,V5DEVX_132,0,COMPETITIVE,E1,3,1,TG10_SHARED_RIDGE_BALANCED,GENERAL,0.0
PRIMARY_TRUSTED_0047,V5DEVX_142,0,COMPETITIVE,E1,3,1,TG10_SHARED_RIDGE_BALANCED,GENERAL,1.0
PRIMARY_TRUSTED_0049,V5DEVX_148,0,COMPETITIVE,E1,3,1,TG10_SHARED_RIDGE_BALANCED,GENERAL,0.0
PRIMARY_TRUSTED_0050,V5DEVX_148,0,COMPETITIVE,E1,3,1,TG10_SHARED_RIDGE_BALANCED,GENERAL,0.0
PRIMARY_TRUSTED_0051,V5DEVX_148,1,COMPETITIVE,E1,3,1,TG10_SHARED_RIDGE_BALANCED,GENERAL,1.0
PRIMARY_TRUSTED_0061,V5DEVE2_007,1,COMPETITIVE,E2,3,1,TG10_SHARED_RIDGE_BALANCED,GENERAL,1.0
PRIMARY_TRUSTED_0062,V5DEVE2_007,1,COMPETITIVE,E2,3,1,TG10_SHARED_RIDGE_BALANCED,GENERAL,1.0
PRIMARY_TRUSTED_0069,V5DEVE2_027,1,STATUS,E2,3,1,TG10_SHARED_RIDGE_BALANCED,GENERAL,1.0
PRIMARY_TRUSTED_0071,V5DEVE2_042,1,STATUS,E2,3,1,TG10_SHARED_RIDGE_BALANCED,GENERAL,1.0
PRIMARY_TRUSTED_0083,V5DEV_003,0,COMPETITIVE,ORIGINAL,3,1,TG10_SHARED_RIDGE_BALANCED,GENERAL,0.0
PRIMARY_TRUSTED_0093,V5DEV_010,0,COMPETITIVE,ORIGINAL,3,1,TG10_SHARED_RIDGE_BALANCED,GENERAL,0.0
PRIMARY_TRUSTED_0098,V5DEV_013,1,COMPETITIVE,ORIGINAL,3,1,TG10_SHARED_RIDGE_BALANCED,GENERAL,1.0
PRIMARY_TRUSTED_0099,V5DEV_013,0,COMPETITIVE,ORIGINAL,3,1,TG10_SHARED_RIDGE_BALANCED,GENERAL,1.0
PRIMARY_TRUSTED_0130,V5DEV_030,0,COMPETITIVE,ORIGINAL,3,1,TG10_SHARED_RIDGE_BALANCED,GENERAL,0.0
PRIMARY_TRUSTED_0131,V5DEV_030,0,COMPETITIVE,ORIGINAL,3,1,TG10_SHARED_RIDGE_BALANCED,GENERAL,0.0
PRIMARY_TRUSTED_0132,V5DEV_030,0,COMPETITIVE,ORIGINAL,3,1,TG10_SHARED_RIDGE_BALANCED,GENERAL,0.0
PRIMARY_TRUSTED_0133,V5DEV_030,1,COMPETITIVE,ORIGINAL,3,1,TG10_SHARED_RIDGE_BALANCED,GENERAL,0.0
PRIMARY_TRUSTED_0134,V5DEV_030,1,COMPETITIVE,ORIGINAL,3,1,TG10_SHARED_RIDGE_BALANCED,GENERAL,0.0
PRIMARY_TRUSTED_0135,V5DEV_030,1,COMPETITIVE,ORIGINAL,3,1,TG10_SHARED_RIDGE_BALANCED,GENERAL,0.0
PRIMARY_TRUSTED_0136,V5DEV_030,1,COMPETITIVE,ORIGINAL,3,1,TG10_SHARED_RIDGE_BALANCED,GENERAL,0.0
PRIMARY_TRUSTED_0152,V5DEV_038,0,COMPETITIVE,ORIGINAL,3,1,TG10_SHARED_RIDGE_BALANCED,GENERAL,1.0
PRIMARY_TRUSTED_0153,V5DEV_038,0,COMPETITIVE,ORIGINAL,3,1,TG10_SHARED_RIDGE_BALANCED,GENERAL,1.0
PRIMARY_TRUSTED_0154,V5DEV_038,1,COMPETITIVE,ORIGINAL,3,1,TG10_SHARED_RIDGE_BALANCED,GENERAL,1.0
PRIMARY_TRUSTED_0155,V5DEV_038,0,COMPETITIVE,ORIGINAL,3,1,TG10_SHARED_RIDGE_BALANCED,GENERAL,0.0
PRIMARY_TRUSTED_0163,V5DEV_079,1,PROJECT,ORIGINAL,3,1,TG10_SHARED_RIDGE_BALANCED,GENERAL,0.0
PRIMARY_TRUSTED_0183,V5DEV_126,1,STATUS,ORIGINAL,3,1,TG10_SHARED_RIDGE_BALANCED,GENERAL,1.0
PRIMARY_TRUSTED_0184,V5DEV_126,1,STATUS,ORIGINAL,3,1,TG10_SHARED_RIDGE_BALANCED,GENERAL,0.0
PRIMARY_TRUSTED_0186,V5DEV_138,1,STATUS,ORIGINAL,3,1,TG10_SHARED_RIDGE_BALANCED,GENERAL,1.0
PRIMARY_TRUSTED_0187,V5DEV_138,0,STATUS,ORIGINAL,3,1,TG10_SHARED_RIDGE_BALANCED,GENERAL,1.0
PRIMARY_TRUSTED_0188,V5DEV_150,1,STATUS,ORIGINAL,3,1,TG10_SHARED_RIDGE_BALANCED,GENERAL,1.0
PRIMARY_TRUSTED_0189,V5DEV_152,1,STATUS,ORIGINAL,3,1,TG10_SHARED_RIDGE_BALANCED,GENERAL,0.0
PRIMARY_TRUSTED_0190,V5DEV_155,1,STATUS,ORIGINAL,3,1,TG10_SHARED_RIDGE_BALANCED,GENERAL,1.0
PRIMARY_TRUSTED_0011,V5DEVX_017,1,STATUS,E1,3,1,TG10_MULTITASK_EFFECT_RIDGE_BALANCED,GENERAL,0.0
PRIMARY_TRUSTED_0018,V5DEVX_046,1,COMPETITIVE,E1,3,1,TG10_MULTITASK_EFFECT_RIDGE_BALANCED,GENERAL,0.0
PRIMARY_TRUSTED_0019,V5DEVX_046,1,COMPETITIVE,E1,3,1,TG10_MULTITASK_EFFECT_RIDGE_BALANCED,GENERAL,0.0
PRIMARY_TRUSTED_0025,V5DEVX_050,1,PROJECT,E1,3,1,TG10_MULTITASK_EFFECT_RIDGE_BALANCED,GENERAL,1.0
PRIMARY_TRUSTED_0044,V5DEVX_132,1,COMPETITIVE,E1,3,1,TG10_MULTITASK_EFFECT_RIDGE_BALANCED,GENERAL,0.0
PRIMARY_TRUSTED_0045,V5DEVX_132,1,COMPETITIVE,E1,3,1,TG10_MULTITASK_EFFECT_RIDGE_BALANCED,GENERAL,0.0
PRIMARY_TRUSTED_0046,V5DEVX_132,0,COMPETITIVE,E1,3,1,TG10_MULTITASK_EFFECT_RIDGE_BALANCED,GENERAL,0.0
PRIMARY_TRUSTED_0047,V5DEVX_142,0,COMPETITIVE,E1,3,1,TG10_MULTITASK_EFFECT_RIDGE_BALANCED,GENERAL,1.0
PRIMARY_TRUSTED_0049,V5DEVX_148,0,COMPETITIVE,E1,3,1,TG10_MULTITASK_EFFECT_RIDGE_BALANCED,GENERAL,1.0
PRIMARY_TRUSTED_0050,V5DEVX_148,0,COMPETITIVE,E1,3,1,TG10_MULTITASK_EFFECT_RIDGE_BALANCED,GENERAL,1.0
PRIMARY_TRUSTED_0051,V5DEVX_148,1,COMPETITIVE,E1,3,1,TG10_MULTITASK_EFFECT_RIDGE_BALANCED,GENERAL,1.0
PRIMARY_TRUSTED_0061,V5DEVE2_007,1,COMPETITIVE,E2,3,1,TG10_MULTITASK_EFFECT_RIDGE_BALANCED,GENERAL,1.0
PRIMARY_TRUSTED_0062,V5DEVE2_007,1,COMPETITIVE,E2,3,1,TG10_MULTITASK_EFFECT_RIDGE_BALANCED,GENERAL,1.0
PRIMARY_TRUSTED_0069,V5DEVE2_027,1,STATUS,E2,3,1,TG10_MULTITASK_EFFECT_RIDGE_BALANCED,GENERAL,1.0
PRIMARY_TRUSTED_0071,V5DEVE2_042,1,STATUS,E2,3,1,TG10_MULTITASK_EFFECT_RIDGE_BALANCED,GENERAL,1.0
PRIMARY_TRUSTED_0083,V5DEV_003,0,COMPETITIVE,ORIGINAL,3,1,TG10_MULTITASK_EFFECT_RIDGE_BALANCED,GENERAL,0.0
PRIMARY_TRUSTED_0093,V5DEV_010,0,COMPETITIVE,ORIGINAL,3,1,TG10_MULTITASK_EFFECT_RIDGE_BALANCED,GENERAL,0.0
PRIMARY_TRUSTED_0098,V5DEV_013,1,COMPETITIVE,ORIGINAL,3,1,TG10_MULTITASK_EFFECT_RIDGE_BALANCED,GENERAL,1.0
PRIMARY_TRUSTED_0099,V5DEV_013,0,COMPETITIVE,ORIGINAL,3,1,TG10_MULTITASK_EFFECT_RIDGE_BALANCED,GENERAL,1.0
PRIMARY_TRUSTED_0130,V5DEV_030,0,COMPETITIVE,ORIGINAL,3,1,TG10_MULTITASK_EFFECT_RIDGE_BALANCED,GENERAL,1.0
PRIMARY_TRUSTED_0131,V5DEV_030,0,COMPETITIVE,ORIGINAL,3,1,TG10_MULTITASK_EFFECT_RIDGE_BALANCED,GENERAL,0.0
PRIMARY_TRUSTED_0132,V5DEV_030,0,COMPETITIVE,ORIGINAL,3,1,TG10_MULTITASK_EFFECT_RIDGE_BALANCED,GENERAL,0.0
PRIMARY_TRUSTED_0133,V5DEV_030,1,COMPETITIVE,ORIGINAL,3,1,TG10_MULTITASK_EFFECT_RIDGE_BALANCED,GENERAL,1.0
PRIMARY_TRUSTED_0134,V5DEV_030,1,COMPETITIVE,ORIGINAL,3,1,TG10_MULTITASK_EFFECT_RIDGE_BALANCED,GENERAL,1.0
PRIMARY_TRUSTED_0135,V5DEV_030,1,COMPETITIVE,ORIGINAL,3,1,TG10_MULTITASK_EFFECT_RIDGE_BALANCED,GENERAL,0.0
PRIMARY_TRUSTED_0136,V5DEV_030,1,COMPETITIVE,ORIGINAL,3,1,TG10_MULTITASK_EFFECT_RIDGE_BALANCED,GENERAL,1.0
PRIMARY_TRUSTED_0152,V5DEV_038,0,COMPETITIVE,ORIGINAL,3,1,TG10_MULTITASK_EFFECT_RIDGE_BALANCED,GENERAL,1.0
PRIMARY_TRUSTED_0153,V5DEV_038,0,COMPETITIVE,ORIGINAL,3,1,TG10_MULTITASK_EFFECT_RIDGE_BALANCED,GENERAL,1.0
PRIMARY_TRUSTED_0154,V5DEV_038,1,COMPETITIVE,ORIGINAL,3,1,TG10_MULTITASK_EFFECT_RIDGE_BALANCED,GENERAL,1.0
PRIMARY_TRUSTED_0155,V5DEV_038,0,COMPETITIVE,ORIGINAL,3,1,TG10_MULTITASK_EFFECT_RIDGE_BALANCED,GENERAL,1.0
PRIMARY_TRUSTED_0163,V5DEV_079,1,PROJECT,ORIGINAL,3,1,TG10_MULTITASK_EFFECT_RIDGE_BALANCED,GENERAL,1.0
PRIMARY_TRUSTED_0183,V5DEV_126,1,STATUS,ORIGINAL,3,1,TG10_MULTITASK_EFFECT_RIDGE_BALANCED,GENERAL,1.0
PRIMARY_TRUSTED_0184,V5DEV_126,1,STATUS,ORIGINAL,3,1,TG10_MULTITASK_EFFECT_RIDGE_BALANCED,GENERAL,0.0
PRIMARY_TRUSTED_0186,V5DEV_138,1,STATUS,ORIGINAL,3,1,TG10_MULTITASK_EFFECT_RIDGE_BALANCED,GENERAL,1.0
PRIMARY_TRUSTED_0187,V5DEV_138,0,STATUS,ORIGINAL,3,1,TG10_MULTITASK_EFFECT_RIDGE_BALANCED,GENERAL,1.0
PRIMARY_TRUSTED_0188,V5DEV_150,1,STATUS,ORIGINAL,3,1,TG10_MULTITASK_EFFECT_RIDGE_BALANCED,GENERAL,1.0
PRIMARY_TRUSTED_0189,V5DEV_152,1,STATUS,ORIGINAL,3,1,TG10_MULTITASK_EFFECT_RIDGE_BALANCED,GENERAL,1.0
PRIMARY_TRUSTED_0190,V5DEV_155,1,STATUS,ORIGINAL,3,1,TG10_MULTITASK_EFFECT_RIDGE_BALANCED,GENERAL,1.0
PRIMARY_TRUSTED_0011,V5DEVX_017,1,STATUS,E1,3,1,TG10_MULTITASK_EFFECT_RIDGE_BALANCED,TASK_CONDITIONED_DIAGNOSTIC,1.0
PRIMARY_TRUSTED_0018,V5DEVX_046,1,COMPETITIVE,E1,3,1,TG10_MULTITASK_EFFECT_RIDGE_BALANCED,TASK_CONDITIONED_DIAGNOSTIC,0.0
PRIMARY_TRUSTED_0019,V5DEVX_046,1,COMPETITIVE,E1,3,1,TG10_MULTITASK_EFFECT_RIDGE_BALANCED,TASK_CONDITIONED_DIAGNOSTIC,0.0
PRIMARY_TRUSTED_0025,V5DEVX_050,1,PROJECT,E1,3,1,TG10_MULTITASK_EFFECT_RIDGE_BALANCED,TASK_CONDITIONED_DIAGNOSTIC,0.0
PRIMARY_TRUSTED_0044,V5DEVX_132,1,COMPETITIVE,E1,3,1,TG10_MULTITASK_EFFECT_RIDGE_BALANCED,TASK_CONDITIONED_DIAGNOSTIC,1.0
PRIMARY_TRUSTED_0045,V5DEVX_132,1,COMPETITIVE,E1,3,1,TG10_MULTITASK_EFFECT_RIDGE_BALANCED,TASK_CONDITIONED_DIAGNOSTIC,1.0
PRIMARY_TRUSTED_0046,V5DEVX_132,0,COMPETITIVE,E1,3,1,TG10_MULTITASK_EFFECT_RIDGE_BALANCED,TASK_CONDITIONED_DIAGNOSTIC,1.0
PRIMARY_TRUSTED_0047,V5DEVX_142,0,COMPETITIVE,E1,3,1,TG10_MULTITASK_EFFECT_RIDGE_BALANCED,TASK_CONDITIONED_DIAGNOSTIC,1.0
PRIMARY_TRUSTED_0049,V5DEVX_148,0,COMPETITIVE,E1,3,1,TG10_MULTITASK_EFFECT_RIDGE_BALANCED,TASK_CONDITIONED_DIAGNOSTIC,1.0
PRIMARY_TRUSTED_0050,V5DEVX_148,0,COMPETITIVE,E1,3,1,TG10_MULTITASK_EFFECT_RIDGE_BALANCED,TASK_CONDITIONED_DIAGNOSTIC,1.0
PRIMARY_TRUSTED_0051,V5DEVX_148,1,COMPETITIVE,E1,3,1,TG10_MULTITASK_EFFECT_RIDGE_BALANCED,TASK_CONDITIONED_DIAGNOSTIC,1.0
PRIMARY_TRUSTED_0061,V5DEVE2_007,1,COMPETITIVE,E2,3,1,TG10_MULTITASK_EFFECT_RIDGE_BALANCED,TASK_CONDITIONED_DIAGNOSTIC,1.0
PRIMARY_TRUSTED_0062,V5DEVE2_007,1,COMPETITIVE,E2,3,1,TG10_MULTITASK_EFFECT_RIDGE_BALANCED,TASK_CONDITIONED_DIAGNOSTIC,0.0
PRIMARY_TRUSTED_0069,V5DEVE2_027,1,STATUS,E2,3,1,TG10_MULTITASK_EFFECT_RIDGE_BALANCED,TASK_CONDITIONED_DIAGNOSTIC,1.0
PRIMARY_TRUSTED_0071,V5DEVE2_042,1,STATUS,E2,3,1,TG10_MULTITASK_EFFECT_RIDGE_BALANCED,TASK_CONDITIONED_DIAGNOSTIC,1.0
PRIMARY_TRUSTED_0083,V5DEV_003,0,COMPETITIVE,ORIGINAL,3,1,TG10_MULTITASK_EFFECT_RIDGE_BALANCED,TASK_CONDITIONED_DIAGNOSTIC,1.0
PRIMARY_TRUSTED_0093,V5DEV_010,0,COMPETITIVE,ORIGINAL,3,1,TG10_MULTITASK_EFFECT_RIDGE_BALANCED,TASK_CONDITIONED_DIAGNOSTIC,0.0
PRIMARY_TRUSTED_0098,V5DEV_013,1,COMPETITIVE,ORIGINAL,3,1,TG10_MULTITASK_EFFECT_RIDGE_BALANCED,TASK_CONDITIONED_DIAGNOSTIC,1.0
PRIMARY_TRUSTED_0099,V5DEV_013,0,COMPETITIVE,ORIGINAL,3,1,TG10_MULTITASK_EFFECT_RIDGE_BALANCED,TASK_CONDITIONED_DIAGNOSTIC,1.0
PRIMARY_TRUSTED_0130,V5DEV_030,0,COMPETITIVE,ORIGINAL,3,1,TG10_MULTITASK_EFFECT_RIDGE_BALANCED,TASK_CONDITIONED_DIAGNOSTIC,1.0
PRIMARY_TRUSTED_0131,V5DEV_030,0,COMPETITIVE,ORIGINAL,3,1,TG10_MULTITASK_EFFECT_RIDGE_BALANCED,TASK_CONDITIONED_DIAGNOSTIC,1.0
PRIMARY_TRUSTED_0132,V5DEV_030,0,COMPETITIVE,ORIGINAL,3,1,TG10_MULTITASK_EFFECT_RIDGE_BALANCED,TASK_CONDITIONED_DIAGNOSTIC,1.0
PRIMARY_TRUSTED_0133,V5DEV_030,1,COMPETITIVE,ORIGINAL,3,1,TG10_MULTITASK_EFFECT_RIDGE_BALANCED,TASK_CONDITIONED_DIAGNOSTIC,1.0
PRIMARY_TRUSTED_0134,V5DEV_030,1,COMPETITIVE,ORIGINAL,3,1,TG10_MULTITASK_EFFECT_RIDGE_BALANCED,TASK_CONDITIONED_DIAGNOSTIC,1.0
PRIMARY_TRUSTED_0135,V5DEV_030,1,COMPETITIVE,ORIGINAL,3,1,TG10_MULTITASK_EFFECT_RIDGE_BALANCED,TASK_CONDITIONED_DIAGNOSTIC,1.0
PRIMARY_TRUSTED_0136,V5DEV_030,1,COMPETITIVE,ORIGINAL,3,1,TG10_MULTITASK_EFFECT_RIDGE_BALANCED,TASK_CONDITIONED_DIAGNOSTIC,1.0
PRIMARY_TRUSTED_0152,V5DEV_038,0,COMPETITIVE,ORIGINAL,3,1,TG10_MULTITASK_EFFECT_RIDGE_BALANCED,TASK_CONDITIONED_DIAGNOSTIC,1.0
PRIMARY_TRUSTED_0153,V5DEV_038,0,COMPETITIVE,ORIGINAL,3,1,TG10_MULTITASK_EFFECT_RIDGE_BALANCED,TASK_CONDITIONED_DIAGNOSTIC,1.0
PRIMARY_TRUSTED_0154,V5DEV_038,1,COMPETITIVE,ORIGINAL,3,1,TG10_MULTITASK_EFFECT_RIDGE_BALANCED,TASK_CONDITIONED_DIAGNOSTIC,0.0
PRIMARY_TRUSTED_0155,V5DEV_038,0,COMPETITIVE,ORIGINAL,3,1,TG10_MULTITASK_EFFECT_RIDGE_BALANCED,TASK_CONDITIONED_DIAGNOSTIC,1.0
PRIMARY_TRUSTED_0163,V5DEV_079,1,PROJECT,ORIGINAL,3,1,TG10_MULTITASK_EFFECT_RIDGE_BALANCED,TASK_CONDITIONED_DIAGNOSTIC,0.0
PRIMARY_TRUSTED_0183,V5DEV_126,1,STATUS,ORIGINAL,3,1,TG10_MULTITASK_EFFECT_RIDGE_BALANCED,TASK_CONDITIONED_DIAGNOSTIC,0.0
PRIMARY_TRUSTED_0184,V5DEV_126,1,STATUS,ORIGINAL,3,1,TG10_MULTITASK_EFFECT_RIDGE_BALANCED,TASK_CONDITIONED_DIAGNOSTIC,0.0
PRIMARY_TRUSTED_0186,V5DEV_138,1,STATUS,ORIGINAL,3,1,TG10_MULTITASK_EFFECT_RIDGE_BALANCED,TASK_CONDITIONED_DIAGNOSTIC,1.0
PRIMARY_TRUSTED_0187,V5DEV_138,0,STATUS,ORIGINAL,3,1,TG10_MULTITASK_EFFECT_RIDGE_BALANCED,TASK_CONDITIONED_DIAGNOSTIC,1.0
PRIMARY_TRUSTED_0188,V5DEV_150,1,STATUS,ORIGINAL,3,1,TG10_MULTITASK_EFFECT_RIDGE_BALANCED,TASK_CONDITIONED_DIAGNOSTIC,1.0
PRIMARY_TRUSTED_0189,V5DEV_152,1,STATUS,ORIGINAL,3,1,TG10_MULTITASK_EFFECT_RIDGE_BALANCED,TASK_CONDITIONED_DIAGNOSTIC,1.0
PRIMARY_TRUSTED_0190,V5DEV_155,1,STATUS,ORIGINAL,3,1,TG10_MULTITASK_EFFECT_RIDGE_BALANCED,TASK_CONDITIONED_DIAGNOSTIC,1.0
PRIMARY_TRUSTED_0001,V5DEVX_004,0,COMPETITIVE,E1,3,2,TG10_SHARED_RIDGE_BALANCED,GENERAL,1.0
PRIMARY_TRUSTED_0002,V5DEVX_004,1,COMPETITIVE,E1,3,2,TG10_SHARED_RIDGE_BALANCED,GENERAL,1.0
PRIMARY_TRUSTED_0003,V5DEVX_004,1,COMPETITIVE,E1,3,2,TG10_SHARED_RIDGE_BALANCED,GENERAL,0.0
PRIMARY_TRUSTED_0007,V5DEVX_010,0,COMPETITIVE,E1,3,2,TG10_SHARED_RIDGE_BALANCED,GENERAL,0.0
PRIMARY_TRUSTED_0008,V5DEVX_010,1,COMPETITIVE,E1,3,2,TG10_SHARED_RIDGE_BALANCED,GENERAL,1.0
PRIMARY_TRUSTED_0009,V5DEVX_010,0,COMPETITIVE,E1,3,2,TG10_SHARED_RIDGE_BALANCED,GENERAL,0.0
PRIMARY_TRUSTED_0010,V5DEVX_010,1,COMPETITIVE,E1,3,2,TG10_SHARED_RIDGE_BALANCED,GENERAL,1.0
PRIMARY_TRUSTED_0014,V5DEVX_031,0,COMPETITIVE,E1,3,2,TG10_SHARED_RIDGE_BALANCED,GENERAL,0.0
PRIMARY_TRUSTED_0015,V5DEVX_031,0,COMPETITIVE,E1,3,2,TG10_SHARED_RIDGE_BALANCED,GENERAL,0.0
PRIMARY_TRUSTED_0020,V5DEVX_048,1,STATUS,E1,3,2,TG10_SHARED_RIDGE_BALANCED,GENERAL,0.0
PRIMARY_TRUSTED_0034,V5DEVX_106,1,COMPETITIVE,E1,3,2,TG10_SHARED_RIDGE_BALANCED,GENERAL,0.0
PRIMARY_TRUSTED_0048,V5DEVX_147,1,STATUS,E1,3,2,TG10_SHARED_RIDGE_BALANCED,GENERAL,1.0
PRIMARY_TRUSTED_0072,V5DEVE2_061,1,STATUS,E2,3,2,TG10_SHARED_RIDGE_BALANCED,GENERAL,1.0
PRIMARY_TRUSTED_0073,V5DEVE2_080,1,STATUS,E2,3,2,TG10_SHARED_RIDGE_BALANCED,GENERAL,1.0
PRIMARY_TRUSTED_0076,V5DEVE2_115,1,COMPETITIVE,E2,3,2,TG10_SHARED_RIDGE_BALANCED,GENERAL,1.0
PRIMARY_TRUSTED_0077,V5DEVE2_128,1,STATUS,E2,3,2,TG10_SHARED_RIDGE_BALANCED,GENERAL,1.0
PRIMARY_TRUSTED_0078,V5DEVE2_128,0,STATUS,E2,3,2,TG10_SHARED_RIDGE_BALANCED,GENERAL,0.0
PRIMARY_TRUSTED_0096,V5DEV_012,0,COMPETITIVE,ORIGINAL,3,2,TG10_SHARED_RIDGE_BALANCED,GENERAL,1.0
PRIMARY_TRUSTED_0097,V5DEV_012,1,COMPETITIVE,ORIGINAL,3,2,TG10_SHARED_RIDGE_BALANCED,GENERAL,0.0
PRIMARY_TRUSTED_0104,V5DEV_015,0,COMPETITIVE,ORIGINAL,3,2,TG10_SHARED_RIDGE_BALANCED,GENERAL,1.0
PRIMARY_TRUSTED_0105,V5DEV_015,0,COMPETITIVE,ORIGINAL,3,2,TG10_SHARED_RIDGE_BALANCED,GENERAL,1.0
PRIMARY_TRUSTED_0106,V5DEV_017,1,COMPETITIVE,ORIGINAL,3,2,TG10_SHARED_RIDGE_BALANCED,GENERAL,0.0
PRIMARY_TRUSTED_0117,V5DEV_024,1,COMPETITIVE,ORIGINAL,3,2,TG10_SHARED_RIDGE_BALANCED,GENERAL,1.0
PRIMARY_TRUSTED_0142,V5DEV_036,1,COMPETITIVE,ORIGINAL,3,2,TG10_SHARED_RIDGE_BALANCED,GENERAL,0.0
PRIMARY_TRUSTED_0143,V5DEV_036,1,COMPETITIVE,ORIGINAL,3,2,TG10_SHARED_RIDGE_BALANCED,GENERAL,0.0
PRIMARY_TRUSTED_0144,V5DEV_036,0,COMPETITIVE,ORIGINAL,3,2,TG10_SHARED_RIDGE_BALANCED,GENERAL,0.0
PRIMARY_TRUSTED_0145,V5DEV_036,0,COMPETITIVE,ORIGINAL,3,2,TG10_SHARED_RIDGE_BALANCED,GENERAL,1.0
PRIMARY_TRUSTED_0146,V5DEV_036,1,COMPETITIVE,ORIGINAL,3,2,TG10_SHARED_RIDGE_BALANCED,GENERAL,0.0
PRIMARY_TRUSTED_0147,V5DEV_036,1,COMPETITIVE,ORIGINAL,3,2,TG10_SHARED_RIDGE_BALANCED,GENERAL,0.0
PRIMARY_TRUSTED_0148,V5DEV_037,0,COMPETITIVE,ORIGINAL,3,2,TG10_SHARED_RIDGE_BALANCED,GENERAL,1.0
PRIMARY_TRUSTED_0149,V5DEV_037,1,COMPETITIVE,ORIGINAL,3,2,TG10_SHARED_RIDGE_BALANCED,GENERAL,1.0
PRIMARY_TRUSTED_0150,V5DEV_037,1,COMPETITIVE,ORIGINAL,3,2,TG10_SHARED_RIDGE_BALANCED,GENERAL,1.0
PRIMARY_TRUSTED_0151,V5DEV_037,1,COMPETITIVE,ORIGINAL,3,2,TG10_SHARED_RIDGE_BALANCED,GENERAL,0.0
PRIMARY_TRUSTED_0161,V5DEV_064,0,PROJECT,ORIGINAL,3,2,TG10_SHARED_RIDGE_BALANCED,GENERAL,1.0
PRIMARY_TRUSTED_0162,V5DEV_075,1,PROJECT,ORIGINAL,3,2,TG10_SHARED_RIDGE_BALANCED,GENERAL,1.0
PRIMARY_TRUSTED_0168,V5DEV_090,0,PROJECT,ORIGINAL,3,2,TG10_SHARED_RIDGE_BALANCED,GENERAL,0.0
PRIMARY_TRUSTED_0177,V5DEV_117,1,STATUS,ORIGINAL,3,2,TG10_SHARED_RIDGE_BALANCED,GENERAL,1.0
PRIMARY_TRUSTED_0178,V5DEV_117,1,STATUS,ORIGINAL,3,2,TG10_SHARED_RIDGE_BALANCED,GENERAL,0.0
PRIMARY_TRUSTED_0179,V5DEV_117,0,STATUS,ORIGINAL,3,2,TG10_SHARED_RIDGE_BALANCED,GENERAL,0.0
PRIMARY_TRUSTED_0181,V5DEV_121,1,STATUS,ORIGINAL,3,2,TG10_SHARED_RIDGE_BALANCED,GENERAL,1.0
PRIMARY_TRUSTED_0001,V5DEVX_004,0,COMPETITIVE,E1,3,2,TG10_MULTITASK_EFFECT_RIDGE_BALANCED,GENERAL,1.0
PRIMARY_TRUSTED_0002,V5DEVX_004,1,COMPETITIVE,E1,3,2,TG10_MULTITASK_EFFECT_RIDGE_BALANCED,GENERAL,1.0
PRIMARY_TRUSTED_0003,V5DEVX_004,1,COMPETITIVE,E1,3,2,TG10_MULTITASK_EFFECT_RIDGE_BALANCED,GENERAL,0.0
PRIMARY_TRUSTED_0007,V5DEVX_010,0,COMPETITIVE,E1,3,2,TG10_MULTITASK_EFFECT_RIDGE_BALANCED,GENERAL,1.0
PRIMARY_TRUSTED_0008,V5DEVX_010,1,COMPETITIVE,E1,3,2,TG10_MULTITASK_EFFECT_RIDGE_BALANCED,GENERAL,1.0
PRIMARY_TRUSTED_0009,V5DEVX_010,0,COMPETITIVE,E1,3,2,TG10_MULTITASK_EFFECT_RIDGE_BALANCED,GENERAL,1.0
PRIMARY_TRUSTED_0010,V5DEVX_010,1,COMPETITIVE,E1,3,2,TG10_MULTITASK_EFFECT_RIDGE_BALANCED,GENERAL,1.0
PRIMARY_TRUSTED_0014,V5DEVX_031,0,COMPETITIVE,E1,3,2,TG10_MULTITASK_EFFECT_RIDGE_BALANCED,GENERAL,0.0
PRIMARY_TRUSTED_0015,V5DEVX_031,0,COMPETITIVE,E1,3,2,TG10_MULTITASK_EFFECT_RIDGE_BALANCED,GENERAL,1.0
PRIMARY_TRUSTED_0020,V5DEVX_048,1,STATUS,E1,3,2,TG10_MULTITASK_EFFECT_RIDGE_BALANCED,GENERAL,1.0
PRIMARY_TRUSTED_0034,V5DEVX_106,1,COMPETITIVE,E1,3,2,TG10_MULTITASK_EFFECT_RIDGE_BALANCED,GENERAL,1.0
PRIMARY_TRUSTED_0048,V5DEVX_147,1,STATUS,E1,3,2,TG10_MULTITASK_EFFECT_RIDGE_BALANCED,GENERAL,1.0
PRIMARY_TRUSTED_0072,V5DEVE2_061,1,STATUS,E2,3,2,TG10_MULTITASK_EFFECT_RIDGE_BALANCED,GENERAL,1.0
PRIMARY_TRUSTED_0073,V5DEVE2_080,1,STATUS,E2,3,2,TG10_MULTITASK_EFFECT_RIDGE_BALANCED,GENERAL,1.0
PRIMARY_TRUSTED_0076,V5DEVE2_115,1,COMPETITIVE,E2,3,2,TG10_MULTITASK_EFFECT_RIDGE_BALANCED,GENERAL,0.0
PRIMARY_TRUSTED_0077,V5DEVE2_128,1,STATUS,E2,3,2,TG10_MULTITASK_EFFECT_RIDGE_BALANCED,GENERAL,1.0
PRIMARY_TRUSTED_0078,V5DEVE2_128,0,STATUS,E2,3,2,TG10_MULTITASK_EFFECT_RIDGE_BALANCED,GENERAL,1.0
PRIMARY_TRUSTED_0096,V5DEV_012,0,COMPETITIVE,ORIGINAL,3,2,TG10_MULTITASK_EFFECT_RIDGE_BALANCED,GENERAL,0.0
PRIMARY_TRUSTED_0097,V5DEV_012,1,COMPETITIVE,ORIGINAL,3,2,TG10_MULTITASK_EFFECT_RIDGE_BALANCED,GENERAL,0.0
PRIMARY_TRUSTED_0104,V5DEV_015,0,COMPETITIVE,ORIGINAL,3,2,TG10_MULTITASK_EFFECT_RIDGE_BALANCED,GENERAL,0.0
PRIMARY_TRUSTED_0105,V5DEV_015,0,COMPETITIVE,ORIGINAL,3,2,TG10_MULTITASK_EFFECT_RIDGE_BALANCED,GENERAL,1.0
PRIMARY_TRUSTED_0106,V5DEV_017,1,COMPETITIVE,ORIGINAL,3,2,TG10_MULTITASK_EFFECT_RIDGE_BALANCED,GENERAL,1.0
PRIMARY_TRUSTED_0117,V5DEV_024,1,COMPETITIVE,ORIGINAL,3,2,TG10_MULTITASK_EFFECT_RIDGE_BALANCED,GENERAL,1.0
PRIMARY_TRUSTED_0142,V5DEV_036,1,COMPETITIVE,ORIGINAL,3,2,TG10_MULTITASK_EFFECT_RIDGE_BALANCED,GENERAL,1.0
PRIMARY_TRUSTED_0143,V5DEV_036,1,COMPETITIVE,ORIGINAL,3,2,TG10_MULTITASK_EFFECT_RIDGE_BALANCED,GENERAL,1.0
PRIMARY_TRUSTED_0144,V5DEV_036,0,COMPETITIVE,ORIGINAL,3,2,TG10_MULTITASK_EFFECT_RIDGE_BALANCED,GENERAL,1.0
PRIMARY_TRUSTED_0145,V5DEV_036,0,COMPETITIVE,ORIGINAL,3,2,TG10_MULTITASK_EFFECT_RIDGE_BALANCED,GENERAL,1.0
PRIMARY_TRUSTED_0146,V5DEV_036,1,COMPETITIVE,ORIGINAL,3,2,TG10_MULTITASK_EFFECT_RIDGE_BALANCED,GENERAL,0.0
PRIMARY_TRUSTED_0147,V5DEV_036,1,COMPETITIVE,ORIGINAL,3,2,TG10_MULTITASK_EFFECT_RIDGE_BALANCED,GENERAL,1.0
PRIMARY_TRUSTED_0148,V5DEV_037,0,COMPETITIVE,ORIGINAL,3,2,TG10_MULTITASK_EFFECT_RIDGE_BALANCED,GENERAL,1.0
PRIMARY_TRUSTED_0149,V5DEV_037,1,COMPETITIVE,ORIGINAL,3,2,TG10_MULTITASK_EFFECT_RIDGE_BALANCED,GENERAL,1.0
PRIMARY_TRUSTED_0150,V5DEV_037,1,COMPETITIVE,ORIGINAL,3,2,TG10_MULTITASK_EFFECT_RIDGE_BALANCED,GENERAL,1.0
PRIMARY_TRUSTED_0151,V5DEV_037,1,COMPETITIVE,ORIGINAL,3,2,TG10_MULTITASK_EFFECT_RIDGE_BALANCED,GENERAL,1.0
PRIMARY_TRUSTED_0161,V5DEV_064,0,PROJECT,ORIGINAL,3,2,TG10_MULTITASK_EFFECT_RIDGE_BALANCED,GENERAL,1.0
PRIMARY_TRUSTED_0162,V5DEV_075,1,PROJECT,ORIGINAL,3,2,TG10_MULTITASK_EFFECT_RIDGE_BALANCED,GENERAL,0.0
PRIMARY_TRUSTED_0168,V5DEV_090,0,PROJECT,ORIGINAL,3,2,TG10_MULTITASK_EFFECT_RIDGE_BALANCED,GENERAL,1.0
PRIMARY_TRUSTED_0177,V5DEV_117,1,STATUS,ORIGINAL,3,2,TG10_MULTITASK_EFFECT_RIDGE_BALANCED,GENERAL,1.0
PRIMARY_TRUSTED_0178,V5DEV_117,1,STATUS,ORIGINAL,3,2,TG10_MULTITASK_EFFECT_RIDGE_BALANCED,GENERAL,1.0
PRIMARY_TRUSTED_0179,V5DEV_117,0,STATUS,ORIGINAL,3,2,TG10_MULTITASK_EFFECT_RIDGE_BALANCED,GENERAL,0.0
PRIMARY_TRUSTED_0181,V5DEV_121,1,STATUS,ORIGINAL,3,2,TG10_MULTITASK_EFFECT_RIDGE_BALANCED,GENERAL,0.0
PRIMARY_TRUSTED_0001,V5DEVX_004,0,COMPETITIVE,E1,3,2,TG10_MULTITASK_EFFECT_RIDGE_BALANCED,TASK_CONDITIONED_DIAGNOSTIC,1.0
PRIMARY_TRUSTED_0002,V5DEVX_004,1,COMPETITIVE,E1,3,2,TG10_MULTITASK_EFFECT_RIDGE_BALANCED,TASK_CONDITIONED_DIAGNOSTIC,1.0
PRIMARY_TRUSTED_0003,V5DEVX_004,1,COMPETITIVE,E1,3,2,TG10_MULTITASK_EFFECT_RIDGE_BALANCED,TASK_CONDITIONED_DIAGNOSTIC,0.0
PRIMARY_TRUSTED_0007,V5DEVX_010,0,COMPETITIVE,E1,3,2,TG10_MULTITASK_EFFECT_RIDGE_BALANCED,TASK_CONDITIONED_DIAGNOSTIC,1.0
PRIMARY_TRUSTED_0008,V5DEVX_010,1,COMPETITIVE,E1,3,2,TG10_MULTITASK_EFFECT_RIDGE_BALANCED,TASK_CONDITIONED_DIAGNOSTIC,0.0
PRIMARY_TRUSTED_0009,V5DEVX_010,0,COMPETITIVE,E1,3,2,TG10_MULTITASK_EFFECT_RIDGE_BALANCED,TASK_CONDITIONED_DIAGNOSTIC,1.0
PRIMARY_TRUSTED_0010,V5DEVX_010,1,COMPETITIVE,E1,3,2,TG10_MULTITASK_EFFECT_RIDGE_BALANCED,TASK_CONDITIONED_DIAGNOSTIC,1.0
PRIMARY_TRUSTED_0014,V5DEVX_031,0,COMPETITIVE,E1,3,2,TG10_MULTITASK_EFFECT_RIDGE_BALANCED,TASK_CONDITIONED_DIAGNOSTIC,0.0
PRIMARY_TRUSTED_0015,V5DEVX_031,0,COMPETITIVE,E1,3,2,TG10_MULTITASK_EFFECT_RIDGE_BALANCED,TASK_CONDITIONED_DIAGNOSTIC,0.0
PRIMARY_TRUSTED_0020,V5DEVX_048,1,STATUS,E1,3,2,TG10_MULTITASK_EFFECT_RIDGE_BALANCED,TASK_CONDITIONED_DIAGNOSTIC,1.0
PRIMARY_TRUSTED_0034,V5DEVX_106,1,COMPETITIVE,E1,3,2,TG10_MULTITASK_EFFECT_RIDGE_BALANCED,TASK_CONDITIONED_DIAGNOSTIC,0.0
PRIMARY_TRUSTED_0048,V5DEVX_147,1,STATUS,E1,3,2,TG10_MULTITASK_EFFECT_RIDGE_BALANCED,TASK_CONDITIONED_DIAGNOSTIC,1.0
PRIMARY_TRUSTED_0072,V5DEVE2_061,1,STATUS,E2,3,2,TG10_MULTITASK_EFFECT_RIDGE_BALANCED,TASK_CONDITIONED_DIAGNOSTIC,1.0
PRIMARY_TRUSTED_0073,V5DEVE2_080,1,STATUS,E2,3,2,TG10_MULTITASK_EFFECT_RIDGE_BALANCED,TASK_CONDITIONED_DIAGNOSTIC,0.0
PRIMARY_TRUSTED_0076,V5DEVE2_115,1,COMPETITIVE,E2,3,2,TG10_MULTITASK_EFFECT_RIDGE_BALANCED,TASK_CONDITIONED_DIAGNOSTIC,0.0
PRIMARY_TRUSTED_0077,V5DEVE2_128,1,STATUS,E2,3,2,TG10_MULTITASK_EFFECT_RIDGE_BALANCED,TASK_CONDITIONED_DIAGNOSTIC,0.0
PRIMARY_TRUSTED_0078,V5DEVE2_128,0,STATUS,E2,3,2,TG10_MULTITASK_EFFECT_RIDGE_BALANCED,TASK_CONDITIONED_DIAGNOSTIC,0.0
PRIMARY_TRUSTED_0096,V5DEV_012,0,COMPETITIVE,ORIGINAL,3,2,TG10_MULTITASK_EFFECT_RIDGE_BALANCED,TASK_CONDITIONED_DIAGNOSTIC,0.0
PRIMARY_TRUSTED_0097,V5DEV_012,1,COMPETITIVE,ORIGINAL,3,2,TG10_MULTITASK_EFFECT_RIDGE_BALANCED,TASK_CONDITIONED_DIAGNOSTIC,0.0
PRIMARY_TRUSTED_0104,V5DEV_015,0,COMPETITIVE,ORIGINAL,3,2,TG10_MULTITASK_EFFECT_RIDGE_BALANCED,TASK_CONDITIONED_DIAGNOSTIC,1.0
PRIMARY_TRUSTED_0105,V5DEV_015,0,COMPETITIVE,ORIGINAL,3,2,TG10_MULTITASK_EFFECT_RIDGE_BALANCED,TASK_CONDITIONED_DIAGNOSTIC,1.0
PRIMARY_TRUSTED_0106,V5DEV_017,1,COMPETITIVE,ORIGINAL,3,2,TG10_MULTITASK_EFFECT_RIDGE_BALANCED,TASK_CONDITIONED_DIAGNOSTIC,0.0
PRIMARY_TRUSTED_0117,V5DEV_024,1,COMPETITIVE,ORIGINAL,3,2,TG10_MULTITASK_EFFECT_RIDGE_BALANCED,TASK_CONDITIONED_DIAGNOSTIC,1.0
PRIMARY_TRUSTED_0142,V5DEV_036,1,COMPETITIVE,ORIGINAL,3,2,TG10_MULTITASK_EFFECT_RIDGE_BALANCED,TASK_CONDITIONED_DIAGNOSTIC,0.0
PRIMARY_TRUSTED_0143,V5DEV_036,1,COMPETITIVE,ORIGINAL,3,2,TG10_MULTITASK_EFFECT_RIDGE_BALANCED,TASK_CONDITIONED_DIAGNOSTIC,0.0
PRIMARY_TRUSTED_0144,V5DEV_036,0,COMPETITIVE,ORIGINAL,3,2,TG10_MULTITASK_EFFECT_RIDGE_BALANCED,TASK_CONDITIONED_DIAGNOSTIC,0.0
PRIMARY_TRUSTED_0145,V5DEV_036,0,COMPETITIVE,ORIGINAL,3,2,TG10_MULTITASK_EFFECT_RIDGE_BALANCED,TASK_CONDITIONED_DIAGNOSTIC,0.0
PRIMARY_TRUSTED_0146,V5DEV_036,1,COMPETITIVE,ORIGINAL,3,2,TG10_MULTITASK_EFFECT_RIDGE_BALANCED,TASK_CONDITIONED_DIAGNOSTIC,1.0
PRIMARY_TRUSTED_0147,V5DEV_036,1,COMPETITIVE,ORIGINAL,3,2,TG10_MULTITASK_EFFECT_RIDGE_BALANCED,TASK_CONDITIONED_DIAGNOSTIC,0.0
PRIMARY_TRUSTED_0148,V5DEV_037,0,COMPETITIVE,ORIGINAL,3,2,TG10_MULTITASK_EFFECT_RIDGE_BALANCED,TASK_CONDITIONED_DIAGNOSTIC,0.0
PRIMARY_TRUSTED_0149,V5DEV_037,1,COMPETITIVE,ORIGINAL,3,2,TG10_MULTITASK_EFFECT_RIDGE_BALANCED,TASK_CONDITIONED_DIAGNOSTIC,0.0
PRIMARY_TRUSTED_0150,V5DEV_037,1,COMPETITIVE,ORIGINAL,3,2,TG10_MULTITASK_EFFECT_RIDGE_BALANCED,TASK_CONDITIONED_DIAGNOSTIC,1.0
PRIMARY_TRUSTED_0151,V5DEV_037,1,COMPETITIVE,ORIGINAL,3,2,TG10_MULTITASK_EFFECT_RIDGE_BALANCED,TASK_CONDITIONED_DIAGNOSTIC,1.0
PRIMARY_TRUSTED_0161,V5DEV_064,0,PROJECT,ORIGINAL,3,2,TG10_MULTITASK_EFFECT_RIDGE_BALANCED,TASK_CONDITIONED_DIAGNOSTIC,1.0
PRIMARY_TRUSTED_0162,V5DEV_075,1,PROJECT,ORIGINAL,3,2,TG10_MULTITASK_EFFECT_RIDGE_BALANCED,TASK_CONDITIONED_DIAGNOSTIC,0.0
PRIMARY_TRUSTED_0168,V5DEV_090,0,PROJECT,ORIGINAL,3,2,TG10_MULTITASK_EFFECT_RIDGE_BALANCED,TASK_CONDITIONED_DIAGNOSTIC,0.0
PRIMARY_TRUSTED_0177,V5DEV_117,1,STATUS,ORIGINAL,3,2,TG10_MULTITASK_EFFECT_RIDGE_BALANCED,TASK_CONDITIONED_DIAGNOSTIC,1.0
PRIMARY_TRUSTED_0178,V5DEV_117,1,STATUS,ORIGINAL,3,2,TG10_MULTITASK_EFFECT_RIDGE_BALANCED,TASK_CONDITIONED_DIAGNOSTIC,0.0
PRIMARY_TRUSTED_0179,V5DEV_117,0,STATUS,ORIGINAL,3,2,TG10_MULTITASK_EFFECT_RIDGE_BALANCED,TASK_CONDITIONED_DIAGNOSTIC,0.0
PRIMARY_TRUSTED_0181,V5DEV_121,1,STATUS,ORIGINAL,3,2,TG10_MULTITASK_EFFECT_RIDGE_BALANCED,TASK_CONDITIONED_DIAGNOSTIC,1.0
PRIMARY_TRUSTED_0016,V5DEVX_036,1,STATUS,E1,3,3,TG10_SHARED_RIDGE_BALANCED,GENERAL,1.0
PRIMARY_TRUSTED_0017,V5DEVX_038,1,STATUS,E1,3,3,TG10_SHARED_RIDGE_BALANCED,GENERAL,1.0
PRIMARY_TRUSTED_0026,V5DEVX_052,0,COMPETITIVE,E1,3,3,TG10_SHARED_RIDGE_BALANCED,GENERAL,1.0
PRIMARY_TRUSTED_0036,V5DEVX_115,1,COMPETITIVE,E1,3,3,TG10_SHARED_RIDGE_BALANCED,GENERAL,0.0
PRIMARY_TRUSTED_0037,V5DEVX_115,1,COMPETITIVE,E1,3,3,TG10_SHARED_RIDGE_BALANCED,GENERAL,1.0
PRIMARY_TRUSTED_0038,V5DEVX_122,1,STATUS,E1,3,3,TG10_SHARED_RIDGE_BALANCED,GENERAL,1.0
PRIMARY_TRUSTED_0052,V5DEVX_154,1,COMPETITIVE,E1,3,3,TG10_SHARED_RIDGE_BALANCED,GENERAL,0.0
PRIMARY_TRUSTED_0053,V5DEVX_154,0,COMPETITIVE,E1,3,3,TG10_SHARED_RIDGE_BALANCED,GENERAL,0.0
PRIMARY_TRUSTED_0054,V5DEVX_154,1,COMPETITIVE,E1,3,3,TG10_SHARED_RIDGE_BALANCED,GENERAL,1.0
PRIMARY_TRUSTED_0055,V5DEVX_154,1,COMPETITIVE,E1,3,3,TG10_SHARED_RIDGE_BALANCED,GENERAL,0.0
PRIMARY_TRUSTED_0056,V5DEVX_154,0,COMPETITIVE,E1,3,3,TG10_SHARED_RIDGE_BALANCED,GENERAL,1.0
PRIMARY_TRUSTED_0057,V5DEVX_154,0,COMPETITIVE,E1,3,3,TG10_SHARED_RIDGE_BALANCED,GENERAL,0.0
PRIMARY_TRUSTED_0058,V5DEVE2_001,1,COMPETITIVE,E2,3,3,TG10_SHARED_RIDGE_BALANCED,GENERAL,1.0
PRIMARY_TRUSTED_0059,V5DEVE2_001,0,COMPETITIVE,E2,3,3,TG10_SHARED_RIDGE_BALANCED,GENERAL,1.0
PRIMARY_TRUSTED_0063,V5DEVE2_009,1,STATUS,E2,3,3,TG10_SHARED_RIDGE_BALANCED,GENERAL,0.0
PRIMARY_TRUSTED_0070,V5DEVE2_028,1,COMPETITIVE,E2,3,3,TG10_SHARED_RIDGE_BALANCED,GENERAL,0.0
PRIMARY_TRUSTED_0081,V5DEV_001,0,COMPETITIVE,ORIGINAL,3,3,TG10_SHARED_RIDGE_BALANCED,GENERAL,1.0
PRIMARY_TRUSTED_0082,V5DEV_001,0,COMPETITIVE,ORIGINAL,3,3,TG10_SHARED_RIDGE_BALANCED,GENERAL,1.0
PRIMARY_TRUSTED_0084,V5DEV_005,1,COMPETITIVE,ORIGINAL,3,3,TG10_SHARED_RIDGE_BALANCED,GENERAL,1.0
PRIMARY_TRUSTED_0085,V5DEV_005,1,COMPETITIVE,ORIGINAL,3,3,TG10_SHARED_RIDGE_BALANCED,GENERAL,1.0
PRIMARY_TRUSTED_0086,V5DEV_005,1,COMPETITIVE,ORIGINAL,3,3,TG10_SHARED_RIDGE_BALANCED,GENERAL,1.0
PRIMARY_TRUSTED_0087,V5DEV_005,1,COMPETITIVE,ORIGINAL,3,3,TG10_SHARED_RIDGE_BALANCED,GENERAL,1.0
PRIMARY_TRUSTED_0088,V5DEV_005,0,COMPETITIVE,ORIGINAL,3,3,TG10_SHARED_RIDGE_BALANCED,GENERAL,1.0
PRIMARY_TRUSTED_0094,V5DEV_011,1,COMPETITIVE,ORIGINAL,3,3,TG10_SHARED_RIDGE_BALANCED,GENERAL,0.0
PRIMARY_TRUSTED_0095,V5DEV_011,1,COMPETITIVE,ORIGINAL,3,3,TG10_SHARED_RIDGE_BALANCED,GENERAL,1.0
PRIMARY_TRUSTED_0128,V5DEV_029,1,COMPETITIVE,ORIGINAL,3,3,TG10_SHARED_RIDGE_BALANCED,GENERAL,1.0
PRIMARY_TRUSTED_0129,V5DEV_029,1,COMPETITIVE,ORIGINAL,3,3,TG10_SHARED_RIDGE_BALANCED,GENERAL,1.0
PRIMARY_TRUSTED_0138,V5DEV_034,1,COMPETITIVE,ORIGINAL,3,3,TG10_SHARED_RIDGE_BALANCED,GENERAL,1.0
PRIMARY_TRUSTED_0139,V5DEV_034,1,COMPETITIVE,ORIGINAL,3,3,TG10_SHARED_RIDGE_BALANCED,GENERAL,1.0
PRIMARY_TRUSTED_0159,V5DEV_040,0,COMPETITIVE,ORIGINAL,3,3,TG10_SHARED_RIDGE_BALANCED,GENERAL,1.0
PRIMARY_TRUSTED_0165,V5DEV_084,1,PROJECT,ORIGINAL,3,3,TG10_SHARED_RIDGE_BALANCED,GENERAL,1.0
PRIMARY_TRUSTED_0166,V5DEV_084,0,PROJECT,ORIGINAL,3,3,TG10_SHARED_RIDGE_BALANCED,GENERAL,0.0
PRIMARY_TRUSTED_0167,V5DEV_084,0,PROJECT,ORIGINAL,3,3,TG10_SHARED_RIDGE_BALANCED,GENERAL,0.0
PRIMARY_TRUSTED_0170,V5DEV_108,1,STATUS,ORIGINAL,3,3,TG10_SHARED_RIDGE_BALANCED,GENERAL,1.0
PRIMARY_TRUSTED_0171,V5DEV_108,0,STATUS,ORIGINAL,3,3,TG10_SHARED_RIDGE_BALANCED,GENERAL,0.0
PRIMARY_TRUSTED_0172,V5DEV_108,0,STATUS,ORIGINAL,3,3,TG10_SHARED_RIDGE_BALANCED,GENERAL,0.0
PRIMARY_TRUSTED_0182,V5DEV_125,0,STATUS,ORIGINAL,3,3,TG10_SHARED_RIDGE_BALANCED,GENERAL,1.0
PRIMARY_TRUSTED_0191,V5DEV_156,1,STATUS,ORIGINAL,3,3,TG10_SHARED_RIDGE_BALANCED,GENERAL,1.0
PRIMARY_TRUSTED_0016,V5DEVX_036,1,STATUS,E1,3,3,TG10_MULTITASK_EFFECT_RIDGE_BALANCED,GENERAL,1.0
PRIMARY_TRUSTED_0017,V5DEVX_038,1,STATUS,E1,3,3,TG10_MULTITASK_EFFECT_RIDGE_BALANCED,GENERAL,1.0
PRIMARY_TRUSTED_0026,V5DEVX_052,0,COMPETITIVE,E1,3,3,TG10_MULTITASK_EFFECT_RIDGE_BALANCED,GENERAL,1.0
PRIMARY_TRUSTED_0036,V5DEVX_115,1,COMPETITIVE,E1,3,3,TG10_MULTITASK_EFFECT_RIDGE_BALANCED,GENERAL,0.0
PRIMARY_TRUSTED_0037,V5DEVX_115,1,COMPETITIVE,E1,3,3,TG10_MULTITASK_EFFECT_RIDGE_BALANCED,GENERAL,0.0
PRIMARY_TRUSTED_0038,V5DEVX_122,1,STATUS,E1,3,3,TG10_MULTITASK_EFFECT_RIDGE_BALANCED,GENERAL,1.0
PRIMARY_TRUSTED_0052,V5DEVX_154,1,COMPETITIVE,E1,3,3,TG10_MULTITASK_EFFECT_RIDGE_BALANCED,GENERAL,1.0
PRIMARY_TRUSTED_0053,V5DEVX_154,0,COMPETITIVE,E1,3,3,TG10_MULTITASK_EFFECT_RIDGE_BALANCED,GENERAL,0.0
PRIMARY_TRUSTED_0054,V5DEVX_154,1,COMPETITIVE,E1,3,3,TG10_MULTITASK_EFFECT_RIDGE_BALANCED,GENERAL,1.0
PRIMARY_TRUSTED_0055,V5DEVX_154,1,COMPETITIVE,E1,3,3,TG10_MULTITASK_EFFECT_RIDGE_BALANCED,GENERAL,0.0
PRIMARY_TRUSTED_0056,V5DEVX_154,0,COMPETITIVE,E1,3,3,TG10_MULTITASK_EFFECT_RIDGE_BALANCED,GENERAL,1.0
PRIMARY_TRUSTED_0057,V5DEVX_154,0,COMPETITIVE,E1,3,3,TG10_MULTITASK_EFFECT_RIDGE_BALANCED,GENERAL,0.0
PRIMARY_TRUSTED_0058,V5DEVE2_001,1,COMPETITIVE,E2,3,3,TG10_MULTITASK_EFFECT_RIDGE_BALANCED,GENERAL,1.0
PRIMARY_TRUSTED_0059,V5DEVE2_001,0,COMPETITIVE,E2,3,3,TG10_MULTITASK_EFFECT_RIDGE_BALANCED,GENERAL,1.0
PRIMARY_TRUSTED_0063,V5DEVE2_009,1,STATUS,E2,3,3,TG10_MULTITASK_EFFECT_RIDGE_BALANCED,GENERAL,0.0
PRIMARY_TRUSTED_0070,V5DEVE2_028,1,COMPETITIVE,E2,3,3,TG10_MULTITASK_EFFECT_RIDGE_BALANCED,GENERAL,0.0
PRIMARY_TRUSTED_0081,V5DEV_001,0,COMPETITIVE,ORIGINAL,3,3,TG10_MULTITASK_EFFECT_RIDGE_BALANCED,GENERAL,1.0
PRIMARY_TRUSTED_0082,V5DEV_001,0,COMPETITIVE,ORIGINAL,3,3,TG10_MULTITASK_EFFECT_RIDGE_BALANCED,GENERAL,1.0
PRIMARY_TRUSTED_0084,V5DEV_005,1,COMPETITIVE,ORIGINAL,3,3,TG10_MULTITASK_EFFECT_RIDGE_BALANCED,GENERAL,1.0
PRIMARY_TRUSTED_0085,V5DEV_005,1,COMPETITIVE,ORIGINAL,3,3,TG10_MULTITASK_EFFECT_RIDGE_BALANCED,GENERAL,1.0
PRIMARY_TRUSTED_0086,V5DEV_005,1,COMPETITIVE,ORIGINAL,3,3,TG10_MULTITASK_EFFECT_RIDGE_BALANCED,GENERAL,1.0
PRIMARY_TRUSTED_0087,V5DEV_005,1,COMPETITIVE,ORIGINAL,3,3,TG10_MULTITASK_EFFECT_RIDGE_BALANCED,GENERAL,1.0
PRIMARY_TRUSTED_0088,V5DEV_005,0,COMPETITIVE,ORIGINAL,3,3,TG10_MULTITASK_EFFECT_RIDGE_BALANCED,GENERAL,1.0
PRIMARY_TRUSTED_0094,V5DEV_011,1,COMPETITIVE,ORIGINAL,3,3,TG10_MULTITASK_EFFECT_RIDGE_BALANCED,GENERAL,1.0
PRIMARY_TRUSTED_0095,V5DEV_011,1,COMPETITIVE,ORIGINAL,3,3,TG10_MULTITASK_EFFECT_RIDGE_BALANCED,GENERAL,1.0
PRIMARY_TRUSTED_0128,V5DEV_029,1,COMPETITIVE,ORIGINAL,3,3,TG10_MULTITASK_EFFECT_RIDGE_BALANCED,GENERAL,1.0
PRIMARY_TRUSTED_0129,V5DEV_029,1,COMPETITIVE,ORIGINAL,3,3,TG10_MULTITASK_EFFECT_RIDGE_BALANCED,GENERAL,1.0
PRIMARY_TRUSTED_0138,V5DEV_034,1,COMPETITIVE,ORIGINAL,3,3,TG10_MULTITASK_EFFECT_RIDGE_BALANCED,GENERAL,0.0
PRIMARY_TRUSTED_0139,V5DEV_034,1,COMPETITIVE,ORIGINAL,3,3,TG10_MULTITASK_EFFECT_RIDGE_BALANCED,GENERAL,1.0
PRIMARY_TRUSTED_0159,V5DEV_040,0,COMPETITIVE,ORIGINAL,3,3,TG10_MULTITASK_EFFECT_RIDGE_BALANCED,GENERAL,1.0
PRIMARY_TRUSTED_0165,V5DEV_084,1,PROJECT,ORIGINAL,3,3,TG10_MULTITASK_EFFECT_RIDGE_BALANCED,GENERAL,0.0
PRIMARY_TRUSTED_0166,V5DEV_084,0,PROJECT,ORIGINAL,3,3,TG10_MULTITASK_EFFECT_RIDGE_BALANCED,GENERAL,1.0
PRIMARY_TRUSTED_0167,V5DEV_084,0,PROJECT,ORIGINAL,3,3,TG10_MULTITASK_EFFECT_RIDGE_BALANCED,GENERAL,0.0
PRIMARY_TRUSTED_0170,V5DEV_108,1,STATUS,ORIGINAL,3,3,TG10_MULTITASK_EFFECT_RIDGE_BALANCED,GENERAL,1.0
PRIMARY_TRUSTED_0171,V5DEV_108,0,STATUS,ORIGINAL,3,3,TG10_MULTITASK_EFFECT_RIDGE_BALANCED,GENERAL,1.0
PRIMARY_TRUSTED_0172,V5DEV_108,0,STATUS,ORIGINAL,3,3,TG10_MULTITASK_EFFECT_RIDGE_BALANCED,GENERAL,0.0
PRIMARY_TRUSTED_0182,V5DEV_125,0,STATUS,ORIGINAL,3,3,TG10_MULTITASK_EFFECT_RIDGE_BALANCED,GENERAL,1.0
PRIMARY_TRUSTED_0191,V5DEV_156,1,STATUS,ORIGINAL,3,3,TG10_MULTITASK_EFFECT_RIDGE_BALANCED,GENERAL,1.0
PRIMARY_TRUSTED_0016,V5DEVX_036,1,STATUS,E1,3,3,TG10_MULTITASK_EFFECT_RIDGE_BALANCED,TASK_CONDITIONED_DIAGNOSTIC,1.0
PRIMARY_TRUSTED_0017,V5DEVX_038,1,STATUS,E1,3,3,TG10_MULTITASK_EFFECT_RIDGE_BALANCED,TASK_CONDITIONED_DIAGNOSTIC,1.0
PRIMARY_TRUSTED_0026,V5DEVX_052,0,COMPETITIVE,E1,3,3,TG10_MULTITASK_EFFECT_RIDGE_BALANCED,TASK_CONDITIONED_DIAGNOSTIC,1.0
PRIMARY_TRUSTED_0036,V5DEVX_115,1,COMPETITIVE,E1,3,3,TG10_MULTITASK_EFFECT_RIDGE_BALANCED,TASK_CONDITIONED_DIAGNOSTIC,0.0
PRIMARY_TRUSTED_0037,V5DEVX_115,1,COMPETITIVE,E1,3,3,TG10_MULTITASK_EFFECT_RIDGE_BALANCED,TASK_CONDITIONED_DIAGNOSTIC,0.0
PRIMARY_TRUSTED_0038,V5DEVX_122,1,STATUS,E1,3,3,TG10_MULTITASK_EFFECT_RIDGE_BALANCED,TASK_CONDITIONED_DIAGNOSTIC,0.0
PRIMARY_TRUSTED_0052,V5DEVX_154,1,COMPETITIVE,E1,3,3,TG10_MULTITASK_EFFECT_RIDGE_BALANCED,TASK_CONDITIONED_DIAGNOSTIC,0.0
PRIMARY_TRUSTED_0053,V5DEVX_154,0,COMPETITIVE,E1,3,3,TG10_MULTITASK_EFFECT_RIDGE_BALANCED,TASK_CONDITIONED_DIAGNOSTIC,0.0
PRIMARY_TRUSTED_0054,V5DEVX_154,1,COMPETITIVE,E1,3,3,TG10_MULTITASK_EFFECT_RIDGE_BALANCED,TASK_CONDITIONED_DIAGNOSTIC,1.0
PRIMARY_TRUSTED_0055,V5DEVX_154,1,COMPETITIVE,E1,3,3,TG10_MULTITASK_EFFECT_RIDGE_BALANCED,TASK_CONDITIONED_DIAGNOSTIC,1.0
PRIMARY_TRUSTED_0056,V5DEVX_154,0,COMPETITIVE,E1,3,3,TG10_MULTITASK_EFFECT_RIDGE_BALANCED,TASK_CONDITIONED_DIAGNOSTIC,0.0
PRIMARY_TRUSTED_0057,V5DEVX_154,0,COMPETITIVE,E1,3,3,TG10_MULTITASK_EFFECT_RIDGE_BALANCED,TASK_CONDITIONED_DIAGNOSTIC,1.0
PRIMARY_TRUSTED_0058,V5DEVE2_001,1,COMPETITIVE,E2,3,3,TG10_MULTITASK_EFFECT_RIDGE_BALANCED,TASK_CONDITIONED_DIAGNOSTIC,0.0
PRIMARY_TRUSTED_0059,V5DEVE2_001,0,COMPETITIVE,E2,3,3,TG10_MULTITASK_EFFECT_RIDGE_BALANCED,TASK_CONDITIONED_DIAGNOSTIC,1.0
PRIMARY_TRUSTED_0063,V5DEVE2_009,1,STATUS,E2,3,3,TG10_MULTITASK_EFFECT_RIDGE_BALANCED,TASK_CONDITIONED_DIAGNOSTIC,0.0
PRIMARY_TRUSTED_0070,V5DEVE2_028,1,COMPETITIVE,E2,3,3,TG10_MULTITASK_EFFECT_RIDGE_BALANCED,TASK_CONDITIONED_DIAGNOSTIC,0.0
PRIMARY_TRUSTED_0081,V5DEV_001,0,COMPETITIVE,ORIGINAL,3,3,TG10_MULTITASK_EFFECT_RIDGE_BALANCED,TASK_CONDITIONED_DIAGNOSTIC,1.0
PRIMARY_TRUSTED_0082,V5DEV_001,0,COMPETITIVE,ORIGINAL,3,3,TG10_MULTITASK_EFFECT_RIDGE_BALANCED,TASK_CONDITIONED_DIAGNOSTIC,1.0
PRIMARY_TRUSTED_0084,V5DEV_005,1,COMPETITIVE,ORIGINAL,3,3,TG10_MULTITASK_EFFECT_RIDGE_BALANCED,TASK_CONDITIONED_DIAGNOSTIC,1.0
PRIMARY_TRUSTED_0085,V5DEV_005,1,COMPETITIVE,ORIGINAL,3,3,TG10_MULTITASK_EFFECT_RIDGE_BALANCED,TASK_CONDITIONED_DIAGNOSTIC,1.0
PRIMARY_TRUSTED_0086,V5DEV_005,1,COMPETITIVE,ORIGINAL,3,3,TG10_MULTITASK_EFFECT_RIDGE_BALANCED,TASK_CONDITIONED_DIAGNOSTIC,1.0
PRIMARY_TRUSTED_0087,V5DEV_005,1,COMPETITIVE,ORIGINAL,3,3,TG10_MULTITASK_EFFECT_RIDGE_BALANCED,TASK_CONDITIONED_DIAGNOSTIC,1.0
PRIMARY_TRUSTED_0088,V5DEV_005,0,COMPETITIVE,ORIGINAL,3,3,TG10_MULTITASK_EFFECT_RIDGE_BALANCED,TASK_CONDITIONED_DIAGNOSTIC,1.0
PRIMARY_TRUSTED_0094,V5DEV_011,1,COMPETITIVE,ORIGINAL,3,3,TG10_MULTITASK_EFFECT_RIDGE_BALANCED,TASK_CONDITIONED_DIAGNOSTIC,1.0
PRIMARY_TRUSTED_0095,V5DEV_011,1,COMPETITIVE,ORIGINAL,3,3,TG10_MULTITASK_EFFECT_RIDGE_BALANCED,TASK_CONDITIONED_DIAGNOSTIC,1.0
PRIMARY_TRUSTED_0128,V5DEV_029,1,COMPETITIVE,ORIGINAL,3,3,TG10_MULTITASK_EFFECT_RIDGE_BALANCED,TASK_CONDITIONED_DIAGNOSTIC,1.0
PRIMARY_TRUSTED_0129,V5DEV_029,1,COMPETITIVE,ORIGINAL,3,3,TG10_MULTITASK_EFFECT_RIDGE_BALANCED,TASK_CONDITIONED_DIAGNOSTIC,0.0
PRIMARY_TRUSTED_0138,V5DEV_034,1,COMPETITIVE,ORIGINAL,3,3,TG10_MULTITASK_EFFECT_RIDGE_BALANCED,TASK_CONDITIONED_DIAGNOSTIC,0.0
PRIMARY_TRUSTED_0139,V5DEV_034,1,COMPETITIVE,ORIGINAL,3,3,TG10_MULTITASK_EFFECT_RIDGE_BALANCED,TASK_CONDITIONED_DIAGNOSTIC,1.0
PRIMARY_TRUSTED_0159,V5DEV_040,0,COMPETITIVE,ORIGINAL,3,3,TG10_MULTITASK_EFFECT_RIDGE_BALANCED,TASK_CONDITIONED_DIAGNOSTIC,1.0
PRIMARY_TRUSTED_0165,V5DEV_084,1,PROJECT,ORIGINAL,3,3,TG10_MULTITASK_EFFECT_RIDGE_BALANCED,TASK_CONDITIONED_DIAGNOSTIC,0.0
PRIMARY_TRUSTED_0166,V5DEV_084,0,PROJECT,ORIGINAL,3,3,TG10_MULTITASK_EFFECT_RIDGE_BALANCED,TASK_CONDITIONED_DIAGNOSTIC,0.0
PRIMARY_TRUSTED_0167,V5DEV_084,0,PROJECT,ORIGINAL,3,3,TG10_MULTITASK_EFFECT_RIDGE_BALANCED,TASK_CONDITIONED_DIAGNOSTIC,0.0
PRIMARY_TRUSTED_0170,V5DEV_108,1,STATUS,ORIGINAL,3,3,TG10_MULTITASK_EFFECT_RIDGE_BALANCED,TASK_CONDITIONED_DIAGNOSTIC,0.0
PRIMARY_TRUSTED_0171,V5DEV_108,0,STATUS,ORIGINAL,3,3,TG10_MULTITASK_EFFECT_RIDGE_BALANCED,TASK_CONDITIONED_DIAGNOSTIC,1.0
PRIMARY_TRUSTED_0172,V5DEV_108,0,STATUS,ORIGINAL,3,3,TG10_MULTITASK_EFFECT_RIDGE_BALANCED,TASK_CONDITIONED_DIAGNOSTIC,1.0
PRIMARY_TRUSTED_0182,V5DEV_125,0,STATUS,ORIGINAL,3,3,TG10_MULTITASK_EFFECT_RIDGE_BALANCED,TASK_CONDITIONED_DIAGNOSTIC,1.0
PRIMARY_TRUSTED_0191,V5DEV_156,1,STATUS,ORIGINAL,3,3,TG10_MULTITASK_EFFECT_RIDGE_BALANCED,TASK_CONDITIONED_DIAGNOSTIC,1.0
PRIMARY_TRUSTED_0004,V5DEVX_007,0,COMPETITIVE,E1,3,4,TG10_SHARED_RIDGE_BALANCED,GENERAL,1.0
PRIMARY_TRUSTED_0012,V5DEVX_025,1,COMPETITIVE,E1,3,4,TG10_SHARED_RIDGE_BALANCED,GENERAL,0.0
PRIMARY_TRUSTED_0013,V5DEVX_025,1,COMPETITIVE,E1,3,4,TG10_SHARED_RIDGE_BALANCED,GENERAL,0.0
PRIMARY_TRUSTED_0021,V5DEVX_049,1,COMPETITIVE,E1,3,4,TG10_SHARED_RIDGE_BALANCED,GENERAL,1.0
PRIMARY_TRUSTED_0022,V5DEVX_049,1,COMPETITIVE,E1,3,4,TG10_SHARED_RIDGE_BALANCED,GENERAL,1.0
PRIMARY_TRUSTED_0023,V5DEVX_049,1,COMPETITIVE,E1,3,4,TG10_SHARED_RIDGE_BALANCED,GENERAL,0.0
PRIMARY_TRUSTED_0024,V5DEVX_049,0,COMPETITIVE,E1,3,4,TG10_SHARED_RIDGE_BALANCED,GENERAL,1.0
PRIMARY_TRUSTED_0027,V5DEVX_055,0,COMPETITIVE,E1,3,4,TG10_SHARED_RIDGE_BALANCED,GENERAL,1.0
PRIMARY_TRUSTED_0028,V5DEVX_055,0,COMPETITIVE,E1,3,4,TG10_SHARED_RIDGE_BALANCED,GENERAL,1.0
PRIMARY_TRUSTED_0029,V5DEVX_066,1,COMPETITIVE,E1,3,4,TG10_SHARED_RIDGE_BALANCED,GENERAL,0.0
PRIMARY_TRUSTED_0039,V5DEVX_128,1,STATUS,E1,3,4,TG10_SHARED_RIDGE_BALANCED,GENERAL,1.0
PRIMARY_TRUSTED_0064,V5DEVE2_013,1,COMPETITIVE,E2,3,4,TG10_SHARED_RIDGE_BALANCED,GENERAL,0.0
PRIMARY_TRUSTED_0065,V5DEVE2_013,0,COMPETITIVE,E2,3,4,TG10_SHARED_RIDGE_BALANCED,GENERAL,1.0
PRIMARY_TRUSTED_0066,V5DEVE2_015,1,STATUS,E2,3,4,TG10_SHARED_RIDGE_BALANCED,GENERAL,0.0
PRIMARY_TRUSTED_0075,V5DEVE2_106,1,COMPETITIVE,E2,3,4,TG10_SHARED_RIDGE_BALANCED,GENERAL,1.0
PRIMARY_TRUSTED_0079,V5DEVE2_154,0,COMPETITIVE,E2,3,4,TG10_SHARED_RIDGE_BALANCED,GENERAL,0.0
PRIMARY_TRUSTED_0089,V5DEV_007,0,COMPETITIVE,ORIGINAL,3,4,TG10_SHARED_RIDGE_BALANCED,GENERAL,1.0
PRIMARY_TRUSTED_0100,V5DEV_014,0,COMPETITIVE,ORIGINAL,3,4,TG10_SHARED_RIDGE_BALANCED,GENERAL,1.0
PRIMARY_TRUSTED_0101,V5DEV_014,1,COMPETITIVE,ORIGINAL,3,4,TG10_SHARED_RIDGE_BALANCED,GENERAL,1.0
PRIMARY_TRUSTED_0102,V5DEV_014,1,COMPETITIVE,ORIGINAL,3,4,TG10_SHARED_RIDGE_BALANCED,GENERAL,1.0
PRIMARY_TRUSTED_0103,V5DEV_014,0,COMPETITIVE,ORIGINAL,3,4,TG10_SHARED_RIDGE_BALANCED,GENERAL,0.0
PRIMARY_TRUSTED_0108,V5DEV_022,1,COMPETITIVE,ORIGINAL,3,4,TG10_SHARED_RIDGE_BALANCED,GENERAL,1.0
PRIMARY_TRUSTED_0118,V5DEV_025,0,COMPETITIVE,ORIGINAL,3,4,TG10_SHARED_RIDGE_BALANCED,GENERAL,1.0
PRIMARY_TRUSTED_0119,V5DEV_025,0,COMPETITIVE,ORIGINAL,3,4,TG10_SHARED_RIDGE_BALANCED,GENERAL,0.0
PRIMARY_TRUSTED_0120,V5DEV_025,0,COMPETITIVE,ORIGINAL,3,4,TG10_SHARED_RIDGE_BALANCED,GENERAL,1.0
PRIMARY_TRUSTED_0121,V5DEV_025,1,COMPETITIVE,ORIGINAL,3,4,TG10_SHARED_RIDGE_BALANCED,GENERAL,0.0
PRIMARY_TRUSTED_0122,V5DEV_025,1,COMPETITIVE,ORIGINAL,3,4,TG10_SHARED_RIDGE_BALANCED,GENERAL,0.0
PRIMARY_TRUSTED_0123,V5DEV_026,1,COMPETITIVE,ORIGINAL,3,4,TG10_SHARED_RIDGE_BALANCED,GENERAL,0.0
PRIMARY_TRUSTED_0124,V5DEV_026,1,COMPETITIVE,ORIGINAL,3,4,TG10_SHARED_RIDGE_BALANCED,GENERAL,0.0
PRIMARY_TRUSTED_0125,V5DEV_026,1,COMPETITIVE,ORIGINAL,3,4,TG10_SHARED_RIDGE_BALANCED,GENERAL,0.0
PRIMARY_TRUSTED_0160,V5DEV_051,0,PROJECT,ORIGINAL,3,4,TG10_SHARED_RIDGE_BALANCED,GENERAL,1.0
PRIMARY_TRUSTED_0164,V5DEV_080,1,PROJECT,ORIGINAL,3,4,TG10_SHARED_RIDGE_BALANCED,GENERAL,1.0
PRIMARY_TRUSTED_0169,V5DEV_106,1,STATUS,ORIGINAL,3,4,TG10_SHARED_RIDGE_BALANCED,GENERAL,0.0
PRIMARY_TRUSTED_0173,V5DEV_109,1,STATUS,ORIGINAL,3,4,TG10_SHARED_RIDGE_BALANCED,GENERAL,0.0
PRIMARY_TRUSTED_0174,V5DEV_109,0,STATUS,ORIGINAL,3,4,TG10_SHARED_RIDGE_BALANCED,GENERAL,0.0
PRIMARY_TRUSTED_0175,V5DEV_114,1,STATUS,ORIGINAL,3,4,TG10_SHARED_RIDGE_BALANCED,GENERAL,1.0
PRIMARY_TRUSTED_0176,V5DEV_114,1,STATUS,ORIGINAL,3,4,TG10_SHARED_RIDGE_BALANCED,GENERAL,0.0
PRIMARY_TRUSTED_0192,V5DEV_158,1,STATUS,ORIGINAL,3,4,TG10_SHARED_RIDGE_BALANCED,GENERAL,1.0
PRIMARY_TRUSTED_0193,V5DEV_158,0,STATUS,ORIGINAL,3,4,TG10_SHARED_RIDGE_BALANCED,GENERAL,1.0
PRIMARY_TRUSTED_0004,V5DEVX_007,0,COMPETITIVE,E1,3,4,TG10_MULTITASK_EFFECT_RIDGE_BALANCED,GENERAL,1.0
PRIMARY_TRUSTED_0012,V5DEVX_025,1,COMPETITIVE,E1,3,4,TG10_MULTITASK_EFFECT_RIDGE_BALANCED,GENERAL,0.0
PRIMARY_TRUSTED_0013,V5DEVX_025,1,COMPETITIVE,E1,3,4,TG10_MULTITASK_EFFECT_RIDGE_BALANCED,GENERAL,1.0
PRIMARY_TRUSTED_0021,V5DEVX_049,1,COMPETITIVE,E1,3,4,TG10_MULTITASK_EFFECT_RIDGE_BALANCED,GENERAL,1.0
PRIMARY_TRUSTED_0022,V5DEVX_049,1,COMPETITIVE,E1,3,4,TG10_MULTITASK_EFFECT_RIDGE_BALANCED,GENERAL,1.0
PRIMARY_TRUSTED_0023,V5DEVX_049,1,COMPETITIVE,E1,3,4,TG10_MULTITASK_EFFECT_RIDGE_BALANCED,GENERAL,1.0
PRIMARY_TRUSTED_0024,V5DEVX_049,0,COMPETITIVE,E1,3,4,TG10_MULTITASK_EFFECT_RIDGE_BALANCED,GENERAL,1.0
PRIMARY_TRUSTED_0027,V5DEVX_055,0,COMPETITIVE,E1,3,4,TG10_MULTITASK_EFFECT_RIDGE_BALANCED,GENERAL,1.0
PRIMARY_TRUSTED_0028,V5DEVX_055,0,COMPETITIVE,E1,3,4,TG10_MULTITASK_EFFECT_RIDGE_BALANCED,GENERAL,0.0
PRIMARY_TRUSTED_0029,V5DEVX_066,1,COMPETITIVE,E1,3,4,TG10_MULTITASK_EFFECT_RIDGE_BALANCED,GENERAL,1.0
PRIMARY_TRUSTED_0039,V5DEVX_128,1,STATUS,E1,3,4,TG10_MULTITASK_EFFECT_RIDGE_BALANCED,GENERAL,1.0
PRIMARY_TRUSTED_0064,V5DEVE2_013,1,COMPETITIVE,E2,3,4,TG10_MULTITASK_EFFECT_RIDGE_BALANCED,GENERAL,0.0
PRIMARY_TRUSTED_0065,V5DEVE2_013,0,COMPETITIVE,E2,3,4,TG10_MULTITASK_EFFECT_RIDGE_BALANCED,GENERAL,0.0
PRIMARY_TRUSTED_0066,V5DEVE2_015,1,STATUS,E2,3,4,TG10_MULTITASK_EFFECT_RIDGE_BALANCED,GENERAL,0.0
PRIMARY_TRUSTED_0075,V5DEVE2_106,1,COMPETITIVE,E2,3,4,TG10_MULTITASK_EFFECT_RIDGE_BALANCED,GENERAL,0.0
PRIMARY_TRUSTED_0079,V5DEVE2_154,0,COMPETITIVE,E2,3,4,TG10_MULTITASK_EFFECT_RIDGE_BALANCED,GENERAL,1.0
PRIMARY_TRUSTED_0089,V5DEV_007,0,COMPETITIVE,ORIGINAL,3,4,TG10_MULTITASK_EFFECT_RIDGE_BALANCED,GENERAL,1.0
PRIMARY_TRUSTED_0100,V5DEV_014,0,COMPETITIVE,ORIGINAL,3,4,TG10_MULTITASK_EFFECT_RIDGE_BALANCED,GENERAL,1.0
PRIMARY_TRUSTED_0101,V5DEV_014,1,COMPETITIVE,ORIGINAL,3,4,TG10_MULTITASK_EFFECT_RIDGE_BALANCED,GENERAL,0.0
PRIMARY_TRUSTED_0102,V5DEV_014,1,COMPETITIVE,ORIGINAL,3,4,TG10_MULTITASK_EFFECT_RIDGE_BALANCED,GENERAL,0.0
PRIMARY_TRUSTED_0103,V5DEV_014,0,COMPETITIVE,ORIGINAL,3,4,TG10_MULTITASK_EFFECT_RIDGE_BALANCED,GENERAL,1.0
PRIMARY_TRUSTED_0108,V5DEV_022,1,COMPETITIVE,ORIGINAL,3,4,TG10_MULTITASK_EFFECT_RIDGE_BALANCED,GENERAL,1.0
PRIMARY_TRUSTED_0118,V5DEV_025,0,COMPETITIVE,ORIGINAL,3,4,TG10_MULTITASK_EFFECT_RIDGE_BALANCED,GENERAL,1.0
PRIMARY_TRUSTED_0119,V5DEV_025,0,COMPETITIVE,ORIGINAL,3,4,TG10_MULTITASK_EFFECT_RIDGE_BALANCED,GENERAL,1.0
PRIMARY_TRUSTED_0120,V5DEV_025,0,COMPETITIVE,ORIGINAL,3,4,TG10_MULTITASK_EFFECT_RIDGE_BALANCED,GENERAL,1.0
PRIMARY_TRUSTED_0121,V5DEV_025,1,COMPETITIVE,ORIGINAL,3,4,TG10_MULTITASK_EFFECT_RIDGE_BALANCED,GENERAL,0.0
PRIMARY_TRUSTED_0122,V5DEV_025,1,COMPETITIVE,ORIGINAL,3,4,TG10_MULTITASK_EFFECT_RIDGE_BALANCED,GENERAL,0.0
PRIMARY_TRUSTED_0123,V5DEV_026,1,COMPETITIVE,ORIGINAL,3,4,TG10_MULTITASK_EFFECT_RIDGE_BALANCED,GENERAL,1.0
PRIMARY_TRUSTED_0124,V5DEV_026,1,COMPETITIVE,ORIGINAL,3,4,TG10_MULTITASK_EFFECT_RIDGE_BALANCED,GENERAL,1.0
PRIMARY_TRUSTED_0125,V5DEV_026,1,COMPETITIVE,ORIGINAL,3,4,TG10_MULTITASK_EFFECT_RIDGE_BALANCED,GENERAL,1.0
PRIMARY_TRUSTED_0160,V5DEV_051,0,PROJECT,ORIGINAL,3,4,TG10_MULTITASK_EFFECT_RIDGE_BALANCED,GENERAL,0.0
PRIMARY_TRUSTED_0164,V5DEV_080,1,PROJECT,ORIGINAL,3,4,TG10_MULTITASK_EFFECT_RIDGE_BALANCED,GENERAL,0.0
PRIMARY_TRUSTED_0169,V5DEV_106,1,STATUS,ORIGINAL,3,4,TG10_MULTITASK_EFFECT_RIDGE_BALANCED,GENERAL,0.0
PRIMARY_TRUSTED_0173,V5DEV_109,1,STATUS,ORIGINAL,3,4,TG10_MULTITASK_EFFECT_RIDGE_BALANCED,GENERAL,0.0
PRIMARY_TRUSTED_0174,V5DEV_109,0,STATUS,ORIGINAL,3,4,TG10_MULTITASK_EFFECT_RIDGE_BALANCED,GENERAL,1.0
PRIMARY_TRUSTED_0175,V5DEV_114,1,STATUS,ORIGINAL,3,4,TG10_MULTITASK_EFFECT_RIDGE_BALANCED,GENERAL,0.0
PRIMARY_TRUSTED_0176,V5DEV_114,1,STATUS,ORIGINAL,3,4,TG10_MULTITASK_EFFECT_RIDGE_BALANCED,GENERAL,0.0
PRIMARY_TRUSTED_0192,V5DEV_158,1,STATUS,ORIGINAL,3,4,TG10_MULTITASK_EFFECT_RIDGE_BALANCED,GENERAL,0.0
PRIMARY_TRUSTED_0193,V5DEV_158,0,STATUS,ORIGINAL,3,4,TG10_MULTITASK_EFFECT_RIDGE_BALANCED,GENERAL,1.0
PRIMARY_TRUSTED_0004,V5DEVX_007,0,COMPETITIVE,E1,3,4,TG10_MULTITASK_EFFECT_RIDGE_BALANCED,TASK_CONDITIONED_DIAGNOSTIC,1.0
PRIMARY_TRUSTED_0012,V5DEVX_025,1,COMPETITIVE,E1,3,4,TG10_MULTITASK_EFFECT_RIDGE_BALANCED,TASK_CONDITIONED_DIAGNOSTIC,1.0
PRIMARY_TRUSTED_0013,V5DEVX_025,1,COMPETITIVE,E1,3,4,TG10_MULTITASK_EFFECT_RIDGE_BALANCED,TASK_CONDITIONED_DIAGNOSTIC,0.0
PRIMARY_TRUSTED_0021,V5DEVX_049,1,COMPETITIVE,E1,3,4,TG10_MULTITASK_EFFECT_RIDGE_BALANCED,TASK_CONDITIONED_DIAGNOSTIC,0.0
PRIMARY_TRUSTED_0022,V5DEVX_049,1,COMPETITIVE,E1,3,4,TG10_MULTITASK_EFFECT_RIDGE_BALANCED,TASK_CONDITIONED_DIAGNOSTIC,0.0
PRIMARY_TRUSTED_0023,V5DEVX_049,1,COMPETITIVE,E1,3,4,TG10_MULTITASK_EFFECT_RIDGE_BALANCED,TASK_CONDITIONED_DIAGNOSTIC,1.0
PRIMARY_TRUSTED_0024,V5DEVX_049,0,COMPETITIVE,E1,3,4,TG10_MULTITASK_EFFECT_RIDGE_BALANCED,TASK_CONDITIONED_DIAGNOSTIC,1.0
PRIMARY_TRUSTED_0027,V5DEVX_055,0,COMPETITIVE,E1,3,4,TG10_MULTITASK_EFFECT_RIDGE_BALANCED,TASK_CONDITIONED_DIAGNOSTIC,0.0
PRIMARY_TRUSTED_0028,V5DEVX_055,0,COMPETITIVE,E1,3,4,TG10_MULTITASK_EFFECT_RIDGE_BALANCED,TASK_CONDITIONED_DIAGNOSTIC,0.0
PRIMARY_TRUSTED_0029,V5DEVX_066,1,COMPETITIVE,E1,3,4,TG10_MULTITASK_EFFECT_RIDGE_BALANCED,TASK_CONDITIONED_DIAGNOSTIC,1.0
PRIMARY_TRUSTED_0039,V5DEVX_128,1,STATUS,E1,3,4,TG10_MULTITASK_EFFECT_RIDGE_BALANCED,TASK_CONDITIONED_DIAGNOSTIC,1.0
PRIMARY_TRUSTED_0064,V5DEVE2_013,1,COMPETITIVE,E2,3,4,TG10_MULTITASK_EFFECT_RIDGE_BALANCED,TASK_CONDITIONED_DIAGNOSTIC,1.0
PRIMARY_TRUSTED_0065,V5DEVE2_013,0,COMPETITIVE,E2,3,4,TG10_MULTITASK_EFFECT_RIDGE_BALANCED,TASK_CONDITIONED_DIAGNOSTIC,0.0
PRIMARY_TRUSTED_0066,V5DEVE2_015,1,STATUS,E2,3,4,TG10_MULTITASK_EFFECT_RIDGE_BALANCED,TASK_CONDITIONED_DIAGNOSTIC,0.0
PRIMARY_TRUSTED_0075,V5DEVE2_106,1,COMPETITIVE,E2,3,4,TG10_MULTITASK_EFFECT_RIDGE_BALANCED,TASK_CONDITIONED_DIAGNOSTIC,0.0
PRIMARY_TRUSTED_0079,V5DEVE2_154,0,COMPETITIVE,E2,3,4,TG10_MULTITASK_EFFECT_RIDGE_BALANCED,TASK_CONDITIONED_DIAGNOSTIC,0.0
PRIMARY_TRUSTED_0089,V5DEV_007,0,COMPETITIVE,ORIGINAL,3,4,TG10_MULTITASK_EFFECT_RIDGE_BALANCED,TASK_CONDITIONED_DIAGNOSTIC,1.0
PRIMARY_TRUSTED_0100,V5DEV_014,0,COMPETITIVE,ORIGINAL,3,4,TG10_MULTITASK_EFFECT_RIDGE_BALANCED,TASK_CONDITIONED_DIAGNOSTIC,1.0
PRIMARY_TRUSTED_0101,V5DEV_014,1,COMPETITIVE,ORIGINAL,3,4,TG10_MULTITASK_EFFECT_RIDGE_BALANCED,TASK_CONDITIONED_DIAGNOSTIC,0.0
PRIMARY_TRUSTED_0102,V5DEV_014,1,COMPETITIVE,ORIGINAL,3,4,TG10_MULTITASK_EFFECT_RIDGE_BALANCED,TASK_CONDITIONED_DIAGNOSTIC,0.0
PRIMARY_TRUSTED_0103,V5DEV_014,0,COMPETITIVE,ORIGINAL,3,4,TG10_MULTITASK_EFFECT_RIDGE_BALANCED,TASK_CONDITIONED_DIAGNOSTIC,1.0
PRIMARY_TRUSTED_0108,V5DEV_022,1,COMPETITIVE,ORIGINAL,3,4,TG10_MULTITASK_EFFECT_RIDGE_BALANCED,TASK_CONDITIONED_DIAGNOSTIC,1.0
PRIMARY_TRUSTED_0118,V5DEV_025,0,COMPETITIVE,ORIGINAL,3,4,TG10_MULTITASK_EFFECT_RIDGE_BALANCED,TASK_CONDITIONED_DIAGNOSTIC,0.0
PRIMARY_TRUSTED_0119,V5DEV_025,0,COMPETITIVE,ORIGINAL,3,4,TG10_MULTITASK_EFFECT_RIDGE_BALANCED,TASK_CONDITIONED_DIAGNOSTIC,0.0
PRIMARY_TRUSTED_0120,V5DEV_025,0,COMPETITIVE,ORIGINAL,3,4,TG10_MULTITASK_EFFECT_RIDGE_BALANCED,TASK_CONDITIONED_DIAGNOSTIC,0.0
PRIMARY_TRUSTED_0121,V5DEV_025,1,COMPETITIVE,ORIGINAL,3,4,TG10_MULTITASK_EFFECT_RIDGE_BALANCED,TASK_CONDITIONED_DIAGNOSTIC,1.0
PRIMARY_TRUSTED_0122,V5DEV_025,1,COMPETITIVE,ORIGINAL,3,4,TG10_MULTITASK_EFFECT_RIDGE_BALANCED,TASK_CONDITIONED_DIAGNOSTIC,1.0
PRIMARY_TRUSTED_0123,V5DEV_026,1,COMPETITIVE,ORIGINAL,3,4,TG10_MULTITASK_EFFECT_RIDGE_BALANCED,TASK_CONDITIONED_DIAGNOSTIC,1.0
PRIMARY_TRUSTED_0124,V5DEV_026,1,COMPETITIVE,ORIGINAL,3,4,TG10_MULTITASK_EFFECT_RIDGE_BALANCED,TASK_CONDITIONED_DIAGNOSTIC,1.0
PRIMARY_TRUSTED_0125,V5DEV_026,1,COMPETITIVE,ORIGINAL,3,4,TG10_MULTITASK_EFFECT_RIDGE_BALANCED,TASK_CONDITIONED_DIAGNOSTIC,1.0
PRIMARY_TRUSTED_0160,V5DEV_051,0,PROJECT,ORIGINAL,3,4,TG10_MULTITASK_EFFECT_RIDGE_BALANCED,TASK_CONDITIONED_DIAGNOSTIC,0.0
PRIMARY_TRUSTED_0164,V5DEV_080,1,PROJECT,ORIGINAL,3,4,TG10_MULTITASK_EFFECT_RIDGE_BALANCED,TASK_CONDITIONED_DIAGNOSTIC,0.0
PRIMARY_TRUSTED_0169,V5DEV_106,1,STATUS,ORIGINAL,3,4,TG10_MULTITASK_EFFECT_RIDGE_BALANCED,TASK_CONDITIONED_DIAGNOSTIC,0.0
PRIMARY_TRUSTED_0173,V5DEV_109,1,STATUS,ORIGINAL,3,4,TG10_MULTITASK_EFFECT_RIDGE_BALANCED,TASK_CONDITIONED_DIAGNOSTIC,0.0
PRIMARY_TRUSTED_0174,V5DEV_109,0,STATUS,ORIGINAL,3,4,TG10_MULTITASK_EFFECT_RIDGE_BALANCED,TASK_CONDITIONED_DIAGNOSTIC,1.0
PRIMARY_TRUSTED_0175,V5DEV_114,1,STATUS,ORIGINAL,3,4,TG10_MULTITASK_EFFECT_RIDGE_BALANCED,TASK_CONDITIONED_DIAGNOSTIC,1.0
PRIMARY_TRUSTED_0176,V5DEV_114,1,STATUS,ORIGINAL,3,4,TG10_MULTITASK_EFFECT_RIDGE_BALANCED,TASK_CONDITIONED_DIAGNOSTIC,0.0
PRIMARY_TRUSTED_0192,V5DEV_158,1,STATUS,ORIGINAL,3,4,TG10_MULTITASK_EFFECT_RIDGE_BALANCED,TASK_CONDITIONED_DIAGNOSTIC,1.0
PRIMARY_TRUSTED_0193,V5DEV_158,0,STATUS,ORIGINAL,3,4,TG10_MULTITASK_EFFECT_RIDGE_BALANCED,TASK_CONDITIONED_DIAGNOSTIC,1.0
PRIMARY_TRUSTED_0001,V5DEVX_004,0,COMPETITIVE,E1,4,0,TG10_SHARED_RIDGE_BALANCED,GENERAL,1.0
PRIMARY_TRUSTED_0002,V5DEVX_004,1,COMPETITIVE,E1,4,0,TG10_SHARED_RIDGE_BALANCED,GENERAL,1.0
PRIMARY_TRUSTED_0003,V5DEVX_004,1,COMPETITIVE,E1,4,0,TG10_SHARED_RIDGE_BALANCED,GENERAL,1.0
PRIMARY_TRUSTED_0025,V5DEVX_050,1,PROJECT,E1,4,0,TG10_SHARED_RIDGE_BALANCED,GENERAL,1.0
PRIMARY_TRUSTED_0027,V5DEVX_055,0,COMPETITIVE,E1,4,0,TG10_SHARED_RIDGE_BALANCED,GENERAL,1.0
PRIMARY_TRUSTED_0028,V5DEVX_055,0,COMPETITIVE,E1,4,0,TG10_SHARED_RIDGE_BALANCED,GENERAL,1.0
PRIMARY_TRUSTED_0035,V5DEVX_108,1,STATUS,E1,4,0,TG10_SHARED_RIDGE_BALANCED,GENERAL,1.0
PRIMARY_TRUSTED_0038,V5DEVX_122,1,STATUS,E1,4,0,TG10_SHARED_RIDGE_BALANCED,GENERAL,1.0
PRIMARY_TRUSTED_0039,V5DEVX_128,1,STATUS,E1,4,0,TG10_SHARED_RIDGE_BALANCED,GENERAL,1.0
PRIMARY_TRUSTED_0044,V5DEVX_132,1,COMPETITIVE,E1,4,0,TG10_SHARED_RIDGE_BALANCED,GENERAL,1.0
PRIMARY_TRUSTED_0045,V5DEVX_132,1,COMPETITIVE,E1,4,0,TG10_SHARED_RIDGE_BALANCED,GENERAL,1.0
PRIMARY_TRUSTED_0046,V5DEVX_132,0,COMPETITIVE,E1,4,0,TG10_SHARED_RIDGE_BALANCED,GENERAL,0.0
PRIMARY_TRUSTED_0061,V5DEVE2_007,1,COMPETITIVE,E2,4,0,TG10_SHARED_RIDGE_BALANCED,GENERAL,1.0
PRIMARY_TRUSTED_0062,V5DEVE2_007,1,COMPETITIVE,E2,4,0,TG10_SHARED_RIDGE_BALANCED,GENERAL,1.0
PRIMARY_TRUSTED_0066,V5DEVE2_015,1,STATUS,E2,4,0,TG10_SHARED_RIDGE_BALANCED,GENERAL,0.0
PRIMARY_TRUSTED_0076,V5DEVE2_115,1,COMPETITIVE,E2,4,0,TG10_SHARED_RIDGE_BALANCED,GENERAL,1.0
PRIMARY_TRUSTED_0089,V5DEV_007,0,COMPETITIVE,ORIGINAL,4,0,TG10_SHARED_RIDGE_BALANCED,GENERAL,1.0
PRIMARY_TRUSTED_0109,V5DEV_023,1,COMPETITIVE,ORIGINAL,4,0,TG10_SHARED_RIDGE_BALANCED,GENERAL,0.0
PRIMARY_TRUSTED_0110,V5DEV_023,1,COMPETITIVE,ORIGINAL,4,0,TG10_SHARED_RIDGE_BALANCED,GENERAL,0.0
PRIMARY_TRUSTED_0111,V5DEV_023,1,COMPETITIVE,ORIGINAL,4,0,TG10_SHARED_RIDGE_BALANCED,GENERAL,0.0
PRIMARY_TRUSTED_0112,V5DEV_023,0,COMPETITIVE,ORIGINAL,4,0,TG10_SHARED_RIDGE_BALANCED,GENERAL,0.0
PRIMARY_TRUSTED_0113,V5DEV_023,0,COMPETITIVE,ORIGINAL,4,0,TG10_SHARED_RIDGE_BALANCED,GENERAL,0.0
PRIMARY_TRUSTED_0114,V5DEV_023,0,COMPETITIVE,ORIGINAL,4,0,TG10_SHARED_RIDGE_BALANCED,GENERAL,0.0
PRIMARY_TRUSTED_0115,V5DEV_023,1,COMPETITIVE,ORIGINAL,4,0,TG10_SHARED_RIDGE_BALANCED,GENERAL,0.0
PRIMARY_TRUSTED_0116,V5DEV_023,1,COMPETITIVE,ORIGINAL,4,0,TG10_SHARED_RIDGE_BALANCED,GENERAL,0.0
PRIMARY_TRUSTED_0117,V5DEV_024,1,COMPETITIVE,ORIGINAL,4,0,TG10_SHARED_RIDGE_BALANCED,GENERAL,1.0
PRIMARY_TRUSTED_0140,V5DEV_035,0,COMPETITIVE,ORIGINAL,4,0,TG10_SHARED_RIDGE_BALANCED,GENERAL,1.0
PRIMARY_TRUSTED_0141,V5DEV_035,0,COMPETITIVE,ORIGINAL,4,0,TG10_SHARED_RIDGE_BALANCED,GENERAL,1.0
PRIMARY_TRUSTED_0152,V5DEV_038,0,COMPETITIVE,ORIGINAL,4,0,TG10_SHARED_RIDGE_BALANCED,GENERAL,1.0
PRIMARY_TRUSTED_0153,V5DEV_038,0,COMPETITIVE,ORIGINAL,4,0,TG10_SHARED_RIDGE_BALANCED,GENERAL,1.0
PRIMARY_TRUSTED_0154,V5DEV_038,1,COMPETITIVE,ORIGINAL,4,0,TG10_SHARED_RIDGE_BALANCED,GENERAL,1.0
PRIMARY_TRUSTED_0155,V5DEV_038,0,COMPETITIVE,ORIGINAL,4,0,TG10_SHARED_RIDGE_BALANCED,GENERAL,0.0
PRIMARY_TRUSTED_0161,V5DEV_064,0,PROJECT,ORIGINAL,4,0,TG10_SHARED_RIDGE_BALANCED,GENERAL,1.0
PRIMARY_TRUSTED_0163,V5DEV_079,1,PROJECT,ORIGINAL,4,0,TG10_SHARED_RIDGE_BALANCED,GENERAL,0.0
PRIMARY_TRUSTED_0183,V5DEV_126,1,STATUS,ORIGINAL,4,0,TG10_SHARED_RIDGE_BALANCED,GENERAL,1.0
PRIMARY_TRUSTED_0184,V5DEV_126,1,STATUS,ORIGINAL,4,0,TG10_SHARED_RIDGE_BALANCED,GENERAL,0.0
PRIMARY_TRUSTED_0189,V5DEV_152,1,STATUS,ORIGINAL,4,0,TG10_SHARED_RIDGE_BALANCED,GENERAL,0.0
PRIMARY_TRUSTED_0192,V5DEV_158,1,STATUS,ORIGINAL,4,0,TG10_SHARED_RIDGE_BALANCED,GENERAL,1.0
PRIMARY_TRUSTED_0193,V5DEV_158,0,STATUS,ORIGINAL,4,0,TG10_SHARED_RIDGE_BALANCED,GENERAL,1.0
PRIMARY_TRUSTED_0001,V5DEVX_004,0,COMPETITIVE,E1,4,0,TG10_MULTITASK_EFFECT_RIDGE_BALANCED,GENERAL,1.0
PRIMARY_TRUSTED_0002,V5DEVX_004,1,COMPETITIVE,E1,4,0,TG10_MULTITASK_EFFECT_RIDGE_BALANCED,GENERAL,1.0
PRIMARY_TRUSTED_0003,V5DEVX_004,1,COMPETITIVE,E1,4,0,TG10_MULTITASK_EFFECT_RIDGE_BALANCED,GENERAL,0.0
PRIMARY_TRUSTED_0025,V5DEVX_050,1,PROJECT,E1,4,0,TG10_MULTITASK_EFFECT_RIDGE_BALANCED,GENERAL,1.0
PRIMARY_TRUSTED_0027,V5DEVX_055,0,COMPETITIVE,E1,4,0,TG10_MULTITASK_EFFECT_RIDGE_BALANCED,GENERAL,1.0
PRIMARY_TRUSTED_0028,V5DEVX_055,0,COMPETITIVE,E1,4,0,TG10_MULTITASK_EFFECT_RIDGE_BALANCED,GENERAL,1.0
PRIMARY_TRUSTED_0035,V5DEVX_108,1,STATUS,E1,4,0,TG10_MULTITASK_EFFECT_RIDGE_BALANCED,GENERAL,0.0
PRIMARY_TRUSTED_0038,V5DEVX_122,1,STATUS,E1,4,0,TG10_MULTITASK_EFFECT_RIDGE_BALANCED,GENERAL,0.0
PRIMARY_TRUSTED_0039,V5DEVX_128,1,STATUS,E1,4,0,TG10_MULTITASK_EFFECT_RIDGE_BALANCED,GENERAL,1.0
PRIMARY_TRUSTED_0044,V5DEVX_132,1,COMPETITIVE,E1,4,0,TG10_MULTITASK_EFFECT_RIDGE_BALANCED,GENERAL,1.0
PRIMARY_TRUSTED_0045,V5DEVX_132,1,COMPETITIVE,E1,4,0,TG10_MULTITASK_EFFECT_RIDGE_BALANCED,GENERAL,1.0
PRIMARY_TRUSTED_0046,V5DEVX_132,0,COMPETITIVE,E1,4,0,TG10_MULTITASK_EFFECT_RIDGE_BALANCED,GENERAL,1.0
PRIMARY_TRUSTED_0061,V5DEVE2_007,1,COMPETITIVE,E2,4,0,TG10_MULTITASK_EFFECT_RIDGE_BALANCED,GENERAL,1.0
PRIMARY_TRUSTED_0062,V5DEVE2_007,1,COMPETITIVE,E2,4,0,TG10_MULTITASK_EFFECT_RIDGE_BALANCED,GENERAL,1.0
PRIMARY_TRUSTED_0066,V5DEVE2_015,1,STATUS,E2,4,0,TG10_MULTITASK_EFFECT_RIDGE_BALANCED,GENERAL,1.0
PRIMARY_TRUSTED_0076,V5DEVE2_115,1,COMPETITIVE,E2,4,0,TG10_MULTITASK_EFFECT_RIDGE_BALANCED,GENERAL,0.0
PRIMARY_TRUSTED_0089,V5DEV_007,0,COMPETITIVE,ORIGINAL,4,0,TG10_MULTITASK_EFFECT_RIDGE_BALANCED,GENERAL,0.0
PRIMARY_TRUSTED_0109,V5DEV_023,1,COMPETITIVE,ORIGINAL,4,0,TG10_MULTITASK_EFFECT_RIDGE_BALANCED,GENERAL,1.0
PRIMARY_TRUSTED_0110,V5DEV_023,1,COMPETITIVE,ORIGINAL,4,0,TG10_MULTITASK_EFFECT_RIDGE_BALANCED,GENERAL,1.0
PRIMARY_TRUSTED_0111,V5DEV_023,1,COMPETITIVE,ORIGINAL,4,0,TG10_MULTITASK_EFFECT_RIDGE_BALANCED,GENERAL,1.0
PRIMARY_TRUSTED_0112,V5DEV_023,0,COMPETITIVE,ORIGINAL,4,0,TG10_MULTITASK_EFFECT_RIDGE_BALANCED,GENERAL,1.0
PRIMARY_TRUSTED_0113,V5DEV_023,0,COMPETITIVE,ORIGINAL,4,0,TG10_MULTITASK_EFFECT_RIDGE_BALANCED,GENERAL,0.0
PRIMARY_TRUSTED_0114,V5DEV_023,0,COMPETITIVE,ORIGINAL,4,0,TG10_MULTITASK_EFFECT_RIDGE_BALANCED,GENERAL,0.0
PRIMARY_TRUSTED_0115,V5DEV_023,1,COMPETITIVE,ORIGINAL,4,0,TG10_MULTITASK_EFFECT_RIDGE_BALANCED,GENERAL,0.0
PRIMARY_TRUSTED_0116,V5DEV_023,1,COMPETITIVE,ORIGINAL,4,0,TG10_MULTITASK_EFFECT_RIDGE_BALANCED,GENERAL,0.0
PRIMARY_TRUSTED_0117,V5DEV_024,1,COMPETITIVE,ORIGINAL,4,0,TG10_MULTITASK_EFFECT_RIDGE_BALANCED,GENERAL,1.0
PRIMARY_TRUSTED_0140,V5DEV_035,0,COMPETITIVE,ORIGINAL,4,0,TG10_MULTITASK_EFFECT_RIDGE_BALANCED,GENERAL,1.0
PRIMARY_TRUSTED_0141,V5DEV_035,0,COMPETITIVE,ORIGINAL,4,0,TG10_MULTITASK_EFFECT_RIDGE_BALANCED,GENERAL,1.0
PRIMARY_TRUSTED_0152,V5DEV_038,0,COMPETITIVE,ORIGINAL,4,0,TG10_MULTITASK_EFFECT_RIDGE_BALANCED,GENERAL,1.0
PRIMARY_TRUSTED_0153,V5DEV_038,0,COMPETITIVE,ORIGINAL,4,0,TG10_MULTITASK_EFFECT_RIDGE_BALANCED,GENERAL,1.0
PRIMARY_TRUSTED_0154,V5DEV_038,1,COMPETITIVE,ORIGINAL,4,0,TG10_MULTITASK_EFFECT_RIDGE_BALANCED,GENERAL,1.0
PRIMARY_TRUSTED_0155,V5DEV_038,0,COMPETITIVE,ORIGINAL,4,0,TG10_MULTITASK_EFFECT_RIDGE_BALANCED,GENERAL,1.0
PRIMARY_TRUSTED_0161,V5DEV_064,0,PROJECT,ORIGINAL,4,0,TG10_MULTITASK_EFFECT_RIDGE_BALANCED,GENERAL,1.0
PRIMARY_TRUSTED_0163,V5DEV_079,1,PROJECT,ORIGINAL,4,0,TG10_MULTITASK_EFFECT_RIDGE_BALANCED,GENERAL,0.0
PRIMARY_TRUSTED_0183,V5DEV_126,1,STATUS,ORIGINAL,4,0,TG10_MULTITASK_EFFECT_RIDGE_BALANCED,GENERAL,1.0
PRIMARY_TRUSTED_0184,V5DEV_126,1,STATUS,ORIGINAL,4,0,TG10_MULTITASK_EFFECT_RIDGE_BALANCED,GENERAL,0.0
PRIMARY_TRUSTED_0189,V5DEV_152,1,STATUS,ORIGINAL,4,0,TG10_MULTITASK_EFFECT_RIDGE_BALANCED,GENERAL,0.0
PRIMARY_TRUSTED_0192,V5DEV_158,1,STATUS,ORIGINAL,4,0,TG10_MULTITASK_EFFECT_RIDGE_BALANCED,GENERAL,0.0
PRIMARY_TRUSTED_0193,V5DEV_158,0,STATUS,ORIGINAL,4,0,TG10_MULTITASK_EFFECT_RIDGE_BALANCED,GENERAL,1.0
PRIMARY_TRUSTED_0001,V5DEVX_004,0,COMPETITIVE,E1,4,0,TG10_MULTITASK_EFFECT_RIDGE_BALANCED,TASK_CONDITIONED_DIAGNOSTIC,1.0
PRIMARY_TRUSTED_0002,V5DEVX_004,1,COMPETITIVE,E1,4,0,TG10_MULTITASK_EFFECT_RIDGE_BALANCED,TASK_CONDITIONED_DIAGNOSTIC,1.0
PRIMARY_TRUSTED_0003,V5DEVX_004,1,COMPETITIVE,E1,4,0,TG10_MULTITASK_EFFECT_RIDGE_BALANCED,TASK_CONDITIONED_DIAGNOSTIC,1.0
PRIMARY_TRUSTED_0025,V5DEVX_050,1,PROJECT,E1,4,0,TG10_MULTITASK_EFFECT_RIDGE_BALANCED,TASK_CONDITIONED_DIAGNOSTIC,1.0
PRIMARY_TRUSTED_0027,V5DEVX_055,0,COMPETITIVE,E1,4,0,TG10_MULTITASK_EFFECT_RIDGE_BALANCED,TASK_CONDITIONED_DIAGNOSTIC,0.0
PRIMARY_TRUSTED_0028,V5DEVX_055,0,COMPETITIVE,E1,4,0,TG10_MULTITASK_EFFECT_RIDGE_BALANCED,TASK_CONDITIONED_DIAGNOSTIC,0.0
PRIMARY_TRUSTED_0035,V5DEVX_108,1,STATUS,E1,4,0,TG10_MULTITASK_EFFECT_RIDGE_BALANCED,TASK_CONDITIONED_DIAGNOSTIC,0.0
PRIMARY_TRUSTED_0038,V5DEVX_122,1,STATUS,E1,4,0,TG10_MULTITASK_EFFECT_RIDGE_BALANCED,TASK_CONDITIONED_DIAGNOSTIC,0.0
PRIMARY_TRUSTED_0039,V5DEVX_128,1,STATUS,E1,4,0,TG10_MULTITASK_EFFECT_RIDGE_BALANCED,TASK_CONDITIONED_DIAGNOSTIC,1.0
PRIMARY_TRUSTED_0044,V5DEVX_132,1,COMPETITIVE,E1,4,0,TG10_MULTITASK_EFFECT_RIDGE_BALANCED,TASK_CONDITIONED_DIAGNOSTIC,1.0
PRIMARY_TRUSTED_0045,V5DEVX_132,1,COMPETITIVE,E1,4,0,TG10_MULTITASK_EFFECT_RIDGE_BALANCED,TASK_CONDITIONED_DIAGNOSTIC,1.0
PRIMARY_TRUSTED_0046,V5DEVX_132,0,COMPETITIVE,E1,4,0,TG10_MULTITASK_EFFECT_RIDGE_BALANCED,TASK_CONDITIONED_DIAGNOSTIC,1.0
PRIMARY_TRUSTED_0061,V5DEVE2_007,1,COMPETITIVE,E2,4,0,TG10_MULTITASK_EFFECT_RIDGE_BALANCED,TASK_CONDITIONED_DIAGNOSTIC,0.0
PRIMARY_TRUSTED_0062,V5DEVE2_007,1,COMPETITIVE,E2,4,0,TG10_MULTITASK_EFFECT_RIDGE_BALANCED,TASK_CONDITIONED_DIAGNOSTIC,0.0
PRIMARY_TRUSTED_0066,V5DEVE2_015,1,STATUS,E2,4,0,TG10_MULTITASK_EFFECT_RIDGE_BALANCED,TASK_CONDITIONED_DIAGNOSTIC,1.0
PRIMARY_TRUSTED_0076,V5DEVE2_115,1,COMPETITIVE,E2,4,0,TG10_MULTITASK_EFFECT_RIDGE_BALANCED,TASK_CONDITIONED_DIAGNOSTIC,0.0
PRIMARY_TRUSTED_0089,V5DEV_007,0,COMPETITIVE,ORIGINAL,4,0,TG10_MULTITASK_EFFECT_RIDGE_BALANCED,TASK_CONDITIONED_DIAGNOSTIC,1.0
PRIMARY_TRUSTED_0109,V5DEV_023,1,COMPETITIVE,ORIGINAL,4,0,TG10_MULTITASK_EFFECT_RIDGE_BALANCED,TASK_CONDITIONED_DIAGNOSTIC,0.0
PRIMARY_TRUSTED_0110,V5DEV_023,1,COMPETITIVE,ORIGINAL,4,0,TG10_MULTITASK_EFFECT_RIDGE_BALANCED,TASK_CONDITIONED_DIAGNOSTIC,0.0
PRIMARY_TRUSTED_0111,V5DEV_023,1,COMPETITIVE,ORIGINAL,4,0,TG10_MULTITASK_EFFECT_RIDGE_BALANCED,TASK_CONDITIONED_DIAGNOSTIC,1.0
PRIMARY_TRUSTED_0112,V5DEV_023,0,COMPETITIVE,ORIGINAL,4,0,TG10_MULTITASK_EFFECT_RIDGE_BALANCED,TASK_CONDITIONED_DIAGNOSTIC,1.0
PRIMARY_TRUSTED_0113,V5DEV_023,0,COMPETITIVE,ORIGINAL,4,0,TG10_MULTITASK_EFFECT_RIDGE_BALANCED,TASK_CONDITIONED_DIAGNOSTIC,1.0
PRIMARY_TRUSTED_0114,V5DEV_023,0,COMPETITIVE,ORIGINAL,4,0,TG10_MULTITASK_EFFECT_RIDGE_BALANCED,TASK_CONDITIONED_DIAGNOSTIC,0.0
PRIMARY_TRUSTED_0115,V5DEV_023,1,COMPETITIVE,ORIGINAL,4,0,TG10_MULTITASK_EFFECT_RIDGE_BALANCED,TASK_CONDITIONED_DIAGNOSTIC,1.0
PRIMARY_TRUSTED_0116,V5DEV_023,1,COMPETITIVE,ORIGINAL,4,0,TG10_MULTITASK_EFFECT_RIDGE_BALANCED,TASK_CONDITIONED_DIAGNOSTIC,1.0
PRIMARY_TRUSTED_0117,V5DEV_024,1,COMPETITIVE,ORIGINAL,4,0,TG10_MULTITASK_EFFECT_RIDGE_BALANCED,TASK_CONDITIONED_DIAGNOSTIC,1.0
PRIMARY_TRUSTED_0140,V5DEV_035,0,COMPETITIVE,ORIGINAL,4,0,TG10_MULTITASK_EFFECT_RIDGE_BALANCED,TASK_CONDITIONED_DIAGNOSTIC,1.0
PRIMARY_TRUSTED_0141,V5DEV_035,0,COMPETITIVE,ORIGINAL,4,0,TG10_MULTITASK_EFFECT_RIDGE_BALANCED,TASK_CONDITIONED_DIAGNOSTIC,1.0
PRIMARY_TRUSTED_0152,V5DEV_038,0,COMPETITIVE,ORIGINAL,4,0,TG10_MULTITASK_EFFECT_RIDGE_BALANCED,TASK_CONDITIONED_DIAGNOSTIC,0.0
PRIMARY_TRUSTED_0153,V5DEV_038,0,COMPETITIVE,ORIGINAL,4,0,TG10_MULTITASK_EFFECT_RIDGE_BALANCED,TASK_CONDITIONED_DIAGNOSTIC,1.0
PRIMARY_TRUSTED_0154,V5DEV_038,1,COMPETITIVE,ORIGINAL,4,0,TG10_MULTITASK_EFFECT_RIDGE_BALANCED,TASK_CONDITIONED_DIAGNOSTIC,0.0
PRIMARY_TRUSTED_0155,V5DEV_038,0,COMPETITIVE,ORIGINAL,4,0,TG10_MULTITASK_EFFECT_RIDGE_BALANCED,TASK_CONDITIONED_DIAGNOSTIC,1.0
PRIMARY_TRUSTED_0161,V5DEV_064,0,PROJECT,ORIGINAL,4,0,TG10_MULTITASK_EFFECT_RIDGE_BALANCED,TASK_CONDITIONED_DIAGNOSTIC,1.0
PRIMARY_TRUSTED_0163,V5DEV_079,1,PROJECT,ORIGINAL,4,0,TG10_MULTITASK_EFFECT_RIDGE_BALANCED,TASK_CONDITIONED_DIAGNOSTIC,0.0
PRIMARY_TRUSTED_0183,V5DEV_126,1,STATUS,ORIGINAL,4,0,TG10_MULTITASK_EFFECT_RIDGE_BALANCED,TASK_CONDITIONED_DIAGNOSTIC,0.0
PRIMARY_TRUSTED_0184,V5DEV_126,1,STATUS,ORIGINAL,4,0,TG10_MULTITASK_EFFECT_RIDGE_BALANCED,TASK_CONDITIONED_DIAGNOSTIC,0.0
PRIMARY_TRUSTED_0189,V5DEV_152,1,STATUS,ORIGINAL,4,0,TG10_MULTITASK_EFFECT_RIDGE_BALANCED,TASK_CONDITIONED_DIAGNOSTIC,1.0
PRIMARY_TRUSTED_0192,V5DEV_158,1,STATUS,ORIGINAL,4,0,TG10_MULTITASK_EFFECT_RIDGE_BALANCED,TASK_CONDITIONED_DIAGNOSTIC,0.0
PRIMARY_TRUSTED_0193,V5DEV_158,0,STATUS,ORIGINAL,4,0,TG10_MULTITASK_EFFECT_RIDGE_BALANCED,TASK_CONDITIONED_DIAGNOSTIC,1.0
PRIMARY_TRUSTED_0005,V5DEVX_008,1,PROJECT,E1,4,1,TG10_SHARED_RIDGE_BALANCED,GENERAL,1.0
PRIMARY_TRUSTED_0006,V5DEVX_008,0,PROJECT,E1,4,1,TG10_SHARED_RIDGE_BALANCED,GENERAL,0.0
PRIMARY_TRUSTED_0007,V5DEVX_010,0,COMPETITIVE,E1,4,1,TG10_SHARED_RIDGE_BALANCED,GENERAL,0.0
PRIMARY_TRUSTED_0008,V5DEVX_010,1,COMPETITIVE,E1,4,1,TG10_SHARED_RIDGE_BALANCED,GENERAL,1.0
PRIMARY_TRUSTED_0009,V5DEVX_010,0,COMPETITIVE,E1,4,1,TG10_SHARED_RIDGE_BALANCED,GENERAL,0.0
PRIMARY_TRUSTED_0010,V5DEVX_010,1,COMPETITIVE,E1,4,1,TG10_SHARED_RIDGE_BALANCED,GENERAL,0.0
PRIMARY_TRUSTED_0011,V5DEVX_017,1,STATUS,E1,4,1,TG10_SHARED_RIDGE_BALANCED,GENERAL,0.0
PRIMARY_TRUSTED_0017,V5DEVX_038,1,STATUS,E1,4,1,TG10_SHARED_RIDGE_BALANCED,GENERAL,1.0
PRIMARY_TRUSTED_0030,V5DEVX_089,1,COMPETITIVE,E1,4,1,TG10_SHARED_RIDGE_BALANCED,GENERAL,0.0
PRIMARY_TRUSTED_0031,V5DEVX_089,0,COMPETITIVE,E1,4,1,TG10_SHARED_RIDGE_BALANCED,GENERAL,1.0
PRIMARY_TRUSTED_0032,V5DEVX_089,1,COMPETITIVE,E1,4,1,TG10_SHARED_RIDGE_BALANCED,GENERAL,0.0
PRIMARY_TRUSTED_0063,V5DEVE2_009,1,STATUS,E2,4,1,TG10_SHARED_RIDGE_BALANCED,GENERAL,0.0
PRIMARY_TRUSTED_0067,V5DEVE2_022,1,COMPETITIVE,E2,4,1,TG10_SHARED_RIDGE_BALANCED,GENERAL,1.0
PRIMARY_TRUSTED_0068,V5DEVE2_022,0,COMPETITIVE,E2,4,1,TG10_SHARED_RIDGE_BALANCED,GENERAL,0.0
PRIMARY_TRUSTED_0070,V5DEVE2_028,1,COMPETITIVE,E2,4,1,TG10_SHARED_RIDGE_BALANCED,GENERAL,0.0
PRIMARY_TRUSTED_0072,V5DEVE2_061,1,STATUS,E2,4,1,TG10_SHARED_RIDGE_BALANCED,GENERAL,1.0
PRIMARY_TRUSTED_0090,V5DEV_008,0,COMPETITIVE,ORIGINAL,4,1,TG10_SHARED_RIDGE_BALANCED,GENERAL,0.0
PRIMARY_TRUSTED_0091,V5DEV_008,0,COMPETITIVE,ORIGINAL,4,1,TG10_SHARED_RIDGE_BALANCED,GENERAL,0.0
PRIMARY_TRUSTED_0098,V5DEV_013,1,COMPETITIVE,ORIGINAL,4,1,TG10_SHARED_RIDGE_BALANCED,GENERAL,1.0
PRIMARY_TRUSTED_0099,V5DEV_013,0,COMPETITIVE,ORIGINAL,4,1,TG10_SHARED_RIDGE_BALANCED,GENERAL,1.0
PRIMARY_TRUSTED_0126,V5DEV_028,1,COMPETITIVE,ORIGINAL,4,1,TG10_SHARED_RIDGE_BALANCED,GENERAL,0.0
PRIMARY_TRUSTED_0127,V5DEV_028,1,COMPETITIVE,ORIGINAL,4,1,TG10_SHARED_RIDGE_BALANCED,GENERAL,0.0
PRIMARY_TRUSTED_0130,V5DEV_030,0,COMPETITIVE,ORIGINAL,4,1,TG10_SHARED_RIDGE_BALANCED,GENERAL,0.0
PRIMARY_TRUSTED_0131,V5DEV_030,0,COMPETITIVE,ORIGINAL,4,1,TG10_SHARED_RIDGE_BALANCED,GENERAL,0.0
PRIMARY_TRUSTED_0132,V5DEV_030,0,COMPETITIVE,ORIGINAL,4,1,TG10_SHARED_RIDGE_BALANCED,GENERAL,0.0
PRIMARY_TRUSTED_0133,V5DEV_030,1,COMPETITIVE,ORIGINAL,4,1,TG10_SHARED_RIDGE_BALANCED,GENERAL,0.0
PRIMARY_TRUSTED_0134,V5DEV_030,1,COMPETITIVE,ORIGINAL,4,1,TG10_SHARED_RIDGE_BALANCED,GENERAL,0.0
PRIMARY_TRUSTED_0135,V5DEV_030,1,COMPETITIVE,ORIGINAL,4,1,TG10_SHARED_RIDGE_BALANCED,GENERAL,0.0
PRIMARY_TRUSTED_0136,V5DEV_030,1,COMPETITIVE,ORIGINAL,4,1,TG10_SHARED_RIDGE_BALANCED,GENERAL,0.0
PRIMARY_TRUSTED_0138,V5DEV_034,1,COMPETITIVE,ORIGINAL,4,1,TG10_SHARED_RIDGE_BALANCED,GENERAL,1.0
PRIMARY_TRUSTED_0139,V5DEV_034,1,COMPETITIVE,ORIGINAL,4,1,TG10_SHARED_RIDGE_BALANCED,GENERAL,1.0
PRIMARY_TRUSTED_0159,V5DEV_040,0,COMPETITIVE,ORIGINAL,4,1,TG10_SHARED_RIDGE_BALANCED,GENERAL,1.0
PRIMARY_TRUSTED_0177,V5DEV_117,1,STATUS,ORIGINAL,4,1,TG10_SHARED_RIDGE_BALANCED,GENERAL,0.0
PRIMARY_TRUSTED_0178,V5DEV_117,1,STATUS,ORIGINAL,4,1,TG10_SHARED_RIDGE_BALANCED,GENERAL,0.0
PRIMARY_TRUSTED_0179,V5DEV_117,0,STATUS,ORIGINAL,4,1,TG10_SHARED_RIDGE_BALANCED,GENERAL,0.0
PRIMARY_TRUSTED_0186,V5DEV_138,1,STATUS,ORIGINAL,4,1,TG10_SHARED_RIDGE_BALANCED,GENERAL,1.0
PRIMARY_TRUSTED_0187,V5DEV_138,0,STATUS,ORIGINAL,4,1,TG10_SHARED_RIDGE_BALANCED,GENERAL,1.0
PRIMARY_TRUSTED_0191,V5DEV_156,1,STATUS,ORIGINAL,4,1,TG10_SHARED_RIDGE_BALANCED,GENERAL,1.0
PRIMARY_TRUSTED_0005,V5DEVX_008,1,PROJECT,E1,4,1,TG10_MULTITASK_EFFECT_RIDGE_BALANCED,GENERAL,1.0
PRIMARY_TRUSTED_0006,V5DEVX_008,0,PROJECT,E1,4,1,TG10_MULTITASK_EFFECT_RIDGE_BALANCED,GENERAL,1.0
PRIMARY_TRUSTED_0007,V5DEVX_010,0,COMPETITIVE,E1,4,1,TG10_MULTITASK_EFFECT_RIDGE_BALANCED,GENERAL,1.0
PRIMARY_TRUSTED_0008,V5DEVX_010,1,COMPETITIVE,E1,4,1,TG10_MULTITASK_EFFECT_RIDGE_BALANCED,GENERAL,1.0
PRIMARY_TRUSTED_0009,V5DEVX_010,0,COMPETITIVE,E1,4,1,TG10_MULTITASK_EFFECT_RIDGE_BALANCED,GENERAL,1.0
PRIMARY_TRUSTED_0010,V5DEVX_010,1,COMPETITIVE,E1,4,1,TG10_MULTITASK_EFFECT_RIDGE_BALANCED,GENERAL,1.0
PRIMARY_TRUSTED_0011,V5DEVX_017,1,STATUS,E1,4,1,TG10_MULTITASK_EFFECT_RIDGE_BALANCED,GENERAL,1.0
PRIMARY_TRUSTED_0017,V5DEVX_038,1,STATUS,E1,4,1,TG10_MULTITASK_EFFECT_RIDGE_BALANCED,GENERAL,0.0
PRIMARY_TRUSTED_0030,V5DEVX_089,1,COMPETITIVE,E1,4,1,TG10_MULTITASK_EFFECT_RIDGE_BALANCED,GENERAL,0.0
PRIMARY_TRUSTED_0031,V5DEVX_089,0,COMPETITIVE,E1,4,1,TG10_MULTITASK_EFFECT_RIDGE_BALANCED,GENERAL,0.0
PRIMARY_TRUSTED_0032,V5DEVX_089,1,COMPETITIVE,E1,4,1,TG10_MULTITASK_EFFECT_RIDGE_BALANCED,GENERAL,0.0
PRIMARY_TRUSTED_0063,V5DEVE2_009,1,STATUS,E2,4,1,TG10_MULTITASK_EFFECT_RIDGE_BALANCED,GENERAL,1.0
PRIMARY_TRUSTED_0067,V5DEVE2_022,1,COMPETITIVE,E2,4,1,TG10_MULTITASK_EFFECT_RIDGE_BALANCED,GENERAL,0.0
PRIMARY_TRUSTED_0068,V5DEVE2_022,0,COMPETITIVE,E2,4,1,TG10_MULTITASK_EFFECT_RIDGE_BALANCED,GENERAL,1.0
PRIMARY_TRUSTED_0070,V5DEVE2_028,1,COMPETITIVE,E2,4,1,TG10_MULTITASK_EFFECT_RIDGE_BALANCED,GENERAL,0.0
PRIMARY_TRUSTED_0072,V5DEVE2_061,1,STATUS,E2,4,1,TG10_MULTITASK_EFFECT_RIDGE_BALANCED,GENERAL,1.0
PRIMARY_TRUSTED_0090,V5DEV_008,0,COMPETITIVE,ORIGINAL,4,1,TG10_MULTITASK_EFFECT_RIDGE_BALANCED,GENERAL,1.0
PRIMARY_TRUSTED_0091,V5DEV_008,0,COMPETITIVE,ORIGINAL,4,1,TG10_MULTITASK_EFFECT_RIDGE_BALANCED,GENERAL,1.0
PRIMARY_TRUSTED_0098,V5DEV_013,1,COMPETITIVE,ORIGINAL,4,1,TG10_MULTITASK_EFFECT_RIDGE_BALANCED,GENERAL,1.0
PRIMARY_TRUSTED_0099,V5DEV_013,0,COMPETITIVE,ORIGINAL,4,1,TG10_MULTITASK_EFFECT_RIDGE_BALANCED,GENERAL,1.0
PRIMARY_TRUSTED_0126,V5DEV_028,1,COMPETITIVE,ORIGINAL,4,1,TG10_MULTITASK_EFFECT_RIDGE_BALANCED,GENERAL,1.0
PRIMARY_TRUSTED_0127,V5DEV_028,1,COMPETITIVE,ORIGINAL,4,1,TG10_MULTITASK_EFFECT_RIDGE_BALANCED,GENERAL,1.0
PRIMARY_TRUSTED_0130,V5DEV_030,0,COMPETITIVE,ORIGINAL,4,1,TG10_MULTITASK_EFFECT_RIDGE_BALANCED,GENERAL,1.0
PRIMARY_TRUSTED_0131,V5DEV_030,0,COMPETITIVE,ORIGINAL,4,1,TG10_MULTITASK_EFFECT_RIDGE_BALANCED,GENERAL,0.0
PRIMARY_TRUSTED_0132,V5DEV_030,0,COMPETITIVE,ORIGINAL,4,1,TG10_MULTITASK_EFFECT_RIDGE_BALANCED,GENERAL,0.0
PRIMARY_TRUSTED_0133,V5DEV_030,1,COMPETITIVE,ORIGINAL,4,1,TG10_MULTITASK_EFFECT_RIDGE_BALANCED,GENERAL,1.0
PRIMARY_TRUSTED_0134,V5DEV_030,1,COMPETITIVE,ORIGINAL,4,1,TG10_MULTITASK_EFFECT_RIDGE_BALANCED,GENERAL,1.0
PRIMARY_TRUSTED_0135,V5DEV_030,1,COMPETITIVE,ORIGINAL,4,1,TG10_MULTITASK_EFFECT_RIDGE_BALANCED,GENERAL,0.0
PRIMARY_TRUSTED_0136,V5DEV_030,1,COMPETITIVE,ORIGINAL,4,1,TG10_MULTITASK_EFFECT_RIDGE_BALANCED,GENERAL,1.0
PRIMARY_TRUSTED_0138,V5DEV_034,1,COMPETITIVE,ORIGINAL,4,1,TG10_MULTITASK_EFFECT_RIDGE_BALANCED,GENERAL,0.0
PRIMARY_TRUSTED_0139,V5DEV_034,1,COMPETITIVE,ORIGINAL,4,1,TG10_MULTITASK_EFFECT_RIDGE_BALANCED,GENERAL,1.0
PRIMARY_TRUSTED_0159,V5DEV_040,0,COMPETITIVE,ORIGINAL,4,1,TG10_MULTITASK_EFFECT_RIDGE_BALANCED,GENERAL,1.0
PRIMARY_TRUSTED_0177,V5DEV_117,1,STATUS,ORIGINAL,4,1,TG10_MULTITASK_EFFECT_RIDGE_BALANCED,GENERAL,1.0
PRIMARY_TRUSTED_0178,V5DEV_117,1,STATUS,ORIGINAL,4,1,TG10_MULTITASK_EFFECT_RIDGE_BALANCED,GENERAL,1.0
PRIMARY_TRUSTED_0179,V5DEV_117,0,STATUS,ORIGINAL,4,1,TG10_MULTITASK_EFFECT_RIDGE_BALANCED,GENERAL,0.0
PRIMARY_TRUSTED_0186,V5DEV_138,1,STATUS,ORIGINAL,4,1,TG10_MULTITASK_EFFECT_RIDGE_BALANCED,GENERAL,1.0
PRIMARY_TRUSTED_0187,V5DEV_138,0,STATUS,ORIGINAL,4,1,TG10_MULTITASK_EFFECT_RIDGE_BALANCED,GENERAL,1.0
PRIMARY_TRUSTED_0191,V5DEV_156,1,STATUS,ORIGINAL,4,1,TG10_MULTITASK_EFFECT_RIDGE_BALANCED,GENERAL,1.0
PRIMARY_TRUSTED_0005,V5DEVX_008,1,PROJECT,E1,4,1,TG10_MULTITASK_EFFECT_RIDGE_BALANCED,TASK_CONDITIONED_DIAGNOSTIC,1.0
PRIMARY_TRUSTED_0006,V5DEVX_008,0,PROJECT,E1,4,1,TG10_MULTITASK_EFFECT_RIDGE_BALANCED,TASK_CONDITIONED_DIAGNOSTIC,1.0
PRIMARY_TRUSTED_0007,V5DEVX_010,0,COMPETITIVE,E1,4,1,TG10_MULTITASK_EFFECT_RIDGE_BALANCED,TASK_CONDITIONED_DIAGNOSTIC,0.0
PRIMARY_TRUSTED_0008,V5DEVX_010,1,COMPETITIVE,E1,4,1,TG10_MULTITASK_EFFECT_RIDGE_BALANCED,TASK_CONDITIONED_DIAGNOSTIC,1.0
PRIMARY_TRUSTED_0009,V5DEVX_010,0,COMPETITIVE,E1,4,1,TG10_MULTITASK_EFFECT_RIDGE_BALANCED,TASK_CONDITIONED_DIAGNOSTIC,0.0
PRIMARY_TRUSTED_0010,V5DEVX_010,1,COMPETITIVE,E1,4,1,TG10_MULTITASK_EFFECT_RIDGE_BALANCED,TASK_CONDITIONED_DIAGNOSTIC,1.0
PRIMARY_TRUSTED_0011,V5DEVX_017,1,STATUS,E1,4,1,TG10_MULTITASK_EFFECT_RIDGE_BALANCED,TASK_CONDITIONED_DIAGNOSTIC,1.0
PRIMARY_TRUSTED_0017,V5DEVX_038,1,STATUS,E1,4,1,TG10_MULTITASK_EFFECT_RIDGE_BALANCED,TASK_CONDITIONED_DIAGNOSTIC,1.0
PRIMARY_TRUSTED_0030,V5DEVX_089,1,COMPETITIVE,E1,4,1,TG10_MULTITASK_EFFECT_RIDGE_BALANCED,TASK_CONDITIONED_DIAGNOSTIC,1.0
PRIMARY_TRUSTED_0031,V5DEVX_089,0,COMPETITIVE,E1,4,1,TG10_MULTITASK_EFFECT_RIDGE_BALANCED,TASK_CONDITIONED_DIAGNOSTIC,0.0
PRIMARY_TRUSTED_0032,V5DEVX_089,1,COMPETITIVE,E1,4,1,TG10_MULTITASK_EFFECT_RIDGE_BALANCED,TASK_CONDITIONED_DIAGNOSTIC,1.0
PRIMARY_TRUSTED_0063,V5DEVE2_009,1,STATUS,E2,4,1,TG10_MULTITASK_EFFECT_RIDGE_BALANCED,TASK_CONDITIONED_DIAGNOSTIC,1.0
PRIMARY_TRUSTED_0067,V5DEVE2_022,1,COMPETITIVE,E2,4,1,TG10_MULTITASK_EFFECT_RIDGE_BALANCED,TASK_CONDITIONED_DIAGNOSTIC,1.0
PRIMARY_TRUSTED_0068,V5DEVE2_022,0,COMPETITIVE,E2,4,1,TG10_MULTITASK_EFFECT_RIDGE_BALANCED,TASK_CONDITIONED_DIAGNOSTIC,0.0
PRIMARY_TRUSTED_0070,V5DEVE2_028,1,COMPETITIVE,E2,4,1,TG10_MULTITASK_EFFECT_RIDGE_BALANCED,TASK_CONDITIONED_DIAGNOSTIC,0.0
PRIMARY_TRUSTED_0072,V5DEVE2_061,1,STATUS,E2,4,1,TG10_MULTITASK_EFFECT_RIDGE_BALANCED,TASK_CONDITIONED_DIAGNOSTIC,1.0
PRIMARY_TRUSTED_0090,V5DEV_008,0,COMPETITIVE,ORIGINAL,4,1,TG10_MULTITASK_EFFECT_RIDGE_BALANCED,TASK_CONDITIONED_DIAGNOSTIC,0.0
PRIMARY_TRUSTED_0091,V5DEV_008,0,COMPETITIVE,ORIGINAL,4,1,TG10_MULTITASK_EFFECT_RIDGE_BALANCED,TASK_CONDITIONED_DIAGNOSTIC,0.0
PRIMARY_TRUSTED_0098,V5DEV_013,1,COMPETITIVE,ORIGINAL,4,1,TG10_MULTITASK_EFFECT_RIDGE_BALANCED,TASK_CONDITIONED_DIAGNOSTIC,0.0
PRIMARY_TRUSTED_0099,V5DEV_013,0,COMPETITIVE,ORIGINAL,4,1,TG10_MULTITASK_EFFECT_RIDGE_BALANCED,TASK_CONDITIONED_DIAGNOSTIC,1.0
PRIMARY_TRUSTED_0126,V5DEV_028,1,COMPETITIVE,ORIGINAL,4,1,TG10_MULTITASK_EFFECT_RIDGE_BALANCED,TASK_CONDITIONED_DIAGNOSTIC,0.0
PRIMARY_TRUSTED_0127,V5DEV_028,1,COMPETITIVE,ORIGINAL,4,1,TG10_MULTITASK_EFFECT_RIDGE_BALANCED,TASK_CONDITIONED_DIAGNOSTIC,0.0
PRIMARY_TRUSTED_0130,V5DEV_030,0,COMPETITIVE,ORIGINAL,4,1,TG10_MULTITASK_EFFECT_RIDGE_BALANCED,TASK_CONDITIONED_DIAGNOSTIC,1.0
PRIMARY_TRUSTED_0131,V5DEV_030,0,COMPETITIVE,ORIGINAL,4,1,TG10_MULTITASK_EFFECT_RIDGE_BALANCED,TASK_CONDITIONED_DIAGNOSTIC,1.0
PRIMARY_TRUSTED_0132,V5DEV_030,0,COMPETITIVE,ORIGINAL,4,1,TG10_MULTITASK_EFFECT_RIDGE_BALANCED,TASK_CONDITIONED_DIAGNOSTIC,1.0
PRIMARY_TRUSTED_0133,V5DEV_030,1,COMPETITIVE,ORIGINAL,4,1,TG10_MULTITASK_EFFECT_RIDGE_BALANCED,TASK_CONDITIONED_DIAGNOSTIC,1.0
PRIMARY_TRUSTED_0134,V5DEV_030,1,COMPETITIVE,ORIGINAL,4,1,TG10_MULTITASK_EFFECT_RIDGE_BALANCED,TASK_CONDITIONED_DIAGNOSTIC,1.0
PRIMARY_TRUSTED_0135,V5DEV_030,1,COMPETITIVE,ORIGINAL,4,1,TG10_MULTITASK_EFFECT_RIDGE_BALANCED,TASK_CONDITIONED_DIAGNOSTIC,1.0
PRIMARY_TRUSTED_0136,V5DEV_030,1,COMPETITIVE,ORIGINAL,4,1,TG10_MULTITASK_EFFECT_RIDGE_BALANCED,TASK_CONDITIONED_DIAGNOSTIC,1.0
PRIMARY_TRUSTED_0138,V5DEV_034,1,COMPETITIVE,ORIGINAL,4,1,TG10_MULTITASK_EFFECT_RIDGE_BALANCED,TASK_CONDITIONED_DIAGNOSTIC,0.0
PRIMARY_TRUSTED_0139,V5DEV_034,1,COMPETITIVE,ORIGINAL,4,1,TG10_MULTITASK_EFFECT_RIDGE_BALANCED,TASK_CONDITIONED_DIAGNOSTIC,1.0
PRIMARY_TRUSTED_0159,V5DEV_040,0,COMPETITIVE,ORIGINAL,4,1,TG10_MULTITASK_EFFECT_RIDGE_BALANCED,TASK_CONDITIONED_DIAGNOSTIC,1.0
PRIMARY_TRUSTED_0177,V5DEV_117,1,STATUS,ORIGINAL,4,1,TG10_MULTITASK_EFFECT_RIDGE_BALANCED,TASK_CONDITIONED_DIAGNOSTIC,1.0
PRIMARY_TRUSTED_0178,V5DEV_117,1,STATUS,ORIGINAL,4,1,TG10_MULTITASK_EFFECT_RIDGE_BALANCED,TASK_CONDITIONED_DIAGNOSTIC,0.0
PRIMARY_TRUSTED_0179,V5DEV_117,0,STATUS,ORIGINAL,4,1,TG10_MULTITASK_EFFECT_RIDGE_BALANCED,TASK_CONDITIONED_DIAGNOSTIC,0.0
PRIMARY_TRUSTED_0186,V5DEV_138,1,STATUS,ORIGINAL,4,1,TG10_MULTITASK_EFFECT_RIDGE_BALANCED,TASK_CONDITIONED_DIAGNOSTIC,1.0
PRIMARY_TRUSTED_0187,V5DEV_138,0,STATUS,ORIGINAL,4,1,TG10_MULTITASK_EFFECT_RIDGE_BALANCED,TASK_CONDITIONED_DIAGNOSTIC,1.0
PRIMARY_TRUSTED_0191,V5DEV_156,1,STATUS,ORIGINAL,4,1,TG10_MULTITASK_EFFECT_RIDGE_BALANCED,TASK_CONDITIONED_DIAGNOSTIC,1.0
PRIMARY_TRUSTED_0004,V5DEVX_007,0,COMPETITIVE,E1,4,2,TG10_SHARED_RIDGE_BALANCED,GENERAL,1.0
PRIMARY_TRUSTED_0016,V5DEVX_036,1,STATUS,E1,4,2,TG10_SHARED_RIDGE_BALANCED,GENERAL,1.0
PRIMARY_TRUSTED_0020,V5DEVX_048,1,STATUS,E1,4,2,TG10_SHARED_RIDGE_BALANCED,GENERAL,0.0
PRIMARY_TRUSTED_0026,V5DEVX_052,0,COMPETITIVE,E1,4,2,TG10_SHARED_RIDGE_BALANCED,GENERAL,1.0
PRIMARY_TRUSTED_0036,V5DEVX_115,1,COMPETITIVE,E1,4,2,TG10_SHARED_RIDGE_BALANCED,GENERAL,0.0
PRIMARY_TRUSTED_0037,V5DEVX_115,1,COMPETITIVE,E1,4,2,TG10_SHARED_RIDGE_BALANCED,GENERAL,1.0
PRIMARY_TRUSTED_0052,V5DEVX_154,1,COMPETITIVE,E1,4,2,TG10_SHARED_RIDGE_BALANCED,GENERAL,0.0
PRIMARY_TRUSTED_0053,V5DEVX_154,0,COMPETITIVE,E1,4,2,TG10_SHARED_RIDGE_BALANCED,GENERAL,1.0
PRIMARY_TRUSTED_0054,V5DEVX_154,1,COMPETITIVE,E1,4,2,TG10_SHARED_RIDGE_BALANCED,GENERAL,1.0
PRIMARY_TRUSTED_0055,V5DEVX_154,1,COMPETITIVE,E1,4,2,TG10_SHARED_RIDGE_BALANCED,GENERAL,0.0
PRIMARY_TRUSTED_0056,V5DEVX_154,0,COMPETITIVE,E1,4,2,TG10_SHARED_RIDGE_BALANCED,GENERAL,0.0
PRIMARY_TRUSTED_0057,V5DEVX_154,0,COMPETITIVE,E1,4,2,TG10_SHARED_RIDGE_BALANCED,GENERAL,0.0
PRIMARY_TRUSTED_0064,V5DEVE2_013,1,COMPETITIVE,E2,4,2,TG10_SHARED_RIDGE_BALANCED,GENERAL,0.0
PRIMARY_TRUSTED_0065,V5DEVE2_013,0,COMPETITIVE,E2,4,2,TG10_SHARED_RIDGE_BALANCED,GENERAL,0.0
PRIMARY_TRUSTED_0069,V5DEVE2_027,1,STATUS,E2,4,2,TG10_SHARED_RIDGE_BALANCED,GENERAL,0.0
PRIMARY_TRUSTED_0073,V5DEVE2_080,1,STATUS,E2,4,2,TG10_SHARED_RIDGE_BALANCED,GENERAL,1.0
PRIMARY_TRUSTED_0074,V5DEVE2_083,1,COMPETITIVE,E2,4,2,TG10_SHARED_RIDGE_BALANCED,GENERAL,0.0
PRIMARY_TRUSTED_0084,V5DEV_005,1,COMPETITIVE,ORIGINAL,4,2,TG10_SHARED_RIDGE_BALANCED,GENERAL,1.0
PRIMARY_TRUSTED_0085,V5DEV_005,1,COMPETITIVE,ORIGINAL,4,2,TG10_SHARED_RIDGE_BALANCED,GENERAL,1.0
PRIMARY_TRUSTED_0086,V5DEV_005,1,COMPETITIVE,ORIGINAL,4,2,TG10_SHARED_RIDGE_BALANCED,GENERAL,1.0
PRIMARY_TRUSTED_0087,V5DEV_005,1,COMPETITIVE,ORIGINAL,4,2,TG10_SHARED_RIDGE_BALANCED,GENERAL,1.0
PRIMARY_TRUSTED_0088,V5DEV_005,0,COMPETITIVE,ORIGINAL,4,2,TG10_SHARED_RIDGE_BALANCED,GENERAL,1.0
PRIMARY_TRUSTED_0093,V5DEV_010,0,COMPETITIVE,ORIGINAL,4,2,TG10_SHARED_RIDGE_BALANCED,GENERAL,1.0
PRIMARY_TRUSTED_0104,V5DEV_015,0,COMPETITIVE,ORIGINAL,4,2,TG10_SHARED_RIDGE_BALANCED,GENERAL,1.0
PRIMARY_TRUSTED_0105,V5DEV_015,0,COMPETITIVE,ORIGINAL,4,2,TG10_SHARED_RIDGE_BALANCED,GENERAL,1.0
PRIMARY_TRUSTED_0107,V5DEV_020,0,COMPETITIVE,ORIGINAL,4,2,TG10_SHARED_RIDGE_BALANCED,GENERAL,1.0
PRIMARY_TRUSTED_0137,V5DEV_031,1,COMPETITIVE,ORIGINAL,4,2,TG10_SHARED_RIDGE_BALANCED,GENERAL,0.0
PRIMARY_TRUSTED_0156,V5DEV_039,1,COMPETITIVE,ORIGINAL,4,2,TG10_SHARED_RIDGE_BALANCED,GENERAL,0.0
PRIMARY_TRUSTED_0157,V5DEV_039,1,COMPETITIVE,ORIGINAL,4,2,TG10_SHARED_RIDGE_BALANCED,GENERAL,0.0
PRIMARY_TRUSTED_0158,V5DEV_039,1,COMPETITIVE,ORIGINAL,4,2,TG10_SHARED_RIDGE_BALANCED,GENERAL,0.0
PRIMARY_TRUSTED_0165,V5DEV_084,1,PROJECT,ORIGINAL,4,2,TG10_SHARED_RIDGE_BALANCED,GENERAL,0.0
PRIMARY_TRUSTED_0166,V5DEV_084,0,PROJECT,ORIGINAL,4,2,TG10_SHARED_RIDGE_BALANCED,GENERAL,0.0
PRIMARY_TRUSTED_0167,V5DEV_084,0,PROJECT,ORIGINAL,4,2,TG10_SHARED_RIDGE_BALANCED,GENERAL,0.0
PRIMARY_TRUSTED_0169,V5DEV_106,1,STATUS,ORIGINAL,4,2,TG10_SHARED_RIDGE_BALANCED,GENERAL,1.0
PRIMARY_TRUSTED_0173,V5DEV_109,1,STATUS,ORIGINAL,4,2,TG10_SHARED_RIDGE_BALANCED,GENERAL,0.0
PRIMARY_TRUSTED_0174,V5DEV_109,0,STATUS,ORIGINAL,4,2,TG10_SHARED_RIDGE_BALANCED,GENERAL,0.0
PRIMARY_TRUSTED_0175,V5DEV_114,1,STATUS,ORIGINAL,4,2,TG10_SHARED_RIDGE_BALANCED,GENERAL,1.0
PRIMARY_TRUSTED_0176,V5DEV_114,1,STATUS,ORIGINAL,4,2,TG10_SHARED_RIDGE_BALANCED,GENERAL,0.0
PRIMARY_TRUSTED_0181,V5DEV_121,1,STATUS,ORIGINAL,4,2,TG10_SHARED_RIDGE_BALANCED,GENERAL,1.0
PRIMARY_TRUSTED_0004,V5DEVX_007,0,COMPETITIVE,E1,4,2,TG10_MULTITASK_EFFECT_RIDGE_BALANCED,GENERAL,0.0
PRIMARY_TRUSTED_0016,V5DEVX_036,1,STATUS,E1,4,2,TG10_MULTITASK_EFFECT_RIDGE_BALANCED,GENERAL,1.0
PRIMARY_TRUSTED_0020,V5DEVX_048,1,STATUS,E1,4,2,TG10_MULTITASK_EFFECT_RIDGE_BALANCED,GENERAL,0.0
PRIMARY_TRUSTED_0026,V5DEVX_052,0,COMPETITIVE,E1,4,2,TG10_MULTITASK_EFFECT_RIDGE_BALANCED,GENERAL,1.0
PRIMARY_TRUSTED_0036,V5DEVX_115,1,COMPETITIVE,E1,4,2,TG10_MULTITASK_EFFECT_RIDGE_BALANCED,GENERAL,0.0
PRIMARY_TRUSTED_0037,V5DEVX_115,1,COMPETITIVE,E1,4,2,TG10_MULTITASK_EFFECT_RIDGE_BALANCED,GENERAL,1.0
PRIMARY_TRUSTED_0052,V5DEVX_154,1,COMPETITIVE,E1,4,2,TG10_MULTITASK_EFFECT_RIDGE_BALANCED,GENERAL,1.0
PRIMARY_TRUSTED_0053,V5DEVX_154,0,COMPETITIVE,E1,4,2,TG10_MULTITASK_EFFECT_RIDGE_BALANCED,GENERAL,0.0
PRIMARY_TRUSTED_0054,V5DEVX_154,1,COMPETITIVE,E1,4,2,TG10_MULTITASK_EFFECT_RIDGE_BALANCED,GENERAL,1.0
PRIMARY_TRUSTED_0055,V5DEVX_154,1,COMPETITIVE,E1,4,2,TG10_MULTITASK_EFFECT_RIDGE_BALANCED,GENERAL,0.0
PRIMARY_TRUSTED_0056,V5DEVX_154,0,COMPETITIVE,E1,4,2,TG10_MULTITASK_EFFECT_RIDGE_BALANCED,GENERAL,1.0
PRIMARY_TRUSTED_0057,V5DEVX_154,0,COMPETITIVE,E1,4,2,TG10_MULTITASK_EFFECT_RIDGE_BALANCED,GENERAL,0.0
PRIMARY_TRUSTED_0064,V5DEVE2_013,1,COMPETITIVE,E2,4,2,TG10_MULTITASK_EFFECT_RIDGE_BALANCED,GENERAL,0.0
PRIMARY_TRUSTED_0065,V5DEVE2_013,0,COMPETITIVE,E2,4,2,TG10_MULTITASK_EFFECT_RIDGE_BALANCED,GENERAL,0.0
PRIMARY_TRUSTED_0069,V5DEVE2_027,1,STATUS,E2,4,2,TG10_MULTITASK_EFFECT_RIDGE_BALANCED,GENERAL,1.0
PRIMARY_TRUSTED_0073,V5DEVE2_080,1,STATUS,E2,4,2,TG10_MULTITASK_EFFECT_RIDGE_BALANCED,GENERAL,1.0
PRIMARY_TRUSTED_0074,V5DEVE2_083,1,COMPETITIVE,E2,4,2,TG10_MULTITASK_EFFECT_RIDGE_BALANCED,GENERAL,0.0
PRIMARY_TRUSTED_0084,V5DEV_005,1,COMPETITIVE,ORIGINAL,4,2,TG10_MULTITASK_EFFECT_RIDGE_BALANCED,GENERAL,1.0
PRIMARY_TRUSTED_0085,V5DEV_005,1,COMPETITIVE,ORIGINAL,4,2,TG10_MULTITASK_EFFECT_RIDGE_BALANCED,GENERAL,1.0
PRIMARY_TRUSTED_0086,V5DEV_005,1,COMPETITIVE,ORIGINAL,4,2,TG10_MULTITASK_EFFECT_RIDGE_BALANCED,GENERAL,1.0
PRIMARY_TRUSTED_0087,V5DEV_005,1,COMPETITIVE,ORIGINAL,4,2,TG10_MULTITASK_EFFECT_RIDGE_BALANCED,GENERAL,1.0
PRIMARY_TRUSTED_0088,V5DEV_005,0,COMPETITIVE,ORIGINAL,4,2,TG10_MULTITASK_EFFECT_RIDGE_BALANCED,GENERAL,1.0
PRIMARY_TRUSTED_0093,V5DEV_010,0,COMPETITIVE,ORIGINAL,4,2,TG10_MULTITASK_EFFECT_RIDGE_BALANCED,GENERAL,0.0
PRIMARY_TRUSTED_0104,V5DEV_015,0,COMPETITIVE,ORIGINAL,4,2,TG10_MULTITASK_EFFECT_RIDGE_BALANCED,GENERAL,1.0
PRIMARY_TRUSTED_0105,V5DEV_015,0,COMPETITIVE,ORIGINAL,4,2,TG10_MULTITASK_EFFECT_RIDGE_BALANCED,GENERAL,1.0
PRIMARY_TRUSTED_0107,V5DEV_020,0,COMPETITIVE,ORIGINAL,4,2,TG10_MULTITASK_EFFECT_RIDGE_BALANCED,GENERAL,1.0
PRIMARY_TRUSTED_0137,V5DEV_031,1,COMPETITIVE,ORIGINAL,4,2,TG10_MULTITASK_EFFECT_RIDGE_BALANCED,GENERAL,1.0
PRIMARY_TRUSTED_0156,V5DEV_039,1,COMPETITIVE,ORIGINAL,4,2,TG10_MULTITASK_EFFECT_RIDGE_BALANCED,GENERAL,0.0
PRIMARY_TRUSTED_0157,V5DEV_039,1,COMPETITIVE,ORIGINAL,4,2,TG10_MULTITASK_EFFECT_RIDGE_BALANCED,GENERAL,0.0
PRIMARY_TRUSTED_0158,V5DEV_039,1,COMPETITIVE,ORIGINAL,4,2,TG10_MULTITASK_EFFECT_RIDGE_BALANCED,GENERAL,0.0
PRIMARY_TRUSTED_0165,V5DEV_084,1,PROJECT,ORIGINAL,4,2,TG10_MULTITASK_EFFECT_RIDGE_BALANCED,GENERAL,0.0
PRIMARY_TRUSTED_0166,V5DEV_084,0,PROJECT,ORIGINAL,4,2,TG10_MULTITASK_EFFECT_RIDGE_BALANCED,GENERAL,1.0
PRIMARY_TRUSTED_0167,V5DEV_084,0,PROJECT,ORIGINAL,4,2,TG10_MULTITASK_EFFECT_RIDGE_BALANCED,GENERAL,0.0
PRIMARY_TRUSTED_0169,V5DEV_106,1,STATUS,ORIGINAL,4,2,TG10_MULTITASK_EFFECT_RIDGE_BALANCED,GENERAL,0.0
PRIMARY_TRUSTED_0173,V5DEV_109,1,STATUS,ORIGINAL,4,2,TG10_MULTITASK_EFFECT_RIDGE_BALANCED,GENERAL,0.0
PRIMARY_TRUSTED_0174,V5DEV_109,0,STATUS,ORIGINAL,4,2,TG10_MULTITASK_EFFECT_RIDGE_BALANCED,GENERAL,0.0
PRIMARY_TRUSTED_0175,V5DEV_114,1,STATUS,ORIGINAL,4,2,TG10_MULTITASK_EFFECT_RIDGE_BALANCED,GENERAL,1.0
PRIMARY_TRUSTED_0176,V5DEV_114,1,STATUS,ORIGINAL,4,2,TG10_MULTITASK_EFFECT_RIDGE_BALANCED,GENERAL,0.0
PRIMARY_TRUSTED_0181,V5DEV_121,1,STATUS,ORIGINAL,4,2,TG10_MULTITASK_EFFECT_RIDGE_BALANCED,GENERAL,1.0
PRIMARY_TRUSTED_0004,V5DEVX_007,0,COMPETITIVE,E1,4,2,TG10_MULTITASK_EFFECT_RIDGE_BALANCED,TASK_CONDITIONED_DIAGNOSTIC,0.0
PRIMARY_TRUSTED_0016,V5DEVX_036,1,STATUS,E1,4,2,TG10_MULTITASK_EFFECT_RIDGE_BALANCED,TASK_CONDITIONED_DIAGNOSTIC,1.0
PRIMARY_TRUSTED_0020,V5DEVX_048,1,STATUS,E1,4,2,TG10_MULTITASK_EFFECT_RIDGE_BALANCED,TASK_CONDITIONED_DIAGNOSTIC,0.0
PRIMARY_TRUSTED_0026,V5DEVX_052,0,COMPETITIVE,E1,4,2,TG10_MULTITASK_EFFECT_RIDGE_BALANCED,TASK_CONDITIONED_DIAGNOSTIC,1.0
PRIMARY_TRUSTED_0036,V5DEVX_115,1,COMPETITIVE,E1,4,2,TG10_MULTITASK_EFFECT_RIDGE_BALANCED,TASK_CONDITIONED_DIAGNOSTIC,0.0
PRIMARY_TRUSTED_0037,V5DEVX_115,1,COMPETITIVE,E1,4,2,TG10_MULTITASK_EFFECT_RIDGE_BALANCED,TASK_CONDITIONED_DIAGNOSTIC,0.0
PRIMARY_TRUSTED_0052,V5DEVX_154,1,COMPETITIVE,E1,4,2,TG10_MULTITASK_EFFECT_RIDGE_BALANCED,TASK_CONDITIONED_DIAGNOSTIC,0.0
PRIMARY_TRUSTED_0053,V5DEVX_154,0,COMPETITIVE,E1,4,2,TG10_MULTITASK_EFFECT_RIDGE_BALANCED,TASK_CONDITIONED_DIAGNOSTIC,1.0
PRIMARY_TRUSTED_0054,V5DEVX_154,1,COMPETITIVE,E1,4,2,TG10_MULTITASK_EFFECT_RIDGE_BALANCED,TASK_CONDITIONED_DIAGNOSTIC,0.0
PRIMARY_TRUSTED_0055,V5DEVX_154,1,COMPETITIVE,E1,4,2,TG10_MULTITASK_EFFECT_RIDGE_BALANCED,TASK_CONDITIONED_DIAGNOSTIC,1.0
PRIMARY_TRUSTED_0056,V5DEVX_154,0,COMPETITIVE,E1,4,2,TG10_MULTITASK_EFFECT_RIDGE_BALANCED,TASK_CONDITIONED_DIAGNOSTIC,1.0
PRIMARY_TRUSTED_0057,V5DEVX_154,0,COMPETITIVE,E1,4,2,TG10_MULTITASK_EFFECT_RIDGE_BALANCED,TASK_CONDITIONED_DIAGNOSTIC,1.0
PRIMARY_TRUSTED_0064,V5DEVE2_013,1,COMPETITIVE,E2,4,2,TG10_MULTITASK_EFFECT_RIDGE_BALANCED,TASK_CONDITIONED_DIAGNOSTIC,1.0
PRIMARY_TRUSTED_0065,V5DEVE2_013,0,COMPETITIVE,E2,4,2,TG10_MULTITASK_EFFECT_RIDGE_BALANCED,TASK_CONDITIONED_DIAGNOSTIC,0.0
PRIMARY_TRUSTED_0069,V5DEVE2_027,1,STATUS,E2,4,2,TG10_MULTITASK_EFFECT_RIDGE_BALANCED,TASK_CONDITIONED_DIAGNOSTIC,1.0
PRIMARY_TRUSTED_0073,V5DEVE2_080,1,STATUS,E2,4,2,TG10_MULTITASK_EFFECT_RIDGE_BALANCED,TASK_CONDITIONED_DIAGNOSTIC,1.0
PRIMARY_TRUSTED_0074,V5DEVE2_083,1,COMPETITIVE,E2,4,2,TG10_MULTITASK_EFFECT_RIDGE_BALANCED,TASK_CONDITIONED_DIAGNOSTIC,0.0
PRIMARY_TRUSTED_0084,V5DEV_005,1,COMPETITIVE,ORIGINAL,4,2,TG10_MULTITASK_EFFECT_RIDGE_BALANCED,TASK_CONDITIONED_DIAGNOSTIC,1.0
PRIMARY_TRUSTED_0085,V5DEV_005,1,COMPETITIVE,ORIGINAL,4,2,TG10_MULTITASK_EFFECT_RIDGE_BALANCED,TASK_CONDITIONED_DIAGNOSTIC,1.0
PRIMARY_TRUSTED_0086,V5DEV_005,1,COMPETITIVE,ORIGINAL,4,2,TG10_MULTITASK_EFFECT_RIDGE_BALANCED,TASK_CONDITIONED_DIAGNOSTIC,1.0
PRIMARY_TRUSTED_0087,V5DEV_005,1,COMPETITIVE,ORIGINAL,4,2,TG10_MULTITASK_EFFECT_RIDGE_BALANCED,TASK_CONDITIONED_DIAGNOSTIC,1.0
PRIMARY_TRUSTED_0088,V5DEV_005,0,COMPETITIVE,ORIGINAL,4,2,TG10_MULTITASK_EFFECT_RIDGE_BALANCED,TASK_CONDITIONED_DIAGNOSTIC,1.0
PRIMARY_TRUSTED_0093,V5DEV_010,0,COMPETITIVE,ORIGINAL,4,2,TG10_MULTITASK_EFFECT_RIDGE_BALANCED,TASK_CONDITIONED_DIAGNOSTIC,1.0
PRIMARY_TRUSTED_0104,V5DEV_015,0,COMPETITIVE,ORIGINAL,4,2,TG10_MULTITASK_EFFECT_RIDGE_BALANCED,TASK_CONDITIONED_DIAGNOSTIC,1.0
PRIMARY_TRUSTED_0105,V5DEV_015,0,COMPETITIVE,ORIGINAL,4,2,TG10_MULTITASK_EFFECT_RIDGE_BALANCED,TASK_CONDITIONED_DIAGNOSTIC,1.0
PRIMARY_TRUSTED_0107,V5DEV_020,0,COMPETITIVE,ORIGINAL,4,2,TG10_MULTITASK_EFFECT_RIDGE_BALANCED,TASK_CONDITIONED_DIAGNOSTIC,1.0
PRIMARY_TRUSTED_0137,V5DEV_031,1,COMPETITIVE,ORIGINAL,4,2,TG10_MULTITASK_EFFECT_RIDGE_BALANCED,TASK_CONDITIONED_DIAGNOSTIC,0.0
PRIMARY_TRUSTED_0156,V5DEV_039,1,COMPETITIVE,ORIGINAL,4,2,TG10_MULTITASK_EFFECT_RIDGE_BALANCED,TASK_CONDITIONED_DIAGNOSTIC,0.0
PRIMARY_TRUSTED_0157,V5DEV_039,1,COMPETITIVE,ORIGINAL,4,2,TG10_MULTITASK_EFFECT_RIDGE_BALANCED,TASK_CONDITIONED_DIAGNOSTIC,0.0
PRIMARY_TRUSTED_0158,V5DEV_039,1,COMPETITIVE,ORIGINAL,4,2,TG10_MULTITASK_EFFECT_RIDGE_BALANCED,TASK_CONDITIONED_DIAGNOSTIC,0.0
PRIMARY_TRUSTED_0165,V5DEV_084,1,PROJECT,ORIGINAL,4,2,TG10_MULTITASK_EFFECT_RIDGE_BALANCED,TASK_CONDITIONED_DIAGNOSTIC,0.0
PRIMARY_TRUSTED_0166,V5DEV_084,0,PROJECT,ORIGINAL,4,2,TG10_MULTITASK_EFFECT_RIDGE_BALANCED,TASK_CONDITIONED_DIAGNOSTIC,0.0
PRIMARY_TRUSTED_0167,V5DEV_084,0,PROJECT,ORIGINAL,4,2,TG10_MULTITASK_EFFECT_RIDGE_BALANCED,TASK_CONDITIONED_DIAGNOSTIC,0.0
PRIMARY_TRUSTED_0169,V5DEV_106,1,STATUS,ORIGINAL,4,2,TG10_MULTITASK_EFFECT_RIDGE_BALANCED,TASK_CONDITIONED_DIAGNOSTIC,1.0
PRIMARY_TRUSTED_0173,V5DEV_109,1,STATUS,ORIGINAL,4,2,TG10_MULTITASK_EFFECT_RIDGE_BALANCED,TASK_CONDITIONED_DIAGNOSTIC,1.0
PRIMARY_TRUSTED_0174,V5DEV_109,0,STATUS,ORIGINAL,4,2,TG10_MULTITASK_EFFECT_RIDGE_BALANCED,TASK_CONDITIONED_DIAGNOSTIC,0.0
PRIMARY_TRUSTED_0175,V5DEV_114,1,STATUS,ORIGINAL,4,2,TG10_MULTITASK_EFFECT_RIDGE_BALANCED,TASK_CONDITIONED_DIAGNOSTIC,1.0
PRIMARY_TRUSTED_0176,V5DEV_114,1,STATUS,ORIGINAL,4,2,TG10_MULTITASK_EFFECT_RIDGE_BALANCED,TASK_CONDITIONED_DIAGNOSTIC,1.0
PRIMARY_TRUSTED_0181,V5DEV_121,1,STATUS,ORIGINAL,4,2,TG10_MULTITASK_EFFECT_RIDGE_BALANCED,TASK_CONDITIONED_DIAGNOSTIC,1.0
PRIMARY_TRUSTED_0012,V5DEVX_025,1,COMPETITIVE,E1,4,3,TG10_SHARED_RIDGE_BALANCED,GENERAL,0.0
PRIMARY_TRUSTED_0013,V5DEVX_025,1,COMPETITIVE,E1,4,3,TG10_SHARED_RIDGE_BALANCED,GENERAL,0.0
PRIMARY_TRUSTED_0029,V5DEVX_066,1,COMPETITIVE,E1,4,3,TG10_SHARED_RIDGE_BALANCED,GENERAL,0.0
PRIMARY_TRUSTED_0040,V5DEVX_131,0,STATUS,E1,4,3,TG10_SHARED_RIDGE_BALANCED,GENERAL,1.0
PRIMARY_TRUSTED_0041,V5DEVX_131,1,STATUS,E1,4,3,TG10_SHARED_RIDGE_BALANCED,GENERAL,1.0
PRIMARY_TRUSTED_0042,V5DEVX_131,0,STATUS,E1,4,3,TG10_SHARED_RIDGE_BALANCED,GENERAL,1.0
PRIMARY_TRUSTED_0043,V5DEVX_131,1,STATUS,E1,4,3,TG10_SHARED_RIDGE_BALANCED,GENERAL,1.0
PRIMARY_TRUSTED_0048,V5DEVX_147,1,STATUS,E1,4,3,TG10_SHARED_RIDGE_BALANCED,GENERAL,0.0
PRIMARY_TRUSTED_0049,V5DEVX_148,0,COMPETITIVE,E1,4,3,TG10_SHARED_RIDGE_BALANCED,GENERAL,0.0
PRIMARY_TRUSTED_0050,V5DEVX_148,0,COMPETITIVE,E1,4,3,TG10_SHARED_RIDGE_BALANCED,GENERAL,0.0
PRIMARY_TRUSTED_0051,V5DEVX_148,1,COMPETITIVE,E1,4,3,TG10_SHARED_RIDGE_BALANCED,GENERAL,1.0
PRIMARY_TRUSTED_0058,V5DEVE2_001,1,COMPETITIVE,E2,4,3,TG10_SHARED_RIDGE_BALANCED,GENERAL,1.0
PRIMARY_TRUSTED_0059,V5DEVE2_001,0,COMPETITIVE,E2,4,3,TG10_SHARED_RIDGE_BALANCED,GENERAL,1.0
PRIMARY_TRUSTED_0060,V5DEVE2_003,1,STATUS,E2,4,3,TG10_SHARED_RIDGE_BALANCED,GENERAL,1.0
PRIMARY_TRUSTED_0079,V5DEVE2_154,0,COMPETITIVE,E2,4,3,TG10_SHARED_RIDGE_BALANCED,GENERAL,0.0
PRIMARY_TRUSTED_0080,V5DEVE2_160,1,STATUS,E2,4,3,TG10_SHARED_RIDGE_BALANCED,GENERAL,0.0
PRIMARY_TRUSTED_0081,V5DEV_001,0,COMPETITIVE,ORIGINAL,4,3,TG10_SHARED_RIDGE_BALANCED,GENERAL,1.0
PRIMARY_TRUSTED_0082,V5DEV_001,0,COMPETITIVE,ORIGINAL,4,3,TG10_SHARED_RIDGE_BALANCED,GENERAL,1.0
PRIMARY_TRUSTED_0083,V5DEV_003,0,COMPETITIVE,ORIGINAL,4,3,TG10_SHARED_RIDGE_BALANCED,GENERAL,0.0
PRIMARY_TRUSTED_0092,V5DEV_009,1,COMPETITIVE,ORIGINAL,4,3,TG10_SHARED_RIDGE_BALANCED,GENERAL,0.0
PRIMARY_TRUSTED_0094,V5DEV_011,1,COMPETITIVE,ORIGINAL,4,3,TG10_SHARED_RIDGE_BALANCED,GENERAL,0.0
PRIMARY_TRUSTED_0095,V5DEV_011,1,COMPETITIVE,ORIGINAL,4,3,TG10_SHARED_RIDGE_BALANCED,GENERAL,1.0
PRIMARY_TRUSTED_0100,V5DEV_014,0,COMPETITIVE,ORIGINAL,4,3,TG10_SHARED_RIDGE_BALANCED,GENERAL,1.0
PRIMARY_TRUSTED_0101,V5DEV_014,1,COMPETITIVE,ORIGINAL,4,3,TG10_SHARED_RIDGE_BALANCED,GENERAL,1.0
PRIMARY_TRUSTED_0102,V5DEV_014,1,COMPETITIVE,ORIGINAL,4,3,TG10_SHARED_RIDGE_BALANCED,GENERAL,1.0
PRIMARY_TRUSTED_0103,V5DEV_014,0,COMPETITIVE,ORIGINAL,4,3,TG10_SHARED_RIDGE_BALANCED,GENERAL,0.0
PRIMARY_TRUSTED_0108,V5DEV_022,1,COMPETITIVE,ORIGINAL,4,3,TG10_SHARED_RIDGE_BALANCED,GENERAL,1.0
PRIMARY_TRUSTED_0128,V5DEV_029,1,COMPETITIVE,ORIGINAL,4,3,TG10_SHARED_RIDGE_BALANCED,GENERAL,1.0
PRIMARY_TRUSTED_0129,V5DEV_029,1,COMPETITIVE,ORIGINAL,4,3,TG10_SHARED_RIDGE_BALANCED,GENERAL,1.0
PRIMARY_TRUSTED_0142,V5DEV_036,1,COMPETITIVE,ORIGINAL,4,3,TG10_SHARED_RIDGE_BALANCED,GENERAL,0.0
PRIMARY_TRUSTED_0143,V5DEV_036,1,COMPETITIVE,ORIGINAL,4,3,TG10_SHARED_RIDGE_BALANCED,GENERAL,0.0
PRIMARY_TRUSTED_0144,V5DEV_036,0,COMPETITIVE,ORIGINAL,4,3,TG10_SHARED_RIDGE_BALANCED,GENERAL,0.0
PRIMARY_TRUSTED_0145,V5DEV_036,0,COMPETITIVE,ORIGINAL,4,3,TG10_SHARED_RIDGE_BALANCED,GENERAL,1.0
PRIMARY_TRUSTED_0146,V5DEV_036,1,COMPETITIVE,ORIGINAL,4,3,TG10_SHARED_RIDGE_BALANCED,GENERAL,0.0
PRIMARY_TRUSTED_0147,V5DEV_036,1,COMPETITIVE,ORIGINAL,4,3,TG10_SHARED_RIDGE_BALANCED,GENERAL,1.0
PRIMARY_TRUSTED_0164,V5DEV_080,1,PROJECT,ORIGINAL,4,3,TG10_SHARED_RIDGE_BALANCED,GENERAL,1.0
PRIMARY_TRUSTED_0168,V5DEV_090,0,PROJECT,ORIGINAL,4,3,TG10_SHARED_RIDGE_BALANCED,GENERAL,1.0
PRIMARY_TRUSTED_0180,V5DEV_118,0,STATUS,ORIGINAL,4,3,TG10_SHARED_RIDGE_BALANCED,GENERAL,0.0
PRIMARY_TRUSTED_0185,V5DEV_134,1,STATUS,ORIGINAL,4,3,TG10_SHARED_RIDGE_BALANCED,GENERAL,0.0
PRIMARY_TRUSTED_0012,V5DEVX_025,1,COMPETITIVE,E1,4,3,TG10_MULTITASK_EFFECT_RIDGE_BALANCED,GENERAL,1.0
PRIMARY_TRUSTED_0013,V5DEVX_025,1,COMPETITIVE,E1,4,3,TG10_MULTITASK_EFFECT_RIDGE_BALANCED,GENERAL,0.0
PRIMARY_TRUSTED_0029,V5DEVX_066,1,COMPETITIVE,E1,4,3,TG10_MULTITASK_EFFECT_RIDGE_BALANCED,GENERAL,0.0
PRIMARY_TRUSTED_0040,V5DEVX_131,0,STATUS,E1,4,3,TG10_MULTITASK_EFFECT_RIDGE_BALANCED,GENERAL,0.0
PRIMARY_TRUSTED_0041,V5DEVX_131,1,STATUS,E1,4,3,TG10_MULTITASK_EFFECT_RIDGE_BALANCED,GENERAL,1.0
PRIMARY_TRUSTED_0042,V5DEVX_131,0,STATUS,E1,4,3,TG10_MULTITASK_EFFECT_RIDGE_BALANCED,GENERAL,1.0
PRIMARY_TRUSTED_0043,V5DEVX_131,1,STATUS,E1,4,3,TG10_MULTITASK_EFFECT_RIDGE_BALANCED,GENERAL,1.0
PRIMARY_TRUSTED_0048,V5DEVX_147,1,STATUS,E1,4,3,TG10_MULTITASK_EFFECT_RIDGE_BALANCED,GENERAL,1.0
PRIMARY_TRUSTED_0049,V5DEVX_148,0,COMPETITIVE,E1,4,3,TG10_MULTITASK_EFFECT_RIDGE_BALANCED,GENERAL,1.0
PRIMARY_TRUSTED_0050,V5DEVX_148,0,COMPETITIVE,E1,4,3,TG10_MULTITASK_EFFECT_RIDGE_BALANCED,GENERAL,1.0
PRIMARY_TRUSTED_0051,V5DEVX_148,1,COMPETITIVE,E1,4,3,TG10_MULTITASK_EFFECT_RIDGE_BALANCED,GENERAL,1.0
PRIMARY_TRUSTED_0058,V5DEVE2_001,1,COMPETITIVE,E2,4,3,TG10_MULTITASK_EFFECT_RIDGE_BALANCED,GENERAL,1.0
PRIMARY_TRUSTED_0059,V5DEVE2_001,0,COMPETITIVE,E2,4,3,TG10_MULTITASK_EFFECT_RIDGE_BALANCED,GENERAL,1.0
PRIMARY_TRUSTED_0060,V5DEVE2_003,1,STATUS,E2,4,3,TG10_MULTITASK_EFFECT_RIDGE_BALANCED,GENERAL,1.0
PRIMARY_TRUSTED_0079,V5DEVE2_154,0,COMPETITIVE,E2,4,3,TG10_MULTITASK_EFFECT_RIDGE_BALANCED,GENERAL,0.0
PRIMARY_TRUSTED_0080,V5DEVE2_160,1,STATUS,E2,4,3,TG10_MULTITASK_EFFECT_RIDGE_BALANCED,GENERAL,1.0
PRIMARY_TRUSTED_0081,V5DEV_001,0,COMPETITIVE,ORIGINAL,4,3,TG10_MULTITASK_EFFECT_RIDGE_BALANCED,GENERAL,1.0
PRIMARY_TRUSTED_0082,V5DEV_001,0,COMPETITIVE,ORIGINAL,4,3,TG10_MULTITASK_EFFECT_RIDGE_BALANCED,GENERAL,1.0
PRIMARY_TRUSTED_0083,V5DEV_003,0,COMPETITIVE,ORIGINAL,4,3,TG10_MULTITASK_EFFECT_RIDGE_BALANCED,GENERAL,1.0
PRIMARY_TRUSTED_0092,V5DEV_009,1,COMPETITIVE,ORIGINAL,4,3,TG10_MULTITASK_EFFECT_RIDGE_BALANCED,GENERAL,0.0
PRIMARY_TRUSTED_0094,V5DEV_011,1,COMPETITIVE,ORIGINAL,4,3,TG10_MULTITASK_EFFECT_RIDGE_BALANCED,GENERAL,1.0
PRIMARY_TRUSTED_0095,V5DEV_011,1,COMPETITIVE,ORIGINAL,4,3,TG10_MULTITASK_EFFECT_RIDGE_BALANCED,GENERAL,1.0
PRIMARY_TRUSTED_0100,V5DEV_014,0,COMPETITIVE,ORIGINAL,4,3,TG10_MULTITASK_EFFECT_RIDGE_BALANCED,GENERAL,1.0
PRIMARY_TRUSTED_0101,V5DEV_014,1,COMPETITIVE,ORIGINAL,4,3,TG10_MULTITASK_EFFECT_RIDGE_BALANCED,GENERAL,0.0
PRIMARY_TRUSTED_0102,V5DEV_014,1,COMPETITIVE,ORIGINAL,4,3,TG10_MULTITASK_EFFECT_RIDGE_BALANCED,GENERAL,1.0
PRIMARY_TRUSTED_0103,V5DEV_014,0,COMPETITIVE,ORIGINAL,4,3,TG10_MULTITASK_EFFECT_RIDGE_BALANCED,GENERAL,1.0
PRIMARY_TRUSTED_0108,V5DEV_022,1,COMPETITIVE,ORIGINAL,4,3,TG10_MULTITASK_EFFECT_RIDGE_BALANCED,GENERAL,1.0
PRIMARY_TRUSTED_0128,V5DEV_029,1,COMPETITIVE,ORIGINAL,4,3,TG10_MULTITASK_EFFECT_RIDGE_BALANCED,GENERAL,1.0
PRIMARY_TRUSTED_0129,V5DEV_029,1,COMPETITIVE,ORIGINAL,4,3,TG10_MULTITASK_EFFECT_RIDGE_BALANCED,GENERAL,1.0
PRIMARY_TRUSTED_0142,V5DEV_036,1,COMPETITIVE,ORIGINAL,4,3,TG10_MULTITASK_EFFECT_RIDGE_BALANCED,GENERAL,1.0
PRIMARY_TRUSTED_0143,V5DEV_036,1,COMPETITIVE,ORIGINAL,4,3,TG10_MULTITASK_EFFECT_RIDGE_BALANCED,GENERAL,1.0
PRIMARY_TRUSTED_0144,V5DEV_036,0,COMPETITIVE,ORIGINAL,4,3,TG10_MULTITASK_EFFECT_RIDGE_BALANCED,GENERAL,1.0
PRIMARY_TRUSTED_0145,V5DEV_036,0,COMPETITIVE,ORIGINAL,4,3,TG10_MULTITASK_EFFECT_RIDGE_BALANCED,GENERAL,1.0
PRIMARY_TRUSTED_0146,V5DEV_036,1,COMPETITIVE,ORIGINAL,4,3,TG10_MULTITASK_EFFECT_RIDGE_BALANCED,GENERAL,1.0
PRIMARY_TRUSTED_0147,V5DEV_036,1,COMPETITIVE,ORIGINAL,4,3,TG10_MULTITASK_EFFECT_RIDGE_BALANCED,GENERAL,1.0
PRIMARY_TRUSTED_0164,V5DEV_080,1,PROJECT,ORIGINAL,4,3,TG10_MULTITASK_EFFECT_RIDGE_BALANCED,GENERAL,0.0
PRIMARY_TRUSTED_0168,V5DEV_090,0,PROJECT,ORIGINAL,4,3,TG10_MULTITASK_EFFECT_RIDGE_BALANCED,GENERAL,1.0
PRIMARY_TRUSTED_0180,V5DEV_118,0,STATUS,ORIGINAL,4,3,TG10_MULTITASK_EFFECT_RIDGE_BALANCED,GENERAL,1.0
PRIMARY_TRUSTED_0185,V5DEV_134,1,STATUS,ORIGINAL,4,3,TG10_MULTITASK_EFFECT_RIDGE_BALANCED,GENERAL,1.0
PRIMARY_TRUSTED_0012,V5DEVX_025,1,COMPETITIVE,E1,4,3,TG10_MULTITASK_EFFECT_RIDGE_BALANCED,TASK_CONDITIONED_DIAGNOSTIC,1.0
PRIMARY_TRUSTED_0013,V5DEVX_025,1,COMPETITIVE,E1,4,3,TG10_MULTITASK_EFFECT_RIDGE_BALANCED,TASK_CONDITIONED_DIAGNOSTIC,1.0
PRIMARY_TRUSTED_0029,V5DEVX_066,1,COMPETITIVE,E1,4,3,TG10_MULTITASK_EFFECT_RIDGE_BALANCED,TASK_CONDITIONED_DIAGNOSTIC,1.0
PRIMARY_TRUSTED_0040,V5DEVX_131,0,STATUS,E1,4,3,TG10_MULTITASK_EFFECT_RIDGE_BALANCED,TASK_CONDITIONED_DIAGNOSTIC,1.0
PRIMARY_TRUSTED_0041,V5DEVX_131,1,STATUS,E1,4,3,TG10_MULTITASK_EFFECT_RIDGE_BALANCED,TASK_CONDITIONED_DIAGNOSTIC,1.0
PRIMARY_TRUSTED_0042,V5DEVX_131,0,STATUS,E1,4,3,TG10_MULTITASK_EFFECT_RIDGE_BALANCED,TASK_CONDITIONED_DIAGNOSTIC,1.0
PRIMARY_TRUSTED_0043,V5DEVX_131,1,STATUS,E1,4,3,TG10_MULTITASK_EFFECT_RIDGE_BALANCED,TASK_CONDITIONED_DIAGNOSTIC,1.0
PRIMARY_TRUSTED_0048,V5DEVX_147,1,STATUS,E1,4,3,TG10_MULTITASK_EFFECT_RIDGE_BALANCED,TASK_CONDITIONED_DIAGNOSTIC,1.0
PRIMARY_TRUSTED_0049,V5DEVX_148,0,COMPETITIVE,E1,4,3,TG10_MULTITASK_EFFECT_RIDGE_BALANCED,TASK_CONDITIONED_DIAGNOSTIC,1.0
PRIMARY_TRUSTED_0050,V5DEVX_148,0,COMPETITIVE,E1,4,3,TG10_MULTITASK_EFFECT_RIDGE_BALANCED,TASK_CONDITIONED_DIAGNOSTIC,1.0
PRIMARY_TRUSTED_0051,V5DEVX_148,1,COMPETITIVE,E1,4,3,TG10_MULTITASK_EFFECT_RIDGE_BALANCED,TASK_CONDITIONED_DIAGNOSTIC,1.0
PRIMARY_TRUSTED_0058,V5DEVE2_001,1,COMPETITIVE,E2,4,3,TG10_MULTITASK_EFFECT_RIDGE_BALANCED,TASK_CONDITIONED_DIAGNOSTIC,0.0
PRIMARY_TRUSTED_0059,V5DEVE2_001,0,COMPETITIVE,E2,4,3,TG10_MULTITASK_EFFECT_RIDGE_BALANCED,TASK_CONDITIONED_DIAGNOSTIC,1.0
PRIMARY_TRUSTED_0060,V5DEVE2_003,1,STATUS,E2,4,3,TG10_MULTITASK_EFFECT_RIDGE_BALANCED,TASK_CONDITIONED_DIAGNOSTIC,1.0
PRIMARY_TRUSTED_0079,V5DEVE2_154,0,COMPETITIVE,E2,4,3,TG10_MULTITASK_EFFECT_RIDGE_BALANCED,TASK_CONDITIONED_DIAGNOSTIC,0.0
PRIMARY_TRUSTED_0080,V5DEVE2_160,1,STATUS,E2,4,3,TG10_MULTITASK_EFFECT_RIDGE_BALANCED,TASK_CONDITIONED_DIAGNOSTIC,1.0
PRIMARY_TRUSTED_0081,V5DEV_001,0,COMPETITIVE,ORIGINAL,4,3,TG10_MULTITASK_EFFECT_RIDGE_BALANCED,TASK_CONDITIONED_DIAGNOSTIC,1.0
PRIMARY_TRUSTED_0082,V5DEV_001,0,COMPETITIVE,ORIGINAL,4,3,TG10_MULTITASK_EFFECT_RIDGE_BALANCED,TASK_CONDITIONED_DIAGNOSTIC,1.0
PRIMARY_TRUSTED_0083,V5DEV_003,0,COMPETITIVE,ORIGINAL,4,3,TG10_MULTITASK_EFFECT_RIDGE_BALANCED,TASK_CONDITIONED_DIAGNOSTIC,1.0
PRIMARY_TRUSTED_0092,V5DEV_009,1,COMPETITIVE,ORIGINAL,4,3,TG10_MULTITASK_EFFECT_RIDGE_BALANCED,TASK_CONDITIONED_DIAGNOSTIC,1.0
PRIMARY_TRUSTED_0094,V5DEV_011,1,COMPETITIVE,ORIGINAL,4,3,TG10_MULTITASK_EFFECT_RIDGE_BALANCED,TASK_CONDITIONED_DIAGNOSTIC,1.0
PRIMARY_TRUSTED_0095,V5DEV_011,1,COMPETITIVE,ORIGINAL,4,3,TG10_MULTITASK_EFFECT_RIDGE_BALANCED,TASK_CONDITIONED_DIAGNOSTIC,1.0
PRIMARY_TRUSTED_0100,V5DEV_014,0,COMPETITIVE,ORIGINAL,4,3,TG10_MULTITASK_EFFECT_RIDGE_BALANCED,TASK_CONDITIONED_DIAGNOSTIC,1.0
PRIMARY_TRUSTED_0101,V5DEV_014,1,COMPETITIVE,ORIGINAL,4,3,TG10_MULTITASK_EFFECT_RIDGE_BALANCED,TASK_CONDITIONED_DIAGNOSTIC,1.0
PRIMARY_TRUSTED_0102,V5DEV_014,1,COMPETITIVE,ORIGINAL,4,3,TG10_MULTITASK_EFFECT_RIDGE_BALANCED,TASK_CONDITIONED_DIAGNOSTIC,1.0
PRIMARY_TRUSTED_0103,V5DEV_014,0,COMPETITIVE,ORIGINAL,4,3,TG10_MULTITASK_EFFECT_RIDGE_BALANCED,TASK_CONDITIONED_DIAGNOSTIC,1.0
PRIMARY_TRUSTED_0108,V5DEV_022,1,COMPETITIVE,ORIGINAL,4,3,TG10_MULTITASK_EFFECT_RIDGE_BALANCED,TASK_CONDITIONED_DIAGNOSTIC,1.0
PRIMARY_TRUSTED_0128,V5DEV_029,1,COMPETITIVE,ORIGINAL,4,3,TG10_MULTITASK_EFFECT_RIDGE_BALANCED,TASK_CONDITIONED_DIAGNOSTIC,1.0
PRIMARY_TRUSTED_0129,V5DEV_029,1,COMPETITIVE,ORIGINAL,4,3,TG10_MULTITASK_EFFECT_RIDGE_BALANCED,TASK_CONDITIONED_DIAGNOSTIC,0.0
PRIMARY_TRUSTED_0142,V5DEV_036,1,COMPETITIVE,ORIGINAL,4,3,TG10_MULTITASK_EFFECT_RIDGE_BALANCED,TASK_CONDITIONED_DIAGNOSTIC,1.0
PRIMARY_TRUSTED_0143,V5DEV_036,1,COMPETITIVE,ORIGINAL,4,3,TG10_MULTITASK_EFFECT_RIDGE_BALANCED,TASK_CONDITIONED_DIAGNOSTIC,1.0
PRIMARY_TRUSTED_0144,V5DEV_036,0,COMPETITIVE,ORIGINAL,4,3,TG10_MULTITASK_EFFECT_RIDGE_BALANCED,TASK_CONDITIONED_DIAGNOSTIC,1.0
PRIMARY_TRUSTED_0145,V5DEV_036,0,COMPETITIVE,ORIGINAL,4,3,TG10_MULTITASK_EFFECT_RIDGE_BALANCED,TASK_CONDITIONED_DIAGNOSTIC,1.0
PRIMARY_TRUSTED_0146,V5DEV_036,1,COMPETITIVE,ORIGINAL,4,3,TG10_MULTITASK_EFFECT_RIDGE_BALANCED,TASK_CONDITIONED_DIAGNOSTIC,1.0
PRIMARY_TRUSTED_0147,V5DEV_036,1,COMPETITIVE,ORIGINAL,4,3,TG10_MULTITASK_EFFECT_RIDGE_BALANCED,TASK_CONDITIONED_DIAGNOSTIC,1.0
PRIMARY_TRUSTED_0164,V5DEV_080,1,PROJECT,ORIGINAL,4,3,TG10_MULTITASK_EFFECT_RIDGE_BALANCED,TASK_CONDITIONED_DIAGNOSTIC,0.0
PRIMARY_TRUSTED_0168,V5DEV_090,0,PROJECT,ORIGINAL,4,3,TG10_MULTITASK_EFFECT_RIDGE_BALANCED,TASK_CONDITIONED_DIAGNOSTIC,1.0
PRIMARY_TRUSTED_0180,V5DEV_118,0,STATUS,ORIGINAL,4,3,TG10_MULTITASK_EFFECT_RIDGE_BALANCED,TASK_CONDITIONED_DIAGNOSTIC,0.0
PRIMARY_TRUSTED_0185,V5DEV_134,1,STATUS,ORIGINAL,4,3,TG10_MULTITASK_EFFECT_RIDGE_BALANCED,TASK_CONDITIONED_DIAGNOSTIC,0.0
PRIMARY_TRUSTED_0014,V5DEVX_031,0,COMPETITIVE,E1,4,4,TG10_SHARED_RIDGE_BALANCED,GENERAL,0.0
PRIMARY_TRUSTED_0015,V5DEVX_031,0,COMPETITIVE,E1,4,4,TG10_SHARED_RIDGE_BALANCED,GENERAL,1.0
PRIMARY_TRUSTED_0018,V5DEVX_046,1,COMPETITIVE,E1,4,4,TG10_SHARED_RIDGE_BALANCED,GENERAL,0.0
PRIMARY_TRUSTED_0019,V5DEVX_046,1,COMPETITIVE,E1,4,4,TG10_SHARED_RIDGE_BALANCED,GENERAL,0.0
PRIMARY_TRUSTED_0021,V5DEVX_049,1,COMPETITIVE,E1,4,4,TG10_SHARED_RIDGE_BALANCED,GENERAL,1.0
PRIMARY_TRUSTED_0022,V5DEVX_049,1,COMPETITIVE,E1,4,4,TG10_SHARED_RIDGE_BALANCED,GENERAL,1.0
PRIMARY_TRUSTED_0023,V5DEVX_049,1,COMPETITIVE,E1,4,4,TG10_SHARED_RIDGE_BALANCED,GENERAL,1.0
PRIMARY_TRUSTED_0024,V5DEVX_049,0,COMPETITIVE,E1,4,4,TG10_SHARED_RIDGE_BALANCED,GENERAL,1.0
PRIMARY_TRUSTED_0033,V5DEVX_103,0,COMPETITIVE,E1,4,4,TG10_SHARED_RIDGE_BALANCED,GENERAL,0.0
PRIMARY_TRUSTED_0034,V5DEVX_106,1,COMPETITIVE,E1,4,4,TG10_SHARED_RIDGE_BALANCED,GENERAL,0.0
PRIMARY_TRUSTED_0047,V5DEVX_142,0,COMPETITIVE,E1,4,4,TG10_SHARED_RIDGE_BALANCED,GENERAL,1.0
PRIMARY_TRUSTED_0071,V5DEVE2_042,1,STATUS,E2,4,4,TG10_SHARED_RIDGE_BALANCED,GENERAL,1.0
PRIMARY_TRUSTED_0075,V5DEVE2_106,1,COMPETITIVE,E2,4,4,TG10_SHARED_RIDGE_BALANCED,GENERAL,0.0
PRIMARY_TRUSTED_0077,V5DEVE2_128,1,STATUS,E2,4,4,TG10_SHARED_RIDGE_BALANCED,GENERAL,0.0
PRIMARY_TRUSTED_0078,V5DEVE2_128,0,STATUS,E2,4,4,TG10_SHARED_RIDGE_BALANCED,GENERAL,0.0
PRIMARY_TRUSTED_0096,V5DEV_012,0,COMPETITIVE,ORIGINAL,4,4,TG10_SHARED_RIDGE_BALANCED,GENERAL,1.0
PRIMARY_TRUSTED_0097,V5DEV_012,1,COMPETITIVE,ORIGINAL,4,4,TG10_SHARED_RIDGE_BALANCED,GENERAL,0.0
PRIMARY_TRUSTED_0106,V5DEV_017,1,COMPETITIVE,ORIGINAL,4,4,TG10_SHARED_RIDGE_BALANCED,GENERAL,0.0
PRIMARY_TRUSTED_0118,V5DEV_025,0,COMPETITIVE,ORIGINAL,4,4,TG10_SHARED_RIDGE_BALANCED,GENERAL,0.0
PRIMARY_TRUSTED_0119,V5DEV_025,0,COMPETITIVE,ORIGINAL,4,4,TG10_SHARED_RIDGE_BALANCED,GENERAL,0.0
PRIMARY_TRUSTED_0120,V5DEV_025,0,COMPETITIVE,ORIGINAL,4,4,TG10_SHARED_RIDGE_BALANCED,GENERAL,1.0
PRIMARY_TRUSTED_0121,V5DEV_025,1,COMPETITIVE,ORIGINAL,4,4,TG10_SHARED_RIDGE_BALANCED,GENERAL,0.0
PRIMARY_TRUSTED_0122,V5DEV_025,1,COMPETITIVE,ORIGINAL,4,4,TG10_SHARED_RIDGE_BALANCED,GENERAL,0.0
PRIMARY_TRUSTED_0123,V5DEV_026,1,COMPETITIVE,ORIGINAL,4,4,TG10_SHARED_RIDGE_BALANCED,GENERAL,0.0
PRIMARY_TRUSTED_0124,V5DEV_026,1,COMPETITIVE,ORIGINAL,4,4,TG10_SHARED_RIDGE_BALANCED,GENERAL,0.0
PRIMARY_TRUSTED_0125,V5DEV_026,1,COMPETITIVE,ORIGINAL,4,4,TG10_SHARED_RIDGE_BALANCED,GENERAL,0.0
PRIMARY_TRUSTED_0148,V5DEV_037,0,COMPETITIVE,ORIGINAL,4,4,TG10_SHARED_RIDGE_BALANCED,GENERAL,1.0
PRIMARY_TRUSTED_0149,V5DEV_037,1,COMPETITIVE,ORIGINAL,4,4,TG10_SHARED_RIDGE_BALANCED,GENERAL,1.0
PRIMARY_TRUSTED_0150,V5DEV_037,1,COMPETITIVE,ORIGINAL,4,4,TG10_SHARED_RIDGE_BALANCED,GENERAL,1.0
PRIMARY_TRUSTED_0151,V5DEV_037,1,COMPETITIVE,ORIGINAL,4,4,TG10_SHARED_RIDGE_BALANCED,GENERAL,1.0
PRIMARY_TRUSTED_0160,V5DEV_051,0,PROJECT,ORIGINAL,4,4,TG10_SHARED_RIDGE_BALANCED,GENERAL,1.0
PRIMARY_TRUSTED_0162,V5DEV_075,1,PROJECT,ORIGINAL,4,4,TG10_SHARED_RIDGE_BALANCED,GENERAL,1.0
PRIMARY_TRUSTED_0170,V5DEV_108,1,STATUS,ORIGINAL,4,4,TG10_SHARED_RIDGE_BALANCED,GENERAL,1.0
PRIMARY_TRUSTED_0171,V5DEV_108,0,STATUS,ORIGINAL,4,4,TG10_SHARED_RIDGE_BALANCED,GENERAL,1.0
PRIMARY_TRUSTED_0172,V5DEV_108,0,STATUS,ORIGINAL,4,4,TG10_SHARED_RIDGE_BALANCED,GENERAL,1.0
PRIMARY_TRUSTED_0182,V5DEV_125,0,STATUS,ORIGINAL,4,4,TG10_SHARED_RIDGE_BALANCED,GENERAL,1.0
PRIMARY_TRUSTED_0188,V5DEV_150,1,STATUS,ORIGINAL,4,4,TG10_SHARED_RIDGE_BALANCED,GENERAL,1.0
PRIMARY_TRUSTED_0190,V5DEV_155,1,STATUS,ORIGINAL,4,4,TG10_SHARED_RIDGE_BALANCED,GENERAL,0.0
PRIMARY_TRUSTED_0014,V5DEVX_031,0,COMPETITIVE,E1,4,4,TG10_MULTITASK_EFFECT_RIDGE_BALANCED,GENERAL,1.0
PRIMARY_TRUSTED_0015,V5DEVX_031,0,COMPETITIVE,E1,4,4,TG10_MULTITASK_EFFECT_RIDGE_BALANCED,GENERAL,1.0
PRIMARY_TRUSTED_0018,V5DEVX_046,1,COMPETITIVE,E1,4,4,TG10_MULTITASK_EFFECT_RIDGE_BALANCED,GENERAL,1.0
PRIMARY_TRUSTED_0019,V5DEVX_046,1,COMPETITIVE,E1,4,4,TG10_MULTITASK_EFFECT_RIDGE_BALANCED,GENERAL,1.0
PRIMARY_TRUSTED_0021,V5DEVX_049,1,COMPETITIVE,E1,4,4,TG10_MULTITASK_EFFECT_RIDGE_BALANCED,GENERAL,1.0
PRIMARY_TRUSTED_0022,V5DEVX_049,1,COMPETITIVE,E1,4,4,TG10_MULTITASK_EFFECT_RIDGE_BALANCED,GENERAL,1.0
PRIMARY_TRUSTED_0023,V5DEVX_049,1,COMPETITIVE,E1,4,4,TG10_MULTITASK_EFFECT_RIDGE_BALANCED,GENERAL,1.0
PRIMARY_TRUSTED_0024,V5DEVX_049,0,COMPETITIVE,E1,4,4,TG10_MULTITASK_EFFECT_RIDGE_BALANCED,GENERAL,1.0
PRIMARY_TRUSTED_0033,V5DEVX_103,0,COMPETITIVE,E1,4,4,TG10_MULTITASK_EFFECT_RIDGE_BALANCED,GENERAL,1.0
PRIMARY_TRUSTED_0034,V5DEVX_106,1,COMPETITIVE,E1,4,4,TG10_MULTITASK_EFFECT_RIDGE_BALANCED,GENERAL,1.0
PRIMARY_TRUSTED_0047,V5DEVX_142,0,COMPETITIVE,E1,4,4,TG10_MULTITASK_EFFECT_RIDGE_BALANCED,GENERAL,1.0
PRIMARY_TRUSTED_0071,V5DEVE2_042,1,STATUS,E2,4,4,TG10_MULTITASK_EFFECT_RIDGE_BALANCED,GENERAL,1.0
PRIMARY_TRUSTED_0075,V5DEVE2_106,1,COMPETITIVE,E2,4,4,TG10_MULTITASK_EFFECT_RIDGE_BALANCED,GENERAL,0.0
PRIMARY_TRUSTED_0077,V5DEVE2_128,1,STATUS,E2,4,4,TG10_MULTITASK_EFFECT_RIDGE_BALANCED,GENERAL,0.0
PRIMARY_TRUSTED_0078,V5DEVE2_128,0,STATUS,E2,4,4,TG10_MULTITASK_EFFECT_RIDGE_BALANCED,GENERAL,1.0
PRIMARY_TRUSTED_0096,V5DEV_012,0,COMPETITIVE,ORIGINAL,4,4,TG10_MULTITASK_EFFECT_RIDGE_BALANCED,GENERAL,0.0
PRIMARY_TRUSTED_0097,V5DEV_012,1,COMPETITIVE,ORIGINAL,4,4,TG10_MULTITASK_EFFECT_RIDGE_BALANCED,GENERAL,1.0
PRIMARY_TRUSTED_0106,V5DEV_017,1,COMPETITIVE,ORIGINAL,4,4,TG10_MULTITASK_EFFECT_RIDGE_BALANCED,GENERAL,1.0
PRIMARY_TRUSTED_0118,V5DEV_025,0,COMPETITIVE,ORIGINAL,4,4,TG10_MULTITASK_EFFECT_RIDGE_BALANCED,GENERAL,0.0
PRIMARY_TRUSTED_0119,V5DEV_025,0,COMPETITIVE,ORIGINAL,4,4,TG10_MULTITASK_EFFECT_RIDGE_BALANCED,GENERAL,0.0
PRIMARY_TRUSTED_0120,V5DEV_025,0,COMPETITIVE,ORIGINAL,4,4,TG10_MULTITASK_EFFECT_RIDGE_BALANCED,GENERAL,0.0
PRIMARY_TRUSTED_0121,V5DEV_025,1,COMPETITIVE,ORIGINAL,4,4,TG10_MULTITASK_EFFECT_RIDGE_BALANCED,GENERAL,0.0
PRIMARY_TRUSTED_0122,V5DEV_025,1,COMPETITIVE,ORIGINAL,4,4,TG10_MULTITASK_EFFECT_RIDGE_BALANCED,GENERAL,0.0
PRIMARY_TRUSTED_0123,V5DEV_026,1,COMPETITIVE,ORIGINAL,4,4,TG10_MULTITASK_EFFECT_RIDGE_BALANCED,GENERAL,0.0
PRIMARY_TRUSTED_0124,V5DEV_026,1,COMPETITIVE,ORIGINAL,4,4,TG10_MULTITASK_EFFECT_RIDGE_BALANCED,GENERAL,0.0
PRIMARY_TRUSTED_0125,V5DEV_026,1,COMPETITIVE,ORIGINAL,4,4,TG10_MULTITASK_EFFECT_RIDGE_BALANCED,GENERAL,0.0
PRIMARY_TRUSTED_0148,V5DEV_037,0,COMPETITIVE,ORIGINAL,4,4,TG10_MULTITASK_EFFECT_RIDGE_BALANCED,GENERAL,1.0
PRIMARY_TRUSTED_0149,V5DEV_037,1,COMPETITIVE,ORIGINAL,4,4,TG10_MULTITASK_EFFECT_RIDGE_BALANCED,GENERAL,1.0
PRIMARY_TRUSTED_0150,V5DEV_037,1,COMPETITIVE,ORIGINAL,4,4,TG10_MULTITASK_EFFECT_RIDGE_BALANCED,GENERAL,1.0
PRIMARY_TRUSTED_0151,V5DEV_037,1,COMPETITIVE,ORIGINAL,4,4,TG10_MULTITASK_EFFECT_RIDGE_BALANCED,GENERAL,1.0
PRIMARY_TRUSTED_0160,V5DEV_051,0,PROJECT,ORIGINAL,4,4,TG10_MULTITASK_EFFECT_RIDGE_BALANCED,GENERAL,0.0
PRIMARY_TRUSTED_0162,V5DEV_075,1,PROJECT,ORIGINAL,4,4,TG10_MULTITASK_EFFECT_RIDGE_BALANCED,GENERAL,0.0
PRIMARY_TRUSTED_0170,V5DEV_108,1,STATUS,ORIGINAL,4,4,TG10_MULTITASK_EFFECT_RIDGE_BALANCED,GENERAL,1.0
PRIMARY_TRUSTED_0171,V5DEV_108,0,STATUS,ORIGINAL,4,4,TG10_MULTITASK_EFFECT_RIDGE_BALANCED,GENERAL,1.0
PRIMARY_TRUSTED_0172,V5DEV_108,0,STATUS,ORIGINAL,4,4,TG10_MULTITASK_EFFECT_RIDGE_BALANCED,GENERAL,0.0
PRIMARY_TRUSTED_0182,V5DEV_125,0,STATUS,ORIGINAL,4,4,TG10_MULTITASK_EFFECT_RIDGE_BALANCED,GENERAL,1.0
PRIMARY_TRUSTED_0188,V5DEV_150,1,STATUS,ORIGINAL,4,4,TG10_MULTITASK_EFFECT_RIDGE_BALANCED,GENERAL,1.0
PRIMARY_TRUSTED_0190,V5DEV_155,1,STATUS,ORIGINAL,4,4,TG10_MULTITASK_EFFECT_RIDGE_BALANCED,GENERAL,0.0
PRIMARY_TRUSTED_0014,V5DEVX_031,0,COMPETITIVE,E1,4,4,TG10_MULTITASK_EFFECT_RIDGE_BALANCED,TASK_CONDITIONED_DIAGNOSTIC,0.0
PRIMARY_TRUSTED_0015,V5DEVX_031,0,COMPETITIVE,E1,4,4,TG10_MULTITASK_EFFECT_RIDGE_BALANCED,TASK_CONDITIONED_DIAGNOSTIC,1.0
PRIMARY_TRUSTED_0018,V5DEVX_046,1,COMPETITIVE,E1,4,4,TG10_MULTITASK_EFFECT_RIDGE_BALANCED,TASK_CONDITIONED_DIAGNOSTIC,1.0
PRIMARY_TRUSTED_0019,V5DEVX_046,1,COMPETITIVE,E1,4,4,TG10_MULTITASK_EFFECT_RIDGE_BALANCED,TASK_CONDITIONED_DIAGNOSTIC,1.0
PRIMARY_TRUSTED_0021,V5DEVX_049,1,COMPETITIVE,E1,4,4,TG10_MULTITASK_EFFECT_RIDGE_BALANCED,TASK_CONDITIONED_DIAGNOSTIC,0.0
PRIMARY_TRUSTED_0022,V5DEVX_049,1,COMPETITIVE,E1,4,4,TG10_MULTITASK_EFFECT_RIDGE_BALANCED,TASK_CONDITIONED_DIAGNOSTIC,0.0
PRIMARY_TRUSTED_0023,V5DEVX_049,1,COMPETITIVE,E1,4,4,TG10_MULTITASK_EFFECT_RIDGE_BALANCED,TASK_CONDITIONED_DIAGNOSTIC,1.0
PRIMARY_TRUSTED_0024,V5DEVX_049,0,COMPETITIVE,E1,4,4,TG10_MULTITASK_EFFECT_RIDGE_BALANCED,TASK_CONDITIONED_DIAGNOSTIC,1.0
PRIMARY_TRUSTED_0033,V5DEVX_103,0,COMPETITIVE,E1,4,4,TG10_MULTITASK_EFFECT_RIDGE_BALANCED,TASK_CONDITIONED_DIAGNOSTIC,0.0
PRIMARY_TRUSTED_0034,V5DEVX_106,1,COMPETITIVE,E1,4,4,TG10_MULTITASK_EFFECT_RIDGE_BALANCED,TASK_CONDITIONED_DIAGNOSTIC,0.0
PRIMARY_TRUSTED_0047,V5DEVX_142,0,COMPETITIVE,E1,4,4,TG10_MULTITASK_EFFECT_RIDGE_BALANCED,TASK_CONDITIONED_DIAGNOSTIC,1.0
PRIMARY_TRUSTED_0071,V5DEVE2_042,1,STATUS,E2,4,4,TG10_MULTITASK_EFFECT_RIDGE_BALANCED,TASK_CONDITIONED_DIAGNOSTIC,0.0
PRIMARY_TRUSTED_0075,V5DEVE2_106,1,COMPETITIVE,E2,4,4,TG10_MULTITASK_EFFECT_RIDGE_BALANCED,TASK_CONDITIONED_DIAGNOSTIC,0.0
PRIMARY_TRUSTED_0077,V5DEVE2_128,1,STATUS,E2,4,4,TG10_MULTITASK_EFFECT_RIDGE_BALANCED,TASK_CONDITIONED_DIAGNOSTIC,0.0
PRIMARY_TRUSTED_0078,V5DEVE2_128,0,STATUS,E2,4,4,TG10_MULTITASK_EFFECT_RIDGE_BALANCED,TASK_CONDITIONED_DIAGNOSTIC,0.0
PRIMARY_TRUSTED_0096,V5DEV_012,0,COMPETITIVE,ORIGINAL,4,4,TG10_MULTITASK_EFFECT_RIDGE_BALANCED,TASK_CONDITIONED_DIAGNOSTIC,1.0
PRIMARY_TRUSTED_0097,V5DEV_012,1,COMPETITIVE,ORIGINAL,4,4,TG10_MULTITASK_EFFECT_RIDGE_BALANCED,TASK_CONDITIONED_DIAGNOSTIC,0.0
PRIMARY_TRUSTED_0106,V5DEV_017,1,COMPETITIVE,ORIGINAL,4,4,TG10_MULTITASK_EFFECT_RIDGE_BALANCED,TASK_CONDITIONED_DIAGNOSTIC,1.0
PRIMARY_TRUSTED_0118,V5DEV_025,0,COMPETITIVE,ORIGINAL,4,4,TG10_MULTITASK_EFFECT_RIDGE_BALANCED,TASK_CONDITIONED_DIAGNOSTIC,0.0
PRIMARY_TRUSTED_0119,V5DEV_025,0,COMPETITIVE,ORIGINAL,4,4,TG10_MULTITASK_EFFECT_RIDGE_BALANCED,TASK_CONDITIONED_DIAGNOSTIC,0.0
PRIMARY_TRUSTED_0120,V5DEV_025,0,COMPETITIVE,ORIGINAL,4,4,TG10_MULTITASK_EFFECT_RIDGE_BALANCED,TASK_CONDITIONED_DIAGNOSTIC,0.0
PRIMARY_TRUSTED_0121,V5DEV_025,1,COMPETITIVE,ORIGINAL,4,4,TG10_MULTITASK_EFFECT_RIDGE_BALANCED,TASK_CONDITIONED_DIAGNOSTIC,1.0
PRIMARY_TRUSTED_0122,V5DEV_025,1,COMPETITIVE,ORIGINAL,4,4,TG10_MULTITASK_EFFECT_RIDGE_BALANCED,TASK_CONDITIONED_DIAGNOSTIC,0.0
PRIMARY_TRUSTED_0123,V5DEV_026,1,COMPETITIVE,ORIGINAL,4,4,TG10_MULTITASK_EFFECT_RIDGE_BALANCED,TASK_CONDITIONED_DIAGNOSTIC,0.0
PRIMARY_TRUSTED_0124,V5DEV_026,1,COMPETITIVE,ORIGINAL,4,4,TG10_MULTITASK_EFFECT_RIDGE_BALANCED,TASK_CONDITIONED_DIAGNOSTIC,0.0
PRIMARY_TRUSTED_0125,V5DEV_026,1,COMPETITIVE,ORIGINAL,4,4,TG10_MULTITASK_EFFECT_RIDGE_BALANCED,TASK_CONDITIONED_DIAGNOSTIC,0.0
PRIMARY_TRUSTED_0148,V5DEV_037,0,COMPETITIVE,ORIGINAL,4,4,TG10_MULTITASK_EFFECT_RIDGE_BALANCED,TASK_CONDITIONED_DIAGNOSTIC,1.0
PRIMARY_TRUSTED_0149,V5DEV_037,1,COMPETITIVE,ORIGINAL,4,4,TG10_MULTITASK_EFFECT_RIDGE_BALANCED,TASK_CONDITIONED_DIAGNOSTIC,1.0
PRIMARY_TRUSTED_0150,V5DEV_037,1,COMPETITIVE,ORIGINAL,4,4,TG10_MULTITASK_EFFECT_RIDGE_BALANCED,TASK_CONDITIONED_DIAGNOSTIC,1.0
PRIMARY_TRUSTED_0151,V5DEV_037,1,COMPETITIVE,ORIGINAL,4,4,TG10_MULTITASK_EFFECT_RIDGE_BALANCED,TASK_CONDITIONED_DIAGNOSTIC,1.0
PRIMARY_TRUSTED_0160,V5DEV_051,0,PROJECT,ORIGINAL,4,4,TG10_MULTITASK_EFFECT_RIDGE_BALANCED,TASK_CONDITIONED_DIAGNOSTIC,0.0
PRIMARY_TRUSTED_0162,V5DEV_075,1,PROJECT,ORIGINAL,4,4,TG10_MULTITASK_EFFECT_RIDGE_BALANCED,TASK_CONDITIONED_DIAGNOSTIC,0.0
PRIMARY_TRUSTED_0170,V5DEV_108,1,STATUS,ORIGINAL,4,4,TG10_MULTITASK_EFFECT_RIDGE_BALANCED,TASK_CONDITIONED_DIAGNOSTIC,0.0
PRIMARY_TRUSTED_0171,V5DEV_108,0,STATUS,ORIGINAL,4,4,TG10_MULTITASK_EFFECT_RIDGE_BALANCED,TASK_CONDITIONED_DIAGNOSTIC,1.0
PRIMARY_TRUSTED_0172,V5DEV_108,0,STATUS,ORIGINAL,4,4,TG10_MULTITASK_EFFECT_RIDGE_BALANCED,TASK_CONDITIONED_DIAGNOSTIC,1.0
PRIMARY_TRUSTED_0182,V5DEV_125,0,STATUS,ORIGINAL,4,4,TG10_MULTITASK_EFFECT_RIDGE_BALANCED,TASK_CONDITIONED_DIAGNOSTIC,1.0
PRIMARY_TRUSTED_0188,V5DEV_150,1,STATUS,ORIGINAL,4,4,TG10_MULTITASK_EFFECT_RIDGE_BALANCED,TASK_CONDITIONED_DIAGNOSTIC,1.0
PRIMARY_TRUSTED_0190,V5DEV_155,1,STATUS,ORIGINAL,4,4,TG10_MULTITASK_EFFECT_RIDGE_BALANCED,TASK_CONDITIONED_DIAGNOSTIC,0.0
