axis,role_family,role_qid,wikidata_id,name,norm_name,wikidata_sitelinks,seed_origin,selection_information_used,source_row_key,source_name,gender,birth_date,birth_time,utc_offset,birth_year,birth_place,longitude,latitude,eligible,prior_used,birth_ok,wave,event_collection_started,astrology_scored
COMPETITIVE,boxer,Q11338576,Q376726,Adrien Anneet,adrienanneet,,V5_WIKIDATA_ROLE_ONLY_EXPANSION,ROLE_CATEGORY_ONLY;IDENTITY_LABEL;NO_EVENT_OUTCOME;NO_CHRONOLOGY;NO_PAIRABILITY;NO_ASTROLOGY;NO_CONTROL,AdrienAnneet1908,Adrien Anneet,male,1908-11-18,18:30,+00:00,1908,"Brussels, Belgium",4.356,50.846,True,False,True,V5_ROLE_ONLY_EXPANSION,False,False
COMPETITIVE,boxer,Q11338576,Q2639088,Albert Yvel,albertyvel,,V5_WIKIDATA_ROLE_ONLY_EXPANSION,ROLE_CATEGORY_ONLY;IDENTITY_LABEL;NO_EVENT_OUTCOME;NO_CHRONOLOGY;NO_PAIRABILITY;NO_ASTROLOGY;NO_CONTROL,AlbertYvel1927,Albert Yvel,male,1927-02-27,20:00,+00:00,1927,"Algiers, Algeria",3.052,36.772,True,False,True,V5_ROLE_ONLY_EXPANSION,False,False
COMPETITIVE,boxer,Q11338576,Q2466968,Alessandro D'Ottavio,alessandrodottavio,,V5_WIKIDATA_ROLE_ONLY_EXPANSION,ROLE_CATEGORY_ONLY;IDENTITY_LABEL;NO_EVENT_OUTCOME;NO_CHRONOLOGY;NO_PAIRABILITY;NO_ASTROLOGY;NO_CONTROL,AlessandroD'Ottavio1926,Alessandro D'Ottavio,male,1926-08-26,07:00,+01:00,1926,"Rome, Italy",12.494,41.891,True,False,True,V5_ROLE_ONLY_EXPANSION,False,False
COMPETITIVE,athlete,Q2066131,Q44980,Alex Ferguson,alexferguson,,V5_WIKIDATA_ROLE_ONLY_EXPANSION,ROLE_CATEGORY_ONLY;IDENTITY_LABEL;NO_EVENT_OUTCOME;NO_CHRONOLOGY;NO_PAIRABILITY;NO_ASTROLOGY;NO_CONTROL,AlexFerguson1941,Alex Ferguson,male,1941-12-31,16:30,+01:00,1941,"Glasgow, United Kingdom",-4.257,55.866,True,False,True,V5_ROLE_ONLY_EXPANSION,False,False
COMPETITIVE,tennis_player,Q10833314,Q734544,Alex Olmedo,alexolmedo,,V5_WIKIDATA_ROLE_ONLY_EXPANSION,ROLE_CATEGORY_ONLY;IDENTITY_LABEL;NO_EVENT_OUTCOME;NO_CHRONOLOGY;NO_PAIRABILITY;NO_ASTROLOGY;NO_CONTROL,AlexOlmedo1936,Alex Olmedo,male,1936-03-24,09:30,-05:00,1936,"Arequipa, Peru",-71.537,-16.399,True,False,True,V5_ROLE_ONLY_EXPANSION,False,False
COMPETITIVE,tennis_player,Q10833314,Q4704585,Al Parker,alparker,,V5_WIKIDATA_ROLE_ONLY_EXPANSION,ROLE_CATEGORY_ONLY;IDENTITY_LABEL;NO_EVENT_OUTCOME;NO_CHRONOLOGY;NO_PAIRABILITY;NO_ASTROLOGY;NO_CONTROL,AlParker1952,Al Parker,male,1952-06-25,15:13,-04:00,1952,"Natick, MA, United States",-71.347,42.284,True,False,True,V5_ROLE_ONLY_EXPANSION,False,False
COMPETITIVE,athlete,Q2066131,Q499846,Andreas Ostler,andreasostler,,V5_WIKIDATA_ROLE_ONLY_EXPANSION,ROLE_CATEGORY_ONLY;IDENTITY_LABEL;NO_EVENT_OUTCOME;NO_CHRONOLOGY;NO_PAIRABILITY;NO_ASTROLOGY;NO_CONTROL,AndreasOstler1921,Andreas Ostler,male,1921-01-21,16:45,+01:00,1921,"Grainau, Germany",11.024,47.475,True,False,True,V5_ROLE_ONLY_EXPANSION,False,False
COMPETITIVE,boxer,Q11338576,Q2848579,Andre Routis,andreroutis,,V5_WIKIDATA_ROLE_ONLY_EXPANSION,ROLE_CATEGORY_ONLY;IDENTITY_LABEL;NO_EVENT_OUTCOME;NO_CHRONOLOGY;NO_PAIRABILITY;NO_ASTROLOGY;NO_CONTROL,AndréRoutis1900,André Routis,male,1900-07-16,12:00,+00:09,1900,"Bordeaux, France",-0.575,44.835,True,False,True,V5_ROLE_ONLY_EXPANSION,False,False
COMPETITIVE,athlete,Q2066131,Q436450,Antonella Bellutti,antonellabellutti,,V5_WIKIDATA_ROLE_ONLY_EXPANSION,ROLE_CATEGORY_ONLY;IDENTITY_LABEL;NO_EVENT_OUTCOME;NO_CHRONOLOGY;NO_PAIRABILITY;NO_ASTROLOGY;NO_CONTROL,AntonellaBellutti1968,Antonella Bellutti,female,1968-11-07,22:00,+01:00,1968,"Bolzano, Italy",11.358,46.497,True,False,True,V5_ROLE_ONLY_EXPANSION,False,False
COMPETITIVE,athlete,Q2066131,Q57678,Armin Hary,arminhary,,V5_WIKIDATA_ROLE_ONLY_EXPANSION,ROLE_CATEGORY_ONLY;IDENTITY_LABEL;NO_EVENT_OUTCOME;NO_CHRONOLOGY;NO_PAIRABILITY;NO_ASTROLOGY;NO_CONTROL,ArminHary1937,Armin Hary,male,1937-03-22,10:00,+01:00,1937,"Quierschied, Germany",7.045,49.325,True,False,True,V5_ROLE_ONLY_EXPANSION,False,False
COMPETITIVE,tennis_player,Q10833314,Q299944,Arnaud Clément,arnaudclement,,V5_WIKIDATA_ROLE_ONLY_EXPANSION,ROLE_CATEGORY_ONLY;IDENTITY_LABEL;NO_EVENT_OUTCOME;NO_CHRONOLOGY;NO_PAIRABILITY;NO_ASTROLOGY;NO_CONTROL,ArnaudClément1977,Arnaud Clément,male,1977-12-17,13:15,+01:00,1977,"Aix-en-Provence, France",5.454,43.525,True,False,True,V5_ROLE_ONLY_EXPANSION,False,False
COMPETITIVE,boxer,Q11338576,Q4799274,Arthur Johnson,arthurjohnson,,V5_WIKIDATA_ROLE_ONLY_EXPANSION,ROLE_CATEGORY_ONLY;IDENTITY_LABEL;NO_EVENT_OUTCOME;NO_CHRONOLOGY;NO_PAIRABILITY;NO_ASTROLOGY;NO_CONTROL,ArthurJohnson1949,Arthur Johnson,male,1949-01-08,22:58,-05:00,1949,"Steubenville, OH, United States",-80.632,40.37,True,False,True,V5_ROLE_ONLY_EXPANSION,False,False
COMPETITIVE,tennis_player,Q10833314,Q53570,Barbara Jordan,barbarajordan,,V5_WIKIDATA_ROLE_ONLY_EXPANSION,ROLE_CATEGORY_ONLY;IDENTITY_LABEL;NO_EVENT_OUTCOME;NO_CHRONOLOGY;NO_PAIRABILITY;NO_ASTROLOGY;NO_CONTROL,BarbaraJordan1936,Barbara Jordan,female,1936-02-21,14:30,-06:00,1936,"Houston, TX, United States",-95.37,29.761,True,False,True,V5_ROLE_ONLY_EXPANSION,False,False
COMPETITIVE,tennis_player,Q10833314,Q246542,Benoît Paire,benoitpaire,,V5_WIKIDATA_ROLE_ONLY_EXPANSION,ROLE_CATEGORY_ONLY;IDENTITY_LABEL;NO_EVENT_OUTCOME;NO_CHRONOLOGY;NO_PAIRABILITY;NO_ASTROLOGY;NO_CONTROL,BenoîtPaire1989,Benoît Paire,male,1989-05-08,21:05,+02:00,1989,"Avignon, France",4.806,43.949,True,False,True,V5_ROLE_ONLY_EXPANSION,False,False
COMPETITIVE,athlete,Q2066131,Q109255,Bernard Hinault,bernardhinault,,V5_WIKIDATA_ROLE_ONLY_EXPANSION,ROLE_CATEGORY_ONLY;IDENTITY_LABEL;NO_EVENT_OUTCOME;NO_CHRONOLOGY;NO_PAIRABILITY;NO_ASTROLOGY;NO_CONTROL,BernardHinault1954,Bernard Hinault,male,1954-11-14,08:15,+01:00,1954,"Yffiniac, France",-2.676,48.484,True,False,True,V5_ROLE_ONLY_EXPANSION,False,False
COMPETITIVE,athlete,Q2066131,Q367064,Bernard Thévenet,bernardthevenet,,V5_WIKIDATA_ROLE_ONLY_EXPANSION,ROLE_CATEGORY_ONLY;IDENTITY_LABEL;NO_EVENT_OUTCOME;NO_CHRONOLOGY;NO_PAIRABILITY;NO_ASTROLOGY;NO_CONTROL,BernardThévenet1948,Bernard Thévenet,male,1948-01-10,12:00,+01:00,1948,"Saint-Julien-de-Civry, France",4.231,46.366,True,False,True,V5_ROLE_ONLY_EXPANSION,False,False
COMPETITIVE,athlete,Q2066131,Q2899711,Bertrand de Broc,bertranddebroc,,V5_WIKIDATA_ROLE_ONLY_EXPANSION,ROLE_CATEGORY_ONLY;IDENTITY_LABEL;NO_EVENT_OUTCOME;NO_CHRONOLOGY;NO_PAIRABILITY;NO_ASTROLOGY;NO_CONTROL,BertranddeBroc1960,Bertrand de Broc,male,1960-09-23,13:45,+01:00,1960,"Quimper, France",-4.1,47.996,True,False,True,V5_ROLE_ONLY_EXPANSION,False,False
COMPETITIVE,tennis_player,Q10833314,Q3640511,Bitti Bergamo,bittibergamo,,V5_WIKIDATA_ROLE_ONLY_EXPANSION,ROLE_CATEGORY_ONLY;IDENTITY_LABEL;NO_EVENT_OUTCOME;NO_CHRONOLOGY;NO_PAIRABILITY;NO_ASTROLOGY;NO_CONTROL,BittiBergamo1930,Bitti Bergamo,male,1930-01-01,03:45,+01:00,1930,"Venice, Italy",12.339,45.435,True,False,True,V5_ROLE_ONLY_EXPANSION,False,False
COMPETITIVE,athlete,Q2066131,Q437526,Bobby Jones,bobbyjones,,V5_WIKIDATA_ROLE_ONLY_EXPANSION,ROLE_CATEGORY_ONLY;IDENTITY_LABEL;NO_EVENT_OUTCOME;NO_CHRONOLOGY;NO_PAIRABILITY;NO_ASTROLOGY;NO_CONTROL,BobbyJones1951,Bobby Jones,male,1951-12-18,04:15,-05:00,1951,"Akron, OH, United States",-81.516,41.085,True,False,True,V5_ROLE_ONLY_EXPANSION,False,False
COMPETITIVE,tennis_player,Q10833314,Q54539,Bobby Riggs,bobbyriggs,,V5_WIKIDATA_ROLE_ONLY_EXPANSION,ROLE_CATEGORY_ONLY;IDENTITY_LABEL;NO_EVENT_OUTCOME;NO_CHRONOLOGY;NO_PAIRABILITY;NO_ASTROLOGY;NO_CONTROL,BobbyRiggs1918,Bobby Riggs,male,1918-02-25,01:00,-08:00,1918,"Los Angeles, CA, United States",-118.243,34.052,True,False,True,V5_ROLE_ONLY_EXPANSION,False,False
COMPETITIVE,athlete,Q2066131,Q4952446,Boyer Coe,boyercoe,,V5_WIKIDATA_ROLE_ONLY_EXPANSION,ROLE_CATEGORY_ONLY;IDENTITY_LABEL;NO_EVENT_OUTCOME;NO_CHRONOLOGY;NO_PAIRABILITY;NO_ASTROLOGY;NO_CONTROL,BoyerCoe1946,Boyer Coe,male,1946-08-18,21:35,-05:00,1946,"Lake Charles, LA, United States",-93.217,30.229,True,False,True,V5_ROLE_ONLY_EXPANSION,False,False
COMPETITIVE,athlete,Q2066131,Q1762270,Brian J. White,brianjwhite,,V5_WIKIDATA_ROLE_ONLY_EXPANSION,ROLE_CATEGORY_ONLY;IDENTITY_LABEL;NO_EVENT_OUTCOME;NO_CHRONOLOGY;NO_PAIRABILITY;NO_ASTROLOGY;NO_CONTROL,BrianJ.White1973,Brian J. White,male,1973-04-21,20:59,-05:00,1973,"Boston, MA, United States",-71.059,42.359,True,False,True,V5_ROLE_ONLY_EXPANSION,False,False
COMPETITIVE,boxer,Q11338576,Q729084,Bruno Arcari,brunoarcari,,V5_WIKIDATA_ROLE_ONLY_EXPANSION,ROLE_CATEGORY_ONLY;IDENTITY_LABEL;NO_EVENT_OUTCOME;NO_CHRONOLOGY;NO_PAIRABILITY;NO_ASTROLOGY;NO_CONTROL,BrunoArcari1942,Bruno Arcari,male,1942-01-01,10:00,+02:00,1942,"Atina, Italy",13.801,41.621,True,False,True,V5_ROLE_ONLY_EXPANSION,False,False
COMPETITIVE,athlete,Q2066131,Q3645856,Bruno Neri,brunoneri,,V5_WIKIDATA_ROLE_ONLY_EXPANSION,ROLE_CATEGORY_ONLY;IDENTITY_LABEL;NO_EVENT_OUTCOME;NO_CHRONOLOGY;NO_PAIRABILITY;NO_ASTROLOGY;NO_CONTROL,BrunoNeri1910,Bruno Neri,male,1910-09-12,20:35,+01:00,1910,"Faenza, Italy",11.883,44.285,True,False,True,V5_ROLE_ONLY_EXPANSION,False,False
COMPETITIVE,boxer,Q11338576,Q330364,Bruno Visintin,brunovisintin,,V5_WIKIDATA_ROLE_ONLY_EXPANSION,ROLE_CATEGORY_ONLY;IDENTITY_LABEL;NO_EVENT_OUTCOME;NO_CHRONOLOGY;NO_PAIRABILITY;NO_ASTROLOGY;NO_CONTROL,BrunoVisintin1932,Bruno Visintin,male,1932-11-23,16:00,+01:00,1932,"La Spezia, Italy",9.829,44.107,True,False,True,V5_ROLE_ONLY_EXPANSION,False,False
COMPETITIVE,boxer,Q11338576,Q2927516,Buddy Baer,buddybaer,,V5_WIKIDATA_ROLE_ONLY_EXPANSION,ROLE_CATEGORY_ONLY;IDENTITY_LABEL;NO_EVENT_OUTCOME;NO_CHRONOLOGY;NO_PAIRABILITY;NO_ASTROLOGY;NO_CONTROL,BuddyBaer1915,Buddy Baer,male,1915-06-11,05:30,-07:00,1915,"Denver, CO, United States",-104.985,39.738,True,False,True,V5_ROLE_ONLY_EXPANSION,False,False
COMPETITIVE,tennis_player,Q10833314,Q162487,Cédric Pioline,cedricpioline,,V5_WIKIDATA_ROLE_ONLY_EXPANSION,ROLE_CATEGORY_ONLY;IDENTITY_LABEL;NO_EVENT_OUTCOME;NO_CHRONOLOGY;NO_PAIRABILITY;NO_ASTROLOGY;NO_CONTROL,CedricPioline1969,Cedric Pioline,male,1969-06-15,18:00,+01:00,1969,"Neuilly-sur-Seine, France",2.273,48.884,True,False,True,V5_ROLE_ONLY_EXPANSION,False,False
COMPETITIVE,boxer,Q11338576,Q5202531,César Chávez,cesarchavez,,V5_WIKIDATA_ROLE_ONLY_EXPANSION,ROLE_CATEGORY_ONLY;IDENTITY_LABEL;NO_EVENT_OUTCOME;NO_CHRONOLOGY;NO_PAIRABILITY;NO_ASTROLOGY;NO_CONTROL,CésarChávez1927,César Chávez,male,1927-03-31,15:00,-07:00,1927,"Yuma, AZ, United States",-114.621,32.722,True,False,True,V5_ROLE_ONLY_EXPANSION,False,False
COMPETITIVE,athlete,Q2066131,Q15983,Charly Gaul,charlygaul,,V5_WIKIDATA_ROLE_ONLY_EXPANSION,ROLE_CATEGORY_ONLY;IDENTITY_LABEL;NO_EVENT_OUTCOME;NO_CHRONOLOGY;NO_PAIRABILITY;NO_ASTROLOGY;NO_CONTROL,CharlyGaul1932,Charly Gaul,male,1932-12-08,02:30,+00:00,1932,"Luxembourg, Luxembourg",6.13,49.61,True,False,True,V5_ROLE_ONLY_EXPANSION,False,False
COMPETITIVE,tennis_player,Q10833314,Q2965097,Christian Boussus,christianboussus,,V5_WIKIDATA_ROLE_ONLY_EXPANSION,ROLE_CATEGORY_ONLY;IDENTITY_LABEL;NO_EVENT_OUTCOME;NO_CHRONOLOGY;NO_PAIRABILITY;NO_ASTROLOGY;NO_CONTROL,ChristianBoussus1908,Christian Boussus,male,1908-03-05,05:00,+00:09,1908,"Hyères, France",6.129,43.12,True,False,True,V5_ROLE_ONLY_EXPANSION,False,False
COMPETITIVE,athlete,Q2066131,Q484605,Christine Lagarde,christinelagarde,,V5_WIKIDATA_ROLE_ONLY_EXPANSION,ROLE_CATEGORY_ONLY;IDENTITY_LABEL;NO_EVENT_OUTCOME;NO_CHRONOLOGY;NO_PAIRABILITY;NO_ASTROLOGY;NO_CONTROL,ChristineLagarde1956,Christine Lagarde,female,1956-01-01,13:40,+01:00,1956,"Paris, France",2.351,48.857,True,False,True,V5_ROLE_ONLY_EXPANSION,False,False
COMPETITIVE,tennis_player,Q10833314,Q54540,Chuck McKinley,chuckmckinley,,V5_WIKIDATA_ROLE_ONLY_EXPANSION,ROLE_CATEGORY_ONLY;IDENTITY_LABEL;NO_EVENT_OUTCOME;NO_CHRONOLOGY;NO_PAIRABILITY;NO_ASTROLOGY;NO_CONTROL,ChuckMcKinley1941,Chuck McKinley,male,1941-01-05,01:20,-06:00,1941,"Saint Louis, MO, United States",-90.201,38.635,True,False,True,V5_ROLE_ONLY_EXPANSION,False,False
COMPETITIVE,boxer,Q11338576,Q732555,Cosimo Pinto,cosimopinto,,V5_WIKIDATA_ROLE_ONLY_EXPANSION,ROLE_CATEGORY_ONLY;IDENTITY_LABEL;NO_EVENT_OUTCOME;NO_CHRONOLOGY;NO_PAIRABILITY;NO_ASTROLOGY;NO_CONTROL,CosimoPinto1943,Cosimo Pinto,male,1943-03-14,15:05,+01:00,1943,"Novara, Italy",8.618,45.445,True,False,True,V5_ROLE_ONLY_EXPANSION,False,False
COMPETITIVE,tennis_player,Q10833314,Q19406,David Goffin,davidgoffin,,V5_WIKIDATA_ROLE_ONLY_EXPANSION,ROLE_CATEGORY_ONLY;IDENTITY_LABEL;NO_EVENT_OUTCOME;NO_CHRONOLOGY;NO_PAIRABILITY;NO_ASTROLOGY;NO_CONTROL,DavidGoffin1990,David Goffin,male,1990-12-07,14:35,+01:00,1990,"Liège, Belgium",5.572,50.644,True,False,True,V5_ROLE_ONLY_EXPANSION,False,False
COMPETITIVE,athlete,Q2066131,Q331288,Dean Karnazes,deankarnazes,,V5_WIKIDATA_ROLE_ONLY_EXPANSION,ROLE_CATEGORY_ONLY;IDENTITY_LABEL;NO_EVENT_OUTCOME;NO_CHRONOLOGY;NO_PAIRABILITY;NO_ASTROLOGY;NO_CONTROL,DeanKarnazes1962,Dean Karnazes,male,1962-08-23,13:34,-07:00,1962,"Inglewood, CA, United States",-118.353,33.962,True,False,True,V5_ROLE_ONLY_EXPANSION,False,False
COMPETITIVE,tennis_player,Q10833314,Q1181118,Dean Paul Martin,deanpaulmartin,,V5_WIKIDATA_ROLE_ONLY_EXPANSION,ROLE_CATEGORY_ONLY;IDENTITY_LABEL;NO_EVENT_OUTCOME;NO_CHRONOLOGY;NO_PAIRABILITY;NO_ASTROLOGY;NO_CONTROL,DeanPaulMartin1951,Dean Paul Martin,male,1951-11-17,18:50,-08:00,1951,"Santa Monica, CA, United States",-118.492,34.011,True,False,True,V5_ROLE_ONLY_EXPANSION,False,False
COMPETITIVE,boxer,Q11338576,Q545389,Denny Moyer,dennymoyer,,V5_WIKIDATA_ROLE_ONLY_EXPANSION,ROLE_CATEGORY_ONLY;IDENTITY_LABEL;NO_EVENT_OUTCOME;NO_CHRONOLOGY;NO_PAIRABILITY;NO_ASTROLOGY;NO_CONTROL,DennyMoyer1939,Denny Moyer,male,1939-08-08,10:51,-08:00,1939,"Portland, OR, United States",-122.681,45.516,True,False,True,V5_ROLE_ONLY_EXPANSION,False,False
COMPETITIVE,athlete,Q2066131,Q310989,Dick Fosbury,dickfosbury,,V5_WIKIDATA_ROLE_ONLY_EXPANSION,ROLE_CATEGORY_ONLY;IDENTITY_LABEL;NO_EVENT_OUTCOME;NO_CHRONOLOGY;NO_PAIRABILITY;NO_ASTROLOGY;NO_CONTROL,DickFosbury1947,Dick Fosbury,male,1947-03-06,12:07,-08:00,1947,"Portland, OR, United States",-122.681,45.516,True,False,True,V5_ROLE_ONLY_EXPANSION,False,False
COMPETITIVE,tennis_player,Q10833314,Q54577,Dick Savitt,dicksavitt,,V5_WIKIDATA_ROLE_ONLY_EXPANSION,ROLE_CATEGORY_ONLY;IDENTITY_LABEL;NO_EVENT_OUTCOME;NO_CHRONOLOGY;NO_PAIRABILITY;NO_ASTROLOGY;NO_CONTROL,DickSavitt1927,Dick Savitt,male,1927-03-04,16:15,-05:00,1927,"Bayonne, NJ, United States",-74.117,40.669,True,False,True,V5_ROLE_ONLY_EXPANSION,False,False
COMPETITIVE,athlete,Q2066131,Q61703,Dieter Thoma,dieterthoma,,V5_WIKIDATA_ROLE_ONLY_EXPANSION,ROLE_CATEGORY_ONLY;IDENTITY_LABEL;NO_EVENT_OUTCOME;NO_CHRONOLOGY;NO_PAIRABILITY;NO_ASTROLOGY;NO_CONTROL,DieterThoma1969,Dieter Thoma,male,1969-10-19,12:35,+01:00,1969,"Hinterzarten, Germany",8.106,47.903,True,False,True,V5_ROLE_ONLY_EXPANSION,False,False
COMPETITIVE,boxer,Q11338576,Q3712867,Domenico Adinolfi,domenicoadinolfi,,V5_WIKIDATA_ROLE_ONLY_EXPANSION,ROLE_CATEGORY_ONLY;IDENTITY_LABEL;NO_EVENT_OUTCOME;NO_CHRONOLOGY;NO_PAIRABILITY;NO_ASTROLOGY;NO_CONTROL,DomenicoAdinolfi1946,Domenico Adinolfi,male,1946-06-20,15:00,+02:00,1946,"Ceccano, Italy",13.334,41.568,True,False,True,V5_ROLE_ONLY_EXPANSION,False,False
COMPETITIVE,tennis_player,Q10833314,Q270967,Dominique Monami,dominiquemonami,,V5_WIKIDATA_ROLE_ONLY_EXPANSION,ROLE_CATEGORY_ONLY;IDENTITY_LABEL;NO_EVENT_OUTCOME;NO_CHRONOLOGY;NO_PAIRABILITY;NO_ASTROLOGY;NO_CONTROL,DominiqueMonami1973,Dominique Monami,female,1973-05-31,22:00,+01:00,1973,"Verviers, Belgium",5.861,50.592,True,False,True,V5_ROLE_ONLY_EXPANSION,False,False
COMPETITIVE,athlete,Q2066131,Q735999,Don Bragg,donbragg,,V5_WIKIDATA_ROLE_ONLY_EXPANSION,ROLE_CATEGORY_ONLY;IDENTITY_LABEL;NO_EVENT_OUTCOME;NO_CHRONOLOGY;NO_PAIRABILITY;NO_ASTROLOGY;NO_CONTROL,DonBragg1935,Don Bragg,male,1935-05-15,15:20,-04:00,1935,"Penns Grove, NJ, United States",-75.464,39.726,True,False,True,V5_ROLE_ONLY_EXPANSION,False,False
COMPETITIVE,tennis_player,Q10833314,Q53343,Don Budge,donbudge,,V5_WIKIDATA_ROLE_ONLY_EXPANSION,ROLE_CATEGORY_ONLY;IDENTITY_LABEL;NO_EVENT_OUTCOME;NO_CHRONOLOGY;NO_PAIRABILITY;NO_ASTROLOGY;NO_CONTROL,DonBudge1915,Don Budge,male,1915-06-13,04:00,-08:00,1915,"Oakland, CA, United States",-122.272,37.805,True,False,True,V5_ROLE_ONLY_EXPANSION,False,False
COMPETITIVE,boxer,Q11338576,Q5292644,Don Fullmer,donfullmer,,V5_WIKIDATA_ROLE_ONLY_EXPANSION,ROLE_CATEGORY_ONLY;IDENTITY_LABEL;NO_EVENT_OUTCOME;NO_CHRONOLOGY;NO_PAIRABILITY;NO_ASTROLOGY;NO_CONTROL,DonFullmer1939,Don Fullmer,male,1939-02-21,02:40,-07:00,1939,"West Jordan, UT, United States",-111.939,40.611,True,False,True,V5_ROLE_ONLY_EXPANSION,False,False
COMPETITIVE,tennis_player,Q10833314,Q53564,Doris Hart,dorishart,,V5_WIKIDATA_ROLE_ONLY_EXPANSION,ROLE_CATEGORY_ONLY;IDENTITY_LABEL;NO_EVENT_OUTCOME;NO_CHRONOLOGY;NO_PAIRABILITY;NO_ASTROLOGY;NO_CONTROL,DorisHart1925,Doris Hart,female,1925-06-20,07:00,-05:00,1925,"Saint Louis, MO, United States",-90.201,38.635,True,False,True,V5_ROLE_ONLY_EXPANSION,False,False
COMPETITIVE,boxer,Q11338576,Q328126,Duilio Loi,duilioloi,,V5_WIKIDATA_ROLE_ONLY_EXPANSION,ROLE_CATEGORY_ONLY;IDENTITY_LABEL;NO_EVENT_OUTCOME;NO_CHRONOLOGY;NO_PAIRABILITY;NO_ASTROLOGY;NO_CONTROL,DuilioLoi1929,Duilio Loi,male,1929-04-19,16:40,+01:00,1929,"Trieste, Italy",13.779,45.654,True,False,True,V5_ROLE_ONLY_EXPANSION,False,False
COMPETITIVE,boxer,Q11338576,Q1979836,Émile Pladner,emilepladner,,V5_WIKIDATA_ROLE_ONLY_EXPANSION,ROLE_CATEGORY_ONLY;IDENTITY_LABEL;NO_EVENT_OUTCOME;NO_CHRONOLOGY;NO_PAIRABILITY;NO_ASTROLOGY;NO_CONTROL,ÉmilePladner1906,Émile Pladner,male,1906-09-02,06:00,+00:09,1906,"Clermont-Ferrand, France",3.083,45.777,True,False,True,V5_ROLE_ONLY_EXPANSION,False,False
COMPETITIVE,tennis_player,Q10833314,Q264580,Émilie Loit,emilieloit,,V5_WIKIDATA_ROLE_ONLY_EXPANSION,ROLE_CATEGORY_ONLY;IDENTITY_LABEL;NO_EVENT_OUTCOME;NO_CHRONOLOGY;NO_PAIRABILITY;NO_ASTROLOGY;NO_CONTROL,ÉmilieLoit1979,Émilie Loit,female,1979-06-09,07:10,+02:00,1979,"Cherbourg-Octeville, Cherbourg-en-Cotentin, France",-1.624,49.638,True,False,True,V5_ROLE_ONLY_EXPANSION,False,False
COMPETITIVE,boxer,Q11338576,Q2477444,Enrique Rodríguez,enriquerodriguez,,V5_WIKIDATA_ROLE_ONLY_EXPANSION,ROLE_CATEGORY_ONLY;IDENTITY_LABEL;NO_EVENT_OUTCOME;NO_CHRONOLOGY;NO_PAIRABILITY;NO_ASTROLOGY;NO_CONTROL,EnriqueRodriguez1960,Enrique Rodriguez,male,1960-01-08,02:05,-08:00,1960,"Los Angeles, CA, United States",-118.243,34.052,True,False,True,V5_ROLE_ONLY_EXPANSION,False,False
COMPETITIVE,boxer,Q11338576,Q3726494,Enzo Correggioli,enzocorreggioli,,V5_WIKIDATA_ROLE_ONLY_EXPANSION,ROLE_CATEGORY_ONLY;IDENTITY_LABEL;NO_EVENT_OUTCOME;NO_CHRONOLOGY;NO_PAIRABILITY;NO_ASTROLOGY;NO_CONTROL,EnzoCorreggioli1922,Enzo Correggioli,male,1922-02-27,07:00,+01:00,1922,"Rovigo, Italy",11.79,45.071,True,False,True,V5_ROLE_ONLY_EXPANSION,False,False
COMPETITIVE,boxer,Q11338576,Q524850,Enzo Fiermonte,enzofiermonte,,V5_WIKIDATA_ROLE_ONLY_EXPANSION,ROLE_CATEGORY_ONLY;IDENTITY_LABEL;NO_EVENT_OUTCOME;NO_CHRONOLOGY;NO_PAIRABILITY;NO_ASTROLOGY;NO_CONTROL,EnzoFiermonte1908,Enzo Fiermonte,male,1908-07-24,09:00,+01:00,1908,"Bari, Italy",16.872,41.126,True,False,True,V5_ROLE_ONLY_EXPANSION,False,False
COMPETITIVE,athlete,Q2066131,Q62479,Ernst Baier,ernstbaier,,V5_WIKIDATA_ROLE_ONLY_EXPANSION,ROLE_CATEGORY_ONLY;IDENTITY_LABEL;NO_EVENT_OUTCOME;NO_CHRONOLOGY;NO_PAIRABILITY;NO_ASTROLOGY;NO_CONTROL,ErnstBaier1905,Ernst Baier,male,1905-09-27,23:45,+01:00,1905,"Zittau, Germany",14.809,50.899,True,False,True,V5_ROLE_ONLY_EXPANSION,False,False
COMPETITIVE,boxer,Q11338576,Q471727,Ezzard Charles,ezzardcharles,,V5_WIKIDATA_ROLE_ONLY_EXPANSION,ROLE_CATEGORY_ONLY;IDENTITY_LABEL;NO_EVENT_OUTCOME;NO_CHRONOLOGY;NO_PAIRABILITY;NO_ASTROLOGY;NO_CONTROL,EzzardCharles1921,Ezzard Charles,male,1921-07-07,21:00,-04:00,1921,"Lawrenceville, GA, United States",-83.988,33.955,True,False,True,V5_ROLE_ONLY_EXPANSION,False,False
COMPETITIVE,boxer,Q11338576,Q717369,Fabrice Tiozzo,fabricetiozzo,,V5_WIKIDATA_ROLE_ONLY_EXPANSION,ROLE_CATEGORY_ONLY;IDENTITY_LABEL;NO_EVENT_OUTCOME;NO_CHRONOLOGY;NO_PAIRABILITY;NO_ASTROLOGY;NO_CONTROL,FabriceTiozzo1969,Fabrice Tiozzo,male,1969-05-08,08:30,+01:00,1969,"Saint-Denis, France",2.365,48.936,True,False,True,V5_ROLE_ONLY_EXPANSION,False,False
COMPETITIVE,boxer,Q11338576,Q314051,Floyd Patterson,floydpatterson,,V5_WIKIDATA_ROLE_ONLY_EXPANSION,ROLE_CATEGORY_ONLY;IDENTITY_LABEL;NO_EVENT_OUTCOME;NO_CHRONOLOGY;NO_PAIRABILITY;NO_ASTROLOGY;NO_CONTROL,FloydPatterson1935,Floyd Patterson,male,1935-01-04,14:30,-05:00,1935,"Waco, NC, United States",-81.428,35.362,True,False,True,V5_ROLE_ONLY_EXPANSION,False,False
COMPETITIVE,tennis_player,Q10833314,Q3080932,Francesco Cancellotti,francescocancellotti,,V5_WIKIDATA_ROLE_ONLY_EXPANSION,ROLE_CATEGORY_ONLY;IDENTITY_LABEL;NO_EVENT_OUTCOME;NO_CHRONOLOGY;NO_PAIRABILITY;NO_ASTROLOGY;NO_CONTROL,FrancescoCancellotti1963,Francesco Cancellotti,male,1963-02-27,20:00,+01:00,1963,"Perugia, Italy",12.39,43.112,True,False,True,V5_ROLE_ONLY_EXPANSION,False,False
COMPETITIVE,boxer,Q11338576,Q517835,Francesco Damiani,francescodamiani,,V5_WIKIDATA_ROLE_ONLY_EXPANSION,ROLE_CATEGORY_ONLY;IDENTITY_LABEL;NO_EVENT_OUTCOME;NO_CHRONOLOGY;NO_PAIRABILITY;NO_ASTROLOGY;NO_CONTROL,FrancescoDamiani1958,Francesco Damiani,male,1958-10-04,18:15,+01:00,1958,"Bagnacavallo, Italy",11.978,44.413,True,False,True,V5_ROLE_ONLY_EXPANSION,False,False
COMPETITIVE,athlete,Q2066131,Q1918,Franck Ribéry,franckribery,,V5_WIKIDATA_ROLE_ONLY_EXPANSION,ROLE_CATEGORY_ONLY;IDENTITY_LABEL;NO_EVENT_OUTCOME;NO_CHRONOLOGY;NO_PAIRABILITY;NO_ASTROLOGY;NO_CONTROL,FranckRibéry1983,Franck Ribéry,male,1983-04-07,17:30,+02:00,1983,"Boulogne-sur-Mer, France",1.615,50.726,True,False,True,V5_ROLE_ONLY_EXPANSION,False,False
COMPETITIVE,boxer,Q11338576,Q1646246,Freddie Miller,freddiemiller,,V5_WIKIDATA_ROLE_ONLY_EXPANSION,ROLE_CATEGORY_ONLY;IDENTITY_LABEL;NO_EVENT_OUTCOME;NO_CHRONOLOGY;NO_PAIRABILITY;NO_ASTROLOGY;NO_CONTROL,FreddieMiller1911,Freddie Miller,male,1911-04-03,03:00,-05:00,1911,"Cincinnati, OH, United States",-84.514,39.104,True,False,True,V5_ROLE_ONLY_EXPANSION,False,False
COMPETITIVE,athlete,Q2066131,Q22717,Fritz Walter,fritzwalter,,V5_WIKIDATA_ROLE_ONLY_EXPANSION,ROLE_CATEGORY_ONLY;IDENTITY_LABEL;NO_EVENT_OUTCOME;NO_CHRONOLOGY;NO_PAIRABILITY;NO_ASTROLOGY;NO_CONTROL,FritzWalter1920,Fritz Walter,male,1920-10-31,21:15,+01:00,1920,"Kaiserslautern, Germany",7.769,49.445,True,False,True,V5_ROLE_ONLY_EXPANSION,False,False
COMPETITIVE,tennis_player,Q10833314,Q186429,Gaël Monfils,gaelmonfils,,V5_WIKIDATA_ROLE_ONLY_EXPANSION,ROLE_CATEGORY_ONLY;IDENTITY_LABEL;NO_EVENT_OUTCOME;NO_CHRONOLOGY;NO_PAIRABILITY;NO_ASTROLOGY;NO_CONTROL,GaëlMonfils1986,Gaël Monfils,male,1986-09-01,04:50,+02:00,1986,"Paris, France",2.351,48.857,True,False,True,V5_ROLE_ONLY_EXPANSION,False,False
COMPETITIVE,athlete,Q2066131,Q558465,Gaston Reiff,gastonreiff,,V5_WIKIDATA_ROLE_ONLY_EXPANSION,ROLE_CATEGORY_ONLY;IDENTITY_LABEL;NO_EVENT_OUTCOME;NO_CHRONOLOGY;NO_PAIRABILITY;NO_ASTROLOGY;NO_CONTROL,GastonReiff1921,Gaston Reiff,male,1921-02-24,01:00,+00:00,1921,"Braine-l'Alleud, Belgique",4.37,50.683,True,False,True,V5_ROLE_ONLY_EXPANSION,False,False
COMPETITIVE,boxer,Q11338576,Q5541127,George Johnson,georgejohnson,,V5_WIKIDATA_ROLE_ONLY_EXPANSION,ROLE_CATEGORY_ONLY;IDENTITY_LABEL;NO_EVENT_OUTCOME;NO_CHRONOLOGY;NO_PAIRABILITY;NO_ASTROLOGY;NO_CONTROL,GeorgeJohnson1948,George Johnson,male,1948-12-18,19:15,-06:00,1948,"Tylertown, MS, United States",-90.141,31.117,True,False,True,V5_ROLE_ONLY_EXPANSION,False,False
COMPETITIVE,tennis_player,Q10833314,Q3124243,Gérard Pilet,gerardpilet,,V5_WIKIDATA_ROLE_ONLY_EXPANSION,ROLE_CATEGORY_ONLY;IDENTITY_LABEL;NO_EVENT_OUTCOME;NO_CHRONOLOGY;NO_PAIRABILITY;NO_ASTROLOGY;NO_CONTROL,GérardPilet1933,Gérard Pilet,male,1933-09-15,03:50,+01:00,1933,"Asnières-sur-Seine, France",2.284,48.918,True,False,True,V5_ROLE_ONLY_EXPANSION,False,False
COMPETITIVE,tennis_player,Q10833314,Q5558152,Gianluca Rinaldini,gianlucarinaldini,,V5_WIKIDATA_ROLE_ONLY_EXPANSION,ROLE_CATEGORY_ONLY;IDENTITY_LABEL;NO_EVENT_OUTCOME;NO_CHRONOLOGY;NO_PAIRABILITY;NO_ASTROLOGY;NO_CONTROL,GianlucaRinaldini1959,Gianluca Rinaldini,male,1959-08-10,15:45,+01:00,1959,"Faenza, Italy",11.883,44.285,True,False,True,V5_ROLE_ONLY_EXPANSION,False,False
COMPETITIVE,athlete,Q2066131,Q3105672,Gilbert De Smet,gilbertdesmet,,V5_WIKIDATA_ROLE_ONLY_EXPANSION,ROLE_CATEGORY_ONLY;IDENTITY_LABEL;NO_EVENT_OUTCOME;NO_CHRONOLOGY;NO_PAIRABILITY;NO_ASTROLOGY;NO_CONTROL,GilbertDesmet1931,Gilbert Desmet,male,1931-02-03,20:00,+00:00,1931,"Roeselare, Belgium",3.123,50.945,True,False,True,V5_ROLE_ONLY_EXPANSION,False,False
COMPETITIVE,boxer,Q11338576,Q1300183,Gilbert Lavoine,gilbertlavoine,,V5_WIKIDATA_ROLE_ONLY_EXPANSION,ROLE_CATEGORY_ONLY;IDENTITY_LABEL;NO_EVENT_OUTCOME;NO_CHRONOLOGY;NO_PAIRABILITY;NO_ASTROLOGY;NO_CONTROL,GilbertLavoine1921,Gilbert Lavoine,male,1921-02-03,07:00,+00:00,1921,"Laon, France",3.624,49.565,True,False,True,V5_ROLE_ONLY_EXPANSION,False,False
COMPETITIVE,tennis_player,Q10833314,Q212833,Gilles Simon,gillessimon,,V5_WIKIDATA_ROLE_ONLY_EXPANSION,ROLE_CATEGORY_ONLY;IDENTITY_LABEL;NO_EVENT_OUTCOME;NO_CHRONOLOGY;NO_PAIRABILITY;NO_ASTROLOGY;NO_CONTROL,GillesSimon1984,Gilles Simon,male,1984-12-27,09:00,+01:00,1984,"Nice, France",7.266,43.703,True,False,True,V5_ROLE_ONLY_EXPANSION,False,False
COMPETITIVE,athlete,Q2066131,Q155010,Gino Bartali,ginobartali,,V5_WIKIDATA_ROLE_ONLY_EXPANSION,ROLE_CATEGORY_ONLY;IDENTITY_LABEL;NO_EVENT_OUTCOME;NO_CHRONOLOGY;NO_PAIRABILITY;NO_ASTROLOGY;NO_CONTROL,GinoBartali1914,Gino Bartali,male,1914-07-18,11:00,+01:00,1914,"Bagno a Ripoli, Italia",11.323,43.754,True,False,True,V5_ROLE_ONLY_EXPANSION,False,False
COMPETITIVE,boxer,Q11338576,Q2467009,Giovanni Zuddas,giovannizuddas,,V5_WIKIDATA_ROLE_ONLY_EXPANSION,ROLE_CATEGORY_ONLY;IDENTITY_LABEL;NO_EVENT_OUTCOME;NO_CHRONOLOGY;NO_PAIRABILITY;NO_ASTROLOGY;NO_CONTROL,GiovanniZuddas1928,Giovanni Zuddas,male,1928-03-01,10:00,+01:00,1928,"Cagliari, Italy",9.109,39.215,True,False,True,V5_ROLE_ONLY_EXPANSION,False,False
COMPETITIVE,tennis_player,Q10833314,Q61136,Gottfried von Cramm,gottfriedvoncramm,,V5_WIKIDATA_ROLE_ONLY_EXPANSION,ROLE_CATEGORY_ONLY;IDENTITY_LABEL;NO_EVENT_OUTCOME;NO_CHRONOLOGY;NO_PAIRABILITY;NO_ASTROLOGY;NO_CONTROL,GottfriedvonCramm1909,Gottfried von Cramm,male,1909-07-07,17:45,+01:00,1909,"Söhlde, Germany",10.232,52.189,True,False,True,V5_ROLE_ONLY_EXPANSION,False,False
COMPETITIVE,boxer,Q11338576,Q3779281,Guido Ferracin,guidoferracin,,V5_WIKIDATA_ROLE_ONLY_EXPANSION,ROLE_CATEGORY_ONLY;IDENTITY_LABEL;NO_EVENT_OUTCOME;NO_CHRONOLOGY;NO_PAIRABILITY;NO_ASTROLOGY;NO_CONTROL,GuidoFerracin1926,Guido Ferracin,male,1926-01-18,12:45,+01:00,1926,"Villamarzana, Italy",11.698,45.015,True,False,True,V5_ROLE_ONLY_EXPANSION,False,False
COMPETITIVE,tennis_player,Q10833314,Q974288,Guillaume Raoux,guillaumeraoux,,V5_WIKIDATA_ROLE_ONLY_EXPANSION,ROLE_CATEGORY_ONLY;IDENTITY_LABEL;NO_EVENT_OUTCOME;NO_CHRONOLOGY;NO_PAIRABILITY;NO_ASTROLOGY;NO_CONTROL,GuillaumeRaoux1970,Guillaume Raoux,male,1970-02-14,10:15,+01:00,1970,"Bagnols-sur-Cèze, France",4.616,44.154,True,False,True,V5_ROLE_ONLY_EXPANSION,False,False
COMPETITIVE,tennis_player,Q10833314,Q560175,Guy Forget,guyforget,,V5_WIKIDATA_ROLE_ONLY_EXPANSION,ROLE_CATEGORY_ONLY;IDENTITY_LABEL;NO_EVENT_OUTCOME;NO_CHRONOLOGY;NO_PAIRABILITY;NO_ASTROLOGY;NO_CONTROL,GuyForget1965,Guy Forget,male,1965-01-04,01:15,+00:00,1965,"Casablanca, Casablanca-Settat, Morocco",-7.615,33.596,True,False,True,V5_ROLE_ONLY_EXPANSION,False,False
COMPETITIVE,boxer,Q11338576,Q176226,Hacine Cherifi,hacinecherifi,,V5_WIKIDATA_ROLE_ONLY_EXPANSION,ROLE_CATEGORY_ONLY;IDENTITY_LABEL;NO_EVENT_OUTCOME;NO_CHRONOLOGY;NO_PAIRABILITY;NO_ASTROLOGY;NO_CONTROL,HacineCherifi1967,Hacine Cherifi,male,1967-12-12,06:50,+01:00,1967,"Lyon, France",4.834,45.767,True,False,True,V5_ROLE_ONLY_EXPANSION,False,False
COMPETITIVE,athlete,Q2066131,Q62177,Hans Günter Winkler,hansgunterwinkler,,V5_WIKIDATA_ROLE_ONLY_EXPANSION,ROLE_CATEGORY_ONLY;IDENTITY_LABEL;NO_EVENT_OUTCOME;NO_CHRONOLOGY;NO_PAIRABILITY;NO_ASTROLOGY;NO_CONTROL,HansGünterWinkler1926,Hans Günter Winkler,male,1926-07-24,04:30,+01:00,1926,"Wuppertal, Germany",7.151,51.256,True,False,True,V5_ROLE_ONLY_EXPANSION,False,False
COMPETITIVE,athlete,Q2066131,Q5660463,Harold Davis,harolddavis,,V5_WIKIDATA_ROLE_ONLY_EXPANSION,ROLE_CATEGORY_ONLY;IDENTITY_LABEL;NO_EVENT_OUTCOME;NO_CHRONOLOGY;NO_PAIRABILITY;NO_ASTROLOGY;NO_CONTROL,HaroldDavis1921,Harold Davis,male,1921-01-05,02:21,-08:00,1921,"Salinas, CA, United States",-121.656,36.677,True,False,True,V5_ROLE_ONLY_EXPANSION,False,False
COMPETITIVE,boxer,Q11338576,Q115925,Harold Gomes,haroldgomes,,V5_WIKIDATA_ROLE_ONLY_EXPANSION,ROLE_CATEGORY_ONLY;IDENTITY_LABEL;NO_EVENT_OUTCOME;NO_CHRONOLOGY;NO_PAIRABILITY;NO_ASTROLOGY;NO_CONTROL,HaroldGomes1933,Harold Gomes,male,1933-08-22,07:52,-04:00,1933,"Providence, RI, United States",-71.413,41.824,True,False,True,V5_ROLE_ONLY_EXPANSION,False,False
COMPETITIVE,boxer,Q11338576,Q1600689,Heinz Neuhaus,heinzneuhaus,,V5_WIKIDATA_ROLE_ONLY_EXPANSION,ROLE_CATEGORY_ONLY;IDENTITY_LABEL;NO_EVENT_OUTCOME;NO_CHRONOLOGY;NO_PAIRABILITY;NO_ASTROLOGY;NO_CONTROL,HeinzNeuhaus1926,Heinz Neuhaus,male,1926-04-14,13:15,+01:00,1926,"Dortmund, Germany",7.464,51.511,True,False,True,V5_ROLE_ONLY_EXPANSION,False,False
COMPETITIVE,athlete,Q2066131,Q242150,Helen Stephens,helenstephens,,V5_WIKIDATA_ROLE_ONLY_EXPANSION,ROLE_CATEGORY_ONLY;IDENTITY_LABEL;NO_EVENT_OUTCOME;NO_CHRONOLOGY;NO_PAIRABILITY;NO_ASTROLOGY;NO_CONTROL,HelenStephens1918,Helen Stephens,female,1918-02-03,02:35,-06:00,1918,"Fulton, MO, United States",-91.945,38.844,True,False,True,V5_ROLE_ONLY_EXPANSION,False,False
COMPETITIVE,tennis_player,Q10833314,Q371971,Henri Cochet,henricochet,,V5_WIKIDATA_ROLE_ONLY_EXPANSION,ROLE_CATEGORY_ONLY;IDENTITY_LABEL;NO_EVENT_OUTCOME;NO_CHRONOLOGY;NO_PAIRABILITY;NO_ASTROLOGY;NO_CONTROL,HenriCochet1901,Henri Cochet,male,1901-12-14,11:00,+00:09,1901,"Villeurbanne, France",4.88,45.765,True,False,True,V5_ROLE_ONLY_EXPANSION,False,False
COMPETITIVE,tennis_player,Q10833314,Q455322,Henri Leconte,henrileconte,,V5_WIKIDATA_ROLE_ONLY_EXPANSION,ROLE_CATEGORY_ONLY;IDENTITY_LABEL;NO_EVENT_OUTCOME;NO_CHRONOLOGY;NO_PAIRABILITY;NO_ASTROLOGY;NO_CONTROL,HenriLeconte1963,Henri Leconte,male,1963-07-04,08:45,+01:00,1963,"Lillers, France",2.482,50.564,True,False,True,V5_ROLE_ONLY_EXPANSION,False,False
COMPETITIVE,boxer,Q11338576,Q381694,Henry Cooper,henrycooper,,V5_WIKIDATA_ROLE_ONLY_EXPANSION,ROLE_CATEGORY_ONLY;IDENTITY_LABEL;NO_EVENT_OUTCOME;NO_CHRONOLOGY;NO_PAIRABILITY;NO_ASTROLOGY;NO_CONTROL,HenryCooper1934,Henry Cooper,male,1934-05-03,06:30,+01:00,1934,"London, United Kingdom",-0.126,51.5,True,False,True,V5_ROLE_ONLY_EXPANSION,False,False
COMPETITIVE,boxer,Q11338576,Q5725885,Henry Milligan,henrymilligan,,V5_WIKIDATA_ROLE_ONLY_EXPANSION,ROLE_CATEGORY_ONLY;IDENTITY_LABEL;NO_EVENT_OUTCOME;NO_CHRONOLOGY;NO_PAIRABILITY;NO_ASTROLOGY;NO_CONTROL,HenryMilligan1958,Henry Milligan,male,1958-09-16,04:00,-04:00,1958,"Camden, NJ, United States",-75.119,39.945,True,False,True,V5_ROLE_ONLY_EXPANSION,False,False
COMPETITIVE,boxer,Q11338576,Q5768503,Hippolyte Annex,hippolyteannex,,V5_WIKIDATA_ROLE_ONLY_EXPANSION,ROLE_CATEGORY_ONLY;IDENTITY_LABEL;NO_EVENT_OUTCOME;NO_CHRONOLOGY;NO_PAIRABILITY;NO_ASTROLOGY;NO_CONTROL,HippolyteAnnex1933,Hippolyte Annex,male,1933-07-14,03:00,+01:00,1933,"Pézenas, France",3.424,43.46,True,False,True,V5_ROLE_ONLY_EXPANSION,False,False
COMPETITIVE,athlete,Q2066131,Q449511,Isabelle Duchesnay,isabelleduchesnay,,V5_WIKIDATA_ROLE_ONLY_EXPANSION,ROLE_CATEGORY_ONLY;IDENTITY_LABEL;NO_EVENT_OUTCOME;NO_CHRONOLOGY;NO_PAIRABILITY;NO_ASTROLOGY;NO_CONTROL,IsabelleDuchesnay1963,Isabelle Duchesnay,female,1963-12-18,10:15,-04:00,1963,"Saint John NB, Canada",-66.063,45.273,True,False,True,V5_ROLE_ONLY_EXPANSION,False,False
COMPETITIVE,boxer,Q11338576,Q1364391,Ivano Fontana,ivanofontana,,V5_WIKIDATA_ROLE_ONLY_EXPANSION,ROLE_CATEGORY_ONLY;IDENTITY_LABEL;NO_EVENT_OUTCOME;NO_CHRONOLOGY;NO_PAIRABILITY;NO_ASTROLOGY;NO_CONTROL,IvanoFontana1926,Ivano Fontana,male,1926-11-02,09:00,+01:00,1926,"Lucca, Italy",10.508,43.843,True,False,True,V5_ROLE_ONLY_EXPANSION,False,False
COMPETITIVE,tennis_player,Q10833314,Q54529,Jack Kramer,jackkramer,,V5_WIKIDATA_ROLE_ONLY_EXPANSION,ROLE_CATEGORY_ONLY;IDENTITY_LABEL;NO_EVENT_OUTCOME;NO_CHRONOLOGY;NO_PAIRABILITY;NO_ASTROLOGY;NO_CONTROL,JackKramer1921,Jack Kramer,male,1921-08-01,01:45,-08:00,1921,"Las Vegas, NV, United States",-115.141,36.169,True,False,True,V5_ROLE_ONLY_EXPANSION,False,False
COMPETITIVE,boxer,Q11338576,Q373968,Jack Warden,jackwarden,,V5_WIKIDATA_ROLE_ONLY_EXPANSION,ROLE_CATEGORY_ONLY;IDENTITY_LABEL;NO_EVENT_OUTCOME;NO_CHRONOLOGY;NO_PAIRABILITY;NO_ASTROLOGY;NO_CONTROL,JackWarden1920,Jack Warden,male,1920-09-18,17:00,-04:00,1920,"Newark, NJ, United States",-74.174,40.732,True,False,True,V5_ROLE_ONLY_EXPANSION,False,False
COMPETITIVE,athlete,Q2066131,Q221001,Jacques Anquetil,jacquesanquetil,,V5_WIKIDATA_ROLE_ONLY_EXPANSION,ROLE_CATEGORY_ONLY;IDENTITY_LABEL;NO_EVENT_OUTCOME;NO_CHRONOLOGY;NO_PAIRABILITY;NO_ASTROLOGY;NO_CONTROL,JacquesAnquetil1934,Jacques Anquetil,male,1934-01-08,10:30,+00:00,1934,"Mont-Saint-Aignan, France",1.09,49.469,True,False,True,V5_ROLE_ONLY_EXPANSION,False,False
COMPETITIVE,boxer,Q11338576,Q1678077,Jacques Prigent,jacquesprigent,,V5_WIKIDATA_ROLE_ONLY_EXPANSION,ROLE_CATEGORY_ONLY;IDENTITY_LABEL;NO_EVENT_OUTCOME;NO_CHRONOLOGY;NO_PAIRABILITY;NO_ASTROLOGY;NO_CONTROL,JacquesPrigent1927,Jacques Prigent,male,1927-09-26,06:25,+01:00,1927,"Gennevilliers, France",2.299,48.933,True,False,True,V5_ROLE_ONLY_EXPANSION,False,False
COMPETITIVE,tennis_player,Q10833314,Q3160081,Jacques Thomas,jacquesthomas,,V5_WIKIDATA_ROLE_ONLY_EXPANSION,ROLE_CATEGORY_ONLY;IDENTITY_LABEL;NO_EVENT_OUTCOME;NO_CHRONOLOGY;NO_PAIRABILITY;NO_ASTROLOGY;NO_CONTROL,JacquesThomas1922,Jacques Thomas,male,1922-04-13,06:00,+01:00,1922,"Antibes, France",7.121,43.581,True,False,True,V5_ROLE_ONLY_EXPANSION,False,False
COMPETITIVE,boxer,Q11338576,Q255186,James Boyd,jamesboyd,,V5_WIKIDATA_ROLE_ONLY_EXPANSION,ROLE_CATEGORY_ONLY;IDENTITY_LABEL;NO_EVENT_OUTCOME;NO_CHRONOLOGY;NO_PAIRABILITY;NO_ASTROLOGY;NO_CONTROL,JamesBoyd1917,James Boyd,male,1917-08-10,17:55,+01:00,1917,"Glasgow, United Kingdom",-4.257,55.866,True,False,True,V5_ROLE_ONLY_EXPANSION,False,False
COMPETITIVE,boxer,Q11338576,Q6140194,James Murray,jamesmurray,,V5_WIKIDATA_ROLE_ONLY_EXPANSION,ROLE_CATEGORY_ONLY;IDENTITY_LABEL;NO_EVENT_OUTCOME;NO_CHRONOLOGY;NO_PAIRABILITY;NO_ASTROLOGY;NO_CONTROL,JamesMurray1969,James Murray,male,1969-12-07,11:40,+01:00,1969,"Lanark, United Kingdom",-3.782,55.674,True,False,True,V5_ROLE_ONLY_EXPANSION,False,False
COMPETITIVE,tennis_player,Q10833314,Q317820,Jamie Murray,jamiemurray,,V5_WIKIDATA_ROLE_ONLY_EXPANSION,ROLE_CATEGORY_ONLY;IDENTITY_LABEL;NO_EVENT_OUTCOME;NO_CHRONOLOGY;NO_PAIRABILITY;NO_ASTROLOGY;NO_CONTROL,JamieMurray1986,Jamie Murray,male,1986-02-13,02:01,+00:00,1986,"Glasgow, United Kingdom",-4.257,55.866,True,False,True,V5_ROLE_ONLY_EXPANSION,False,False
COMPETITIVE,boxer,Q11338576,Q3172200,Jean Galia,jeangalia,,V5_WIKIDATA_ROLE_ONLY_EXPANSION,ROLE_CATEGORY_ONLY;IDENTITY_LABEL;NO_EVENT_OUTCOME;NO_CHRONOLOGY;NO_PAIRABILITY;NO_ASTROLOGY;NO_CONTROL,JeanGalia1907,Jean Galia,male,1907-03-20,07:51,+00:09,1907,"Ille-sur-Têt, France",2.62,42.672,True,False,True,V5_ROLE_ONLY_EXPANSION,False,False
COMPETITIVE,tennis_player,Q10833314,Q3173111,Jean Le Sueur,jeanlesueur,,V5_WIKIDATA_ROLE_ONLY_EXPANSION,ROLE_CATEGORY_ONLY;IDENTITY_LABEL;NO_EVENT_OUTCOME;NO_CHRONOLOGY;NO_PAIRABILITY;NO_ASTROLOGY;NO_CONTROL,JeanLesueur1910,Jean Lesueur,male,1910-06-24,05:40,+00:09,1910,"Dieppe, France",1.088,49.928,True,False,True,V5_ROLE_ONLY_EXPANSION,False,False
COMPETITIVE,boxer,Q11338576,Q1685826,Jean Sneyers,jeansneyers,,V5_WIKIDATA_ROLE_ONLY_EXPANSION,ROLE_CATEGORY_ONLY;IDENTITY_LABEL;NO_EVENT_OUTCOME;NO_CHRONOLOGY;NO_PAIRABILITY;NO_ASTROLOGY;NO_CONTROL,JeanSneyers1927,Jean Sneyers,male,1927-08-11,03:15,+01:00,1927,"Mulhouse, France",7.34,47.75,True,False,True,V5_ROLE_ONLY_EXPANSION,False,False
COMPETITIVE,tennis_player,Q10833314,Q176577,Jérémy Chardy,jeremychardy,,V5_WIKIDATA_ROLE_ONLY_EXPANSION,ROLE_CATEGORY_ONLY;IDENTITY_LABEL;NO_EVENT_OUTCOME;NO_CHRONOLOGY;NO_PAIRABILITY;NO_ASTROLOGY;NO_CONTROL,JérémyChardy1987,Jérémy Chardy,male,1987-02-12,03:50,+01:00,1987,"Pau, France",-0.375,43.298,True,False,True,V5_ROLE_ONLY_EXPANSION,False,False
COMPETITIVE,boxer,Q11338576,Q726232,Jérôme Le Banner,jeromelebanner,,V5_WIKIDATA_ROLE_ONLY_EXPANSION,ROLE_CATEGORY_ONLY;IDENTITY_LABEL;NO_EVENT_OUTCOME;NO_CHRONOLOGY;NO_PAIRABILITY;NO_ASTROLOGY;NO_CONTROL,JérômeLeBanner1972,Jérôme Le Banner,male,1972-12-26,06:45,+01:00,1972,"Le Havre, France",0.106,49.493,True,False,True,V5_ROLE_ONLY_EXPANSION,False,False
COMPETITIVE,athlete,Q2066131,Q1540848,Joe Malone,joemalone,,V5_WIKIDATA_ROLE_ONLY_EXPANSION,ROLE_CATEGORY_ONLY;IDENTITY_LABEL;NO_EVENT_OUTCOME;NO_CHRONOLOGY;NO_PAIRABILITY;NO_ASTROLOGY;NO_CONTROL,JoeMalone1954,Joe Malone,male,1954-11-18,13:27,-05:00,1954,"Newton, MA, United States",-71.212,42.338,True,False,True,V5_ROLE_ONLY_EXPANSION,False,False
COMPETITIVE,boxer,Q11338576,Q777476,Joey Maxim,joeymaxim,,V5_WIKIDATA_ROLE_ONLY_EXPANSION,ROLE_CATEGORY_ONLY;IDENTITY_LABEL;NO_EVENT_OUTCOME;NO_CHRONOLOGY;NO_PAIRABILITY;NO_ASTROLOGY;NO_CONTROL,JoeyMaxim1922,Joey Maxim,male,1922-03-28,00:00,-05:00,1922,"Cleveland, OH, United States",-81.691,41.505,True,False,True,V5_ROLE_ONLY_EXPANSION,False,False
COMPETITIVE,athlete,Q2066131,Q437445,Johan Bruyneel,johanbruyneel,,V5_WIKIDATA_ROLE_ONLY_EXPANSION,ROLE_CATEGORY_ONLY;IDENTITY_LABEL;NO_EVENT_OUTCOME;NO_CHRONOLOGY;NO_PAIRABILITY;NO_ASTROLOGY;NO_CONTROL,JohanBruyneel1964,Johan Bruyneel,male,1964-08-23,13:30,+01:00,1964,"Izegem, Belgium",3.215,50.917,True,False,True,V5_ROLE_ONLY_EXPANSION,False,False
COMPETITIVE,athlete,Q2066131,Q6240023,John Howard,johnhoward,,V5_WIKIDATA_ROLE_ONLY_EXPANSION,ROLE_CATEGORY_ONLY;IDENTITY_LABEL;NO_EVENT_OUTCOME;NO_CHRONOLOGY;NO_PAIRABILITY;NO_ASTROLOGY;NO_CONTROL,JohnHoward1913,John Howard,male,1913-04-14,11:25,-05:00,1913,"Cleveland Heights, OH, United States",-81.556,41.52,True,False,True,V5_ROLE_ONLY_EXPANSION,False,False
COMPETITIVE,boxer,Q11338576,Q738706,John Ruiz,johnruiz,,V5_WIKIDATA_ROLE_ONLY_EXPANSION,ROLE_CATEGORY_ONLY;IDENTITY_LABEL;NO_EVENT_OUTCOME;NO_CHRONOLOGY;NO_PAIRABILITY;NO_ASTROLOGY;NO_CONTROL,JohnRuiz1972,John Ruiz,male,1972-01-04,13:59,-05:00,1972,"Methuen Town, MA, United States",-71.184,42.73,True,False,True,V5_ROLE_ONLY_EXPANSION,False,False
COMPETITIVE,boxer,Q11338576,Q2029969,Josh Taylor,joshtaylor,,V5_WIKIDATA_ROLE_ONLY_EXPANSION,ROLE_CATEGORY_ONLY;IDENTITY_LABEL;NO_EVENT_OUTCOME;NO_CHRONOLOGY;NO_PAIRABILITY;NO_ASTROLOGY;NO_CONTROL,JoshTaylor1943,Josh Taylor,male,1943-09-25,15:39,-05:00,1943,"Princeton, IL, United States",-89.465,41.37,True,False,True,V5_ROLE_ONLY_EXPANSION,False,False
COMPETITIVE,tennis_player,Q10833314,Q313402,Julien Benneteau,julienbenneteau,,V5_WIKIDATA_ROLE_ONLY_EXPANSION,ROLE_CATEGORY_ONLY;IDENTITY_LABEL;NO_EVENT_OUTCOME;NO_CHRONOLOGY;NO_PAIRABILITY;NO_ASTROLOGY;NO_CONTROL,JulienBenneteau1981,Julien Benneteau,male,1981-12-20,15:20,+01:00,1981,"Bourg-en-Bresse, France",5.226,46.205,True,False,True,V5_ROLE_ONLY_EXPANSION,False,False
COMPETITIVE,boxer,Q11338576,Q1729196,Karel Sys,karelsys,,V5_WIKIDATA_ROLE_ONLY_EXPANSION,ROLE_CATEGORY_ONLY;IDENTITY_LABEL;NO_EVENT_OUTCOME;NO_CHRONOLOGY;NO_PAIRABILITY;NO_ASTROLOGY;NO_CONTROL,KarelSys1914,Karel Sys,male,1914-02-14,21:00,+00:00,1914,"Ostend, Belgium",2.914,51.225,True,False,True,V5_ROLE_ONLY_EXPANSION,False,False
COMPETITIVE,tennis_player,Q10833314,Q180146,Kenny de Schepper,kennydeschepper,,V5_WIKIDATA_ROLE_ONLY_EXPANSION,ROLE_CATEGORY_ONLY;IDENTITY_LABEL;NO_EVENT_OUTCOME;NO_CHRONOLOGY;NO_PAIRABILITY;NO_ASTROLOGY;NO_CONTROL,KennyDeSchepper1987,Kenny De Schepper,male,1987-05-29,04:05,+02:00,1987,"Bordeaux, France",-0.575,44.835,True,False,True,V5_ROLE_ONLY_EXPANSION,False,False
COMPETITIVE,boxer,Q11338576,Q1740849,Kid Dussart,kiddussart,,V5_WIKIDATA_ROLE_ONLY_EXPANSION,ROLE_CATEGORY_ONLY;IDENTITY_LABEL;NO_EVENT_OUTCOME;NO_CHRONOLOGY;NO_PAIRABILITY;NO_ASTROLOGY;NO_CONTROL,KidDussart1921,Kid Dussart,male,1921-04-11,02:00,+01:00,1921,"Liège, Belgium",5.572,50.644,True,False,True,V5_ROLE_ONLY_EXPANSION,False,False
COMPETITIVE,boxer,Q11338576,Q356068,Kirk Kerkorian,kirkkerkorian,,V5_WIKIDATA_ROLE_ONLY_EXPANSION,ROLE_CATEGORY_ONLY;IDENTITY_LABEL;NO_EVENT_OUTCOME;NO_CHRONOLOGY;NO_PAIRABILITY;NO_ASTROLOGY;NO_CONTROL,KirkKerkorian1917,Kirk Kerkorian,male,1917-06-06,12:00,-08:00,1917,"Fresno, CA, United States",-119.786,36.732,True,False,True,V5_ROLE_ONLY_EXPANSION,False,False
COMPETITIVE,boxer,Q11338576,Q720189,Laurent Boudouani,laurentboudouani,,V5_WIKIDATA_ROLE_ONLY_EXPANSION,ROLE_CATEGORY_ONLY;IDENTITY_LABEL;NO_EVENT_OUTCOME;NO_CHRONOLOGY;NO_PAIRABILITY;NO_ASTROLOGY;NO_CONTROL,LaurentBoudouani1966,Laurent Boudouani,male,1966-12-29,18:25,+01:00,1966,"Sallanches, France",6.631,45.937,True,False,True,V5_ROLE_ONLY_EXPANSION,False,False
COMPETITIVE,boxer,Q11338576,Q3794,Laurent Dauthuille,laurentdauthuille,,V5_WIKIDATA_ROLE_ONLY_EXPANSION,ROLE_CATEGORY_ONLY;IDENTITY_LABEL;NO_EVENT_OUTCOME;NO_CHRONOLOGY;NO_PAIRABILITY;NO_ASTROLOGY;NO_CONTROL,LaurentDauthuille1924,Laurent Dauthuille,male,1924-02-20,12:00,+00:00,1924,"Chauny, France",3.22,49.613,True,False,True,V5_ROLE_ONLY_EXPANSION,False,False
COMPETITIVE,athlete,Q2066131,Q13484,Laurent Fignon,laurentfignon,,V5_WIKIDATA_ROLE_ONLY_EXPANSION,ROLE_CATEGORY_ONLY;IDENTITY_LABEL;NO_EVENT_OUTCOME;NO_CHRONOLOGY;NO_PAIRABILITY;NO_ASTROLOGY;NO_CONTROL,LaurentFignon1960,Laurent Fignon,male,1960-08-12,03:10,+01:00,1960,"Paris, France",2.351,48.857,True,False,True,V5_ROLE_ONLY_EXPANSION,False,False
COMPETITIVE,tennis_player,Q10833314,Q1341842,Lionel Roux,lionelroux,,V5_WIKIDATA_ROLE_ONLY_EXPANSION,ROLE_CATEGORY_ONLY;IDENTITY_LABEL;NO_EVENT_OUTCOME;NO_CHRONOLOGY;NO_PAIRABILITY;NO_ASTROLOGY;NO_CONTROL,LionelRoux1973,Lionel Roux,male,1973-04-12,12:30,+01:00,1973,"Lyon, France",4.834,45.767,True,False,True,V5_ROLE_ONLY_EXPANSION,False,False
COMPETITIVE,boxer,Q11338576,Q3837175,Loris Stecca,lorisstecca,,V5_WIKIDATA_ROLE_ONLY_EXPANSION,ROLE_CATEGORY_ONLY;IDENTITY_LABEL;NO_EVENT_OUTCOME;NO_CHRONOLOGY;NO_PAIRABILITY;NO_ASTROLOGY;NO_CONTROL,LorisStecca1960,Loris Stecca,male,1960-03-30,09:30,+01:00,1960,"Santarcangelo di Romagna, Italia",12.45,44.065,True,False,True,V5_ROLE_ONLY_EXPANSION,False,False
COMPETITIVE,boxer,Q11338576,Q331378,Lou Ambers,louambers,,V5_WIKIDATA_ROLE_ONLY_EXPANSION,ROLE_CATEGORY_ONLY;IDENTITY_LABEL;NO_EVENT_OUTCOME;NO_CHRONOLOGY;NO_PAIRABILITY;NO_ASTROLOGY;NO_CONTROL,LouAmbers1913,Lou Ambers,male,1913-11-09,03:30,-05:00,1913,"Herkimer, NY, United States",-74.984,43.026,True,False,True,V5_ROLE_ONLY_EXPANSION,False,False
COMPETITIVE,boxer,Q11338576,Q3260140,Lou Nova,lounova,,V5_WIKIDATA_ROLE_ONLY_EXPANSION,ROLE_CATEGORY_ONLY;IDENTITY_LABEL;NO_EVENT_OUTCOME;NO_CHRONOLOGY;NO_PAIRABILITY;NO_ASTROLOGY;NO_CONTROL,LouNova1915,Lou Nova,male,1915-03-16,06:00,-08:00,1915,"Los Angeles, CA, United States",-118.243,34.052,True,False,True,V5_ROLE_ONLY_EXPANSION,False,False
COMPETITIVE,athlete,Q2066131,Q1892978,Marcel Bernard,marcelbernard,,V5_WIKIDATA_ROLE_ONLY_EXPANSION,ROLE_CATEGORY_ONLY;IDENTITY_LABEL;NO_EVENT_OUTCOME;NO_CHRONOLOGY;NO_PAIRABILITY;NO_ASTROLOGY;NO_CONTROL,MarcelBernard1914,Marcel Bernard,male,1914-05-18,20:00,+00:00,1914,"La Madeleine, France",3.073,50.654,True,False,True,V5_ROLE_ONLY_EXPANSION,False,False
COMPETITIVE,boxer,Q11338576,Q347201,Marcel Cerdan,marcelcerdan,,V5_WIKIDATA_ROLE_ONLY_EXPANSION,ROLE_CATEGORY_ONLY;IDENTITY_LABEL;NO_EVENT_OUTCOME;NO_CHRONOLOGY;NO_PAIRABILITY;NO_ASTROLOGY;NO_CONTROL,MarcelCerdan1916,Marcel Cerdan,male,1916-07-22,21:00,+01:00,1916,"Sidi Bel Abbes, Algeria",-0.635,35.191,True,False,True,V5_ROLE_ONLY_EXPANSION,False,False
COMPETITIVE,boxer,Q11338576,Q647018,Marcel Limage,marcellimage,,V5_WIKIDATA_ROLE_ONLY_EXPANSION,ROLE_CATEGORY_ONLY;IDENTITY_LABEL;NO_EVENT_OUTCOME;NO_CHRONOLOGY;NO_PAIRABILITY;NO_ASTROLOGY;NO_CONTROL,MarcelLimage1929,Marcel Limage,male,1929-07-21,08:00,+01:00,1929,"Quaregnon, Belgium",3.866,50.441,True,False,True,V5_ROLE_ONLY_EXPANSION,False,False
COMPETITIVE,athlete,Q2066131,Q250282,Marc Raquil,marcraquil,,V5_WIKIDATA_ROLE_ONLY_EXPANSION,ROLE_CATEGORY_ONLY;IDENTITY_LABEL;NO_EVENT_OUTCOME;NO_CHRONOLOGY;NO_PAIRABILITY;NO_ASTROLOGY;NO_CONTROL,MarcRaquil1977,Marc Raquil,male,1977-04-02,18:40,+01:00,1977,"Créteil, France",2.453,48.79,True,False,True,V5_ROLE_ONLY_EXPANSION,False,False
COMPETITIVE,boxer,Q11338576,Q3848491,Mario D'Agata,mariodagata,,V5_WIKIDATA_ROLE_ONLY_EXPANSION,ROLE_CATEGORY_ONLY;IDENTITY_LABEL;NO_EVENT_OUTCOME;NO_CHRONOLOGY;NO_PAIRABILITY;NO_ASTROLOGY;NO_CONTROL,MarioD'Agata1926,Mario D'Agata,male,1926-05-29,17:00,+01:00,1926,"Arezzo, Italy",11.863,43.471,True,False,True,V5_ROLE_ONLY_EXPANSION,False,False
COMPETITIVE,tennis_player,Q10833314,Q105838,Marion Bartoli,marionbartoli,,V5_WIKIDATA_ROLE_ONLY_EXPANSION,ROLE_CATEGORY_ONLY;IDENTITY_LABEL;NO_EVENT_OUTCOME;NO_CHRONOLOGY;NO_PAIRABILITY;NO_ASTROLOGY;NO_CONTROL,MarionBartoli1984,Marion Bartoli,female,1984-10-02,21:15,+01:00,1984,"Le Puy-en-Velay, France",3.885,45.044,True,False,True,V5_ROLE_ONLY_EXPANSION,False,False
COMPETITIVE,boxer,Q11338576,Q3294174,Mark McManus,markmcmanus,,V5_WIKIDATA_ROLE_ONLY_EXPANSION,ROLE_CATEGORY_ONLY;IDENTITY_LABEL;NO_EVENT_OUTCOME;NO_CHRONOLOGY;NO_PAIRABILITY;NO_ASTROLOGY;NO_CONTROL,MarkMcManus1935,Mark McManus,male,1935-02-21,16:20,+00:00,1935,"Bellshill, United Kingdom",-4.026,55.819,True,False,True,V5_ROLE_ONLY_EXPANSION,False,False
COMPETITIVE,athlete,Q2066131,Q359348,Martin Fourcade,martinfourcade,,V5_WIKIDATA_ROLE_ONLY_EXPANSION,ROLE_CATEGORY_ONLY;IDENTITY_LABEL;NO_EVENT_OUTCOME;NO_CHRONOLOGY;NO_PAIRABILITY;NO_ASTROLOGY;NO_CONTROL,MartinFourcade1988,Martin Fourcade,male,1988-09-14,22:55,+02:00,1988,"Céret, France",2.748,42.486,True,False,True,V5_ROLE_ONLY_EXPANSION,False,False
COMPETITIVE,athlete,Q2066131,Q563295,Martin Lauer,martinlauer,,V5_WIKIDATA_ROLE_ONLY_EXPANSION,ROLE_CATEGORY_ONLY;IDENTITY_LABEL;NO_EVENT_OUTCOME;NO_CHRONOLOGY;NO_PAIRABILITY;NO_ASTROLOGY;NO_CONTROL,MartinLauer1937,Martin Lauer,male,1937-01-02,07:30,+01:00,1937,"Cologne, Germany",6.96,50.941,True,False,True,V5_ROLE_ONLY_EXPANSION,False,False
COMPETITIVE,tennis_player,Q10833314,Q53390,Maureen Connolly,maureenconnolly,,V5_WIKIDATA_ROLE_ONLY_EXPANSION,ROLE_CATEGORY_ONLY;IDENTITY_LABEL;NO_EVENT_OUTCOME;NO_CHRONOLOGY;NO_PAIRABILITY;NO_ASTROLOGY;NO_CONTROL,MaureenConnolly1934,Maureen Connolly,female,1934-09-17,12:07,-08:00,1934,"San Diego, CA, United States",-117.164,32.716,True,False,True,V5_ROLE_ONLY_EXPANSION,False,False
COMPETITIVE,boxer,Q11338576,Q580903,Maurizio Stecca,mauriziostecca,,V5_WIKIDATA_ROLE_ONLY_EXPANSION,ROLE_CATEGORY_ONLY;IDENTITY_LABEL;NO_EVENT_OUTCOME;NO_CHRONOLOGY;NO_PAIRABILITY;NO_ASTROLOGY;NO_CONTROL,MaurizioStecca1963,Maurizio Stecca,male,1963-03-09,04:00,+01:00,1963,"Santarcangelo di Romagna, Italia",12.45,44.065,True,False,True,V5_ROLE_ONLY_EXPANSION,False,False
COMPETITIVE,boxer,Q11338576,Q1966509,Nate Brooks,natebrooks,,V5_WIKIDATA_ROLE_ONLY_EXPANSION,ROLE_CATEGORY_ONLY;IDENTITY_LABEL;NO_EVENT_OUTCOME;NO_CHRONOLOGY;NO_PAIRABILITY;NO_ASTROLOGY;NO_CONTROL,NateBrooks1933,Nate Brooks,male,1933-08-04,20:45,-04:00,1933,"Cleveland, OH, United States",-81.691,41.505,True,False,True,V5_ROLE_ONLY_EXPANSION,False,False
COMPETITIVE,athlete,Q2066131,Q3336672,Nathalie Simon,nathaliesimon,,V5_WIKIDATA_ROLE_ONLY_EXPANSION,ROLE_CATEGORY_ONLY;IDENTITY_LABEL;NO_EVENT_OUTCOME;NO_CHRONOLOGY;NO_PAIRABILITY;NO_ASTROLOGY;NO_CONTROL,NathalieSimon1964,Nathalie Simon,female,1964-10-25,13:30,+01:00,1964,"Neuilly-sur-Seine, France",2.273,48.884,True,False,True,V5_ROLE_ONLY_EXPANSION,False,False
COMPETITIVE,tennis_player,Q10833314,Q232633,Nathalie Tauziat,nathalietauziat,,V5_WIKIDATA_ROLE_ONLY_EXPANSION,ROLE_CATEGORY_ONLY;IDENTITY_LABEL;NO_EVENT_OUTCOME;NO_CHRONOLOGY;NO_PAIRABILITY;NO_ASTROLOGY;NO_CONTROL,NathalieTauziat1967,Nathalie Tauziat,female,1967-10-17,11:20,+01:00,1967,"Bangui, Bangui, Central African Republic",18.582,4.363,True,False,True,V5_ROLE_ONLY_EXPANSION,False,False
COMPETITIVE,tennis_player,Q10833314,Q317974,Nicolas Mahut,nicolasmahut,,V5_WIKIDATA_ROLE_ONLY_EXPANSION,ROLE_CATEGORY_ONLY;IDENTITY_LABEL;NO_EVENT_OUTCOME;NO_CHRONOLOGY;NO_PAIRABILITY;NO_ASTROLOGY;NO_CONTROL,NicolasMahut1982,Nicolas Mahut,male,1982-01-21,09:45,+01:00,1982,"Angers, France",-0.559,47.469,True,False,True,V5_ROLE_ONLY_EXPANSION,False,False
COMPETITIVE,boxer,Q11338576,Q1800396,Nino Benvenuti,ninobenvenuti,,V5_WIKIDATA_ROLE_ONLY_EXPANSION,ROLE_CATEGORY_ONLY;IDENTITY_LABEL;NO_EVENT_OUTCOME;NO_CHRONOLOGY;NO_PAIRABILITY;NO_ASTROLOGY;NO_CONTROL,NinoBenvenuti1938,Nino Benvenuti,male,1938-04-26,11:00,+01:00,1938,"Trieste, Italy",13.779,45.654,True,False,True,V5_ROLE_ONLY_EXPANSION,False,False
COMPETITIVE,tennis_player,Q10833314,Q321420,Omar Camporese,omarcamporese,,V5_WIKIDATA_ROLE_ONLY_EXPANSION,ROLE_CATEGORY_ONLY;IDENTITY_LABEL;NO_EVENT_OUTCOME;NO_CHRONOLOGY;NO_PAIRABILITY;NO_ASTROLOGY;NO_CONTROL,OmarCamporese1968,Omar Camporese,male,1968-05-08,10:40,+01:00,1968,"Bologna, Italy",11.347,44.494,True,False,True,V5_ROLE_ONLY_EXPANSION,False,False
COMPETITIVE,tennis_player,Q10833314,Q2050342,Paolo Canè,paolocane,,V5_WIKIDATA_ROLE_ONLY_EXPANSION,ROLE_CATEGORY_ONLY;IDENTITY_LABEL;NO_EVENT_OUTCOME;NO_CHRONOLOGY;NO_PAIRABILITY;NO_ASTROLOGY;NO_CONTROL,PaoloCane'1965,Paolo Cane',male,1965-04-19,04:00,+01:00,1965,"Bologna, Italy",11.347,44.494,True,False,True,V5_ROLE_ONLY_EXPANSION,False,False
COMPETITIVE,boxer,Q11338576,Q467350,Pascual Pérez,pascualperez,,V5_WIKIDATA_ROLE_ONLY_EXPANSION,ROLE_CATEGORY_ONLY;IDENTITY_LABEL;NO_EVENT_OUTCOME;NO_CHRONOLOGY;NO_PAIRABILITY;NO_ASTROLOGY;NO_CONTROL,PascualPerez1926,Pascual Perez,male,1926-03-04,13:00,-04:00,1926,"Tupungato Mendoza, Argentina",-69.145,-33.366,True,False,True,V5_ROLE_ONLY_EXPANSION,False,False
COMPETITIVE,athlete,Q2066131,Q2624096,Patrick Flanagan,patrickflanagan,,V5_WIKIDATA_ROLE_ONLY_EXPANSION,ROLE_CATEGORY_ONLY;IDENTITY_LABEL;NO_EVENT_OUTCOME;NO_CHRONOLOGY;NO_PAIRABILITY;NO_ASTROLOGY;NO_CONTROL,PatrickFlanagan1944,Patrick Flanagan,male,1944-10-11,03:48,-05:00,1944,"Oklahoma City, OK, United States",-97.521,35.468,True,False,True,V5_ROLE_ONLY_EXPANSION,False,False
COMPETITIVE,athlete,Q2066131,Q1703440,Paul Duchesnay,paulduchesnay,,V5_WIKIDATA_ROLE_ONLY_EXPANSION,ROLE_CATEGORY_ONLY;IDENTITY_LABEL;NO_EVENT_OUTCOME;NO_CHRONOLOGY;NO_PAIRABILITY;NO_ASTROLOGY;NO_CONTROL,PaulDuchesnay1961,Paul Duchesnay,male,1961-07-31,20:25,+01:00,1961,"Metz, France",6.172,49.114,True,False,True,V5_ROLE_ONLY_EXPANSION,False,False
COMPETITIVE,tennis_player,Q10833314,Q53331,Pauline Betz,paulinebetz,,V5_WIKIDATA_ROLE_ONLY_EXPANSION,ROLE_CATEGORY_ONLY;IDENTITY_LABEL;NO_EVENT_OUTCOME;NO_CHRONOLOGY;NO_PAIRABILITY;NO_ASTROLOGY;NO_CONTROL,PaulineBetz1919,Pauline Betz,female,1919-08-06,02:50,-04:00,1919,"Dayton, OH, United States",-84.192,39.761,True,False,True,V5_ROLE_ONLY_EXPANSION,False,False
COMPETITIVE,tennis_player,Q10833314,Q589611,Philippe Chatrier,philippechatrier,,V5_WIKIDATA_ROLE_ONLY_EXPANSION,ROLE_CATEGORY_ONLY;IDENTITY_LABEL;NO_EVENT_OUTCOME;NO_CHRONOLOGY;NO_PAIRABILITY;NO_ASTROLOGY;NO_CONTROL,PhilippeChatrier1928,Philippe Chatrier,male,1928-02-02,10:15,+00:00,1928,"Créteil, France",2.453,48.79,True,False,True,V5_ROLE_ONLY_EXPANSION,False,False
COMPETITIVE,athlete,Q2066131,Q485885,Pierluigi Collina,pierluigicollina,,V5_WIKIDATA_ROLE_ONLY_EXPANSION,ROLE_CATEGORY_ONLY;IDENTITY_LABEL;NO_EVENT_OUTCOME;NO_CHRONOLOGY;NO_PAIRABILITY;NO_ASTROLOGY;NO_CONTROL,PierluigiCollina1960,Pierluigi Collina,male,1960-02-13,12:40,+01:00,1960,"Bologna, Italy",11.347,44.494,True,False,True,V5_ROLE_ONLY_EXPANSION,False,False
COMPETITIVE,athlete,Q2066131,Q171578,Piero Taruffi,pierotaruffi,,V5_WIKIDATA_ROLE_ONLY_EXPANSION,ROLE_CATEGORY_ONLY;IDENTITY_LABEL;NO_EVENT_OUTCOME;NO_CHRONOLOGY;NO_PAIRABILITY;NO_ASTROLOGY;NO_CONTROL,PieroTaruffi1906,Piero Taruffi,male,1906-10-12,19:00,+01:00,1906,"Albano Laziale, Italia",12.661,41.728,True,False,True,V5_ROLE_ONLY_EXPANSION,False,False
COMPETITIVE,boxer,Q11338576,Q2093292,Pierre Charles,pierrecharles,,V5_WIKIDATA_ROLE_ONLY_EXPANSION,ROLE_CATEGORY_ONLY;IDENTITY_LABEL;NO_EVENT_OUTCOME;NO_CHRONOLOGY;NO_PAIRABILITY;NO_ASTROLOGY;NO_CONTROL,PierreCharles1903,Pierre Charles,male,1903-03-20,01:00,+00:00,1903,"Agimont, Hastière, Belgium",4.794,50.164,True,False,True,V5_ROLE_ONLY_EXPANSION,False,False
COMPETITIVE,boxer,Q11338576,Q3385765,Pierre Langlois,pierrelanglois,,V5_WIKIDATA_ROLE_ONLY_EXPANSION,ROLE_CATEGORY_ONLY;IDENTITY_LABEL;NO_EVENT_OUTCOME;NO_CHRONOLOGY;NO_PAIRABILITY;NO_ASTROLOGY;NO_CONTROL,PierreLanglois1925,Pierre Langlois,male,1925-03-31,01:00,+00:00,1925,"Pont-Audemer, France",0.512,49.354,True,False,True,V5_ROLE_ONLY_EXPANSION,False,False
COMPETITIVE,boxer,Q11338576,Q3386326,Pierre Montané,pierremontane,,V5_WIKIDATA_ROLE_ONLY_EXPANSION,ROLE_CATEGORY_ONLY;IDENTITY_LABEL;NO_EVENT_OUTCOME;NO_CHRONOLOGY;NO_PAIRABILITY;NO_ASTROLOGY;NO_CONTROL,PierreMontané1919,Pierre Montané,male,1919-12-01,10:00,+00:00,1919,"Toulouse, France",1.445,43.604,True,False,True,V5_ROLE_ONLY_EXPANSION,False,False
COMPETITIVE,tennis_player,Q10833314,Q3386551,Pierre Pellizza,pierrepellizza,,V5_WIKIDATA_ROLE_ONLY_EXPANSION,ROLE_CATEGORY_ONLY;IDENTITY_LABEL;NO_EVENT_OUTCOME;NO_CHRONOLOGY;NO_PAIRABILITY;NO_ASTROLOGY;NO_CONTROL,PierrePellizza1917,Pierre Pellizza,male,1917-07-10,20:00,+01:00,1917,"Lardy, France",2.266,48.522,True,False,True,V5_ROLE_ONLY_EXPANSION,False,False
COMPETITIVE,boxer,Q11338576,Q325449,Primo Carnera,primocarnera,,V5_WIKIDATA_ROLE_ONLY_EXPANSION,ROLE_CATEGORY_ONLY;IDENTITY_LABEL;NO_EVENT_OUTCOME;NO_CHRONOLOGY;NO_PAIRABILITY;NO_ASTROLOGY;NO_CONTROL,PrimoCarnera1906,Primo Carnera,male,1906-10-25,14:00,+01:00,1906,"Sequals, Italy",12.831,46.167,True,False,True,V5_ROLE_ONLY_EXPANSION,False,False
COMPETITIVE,athlete,Q2066131,Q192648,Raymond Domenech,raymonddomenech,,V5_WIKIDATA_ROLE_ONLY_EXPANSION,ROLE_CATEGORY_ONLY;IDENTITY_LABEL;NO_EVENT_OUTCOME;NO_CHRONOLOGY;NO_PAIRABILITY;NO_ASTROLOGY;NO_CONTROL,RaymondDomenech1952,Raymond Domenech,male,1952-01-24,21:00,+01:00,1952,"Lyon, France",4.834,45.767,True,False,True,V5_ROLE_ONLY_EXPANSION,False,False
COMPETITIVE,boxer,Q11338576,Q3420894,Raymond Grassi,raymondgrassi,,V5_WIKIDATA_ROLE_ONLY_EXPANSION,ROLE_CATEGORY_ONLY;IDENTITY_LABEL;NO_EVENT_OUTCOME;NO_CHRONOLOGY;NO_PAIRABILITY;NO_ASTROLOGY;NO_CONTROL,RaymondGrassi1930,Raymond Grassi,male,1930-05-04,05:00,+01:00,1930,"Marseille, France",5.374,43.295,True,False,True,V5_ROLE_ONLY_EXPANSION,False,False
COMPETITIVE,athlete,Q2066131,Q221454,René Lacoste,renelacoste,,V5_WIKIDATA_ROLE_ONLY_EXPANSION,ROLE_CATEGORY_ONLY;IDENTITY_LABEL;NO_EVENT_OUTCOME;NO_CHRONOLOGY;NO_PAIRABILITY;NO_ASTROLOGY;NO_CONTROL,RenéLacoste1904,René Lacoste,male,1904-07-02,05:00,+00:09,1904,"Paris, France",2.351,48.857,True,False,True,V5_ROLE_ONLY_EXPANSION,False,False
COMPETITIVE,tennis_player,Q10833314,Q209436,Richard Gasquet,richardgasquet,,V5_WIKIDATA_ROLE_ONLY_EXPANSION,ROLE_CATEGORY_ONLY;IDENTITY_LABEL;NO_EVENT_OUTCOME;NO_CHRONOLOGY;NO_PAIRABILITY;NO_ASTROLOGY;NO_CONTROL,RichardGasquet1986,Richard Gasquet,male,1986-06-18,09:00,+02:00,1986,"Sérignan, France",3.283,43.282,True,False,True,V5_ROLE_ONLY_EXPANSION,False,False
COMPETITIVE,tennis_player,Q10833314,Q3435334,Robert Haillet,roberthaillet,,V5_WIKIDATA_ROLE_ONLY_EXPANSION,ROLE_CATEGORY_ONLY;IDENTITY_LABEL;NO_EVENT_OUTCOME;NO_CHRONOLOGY;NO_PAIRABILITY;NO_ASTROLOGY;NO_CONTROL,RobertHaillet1931,Robert Haillet,male,1931-09-26,02:30,+01:00,1931,"Pau, France",-0.375,43.298,True,False,True,V5_ROLE_ONLY_EXPANSION,False,False
COMPETITIVE,athlete,Q2066131,Q77389,Robert Hübner,roberthubner,,V5_WIKIDATA_ROLE_ONLY_EXPANSION,ROLE_CATEGORY_ONLY;IDENTITY_LABEL;NO_EVENT_OUTCOME;NO_CHRONOLOGY;NO_PAIRABILITY;NO_ASTROLOGY;NO_CONTROL,RobertHübner1948,Robert Hübner,male,1948-11-06,15:15,+01:00,1948,"Cologne, Germany",6.96,50.941,True,False,True,V5_ROLE_ONLY_EXPANSION,False,False
COMPETITIVE,tennis_player,Q10833314,Q3440119,Roland Journu,rolandjournu,,V5_WIKIDATA_ROLE_ONLY_EXPANSION,ROLE_CATEGORY_ONLY;IDENTITY_LABEL;NO_EVENT_OUTCOME;NO_CHRONOLOGY;NO_PAIRABILITY;NO_ASTROLOGY;NO_CONTROL,RolandJournu1906,Roland Journu,male,1906-08-06,01:30,+00:09,1906,"Bordeaux, France",-0.575,44.835,True,False,True,V5_ROLE_ONLY_EXPANSION,False,False
COMPETITIVE,athlete,Q2066131,Q7361971,Roman Gabriel,romangabriel,,V5_WIKIDATA_ROLE_ONLY_EXPANSION,ROLE_CATEGORY_ONLY;IDENTITY_LABEL;NO_EVENT_OUTCOME;NO_CHRONOLOGY;NO_PAIRABILITY;NO_ASTROLOGY;NO_CONTROL,RomanGabriel1940,Roman Gabriel,male,1940-08-05,22:05,-04:00,1940,"Wilmington, NC, United States",-77.946,34.237,True,False,True,V5_ROLE_ONLY_EXPANSION,False,False
COMPETITIVE,athlete,Q2066131,Q242201,Ronda Rousey,rondarousey,,V5_WIKIDATA_ROLE_ONLY_EXPANSION,ROLE_CATEGORY_ONLY;IDENTITY_LABEL;NO_EVENT_OUTCOME;NO_CHRONOLOGY;NO_PAIRABILITY;NO_ASTROLOGY;NO_CONTROL,RondaRousey1987,Ronda Rousey,female,1987-02-01,12:39,-08:00,1987,"Riverside, CA, United States",-117.377,33.981,True,False,True,V5_ROLE_ONLY_EXPANSION,False,False
COMPETITIVE,boxer,Q11338576,Q1344009,Ronnie Harris,ronnieharris,,V5_WIKIDATA_ROLE_ONLY_EXPANSION,ROLE_CATEGORY_ONLY;IDENTITY_LABEL;NO_EVENT_OUTCOME;NO_CHRONOLOGY;NO_PAIRABILITY;NO_ASTROLOGY;NO_CONTROL,RonnieHarris1948,Ronnie Harris,male,1948-09-03,02:58,-04:00,1948,"Canton, OH, United States",-81.377,40.797,True,False,True,V5_ROLE_ONLY_EXPANSION,False,False
COMPETITIVE,boxer,Q11338576,Q452772,Rubin Carter,rubincarter,,V5_WIKIDATA_ROLE_ONLY_EXPANSION,ROLE_CATEGORY_ONLY;IDENTITY_LABEL;NO_EVENT_OUTCOME;NO_CHRONOLOGY;NO_PAIRABILITY;NO_ASTROLOGY;NO_CONTROL,RubinCarter1937,Rubin Carter,male,1937-05-06,11:45,-04:00,1937,"William Paterson University of New Jersey, NJ, United States",-74.199,40.948,True,False,True,V5_ROLE_ONLY_EXPANSION,False,False
COMPETITIVE,athlete,Q2066131,Q62204,Rudi Altig,rudialtig,,V5_WIKIDATA_ROLE_ONLY_EXPANSION,ROLE_CATEGORY_ONLY;IDENTITY_LABEL;NO_EVENT_OUTCOME;NO_CHRONOLOGY;NO_PAIRABILITY;NO_ASTROLOGY;NO_CONTROL,RudiAltig1937,Rudi Altig,male,1937-03-18,23:30,+01:00,1937,"Mannheim, Germany",8.477,49.485,True,False,True,V5_ROLE_ONLY_EXPANSION,False,False
COMPETITIVE,athlete,Q2066131,Q568591,Rudolf Ismayr,rudolfismayr,,V5_WIKIDATA_ROLE_ONLY_EXPANSION,ROLE_CATEGORY_ONLY;IDENTITY_LABEL;NO_EVENT_OUTCOME;NO_CHRONOLOGY;NO_PAIRABILITY;NO_ASTROLOGY;NO_CONTROL,RudolfIsmayr1908,Rudolf Ismayr,male,1908-10-14,00:30,+01:00,1908,"Landshut, Germany",12.152,48.539,True,False,True,V5_ROLE_ONLY_EXPANSION,False,False
COMPETITIVE,tennis_player,Q10833314,Q239791,Sabine Appelmans,sabineappelmans,,V5_WIKIDATA_ROLE_ONLY_EXPANSION,ROLE_CATEGORY_ONLY;IDENTITY_LABEL;NO_EVENT_OUTCOME;NO_CHRONOLOGY;NO_PAIRABILITY;NO_ASTROLOGY;NO_CONTROL,SabineAppelmans1972,Sabine Appelmans,female,1972-04-22,04:30,+01:00,1972,"Aalst, Belgium",4.041,50.937,True,False,True,V5_ROLE_ONLY_EXPANSION,False,False
COMPETITIVE,athlete,Q2066131,Q465470,Sébastien Chabal,sebastienchabal,,V5_WIKIDATA_ROLE_ONLY_EXPANSION,ROLE_CATEGORY_ONLY;IDENTITY_LABEL;NO_EVENT_OUTCOME;NO_CHRONOLOGY;NO_PAIRABILITY;NO_ASTROLOGY;NO_CONTROL,SébastienChabal1977,Sébastien Chabal,male,1977-12-08,04:00,+01:00,1977,"Valence, France",4.89,44.93,True,False,True,V5_ROLE_ONLY_EXPANSION,False,False
COMPETITIVE,tennis_player,Q10833314,Q45666,Sébastien Grosjean,sebastiengrosjean,,V5_WIKIDATA_ROLE_ONLY_EXPANSION,ROLE_CATEGORY_ONLY;IDENTITY_LABEL;NO_EVENT_OUTCOME;NO_CHRONOLOGY;NO_PAIRABILITY;NO_ASTROLOGY;NO_CONTROL,SébastienGrosjean1978,Sébastien Grosjean,male,1978-05-29,08:00,+02:00,1978,"Marseille, France",5.374,43.295,True,False,True,V5_ROLE_ONLY_EXPANSION,False,False
COMPETITIVE,tennis_player,Q10833314,Q311177,Sergi Bruguera,sergibruguera,,V5_WIKIDATA_ROLE_ONLY_EXPANSION,ROLE_CATEGORY_ONLY;IDENTITY_LABEL;NO_EVENT_OUTCOME;NO_CHRONOLOGY;NO_PAIRABILITY;NO_ASTROLOGY;NO_CONTROL,SergiBruguera1971,Sergi Bruguera,male,1971-01-16,20:00,+01:00,1971,"Barcelona, Spain",2.17,41.388,True,False,True,V5_ROLE_ONLY_EXPANSION,False,False
COMPETITIVE,boxer,Q11338576,Q716771,Sergio Caprari,sergiocaprari,,V5_WIKIDATA_ROLE_ONLY_EXPANSION,ROLE_CATEGORY_ONLY;IDENTITY_LABEL;NO_EVENT_OUTCOME;NO_CHRONOLOGY;NO_PAIRABILITY;NO_ASTROLOGY;NO_CONTROL,SergioCaprari1932,Sergio Caprari,male,1932-07-11,00:30,+01:00,1932,"Civita Castellana, Italia",12.412,42.289,True,False,True,V5_ROLE_ONLY_EXPANSION,False,False
COMPETITIVE,tennis_player,Q10833314,Q53424,Shirley Fry,shirleyfry,,V5_WIKIDATA_ROLE_ONLY_EXPANSION,ROLE_CATEGORY_ONLY;IDENTITY_LABEL;NO_EVENT_OUTCOME;NO_CHRONOLOGY;NO_PAIRABILITY;NO_ASTROLOGY;NO_CONTROL,ShirleyFry1927,Shirley Fry,female,1927-06-30,12:35,-04:00,1927,"Akron, OH, United States",-81.516,41.085,True,False,True,V5_ROLE_ONLY_EXPANSION,False,False
COMPETITIVE,tennis_player,Q10833314,Q3484531,Simone Barbier,simonebarbier,,V5_WIKIDATA_ROLE_ONLY_EXPANSION,ROLE_CATEGORY_ONLY;IDENTITY_LABEL;NO_EVENT_OUTCOME;NO_CHRONOLOGY;NO_PAIRABILITY;NO_ASTROLOGY;NO_CONTROL,SimoneBarbier1903,Simone Barbier,female,1903-01-19,06:00,+00:09,1903,"Nancy, France",6.182,48.691,True,False,True,V5_ROLE_ONLY_EXPANSION,False,False
COMPETITIVE,athlete,Q2066131,Q255353,Sjoukje Dijkstra,sjoukjedijkstra,,V5_WIKIDATA_ROLE_ONLY_EXPANSION,ROLE_CATEGORY_ONLY;IDENTITY_LABEL;NO_EVENT_OUTCOME;NO_CHRONOLOGY;NO_PAIRABILITY;NO_ASTROLOGY;NO_CONTROL,SjoukjeDijkstra1942,Sjoukje Dijkstra,female,1942-01-28,23:50,+02:00,1942,"Akkrum, Heerenveen, Netherlands",5.835,53.049,True,False,True,V5_ROLE_ONLY_EXPANSION,False,False
COMPETITIVE,tennis_player,Q10833314,Q54657,Stan Smith,stansmith,,V5_WIKIDATA_ROLE_ONLY_EXPANSION,ROLE_CATEGORY_ONLY;IDENTITY_LABEL;NO_EVENT_OUTCOME;NO_CHRONOLOGY;NO_PAIRABILITY;NO_ASTROLOGY;NO_CONTROL,StanSmith1946,Stan Smith,male,1946-12-14,22:13,-06:00,1946,"Pasadena, TX, United States",-95.193,29.693,True,False,True,V5_ROLE_ONLY_EXPANSION,False,False
COMPETITIVE,athlete,Q2066131,Q539229,Stéphane Diagana,stephanediagana,,V5_WIKIDATA_ROLE_ONLY_EXPANSION,ROLE_CATEGORY_ONLY;IDENTITY_LABEL;NO_EVENT_OUTCOME;NO_CHRONOLOGY;NO_PAIRABILITY;NO_ASTROLOGY;NO_CONTROL,StephaneDiagana1969,Stephane Diagana,male,1969-07-23,22:00,+01:00,1969,"Saint-Affrique, France",2.885,43.958,True,False,True,V5_ROLE_ONLY_EXPANSION,False,False
COMPETITIVE,tennis_player,Q10833314,Q54580,Ted Schroeder,tedschroeder,,V5_WIKIDATA_ROLE_ONLY_EXPANSION,ROLE_CATEGORY_ONLY;IDENTITY_LABEL;NO_EVENT_OUTCOME;NO_CHRONOLOGY;NO_PAIRABILITY;NO_ASTROLOGY;NO_CONTROL,TedSchroeder1921,Ted Schroeder,male,1921-07-20,22:40,-04:00,1921,"Newark, NJ, United States",-74.174,40.732,True,False,True,V5_ROLE_ONLY_EXPANSION,False,False
COMPETITIVE,boxer,Q11338576,Q4062091,Terry Allen,terryallen,,V5_WIKIDATA_ROLE_ONLY_EXPANSION,ROLE_CATEGORY_ONLY;IDENTITY_LABEL;NO_EVENT_OUTCOME;NO_CHRONOLOGY;NO_PAIRABILITY;NO_ASTROLOGY;NO_CONTROL,TerryAllen1968,Terry Allen,male,1968-02-21,02:52,-05:00,1968,"Commerce, GA, United States",-83.457,34.203,True,False,True,V5_ROLE_ONLY_EXPANSION,False,False
COMPETITIVE,athlete,Q2066131,Q471518,Thierry Sabine,thierrysabine,,V5_WIKIDATA_ROLE_ONLY_EXPANSION,ROLE_CATEGORY_ONLY;IDENTITY_LABEL;NO_EVENT_OUTCOME;NO_CHRONOLOGY;NO_PAIRABILITY;NO_ASTROLOGY;NO_CONTROL,ThierrySabine1949,Thierry Sabine,male,1949-06-13,23:30,+01:00,1949,"Neuilly-sur-Seine, France",2.273,48.884,True,False,True,V5_ROLE_ONLY_EXPANSION,False,False
COMPETITIVE,tennis_player,Q10833314,Q7790132,Thomas Graham,thomasgraham,,V5_WIKIDATA_ROLE_ONLY_EXPANSION,ROLE_CATEGORY_ONLY;IDENTITY_LABEL;NO_EVENT_OUTCOME;NO_CHRONOLOGY;NO_PAIRABILITY;NO_ASTROLOGY;NO_CONTROL,ThomasGraham1943,Thomas Graham,male,1943-12-05,14:30,+01:00,1943,"Glasgow, United Kingdom",-4.257,55.866,True,False,True,V5_ROLE_ONLY_EXPANSION,False,False
COMPETITIVE,boxer,Q11338576,Q524814,Tiberio Mitri,tiberiomitri,,V5_WIKIDATA_ROLE_ONLY_EXPANSION,ROLE_CATEGORY_ONLY;IDENTITY_LABEL;NO_EVENT_OUTCOME;NO_CHRONOLOGY;NO_PAIRABILITY;NO_ASTROLOGY;NO_CONTROL,TiberioMitri1926,Tiberio Mitri,male,1926-07-12,23:45,+01:00,1926,"Trieste, Italy",13.779,45.654,True,False,True,V5_ROLE_ONLY_EXPANSION,False,False
COMPETITIVE,boxer,Q11338576,Q779416,Todd Bridges,toddbridges,,V5_WIKIDATA_ROLE_ONLY_EXPANSION,ROLE_CATEGORY_ONLY;IDENTITY_LABEL;NO_EVENT_OUTCOME;NO_CHRONOLOGY;NO_PAIRABILITY;NO_ASTROLOGY;NO_CONTROL,ToddBridges1965,Todd Bridges,male,1965-05-27,12:21,-07:00,1965,"San Francisco, CA, United States",-122.42,37.78,True,False,True,V5_ROLE_ONLY_EXPANSION,False,False
COMPETITIVE,athlete,Q2066131,Q7816438,Tom Kennedy,tomkennedy,,V5_WIKIDATA_ROLE_ONLY_EXPANSION,ROLE_CATEGORY_ONLY;IDENTITY_LABEL;NO_EVENT_OUTCOME;NO_CHRONOLOGY;NO_PAIRABILITY;NO_ASTROLOGY;NO_CONTROL,TomKennedy1927,Tom Kennedy,male,1927-02-26,17:25,-05:00,1927,"Louisville-Jefferson County, KY, United States",-85.654,38.199,True,False,True,V5_ROLE_ONLY_EXPANSION,False,False
COMPETITIVE,athlete,Q2066131,Q229967,Valentina Vezzali,valentinavezzali,,V5_WIKIDATA_ROLE_ONLY_EXPANSION,ROLE_CATEGORY_ONLY;IDENTITY_LABEL;NO_EVENT_OUTCOME;NO_CHRONOLOGY;NO_PAIRABILITY;NO_ASTROLOGY;NO_CONTROL,ValentinaVezzali1974,Valentina Vezzali,female,1974-02-14,18:00,+01:00,1974,"Jesi, Italy",13.243,43.522,True,False,True,V5_ROLE_ONLY_EXPANSION,False,False
COMPETITIVE,athlete,Q2066131,Q169814,Valentino Rossi,valentinorossi,,V5_WIKIDATA_ROLE_ONLY_EXPANSION,ROLE_CATEGORY_ONLY;IDENTITY_LABEL;NO_EVENT_OUTCOME;NO_CHRONOLOGY;NO_PAIRABILITY;NO_ASTROLOGY;NO_CONTROL,ValentinoRossi1979,Valentino Rossi,male,1979-02-16,18:20,+01:00,1979,"Urbino, Italy",12.637,43.725,True,False,True,V5_ROLE_ONLY_EXPANSION,False,False
COMPETITIVE,athlete,Q2066131,Q2546155,Walter Schmidt,walterschmidt,,V5_WIKIDATA_ROLE_ONLY_EXPANSION,ROLE_CATEGORY_ONLY;IDENTITY_LABEL;NO_EVENT_OUTCOME;NO_CHRONOLOGY;NO_PAIRABILITY;NO_ASTROLOGY;NO_CONTROL,WalterSchmidt1917,Walter Schmidt,male,1917-01-28,14:45,+01:00,1917,"Bremen, Germany",8.807,53.075,True,False,True,V5_ROLE_ONLY_EXPANSION,False,False
COMPETITIVE,athlete,Q2066131,Q39301,Wilfried Dietrich,wilfrieddietrich,,V5_WIKIDATA_ROLE_ONLY_EXPANSION,ROLE_CATEGORY_ONLY;IDENTITY_LABEL;NO_EVENT_OUTCOME;NO_CHRONOLOGY;NO_PAIRABILITY;NO_ASTROLOGY;NO_CONTROL,WilfriedDietrich1933,Wilfried Dietrich,male,1933-10-14,01:00,+01:00,1933,"Schifferstadt, Germany",8.374,49.387,True,False,True,V5_ROLE_ONLY_EXPANSION,False,False
COMPETITIVE,tennis_player,Q10833314,Q77579,Wilhelm Bungert,wilhelmbungert,,V5_WIKIDATA_ROLE_ONLY_EXPANSION,ROLE_CATEGORY_ONLY;IDENTITY_LABEL;NO_EVENT_OUTCOME;NO_CHRONOLOGY;NO_PAIRABILITY;NO_ASTROLOGY;NO_CONTROL,WilhelmBungert1939,Wilhelm Bungert,male,1939-04-01,12:35,+01:00,1939,"Mannheim, Germany",8.477,49.485,True,False,True,V5_ROLE_ONLY_EXPANSION,False,False
COMPETITIVE,athlete,Q2066131,Q229261,Wyomia Tyus,wyomiatyus,,V5_WIKIDATA_ROLE_ONLY_EXPANSION,ROLE_CATEGORY_ONLY;IDENTITY_LABEL;NO_EVENT_OUTCOME;NO_CHRONOLOGY;NO_PAIRABILITY;NO_ASTROLOGY;NO_CONTROL,WyomiaTyus1945,Wyomia Tyus,female,1945-08-29,09:45,-04:00,1945,"Griffin, GA, United States",-84.264,33.244,True,False,True,V5_ROLE_ONLY_EXPANSION,False,False
COMPETITIVE,boxer,Q11338576,Q220464,Zora Folley,zorafolley,,V5_WIKIDATA_ROLE_ONLY_EXPANSION,ROLE_CATEGORY_ONLY;IDENTITY_LABEL;NO_EVENT_OUTCOME;NO_CHRONOLOGY;NO_PAIRABILITY;NO_ASTROLOGY;NO_CONTROL,ZoraFolley1931,Zora Folley,male,1931-05-27,22:53,-05:00,1931,"Dallas, TX, United States",-96.796,32.778,True,False,True,V5_ROLE_ONLY_EXPANSION,False,False
PROJECT,actor,Q33999,Q129386,Abner Biberman,abnerbiberman,,V5_WIKIDATA_ROLE_ONLY_EXPANSION,ROLE_CATEGORY_ONLY;IDENTITY_LABEL;NO_EVENT_OUTCOME;NO_CHRONOLOGY;NO_PAIRABILITY;NO_ASTROLOGY;NO_CONTROL,AbnerBiberman1909,Abner Biberman,male,1909-04-01,04:00,-06:00,1909,"Milwaukee, WI, United States",-87.909,43.041,True,False,True,V5_ROLE_ONLY_EXPANSION,False,False
PROJECT,film_director,Q2526255,Q281964,Adam Goldberg,adamgoldberg,,V5_WIKIDATA_ROLE_ONLY_EXPANSION,ROLE_CATEGORY_ONLY;IDENTITY_LABEL;NO_EVENT_OUTCOME;NO_CHRONOLOGY;NO_PAIRABILITY;NO_ASTROLOGY;NO_CONTROL,AdamGoldberg1970,Adam Goldberg,male,1970-10-25,13:13,-08:00,1970,"Santa Monica, CA, United States",-118.492,34.011,True,False,True,V5_ROLE_ONLY_EXPANSION,False,False
PROJECT,film_director,Q2526255,Q365044,Adolfo Celi,adolfoceli,,V5_WIKIDATA_ROLE_ONLY_EXPANSION,ROLE_CATEGORY_ONLY;IDENTITY_LABEL;NO_EVENT_OUTCOME;NO_CHRONOLOGY;NO_PAIRABILITY;NO_ASTROLOGY;NO_CONTROL,AdolfoCeli1922,Adolfo Celi,male,1922-07-27,16:30,+01:00,1922,"Messina, Italy",15.556,38.192,True,False,True,V5_ROLE_ONLY_EXPANSION,False,False
PROJECT,film_director,Q2526255,Q199943,Adriano Celentano,adrianocelentano,,V5_WIKIDATA_ROLE_ONLY_EXPANSION,ROLE_CATEGORY_ONLY;IDENTITY_LABEL;NO_EVENT_OUTCOME;NO_CHRONOLOGY;NO_PAIRABILITY;NO_ASTROLOGY;NO_CONTROL,AdrianoCelentano1938,Adriano Celentano,male,1938-01-06,07:00,+01:00,1938,"Milan, Italy",9.188,45.464,True,False,True,V5_ROLE_ONLY_EXPANSION,False,False
PROJECT,film_director,Q2526255,Q311303,Adrian Pasdar,adrianpasdar,,V5_WIKIDATA_ROLE_ONLY_EXPANSION,ROLE_CATEGORY_ONLY;IDENTITY_LABEL;NO_EVENT_OUTCOME;NO_CHRONOLOGY;NO_PAIRABILITY;NO_ASTROLOGY;NO_CONTROL,AdrianPasdar1965,Adrian Pasdar,male,1965-04-30,09:01,-04:00,1965,"Pittsfield, MA, United States",-73.253,42.445,True,False,True,V5_ROLE_ONLY_EXPANSION,False,False
PROJECT,film_director,Q2526255,Q392644,Agenore Incrocci,agenoreincrocci,,V5_WIKIDATA_ROLE_ONLY_EXPANSION,ROLE_CATEGORY_ONLY;IDENTITY_LABEL;NO_EVENT_OUTCOME;NO_CHRONOLOGY;NO_PAIRABILITY;NO_ASTROLOGY;NO_CONTROL,AgenoreIncrocci1919,Agenore Incrocci,male,1919-07-04,05:05,+02:00,1919,"Brescia, Italy",10.223,45.54,True,False,True,V5_ROLE_ONLY_EXPANSION,False,False
PROJECT,musician,Q639669,Q240521,Agnès Jaoui,agnesjaoui,,V5_WIKIDATA_ROLE_ONLY_EXPANSION,ROLE_CATEGORY_ONLY;IDENTITY_LABEL;NO_EVENT_OUTCOME;NO_CHRONOLOGY;NO_PAIRABILITY;NO_ASTROLOGY;NO_CONTROL,AgnèsJaoui1964,Agnès Jaoui,female,1964-10-19,04:30,+01:00,1964,"Antony, France",2.297,48.754,True,False,True,V5_ROLE_ONLY_EXPANSION,False,False
PROJECT,film_director,Q2526255,Q395124,Agnès Soral,agnessoral,,V5_WIKIDATA_ROLE_ONLY_EXPANSION,ROLE_CATEGORY_ONLY;IDENTITY_LABEL;NO_EVENT_OUTCOME;NO_CHRONOLOGY;NO_PAIRABILITY;NO_ASTROLOGY;NO_CONTROL,AgnèsSoral1960,Agnès Soral,female,1960-06-08,12:00,+01:00,1960,"Aix-les-Bains, France",5.916,45.69,True,False,True,V5_ROLE_ONLY_EXPANSION,False,False
PROJECT,film_director,Q2526255,Q448021,Alain Chabat,alainchabat,,V5_WIKIDATA_ROLE_ONLY_EXPANSION,ROLE_CATEGORY_ONLY;IDENTITY_LABEL;NO_EVENT_OUTCOME;NO_CHRONOLOGY;NO_PAIRABILITY;NO_ASTROLOGY;NO_CONTROL,AlainChabat1958,Alain Chabat,male,1958-11-24,01:30,+01:00,1958,"Oran, Algeria",-0.632,35.699,True,False,True,V5_ROLE_ONLY_EXPANSION,False,False
PROJECT,film_director,Q2526255,Q312280,Alain Corneau,alaincorneau,,V5_WIKIDATA_ROLE_ONLY_EXPANSION,ROLE_CATEGORY_ONLY;IDENTITY_LABEL;NO_EVENT_OUTCOME;NO_CHRONOLOGY;NO_PAIRABILITY;NO_ASTROLOGY;NO_CONTROL,AlainCorneau1943,Alain Corneau,male,1943-08-07,02:15,+02:00,1943,"Orléans, France",1.904,47.901,True,False,True,V5_ROLE_ONLY_EXPANSION,False,False
PROJECT,film_director,Q2526255,Q334506,Alain Cuny,alaincuny,,V5_WIKIDATA_ROLE_ONLY_EXPANSION,ROLE_CATEGORY_ONLY;IDENTITY_LABEL;NO_EVENT_OUTCOME;NO_CHRONOLOGY;NO_PAIRABILITY;NO_ASTROLOGY;NO_CONTROL,AlainCuny1908,Alain Cuny,male,1908-07-12,12:00,+00:09,1908,"Saint-Malo, France",-2.026,48.648,True,False,True,V5_ROLE_ONLY_EXPANSION,False,False
PROJECT,actor,Q33999,Q106529,Alain Delon,alaindelon,,V5_WIKIDATA_ROLE_ONLY_EXPANSION,ROLE_CATEGORY_ONLY;IDENTITY_LABEL;NO_EVENT_OUTCOME;NO_CHRONOLOGY;NO_PAIRABILITY;NO_ASTROLOGY;NO_CONTROL,AlainDelon1935,Alain Delon,male,1935-11-08,03:25,+00:00,1935,"Sceaux, France",2.291,48.779,True,False,True,V5_ROLE_ONLY_EXPANSION,False,False
PROJECT,film_director,Q2526255,Q476825,Alain Jessua,alainjessua,,V5_WIKIDATA_ROLE_ONLY_EXPANSION,ROLE_CATEGORY_ONLY;IDENTITY_LABEL;NO_EVENT_OUTCOME;NO_CHRONOLOGY;NO_PAIRABILITY;NO_ASTROLOGY;NO_CONTROL,AlainJessua1932,Alain Jessua,male,1932-01-16,16:30,+00:00,1932,"Paris, France",2.351,48.857,True,False,True,V5_ROLE_ONLY_EXPANSION,False,False
PROJECT,film_director,Q2526255,Q218022,Alain Resnais,alainresnais,,V5_WIKIDATA_ROLE_ONLY_EXPANSION,ROLE_CATEGORY_ONLY;IDENTITY_LABEL;NO_EVENT_OUTCOME;NO_CHRONOLOGY;NO_PAIRABILITY;NO_ASTROLOGY;NO_CONTROL,AlainResnais1922,Alain Resnais,male,1922-06-03,20:15,+01:00,1922,"Vannes, France",-2.76,47.655,True,False,True,V5_ROLE_ONLY_EXPANSION,False,False
PROJECT,actor,Q33999,Q53453,Alain Souchon,alainsouchon,,V5_WIKIDATA_ROLE_ONLY_EXPANSION,ROLE_CATEGORY_ONLY;IDENTITY_LABEL;NO_EVENT_OUTCOME;NO_CHRONOLOGY;NO_PAIRABILITY;NO_ASTROLOGY;NO_CONTROL,AlainSouchon1944,Alain Souchon,male,1944-05-27,07:00,+01:00,1944,"Casablanca, Casablanca-Settat, Morocco",-7.615,33.596,True,False,True,V5_ROLE_ONLY_EXPANSION,False,False
PROJECT,actor,Q33999,Q108283,Alan Arkin,alanarkin,,V5_WIKIDATA_ROLE_ONLY_EXPANSION,ROLE_CATEGORY_ONLY;IDENTITY_LABEL;NO_EVENT_OUTCOME;NO_CHRONOLOGY;NO_PAIRABILITY;NO_ASTROLOGY;NO_CONTROL,AlanArkin1934,Alan Arkin,male,1934-03-26,04:17,-05:00,1934,"New York, NY, United States",-74.007,40.713,True,False,True,V5_ROLE_ONLY_EXPANSION,False,False
PROJECT,musician,Q639669,Q10681,Alan Stivell,alanstivell,,V5_WIKIDATA_ROLE_ONLY_EXPANSION,ROLE_CATEGORY_ONLY;IDENTITY_LABEL;NO_EVENT_OUTCOME;NO_CHRONOLOGY;NO_PAIRABILITY;NO_ASTROLOGY;NO_CONTROL,AlanStivell1944,Alan Stivell,male,1944-01-06,07:15,+01:00,1944,"Riom, France",3.113,45.892,True,False,True,V5_ROLE_ONLY_EXPANSION,False,False
PROJECT,film_director,Q2526255,Q356303,Albert Brooks,albertbrooks,,V5_WIKIDATA_ROLE_ONLY_EXPANSION,ROLE_CATEGORY_ONLY;IDENTITY_LABEL;NO_EVENT_OUTCOME;NO_CHRONOLOGY;NO_PAIRABILITY;NO_ASTROLOGY;NO_CONTROL,AlbertBrooks1947,Albert Brooks,male,1947-07-22,03:00,-08:00,1947,"Los Angeles, CA, United States",-118.243,34.052,True,False,True,V5_ROLE_ONLY_EXPANSION,False,False
PROJECT,actor,Q33999,Q34670,Albert Camus,albertcamus,,V5_WIKIDATA_ROLE_ONLY_EXPANSION,ROLE_CATEGORY_ONLY;IDENTITY_LABEL;NO_EVENT_OUTCOME;NO_CHRONOLOGY;NO_PAIRABILITY;NO_ASTROLOGY;NO_CONTROL,AlbertCamus1913,Albert Camus,male,1913-11-07,02:00,+00:00,1913,"Drean, Algeria",7.752,36.684,True,False,True,V5_ROLE_ONLY_EXPANSION,False,False
PROJECT,actor,Q33999,Q124389,Albert Dupontel,albertdupontel,,V5_WIKIDATA_ROLE_ONLY_EXPANSION,ROLE_CATEGORY_ONLY;IDENTITY_LABEL;NO_EVENT_OUTCOME;NO_CHRONOLOGY;NO_PAIRABILITY;NO_ASTROLOGY;NO_CONTROL,AlbertDupontel1961,Albert Dupontel,male,1961-01-11,20:50,+01:00,1961,"Saint-Germain-en-Laye, France",2.094,48.899,True,False,True,V5_ROLE_ONLY_EXPANSION,False,False
PROJECT,film_director,Q2526255,Q264986,Alberto Bonucci,albertobonucci,,V5_WIKIDATA_ROLE_ONLY_EXPANSION,ROLE_CATEGORY_ONLY;IDENTITY_LABEL;NO_EVENT_OUTCOME;NO_CHRONOLOGY;NO_PAIRABILITY;NO_ASTROLOGY;NO_CONTROL,AlbertoBonucci1918,Alberto Bonucci,male,1918-05-19,05:15,+02:00,1918,"Campobasso, Italy",14.665,41.56,True,False,True,V5_ROLE_ONLY_EXPANSION,False,False
PROJECT,actor,Q33999,Q59204,Alberto Lattuada,albertolattuada,,V5_WIKIDATA_ROLE_ONLY_EXPANSION,ROLE_CATEGORY_ONLY;IDENTITY_LABEL;NO_EVENT_OUTCOME;NO_CHRONOLOGY;NO_PAIRABILITY;NO_ASTROLOGY;NO_CONTROL,AlbertoLattuada1914,Alberto Lattuada,male,1914-11-13,06:30,+01:00,1914,"Milan, Italy",9.188,45.464,True,False,True,V5_ROLE_ONLY_EXPANSION,False,False
PROJECT,actor,Q33999,Q50003,Alberto Sordi,albertosordi,,V5_WIKIDATA_ROLE_ONLY_EXPANSION,ROLE_CATEGORY_ONLY;IDENTITY_LABEL;NO_EVENT_OUTCOME;NO_CHRONOLOGY;NO_PAIRABILITY;NO_ASTROLOGY;NO_CONTROL,AlbertoSordi1920,Alberto Sordi,male,1920-06-15,07:25,+02:00,1920,"Rome, Italy",12.494,41.891,True,False,True,V5_ROLE_ONLY_EXPANSION,False,False
PROJECT,film_director,Q2526255,Q206685,Albert Uderzo,albertuderzo,,V5_WIKIDATA_ROLE_ONLY_EXPANSION,ROLE_CATEGORY_ONLY;IDENTITY_LABEL;NO_EVENT_OUTCOME;NO_CHRONOLOGY;NO_PAIRABILITY;NO_ASTROLOGY;NO_CONTROL,AlbertUderzo1927,Albert Uderzo,male,1927-04-25,07:00,+01:00,1927,"Fismes, France",3.68,49.307,True,False,True,V5_ROLE_ONLY_EXPANSION,False,False
PROJECT,musician,Q639669,Q165634,Al Di Meola,aldimeola,,V5_WIKIDATA_ROLE_ONLY_EXPANSION,ROLE_CATEGORY_ONLY;IDENTITY_LABEL;NO_EVENT_OUTCOME;NO_CHRONOLOGY;NO_PAIRABILITY;NO_ASTROLOGY;NO_CONTROL,AlDiMeola1954,Al Di Meola,male,1954-07-22,03:45,-04:00,1954,"Jersey City, NJ, United States",-74.044,40.718,True,False,True,V5_ROLE_ONLY_EXPANSION,False,False
PROJECT,actor,Q33999,Q55450,Aldo Fabrizi,aldofabrizi,,V5_WIKIDATA_ROLE_ONLY_EXPANSION,ROLE_CATEGORY_ONLY;IDENTITY_LABEL;NO_EVENT_OUTCOME;NO_CHRONOLOGY;NO_PAIRABILITY;NO_ASTROLOGY;NO_CONTROL,AldoFabrizi1905,Aldo Fabrizi,male,1905-11-01,17:00,+01:00,1905,"Rome, Italy",12.494,41.891,True,False,True,V5_ROLE_ONLY_EXPANSION,False,False
PROJECT,singer,Q177220,Q285543,Alessandra Mussolini,alessandramussolini,,V5_WIKIDATA_ROLE_ONLY_EXPANSION,ROLE_CATEGORY_ONLY;IDENTITY_LABEL;NO_EVENT_OUTCOME;NO_CHRONOLOGY;NO_PAIRABILITY;NO_ASTROLOGY;NO_CONTROL,AlessandraMussolini1962,Alessandra Mussolini,female,1962-12-30,13:00,+01:00,1962,"Rome, Italy",12.494,41.891,True,False,True,V5_ROLE_ONLY_EXPANSION,False,False
PROJECT,film_director,Q2526255,Q53005,Alessandro Blasetti,alessandroblasetti,,V5_WIKIDATA_ROLE_ONLY_EXPANSION,ROLE_CATEGORY_ONLY;IDENTITY_LABEL;NO_EVENT_OUTCOME;NO_CHRONOLOGY;NO_PAIRABILITY;NO_ASTROLOGY;NO_CONTROL,AlessandroBlasetti1900,Alessandro Blasetti,male,1900-07-03,11:20,+01:00,1900,"Rome, Italy",12.494,41.891,True,False,True,V5_ROLE_ONLY_EXPANSION,False,False
PROJECT,musician,Q639669,Q326646,Alessandro Cicognini,alessandrocicognini,,V5_WIKIDATA_ROLE_ONLY_EXPANSION,ROLE_CATEGORY_ONLY;IDENTITY_LABEL;NO_EVENT_OUTCOME;NO_CHRONOLOGY;NO_PAIRABILITY;NO_ASTROLOGY;NO_CONTROL,AlessandroCicognini1906,Alessandro Cicognini,male,1906-01-25,04:00,+01:00,1906,"Pescara, Italy",14.214,42.465,True,False,True,V5_ROLE_ONLY_EXPANSION,False,False
PROJECT,film_director,Q2526255,Q457268,Alexandra Lamy,alexandralamy,,V5_WIKIDATA_ROLE_ONLY_EXPANSION,ROLE_CATEGORY_ONLY;IDENTITY_LABEL;NO_EVENT_OUTCOME;NO_CHRONOLOGY;NO_PAIRABILITY;NO_ASTROLOGY;NO_CONTROL,AlexandraLamy1971,Alexandra Lamy,female,1971-10-14,16:45,+01:00,1971,"Villecresnes, France",2.533,48.721,True,False,True,V5_ROLE_ONLY_EXPANSION,False,False
PROJECT,musician,Q639669,Q313362,Alexandre Desplat,alexandredesplat,,V5_WIKIDATA_ROLE_ONLY_EXPANSION,ROLE_CATEGORY_ONLY;IDENTITY_LABEL;NO_EVENT_OUTCOME;NO_CHRONOLOGY;NO_PAIRABILITY;NO_ASTROLOGY;NO_CONTROL,AlexandreDesplat1961,Alexandre Desplat,male,1961-08-23,03:45,+01:00,1961,"Paris, France",2.351,48.857,True,False,True,V5_ROLE_ONLY_EXPANSION,False,False
PROJECT,musician,Q639669,Q45375,Alex Harvey,alexharvey,,V5_WIKIDATA_ROLE_ONLY_EXPANSION,ROLE_CATEGORY_ONLY;IDENTITY_LABEL;NO_EVENT_OUTCOME;NO_CHRONOLOGY;NO_PAIRABILITY;NO_ASTROLOGY;NO_CONTROL,AlexHarvey1935,Alex Harvey,male,1935-02-05,07:15,+00:00,1935,"Glasgow, United Kingdom",-4.257,55.866,True,False,True,V5_ROLE_ONLY_EXPANSION,False,False
PROJECT,musician,Q639669,Q254431,Alexis Arquette,alexisarquette,,V5_WIKIDATA_ROLE_ONLY_EXPANSION,ROLE_CATEGORY_ONLY;IDENTITY_LABEL;NO_EVENT_OUTCOME;NO_CHRONOLOGY;NO_PAIRABILITY;NO_ASTROLOGY;NO_CONTROL,AlexisArquette1969,Alexis Arquette,male,1969-07-28,19:00,-07:00,1969,"Los Angeles, CA, United States",-118.243,34.052,True,False,True,V5_ROLE_ONLY_EXPANSION,False,False
PROJECT,singer,Q177220,Q271852,Alice Pearce,alicepearce,,V5_WIKIDATA_ROLE_ONLY_EXPANSION,ROLE_CATEGORY_ONLY;IDENTITY_LABEL;NO_EVENT_OUTCOME;NO_CHRONOLOGY;NO_PAIRABILITY;NO_ASTROLOGY;NO_CONTROL,AlicePearce1917,Alice Pearce,female,1917-10-16,21:15,-05:00,1917,"New York, NY, United States",-74.007,40.713,True,False,True,V5_ROLE_ONLY_EXPANSION,False,False
PROJECT,film_director,Q2526255,Q265232,Alice Taglioni,alicetaglioni,,V5_WIKIDATA_ROLE_ONLY_EXPANSION,ROLE_CATEGORY_ONLY;IDENTITY_LABEL;NO_EVENT_OUTCOME;NO_CHRONOLOGY;NO_PAIRABILITY;NO_ASTROLOGY;NO_CONTROL,AliceTaglioni1976,Alice Taglioni,female,1976-07-26,00:10,+02:00,1976,"Ermont, France",2.259,48.989,True,False,True,V5_ROLE_ONLY_EXPANSION,False,False
PROJECT,singer,Q177220,Q236247,Alicia Witt,aliciawitt,,V5_WIKIDATA_ROLE_ONLY_EXPANSION,ROLE_CATEGORY_ONLY;IDENTITY_LABEL;NO_EVENT_OUTCOME;NO_CHRONOLOGY;NO_PAIRABILITY;NO_ASTROLOGY;NO_CONTROL,AliciaWitt1975,Alicia Witt,female,1975-08-21,14:59,-04:00,1975,"Worcester, MA, United States",-71.802,42.262,True,False,True,V5_ROLE_ONLY_EXPANSION,False,False
PROJECT,musician,Q639669,Q168012,Alizée,alizee,,V5_WIKIDATA_ROLE_ONLY_EXPANSION,ROLE_CATEGORY_ONLY;IDENTITY_LABEL;NO_EVENT_OUTCOME;NO_CHRONOLOGY;NO_PAIRABILITY;NO_ASTROLOGY;NO_CONTROL,Alizée1984,Alizée,female,1984-08-21,08:55,+02:00,1984,"Ajaccio, France",8.737,41.919,True,False,True,V5_ROLE_ONLY_EXPANSION,False,False
PROJECT,musician,Q639669,Q214813,Amália Rodrigues,amaliarodrigues,,V5_WIKIDATA_ROLE_ONLY_EXPANSION,ROLE_CATEGORY_ONLY;IDENTITY_LABEL;NO_EVENT_OUTCOME;NO_CHRONOLOGY;NO_PAIRABILITY;NO_ASTROLOGY;NO_CONTROL,AmáliaRodrigues1920,Amália Rodrigues,female,1920-07-23,05:00,+01:00,1920,"Lisbon, Portugal",-9.136,38.707,True,False,True,V5_ROLE_ONLY_EXPANSION,False,False
PROJECT,singer,Q177220,Q266779,Amel Bent,amelbent,,V5_WIKIDATA_ROLE_ONLY_EXPANSION,ROLE_CATEGORY_ONLY;IDENTITY_LABEL;NO_EVENT_OUTCOME;NO_CHRONOLOGY;NO_PAIRABILITY;NO_ASTROLOGY;NO_CONTROL,AmelBent1985,Amel Bent,female,1985-06-21,17:25,+02:00,1985,"Paris, France",2.351,48.857,True,False,True,V5_ROLE_ONLY_EXPANSION,False,False
PROJECT,singer,Q177220,Q233377,Amerie,amerie,,V5_WIKIDATA_ROLE_ONLY_EXPANSION,ROLE_CATEGORY_ONLY;IDENTITY_LABEL;NO_EVENT_OUTCOME;NO_CHRONOLOGY;NO_PAIRABILITY;NO_ASTROLOGY;NO_CONTROL,Amerie1978,Amerie,female,1978-01-12,08:08,-05:00,1978,"Boston, MA, United States",-71.059,42.359,True,False,True,V5_ROLE_ONLY_EXPANSION,False,False
PROJECT,singer,Q177220,Q235020,Amy Irving,amyirving,,V5_WIKIDATA_ROLE_ONLY_EXPANSION,ROLE_CATEGORY_ONLY;IDENTITY_LABEL;NO_EVENT_OUTCOME;NO_CHRONOLOGY;NO_PAIRABILITY;NO_ASTROLOGY;NO_CONTROL,AmyIrving1953,Amy Irving,female,1953-09-10,01:12,-07:00,1953,"Palo Alto, CA, United States",-122.16,37.445,True,False,True,V5_ROLE_ONLY_EXPANSION,False,False
PROJECT,singer,Q177220,Q279243,A.n.d.r.e.,andre,,V5_WIKIDATA_ROLE_ONLY_EXPANSION,ROLE_CATEGORY_ONLY;IDENTITY_LABEL;NO_EVENT_OUTCOME;NO_CHRONOLOGY;NO_PAIRABILITY;NO_ASTROLOGY;NO_CONTROL,Andre1940,Andre,male,1940-05-06,05:00,+01:00,1940,"Namur, Belgium",4.865,50.465,True,False,True,V5_ROLE_ONLY_EXPANSION,False,False
PROJECT,musician,Q639669,Q42402,Andrea Bocelli,andreabocelli,,V5_WIKIDATA_ROLE_ONLY_EXPANSION,ROLE_CATEGORY_ONLY;IDENTITY_LABEL;NO_EVENT_OUTCOME;NO_CHRONOLOGY;NO_PAIRABILITY;NO_ASTROLOGY;NO_CONTROL,AndreaBocelli1958,Andrea Bocelli,male,1958-09-22,05:15,+01:00,1958,"Lajatico, Italy",10.729,43.476,True,False,True,V5_ROLE_ONLY_EXPANSION,False,False
PROJECT,film_director,Q2526255,Q362544,André Bazin,andrebazin,,V5_WIKIDATA_ROLE_ONLY_EXPANSION,ROLE_CATEGORY_ONLY;IDENTITY_LABEL;NO_EVENT_OUTCOME;NO_CHRONOLOGY;NO_PAIRABILITY;NO_ASTROLOGY;NO_CONTROL,AndreBazin1918,Andre Bazin,male,1918-04-18,15:00,+01:00,1918,"Angers, France",-0.559,47.469,True,False,True,V5_ROLE_ONLY_EXPANSION,False,False
PROJECT,film_director,Q2526255,Q517725,André Cayatte,andrecayatte,,V5_WIKIDATA_ROLE_ONLY_EXPANSION,ROLE_CATEGORY_ONLY;IDENTITY_LABEL;NO_EVENT_OUTCOME;NO_CHRONOLOGY;NO_PAIRABILITY;NO_ASTROLOGY;NO_CONTROL,AndréCayatte1909,André Cayatte,male,1909-02-03,17:00,+00:09,1909,"Carcassonne, France",2.356,43.213,True,False,True,V5_ROLE_ONLY_EXPANSION,False,False
PROJECT,singer,Q177220,Q313986,André Claveau,andreclaveau,,V5_WIKIDATA_ROLE_ONLY_EXPANSION,ROLE_CATEGORY_ONLY;IDENTITY_LABEL;NO_EVENT_OUTCOME;NO_CHRONOLOGY;NO_PAIRABILITY;NO_ASTROLOGY;NO_CONTROL,AndréClaveau1911,André Claveau,male,1911-12-29,04:15,+00:00,1911,"Paris, France",2.351,48.857,True,False,True,V5_ROLE_ONLY_EXPANSION,False,False
PROJECT,film_director,Q2526255,Q518295,André Delvaux,andredelvaux,,V5_WIKIDATA_ROLE_ONLY_EXPANSION,ROLE_CATEGORY_ONLY;IDENTITY_LABEL;NO_EVENT_OUTCOME;NO_CHRONOLOGY;NO_PAIRABILITY;NO_ASTROLOGY;NO_CONTROL,AndréDelvaux1926,André Delvaux,male,1926-03-21,22:00,+00:00,1926,"Oud-Heverlee, Belgium",4.663,50.838,True,False,True,V5_ROLE_ONLY_EXPANSION,False,False
PROJECT,film_director,Q2526255,Q151164,André Malraux,andremalraux,,V5_WIKIDATA_ROLE_ONLY_EXPANSION,ROLE_CATEGORY_ONLY;IDENTITY_LABEL;NO_EVENT_OUTCOME;NO_CHRONOLOGY;NO_PAIRABILITY;NO_ASTROLOGY;NO_CONTROL,AndréMalraux1901,André Malraux,male,1901-11-03,16:00,+00:09,1901,"Paris, France",2.351,48.857,True,False,True,V5_ROLE_ONLY_EXPANSION,False,False
PROJECT,film_director,Q2526255,Q457836,Andrew McCarthy,andrewmccarthy,,V5_WIKIDATA_ROLE_ONLY_EXPANSION,ROLE_CATEGORY_ONLY;IDENTITY_LABEL;NO_EVENT_OUTCOME;NO_CHRONOLOGY;NO_PAIRABILITY;NO_ASTROLOGY;NO_CONTROL,AndrewMcCarthy1962,Andrew McCarthy,male,1962-11-29,02:37,-05:00,1962,"Toms River, NJ, United States",-74.198,39.953,True,False,True,V5_ROLE_ONLY_EXPANSION,False,False
PROJECT,musician,Q639669,Q176537,Andy Gibb,andygibb,,V5_WIKIDATA_ROLE_ONLY_EXPANSION,ROLE_CATEGORY_ONLY;IDENTITY_LABEL;NO_EVENT_OUTCOME;NO_CHRONOLOGY;NO_PAIRABILITY;NO_ASTROLOGY;NO_CONTROL,AndyGibb1958,Andy Gibb,male,1958-03-05,06:30,+00:00,1958,"Manchester, United Kingdom",-2.234,53.481,True,False,True,V5_ROLE_ONLY_EXPANSION,False,False
PROJECT,musician,Q639669,Q312252,Andy Griffith,andygriffith,,V5_WIKIDATA_ROLE_ONLY_EXPANSION,ROLE_CATEGORY_ONLY;IDENTITY_LABEL;NO_EVENT_OUTCOME;NO_CHRONOLOGY;NO_PAIRABILITY;NO_ASTROLOGY;NO_CONTROL,AndyGriffith1926,Andy Griffith,male,1926-06-01,15:00,-04:00,1926,"Mount Airy, NC, United States",-80.605,36.5,True,False,True,V5_ROLE_ONLY_EXPANSION,False,False
PROJECT,musician,Q639669,Q214548,Andy Williams,andywilliams,,V5_WIKIDATA_ROLE_ONLY_EXPANSION,ROLE_CATEGORY_ONLY;IDENTITY_LABEL;NO_EVENT_OUTCOME;NO_CHRONOLOGY;NO_PAIRABILITY;NO_ASTROLOGY;NO_CONTROL,AndyWilliams1927,Andy Williams,male,1927-12-03,06:00,-06:00,1927,"Wall Lake, SD, United States",-96.95,43.543,True,False,True,V5_ROLE_ONLY_EXPANSION,False,False
PROJECT,actor,Q33999,Q13909,Angelina Jolie,angelinajolie,,V5_WIKIDATA_ROLE_ONLY_EXPANSION,ROLE_CATEGORY_ONLY;IDENTITY_LABEL;NO_EVENT_OUTCOME;NO_CHRONOLOGY;NO_PAIRABILITY;NO_ASTROLOGY;NO_CONTROL,AngelinaJolie1975,Angelina Jolie,female,1975-06-04,09:09,-07:00,1975,"Los Angeles, CA, United States",-118.243,34.052,True,False,True,V5_ROLE_ONLY_EXPANSION,False,False
PROJECT,actor,Q33999,Q25153,Angelo Branduardi,angelobranduardi,,V5_WIKIDATA_ROLE_ONLY_EXPANSION,ROLE_CATEGORY_ONLY;IDENTITY_LABEL;NO_EVENT_OUTCOME;NO_CHRONOLOGY;NO_PAIRABILITY;NO_ASTROLOGY;NO_CONTROL,AngeloBranduardi1950,Angelo Branduardi,male,1950-02-12,10:45,+01:00,1950,"Cuggiono, Italy",8.817,45.506,True,False,True,V5_ROLE_ONLY_EXPANSION,False,False
PROJECT,singer,Q177220,Q240623,Anita Bryant,anitabryant,,V5_WIKIDATA_ROLE_ONLY_EXPANSION,ROLE_CATEGORY_ONLY;IDENTITY_LABEL;NO_EVENT_OUTCOME;NO_CHRONOLOGY;NO_PAIRABILITY;NO_ASTROLOGY;NO_CONTROL,AnitaBryant1940,Anita Bryant,female,1940-03-25,15:10,-06:00,1940,"Barnsdall, OK, United States",-96.163,36.562,True,False,True,V5_ROLE_ONLY_EXPANSION,False,False
PROJECT,musician,Q639669,Q234413,Anita O'Day,anitaoday,,V5_WIKIDATA_ROLE_ONLY_EXPANSION,ROLE_CATEGORY_ONLY;IDENTITY_LABEL;NO_EVENT_OUTCOME;NO_CHRONOLOGY;NO_PAIRABILITY;NO_ASTROLOGY;NO_CONTROL,AnitaO'Day1919,Anita O'Day,female,1919-10-18,08:13,-05:00,1919,"Chicago, IL, United States",-87.632,41.883,True,False,True,V5_ROLE_ONLY_EXPANSION,False,False
PROJECT,actor,Q33999,Q56011,Anna Magnani,annamagnani,,V5_WIKIDATA_ROLE_ONLY_EXPANSION,ROLE_CATEGORY_ONLY;IDENTITY_LABEL;NO_EVENT_OUTCOME;NO_CHRONOLOGY;NO_PAIRABILITY;NO_ASTROLOGY;NO_CONTROL,AnnaMagnani1908,Anna Magnani,female,1908-03-07,13:30,+01:00,1908,"Rome, Italy",12.494,41.891,True,False,True,V5_ROLE_ONLY_EXPANSION,False,False
PROJECT,film_director,Q2526255,Q276249,Anne Brochet,annebrochet,,V5_WIKIDATA_ROLE_ONLY_EXPANSION,ROLE_CATEGORY_ONLY;IDENTITY_LABEL;NO_EVENT_OUTCOME;NO_CHRONOLOGY;NO_PAIRABILITY;NO_ASTROLOGY;NO_CONTROL,AnneBrochet1966,Anne Brochet,female,1966-11-22,22:35,+01:00,1966,"Amiens, France",2.294,49.894,True,False,True,V5_ROLE_ONLY_EXPANSION,False,False
PROJECT,singer,Q177220,Q292081,Annette Funicello,annettefunicello,,V5_WIKIDATA_ROLE_ONLY_EXPANSION,ROLE_CATEGORY_ONLY;IDENTITY_LABEL;NO_EVENT_OUTCOME;NO_CHRONOLOGY;NO_PAIRABILITY;NO_ASTROLOGY;NO_CONTROL,AnnetteFunicello1942,Annette Funicello,female,1942-10-22,22:10,-04:00,1942,"Utica, NY, United States",-75.23,43.102,True,False,True,V5_ROLE_ONLY_EXPANSION,False,False
PROJECT,actor,Q33999,Q106443,Annie Girardot,anniegirardot,,V5_WIKIDATA_ROLE_ONLY_EXPANSION,ROLE_CATEGORY_ONLY;IDENTITY_LABEL;NO_EVENT_OUTCOME;NO_CHRONOLOGY;NO_PAIRABILITY;NO_ASTROLOGY;NO_CONTROL,AnnieGirardot1931,Annie Girardot,female,1931-10-25,02:20,+00:00,1931,"Paris, France",2.351,48.857,True,False,True,V5_ROLE_ONLY_EXPANSION,False,False
PROJECT,film_director,Q2526255,Q433576,Annie Sprinkle,anniesprinkle,,V5_WIKIDATA_ROLE_ONLY_EXPANSION,ROLE_CATEGORY_ONLY;IDENTITY_LABEL;NO_EVENT_OUTCOME;NO_CHRONOLOGY;NO_PAIRABILITY;NO_ASTROLOGY;NO_CONTROL,AnnieSprinkle1954,Annie Sprinkle,female,1954-07-23,11:34,-04:00,1954,"Philadelphia, PA, United States",-75.166,39.951,True,False,True,V5_ROLE_ONLY_EXPANSION,False,False
PROJECT,singer,Q177220,Q235289,Ann Sothern,annsothern,,V5_WIKIDATA_ROLE_ONLY_EXPANSION,ROLE_CATEGORY_ONLY;IDENTITY_LABEL;NO_EVENT_OUTCOME;NO_CHRONOLOGY;NO_PAIRABILITY;NO_ASTROLOGY;NO_CONTROL,AnnSothern1909,Ann Sothern,female,1909-01-22,11:45,-06:00,1909,"Valley City, ND, United States",-98.003,46.923,True,False,True,V5_ROLE_ONLY_EXPANSION,False,False
PROJECT,film_director,Q2526255,Q449640,Anny Duperey,annyduperey,,V5_WIKIDATA_ROLE_ONLY_EXPANSION,ROLE_CATEGORY_ONLY;IDENTITY_LABEL;NO_EVENT_OUTCOME;NO_CHRONOLOGY;NO_PAIRABILITY;NO_ASTROLOGY;NO_CONTROL,AnnyDuperey1947,Anny Duperey,female,1947-06-28,08:55,+01:00,1947,"Rouen, France",1.098,49.442,True,False,True,V5_ROLE_ONLY_EXPANSION,False,False
PROJECT,actor,Q33999,Q83484,Anthony Quinn,anthonyquinn,,V5_WIKIDATA_ROLE_ONLY_EXPANSION,ROLE_CATEGORY_ONLY;IDENTITY_LABEL;NO_EVENT_OUTCOME;NO_CHRONOLOGY;NO_PAIRABILITY;NO_ASTROLOGY;NO_CONTROL,AnthonyQuinn1915,Anthony Quinn,male,1915-04-23,11:00,-07:04,1915,"Chihuahua, Chihuahua, Mexico",-106.073,28.639,True,False,True,V5_ROLE_ONLY_EXPANSION,False,False
PROJECT,singer,Q177220,Q369811,Antoine,antoine,,V5_WIKIDATA_ROLE_ONLY_EXPANSION,ROLE_CATEGORY_ONLY;IDENTITY_LABEL;NO_EVENT_OUTCOME;NO_CHRONOLOGY;NO_PAIRABILITY;NO_ASTROLOGY;NO_CONTROL,Antoine1944,Antoine,male,1944-06-04,09:50,+03:00,1944,"Toamasina Toamasina I, Atsinanana, Madagascar",49.405,-18.15,True,False,True,V5_ROLE_ONLY_EXPANSION,False,False
PROJECT,film_director,Q2526255,Q179449,Ariane Mnouchkine,arianemnouchkine,,V5_WIKIDATA_ROLE_ONLY_EXPANSION,ROLE_CATEGORY_ONLY;IDENTITY_LABEL;NO_EVENT_OUTCOME;NO_CHRONOLOGY;NO_PAIRABILITY;NO_ASTROLOGY;NO_CONTROL,ArianeMnouchkine1939,Ariane Mnouchkine,female,1939-03-03,20:50,+00:00,1939,"Boulogne-Billancourt, France",2.243,48.834,True,False,True,V5_ROLE_ONLY_EXPANSION,False,False
PROJECT,film_director,Q2526255,Q284731,Arielle Dombasle,arielledombasle,,V5_WIKIDATA_ROLE_ONLY_EXPANSION,ROLE_CATEGORY_ONLY;IDENTITY_LABEL;NO_EVENT_OUTCOME;NO_CHRONOLOGY;NO_PAIRABILITY;NO_ASTROLOGY;NO_CONTROL,ArielleDombasle1953,Arielle Dombasle,female,1953-04-27,20:34,-04:00,1953,"Hartford, CT, United States",-72.673,41.766,True,False,True,V5_ROLE_ONLY_EXPANSION,False,False
PROJECT,film_director,Q2526255,Q41136,Arthur Penn,arthurpenn,,V5_WIKIDATA_ROLE_ONLY_EXPANSION,ROLE_CATEGORY_ONLY;IDENTITY_LABEL;NO_EVENT_OUTCOME;NO_CHRONOLOGY;NO_PAIRABILITY;NO_ASTROLOGY;NO_CONTROL,ArthurPenn1922,Arthur Penn,male,1922-09-27,20:40,-05:00,1922,"Philadelphia, PA, United States",-75.166,39.951,True,False,True,V5_ROLE_ONLY_EXPANSION,False,False
PROJECT,musician,Q639669,Q109053,Art Tatum,arttatum,,V5_WIKIDATA_ROLE_ONLY_EXPANSION,ROLE_CATEGORY_ONLY;IDENTITY_LABEL;NO_EVENT_OUTCOME;NO_CHRONOLOGY;NO_PAIRABILITY;NO_ASTROLOGY;NO_CONTROL,ArtTatum1909,Art Tatum,male,1909-10-13,09:00,-05:00,1909,"Toledo, OH, United States",-83.536,41.655,True,False,True,V5_ROLE_ONLY_EXPANSION,False,False
PROJECT,singer,Q177220,Q232052,Asia Argento,asiaargento,,V5_WIKIDATA_ROLE_ONLY_EXPANSION,ROLE_CATEGORY_ONLY;IDENTITY_LABEL;NO_EVENT_OUTCOME;NO_CHRONOLOGY;NO_PAIRABILITY;NO_ASTROLOGY;NO_CONTROL,AsiaArgento1975,Asia Argento,female,1975-09-20,08:07,+02:00,1975,"Rome, Italy",12.494,41.891,True,False,True,V5_ROLE_ONLY_EXPANSION,False,False
PROJECT,musician,Q639669,Q304123,Audrey Tautou,audreytautou,,V5_WIKIDATA_ROLE_ONLY_EXPANSION,ROLE_CATEGORY_ONLY;IDENTITY_LABEL;NO_EVENT_OUTCOME;NO_CHRONOLOGY;NO_PAIRABILITY;NO_ASTROLOGY;NO_CONTROL,AudreyTautou1976,Audrey Tautou,female,1976-08-09,09:55,+02:00,1976,"Beaumont, France",3.086,45.75,True,False,True,V5_ROLE_ONLY_EXPANSION,False,False
PROJECT,actor,Q33999,Q164487,Ava Gardner,avagardner,,V5_WIKIDATA_ROLE_ONLY_EXPANSION,ROLE_CATEGORY_ONLY;IDENTITY_LABEL;NO_EVENT_OUTCOME;NO_CHRONOLOGY;NO_PAIRABILITY;NO_ASTROLOGY;NO_CONTROL,AvaGardner1922,Ava Gardner,female,1922-12-24,19:10,-05:00,1922,"Boon Hill, NC, United States",-78.157,35.47,True,False,True,V5_ROLE_ONLY_EXPANSION,False,False
PROJECT,actor,Q33999,Q1804,Barbara,barbara,,V5_WIKIDATA_ROLE_ONLY_EXPANSION,ROLE_CATEGORY_ONLY;IDENTITY_LABEL;NO_EVENT_OUTCOME;NO_CHRONOLOGY;NO_PAIRABILITY;NO_ASTROLOGY;NO_CONTROL,Barbara1930,Barbara,female,1930-06-09,16:00,+01:00,1930,"Paris, France",2.351,48.857,True,False,True,V5_ROLE_ONLY_EXPANSION,False,False
PROJECT,film_director,Q2526255,Q456923,Barbara Hammer,barbarahammer,,V5_WIKIDATA_ROLE_ONLY_EXPANSION,ROLE_CATEGORY_ONLY;IDENTITY_LABEL;NO_EVENT_OUTCOME;NO_CHRONOLOGY;NO_PAIRABILITY;NO_ASTROLOGY;NO_CONTROL,BarbaraHammer1939,Barbara Hammer,female,1939-05-15,12:40,-08:00,1939,"Los Angeles, CA, United States",-118.243,34.052,True,False,True,V5_ROLE_ONLY_EXPANSION,False,False
PROJECT,actor,Q33999,Q60917,Barbara Sukowa,barbarasukowa,,V5_WIKIDATA_ROLE_ONLY_EXPANSION,ROLE_CATEGORY_ONLY;IDENTITY_LABEL;NO_EVENT_OUTCOME;NO_CHRONOLOGY;NO_PAIRABILITY;NO_ASTROLOGY;NO_CONTROL,BarbaraSukowa1950,Barbara Sukowa,female,1950-02-02,17:45,+01:00,1950,"Bremen, Germany",8.807,53.075,True,False,True,V5_ROLE_ONLY_EXPANSION,False,False
PROJECT,musician,Q639669,Q296872,Barry Gibb,barrygibb,,V5_WIKIDATA_ROLE_ONLY_EXPANSION,ROLE_CATEGORY_ONLY;IDENTITY_LABEL;NO_EVENT_OUTCOME;NO_CHRONOLOGY;NO_PAIRABILITY;NO_ASTROLOGY;NO_CONTROL,BarryGibb1946,Barry Gibb,male,1946-09-01,09:00,+01:00,1946,"Douglas, Isle of Man",-4.48,54.154,True,False,True,V5_ROLE_ONLY_EXPANSION,False,False
PROJECT,musician,Q639669,Q213647,Barry White,barrywhite,,V5_WIKIDATA_ROLE_ONLY_EXPANSION,ROLE_CATEGORY_ONLY;IDENTITY_LABEL;NO_EVENT_OUTCOME;NO_CHRONOLOGY;NO_PAIRABILITY;NO_ASTROLOGY;NO_CONTROL,BarryWhite1944,Barry White,male,1944-09-12,16:42,-05:00,1944,"Galveston, TX, United States",-94.796,29.3,True,False,True,V5_ROLE_ONLY_EXPANSION,False,False
PROJECT,singer,Q177220,Q233959,Belinda Carlisle,belindacarlisle,,V5_WIKIDATA_ROLE_ONLY_EXPANSION,ROLE_CATEGORY_ONLY;IDENTITY_LABEL;NO_EVENT_OUTCOME;NO_CHRONOLOGY;NO_PAIRABILITY;NO_ASTROLOGY;NO_CONTROL,BelindaCarlisle1958,Belinda Carlisle,female,1958-08-17,19:17,-07:00,1958,"Los Angeles, CA, United States",-118.243,34.052,True,False,True,V5_ROLE_ONLY_EXPANSION,False,False
PROJECT,musician,Q639669,Q182991,Benjamin Biolay,benjaminbiolay,,V5_WIKIDATA_ROLE_ONLY_EXPANSION,ROLE_CATEGORY_ONLY;IDENTITY_LABEL;NO_EVENT_OUTCOME;NO_CHRONOLOGY;NO_PAIRABILITY;NO_ASTROLOGY;NO_CONTROL,BenjaminBiolay1973,Benjamin Biolay,male,1973-01-20,16:45,+01:00,1973,"Villefranche-sur-Saône, France",4.719,45.99,True,False,True,V5_ROLE_ONLY_EXPANSION,False,False
PROJECT,actor,Q33999,Q47683,Beppe Grillo,beppegrillo,,V5_WIKIDATA_ROLE_ONLY_EXPANSION,ROLE_CATEGORY_ONLY;IDENTITY_LABEL;NO_EVENT_OUTCOME;NO_CHRONOLOGY;NO_PAIRABILITY;NO_ASTROLOGY;NO_CONTROL,BeppeGrillo1948,Beppe Grillo,male,1948-07-21,02:30,+02:00,1948,"Genoa, Italy",8.934,44.407,True,False,True,V5_ROLE_ONLY_EXPANSION,False,False
PROJECT,actor,Q33999,Q28487,Bérénice Bejo,berenicebejo,,V5_WIKIDATA_ROLE_ONLY_EXPANSION,ROLE_CATEGORY_ONLY;IDENTITY_LABEL;NO_EVENT_OUTCOME;NO_CHRONOLOGY;NO_PAIRABILITY;NO_ASTROLOGY;NO_CONTROL,BéréniceBejo1976,Bérénice Bejo,female,1976-07-07,19:00,-03:00,1976,"Buenos Aires Buenos Aires City Region, Argentina",-58.373,-34.609,True,False,True,V5_ROLE_ONLY_EXPANSION,False,False
PROJECT,film_director,Q2526255,Q289068,Bernadette Lafont,bernadettelafont,,V5_WIKIDATA_ROLE_ONLY_EXPANSION,ROLE_CATEGORY_ONLY;IDENTITY_LABEL;NO_EVENT_OUTCOME;NO_CHRONOLOGY;NO_PAIRABILITY;NO_ASTROLOGY;NO_CONTROL,BernadetteLafont1938,Bernadette Lafont,female,1938-10-28,21:00,+00:00,1938,"Nîmes, France",4.361,43.835,True,False,True,V5_ROLE_ONLY_EXPANSION,False,False
PROJECT,singer,Q177220,Q231391,Bernadette Peters,bernadettepeters,,V5_WIKIDATA_ROLE_ONLY_EXPANSION,ROLE_CATEGORY_ONLY;IDENTITY_LABEL;NO_EVENT_OUTCOME;NO_CHRONOLOGY;NO_PAIRABILITY;NO_ASTROLOGY;NO_CONTROL,BernadettePeters1948,Bernadette Peters,female,1948-02-28,22:45,-05:00,1948,"New York, NY, United States",-74.007,40.713,True,False,True,V5_ROLE_ONLY_EXPANSION,False,False
PROJECT,film_director,Q2526255,Q53009,Bernardo Bertolucci,bernardobertolucci,,V5_WIKIDATA_ROLE_ONLY_EXPANSION,ROLE_CATEGORY_ONLY;IDENTITY_LABEL;NO_EVENT_OUTCOME;NO_CHRONOLOGY;NO_PAIRABILITY;NO_ASTROLOGY;NO_CONTROL,BernardoBertolucci1941,Bernardo Bertolucci,male,1941-03-16,19:25,+02:00,1941,"Parma, Italy",10.33,44.808,True,False,True,V5_ROLE_ONLY_EXPANSION,False,False
PROJECT,musician,Q639669,Q312582,Bernd Alois Zimmermann,berndaloiszimmermann,,V5_WIKIDATA_ROLE_ONLY_EXPANSION,ROLE_CATEGORY_ONLY;IDENTITY_LABEL;NO_EVENT_OUTCOME;NO_CHRONOLOGY;NO_PAIRABILITY;NO_ASTROLOGY;NO_CONTROL,BerndAloisZimmermann1918,Bernd Alois Zimmermann,male,1918-03-20,13:00,+01:00,1918,"Erftstadt, Germany",6.765,50.8,True,False,True,V5_ROLE_ONLY_EXPANSION,False,False
PROJECT,actor,Q33999,Q98345,Bernhard Brink,bernhardbrink,,V5_WIKIDATA_ROLE_ONLY_EXPANSION,ROLE_CATEGORY_ONLY;IDENTITY_LABEL;NO_EVENT_OUTCOME;NO_CHRONOLOGY;NO_PAIRABILITY;NO_ASTROLOGY;NO_CONTROL,BernhardBrink1952,Bernhard Brink,male,1952-05-17,13:50,+01:00,1952,"Nordhorn, Germany",7.074,52.436,True,False,True,V5_ROLE_ONLY_EXPANSION,False,False
PROJECT,film_director,Q2526255,Q65906,Bernhard Grzimek,bernhardgrzimek,,V5_WIKIDATA_ROLE_ONLY_EXPANSION,ROLE_CATEGORY_ONLY;IDENTITY_LABEL;NO_EVENT_OUTCOME;NO_CHRONOLOGY;NO_PAIRABILITY;NO_ASTROLOGY;NO_CONTROL,BernhardGrzimek1909,Bernhard Grzimek,male,1909-04-24,00:15,+01:00,1909,"Krauschwitz in der Oberlausitz, Germany",14.69,51.526,True,False,True,V5_ROLE_ONLY_EXPANSION,False,False
PROJECT,singer,Q177220,Q332953,Bert Jansch,bertjansch,,V5_WIKIDATA_ROLE_ONLY_EXPANSION,ROLE_CATEGORY_ONLY;IDENTITY_LABEL;NO_EVENT_OUTCOME;NO_CHRONOLOGY;NO_PAIRABILITY;NO_ASTROLOGY;NO_CONTROL,BertJansch1943,Bert Jansch,male,1943-11-03,14:30,+01:00,1943,"Glasgow, United Kingdom",-4.257,55.866,True,False,True,V5_ROLE_ONLY_EXPANSION,False,False
PROJECT,film_director,Q2526255,Q432246,Bertrand Blier,bertrandblier,,V5_WIKIDATA_ROLE_ONLY_EXPANSION,ROLE_CATEGORY_ONLY;IDENTITY_LABEL;NO_EVENT_OUTCOME;NO_CHRONOLOGY;NO_PAIRABILITY;NO_ASTROLOGY;NO_CONTROL,BertrandBlier1939,Bertrand Blier,male,1939-03-14,07:35,+00:00,1939,"Boulogne-Billancourt, France",2.243,48.834,True,False,True,V5_ROLE_ONLY_EXPANSION,False,False
PROJECT,film_director,Q2526255,Q337226,Bertrand Tavernier,bertrandtavernier,,V5_WIKIDATA_ROLE_ONLY_EXPANSION,ROLE_CATEGORY_ONLY;IDENTITY_LABEL;NO_EVENT_OUTCOME;NO_CHRONOLOGY;NO_PAIRABILITY;NO_ASTROLOGY;NO_CONTROL,BertrandTavernier1941,Bertrand Tavernier,male,1941-04-25,08:00,+02:00,1941,"Lyon, France",4.834,45.767,True,False,True,V5_ROLE_ONLY_EXPANSION,False,False
PROJECT,musician,Q639669,Q271782,Betty Buckley,bettybuckley,,V5_WIKIDATA_ROLE_ONLY_EXPANSION,ROLE_CATEGORY_ONLY;IDENTITY_LABEL;NO_EVENT_OUTCOME;NO_CHRONOLOGY;NO_PAIRABILITY;NO_ASTROLOGY;NO_CONTROL,BettyBuckley1947,Betty Buckley,female,1947-07-03,11:44,-05:00,1947,"Big Spring, TX, United States",-101.472,32.24,True,False,True,V5_ROLE_ONLY_EXPANSION,False,False
PROJECT,singer,Q177220,Q233852,Betty Grable,bettygrable,,V5_WIKIDATA_ROLE_ONLY_EXPANSION,ROLE_CATEGORY_ONLY;IDENTITY_LABEL;NO_EVENT_OUTCOME;NO_CHRONOLOGY;NO_PAIRABILITY;NO_ASTROLOGY;NO_CONTROL,BettyGrable1916,Betty Grable,female,1916-12-18,21:40,-06:00,1916,"Saint Louis, MO, United States",-90.201,38.635,True,False,True,V5_ROLE_ONLY_EXPANSION,False,False
PROJECT,singer,Q177220,Q234551,Beverly D'Angelo,beverlydangelo,,V5_WIKIDATA_ROLE_ONLY_EXPANSION,ROLE_CATEGORY_ONLY;IDENTITY_LABEL;NO_EVENT_OUTCOME;NO_CHRONOLOGY;NO_PAIRABILITY;NO_ASTROLOGY;NO_CONTROL,BeverlyD'Angelo1951,Beverly D'Angelo,female,1951-11-15,00:48,-05:00,1951,"Columbus, OH, United States",-82.996,39.963,True,False,True,V5_ROLE_ONLY_EXPANSION,False,False
PROJECT,actor,Q33999,Q489,Bill Maher,billmaher,,V5_WIKIDATA_ROLE_ONLY_EXPANSION,ROLE_CATEGORY_ONLY;IDENTITY_LABEL;NO_EVENT_OUTCOME;NO_CHRONOLOGY;NO_PAIRABILITY;NO_ASTROLOGY;NO_CONTROL,BillMaher1956,Bill Maher,male,1956-01-20,22:32,-05:00,1956,"New York, NY, United States",-74.007,40.713,True,False,True,V5_ROLE_ONLY_EXPANSION,False,False
PROJECT,singer,Q177220,Q231259,Billy Ray Cyrus,billyraycyrus,,V5_WIKIDATA_ROLE_ONLY_EXPANSION,ROLE_CATEGORY_ONLY;IDENTITY_LABEL;NO_EVENT_OUTCOME;NO_CHRONOLOGY;NO_PAIRABILITY;NO_ASTROLOGY;NO_CONTROL,BillyRayCyrus1961,Billy Ray Cyrus,male,1961-08-25,17:52,-04:00,1961,"Bellefonte, KY, United States",-82.691,38.492,True,False,True,V5_ROLE_ONLY_EXPANSION,False,False
PROJECT,actor,Q33999,Q162959,Blake Lively,blakelively,,V5_WIKIDATA_ROLE_ONLY_EXPANSION,ROLE_CATEGORY_ONLY;IDENTITY_LABEL;NO_EVENT_OUTCOME;NO_CHRONOLOGY;NO_PAIRABILITY;NO_ASTROLOGY;NO_CONTROL,BlakeLively1987,Blake Lively,female,1987-08-25,05:07,-07:00,1987,"Tarzana, CA, United States",-118.547,34.154,True,False,True,V5_ROLE_ONLY_EXPANSION,False,False
PROJECT,musician,Q639669,Q311241,Bobby Brown,bobbybrown,,V5_WIKIDATA_ROLE_ONLY_EXPANSION,ROLE_CATEGORY_ONLY;IDENTITY_LABEL;NO_EVENT_OUTCOME;NO_CHRONOLOGY;NO_PAIRABILITY;NO_ASTROLOGY;NO_CONTROL,BobbyBrown1969,Bobby Brown,male,1969-02-05,05:21,-05:00,1969,"Boston, MA, United States",-71.059,42.359,True,False,True,V5_ROLE_ONLY_EXPANSION,False,False
PROJECT,musician,Q639669,Q311267,Bobby Darin,bobbydarin,,V5_WIKIDATA_ROLE_ONLY_EXPANSION,ROLE_CATEGORY_ONLY;IDENTITY_LABEL;NO_EVENT_OUTCOME;NO_CHRONOLOGY;NO_PAIRABILITY;NO_ASTROLOGY;NO_CONTROL,BobbyDarin1936,Bobby Darin,male,1936-05-14,05:28,-04:00,1936,"New York, NY, United States",-74.007,40.713,True,False,True,V5_ROLE_ONLY_EXPANSION,False,False
PROJECT,singer,Q177220,Q366869,Bobby Hatfield,bobbyhatfield,,V5_WIKIDATA_ROLE_ONLY_EXPANSION,ROLE_CATEGORY_ONLY;IDENTITY_LABEL;NO_EVENT_OUTCOME;NO_CHRONOLOGY;NO_PAIRABILITY;NO_ASTROLOGY;NO_CONTROL,BobbyHatfield1940,Bobby Hatfield,male,1940-08-10,02:15,-05:00,1940,"Beaver Dam, KY, United States",-86.876,37.408,True,False,True,V5_ROLE_ONLY_EXPANSION,False,False
PROJECT,actor,Q33999,Q113006,Bodie Olmos,bodieolmos,,V5_WIKIDATA_ROLE_ONLY_EXPANSION,ROLE_CATEGORY_ONLY;IDENTITY_LABEL;NO_EVENT_OUTCOME;NO_CHRONOLOGY;NO_PAIRABILITY;NO_ASTROLOGY;NO_CONTROL,BodieOlmos1975,Bodie Olmos,male,1975-08-27,19:30,-07:00,1975,"Los Angeles, CA, United States",-118.243,34.052,True,False,True,V5_ROLE_ONLY_EXPANSION,False,False
PROJECT,actor,Q33999,Q7833,Boris Vian,borisvian,,V5_WIKIDATA_ROLE_ONLY_EXPANSION,ROLE_CATEGORY_ONLY;IDENTITY_LABEL;NO_EVENT_OUTCOME;NO_CHRONOLOGY;NO_PAIRABILITY;NO_ASTROLOGY;NO_CONTROL,BorisVian1920,Boris Vian,male,1920-03-10,06:30,+01:00,1920,"Ville-d'Avray, France",2.189,48.827,True,False,True,V5_ROLE_ONLY_EXPANSION,False,False
PROJECT,actor,Q33999,Q2750,Bourvil,bourvil,,V5_WIKIDATA_ROLE_ONLY_EXPANSION,ROLE_CATEGORY_ONLY;IDENTITY_LABEL;NO_EVENT_OUTCOME;NO_CHRONOLOGY;NO_PAIRABILITY;NO_ASTROLOGY;NO_CONTROL,Bourvil1917,Bourvil,male,1917-07-27,11:30,+01:00,1917,"Prétot-Vicquemare, France",0.853,49.729,True,False,True,V5_ROLE_ONLY_EXPANSION,False,False
PROJECT,singer,Q177220,Q230925,Brenda Lee,brendalee,,V5_WIKIDATA_ROLE_ONLY_EXPANSION,ROLE_CATEGORY_ONLY;IDENTITY_LABEL;NO_EVENT_OUTCOME;NO_CHRONOLOGY;NO_PAIRABILITY;NO_ASTROLOGY;NO_CONTROL,BrendaLee1944,Brenda Lee,female,1944-12-11,15:24,-04:00,1944,"Atlanta, GA, United States",-84.392,33.749,True,False,True,V5_ROLE_ONLY_EXPANSION,False,False
PROJECT,film_director,Q2526255,Q313311,Brian Austin Green,brianaustingreen,,V5_WIKIDATA_ROLE_ONLY_EXPANSION,ROLE_CATEGORY_ONLY;IDENTITY_LABEL;NO_EVENT_OUTCOME;NO_CHRONOLOGY;NO_PAIRABILITY;NO_ASTROLOGY;NO_CONTROL,BrianAustinGreen1973,Brian Austin Green,male,1973-07-15,11:36,-07:00,1973,"Los Angeles, CA, United States",-118.243,34.052,True,False,True,V5_ROLE_ONLY_EXPANSION,False,False
PROJECT,actor,Q33999,Q34975,Brian Cox,briancox,,V5_WIKIDATA_ROLE_ONLY_EXPANSION,ROLE_CATEGORY_ONLY;IDENTITY_LABEL;NO_EVENT_OUTCOME;NO_CHRONOLOGY;NO_PAIRABILITY;NO_ASTROLOGY;NO_CONTROL,BrianCox1946,Brian Cox,male,1946-06-01,14:15,+01:00,1946,"Dundee, United Kingdom",-2.968,56.461,True,False,True,V5_ROLE_ONLY_EXPANSION,False,False
PROJECT,singer,Q177220,Q223741,Brian Molko,brianmolko,,V5_WIKIDATA_ROLE_ONLY_EXPANSION,ROLE_CATEGORY_ONLY;IDENTITY_LABEL;NO_EVENT_OUTCOME;NO_CHRONOLOGY;NO_PAIRABILITY;NO_ASTROLOGY;NO_CONTROL,BrianMolko1972,Brian Molko,male,1972-12-10,23:25,+01:00,1972,"Uccle, Brussels, Belgium",4.354,50.811,True,False,True,V5_ROLE_ONLY_EXPANSION,False,False
PROJECT,actor,Q33999,Q36268,Brigitte Bardot,brigittebardot,,V5_WIKIDATA_ROLE_ONLY_EXPANSION,ROLE_CATEGORY_ONLY;IDENTITY_LABEL;NO_EVENT_OUTCOME;NO_CHRONOLOGY;NO_PAIRABILITY;NO_ASTROLOGY;NO_CONTROL,BrigitteBardot1934,Brigitte Bardot,female,1934-09-28,13:15,+01:00,1934,"Paris, France",2.351,48.857,True,False,True,V5_ROLE_ONLY_EXPANSION,False,False
PROJECT,musician,Q639669,Q68898,Brigitte Horney,brigittehorney,,V5_WIKIDATA_ROLE_ONLY_EXPANSION,ROLE_CATEGORY_ONLY;IDENTITY_LABEL;NO_EVENT_OUTCOME;NO_CHRONOLOGY;NO_PAIRABILITY;NO_ASTROLOGY;NO_CONTROL,BrigitteHorney1911,Brigitte Horney,female,1911-03-29,21:30,+01:00,1911,"Berlin, Germany",13.411,52.523,True,False,True,V5_ROLE_ONLY_EXPANSION,False,False
PROJECT,film_director,Q2526255,Q272053,Brigitte Lahaie,brigittelahaie,,V5_WIKIDATA_ROLE_ONLY_EXPANSION,ROLE_CATEGORY_ONLY;IDENTITY_LABEL;NO_EVENT_OUTCOME;NO_CHRONOLOGY;NO_PAIRABILITY;NO_ASTROLOGY;NO_CONTROL,BrigitteLahaie1955,Brigitte Lahaie,female,1955-10-12,12:15,+01:00,1955,"Tourcoing, France",3.16,50.723,True,False,True,V5_ROLE_ONLY_EXPANSION,False,False
PROJECT,actor,Q33999,Q16397,Bruce Lee,brucelee,,V5_WIKIDATA_ROLE_ONLY_EXPANSION,ROLE_CATEGORY_ONLY;IDENTITY_LABEL;NO_EVENT_OUTCOME;NO_CHRONOLOGY;NO_PAIRABILITY;NO_ASTROLOGY;NO_CONTROL,BruceLee1940,Bruce Lee,male,1940-11-27,07:12,-08:00,1940,"San Francisco, CA, United States",-122.42,37.78,True,False,True,V5_ROLE_ONLY_EXPANSION,False,False
PROJECT,actor,Q33999,Q139560,Bruno Cremer,brunocremer,,V5_WIKIDATA_ROLE_ONLY_EXPANSION,ROLE_CATEGORY_ONLY;IDENTITY_LABEL;NO_EVENT_OUTCOME;NO_CHRONOLOGY;NO_PAIRABILITY;NO_ASTROLOGY;NO_CONTROL,BrunoCremer1929,Bruno Cremer,male,1929-10-06,06:00,+00:00,1929,"Saint-Mandé, France",2.418,48.84,True,False,True,V5_ROLE_ONLY_EXPANSION,False,False
PROJECT,singer,Q177220,Q221074,Bud Spencer,budspencer,,V5_WIKIDATA_ROLE_ONLY_EXPANSION,ROLE_CATEGORY_ONLY;IDENTITY_LABEL;NO_EVENT_OUTCOME;NO_CHRONOLOGY;NO_PAIRABILITY;NO_ASTROLOGY;NO_CONTROL,BudSpencer1929,Bud Spencer,male,1929-10-31,03:20,+01:00,1929,"Naples, Italy",14.253,40.84,True,False,True,V5_ROLE_ONLY_EXPANSION,False,False
PROJECT,film_director,Q2526255,Q343633,Burgess Meredith,burgessmeredith,,V5_WIKIDATA_ROLE_ONLY_EXPANSION,ROLE_CATEGORY_ONLY;IDENTITY_LABEL;NO_EVENT_OUTCOME;NO_CHRONOLOGY;NO_PAIRABILITY;NO_ASTROLOGY;NO_CONTROL,BurgessMeredith1907,Burgess Meredith,male,1907-11-16,02:00,-05:00,1907,"Cleveland Heights, OH, United States",-81.556,41.52,True,False,True,V5_ROLE_ONLY_EXPANSION,False,False
PROJECT,musician,Q639669,Q212762,Burt Bacharach,burtbacharach,,V5_WIKIDATA_ROLE_ONLY_EXPANSION,ROLE_CATEGORY_ONLY;IDENTITY_LABEL;NO_EVENT_OUTCOME;NO_CHRONOLOGY;NO_PAIRABILITY;NO_ASTROLOGY;NO_CONTROL,BurtBacharach1928,Burt Bacharach,male,1928-05-12,01:15,-05:00,1928,"Kansas City, MO, United States",-94.579,39.1,True,False,True,V5_ROLE_ONLY_EXPANSION,False,False
PROJECT,actor,Q33999,Q106942,Candice Bergen,candicebergen,,V5_WIKIDATA_ROLE_ONLY_EXPANSION,ROLE_CATEGORY_ONLY;IDENTITY_LABEL;NO_EVENT_OUTCOME;NO_CHRONOLOGY;NO_PAIRABILITY;NO_ASTROLOGY;NO_CONTROL,CandiceBergen1946,Candice Bergen,female,1946-05-09,21:52,-08:00,1946,"Los Angeles, CA, United States",-118.243,34.052,True,False,True,V5_ROLE_ONLY_EXPANSION,False,False
PROJECT,musician,Q639669,Q110477,Cannonball Adderley,cannonballadderley,,V5_WIKIDATA_ROLE_ONLY_EXPANSION,ROLE_CATEGORY_ONLY;IDENTITY_LABEL;NO_EVENT_OUTCOME;NO_CHRONOLOGY;NO_PAIRABILITY;NO_ASTROLOGY;NO_CONTROL,CannonballAdderley1928,Cannonball Adderley,male,1928-09-15,16:45,-04:00,1928,"Tampa, FL, United States",-82.459,27.947,True,False,True,V5_ROLE_ONLY_EXPANSION,False,False
PROJECT,musician,Q639669,Q195371,Cantinflas,cantinflas,,V5_WIKIDATA_ROLE_ONLY_EXPANSION,ROLE_CATEGORY_ONLY;IDENTITY_LABEL;NO_EVENT_OUTCOME;NO_CHRONOLOGY;NO_PAIRABILITY;NO_ASTROLOGY;NO_CONTROL,Cantinflas1911,Cantinflas,male,1911-08-12,00:30,-06:37,1911,"Mexico City, Mexico City, Mexico",-99.134,19.433,True,False,True,V5_ROLE_ONLY_EXPANSION,False,False
PROJECT,musician,Q639669,Q312264,Captain Beefheart,captainbeefheart,,V5_WIKIDATA_ROLE_ONLY_EXPANSION,ROLE_CATEGORY_ONLY;IDENTITY_LABEL;NO_EVENT_OUTCOME;NO_CHRONOLOGY;NO_PAIRABILITY;NO_ASTROLOGY;NO_CONTROL,CaptainBeefheart1941,Captain Beefheart,male,1941-01-15,16:25,-07:00,1941,"Glendale, AZ, United States",-112.184,33.539,True,False,True,V5_ROLE_ONLY_EXPANSION,False,False
PROJECT,singer,Q177220,Q143945,Carla Bruni,carlabruni,,V5_WIKIDATA_ROLE_ONLY_EXPANSION,ROLE_CATEGORY_ONLY;IDENTITY_LABEL;NO_EVENT_OUTCOME;NO_CHRONOLOGY;NO_PAIRABILITY;NO_ASTROLOGY;NO_CONTROL,CarlaBruni1967,Carla Bruni,female,1967-12-23,18:10,+01:00,1967,"Turin, Italy",7.683,45.068,True,False,True,V5_ROLE_ONLY_EXPANSION,False,False
PROJECT,actor,Q33999,Q26208,Carlo Lizzani,carlolizzani,,V5_WIKIDATA_ROLE_ONLY_EXPANSION,ROLE_CATEGORY_ONLY;IDENTITY_LABEL;NO_EVENT_OUTCOME;NO_CHRONOLOGY;NO_PAIRABILITY;NO_ASTROLOGY;NO_CONTROL,CarloLizzani1922,Carlo Lizzani,male,1922-04-03,07:00,+01:00,1922,"Rome, Italy",12.494,41.891,True,False,True,V5_ROLE_ONLY_EXPANSION,False,False
PROJECT,film_director,Q2526255,Q299419,Carlo Ponti,carloponti,,V5_WIKIDATA_ROLE_ONLY_EXPANSION,ROLE_CATEGORY_ONLY;IDENTITY_LABEL;NO_EVENT_OUTCOME;NO_CHRONOLOGY;NO_PAIRABILITY;NO_ASTROLOGY;NO_CONTROL,CarloPonti1912,Carlo Ponti,male,1912-12-11,13:00,+01:00,1912,"Magenta, Italy",8.881,45.468,True,False,True,V5_ROLE_ONLY_EXPANSION,False,False
PROJECT,actor,Q33999,Q106607,Carole Bouquet,carolebouquet,,V5_WIKIDATA_ROLE_ONLY_EXPANSION,ROLE_CATEGORY_ONLY;IDENTITY_LABEL;NO_EVENT_OUTCOME;NO_CHRONOLOGY;NO_PAIRABILITY;NO_ASTROLOGY;NO_CONTROL,CaroleBouquet1957,Carole Bouquet,female,1957-08-18,18:30,+01:00,1957,"Neuilly-sur-Seine, France",2.273,48.884,True,False,True,V5_ROLE_ONLY_EXPANSION,False,False
PROJECT,singer,Q177220,Q341461,Carole Fredericks,carolefredericks,,V5_WIKIDATA_ROLE_ONLY_EXPANSION,ROLE_CATEGORY_ONLY;IDENTITY_LABEL;NO_EVENT_OUTCOME;NO_CHRONOLOGY;NO_PAIRABILITY;NO_ASTROLOGY;NO_CONTROL,CaroleFredericks1952,Carole Fredericks,female,1952-06-05,21:00,-04:00,1952,"Springfield, MA, United States",-72.586,42.102,True,False,True,V5_ROLE_ONLY_EXPANSION,False,False
PROJECT,actor,Q33999,Q108941,Carrie Fisher,carriefisher,,V5_WIKIDATA_ROLE_ONLY_EXPANSION,ROLE_CATEGORY_ONLY;IDENTITY_LABEL;NO_EVENT_OUTCOME;NO_CHRONOLOGY;NO_PAIRABILITY;NO_ASTROLOGY;NO_CONTROL,CarrieFisher1956,Carrie Fisher,female,1956-10-21,12:49,-08:00,1956,"San Jose, CA, United States",-121.888,37.335,True,False,True,V5_ROLE_ONLY_EXPANSION,False,False
PROJECT,film_director,Q2526255,Q270730,Casey Affleck,caseyaffleck,,V5_WIKIDATA_ROLE_ONLY_EXPANSION,ROLE_CATEGORY_ONLY;IDENTITY_LABEL;NO_EVENT_OUTCOME;NO_CHRONOLOGY;NO_PAIRABILITY;NO_ASTROLOGY;NO_CONTROL,CaseyAffleck1975,Casey Affleck,male,1975-08-12,19:38,-04:00,1975,"Mashpee, MA, United States",-70.481,41.649,True,False,True,V5_ROLE_ONLY_EXPANSION,False,False
PROJECT,singer,Q177220,Q266617,Caterina Caselli,caterinacaselli,,V5_WIKIDATA_ROLE_ONLY_EXPANSION,ROLE_CATEGORY_ONLY;IDENTITY_LABEL;NO_EVENT_OUTCOME;NO_CHRONOLOGY;NO_PAIRABILITY;NO_ASTROLOGY;NO_CONTROL,CaterinaCaselli1946,Caterina Caselli,female,1946-04-10,12:00,+02:00,1946,"Modena, Italy",10.925,44.647,True,False,True,V5_ROLE_ONLY_EXPANSION,False,False
PROJECT,film_director,Q2526255,Q289054,Catherine Breillat,catherinebreillat,,V5_WIKIDATA_ROLE_ONLY_EXPANSION,ROLE_CATEGORY_ONLY;IDENTITY_LABEL;NO_EVENT_OUTCOME;NO_CHRONOLOGY;NO_PAIRABILITY;NO_ASTROLOGY;NO_CONTROL,CatherineBreillat1948,Catherine Breillat,female,1948-07-13,20:15,+01:00,1948,"Bressuire, France",-0.491,46.843,True,False,True,V5_ROLE_ONLY_EXPANSION,False,False
PROJECT,singer,Q177220,Q106418,Catherine Deneuve,catherinedeneuve,,V5_WIKIDATA_ROLE_ONLY_EXPANSION,ROLE_CATEGORY_ONLY;IDENTITY_LABEL;NO_EVENT_OUTCOME;NO_CHRONOLOGY;NO_PAIRABILITY;NO_ASTROLOGY;NO_CONTROL,CatherineDeneuve1943,Catherine Deneuve,female,1943-10-22,13:35,+01:00,1943,"Paris, France",2.351,48.857,True,False,True,V5_ROLE_ONLY_EXPANSION,False,False
PROJECT,film_director,Q2526255,Q259979,Cécile Aubry,cecileaubry,,V5_WIKIDATA_ROLE_ONLY_EXPANSION,ROLE_CATEGORY_ONLY;IDENTITY_LABEL;NO_EVENT_OUTCOME;NO_CHRONOLOGY;NO_PAIRABILITY;NO_ASTROLOGY;NO_CONTROL,CécileAubry1928,Cécile Aubry,female,1928-08-03,22:30,+01:00,1928,"Paris, France",2.351,48.857,True,False,True,V5_ROLE_ONLY_EXPANSION,False,False
PROJECT,film_director,Q2526255,Q513632,Cédric Klapisch,cedricklapisch,,V5_WIKIDATA_ROLE_ONLY_EXPANSION,ROLE_CATEGORY_ONLY;IDENTITY_LABEL;NO_EVENT_OUTCOME;NO_CHRONOLOGY;NO_PAIRABILITY;NO_ASTROLOGY;NO_CONTROL,CédricKlapisch1961,Cédric Klapisch,male,1961-09-04,06:55,+01:00,1961,"Neuilly-sur-Seine, France",2.273,48.884,True,False,True,V5_ROLE_ONLY_EXPANSION,False,False
PROJECT,film_director,Q2526255,Q469164,Cesare Zavattini,cesarezavattini,,V5_WIKIDATA_ROLE_ONLY_EXPANSION,ROLE_CATEGORY_ONLY;IDENTITY_LABEL;NO_EVENT_OUTCOME;NO_CHRONOLOGY;NO_PAIRABILITY;NO_ASTROLOGY;NO_CONTROL,CesareZavattini1902,Cesare Zavattini,male,1902-07-20,18:15,+01:00,1902,"Luzzara, Italy",10.691,44.959,True,False,True,V5_ROLE_ONLY_EXPANSION,False,False
PROJECT,actor,Q33999,Q1785,Charles Aznavour,charlesaznavour,,V5_WIKIDATA_ROLE_ONLY_EXPANSION,ROLE_CATEGORY_ONLY;IDENTITY_LABEL;NO_EVENT_OUTCOME;NO_CHRONOLOGY;NO_PAIRABILITY;NO_ASTROLOGY;NO_CONTROL,CharlesAznavour1924,Charles Aznavour,male,1924-05-22,00:15,+01:00,1924,"Paris, France",2.351,48.857,True,False,True,V5_ROLE_ONLY_EXPANSION,False,False
PROJECT,actor,Q33999,Q36105,Charles Bronson,charlesbronson,,V5_WIKIDATA_ROLE_ONLY_EXPANSION,ROLE_CATEGORY_ONLY;IDENTITY_LABEL;NO_EVENT_OUTCOME;NO_CHRONOLOGY;NO_PAIRABILITY;NO_ASTROLOGY;NO_CONTROL,CharlesBronson1921,Charles Bronson,male,1921-11-03,11:00,-05:00,1921,"Ehrenfeld, PA, United States",-78.775,40.373,True,False,True,V5_ROLE_ONLY_EXPANSION,False,False
PROJECT,actor,Q33999,Q76409,Charles Bukowski,charlesbukowski,,V5_WIKIDATA_ROLE_ONLY_EXPANSION,ROLE_CATEGORY_ONLY;IDENTITY_LABEL;NO_EVENT_OUTCOME;NO_CHRONOLOGY;NO_PAIRABILITY;NO_ASTROLOGY;NO_CONTROL,CharlesBukowski1920,Charles Bukowski,male,1920-08-16,22:00,+01:00,1920,"Andernach, Germany",7.406,50.439,True,False,True,V5_ROLE_ONLY_EXPANSION,False,False
PROJECT,musician,Q639669,Q107432,Charles Mingus,charlesmingus,,V5_WIKIDATA_ROLE_ONLY_EXPANSION,ROLE_CATEGORY_ONLY;IDENTITY_LABEL;NO_EVENT_OUTCOME;NO_CHRONOLOGY;NO_PAIRABILITY;NO_ASTROLOGY;NO_CONTROL,CharlesMingus1922,Charles Mingus,male,1922-04-22,21:30,-07:00,1922,"Nogales, AZ, United States",-110.934,31.342,True,False,True,V5_ROLE_ONLY_EXPANSION,False,False
PROJECT,film_director,Q2526255,Q474192,Charles Spaak,charlesspaak,,V5_WIKIDATA_ROLE_ONLY_EXPANSION,ROLE_CATEGORY_ONLY;IDENTITY_LABEL;NO_EVENT_OUTCOME;NO_CHRONOLOGY;NO_PAIRABILITY;NO_ASTROLOGY;NO_CONTROL,CharlesSpaak1903,Charles Spaak,male,1903-05-25,23:30,+00:00,1903,"Brussels, Belgium",4.356,50.846,True,False,True,V5_ROLE_ONLY_EXPANSION,False,False
PROJECT,musician,Q639669,Q212549,Charles Trenet,charlestrenet,,V5_WIKIDATA_ROLE_ONLY_EXPANSION,ROLE_CATEGORY_ONLY;IDENTITY_LABEL;NO_EVENT_OUTCOME;NO_CHRONOLOGY;NO_PAIRABILITY;NO_ASTROLOGY;NO_CONTROL,CharlesTrénet1913,Charles Trénet,male,1913-05-18,16:00,+00:00,1913,"Narbonne, France",3.004,43.184,True,False,True,V5_ROLE_ONLY_EXPANSION,False,False
PROJECT,musician,Q639669,Q260841,Charlie Burchill,charlieburchill,,V5_WIKIDATA_ROLE_ONLY_EXPANSION,ROLE_CATEGORY_ONLY;IDENTITY_LABEL;NO_EVENT_OUTCOME;NO_CHRONOLOGY;NO_PAIRABILITY;NO_ASTROLOGY;NO_CONTROL,CharlieBurchill1959,Charlie Burchill,male,1959-11-27,23:35,+00:00,1959,"Glasgow, United Kingdom",-4.257,55.866,True,False,True,V5_ROLE_ONLY_EXPANSION,False,False
PROJECT,musician,Q639669,Q180836,Charlotte Perrelli,charlotteperrelli,,V5_WIKIDATA_ROLE_ONLY_EXPANSION,ROLE_CATEGORY_ONLY;IDENTITY_LABEL;NO_EVENT_OUTCOME;NO_CHRONOLOGY;NO_PAIRABILITY;NO_ASTROLOGY;NO_CONTROL,CharlottePerrelli1974,Charlotte Perrelli,female,1974-10-07,19:45,+01:00,1974,"Hovmantorp, Lessebo, Sweden",15.137,56.787,True,False,True,V5_ROLE_ONLY_EXPANSION,False,False
PROJECT,singer,Q177220,Q266335,Charlotte Rae,charlotterae,,V5_WIKIDATA_ROLE_ONLY_EXPANSION,ROLE_CATEGORY_ONLY;IDENTITY_LABEL;NO_EVENT_OUTCOME;NO_CHRONOLOGY;NO_PAIRABILITY;NO_ASTROLOGY;NO_CONTROL,CharlotteRae1926,Charlotte Rae,female,1926-04-22,18:30,-06:00,1926,"Milwaukee, WI, United States",-87.909,43.041,True,False,True,V5_ROLE_ONLY_EXPANSION,False,False
PROJECT,actor,Q33999,Q80739,Charlton Heston,charltonheston,,V5_WIKIDATA_ROLE_ONLY_EXPANSION,ROLE_CATEGORY_ONLY;IDENTITY_LABEL;NO_EVENT_OUTCOME;NO_CHRONOLOGY;NO_PAIRABILITY;NO_ASTROLOGY;NO_CONTROL,CharltonHeston1923,Charlton Heston,male,1923-10-04,07:55,-06:00,1923,"Evanston, IL, United States",-87.688,42.052,True,False,True,V5_ROLE_ONLY_EXPANSION,False,False
PROJECT,singer,Q177220,Q2274,Chet Baker,chetbaker,,V5_WIKIDATA_ROLE_ONLY_EXPANSION,ROLE_CATEGORY_ONLY;IDENTITY_LABEL;NO_EVENT_OUTCOME;NO_CHRONOLOGY;NO_PAIRABILITY;NO_ASTROLOGY;NO_CONTROL,ChetBaker1929,Chet Baker,male,1929-12-23,00:45,-06:00,1929,"Yale, OK, United States",-96.698,36.116,True,False,True,V5_ROLE_ONLY_EXPANSION,False,False
PROJECT,singer,Q177220,Q310926,Chevy Chase,chevychase,,V5_WIKIDATA_ROLE_ONLY_EXPANSION,ROLE_CATEGORY_ONLY;IDENTITY_LABEL;NO_EVENT_OUTCOME;NO_CHRONOLOGY;NO_PAIRABILITY;NO_ASTROLOGY;NO_CONTROL,ChevyChase1943,Chevy Chase,male,1943-10-08,08:19,-04:00,1943,"New York, NY, United States",-74.007,40.713,True,False,True,V5_ROLE_ONLY_EXPANSION,False,False
PROJECT,musician,Q639669,Q283317,Chiara Mastroianni,chiaramastroianni,,V5_WIKIDATA_ROLE_ONLY_EXPANSION,ROLE_CATEGORY_ONLY;IDENTITY_LABEL;NO_EVENT_OUTCOME;NO_CHRONOLOGY;NO_PAIRABILITY;NO_ASTROLOGY;NO_CONTROL,ChiaraMastroianni1972,Chiara Mastroianni,female,1972-05-28,23:55,+01:00,1972,"Paris, France",2.351,48.857,True,False,True,V5_ROLE_ONLY_EXPANSION,False,False
PROJECT,musician,Q639669,Q192465,Chick Corea,chickcorea,,V5_WIKIDATA_ROLE_ONLY_EXPANSION,ROLE_CATEGORY_ONLY;IDENTITY_LABEL;NO_EVENT_OUTCOME;NO_CHRONOLOGY;NO_PAIRABILITY;NO_ASTROLOGY;NO_CONTROL,ChickCorea1941,Chick Corea,male,1941-06-12,12:40,-05:00,1941,"Chelsea, AL, United States",-86.63,33.34,True,False,True,V5_ROLE_ONLY_EXPANSION,False,False
PROJECT,film_director,Q2526255,Q178348,Chris Evans,chrisevans,,V5_WIKIDATA_ROLE_ONLY_EXPANSION,ROLE_CATEGORY_ONLY;IDENTITY_LABEL;NO_EVENT_OUTCOME;NO_CHRONOLOGY;NO_PAIRABILITY;NO_ASTROLOGY;NO_CONTROL,ChrisEvans1981,Chris Evans,male,1981-06-13,18:16,-04:00,1981,"Sudbury, MA, United States",-71.413,42.383,True,False,True,V5_ROLE_ONLY_EXPANSION,False,False
PROJECT,singer,Q177220,Q311752,Chris Farley,chrisfarley,,V5_WIKIDATA_ROLE_ONLY_EXPANSION,ROLE_CATEGORY_ONLY;IDENTITY_LABEL;NO_EVENT_OUTCOME;NO_CHRONOLOGY;NO_PAIRABILITY;NO_ASTROLOGY;NO_CONTROL,ChrisFarley1964,Chris Farley,male,1964-02-15,15:34,-06:00,1964,"Madison, WI, United States",-89.385,43.074,True,False,True,V5_ROLE_ONLY_EXPANSION,False,False
PROJECT,film_director,Q2526255,Q170256,Chris Marker,chrismarker,,V5_WIKIDATA_ROLE_ONLY_EXPANSION,ROLE_CATEGORY_ONLY;IDENTITY_LABEL;NO_EVENT_OUTCOME;NO_CHRONOLOGY;NO_PAIRABILITY;NO_ASTROLOGY;NO_CONTROL,ChrisMarker1921,Chris Marker,male,1921-07-29,10:00,+01:00,1921,"Neuilly-sur-Seine, France",2.273,48.884,True,False,True,V5_ROLE_ONLY_EXPANSION,False,False
PROJECT,musician,Q639669,Q239202,Chrissie Hynde,chrissiehynde,,V5_WIKIDATA_ROLE_ONLY_EXPANSION,ROLE_CATEGORY_ONLY;IDENTITY_LABEL;NO_EVENT_OUTCOME;NO_CHRONOLOGY;NO_PAIRABILITY;NO_ASTROLOGY;NO_CONTROL,ChrissieHynde1951,Chrissie Hynde,female,1951-09-07,10:20,-04:00,1951,"Akron, OH, United States",-81.516,41.085,True,False,True,V5_ROLE_ONLY_EXPANSION,False,False
PROJECT,film_director,Q2526255,Q310692,Christian Clavier,christianclavier,,V5_WIKIDATA_ROLE_ONLY_EXPANSION,ROLE_CATEGORY_ONLY;IDENTITY_LABEL;NO_EVENT_OUTCOME;NO_CHRONOLOGY;NO_PAIRABILITY;NO_ASTROLOGY;NO_CONTROL,ChristianClavier1952,Christian Clavier,male,1952-05-06,12:10,+01:00,1952,"Paris, France",2.351,48.857,True,False,True,V5_ROLE_ONLY_EXPANSION,False,False
PROJECT,film_director,Q2526255,Q451637,Christine Pascal,christinepascal,,V5_WIKIDATA_ROLE_ONLY_EXPANSION,ROLE_CATEGORY_ONLY;IDENTITY_LABEL;NO_EVENT_OUTCOME;NO_CHRONOLOGY;NO_PAIRABILITY;NO_ASTROLOGY;NO_CONTROL,ChristinePascal1953,Christine Pascal,female,1953-11-29,21:10,+01:00,1953,"Lyon, France",4.834,45.767,True,False,True,V5_ROLE_ONLY_EXPANSION,False,False
PROJECT,singer,Q177220,Q330394,C. Jérôme,cjerome,,V5_WIKIDATA_ROLE_ONLY_EXPANSION,ROLE_CATEGORY_ONLY;IDENTITY_LABEL;NO_EVENT_OUTCOME;NO_CHRONOLOGY;NO_PAIRABILITY;NO_ASTROLOGY;NO_CONTROL,C.Jérôme1946,C. Jérôme,male,1946-12-21,20:40,+01:00,1946,"Paris, France",2.351,48.857,True,False,True,V5_ROLE_ONLY_EXPANSION,False,False
PROJECT,singer,Q177220,Q281352,Claire Keim,clairekeim,,V5_WIKIDATA_ROLE_ONLY_EXPANSION,ROLE_CATEGORY_ONLY;IDENTITY_LABEL;NO_EVENT_OUTCOME;NO_CHRONOLOGY;NO_PAIRABILITY;NO_ASTROLOGY;NO_CONTROL,ClaireKeim1975,Claire Keim,female,1975-07-08,18:30,+01:00,1975,"Senlis, France",2.586,49.204,True,False,True,V5_ROLE_ONLY_EXPANSION,False,False
PROJECT,musician,Q639669,Q236835,Clara Morgane,claramorgane,,V5_WIKIDATA_ROLE_ONLY_EXPANSION,ROLE_CATEGORY_ONLY;IDENTITY_LABEL;NO_EVENT_OUTCOME;NO_CHRONOLOGY;NO_PAIRABILITY;NO_ASTROLOGY;NO_CONTROL,ClaraMorgane1981,Clara Morgane,female,1981-01-25,01:25,+01:00,1981,"Marseille, France",5.374,43.295,True,False,True,V5_ROLE_ONLY_EXPANSION,False,False
PROJECT,actor,Q33999,Q113206,Clark Gregg,clarkgregg,,V5_WIKIDATA_ROLE_ONLY_EXPANSION,ROLE_CATEGORY_ONLY;IDENTITY_LABEL;NO_EVENT_OUTCOME;NO_CHRONOLOGY;NO_PAIRABILITY;NO_ASTROLOGY;NO_CONTROL,ClarkGregg1962,Clark Gregg,male,1962-04-02,01:01,-05:00,1962,"Boston, MA, United States",-71.059,42.359,True,False,True,V5_ROLE_ONLY_EXPANSION,False,False
PROJECT,film_director,Q2526255,Q298905,Claude Berri,claudeberri,,V5_WIKIDATA_ROLE_ONLY_EXPANSION,ROLE_CATEGORY_ONLY;IDENTITY_LABEL;NO_EVENT_OUTCOME;NO_CHRONOLOGY;NO_PAIRABILITY;NO_ASTROLOGY;NO_CONTROL,ClaudeBerri1934,Claude Berri,male,1934-07-01,06:45,+01:00,1934,"Paris, France",2.351,48.857,True,False,True,V5_ROLE_ONLY_EXPANSION,False,False
PROJECT,actor,Q33999,Q106544,Claude Brasseur,claudebrasseur,,V5_WIKIDATA_ROLE_ONLY_EXPANSION,ROLE_CATEGORY_ONLY;IDENTITY_LABEL;NO_EVENT_OUTCOME;NO_CHRONOLOGY;NO_PAIRABILITY;NO_ASTROLOGY;NO_CONTROL,ClaudeBrasseur1936,Claude Brasseur,male,1936-06-15,07:50,+01:00,1936,"Neuilly-sur-Seine, France",2.273,48.884,True,False,True,V5_ROLE_ONLY_EXPANSION,False,False
PROJECT,actor,Q33999,Q55375,Claude Chabrol,claudechabrol,,V5_WIKIDATA_ROLE_ONLY_EXPANSION,ROLE_CATEGORY_ONLY;IDENTITY_LABEL;NO_EVENT_OUTCOME;NO_CHRONOLOGY;NO_PAIRABILITY;NO_ASTROLOGY;NO_CONTROL,ClaudeChabrol1930,Claude Chabrol,male,1930-06-24,22:00,+01:00,1930,"Paris, France",2.351,48.857,True,False,True,V5_ROLE_ONLY_EXPANSION,False,False
PROJECT,film_director,Q2526255,Q521870,Claude Faraldo,claudefaraldo,,V5_WIKIDATA_ROLE_ONLY_EXPANSION,ROLE_CATEGORY_ONLY;IDENTITY_LABEL;NO_EVENT_OUTCOME;NO_CHRONOLOGY;NO_PAIRABILITY;NO_ASTROLOGY;NO_CONTROL,ClaudeFaraldo1936,Claude Faraldo,male,1936-03-23,23:00,+00:00,1936,"Paris, France",2.351,48.857,True,False,True,V5_ROLE_ONLY_EXPANSION,False,False
PROJECT,singer,Q177220,Q365985,Claude François,claudefrancois,,V5_WIKIDATA_ROLE_ONLY_EXPANSION,ROLE_CATEGORY_ONLY;IDENTITY_LABEL;NO_EVENT_OUTCOME;NO_CHRONOLOGY;NO_PAIRABILITY;NO_ASTROLOGY;NO_CONTROL,ClaudeFrançois1939,Claude François,male,1939-02-01,06:05,+02:00,1939,"Ismailia, El Ismailia, Egypt",32.27,30.594,True,False,True,V5_ROLE_ONLY_EXPANSION,False,False
PROJECT,film_director,Q2526255,Q295093,Claude Lelouch,claudelelouch,,V5_WIKIDATA_ROLE_ONLY_EXPANSION,ROLE_CATEGORY_ONLY;IDENTITY_LABEL;NO_EVENT_OUTCOME;NO_CHRONOLOGY;NO_PAIRABILITY;NO_ASTROLOGY;NO_CONTROL,ClaudeLelouch1937,Claude Lelouch,male,1937-10-30,21:15,+00:00,1937,"Paris, France",2.351,48.857,True,False,True,V5_ROLE_ONLY_EXPANSION,False,False
PROJECT,film_director,Q2526255,Q453371,Claude Miller,claudemiller,,V5_WIKIDATA_ROLE_ONLY_EXPANSION,ROLE_CATEGORY_ONLY;IDENTITY_LABEL;NO_EVENT_OUTCOME;NO_CHRONOLOGY;NO_PAIRABILITY;NO_ASTROLOGY;NO_CONTROL,ClaudeMiller1942,Claude Miller,male,1942-02-20,00:50,+02:00,1942,"Paris, France",2.351,48.857,True,False,True,V5_ROLE_ONLY_EXPANSION,False,False
PROJECT,film_director,Q2526255,Q106669,Claude Sautet,claudesautet,,V5_WIKIDATA_ROLE_ONLY_EXPANSION,ROLE_CATEGORY_ONLY;IDENTITY_LABEL;NO_EVENT_OUTCOME;NO_CHRONOLOGY;NO_PAIRABILITY;NO_ASTROLOGY;NO_CONTROL,ClaudeSautet1924,Claude Sautet,male,1924-02-23,19:00,+00:00,1924,"Montrouge, France",2.32,48.819,True,False,True,V5_ROLE_ONLY_EXPANSION,False,False
PROJECT,actor,Q33999,Q76717,Claudia Schiffer,claudiaschiffer,,V5_WIKIDATA_ROLE_ONLY_EXPANSION,ROLE_CATEGORY_ONLY;IDENTITY_LABEL;NO_EVENT_OUTCOME;NO_CHRONOLOGY;NO_PAIRABILITY;NO_ASTROLOGY;NO_CONTROL,ClaudiaSchiffer1970,Claudia Schiffer,female,1970-08-25,12:10,+01:00,1970,"Rheinberg, Germany",6.605,51.543,True,False,True,V5_ROLE_ONLY_EXPANSION,False,False
PROJECT,musician,Q639669,Q151608,Claudio Abbado,claudioabbado,,V5_WIKIDATA_ROLE_ONLY_EXPANSION,ROLE_CATEGORY_ONLY;IDENTITY_LABEL;NO_EVENT_OUTCOME;NO_CHRONOLOGY;NO_PAIRABILITY;NO_ASTROLOGY;NO_CONTROL,ClaudioAbbado1933,Claudio Abbado,male,1933-06-26,02:00,+01:00,1933,"Milan, Italy",9.188,45.464,True,False,True,V5_ROLE_ONLY_EXPANSION,False,False
PROJECT,film_director,Q2526255,Q433903,Claudio Gora,claudiogora,,V5_WIKIDATA_ROLE_ONLY_EXPANSION,ROLE_CATEGORY_ONLY;IDENTITY_LABEL;NO_EVENT_OUTCOME;NO_CHRONOLOGY;NO_PAIRABILITY;NO_ASTROLOGY;NO_CONTROL,ClaudioGora1913,Claudio Gora,male,1913-07-27,16:30,+01:00,1913,"Genoa, Italy",8.934,44.407,True,False,True,V5_ROLE_ONLY_EXPANSION,False,False
PROJECT,musician,Q639669,Q320264,Clint Black,clintblack,,V5_WIKIDATA_ROLE_ONLY_EXPANSION,ROLE_CATEGORY_ONLY;IDENTITY_LABEL;NO_EVENT_OUTCOME;NO_CHRONOLOGY;NO_PAIRABILITY;NO_ASTROLOGY;NO_CONTROL,ClintBlack1962,Clint Black,male,1962-02-04,19:30,-05:00,1962,"Long Branch, NJ, United States",-73.993,40.304,True,False,True,V5_ROLE_ONLY_EXPANSION,False,False
PROJECT,film_director,Q2526255,Q463255,Coline Serreau,colineserreau,,V5_WIKIDATA_ROLE_ONLY_EXPANSION,ROLE_CATEGORY_ONLY;IDENTITY_LABEL;NO_EVENT_OUTCOME;NO_CHRONOLOGY;NO_PAIRABILITY;NO_ASTROLOGY;NO_CONTROL,ColineSerreau1947,Coline Serreau,female,1947-10-29,14:30,+01:00,1947,"Paris, France",2.351,48.857,True,False,True,V5_ROLE_ONLY_EXPANSION,False,False
PROJECT,singer,Q177220,Q270830,Concha Piquer,conchapiquer,,V5_WIKIDATA_ROLE_ONLY_EXPANSION,ROLE_CATEGORY_ONLY;IDENTITY_LABEL;NO_EVENT_OUTCOME;NO_CHRONOLOGY;NO_PAIRABILITY;NO_ASTROLOGY;NO_CONTROL,ConchaPiquer1906,Concha Piquer,female,1906-12-13,08:00,+00:00,1906,"Valencia, Spain",-0.377,39.47,True,False,True,V5_ROLE_ONLY_EXPANSION,False,False
PROJECT,musician,Q639669,Q113581,Conchita Wurst,conchitawurst,,V5_WIKIDATA_ROLE_ONLY_EXPANSION,ROLE_CATEGORY_ONLY;IDENTITY_LABEL;NO_EVENT_OUTCOME;NO_CHRONOLOGY;NO_PAIRABILITY;NO_ASTROLOGY;NO_CONTROL,ConchitaWurst1988,Conchita Wurst,male,1988-11-06,17:52,+01:00,1988,"Gmunden, Austria",13.799,47.918,True,False,True,V5_ROLE_ONLY_EXPANSION,False,False
PROJECT,singer,Q177220,Q235519,Connie Britton,conniebritton,,V5_WIKIDATA_ROLE_ONLY_EXPANSION,ROLE_CATEGORY_ONLY;IDENTITY_LABEL;NO_EVENT_OUTCOME;NO_CHRONOLOGY;NO_PAIRABILITY;NO_ASTROLOGY;NO_CONTROL,ConnieBritton1967,Connie Britton,female,1967-03-06,15:49,-05:00,1967,"Boston, MA, United States",-71.059,42.359,True,False,True,V5_ROLE_ONLY_EXPANSION,False,False
PROJECT,actor,Q33999,Q129681,Corinne Marchand,corinnemarchand,,V5_WIKIDATA_ROLE_ONLY_EXPANSION,ROLE_CATEGORY_ONLY;IDENTITY_LABEL;NO_EVENT_OUTCOME;NO_CHRONOLOGY;NO_PAIRABILITY;NO_ASTROLOGY;NO_CONTROL,CorinneMarchand1931,Corinne Marchand,female,1931-12-04,14:30,+00:00,1931,"Paris, France",2.351,48.857,True,False,True,V5_ROLE_ONLY_EXPANSION,False,False
PROJECT,singer,Q177220,Q222071,Courtney Love,courtneylove,,V5_WIKIDATA_ROLE_ONLY_EXPANSION,ROLE_CATEGORY_ONLY;IDENTITY_LABEL;NO_EVENT_OUTCOME;NO_CHRONOLOGY;NO_PAIRABILITY;NO_ASTROLOGY;NO_CONTROL,CourtneyLove1964,Courtney Love,female,1964-07-09,14:08,-07:00,1964,"San Francisco, CA, United States",-122.42,37.78,True,False,True,V5_ROLE_ONLY_EXPANSION,False,False
PROJECT,film_director,Q2526255,Q72867,Craig Ferguson,craigferguson,,V5_WIKIDATA_ROLE_ONLY_EXPANSION,ROLE_CATEGORY_ONLY;IDENTITY_LABEL;NO_EVENT_OUTCOME;NO_CHRONOLOGY;NO_PAIRABILITY;NO_ASTROLOGY;NO_CONTROL,CraigFerguson1962,Craig Ferguson,male,1962-05-17,18:10,+01:00,1962,"Glasgow, United Kingdom",-4.257,55.866,True,False,True,V5_ROLE_ONLY_EXPANSION,False,False
PROJECT,film_director,Q2526255,Q291413,Cristiana Capotondi,cristianacapotondi,,V5_WIKIDATA_ROLE_ONLY_EXPANSION,ROLE_CATEGORY_ONLY;IDENTITY_LABEL;NO_EVENT_OUTCOME;NO_CHRONOLOGY;NO_PAIRABILITY;NO_ASTROLOGY;NO_CONTROL,CristianaCapotondi1980,Cristiana Capotondi,female,1980-09-13,04:00,+02:00,1980,"Rome, Italy",12.494,41.891,True,False,True,V5_ROLE_ONLY_EXPANSION,False,False
PROJECT,film_director,Q2526255,Q77489,Curt Siodmak,curtsiodmak,,V5_WIKIDATA_ROLE_ONLY_EXPANSION,ROLE_CATEGORY_ONLY;IDENTITY_LABEL;NO_EVENT_OUTCOME;NO_CHRONOLOGY;NO_PAIRABILITY;NO_ASTROLOGY;NO_CONTROL,CurtSiodmak1902,Curt Siodmak,male,1902-08-10,10:30,+01:00,1902,"Dresden, Germany",13.734,51.051,True,False,True,V5_ROLE_ONLY_EXPANSION,False,False
PROJECT,singer,Q177220,Q175142,Cybill Shepherd,cybillshepherd,,V5_WIKIDATA_ROLE_ONLY_EXPANSION,ROLE_CATEGORY_ONLY;IDENTITY_LABEL;NO_EVENT_OUTCOME;NO_CHRONOLOGY;NO_PAIRABILITY;NO_ASTROLOGY;NO_CONTROL,CybillShepherd1950,Cybill Shepherd,female,1950-02-18,19:52,-06:00,1950,"Memphis, TN, United States",-90.052,35.143,True,False,True,V5_ROLE_ONLY_EXPANSION,False,False
PROJECT,actor,Q33999,Q62558,Cyd Charisse,cydcharisse,,V5_WIKIDATA_ROLE_ONLY_EXPANSION,ROLE_CATEGORY_ONLY;IDENTITY_LABEL;NO_EVENT_OUTCOME;NO_CHRONOLOGY;NO_PAIRABILITY;NO_ASTROLOGY;NO_CONTROL,CydCharisse1922,Cyd Charisse,female,1922-03-08,04:30,-06:00,1922,"Amarillo, TX, United States",-101.832,35.207,True,False,True,V5_ROLE_ONLY_EXPANSION,False,False
PROJECT,film_director,Q2526255,Q261454,Cynthia Gibb,cynthiagibb,,V5_WIKIDATA_ROLE_ONLY_EXPANSION,ROLE_CATEGORY_ONLY;IDENTITY_LABEL;NO_EVENT_OUTCOME;NO_CHRONOLOGY;NO_PAIRABILITY;NO_ASTROLOGY;NO_CONTROL,CynthiaGibb1963,Cynthia Gibb,female,1963-12-14,09:34,-05:00,1963,"Bennington, VT, United States",-73.197,42.878,True,False,True,V5_ROLE_ONLY_EXPANSION,False,False
PROJECT,film_director,Q2526255,Q504708,Cyril Collard,cyrilcollard,,V5_WIKIDATA_ROLE_ONLY_EXPANSION,ROLE_CATEGORY_ONLY;IDENTITY_LABEL;NO_EVENT_OUTCOME;NO_CHRONOLOGY;NO_PAIRABILITY;NO_ASTROLOGY;NO_CONTROL,CyrilCollard1957,Cyril Collard,male,1957-12-19,17:40,+01:00,1957,"Paris, France",2.351,48.857,True,False,True,V5_ROLE_ONLY_EXPANSION,False,False
PROJECT,film_director,Q2526255,Q286600,Dacia Maraini,daciamaraini,,V5_WIKIDATA_ROLE_ONLY_EXPANSION,ROLE_CATEGORY_ONLY;IDENTITY_LABEL;NO_EVENT_OUTCOME;NO_CHRONOLOGY;NO_PAIRABILITY;NO_ASTROLOGY;NO_CONTROL,DaciaMaraini1936,Dacia Maraini,female,1936-11-13,12:50,+01:00,1936,"Florence, Italy",11.257,43.769,True,False,True,V5_ROLE_ONLY_EXPANSION,False,False
PROJECT,actor,Q33999,Q113099,Dagmar Berghoff,dagmarberghoff,,V5_WIKIDATA_ROLE_ONLY_EXPANSION,ROLE_CATEGORY_ONLY;IDENTITY_LABEL;NO_EVENT_OUTCOME;NO_CHRONOLOGY;NO_PAIRABILITY;NO_ASTROLOGY;NO_CONTROL,DagmarBerghoff1943,Dagmar Berghoff,female,1943-01-25,13:45,+01:00,1943,"Berlin, Germany",13.411,52.523,True,False,True,V5_ROLE_ONLY_EXPANSION,False,False
PROJECT,actor,Q33999,Q55444,Damiano Damiani,damianodamiani,,V5_WIKIDATA_ROLE_ONLY_EXPANSION,ROLE_CATEGORY_ONLY;IDENTITY_LABEL;NO_EVENT_OUTCOME;NO_CHRONOLOGY;NO_PAIRABILITY;NO_ASTROLOGY;NO_CONTROL,DamianoDamiani1922,Damiano Damiani,male,1922-07-23,18:30,+01:00,1922,"Pasiano di Pordenone, Italia",12.625,45.849,True,False,True,V5_ROLE_ONLY_EXPANSION,False,False
PROJECT,singer,Q177220,Q201047,Dan Fogelberg,danfogelberg,,V5_WIKIDATA_ROLE_ONLY_EXPANSION,ROLE_CATEGORY_ONLY;IDENTITY_LABEL;NO_EVENT_OUTCOME;NO_CHRONOLOGY;NO_PAIRABILITY;NO_ASTROLOGY;NO_CONTROL,DanFogelberg1951,Dan Fogelberg,male,1951-08-13,02:46,-04:00,1951,"United States, United States",-77.02,38.892,True,False,True,V5_ROLE_ONLY_EXPANSION,False,False
PROJECT,actor,Q33999,Q106303,Daniel Auteuil,danielauteuil,,V5_WIKIDATA_ROLE_ONLY_EXPANSION,ROLE_CATEGORY_ONLY;IDENTITY_LABEL;NO_EVENT_OUTCOME;NO_CHRONOLOGY;NO_PAIRABILITY;NO_ASTROLOGY;NO_CONTROL,DanielAuteuil1950,Daniel Auteuil,male,1950-01-24,00:05,+00:00,1950,"Algiers, Algeria",3.052,36.772,True,False,True,V5_ROLE_ONLY_EXPANSION,False,False
PROJECT,musician,Q639669,Q1802,Daniel Balavoine,danielbalavoine,,V5_WIKIDATA_ROLE_ONLY_EXPANSION,ROLE_CATEGORY_ONLY;IDENTITY_LABEL;NO_EVENT_OUTCOME;NO_CHRONOLOGY;NO_PAIRABILITY;NO_ASTROLOGY;NO_CONTROL,DanielBalavoine1952,Daniel Balavoine,male,1952-02-05,07:05,+01:00,1952,"Alençon, France",0.084,48.43,True,False,True,V5_ROLE_ONLY_EXPANSION,False,False
PROJECT,musician,Q639669,Q152768,Daniel Barenboim,danielbarenboim,,V5_WIKIDATA_ROLE_ONLY_EXPANSION,ROLE_CATEGORY_ONLY;IDENTITY_LABEL;NO_EVENT_OUTCOME;NO_CHRONOLOGY;NO_PAIRABILITY;NO_ASTROLOGY;NO_CONTROL,DanielBarenboim1942,Daniel Barenboim,male,1942-11-15,11:35,-03:00,1942,"Buenos Aires Buenos Aires City Region, Argentina",-58.373,-34.609,True,False,True,V5_ROLE_ONLY_EXPANSION,False,False
PROJECT,singer,Q177220,Q234149,Danielle Darrieux,danielledarrieux,,V5_WIKIDATA_ROLE_ONLY_EXPANSION,ROLE_CATEGORY_ONLY;IDENTITY_LABEL;NO_EVENT_OUTCOME;NO_CHRONOLOGY;NO_PAIRABILITY;NO_ASTROLOGY;NO_CONTROL,DanielleDarrieux1917,Danielle Darrieux,female,1917-05-01,21:00,+01:00,1917,"Bordeaux, France",-0.575,44.835,True,False,True,V5_ROLE_ONLY_EXPANSION,False,False
PROJECT,actor,Q33999,Q26806,Danny DeVito,dannydevito,,V5_WIKIDATA_ROLE_ONLY_EXPANSION,ROLE_CATEGORY_ONLY;IDENTITY_LABEL;NO_EVENT_OUTCOME;NO_CHRONOLOGY;NO_PAIRABILITY;NO_ASTROLOGY;NO_CONTROL,DannyDeVito1944,Danny DeVito,male,1944-11-17,10:20,-04:00,1944,"Neptune, NJ, United States",-74.035,40.213,True,False,True,V5_ROLE_ONLY_EXPANSION,False,False
PROJECT,film_director,Q2526255,Q192165,Danny Glover,dannyglover,,V5_WIKIDATA_ROLE_ONLY_EXPANSION,ROLE_CATEGORY_ONLY;IDENTITY_LABEL;NO_EVENT_OUTCOME;NO_CHRONOLOGY;NO_PAIRABILITY;NO_ASTROLOGY;NO_CONTROL,DannyGlover1946,Danny Glover,male,1946-07-22,17:03,-08:00,1946,"San Francisco, CA, United States",-122.42,37.78,True,False,True,V5_ROLE_ONLY_EXPANSION,False,False
PROJECT,film_director,Q2526255,Q468190,Dany Boon,danyboon,,V5_WIKIDATA_ROLE_ONLY_EXPANSION,ROLE_CATEGORY_ONLY;IDENTITY_LABEL;NO_EVENT_OUTCOME;NO_CHRONOLOGY;NO_PAIRABILITY;NO_ASTROLOGY;NO_CONTROL,DanyBoon1966,Dany Boon,male,1966-06-26,07:25,+01:00,1966,"Armentières, France",2.881,50.688,True,False,True,V5_ROLE_ONLY_EXPANSION,False,False
PROJECT,singer,Q177220,Q297817,Dany Dauberson,danydauberson,,V5_WIKIDATA_ROLE_ONLY_EXPANSION,ROLE_CATEGORY_ONLY;IDENTITY_LABEL;NO_EVENT_OUTCOME;NO_CHRONOLOGY;NO_PAIRABILITY;NO_ASTROLOGY;NO_CONTROL,DanyDauberson1925,Dany Dauberson,female,1925-01-16,04:00,+00:00,1925,"Le Creusot, France",4.428,46.807,True,False,True,V5_ROLE_ONLY_EXPANSION,False,False
PROJECT,actor,Q33999,Q53011,Dario Argento,darioargento,,V5_WIKIDATA_ROLE_ONLY_EXPANSION,ROLE_CATEGORY_ONLY;IDENTITY_LABEL;NO_EVENT_OUTCOME;NO_CHRONOLOGY;NO_PAIRABILITY;NO_ASTROLOGY;NO_CONTROL,DarioArgento1940,Dario Argento,male,1940-09-07,14:00,+02:00,1940,"Rome, Italy",12.494,41.891,True,False,True,V5_ROLE_ONLY_EXPANSION,False,False
PROJECT,actor,Q33999,Q765,Dario Fo,dariofo,,V5_WIKIDATA_ROLE_ONLY_EXPANSION,ROLE_CATEGORY_ONLY;IDENTITY_LABEL;NO_EVENT_OUTCOME;NO_CHRONOLOGY;NO_PAIRABILITY;NO_ASTROLOGY;NO_CONTROL,DarioFo1926,Dario Fo,male,1926-03-24,12:25,+01:00,1926,"Sangiano, Italy",8.633,45.876,True,False,True,V5_ROLE_ONLY_EXPANSION,False,False
PROJECT,musician,Q639669,Q108597,Dave Brubeck,davebrubeck,,V5_WIKIDATA_ROLE_ONLY_EXPANSION,ROLE_CATEGORY_ONLY;IDENTITY_LABEL;NO_EVENT_OUTCOME;NO_CHRONOLOGY;NO_PAIRABILITY;NO_ASTROLOGY;NO_CONTROL,DaveBrubeck1920,Dave Brubeck,male,1920-12-06,18:35,-08:00,1920,"Concord, CA, United States",-122.031,37.979,True,False,True,V5_ROLE_ONLY_EXPANSION,False,False
PROJECT,film_director,Q2526255,Q12006,Dave Grohl,davegrohl,,V5_WIKIDATA_ROLE_ONLY_EXPANSION,ROLE_CATEGORY_ONLY;IDENTITY_LABEL;NO_EVENT_OUTCOME;NO_CHRONOLOGY;NO_PAIRABILITY;NO_ASTROLOGY;NO_CONTROL,DaveGrohl1969,Dave Grohl,male,1969-01-14,07:33,-05:00,1969,"Warren, OH, United States",-80.816,41.236,True,False,True,V5_ROLE_ONLY_EXPANSION,False,False
PROJECT,singer,Q177220,Q187165,Dave Mustaine,davemustaine,,V5_WIKIDATA_ROLE_ONLY_EXPANSION,ROLE_CATEGORY_ONLY;IDENTITY_LABEL;NO_EVENT_OUTCOME;NO_CHRONOLOGY;NO_PAIRABILITY;NO_ASTROLOGY;NO_CONTROL,DaveMustaine1961,Dave Mustaine,male,1961-09-13,12:23,-07:00,1961,"La Mesa, CA, United States",-117.022,32.766,True,False,True,V5_ROLE_ONLY_EXPANSION,False,False
PROJECT,film_director,Q2526255,Q336640,David Byrne,davidbyrne,,V5_WIKIDATA_ROLE_ONLY_EXPANSION,ROLE_CATEGORY_ONLY;IDENTITY_LABEL;NO_EVENT_OUTCOME;NO_CHRONOLOGY;NO_PAIRABILITY;NO_ASTROLOGY;NO_CONTROL,DavidByrne1952,David Byrne,male,1952-05-14,14:00,+01:00,1952,"Dumbarton, United Kingdom",-4.551,55.949,True,False,True,V5_ROLE_ONLY_EXPANSION,False,False
PROJECT,actor,Q33999,Q139637,David Copperfield,davidcopperfield,,V5_WIKIDATA_ROLE_ONLY_EXPANSION,ROLE_CATEGORY_ONLY;IDENTITY_LABEL;NO_EVENT_OUTCOME;NO_CHRONOLOGY;NO_PAIRABILITY;NO_ASTROLOGY;NO_CONTROL,DavidCopperfield1956,David Copperfield,male,1956-09-16,07:02,-04:00,1956,"Metuchen, NJ, United States",-74.363,40.544,True,False,True,V5_ROLE_ONLY_EXPANSION,False,False
PROJECT,actor,Q33999,Q42601,David Ginola,davidginola,,V5_WIKIDATA_ROLE_ONLY_EXPANSION,ROLE_CATEGORY_ONLY;IDENTITY_LABEL;NO_EVENT_OUTCOME;NO_CHRONOLOGY;NO_PAIRABILITY;NO_ASTROLOGY;NO_CONTROL,DavidGinola1967,David Ginola,male,1967-01-25,12:30,+01:00,1967,"Gassin, France",6.585,43.229,True,False,True,V5_ROLE_ONLY_EXPANSION,False,False
PROJECT,musician,Q639669,Q8298,David Guetta,davidguetta,,V5_WIKIDATA_ROLE_ONLY_EXPANSION,ROLE_CATEGORY_ONLY;IDENTITY_LABEL;NO_EVENT_OUTCOME;NO_CHRONOLOGY;NO_PAIRABILITY;NO_ASTROLOGY;NO_CONTROL,DavidGuetta1967,David Guetta,male,1967-11-07,07:55,+01:00,1967,"Boulogne-Billancourt, France",2.243,48.834,True,False,True,V5_ROLE_ONLY_EXPANSION,False,False
PROJECT,musician,Q639669,Q313023,David McCallum,davidmccallum,,V5_WIKIDATA_ROLE_ONLY_EXPANSION,ROLE_CATEGORY_ONLY;IDENTITY_LABEL;NO_EVENT_OUTCOME;NO_CHRONOLOGY;NO_PAIRABILITY;NO_ASTROLOGY;NO_CONTROL,DavidMcCallum1933,David McCallum,male,1933-09-19,02:00,+01:00,1933,"Glasgow, United Kingdom",-4.257,55.866,True,False,True,V5_ROLE_ONLY_EXPANSION,False,False
PROJECT,film_director,Q2526255,Q296370,David Morse,davidmorse,,V5_WIKIDATA_ROLE_ONLY_EXPANSION,ROLE_CATEGORY_ONLY;IDENTITY_LABEL;NO_EVENT_OUTCOME;NO_CHRONOLOGY;NO_PAIRABILITY;NO_ASTROLOGY;NO_CONTROL,DavidMorse1953,David Morse,male,1953-10-11,22:38,-05:00,1953,"Beverly, MA, United States",-70.883,42.552,True,False,True,V5_ROLE_ONLY_EXPANSION,False,False
PROJECT,musician,Q639669,Q178112,David Sanborn,davidsanborn,,V5_WIKIDATA_ROLE_ONLY_EXPANSION,ROLE_CATEGORY_ONLY;IDENTITY_LABEL;NO_EVENT_OUTCOME;NO_CHRONOLOGY;NO_PAIRABILITY;NO_ASTROLOGY;NO_CONTROL,DavidSanborn1938,David Sanborn,male,1938-04-07,18:49,-08:00,1938,"San Francisco, CA, United States",-122.42,37.78,True,False,True,V5_ROLE_ONLY_EXPANSION,False,False
PROJECT,musician,Q639669,Q298658,David Spade,davidspade,,V5_WIKIDATA_ROLE_ONLY_EXPANSION,ROLE_CATEGORY_ONLY;IDENTITY_LABEL;NO_EVENT_OUTCOME;NO_CHRONOLOGY;NO_PAIRABILITY;NO_ASTROLOGY;NO_CONTROL,DavidSpade1964,David Spade,male,1964-07-22,23:34,-05:00,1964,"Birmingham, MI, United States",-83.215,42.544,True,False,True,V5_ROLE_ONLY_EXPANSION,False,False
PROJECT,film_director,Q2526255,Q452794,David Zucker,davidzucker,,V5_WIKIDATA_ROLE_ONLY_EXPANSION,ROLE_CATEGORY_ONLY;IDENTITY_LABEL;NO_EVENT_OUTCOME;NO_CHRONOLOGY;NO_PAIRABILITY;NO_ASTROLOGY;NO_CONTROL,DavidZucker1947,David Zucker,male,1947-10-16,10:46,-06:00,1947,"Milwaukee, WI, United States",-87.909,43.041,True,False,True,V5_ROLE_ONLY_EXPANSION,False,False
PROJECT,film_director,Q2526255,Q345212,Dean Stockwell,deanstockwell,,V5_WIKIDATA_ROLE_ONLY_EXPANSION,ROLE_CATEGORY_ONLY;IDENTITY_LABEL;NO_EVENT_OUTCOME;NO_CHRONOLOGY;NO_PAIRABILITY;NO_ASTROLOGY;NO_CONTROL,DeanStockwell1936,Dean Stockwell,male,1936-03-05,21:42,-08:00,1936,"Los Angeles, CA, United States",-118.243,34.052,True,False,True,V5_ROLE_ONLY_EXPANSION,False,False
PROJECT,musician,Q639669,Q269508,Debby Boone,debbyboone,,V5_WIKIDATA_ROLE_ONLY_EXPANSION,ROLE_CATEGORY_ONLY;IDENTITY_LABEL;NO_EVENT_OUTCOME;NO_CHRONOLOGY;NO_PAIRABILITY;NO_ASTROLOGY;NO_CONTROL,DebbyBoone1956,Debby Boone,female,1956-09-22,14:37,-04:00,1956,"Hackensack, NJ, United States",-74.044,40.881,True,False,True,V5_ROLE_ONLY_EXPANSION,False,False
PROJECT,actor,Q33999,Q104146,Deborah Kerr,deborahkerr,,V5_WIKIDATA_ROLE_ONLY_EXPANSION,ROLE_CATEGORY_ONLY;IDENTITY_LABEL;NO_EVENT_OUTCOME;NO_CHRONOLOGY;NO_PAIRABILITY;NO_ASTROLOGY;NO_CONTROL,DeborahKerr1921,Deborah Kerr,female,1921-09-30,07:40,+01:00,1921,"Helensburgh, United Kingdom",-4.733,56.005,True,False,True,V5_ROLE_ONLY_EXPANSION,False,False
PROJECT,musician,Q639669,Q267597,Dee Dee Warwick,deedeewarwick,,V5_WIKIDATA_ROLE_ONLY_EXPANSION,ROLE_CATEGORY_ONLY;IDENTITY_LABEL;NO_EVENT_OUTCOME;NO_CHRONOLOGY;NO_PAIRABILITY;NO_ASTROLOGY;NO_CONTROL,DeeDeeWarwick1942,Dee Dee Warwick,female,1942-09-25,04:45,-04:00,1942,"Newark, NJ, United States",-74.174,40.732,True,False,True,V5_ROLE_ONLY_EXPANSION,False,False
PROJECT,film_director,Q2526255,Q261456,Delphine Seyrig,delphineseyrig,,V5_WIKIDATA_ROLE_ONLY_EXPANSION,ROLE_CATEGORY_ONLY;IDENTITY_LABEL;NO_EVENT_OUTCOME;NO_CHRONOLOGY;NO_PAIRABILITY;NO_ASTROLOGY;NO_CONTROL,DelphineSeyrig1932,Delphine Seyrig,female,1932-04-10,23:00,+02:00,1932,"Beirut, Beirut, Lebanon",35.504,33.888,True,False,True,V5_ROLE_ONLY_EXPANSION,False,False
PROJECT,film_director,Q2526255,Q310283,Denis Leary,denisleary,,V5_WIKIDATA_ROLE_ONLY_EXPANSION,ROLE_CATEGORY_ONLY;IDENTITY_LABEL;NO_EVENT_OUTCOME;NO_CHRONOLOGY;NO_PAIRABILITY;NO_ASTROLOGY;NO_CONTROL,DenisLeary1957,Denis Leary,male,1957-08-18,18:02,-04:00,1957,"Worcester, MA, United States",-71.802,42.262,True,False,True,V5_ROLE_ONLY_EXPANSION,False,False
PROJECT,musician,Q639669,Q324882,"Desi Arnaz, Jr.",desiarnazjr,,V5_WIKIDATA_ROLE_ONLY_EXPANSION,ROLE_CATEGORY_ONLY;IDENTITY_LABEL;NO_EVENT_OUTCOME;NO_CHRONOLOGY;NO_PAIRABILITY;NO_ASTROLOGY;NO_CONTROL,DesiArnazJr.1953,Desi Arnaz Jr.,male,1953-01-19,08:00,-08:00,1953,"Los Angeles, CA, United States",-118.243,34.052,True,False,True,V5_ROLE_ONLY_EXPANSION,False,False
PROJECT,singer,Q177220,Q237354,Diane Warren,dianewarren,,V5_WIKIDATA_ROLE_ONLY_EXPANSION,ROLE_CATEGORY_ONLY;IDENTITY_LABEL;NO_EVENT_OUTCOME;NO_CHRONOLOGY;NO_PAIRABILITY;NO_ASTROLOGY;NO_CONTROL,DianeWarren1956,Diane Warren,female,1956-09-07,08:24,-07:00,1956,"Encino, NM, United States",-105.46,34.651,True,False,True,V5_ROLE_ONLY_EXPANSION,False,False
PROJECT,actor,Q33999,Q34922,Diego Abatantuono,diegoabatantuono,,V5_WIKIDATA_ROLE_ONLY_EXPANSION,ROLE_CATEGORY_ONLY;IDENTITY_LABEL;NO_EVENT_OUTCOME;NO_CHRONOLOGY;NO_PAIRABILITY;NO_ASTROLOGY;NO_CONTROL,DiegoAbatantuono1955,Diego Abatantuono,male,1955-05-20,02:00,+01:00,1955,"Milan, Italy",9.188,45.464,True,False,True,V5_ROLE_ONLY_EXPANSION,False,False
PROJECT,actor,Q33999,Q77869,Dieter Eppler,dietereppler,,V5_WIKIDATA_ROLE_ONLY_EXPANSION,ROLE_CATEGORY_ONLY;IDENTITY_LABEL;NO_EVENT_OUTCOME;NO_CHRONOLOGY;NO_PAIRABILITY;NO_ASTROLOGY;NO_CONTROL,DieterEppler1927,Dieter Eppler,male,1927-02-11,13:30,+01:00,1927,"Stuttgart, Germany",9.181,48.777,True,False,True,V5_ROLE_ONLY_EXPANSION,False,False
PROJECT,actor,Q33999,Q45521,Dieter Hildebrandt,dieterhildebrandt,,V5_WIKIDATA_ROLE_ONLY_EXPANSION,ROLE_CATEGORY_ONLY;IDENTITY_LABEL;NO_EVENT_OUTCOME;NO_CHRONOLOGY;NO_PAIRABILITY;NO_ASTROLOGY;NO_CONTROL,DieterHildebrandt1927,Dieter Hildebrandt,male,1927-05-23,06:00,+01:00,1927,"Poland, Poland",21.008,52.235,True,False,True,V5_ROLE_ONLY_EXPANSION,False,False
PROJECT,actor,Q33999,Q90031,Dieter Thomas Heck,dieterthomasheck,,V5_WIKIDATA_ROLE_ONLY_EXPANSION,ROLE_CATEGORY_ONLY;IDENTITY_LABEL;NO_EVENT_OUTCOME;NO_CHRONOLOGY;NO_PAIRABILITY;NO_ASTROLOGY;NO_CONTROL,DieterThomasHeck1937,Dieter Thomas Heck,male,1937-12-29,17:30,+01:00,1937,"Flensburg, Germany",9.433,54.78,True,False,True,V5_ROLE_ONLY_EXPANSION,False,False
PROJECT,film_director,Q2526255,Q53034,Dino Risi,dinorisi,,V5_WIKIDATA_ROLE_ONLY_EXPANSION,ROLE_CATEGORY_ONLY;IDENTITY_LABEL;NO_EVENT_OUTCOME;NO_CHRONOLOGY;NO_PAIRABILITY;NO_ASTROLOGY;NO_CONTROL,DinoRisi1916,Dino Risi,male,1916-12-23,23:30,+01:00,1916,"Milan, Italy",9.188,45.464,True,False,True,V5_ROLE_ONLY_EXPANSION,False,False
PROJECT,musician,Q639669,Q234695,Dionne Warwick,dionnewarwick,,V5_WIKIDATA_ROLE_ONLY_EXPANSION,ROLE_CATEGORY_ONLY;IDENTITY_LABEL;NO_EVENT_OUTCOME;NO_CHRONOLOGY;NO_PAIRABILITY;NO_ASTROLOGY;NO_CONTROL,DionneWarwick1940,Dionne Warwick,female,1940-12-12,15:08,-08:00,1940,"Orange, CA, United States",-117.853,33.791,True,False,True,V5_ROLE_ONLY_EXPANSION,False,False
PROJECT,film_director,Q2526255,Q471006,Dirk Benedict,dirkbenedict,,V5_WIKIDATA_ROLE_ONLY_EXPANSION,ROLE_CATEGORY_ONLY;IDENTITY_LABEL;NO_EVENT_OUTCOME;NO_CHRONOLOGY;NO_PAIRABILITY;NO_ASTROLOGY;NO_CONTROL,DirkBenedict1945,Dirk Benedict,male,1945-03-01,08:47,-06:00,1945,"Helena, MT, United States",-112.02,46.591,True,False,True,V5_ROLE_ONLY_EXPANSION,False,False
PROJECT,actor,Q33999,Q124057,Dolores del Río,doloresdelrio,,V5_WIKIDATA_ROLE_ONLY_EXPANSION,ROLE_CATEGORY_ONLY;IDENTITY_LABEL;NO_EVENT_OUTCOME;NO_CHRONOLOGY;NO_PAIRABILITY;NO_ASTROLOGY;NO_CONTROL,DoloresdelRio1904,Dolores del Rio,female,1904-08-03,06:45,-06:37,1904,"Durango, Durango, Mexico",-104.671,24.023,True,False,True,V5_ROLE_ONLY_EXPANSION,False,False
PROJECT,film_director,Q2526255,Q201392,Domenico Modugno,domenicomodugno,,V5_WIKIDATA_ROLE_ONLY_EXPANSION,ROLE_CATEGORY_ONLY;IDENTITY_LABEL;NO_EVENT_OUTCOME;NO_CHRONOLOGY;NO_PAIRABILITY;NO_ASTROLOGY;NO_CONTROL,DomenicoModugno1928,Domenico Modugno,male,1928-01-09,15:00,+01:00,1928,"Polignano a Mare, Italia",17.217,40.997,True,False,True,V5_ROLE_ONLY_EXPANSION,False,False
PROJECT,film_director,Q2526255,Q271481,Dominique Blanc,dominiqueblanc,,V5_WIKIDATA_ROLE_ONLY_EXPANSION,ROLE_CATEGORY_ONLY;IDENTITY_LABEL;NO_EVENT_OUTCOME;NO_CHRONOLOGY;NO_PAIRABILITY;NO_ASTROLOGY;NO_CONTROL,DominiqueBlanc1956,Dominique Blanc,female,1956-04-25,14:45,+01:00,1956,"Lyon, France",4.834,45.767,True,False,True,V5_ROLE_ONLY_EXPANSION,False,False
PROJECT,musician,Q639669,Q348345,Donald O'Connor,donaldoconnor,,V5_WIKIDATA_ROLE_ONLY_EXPANSION,ROLE_CATEGORY_ONLY;IDENTITY_LABEL;NO_EVENT_OUTCOME;NO_CHRONOLOGY;NO_PAIRABILITY;NO_ASTROLOGY;NO_CONTROL,DonaldO'Connor1925,Donald O'Connor,male,1925-08-28,07:10,-05:00,1925,"Chicago, IL, United States",-87.632,41.883,True,False,True,V5_ROLE_ONLY_EXPANSION,False,False
PROJECT,film_director,Q2526255,Q310413,Don Ameche,donameche,,V5_WIKIDATA_ROLE_ONLY_EXPANSION,ROLE_CATEGORY_ONLY;IDENTITY_LABEL;NO_EVENT_OUTCOME;NO_CHRONOLOGY;NO_PAIRABILITY;NO_ASTROLOGY;NO_CONTROL,DonAmeche1908,Don Ameche,male,1908-05-31,19:00,-06:00,1908,"Kenosha, WI, United States",-87.823,42.588,True,False,True,V5_ROLE_ONLY_EXPANSION,False,False
PROJECT,film_director,Q2526255,Q309788,Don Johnson,donjohnson,,V5_WIKIDATA_ROLE_ONLY_EXPANSION,ROLE_CATEGORY_ONLY;IDENTITY_LABEL;NO_EVENT_OUTCOME;NO_CHRONOLOGY;NO_PAIRABILITY;NO_ASTROLOGY;NO_CONTROL,DonJohnson1949,Don Johnson,male,1949-12-15,22:30,-06:00,1949,"Flat Creek, MO, United States",-93.869,36.678,True,False,True,V5_ROLE_ONLY_EXPANSION,False,False
PROJECT,musician,Q639669,Q57339,Don McLean,donmclean,,V5_WIKIDATA_ROLE_ONLY_EXPANSION,ROLE_CATEGORY_ONLY;IDENTITY_LABEL;NO_EVENT_OUTCOME;NO_CHRONOLOGY;NO_PAIRABILITY;NO_ASTROLOGY;NO_CONTROL,DonMcLean1945,Don McLean,male,1945-10-02,04:17,-05:00,1945,"New Rochelle, NY, United States",-73.782,40.912,True,False,True,V5_ROLE_ONLY_EXPANSION,False,False
PROJECT,singer,Q177220,Q333704,Donnie Munro,donniemunro,,V5_WIKIDATA_ROLE_ONLY_EXPANSION,ROLE_CATEGORY_ONLY;IDENTITY_LABEL;NO_EVENT_OUTCOME;NO_CHRONOLOGY;NO_PAIRABILITY;NO_ASTROLOGY;NO_CONTROL,DonnieMunro1953,Donnie Munro,male,1953-08-02,03:25,+01:00,1953,"Portree, United Kingdom",-6.194,57.413,True,False,True,V5_ROLE_ONLY_EXPANSION,False,False
PROJECT,musician,Q639669,Q313470,Donnie Wahlberg,donniewahlberg,,V5_WIKIDATA_ROLE_ONLY_EXPANSION,ROLE_CATEGORY_ONLY;IDENTITY_LABEL;NO_EVENT_OUTCOME;NO_CHRONOLOGY;NO_PAIRABILITY;NO_ASTROLOGY;NO_CONTROL,DonnieWahlberg1969,Donnie Wahlberg,male,1969-08-17,21:45,-04:00,1969,"Boston, MA, United States",-71.059,42.359,True,False,True,V5_ROLE_ONLY_EXPANSION,False,False
PROJECT,musician,Q639669,Q317427,Donovan,donovan,,V5_WIKIDATA_ROLE_ONLY_EXPANSION,ROLE_CATEGORY_ONLY;IDENTITY_LABEL;NO_EVENT_OUTCOME;NO_CHRONOLOGY;NO_PAIRABILITY;NO_ASTROLOGY;NO_CONTROL,Donovan1946,Donovan,male,1946-05-10,06:15,+01:00,1946,"Maryhill, Glasgow, United Kingdom",-4.303,55.894,True,False,True,V5_ROLE_ONLY_EXPANSION,False,False
PROJECT,actor,Q33999,Q104372,Doris Day,dorisday,,V5_WIKIDATA_ROLE_ONLY_EXPANSION,ROLE_CATEGORY_ONLY;IDENTITY_LABEL;NO_EVENT_OUTCOME;NO_CHRONOLOGY;NO_PAIRABILITY;NO_ASTROLOGY;NO_CONTROL,DorisDay1922,Doris Day,female,1922-04-03,16:30,-05:00,1922,"Cincinnati, OH, United States",-84.514,39.104,True,False,True,V5_ROLE_ONLY_EXPANSION,False,False
PROJECT,singer,Q177220,Q229251,Dorothy Dandridge,dorothydandridge,,V5_WIKIDATA_ROLE_ONLY_EXPANSION,ROLE_CATEGORY_ONLY;IDENTITY_LABEL;NO_EVENT_OUTCOME;NO_CHRONOLOGY;NO_PAIRABILITY;NO_ASTROLOGY;NO_CONTROL,DorothyDandridge1922,Dorothy Dandridge,female,1922-11-09,22:35,-05:00,1922,"Cleveland, OH, United States",-81.691,41.505,True,False,True,V5_ROLE_ONLY_EXPANSION,False,False
PROJECT,musician,Q639669,Q243124,Dottie West,dottiewest,,V5_WIKIDATA_ROLE_ONLY_EXPANSION,ROLE_CATEGORY_ONLY;IDENTITY_LABEL;NO_EVENT_OUTCOME;NO_CHRONOLOGY;NO_PAIRABILITY;NO_ASTROLOGY;NO_CONTROL,DottieWest1932,Dottie West,female,1932-10-11,04:30,-06:00,1932,"Smithville, TN, United States",-85.82,35.958,True,False,True,V5_ROLE_ONLY_EXPANSION,False,False
PROJECT,musician,Q639669,Q192587,Duffy,duffy,,V5_WIKIDATA_ROLE_ONLY_EXPANSION,ROLE_CATEGORY_ONLY;IDENTITY_LABEL;NO_EVENT_OUTCOME;NO_CHRONOLOGY;NO_PAIRABILITY;NO_ASTROLOGY;NO_CONTROL,Duffy1984,Duffy,female,1984-06-23,06:55,+01:00,1984,"Bangor, United Kingdom",-4.134,53.228,True,False,True,V5_ROLE_ONLY_EXPANSION,False,False
PROJECT,actor,Q33999,Q53120,Dylan McDermott,dylanmcdermott,,V5_WIKIDATA_ROLE_ONLY_EXPANSION,ROLE_CATEGORY_ONLY;IDENTITY_LABEL;NO_EVENT_OUTCOME;NO_CHRONOLOGY;NO_PAIRABILITY;NO_ASTROLOGY;NO_CONTROL,DylanMcDermott1961,Dylan McDermott,male,1961-10-26,13:54,-04:00,1961,"Waterbury, CT, United States",-73.043,41.554,True,False,True,V5_ROLE_ONLY_EXPANSION,False,False
PROJECT,singer,Q177220,Q222818,Eartha Kitt,earthakitt,,V5_WIKIDATA_ROLE_ONLY_EXPANSION,ROLE_CATEGORY_ONLY;IDENTITY_LABEL;NO_EVENT_OUTCOME;NO_CHRONOLOGY;NO_PAIRABILITY;NO_ASTROLOGY;NO_CONTROL,EarthaKitt1927,Eartha Kitt,female,1927-01-17,04:00,-05:00,1927,"North Charleston, SC, United States",-80.013,32.879,True,False,True,V5_ROLE_ONLY_EXPANSION,False,False
PROJECT,actor,Q33999,Q154421,Ed Asner,edasner,,V5_WIKIDATA_ROLE_ONLY_EXPANSION,ROLE_CATEGORY_ONLY;IDENTITY_LABEL;NO_EVENT_OUTCOME;NO_CHRONOLOGY;NO_PAIRABILITY;NO_ASTROLOGY;NO_CONTROL,EdAsner1929,Ed Asner,male,1929-11-15,06:00,-06:00,1929,"Kansas City, MO, United States",-94.579,39.1,True,False,True,V5_ROLE_ONLY_EXPANSION,False,False
PROJECT,singer,Q177220,Q5969,Eddie Cochran,eddiecochran,,V5_WIKIDATA_ROLE_ONLY_EXPANSION,ROLE_CATEGORY_ONLY;IDENTITY_LABEL;NO_EVENT_OUTCOME;NO_CHRONOLOGY;NO_PAIRABILITY;NO_ASTROLOGY;NO_CONTROL,EddieCochran1938,Eddie Cochran,male,1938-10-03,04:15,-06:00,1938,"Albert Lea, MN, United States",-93.369,43.647,True,False,True,V5_ROLE_ONLY_EXPANSION,False,False
PROJECT,singer,Q177220,Q363708,Eddie Fisher,eddiefisher,,V5_WIKIDATA_ROLE_ONLY_EXPANSION,ROLE_CATEGORY_ONLY;IDENTITY_LABEL;NO_EVENT_OUTCOME;NO_CHRONOLOGY;NO_PAIRABILITY;NO_ASTROLOGY;NO_CONTROL,EddieFisher1928,Eddie Fisher,male,1928-08-10,07:42,-04:00,1928,"Philadelphia, PA, United States",-75.166,39.951,True,False,True,V5_ROLE_ONLY_EXPANSION,False,False
PROJECT,musician,Q639669,Q272012,Eddie Van Halen,eddievanhalen,,V5_WIKIDATA_ROLE_ONLY_EXPANSION,ROLE_CATEGORY_ONLY;IDENTITY_LABEL;NO_EVENT_OUTCOME;NO_CHRONOLOGY;NO_PAIRABILITY;NO_ASTROLOGY;NO_CONTROL,EddieVanHalen1955,Eddie Van Halen,male,1955-01-26,01:05,+01:00,1955,"Amsterdam, Netherlands",4.891,52.373,True,False,True,V5_ROLE_ONLY_EXPANSION,False,False
PROJECT,actor,Q33999,Q104791,Ed Harris,edharris,,V5_WIKIDATA_ROLE_ONLY_EXPANSION,ROLE_CATEGORY_ONLY;IDENTITY_LABEL;NO_EVENT_OUTCOME;NO_CHRONOLOGY;NO_PAIRABILITY;NO_ASTROLOGY;NO_CONTROL,EdHarris1950,Ed Harris,male,1950-11-28,05:32,-05:00,1950,"Englewood Cliffs, NJ, United States",-73.951,40.881,True,False,True,V5_ROLE_ONLY_EXPANSION,False,False
PROJECT,actor,Q33999,Q1631,Édith Piaf,edithpiaf,,V5_WIKIDATA_ROLE_ONLY_EXPANSION,ROLE_CATEGORY_ONLY;IDENTITY_LABEL;NO_EVENT_OUTCOME;NO_CHRONOLOGY;NO_PAIRABILITY;NO_ASTROLOGY;NO_CONTROL,ÉdithPiaf1915,Édith Piaf,female,1915-12-19,05:00,+00:00,1915,"Paris, France",2.351,48.857,True,False,True,V5_ROLE_ONLY_EXPANSION,False,False
PROJECT,actor,Q33999,Q16758,Ed O'Neill,edoneill,,V5_WIKIDATA_ROLE_ONLY_EXPANSION,ROLE_CATEGORY_ONLY;IDENTITY_LABEL;NO_EVENT_OUTCOME;NO_CHRONOLOGY;NO_PAIRABILITY;NO_ASTROLOGY;NO_CONTROL,EdO'Neill1946,Ed O'Neill,male,1946-04-12,21:15,-05:00,1946,"Youngstown, OH, United States",-80.651,41.098,True,False,True,V5_ROLE_ONLY_EXPANSION,False,False
PROJECT,film_director,Q2526255,Q274227,Édouard Baer,edouardbaer,,V5_WIKIDATA_ROLE_ONLY_EXPANSION,ROLE_CATEGORY_ONLY;IDENTITY_LABEL;NO_EVENT_OUTCOME;NO_CHRONOLOGY;NO_PAIRABILITY;NO_ASTROLOGY;NO_CONTROL,EdouardBaer1966,Edouard Baer,male,1966-12-01,14:15,+01:00,1966,"Paris, France",2.351,48.857,True,False,True,V5_ROLE_ONLY_EXPANSION,False,False
PROJECT,film_director,Q2526255,Q332632,Eduardo De Filippo,eduardodefilippo,,V5_WIKIDATA_ROLE_ONLY_EXPANSION,ROLE_CATEGORY_ONLY;IDENTITY_LABEL;NO_EVENT_OUTCOME;NO_CHRONOLOGY;NO_PAIRABILITY;NO_ASTROLOGY;NO_CONTROL,EduardoDeFilippo1900,Eduardo De Filippo,male,1900-05-26,15:00,+01:00,1900,"Naples, Italy",14.253,40.84,True,False,True,V5_ROLE_ONLY_EXPANSION,False,False
PROJECT,film_director,Q2526255,Q211415,Edward James Olmos,edwardjamesolmos,,V5_WIKIDATA_ROLE_ONLY_EXPANSION,ROLE_CATEGORY_ONLY;IDENTITY_LABEL;NO_EVENT_OUTCOME;NO_CHRONOLOGY;NO_PAIRABILITY;NO_ASTROLOGY;NO_CONTROL,EdwardJamesOlmos1947,Edward James Olmos,male,1947-02-24,01:05,-08:00,1947,"Los Angeles, CA, United States",-118.243,34.052,True,False,True,V5_ROLE_ONLY_EXPANSION,False,False
PROJECT,actor,Q33999,Q125904,Edward Norton,edwardnorton,,V5_WIKIDATA_ROLE_ONLY_EXPANSION,ROLE_CATEGORY_ONLY;IDENTITY_LABEL;NO_EVENT_OUTCOME;NO_CHRONOLOGY;NO_PAIRABILITY;NO_ASTROLOGY;NO_CONTROL,EdwardNorton1969,Edward Norton,male,1969-08-18,14:00,-04:00,1969,"Boston, MA, United States",-71.059,42.359,True,False,True,V5_ROLE_ONLY_EXPANSION,False,False
PROJECT,musician,Q639669,Q238919,Eileen Brennan,eileenbrennan,,V5_WIKIDATA_ROLE_ONLY_EXPANSION,ROLE_CATEGORY_ONLY;IDENTITY_LABEL;NO_EVENT_OUTCOME;NO_CHRONOLOGY;NO_PAIRABILITY;NO_ASTROLOGY;NO_CONTROL,EileenBrennan1932,Eileen Brennan,female,1932-09-03,09:12,-08:00,1932,"Los Angeles, CA, United States",-118.243,34.052,True,False,True,V5_ROLE_ONLY_EXPANSION,False,False
PROJECT,film_director,Q2526255,Q434423,Eleonora Giorgi,eleonoragiorgi,,V5_WIKIDATA_ROLE_ONLY_EXPANSION,ROLE_CATEGORY_ONLY;IDENTITY_LABEL;NO_EVENT_OUTCOME;NO_CHRONOLOGY;NO_PAIRABILITY;NO_ASTROLOGY;NO_CONTROL,EleonoraGiorgi1953,Eleonora Giorgi,female,1953-10-21,03:50,+01:00,1953,"Rome, Italy",12.494,41.891,True,False,True,V5_ROLE_ONLY_EXPANSION,False,False
PROJECT,film_director,Q2526255,Q274667,Éliette Abécassis,elietteabecassis,,V5_WIKIDATA_ROLE_ONLY_EXPANSION,ROLE_CATEGORY_ONLY;IDENTITY_LABEL;NO_EVENT_OUTCOME;NO_CHRONOLOGY;NO_PAIRABILITY;NO_ASTROLOGY;NO_CONTROL,ElietteAbécassis1969,Eliette Abécassis,female,1969-01-27,09:50,+01:00,1969,"Strasbourg, France",7.744,48.583,True,False,True,V5_ROLE_ONLY_EXPANSION,False,False
PROJECT,film_director,Q2526255,Q358714,Eli Roth,eliroth,,V5_WIKIDATA_ROLE_ONLY_EXPANSION,ROLE_CATEGORY_ONLY;IDENTITY_LABEL;NO_EVENT_OUTCOME;NO_CHRONOLOGY;NO_PAIRABILITY;NO_ASTROLOGY;NO_CONTROL,EliRoth1972,Eli Roth,male,1972-04-18,12:39,-05:00,1972,"Boston, MA, United States",-71.059,42.359,True,False,True,V5_ROLE_ONLY_EXPANSION,False,False
PROJECT,actor,Q33999,Q121865,Elizabeth Teissier,elizabethteissier,,V5_WIKIDATA_ROLE_ONLY_EXPANSION,ROLE_CATEGORY_ONLY;IDENTITY_LABEL;NO_EVENT_OUTCOME;NO_CHRONOLOGY;NO_PAIRABILITY;NO_ASTROLOGY;NO_CONTROL,ÉlizabethTeissier1938,Élizabeth Teissier,female,1938-01-06,06:15,+00:00,1938,"Algiers, Algeria",3.052,36.772,True,False,True,V5_ROLE_ONLY_EXPANSION,False,False
PROJECT,film_director,Q2526255,Q274653,Ella Lemhagen,ellalemhagen,,V5_WIKIDATA_ROLE_ONLY_EXPANSION,ROLE_CATEGORY_ONLY;IDENTITY_LABEL;NO_EVENT_OUTCOME;NO_CHRONOLOGY;NO_PAIRABILITY;NO_ASTROLOGY;NO_CONTROL,EllaLemhagen1965,Ella Lemhagen,female,1965-08-29,20:25,+01:00,1965,"Uppsala, Sweden",17.645,59.858,True,False,True,V5_ROLE_ONLY_EXPANSION,False,False
PROJECT,musician,Q639669,Q210428,Elliott Smith,elliottsmith,,V5_WIKIDATA_ROLE_ONLY_EXPANSION,ROLE_CATEGORY_ONLY;IDENTITY_LABEL;NO_EVENT_OUTCOME;NO_CHRONOLOGY;NO_PAIRABILITY;NO_ASTROLOGY;NO_CONTROL,ElliottSmith1969,Elliott Smith,male,1969-08-06,00:59,-05:00,1969,"Omaha, NE, United States",-95.937,41.259,True,False,True,V5_ROLE_ONLY_EXPANSION,False,False
PROJECT,film_director,Q2526255,Q274759,Élodie Navarre,elodienavarre,,V5_WIKIDATA_ROLE_ONLY_EXPANSION,ROLE_CATEGORY_ONLY;IDENTITY_LABEL;NO_EVENT_OUTCOME;NO_CHRONOLOGY;NO_PAIRABILITY;NO_ASTROLOGY;NO_CONTROL,ÉlodieNavarre1979,Élodie Navarre,female,1979-01-21,08:55,+01:00,1979,"Paris, France",2.351,48.857,True,False,True,V5_ROLE_ONLY_EXPANSION,False,False
PROJECT,film_director,Q2526255,Q518000,Elsa De Giorgi,elsadegiorgi,,V5_WIKIDATA_ROLE_ONLY_EXPANSION,ROLE_CATEGORY_ONLY;IDENTITY_LABEL;NO_EVENT_OUTCOME;NO_CHRONOLOGY;NO_PAIRABILITY;NO_ASTROLOGY;NO_CONTROL,ElsadeGiorgi1914,Elsa de Giorgi,female,1914-01-26,06:15,+01:00,1914,"Pesaro, Italy",12.916,43.912,True,False,True,V5_ROLE_ONLY_EXPANSION,False,False
PROJECT,musician,Q639669,Q238869,Elsa Lunghini,elsalunghini,,V5_WIKIDATA_ROLE_ONLY_EXPANSION,ROLE_CATEGORY_ONLY;IDENTITY_LABEL;NO_EVENT_OUTCOME;NO_CHRONOLOGY;NO_PAIRABILITY;NO_ASTROLOGY;NO_CONTROL,ElsaLunghini1973,Elsa Lunghini,female,1973-05-20,19:15,+01:00,1973,"Paris, France",2.351,48.857,True,False,True,V5_ROLE_ONLY_EXPANSION,False,False
PROJECT,singer,Q177220,Q303,Elvis Presley,elvispresley,,V5_WIKIDATA_ROLE_ONLY_EXPANSION,ROLE_CATEGORY_ONLY;IDENTITY_LABEL;NO_EVENT_OUTCOME;NO_CHRONOLOGY;NO_PAIRABILITY;NO_ASTROLOGY;NO_CONTROL,ElvisPresley1935,Elvis Presley,male,1935-01-08,04:35,-06:00,1935,"Tupelo, MS, United States",-88.703,34.257,True,False,True,V5_ROLE_ONLY_EXPANSION,False,False
PROJECT,actor,Q33999,Q106458,Emmanuelle Béart,emmanuellebeart,,V5_WIKIDATA_ROLE_ONLY_EXPANSION,ROLE_CATEGORY_ONLY;IDENTITY_LABEL;NO_EVENT_OUTCOME;NO_CHRONOLOGY;NO_PAIRABILITY;NO_ASTROLOGY;NO_CONTROL,EmmanuelleBéart1963,Emmanuelle Béart,female,1963-08-14,05:15,+01:00,1963,"Gassin, France",6.585,43.229,True,False,True,V5_ROLE_ONLY_EXPANSION,False,False
PROJECT,film_director,Q2526255,Q272804,Emmanuelle Bercot,emmanuellebercot,,V5_WIKIDATA_ROLE_ONLY_EXPANSION,ROLE_CATEGORY_ONLY;IDENTITY_LABEL;NO_EVENT_OUTCOME;NO_CHRONOLOGY;NO_PAIRABILITY;NO_ASTROLOGY;NO_CONTROL,EmmanuelleBercot1967,Emmanuelle Bercot,female,1967-11-06,17:30,+01:00,1967,"Paris, France",2.351,48.857,True,False,True,V5_ROLE_ONLY_EXPANSION,False,False
PROJECT,musician,Q639669,Q234890,Emmanuelle Seigner,emmanuelleseigner,,V5_WIKIDATA_ROLE_ONLY_EXPANSION,ROLE_CATEGORY_ONLY;IDENTITY_LABEL;NO_EVENT_OUTCOME;NO_CHRONOLOGY;NO_PAIRABILITY;NO_ASTROLOGY;NO_CONTROL,EmmanuelleSeigner1966,Emmanuelle Seigner,female,1966-06-22,18:35,+01:00,1966,"Paris, France",2.351,48.857,True,False,True,V5_ROLE_ONLY_EXPANSION,False,False
PROJECT,singer,Q177220,Q231286,Emmylou Harris,emmylouharris,,V5_WIKIDATA_ROLE_ONLY_EXPANSION,ROLE_CATEGORY_ONLY;IDENTITY_LABEL;NO_EVENT_OUTCOME;NO_CHRONOLOGY;NO_PAIRABILITY;NO_ASTROLOGY;NO_CONTROL,EmmylouHarris1947,Emmylou Harris,female,1947-04-02,12:10,-06:00,1947,"Birmingham, AL, United States",-86.808,33.523,True,False,True,V5_ROLE_ONLY_EXPANSION,False,False
PROJECT,film_director,Q2526255,Q333668,Enki Bilal,enkibilal,,V5_WIKIDATA_ROLE_ONLY_EXPANSION,ROLE_CATEGORY_ONLY;IDENTITY_LABEL;NO_EVENT_OUTCOME;NO_CHRONOLOGY;NO_PAIRABILITY;NO_ASTROLOGY;NO_CONTROL,EnkiBilal1951,Enki Bilal,male,1951-10-07,12:00,+01:00,1951,"Belgrade, Serbia",20.46,44.815,True,False,True,V5_ROLE_ONLY_EXPANSION,False,False
PROJECT,musician,Q639669,Q23848,Ennio Morricone,enniomorricone,,V5_WIKIDATA_ROLE_ONLY_EXPANSION,ROLE_CATEGORY_ONLY;IDENTITY_LABEL;NO_EVENT_OUTCOME;NO_CHRONOLOGY;NO_PAIRABILITY;NO_ASTROLOGY;NO_CONTROL,EnnioMorricone1928,Ennio Morricone,male,1928-11-10,22:25,+01:00,1928,"Rome, Italy",12.494,41.891,True,False,True,V5_ROLE_ONLY_EXPANSION,False,False
PROJECT,musician,Q639669,Q325097,Enrico Macias,enricomacias,,V5_WIKIDATA_ROLE_ONLY_EXPANSION,ROLE_CATEGORY_ONLY;IDENTITY_LABEL;NO_EVENT_OUTCOME;NO_CHRONOLOGY;NO_PAIRABILITY;NO_ASTROLOGY;NO_CONTROL,EnricoMacias1938,Enrico Macias,male,1938-12-11,16:00,+00:00,1938,"Constantine, Algeria",6.612,36.352,True,False,True,V5_ROLE_ONLY_EXPANSION,False,False
PROJECT,film_director,Q2526255,Q539115,Enrico Maria Salerno,enricomariasalerno,,V5_WIKIDATA_ROLE_ONLY_EXPANSION,ROLE_CATEGORY_ONLY;IDENTITY_LABEL;NO_EVENT_OUTCOME;NO_CHRONOLOGY;NO_PAIRABILITY;NO_ASTROLOGY;NO_CONTROL,EnricoMariaSalerno1926,Enrico Maria Salerno,male,1926-09-18,21:00,+01:00,1926,"Milan, Italy",9.188,45.464,True,False,True,V5_ROLE_ONLY_EXPANSION,False,False
PROJECT,musician,Q639669,Q236950,Erica Jong,ericajong,,V5_WIKIDATA_ROLE_ONLY_EXPANSION,ROLE_CATEGORY_ONLY;IDENTITY_LABEL;NO_EVENT_OUTCOME;NO_CHRONOLOGY;NO_PAIRABILITY;NO_ASTROLOGY;NO_CONTROL,EricaJong1942,Erica Jong,female,1942-03-26,10:25,-04:00,1942,"New York, NY, United States",-74.007,40.713,True,False,True,V5_ROLE_ONLY_EXPANSION,False,False
PROJECT,singer,Q177220,Q288070,Éric Charden,ericcharden,,V5_WIKIDATA_ROLE_ONLY_EXPANSION,ROLE_CATEGORY_ONLY;IDENTITY_LABEL;NO_EVENT_OUTCOME;NO_CHRONOLOGY;NO_PAIRABILITY;NO_ASTROLOGY;NO_CONTROL,EricCharden1942,Eric Charden,male,1942-10-15,08:00,+07:00,1942,"Hai Phong, Haiphong, Vietnam",106.684,20.865,True,False,True,V5_ROLE_ONLY_EXPANSION,False,False
PROJECT,singer,Q177220,Q288180,Éric Elmosnino,ericelmosnino,,V5_WIKIDATA_ROLE_ONLY_EXPANSION,ROLE_CATEGORY_ONLY;IDENTITY_LABEL;NO_EVENT_OUTCOME;NO_CHRONOLOGY;NO_PAIRABILITY;NO_ASTROLOGY;NO_CONTROL,EricElmosnino1964,Eric Elmosnino,male,1964-05-02,17:45,+01:00,1964,"Suresnes, France",2.222,48.87,True,False,True,V5_ROLE_ONLY_EXPANSION,False,False
PROJECT,actor,Q33999,Q50764,Éric Rohmer,ericrohmer,,V5_WIKIDATA_ROLE_ONLY_EXPANSION,ROLE_CATEGORY_ONLY;IDENTITY_LABEL;NO_EVENT_OUTCOME;NO_CHRONOLOGY;NO_PAIRABILITY;NO_ASTROLOGY;NO_CONTROL,EricRohmer1920,Eric Rohmer,male,1920-03-21,03:00,+01:00,1920,"Tulle, France",1.768,45.265,True,False,True,V5_ROLE_ONLY_EXPANSION,False,False
PROJECT,musician,Q639669,Q63987,Éric Serra,ericserra,,V5_WIKIDATA_ROLE_ONLY_EXPANSION,ROLE_CATEGORY_ONLY;IDENTITY_LABEL;NO_EVENT_OUTCOME;NO_CHRONOLOGY;NO_PAIRABILITY;NO_ASTROLOGY;NO_CONTROL,EricSerra1959,Eric Serra,male,1959-09-09,11:10,+01:00,1959,"Saint-Mandé, France",2.418,48.84,True,False,True,V5_ROLE_ONLY_EXPANSION,False,False
PROJECT,actor,Q33999,Q126401,Eric Szmanda,ericszmanda,,V5_WIKIDATA_ROLE_ONLY_EXPANSION,ROLE_CATEGORY_ONLY;IDENTITY_LABEL;NO_EVENT_OUTCOME;NO_CHRONOLOGY;NO_PAIRABILITY;NO_ASTROLOGY;NO_CONTROL,EricSzmanda1975,Eric Szmanda,male,1975-07-24,13:56,-05:00,1975,"Milwaukee, WI, United States",-87.909,43.041,True,False,True,V5_ROLE_ONLY_EXPANSION,False,False
PROJECT,actor,Q33999,Q77743,Erika Köth,erikakoth,,V5_WIKIDATA_ROLE_ONLY_EXPANSION,ROLE_CATEGORY_ONLY;IDENTITY_LABEL;NO_EVENT_OUTCOME;NO_CHRONOLOGY;NO_PAIRABILITY;NO_ASTROLOGY;NO_CONTROL,ErikaKoth1925,Erika Koth,female,1925-09-15,03:00,+01:00,1925,"Darmstadt, Germany",8.651,49.872,True,False,True,V5_ROLE_ONLY_EXPANSION,False,False
PROJECT,film_director,Q2526255,Q327346,Eriprando Visconti,eriprandovisconti,,V5_WIKIDATA_ROLE_ONLY_EXPANSION,ROLE_CATEGORY_ONLY;IDENTITY_LABEL;NO_EVENT_OUTCOME;NO_CHRONOLOGY;NO_PAIRABILITY;NO_ASTROLOGY;NO_CONTROL,EriprandoVisconti1932,Eriprando Visconti,male,1932-09-24,08:15,+01:00,1932,"Milan, Italy",9.188,45.464,True,False,True,V5_ROLE_ONLY_EXPANSION,False,False
PROJECT,film_director,Q2526255,Q114063,Ermanno Olmi,ermannoolmi,,V5_WIKIDATA_ROLE_ONLY_EXPANSION,ROLE_CATEGORY_ONLY;IDENTITY_LABEL;NO_EVENT_OUTCOME;NO_CHRONOLOGY;NO_PAIRABILITY;NO_ASTROLOGY;NO_CONTROL,ErmannoOlmi1931,Ermanno Olmi,male,1931-07-24,19:30,+01:00,1931,"Bergamo, Italy",9.67,45.695,True,False,True,V5_ROLE_ONLY_EXPANSION,False,False
PROJECT,actor,Q33999,Q78404,Ernst Fritz Fürbringer,ernstfritzfurbringer,,V5_WIKIDATA_ROLE_ONLY_EXPANSION,ROLE_CATEGORY_ONLY;IDENTITY_LABEL;NO_EVENT_OUTCOME;NO_CHRONOLOGY;NO_PAIRABILITY;NO_ASTROLOGY;NO_CONTROL,ErnstFritzFürbringer1900,Ernst Fritz Fürbringer,male,1900-07-27,12:15,+01:00,1900,"Brunswick, Germany",10.526,52.264,True,False,True,V5_ROLE_ONLY_EXPANSION,False,False
PROJECT,actor,Q33999,Q75217,Ernst Schröder,ernstschroder,,V5_WIKIDATA_ROLE_ONLY_EXPANSION,ROLE_CATEGORY_ONLY;IDENTITY_LABEL;NO_EVENT_OUTCOME;NO_CHRONOLOGY;NO_PAIRABILITY;NO_ASTROLOGY;NO_CONTROL,ErnstSchröder1915,Ernst Schröder,male,1915-01-27,18:00,+01:00,1915,"Herne, Germany",7.219,51.539,True,False,True,V5_ROLE_ONLY_EXPANSION,False,False
PROJECT,musician,Q639669,Q153708,Eros Ramazzotti,erosramazzotti,,V5_WIKIDATA_ROLE_ONLY_EXPANSION,ROLE_CATEGORY_ONLY;IDENTITY_LABEL;NO_EVENT_OUTCOME;NO_CHRONOLOGY;NO_PAIRABILITY;NO_ASTROLOGY;NO_CONTROL,ErosRamazzotti1963,Eros Ramazzotti,male,1963-10-28,11:00,+01:00,1963,"Rome, Italy",12.494,41.891,True,False,True,V5_ROLE_ONLY_EXPANSION,False,False
PROJECT,musician,Q639669,Q283069,Esther Phillips,estherphillips,,V5_WIKIDATA_ROLE_ONLY_EXPANSION,ROLE_CATEGORY_ONLY;IDENTITY_LABEL;NO_EVENT_OUTCOME;NO_CHRONOLOGY;NO_PAIRABILITY;NO_ASTROLOGY;NO_CONTROL,EstherPhillips1935,Esther Phillips,female,1935-12-23,00:10,-06:00,1935,"Galveston, TX, United States",-94.796,29.3,True,False,True,V5_ROLE_ONLY_EXPANSION,False,False
PROJECT,singer,Q177220,Q232395,Esther Williams,estherwilliams,,V5_WIKIDATA_ROLE_ONLY_EXPANSION,ROLE_CATEGORY_ONLY;IDENTITY_LABEL;NO_EVENT_OUTCOME;NO_CHRONOLOGY;NO_PAIRABILITY;NO_ASTROLOGY;NO_CONTROL,EstherWilliams1921,Esther Williams,female,1921-08-08,09:39,-08:00,1921,"Los Angeles, CA, United States",-118.243,34.052,True,False,True,V5_ROLE_ONLY_EXPANSION,False,False
PROJECT,singer,Q177220,Q289556,Étienne Daho,etiennedaho,,V5_WIKIDATA_ROLE_ONLY_EXPANSION,ROLE_CATEGORY_ONLY;IDENTITY_LABEL;NO_EVENT_OUTCOME;NO_CHRONOLOGY;NO_PAIRABILITY;NO_ASTROLOGY;NO_CONTROL,ÉtienneDaho1956,Étienne Daho,male,1956-01-14,20:00,+00:00,1956,"Oran, Algeria",-0.632,35.699,True,False,True,V5_ROLE_ONLY_EXPANSION,False,False
PROJECT,film_director,Q2526255,Q53037,Ettore Scola,ettorescola,,V5_WIKIDATA_ROLE_ONLY_EXPANSION,ROLE_CATEGORY_ONLY;IDENTITY_LABEL;NO_EVENT_OUTCOME;NO_CHRONOLOGY;NO_PAIRABILITY;NO_ASTROLOGY;NO_CONTROL,EttoreScola1931,Ettore Scola,male,1931-05-10,02:00,+01:00,1931,"Treviso, Italy",12.242,45.666,True,False,True,V5_ROLE_ONLY_EXPANSION,False,False
PROJECT,musician,Q639669,Q239275,Evelyn Glennie,evelynglennie,,V5_WIKIDATA_ROLE_ONLY_EXPANSION,ROLE_CATEGORY_ONLY;IDENTITY_LABEL;NO_EVENT_OUTCOME;NO_CHRONOLOGY;NO_PAIRABILITY;NO_ASTROLOGY;NO_CONTROL,EvelynGlennie1965,Evelyn Glennie,female,1965-07-19,12:41,+01:00,1965,"Aberdeen, United Kingdom",-2.095,57.147,True,False,True,V5_ROLE_ONLY_EXPANSION,False,False
PROJECT,actor,Q33999,Q165518,Ewan McGregor,ewanmcgregor,,V5_WIKIDATA_ROLE_ONLY_EXPANSION,ROLE_CATEGORY_ONLY;IDENTITY_LABEL;NO_EVENT_OUTCOME;NO_CHRONOLOGY;NO_PAIRABILITY;NO_ASTROLOGY;NO_CONTROL,EwanMcGregor1971,Ewan McGregor,male,1971-03-31,20:10,+01:00,1971,"Perth, United Kingdom",-3.435,56.395,True,False,True,V5_ROLE_ONLY_EXPANSION,False,False
PROJECT,film_director,Q2526255,Q434843,Fabrizio Bentivoglio,fabriziobentivoglio,,V5_WIKIDATA_ROLE_ONLY_EXPANSION,ROLE_CATEGORY_ONLY;IDENTITY_LABEL;NO_EVENT_OUTCOME;NO_CHRONOLOGY;NO_PAIRABILITY;NO_ASTROLOGY;NO_CONTROL,FabrizioBentivoglio1957,Fabrizio Bentivoglio,male,1957-01-04,06:00,+01:00,1957,"Milan, Italy",9.188,45.464,True,False,True,V5_ROLE_ONLY_EXPANSION,False,False
PROJECT,actor,Q33999,Q106349,Fanny Ardant,fannyardant,,V5_WIKIDATA_ROLE_ONLY_EXPANSION,ROLE_CATEGORY_ONLY;IDENTITY_LABEL;NO_EVENT_OUTCOME;NO_CHRONOLOGY;NO_PAIRABILITY;NO_ASTROLOGY;NO_CONTROL,FannyArdant1949,Fanny Ardant,female,1949-03-22,12:00,+01:00,1949,"Saumur, France",-0.083,47.255,True,False,True,V5_ROLE_ONLY_EXPANSION,False,False
PROJECT,musician,Q639669,Q323127,Fausto Leali,faustoleali,,V5_WIKIDATA_ROLE_ONLY_EXPANSION,ROLE_CATEGORY_ONLY;IDENTITY_LABEL;NO_EVENT_OUTCOME;NO_CHRONOLOGY;NO_PAIRABILITY;NO_ASTROLOGY;NO_CONTROL,FaustoLeali1944,Fausto Leali,male,1944-10-29,07:00,+01:00,1944,"Brescia, Italy",10.223,45.54,True,False,True,V5_ROLE_ONLY_EXPANSION,False,False
PROJECT,film_director,Q2526255,Q168721,Faye Dunaway,fayedunaway,,V5_WIKIDATA_ROLE_ONLY_EXPANSION,ROLE_CATEGORY_ONLY;IDENTITY_LABEL;NO_EVENT_OUTCOME;NO_CHRONOLOGY;NO_PAIRABILITY;NO_ASTROLOGY;NO_CONTROL,FayeDunaway1941,Faye Dunaway,female,1941-01-14,20:15,-06:00,1941,"Bascom, FL, United States",-85.119,30.928,True,False,True,V5_ROLE_ONLY_EXPANSION,False,False
PROJECT,actor,Q33999,Q129092,Fernandel,fernandel,,V5_WIKIDATA_ROLE_ONLY_EXPANSION,ROLE_CATEGORY_ONLY;IDENTITY_LABEL;NO_EVENT_OUTCOME;NO_CHRONOLOGY;NO_PAIRABILITY;NO_ASTROLOGY;NO_CONTROL,Fernandel1903,Fernandel,male,1903-05-08,07:00,+00:09,1903,"Marseille, France",5.374,43.295,True,False,True,V5_ROLE_ONLY_EXPANSION,False,False
PROJECT,actor,Q33999,Q106743,Fernando Rey,fernandorey,,V5_WIKIDATA_ROLE_ONLY_EXPANSION,ROLE_CATEGORY_ONLY;IDENTITY_LABEL;NO_EVENT_OUTCOME;NO_CHRONOLOGY;NO_PAIRABILITY;NO_ASTROLOGY;NO_CONTROL,FernandoRey1917,Fernando Rey,male,1917-09-20,20:00,+00:00,1917,"A Coruña, Spain",-8.396,43.371,True,False,True,V5_ROLE_ONLY_EXPANSION,False,False
PROJECT,singer,Q177220,Q332335,Ferruccio Tagliavini,ferrucciotagliavini,,V5_WIKIDATA_ROLE_ONLY_EXPANSION,ROLE_CATEGORY_ONLY;IDENTITY_LABEL;NO_EVENT_OUTCOME;NO_CHRONOLOGY;NO_PAIRABILITY;NO_ASTROLOGY;NO_CONTROL,FerruccioTagliavini1913,Ferruccio Tagliavini,male,1913-08-14,12:30,+01:00,1913,"Reggio Emilia, Italy",10.628,44.696,True,False,True,V5_ROLE_ONLY_EXPANSION,False,False
PROJECT,musician,Q639669,Q317441,Fish,fish,,V5_WIKIDATA_ROLE_ONLY_EXPANSION,ROLE_CATEGORY_ONLY;IDENTITY_LABEL;NO_EVENT_OUTCOME;NO_CHRONOLOGY;NO_PAIRABILITY;NO_ASTROLOGY;NO_CONTROL,Fish1958,Fish,male,1958-04-25,17:07,+01:00,1958,"Edinburgh, United Kingdom",-3.188,55.95,True,False,True,V5_ROLE_ONLY_EXPANSION,False,False
PROJECT,musician,Q639669,Q119083,Flavio Ambrosetti,flavioambrosetti,,V5_WIKIDATA_ROLE_ONLY_EXPANSION,ROLE_CATEGORY_ONLY;IDENTITY_LABEL;NO_EVENT_OUTCOME;NO_CHRONOLOGY;NO_PAIRABILITY;NO_ASTROLOGY;NO_CONTROL,FlavioAmbrosetti1919,Flavio Ambrosetti,male,1919-10-08,11:00,+01:00,1919,"Lugano, Switzerland",8.954,46.004,True,False,True,V5_ROLE_ONLY_EXPANSION,False,False
PROJECT,film_director,Q2526255,Q470831,Fons Rademakers,fonsrademakers,,V5_WIKIDATA_ROLE_ONLY_EXPANSION,ROLE_CATEGORY_ONLY;IDENTITY_LABEL;NO_EVENT_OUTCOME;NO_CHRONOLOGY;NO_PAIRABILITY;NO_ASTROLOGY;NO_CONTROL,FonsRademakers1920,Fons Rademakers,male,1920-09-05,22:25,+01:00,1920,"Roosendaal, Netherlands",4.46,51.532,True,False,True,V5_ROLE_ONLY_EXPANSION,False,False
PROJECT,actor,Q33999,Q18227,Forrest J Ackerman,forrestjackerman,,V5_WIKIDATA_ROLE_ONLY_EXPANSION,ROLE_CATEGORY_ONLY;IDENTITY_LABEL;NO_EVENT_OUTCOME;NO_CHRONOLOGY;NO_PAIRABILITY;NO_ASTROLOGY;NO_CONTROL,ForrestJAckerman1916,Forrest J Ackerman,male,1916-11-24,06:22,-08:00,1916,"Los Angeles, CA, United States",-118.243,34.052,True,False,True,V5_ROLE_ONLY_EXPANSION,False,False
PROJECT,film_director,Q2526255,Q456966,Francesco Quinn,francescoquinn,,V5_WIKIDATA_ROLE_ONLY_EXPANSION,ROLE_CATEGORY_ONLY;IDENTITY_LABEL;NO_EVENT_OUTCOME;NO_CHRONOLOGY;NO_PAIRABILITY;NO_ASTROLOGY;NO_CONTROL,FrancescoQuinn1963,Francesco Quinn,male,1963-03-22,06:00,+01:00,1963,"Rome, Italy",12.494,41.891,True,False,True,V5_ROLE_ONLY_EXPANSION,False,False
PROJECT,film_director,Q2526255,Q53050,Francesco Rosi,francescorosi,,V5_WIKIDATA_ROLE_ONLY_EXPANSION,ROLE_CATEGORY_ONLY;IDENTITY_LABEL;NO_EVENT_OUTCOME;NO_CHRONOLOGY;NO_PAIRABILITY;NO_ASTROLOGY;NO_CONTROL,FrancescoRosi1922,Francesco Rosi,male,1922-11-15,01:30,+01:00,1922,"Naples, Italy",14.253,40.84,True,False,True,V5_ROLE_ONLY_EXPANSION,False,False
PROJECT,musician,Q639669,Q324981,Francis Cabrel,franciscabrel,,V5_WIKIDATA_ROLE_ONLY_EXPANSION,ROLE_CATEGORY_ONLY;IDENTITY_LABEL;NO_EVENT_OUTCOME;NO_CHRONOLOGY;NO_PAIRABILITY;NO_ASTROLOGY;NO_CONTROL,FrancisCabrel1953,Francis Cabrel,male,1953-11-23,20:00,+01:00,1953,"Agen, France",0.612,44.201,True,False,True,V5_ROLE_ONLY_EXPANSION,False,False
PROJECT,singer,Q177220,Q223408,Francis Lai,francislai,,V5_WIKIDATA_ROLE_ONLY_EXPANSION,ROLE_CATEGORY_ONLY;IDENTITY_LABEL;NO_EVENT_OUTCOME;NO_CHRONOLOGY;NO_PAIRABILITY;NO_ASTROLOGY;NO_CONTROL,FrancisLai1932,Francis Lai,male,1932-04-26,19:00,+01:00,1932,"Nice, France",7.266,43.703,True,False,True,V5_ROLE_ONLY_EXPANSION,False,False
PROJECT,film_director,Q2526255,Q358356,Francis Veber,francisveber,,V5_WIKIDATA_ROLE_ONLY_EXPANSION,ROLE_CATEGORY_ONLY;IDENTITY_LABEL;NO_EVENT_OUTCOME;NO_CHRONOLOGY;NO_PAIRABILITY;NO_ASTROLOGY;NO_CONTROL,FrancisVeber1937,Francis Veber,male,1937-07-28,08:15,+01:00,1937,"Neuilly-sur-Seine, France",2.273,48.884,True,False,True,V5_ROLE_ONLY_EXPANSION,False,False
PROJECT,actor,Q33999,Q164976,François Damiens,francoisdamiens,,V5_WIKIDATA_ROLE_ONLY_EXPANSION,ROLE_CATEGORY_ONLY;IDENTITY_LABEL;NO_EVENT_OUTCOME;NO_CHRONOLOGY;NO_PAIRABILITY;NO_ASTROLOGY;NO_CONTROL,FrançoisDamiens1973,François Damiens,male,1973-01-17,22:26,+01:00,1973,"Uccle, Brussels, Belgium",4.354,50.811,True,False,True,V5_ROLE_ONLY_EXPANSION,False,False
PROJECT,actor,Q33999,Q53939,Françoise Hardy,francoisehardy,,V5_WIKIDATA_ROLE_ONLY_EXPANSION,ROLE_CATEGORY_ONLY;IDENTITY_LABEL;NO_EVENT_OUTCOME;NO_CHRONOLOGY;NO_PAIRABILITY;NO_ASTROLOGY;NO_CONTROL,FrançoiseHardy1944,Françoise Hardy,female,1944-01-17,21:30,+01:00,1944,"Paris, France",2.351,48.857,True,False,True,V5_ROLE_ONLY_EXPANSION,False,False
PROJECT,film_director,Q2526255,Q1646,Françoise Sagan,francoisesagan,,V5_WIKIDATA_ROLE_ONLY_EXPANSION,ROLE_CATEGORY_ONLY;IDENTITY_LABEL;NO_EVENT_OUTCOME;NO_CHRONOLOGY;NO_PAIRABILITY;NO_ASTROLOGY;NO_CONTROL,FrançoiseSagan1935,Françoise Sagan,female,1935-06-21,11:00,+01:00,1935,"Cajarc, France",1.842,44.486,True,False,True,V5_ROLE_ONLY_EXPANSION,False,False
PROJECT,actor,Q33999,Q53002,François Truffaut,francoistruffaut,,V5_WIKIDATA_ROLE_ONLY_EXPANSION,ROLE_CATEGORY_ONLY;IDENTITY_LABEL;NO_EVENT_OUTCOME;NO_CHRONOLOGY;NO_PAIRABILITY;NO_ASTROLOGY;NO_CONTROL,FrançoisTruffaut1932,François Truffaut,male,1932-02-06,06:00,+00:00,1932,"Paris, France",2.351,48.857,True,False,True,V5_ROLE_ONLY_EXPANSION,False,False
PROJECT,film_director,Q2526255,Q311716,Franco Nero,franconero,,V5_WIKIDATA_ROLE_ONLY_EXPANSION,ROLE_CATEGORY_ONLY;IDENTITY_LABEL;NO_EVENT_OUTCOME;NO_CHRONOLOGY;NO_PAIRABILITY;NO_ASTROLOGY;NO_CONTROL,FrancoNero1941,Franco Nero,male,1941-11-23,22:30,+02:00,1941,"San Prospero, Italia",11.023,44.791,True,False,True,V5_ROLE_ONLY_EXPANSION,False,False
PROJECT,actor,Q33999,Q53040,Franco Zeffirelli,francozeffirelli,,V5_WIKIDATA_ROLE_ONLY_EXPANSION,ROLE_CATEGORY_ONLY;IDENTITY_LABEL;NO_EVENT_OUTCOME;NO_CHRONOLOGY;NO_PAIRABILITY;NO_ASTROLOGY;NO_CONTROL,FrancoZeffirelli1923,Franco Zeffirelli,male,1923-02-12,12:00,+01:00,1923,"Florence, Italy",11.257,43.769,True,False,True,V5_ROLE_ONLY_EXPANSION,False,False
PROJECT,actor,Q33999,Q42671,Frank Gorshin,frankgorshin,,V5_WIKIDATA_ROLE_ONLY_EXPANSION,ROLE_CATEGORY_ONLY;IDENTITY_LABEL;NO_EVENT_OUTCOME;NO_CHRONOLOGY;NO_PAIRABILITY;NO_ASTROLOGY;NO_CONTROL,FrankGorshin1933,Frank Gorshin,male,1933-04-05,22:15,-05:00,1933,"Pittsburgh, PA, United States",-79.995,40.442,True,False,True,V5_ROLE_ONLY_EXPANSION,False,False
PROJECT,actor,Q33999,Q85789,Franz Mazura,franzmazura,,V5_WIKIDATA_ROLE_ONLY_EXPANSION,ROLE_CATEGORY_ONLY;IDENTITY_LABEL;NO_EVENT_OUTCOME;NO_CHRONOLOGY;NO_PAIRABILITY;NO_ASTROLOGY;NO_CONTROL,FranzMazura1924,Franz Mazura,male,1924-04-22,04:00,+01:00,1924,"Salzburg, Austria",13.044,47.8,True,False,True,V5_ROLE_ONLY_EXPANSION,False,False
PROJECT,musician,Q639669,Q265872,Frederica von Stade,fredericavonstade,,V5_WIKIDATA_ROLE_ONLY_EXPANSION,ROLE_CATEGORY_ONLY;IDENTITY_LABEL;NO_EVENT_OUTCOME;NO_CHRONOLOGY;NO_PAIRABILITY;NO_ASTROLOGY;NO_CONTROL,FredericavonStade1945,Frederica von Stade,female,1945-06-01,03:42,-04:00,1945,"Somerville, NJ, United States",-74.612,40.568,True,False,True,V5_ROLE_ONLY_EXPANSION,False,False
PROJECT,film_director,Q2526255,Q257752,Frédéric Mitterrand,fredericmitterrand,,V5_WIKIDATA_ROLE_ONLY_EXPANSION,ROLE_CATEGORY_ONLY;IDENTITY_LABEL;NO_EVENT_OUTCOME;NO_CHRONOLOGY;NO_PAIRABILITY;NO_ASTROLOGY;NO_CONTROL,FrédéricMitterrand1947,Frédéric Mitterrand,male,1947-08-21,07:45,+01:00,1947,"Paris, France",2.351,48.857,True,False,True,V5_ROLE_ONLY_EXPANSION,False,False
PROJECT,film_director,Q2526255,Q23481,Friedrich Dürrenmatt,friedrichdurrenmatt,,V5_WIKIDATA_ROLE_ONLY_EXPANSION,ROLE_CATEGORY_ONLY;IDENTITY_LABEL;NO_EVENT_OUTCOME;NO_CHRONOLOGY;NO_PAIRABILITY;NO_ASTROLOGY;NO_CONTROL,FriedrichDürrenmatt1921,Friedrich Dürrenmatt,male,1921-01-05,06:15,+01:00,1921,"Konolfingen, Switzerland",7.621,46.879,True,False,True,V5_ROLE_ONLY_EXPANSION,False,False
PROJECT,actor,Q33999,Q90039,Friedrich Schütter,friedrichschutter,,V5_WIKIDATA_ROLE_ONLY_EXPANSION,ROLE_CATEGORY_ONLY;IDENTITY_LABEL;NO_EVENT_OUTCOME;NO_CHRONOLOGY;NO_PAIRABILITY;NO_ASTROLOGY;NO_CONTROL,FriedrichSchütter1921,Friedrich Schütter,male,1921-01-04,19:00,+01:00,1921,"Düsseldorf, Germany",6.776,51.225,True,False,True,V5_ROLE_ONLY_EXPANSION,False,False
PROJECT,actor,Q33999,Q102050,Fritz Tillmann,fritztillmann,,V5_WIKIDATA_ROLE_ONLY_EXPANSION,ROLE_CATEGORY_ONLY;IDENTITY_LABEL;NO_EVENT_OUTCOME;NO_CHRONOLOGY;NO_PAIRABILITY;NO_ASTROLOGY;NO_CONTROL,FritzTillmann1910,Fritz Tillmann,male,1910-12-13,19:30,+01:00,1910,"Frankfurt am Main, Germany",8.679,50.111,True,False,True,V5_ROLE_ONLY_EXPANSION,False,False
PROJECT,actor,Q33999,Q55465,Gabriele Salvatores,gabrielesalvatores,,V5_WIKIDATA_ROLE_ONLY_EXPANSION,ROLE_CATEGORY_ONLY;IDENTITY_LABEL;NO_EVENT_OUTCOME;NO_CHRONOLOGY;NO_PAIRABILITY;NO_ASTROLOGY;NO_CONTROL,GabrieleSalvatores1950,Gabriele Salvatores,male,1950-07-30,02:45,+01:00,1950,"Naples, Italy",14.253,40.84,True,False,True,V5_ROLE_ONLY_EXPANSION,False,False
PROJECT,film_director,Q2526255,Q106073,Gabriele Wohmann,gabrielewohmann,,V5_WIKIDATA_ROLE_ONLY_EXPANSION,ROLE_CATEGORY_ONLY;IDENTITY_LABEL;NO_EVENT_OUTCOME;NO_CHRONOLOGY;NO_PAIRABILITY;NO_ASTROLOGY;NO_CONTROL,GabrieleWohmann1932,Gabriele Wohmann,female,1932-05-21,09:15,+01:00,1932,"Darmstadt, Germany",8.651,49.872,True,False,True,V5_ROLE_ONLY_EXPANSION,False,False
PROJECT,singer,Q177220,Q183031,Garrison Keillor,garrisonkeillor,,V5_WIKIDATA_ROLE_ONLY_EXPANSION,ROLE_CATEGORY_ONLY;IDENTITY_LABEL;NO_EVENT_OUTCOME;NO_CHRONOLOGY;NO_PAIRABILITY;NO_ASTROLOGY;NO_CONTROL,GarrisonKeillor1942,Garrison Keillor,male,1942-08-07,06:40,-05:00,1942,"Anoka, MN, United States",-93.387,45.198,True,False,True,V5_ROLE_ONLY_EXPANSION,False,False
PROJECT,film_director,Q2526255,Q263665,Gaston Rébuffat,gastonrebuffat,,V5_WIKIDATA_ROLE_ONLY_EXPANSION,ROLE_CATEGORY_ONLY;IDENTITY_LABEL;NO_EVENT_OUTCOME;NO_CHRONOLOGY;NO_PAIRABILITY;NO_ASTROLOGY;NO_CONTROL,GastonRébuffat1921,Gaston Rébuffat,male,1921-05-07,08:00,+01:00,1921,"Marseille, France",5.374,43.295,True,False,True,V5_ROLE_ONLY_EXPANSION,False,False
PROJECT,singer,Q177220,Q342723,Gene Autry,geneautry,,V5_WIKIDATA_ROLE_ONLY_EXPANSION,ROLE_CATEGORY_ONLY;IDENTITY_LABEL;NO_EVENT_OUTCOME;NO_CHRONOLOGY;NO_PAIRABILITY;NO_ASTROLOGY;NO_CONTROL,GeneAutry1907,Gene Autry,male,1907-09-29,04:30,-05:00,1907,"Tioga, NY, United States",-76.348,42.056,True,False,True,V5_ROLE_ONLY_EXPANSION,False,False
PROJECT,musician,Q639669,Q191716,Gene Roddenberry,generoddenberry,,V5_WIKIDATA_ROLE_ONLY_EXPANSION,ROLE_CATEGORY_ONLY;IDENTITY_LABEL;NO_EVENT_OUTCOME;NO_CHRONOLOGY;NO_PAIRABILITY;NO_ASTROLOGY;NO_CONTROL,GeneRoddenberry1921,Gene Roddenberry,male,1921-08-19,01:35,-07:00,1921,"El Paso, TX, United States",-106.492,31.76,True,False,True,V5_ROLE_ONLY_EXPANSION,False,False
PROJECT,film_director,Q2526255,Q191966,Gene Wilder,genewilder,,V5_WIKIDATA_ROLE_ONLY_EXPANSION,ROLE_CATEGORY_ONLY;IDENTITY_LABEL;NO_EVENT_OUTCOME;NO_CHRONOLOGY;NO_PAIRABILITY;NO_ASTROLOGY;NO_CONTROL,GeneWilder1933,Gene Wilder,male,1933-06-11,03:50,-05:00,1933,"Milwaukee, WI, United States",-87.909,43.041,True,False,True,V5_ROLE_ONLY_EXPANSION,False,False
PROJECT,actor,Q33999,Q51570,George Roy Hill,georgeroyhill,,V5_WIKIDATA_ROLE_ONLY_EXPANSION,ROLE_CATEGORY_ONLY;IDENTITY_LABEL;NO_EVENT_OUTCOME;NO_CHRONOLOGY;NO_PAIRABILITY;NO_ASTROLOGY;NO_CONTROL,GeorgeRoyHill1921,George Roy Hill,male,1921-12-20,09:58,-06:00,1921,"Minneapolis, MN, United States",-93.264,44.977,True,False,True,V5_ROLE_ONLY_EXPANSION,False,False
PROJECT,musician,Q639669,Q293985,Georges Moustaki,georgesmoustaki,,V5_WIKIDATA_ROLE_ONLY_EXPANSION,ROLE_CATEGORY_ONLY;IDENTITY_LABEL;NO_EVENT_OUTCOME;NO_CHRONOLOGY;NO_PAIRABILITY;NO_ASTROLOGY;NO_CONTROL,GeorgesMoustaki1934,Georges Moustaki,male,1934-05-03,07:00,+02:00,1934,"Alexandria, Alexandria, Egypt",29.893,31.198,True,False,True,V5_ROLE_ONLY_EXPANSION,False,False
PROJECT,film_director,Q2526255,Q328660,George T. Miller,georgetmiller,,V5_WIKIDATA_ROLE_ONLY_EXPANSION,ROLE_CATEGORY_ONLY;IDENTITY_LABEL;NO_EVENT_OUTCOME;NO_CHRONOLOGY;NO_PAIRABILITY;NO_ASTROLOGY;NO_CONTROL,GeorgeT.Miller1943,George T. Miller,male,1943-11-28,02:58,+01:00,1943,"Edinburgh, United Kingdom",-3.188,55.95,True,False,True,V5_ROLE_ONLY_EXPANSION,False,False
PROJECT,actor,Q33999,Q150662,Gérard Philipe,gerardphilipe,,V5_WIKIDATA_ROLE_ONLY_EXPANSION,ROLE_CATEGORY_ONLY;IDENTITY_LABEL;NO_EVENT_OUTCOME;NO_CHRONOLOGY;NO_PAIRABILITY;NO_ASTROLOGY;NO_CONTROL,GérardPhilipe1922,Gérard Philipe,male,1922-12-04,14:00,+00:00,1922,"Cannes, France",7.011,43.551,True,False,True,V5_ROLE_ONLY_EXPANSION,False,False
PROJECT,musician,Q639669,Q110919,Gerry Rafferty,gerryrafferty,,V5_WIKIDATA_ROLE_ONLY_EXPANSION,ROLE_CATEGORY_ONLY;IDENTITY_LABEL;NO_EVENT_OUTCOME;NO_CHRONOLOGY;NO_PAIRABILITY;NO_ASTROLOGY;NO_CONTROL,GerryRafferty1947,Gerry Rafferty,male,1947-04-16,10:55,+02:00,1947,"Paisley, United Kingdom",-4.424,55.845,True,False,True,V5_ROLE_ONLY_EXPANSION,False,False
PROJECT,actor,Q33999,Q76943,Gert Fröbe,gertfrobe,,V5_WIKIDATA_ROLE_ONLY_EXPANSION,ROLE_CATEGORY_ONLY;IDENTITY_LABEL;NO_EVENT_OUTCOME;NO_CHRONOLOGY;NO_PAIRABILITY;NO_ASTROLOGY;NO_CONTROL,GertFröbe1913,Gert Fröbe,male,1913-02-25,12:30,+01:00,1913,"Zwickau, Germany",12.5,50.722,True,False,True,V5_ROLE_ONLY_EXPANSION,False,False
PROJECT,film_director,Q2526255,Q270662,Gian Carlo Menotti,giancarlomenotti,,V5_WIKIDATA_ROLE_ONLY_EXPANSION,ROLE_CATEGORY_ONLY;IDENTITY_LABEL;NO_EVENT_OUTCOME;NO_CHRONOLOGY;NO_PAIRABILITY;NO_ASTROLOGY;NO_CONTROL,GianCarloMenotti1911,Gian Carlo Menotti,male,1911-07-07,07:20,+01:00,1911,"Cadegliano-Viconago, Italia",8.845,45.961,True,False,True,V5_ROLE_ONLY_EXPANSION,False,False
PROJECT,musician,Q639669,Q304229,Gianluca Grignani,gianlucagrignani,,V5_WIKIDATA_ROLE_ONLY_EXPANSION,ROLE_CATEGORY_ONLY;IDENTITY_LABEL;NO_EVENT_OUTCOME;NO_CHRONOLOGY;NO_PAIRABILITY;NO_ASTROLOGY;NO_CONTROL,GianlucaGrignani1972,Gianluca Grignani,male,1972-04-07,22:55,+01:00,1972,"Milan, Italy",9.188,45.464,True,False,True,V5_ROLE_ONLY_EXPANSION,False,False
PROJECT,singer,Q177220,Q232468,Gianna Nannini,giannanannini,,V5_WIKIDATA_ROLE_ONLY_EXPANSION,ROLE_CATEGORY_ONLY;IDENTITY_LABEL;NO_EVENT_OUTCOME;NO_CHRONOLOGY;NO_PAIRABILITY;NO_ASTROLOGY;NO_CONTROL,GiannaNannini1954,Gianna Nannini,female,1954-06-14,03:05,+01:00,1954,"Sienna, Italy",11.331,43.319,True,False,True,V5_ROLE_ONLY_EXPANSION,False,False
PROJECT,musician,Q639669,Q319537,Gianni Morandi,giannimorandi,,V5_WIKIDATA_ROLE_ONLY_EXPANSION,ROLE_CATEGORY_ONLY;IDENTITY_LABEL;NO_EVENT_OUTCOME;NO_CHRONOLOGY;NO_PAIRABILITY;NO_ASTROLOGY;NO_CONTROL,GianniMorandi1944,Gianni Morandi,male,1944-12-11,07:00,+01:00,1944,"Monghidoro, Italy",11.329,44.228,True,False,True,V5_ROLE_ONLY_EXPANSION,False,False
PROJECT,film_director,Q2526255,Q461664,Gian Vittorio Baldi,gianvittoriobaldi,,V5_WIKIDATA_ROLE_ONLY_EXPANSION,ROLE_CATEGORY_ONLY;IDENTITY_LABEL;NO_EVENT_OUTCOME;NO_CHRONOLOGY;NO_PAIRABILITY;NO_ASTROLOGY;NO_CONTROL,GianVittorioBaldi1930,Gian Vittorio Baldi,male,1930-10-30,01:15,+01:00,1930,"Bologna, Italy",11.347,44.494,True,False,True,V5_ROLE_ONLY_EXPANSION,False,False
PROJECT,singer,Q177220,Q229295,Gigliola Cinquetti,gigliolacinquetti,,V5_WIKIDATA_ROLE_ONLY_EXPANSION,ROLE_CATEGORY_ONLY;IDENTITY_LABEL;NO_EVENT_OUTCOME;NO_CHRONOLOGY;NO_PAIRABILITY;NO_ASTROLOGY;NO_CONTROL,GigliolaCinquetti1947,Gigliola Cinquetti,female,1947-12-20,08:45,+01:00,1947,"Verona, Italy",10.992,45.438,True,False,True,V5_ROLE_ONLY_EXPANSION,False,False
PROJECT,actor,Q33999,Q160433,Gilbert Bécaud,gilbertbecaud,,V5_WIKIDATA_ROLE_ONLY_EXPANSION,ROLE_CATEGORY_ONLY;IDENTITY_LABEL;NO_EVENT_OUTCOME;NO_CHRONOLOGY;NO_PAIRABILITY;NO_ASTROLOGY;NO_CONTROL,GilbertBécaud1927,Gilbert Bécaud,male,1927-10-24,23:00,+00:00,1927,"Toulon, France",5.931,43.125,True,False,True,V5_ROLE_ONLY_EXPANSION,False,False
PROJECT,actor,Q33999,Q56009,Gina Lollobrigida,ginalollobrigida,,V5_WIKIDATA_ROLE_ONLY_EXPANSION,ROLE_CATEGORY_ONLY;IDENTITY_LABEL;NO_EVENT_OUTCOME;NO_CHRONOLOGY;NO_PAIRABILITY;NO_ASTROLOGY;NO_CONTROL,GinaLollobrigida1927,Gina Lollobrigida,female,1927-07-04,03:00,+01:00,1927,"Subiaco, Italy",13.095,41.926,True,False,True,V5_ROLE_ONLY_EXPANSION,False,False
PROJECT,actor,Q33999,Q95089,Ginger Rogers,gingerrogers,,V5_WIKIDATA_ROLE_ONLY_EXPANSION,ROLE_CATEGORY_ONLY;IDENTITY_LABEL;NO_EVENT_OUTCOME;NO_CHRONOLOGY;NO_PAIRABILITY;NO_ASTROLOGY;NO_CONTROL,GingerRogers1911,Ginger Rogers,female,1911-07-16,02:18,-06:00,1911,"Independence, MO, United States",-94.415,39.093,True,False,True,V5_ROLE_ONLY_EXPANSION,False,False
PROJECT,musician,Q639669,Q260947,Giorgia,giorgia,,V5_WIKIDATA_ROLE_ONLY_EXPANSION,ROLE_CATEGORY_ONLY;IDENTITY_LABEL;NO_EVENT_OUTCOME;NO_CHRONOLOGY;NO_PAIRABILITY;NO_ASTROLOGY;NO_CONTROL,Giorgia1971,Giorgia,female,1971-04-26,21:20,+01:00,1971,"Rome, Italy",12.494,41.891,True,False,True,V5_ROLE_ONLY_EXPANSION,False,False
PROJECT,film_director,Q2526255,Q285339,Giorgio Albertazzi,giorgioalbertazzi,,V5_WIKIDATA_ROLE_ONLY_EXPANSION,ROLE_CATEGORY_ONLY;IDENTITY_LABEL;NO_EVENT_OUTCOME;NO_CHRONOLOGY;NO_PAIRABILITY;NO_ASTROLOGY;NO_CONTROL,GiorgioAlbertazzi1923,Giorgio Albertazzi,male,1923-08-20,12:15,+01:00,1923,"Florence, Italy",11.257,43.769,True,False,True,V5_ROLE_ONLY_EXPANSION,False,False
PROJECT,musician,Q639669,Q312674,Giorgio Moroder,giorgiomoroder,,V5_WIKIDATA_ROLE_ONLY_EXPANSION,ROLE_CATEGORY_ONLY;IDENTITY_LABEL;NO_EVENT_OUTCOME;NO_CHRONOLOGY;NO_PAIRABILITY;NO_ASTROLOGY;NO_CONTROL,GiorgioMoroder1940,Giorgio Moroder,male,1940-04-26,02:45,+01:00,1940,"Ortisei, Italy",11.671,46.575,True,False,True,V5_ROLE_ONLY_EXPANSION,False,False
PROJECT,actor,Q33999,Q49026,Giovanna Mezzogiorno,giovannamezzogiorno,,V5_WIKIDATA_ROLE_ONLY_EXPANSION,ROLE_CATEGORY_ONLY;IDENTITY_LABEL;NO_EVENT_OUTCOME;NO_CHRONOLOGY;NO_PAIRABILITY;NO_ASTROLOGY;NO_CONTROL,GiovannaMezzogiorno1974,Giovanna Mezzogiorno,female,1974-11-09,03:45,+01:00,1974,"Rome, Italy",12.494,41.891,True,False,True,V5_ROLE_ONLY_EXPANSION,False,False
PROJECT,actor,Q33999,Q106957,Giovanna Ralli,giovannaralli,,V5_WIKIDATA_ROLE_ONLY_EXPANSION,ROLE_CATEGORY_ONLY;IDENTITY_LABEL;NO_EVENT_OUTCOME;NO_CHRONOLOGY;NO_PAIRABILITY;NO_ASTROLOGY;NO_CONTROL,GiovannaRalli1935,Giovanna Ralli,female,1935-01-02,08:30,+01:00,1935,"Rome, Italy",12.494,41.891,True,False,True,V5_ROLE_ONLY_EXPANSION,False,False
PROJECT,actor,Q33999,Q96194,Gisela Trowe,giselatrowe,,V5_WIKIDATA_ROLE_ONLY_EXPANSION,ROLE_CATEGORY_ONLY;IDENTITY_LABEL;NO_EVENT_OUTCOME;NO_CHRONOLOGY;NO_PAIRABILITY;NO_ASTROLOGY;NO_CONTROL,GiselaTrowe1922,Gisela Trowe,female,1922-09-05,19:15,+01:00,1922,"Dortmund, Germany",7.464,51.511,True,False,True,V5_ROLE_ONLY_EXPANSION,False,False
PROJECT,film_director,Q2526255,Q465089,Giulio Base,giuliobase,,V5_WIKIDATA_ROLE_ONLY_EXPANSION,ROLE_CATEGORY_ONLY;IDENTITY_LABEL;NO_EVENT_OUTCOME;NO_CHRONOLOGY;NO_PAIRABILITY;NO_ASTROLOGY;NO_CONTROL,GiulioBase1964,Giulio Base,male,1964-12-06,15:50,+01:00,1964,"Turin, Italy",7.683,45.068,True,False,True,V5_ROLE_ONLY_EXPANSION,False,False
PROJECT,actor,Q33999,Q82660,Giuseppe Battiston,giuseppebattiston,,V5_WIKIDATA_ROLE_ONLY_EXPANSION,ROLE_CATEGORY_ONLY;IDENTITY_LABEL;NO_EVENT_OUTCOME;NO_CHRONOLOGY;NO_PAIRABILITY;NO_ASTROLOGY;NO_CONTROL,GiuseppeBattiston1968,Giuseppe Battiston,male,1968-07-22,04:30,+02:00,1968,"Udine, Italy",13.231,46.065,True,False,True,V5_ROLE_ONLY_EXPANSION,False,False
PROJECT,film_director,Q2526255,Q53045,Giuseppe Tornatore,giuseppetornatore,,V5_WIKIDATA_ROLE_ONLY_EXPANSION,ROLE_CATEGORY_ONLY;IDENTITY_LABEL;NO_EVENT_OUTCOME;NO_CHRONOLOGY;NO_PAIRABILITY;NO_ASTROLOGY;NO_CONTROL,GiuseppeTornatore1956,Giuseppe Tornatore,male,1956-03-27,13:00,+01:00,1956,"Bagheria, Italy",13.507,38.078,True,False,True,V5_ROLE_ONLY_EXPANSION,False,False
PROJECT,musician,Q639669,Q130139,Glenmor,glenmor,,V5_WIKIDATA_ROLE_ONLY_EXPANSION,ROLE_CATEGORY_ONLY;IDENTITY_LABEL;NO_EVENT_OUTCOME;NO_CHRONOLOGY;NO_PAIRABILITY;NO_ASTROLOGY;NO_CONTROL,Glenmor1931,Glenmor,male,1931-06-25,15:00,+01:00,1931,"Bréhan, France",-2.688,48.061,True,False,True,V5_ROLE_ONLY_EXPANSION,False,False
PROJECT,actor,Q33999,Q59314,Gloria Grahame,gloriagrahame,,V5_WIKIDATA_ROLE_ONLY_EXPANSION,ROLE_CATEGORY_ONLY;IDENTITY_LABEL;NO_EVENT_OUTCOME;NO_CHRONOLOGY;NO_PAIRABILITY;NO_ASTROLOGY;NO_CONTROL,GloriaGrahame1923,Gloria Grahame,female,1923-11-28,03:47,-08:00,1923,"Los Angeles, CA, United States",-118.243,34.052,True,False,True,V5_ROLE_ONLY_EXPANSION,False,False
PROJECT,actor,Q33999,Q163235,Gordon Jump,gordonjump,,V5_WIKIDATA_ROLE_ONLY_EXPANSION,ROLE_CATEGORY_ONLY;IDENTITY_LABEL;NO_EVENT_OUTCOME;NO_CHRONOLOGY;NO_PAIRABILITY;NO_ASTROLOGY;NO_CONTROL,GordonJump1932,Gordon Jump,male,1932-04-01,00:04,-05:00,1932,"Dayton, OH, United States",-84.192,39.761,True,False,True,V5_ROLE_ONLY_EXPANSION,False,False
PROJECT,singer,Q177220,Q229881,Grace Slick,graceslick,,V5_WIKIDATA_ROLE_ONLY_EXPANSION,ROLE_CATEGORY_ONLY;IDENTITY_LABEL;NO_EVENT_OUTCOME;NO_CHRONOLOGY;NO_PAIRABILITY;NO_ASTROLOGY;NO_CONTROL,GraceSlick1939,Grace Slick,female,1939-10-30,07:37,-06:00,1939,"Evanston, IL, United States",-87.688,42.052,True,False,True,V5_ROLE_ONLY_EXPANSION,False,False
PROJECT,film_director,Q2526255,Q269869,Greg Kinnear,gregkinnear,,V5_WIKIDATA_ROLE_ONLY_EXPANSION,ROLE_CATEGORY_ONLY;IDENTITY_LABEL;NO_EVENT_OUTCOME;NO_CHRONOLOGY;NO_PAIRABILITY;NO_ASTROLOGY;NO_CONTROL,GregKinnear1963,Greg Kinnear,male,1963-06-17,15:21,-05:00,1963,"Logansport, IN, United States",-86.363,40.754,True,False,True,V5_ROLE_ONLY_EXPANSION,False,False
PROJECT,singer,Q177220,Q297453,Grégory Lemarchal,gregorylemarchal,,V5_WIKIDATA_ROLE_ONLY_EXPANSION,ROLE_CATEGORY_ONLY;IDENTITY_LABEL;NO_EVENT_OUTCOME;NO_CHRONOLOGY;NO_PAIRABILITY;NO_ASTROLOGY;NO_CONTROL,GrégoryLemarchal1983,Grégory Lemarchal,male,1983-05-13,05:08,+02:00,1983,"La Tronche, France",5.745,45.207,True,False,True,V5_ROLE_ONLY_EXPANSION,False,False
PROJECT,actor,Q33999,Q5443,Greta Garbo,gretagarbo,,V5_WIKIDATA_ROLE_ONLY_EXPANSION,ROLE_CATEGORY_ONLY;IDENTITY_LABEL;NO_EVENT_OUTCOME;NO_CHRONOLOGY;NO_PAIRABILITY;NO_ASTROLOGY;NO_CONTROL,GretaGarbo1905,Greta Garbo,female,1905-09-18,19:30,+01:00,1905,"Stockholm Metropolitan Area, Sweden",18.064,59.333,True,False,True,V5_ROLE_ONLY_EXPANSION,False,False
PROJECT,singer,Q177220,Q295123,Guillaume Depardieu,guillaumedepardieu,,V5_WIKIDATA_ROLE_ONLY_EXPANSION,ROLE_CATEGORY_ONLY;IDENTITY_LABEL;NO_EVENT_OUTCOME;NO_CHRONOLOGY;NO_PAIRABILITY;NO_ASTROLOGY;NO_CONTROL,GuillaumeDepardieu1971,Guillaume Depardieu,male,1971-04-07,11:35,+01:00,1971,"Paris, France",2.351,48.857,True,False,True,V5_ROLE_ONLY_EXPANSION,False,False
PROJECT,actor,Q33999,Q77884,Günther Weisenborn,guntherweisenborn,,V5_WIKIDATA_ROLE_ONLY_EXPANSION,ROLE_CATEGORY_ONLY;IDENTITY_LABEL;NO_EVENT_OUTCOME;NO_CHRONOLOGY;NO_PAIRABILITY;NO_ASTROLOGY;NO_CONTROL,GüntherWeisenborn1902,Günther Weisenborn,male,1902-07-10,07:30,+01:00,1902,"Velbert, Germany",7.043,51.339,True,False,True,V5_ROLE_ONLY_EXPANSION,False,False
PROJECT,film_director,Q2526255,Q25186,Gus Van Sant,gusvansant,,V5_WIKIDATA_ROLE_ONLY_EXPANSION,ROLE_CATEGORY_ONLY;IDENTITY_LABEL;NO_EVENT_OUTCOME;NO_CHRONOLOGY;NO_PAIRABILITY;NO_ASTROLOGY;NO_CONTROL,GusVanSant1952,Gus Van Sant,male,1952-07-24,03:15,-04:00,1952,"Louisville-Jefferson County, KY, United States",-85.654,38.199,True,False,True,V5_ROLE_ONLY_EXPANSION,False,False
PROJECT,film_director,Q2526255,Q298075,Guy Debord,guydebord,,V5_WIKIDATA_ROLE_ONLY_EXPANSION,ROLE_CATEGORY_ONLY;IDENTITY_LABEL;NO_EVENT_OUTCOME;NO_CHRONOLOGY;NO_PAIRABILITY;NO_ASTROLOGY;NO_CONTROL,GuyDebord1931,Guy Debord,male,1931-12-28,17:00,+00:00,1931,"Paris, France",2.351,48.857,True,False,True,V5_ROLE_ONLY_EXPANSION,False,False
PROJECT,actor,Q33999,Q99288,Hans Quest,hansquest,,V5_WIKIDATA_ROLE_ONLY_EXPANSION,ROLE_CATEGORY_ONLY;IDENTITY_LABEL;NO_EVENT_OUTCOME;NO_CHRONOLOGY;NO_PAIRABILITY;NO_ASTROLOGY;NO_CONTROL,HansQuest1915,Hans Quest,male,1915-08-20,04:00,+01:00,1915,"Herford, Germany",8.669,52.116,True,False,True,V5_ROLE_ONLY_EXPANSION,False,False
PROJECT,actor,Q33999,Q76383,Hans Söhnker,hanssohnker,,V5_WIKIDATA_ROLE_ONLY_EXPANSION,ROLE_CATEGORY_ONLY;IDENTITY_LABEL;NO_EVENT_OUTCOME;NO_CHRONOLOGY;NO_PAIRABILITY;NO_ASTROLOGY;NO_CONTROL,HansSöhnker1903,Hans Söhnker,male,1903-10-11,21:45,+01:00,1903,"Kiel, Germany",10.136,54.323,True,False,True,V5_ROLE_ONLY_EXPANSION,False,False
PROJECT,musician,Q639669,Q214959,Harry Belafonte,harrybelafonte,,V5_WIKIDATA_ROLE_ONLY_EXPANSION,ROLE_CATEGORY_ONLY;IDENTITY_LABEL;NO_EVENT_OUTCOME;NO_CHRONOLOGY;NO_PAIRABILITY;NO_ASTROLOGY;NO_CONTROL,HarryBelafonte1927,Harry Belafonte,male,1927-03-01,10:30,-05:00,1927,"New York, NY, United States",-74.007,40.713,True,False,True,V5_ROLE_ONLY_EXPANSION,False,False
PROJECT,film_director,Q2526255,Q72819,Harry Meyen,harrymeyen,,V5_WIKIDATA_ROLE_ONLY_EXPANSION,ROLE_CATEGORY_ONLY;IDENTITY_LABEL;NO_EVENT_OUTCOME;NO_CHRONOLOGY;NO_PAIRABILITY;NO_ASTROLOGY;NO_CONTROL,HarryMeyen1924,Harry Meyen,male,1924-08-31,02:30,+01:00,1924,"Hamburg, Germany",9.996,53.557,True,False,True,V5_ROLE_ONLY_EXPANSION,False,False
PROJECT,musician,Q639669,Q117270,Harvey Brooks,harveybrooks,,V5_WIKIDATA_ROLE_ONLY_EXPANSION,ROLE_CATEGORY_ONLY;IDENTITY_LABEL;NO_EVENT_OUTCOME;NO_CHRONOLOGY;NO_PAIRABILITY;NO_ASTROLOGY;NO_CONTROL,HarveyBrooks1915,Harvey Brooks,male,1915-08-05,08:00,-05:00,1915,"Cleveland, OH, United States",-81.691,41.505,True,False,True,V5_ROLE_ONLY_EXPANSION,False,False
PROJECT,singer,Q177220,Q271640,Helena Noguerra,helenanoguerra,,V5_WIKIDATA_ROLE_ONLY_EXPANSION,ROLE_CATEGORY_ONLY;IDENTITY_LABEL;NO_EVENT_OUTCOME;NO_CHRONOLOGY;NO_PAIRABILITY;NO_ASTROLOGY;NO_CONTROL,HélénaNoguerra1969,Héléna Noguerra,female,1969-05-18,08:30,+01:00,1969,"Ixelles, Brussels, Belgium",4.372,50.828,True,False,True,V5_ROLE_ONLY_EXPANSION,False,False
PROJECT,film_director,Q2526255,Q462147,Hélène de Fougerolles,helenedefougerolles,,V5_WIKIDATA_ROLE_ONLY_EXPANSION,ROLE_CATEGORY_ONLY;IDENTITY_LABEL;NO_EVENT_OUTCOME;NO_CHRONOLOGY;NO_PAIRABILITY;NO_ASTROLOGY;NO_CONTROL,HélènedeFougerolles1973,Hélène de Fougerolles,female,1973-02-25,14:15,+01:00,1973,"Vannes, France",-2.76,47.655,True,False,True,V5_ROLE_ONLY_EXPANSION,False,False
PROJECT,musician,Q639669,Q253845,Hélène Grimaud,helenegrimaud,,V5_WIKIDATA_ROLE_ONLY_EXPANSION,ROLE_CATEGORY_ONLY;IDENTITY_LABEL;NO_EVENT_OUTCOME;NO_CHRONOLOGY;NO_PAIRABILITY;NO_ASTROLOGY;NO_CONTROL,HélèneGrimaud1969,Hélène Grimaud,female,1969-11-07,11:30,+01:00,1969,"Aix-en-Provence, France",5.454,43.525,True,False,True,V5_ROLE_ONLY_EXPANSION,False,False
PROJECT,singer,Q177220,Q238465,Hélène Ségara,helenesegara,,V5_WIKIDATA_ROLE_ONLY_EXPANSION,ROLE_CATEGORY_ONLY;IDENTITY_LABEL;NO_EVENT_OUTCOME;NO_CHRONOLOGY;NO_PAIRABILITY;NO_ASTROLOGY;NO_CONTROL,HélèneSégara1971,Hélène Ségara,female,1971-02-26,10:08,+01:00,1971,"Six-Fours-Les-Plages, France",5.834,43.095,True,False,True,V5_ROLE_ONLY_EXPANSION,False,False
PROJECT,musician,Q639669,Q77823,Helmut Thielicke,helmutthielicke,,V5_WIKIDATA_ROLE_ONLY_EXPANSION,ROLE_CATEGORY_ONLY;IDENTITY_LABEL;NO_EVENT_OUTCOME;NO_CHRONOLOGY;NO_PAIRABILITY;NO_ASTROLOGY;NO_CONTROL,HelmutThielicke1908,Helmut Thielicke,male,1908-12-04,18:30,+01:00,1908,"Wuppertal, Germany",7.151,51.256,True,False,True,V5_ROLE_ONLY_EXPANSION,False,False
PROJECT,actor,Q33999,Q116253,Henri Colpi,henricolpi,,V5_WIKIDATA_ROLE_ONLY_EXPANSION,ROLE_CATEGORY_ONLY;IDENTITY_LABEL;NO_EVENT_OUTCOME;NO_CHRONOLOGY;NO_PAIRABILITY;NO_ASTROLOGY;NO_CONTROL,HenriColpi1921,Henri Colpi,male,1921-07-15,20:00,+01:00,1921,"Brig-Glis, Switzerland",7.985,46.318,True,False,True,V5_ROLE_ONLY_EXPANSION,False,False
PROJECT,film_director,Q2526255,Q343983,Henry Winkler,henrywinkler,,V5_WIKIDATA_ROLE_ONLY_EXPANSION,ROLE_CATEGORY_ONLY;IDENTITY_LABEL;NO_EVENT_OUTCOME;NO_CHRONOLOGY;NO_PAIRABILITY;NO_ASTROLOGY;NO_CONTROL,HenryWinkler1945,Henry Winkler,male,1945-10-30,12:51,-05:00,1945,"New York, NY, United States",-74.007,40.713,True,False,True,V5_ROLE_ONLY_EXPANSION,False,False
PROJECT,musician,Q639669,Q344822,Herb Alpert,herbalpert,,V5_WIKIDATA_ROLE_ONLY_EXPANSION,ROLE_CATEGORY_ONLY;IDENTITY_LABEL;NO_EVENT_OUTCOME;NO_CHRONOLOGY;NO_PAIRABILITY;NO_ASTROLOGY;NO_CONTROL,HerbAlpert1935,Herb Alpert,male,1935-03-31,14:46,-08:00,1935,"Los Angeles, CA, United States",-118.243,34.052,True,False,True,V5_ROLE_ONLY_EXPANSION,False,False
PROJECT,film_director,Q2526255,Q154895,Herbert von Karajan,herbertvonkarajan,,V5_WIKIDATA_ROLE_ONLY_EXPANSION,ROLE_CATEGORY_ONLY;IDENTITY_LABEL;NO_EVENT_OUTCOME;NO_CHRONOLOGY;NO_PAIRABILITY;NO_ASTROLOGY;NO_CONTROL,HerbertvonKarajan1908,Herbert von Karajan,male,1908-04-05,22:30,+01:00,1908,"Salzburg, Austria",13.044,47.8,True,False,True,V5_ROLE_ONLY_EXPANSION,False,False
PROJECT,actor,Q33999,Q105875,Herbie Hancock,herbiehancock,,V5_WIKIDATA_ROLE_ONLY_EXPANSION,ROLE_CATEGORY_ONLY;IDENTITY_LABEL;NO_EVENT_OUTCOME;NO_CHRONOLOGY;NO_PAIRABILITY;NO_ASTROLOGY;NO_CONTROL,HerbieHancock1940,Herbie Hancock,male,1940-04-12,03:30,-06:00,1940,"Chicago, IL, United States",-87.632,41.883,True,False,True,V5_ROLE_ONLY_EXPANSION,False,False
PROJECT,film_director,Q2526255,Q384866,Herb Ritts,herbritts,,V5_WIKIDATA_ROLE_ONLY_EXPANSION,ROLE_CATEGORY_ONLY;IDENTITY_LABEL;NO_EVENT_OUTCOME;NO_CHRONOLOGY;NO_PAIRABILITY;NO_ASTROLOGY;NO_CONTROL,HerbRitts1952,Herb Ritts,male,1952-08-13,13:04,-07:00,1952,"Santa Monica, CA, United States",-118.492,34.011,True,False,True,V5_ROLE_ONLY_EXPANSION,False,False
PROJECT,film_director,Q2526255,Q503717,Herman van Veen,hermanvanveen,,V5_WIKIDATA_ROLE_ONLY_EXPANSION,ROLE_CATEGORY_ONLY;IDENTITY_LABEL;NO_EVENT_OUTCOME;NO_CHRONOLOGY;NO_PAIRABILITY;NO_ASTROLOGY;NO_CONTROL,HermanvanVeen1945,Herman van Veen,male,1945-03-14,04:30,+01:00,1945,"Utrecht, Netherlands",5.12,52.092,True,False,True,V5_ROLE_ONLY_EXPANSION,False,False
PROJECT,musician,Q639669,Q87096,Hertha Töpper,herthatopper,,V5_WIKIDATA_ROLE_ONLY_EXPANSION,ROLE_CATEGORY_ONLY;IDENTITY_LABEL;NO_EVENT_OUTCOME;NO_CHRONOLOGY;NO_PAIRABILITY;NO_ASTROLOGY;NO_CONTROL,HerthaTöpper1924,Hertha Töpper,female,1924-04-19,05:15,+01:00,1924,"Graz, Austria",15.438,47.07,True,False,True,V5_ROLE_ONLY_EXPANSION,False,False
PROJECT,actor,Q33999,Q57604,Hildegard Knef,hildegardknef,,V5_WIKIDATA_ROLE_ONLY_EXPANSION,ROLE_CATEGORY_ONLY;IDENTITY_LABEL;NO_EVENT_OUTCOME;NO_CHRONOLOGY;NO_PAIRABILITY;NO_ASTROLOGY;NO_CONTROL,HildegardKnef1925,Hildegard Knef,female,1925-12-28,05:15,+01:00,1925,"Ulm, Germany",9.997,48.4,True,False,True,V5_ROLE_ONLY_EXPANSION,False,False
PROJECT,actor,Q33999,Q91256,Horst Caspar,horstcaspar,,V5_WIKIDATA_ROLE_ONLY_EXPANSION,ROLE_CATEGORY_ONLY;IDENTITY_LABEL;NO_EVENT_OUTCOME;NO_CHRONOLOGY;NO_PAIRABILITY;NO_ASTROLOGY;NO_CONTROL,HorstCaspar1913,Horst Caspar,male,1913-01-20,06:45,+01:00,1913,"Radegast, Bleckede, Germany",10.724,53.345,True,False,True,V5_ROLE_ONLY_EXPANSION,False,False
PROJECT,actor,Q33999,Q61608,Horst Tappert,horsttappert,,V5_WIKIDATA_ROLE_ONLY_EXPANSION,ROLE_CATEGORY_ONLY;IDENTITY_LABEL;NO_EVENT_OUTCOME;NO_CHRONOLOGY;NO_PAIRABILITY;NO_ASTROLOGY;NO_CONTROL,HorstTappert1923,Horst Tappert,male,1923-05-26,17:45,+01:00,1923,"Wuppertal, Germany",7.151,51.256,True,False,True,V5_ROLE_ONLY_EXPANSION,False,False
PROJECT,musician,Q639669,Q50034,Hugues Aufray,huguesaufray,,V5_WIKIDATA_ROLE_ONLY_EXPANSION,ROLE_CATEGORY_ONLY;IDENTITY_LABEL;NO_EVENT_OUTCOME;NO_CHRONOLOGY;NO_PAIRABILITY;NO_ASTROLOGY;NO_CONTROL,HuguesAufray1929,Hugues Aufray,male,1929-08-18,08:15,+01:00,1929,"Neuilly-sur-Seine, France",2.273,48.884,True,False,True,V5_ROLE_ONLY_EXPANSION,False,False
PROJECT,musician,Q639669,Q319737,Ian Stewart,ianstewart,,V5_WIKIDATA_ROLE_ONLY_EXPANSION,ROLE_CATEGORY_ONLY;IDENTITY_LABEL;NO_EVENT_OUTCOME;NO_CHRONOLOGY;NO_PAIRABILITY;NO_ASTROLOGY;NO_CONTROL,IanStewart1938,Ian Stewart,male,1938-07-18,01:50,+01:00,1938,"Pittenweem, Anstruther, United Kingdom",-2.729,56.214,True,False,True,V5_ROLE_ONLY_EXPANSION,False,False
PROJECT,musician,Q639669,Q173637,Ice Cube,icecube,,V5_WIKIDATA_ROLE_ONLY_EXPANSION,ROLE_CATEGORY_ONLY;IDENTITY_LABEL;NO_EVENT_OUTCOME;NO_CHRONOLOGY;NO_PAIRABILITY;NO_ASTROLOGY;NO_CONTROL,IceCube1969,Ice Cube,male,1969-06-15,15:00,-07:00,1969,"Los Angeles, CA, United States",-118.243,34.052,True,False,True,V5_ROLE_ONLY_EXPANSION,False,False
PROJECT,film_director,Q2526255,Q49941,Ilona Staller,ilonastaller,,V5_WIKIDATA_ROLE_ONLY_EXPANSION,ROLE_CATEGORY_ONLY;IDENTITY_LABEL;NO_EVENT_OUTCOME;NO_CHRONOLOGY;NO_PAIRABILITY;NO_ASTROLOGY;NO_CONTROL,IlonaStaller1951,Ilona Staller,female,1951-11-26,05:00,+01:00,1951,"Budapest, Hungary",19.041,47.498,True,False,True,V5_ROLE_ONLY_EXPANSION,False,False
PROJECT,actor,Q33999,Q123859,Ilse Künkele,ilsekunkele,,V5_WIKIDATA_ROLE_ONLY_EXPANSION,ROLE_CATEGORY_ONLY;IDENTITY_LABEL;NO_EVENT_OUTCOME;NO_CHRONOLOGY;NO_PAIRABILITY;NO_ASTROLOGY;NO_CONTROL,IlseKünkele1925,Ilse Künkele,female,1925-04-25,12:15,+01:00,1925,"Stuttgart, Germany",9.181,48.777,True,False,True,V5_ROLE_ONLY_EXPANSION,False,False
PROJECT,singer,Q177220,Q285536,Imelda Marcos,imeldamarcos,,V5_WIKIDATA_ROLE_ONLY_EXPANSION,ROLE_CATEGORY_ONLY;IDENTITY_LABEL;NO_EVENT_OUTCOME;NO_CHRONOLOGY;NO_PAIRABILITY;NO_ASTROLOGY;NO_CONTROL,ImeldaMarcos1929,Imelda Marcos,female,1929-07-02,05:30,+08:00,1929,"Manila, Philippines",120.975,14.582,True,False,True,V5_ROLE_ONLY_EXPANSION,False,False
PROJECT,film_director,Q2526255,Q327914,Indro Montanelli,indromontanelli,,V5_WIKIDATA_ROLE_ONLY_EXPANSION,ROLE_CATEGORY_ONLY;IDENTITY_LABEL;NO_EVENT_OUTCOME;NO_CHRONOLOGY;NO_PAIRABILITY;NO_ASTROLOGY;NO_CONTROL,IndroMontanelli1909,Indro Montanelli,male,1909-04-22,20:00,+01:00,1909,"Fucecchio, Italy",10.811,43.729,True,False,True,V5_ROLE_ONLY_EXPANSION,False,False
PROJECT,musician,Q639669,Q78506,Ingeborg Bachmann,ingeborgbachmann,,V5_WIKIDATA_ROLE_ONLY_EXPANSION,ROLE_CATEGORY_ONLY;IDENTITY_LABEL;NO_EVENT_OUTCOME;NO_CHRONOLOGY;NO_PAIRABILITY;NO_ASTROLOGY;NO_CONTROL,IngeborgBachmann1926,Ingeborg Bachmann,female,1926-06-25,20:23,+01:00,1926,"Klagenfurt am Wörthersee, Austria",14.308,46.624,True,False,True,V5_ROLE_ONLY_EXPANSION,False,False
PROJECT,actor,Q33999,Q86058,Ingrid Steeger,ingridsteeger,,V5_WIKIDATA_ROLE_ONLY_EXPANSION,ROLE_CATEGORY_ONLY;IDENTITY_LABEL;NO_EVENT_OUTCOME;NO_CHRONOLOGY;NO_PAIRABILITY;NO_ASTROLOGY;NO_CONTROL,IngridSteeger1947,Ingrid Steeger,female,1947-04-01,11:50,+01:00,1947,"Berlin, Germany",13.411,52.523,True,False,True,V5_ROLE_ONLY_EXPANSION,False,False
PROJECT,film_director,Q2526255,Q271590,Ione Skye,ioneskye,,V5_WIKIDATA_ROLE_ONLY_EXPANSION,ROLE_CATEGORY_ONLY;IDENTITY_LABEL;NO_EVENT_OUTCOME;NO_CHRONOLOGY;NO_PAIRABILITY;NO_ASTROLOGY;NO_CONTROL,IoneSkye1970,Ione Skye,female,1970-09-04,12:00,+01:00,1970,"London, United Kingdom",-0.126,51.5,True,False,True,V5_ROLE_ONLY_EXPANSION,False,False
PROJECT,singer,Q177220,Q234169,Irene Cara,irenecara,,V5_WIKIDATA_ROLE_ONLY_EXPANSION,ROLE_CATEGORY_ONLY;IDENTITY_LABEL;NO_EVENT_OUTCOME;NO_CHRONOLOGY;NO_PAIRABILITY;NO_ASTROLOGY;NO_CONTROL,IreneCara1959,Irene Cara,female,1959-03-18,10:41,-05:00,1959,"New York, NY, United States",-74.007,40.713,True,False,True,V5_ROLE_ONLY_EXPANSION,False,False
PROJECT,film_director,Q2526255,Q178403,Irvine Welsh,irvinewelsh,,V5_WIKIDATA_ROLE_ONLY_EXPANSION,ROLE_CATEGORY_ONLY;IDENTITY_LABEL;NO_EVENT_OUTCOME;NO_CHRONOLOGY;NO_PAIRABILITY;NO_ASTROLOGY;NO_CONTROL,IrvineWelsh1957,Irvine Welsh,male,1957-09-27,15:20,+01:00,1957,"Edinburgh, United Kingdom",-3.188,55.95,True,False,True,V5_ROLE_ONLY_EXPANSION,False,False
PROJECT,musician,Q639669,Q206439,Isaac Hayes,isaachayes,,V5_WIKIDATA_ROLE_ONLY_EXPANSION,ROLE_CATEGORY_ONLY;IDENTITY_LABEL;NO_EVENT_OUTCOME;NO_CHRONOLOGY;NO_PAIRABILITY;NO_ASTROLOGY;NO_CONTROL,IsaacHayes1942,Isaac Hayes,male,1942-08-20,04:00,-04:00,1942,"Covington, KY, United States",-84.509,39.084,True,False,True,V5_ROLE_ONLY_EXPANSION,False,False
PROJECT,film_director,Q2526255,Q203840,Isabella Rossellini,isabellarossellini,,V5_WIKIDATA_ROLE_ONLY_EXPANSION,ROLE_CATEGORY_ONLY;IDENTITY_LABEL;NO_EVENT_OUTCOME;NO_CHRONOLOGY;NO_PAIRABILITY;NO_ASTROLOGY;NO_CONTROL,IsabellaRossellini1952,Isabella Rossellini,female,1952-06-18,18:07,+01:00,1952,"Rome, Italy",12.494,41.891,True,False,True,V5_ROLE_ONLY_EXPANSION,False,False
PROJECT,actor,Q33999,Q106383,Isabelle Adjani,isabelleadjani,,V5_WIKIDATA_ROLE_ONLY_EXPANSION,ROLE_CATEGORY_ONLY;IDENTITY_LABEL;NO_EVENT_OUTCOME;NO_CHRONOLOGY;NO_PAIRABILITY;NO_ASTROLOGY;NO_CONTROL,IsabelleAdjani1955,Isabelle Adjani,female,1955-06-27,01:00,+01:00,1955,"Paris, France",2.351,48.857,True,False,True,V5_ROLE_ONLY_EXPANSION,False,False
PROJECT,film_director,Q2526255,Q289032,Isabelle Carré,isabellecarre,,V5_WIKIDATA_ROLE_ONLY_EXPANSION,ROLE_CATEGORY_ONLY;IDENTITY_LABEL;NO_EVENT_OUTCOME;NO_CHRONOLOGY;NO_PAIRABILITY;NO_ASTROLOGY;NO_CONTROL,IsabelleCarré1971,Isabelle Carré,female,1971-05-28,15:20,+01:00,1971,"Paris, France",2.351,48.857,True,False,True,V5_ROLE_ONLY_EXPANSION,False,False
PROJECT,musician,Q639669,Q265508,Ivana Spagna,ivanaspagna,,V5_WIKIDATA_ROLE_ONLY_EXPANSION,ROLE_CATEGORY_ONLY;IDENTITY_LABEL;NO_EVENT_OUTCOME;NO_CHRONOLOGY;NO_PAIRABILITY;NO_ASTROLOGY;NO_CONTROL,IvanaSpagna1954,Ivana Spagna,female,1954-12-16,07:00,+01:00,1954,"Valeggio, Italy",8.861,45.152,True,False,True,V5_ROLE_ONLY_EXPANSION,False,False
PROJECT,film_director,Q2526255,Q372073,Jackie Cooper,jackiecooper,,V5_WIKIDATA_ROLE_ONLY_EXPANSION,ROLE_CATEGORY_ONLY;IDENTITY_LABEL;NO_EVENT_OUTCOME;NO_CHRONOLOGY;NO_PAIRABILITY;NO_ASTROLOGY;NO_CONTROL,JackieCooper1922,Jackie Cooper,male,1922-09-15,12:35,-08:00,1922,"Los Angeles, CA, United States",-118.243,34.052,True,False,True,V5_ROLE_ONLY_EXPANSION,False,False
PROJECT,actor,Q33999,Q75021,Jackie Mason,jackiemason,,V5_WIKIDATA_ROLE_ONLY_EXPANSION,ROLE_CATEGORY_ONLY;IDENTITY_LABEL;NO_EVENT_OUTCOME;NO_CHRONOLOGY;NO_PAIRABILITY;NO_ASTROLOGY;NO_CONTROL,JackieMason1928,Jackie Mason,male,1928-06-09,19:00,-05:00,1928,"Sheboygan, WI, United States",-87.713,43.751,True,False,True,V5_ROLE_ONLY_EXPANSION,False,False
PROJECT,singer,Q177220,Q201569,Jack Jones,jackjones,,V5_WIKIDATA_ROLE_ONLY_EXPANSION,ROLE_CATEGORY_ONLY;IDENTITY_LABEL;NO_EVENT_OUTCOME;NO_CHRONOLOGY;NO_PAIRABILITY;NO_ASTROLOGY;NO_CONTROL,JackJones1938,Jack Jones,male,1938-01-14,02:48,-08:00,1938,"Los Angeles, CA, United States",-118.243,34.052,True,False,True,V5_ROLE_ONLY_EXPANSION,False,False
PROJECT,film_director,Q2526255,Q382080,Jack Starrett,jackstarrett,,V5_WIKIDATA_ROLE_ONLY_EXPANSION,ROLE_CATEGORY_ONLY;IDENTITY_LABEL;NO_EVENT_OUTCOME;NO_CHRONOLOGY;NO_PAIRABILITY;NO_ASTROLOGY;NO_CONTROL,JackStarrett1936,Jack Starrett,male,1936-11-02,11:45,-05:00,1936,"Refugio, TX, United States",-97.274,28.305,True,False,True,V5_ROLE_ONLY_EXPANSION,False,False
PROJECT,film_director,Q2526255,Q468027,Jacqueline Audry,jacquelineaudry,,V5_WIKIDATA_ROLE_ONLY_EXPANSION,ROLE_CATEGORY_ONLY;IDENTITY_LABEL;NO_EVENT_OUTCOME;NO_CHRONOLOGY;NO_PAIRABILITY;NO_ASTROLOGY;NO_CONTROL,JacquelineAudry1908,Jacqueline Audry,female,1908-09-25,06:00,+00:09,1908,"Orange, France",4.805,44.137,True,False,True,V5_ROLE_ONLY_EXPANSION,False,False
PROJECT,film_director,Q2526255,Q382389,Jacques Audiard,jacquesaudiard,,V5_WIKIDATA_ROLE_ONLY_EXPANSION,ROLE_CATEGORY_ONLY;IDENTITY_LABEL;NO_EVENT_OUTCOME;NO_CHRONOLOGY;NO_PAIRABILITY;NO_ASTROLOGY;NO_CONTROL,JacquesAudiard1952,Jacques Audiard,male,1952-04-30,01:00,+01:00,1952,"Paris, France",2.351,48.857,True,False,True,V5_ROLE_ONLY_EXPANSION,False,False
PROJECT,actor,Q33999,Q29878,Jacques Balutin,jacquesbalutin,,V5_WIKIDATA_ROLE_ONLY_EXPANSION,ROLE_CATEGORY_ONLY;IDENTITY_LABEL;NO_EVENT_OUTCOME;NO_CHRONOLOGY;NO_PAIRABILITY;NO_ASTROLOGY;NO_CONTROL,JacquesBalutin1936,Jacques Balutin,male,1936-06-29,11:40,+01:00,1936,"Paris, France",2.351,48.857,True,False,True,V5_ROLE_ONLY_EXPANSION,False,False
PROJECT,actor,Q33999,Q55381,Jacques Becker,jacquesbecker,,V5_WIKIDATA_ROLE_ONLY_EXPANSION,ROLE_CATEGORY_ONLY;IDENTITY_LABEL;NO_EVENT_OUTCOME;NO_CHRONOLOGY;NO_PAIRABILITY;NO_ASTROLOGY;NO_CONTROL,JacquesBecker1906,Jacques Becker,male,1906-09-15,07:00,+00:09,1906,"Paris, France",2.351,48.857,True,False,True,V5_ROLE_ONLY_EXPANSION,False,False
PROJECT,actor,Q33999,Q1666,Jacques Brel,jacquesbrel,,V5_WIKIDATA_ROLE_ONLY_EXPANSION,ROLE_CATEGORY_ONLY;IDENTITY_LABEL;NO_EVENT_OUTCOME;NO_CHRONOLOGY;NO_PAIRABILITY;NO_ASTROLOGY;NO_CONTROL,JacquesBrel1929,Jacques Brel,male,1929-04-08,03:00,+00:00,1929,"Schaerbeek, Brussels, Belgium",4.368,50.859,True,False,True,V5_ROLE_ONLY_EXPANSION,False,False
PROJECT,film_director,Q2526255,Q83233,Jacques Cousteau,jacquescousteau,,V5_WIKIDATA_ROLE_ONLY_EXPANSION,ROLE_CATEGORY_ONLY;IDENTITY_LABEL;NO_EVENT_OUTCOME;NO_CHRONOLOGY;NO_PAIRABILITY;NO_ASTROLOGY;NO_CONTROL,JacquesCousteau1910,Jacques Cousteau,male,1910-06-11,13:06,+00:09,1910,"Saint-André-de-Cubzac, France",-0.447,44.994,True,False,True,V5_ROLE_ONLY_EXPANSION,False,False
PROJECT,film_director,Q2526255,Q312258,Jacques Demy,jacquesdemy,,V5_WIKIDATA_ROLE_ONLY_EXPANSION,ROLE_CATEGORY_ONLY;IDENTITY_LABEL;NO_EVENT_OUTCOME;NO_CHRONOLOGY;NO_PAIRABILITY;NO_ASTROLOGY;NO_CONTROL,JacquesDemy1931,Jacques Demy,male,1931-06-05,08:00,+01:00,1931,"Pontchâteau, France",-2.092,47.435,True,False,True,V5_ROLE_ONLY_EXPANSION,False,False
PROJECT,actor,Q33999,Q162701,Jacques François,jacquesfrancois,,V5_WIKIDATA_ROLE_ONLY_EXPANSION,ROLE_CATEGORY_ONLY;IDENTITY_LABEL;NO_EVENT_OUTCOME;NO_CHRONOLOGY;NO_PAIRABILITY;NO_ASTROLOGY;NO_CONTROL,JacquesFrançois1920,Jacques François,male,1920-05-16,00:15,+01:00,1920,"Paris, France",2.351,48.857,True,False,True,V5_ROLE_ONLY_EXPANSION,False,False
PROJECT,film_director,Q2526255,Q358231,Jacques Martin,jacquesmartin,,V5_WIKIDATA_ROLE_ONLY_EXPANSION,ROLE_CATEGORY_ONLY;IDENTITY_LABEL;NO_EVENT_OUTCOME;NO_CHRONOLOGY;NO_PAIRABILITY;NO_ASTROLOGY;NO_CONTROL,JacquesMartin1933,Jacques Martin,male,1933-06-22,18:40,+01:00,1933,"Lyon, France",4.834,45.767,True,False,True,V5_ROLE_ONLY_EXPANSION,False,False
PROJECT,actor,Q33999,Q165274,Jacques Prévert,jacquesprevert,,V5_WIKIDATA_ROLE_ONLY_EXPANSION,ROLE_CATEGORY_ONLY;IDENTITY_LABEL;NO_EVENT_OUTCOME;NO_CHRONOLOGY;NO_PAIRABILITY;NO_ASTROLOGY;NO_CONTROL,JacquesPrévert1900,Jacques Prévert,male,1900-02-04,19:00,+00:09,1900,"Neuilly-sur-Seine, France",2.273,48.884,True,False,True,V5_ROLE_ONLY_EXPANSION,False,False
PROJECT,film_director,Q2526255,Q167475,Jacques Rivette,jacquesrivette,,V5_WIKIDATA_ROLE_ONLY_EXPANSION,ROLE_CATEGORY_ONLY;IDENTITY_LABEL;NO_EVENT_OUTCOME;NO_CHRONOLOGY;NO_PAIRABILITY;NO_ASTROLOGY;NO_CONTROL,JacquesRivette1928,Jacques Rivette,male,1928-03-01,12:00,+00:00,1928,"Rouen, France",1.098,49.442,True,False,True,V5_ROLE_ONLY_EXPANSION,False,False
PROJECT,actor,Q33999,Q51549,Jacques Tati,jacquestati,,V5_WIKIDATA_ROLE_ONLY_EXPANSION,ROLE_CATEGORY_ONLY;IDENTITY_LABEL;NO_EVENT_OUTCOME;NO_CHRONOLOGY;NO_PAIRABILITY;NO_ASTROLOGY;NO_CONTROL,JacquesTati1907,Jacques Tati,male,1907-10-09,03:00,+00:09,1907,"Le Pecq, France",2.102,48.896,True,False,True,V5_ROLE_ONLY_EXPANSION,False,False
PROJECT,actor,Q33999,Q55393,Jacques Tourneur,jacquestourneur,,V5_WIKIDATA_ROLE_ONLY_EXPANSION,ROLE_CATEGORY_ONLY;IDENTITY_LABEL;NO_EVENT_OUTCOME;NO_CHRONOLOGY;NO_PAIRABILITY;NO_ASTROLOGY;NO_CONTROL,JacquesTourneur1904,Jacques Tourneur,male,1904-11-12,06:00,+00:09,1904,"Paris, France",2.351,48.857,True,False,True,V5_ROLE_ONLY_EXPANSION,False,False
PROJECT,singer,Q177220,Q267244,Jacques Villeret,jacquesvilleret,,V5_WIKIDATA_ROLE_ONLY_EXPANSION,ROLE_CATEGORY_ONLY;IDENTITY_LABEL;NO_EVENT_OUTCOME;NO_CHRONOLOGY;NO_PAIRABILITY;NO_ASTROLOGY;NO_CONTROL,JacquesVilleret1951,Jacques Villeret,male,1951-02-06,19:30,+01:00,1951,"Tours, France",0.689,47.39,True,False,True,V5_ROLE_ONLY_EXPANSION,False,False
PROJECT,actor,Q33999,Q133313,Jake Gyllenhaal,jakegyllenhaal,,V5_WIKIDATA_ROLE_ONLY_EXPANSION,ROLE_CATEGORY_ONLY;IDENTITY_LABEL;NO_EVENT_OUTCOME;NO_CHRONOLOGY;NO_PAIRABILITY;NO_ASTROLOGY;NO_CONTROL,JakeGyllenhaal1980,Jake Gyllenhaal,male,1980-12-19,20:08,-08:00,1980,"Los Angeles, CA, United States",-118.243,34.052,True,False,True,V5_ROLE_ONLY_EXPANSION,False,False
PROJECT,film_director,Q2526255,Q312661,Jamel Debbouze,jameldebbouze,,V5_WIKIDATA_ROLE_ONLY_EXPANSION,ROLE_CATEGORY_ONLY;IDENTITY_LABEL;NO_EVENT_OUTCOME;NO_CHRONOLOGY;NO_PAIRABILITY;NO_ASTROLOGY;NO_CONTROL,JamelDebbouze1975,Jamel Debbouze,male,1975-06-18,05:40,+01:00,1975,"Paris, France",2.351,48.857,True,False,True,V5_ROLE_ONLY_EXPANSION,False,False
PROJECT,film_director,Q2526255,Q306403,James Franco,jamesfranco,,V5_WIKIDATA_ROLE_ONLY_EXPANSION,ROLE_CATEGORY_ONLY;IDENTITY_LABEL;NO_EVENT_OUTCOME;NO_CHRONOLOGY;NO_PAIRABILITY;NO_ASTROLOGY;NO_CONTROL,JamesFranco1978,James Franco,male,1978-04-19,19:40,-08:00,1978,"Palo Alto, CA, United States",-122.16,37.445,True,False,True,V5_ROLE_ONLY_EXPANSION,False,False
PROJECT,actor,Q33999,Q108510,James Garner,jamesgarner,,V5_WIKIDATA_ROLE_ONLY_EXPANSION,ROLE_CATEGORY_ONLY;IDENTITY_LABEL;NO_EVENT_OUTCOME;NO_CHRONOLOGY;NO_PAIRABILITY;NO_ASTROLOGY;NO_CONTROL,JamesGarner1928,James Garner,male,1928-04-07,18:00,-06:00,1928,"Norman, OK, United States",-97.446,35.221,True,False,True,V5_ROLE_ONLY_EXPANSION,False,False
PROJECT,film_director,Q2526255,Q358990,James Hong,jameshong,,V5_WIKIDATA_ROLE_ONLY_EXPANSION,ROLE_CATEGORY_ONLY;IDENTITY_LABEL;NO_EVENT_OUTCOME;NO_CHRONOLOGY;NO_PAIRABILITY;NO_ASTROLOGY;NO_CONTROL,JamesHong1929,James Hong,male,1929-02-22,07:30,-06:00,1929,"Minneapolis, MN, United States",-93.264,44.977,True,False,True,V5_ROLE_ONLY_EXPANSION,False,False
PROJECT,actor,Q33999,Q57213,James Last,jameslast,,V5_WIKIDATA_ROLE_ONLY_EXPANSION,ROLE_CATEGORY_ONLY;IDENTITY_LABEL;NO_EVENT_OUTCOME;NO_CHRONOLOGY;NO_PAIRABILITY;NO_ASTROLOGY;NO_CONTROL,JamesLast1929,James Last,male,1929-04-17,00:30,+01:00,1929,"Bremen, Germany",8.807,53.075,True,False,True,V5_ROLE_ONLY_EXPANSION,False,False
PROJECT,film_director,Q2526255,Q193659,James McAvoy,jamesmcavoy,,V5_WIKIDATA_ROLE_ONLY_EXPANSION,ROLE_CATEGORY_ONLY;IDENTITY_LABEL;NO_EVENT_OUTCOME;NO_CHRONOLOGY;NO_PAIRABILITY;NO_ASTROLOGY;NO_CONTROL,JamesMcAvoy1979,James McAvoy,male,1979-04-21,17:25,+01:00,1979,"Glasgow, United Kingdom",-4.257,55.866,True,False,True,V5_ROLE_ONLY_EXPANSION,False,False
PROJECT,musician,Q639669,Q313040,James Whitmore,jameswhitmore,,V5_WIKIDATA_ROLE_ONLY_EXPANSION,ROLE_CATEGORY_ONLY;IDENTITY_LABEL;NO_EVENT_OUTCOME;NO_CHRONOLOGY;NO_PAIRABILITY;NO_ASTROLOGY;NO_CONTROL,JamesWhitmore1921,James Whitmore,male,1921-10-01,08:30,-05:00,1921,"White Plains, NY, United States",-73.766,41.033,True,False,True,V5_ROLE_ONLY_EXPANSION,False,False
PROJECT,film_director,Q2526255,Q376107,Jan de Bont,jandebont,,V5_WIKIDATA_ROLE_ONLY_EXPANSION,ROLE_CATEGORY_ONLY;IDENTITY_LABEL;NO_EVENT_OUTCOME;NO_CHRONOLOGY;NO_PAIRABILITY;NO_ASTROLOGY;NO_CONTROL,JandeBont1943,Jan de Bont,male,1943-10-22,11:10,+01:00,1943,"Eindhoven, Netherlands",5.478,51.437,True,False,True,V5_ROLE_ONLY_EXPANSION,False,False
PROJECT,actor,Q33999,Q40143,Janeane Garofalo,janeanegarofalo,,V5_WIKIDATA_ROLE_ONLY_EXPANSION,ROLE_CATEGORY_ONLY;IDENTITY_LABEL;NO_EVENT_OUTCOME;NO_CHRONOLOGY;NO_PAIRABILITY;NO_ASTROLOGY;NO_CONTROL,JaneaneGarofalo1964,Janeane Garofalo,female,1964-09-28,19:37,-04:00,1964,"Newton, NJ, United States",-74.752,41.058,True,False,True,V5_ROLE_ONLY_EXPANSION,False,False
PROJECT,film_director,Q2526255,Q212873,Jane Birkin,janebirkin,,V5_WIKIDATA_ROLE_ONLY_EXPANSION,ROLE_CATEGORY_ONLY;IDENTITY_LABEL;NO_EVENT_OUTCOME;NO_CHRONOLOGY;NO_PAIRABILITY;NO_ASTROLOGY;NO_CONTROL,JaneBirkin1946,Jane Birkin,female,1946-12-14,15:00,+00:00,1946,"London, United Kingdom",-0.126,51.5,True,False,True,V5_ROLE_ONLY_EXPANSION,False,False
PROJECT,musician,Q639669,Q260099,Jane Powell,janepowell,,V5_WIKIDATA_ROLE_ONLY_EXPANSION,ROLE_CATEGORY_ONLY;IDENTITY_LABEL;NO_EVENT_OUTCOME;NO_CHRONOLOGY;NO_PAIRABILITY;NO_ASTROLOGY;NO_CONTROL,JanePowell1929,Jane Powell,female,1929-04-01,06:55,-08:00,1929,"Portland, OR, United States",-122.681,45.516,True,False,True,V5_ROLE_ONLY_EXPANSION,False,False
PROJECT,singer,Q177220,Q217033,Jane Russell,janerussell,,V5_WIKIDATA_ROLE_ONLY_EXPANSION,ROLE_CATEGORY_ONLY;IDENTITY_LABEL;NO_EVENT_OUTCOME;NO_CHRONOLOGY;NO_PAIRABILITY;NO_ASTROLOGY;NO_CONTROL,JaneRussell1921,Jane Russell,female,1921-06-21,06:15,-05:00,1921,"Bemidji, MN, United States",-94.88,47.473,True,False,True,V5_ROLE_ONLY_EXPANSION,False,False
PROJECT,singer,Q177220,Q271327,Janet Blair,janetblair,,V5_WIKIDATA_ROLE_ONLY_EXPANSION,ROLE_CATEGORY_ONLY;IDENTITY_LABEL;NO_EVENT_OUTCOME;NO_CHRONOLOGY;NO_PAIRABILITY;NO_ASTROLOGY;NO_CONTROL,JanetBlair1921,Janet Blair,female,1921-04-23,23:55,-05:00,1921,"Altoona, PA, United States",-78.401,40.516,True,False,True,V5_ROLE_ONLY_EXPANSION,False,False
PROJECT,actor,Q33999,Q142221,Janet Brown,janetbrown,,V5_WIKIDATA_ROLE_ONLY_EXPANSION,ROLE_CATEGORY_ONLY;IDENTITY_LABEL;NO_EVENT_OUTCOME;NO_CHRONOLOGY;NO_PAIRABILITY;NO_ASTROLOGY;NO_CONTROL,JanetBrown1923,Janet Brown,female,1923-12-14,07:45,+00:00,1923,"Rutherglen, Glasgow, United Kingdom",-4.215,55.828,True,False,True,V5_ROLE_ONLY_EXPANSION,False,False
PROJECT,film_director,Q2526255,Q448141,Jasmine Guy,jasmineguy,,V5_WIKIDATA_ROLE_ONLY_EXPANSION,ROLE_CATEGORY_ONLY;IDENTITY_LABEL;NO_EVENT_OUTCOME;NO_CHRONOLOGY;NO_PAIRABILITY;NO_ASTROLOGY;NO_CONTROL,JasmineGuy1962,Jasmine Guy,female,1962-03-10,16:11,-05:00,1962,"Boston, MA, United States",-71.059,42.359,True,False,True,V5_ROLE_ONLY_EXPANSION,False,False
PROJECT,film_director,Q2526255,Q311754,Jason Alexander,jasonalexander,,V5_WIKIDATA_ROLE_ONLY_EXPANSION,ROLE_CATEGORY_ONLY;IDENTITY_LABEL;NO_EVENT_OUTCOME;NO_CHRONOLOGY;NO_PAIRABILITY;NO_ASTROLOGY;NO_CONTROL,JasonAlexander1959,Jason Alexander,male,1959-09-23,18:04,-04:00,1959,"Newark, NJ, United States",-74.174,40.732,True,False,True,V5_ROLE_ONLY_EXPANSION,False,False
PROJECT,film_director,Q2526255,Q538123,Jason Connery,jasonconnery,,V5_WIKIDATA_ROLE_ONLY_EXPANSION,ROLE_CATEGORY_ONLY;IDENTITY_LABEL;NO_EVENT_OUTCOME;NO_CHRONOLOGY;NO_PAIRABILITY;NO_ASTROLOGY;NO_CONTROL,JasonConnery1963,Jason Connery,male,1963-01-11,22:00,+00:00,1963,"London, United Kingdom",-0.126,51.5,True,False,True,V5_ROLE_ONLY_EXPANSION,False,False
PROJECT,musician,Q639669,Q313705,Jason Schwartzman,jasonschwartzman,,V5_WIKIDATA_ROLE_ONLY_EXPANSION,ROLE_CATEGORY_ONLY;IDENTITY_LABEL;NO_EVENT_OUTCOME;NO_CHRONOLOGY;NO_PAIRABILITY;NO_ASTROLOGY;NO_CONTROL,JasonSchwartzman1980,Jason Schwartzman,male,1980-06-26,06:21,-07:00,1980,"Los Angeles, CA, United States",-118.243,34.052,True,False,True,V5_ROLE_ONLY_EXPANSION,False,False
PROJECT,actor,Q33999,Q134895,Javier Bardem,javierbardem,,V5_WIKIDATA_ROLE_ONLY_EXPANSION,ROLE_CATEGORY_ONLY;IDENTITY_LABEL;NO_EVENT_OUTCOME;NO_CHRONOLOGY;NO_PAIRABILITY;NO_ASTROLOGY;NO_CONTROL,JavierBardem1969,Javier Bardem,male,1969-03-01,21:30,+00:00,1969,"Las Palmas de Gran Canaria, Spain",-15.43,28.125,True,False,True,V5_ROLE_ONLY_EXPANSION,False,False
PROJECT,singer,Q177220,Q229507,Jayne Mansfield,jaynemansfield,,V5_WIKIDATA_ROLE_ONLY_EXPANSION,ROLE_CATEGORY_ONLY;IDENTITY_LABEL;NO_EVENT_OUTCOME;NO_CHRONOLOGY;NO_PAIRABILITY;NO_ASTROLOGY;NO_CONTROL,JayneMansfield1933,Jayne Mansfield,female,1933-04-19,09:11,-05:00,1933,"Springfield, PA, United States",-75.321,39.931,True,False,True,V5_ROLE_ONLY_EXPANSION,False,False
PROJECT,actor,Q33999,Q11485,Jean-Claude Killy,jeanclaudekilly,,V5_WIKIDATA_ROLE_ONLY_EXPANSION,ROLE_CATEGORY_ONLY;IDENTITY_LABEL;NO_EVENT_OUTCOME;NO_CHRONOLOGY;NO_PAIRABILITY;NO_ASTROLOGY;NO_CONTROL,JeanClaudeKilly1943,Jean Claude Killy,male,1943-08-30,05:10,+02:00,1943,"Saint-Cloud, France",2.219,48.844,True,False,True,V5_ROLE_ONLY_EXPANSION,False,False
PROJECT,film_director,Q2526255,Q449087,Jean Delannoy,jeandelannoy,,V5_WIKIDATA_ROLE_ONLY_EXPANSION,ROLE_CATEGORY_ONLY;IDENTITY_LABEL;NO_EVENT_OUTCOME;NO_CHRONOLOGY;NO_PAIRABILITY;NO_ASTROLOGY;NO_CONTROL,JeanDelannoy1908,Jean Delannoy,male,1908-01-12,12:30,+00:09,1908,"Noisy-le-Sec, France",2.453,48.89,True,False,True,V5_ROLE_ONLY_EXPANSION,False,False
PROJECT,film_director,Q2526255,Q472890,Jean Dréville,jeandreville,,V5_WIKIDATA_ROLE_ONLY_EXPANSION,ROLE_CATEGORY_ONLY;IDENTITY_LABEL;NO_EVENT_OUTCOME;NO_CHRONOLOGY;NO_PAIRABILITY;NO_ASTROLOGY;NO_CONTROL,JeanDréville1906,Jean Dréville,male,1906-09-20,00:05,+00:09,1906,"Vitry-sur-Seine, France",2.389,48.789,True,False,True,V5_ROLE_ONLY_EXPANSION,False,False
PROJECT,film_director,Q2526255,Q189422,Jean Dujardin,jeandujardin,,V5_WIKIDATA_ROLE_ONLY_EXPANSION,ROLE_CATEGORY_ONLY;IDENTITY_LABEL;NO_EVENT_OUTCOME;NO_CHRONOLOGY;NO_PAIRABILITY;NO_ASTROLOGY;NO_CONTROL,JeanDujardin1972,Jean Dujardin,male,1972-06-19,04:50,+01:00,1972,"Rueil-Malmaison, France",2.179,48.877,True,False,True,V5_ROLE_ONLY_EXPANSION,False,False
PROJECT,singer,Q177220,Q54885,Jean Ferrat,jeanferrat,,V5_WIKIDATA_ROLE_ONLY_EXPANSION,ROLE_CATEGORY_ONLY;IDENTITY_LABEL;NO_EVENT_OUTCOME;NO_CHRONOLOGY;NO_PAIRABILITY;NO_ASTROLOGY;NO_CONTROL,JeanFerrat1930,Jean Ferrat,male,1930-12-26,11:30,+00:00,1930,"Vaucresson, France",2.158,48.839,True,False,True,V5_ROLE_ONLY_EXPANSION,False,False
PROJECT,musician,Q639669,Q23842,Jean Gabin,jeangabin,,V5_WIKIDATA_ROLE_ONLY_EXPANSION,ROLE_CATEGORY_ONLY;IDENTITY_LABEL;NO_EVENT_OUTCOME;NO_CHRONOLOGY;NO_PAIRABILITY;NO_ASTROLOGY;NO_CONTROL,JeanGabin1904,Jean Gabin,male,1904-05-17,02:00,+00:09,1904,"Paris, France",2.351,48.857,True,False,True,V5_ROLE_ONLY_EXPANSION,False,False
PROJECT,film_director,Q2526255,Q184622,Jean Genet,jeangenet,,V5_WIKIDATA_ROLE_ONLY_EXPANSION,ROLE_CATEGORY_ONLY;IDENTITY_LABEL;NO_EVENT_OUTCOME;NO_CHRONOLOGY;NO_PAIRABILITY;NO_ASTROLOGY;NO_CONTROL,JeanGenet1910,Jean Genet,male,1910-12-19,19:45,+00:09,1910,"Paris, France",2.351,48.857,True,False,True,V5_ROLE_ONLY_EXPANSION,False,False
PROJECT,film_director,Q2526255,Q309240,Jean Giraud,jeangiraud,,V5_WIKIDATA_ROLE_ONLY_EXPANSION,ROLE_CATEGORY_ONLY;IDENTITY_LABEL;NO_EVENT_OUTCOME;NO_CHRONOLOGY;NO_PAIRABILITY;NO_ASTROLOGY;NO_CONTROL,JeanGiraud1938,Jean Giraud,male,1938-05-08,10:45,+01:00,1938,"Nogent-sur-Marne, France",2.488,48.837,True,False,True,V5_ROLE_ONLY_EXPANSION,False,False
PROJECT,actor,Q33999,Q105719,Jean Harlow,jeanharlow,,V5_WIKIDATA_ROLE_ONLY_EXPANSION,ROLE_CATEGORY_ONLY;IDENTITY_LABEL;NO_EVENT_OUTCOME;NO_CHRONOLOGY;NO_PAIRABILITY;NO_ASTROLOGY;NO_CONTROL,JeanHarlow1911,Jean Harlow,female,1911-03-03,19:40,-06:00,1911,"Kansas City, MO, United States",-94.579,39.1,True,False,True,V5_ROLE_ONLY_EXPANSION,False,False
PROJECT,film_director,Q2526255,Q168359,Jean Marais,jeanmarais,,V5_WIKIDATA_ROLE_ONLY_EXPANSION,ROLE_CATEGORY_ONLY;IDENTITY_LABEL;NO_EVENT_OUTCOME;NO_CHRONOLOGY;NO_PAIRABILITY;NO_ASTROLOGY;NO_CONTROL,JeanMarais1913,Jean Marais,male,1913-12-11,12:30,+00:00,1913,"Cherbourg-Octeville, Cherbourg-en-Cotentin, France",-1.624,49.638,True,False,True,V5_ROLE_ONLY_EXPANSION,False,False
PROJECT,actor,Q33999,Q106099,Jeanne Moreau,jeannemoreau,,V5_WIKIDATA_ROLE_ONLY_EXPANSION,ROLE_CATEGORY_ONLY;IDENTITY_LABEL;NO_EVENT_OUTCOME;NO_CHRONOLOGY;NO_PAIRABILITY;NO_ASTROLOGY;NO_CONTROL,JeanneMoreau1928,Jeanne Moreau,female,1928-01-23,11:15,+00:00,1928,"Paris, France",2.351,48.857,True,False,True,V5_ROLE_ONLY_EXPANSION,False,False
PROJECT,actor,Q33999,Q106555,Jean Rochefort,jeanrochefort,,V5_WIKIDATA_ROLE_ONLY_EXPANSION,ROLE_CATEGORY_ONLY;IDENTITY_LABEL;NO_EVENT_OUTCOME;NO_CHRONOLOGY;NO_PAIRABILITY;NO_ASTROLOGY;NO_CONTROL,JeanRochefort1930,Jean Rochefort,male,1930-04-29,11:00,+01:00,1930,"Paris, France",2.351,48.857,True,False,True,V5_ROLE_ONLY_EXPANSION,False,False
PROJECT,film_director,Q2526255,Q166405,Jean Rouch,jeanrouch,,V5_WIKIDATA_ROLE_ONLY_EXPANSION,ROLE_CATEGORY_ONLY;IDENTITY_LABEL;NO_EVENT_OUTCOME;NO_CHRONOLOGY;NO_PAIRABILITY;NO_ASTROLOGY;NO_CONTROL,JeanRouch1917,Jean Rouch,male,1917-05-31,04:00,+01:00,1917,"Paris, France",2.351,48.857,True,False,True,V5_ROLE_ONLY_EXPANSION,False,False
PROJECT,musician,Q639669,Q330824,Jean Sablon,jeansablon,,V5_WIKIDATA_ROLE_ONLY_EXPANSION,ROLE_CATEGORY_ONLY;IDENTITY_LABEL;NO_EVENT_OUTCOME;NO_CHRONOLOGY;NO_PAIRABILITY;NO_ASTROLOGY;NO_CONTROL,JeanSablon1906,Jean Sablon,male,1906-03-25,04:00,+00:09,1906,"Nogent-sur-Marne, France",2.488,48.837,True,False,True,V5_ROLE_ONLY_EXPANSION,False,False
PROJECT,film_director,Q2526255,Q55395,Jean Vigo,jeanvigo,,V5_WIKIDATA_ROLE_ONLY_EXPANSION,ROLE_CATEGORY_ONLY;IDENTITY_LABEL;NO_EVENT_OUTCOME;NO_CHRONOLOGY;NO_PAIRABILITY;NO_ASTROLOGY;NO_CONTROL,JeanVigo1905,Jean Vigo,male,1905-04-26,03:00,+00:09,1905,"Paris, France",2.351,48.857,True,False,True,V5_ROLE_ONLY_EXPANSION,False,False
PROJECT,actor,Q33999,Q106225,Jean Yanne,jeanyanne,,V5_WIKIDATA_ROLE_ONLY_EXPANSION,ROLE_CATEGORY_ONLY;IDENTITY_LABEL;NO_EVENT_OUTCOME;NO_CHRONOLOGY;NO_PAIRABILITY;NO_ASTROLOGY;NO_CONTROL,JeanYanne1933,Jean Yanne,male,1933-07-18,01:00,+01:00,1933,"Les Lilas, France",2.416,48.88,True,False,True,V5_ROLE_ONLY_EXPANSION,False,False
PROJECT,film_director,Q2526255,Q342612,Jeff Conaway,jeffconaway,,V5_WIKIDATA_ROLE_ONLY_EXPANSION,ROLE_CATEGORY_ONLY;IDENTITY_LABEL;NO_EVENT_OUTCOME;NO_CHRONOLOGY;NO_PAIRABILITY;NO_ASTROLOGY;NO_CONTROL,JeffConaway1950,Jeff Conaway,male,1950-10-05,10:05,-05:00,1950,"New York, NY, United States",-74.007,40.713,True,False,True,V5_ROLE_ONLY_EXPANSION,False,False
PROJECT,musician,Q639669,Q270335,Jenifer,jenifer,,V5_WIKIDATA_ROLE_ONLY_EXPANSION,ROLE_CATEGORY_ONLY;IDENTITY_LABEL;NO_EVENT_OUTCOME;NO_CHRONOLOGY;NO_PAIRABILITY;NO_ASTROLOGY;NO_CONTROL,Jenifer1982,Jenifer,female,1982-11-15,09:35,+01:00,1982,"Nice, France",7.266,43.703,True,False,True,V5_ROLE_ONLY_EXPANSION,False,False
PROJECT,actor,Q33999,Q61831,Jerry Calà,jerrycala,,V5_WIKIDATA_ROLE_ONLY_EXPANSION,ROLE_CATEGORY_ONLY;IDENTITY_LABEL;NO_EVENT_OUTCOME;NO_CHRONOLOGY;NO_PAIRABILITY;NO_ASTROLOGY;NO_CONTROL,JerryCalà1951,Jerry Calà,male,1951-06-28,09:25,+01:00,1951,"Catania, Italy",15.088,37.502,True,False,True,V5_ROLE_ONLY_EXPANSION,False,False
PROJECT,film_director,Q2526255,Q312870,Jerry Garcia,jerrygarcia,,V5_WIKIDATA_ROLE_ONLY_EXPANSION,ROLE_CATEGORY_ONLY;IDENTITY_LABEL;NO_EVENT_OUTCOME;NO_CHRONOLOGY;NO_PAIRABILITY;NO_ASTROLOGY;NO_CONTROL,JerryGarcia1942,Jerry Garcia,male,1942-08-01,12:05,-07:00,1942,"San Francisco, CA, United States",-122.42,37.78,True,False,True,V5_ROLE_ONLY_EXPANSION,False,False
PROJECT,film_director,Q2526255,Q363666,Jerry Zucker,jerryzucker,,V5_WIKIDATA_ROLE_ONLY_EXPANSION,ROLE_CATEGORY_ONLY;IDENTITY_LABEL;NO_EVENT_OUTCOME;NO_CHRONOLOGY;NO_PAIRABILITY;NO_ASTROLOGY;NO_CONTROL,JerryZucker1950,Jerry Zucker,male,1950-03-11,05:43,-06:00,1950,"Milwaukee, WI, United States",-87.909,43.041,True,False,True,V5_ROLE_ONLY_EXPANSION,False,False
PROJECT,actor,Q33999,Q163249,Jessica Biel,jessicabiel,,V5_WIKIDATA_ROLE_ONLY_EXPANSION,ROLE_CATEGORY_ONLY;IDENTITY_LABEL;NO_EVENT_OUTCOME;NO_CHRONOLOGY;NO_PAIRABILITY;NO_ASTROLOGY;NO_CONTROL,JessicaBiel1982,Jessica Biel,female,1982-03-03,00:56,-06:00,1982,"Ely, MN, United States",-91.856,47.903,True,False,True,V5_ROLE_ONLY_EXPANSION,False,False
PROJECT,film_director,Q2526255,Q448604,Jim Abrahams,jimabrahams,,V5_WIKIDATA_ROLE_ONLY_EXPANSION,ROLE_CATEGORY_ONLY;IDENTITY_LABEL;NO_EVENT_OUTCOME;NO_CHRONOLOGY;NO_PAIRABILITY;NO_ASTROLOGY;NO_CONTROL,JimAbrahams1944,Jim Abrahams,male,1944-05-10,21:55,-05:00,1944,"Shorewood, WI, United States",-87.884,43.089,True,False,True,V5_ROLE_ONLY_EXPANSION,False,False
PROJECT,film_director,Q2526255,Q191037,Jim Henson,jimhenson,,V5_WIKIDATA_ROLE_ONLY_EXPANSION,ROLE_CATEGORY_ONLY;IDENTITY_LABEL;NO_EVENT_OUTCOME;NO_CHRONOLOGY;NO_PAIRABILITY;NO_ASTROLOGY;NO_CONTROL,JimHenson1936,Jim Henson,male,1936-09-24,00:10,-05:00,1936,"Greenville, MS, United States",-91.053,33.399,True,False,True,V5_ROLE_ONLY_EXPANSION,False,False
PROJECT,singer,Q177220,Q5928,Jimi Hendrix,jimihendrix,,V5_WIKIDATA_ROLE_ONLY_EXPANSION,ROLE_CATEGORY_ONLY;IDENTITY_LABEL;NO_EVENT_OUTCOME;NO_CHRONOLOGY;NO_PAIRABILITY;NO_ASTROLOGY;NO_CONTROL,JimiHendrix1942,Jimi Hendrix,male,1942-11-27,10:15,-07:00,1942,"Seattle, WA, United States",-122.33,47.603,True,False,True,V5_ROLE_ONLY_EXPANSION,False,False
PROJECT,film_director,Q2526255,Q191755,Jim Jarmusch,jimjarmusch,,V5_WIKIDATA_ROLE_ONLY_EXPANSION,ROLE_CATEGORY_ONLY;IDENTITY_LABEL;NO_EVENT_OUTCOME;NO_CHRONOLOGY;NO_PAIRABILITY;NO_ASTROLOGY;NO_CONTROL,JimJarmusch1953,Jim Jarmusch,male,1953-01-22,19:15,-05:00,1953,"Akron, OH, United States",-81.516,41.085,True,False,True,V5_ROLE_ONLY_EXPANSION,False,False
PROJECT,musician,Q639669,Q115049,Jim Kerr,jimkerr,,V5_WIKIDATA_ROLE_ONLY_EXPANSION,ROLE_CATEGORY_ONLY;IDENTITY_LABEL;NO_EVENT_OUTCOME;NO_CHRONOLOGY;NO_PAIRABILITY;NO_ASTROLOGY;NO_CONTROL,JimKerr1959,Jim Kerr,male,1959-07-09,09:45,+01:00,1959,"Glasgow, United Kingdom",-4.257,55.866,True,False,True,V5_ROLE_ONLY_EXPANSION,False,False
PROJECT,actor,Q33999,Q44301,Jim Morrison,jimmorrison,,V5_WIKIDATA_ROLE_ONLY_EXPANSION,ROLE_CATEGORY_ONLY;IDENTITY_LABEL;NO_EVENT_OUTCOME;NO_CHRONOLOGY;NO_PAIRABILITY;NO_ASTROLOGY;NO_CONTROL,JimMorrison1943,Jim Morrison,male,1943-12-08,11:55,-04:00,1943,"Melbourne Beach, FL, United States",-80.558,28.068,True,False,True,V5_ROLE_ONLY_EXPANSION,False,False
PROJECT,film_director,Q2526255,Q455704,Jimmy Somerville,jimmysomerville,,V5_WIKIDATA_ROLE_ONLY_EXPANSION,ROLE_CATEGORY_ONLY;IDENTITY_LABEL;NO_EVENT_OUTCOME;NO_CHRONOLOGY;NO_PAIRABILITY;NO_ASTROLOGY;NO_CONTROL,JimmySomerville1961,Jimmy Somerville,male,1961-06-22,15:20,+01:00,1961,"Glasgow, United Kingdom",-4.257,55.866,True,False,True,V5_ROLE_ONLY_EXPANSION,False,False
PROJECT,musician,Q639669,Q192359,João Gilberto,joaogilberto,,V5_WIKIDATA_ROLE_ONLY_EXPANSION,ROLE_CATEGORY_ONLY;IDENTITY_LABEL;NO_EVENT_OUTCOME;NO_CHRONOLOGY;NO_PAIRABILITY;NO_ASTROLOGY;NO_CONTROL,JoaoGilberto1931,Joao Gilberto,male,1931-06-10,07:00,-03:00,1931,"Juazeiro, Brazil",-40.505,-9.431,True,False,True,V5_ROLE_ONLY_EXPANSION,False,False
PROJECT,film_director,Q2526255,Q455279,Joe Dante,joedante,,V5_WIKIDATA_ROLE_ONLY_EXPANSION,ROLE_CATEGORY_ONLY;IDENTITY_LABEL;NO_EVENT_OUTCOME;NO_CHRONOLOGY;NO_PAIRABILITY;NO_ASTROLOGY;NO_CONTROL,JoeDante1946,Joe Dante,male,1946-11-28,16:32,-05:00,1946,"Morristown, NJ, United States",-74.482,40.797,True,False,True,V5_ROLE_ONLY_EXPANSION,False,False
PROJECT,musician,Q639669,Q316641,Joel Grey,joelgrey,,V5_WIKIDATA_ROLE_ONLY_EXPANSION,ROLE_CATEGORY_ONLY;IDENTITY_LABEL;NO_EVENT_OUTCOME;NO_CHRONOLOGY;NO_PAIRABILITY;NO_ASTROLOGY;NO_CONTROL,JoelGrey1932,Joel Grey,male,1932-04-11,21:52,-05:00,1932,"Cleveland, OH, United States",-81.691,41.505,True,False,True,V5_ROLE_ONLY_EXPANSION,False,False
PROJECT,singer,Q177220,Q313378,Joe Perry,joeperry,,V5_WIKIDATA_ROLE_ONLY_EXPANSION,ROLE_CATEGORY_ONLY;IDENTITY_LABEL;NO_EVENT_OUTCOME;NO_CHRONOLOGY;NO_PAIRABILITY;NO_ASTROLOGY;NO_CONTROL,JoePerry1950,Joe Perry,male,1950-09-10,23:20,-05:00,1950,"Lawrence, KS, United States",-95.238,38.973,True,False,True,V5_ROLE_ONLY_EXPANSION,False,False
PROJECT,actor,Q33999,Q20178,Joe Pesci,joepesci,,V5_WIKIDATA_ROLE_ONLY_EXPANSION,ROLE_CATEGORY_ONLY;IDENTITY_LABEL;NO_EVENT_OUTCOME;NO_CHRONOLOGY;NO_PAIRABILITY;NO_ASTROLOGY;NO_CONTROL,JoePesci1943,Joe Pesci,male,1943-02-09,11:45,-04:00,1943,"Newark, NJ, United States",-74.174,40.732,True,False,True,V5_ROLE_ONLY_EXPANSION,False,False
PROJECT,actor,Q33999,Q24632,John Barrowman,johnbarrowman,,V5_WIKIDATA_ROLE_ONLY_EXPANSION,ROLE_CATEGORY_ONLY;IDENTITY_LABEL;NO_EVENT_OUTCOME;NO_CHRONOLOGY;NO_PAIRABILITY;NO_ASTROLOGY;NO_CONTROL,JohnBarrowman1967,John Barrowman,male,1967-03-11,17:25,+00:00,1967,"Glasgow, United Kingdom",-4.257,55.866,True,False,True,V5_ROLE_ONLY_EXPANSION,False,False
PROJECT,actor,Q33999,Q23858,John Belushi,johnbelushi,,V5_WIKIDATA_ROLE_ONLY_EXPANSION,ROLE_CATEGORY_ONLY;IDENTITY_LABEL;NO_EVENT_OUTCOME;NO_CHRONOLOGY;NO_PAIRABILITY;NO_ASTROLOGY;NO_CONTROL,JohnBelushi1949,John Belushi,male,1949-01-25,05:12,-06:00,1949,"Chicago, IL, United States",-87.632,41.883,True,False,True,V5_ROLE_ONLY_EXPANSION,False,False
PROJECT,musician,Q639669,Q180727,John Cage,johncage,,V5_WIKIDATA_ROLE_ONLY_EXPANSION,ROLE_CATEGORY_ONLY;IDENTITY_LABEL;NO_EVENT_OUTCOME;NO_CHRONOLOGY;NO_PAIRABILITY;NO_ASTROLOGY;NO_CONTROL,JohnCage1912,John Cage,male,1912-09-05,05:00,-08:00,1912,"Los Angeles, CA, United States",-118.243,34.052,True,False,True,V5_ROLE_ONLY_EXPANSION,False,False
PROJECT,actor,Q33999,Q95008,John Carpenter,johncarpenter,,V5_WIKIDATA_ROLE_ONLY_EXPANSION,ROLE_CATEGORY_ONLY;IDENTITY_LABEL;NO_EVENT_OUTCOME;NO_CHRONOLOGY;NO_PAIRABILITY;NO_ASTROLOGY;NO_CONTROL,JohnCarpenter1948,John Carpenter,male,1948-01-16,21:50,-05:00,1948,"Carthage, NY, United States",-75.607,43.98,True,False,True,V5_ROLE_ONLY_EXPANSION,False,False
PROJECT,actor,Q33999,Q44437,John Cena,johncena,,V5_WIKIDATA_ROLE_ONLY_EXPANSION,ROLE_CATEGORY_ONLY;IDENTITY_LABEL;NO_EVENT_OUTCOME;NO_CHRONOLOGY;NO_PAIRABILITY;NO_ASTROLOGY;NO_CONTROL,JohnCena1977,John Cena,male,1977-04-23,08:57,-05:00,1977,"West Newbury, MA, United States",-70.988,42.801,True,False,True,V5_ROLE_ONLY_EXPANSION,False,False
PROJECT,musician,Q639669,Q105460,John Denver,johndenver,,V5_WIKIDATA_ROLE_ONLY_EXPANSION,ROLE_CATEGORY_ONLY;IDENTITY_LABEL;NO_EVENT_OUTCOME;NO_CHRONOLOGY;NO_PAIRABILITY;NO_ASTROLOGY;NO_CONTROL,JohnDenver1943,John Denver,male,1943-12-31,15:55,-04:00,1943,"Roswell, GA, United States",-84.362,34.022,True,False,True,V5_ROLE_ONLY_EXPANSION,False,False
PROJECT,musician,Q639669,Q326538,John Fogerty,johnfogerty,,V5_WIKIDATA_ROLE_ONLY_EXPANSION,ROLE_CATEGORY_ONLY;IDENTITY_LABEL;NO_EVENT_OUTCOME;NO_CHRONOLOGY;NO_PAIRABILITY;NO_ASTROLOGY;NO_CONTROL,JohnFogerty1945,John Fogerty,male,1945-05-28,19:28,-07:00,1945,"Berkeley, CA, United States",-122.27,37.869,True,False,True,V5_ROLE_ONLY_EXPANSION,False,False
PROJECT,film_director,Q2526255,Q312688,John Holmes,johnholmes,,V5_WIKIDATA_ROLE_ONLY_EXPANSION,ROLE_CATEGORY_ONLY;IDENTITY_LABEL;NO_EVENT_OUTCOME;NO_CHRONOLOGY;NO_PAIRABILITY;NO_ASTROLOGY;NO_CONTROL,JohnHolmes1944,John Holmes,male,1944-08-08,22:00,-04:00,1944,"Pickaway, OH, United States",-82.877,39.512,True,False,True,V5_ROLE_ONLY_EXPANSION,False,False
PROJECT,actor,Q33999,Q151284,Johnny Weissmuller,johnnyweissmuller,,V5_WIKIDATA_ROLE_ONLY_EXPANSION,ROLE_CATEGORY_ONLY;IDENTITY_LABEL;NO_EVENT_OUTCOME;NO_CHRONOLOGY;NO_PAIRABILITY;NO_ASTROLOGY;NO_CONTROL,JohnnyWeissmuller1904,Johnny Weissmuller,male,1904-06-02,18:00,-05:00,1904,"Windber, PA, United States",-78.826,40.231,True,False,True,V5_ROLE_ONLY_EXPANSION,False,False
PROJECT,actor,Q33999,Q132167,Johnny Whitaker,johnnywhitaker,,V5_WIKIDATA_ROLE_ONLY_EXPANSION,ROLE_CATEGORY_ONLY;IDENTITY_LABEL;NO_EVENT_OUTCOME;NO_CHRONOLOGY;NO_PAIRABILITY;NO_ASTROLOGY;NO_CONTROL,JohnnyWhitaker1959,Johnny Whitaker,male,1959-12-13,00:14,-08:00,1959,"Los Angeles, CA, United States",-118.243,34.052,True,False,True,V5_ROLE_ONLY_EXPANSION,False,False
PROJECT,musician,Q639669,Q205583,John Paul Young,johnpaulyoung,,V5_WIKIDATA_ROLE_ONLY_EXPANSION,ROLE_CATEGORY_ONLY;IDENTITY_LABEL;NO_EVENT_OUTCOME;NO_CHRONOLOGY;NO_PAIRABILITY;NO_ASTROLOGY;NO_CONTROL,JohnPaulYoung1950,John Paul Young,male,1950-06-21,08:15,+01:00,1950,"Glasgow, United Kingdom",-4.257,55.866,True,False,True,V5_ROLE_ONLY_EXPANSION,False,False
PROJECT,musician,Q639669,Q215219,JoJo,jojo,,V5_WIKIDATA_ROLE_ONLY_EXPANSION,ROLE_CATEGORY_ONLY;IDENTITY_LABEL;NO_EVENT_OUTCOME;NO_CHRONOLOGY;NO_PAIRABILITY;NO_ASTROLOGY;NO_CONTROL,JoJo1990,JoJo,female,1990-12-20,10:41,-05:00,1990,"Brattleboro, VT, United States",-72.563,42.846,True,False,True,V5_ROLE_ONLY_EXPANSION,False,False
PROJECT,actor,Q33999,Q4538,Jonathan Winters,jonathanwinters,,V5_WIKIDATA_ROLE_ONLY_EXPANSION,ROLE_CATEGORY_ONLY;IDENTITY_LABEL;NO_EVENT_OUTCOME;NO_CHRONOLOGY;NO_PAIRABILITY;NO_ASTROLOGY;NO_CONTROL,JonathanWinters1925,Jonathan Winters,male,1925-11-11,20:23,-05:00,1925,"Dayton, OH, United States",-84.192,39.761,True,False,True,V5_ROLE_ONLY_EXPANSION,False,False
PROJECT,singer,Q177220,Q337511,Jordan Knight,jordanknight,,V5_WIKIDATA_ROLE_ONLY_EXPANSION,ROLE_CATEGORY_ONLY;IDENTITY_LABEL;NO_EVENT_OUTCOME;NO_CHRONOLOGY;NO_PAIRABILITY;NO_ASTROLOGY;NO_CONTROL,JordanKnight1970,Jordan Knight,male,1970-05-17,04:50,-04:00,1970,"Worcester, MA, United States",-71.802,42.262,True,False,True,V5_ROLE_ONLY_EXPANSION,False,False
PROJECT,film_director,Q2526255,Q312098,José Ferrer,joseferrer,,V5_WIKIDATA_ROLE_ONLY_EXPANSION,ROLE_CATEGORY_ONLY;IDENTITY_LABEL;NO_EVENT_OUTCOME;NO_CHRONOLOGY;NO_PAIRABILITY;NO_ASTROLOGY;NO_CONTROL,JoséFerrer1912,José Ferrer,male,1912-01-08,22:10,-04:00,1912,"San Juan PR, Puerto Rico",-66.06,18.385,True,False,True,V5_ROLE_ONLY_EXPANSION,False,False
PROJECT,singer,Q177220,Q92013,Josef Traxel,joseftraxel,,V5_WIKIDATA_ROLE_ONLY_EXPANSION,ROLE_CATEGORY_ONLY;IDENTITY_LABEL;NO_EVENT_OUTCOME;NO_CHRONOLOGY;NO_PAIRABILITY;NO_ASTROLOGY;NO_CONTROL,JosefTraxel1916,Josef Traxel,male,1916-09-29,04:30,+02:00,1916,"Mainz, Germany",8.267,49.995,True,False,True,V5_ROLE_ONLY_EXPANSION,False,False
PROJECT,actor,Q33999,Q115754,José Giovanni,josegiovanni,,V5_WIKIDATA_ROLE_ONLY_EXPANSION,ROLE_CATEGORY_ONLY;IDENTITY_LABEL;NO_EVENT_OUTCOME;NO_CHRONOLOGY;NO_PAIRABILITY;NO_ASTROLOGY;NO_CONTROL,JoséGiovanni1923,José Giovanni,male,1923-06-22,12:00,+01:00,1923,"Paris, France",2.351,48.857,True,False,True,V5_ROLE_ONLY_EXPANSION,False,False
PROJECT,film_director,Q2526255,Q269357,Joseph Losey,josephlosey,,V5_WIKIDATA_ROLE_ONLY_EXPANSION,ROLE_CATEGORY_ONLY;IDENTITY_LABEL;NO_EVENT_OUTCOME;NO_CHRONOLOGY;NO_PAIRABILITY;NO_ASTROLOGY;NO_CONTROL,JosephLosey1909,Joseph Losey,male,1909-01-14,15:45,-06:00,1909,"La Crosse, WI, United States",-91.252,43.809,True,False,True,V5_ROLE_ONLY_EXPANSION,False,False
PROJECT,actor,Q33999,Q94513,Joseph Schmidt,josephschmidt,,V5_WIKIDATA_ROLE_ONLY_EXPANSION,ROLE_CATEGORY_ONLY;IDENTITY_LABEL;NO_EVENT_OUTCOME;NO_CHRONOLOGY;NO_PAIRABILITY;NO_ASTROLOGY;NO_CONTROL,JosephSchmidt1959,Joseph Schmidt,male,1959-08-13,20:43,-05:00,1959,"Bismarck, ND, United States",-100.783,46.805,True,False,True,V5_ROLE_ONLY_EXPANSION,False,False
PROJECT,actor,Q33999,Q41396,Josh Brolin,joshbrolin,,V5_WIKIDATA_ROLE_ONLY_EXPANSION,ROLE_CATEGORY_ONLY;IDENTITY_LABEL;NO_EVENT_OUTCOME;NO_CHRONOLOGY;NO_PAIRABILITY;NO_ASTROLOGY;NO_CONTROL,JoshBrolin1968,Josh Brolin,male,1968-02-12,10:22,-08:00,1968,"Santa Monica, CA, United States",-118.492,34.011,True,False,True,V5_ROLE_ONLY_EXPANSION,False,False
PROJECT,singer,Q177220,Q218083,Josh Groban,joshgroban,,V5_WIKIDATA_ROLE_ONLY_EXPANSION,ROLE_CATEGORY_ONLY;IDENTITY_LABEL;NO_EVENT_OUTCOME;NO_CHRONOLOGY;NO_PAIRABILITY;NO_ASTROLOGY;NO_CONTROL,JoshGroban1981,Josh Groban,male,1981-02-27,16:13,-08:00,1981,"Los Angeles, CA, United States",-118.243,34.052,True,False,True,V5_ROLE_ONLY_EXPANSION,False,False
PROJECT,film_director,Q2526255,Q505141,Joshua Logan,joshualogan,,V5_WIKIDATA_ROLE_ONLY_EXPANSION,ROLE_CATEGORY_ONLY;IDENTITY_LABEL;NO_EVENT_OUTCOME;NO_CHRONOLOGY;NO_PAIRABILITY;NO_ASTROLOGY;NO_CONTROL,JoshuaLogan1908,Joshua Logan,male,1908-10-05,10:00,-06:00,1908,"Texarkana, TX, United States",-94.064,33.442,True,False,True,V5_ROLE_ONLY_EXPANSION,False,False
PROJECT,singer,Q177220,Q200661,Juan Rulfo,juanrulfo,,V5_WIKIDATA_ROLE_ONLY_EXPANSION,ROLE_CATEGORY_ONLY;IDENTITY_LABEL;NO_EVENT_OUTCOME;NO_CHRONOLOGY;NO_PAIRABILITY;NO_ASTROLOGY;NO_CONTROL,JuanRulfo1917,Juan Rulfo,male,1917-05-16,05:00,-06:37,1917,"Sayula, Jalisco, México",-103.601,19.884,True,False,True,V5_ROLE_ONLY_EXPANSION,False,False
PROJECT,film_director,Q2526255,Q267542,Judith Godrèche,judithgodreche,,V5_WIKIDATA_ROLE_ONLY_EXPANSION,ROLE_CATEGORY_ONLY;IDENTITY_LABEL;NO_EVENT_OUTCOME;NO_CHRONOLOGY;NO_PAIRABILITY;NO_ASTROLOGY;NO_CONTROL,JudithGodrèche1972,Judith Godrèche,female,1972-03-23,11:10,+01:00,1972,"Paris, France",2.351,48.857,True,False,True,V5_ROLE_ONLY_EXPANSION,False,False
PROJECT,actor,Q33999,Q11637,Judy Garland,judygarland,,V5_WIKIDATA_ROLE_ONLY_EXPANSION,ROLE_CATEGORY_ONLY;IDENTITY_LABEL;NO_EVENT_OUTCOME;NO_CHRONOLOGY;NO_PAIRABILITY;NO_ASTROLOGY;NO_CONTROL,JudyGarland1922,Judy Garland,female,1922-06-10,06:00,-05:00,1922,"Grand Rapids, MN, United States",-93.527,47.231,True,False,True,V5_ROLE_ONLY_EXPANSION,False,False
PROJECT,musician,Q639669,Q329110,Juke Boy Bonner,jukeboybonner,,V5_WIKIDATA_ROLE_ONLY_EXPANSION,ROLE_CATEGORY_ONLY;IDENTITY_LABEL;NO_EVENT_OUTCOME;NO_CHRONOLOGY;NO_PAIRABILITY;NO_ASTROLOGY;NO_CONTROL,JukeBoyBonner1932,Juke Boy Bonner,male,1932-03-22,12:00,-06:00,1932,"Bellville, TX, United States",-96.258,29.95,True,False,True,V5_ROLE_ONLY_EXPANSION,False,False
PROJECT,film_director,Q2526255,Q259663,Julianne Nicholson,juliannenicholson,,V5_WIKIDATA_ROLE_ONLY_EXPANSION,ROLE_CATEGORY_ONLY;IDENTITY_LABEL;NO_EVENT_OUTCOME;NO_CHRONOLOGY;NO_PAIRABILITY;NO_ASTROLOGY;NO_CONTROL,JulianneNicholson1971,Julianne Nicholson,female,1971-07-01,09:22,-04:00,1971,"Melrose, MA, United States",-71.065,42.456,True,False,True,V5_ROLE_ONLY_EXPANSION,False,False
PROJECT,film_director,Q2526255,Q270774,Julia Sweeney,juliasweeney,,V5_WIKIDATA_ROLE_ONLY_EXPANSION,ROLE_CATEGORY_ONLY;IDENTITY_LABEL;NO_EVENT_OUTCOME;NO_CHRONOLOGY;NO_PAIRABILITY;NO_ASTROLOGY;NO_CONTROL,JuliaSweeney1959,Julia Sweeney,female,1959-10-10,06:13,-08:00,1959,"Spokane, WA, United States",-117.425,47.659,True,False,True,V5_ROLE_ONLY_EXPANSION,False,False
PROJECT,film_director,Q2526255,Q435925,Julie Gayet,juliegayet,,V5_WIKIDATA_ROLE_ONLY_EXPANSION,ROLE_CATEGORY_ONLY;IDENTITY_LABEL;NO_EVENT_OUTCOME;NO_CHRONOLOGY;NO_PAIRABILITY;NO_ASTROLOGY;NO_CONTROL,JulieGayet1972,Julie Gayet,female,1972-06-03,12:55,+01:00,1972,"Suresnes, France",2.222,48.87,True,False,True,V5_ROLE_ONLY_EXPANSION,False,False
PROJECT,singer,Q177220,Q231255,Julie London,julielondon,,V5_WIKIDATA_ROLE_ONLY_EXPANSION,ROLE_CATEGORY_ONLY;IDENTITY_LABEL;NO_EVENT_OUTCOME;NO_CHRONOLOGY;NO_PAIRABILITY;NO_ASTROLOGY;NO_CONTROL,JulieLondon1926,Julie London,female,1926-09-26,18:00,-08:00,1926,"Santa Rosa, CA, United States",-122.716,38.44,True,False,True,V5_ROLE_ONLY_EXPANSION,False,False
PROJECT,singer,Q177220,Q237221,Julie Newmar,julienewmar,,V5_WIKIDATA_ROLE_ONLY_EXPANSION,ROLE_CATEGORY_ONLY;IDENTITY_LABEL;NO_EVENT_OUTCOME;NO_CHRONOLOGY;NO_PAIRABILITY;NO_ASTROLOGY;NO_CONTROL,JulieNewmar1933,Julie Newmar,female,1933-08-16,23:26,-08:00,1933,"Los Angeles, CA, United States",-118.243,34.052,True,False,True,V5_ROLE_ONLY_EXPANSION,False,False
PROJECT,musician,Q639669,Q240490,Julie Taymor,julietaymor,,V5_WIKIDATA_ROLE_ONLY_EXPANSION,ROLE_CATEGORY_ONLY;IDENTITY_LABEL;NO_EVENT_OUTCOME;NO_CHRONOLOGY;NO_PAIRABILITY;NO_ASTROLOGY;NO_CONTROL,JulieTaymor1952,Julie Taymor,female,1952-12-15,10:06,-05:00,1952,"Newton, MA, United States",-71.212,42.338,True,False,True,V5_ROLE_ONLY_EXPANSION,False,False
PROJECT,actor,Q33999,Q156485,Juliette Gréco,juliettegreco,,V5_WIKIDATA_ROLE_ONLY_EXPANSION,ROLE_CATEGORY_ONLY;IDENTITY_LABEL;NO_EVENT_OUTCOME;NO_CHRONOLOGY;NO_PAIRABILITY;NO_ASTROLOGY;NO_CONTROL,JulietteGréco1927,Juliette Gréco,female,1927-02-07,21:00,+00:00,1927,"Montpellier, France",3.88,43.608,True,False,True,V5_ROLE_ONLY_EXPANSION,False,False
PROJECT,singer,Q177220,Q230523,Juliette Lewis,juliettelewis,,V5_WIKIDATA_ROLE_ONLY_EXPANSION,ROLE_CATEGORY_ONLY;IDENTITY_LABEL;NO_EVENT_OUTCOME;NO_CHRONOLOGY;NO_PAIRABILITY;NO_ASTROLOGY;NO_CONTROL,JulietteLewis1973,Juliette Lewis,female,1973-06-21,04:50,-07:00,1973,"Los Angeles, CA, United States",-118.243,34.052,True,False,True,V5_ROLE_ONLY_EXPANSION,False,False
PROJECT,singer,Q177220,Q272349,June Haver,junehaver,,V5_WIKIDATA_ROLE_ONLY_EXPANSION,ROLE_CATEGORY_ONLY;IDENTITY_LABEL;NO_EVENT_OUTCOME;NO_CHRONOLOGY;NO_PAIRABILITY;NO_ASTROLOGY;NO_CONTROL,JuneHaver1926,June Haver,female,1926-06-10,21:12,-05:00,1926,"Rock Island, IL, United States",-90.584,41.472,True,False,True,V5_ROLE_ONLY_EXPANSION,False,False
PROJECT,actor,Q33999,Q16759,Kaley Cuoco,kaleycuoco,,V5_WIKIDATA_ROLE_ONLY_EXPANSION,ROLE_CATEGORY_ONLY;IDENTITY_LABEL;NO_EVENT_OUTCOME;NO_CHRONOLOGY;NO_PAIRABILITY;NO_ASTROLOGY;NO_CONTROL,KaleyCuoco1985,Kaley Cuoco,female,1985-11-30,12:18,-08:00,1985,"Camarillo, CA, United States",-119.051,34.225,True,False,True,V5_ROLE_ONLY_EXPANSION,False,False
PROJECT,singer,Q177220,Q232333,Karen Black,karenblack,,V5_WIKIDATA_ROLE_ONLY_EXPANSION,ROLE_CATEGORY_ONLY;IDENTITY_LABEL;NO_EVENT_OUTCOME;NO_CHRONOLOGY;NO_PAIRABILITY;NO_ASTROLOGY;NO_CONTROL,KarenBlack1939,Karen Black,female,1939-07-01,05:00,-05:00,1939,"Chicago, IL, United States",-87.632,41.883,True,False,True,V5_ROLE_ONLY_EXPANSION,False,False
PROJECT,actor,Q33999,Q91985,Karl Dall,karldall,,V5_WIKIDATA_ROLE_ONLY_EXPANSION,ROLE_CATEGORY_ONLY;IDENTITY_LABEL;NO_EVENT_OUTCOME;NO_CHRONOLOGY;NO_PAIRABILITY;NO_ASTROLOGY;NO_CONTROL,KarlDall1941,Karl Dall,male,1941-02-01,09:15,+02:00,1941,"Emden, Germany",7.201,53.364,True,False,True,V5_ROLE_ONLY_EXPANSION,False,False
PROJECT,actor,Q33999,Q94992,Karl Malden,karlmalden,,V5_WIKIDATA_ROLE_ONLY_EXPANSION,ROLE_CATEGORY_ONLY;IDENTITY_LABEL;NO_EVENT_OUTCOME;NO_CHRONOLOGY;NO_PAIRABILITY;NO_ASTROLOGY;NO_CONTROL,KarlMalden1912,Karl Malden,male,1912-03-22,17:00,-06:00,1912,"Chicago Heights, IL, United States",-87.642,41.501,True,False,True,V5_ROLE_ONLY_EXPANSION,False,False
PROJECT,musician,Q639669,Q65295,Karl Münchinger,karlmunchinger,,V5_WIKIDATA_ROLE_ONLY_EXPANSION,ROLE_CATEGORY_ONLY;IDENTITY_LABEL;NO_EVENT_OUTCOME;NO_CHRONOLOGY;NO_PAIRABILITY;NO_ASTROLOGY;NO_CONTROL,KarlMünchinger1915,Karl Münchinger,male,1915-05-29,09:15,+01:00,1915,"Stuttgart, Germany",9.181,48.777,True,False,True,V5_ROLE_ONLY_EXPANSION,False,False
PROJECT,actor,Q33999,Q103744,Kaspar Capparoni,kasparcapparoni,,V5_WIKIDATA_ROLE_ONLY_EXPANSION,ROLE_CATEGORY_ONLY;IDENTITY_LABEL;NO_EVENT_OUTCOME;NO_CHRONOLOGY;NO_PAIRABILITY;NO_ASTROLOGY;NO_CONTROL,KasparCapparoni1964,Kaspar Capparoni,male,1964-08-01,10:20,+01:00,1964,"Rome, Italy",12.494,41.891,True,False,True,V5_ROLE_ONLY_EXPANSION,False,False
PROJECT,film_director,Q2526255,Q169946,Kate Hudson,katehudson,,V5_WIKIDATA_ROLE_ONLY_EXPANSION,ROLE_CATEGORY_ONLY;IDENTITY_LABEL;NO_EVENT_OUTCOME;NO_CHRONOLOGY;NO_PAIRABILITY;NO_ASTROLOGY;NO_CONTROL,KateHudson1979,Kate Hudson,female,1979-04-19,10:51,-08:00,1979,"Los Angeles, CA, United States",-118.243,34.052,True,False,True,V5_ROLE_ONLY_EXPANSION,False,False
PROJECT,film_director,Q2526255,Q292268,Kate Millett,katemillett,,V5_WIKIDATA_ROLE_ONLY_EXPANSION,ROLE_CATEGORY_ONLY;IDENTITY_LABEL;NO_EVENT_OUTCOME;NO_CHRONOLOGY;NO_PAIRABILITY;NO_ASTROLOGY;NO_CONTROL,KateMillett1934,Kate Millett,female,1934-09-14,19:40,-05:00,1934,"Saint-Paul, MN, United States",-93.094,44.944,True,False,True,V5_ROLE_ONLY_EXPANSION,False,False
PROJECT,singer,Q177220,Q229244,Katey Sagal,kateysagal,,V5_WIKIDATA_ROLE_ONLY_EXPANSION,ROLE_CATEGORY_ONLY;IDENTITY_LABEL;NO_EVENT_OUTCOME;NO_CHRONOLOGY;NO_PAIRABILITY;NO_ASTROLOGY;NO_CONTROL,KateySagal1954,Katey Sagal,female,1954-01-19,14:37,-08:00,1954,"Los Angeles, CA, United States",-118.243,34.052,True,False,True,V5_ROLE_ONLY_EXPANSION,False,False
PROJECT,actor,Q33999,Q56016,Katharine Hepburn,katharinehepburn,,V5_WIKIDATA_ROLE_ONLY_EXPANSION,ROLE_CATEGORY_ONLY;IDENTITY_LABEL;NO_EVENT_OUTCOME;NO_CHRONOLOGY;NO_PAIRABILITY;NO_ASTROLOGY;NO_CONTROL,KatharineHepburn1907,Katharine Hepburn,female,1907-05-12,17:47,-05:00,1907,"Hartford, CT, United States",-72.673,41.766,True,False,True,V5_ROLE_ONLY_EXPANSION,False,False
PROJECT,singer,Q177220,Q229282,Katharine McPhee,katharinemcphee,,V5_WIKIDATA_ROLE_ONLY_EXPANSION,ROLE_CATEGORY_ONLY;IDENTITY_LABEL;NO_EVENT_OUTCOME;NO_CHRONOLOGY;NO_PAIRABILITY;NO_ASTROLOGY;NO_CONTROL,KatharineMcPhee1984,Katharine McPhee,female,1984-03-25,00:05,-08:00,1984,"Los Angeles, CA, United States",-118.243,34.052,True,False,True,V5_ROLE_ONLY_EXPANSION,False,False
PROJECT,film_director,Q2526255,Q465695,Kathie Lee Gifford,kathieleegifford,,V5_WIKIDATA_ROLE_ONLY_EXPANSION,ROLE_CATEGORY_ONLY;IDENTITY_LABEL;NO_EVENT_OUTCOME;NO_CHRONOLOGY;NO_PAIRABILITY;NO_ASTROLOGY;NO_CONTROL,KathieLeeGifford1953,Kathie Lee Gifford,female,1953-08-16,23:30,+01:00,1953,"Neuilly-sur-Seine, France",2.273,48.884,True,False,True,V5_ROLE_ONLY_EXPANSION,False,False
PROJECT,musician,Q639669,Q241263,Kathleen Battle,kathleenbattle,,V5_WIKIDATA_ROLE_ONLY_EXPANSION,ROLE_CATEGORY_ONLY;IDENTITY_LABEL;NO_EVENT_OUTCOME;NO_CHRONOLOGY;NO_PAIRABILITY;NO_ASTROLOGY;NO_CONTROL,KathleenBattle1948,Kathleen Battle,female,1948-08-13,00:50,-04:00,1948,"Portsmouth, OH, United States",-82.985,38.74,True,False,True,V5_ROLE_ONLY_EXPANSION,False,False
PROJECT,singer,Q177220,Q234117,Kathryn Grayson,kathryngrayson,,V5_WIKIDATA_ROLE_ONLY_EXPANSION,ROLE_CATEGORY_ONLY;IDENTITY_LABEL;NO_EVENT_OUTCOME;NO_CHRONOLOGY;NO_PAIRABILITY;NO_ASTROLOGY;NO_CONTROL,KathrynGrayson1922,Kathryn Grayson,female,1922-02-09,13:30,-05:00,1922,"Winston-Salem, NC, United States",-80.244,36.096,True,False,True,V5_ROLE_ONLY_EXPANSION,False,False
PROJECT,film_director,Q2526255,Q174346,Katie Holmes,katieholmes,,V5_WIKIDATA_ROLE_ONLY_EXPANSION,ROLE_CATEGORY_ONLY;IDENTITY_LABEL;NO_EVENT_OUTCOME;NO_CHRONOLOGY;NO_PAIRABILITY;NO_ASTROLOGY;NO_CONTROL,KatieHolmes1978,Katie Holmes,female,1978-12-18,21:32,-05:00,1978,"Toledo, OH, United States",-83.536,41.655,True,False,True,V5_ROLE_ONLY_EXPANSION,False,False
PROJECT,singer,Q177220,Q230454,k.d. lang,kdlang,,V5_WIKIDATA_ROLE_ONLY_EXPANSION,ROLE_CATEGORY_ONLY;IDENTITY_LABEL;NO_EVENT_OUTCOME;NO_CHRONOLOGY;NO_PAIRABILITY;NO_ASTROLOGY;NO_CONTROL,k.d.lang1961,k.d. lang,female,1961-11-02,02:03,-07:00,1961,"Edmonton AB, Canada",-113.491,53.544,True,False,True,V5_ROLE_ONLY_EXPANSION,False,False
PROJECT,musician,Q639669,Q346036,Keith Whitley,keithwhitley,,V5_WIKIDATA_ROLE_ONLY_EXPANSION,ROLE_CATEGORY_ONLY;IDENTITY_LABEL;NO_EVENT_OUTCOME;NO_CHRONOLOGY;NO_PAIRABILITY;NO_ASTROLOGY;NO_CONTROL,KeithWhitley1954,Keith Whitley,male,1954-07-01,05:30,-05:00,1954,"Ashland, KY, United States",-82.647,38.476,True,False,True,V5_ROLE_ONLY_EXPANSION,False,False
PROJECT,musician,Q639669,Q234445,Kellie Pickler,kelliepickler,,V5_WIKIDATA_ROLE_ONLY_EXPANSION,ROLE_CATEGORY_ONLY;IDENTITY_LABEL;NO_EVENT_OUTCOME;NO_CHRONOLOGY;NO_PAIRABILITY;NO_ASTROLOGY;NO_CONTROL,KelliePickler1986,Kellie Pickler,female,1986-06-28,02:27,-04:00,1986,"Albemarle, NC, United States",-80.2,35.352,True,False,True,V5_ROLE_ONLY_EXPANSION,False,False
PROJECT,film_director,Q2526255,Q273574,Kelly Curtis,kellycurtis,,V5_WIKIDATA_ROLE_ONLY_EXPANSION,ROLE_CATEGORY_ONLY;IDENTITY_LABEL;NO_EVENT_OUTCOME;NO_CHRONOLOGY;NO_PAIRABILITY;NO_ASTROLOGY;NO_CONTROL,KellyCurtis1956,Kelly Curtis,female,1956-06-17,14:14,-07:00,1956,"Santa Monica, CA, United States",-118.492,34.011,True,False,True,V5_ROLE_ONLY_EXPANSION,False,False
PROJECT,film_director,Q2526255,Q505580,Kenneth Anger,kennethanger,,V5_WIKIDATA_ROLE_ONLY_EXPANSION,ROLE_CATEGORY_ONLY;IDENTITY_LABEL;NO_EVENT_OUTCOME;NO_CHRONOLOGY;NO_PAIRABILITY;NO_ASTROLOGY;NO_CONTROL,KennethAnger1927,Kenneth Anger,male,1927-02-03,01:55,-08:00,1927,"Santa Monica, CA, United States",-118.492,34.011,True,False,True,V5_ROLE_ONLY_EXPANSION,False,False
PROJECT,film_director,Q2526255,Q454412,Keshia Knight Pulliam,keshiaknightpulliam,,V5_WIKIDATA_ROLE_ONLY_EXPANSION,ROLE_CATEGORY_ONLY;IDENTITY_LABEL;NO_EVENT_OUTCOME;NO_CHRONOLOGY;NO_PAIRABILITY;NO_ASTROLOGY;NO_CONTROL,KeshiaKnightPulliam1979,Keshia Knight Pulliam,female,1979-04-09,19:32,-05:00,1979,"Newark, NJ, United States",-74.174,40.732,True,False,True,V5_ROLE_ONLY_EXPANSION,False,False
PROJECT,actor,Q33999,Q103946,Kiefer Sutherland,kiefersutherland,,V5_WIKIDATA_ROLE_ONLY_EXPANSION,ROLE_CATEGORY_ONLY;IDENTITY_LABEL;NO_EVENT_OUTCOME;NO_CHRONOLOGY;NO_PAIRABILITY;NO_ASTROLOGY;NO_CONTROL,KieferSutherland1966,Kiefer Sutherland,male,1966-12-21,09:00,+00:00,1966,"London, United Kingdom",-0.126,51.5,True,False,True,V5_ROLE_ONLY_EXPANSION,False,False
PROJECT,musician,Q639669,Q4070,Kim Carnes,kimcarnes,,V5_WIKIDATA_ROLE_ONLY_EXPANSION,ROLE_CATEGORY_ONLY;IDENTITY_LABEL;NO_EVENT_OUTCOME;NO_CHRONOLOGY;NO_PAIRABILITY;NO_ASTROLOGY;NO_CONTROL,KimCarnes1945,Kim Carnes,female,1945-07-20,10:14,-05:00,1945,"Pasadena, TX, United States",-95.193,29.693,True,False,True,V5_ROLE_ONLY_EXPANSION,False,False
PROJECT,actor,Q33999,Q59824,Kim Hunter,kimhunter,,V5_WIKIDATA_ROLE_ONLY_EXPANSION,ROLE_CATEGORY_ONLY;IDENTITY_LABEL;NO_EVENT_OUTCOME;NO_CHRONOLOGY;NO_PAIRABILITY;NO_ASTROLOGY;NO_CONTROL,KimHunter1922,Kim Hunter,female,1922-11-12,10:48,-05:00,1922,"Ypsilanti Charter Township, MI, United States",-83.599,42.213,True,False,True,V5_ROLE_ONLY_EXPANSION,False,False
PROJECT,actor,Q33999,Q55419,Klaus Kinski,klauskinski,,V5_WIKIDATA_ROLE_ONLY_EXPANSION,ROLE_CATEGORY_ONLY;IDENTITY_LABEL;NO_EVENT_OUTCOME;NO_CHRONOLOGY;NO_PAIRABILITY;NO_ASTROLOGY;NO_CONTROL,KlausKinski1926,Klaus Kinski,male,1926-10-18,21:30,+01:00,1926,"Wilczęta (Sopoty), Poland",19.902,54.189,True,False,True,V5_ROLE_ONLY_EXPANSION,False,False
PROJECT,musician,Q639669,Q57774,Klaus Nomi,klausnomi,,V5_WIKIDATA_ROLE_ONLY_EXPANSION,ROLE_CATEGORY_ONLY;IDENTITY_LABEL;NO_EVENT_OUTCOME;NO_CHRONOLOGY;NO_PAIRABILITY;NO_ASTROLOGY;NO_CONTROL,KlausNomi1944,Klaus Nomi,male,1944-01-24,20:40,+01:00,1944,"Immenstadt im Allgäu, Germany",10.218,47.56,True,False,True,V5_ROLE_ONLY_EXPANSION,False,False
PROJECT,actor,Q33999,Q126599,Kristen Stewart,kristenstewart,,V5_WIKIDATA_ROLE_ONLY_EXPANSION,ROLE_CATEGORY_ONLY;IDENTITY_LABEL;NO_EVENT_OUTCOME;NO_CHRONOLOGY;NO_PAIRABILITY;NO_ASTROLOGY;NO_CONTROL,KristenStewart1990,Kristen Stewart,female,1990-04-09,09:21,-07:00,1990,"Los Angeles, CA, United States",-118.243,34.052,True,False,True,V5_ROLE_ONLY_EXPANSION,False,False
PROJECT,musician,Q639669,Q8446,Kurt Cobain,kurtcobain,,V5_WIKIDATA_ROLE_ONLY_EXPANSION,ROLE_CATEGORY_ONLY;IDENTITY_LABEL;NO_EVENT_OUTCOME;NO_CHRONOLOGY;NO_PAIRABILITY;NO_ASTROLOGY;NO_CONTROL,KurtCobain1967,Kurt Cobain,male,1967-02-20,19:38,-08:00,1967,"Aberdeen, WA, United States",-123.816,46.975,True,False,True,V5_ROLE_ONLY_EXPANSION,False,False
PROJECT,film_director,Q2526255,Q77890,Kurt Hoffmann,kurthoffmann,,V5_WIKIDATA_ROLE_ONLY_EXPANSION,ROLE_CATEGORY_ONLY;IDENTITY_LABEL;NO_EVENT_OUTCOME;NO_CHRONOLOGY;NO_PAIRABILITY;NO_ASTROLOGY;NO_CONTROL,KurtHoffmann1910,Kurt Hoffmann,male,1910-11-12,22:15,+01:00,1910,"Freiburg im Breisgau, Germany",7.854,47.997,True,False,True,V5_ROLE_ONLY_EXPANSION,False,False
PROJECT,actor,Q33999,Q103157,Kurt Russell,kurtrussell,,V5_WIKIDATA_ROLE_ONLY_EXPANSION,ROLE_CATEGORY_ONLY;IDENTITY_LABEL;NO_EVENT_OUTCOME;NO_CHRONOLOGY;NO_PAIRABILITY;NO_ASTROLOGY;NO_CONTROL,KurtRussell1951,Kurt Russell,male,1951-03-17,10:42,-05:00,1951,"Springfield, MA, United States",-72.586,42.102,True,False,True,V5_ROLE_ONLY_EXPANSION,False,False
PROJECT,musician,Q639669,Q55004,Kurt Weill,kurtweill,,V5_WIKIDATA_ROLE_ONLY_EXPANSION,ROLE_CATEGORY_ONLY;IDENTITY_LABEL;NO_EVENT_OUTCOME;NO_CHRONOLOGY;NO_PAIRABILITY;NO_ASTROLOGY;NO_CONTROL,KurtWeill1900,Kurt Weill,male,1900-03-02,16:30,+01:00,1900,"Dessau-Roßlau, Germany",12.245,51.839,True,False,True,V5_ROLE_ONLY_EXPANSION,False,False
PROJECT,film_director,Q2526255,Q207578,Laetitia Casta,laetitiacasta,,V5_WIKIDATA_ROLE_ONLY_EXPANSION,ROLE_CATEGORY_ONLY;IDENTITY_LABEL;NO_EVENT_OUTCOME;NO_CHRONOLOGY;NO_PAIRABILITY;NO_ASTROLOGY;NO_CONTROL,LaetitiaCasta1978,Laetitia Casta,female,1978-05-11,17:30,+02:00,1978,"Pont-Audemer, France",0.512,49.354,True,False,True,V5_ROLE_ONLY_EXPANSION,False,False
PROJECT,actor,Q33999,Q57374,Lale Andersen,laleandersen,,V5_WIKIDATA_ROLE_ONLY_EXPANSION,ROLE_CATEGORY_ONLY;IDENTITY_LABEL;NO_EVENT_OUTCOME;NO_CHRONOLOGY;NO_PAIRABILITY;NO_ASTROLOGY;NO_CONTROL,LaleAndersen1905,Lale Andersen,female,1905-03-23,08:30,+01:00,1905,"Bremerhaven, Germany",8.583,53.539,True,False,True,V5_ROLE_ONLY_EXPANSION,False,False
PROJECT,actor,Q33999,Q115735,Lambert Wilson,lambertwilson,,V5_WIKIDATA_ROLE_ONLY_EXPANSION,ROLE_CATEGORY_ONLY;IDENTITY_LABEL;NO_EVENT_OUTCOME;NO_CHRONOLOGY;NO_PAIRABILITY;NO_ASTROLOGY;NO_CONTROL,LambertWilson1958,Lambert Wilson,male,1958-08-03,16:10,+01:00,1958,"Neuilly-sur-Seine, France",2.273,48.884,True,False,True,V5_ROLE_ONLY_EXPANSION,False,False
PROJECT,singer,Q177220,Q201034,Lana Turner,lanaturner,,V5_WIKIDATA_ROLE_ONLY_EXPANSION,ROLE_CATEGORY_ONLY;IDENTITY_LABEL;NO_EVENT_OUTCOME;NO_CHRONOLOGY;NO_PAIRABILITY;NO_ASTROLOGY;NO_CONTROL,LanaTurner1921,Lana Turner,female,1921-02-08,12:30,-08:00,1921,"Wallace, ID, United States",-115.924,47.472,True,False,True,V5_ROLE_ONLY_EXPANSION,False,False
PROJECT,musician,Q639669,Q192655,Lara Fabian,larafabian,,V5_WIKIDATA_ROLE_ONLY_EXPANSION,ROLE_CATEGORY_ONLY;IDENTITY_LABEL;NO_EVENT_OUTCOME;NO_CHRONOLOGY;NO_PAIRABILITY;NO_ASTROLOGY;NO_CONTROL,LaraFabian1970,Lara Fabian,female,1970-01-09,19:30,+01:00,1970,"Etterbeek, Brussels, Belgium",4.387,50.837,True,False,True,V5_ROLE_ONLY_EXPANSION,False,False
PROJECT,actor,Q33999,Q100440,Larry Hagman,larryhagman,,V5_WIKIDATA_ROLE_ONLY_EXPANSION,ROLE_CATEGORY_ONLY;IDENTITY_LABEL;NO_EVENT_OUTCOME;NO_CHRONOLOGY;NO_PAIRABILITY;NO_ASTROLOGY;NO_CONTROL,LarryHagman1931,Larry Hagman,male,1931-09-21,16:20,-05:00,1931,"Fort Worth, TX, United States",-97.33,32.75,True,False,True,V5_ROLE_ONLY_EXPANSION,False,False
PROJECT,film_director,Q2526255,Q285431,Laura Betti,laurabetti,,V5_WIKIDATA_ROLE_ONLY_EXPANSION,ROLE_CATEGORY_ONLY;IDENTITY_LABEL;NO_EVENT_OUTCOME;NO_CHRONOLOGY;NO_PAIRABILITY;NO_ASTROLOGY;NO_CONTROL,LauraBetti1927,Laura Betti,female,1927-05-01,10:15,+01:00,1927,"Bologna, Italy",11.347,44.494,True,False,True,V5_ROLE_ONLY_EXPANSION,False,False
PROJECT,film_director,Q2526255,Q457421,Lauralee Bell,lauraleebell,,V5_WIKIDATA_ROLE_ONLY_EXPANSION,ROLE_CATEGORY_ONLY;IDENTITY_LABEL;NO_EVENT_OUTCOME;NO_CHRONOLOGY;NO_PAIRABILITY;NO_ASTROLOGY;NO_CONTROL,LauraleeBell1968,Lauralee Bell,female,1968-12-22,10:20,-06:00,1968,"Chicago Heights, IL, United States",-87.642,41.501,True,False,True,V5_ROLE_ONLY_EXPANSION,False,False
PROJECT,film_director,Q2526255,Q117071,Laurent Cantet,laurentcantet,,V5_WIKIDATA_ROLE_ONLY_EXPANSION,ROLE_CATEGORY_ONLY;IDENTITY_LABEL;NO_EVENT_OUTCOME;NO_CHRONOLOGY;NO_PAIRABILITY;NO_ASTROLOGY;NO_CONTROL,LaurentCantet1961,Laurent Cantet,male,1961-04-11,14:30,+01:00,1961,"Melle, France",-0.146,46.221,True,False,True,V5_ROLE_ONLY_EXPANSION,False,False
PROJECT,film_director,Q2526255,Q535794,Laurent Malet,laurentmalet,,V5_WIKIDATA_ROLE_ONLY_EXPANSION,ROLE_CATEGORY_ONLY;IDENTITY_LABEL;NO_EVENT_OUTCOME;NO_CHRONOLOGY;NO_PAIRABILITY;NO_ASTROLOGY;NO_CONTROL,LaurentMalet1955,Laurent Malet,male,1955-09-03,18:45,+01:00,1955,"Saint-Tropez, France",6.641,43.27,True,False,True,V5_ROLE_ONLY_EXPANSION,False,False
PROJECT,actor,Q33999,Q112307,Lena Horne,lenahorne,,V5_WIKIDATA_ROLE_ONLY_EXPANSION,ROLE_CATEGORY_ONLY;IDENTITY_LABEL;NO_EVENT_OUTCOME;NO_CHRONOLOGY;NO_PAIRABILITY;NO_ASTROLOGY;NO_CONTROL,LenaHorne1917,Lena Horne,female,1917-06-30,23:45,-05:00,1917,"New York, NY, United States",-74.007,40.713,True,False,True,V5_ROLE_ONLY_EXPANSION,False,False
PROJECT,film_director,Q2526255,Q460876,Lenny Bruce,lennybruce,,V5_WIKIDATA_ROLE_ONLY_EXPANSION,ROLE_CATEGORY_ONLY;IDENTITY_LABEL;NO_EVENT_OUTCOME;NO_CHRONOLOGY;NO_PAIRABILITY;NO_ASTROLOGY;NO_CONTROL,LennyBruce1925,Lenny Bruce,male,1925-10-13,11:24,-05:00,1925,"Mineola, NY, United States",-73.635,40.746,True,False,True,V5_ROLE_ONLY_EXPANSION,False,False
PROJECT,musician,Q639669,Q320146,Léo Ferré,leoferre,,V5_WIKIDATA_ROLE_ONLY_EXPANSION,ROLE_CATEGORY_ONLY;IDENTITY_LABEL;NO_EVENT_OUTCOME;NO_CHRONOLOGY;NO_PAIRABILITY;NO_ASTROLOGY;NO_CONTROL,LéoFerré1916,Léo Ferré,male,1916-08-24,16:00,+01:00,1916,"Monte-Carlo, Monaco, Monaco",7.426,43.74,True,False,True,V5_ROLE_ONLY_EXPANSION,False,False
PROJECT,musician,Q639669,Q322552,Leo Wright,leowright,,V5_WIKIDATA_ROLE_ONLY_EXPANSION,ROLE_CATEGORY_ONLY;IDENTITY_LABEL;NO_EVENT_OUTCOME;NO_CHRONOLOGY;NO_PAIRABILITY;NO_ASTROLOGY;NO_CONTROL,LeoWright1933,Leo Wright,male,1933-12-14,01:35,-06:00,1933,"Wichita Falls, TX, United States",-98.501,33.91,True,False,True,V5_ROLE_ONLY_EXPANSION,False,False
PROJECT,musician,Q639669,Q262399,Les Paul,lespaul,,V5_WIKIDATA_ROLE_ONLY_EXPANSION,ROLE_CATEGORY_ONLY;IDENTITY_LABEL;NO_EVENT_OUTCOME;NO_CHRONOLOGY;NO_PAIRABILITY;NO_ASTROLOGY;NO_CONTROL,LesPaul1915,Les Paul,male,1915-06-09,02:00,-06:00,1915,"Waukesha, WI, United States",-88.235,43.013,True,False,True,V5_ROLE_ONLY_EXPANSION,False,False
PROJECT,musician,Q639669,Q195527,Lester Bangs,lesterbangs,,V5_WIKIDATA_ROLE_ONLY_EXPANSION,ROLE_CATEGORY_ONLY;IDENTITY_LABEL;NO_EVENT_OUTCOME;NO_CHRONOLOGY;NO_PAIRABILITY;NO_ASTROLOGY;NO_CONTROL,LesterBangs1948,Lester Bangs,male,1948-12-13,22:58,-07:00,1948,"Escondido, CA, United States",-117.085,33.13,True,False,True,V5_ROLE_ONLY_EXPANSION,False,False
PROJECT,musician,Q639669,Q347528,Liberace,liberace,,V5_WIKIDATA_ROLE_ONLY_EXPANSION,ROLE_CATEGORY_ONLY;IDENTITY_LABEL;NO_EVENT_OUTCOME;NO_CHRONOLOGY;NO_PAIRABILITY;NO_ASTROLOGY;NO_CONTROL,Liberace1919,Liberace,male,1919-05-16,23:15,-05:00,1919,"West Allis, WI, United States",-88.007,43.017,True,False,True,V5_ROLE_ONLY_EXPANSION,False,False
PROJECT,film_director,Q2526255,Q298368,Liev Schreiber,lievschreiber,,V5_WIKIDATA_ROLE_ONLY_EXPANSION,ROLE_CATEGORY_ONLY;IDENTITY_LABEL;NO_EVENT_OUTCOME;NO_CHRONOLOGY;NO_PAIRABILITY;NO_ASTROLOGY;NO_CONTROL,LievSchreiber1967,Liev Schreiber,male,1967-10-04,10:30,-07:00,1967,"San Francisco, CA, United States",-122.42,37.78,True,False,True,V5_ROLE_ONLY_EXPANSION,False,False
PROJECT,film_director,Q2526255,Q55442,Liliana Cavani,lilianacavani,,V5_WIKIDATA_ROLE_ONLY_EXPANSION,ROLE_CATEGORY_ONLY;IDENTITY_LABEL;NO_EVENT_OUTCOME;NO_CHRONOLOGY;NO_PAIRABILITY;NO_ASTROLOGY;NO_CONTROL,LilianaCavani1933,Liliana Cavani,female,1933-01-12,03:45,+01:00,1933,"Carpi, Italy",10.885,44.783,True,False,True,V5_ROLE_ONLY_EXPANSION,False,False
PROJECT,actor,Q33999,Q60953,Lilli Palmer,lillipalmer,,V5_WIKIDATA_ROLE_ONLY_EXPANSION,ROLE_CATEGORY_ONLY;IDENTITY_LABEL;NO_EVENT_OUTCOME;NO_CHRONOLOGY;NO_PAIRABILITY;NO_ASTROLOGY;NO_CONTROL,LilliPalmer1914,Lilli Palmer,female,1914-05-24,08:00,+01:24,1914,"Poznan, Poland",16.928,52.4,True,False,True,V5_ROLE_ONLY_EXPANSION,False,False
PROJECT,musician,Q639669,Q236125,Linda Perry,lindaperry,,V5_WIKIDATA_ROLE_ONLY_EXPANSION,ROLE_CATEGORY_ONLY;IDENTITY_LABEL;NO_EVENT_OUTCOME;NO_CHRONOLOGY;NO_PAIRABILITY;NO_ASTROLOGY;NO_CONTROL,LindaPerry1965,Linda Perry,female,1965-04-15,22:52,-05:00,1965,"Springfield, MA, United States",-72.586,42.102,True,False,True,V5_ROLE_ONLY_EXPANSION,False,False
PROJECT,musician,Q639669,Q128667,Lindsey Stirling,lindseystirling,,V5_WIKIDATA_ROLE_ONLY_EXPANSION,ROLE_CATEGORY_ONLY;IDENTITY_LABEL;NO_EVENT_OUTCOME;NO_CHRONOLOGY;NO_PAIRABILITY;NO_ASTROLOGY;NO_CONTROL,LindseyStirling1986,Lindsey Stirling,female,1986-09-21,21:42,-07:00,1986,"Newport Beach, CA, United States",-117.873,33.609,True,False,True,V5_ROLE_ONLY_EXPANSION,False,False
PROJECT,film_director,Q2526255,Q258525,Lisa Cholodenko,lisacholodenko,,V5_WIKIDATA_ROLE_ONLY_EXPANSION,ROLE_CATEGORY_ONLY;IDENTITY_LABEL;NO_EVENT_OUTCOME;NO_CHRONOLOGY;NO_PAIRABILITY;NO_ASTROLOGY;NO_CONTROL,LisaCholodenko1964,Lisa Cholodenko,female,1964-06-05,19:20,-07:00,1964,"Los Angeles, CA, United States",-118.243,34.052,True,False,True,V5_ROLE_ONLY_EXPANSION,False,False
PROJECT,singer,Q177220,Q290576,Lola Falana,lolafalana,,V5_WIKIDATA_ROLE_ONLY_EXPANSION,ROLE_CATEGORY_ONLY;IDENTITY_LABEL;NO_EVENT_OUTCOME;NO_CHRONOLOGY;NO_PAIRABILITY;NO_ASTROLOGY;NO_CONTROL,LolaFalana1942,Lola Falana,female,1942-09-11,06:40,-04:00,1942,"Camden, SC, United States",-80.608,34.252,True,False,True,V5_ROLE_ONLY_EXPANSION,False,False
PROJECT,actor,Q33999,Q124229,Lolita Morena,lolitamorena,,V5_WIKIDATA_ROLE_ONLY_EXPANSION,ROLE_CATEGORY_ONLY;IDENTITY_LABEL;NO_EVENT_OUTCOME;NO_CHRONOLOGY;NO_PAIRABILITY;NO_ASTROLOGY;NO_CONTROL,LolitaMorena1960,Lolita Morena,female,1960-01-15,12:00,+01:00,1960,"Cantiano, Italy",12.627,43.476,True,False,True,V5_ROLE_ONLY_EXPANSION,False,False
PROJECT,musician,Q639669,Q27743,Lonnie Donegan,lonniedonegan,,V5_WIKIDATA_ROLE_ONLY_EXPANSION,ROLE_CATEGORY_ONLY;IDENTITY_LABEL;NO_EVENT_OUTCOME;NO_CHRONOLOGY;NO_PAIRABILITY;NO_ASTROLOGY;NO_CONTROL,LonnieDonegan1931,Lonnie Donegan,male,1931-04-29,03:00,+01:00,1931,"Glasgow, United Kingdom",-4.257,55.866,True,False,True,V5_ROLE_ONLY_EXPANSION,False,False
PROJECT,actor,Q33999,Q145464,Lorenzo Lamas,lorenzolamas,,V5_WIKIDATA_ROLE_ONLY_EXPANSION,ROLE_CATEGORY_ONLY;IDENTITY_LABEL;NO_EVENT_OUTCOME;NO_CHRONOLOGY;NO_PAIRABILITY;NO_ASTROLOGY;NO_CONTROL,LorenzoLamas1958,Lorenzo Lamas,male,1958-01-20,15:13,-08:00,1958,"Santa Monica, CA, United States",-118.492,34.011,True,False,True,V5_ROLE_ONLY_EXPANSION,False,False
PROJECT,actor,Q33999,Q119593,Lory Del Santo,lorydelsanto,,V5_WIKIDATA_ROLE_ONLY_EXPANSION,ROLE_CATEGORY_ONLY;IDENTITY_LABEL;NO_EVENT_OUTCOME;NO_CHRONOLOGY;NO_PAIRABILITY;NO_ASTROLOGY;NO_CONTROL,LoryDelSanto1958,Lory Del Santo,female,1958-09-28,01:20,+01:00,1958,"Verona, Italy",10.992,45.438,True,False,True,V5_ROLE_ONLY_EXPANSION,False,False
PROJECT,film_director,Q2526255,Q200525,Louis Daquin,louisdaquin,,V5_WIKIDATA_ROLE_ONLY_EXPANSION,ROLE_CATEGORY_ONLY;IDENTITY_LABEL;NO_EVENT_OUTCOME;NO_CHRONOLOGY;NO_PAIRABILITY;NO_ASTROLOGY;NO_CONTROL,LouisDaquin1908,Louis Daquin,male,1908-05-30,05:00,+00:09,1908,"Calais, France",1.852,50.958,True,False,True,V5_ROLE_ONLY_EXPANSION,False,False
PROJECT,actor,Q33999,Q2737,Louis de Funès,louisdefunes,,V5_WIKIDATA_ROLE_ONLY_EXPANSION,ROLE_CATEGORY_ONLY;IDENTITY_LABEL;NO_EVENT_OUTCOME;NO_CHRONOLOGY;NO_PAIRABILITY;NO_ASTROLOGY;NO_CONTROL,LouisdeFunès1914,Louis de Funès,male,1914-07-31,01:00,+00:00,1914,"Courbevoie, France",2.257,48.897,True,False,True,V5_ROLE_ONLY_EXPANSION,False,False
PROJECT,film_director,Q2526255,Q382393,Louis Garrel,louisgarrel,,V5_WIKIDATA_ROLE_ONLY_EXPANSION,ROLE_CATEGORY_ONLY;IDENTITY_LABEL;NO_EVENT_OUTCOME;NO_CHRONOLOGY;NO_PAIRABILITY;NO_ASTROLOGY;NO_CONTROL,LouisGarrel1983,Louis Garrel,male,1983-06-14,05:00,+02:00,1983,"Paris, France",2.351,48.857,True,False,True,V5_ROLE_ONLY_EXPANSION,False,False
PROJECT,actor,Q33999,Q55392,Louis Malle,louismalle,,V5_WIKIDATA_ROLE_ONLY_EXPANSION,ROLE_CATEGORY_ONLY;IDENTITY_LABEL;NO_EVENT_OUTCOME;NO_CHRONOLOGY;NO_PAIRABILITY;NO_ASTROLOGY;NO_CONTROL,LouisMalle1932,Louis Malle,male,1932-10-30,01:00,+00:00,1932,"Thumeries, France",3.055,50.478,True,False,True,V5_ROLE_ONLY_EXPANSION,False,False
PROJECT,musician,Q639669,Q119422,Luca Carboni,lucacarboni,,V5_WIKIDATA_ROLE_ONLY_EXPANSION,ROLE_CATEGORY_ONLY;IDENTITY_LABEL;NO_EVENT_OUTCOME;NO_CHRONOLOGY;NO_PAIRABILITY;NO_ASTROLOGY;NO_CONTROL,LucaCarboni1962,Luca Carboni,male,1962-10-12,16:40,+01:00,1962,"Bologna, Italy",11.347,44.494,True,False,True,V5_ROLE_ONLY_EXPANSION,False,False
PROJECT,film_director,Q2526255,Q484779,Luc Besson,lucbesson,,V5_WIKIDATA_ROLE_ONLY_EXPANSION,ROLE_CATEGORY_ONLY;IDENTITY_LABEL;NO_EVENT_OUTCOME;NO_CHRONOLOGY;NO_PAIRABILITY;NO_ASTROLOGY;NO_CONTROL,LucBesson1959,Luc Besson,male,1959-03-18,13:45,+01:00,1959,"Paris, France",2.351,48.857,True,False,True,V5_ROLE_ONLY_EXPANSION,False,False
PROJECT,film_director,Q2526255,Q13888,Luchino Visconti,luchinovisconti,,V5_WIKIDATA_ROLE_ONLY_EXPANSION,ROLE_CATEGORY_ONLY;IDENTITY_LABEL;NO_EVENT_OUTCOME;NO_CHRONOLOGY;NO_PAIRABILITY;NO_ASTROLOGY;NO_CONTROL,LuchinoVisconti1906,Luchino Visconti,male,1906-11-02,19:30,+01:00,1906,"Milan, Italy",9.188,45.464,True,False,True,V5_ROLE_ONLY_EXPANSION,False,False
PROJECT,singer,Q177220,Q120321,Lucienne Boyer,lucienneboyer,,V5_WIKIDATA_ROLE_ONLY_EXPANSION,ROLE_CATEGORY_ONLY;IDENTITY_LABEL;NO_EVENT_OUTCOME;NO_CHRONOLOGY;NO_PAIRABILITY;NO_ASTROLOGY;NO_CONTROL,LucienneBoyer1901,Lucienne Boyer,female,1901-08-18,04:15,+00:09,1901,"Paris, France",2.351,48.857,True,False,True,V5_ROLE_ONLY_EXPANSION,False,False
PROJECT,film_director,Q2526255,Q53015,Luigi Comencini,luigicomencini,,V5_WIKIDATA_ROLE_ONLY_EXPANSION,ROLE_CATEGORY_ONLY;IDENTITY_LABEL;NO_EVENT_OUTCOME;NO_CHRONOLOGY;NO_PAIRABILITY;NO_ASTROLOGY;NO_CONTROL,LuigiComencini1916,Luigi Comencini,male,1916-06-08,14:30,+02:00,1916,"Salò, Italy",10.522,45.607,True,False,True,V5_ROLE_ONLY_EXPANSION,False,False
PROJECT,musician,Q639669,Q160451,Luigi Nono,luiginono,,V5_WIKIDATA_ROLE_ONLY_EXPANSION,ROLE_CATEGORY_ONLY;IDENTITY_LABEL;NO_EVENT_OUTCOME;NO_CHRONOLOGY;NO_PAIRABILITY;NO_ASTROLOGY;NO_CONTROL,LuigiNono1924,Luigi Nono,male,1924-01-29,14:35,+01:00,1924,"Venice, Italy",12.339,45.435,True,False,True,V5_ROLE_ONLY_EXPANSION,False,False
PROJECT,film_director,Q2526255,Q55473,Luigi Zampa,luigizampa,,V5_WIKIDATA_ROLE_ONLY_EXPANSION,ROLE_CATEGORY_ONLY;IDENTITY_LABEL;NO_EVENT_OUTCOME;NO_CHRONOLOGY;NO_PAIRABILITY;NO_ASTROLOGY;NO_CONTROL,LuigiZampa1905,Luigi Zampa,male,1905-01-02,15:00,+01:00,1905,"Rome, Italy",12.494,41.891,True,False,True,V5_ROLE_ONLY_EXPANSION,False,False
PROJECT,actor,Q33999,Q51545,Luis Buñuel,luisbunuel,,V5_WIKIDATA_ROLE_ONLY_EXPANSION,ROLE_CATEGORY_ONLY;IDENTITY_LABEL;NO_EVENT_OUTCOME;NO_CHRONOLOGY;NO_PAIRABILITY;NO_ASTROLOGY;NO_CONTROL,LuisBuñuel1900,Luis Buñuel,male,1900-02-22,12:00,-00:15,1900,"Calanda, Spain",-0.234,40.942,True,False,True,V5_ROLE_ONLY_EXPANSION,False,False
PROJECT,film_director,Q2526255,Q472866,Luis César Amadori,luiscesaramadori,,V5_WIKIDATA_ROLE_ONLY_EXPANSION,ROLE_CATEGORY_ONLY;IDENTITY_LABEL;NO_EVENT_OUTCOME;NO_CHRONOLOGY;NO_PAIRABILITY;NO_ASTROLOGY;NO_CONTROL,LuisCésarAmadori1902,Luis César Amadori,male,1902-05-28,16:00,+01:00,1902,"Pescara, Italy",14.214,42.465,True,False,True,V5_ROLE_ONLY_EXPANSION,False,False
PROJECT,actor,Q33999,Q124834,Lukas Ammann,lukasammann,,V5_WIKIDATA_ROLE_ONLY_EXPANSION,ROLE_CATEGORY_ONLY;IDENTITY_LABEL;NO_EVENT_OUTCOME;NO_CHRONOLOGY;NO_PAIRABILITY;NO_ASTROLOGY;NO_CONTROL,LukasAmmann1912,Lukas Ammann,male,1912-09-29,11:10,+01:00,1912,"Basel, Switzerland",7.581,47.56,True,False,True,V5_ROLE_ONLY_EXPANSION,False,False
PROJECT,singer,Q177220,Q229716,Lulu,lulu,,V5_WIKIDATA_ROLE_ONLY_EXPANSION,ROLE_CATEGORY_ONLY;IDENTITY_LABEL;NO_EVENT_OUTCOME;NO_CHRONOLOGY;NO_PAIRABILITY;NO_ASTROLOGY;NO_CONTROL,Lulu1948,Lulu,female,1948-11-03,01:30,+00:00,1948,"Glasgow, United Kingdom",-4.257,55.866,True,False,True,V5_ROLE_ONLY_EXPANSION,False,False
PROJECT,actor,Q33999,Q163593,Lynn Anderson,lynnanderson,,V5_WIKIDATA_ROLE_ONLY_EXPANSION,ROLE_CATEGORY_ONLY;IDENTITY_LABEL;NO_EVENT_OUTCOME;NO_CHRONOLOGY;NO_PAIRABILITY;NO_ASTROLOGY;NO_CONTROL,LynnAnderson1947,Lynn Anderson,female,1947-09-26,18:36,-05:00,1947,"Grand Forks, ND, United States",-97.036,47.926,True,False,True,V5_ROLE_ONLY_EXPANSION,False,False
PROJECT,musician,Q639669,Q60317,Lynn Harrell,lynnharrell,,V5_WIKIDATA_ROLE_ONLY_EXPANSION,ROLE_CATEGORY_ONLY;IDENTITY_LABEL;NO_EVENT_OUTCOME;NO_CHRONOLOGY;NO_PAIRABILITY;NO_ASTROLOGY;NO_CONTROL,LynnHarrell1944,Lynn Harrell,male,1944-01-30,16:55,-04:00,1944,"New York, NY, United States",-74.007,40.713,True,False,True,V5_ROLE_ONLY_EXPANSION,False,False
PROJECT,singer,Q177220,Q266190,Magali Noël,magalinoel,,V5_WIKIDATA_ROLE_ONLY_EXPANSION,ROLE_CATEGORY_ONLY;IDENTITY_LABEL;NO_EVENT_OUTCOME;NO_CHRONOLOGY;NO_PAIRABILITY;NO_ASTROLOGY;NO_CONTROL,MagaliNoël1931,Magali Noël,female,1931-06-27,09:30,+02:00,1931,"Izmir, Türkiye",27.13,38.419,True,False,True,V5_ROLE_ONLY_EXPANSION,False,False
PROJECT,actor,Q33999,Q62327,Magda Schneider,magdaschneider,,V5_WIKIDATA_ROLE_ONLY_EXPANSION,ROLE_CATEGORY_ONLY;IDENTITY_LABEL;NO_EVENT_OUTCOME;NO_CHRONOLOGY;NO_PAIRABILITY;NO_ASTROLOGY;NO_CONTROL,MagdaSchneider1909,Magda Schneider,female,1909-05-17,00:30,+01:00,1909,"Augsburg, Germany",10.893,48.366,True,False,True,V5_ROLE_ONLY_EXPANSION,False,False
PROJECT,film_director,Q2526255,Q201985,Maïwenn,maiwenn,,V5_WIKIDATA_ROLE_ONLY_EXPANSION,ROLE_CATEGORY_ONLY;IDENTITY_LABEL;NO_EVENT_OUTCOME;NO_CHRONOLOGY;NO_PAIRABILITY;NO_ASTROLOGY;NO_CONTROL,Maïwenn1976,Maïwenn,female,1976-04-17,01:25,+02:00,1976,"Les Lilas, France",2.416,48.88,True,False,True,V5_ROLE_ONLY_EXPANSION,False,False
PROJECT,musician,Q639669,Q44653,Malcolm Young,malcolmyoung,,V5_WIKIDATA_ROLE_ONLY_EXPANSION,ROLE_CATEGORY_ONLY;IDENTITY_LABEL;NO_EVENT_OUTCOME;NO_CHRONOLOGY;NO_PAIRABILITY;NO_ASTROLOGY;NO_CONTROL,MalcolmYoung1953,Malcolm Young,male,1953-01-06,14:05,+00:00,1953,"Glasgow, United Kingdom",-4.257,55.866,True,False,True,V5_ROLE_ONLY_EXPANSION,False,False
PROJECT,singer,Q177220,Q264596,Mamie Van Doren,mamievandoren,,V5_WIKIDATA_ROLE_ONLY_EXPANSION,ROLE_CATEGORY_ONLY;IDENTITY_LABEL;NO_EVENT_OUTCOME;NO_CHRONOLOGY;NO_PAIRABILITY;NO_ASTROLOGY;NO_CONTROL,MamieVanDoren1931,Mamie Van Doren,female,1931-02-06,17:00,-06:00,1931,"Rowena, SD, United States",-96.557,43.52,True,False,True,V5_ROLE_ONLY_EXPANSION,False,False
PROJECT,actor,Q33999,Q43264,Manoel de Oliveira,manoeldeoliveira,,V5_WIKIDATA_ROLE_ONLY_EXPANSION,ROLE_CATEGORY_ONLY;IDENTITY_LABEL;NO_EVENT_OUTCOME;NO_CHRONOLOGY;NO_PAIRABILITY;NO_ASTROLOGY;NO_CONTROL,ManoeldeOliveira1908,Manoel de Oliveira,male,1908-12-11,10:30,-00:37,1908,"Porto, Portugal",-8.61,41.15,True,False,True,V5_ROLE_ONLY_EXPANSION,False,False
PROJECT,musician,Q639669,Q207898,Manu Chao,manuchao,,V5_WIKIDATA_ROLE_ONLY_EXPANSION,ROLE_CATEGORY_ONLY;IDENTITY_LABEL;NO_EVENT_OUTCOME;NO_CHRONOLOGY;NO_PAIRABILITY;NO_ASTROLOGY;NO_CONTROL,ManuChao1961,Manu Chao,male,1961-06-21,14:50,+01:00,1961,"Paris, France",2.351,48.857,True,False,True,V5_ROLE_ONLY_EXPANSION,False,False
PROJECT,film_director,Q2526255,Q284911,Marc Allégret,marcallegret,,V5_WIKIDATA_ROLE_ONLY_EXPANSION,ROLE_CATEGORY_ONLY;IDENTITY_LABEL;NO_EVENT_OUTCOME;NO_CHRONOLOGY;NO_PAIRABILITY;NO_ASTROLOGY;NO_CONTROL,MarcAllégret1900,Marc Allégret,male,1900-12-23,21:30,+01:00,1900,"Basel, Switzerland",7.581,47.56,True,False,True,V5_ROLE_ONLY_EXPANSION,False,False
PROJECT,film_director,Q2526255,Q52409,Marcel Carné,marcelcarne,,V5_WIKIDATA_ROLE_ONLY_EXPANSION,ROLE_CATEGORY_ONLY;IDENTITY_LABEL;NO_EVENT_OUTCOME;NO_CHRONOLOGY;NO_PAIRABILITY;NO_ASTROLOGY;NO_CONTROL,MarcelCarné1906,Marcel Carné,male,1906-08-18,17:00,+00:09,1906,"Paris, France",2.351,48.857,True,False,True,V5_ROLE_ONLY_EXPANSION,False,False
PROJECT,actor,Q33999,Q157191,Marcel Marceau,marcelmarceau,,V5_WIKIDATA_ROLE_ONLY_EXPANSION,ROLE_CATEGORY_ONLY;IDENTITY_LABEL;NO_EVENT_OUTCOME;NO_CHRONOLOGY;NO_PAIRABILITY;NO_ASTROLOGY;NO_CONTROL,MarcelMarceau1923,Marcel Marceau,male,1923-03-22,08:00,+00:00,1923,"Strasbourg, France",7.744,48.583,True,False,True,V5_ROLE_ONLY_EXPANSION,False,False
PROJECT,actor,Q33999,Q53010,Marco Bellocchio,marcobellocchio,,V5_WIKIDATA_ROLE_ONLY_EXPANSION,ROLE_CATEGORY_ONLY;IDENTITY_LABEL;NO_EVENT_OUTCOME;NO_CHRONOLOGY;NO_PAIRABILITY;NO_ASTROLOGY;NO_CONTROL,MarcoBellocchio1939,Marco Bellocchio,male,1939-11-09,18:30,+01:00,1939,"Piacenza, Italy",9.695,45.054,True,False,True,V5_ROLE_ONLY_EXPANSION,False,False
PROJECT,actor,Q33999,Q53018,Marco Ferreri,marcoferreri,,V5_WIKIDATA_ROLE_ONLY_EXPANSION,ROLE_CATEGORY_ONLY;IDENTITY_LABEL;NO_EVENT_OUTCOME;NO_CHRONOLOGY;NO_PAIRABILITY;NO_ASTROLOGY;NO_CONTROL,MarcoFerreri1928,Marco Ferreri,male,1928-05-11,19:00,+01:00,1928,"Milan, Italy",9.188,45.464,True,False,True,V5_ROLE_ONLY_EXPANSION,False,False
PROJECT,film_director,Q2526255,Q257243,Margaret Cho,margaretcho,,V5_WIKIDATA_ROLE_ONLY_EXPANSION,ROLE_CATEGORY_ONLY;IDENTITY_LABEL;NO_EVENT_OUTCOME;NO_CHRONOLOGY;NO_PAIRABILITY;NO_ASTROLOGY;NO_CONTROL,MargaretCho1968,Margaret Cho,female,1968-12-05,06:29,-08:00,1968,"San Francisco, CA, United States",-122.42,37.78,True,False,True,V5_ROLE_ONLY_EXPANSION,False,False
PROJECT,film_director,Q2526255,Q201617,Margherita Buy,margheritabuy,,V5_WIKIDATA_ROLE_ONLY_EXPANSION,ROLE_CATEGORY_ONLY;IDENTITY_LABEL;NO_EVENT_OUTCOME;NO_CHRONOLOGY;NO_PAIRABILITY;NO_ASTROLOGY;NO_CONTROL,MargheritaBuy1962,Margherita Buy,female,1962-01-15,12:40,+01:00,1962,"Rome, Italy",12.494,41.891,True,False,True,V5_ROLE_ONLY_EXPANSION,False,False
PROJECT,actor,Q33999,Q106927,Mariangela Melato,mariangelamelato,,V5_WIKIDATA_ROLE_ONLY_EXPANSION,ROLE_CATEGORY_ONLY;IDENTITY_LABEL;NO_EVENT_OUTCOME;NO_CHRONOLOGY;NO_PAIRABILITY;NO_ASTROLOGY;NO_CONTROL,MariangelaMelato1941,Mariangela Melato,female,1941-09-19,05:15,+02:00,1941,"Milan, Italy",9.188,45.464,True,False,True,V5_ROLE_ONLY_EXPANSION,False,False
PROJECT,film_director,Q2526255,Q288318,Marie Gillain,mariegillain,,V5_WIKIDATA_ROLE_ONLY_EXPANSION,ROLE_CATEGORY_ONLY;IDENTITY_LABEL;NO_EVENT_OUTCOME;NO_CHRONOLOGY;NO_PAIRABILITY;NO_ASTROLOGY;NO_CONTROL,MarieGillain1975,Marie Gillain,female,1975-06-18,16:55,+01:00,1975,"Liège, Belgium",5.572,50.644,True,False,True,V5_ROLE_ONLY_EXPANSION,False,False
PROJECT,musician,Q639669,Q62365,Marie Luise Kaschnitz,marieluisekaschnitz,,V5_WIKIDATA_ROLE_ONLY_EXPANSION,ROLE_CATEGORY_ONLY;IDENTITY_LABEL;NO_EVENT_OUTCOME;NO_CHRONOLOGY;NO_PAIRABILITY;NO_ASTROLOGY;NO_CONTROL,MarieLuiseKaschnitz1901,Marie Luise Kaschnitz,female,1901-01-31,17:00,+01:00,1901,"Karlsruhe, Germany",8.404,49.008,True,False,True,V5_ROLE_ONLY_EXPANSION,False,False
PROJECT,actor,Q33999,Q65675,Marika Kilius,marikakilius,,V5_WIKIDATA_ROLE_ONLY_EXPANSION,ROLE_CATEGORY_ONLY;IDENTITY_LABEL;NO_EVENT_OUTCOME;NO_CHRONOLOGY;NO_PAIRABILITY;NO_ASTROLOGY;NO_CONTROL,MarikaKilius1943,Marika Kilius,female,1943-03-24,00:10,+01:00,1943,"Frankfurt am Main, Germany",8.679,50.111,True,False,True,V5_ROLE_ONLY_EXPANSION,False,False
PROJECT,film_director,Q2526255,Q201810,Marilou Berry,marilouberry,,V5_WIKIDATA_ROLE_ONLY_EXPANSION,ROLE_CATEGORY_ONLY;IDENTITY_LABEL;NO_EVENT_OUTCOME;NO_CHRONOLOGY;NO_PAIRABILITY;NO_ASTROLOGY;NO_CONTROL,MarilouBerry1983,Marilou Berry,female,1983-02-01,10:50,+01:00,1983,"Paris, France",2.351,48.857,True,False,True,V5_ROLE_ONLY_EXPANSION,False,False
PROJECT,musician,Q639669,Q186327,Marilyn Manson,marilynmanson,,V5_WIKIDATA_ROLE_ONLY_EXPANSION,ROLE_CATEGORY_ONLY;IDENTITY_LABEL;NO_EVENT_OUTCOME;NO_CHRONOLOGY;NO_PAIRABILITY;NO_ASTROLOGY;NO_CONTROL,MarilynManson1969,Marilyn Manson,male,1969-01-05,20:05,-05:00,1969,"Canton, OH, United States",-81.377,40.797,True,False,True,V5_ROLE_ONLY_EXPANSION,False,False
PROJECT,film_director,Q2526255,Q47496,Marina Abramović,marinaabramovic,,V5_WIKIDATA_ROLE_ONLY_EXPANSION,ROLE_CATEGORY_ONLY;IDENTITY_LABEL;NO_EVENT_OUTCOME;NO_CHRONOLOGY;NO_PAIRABILITY;NO_ASTROLOGY;NO_CONTROL,MarinaAbramović1946,Marina Abramović,female,1946-11-30,19:20,+01:00,1946,"Belgrade, Serbia",20.46,44.815,True,False,True,V5_ROLE_ONLY_EXPANSION,False,False
PROJECT,actor,Q33999,Q61322,Mario Adorf,marioadorf,,V5_WIKIDATA_ROLE_ONLY_EXPANSION,ROLE_CATEGORY_ONLY;IDENTITY_LABEL;NO_EVENT_OUTCOME;NO_CHRONOLOGY;NO_PAIRABILITY;NO_ASTROLOGY;NO_CONTROL,MarioAdorf1930,Mario Adorf,male,1930-09-08,15:10,+01:00,1930,"Zurich, Switzerland",8.527,47.388,True,False,True,V5_ROLE_ONLY_EXPANSION,False,False
PROJECT,actor,Q33999,Q55438,Mario Bava,mariobava,,V5_WIKIDATA_ROLE_ONLY_EXPANSION,ROLE_CATEGORY_ONLY;IDENTITY_LABEL;NO_EVENT_OUTCOME;NO_CHRONOLOGY;NO_PAIRABILITY;NO_ASTROLOGY;NO_CONTROL,MarioBava1914,Mario Bava,male,1914-07-30,19:30,+01:00,1914,"San Remo, Italy",7.778,43.818,True,False,True,V5_ROLE_ONLY_EXPANSION,False,False
PROJECT,singer,Q177220,Q299331,Mario Lanza,mariolanza,,V5_WIKIDATA_ROLE_ONLY_EXPANSION,ROLE_CATEGORY_ONLY;IDENTITY_LABEL;NO_EVENT_OUTCOME;NO_CHRONOLOGY;NO_PAIRABILITY;NO_ASTROLOGY;NO_CONTROL,MarioLanza1921,Mario Lanza,male,1921-01-31,09:45,-05:00,1921,"Philadelphia, PA, United States",-75.166,39.951,True,False,True,V5_ROLE_ONLY_EXPANSION,False,False
PROJECT,actor,Q33999,Q53026,Mario Monicelli,mariomonicelli,,V5_WIKIDATA_ROLE_ONLY_EXPANSION,ROLE_CATEGORY_ONLY;IDENTITY_LABEL;NO_EVENT_OUTCOME;NO_CHRONOLOGY;NO_PAIRABILITY;NO_ASTROLOGY;NO_CONTROL,MarioMonicelli1915,Mario Monicelli,male,1915-05-16,17:45,+01:00,1915,"Rome, Italy",12.494,41.891,True,False,True,V5_ROLE_ONLY_EXPANSION,False,False
PROJECT,film_director,Q2526255,Q460742,Marion Hänsel,marionhansel,,V5_WIKIDATA_ROLE_ONLY_EXPANSION,ROLE_CATEGORY_ONLY;IDENTITY_LABEL;NO_EVENT_OUTCOME;NO_CHRONOLOGY;NO_PAIRABILITY;NO_ASTROLOGY;NO_CONTROL,MarionHänsel1949,Marion Hänsel,female,1949-02-12,19:40,+01:00,1949,"Marseille, France",5.374,43.295,True,False,True,V5_ROLE_ONLY_EXPANSION,False,False
PROJECT,actor,Q33999,Q90692,Marion Michael,marionmichael,,V5_WIKIDATA_ROLE_ONLY_EXPANSION,ROLE_CATEGORY_ONLY;IDENTITY_LABEL;NO_EVENT_OUTCOME;NO_CHRONOLOGY;NO_PAIRABILITY;NO_ASTROLOGY;NO_CONTROL,MarionMichael1939,Marion Michael,female,1939-10-17,09:00,+01:00,1939,"Königsberg in Bayern, Germany",10.57,50.082,True,False,True,V5_ROLE_ONLY_EXPANSION,False,False
PROJECT,film_director,Q2526255,Q275964,Mariska Hargitay,mariskahargitay,,V5_WIKIDATA_ROLE_ONLY_EXPANSION,ROLE_CATEGORY_ONLY;IDENTITY_LABEL;NO_EVENT_OUTCOME;NO_CHRONOLOGY;NO_PAIRABILITY;NO_ASTROLOGY;NO_CONTROL,MariskaHargitay1964,Mariska Hargitay,female,1964-01-23,05:58,-08:00,1964,"Santa Monica, CA, United States",-118.492,34.011,True,False,True,V5_ROLE_ONLY_EXPANSION,False,False
PROJECT,actor,Q33999,Q164119,Mark Wahlberg,markwahlberg,,V5_WIKIDATA_ROLE_ONLY_EXPANSION,ROLE_CATEGORY_ONLY;IDENTITY_LABEL;NO_EVENT_OUTCOME;NO_CHRONOLOGY;NO_PAIRABILITY;NO_ASTROLOGY;NO_CONTROL,MarkWahlberg1971,Mark Wahlberg,male,1971-06-05,07:15,-04:00,1971,"Boston, MA, United States",-71.059,42.359,True,False,True,V5_ROLE_ONLY_EXPANSION,False,False
PROJECT,actor,Q33999,Q4612,Marlene Dietrich,marlenedietrich,,V5_WIKIDATA_ROLE_ONLY_EXPANSION,ROLE_CATEGORY_ONLY;IDENTITY_LABEL;NO_EVENT_OUTCOME;NO_CHRONOLOGY;NO_PAIRABILITY;NO_ASTROLOGY;NO_CONTROL,MarleneDietrich1901,Marlene Dietrich,female,1901-12-27,21:15,+01:00,1901,"Berlin, Germany",13.411,52.523,True,False,True,V5_ROLE_ONLY_EXPANSION,False,False
PROJECT,film_director,Q2526255,Q475098,Martial Raysse,martialraysse,,V5_WIKIDATA_ROLE_ONLY_EXPANSION,ROLE_CATEGORY_ONLY;IDENTITY_LABEL;NO_EVENT_OUTCOME;NO_CHRONOLOGY;NO_PAIRABILITY;NO_ASTROLOGY;NO_CONTROL,MartialRaysse1936,Martial Raysse,male,1936-02-12,17:00,+00:00,1936,"Vallauris, France",7.053,43.58,True,False,True,V5_ROLE_ONLY_EXPANSION,False,False
PROJECT,film_director,Q2526255,Q184572,Martin Sheen,martinsheen,,V5_WIKIDATA_ROLE_ONLY_EXPANSION,ROLE_CATEGORY_ONLY;IDENTITY_LABEL;NO_EVENT_OUTCOME;NO_CHRONOLOGY;NO_PAIRABILITY;NO_ASTROLOGY;NO_CONTROL,MartinSheen1940,Martin Sheen,male,1940-08-03,20:03,-04:00,1940,"Dayton, OH, United States",-84.192,39.761,True,False,True,V5_ROLE_ONLY_EXPANSION,False,False
PROJECT,musician,Q639669,Q270765,Mary Chapin Carpenter,marychapincarpenter,,V5_WIKIDATA_ROLE_ONLY_EXPANSION,ROLE_CATEGORY_ONLY;IDENTITY_LABEL;NO_EVENT_OUTCOME;NO_CHRONOLOGY;NO_PAIRABILITY;NO_ASTROLOGY;NO_CONTROL,MaryChapinCarpenter1958,Mary Chapin Carpenter,female,1958-02-21,05:46,-05:00,1958,"Princeton, NJ, United States",-74.661,40.352,True,False,True,V5_ROLE_ONLY_EXPANSION,False,False
PROJECT,actor,Q33999,Q41342,Mary Tyler Moore,marytylermoore,,V5_WIKIDATA_ROLE_ONLY_EXPANSION,ROLE_CATEGORY_ONLY;IDENTITY_LABEL;NO_EVENT_OUTCOME;NO_CHRONOLOGY;NO_PAIRABILITY;NO_ASTROLOGY;NO_CONTROL,MaryTylerMoore1936,Mary Tyler Moore,female,1936-12-29,10:45,-05:00,1936,"New York, NY, United States",-74.007,40.713,True,False,True,V5_ROLE_ONLY_EXPANSION,False,False
PROJECT,actor,Q33999,Q53035,Massimo Troisi,massimotroisi,,V5_WIKIDATA_ROLE_ONLY_EXPANSION,ROLE_CATEGORY_ONLY;IDENTITY_LABEL;NO_EVENT_OUTCOME;NO_CHRONOLOGY;NO_PAIRABILITY;NO_ASTROLOGY;NO_CONTROL,MassimoTroisi1953,Massimo Troisi,male,1953-02-19,02:00,+01:00,1953,"San Giorgio a Cremano, Italia",14.334,40.829,True,False,True,V5_ROLE_ONLY_EXPANSION,False,False
PROJECT,actor,Q33999,Q109534,Mathias Wieman,mathiaswieman,,V5_WIKIDATA_ROLE_ONLY_EXPANSION,ROLE_CATEGORY_ONLY;IDENTITY_LABEL;NO_EVENT_OUTCOME;NO_CHRONOLOGY;NO_PAIRABILITY;NO_ASTROLOGY;NO_CONTROL,MathiasWieman1902,Mathias Wieman,male,1902-06-23,16:15,+01:00,1902,"Osnabrück, Germany",8.053,52.267,True,False,True,V5_ROLE_ONLY_EXPANSION,False,False
PROJECT,film_director,Q2526255,Q355835,Mathieu Amalric,mathieuamalric,,V5_WIKIDATA_ROLE_ONLY_EXPANSION,ROLE_CATEGORY_ONLY;IDENTITY_LABEL;NO_EVENT_OUTCOME;NO_CHRONOLOGY;NO_PAIRABILITY;NO_ASTROLOGY;NO_CONTROL,MathieuAmalric1965,Mathieu Amalric,male,1965-10-25,02:15,+01:00,1965,"Neuilly-sur-Seine, France",2.273,48.884,True,False,True,V5_ROLE_ONLY_EXPANSION,False,False
PROJECT,film_director,Q2526255,Q491766,Mathieu Kassovitz,mathieukassovitz,,V5_WIKIDATA_ROLE_ONLY_EXPANSION,ROLE_CATEGORY_ONLY;IDENTITY_LABEL;NO_EVENT_OUTCOME;NO_CHRONOLOGY;NO_PAIRABILITY;NO_ASTROLOGY;NO_CONTROL,MathieuKassovitz1967,Mathieu Kassovitz,male,1967-08-03,18:40,+01:00,1967,"Paris, France",2.351,48.857,True,False,True,V5_ROLE_ONLY_EXPANSION,False,False
PROJECT,singer,Q177220,Q259193,Mathilda May,mathildamay,,V5_WIKIDATA_ROLE_ONLY_EXPANSION,ROLE_CATEGORY_ONLY;IDENTITY_LABEL;NO_EVENT_OUTCOME;NO_CHRONOLOGY;NO_PAIRABILITY;NO_ASTROLOGY;NO_CONTROL,MathildaMay1965,Mathilda May,female,1965-02-08,00:50,+01:00,1965,"Saint-Ouen, France",1.081,47.81,True,False,True,V5_ROLE_ONLY_EXPANSION,False,False
PROJECT,film_director,Q2526255,Q193070,Matt Dillon,mattdillon,,V5_WIKIDATA_ROLE_ONLY_EXPANSION,ROLE_CATEGORY_ONLY;IDENTITY_LABEL;NO_EVENT_OUTCOME;NO_CHRONOLOGY;NO_PAIRABILITY;NO_ASTROLOGY;NO_CONTROL,MattDillon1964,Matt Dillon,male,1964-02-18,06:05,-05:00,1964,"New Rochelle, NY, United States",-73.782,40.912,True,False,True,V5_ROLE_ONLY_EXPANSION,False,False
PROJECT,singer,Q177220,Q180896,Mattiwilda Dobbs,mattiwildadobbs,,V5_WIKIDATA_ROLE_ONLY_EXPANSION,ROLE_CATEGORY_ONLY;IDENTITY_LABEL;NO_EVENT_OUTCOME;NO_CHRONOLOGY;NO_PAIRABILITY;NO_ASTROLOGY;NO_CONTROL,MattiwildaDobbs1925,Mattiwilda Dobbs,female,1925-07-11,12:25,-04:00,1925,"Atlanta, GA, United States",-84.392,33.749,True,False,True,V5_ROLE_ONLY_EXPANSION,False,False
PROJECT,musician,Q639669,Q273216,Maureen McGovern,maureenmcgovern,,V5_WIKIDATA_ROLE_ONLY_EXPANSION,ROLE_CATEGORY_ONLY;IDENTITY_LABEL;NO_EVENT_OUTCOME;NO_CHRONOLOGY;NO_PAIRABILITY;NO_ASTROLOGY;NO_CONTROL,MaureenMcGovern1949,Maureen McGovern,female,1949-07-27,09:10,-04:00,1949,"Youngstown, OH, United States",-80.651,41.098,True,False,True,V5_ROLE_ONLY_EXPANSION,False,False
PROJECT,film_director,Q2526255,Q217764,Maurice Béjart,mauricebejart,,V5_WIKIDATA_ROLE_ONLY_EXPANSION,ROLE_CATEGORY_ONLY;IDENTITY_LABEL;NO_EVENT_OUTCOME;NO_CHRONOLOGY;NO_PAIRABILITY;NO_ASTROLOGY;NO_CONTROL,MauriceBéjart1927,Maurice Béjart,male,1927-01-01,18:00,+00:00,1927,"Marseille, France",5.374,43.295,True,False,True,V5_ROLE_ONLY_EXPANSION,False,False
PROJECT,musician,Q639669,Q183256,Maurice Duruflé,mauricedurufle,,V5_WIKIDATA_ROLE_ONLY_EXPANSION,ROLE_CATEGORY_ONLY;IDENTITY_LABEL;NO_EVENT_OUTCOME;NO_CHRONOLOGY;NO_PAIRABILITY;NO_ASTROLOGY;NO_CONTROL,MauriceDurufle1902,Maurice Durufle,male,1902-01-11,06:15,+00:09,1902,"Louviers, France",1.169,49.215,True,False,True,V5_ROLE_ONLY_EXPANSION,False,False
PROJECT,musician,Q639669,Q296876,Maurice Gibb,mauricegibb,,V5_WIKIDATA_ROLE_ONLY_EXPANSION,ROLE_CATEGORY_ONLY;IDENTITY_LABEL;NO_EVENT_OUTCOME;NO_CHRONOLOGY;NO_PAIRABILITY;NO_ASTROLOGY;NO_CONTROL,MauriceGibb1949,Maurice Gibb,male,1949-12-22,03:50,+00:00,1949,"Douglas, Isle of Man",-4.48,54.154,True,False,True,V5_ROLE_ONLY_EXPANSION,False,False
PROJECT,musician,Q639669,Q105487,Maurice Jarre,mauricejarre,,V5_WIKIDATA_ROLE_ONLY_EXPANSION,ROLE_CATEGORY_ONLY;IDENTITY_LABEL;NO_EVENT_OUTCOME;NO_CHRONOLOGY;NO_PAIRABILITY;NO_ASTROLOGY;NO_CONTROL,MauriceJarre1924,Maurice Jarre,male,1924-09-13,13:00,+01:00,1924,"Lyon, France",4.834,45.767,True,False,True,V5_ROLE_ONLY_EXPANSION,False,False
PROJECT,film_director,Q2526255,Q178293,Mauricio Kagel,mauriciokagel,,V5_WIKIDATA_ROLE_ONLY_EXPANSION,ROLE_CATEGORY_ONLY;IDENTITY_LABEL;NO_EVENT_OUTCOME;NO_CHRONOLOGY;NO_PAIRABILITY;NO_ASTROLOGY;NO_CONTROL,MauricioKagel1931,Mauricio Kagel,male,1931-12-24,05:20,-03:00,1931,"Buenos Aires Buenos Aires City Region, Argentina",-58.373,-34.609,True,False,True,V5_ROLE_ONLY_EXPANSION,False,False
PROJECT,film_director,Q2526255,Q433856,Maurizio Arena,maurizioarena,,V5_WIKIDATA_ROLE_ONLY_EXPANSION,ROLE_CATEGORY_ONLY;IDENTITY_LABEL;NO_EVENT_OUTCOME;NO_CHRONOLOGY;NO_PAIRABILITY;NO_ASTROLOGY;NO_CONTROL,MaurizioArena1933,Maurizio Arena,male,1933-12-26,12:00,+01:00,1933,"Rome, Italy",12.494,41.891,True,False,True,V5_ROLE_ONLY_EXPANSION,False,False
PROJECT,musician,Q639669,Q160058,Maurizio Pollini,mauriziopollini,,V5_WIKIDATA_ROLE_ONLY_EXPANSION,ROLE_CATEGORY_ONLY;IDENTITY_LABEL;NO_EVENT_OUTCOME;NO_CHRONOLOGY;NO_PAIRABILITY;NO_ASTROLOGY;NO_CONTROL,MaurizioPollini1942,Maurizio Pollini,male,1942-01-05,08:45,+02:00,1942,"Milan, Italy",9.188,45.464,True,False,True,V5_ROLE_ONLY_EXPANSION,False,False
PROJECT,film_director,Q2526255,Q53008,Mauro Bolognini,maurobolognini,,V5_WIKIDATA_ROLE_ONLY_EXPANSION,ROLE_CATEGORY_ONLY;IDENTITY_LABEL;NO_EVENT_OUTCOME;NO_CHRONOLOGY;NO_PAIRABILITY;NO_ASTROLOGY;NO_CONTROL,MauroBolognini1922,Mauro Bolognini,male,1922-06-28,11:00,+01:00,1922,"Pistoia, Italy",10.919,43.932,True,False,True,V5_ROLE_ONLY_EXPANSION,False,False
PROJECT,singer,Q177220,Q301378,Maxime Le Forestier,maximeleforestier,,V5_WIKIDATA_ROLE_ONLY_EXPANSION,ROLE_CATEGORY_ONLY;IDENTITY_LABEL;NO_EVENT_OUTCOME;NO_CHRONOLOGY;NO_PAIRABILITY;NO_ASTROLOGY;NO_CONTROL,MaximeLeForestier1949,Maxime Le Forestier,male,1949-02-10,21:03,+01:00,1949,"Paris, France",2.351,48.857,True,False,True,V5_ROLE_ONLY_EXPANSION,False,False
PROJECT,actor,Q33999,Q55410,Max Ophüls,maxophuls,,V5_WIKIDATA_ROLE_ONLY_EXPANSION,ROLE_CATEGORY_ONLY;IDENTITY_LABEL;NO_EVENT_OUTCOME;NO_CHRONOLOGY;NO_PAIRABILITY;NO_ASTROLOGY;NO_CONTROL,MaxOphüls1902,Max Ophüls,male,1902-05-06,11:00,+01:00,1902,"Saarbrücken, Germany",6.994,49.235,True,False,True,V5_ROLE_ONLY_EXPANSION,False,False
PROJECT,musician,Q639669,Q175899,Max Roach,maxroach,,V5_WIKIDATA_ROLE_ONLY_EXPANSION,ROLE_CATEGORY_ONLY;IDENTITY_LABEL;NO_EVENT_OUTCOME;NO_CHRONOLOGY;NO_PAIRABILITY;NO_ASTROLOGY;NO_CONTROL,MaxRoach1924,Max Roach,male,1924-01-10,16:00,-05:00,1924,"Elizabeth City, NC, United States",-76.223,36.302,True,False,True,V5_ROLE_ONLY_EXPANSION,False,False
PROJECT,singer,Q177220,Q231093,Mayim Bialik,mayimbialik,,V5_WIKIDATA_ROLE_ONLY_EXPANSION,ROLE_CATEGORY_ONLY;IDENTITY_LABEL;NO_EVENT_OUTCOME;NO_CHRONOLOGY;NO_PAIRABILITY;NO_ASTROLOGY;NO_CONTROL,MayimBialik1975,Mayim Bialik,female,1975-12-12,21:08,-08:00,1975,"San Diego, CA, United States",-117.164,32.716,True,False,True,V5_ROLE_ONLY_EXPANSION,False,False
PROJECT,singer,Q177220,Q295923,MC Hammer,mchammer,,V5_WIKIDATA_ROLE_ONLY_EXPANSION,ROLE_CATEGORY_ONLY;IDENTITY_LABEL;NO_EVENT_OUTCOME;NO_CHRONOLOGY;NO_PAIRABILITY;NO_ASTROLOGY;NO_CONTROL,MCHammer1962,MC Hammer,male,1962-03-30,11:59,-08:00,1962,"Oakland, CA, United States",-122.272,37.805,True,False,True,V5_ROLE_ONLY_EXPANSION,False,False
PROJECT,actor,Q33999,Q80069,Megan Fox,meganfox,,V5_WIKIDATA_ROLE_ONLY_EXPANSION,ROLE_CATEGORY_ONLY;IDENTITY_LABEL;NO_EVENT_OUTCOME;NO_CHRONOLOGY;NO_PAIRABILITY;NO_ASTROLOGY;NO_CONTROL,MeganFox1986,Megan Fox,female,1986-05-16,00:35,-04:00,1986,"Oak Ridge, TN, United States",-84.265,36.015,True,False,True,V5_ROLE_ONLY_EXPANSION,False,False
PROJECT,singer,Q177220,Q234581,Mélanie Laurent,melanielaurent,,V5_WIKIDATA_ROLE_ONLY_EXPANSION,ROLE_CATEGORY_ONLY;IDENTITY_LABEL;NO_EVENT_OUTCOME;NO_CHRONOLOGY;NO_PAIRABILITY;NO_ASTROLOGY;NO_CONTROL,MélanieLaurent1983,Mélanie Laurent,female,1983-02-21,14:00,+01:00,1983,"Paris, France",2.351,48.857,True,False,True,V5_ROLE_ONLY_EXPANSION,False,False
PROJECT,film_director,Q2526255,Q180491,Mélanie Thierry,melaniethierry,,V5_WIKIDATA_ROLE_ONLY_EXPANSION,ROLE_CATEGORY_ONLY;IDENTITY_LABEL;NO_EVENT_OUTCOME;NO_CHRONOLOGY;NO_PAIRABILITY;NO_ASTROLOGY;NO_CONTROL,MélanieThierry1981,Mélanie Thierry,female,1981-07-17,03:30,+02:00,1981,"Saint-Germain-en-Laye, France",2.094,48.899,True,False,True,V5_ROLE_ONLY_EXPANSION,False,False
PROJECT,musician,Q639669,Q183092,Merle Haggard,merlehaggard,,V5_WIKIDATA_ROLE_ONLY_EXPANSION,ROLE_CATEGORY_ONLY;IDENTITY_LABEL;NO_EVENT_OUTCOME;NO_CHRONOLOGY;NO_PAIRABILITY;NO_ASTROLOGY;NO_CONTROL,MerleHaggard1937,Merle Haggard,male,1937-04-06,01:30,-08:00,1937,"Bakersfield, CA, United States",-119.019,35.373,True,False,True,V5_ROLE_ONLY_EXPANSION,False,False
PROJECT,musician,Q639669,Q202725,Mia Farrow,miafarrow,,V5_WIKIDATA_ROLE_ONLY_EXPANSION,ROLE_CATEGORY_ONLY;IDENTITY_LABEL;NO_EVENT_OUTCOME;NO_CHRONOLOGY;NO_PAIRABILITY;NO_ASTROLOGY;NO_CONTROL,MiaFarrow1945,Mia Farrow,female,1945-02-09,11:27,-07:00,1945,"Los Angeles, CA, United States",-118.243,34.052,True,False,True,V5_ROLE_ONLY_EXPANSION,False,False
PROJECT,musician,Q639669,Q237446,Mia Martini,miamartini,,V5_WIKIDATA_ROLE_ONLY_EXPANSION,ROLE_CATEGORY_ONLY;IDENTITY_LABEL;NO_EVENT_OUTCOME;NO_CHRONOLOGY;NO_PAIRABILITY;NO_ASTROLOGY;NO_CONTROL,MiaMartini1947,Mia Martini,female,1947-09-20,13:00,+02:00,1947,"Bagnara Calabra, Italia",15.808,38.288,True,False,True,V5_ROLE_ONLY_EXPANSION,False,False
PROJECT,musician,Q639669,Q312514,Michael Bolton,michaelbolton,,V5_WIKIDATA_ROLE_ONLY_EXPANSION,ROLE_CATEGORY_ONLY;IDENTITY_LABEL;NO_EVENT_OUTCOME;NO_CHRONOLOGY;NO_PAIRABILITY;NO_ASTROLOGY;NO_CONTROL,MichaelBolton1953,Michael Bolton,male,1953-02-26,01:32,-05:00,1953,"New Haven, CT, United States",-72.924,41.308,True,False,True,V5_ROLE_ONLY_EXPANSION,False,False
PROJECT,film_director,Q2526255,Q313653,Michael Chiklis,michaelchiklis,,V5_WIKIDATA_ROLE_ONLY_EXPANSION,ROLE_CATEGORY_ONLY;IDENTITY_LABEL;NO_EVENT_OUTCOME;NO_CHRONOLOGY;NO_PAIRABILITY;NO_ASTROLOGY;NO_CONTROL,MichaelChiklis1963,Michael Chiklis,male,1963-08-30,15:08,-04:00,1963,"Lowell, MA, United States",-71.307,42.645,True,False,True,V5_ROLE_ONLY_EXPANSION,False,False
PROJECT,film_director,Q2526255,Q172140,Michael Crichton,michaelcrichton,,V5_WIKIDATA_ROLE_ONLY_EXPANSION,ROLE_CATEGORY_ONLY;IDENTITY_LABEL;NO_EVENT_OUTCOME;NO_CHRONOLOGY;NO_PAIRABILITY;NO_ASTROLOGY;NO_CONTROL,MichaelCrichton1942,Michael Crichton,male,1942-10-23,23:55,-05:00,1942,"Chicago, IL, United States",-87.632,41.883,True,False,True,V5_ROLE_ONLY_EXPANSION,False,False
PROJECT,film_director,Q2526255,Q503452,Michael Cristofer,michaelcristofer,,V5_WIKIDATA_ROLE_ONLY_EXPANSION,ROLE_CATEGORY_ONLY;IDENTITY_LABEL;NO_EVENT_OUTCOME;NO_CHRONOLOGY;NO_PAIRABILITY;NO_ASTROLOGY;NO_CONTROL,MichaelCristofer1945,Michael Cristofer,male,1945-01-22,13:03,-04:00,1945,"Trenton, NJ, United States",-74.76,40.221,True,False,True,V5_ROLE_ONLY_EXPANSION,False,False
PROJECT,actor,Q33999,Q100264,Michael Heltau,michaelheltau,,V5_WIKIDATA_ROLE_ONLY_EXPANSION,ROLE_CATEGORY_ONLY;IDENTITY_LABEL;NO_EVENT_OUTCOME;NO_CHRONOLOGY;NO_PAIRABILITY;NO_ASTROLOGY;NO_CONTROL,MichaelHeltau1933,Michael Heltau,male,1933-07-05,16:45,+01:00,1933,"Ingolstadt, Germany",11.425,48.762,True,False,True,V5_ROLE_ONLY_EXPANSION,False,False
PROJECT,film_director,Q2526255,Q346540,Michael Lonsdale,michaellonsdale,,V5_WIKIDATA_ROLE_ONLY_EXPANSION,ROLE_CATEGORY_ONLY;IDENTITY_LABEL;NO_EVENT_OUTCOME;NO_CHRONOLOGY;NO_PAIRABILITY;NO_ASTROLOGY;NO_CONTROL,MichaelLonsdale1931,Michael Lonsdale,male,1931-05-24,11:30,+01:00,1931,"Paris, France",2.351,48.857,True,False,True,V5_ROLE_ONLY_EXPANSION,False,False
PROJECT,film_director,Q2526255,Q174908,Michael Moore,michaelmoore,,V5_WIKIDATA_ROLE_ONLY_EXPANSION,ROLE_CATEGORY_ONLY;IDENTITY_LABEL;NO_EVENT_OUTCOME;NO_CHRONOLOGY;NO_PAIRABILITY;NO_ASTROLOGY;NO_CONTROL,MichaelMoore1954,Michael Moore,male,1954-04-23,12:45,-05:00,1954,"Davison Township, MI, United States",-83.516,43.004,True,False,True,V5_ROLE_ONLY_EXPANSION,False,False
PROJECT,singer,Q177220,Q314945,Michael Richards,michaelrichards,,V5_WIKIDATA_ROLE_ONLY_EXPANSION,ROLE_CATEGORY_ONLY;IDENTITY_LABEL;NO_EVENT_OUTCOME;NO_CHRONOLOGY;NO_PAIRABILITY;NO_ASTROLOGY;NO_CONTROL,MichaelRichards1949,Michael Richards,male,1949-07-24,04:43,-08:00,1949,"Culver City, CA, United States",-118.394,34.022,True,False,True,V5_ROLE_ONLY_EXPANSION,False,False
PROJECT,film_director,Q2526255,Q7122,Michel Audiard,michelaudiard,,V5_WIKIDATA_ROLE_ONLY_EXPANSION,ROLE_CATEGORY_ONLY;IDENTITY_LABEL;NO_EVENT_OUTCOME;NO_CHRONOLOGY;NO_PAIRABILITY;NO_ASTROLOGY;NO_CONTROL,MichelAudiard1920,Michel Audiard,male,1920-05-15,23:00,+01:00,1920,"Paris, France",2.351,48.857,True,False,True,V5_ROLE_ONLY_EXPANSION,False,False
PROJECT,musician,Q639669,Q323797,Michel Chapuis,michelchapuis,,V5_WIKIDATA_ROLE_ONLY_EXPANSION,ROLE_CATEGORY_ONLY;IDENTITY_LABEL;NO_EVENT_OUTCOME;NO_CHRONOLOGY;NO_PAIRABILITY;NO_ASTROLOGY;NO_CONTROL,MichelChapuis1930,Michel Chapuis,male,1930-01-15,07:45,+00:00,1930,"Dole, France",5.488,47.089,True,False,True,V5_ROLE_ONLY_EXPANSION,False,False
PROJECT,actor,Q33999,Q62257,Michel Constantin,michelconstantin,,V5_WIKIDATA_ROLE_ONLY_EXPANSION,ROLE_CATEGORY_ONLY;IDENTITY_LABEL;NO_EVENT_OUTCOME;NO_CHRONOLOGY;NO_PAIRABILITY;NO_ASTROLOGY;NO_CONTROL,MichelConstantin1924,Michel Constantin,male,1924-07-13,19:30,+01:00,1924,"Paris, France",2.351,48.857,True,False,True,V5_ROLE_ONLY_EXPANSION,False,False
PROJECT,film_director,Q2526255,Q530783,Michel Drach,micheldrach,,V5_WIKIDATA_ROLE_ONLY_EXPANSION,ROLE_CATEGORY_ONLY;IDENTITY_LABEL;NO_EVENT_OUTCOME;NO_CHRONOLOGY;NO_PAIRABILITY;NO_ASTROLOGY;NO_CONTROL,MichelDrach1930,Michel Drach,male,1930-10-18,22:30,+00:00,1930,"Paris, France",2.351,48.857,True,False,True,V5_ROLE_ONLY_EXPANSION,False,False
PROJECT,film_director,Q2526255,Q291392,Michèle Laroque,michelelaroque,,V5_WIKIDATA_ROLE_ONLY_EXPANSION,ROLE_CATEGORY_ONLY;IDENTITY_LABEL;NO_EVENT_OUTCOME;NO_CHRONOLOGY;NO_PAIRABILITY;NO_ASTROLOGY;NO_CONTROL,MichèleLaroque1960,Michèle Laroque,female,1960-06-15,00:15,+01:00,1960,"Nice, France",7.266,43.703,True,False,True,V5_ROLE_ONLY_EXPANSION,False,False
PROJECT,singer,Q177220,Q269106,Michele Lee,michelelee,,V5_WIKIDATA_ROLE_ONLY_EXPANSION,ROLE_CATEGORY_ONLY;IDENTITY_LABEL;NO_EVENT_OUTCOME;NO_CHRONOLOGY;NO_PAIRABILITY;NO_ASTROLOGY;NO_CONTROL,MicheleLee1942,Michele Lee,female,1942-06-24,01:25,-07:00,1942,"Los Angeles, CA, United States",-118.243,34.052,True,False,True,V5_ROLE_ONLY_EXPANSION,False,False
PROJECT,actor,Q33999,Q126098,Michel Gondry,michelgondry,,V5_WIKIDATA_ROLE_ONLY_EXPANSION,ROLE_CATEGORY_ONLY;IDENTITY_LABEL;NO_EVENT_OUTCOME;NO_CHRONOLOGY;NO_PAIRABILITY;NO_ASTROLOGY;NO_CONTROL,MichelGondry1963,Michel Gondry,male,1963-05-08,09:45,+01:00,1963,"Versailles, France",2.13,48.802,True,False,True,V5_ROLE_ONLY_EXPANSION,False,False
PROJECT,actor,Q33999,Q28556,Michel Hazanavicius,michelhazanavicius,,V5_WIKIDATA_ROLE_ONLY_EXPANSION,ROLE_CATEGORY_ONLY;IDENTITY_LABEL;NO_EVENT_OUTCOME;NO_CHRONOLOGY;NO_PAIRABILITY;NO_ASTROLOGY;NO_CONTROL,MichelHazanavicius1967,Michel Hazanavicius,male,1967-03-29,06:00,+01:00,1967,"Paris, France",2.351,48.857,True,False,True,V5_ROLE_ONLY_EXPANSION,False,False
PROJECT,film_director,Q2526255,Q313281,Michel Legrand,michellegrand,,V5_WIKIDATA_ROLE_ONLY_EXPANSION,ROLE_CATEGORY_ONLY;IDENTITY_LABEL;NO_EVENT_OUTCOME;NO_CHRONOLOGY;NO_PAIRABILITY;NO_ASTROLOGY;NO_CONTROL,MichelLegrand1932,Michel Legrand,male,1932-02-24,12:21,+00:00,1932,"Bécon-les-Granits, France",-0.801,47.503,True,False,True,V5_ROLE_ONLY_EXPANSION,False,False
PROJECT,film_director,Q2526255,Q295257,Michel Piccoli,michelpiccoli,,V5_WIKIDATA_ROLE_ONLY_EXPANSION,ROLE_CATEGORY_ONLY;IDENTITY_LABEL;NO_EVENT_OUTCOME;NO_CHRONOLOGY;NO_PAIRABILITY;NO_ASTROLOGY;NO_CONTROL,MichelPiccoli1925,Michel Piccoli,male,1925-12-27,17:25,+00:00,1925,"Paris, France",2.351,48.857,True,False,True,V5_ROLE_ONLY_EXPANSION,False,False
PROJECT,actor,Q33999,Q55994,Mike Farrell,mikefarrell,,V5_WIKIDATA_ROLE_ONLY_EXPANSION,ROLE_CATEGORY_ONLY;IDENTITY_LABEL;NO_EVENT_OUTCOME;NO_CHRONOLOGY;NO_PAIRABILITY;NO_ASTROLOGY;NO_CONTROL,MikeFarrell1939,Mike Farrell,male,1939-02-06,08:40,-06:00,1939,"Saint-Paul, MN, United States",-93.094,44.944,True,False,True,V5_ROLE_ONLY_EXPANSION,False,False
PROJECT,musician,Q639669,Q282202,Mike Minor,mikeminor,,V5_WIKIDATA_ROLE_ONLY_EXPANSION,ROLE_CATEGORY_ONLY;IDENTITY_LABEL;NO_EVENT_OUTCOME;NO_CHRONOLOGY;NO_PAIRABILITY;NO_ASTROLOGY;NO_CONTROL,MikeMinor1940,Mike Minor,male,1940-12-07,23:49,-08:00,1940,"San Francisco, CA, United States",-122.42,37.78,True,False,True,V5_ROLE_ONLY_EXPANSION,False,False
PROJECT,musician,Q639669,Q316878,Mike Patton,mikepatton,,V5_WIKIDATA_ROLE_ONLY_EXPANSION,ROLE_CATEGORY_ONLY;IDENTITY_LABEL;NO_EVENT_OUTCOME;NO_CHRONOLOGY;NO_PAIRABILITY;NO_ASTROLOGY;NO_CONTROL,MikePatton1968,Mike Patton,male,1968-01-27,02:30,-08:00,1968,"Arcata, CA, United States",-124.091,40.868,True,False,True,V5_ROLE_ONLY_EXPANSION,False,False
PROJECT,actor,Q33999,Q93341,Miles Davis,milesdavis,,V5_WIKIDATA_ROLE_ONLY_EXPANSION,ROLE_CATEGORY_ONLY;IDENTITY_LABEL;NO_EVENT_OUTCOME;NO_CHRONOLOGY;NO_PAIRABILITY;NO_ASTROLOGY;NO_CONTROL,MilesDavis1926,Miles Davis,male,1926-05-26,05:00,-05:00,1926,"Alton, IL, United States",-90.149,38.903,True,False,True,V5_ROLE_ONLY_EXPANSION,False,False
PROJECT,singer,Q177220,Q273073,Milly Carlucci,millycarlucci,,V5_WIKIDATA_ROLE_ONLY_EXPANSION,ROLE_CATEGORY_ONLY;IDENTITY_LABEL;NO_EVENT_OUTCOME;NO_CHRONOLOGY;NO_PAIRABILITY;NO_ASTROLOGY;NO_CONTROL,MillyCarlucci1954,Milly Carlucci,female,1954-10-01,10:30,+01:00,1954,"Sulmona, Italy",13.926,42.047,True,False,True,V5_ROLE_ONLY_EXPANSION,False,False
PROJECT,musician,Q639669,Q241835,Milva,milva,,V5_WIKIDATA_ROLE_ONLY_EXPANSION,ROLE_CATEGORY_ONLY;IDENTITY_LABEL;NO_EVENT_OUTCOME;NO_CHRONOLOGY;NO_PAIRABILITY;NO_ASTROLOGY;NO_CONTROL,Milva1939,Milva,female,1939-07-17,23:00,+01:00,1939,"Goro, Italy",12.296,44.852,True,False,True,V5_ROLE_ONLY_EXPANSION,False,False
PROJECT,musician,Q639669,Q107684,Mina,mina,,V5_WIKIDATA_ROLE_ONLY_EXPANSION,ROLE_CATEGORY_ONLY;IDENTITY_LABEL;NO_EVENT_OUTCOME;NO_CHRONOLOGY;NO_PAIRABILITY;NO_ASTROLOGY;NO_CONTROL,Mina1940,Mina,female,1940-03-25,15:00,+01:00,1940,"Busto Arsizio, Italia",8.85,45.611,True,False,True,V5_ROLE_ONLY_EXPANSION,False,False
PROJECT,film_director,Q2526255,Q256671,Miranda July,mirandajuly,,V5_WIKIDATA_ROLE_ONLY_EXPANSION,ROLE_CATEGORY_ONLY;IDENTITY_LABEL;NO_EVENT_OUTCOME;NO_CHRONOLOGY;NO_PAIRABILITY;NO_ASTROLOGY;NO_CONTROL,MirandaJuly1974,Miranda July,female,1974-02-15,15:27,-04:00,1974,"Berlin, VT, United States",-72.541,44.219,True,False,True,V5_ROLE_ONLY_EXPANSION,False,False
PROJECT,film_director,Q2526255,Q268569,Mireille Darc,mireilledarc,,V5_WIKIDATA_ROLE_ONLY_EXPANSION,ROLE_CATEGORY_ONLY;IDENTITY_LABEL;NO_EVENT_OUTCOME;NO_CHRONOLOGY;NO_PAIRABILITY;NO_ASTROLOGY;NO_CONTROL,MireilleDarc1938,Mireille Darc,female,1938-05-15,16:00,+01:00,1938,"Toulon, France",5.931,43.125,True,False,True,V5_ROLE_ONLY_EXPANSION,False,False
PROJECT,singer,Q177220,Q231460,Molly Ringwald,mollyringwald,,V5_WIKIDATA_ROLE_ONLY_EXPANSION,ROLE_CATEGORY_ONLY;IDENTITY_LABEL;NO_EVENT_OUTCOME;NO_CHRONOLOGY;NO_PAIRABILITY;NO_ASTROLOGY;NO_CONTROL,MollyRingwald1968,Molly Ringwald,female,1968-02-18,14:07,-08:00,1968,"Roseville, CA, United States",-121.285,38.748,True,False,True,V5_ROLE_ONLY_EXPANSION,False,False
PROJECT,actor,Q33999,Q81819,Monica Bellucci,monicabellucci,,V5_WIKIDATA_ROLE_ONLY_EXPANSION,ROLE_CATEGORY_ONLY;IDENTITY_LABEL;NO_EVENT_OUTCOME;NO_CHRONOLOGY;NO_PAIRABILITY;NO_ASTROLOGY;NO_CONTROL,MonicaBellucci1964,Monica Bellucci,female,1964-09-30,14:30,+01:00,1964,"Città di Castello, Italy",12.244,43.461,True,False,True,V5_ROLE_ONLY_EXPANSION,False,False
PROJECT,actor,Q33999,Q106881,Monica Vitti,monicavitti,,V5_WIKIDATA_ROLE_ONLY_EXPANSION,ROLE_CATEGORY_ONLY;IDENTITY_LABEL;NO_EVENT_OUTCOME;NO_CHRONOLOGY;NO_PAIRABILITY;NO_ASTROLOGY;NO_CONTROL,MonicaVitti1931,Monica Vitti,female,1931-11-03,11:00,+01:00,1931,"Rome, Italy",12.494,41.891,True,False,True,V5_ROLE_ONLY_EXPANSION,False,False
PROJECT,film_director,Q2526255,Q312835,Morris,morris,,V5_WIKIDATA_ROLE_ONLY_EXPANSION,ROLE_CATEGORY_ONLY;IDENTITY_LABEL;NO_EVENT_OUTCOME;NO_CHRONOLOGY;NO_PAIRABILITY;NO_ASTROLOGY;NO_CONTROL,Morris1923,Morris,male,1923-12-01,13:00,+00:00,1923,"Kortrijk, Belgium",3.265,50.828,True,False,True,V5_ROLE_ONLY_EXPANSION,False,False
PROJECT,actor,Q33999,Q105941,Myrna Loy,myrnaloy,,V5_WIKIDATA_ROLE_ONLY_EXPANSION,ROLE_CATEGORY_ONLY;IDENTITY_LABEL;NO_EVENT_OUTCOME;NO_CHRONOLOGY;NO_PAIRABILITY;NO_ASTROLOGY;NO_CONTROL,MyrnaLoy1905,Myrna Loy,female,1905-08-02,21:00,-07:00,1905,"Radersburg, MT, United States",-111.681,46.129,True,False,True,V5_ROLE_ONLY_EXPANSION,False,False
PROJECT,film_director,Q2526255,Q266222,Nadine Trintignant,nadinetrintignant,,V5_WIKIDATA_ROLE_ONLY_EXPANSION,ROLE_CATEGORY_ONLY;IDENTITY_LABEL;NO_EVENT_OUTCOME;NO_CHRONOLOGY;NO_PAIRABILITY;NO_ASTROLOGY;NO_CONTROL,NadineTrintignant1934,Nadine Trintignant,female,1934-11-11,03:30,+00:00,1934,"Nice, France",7.266,43.703,True,False,True,V5_ROLE_ONLY_EXPANSION,False,False
PROJECT,singer,Q177220,Q233937,Nancy Sinatra,nancysinatra,,V5_WIKIDATA_ROLE_ONLY_EXPANSION,ROLE_CATEGORY_ONLY;IDENTITY_LABEL;NO_EVENT_OUTCOME;NO_CHRONOLOGY;NO_PAIRABILITY;NO_ASTROLOGY;NO_CONTROL,NancySinatra1940,Nancy Sinatra,female,1940-06-08,09:01,-04:00,1940,"Jersey City, NJ, United States",-74.044,40.718,True,False,True,V5_ROLE_ONLY_EXPANSION,False,False
PROJECT,film_director,Q2526255,Q464973,Nancy Walker,nancywalker,,V5_WIKIDATA_ROLE_ONLY_EXPANSION,ROLE_CATEGORY_ONLY;IDENTITY_LABEL;NO_EVENT_OUTCOME;NO_CHRONOLOGY;NO_PAIRABILITY;NO_ASTROLOGY;NO_CONTROL,NancyWalker1922,Nancy Walker,female,1922-05-10,20:10,-04:00,1922,"Philadelphia, PA, United States",-75.166,39.951,True,False,True,V5_ROLE_ONLY_EXPANSION,False,False
PROJECT,singer,Q177220,Q263772,Nancy Wilson,nancywilson,,V5_WIKIDATA_ROLE_ONLY_EXPANSION,ROLE_CATEGORY_ONLY;IDENTITY_LABEL;NO_EVENT_OUTCOME;NO_CHRONOLOGY;NO_PAIRABILITY;NO_ASTROLOGY;NO_CONTROL,NancyWilson1937,Nancy Wilson,female,1937-02-20,08:57,-05:00,1937,"Chillicothe, OH, United States",-82.982,39.332,True,False,True,V5_ROLE_ONLY_EXPANSION,False,False
PROJECT,actor,Q33999,Q53023,Nanni Loy,nanniloy,,V5_WIKIDATA_ROLE_ONLY_EXPANSION,ROLE_CATEGORY_ONLY;IDENTITY_LABEL;NO_EVENT_OUTCOME;NO_CHRONOLOGY;NO_PAIRABILITY;NO_ASTROLOGY;NO_CONTROL,NanniLoy1925,Nanni Loy,male,1925-10-23,06:15,+01:00,1925,"Cagliari, Italy",9.109,39.215,True,False,True,V5_ROLE_ONLY_EXPANSION,False,False
PROJECT,actor,Q33999,Q25100,Nanni Moretti,nannimoretti,,V5_WIKIDATA_ROLE_ONLY_EXPANSION,ROLE_CATEGORY_ONLY;IDENTITY_LABEL;NO_EVENT_OUTCOME;NO_CHRONOLOGY;NO_PAIRABILITY;NO_ASTROLOGY;NO_CONTROL,NanniMoretti1953,Nanni Moretti,male,1953-08-19,10:20,+01:00,1953,"Bruneck, Italy",11.937,46.798,True,False,True,V5_ROLE_ONLY_EXPANSION,False,False
PROJECT,actor,Q33999,Q76711,Nastassja Kinski,nastassjakinski,,V5_WIKIDATA_ROLE_ONLY_EXPANSION,ROLE_CATEGORY_ONLY;IDENTITY_LABEL;NO_EVENT_OUTCOME;NO_CHRONOLOGY;NO_PAIRABILITY;NO_ASTROLOGY;NO_CONTROL,NastassjaKinski1961,Nastassja Kinski,female,1961-01-24,00:54,+01:00,1961,"Seedorf, Germany",10.411,54.05,True,False,True,V5_ROLE_ONLY_EXPANSION,False,False
PROJECT,musician,Q639669,Q235896,Natacha Atlas,natachaatlas,,V5_WIKIDATA_ROLE_ONLY_EXPANSION,ROLE_CATEGORY_ONLY;IDENTITY_LABEL;NO_EVENT_OUTCOME;NO_CHRONOLOGY;NO_PAIRABILITY;NO_ASTROLOGY;NO_CONTROL,NatachaAtlas1964,Natacha Atlas,female,1964-03-20,14:00,+01:00,1964,"Ixelles, Brussels, Belgium",4.372,50.828,True,False,True,V5_ROLE_ONLY_EXPANSION,False,False
PROJECT,actor,Q33999,Q90124,Natalie Alison,nataliealison,,V5_WIKIDATA_ROLE_ONLY_EXPANSION,ROLE_CATEGORY_ONLY;IDENTITY_LABEL;NO_EVENT_OUTCOME;NO_CHRONOLOGY;NO_PAIRABILITY;NO_ASTROLOGY;NO_CONTROL,NatalieAlison1978,Natalie Alison,female,1978-06-13,09:40,+01:00,1978,"Vienna, Austria",16.373,48.209,True,False,True,V5_ROLE_ONLY_EXPANSION,False,False
PROJECT,singer,Q177220,Q231942,Natalie Cole,nataliecole,,V5_WIKIDATA_ROLE_ONLY_EXPANSION,ROLE_CATEGORY_ONLY;IDENTITY_LABEL;NO_EVENT_OUTCOME;NO_CHRONOLOGY;NO_PAIRABILITY;NO_ASTROLOGY;NO_CONTROL,NatalieCole1950,Natalie Cole,female,1950-02-06,18:07,-08:00,1950,"Los Angeles, CA, United States",-118.243,34.052,True,False,True,V5_ROLE_ONLY_EXPANSION,False,False
PROJECT,musician,Q639669,Q241030,Natalie Dessay,nataliedessay,,V5_WIKIDATA_ROLE_ONLY_EXPANSION,ROLE_CATEGORY_ONLY;IDENTITY_LABEL;NO_EVENT_OUTCOME;NO_CHRONOLOGY;NO_PAIRABILITY;NO_ASTROLOGY;NO_CONTROL,NatalieDessay1965,Natalie Dessay,female,1965-04-19,17:00,+01:00,1965,"Lyon, France",4.834,45.767,True,False,True,V5_ROLE_ONLY_EXPANSION,False,False
PROJECT,actor,Q33999,Q106573,Nathalie Baye,nathaliebaye,,V5_WIKIDATA_ROLE_ONLY_EXPANSION,ROLE_CATEGORY_ONLY;IDENTITY_LABEL;NO_EVENT_OUTCOME;NO_CHRONOLOGY;NO_PAIRABILITY;NO_ASTROLOGY;NO_CONTROL,NathalieBaye1948,Nathalie Baye,female,1948-07-06,06:18,+01:00,1948,"Mainneville, France",1.68,49.374,True,False,True,V5_ROLE_ONLY_EXPANSION,False,False
PROJECT,film_director,Q2526255,Q461186,Nathalie Delon,nathaliedelon,,V5_WIKIDATA_ROLE_ONLY_EXPANSION,ROLE_CATEGORY_ONLY;IDENTITY_LABEL;NO_EVENT_OUTCOME;NO_CHRONOLOGY;NO_PAIRABILITY;NO_ASTROLOGY;NO_CONTROL,NathalieDelon1941,Nathalie Delon,female,1941-08-01,19:00,+01:00,1941,"Oujda, L'Oriental, Morocco",-1.919,34.679,True,False,True,V5_ROLE_ONLY_EXPANSION,False,False
PROJECT,actor,Q33999,Q137042,Nat King Cole,natkingcole,,V5_WIKIDATA_ROLE_ONLY_EXPANSION,ROLE_CATEGORY_ONLY;IDENTITY_LABEL;NO_EVENT_OUTCOME;NO_CHRONOLOGY;NO_PAIRABILITY;NO_ASTROLOGY;NO_CONTROL,Nat'King'Cole1919,Nat 'King' Cole,male,1919-03-17,03:00,-06:00,1919,"Montgomery, AL, United States",-86.3,32.377,True,False,True,V5_ROLE_ONLY_EXPANSION,False,False
PROJECT,musician,Q639669,Q45036,Nek,nek,,V5_WIKIDATA_ROLE_ONLY_EXPANSION,ROLE_CATEGORY_ONLY;IDENTITY_LABEL;NO_EVENT_OUTCOME;NO_CHRONOLOGY;NO_PAIRABILITY;NO_ASTROLOGY;NO_CONTROL,Nek1972,Nek,male,1972-01-06,14:30,+01:00,1972,"Sassuolo, Italy",10.785,44.544,True,False,True,V5_ROLE_ONLY_EXPANSION,False,False
PROJECT,singer,Q177220,Q271840,Nell Carter,nellcarter,,V5_WIKIDATA_ROLE_ONLY_EXPANSION,ROLE_CATEGORY_ONLY;IDENTITY_LABEL;NO_EVENT_OUTCOME;NO_CHRONOLOGY;NO_PAIRABILITY;NO_ASTROLOGY;NO_CONTROL,NellCarter1948,Nell Carter,female,1948-09-13,06:24,-05:00,1948,"Birmingham, AL, United States",-86.808,33.523,True,False,True,V5_ROLE_ONLY_EXPANSION,False,False
PROJECT,film_director,Q2526255,Q240677,Nicholas Ray,nicholasray,,V5_WIKIDATA_ROLE_ONLY_EXPANSION,ROLE_CATEGORY_ONLY;IDENTITY_LABEL;NO_EVENT_OUTCOME;NO_CHRONOLOGY;NO_PAIRABILITY;NO_ASTROLOGY;NO_CONTROL,NicholasRay1911,Nicholas Ray,male,1911-08-07,21:00,-06:00,1911,"Galesville, WI, United States",-91.349,44.084,True,False,True,V5_ROLE_ONLY_EXPANSION,False,False
PROJECT,film_director,Q2526255,Q434060,Nicole Garcia,nicolegarcia,,V5_WIKIDATA_ROLE_ONLY_EXPANSION,ROLE_CATEGORY_ONLY;IDENTITY_LABEL;NO_EVENT_OUTCOME;NO_CHRONOLOGY;NO_PAIRABILITY;NO_ASTROLOGY;NO_CONTROL,NicoleGarcia1946,Nicole Garcia,female,1946-04-22,13:00,+01:00,1946,"Oran, Algeria",-0.632,35.699,True,False,True,V5_ROLE_ONLY_EXPANSION,False,False
PROJECT,film_director,Q2526255,Q168704,Niki de Saint Phalle,nikidesaintphalle,,V5_WIKIDATA_ROLE_ONLY_EXPANSION,ROLE_CATEGORY_ONLY;IDENTITY_LABEL;NO_EVENT_OUTCOME;NO_CHRONOLOGY;NO_PAIRABILITY;NO_ASTROLOGY;NO_CONTROL,NikiDeSaintPhalle1930,Niki De Saint Phalle,female,1930-10-29,06:40,+00:00,1930,"Neuilly-sur-Seine, France",2.273,48.884,True,False,True,V5_ROLE_ONLY_EXPANSION,False,False
PROJECT,film_director,Q2526255,Q457123,Nina Companéez,ninacompaneez,,V5_WIKIDATA_ROLE_ONLY_EXPANSION,ROLE_CATEGORY_ONLY;IDENTITY_LABEL;NO_EVENT_OUTCOME;NO_CHRONOLOGY;NO_PAIRABILITY;NO_ASTROLOGY;NO_CONTROL,NinaCompanéez1937,Nina Companéez,female,1937-08-26,05:00,+01:00,1937,"Boulogne-Billancourt, France",2.243,48.834,True,False,True,V5_ROLE_ONLY_EXPANSION,False,False
PROJECT,actor,Q33999,Q123177,Nina Petri,ninapetri,,V5_WIKIDATA_ROLE_ONLY_EXPANSION,ROLE_CATEGORY_ONLY;IDENTITY_LABEL;NO_EVENT_OUTCOME;NO_CHRONOLOGY;NO_PAIRABILITY;NO_ASTROLOGY;NO_CONTROL,NinaPetri1963,Nina Petri,female,1963-07-16,11:00,+01:00,1963,"Blankenese, Hamburg, Germany",9.811,53.558,True,False,True,V5_ROLE_ONLY_EXPANSION,False,False
PROJECT,musician,Q639669,Q174957,Nina Simone,ninasimone,,V5_WIKIDATA_ROLE_ONLY_EXPANSION,ROLE_CATEGORY_ONLY;IDENTITY_LABEL;NO_EVENT_OUTCOME;NO_CHRONOLOGY;NO_PAIRABILITY;NO_ASTROLOGY;NO_CONTROL,NinaSimone1933,Nina Simone,female,1933-02-21,06:00,-05:00,1933,"Tryon, NC, United States",-82.238,35.209,True,False,True,V5_ROLE_ONLY_EXPANSION,False,False
PROJECT,actor,Q33999,Q55456,Nino Manfredi,ninomanfredi,,V5_WIKIDATA_ROLE_ONLY_EXPANSION,ROLE_CATEGORY_ONLY;IDENTITY_LABEL;NO_EVENT_OUTCOME;NO_CHRONOLOGY;NO_PAIRABILITY;NO_ASTROLOGY;NO_CONTROL,NinoManfredi1921,Nino Manfredi,male,1921-03-22,02:00,+01:00,1921,"Castro dei Volsci, Italia",13.407,41.509,True,False,True,V5_ROLE_ONLY_EXPANSION,False,False
PROJECT,musician,Q639669,Q214665,Nino Rota,ninorota,,V5_WIKIDATA_ROLE_ONLY_EXPANSION,ROLE_CATEGORY_ONLY;IDENTITY_LABEL;NO_EVENT_OUTCOME;NO_CHRONOLOGY;NO_PAIRABILITY;NO_ASTROLOGY;NO_CONTROL,NinoRota1911,Nino Rota,male,1911-12-03,07:30,+01:00,1911,"Milan, Italy",9.188,45.464,True,False,True,V5_ROLE_ONLY_EXPANSION,False,False
PROJECT,musician,Q639669,Q58168,Nolwenn Leroy,nolwennleroy,,V5_WIKIDATA_ROLE_ONLY_EXPANSION,ROLE_CATEGORY_ONLY;IDENTITY_LABEL;NO_EVENT_OUTCOME;NO_CHRONOLOGY;NO_PAIRABILITY;NO_ASTROLOGY;NO_CONTROL,NolwennLeroy1982,Nolwenn Leroy,female,1982-09-28,16:15,+01:00,1982,"Saint-Renan, France",-4.615,48.431,True,False,True,V5_ROLE_ONLY_EXPANSION,False,False
PROJECT,singer,Q177220,Q291466,Nora Arnezeder,noraarnezeder,,V5_WIKIDATA_ROLE_ONLY_EXPANSION,ROLE_CATEGORY_ONLY;IDENTITY_LABEL;NO_EVENT_OUTCOME;NO_CHRONOLOGY;NO_PAIRABILITY;NO_ASTROLOGY;NO_CONTROL,NoraArnezeder1989,Nora Arnezeder,female,1989-05-08,23:17,+02:00,1989,"Paris, France",2.351,48.857,True,False,True,V5_ROLE_ONLY_EXPANSION,False,False
PROJECT,musician,Q639669,Q237633,Odetta,odetta,,V5_WIKIDATA_ROLE_ONLY_EXPANSION,ROLE_CATEGORY_ONLY;IDENTITY_LABEL;NO_EVENT_OUTCOME;NO_CHRONOLOGY;NO_PAIRABILITY;NO_ASTROLOGY;NO_CONTROL,Odetta1930,Odetta,female,1930-12-31,09:20,-06:00,1930,"Birmingham, AL, United States",-86.808,33.523,True,False,True,V5_ROLE_ONLY_EXPANSION,False,False
PROJECT,film_director,Q2526255,Q179497,Oliver Stone,oliverstone,,V5_WIKIDATA_ROLE_ONLY_EXPANSION,ROLE_CATEGORY_ONLY;IDENTITY_LABEL;NO_EVENT_OUTCOME;NO_CHRONOLOGY;NO_PAIRABILITY;NO_ASTROLOGY;NO_CONTROL,OliverStone1946,Oliver Stone,male,1946-09-15,09:58,-04:00,1946,"New York, NY, United States",-74.007,40.713,True,False,True,V5_ROLE_ONLY_EXPANSION,False,False
PROJECT,singer,Q177220,Q260331,Olivia Olson,oliviaolson,,V5_WIKIDATA_ROLE_ONLY_EXPANSION,ROLE_CATEGORY_ONLY;IDENTITY_LABEL;NO_EVENT_OUTCOME;NO_CHRONOLOGY;NO_PAIRABILITY;NO_ASTROLOGY;NO_CONTROL,OliviaOlson1992,Olivia Olson,female,1992-05-21,20:02,-07:00,1992,"Santa Monica, CA, United States",-118.492,34.011,True,False,True,V5_ROLE_ONLY_EXPANSION,False,False
PROJECT,film_director,Q2526255,Q270284,Olivia Ruiz,oliviaruiz,,V5_WIKIDATA_ROLE_ONLY_EXPANSION,ROLE_CATEGORY_ONLY;IDENTITY_LABEL;NO_EVENT_OUTCOME;NO_CHRONOLOGY;NO_PAIRABILITY;NO_ASTROLOGY;NO_CONTROL,OliviaRuiz1980,Olivia Ruiz,female,1980-01-01,05:20,+01:00,1980,"Carcassonne, France",2.356,43.213,True,False,True,V5_ROLE_ONLY_EXPANSION,False,False
PROJECT,musician,Q639669,Q151593,Olivier Messiaen,oliviermessiaen,,V5_WIKIDATA_ROLE_ONLY_EXPANSION,ROLE_CATEGORY_ONLY;IDENTITY_LABEL;NO_EVENT_OUTCOME;NO_CHRONOLOGY;NO_PAIRABILITY;NO_ASTROLOGY;NO_CONTROL,OlivierMessiaen1908,Olivier Messiaen,male,1908-12-10,23:00,+00:09,1908,"Avignon, France",4.806,43.949,True,False,True,V5_ROLE_ONLY_EXPANSION,False,False
PROJECT,actor,Q33999,Q74428,Olivier Nakache,oliviernakache,,V5_WIKIDATA_ROLE_ONLY_EXPANSION,ROLE_CATEGORY_ONLY;IDENTITY_LABEL;NO_EVENT_OUTCOME;NO_CHRONOLOGY;NO_PAIRABILITY;NO_ASTROLOGY;NO_CONTROL,OlivierNakache1973,Olivier Nakache,male,1973-04-15,14:25,+01:00,1973,"Suresnes, France",2.222,48.87,True,False,True,V5_ROLE_ONLY_EXPANSION,False,False
PROJECT,film_director,Q2526255,Q265732,ORLAN,orlan,,V5_WIKIDATA_ROLE_ONLY_EXPANSION,ROLE_CATEGORY_ONLY;IDENTITY_LABEL;NO_EVENT_OUTCOME;NO_CHRONOLOGY;NO_PAIRABILITY;NO_ASTROLOGY;NO_CONTROL,Orlan1947,Orlan,female,1947-05-30,16:15,+01:00,1947,"Saint-Etienne, France",4.388,45.44,True,False,True,V5_ROLE_ONLY_EXPANSION,False,False
PROJECT,actor,Q33999,Q59485,Otto Waalkes,ottowaalkes,,V5_WIKIDATA_ROLE_ONLY_EXPANSION,ROLE_CATEGORY_ONLY;IDENTITY_LABEL;NO_EVENT_OUTCOME;NO_CHRONOLOGY;NO_PAIRABILITY;NO_ASTROLOGY;NO_CONTROL,OttoWaalkes1948,Otto Waalkes,male,1948-07-22,17:45,+02:00,1948,"Emden, Germany",7.201,53.364,True,False,True,V5_ROLE_ONLY_EXPANSION,False,False
PROJECT,actor,Q33999,Q79076,O. W. Fischer,owfischer,,V5_WIKIDATA_ROLE_ONLY_EXPANSION,ROLE_CATEGORY_ONLY;IDENTITY_LABEL;NO_EVENT_OUTCOME;NO_CHRONOLOGY;NO_PAIRABILITY;NO_ASTROLOGY;NO_CONTROL,O.W.Fischer1915,O. W. Fischer,male,1915-04-01,01:00,+01:00,1915,"Klosterneuburg, Austria",16.325,48.305,True,False,True,V5_ROLE_ONLY_EXPANSION,False,False
PROJECT,singer,Q177220,Q236946,Paget Brewster,pagetbrewster,,V5_WIKIDATA_ROLE_ONLY_EXPANSION,ROLE_CATEGORY_ONLY;IDENTITY_LABEL;NO_EVENT_OUTCOME;NO_CHRONOLOGY;NO_PAIRABILITY;NO_ASTROLOGY;NO_CONTROL,PagetBrewster1969,Paget Brewster,female,1969-03-10,11:15,-05:00,1969,"Boston, MA, United States",-71.059,42.359,True,False,True,V5_ROLE_ONLY_EXPANSION,False,False
PROJECT,musician,Q639669,Q179516,Paolo Conte,paoloconte,,V5_WIKIDATA_ROLE_ONLY_EXPANSION,ROLE_CATEGORY_ONLY;IDENTITY_LABEL;NO_EVENT_OUTCOME;NO_CHRONOLOGY;NO_PAIRABILITY;NO_ASTROLOGY;NO_CONTROL,PaoloConte1937,Paolo Conte,male,1937-01-06,17:30,+01:00,1937,"Asti, Italy",8.207,44.901,True,False,True,V5_ROLE_ONLY_EXPANSION,False,False
PROJECT,film_director,Q2526255,Q471328,Paolo Villaggio,paolovillaggio,,V5_WIKIDATA_ROLE_ONLY_EXPANSION,ROLE_CATEGORY_ONLY;IDENTITY_LABEL;NO_EVENT_OUTCOME;NO_CHRONOLOGY;NO_PAIRABILITY;NO_ASTROLOGY;NO_CONTROL,PaoloVillaggio1932,Paolo Villaggio,male,1932-12-30,15:45,+01:00,1932,"Genoa, Italy",8.934,44.407,True,False,True,V5_ROLE_ONLY_EXPANSION,False,False
PROJECT,film_director,Q2526255,Q289645,Pascal Bonitzer,pascalbonitzer,,V5_WIKIDATA_ROLE_ONLY_EXPANSION,ROLE_CATEGORY_ONLY;IDENTITY_LABEL;NO_EVENT_OUTCOME;NO_CHRONOLOGY;NO_PAIRABILITY;NO_ASTROLOGY;NO_CONTROL,PascalBonitzer1946,Pascal Bonitzer,male,1946-02-01,16:00,+01:00,1946,"Paris, France",2.351,48.857,True,False,True,V5_ROLE_ONLY_EXPANSION,False,False
PROJECT,film_director,Q2526255,Q346976,Pasquale Squitieri,pasqualesquitieri,,V5_WIKIDATA_ROLE_ONLY_EXPANSION,ROLE_CATEGORY_ONLY;IDENTITY_LABEL;NO_EVENT_OUTCOME;NO_CHRONOLOGY;NO_PAIRABILITY;NO_ASTROLOGY;NO_CONTROL,PasqualeSquitieri1938,Pasquale Squitieri,male,1938-11-27,10:40,+01:00,1938,"Naples, Italy",14.253,40.84,True,False,True,V5_ROLE_ONLY_EXPANSION,False,False
PROJECT,singer,Q177220,Q290345,Patachou,patachou,,V5_WIKIDATA_ROLE_ONLY_EXPANSION,ROLE_CATEGORY_ONLY;IDENTITY_LABEL;NO_EVENT_OUTCOME;NO_CHRONOLOGY;NO_PAIRABILITY;NO_ASTROLOGY;NO_CONTROL,Patachou1918,Patachou,female,1918-06-10,23:00,+01:00,1918,"Paris, France",2.351,48.857,True,False,True,V5_ROLE_ONLY_EXPANSION,False,False
PROJECT,singer,Q177220,Q342778,Pat Boone,patboone,,V5_WIKIDATA_ROLE_ONLY_EXPANSION,ROLE_CATEGORY_ONLY;IDENTITY_LABEL;NO_EVENT_OUTCOME;NO_CHRONOLOGY;NO_PAIRABILITY;NO_ASTROLOGY;NO_CONTROL,PatBoone1934,Pat Boone,male,1934-06-01,18:40,-04:00,1934,"Jacksonville Beach, FL, United States",-81.392,30.288,True,False,True,V5_ROLE_ONLY_EXPANSION,False,False
PROJECT,film_director,Q2526255,Q366057,Patrice Chéreau,patricechereau,,V5_WIKIDATA_ROLE_ONLY_EXPANSION,ROLE_CATEGORY_ONLY;IDENTITY_LABEL;NO_EVENT_OUTCOME;NO_CHRONOLOGY;NO_PAIRABILITY;NO_ASTROLOGY;NO_CONTROL,PatriceChéreau1944,Patrice Chéreau,male,1944-11-02,11:45,+01:00,1944,"Huillé-Lézigné, France",-0.305,47.648,True,False,True,V5_ROLE_ONLY_EXPANSION,False,False
PROJECT,actor,Q33999,Q106709,Patrice Leconte,patriceleconte,,V5_WIKIDATA_ROLE_ONLY_EXPANSION,ROLE_CATEGORY_ONLY;IDENTITY_LABEL;NO_EVENT_OUTCOME;NO_CHRONOLOGY;NO_PAIRABILITY;NO_ASTROLOGY;NO_CONTROL,PatriceLeconte1947,Patrice Leconte,male,1947-11-12,11:50,+01:00,1947,"Paris, France",2.351,48.857,True,False,True,V5_ROLE_ONLY_EXPANSION,False,False
PROJECT,actor,Q33999,Q159704,Patricia Kaas,patriciakaas,,V5_WIKIDATA_ROLE_ONLY_EXPANSION,ROLE_CATEGORY_ONLY;IDENTITY_LABEL;NO_EVENT_OUTCOME;NO_CHRONOLOGY;NO_PAIRABILITY;NO_ASTROLOGY;NO_CONTROL,PatriciaKaas1966,Patricia Kaas,female,1966-12-05,10:25,+01:00,1966,"Forbach, France",6.898,49.186,True,False,True,V5_ROLE_ONLY_EXPANSION,False,False
PROJECT,musician,Q639669,Q254414,Patricia Petibon,patriciapetibon,,V5_WIKIDATA_ROLE_ONLY_EXPANSION,ROLE_CATEGORY_ONLY;IDENTITY_LABEL;NO_EVENT_OUTCOME;NO_CHRONOLOGY;NO_PAIRABILITY;NO_ASTROLOGY;NO_CONTROL,PatriciaPetibon1970,Patricia Petibon,female,1970-02-27,12:30,+01:00,1970,"Montargis, France",2.733,47.996,True,False,True,V5_ROLE_ONLY_EXPANSION,False,False
PROJECT,singer,Q177220,Q308792,Patrick Bauchau,patrickbauchau,,V5_WIKIDATA_ROLE_ONLY_EXPANSION,ROLE_CATEGORY_ONLY;IDENTITY_LABEL;NO_EVENT_OUTCOME;NO_CHRONOLOGY;NO_PAIRABILITY;NO_ASTROLOGY;NO_CONTROL,PatrickBauchau1938,Patrick Bauchau,male,1938-12-06,09:50,+00:00,1938,"Etterbeek, Brussels, Belgium",4.387,50.837,True,False,True,V5_ROLE_ONLY_EXPANSION,False,False
PROJECT,musician,Q639669,Q123121,Patrick Hernandez,patrickhernandez,,V5_WIKIDATA_ROLE_ONLY_EXPANSION,ROLE_CATEGORY_ONLY;IDENTITY_LABEL;NO_EVENT_OUTCOME;NO_CHRONOLOGY;NO_PAIRABILITY;NO_ASTROLOGY;NO_CONTROL,PatrickHernandez1949,Patrick Hernandez,male,1949-04-06,12:45,+01:00,1949,"Le Blanc-Mesnil, France",2.461,48.938,True,False,True,V5_ROLE_ONLY_EXPANSION,False,False
PROJECT,musician,Q639669,Q116020,Patrick Juvet,patrickjuvet,,V5_WIKIDATA_ROLE_ONLY_EXPANSION,ROLE_CATEGORY_ONLY;IDENTITY_LABEL;NO_EVENT_OUTCOME;NO_CHRONOLOGY;NO_PAIRABILITY;NO_ASTROLOGY;NO_CONTROL,PatrickJuvet1950,Patrick Juvet,male,1950-08-21,01:30,+01:00,1950,"Montreux, Switzerland",6.913,46.435,True,False,True,V5_ROLE_ONLY_EXPANSION,False,False
PROJECT,film_director,Q2526255,Q466527,Patrick Timsit,patricktimsit,,V5_WIKIDATA_ROLE_ONLY_EXPANSION,ROLE_CATEGORY_ONLY;IDENTITY_LABEL;NO_EVENT_OUTCOME;NO_CHRONOLOGY;NO_PAIRABILITY;NO_ASTROLOGY;NO_CONTROL,PatrickTimsit1959,Patrick Timsit,male,1959-07-15,12:00,+01:00,1959,"Algiers, Algeria",3.052,36.772,True,False,True,V5_ROLE_ONLY_EXPANSION,False,False
PROJECT,singer,Q177220,Q273080,Patsy Cline,patsycline,,V5_WIKIDATA_ROLE_ONLY_EXPANSION,ROLE_CATEGORY_ONLY;IDENTITY_LABEL;NO_EVENT_OUTCOME;NO_CHRONOLOGY;NO_PAIRABILITY;NO_ASTROLOGY;NO_CONTROL,PatsyCline1932,Patsy Cline,female,1932-09-08,23:05,-04:00,1932,"Winchester, KY, United States",-84.178,37.992,True,False,True,V5_ROLE_ONLY_EXPANSION,False,False
PROJECT,musician,Q639669,Q175759,Patti Page,pattipage,,V5_WIKIDATA_ROLE_ONLY_EXPANSION,ROLE_CATEGORY_ONLY;IDENTITY_LABEL;NO_EVENT_OUTCOME;NO_CHRONOLOGY;NO_PAIRABILITY;NO_ASTROLOGY;NO_CONTROL,PattiPage1927,Patti Page,female,1927-11-08,08:13,-06:00,1927,"Claremore, OK, United States",-95.617,36.314,True,False,True,V5_ROLE_ONLY_EXPANSION,False,False
PROJECT,singer,Q177220,Q232538,Patty Duke,pattyduke,,V5_WIKIDATA_ROLE_ONLY_EXPANSION,ROLE_CATEGORY_ONLY;IDENTITY_LABEL;NO_EVENT_OUTCOME;NO_CHRONOLOGY;NO_PAIRABILITY;NO_ASTROLOGY;NO_CONTROL,PattyDuke1946,Patty Duke,female,1946-12-14,22:39,-05:00,1946,"New York, NY, United States",-74.007,40.713,True,False,True,V5_ROLE_ONLY_EXPANSION,False,False
PROJECT,actor,Q33999,Q89509,Paul Klinger,paulklinger,,V5_WIKIDATA_ROLE_ONLY_EXPANSION,ROLE_CATEGORY_ONLY;IDENTITY_LABEL;NO_EVENT_OUTCOME;NO_CHRONOLOGY;NO_PAIRABILITY;NO_ASTROLOGY;NO_CONTROL,PaulKlinger1907,Paul Klinger,male,1907-06-14,15:00,+01:00,1907,"Essen, Germany",7.014,51.458,True,False,True,V5_ROLE_ONLY_EXPANSION,False,False
PROJECT,film_director,Q2526255,Q270560,Paul Mazursky,paulmazursky,,V5_WIKIDATA_ROLE_ONLY_EXPANSION,ROLE_CATEGORY_ONLY;IDENTITY_LABEL;NO_EVENT_OUTCOME;NO_CHRONOLOGY;NO_PAIRABILITY;NO_ASTROLOGY;NO_CONTROL,PaulMazursky1930,Paul Mazursky,male,1930-04-25,00:10,-05:00,1930,"New York, NY, United States",-74.007,40.713,True,False,True,V5_ROLE_ONLY_EXPANSION,False,False
PROJECT,film_director,Q2526255,Q129079,Paul Verhoeven,paulverhoeven,,V5_WIKIDATA_ROLE_ONLY_EXPANSION,ROLE_CATEGORY_ONLY;IDENTITY_LABEL;NO_EVENT_OUTCOME;NO_CHRONOLOGY;NO_PAIRABILITY;NO_ASTROLOGY;NO_CONTROL,PaulVerhoeven1901,Paul Verhoeven,male,1901-06-23,21:45,+01:00,1901,"Unna, Germany",7.686,51.534,True,False,True,V5_ROLE_ONLY_EXPANSION,False,False
PROJECT,singer,Q177220,Q235305,Peggy Lipton,peggylipton,,V5_WIKIDATA_ROLE_ONLY_EXPANSION,ROLE_CATEGORY_ONLY;IDENTITY_LABEL;NO_EVENT_OUTCOME;NO_CHRONOLOGY;NO_PAIRABILITY;NO_ASTROLOGY;NO_CONTROL,PeggyLipton1946,Peggy Lipton,female,1946-08-30,18:57,-04:00,1946,"New York, NY, United States",-74.007,40.713,True,False,True,V5_ROLE_ONLY_EXPANSION,False,False
PROJECT,singer,Q177220,Q237659,Penny Marshall,pennymarshall,,V5_WIKIDATA_ROLE_ONLY_EXPANSION,ROLE_CATEGORY_ONLY;IDENTITY_LABEL;NO_EVENT_OUTCOME;NO_CHRONOLOGY;NO_PAIRABILITY;NO_ASTROLOGY;NO_CONTROL,PennyMarshall1943,Penny Marshall,female,1943-10-15,09:32,-04:00,1943,"New York, NY, United States",-74.007,40.713,True,False,True,V5_ROLE_ONLY_EXPANSION,False,False
PROJECT,actor,Q33999,Q44801,Peter Alexander,peteralexander,,V5_WIKIDATA_ROLE_ONLY_EXPANSION,ROLE_CATEGORY_ONLY;IDENTITY_LABEL;NO_EVENT_OUTCOME;NO_CHRONOLOGY;NO_PAIRABILITY;NO_ASTROLOGY;NO_CONTROL,PeterAlexander1926,Peter Alexander,male,1926-06-30,15:00,+01:00,1926,"Vienna, Austria",16.373,48.209,True,False,True,V5_ROLE_ONLY_EXPANSION,False,False
PROJECT,actor,Q33999,Q158250,Peter Bogdanovich,peterbogdanovich,,V5_WIKIDATA_ROLE_ONLY_EXPANSION,ROLE_CATEGORY_ONLY;IDENTITY_LABEL;NO_EVENT_OUTCOME;NO_CHRONOLOGY;NO_PAIRABILITY;NO_ASTROLOGY;NO_CONTROL,PeterBogdanovich1939,Peter Bogdanovich,male,1939-07-30,21:50,-04:00,1939,"New Kingston, NY, United States",-74.681,42.235,True,False,True,V5_ROLE_ONLY_EXPANSION,False,False
PROJECT,musician,Q639669,Q346801,Peter Buck,peterbuck,,V5_WIKIDATA_ROLE_ONLY_EXPANSION,ROLE_CATEGORY_ONLY;IDENTITY_LABEL;NO_EVENT_OUTCOME;NO_CHRONOLOGY;NO_PAIRABILITY;NO_ASTROLOGY;NO_CONTROL,PeterBuck1956,Peter Buck,male,1956-12-06,06:15,-05:00,1956,"Berkeley, NJ, United States",-74.132,39.914,True,False,True,V5_ROLE_ONLY_EXPANSION,False,False
PROJECT,film_director,Q2526255,Q210148,Peter Fonda,peterfonda,,V5_WIKIDATA_ROLE_ONLY_EXPANSION,ROLE_CATEGORY_ONLY;IDENTITY_LABEL;NO_EVENT_OUTCOME;NO_CHRONOLOGY;NO_PAIRABILITY;NO_ASTROLOGY;NO_CONTROL,PeterFonda1940,Peter Fonda,male,1940-02-23,12:09,-05:00,1940,"New York, NY, United States",-74.007,40.713,True,False,True,V5_ROLE_ONLY_EXPANSION,False,False
PROJECT,actor,Q33999,Q156532,Peter Graves,petergraves,,V5_WIKIDATA_ROLE_ONLY_EXPANSION,ROLE_CATEGORY_ONLY;IDENTITY_LABEL;NO_EVENT_OUTCOME;NO_CHRONOLOGY;NO_PAIRABILITY;NO_ASTROLOGY;NO_CONTROL,PeterGraves1926,Peter Graves,male,1926-03-18,09:55,-06:00,1926,"Minneapolis, MN, United States",-93.264,44.977,True,False,True,V5_ROLE_ONLY_EXPANSION,False,False
PROJECT,film_director,Q2526255,Q44107,Peter Handke,peterhandke,,V5_WIKIDATA_ROLE_ONLY_EXPANSION,ROLE_CATEGORY_ONLY;IDENTITY_LABEL;NO_EVENT_OUTCOME;NO_CHRONOLOGY;NO_PAIRABILITY;NO_ASTROLOGY;NO_CONTROL,PeterHandke1942,Peter Handke,male,1942-12-06,06:45,+01:00,1942,"Griffen, Austria",14.732,46.704,True,False,True,V5_ROLE_ONLY_EXPANSION,False,False
PROJECT,musician,Q639669,Q77482,Peter Härtling,peterhartling,,V5_WIKIDATA_ROLE_ONLY_EXPANSION,ROLE_CATEGORY_ONLY;IDENTITY_LABEL;NO_EVENT_OUTCOME;NO_CHRONOLOGY;NO_PAIRABILITY;NO_ASTROLOGY;NO_CONTROL,PeterHärtling1933,Peter Härtling,male,1933-11-13,02:30,+01:00,1933,"Chemnitz, Germany",12.925,50.833,True,False,True,V5_ROLE_ONLY_EXPANSION,False,False
PROJECT,musician,Q639669,Q76660,Peter Kreuder,peterkreuder,,V5_WIKIDATA_ROLE_ONLY_EXPANSION,ROLE_CATEGORY_ONLY;IDENTITY_LABEL;NO_EVENT_OUTCOME;NO_CHRONOLOGY;NO_PAIRABILITY;NO_ASTROLOGY;NO_CONTROL,PeterKreuder1905,Peter Kreuder,male,1905-08-18,14:30,+01:00,1905,"Aachen, Germany",6.081,50.775,True,False,True,V5_ROLE_ONLY_EXPANSION,False,False
PROJECT,film_director,Q2526255,Q369485,Peter Masterson,petermasterson,,V5_WIKIDATA_ROLE_ONLY_EXPANSION,ROLE_CATEGORY_ONLY;IDENTITY_LABEL;NO_EVENT_OUTCOME;NO_CHRONOLOGY;NO_PAIRABILITY;NO_ASTROLOGY;NO_CONTROL,PeterMasterson1934,Peter Masterson,male,1934-06-01,23:45,-05:00,1934,"Houston, TX, United States",-95.37,29.761,True,False,True,V5_ROLE_ONLY_EXPANSION,False,False
PROJECT,film_director,Q2526255,Q430804,Peter Mullan,petermullan,,V5_WIKIDATA_ROLE_ONLY_EXPANSION,ROLE_CATEGORY_ONLY;IDENTITY_LABEL;NO_EVENT_OUTCOME;NO_CHRONOLOGY;NO_PAIRABILITY;NO_ASTROLOGY;NO_CONTROL,PeterMullan1959,Peter Mullan,male,1959-11-02,01:30,+00:00,1959,"Peterhead, United Kingdom",-1.783,57.506,True,False,True,V5_ROLE_ONLY_EXPANSION,False,False
PROJECT,film_director,Q2526255,Q57312,Peter Weiss,peterweiss,,V5_WIKIDATA_ROLE_ONLY_EXPANSION,ROLE_CATEGORY_ONLY;IDENTITY_LABEL;NO_EVENT_OUTCOME;NO_CHRONOLOGY;NO_PAIRABILITY;NO_ASTROLOGY;NO_CONTROL,PeterWeiss1916,Peter Weiss,male,1916-11-08,07:00,+01:00,1916,"Germany, Germany",13.411,52.523,True,False,True,V5_ROLE_ONLY_EXPANSION,False,False
PROJECT,film_director,Q2526255,Q360477,Peter Weller,peterweller,,V5_WIKIDATA_ROLE_ONLY_EXPANSION,ROLE_CATEGORY_ONLY;IDENTITY_LABEL;NO_EVENT_OUTCOME;NO_CHRONOLOGY;NO_PAIRABILITY;NO_ASTROLOGY;NO_CONTROL,PeterWeller1947,Peter Weller,male,1947-06-24,04:47,-05:00,1947,"Stevens Point, WI, United States",-89.57,44.523,True,False,True,V5_ROLE_ONLY_EXPANSION,False,False
PROJECT,film_director,Q2526255,Q309945,Peyo,peyo,,V5_WIKIDATA_ROLE_ONLY_EXPANSION,ROLE_CATEGORY_ONLY;IDENTITY_LABEL;NO_EVENT_OUTCOME;NO_CHRONOLOGY;NO_PAIRABILITY;NO_ASTROLOGY;NO_CONTROL,Peyo1928,Peyo,male,1928-06-25,09:00,+01:00,1928,"Brussels, Belgium",4.356,50.846,True,False,True,V5_ROLE_ONLY_EXPANSION,False,False
PROJECT,film_director,Q2526255,Q126367,Philippe Agostini,philippeagostini,,V5_WIKIDATA_ROLE_ONLY_EXPANSION,ROLE_CATEGORY_ONLY;IDENTITY_LABEL;NO_EVENT_OUTCOME;NO_CHRONOLOGY;NO_PAIRABILITY;NO_ASTROLOGY;NO_CONTROL,PhilippeAgostini1910,Philippe Agostini,male,1910-08-11,10:00,+00:09,1910,"Paris, France",2.351,48.857,True,False,True,V5_ROLE_ONLY_EXPANSION,False,False
PROJECT,film_director,Q2526255,Q365141,Philippe de Broca,philippedebroca,,V5_WIKIDATA_ROLE_ONLY_EXPANSION,ROLE_CATEGORY_ONLY;IDENTITY_LABEL;NO_EVENT_OUTCOME;NO_CHRONOLOGY;NO_PAIRABILITY;NO_ASTROLOGY;NO_CONTROL,PhilippedeBroca1933,Philippe de Broca,male,1933-03-15,04:20,+00:00,1933,"Paris, France",2.351,48.857,True,False,True,V5_ROLE_ONLY_EXPANSION,False,False
PROJECT,film_director,Q2526255,Q433979,Philippe Garrel,philippegarrel,,V5_WIKIDATA_ROLE_ONLY_EXPANSION,ROLE_CATEGORY_ONLY;IDENTITY_LABEL;NO_EVENT_OUTCOME;NO_CHRONOLOGY;NO_PAIRABILITY;NO_ASTROLOGY;NO_CONTROL,PhilippeGarrel1948,Philippe Garrel,male,1948-04-06,04:15,+01:00,1948,"Paris, France",2.351,48.857,True,False,True,V5_ROLE_ONLY_EXPANSION,False,False
PROJECT,actor,Q33999,Q155493,Philippe Léotard,philippeleotard,,V5_WIKIDATA_ROLE_ONLY_EXPANSION,ROLE_CATEGORY_ONLY;IDENTITY_LABEL;NO_EVENT_OUTCOME;NO_CHRONOLOGY;NO_PAIRABILITY;NO_ASTROLOGY;NO_CONTROL,PhilippeLéotard1940,Philippe Léotard,male,1940-08-28,01:00,+02:00,1940,"Nice, France",7.266,43.703,True,False,True,V5_ROLE_ONLY_EXPANSION,False,False
PROJECT,actor,Q33999,Q106482,Philippe Noiret,philippenoiret,,V5_WIKIDATA_ROLE_ONLY_EXPANSION,ROLE_CATEGORY_ONLY;IDENTITY_LABEL;NO_EVENT_OUTCOME;NO_CHRONOLOGY;NO_PAIRABILITY;NO_ASTROLOGY;NO_CONTROL,PhilippeNoiret1930,Philippe Noiret,male,1930-10-01,21:30,+01:00,1930,"Lille, France",3.063,50.631,True,False,True,V5_ROLE_ONLY_EXPANSION,False,False
PROJECT,actor,Q33999,Q117995,Phyllis Logan,phyllislogan,,V5_WIKIDATA_ROLE_ONLY_EXPANSION,ROLE_CATEGORY_ONLY;IDENTITY_LABEL;NO_EVENT_OUTCOME;NO_CHRONOLOGY;NO_PAIRABILITY;NO_ASTROLOGY;NO_CONTROL,PhyllisLogan1956,Phyllis Logan,female,1956-01-11,09:30,+00:00,1956,"Paisley, United Kingdom",-4.424,55.845,True,False,True,V5_ROLE_ONLY_EXPANSION,False,False
PROJECT,actor,Q33999,Q25120,Pier Paolo Pasolini,pierpaolopasolini,,V5_WIKIDATA_ROLE_ONLY_EXPANSION,ROLE_CATEGORY_ONLY;IDENTITY_LABEL;NO_EVENT_OUTCOME;NO_CHRONOLOGY;NO_PAIRABILITY;NO_ASTROLOGY;NO_CONTROL,PierPaoloPasolini1922,Pier Paolo Pasolini,male,1922-03-05,06:30,+01:00,1922,"Bologna, Italy",11.347,44.494,True,False,True,V5_ROLE_ONLY_EXPANSION,False,False
PROJECT,film_director,Q2526255,Q328248,Pierre Alechinsky,pierrealechinsky,,V5_WIKIDATA_ROLE_ONLY_EXPANSION,ROLE_CATEGORY_ONLY;IDENTITY_LABEL;NO_EVENT_OUTCOME;NO_CHRONOLOGY;NO_PAIRABILITY;NO_ASTROLOGY;NO_CONTROL,PierreAlechinsky1927,Pierre Alechinsky,male,1927-10-19,21:30,+00:00,1927,"Saint-Gilles, Bruxelles, Belgique",4.345,50.825,True,False,True,V5_ROLE_ONLY_EXPANSION,False,False
PROJECT,musician,Q639669,Q175586,Pierre Amoyal,pierreamoyal,,V5_WIKIDATA_ROLE_ONLY_EXPANSION,ROLE_CATEGORY_ONLY;IDENTITY_LABEL;NO_EVENT_OUTCOME;NO_CHRONOLOGY;NO_PAIRABILITY;NO_ASTROLOGY;NO_CONTROL,PierreAmoyal1949,Pierre Amoyal,male,1949-06-22,14:30,+01:00,1949,"Paris, France",2.351,48.857,True,False,True,V5_ROLE_ONLY_EXPANSION,False,False
PROJECT,actor,Q33999,Q123135,Pierre Arditi,pierrearditi,,V5_WIKIDATA_ROLE_ONLY_EXPANSION,ROLE_CATEGORY_ONLY;IDENTITY_LABEL;NO_EVENT_OUTCOME;NO_CHRONOLOGY;NO_PAIRABILITY;NO_ASTROLOGY;NO_CONTROL,PierreArditi1944,Pierre Arditi,male,1944-12-01,05:50,+01:00,1944,"Paris, France",2.351,48.857,True,False,True,V5_ROLE_ONLY_EXPANSION,False,False
PROJECT,musician,Q639669,Q156193,Pierre Boulez,pierreboulez,,V5_WIKIDATA_ROLE_ONLY_EXPANSION,ROLE_CATEGORY_ONLY;IDENTITY_LABEL;NO_EVENT_OUTCOME;NO_CHRONOLOGY;NO_PAIRABILITY;NO_ASTROLOGY;NO_CONTROL,PierreBoulez1925,Pierre Boulez,male,1925-03-26,17:00,+00:00,1925,"Montbrison, France",4.065,45.609,True,False,True,V5_ROLE_ONLY_EXPANSION,False,False
PROJECT,film_director,Q2526255,Q343898,Pierre Braunberger,pierrebraunberger,,V5_WIKIDATA_ROLE_ONLY_EXPANSION,ROLE_CATEGORY_ONLY;IDENTITY_LABEL;NO_EVENT_OUTCOME;NO_CHRONOLOGY;NO_PAIRABILITY;NO_ASTROLOGY;NO_CONTROL,PierreBraunberger1905,Pierre Braunberger,male,1905-07-29,10:30,+00:09,1905,"Paris, France",2.351,48.857,True,False,True,V5_ROLE_ONLY_EXPANSION,False,False
PROJECT,film_director,Q2526255,Q535127,Pierre Jolivet,pierrejolivet,,V5_WIKIDATA_ROLE_ONLY_EXPANSION,ROLE_CATEGORY_ONLY;IDENTITY_LABEL;NO_EVENT_OUTCOME;NO_CHRONOLOGY;NO_PAIRABILITY;NO_ASTROLOGY;NO_CONTROL,PierreJolivet1952,Pierre Jolivet,male,1952-10-09,16:20,+01:00,1952,"Saint-Mandé, France",2.418,48.84,True,False,True,V5_ROLE_ONLY_EXPANSION,False,False
PROJECT,musician,Q639669,Q315744,Pierre Schaeffer,pierreschaeffer,,V5_WIKIDATA_ROLE_ONLY_EXPANSION,ROLE_CATEGORY_ONLY;IDENTITY_LABEL;NO_EVENT_OUTCOME;NO_CHRONOLOGY;NO_PAIRABILITY;NO_ASTROLOGY;NO_CONTROL,PierreSchaeffer1910,Pierre Schaeffer,male,1910-08-14,16:00,+00:09,1910,"Nancy, France",6.182,48.691,True,False,True,V5_ROLE_ONLY_EXPANSION,False,False
PROJECT,actor,Q33999,Q53006,Pietro Germi,pietrogermi,,V5_WIKIDATA_ROLE_ONLY_EXPANSION,ROLE_CATEGORY_ONLY;IDENTITY_LABEL;NO_EVENT_OUTCOME;NO_CHRONOLOGY;NO_PAIRABILITY;NO_ASTROLOGY;NO_CONTROL,PietroGermi1914,Pietro Germi,male,1914-09-14,17:00,+01:00,1914,"Genoa, Italy",8.934,44.407,True,False,True,V5_ROLE_ONLY_EXPANSION,False,False
PROJECT,musician,Q639669,Q110100,Pietro Lombardi,pietrolombardi,,V5_WIKIDATA_ROLE_ONLY_EXPANSION,ROLE_CATEGORY_ONLY;IDENTITY_LABEL;NO_EVENT_OUTCOME;NO_CHRONOLOGY;NO_PAIRABILITY;NO_ASTROLOGY;NO_CONTROL,PietroLombardi1922,Pietro Lombardi,male,1922-06-04,03:00,+01:00,1922,"Bari, Italy",16.872,41.126,True,False,True,V5_ROLE_ONLY_EXPANSION,False,False
PROJECT,actor,Q33999,Q155538,Pina Bausch,pinabausch,,V5_WIKIDATA_ROLE_ONLY_EXPANSION,ROLE_CATEGORY_ONLY;IDENTITY_LABEL;NO_EVENT_OUTCOME;NO_CHRONOLOGY;NO_PAIRABILITY;NO_ASTROLOGY;NO_CONTROL,PinaBausch1940,Pina Bausch,female,1940-07-27,06:45,+02:00,1940,"Solingen, Germany",7.084,51.172,True,False,True,V5_ROLE_ONLY_EXPANSION,False,False
PROJECT,actor,Q33999,Q130853,Plácido Domingo,placidodomingo,,V5_WIKIDATA_ROLE_ONLY_EXPANSION,ROLE_CATEGORY_ONLY;IDENTITY_LABEL;NO_EVENT_OUTCOME;NO_CHRONOLOGY;NO_PAIRABILITY;NO_ASTROLOGY;NO_CONTROL,PlácidoDomingo1941,Plácido Domingo,male,1941-01-21,22:00,+01:00,1941,"Madrid, Spain",-3.7,40.417,True,False,True,V5_ROLE_ONLY_EXPANSION,False,False
PROJECT,singer,Q177220,Q267051,Polly Bergen,pollybergen,,V5_WIKIDATA_ROLE_ONLY_EXPANSION,ROLE_CATEGORY_ONLY;IDENTITY_LABEL;NO_EVENT_OUTCOME;NO_CHRONOLOGY;NO_PAIRABILITY;NO_ASTROLOGY;NO_CONTROL,PollyBergen1930,Polly Bergen,female,1930-07-14,03:30,-04:00,1930,"Knoxville, TN, United States",-83.917,35.963,True,False,True,V5_ROLE_ONLY_EXPANSION,False,False
PROJECT,film_director,Q2526255,Q55435,Pupi Avati,pupiavati,,V5_WIKIDATA_ROLE_ONLY_EXPANSION,ROLE_CATEGORY_ONLY;IDENTITY_LABEL;NO_EVENT_OUTCOME;NO_CHRONOLOGY;NO_PAIRABILITY;NO_ASTROLOGY;NO_CONTROL,PupiAvati1938,Pupi Avati,male,1938-11-03,23:15,+01:00,1938,"Bologna, Italy",11.347,44.494,True,False,True,V5_ROLE_ONLY_EXPANSION,False,False
PROJECT,musician,Q639669,Q193645,Quincy Jones,quincyjones,,V5_WIKIDATA_ROLE_ONLY_EXPANSION,ROLE_CATEGORY_ONLY;IDENTITY_LABEL;NO_EVENT_OUTCOME;NO_CHRONOLOGY;NO_PAIRABILITY;NO_ASTROLOGY;NO_CONTROL,QuincyJones1933,Quincy Jones,male,1933-03-14,20:40,-06:00,1933,"Chicago, IL, United States",-87.632,41.883,True,False,True,V5_ROLE_ONLY_EXPANSION,False,False
PROJECT,film_director,Q2526255,Q275346,Rachida Brakni,rachidabrakni,,V5_WIKIDATA_ROLE_ONLY_EXPANSION,ROLE_CATEGORY_ONLY;IDENTITY_LABEL;NO_EVENT_OUTCOME;NO_CHRONOLOGY;NO_PAIRABILITY;NO_ASTROLOGY;NO_CONTROL,RachidaBrakni1977,Rachida Brakni,female,1977-02-15,11:05,+01:00,1977,"Paris, France",2.351,48.857,True,False,True,V5_ROLE_ONLY_EXPANSION,False,False
PROJECT,actor,Q33999,Q118936,Rafael Alberti,rafaelalberti,,V5_WIKIDATA_ROLE_ONLY_EXPANSION,ROLE_CATEGORY_ONLY;IDENTITY_LABEL;NO_EVENT_OUTCOME;NO_CHRONOLOGY;NO_PAIRABILITY;NO_ASTROLOGY;NO_CONTROL,RafaelAlberti1902,Rafael Alberti,male,1902-12-16,12:00,+00:00,1902,"Cadiz, Spain",-6.293,36.53,True,False,True,V5_ROLE_ONLY_EXPANSION,False,False
PROJECT,singer,Q177220,Q266640,Raffaella Carrà,raffaellacarra,,V5_WIKIDATA_ROLE_ONLY_EXPANSION,ROLE_CATEGORY_ONLY;IDENTITY_LABEL;NO_EVENT_OUTCOME;NO_CHRONOLOGY;NO_PAIRABILITY;NO_ASTROLOGY;NO_CONTROL,RaffaellaCarrà1943,Raffaella Carrà,female,1943-06-18,16:00,+02:00,1943,"Bologna, Italy",11.347,44.494,True,False,True,V5_ROLE_ONLY_EXPANSION,False,False
PROJECT,actor,Q33999,Q44426,Rainer Werner Fassbinder,rainerwernerfassbinder,,V5_WIKIDATA_ROLE_ONLY_EXPANSION,ROLE_CATEGORY_ONLY;IDENTITY_LABEL;NO_EVENT_OUTCOME;NO_CHRONOLOGY;NO_PAIRABILITY;NO_ASTROLOGY;NO_CONTROL,RainerWernerFassbinder1945,Rainer Werner Fassbinder,male,1945-05-31,01:55,+03:00,1945,"Bad Wörishofen, Deutschland",10.594,48.005,True,False,True,V5_ROLE_ONLY_EXPANSION,False,False
PROJECT,musician,Q639669,Q318475,Randy Newman,randynewman,,V5_WIKIDATA_ROLE_ONLY_EXPANSION,ROLE_CATEGORY_ONLY;IDENTITY_LABEL;NO_EVENT_OUTCOME;NO_CHRONOLOGY;NO_PAIRABILITY;NO_ASTROLOGY;NO_CONTROL,RandyNewman1943,Randy Newman,male,1943-11-28,20:02,-07:00,1943,"Los Angeles, CA, United States",-118.243,34.052,True,False,True,V5_ROLE_ONLY_EXPANSION,False,False
PROJECT,musician,Q639669,Q312276,Randy Rhoads,randyrhoads,,V5_WIKIDATA_ROLE_ONLY_EXPANSION,ROLE_CATEGORY_ONLY;IDENTITY_LABEL;NO_EVENT_OUTCOME;NO_CHRONOLOGY;NO_PAIRABILITY;NO_ASTROLOGY;NO_CONTROL,RandyRhoads1956,Randy Rhoads,male,1956-12-06,19:16,-08:00,1956,"Santa Monica, CA, United States",-118.492,34.011,True,False,True,V5_ROLE_ONLY_EXPANSION,False,False
PROJECT,film_director,Q2526255,Q387323,Raoul Coutard,raoulcoutard,,V5_WIKIDATA_ROLE_ONLY_EXPANSION,ROLE_CATEGORY_ONLY;IDENTITY_LABEL;NO_EVENT_OUTCOME;NO_CHRONOLOGY;NO_PAIRABILITY;NO_ASTROLOGY;NO_CONTROL,RaoulCoutard1924,Raoul Coutard,male,1924-09-16,05:15,+01:00,1924,"Paris, France",2.351,48.857,True,False,True,V5_ROLE_ONLY_EXPANSION,False,False
PROJECT,singer,Q177220,Q229545,Raquel Welch,raquelwelch,,V5_WIKIDATA_ROLE_ONLY_EXPANSION,ROLE_CATEGORY_ONLY;IDENTITY_LABEL;NO_EVENT_OUTCOME;NO_CHRONOLOGY;NO_PAIRABILITY;NO_ASTROLOGY;NO_CONTROL,RaquelWelch1940,Raquel Welch,female,1940-09-05,14:04,-05:00,1940,"Chicago Heights, IL, United States",-87.642,41.501,True,False,True,V5_ROLE_ONLY_EXPANSION,False,False
PROJECT,film_director,Q2526255,Q357455,Ray Davies,raydavies,,V5_WIKIDATA_ROLE_ONLY_EXPANSION,ROLE_CATEGORY_ONLY;IDENTITY_LABEL;NO_EVENT_OUTCOME;NO_CHRONOLOGY;NO_PAIRABILITY;NO_ASTROLOGY;NO_CONTROL,RayDavies1944,Ray Davies,male,1944-06-21,00:20,+02:00,1944,"Fortis Green, London, United Kingdom",-0.149,51.593,True,False,True,V5_ROLE_ONLY_EXPANSION,False,False
PROJECT,singer,Q177220,Q290464,Régine Crespin,reginecrespin,,V5_WIKIDATA_ROLE_ONLY_EXPANSION,ROLE_CATEGORY_ONLY;IDENTITY_LABEL;NO_EVENT_OUTCOME;NO_CHRONOLOGY;NO_PAIRABILITY;NO_ASTROLOGY;NO_CONTROL,RegineCrespin1927,Regine Crespin,female,1927-02-23,02:00,+00:00,1927,"Marseille, France",5.374,43.295,True,False,True,V5_ROLE_ONLY_EXPANSION,False,False
PROJECT,actor,Q33999,Q76025,Reinhard Hauff,reinhardhauff,,V5_WIKIDATA_ROLE_ONLY_EXPANSION,ROLE_CATEGORY_ONLY;IDENTITY_LABEL;NO_EVENT_OUTCOME;NO_CHRONOLOGY;NO_PAIRABILITY;NO_ASTROLOGY;NO_CONTROL,ReinhardHauff1939,Reinhard Hauff,male,1939-05-23,05:55,+01:00,1939,"Marburg, Germany",8.769,50.815,True,False,True,V5_ROLE_ONLY_EXPANSION,False,False
PROJECT,musician,Q639669,Q1716,Renaud,renaud,,V5_WIKIDATA_ROLE_ONLY_EXPANSION,ROLE_CATEGORY_ONLY;IDENTITY_LABEL;NO_EVENT_OUTCOME;NO_CHRONOLOGY;NO_PAIRABILITY;NO_ASTROLOGY;NO_CONTROL,Renaud1952,Renaud,male,1952-05-11,03:30,+01:00,1952,"Paris, France",2.351,48.857,True,False,True,V5_ROLE_ONLY_EXPANSION,False,False
PROJECT,film_director,Q2526255,Q313190,René Clément,reneclement,,V5_WIKIDATA_ROLE_ONLY_EXPANSION,ROLE_CATEGORY_ONLY;IDENTITY_LABEL;NO_EVENT_OUTCOME;NO_CHRONOLOGY;NO_PAIRABILITY;NO_ASTROLOGY;NO_CONTROL,RenéClément1913,René Clément,male,1913-03-18,13:00,+00:00,1913,"Bordeaux, France",-0.575,44.835,True,False,True,V5_ROLE_ONLY_EXPANSION,False,False
PROJECT,musician,Q639669,Q165637,Renée Fleming,reneefleming,,V5_WIKIDATA_ROLE_ONLY_EXPANSION,ROLE_CATEGORY_ONLY;IDENTITY_LABEL;NO_EVENT_OUTCOME;NO_CHRONOLOGY;NO_PAIRABILITY;NO_ASTROLOGY;NO_CONTROL,RenéeFleming1959,Renée Fleming,female,1959-02-14,12:22,-05:00,1959,"Indiana, PA, United States",-79.859,40.566,True,False,True,V5_ROLE_ONLY_EXPANSION,False,False
PROJECT,actor,Q33999,Q122614,Renée Zellweger,reneezellweger,,V5_WIKIDATA_ROLE_ONLY_EXPANSION,ROLE_CATEGORY_ONLY;IDENTITY_LABEL;NO_EVENT_OUTCOME;NO_CHRONOLOGY;NO_PAIRABILITY;NO_ASTROLOGY;NO_CONTROL,RenéeZellweger1969,Renée Zellweger,female,1969-04-25,14:41,-06:00,1969,"Baytown, TX, United States",-94.968,29.732,True,False,True,V5_ROLE_ONLY_EXPANSION,False,False
PROJECT,film_director,Q2526255,Q337152,René Féret,reneferet,,V5_WIKIDATA_ROLE_ONLY_EXPANSION,ROLE_CATEGORY_ONLY;IDENTITY_LABEL;NO_EVENT_OUTCOME;NO_CHRONOLOGY;NO_PAIRABILITY;NO_ASTROLOGY;NO_CONTROL,RenéFéret1945,René Féret,male,1945-05-26,08:00,+02:00,1945,"La Bassée, France",2.802,50.531,True,False,True,V5_ROLE_ONLY_EXPANSION,False,False
PROJECT,film_director,Q2526255,Q192214,René Goscinny,renegoscinny,,V5_WIKIDATA_ROLE_ONLY_EXPANSION,ROLE_CATEGORY_ONLY;IDENTITY_LABEL;NO_EVENT_OUTCOME;NO_CHRONOLOGY;NO_PAIRABILITY;NO_ASTROLOGY;NO_CONTROL,RenéGoscinny1926,René Goscinny,male,1926-08-14,06:00,+01:00,1926,"Paris, France",2.351,48.857,True,False,True,V5_ROLE_ONLY_EXPANSION,False,False
PROJECT,singer,Q177220,Q283335,Rhonda Fleming,rhondafleming,,V5_WIKIDATA_ROLE_ONLY_EXPANSION,ROLE_CATEGORY_ONLY;IDENTITY_LABEL;NO_EVENT_OUTCOME;NO_CHRONOLOGY;NO_PAIRABILITY;NO_ASTROLOGY;NO_CONTROL,RhondaFleming1923,Rhonda Fleming,female,1923-08-10,14:13,-08:00,1923,"Los Angeles, CA, United States",-118.243,34.052,True,False,True,V5_ROLE_ONLY_EXPANSION,False,False
PROJECT,singer,Q177220,Q362625,Richard Berry,richardberry,,V5_WIKIDATA_ROLE_ONLY_EXPANSION,ROLE_CATEGORY_ONLY;IDENTITY_LABEL;NO_EVENT_OUTCOME;NO_CHRONOLOGY;NO_PAIRABILITY;NO_ASTROLOGY;NO_CONTROL,RichardBerry1950,Richard Berry,male,1950-07-31,14:50,+01:00,1950,"Paris, France",2.351,48.857,True,False,True,V5_ROLE_ONLY_EXPANSION,False,False
PROJECT,musician,Q639669,Q295847,Richard Chamberlain,richardchamberlain,,V5_WIKIDATA_ROLE_ONLY_EXPANSION,ROLE_CATEGORY_ONLY;IDENTITY_LABEL;NO_EVENT_OUTCOME;NO_CHRONOLOGY;NO_PAIRABILITY;NO_ASTROLOGY;NO_CONTROL,RichardChamberlain1934,Richard Chamberlain,male,1934-03-31,18:20,-08:00,1934,"Los Angeles, CA, United States",-118.243,34.052,True,False,True,V5_ROLE_ONLY_EXPANSION,False,False
PROJECT,musician,Q639669,Q240802,Richard Clayderman,richardclayderman,,V5_WIKIDATA_ROLE_ONLY_EXPANSION,ROLE_CATEGORY_ONLY;IDENTITY_LABEL;NO_EVENT_OUTCOME;NO_CHRONOLOGY;NO_PAIRABILITY;NO_ASTROLOGY;NO_CONTROL,RichardClayderman1953,Richard Clayderman,male,1953-12-28,20:00,+01:00,1953,"Paris, France",2.351,48.857,True,False,True,V5_ROLE_ONLY_EXPANSION,False,False
PROJECT,musician,Q639669,Q202600,Richard Kiley,richardkiley,,V5_WIKIDATA_ROLE_ONLY_EXPANSION,ROLE_CATEGORY_ONLY;IDENTITY_LABEL;NO_EVENT_OUTCOME;NO_CHRONOLOGY;NO_PAIRABILITY;NO_ASTROLOGY;NO_CONTROL,RichardKiley1922,Richard Kiley,male,1922-03-31,17:45,-06:00,1922,"Chicago Heights, IL, United States",-87.642,41.501,True,False,True,V5_ROLE_ONLY_EXPANSION,False,False
PROJECT,film_director,Q2526255,Q294912,Richard Pryor,richardpryor,,V5_WIKIDATA_ROLE_ONLY_EXPANSION,ROLE_CATEGORY_ONLY;IDENTITY_LABEL;NO_EVENT_OUTCOME;NO_CHRONOLOGY;NO_PAIRABILITY;NO_ASTROLOGY;NO_CONTROL,RichardPryor1940,Richard Pryor,male,1940-12-01,13:02,-06:00,1940,"Peoria Heights, IL, United States",-89.574,40.746,True,False,True,V5_ROLE_ONLY_EXPANSION,False,False
PROJECT,film_director,Q2526255,Q516671,Richard Wilson,richardwilson,,V5_WIKIDATA_ROLE_ONLY_EXPANSION,ROLE_CATEGORY_ONLY;IDENTITY_LABEL;NO_EVENT_OUTCOME;NO_CHRONOLOGY;NO_PAIRABILITY;NO_ASTROLOGY;NO_CONTROL,RichardWilson1936,Richard Wilson,male,1936-07-09,23:58,+01:00,1936,"Greenock, United Kingdom",-4.76,55.948,True,False,True,V5_ROLE_ONLY_EXPANSION,False,False
PROJECT,singer,Q177220,Q48999,Richie Furay,richiefuray,,V5_WIKIDATA_ROLE_ONLY_EXPANSION,ROLE_CATEGORY_ONLY;IDENTITY_LABEL;NO_EVENT_OUTCOME;NO_CHRONOLOGY;NO_PAIRABILITY;NO_ASTROLOGY;NO_CONTROL,RichieFuray1944,Richie Furay,male,1944-05-09,17:03,-04:00,1944,"Dayton, OH, United States",-84.192,39.761,True,False,True,V5_ROLE_ONLY_EXPANSION,False,False
PROJECT,musician,Q639669,Q295153,Richie Sambora,richiesambora,,V5_WIKIDATA_ROLE_ONLY_EXPANSION,ROLE_CATEGORY_ONLY;IDENTITY_LABEL;NO_EVENT_OUTCOME;NO_CHRONOLOGY;NO_PAIRABILITY;NO_ASTROLOGY;NO_CONTROL,RichieSambora1959,Richie Sambora,male,1959-07-11,07:33,-04:00,1959,"Perth Amboy, NJ, United States",-74.269,40.511,True,False,True,V5_ROLE_ONLY_EXPANSION,False,False
PROJECT,musician,Q639669,Q303207,Ricky Nelson,rickynelson,,V5_WIKIDATA_ROLE_ONLY_EXPANSION,ROLE_CATEGORY_ONLY;IDENTITY_LABEL;NO_EVENT_OUTCOME;NO_CHRONOLOGY;NO_PAIRABILITY;NO_ASTROLOGY;NO_CONTROL,RickyNelson1940,Ricky Nelson,male,1940-05-08,13:25,-04:00,1940,"Teaneck, NJ, United States",-74.007,40.885,True,False,True,V5_ROLE_ONLY_EXPANSION,False,False
PROJECT,actor,Q33999,Q52469,Ricky Paull Goldin,rickypaullgoldin,,V5_WIKIDATA_ROLE_ONLY_EXPANSION,ROLE_CATEGORY_ONLY;IDENTITY_LABEL;NO_EVENT_OUTCOME;NO_CHRONOLOGY;NO_PAIRABILITY;NO_ASTROLOGY;NO_CONTROL,RickyPaullGoldin1965,Ricky Paull Goldin,male,1965-01-05,05:35,-08:00,1965,"Alameda, CA, United States",-122.242,37.765,True,False,True,V5_ROLE_ONLY_EXPANSION,False,False
PROJECT,film_director,Q2526255,Q367489,Ricky Tognazzi,rickytognazzi,,V5_WIKIDATA_ROLE_ONLY_EXPANSION,ROLE_CATEGORY_ONLY;IDENTITY_LABEL;NO_EVENT_OUTCOME;NO_CHRONOLOGY;NO_PAIRABILITY;NO_ASTROLOGY;NO_CONTROL,RickyTognazzi1955,Ricky Tognazzi,male,1955-05-01,07:40,+01:00,1955,"Milan, Italy",9.188,45.464,True,False,True,V5_ROLE_ONLY_EXPANSION,False,False
PROJECT,film_director,Q2526255,Q313522,Rip Torn,riptorn,,V5_WIKIDATA_ROLE_ONLY_EXPANSION,ROLE_CATEGORY_ONLY;IDENTITY_LABEL;NO_EVENT_OUTCOME;NO_CHRONOLOGY;NO_PAIRABILITY;NO_ASTROLOGY;NO_CONTROL,RipTorn1931,Rip Torn,male,1931-02-06,02:35,-06:00,1931,"Temple, TX, United States",-97.344,31.098,True,False,True,V5_ROLE_ONLY_EXPANSION,False,False
PROJECT,actor,Q33999,Q112832,Rita Cadillac,ritacadillac,,V5_WIKIDATA_ROLE_ONLY_EXPANSION,ROLE_CATEGORY_ONLY;IDENTITY_LABEL;NO_EVENT_OUTCOME;NO_CHRONOLOGY;NO_PAIRABILITY;NO_ASTROLOGY;NO_CONTROL,RitaCadillac1936,Rita Cadillac,female,1936-05-18,11:10,+01:00,1936,"Paris, France",2.351,48.857,True,False,True,V5_ROLE_ONLY_EXPANSION,False,False
PROJECT,musician,Q639669,Q268604,Rita Coolidge,ritacoolidge,,V5_WIKIDATA_ROLE_ONLY_EXPANSION,ROLE_CATEGORY_ONLY;IDENTITY_LABEL;NO_EVENT_OUTCOME;NO_CHRONOLOGY;NO_PAIRABILITY;NO_ASTROLOGY;NO_CONTROL,RitaCoolidge1945,Rita Coolidge,female,1945-05-01,00:17,-05:00,1945,"Nashville, TN, United States",-86.779,36.166,True,False,True,V5_ROLE_ONLY_EXPANSION,False,False
PROJECT,musician,Q639669,Q263442,Rita Pavone,ritapavone,,V5_WIKIDATA_ROLE_ONLY_EXPANSION,ROLE_CATEGORY_ONLY;IDENTITY_LABEL;NO_EVENT_OUTCOME;NO_CHRONOLOGY;NO_PAIRABILITY;NO_ASTROLOGY;NO_CONTROL,RitaPavone1945,Rita Pavone,female,1945-08-23,07:00,+02:00,1945,"Turin, Italy",7.683,45.068,True,False,True,V5_ROLE_ONLY_EXPANSION,False,False
PROJECT,singer,Q177220,Q234144,Rita Wilson,ritawilson,,V5_WIKIDATA_ROLE_ONLY_EXPANSION,ROLE_CATEGORY_ONLY;IDENTITY_LABEL;NO_EVENT_OUTCOME;NO_CHRONOLOGY;NO_PAIRABILITY;NO_ASTROLOGY;NO_CONTROL,RitaWilson1956,Rita Wilson,female,1956-10-26,09:03,-08:00,1956,"Los Angeles, CA, United States",-118.243,34.052,True,False,True,V5_ROLE_ONLY_EXPANSION,False,False
PROJECT,singer,Q177220,Q309725,Ritchie Valens,ritchievalens,,V5_WIKIDATA_ROLE_ONLY_EXPANSION,ROLE_CATEGORY_ONLY;IDENTITY_LABEL;NO_EVENT_OUTCOME;NO_CHRONOLOGY;NO_PAIRABILITY;NO_ASTROLOGY;NO_CONTROL,RitchieValens1941,Ritchie Valens,male,1941-05-13,00:56,-08:00,1941,"Los Angeles, CA, United States",-118.243,34.052,True,False,True,V5_ROLE_ONLY_EXPANSION,False,False
PROJECT,actor,Q33999,Q106514,River Phoenix,riverphoenix,,V5_WIKIDATA_ROLE_ONLY_EXPANSION,ROLE_CATEGORY_ONLY;IDENTITY_LABEL;NO_EVENT_OUTCOME;NO_CHRONOLOGY;NO_PAIRABILITY;NO_ASTROLOGY;NO_CONTROL,RiverPhoenix1970,River Phoenix,male,1970-08-23,12:03,-07:00,1970,"Madras, OR, United States",-121.131,44.629,True,False,True,V5_ROLE_ONLY_EXPANSION,False,False
PROJECT,film_director,Q2526255,Q503966,Rob Cohen,robcohen,,V5_WIKIDATA_ROLE_ONLY_EXPANSION,ROLE_CATEGORY_ONLY;IDENTITY_LABEL;NO_EVENT_OUTCOME;NO_CHRONOLOGY;NO_PAIRABILITY;NO_ASTROLOGY;NO_CONTROL,RobCohen1949,Rob Cohen,male,1949-03-12,09:22,-05:00,1949,"Cornwall, NY, United States",-74.03,41.44,True,False,True,V5_ROLE_ONLY_EXPANSION,False,False
PROJECT,film_director,Q2526255,Q59085,Robert Benton,robertbenton,,V5_WIKIDATA_ROLE_ONLY_EXPANSION,ROLE_CATEGORY_ONLY;IDENTITY_LABEL;NO_EVENT_OUTCOME;NO_CHRONOLOGY;NO_PAIRABILITY;NO_ASTROLOGY;NO_CONTROL,RobertBenton1932,Robert Benton,male,1932-09-29,18:39,-06:00,1932,"Waxahachie, TX, United States",-96.847,32.394,True,False,True,V5_ROLE_ONLY_EXPANSION,False,False
PROJECT,film_director,Q2526255,Q55391,Robert Bresson,robertbresson,,V5_WIKIDATA_ROLE_ONLY_EXPANSION,ROLE_CATEGORY_ONLY;IDENTITY_LABEL;NO_EVENT_OUTCOME;NO_CHRONOLOGY;NO_PAIRABILITY;NO_ASTROLOGY;NO_CONTROL,RobertBresson1901,Robert Bresson,male,1901-09-25,13:45,+00:09,1901,"Bromont-Lamothe, France",2.819,45.84,True,False,True,V5_ROLE_ONLY_EXPANSION,False,False
PROJECT,film_director,Q2526255,Q369949,Robert Culp,robertculp,,V5_WIKIDATA_ROLE_ONLY_EXPANSION,ROLE_CATEGORY_ONLY;IDENTITY_LABEL;NO_EVENT_OUTCOME;NO_CHRONOLOGY;NO_PAIRABILITY;NO_ASTROLOGY;NO_CONTROL,RobertCulp1930,Robert Culp,male,1930-08-16,23:16,-08:00,1930,"Oakland, CA, United States",-122.272,37.805,True,False,True,V5_ROLE_ONLY_EXPANSION,False,False
PROJECT,film_director,Q2526255,Q171736,Robert Duvall,robertduvall,,V5_WIKIDATA_ROLE_ONLY_EXPANSION,ROLE_CATEGORY_ONLY;IDENTITY_LABEL;NO_EVENT_OUTCOME;NO_CHRONOLOGY;NO_PAIRABILITY;NO_ASTROLOGY;NO_CONTROL,RobertDuvall1931,Robert Duvall,male,1931-01-05,05:10,-08:00,1931,"San Diego, CA, United States",-117.164,32.716,True,False,True,V5_ROLE_ONLY_EXPANSION,False,False
PROJECT,film_director,Q2526255,Q310389,Robert Englund,robertenglund,,V5_WIKIDATA_ROLE_ONLY_EXPANSION,ROLE_CATEGORY_ONLY;IDENTITY_LABEL;NO_EVENT_OUTCOME;NO_CHRONOLOGY;NO_PAIRABILITY;NO_ASTROLOGY;NO_CONTROL,RobertEnglund1947,Robert Englund,male,1947-06-06,04:26,-08:00,1947,"Glendale, CA, United States",-118.246,34.148,True,False,True,V5_ROLE_ONLY_EXPANSION,False,False
PROJECT,film_director,Q2526255,Q467574,Robert Frank,robertfrank,,V5_WIKIDATA_ROLE_ONLY_EXPANSION,ROLE_CATEGORY_ONLY;IDENTITY_LABEL;NO_EVENT_OUTCOME;NO_CHRONOLOGY;NO_PAIRABILITY;NO_ASTROLOGY;NO_CONTROL,RobertFrank1924,Robert Frank,male,1924-11-09,02:30,+01:00,1924,"Zurich, Switzerland",8.527,47.388,True,False,True,V5_ROLE_ONLY_EXPANSION,False,False
PROJECT,film_director,Q2526255,Q375290,Robert Hossein,roberthossein,,V5_WIKIDATA_ROLE_ONLY_EXPANSION,ROLE_CATEGORY_ONLY;IDENTITY_LABEL;NO_EVENT_OUTCOME;NO_CHRONOLOGY;NO_PAIRABILITY;NO_ASTROLOGY;NO_CONTROL,RobertHossein1927,Robert Hossein,male,1927-12-30,02:30,+00:00,1927,"Paris, France",2.351,48.857,True,False,True,V5_ROLE_ONLY_EXPANSION,False,False
PROJECT,musician,Q639669,Q267617,Roberto Alagna,robertoalagna,,V5_WIKIDATA_ROLE_ONLY_EXPANSION,ROLE_CATEGORY_ONLY;IDENTITY_LABEL;NO_EVENT_OUTCOME;NO_CHRONOLOGY;NO_PAIRABILITY;NO_ASTROLOGY;NO_CONTROL,RobertoAlagna1963,Roberto Alagna,male,1963-06-07,02:30,+01:00,1963,"Clichy, France",2.304,48.903,True,False,True,V5_ROLE_ONLY_EXPANSION,False,False
PROJECT,actor,Q33999,Q23301,Roberto Benigni,robertobenigni,,V5_WIKIDATA_ROLE_ONLY_EXPANSION,ROLE_CATEGORY_ONLY;IDENTITY_LABEL;NO_EVENT_OUTCOME;NO_CHRONOLOGY;NO_PAIRABILITY;NO_ASTROLOGY;NO_CONTROL,RobertoBenigni1952,Roberto Benigni,male,1952-10-27,13:00,+01:00,1952,"Castiglion Fiorentino, Italia",11.916,43.342,True,False,True,V5_ROLE_ONLY_EXPANSION,False,False
PROJECT,actor,Q33999,Q53003,Roberto Rossellini,robertorossellini,,V5_WIKIDATA_ROLE_ONLY_EXPANSION,ROLE_CATEGORY_ONLY;IDENTITY_LABEL;NO_EVENT_OUTCOME;NO_CHRONOLOGY;NO_PAIRABILITY;NO_ASTROLOGY;NO_CONTROL,RobertoRossellini1906,Roberto Rossellini,male,1906-05-08,12:50,+01:00,1906,"Rome, Italy",12.494,41.891,True,False,True,V5_ROLE_ONLY_EXPANSION,False,False
PROJECT,actor,Q33999,Q59215,Robert Redford,robertredford,,V5_WIKIDATA_ROLE_ONLY_EXPANSION,ROLE_CATEGORY_ONLY;IDENTITY_LABEL;NO_EVENT_OUTCOME;NO_CHRONOLOGY;NO_PAIRABILITY;NO_ASTROLOGY;NO_CONTROL,RobertRedford1936,Robert Redford,male,1936-08-18,20:02,-08:00,1936,"Santa Monica, CA, United States",-118.492,34.011,True,False,True,V5_ROLE_ONLY_EXPANSION,False,False
PROJECT,musician,Q639669,Q188482,Robin Gibb,robingibb,,V5_WIKIDATA_ROLE_ONLY_EXPANSION,ROLE_CATEGORY_ONLY;IDENTITY_LABEL;NO_EVENT_OUTCOME;NO_CHRONOLOGY;NO_PAIRABILITY;NO_ASTROLOGY;NO_CONTROL,RobinGibb1949,Robin Gibb,male,1949-12-22,03:15,+00:00,1949,"Douglas, Isle of Man",-4.48,54.154,True,False,True,V5_ROLE_ONLY_EXPANSION,False,False
PROJECT,film_director,Q2526255,Q298255,Rob Zombie,robzombie,,V5_WIKIDATA_ROLE_ONLY_EXPANSION,ROLE_CATEGORY_ONLY;IDENTITY_LABEL;NO_EVENT_OUTCOME;NO_CHRONOLOGY;NO_PAIRABILITY;NO_ASTROLOGY;NO_CONTROL,RobZombie1965,Rob Zombie,male,1965-01-12,16:44,-05:00,1965,"Haverhill, MA, United States",-71.077,42.777,True,False,True,V5_ROLE_ONLY_EXPANSION,False,False
PROJECT,film_director,Q2526255,Q508777,Roger Coggio,rogercoggio,,V5_WIKIDATA_ROLE_ONLY_EXPANSION,ROLE_CATEGORY_ONLY;IDENTITY_LABEL;NO_EVENT_OUTCOME;NO_CHRONOLOGY;NO_PAIRABILITY;NO_ASTROLOGY;NO_CONTROL,RogerCoggio1934,Roger Coggio,male,1934-03-11,18:00,+00:00,1934,"Lyon, France",4.834,45.767,True,False,True,V5_ROLE_ONLY_EXPANSION,False,False
PROJECT,actor,Q33999,Q26852,Roger Pierre,rogerpierre,,V5_WIKIDATA_ROLE_ONLY_EXPANSION,ROLE_CATEGORY_ONLY;IDENTITY_LABEL;NO_EVENT_OUTCOME;NO_CHRONOLOGY;NO_PAIRABILITY;NO_ASTROLOGY;NO_CONTROL,RogerPierre1923,Roger Pierre,male,1923-08-30,20:25,+01:00,1923,"Paris, France",2.351,48.857,True,False,True,V5_ROLE_ONLY_EXPANSION,False,False
PROJECT,film_director,Q2526255,Q374912,Roger Planchon,rogerplanchon,,V5_WIKIDATA_ROLE_ONLY_EXPANSION,ROLE_CATEGORY_ONLY;IDENTITY_LABEL;NO_EVENT_OUTCOME;NO_CHRONOLOGY;NO_PAIRABILITY;NO_ASTROLOGY;NO_CONTROL,RogerPlanchon1931,Roger Planchon,male,1931-09-12,01:00,+01:00,1931,"Saint-Chamond, France",4.509,45.475,True,False,True,V5_ROLE_ONLY_EXPANSION,False,False
PROJECT,film_director,Q2526255,Q383420,Roger Vadim,rogervadim,,V5_WIKIDATA_ROLE_ONLY_EXPANSION,ROLE_CATEGORY_ONLY;IDENTITY_LABEL;NO_EVENT_OUTCOME;NO_CHRONOLOGY;NO_PAIRABILITY;NO_ASTROLOGY;NO_CONTROL,RogerVadim1928,Roger Vadim,male,1928-01-26,21:00,+00:00,1928,"Paris, France",2.351,48.857,True,False,True,V5_ROLE_ONLY_EXPANSION,False,False
PROJECT,actor,Q33999,Q105759,Rolf von Sydow,rolfvonsydow,,V5_WIKIDATA_ROLE_ONLY_EXPANSION,ROLE_CATEGORY_ONLY;IDENTITY_LABEL;NO_EVENT_OUTCOME;NO_CHRONOLOGY;NO_PAIRABILITY;NO_ASTROLOGY;NO_CONTROL,RolfvonSydow1924,Rolf von Sydow,male,1924-06-18,00:30,+01:00,1924,"Wiesbaden, Germany",8.24,50.084,True,False,True,V5_ROLE_ONLY_EXPANSION,False,False
PROJECT,film_director,Q2526255,Q451813,Romane Bohringer,romanebohringer,,V5_WIKIDATA_ROLE_ONLY_EXPANSION,ROLE_CATEGORY_ONLY;IDENTITY_LABEL;NO_EVENT_OUTCOME;NO_CHRONOLOGY;NO_PAIRABILITY;NO_ASTROLOGY;NO_CONTROL,RomaneBohringer1973,Romane Bohringer,female,1973-08-14,12:00,+01:00,1973,"Pont-Sainte-Maxence, France",2.604,49.3,True,False,True,V5_ROLE_ONLY_EXPANSION,False,False
PROJECT,singer,Q177220,Q236135,Romina Power,rominapower,,V5_WIKIDATA_ROLE_ONLY_EXPANSION,ROLE_CATEGORY_ONLY;IDENTITY_LABEL;NO_EVENT_OUTCOME;NO_CHRONOLOGY;NO_PAIRABILITY;NO_ASTROLOGY;NO_CONTROL,RominaPower1951,Romina Power,female,1951-10-02,11:24,-08:00,1951,"Los Angeles, CA, United States",-118.243,34.052,True,False,True,V5_ROLE_ONLY_EXPANSION,False,False
PROJECT,film_director,Q2526255,Q391974,Roschdy Zem,roschdyzem,,V5_WIKIDATA_ROLE_ONLY_EXPANSION,ROLE_CATEGORY_ONLY;IDENTITY_LABEL;NO_EVENT_OUTCOME;NO_CHRONOLOGY;NO_PAIRABILITY;NO_ASTROLOGY;NO_CONTROL,RoschdyZem1965,Roschdy Zem,male,1965-09-28,04:45,+01:00,1965,"Gennevilliers, France",2.299,48.933,True,False,True,V5_ROLE_ONLY_EXPANSION,False,False
PROJECT,film_director,Q2526255,Q211040,Rose McGowan,rosemcgowan,,V5_WIKIDATA_ROLE_ONLY_EXPANSION,ROLE_CATEGORY_ONLY;IDENTITY_LABEL;NO_EVENT_OUTCOME;NO_CHRONOLOGY;NO_PAIRABILITY;NO_ASTROLOGY;NO_CONTROL,RoseMcGowan1973,Rose McGowan,female,1973-09-05,23:38,+02:00,1973,"Florence, Italy",11.257,43.769,True,False,True,V5_ROLE_ONLY_EXPANSION,False,False
PROJECT,film_director,Q2526255,Q518984,Ross Hagen,rosshagen,,V5_WIKIDATA_ROLE_ONLY_EXPANSION,ROLE_CATEGORY_ONLY;IDENTITY_LABEL;NO_EVENT_OUTCOME;NO_CHRONOLOGY;NO_PAIRABILITY;NO_ASTROLOGY;NO_CONTROL,RossHagen1938,Ross Hagen,male,1938-05-21,23:58,-07:00,1938,"Williams, AZ, United States",-112.189,35.251,True,False,True,V5_ROLE_ONLY_EXPANSION,False,False
PROJECT,singer,Q177220,Q45370,Roy Black,royblack,,V5_WIKIDATA_ROLE_ONLY_EXPANSION,ROLE_CATEGORY_ONLY;IDENTITY_LABEL;NO_EVENT_OUTCOME;NO_CHRONOLOGY;NO_PAIRABILITY;NO_ASTROLOGY;NO_CONTROL,RoyBlack1943,Roy Black,male,1943-01-25,20:00,+01:00,1943,"Augsburg, Germany",10.893,48.366,True,False,True,V5_ROLE_ONLY_EXPANSION,False,False
PROJECT,musician,Q639669,Q188426,Roy Orbison,royorbison,,V5_WIKIDATA_ROLE_ONLY_EXPANSION,ROLE_CATEGORY_ONLY;IDENTITY_LABEL;NO_EVENT_OUTCOME;NO_CHRONOLOGY;NO_PAIRABILITY;NO_ASTROLOGY;NO_CONTROL,RoyOrbison1936,Roy Orbison,male,1936-04-23,15:50,-05:00,1936,"Mount Vernon, VA, United States",-77.096,38.716,True,False,True,V5_ROLE_ONLY_EXPANSION,False,False
PROJECT,singer,Q177220,Q367129,Roy Rogers,royrogers,,V5_WIKIDATA_ROLE_ONLY_EXPANSION,ROLE_CATEGORY_ONLY;IDENTITY_LABEL;NO_EVENT_OUTCOME;NO_CHRONOLOGY;NO_PAIRABILITY;NO_ASTROLOGY;NO_CONTROL,RoyRogers1911,Roy Rogers,male,1911-11-05,12:15,-05:00,1911,"Cincinnati, OH, United States",-84.514,39.104,True,False,True,V5_ROLE_ONLY_EXPANSION,False,False
PROJECT,film_director,Q2526255,Q213574,Rutger Hauer,rutgerhauer,,V5_WIKIDATA_ROLE_ONLY_EXPANSION,ROLE_CATEGORY_ONLY;IDENTITY_LABEL;NO_EVENT_OUTCOME;NO_CHRONOLOGY;NO_PAIRABILITY;NO_ASTROLOGY;NO_CONTROL,RutgerHauer1944,Rutger Hauer,male,1944-01-23,18:18,+01:00,1944,"Breukelen, Stichtse Vecht, Netherlands",5.003,52.171,True,False,True,V5_ROLE_ONLY_EXPANSION,False,False
PROJECT,musician,Q639669,Q318374,Ry Cooder,rycooder,,V5_WIKIDATA_ROLE_ONLY_EXPANSION,ROLE_CATEGORY_ONLY;IDENTITY_LABEL;NO_EVENT_OUTCOME;NO_CHRONOLOGY;NO_PAIRABILITY;NO_ASTROLOGY;NO_CONTROL,RyCooder1947,Ry Cooder,male,1947-03-15,02:05,-08:00,1947,"Los Angeles, CA, United States",-118.243,34.052,True,False,True,V5_ROLE_ONLY_EXPANSION,False,False
PROJECT,actor,Q33999,Q106592,Sabine Azéma,sabineazema,,V5_WIKIDATA_ROLE_ONLY_EXPANSION,ROLE_CATEGORY_ONLY;IDENTITY_LABEL;NO_EVENT_OUTCOME;NO_CHRONOLOGY;NO_PAIRABILITY;NO_ASTROLOGY;NO_CONTROL,SabineAzéma1949,Sabine Azéma,female,1949-09-20,01:30,+01:00,1949,"Paris, France",2.351,48.857,True,False,True,V5_ROLE_ONLY_EXPANSION,False,False
PROJECT,singer,Q177220,Q266391,Sally Kellerman,sallykellerman,,V5_WIKIDATA_ROLE_ONLY_EXPANSION,ROLE_CATEGORY_ONLY;IDENTITY_LABEL;NO_EVENT_OUTCOME;NO_CHRONOLOGY;NO_PAIRABILITY;NO_ASTROLOGY;NO_CONTROL,SallyKellerman1937,Sally Kellerman,female,1937-06-02,07:37,-08:00,1937,"Long Beach, CA, United States",-118.181,33.772,True,False,True,V5_ROLE_ONLY_EXPANSION,False,False
PROJECT,actor,Q33999,Q5577,Salvador Dalí,salvadordali,,V5_WIKIDATA_ROLE_ONLY_EXPANSION,ROLE_CATEGORY_ONLY;IDENTITY_LABEL;NO_EVENT_OUTCOME;NO_CHRONOLOGY;NO_PAIRABILITY;NO_ASTROLOGY;NO_CONTROL,SalvadorDalí1904,Salvador Dalí,male,1904-05-11,08:45,+00:00,1904,"Figueres, Spain",2.961,42.268,True,False,True,V5_ROLE_ONLY_EXPANSION,False,False
PROJECT,film_director,Q2526255,Q312610,Salvatore Adamo,salvatoreadamo,,V5_WIKIDATA_ROLE_ONLY_EXPANSION,ROLE_CATEGORY_ONLY;IDENTITY_LABEL;NO_EVENT_OUTCOME;NO_CHRONOLOGY;NO_PAIRABILITY;NO_ASTROLOGY;NO_CONTROL,SalvatoreAdamo1943,Salvatore Adamo,male,1943-10-31,02:00,+01:00,1943,"Comiso, Italy",14.606,36.947,True,False,True,V5_ROLE_ONLY_EXPANSION,False,False
PROJECT,musician,Q639669,Q295919,Sam Cooke,samcooke,,V5_WIKIDATA_ROLE_ONLY_EXPANSION,ROLE_CATEGORY_ONLY;IDENTITY_LABEL;NO_EVENT_OUTCOME;NO_CHRONOLOGY;NO_PAIRABILITY;NO_ASTROLOGY;NO_CONTROL,SamCooke1931,Sam Cooke,male,1931-01-22,14:10,-06:00,1931,"Clarksdale, MS, United States",-90.575,34.203,True,False,True,V5_ROLE_ONLY_EXPANSION,False,False
PROJECT,film_director,Q2526255,Q284876,Sam Waterston,samwaterston,,V5_WIKIDATA_ROLE_ONLY_EXPANSION,ROLE_CATEGORY_ONLY;IDENTITY_LABEL;NO_EVENT_OUTCOME;NO_CHRONOLOGY;NO_PAIRABILITY;NO_ASTROLOGY;NO_CONTROL,SamWaterston1940,Sam Waterston,male,1940-11-15,02:18,-05:00,1940,"Cambridge, MA, United States",-71.105,42.365,True,False,True,V5_ROLE_ONLY_EXPANSION,False,False
PROJECT,singer,Q177220,Q234875,Sandra Dee,sandradee,,V5_WIKIDATA_ROLE_ONLY_EXPANSION,ROLE_CATEGORY_ONLY;IDENTITY_LABEL;NO_EVENT_OUTCOME;NO_CHRONOLOGY;NO_PAIRABILITY;NO_ASTROLOGY;NO_CONTROL,SandraDee1942,Sandra Dee,female,1942-04-23,05:35,-04:00,1942,"Bayonne, NJ, United States",-74.117,40.669,True,False,True,V5_ROLE_ONLY_EXPANSION,False,False
PROJECT,singer,Q177220,Q77007,Sandra Nasić,sandranasic,,V5_WIKIDATA_ROLE_ONLY_EXPANSION,ROLE_CATEGORY_ONLY;IDENTITY_LABEL;NO_EVENT_OUTCOME;NO_CHRONOLOGY;NO_PAIRABILITY;NO_ASTROLOGY;NO_CONTROL,SandraNasic1976,Sandra Nasic,female,1976-05-25,17:30,+01:00,1976,"Göttingen, Germany",9.928,51.533,True,False,True,V5_ROLE_ONLY_EXPANSION,False,False
PROJECT,film_director,Q2526255,Q262822,Sandrine Kiberlain,sandrinekiberlain,,V5_WIKIDATA_ROLE_ONLY_EXPANSION,ROLE_CATEGORY_ONLY;IDENTITY_LABEL;NO_EVENT_OUTCOME;NO_CHRONOLOGY;NO_PAIRABILITY;NO_ASTROLOGY;NO_CONTROL,SandrineKiberlain1968,Sandrine Kiberlain,female,1968-02-25,00:30,+01:00,1968,"Boulogne-Billancourt, France",2.243,48.834,True,False,True,V5_ROLE_ONLY_EXPANSION,False,False
PROJECT,singer,Q177220,Q266825,Sandy Duncan,sandyduncan,,V5_WIKIDATA_ROLE_ONLY_EXPANSION,ROLE_CATEGORY_ONLY;IDENTITY_LABEL;NO_EVENT_OUTCOME;NO_CHRONOLOGY;NO_PAIRABILITY;NO_ASTROLOGY;NO_CONTROL,SandyDuncan1946,Sandy Duncan,female,1946-02-20,08:34,-08:00,1946,"Henderson, NV, United States",-114.984,36.034,True,False,True,V5_ROLE_ONLY_EXPANSION,False,False
PROJECT,singer,Q177220,Q229513,Sarah Vaughan,sarahvaughan,,V5_WIKIDATA_ROLE_ONLY_EXPANSION,ROLE_CATEGORY_ONLY;IDENTITY_LABEL;NO_EVENT_OUTCOME;NO_CHRONOLOGY;NO_PAIRABILITY;NO_ASTROLOGY;NO_CONTROL,SarahVaughan1924,Sarah Vaughan,female,1924-03-27,21:45,-05:00,1924,"Newark, DE, United States",-75.754,39.682,True,False,True,V5_ROLE_ONLY_EXPANSION,False,False
PROJECT,musician,Q639669,Q316231,Scott Grimes,scottgrimes,,V5_WIKIDATA_ROLE_ONLY_EXPANSION,ROLE_CATEGORY_ONLY;IDENTITY_LABEL;NO_EVENT_OUTCOME;NO_CHRONOLOGY;NO_PAIRABILITY;NO_ASTROLOGY;NO_CONTROL,ScottGrimes1971,Scott Grimes,male,1971-07-09,13:20,-04:00,1971,"Lowell, MA, United States",-71.307,42.645,True,False,True,V5_ROLE_ONLY_EXPANSION,False,False
PROJECT,musician,Q639669,Q255969,Scotty McCreery,scottymccreery,,V5_WIKIDATA_ROLE_ONLY_EXPANSION,ROLE_CATEGORY_ONLY;IDENTITY_LABEL;NO_EVENT_OUTCOME;NO_CHRONOLOGY;NO_PAIRABILITY;NO_ASTROLOGY;NO_CONTROL,ScottyMcCreery1993,Scotty McCreery,male,1993-10-09,04:14,-04:00,1993,"Raleigh, NC, United States",-78.642,35.781,True,False,True,V5_ROLE_ONLY_EXPANSION,False,False
PROJECT,film_director,Q2526255,Q189351,Sean Astin,seanastin,,V5_WIKIDATA_ROLE_ONLY_EXPANSION,ROLE_CATEGORY_ONLY;IDENTITY_LABEL;NO_EVENT_OUTCOME;NO_CHRONOLOGY;NO_PAIRABILITY;NO_ASTROLOGY;NO_CONTROL,SeanAstin1971,Sean Astin,male,1971-02-25,18:32,-08:00,1971,"Santa Monica, CA, United States",-118.492,34.011,True,False,True,V5_ROLE_ONLY_EXPANSION,False,False
PROJECT,musician,Q639669,Q311238,Sean Lennon,seanlennon,,V5_WIKIDATA_ROLE_ONLY_EXPANSION,ROLE_CATEGORY_ONLY;IDENTITY_LABEL;NO_EVENT_OUTCOME;NO_CHRONOLOGY;NO_PAIRABILITY;NO_ASTROLOGY;NO_CONTROL,SeanLennon1975,Sean Lennon,male,1975-10-09,02:00,-04:00,1975,"New York, NY, United States",-74.007,40.713,True,False,True,V5_ROLE_ONLY_EXPANSION,False,False
PROJECT,film_director,Q2526255,Q447967,Sean Patrick Flanery,seanpatrickflanery,,V5_WIKIDATA_ROLE_ONLY_EXPANSION,ROLE_CATEGORY_ONLY;IDENTITY_LABEL;NO_EVENT_OUTCOME;NO_CHRONOLOGY;NO_PAIRABILITY;NO_ASTROLOGY;NO_CONTROL,SeanPatrickFlanery1965,Sean Patrick Flanery,male,1965-10-11,14:43,-05:00,1965,"Lake Charles, LA, United States",-93.217,30.229,True,False,True,V5_ROLE_ONLY_EXPANSION,False,False
PROJECT,singer,Q177220,Q284488,Seka Aleksić,sekaaleksic,,V5_WIKIDATA_ROLE_ONLY_EXPANSION,ROLE_CATEGORY_ONLY;IDENTITY_LABEL;NO_EVENT_OUTCOME;NO_CHRONOLOGY;NO_PAIRABILITY;NO_ASTROLOGY;NO_CONTROL,SekaAleksić1981,Seka Aleksić,female,1981-04-23,00:40,+01:00,1981,"Zvornik, Bosnia-Herzegovina",19.103,44.387,True,False,True,V5_ROLE_ONLY_EXPANSION,False,False
PROJECT,actor,Q33999,Q164562,Sergio Leone,sergioleone,,V5_WIKIDATA_ROLE_ONLY_EXPANSION,ROLE_CATEGORY_ONLY;IDENTITY_LABEL;NO_EVENT_OUTCOME;NO_CHRONOLOGY;NO_PAIRABILITY;NO_ASTROLOGY;NO_CONTROL,SergioLeone1929,Sergio Leone,male,1929-01-03,00:30,+01:00,1929,"Rome, Italy",12.494,41.891,True,False,True,V5_ROLE_ONLY_EXPANSION,False,False
PROJECT,musician,Q639669,Q207598,Shannen Doherty,shannendoherty,,V5_WIKIDATA_ROLE_ONLY_EXPANSION,ROLE_CATEGORY_ONLY;IDENTITY_LABEL;NO_EVENT_OUTCOME;NO_CHRONOLOGY;NO_PAIRABILITY;NO_ASTROLOGY;NO_CONTROL,ShannenDoherty1971,Shannen Doherty,female,1971-04-12,16:16,-06:00,1971,"Memphis, TN, United States",-90.052,35.143,True,False,True,V5_ROLE_ONLY_EXPANSION,False,False
PROJECT,musician,Q639669,Q283385,Sharleen Spiteri,sharleenspiteri,,V5_WIKIDATA_ROLE_ONLY_EXPANSION,ROLE_CATEGORY_ONLY;IDENTITY_LABEL;NO_EVENT_OUTCOME;NO_CHRONOLOGY;NO_PAIRABILITY;NO_ASTROLOGY;NO_CONTROL,SharleenSpiteri1967,Sharleen Spiteri,female,1967-11-07,07:35,+00:00,1967,"Glasgow, United Kingdom",-4.257,55.866,True,False,True,V5_ROLE_ONLY_EXPANSION,False,False
PROJECT,musician,Q639669,Q324366,Shaun Cassidy,shauncassidy,,V5_WIKIDATA_ROLE_ONLY_EXPANSION,ROLE_CATEGORY_ONLY;IDENTITY_LABEL;NO_EVENT_OUTCOME;NO_CHRONOLOGY;NO_PAIRABILITY;NO_ASTROLOGY;NO_CONTROL,ShaunCassidy1958,Shaun Cassidy,male,1958-09-27,16:34,-07:00,1958,"Santa Monica, CA, United States",-118.492,34.011,True,False,True,V5_ROLE_ONLY_EXPANSION,False,False
PROJECT,singer,Q177220,Q266091,Shayne Ward,shayneward,,V5_WIKIDATA_ROLE_ONLY_EXPANSION,ROLE_CATEGORY_ONLY;IDENTITY_LABEL;NO_EVENT_OUTCOME;NO_CHRONOLOGY;NO_PAIRABILITY;NO_ASTROLOGY;NO_CONTROL,ShayneWard1984,Shayne Ward,male,1984-10-16,21:34,+01:00,1984,"Manchester, United Kingdom",-2.234,53.481,True,False,True,V5_ROLE_ONLY_EXPANSION,False,False
PROJECT,musician,Q639669,Q261489,Sheila,sheila,,V5_WIKIDATA_ROLE_ONLY_EXPANSION,ROLE_CATEGORY_ONLY;IDENTITY_LABEL;NO_EVENT_OUTCOME;NO_CHRONOLOGY;NO_PAIRABILITY;NO_ASTROLOGY;NO_CONTROL,Sheila1945,Sheila,female,1945-08-16,03:30,+02:00,1945,"Créteil, France",2.453,48.79,True,False,True,V5_ROLE_ONLY_EXPANSION,False,False
PROJECT,musician,Q639669,Q250905,Sheila E.,sheilae,,V5_WIKIDATA_ROLE_ONLY_EXPANSION,ROLE_CATEGORY_ONLY;IDENTITY_LABEL;NO_EVENT_OUTCOME;NO_CHRONOLOGY;NO_PAIRABILITY;NO_ASTROLOGY;NO_CONTROL,SheilaE.1957,Sheila E.,female,1957-12-12,10:40,-08:00,1957,"Oakland, CA, United States",-122.272,37.805,True,False,True,V5_ROLE_ONLY_EXPANSION,False,False
PROJECT,film_director,Q2526255,Q180942,Shia LaBeouf,shialabeouf,,V5_WIKIDATA_ROLE_ONLY_EXPANSION,ROLE_CATEGORY_ONLY;IDENTITY_LABEL;NO_EVENT_OUTCOME;NO_CHRONOLOGY;NO_PAIRABILITY;NO_ASTROLOGY;NO_CONTROL,ShiaLaBeouf1986,Shia LaBeouf,male,1986-06-11,00:14,-07:00,1986,"Los Angeles, CA, United States",-118.243,34.052,True,False,True,V5_ROLE_ONLY_EXPANSION,False,False
PROJECT,singer,Q177220,Q230218,Shirley Jones,shirleyjones,,V5_WIKIDATA_ROLE_ONLY_EXPANSION,ROLE_CATEGORY_ONLY;IDENTITY_LABEL;NO_EVENT_OUTCOME;NO_CHRONOLOGY;NO_PAIRABILITY;NO_ASTROLOGY;NO_CONTROL,ShirleyJones1934,Shirley Jones,female,1934-03-31,05:30,-05:00,1934,"Charleroi, PA, United States",-79.898,40.138,True,False,True,V5_ROLE_ONLY_EXPANSION,False,False
PROJECT,singer,Q177220,Q234104,Shirley Manson,shirleymanson,,V5_WIKIDATA_ROLE_ONLY_EXPANSION,ROLE_CATEGORY_ONLY;IDENTITY_LABEL;NO_EVENT_OUTCOME;NO_CHRONOLOGY;NO_PAIRABILITY;NO_ASTROLOGY;NO_CONTROL,ShirleyManson1966,Shirley Manson,female,1966-08-26,17:35,+01:00,1966,"Edinburgh, United Kingdom",-3.188,55.95,True,False,True,V5_ROLE_ONLY_EXPANSION,False,False
PROJECT,singer,Q177220,Q182580,Shirley Temple,shirleytemple,,V5_WIKIDATA_ROLE_ONLY_EXPANSION,ROLE_CATEGORY_ONLY;IDENTITY_LABEL;NO_EVENT_OUTCOME;NO_CHRONOLOGY;NO_PAIRABILITY;NO_ASTROLOGY;NO_CONTROL,ShirleyTemple1928,Shirley Temple,female,1928-04-23,21:00,-08:00,1928,"Santa Monica, CA, United States",-118.492,34.011,True,False,True,V5_ROLE_ONLY_EXPANSION,False,False
PROJECT,actor,Q33999,Q106919,Silvana Mangano,silvanamangano,,V5_WIKIDATA_ROLE_ONLY_EXPANSION,ROLE_CATEGORY_ONLY;IDENTITY_LABEL;NO_EVENT_OUTCOME;NO_CHRONOLOGY;NO_PAIRABILITY;NO_ASTROLOGY;NO_CONTROL,SilvanaMangano1930,Silvana Mangano,female,1930-04-23,20:10,+01:00,1930,"Rome, Italy",12.494,41.891,True,False,True,V5_ROLE_ONLY_EXPANSION,False,False
PROJECT,film_director,Q2526255,Q459977,Simona Ventura,simonaventura,,V5_WIKIDATA_ROLE_ONLY_EXPANSION,ROLE_CATEGORY_ONLY;IDENTITY_LABEL;NO_EVENT_OUTCOME;NO_CHRONOLOGY;NO_PAIRABILITY;NO_ASTROLOGY;NO_CONTROL,SimonaVentura1965,Simona Ventura,female,1965-04-01,22:25,+01:00,1965,"Bentivoglio, Italy",11.419,44.636,True,False,True,V5_ROLE_ONLY_EXPANSION,False,False
PROJECT,musician,Q639669,Q257339,Simone Cristicchi,simonecristicchi,,V5_WIKIDATA_ROLE_ONLY_EXPANSION,ROLE_CATEGORY_ONLY;IDENTITY_LABEL;NO_EVENT_OUTCOME;NO_CHRONOLOGY;NO_PAIRABILITY;NO_ASTROLOGY;NO_CONTROL,SimoneCristicchi1977,Simone Cristicchi,male,1977-02-05,01:30,+01:00,1977,"Rome, Italy",12.494,41.891,True,False,True,V5_ROLE_ONLY_EXPANSION,False,False
PROJECT,film_director,Q2526255,Q457441,Simone Lahbib,simonelahbib,,V5_WIKIDATA_ROLE_ONLY_EXPANSION,ROLE_CATEGORY_ONLY;IDENTITY_LABEL;NO_EVENT_OUTCOME;NO_CHRONOLOGY;NO_PAIRABILITY;NO_ASTROLOGY;NO_CONTROL,SimoneLahbib1965,Simone Lahbib,female,1965-02-06,17:00,+00:00,1965,"Stirling, United Kingdom",-3.936,56.119,True,False,True,V5_ROLE_ONLY_EXPANSION,False,False
PROJECT,actor,Q33999,Q153153,Simone Renant,simonerenant,,V5_WIKIDATA_ROLE_ONLY_EXPANSION,ROLE_CATEGORY_ONLY;IDENTITY_LABEL;NO_EVENT_OUTCOME;NO_CHRONOLOGY;NO_PAIRABILITY;NO_ASTROLOGY;NO_CONTROL,SimoneRenant1911,Simone Renant,female,1911-03-19,19:00,+00:00,1911,"Amiens, France",2.294,49.894,True,False,True,V5_ROLE_ONLY_EXPANSION,False,False
PROJECT,actor,Q33999,Q106126,Simone Signoret,simonesignoret,,V5_WIKIDATA_ROLE_ONLY_EXPANSION,ROLE_CATEGORY_ONLY;IDENTITY_LABEL;NO_EVENT_OUTCOME;NO_CHRONOLOGY;NO_PAIRABILITY;NO_ASTROLOGY;NO_CONTROL,SimoneSignoret1921,Simone Signoret,female,1921-03-25,02:30,+01:00,1921,"Wiesbaden, Germany",8.24,50.084,True,False,True,V5_ROLE_ONLY_EXPANSION,False,False
PROJECT,singer,Q177220,Q179150,Sonny Bono,sonnybono,,V5_WIKIDATA_ROLE_ONLY_EXPANSION,ROLE_CATEGORY_ONLY;IDENTITY_LABEL;NO_EVENT_OUTCOME;NO_CHRONOLOGY;NO_PAIRABILITY;NO_ASTROLOGY;NO_CONTROL,SonnyBono1935,Sonny Bono,male,1935-02-16,21:21,-05:00,1935,"Detroit, MI, United States",-83.048,42.333,True,False,True,V5_ROLE_ONLY_EXPANSION,False,False
PROJECT,actor,Q33999,Q162753,Sophie Marceau,sophiemarceau,,V5_WIKIDATA_ROLE_ONLY_EXPANSION,ROLE_CATEGORY_ONLY;IDENTITY_LABEL;NO_EVENT_OUTCOME;NO_CHRONOLOGY;NO_PAIRABILITY;NO_ASTROLOGY;NO_CONTROL,SophieMarceau1966,Sophie Marceau,female,1966-11-17,02:30,+01:00,1966,"Paris, France",2.351,48.857,True,False,True,V5_ROLE_ONLY_EXPANSION,False,False
PROJECT,musician,Q639669,Q315780,Stan Kenton,stankenton,,V5_WIKIDATA_ROLE_ONLY_EXPANSION,ROLE_CATEGORY_ONLY;IDENTITY_LABEL;NO_EVENT_OUTCOME;NO_CHRONOLOGY;NO_PAIRABILITY;NO_ASTROLOGY;NO_CONTROL,StanKenton1911,Stan Kenton,male,1911-12-15,22:00,-06:00,1911,"Wichita, KS, United States",-97.336,37.686,True,False,True,V5_ROLE_ONLY_EXPANSION,False,False
PROJECT,film_director,Q2526255,Q433565,Stefano Accorsi,stefanoaccorsi,,V5_WIKIDATA_ROLE_ONLY_EXPANSION,ROLE_CATEGORY_ONLY;IDENTITY_LABEL;NO_EVENT_OUTCOME;NO_CHRONOLOGY;NO_PAIRABILITY;NO_ASTROLOGY;NO_CONTROL,StefanoAccorsi1971,Stefano Accorsi,male,1971-03-02,14:30,+01:00,1971,"Bologna, Italy",11.347,44.494,True,False,True,V5_ROLE_ONLY_EXPANSION,False,False
PROJECT,film_director,Q2526255,Q53052,Steno,steno,,V5_WIKIDATA_ROLE_ONLY_EXPANSION,ROLE_CATEGORY_ONLY;IDENTITY_LABEL;NO_EVENT_OUTCOME;NO_CHRONOLOGY;NO_PAIRABILITY;NO_ASTROLOGY;NO_CONTROL,Steno1917,Steno,male,1917-01-19,12:10,+01:00,1917,"Rome, Italy",12.494,41.891,True,False,True,V5_ROLE_ONLY_EXPANSION,False,False
PROJECT,actor,Q33999,Q32439,Stéphane Audran,stephaneaudran,,V5_WIKIDATA_ROLE_ONLY_EXPANSION,ROLE_CATEGORY_ONLY;IDENTITY_LABEL;NO_EVENT_OUTCOME;NO_CHRONOLOGY;NO_PAIRABILITY;NO_ASTROLOGY;NO_CONTROL,StéphaneAudran1932,Stéphane Audran,female,1932-11-08,02:15,+00:00,1932,"Versailles, France",2.13,48.802,True,False,True,V5_ROLE_ONLY_EXPANSION,False,False
PROJECT,musician,Q639669,Q206244,Stéphane Grappelli,stephanegrappelli,,V5_WIKIDATA_ROLE_ONLY_EXPANSION,ROLE_CATEGORY_ONLY;IDENTITY_LABEL;NO_EVENT_OUTCOME;NO_CHRONOLOGY;NO_PAIRABILITY;NO_ASTROLOGY;NO_CONTROL,StéphaneGrappelli1908,Stéphane Grappelli,male,1908-01-26,07:00,+00:09,1908,"Paris, France",2.351,48.857,True,False,True,V5_ROLE_ONLY_EXPANSION,False,False
PROJECT,film_director,Q2526255,Q470282,Stephen J. Cannell,stephenjcannell,,V5_WIKIDATA_ROLE_ONLY_EXPANSION,ROLE_CATEGORY_ONLY;IDENTITY_LABEL;NO_EVENT_OUTCOME;NO_CHRONOLOGY;NO_PAIRABILITY;NO_ASTROLOGY;NO_CONTROL,StephenJ.Cannell1941,Stephen J. Cannell,male,1941-02-05,14:39,-08:00,1941,"Los Angeles, CA, United States",-118.243,34.052,True,False,True,V5_ROLE_ONLY_EXPANSION,False,False
PROJECT,film_director,Q2526255,Q216221,Steve Carell,stevecarell,,V5_WIKIDATA_ROLE_ONLY_EXPANSION,ROLE_CATEGORY_ONLY;IDENTITY_LABEL;NO_EVENT_OUTCOME;NO_CHRONOLOGY;NO_PAIRABILITY;NO_ASTROLOGY;NO_CONTROL,SteveCarell1962,Steve Carell,male,1962-08-16,08:59,-04:00,1962,"Concord, MA, United States",-71.355,42.459,True,False,True,V5_ROLE_ONLY_EXPANSION,False,False
PROJECT,musician,Q639669,Q262791,Steve Reich,stevereich,,V5_WIKIDATA_ROLE_ONLY_EXPANSION,ROLE_CATEGORY_ONLY;IDENTITY_LABEL;NO_EVENT_OUTCOME;NO_CHRONOLOGY;NO_PAIRABILITY;NO_ASTROLOGY;NO_CONTROL,SteveReich1936,Steve Reich,male,1936-10-03,18:21,-05:00,1936,"Manhattan, KS, United States",-96.567,39.187,True,False,True,V5_ROLE_ONLY_EXPANSION,False,False
PROJECT,musician,Q639669,Q313453,Stromae,stromae,,V5_WIKIDATA_ROLE_ONLY_EXPANSION,ROLE_CATEGORY_ONLY;IDENTITY_LABEL;NO_EVENT_OUTCOME;NO_CHRONOLOGY;NO_PAIRABILITY;NO_ASTROLOGY;NO_CONTROL,Stromae1985,Stromae,male,1985-03-12,09:31,+01:00,1985,"Etterbeek, Brussels, Belgium",4.387,50.837,True,False,True,V5_ROLE_ONLY_EXPANSION,False,False
PROJECT,musician,Q639669,Q274204,Susan Anton,susananton,,V5_WIKIDATA_ROLE_ONLY_EXPANSION,ROLE_CATEGORY_ONLY;IDENTITY_LABEL;NO_EVENT_OUTCOME;NO_CHRONOLOGY;NO_PAIRABILITY;NO_ASTROLOGY;NO_CONTROL,SusanAnton1950,Susan Anton,female,1950-10-12,15:30,-08:00,1950,"Oak Glen, CA, United States",-116.947,34.049,True,False,True,V5_ROLE_ONLY_EXPANSION,False,False
PROJECT,actor,Q33999,Q83493,Susan Boyle,susanboyle,,V5_WIKIDATA_ROLE_ONLY_EXPANSION,ROLE_CATEGORY_ONLY;IDENTITY_LABEL;NO_EVENT_OUTCOME;NO_CHRONOLOGY;NO_PAIRABILITY;NO_ASTROLOGY;NO_CONTROL,SusanBoyle1961,Susan Boyle,female,1961-04-01,09:50,+01:00,1961,"Blackburn, Aberdeen, United Kingdom",-2.288,57.205,True,False,True,V5_ROLE_ONLY_EXPANSION,False,False
PROJECT,film_director,Q2526255,Q273180,Susan Oliver,susanoliver,,V5_WIKIDATA_ROLE_ONLY_EXPANSION,ROLE_CATEGORY_ONLY;IDENTITY_LABEL;NO_EVENT_OUTCOME;NO_CHRONOLOGY;NO_PAIRABILITY;NO_ASTROLOGY;NO_CONTROL,SusanOliver1932,Susan Oliver,female,1932-02-13,16:20,-05:00,1932,"New York, NY, United States",-74.007,40.713,True,False,True,V5_ROLE_ONLY_EXPANSION,False,False
PROJECT,musician,Q639669,Q275625,Susan Tedeschi,susantedeschi,,V5_WIKIDATA_ROLE_ONLY_EXPANSION,ROLE_CATEGORY_ONLY;IDENTITY_LABEL;NO_EVENT_OUTCOME;NO_CHRONOLOGY;NO_PAIRABILITY;NO_ASTROLOGY;NO_CONTROL,SusanTedeschi1970,Susan Tedeschi,female,1970-11-09,13:58,-05:00,1970,"Boston, MA, United States",-71.059,42.359,True,False,True,V5_ROLE_ONLY_EXPANSION,False,False
PROJECT,musician,Q639669,Q299859,Suzanne Danco,suzannedanco,,V5_WIKIDATA_ROLE_ONLY_EXPANSION,ROLE_CATEGORY_ONLY;IDENTITY_LABEL;NO_EVENT_OUTCOME;NO_CHRONOLOGY;NO_PAIRABILITY;NO_ASTROLOGY;NO_CONTROL,SuzanneDanco1911,Suzanne Danco,female,1911-01-22,03:45,+00:00,1911,"Ixelles, Brussels, Belgium",4.372,50.828,True,False,True,V5_ROLE_ONLY_EXPANSION,False,False
PROJECT,musician,Q639669,Q269881,Suzy Delair,suzydelair,,V5_WIKIDATA_ROLE_ONLY_EXPANSION,ROLE_CATEGORY_ONLY;IDENTITY_LABEL;NO_EVENT_OUTCOME;NO_CHRONOLOGY;NO_PAIRABILITY;NO_ASTROLOGY;NO_CONTROL,SuzyDelair1917,Suzy Delair,female,1917-12-31,14:00,+00:00,1917,"Paris, France",2.351,48.857,True,False,True,V5_ROLE_ONLY_EXPANSION,False,False
PROJECT,actor,Q33999,Q51522,Sydney Pollack,sydneypollack,,V5_WIKIDATA_ROLE_ONLY_EXPANSION,ROLE_CATEGORY_ONLY;IDENTITY_LABEL;NO_EVENT_OUTCOME;NO_CHRONOLOGY;NO_PAIRABILITY;NO_ASTROLOGY;NO_CONTROL,SydneyPollack1934,Sydney Pollack,male,1934-07-01,16:30,-06:00,1934,"Lafayette, IN, United States",-86.891,40.417,True,False,True,V5_ROLE_ONLY_EXPANSION,False,False
PROJECT,film_director,Q2526255,Q242526,Sylvie Testud,sylvietestud,,V5_WIKIDATA_ROLE_ONLY_EXPANSION,ROLE_CATEGORY_ONLY;IDENTITY_LABEL;NO_EVENT_OUTCOME;NO_CHRONOLOGY;NO_PAIRABILITY;NO_ASTROLOGY;NO_CONTROL,SylvieTestud1971,Sylvie Testud,female,1971-01-17,19:50,+01:00,1971,"Lyon, France",4.834,45.767,True,False,True,V5_ROLE_ONLY_EXPANSION,False,False
PROJECT,musician,Q639669,Q240885,Sylvie Vartan,sylvievartan,,V5_WIKIDATA_ROLE_ONLY_EXPANSION,ROLE_CATEGORY_ONLY;IDENTITY_LABEL;NO_EVENT_OUTCOME;NO_CHRONOLOGY;NO_PAIRABILITY;NO_ASTROLOGY;NO_CONTROL,SylvieVartan1944,Sylvie Vartan,female,1944-08-15,18:00,+02:00,1944,"Svoge, Bulgaria",23.343,42.963,True,False,True,V5_ROLE_ONLY_EXPANSION,False,False
PROJECT,singer,Q177220,Q234017,Tammy Wynette,tammywynette,,V5_WIKIDATA_ROLE_ONLY_EXPANSION,ROLE_CATEGORY_ONLY;IDENTITY_LABEL;NO_EVENT_OUTCOME;NO_CHRONOLOGY;NO_PAIRABILITY;NO_ASTROLOGY;NO_CONTROL,TammyWynette1942,Tammy Wynette,female,1942-05-05,01:20,-05:00,1942,"Red Bay, AL, United States",-88.141,34.44,True,False,True,V5_ROLE_ONLY_EXPANSION,False,False
PROJECT,singer,Q177220,Q317704,Tchéky Karyo,tchekykaryo,,V5_WIKIDATA_ROLE_ONLY_EXPANSION,ROLE_CATEGORY_ONLY;IDENTITY_LABEL;NO_EVENT_OUTCOME;NO_CHRONOLOGY;NO_PAIRABILITY;NO_ASTROLOGY;NO_CONTROL,TchékyKaryo1953,Tchéky Karyo,male,1953-10-04,20:45,+02:00,1953,"Istanbul, Türkiye",28.975,41.013,True,False,True,V5_ROLE_ONLY_EXPANSION,False,False
PROJECT,film_director,Q2526255,Q243430,Terence Hill,terencehill,,V5_WIKIDATA_ROLE_ONLY_EXPANSION,ROLE_CATEGORY_ONLY;IDENTITY_LABEL;NO_EVENT_OUTCOME;NO_CHRONOLOGY;NO_PAIRABILITY;NO_ASTROLOGY;NO_CONTROL,TerenceHill1939,Terence Hill,male,1939-03-29,15:05,+01:00,1939,"Venice, Italy",12.339,45.435,True,False,True,V5_ROLE_ONLY_EXPANSION,False,False
PROJECT,singer,Q177220,Q218031,Terry Bozzio,terrybozzio,,V5_WIKIDATA_ROLE_ONLY_EXPANSION,ROLE_CATEGORY_ONLY;IDENTITY_LABEL;NO_EVENT_OUTCOME;NO_CHRONOLOGY;NO_PAIRABILITY;NO_ASTROLOGY;NO_CONTROL,TerryBozzio1950,Terry Bozzio,male,1950-12-27,16:11,-08:00,1950,"San Francisco, CA, United States",-122.42,37.78,True,False,True,V5_ROLE_ONLY_EXPANSION,False,False
PROJECT,musician,Q639669,Q109612,Thelonious Monk,theloniousmonk,,V5_WIKIDATA_ROLE_ONLY_EXPANSION,ROLE_CATEGORY_ONLY;IDENTITY_LABEL;NO_EVENT_OUTCOME;NO_CHRONOLOGY;NO_PAIRABILITY;NO_ASTROLOGY;NO_CONTROL,TheloniousMonk1917,Thelonious Monk,male,1917-10-10,21:15,-05:00,1917,"Rocky Mount, NC, United States",-77.8,35.939,True,False,True,V5_ROLE_ONLY_EXPANSION,False,False
PROJECT,film_director,Q2526255,Q69236,Theo Lingen,theolingen,,V5_WIKIDATA_ROLE_ONLY_EXPANSION,ROLE_CATEGORY_ONLY;IDENTITY_LABEL;NO_EVENT_OUTCOME;NO_CHRONOLOGY;NO_PAIRABILITY;NO_ASTROLOGY;NO_CONTROL,TheoLingen1903,Theo Lingen,male,1903-06-10,05:00,+01:00,1903,"Hanover, Germany",9.736,52.372,True,False,True,V5_ROLE_ONLY_EXPANSION,False,False
PROJECT,musician,Q639669,Q51015,Thomas Fersen,thomasfersen,,V5_WIKIDATA_ROLE_ONLY_EXPANSION,ROLE_CATEGORY_ONLY;IDENTITY_LABEL;NO_EVENT_OUTCOME;NO_CHRONOLOGY;NO_PAIRABILITY;NO_ASTROLOGY;NO_CONTROL,ThomasFersen1963,Thomas Fersen,male,1963-01-04,09:15,+01:00,1963,"Paris, France",2.351,48.857,True,False,True,V5_ROLE_ONLY_EXPANSION,False,False
PROJECT,singer,Q177220,Q327146,Thomas Stewart,thomasstewart,,V5_WIKIDATA_ROLE_ONLY_EXPANSION,ROLE_CATEGORY_ONLY;IDENTITY_LABEL;NO_EVENT_OUTCOME;NO_CHRONOLOGY;NO_PAIRABILITY;NO_ASTROLOGY;NO_CONTROL,ThomasStewart1928,Thomas Stewart,male,1928-08-29,12:15,-05:00,1928,"San Saba, TX, United States",-98.718,31.196,True,False,True,V5_ROLE_ONLY_EXPANSION,False,False
PROJECT,actor,Q33999,Q111022,Tilly Lauenstein,tillylauenstein,,V5_WIKIDATA_ROLE_ONLY_EXPANSION,ROLE_CATEGORY_ONLY;IDENTITY_LABEL;NO_EVENT_OUTCOME;NO_CHRONOLOGY;NO_PAIRABILITY;NO_ASTROLOGY;NO_CONTROL,TillyLauenstein1912,Tilly Lauenstein,female,1912-10-04,07:45,+01:00,1912,"Büdingen, Germany",9.116,50.291,True,False,True,V5_ROLE_ONLY_EXPANSION,False,False
PROJECT,actor,Q33999,Q95048,Tim Robbins,timrobbins,,V5_WIKIDATA_ROLE_ONLY_EXPANSION,ROLE_CATEGORY_ONLY;IDENTITY_LABEL;NO_EVENT_OUTCOME;NO_CHRONOLOGY;NO_PAIRABILITY;NO_ASTROLOGY;NO_CONTROL,TimRobbins1958,Tim Robbins,male,1958-10-16,02:12,-08:00,1958,"West Covina, CA, United States",-117.931,34.083,True,False,True,V5_ROLE_ONLY_EXPANSION,False,False
PROJECT,singer,Q177220,Q274036,Tina Yothers,tinayothers,,V5_WIKIDATA_ROLE_ONLY_EXPANSION,ROLE_CATEGORY_ONLY;IDENTITY_LABEL;NO_EVENT_OUTCOME;NO_CHRONOLOGY;NO_PAIRABILITY;NO_ASTROLOGY;NO_CONTROL,TinaYothers1973,Tina Yothers,female,1973-05-05,16:29,-07:00,1973,"Whittier, CA, United States",-118.033,33.973,True,False,True,V5_ROLE_ONLY_EXPANSION,False,False
PROJECT,film_director,Q2526255,Q312472,Tinto Brass,tintobrass,,V5_WIKIDATA_ROLE_ONLY_EXPANSION,ROLE_CATEGORY_ONLY;IDENTITY_LABEL;NO_EVENT_OUTCOME;NO_CHRONOLOGY;NO_PAIRABILITY;NO_ASTROLOGY;NO_CONTROL,TintoBrass1933,Tinto Brass,male,1933-03-26,18:45,+01:00,1933,"Milan, Italy",9.188,45.464,True,False,True,V5_ROLE_ONLY_EXPANSION,False,False
PROJECT,actor,Q33999,Q142546,Tippi Hedren,tippihedren,,V5_WIKIDATA_ROLE_ONLY_EXPANSION,ROLE_CATEGORY_ONLY;IDENTITY_LABEL;NO_EVENT_OUTCOME;NO_CHRONOLOGY;NO_PAIRABILITY;NO_ASTROLOGY;NO_CONTROL,TippiHedren1930,Tippi Hedren,female,1930-01-19,06:35,-06:00,1930,"New Ulm, MN, United States",-94.457,44.313,True,False,True,V5_ROLE_ONLY_EXPANSION,False,False
PROJECT,singer,Q177220,Q363254,Tito Gobbi,titogobbi,,V5_WIKIDATA_ROLE_ONLY_EXPANSION,ROLE_CATEGORY_ONLY;IDENTITY_LABEL;NO_EVENT_OUTCOME;NO_CHRONOLOGY;NO_PAIRABILITY;NO_ASTROLOGY;NO_CONTROL,TitoGobbi1913,Tito Gobbi,male,1913-10-24,04:30,+01:00,1913,"Bassano del Grappa, Italy",11.734,45.767,True,False,True,V5_ROLE_ONLY_EXPANSION,False,False
PROJECT,actor,Q33999,Q2263,Tom Hanks,tomhanks,,V5_WIKIDATA_ROLE_ONLY_EXPANSION,ROLE_CATEGORY_ONLY;IDENTITY_LABEL;NO_EVENT_OUTCOME;NO_CHRONOLOGY;NO_PAIRABILITY;NO_ASTROLOGY;NO_CONTROL,TomHanks1956,Tom Hanks,male,1956-07-09,11:17,-07:00,1956,"Concord, CA, United States",-122.031,37.979,True,False,True,V5_ROLE_ONLY_EXPANSION,False,False
PROJECT,film_director,Q2526255,Q170587,Tommy Lee Jones,tommyleejones,,V5_WIKIDATA_ROLE_ONLY_EXPANSION,ROLE_CATEGORY_ONLY;IDENTITY_LABEL;NO_EVENT_OUTCOME;NO_CHRONOLOGY;NO_PAIRABILITY;NO_ASTROLOGY;NO_CONTROL,TommyLeeJones1946,Tommy Lee Jones,male,1946-09-15,22:00,-05:00,1946,"San Saba, TX, United States",-98.718,31.196,True,False,True,V5_ROLE_ONLY_EXPANSION,False,False
PROJECT,musician,Q639669,Q184805,Tom Waits,tomwaits,,V5_WIKIDATA_ROLE_ONLY_EXPANSION,ROLE_CATEGORY_ONLY;IDENTITY_LABEL;NO_EVENT_OUTCOME;NO_CHRONOLOGY;NO_PAIRABILITY;NO_ASTROLOGY;NO_CONTROL,TomWaits1949,Tom Waits,male,1949-12-07,07:25,-08:00,1949,"Pomona, CA, United States",-117.75,34.055,True,False,True,V5_ROLE_ONLY_EXPANSION,False,False
PROJECT,film_director,Q2526255,Q129407,Tonino Cervi,toninocervi,,V5_WIKIDATA_ROLE_ONLY_EXPANSION,ROLE_CATEGORY_ONLY;IDENTITY_LABEL;NO_EVENT_OUTCOME;NO_CHRONOLOGY;NO_PAIRABILITY;NO_ASTROLOGY;NO_CONTROL,ToninoCervi1929,Tonino Cervi,male,1929-06-14,15:00,+01:00,1929,"Milan, Italy",9.188,45.464,True,False,True,V5_ROLE_ONLY_EXPANSION,False,False
PROJECT,film_director,Q2526255,Q241185,Tracey Emin,traceyemin,,V5_WIKIDATA_ROLE_ONLY_EXPANSION,ROLE_CATEGORY_ONLY;IDENTITY_LABEL;NO_EVENT_OUTCOME;NO_CHRONOLOGY;NO_PAIRABILITY;NO_ASTROLOGY;NO_CONTROL,TraceyEmin1963,Tracey Emin,female,1963-07-03,06:50,+01:00,1963,"Croydon, United Kingdom",-0.1,51.372,True,False,True,V5_ROLE_ONLY_EXPANSION,False,False
PROJECT,musician,Q639669,Q188235,Travis Tritt,travistritt,,V5_WIKIDATA_ROLE_ONLY_EXPANSION,ROLE_CATEGORY_ONLY;IDENTITY_LABEL;NO_EVENT_OUTCOME;NO_CHRONOLOGY;NO_PAIRABILITY;NO_ASTROLOGY;NO_CONTROL,TravisTritt1963,Travis Tritt,male,1963-02-09,16:06,-05:00,1963,"Marietta, GA, United States",-84.549,33.952,True,False,True,V5_ROLE_ONLY_EXPANSION,False,False
PROJECT,film_director,Q2526255,Q533883,Tricia Leigh Fisher,tricialeighfisher,,V5_WIKIDATA_ROLE_ONLY_EXPANSION,ROLE_CATEGORY_ONLY;IDENTITY_LABEL;NO_EVENT_OUTCOME;NO_CHRONOLOGY;NO_PAIRABILITY;NO_ASTROLOGY;NO_CONTROL,TriciaLeighFisher1968,Tricia Leigh Fisher,female,1968-12-26,07:10,-08:00,1968,"Burbank, CA, United States",-118.307,34.182,True,False,True,V5_ROLE_ONLY_EXPANSION,False,False
PROJECT,film_director,Q2526255,Q454336,Twyla Tharp,twylatharp,,V5_WIKIDATA_ROLE_ONLY_EXPANSION,ROLE_CATEGORY_ONLY;IDENTITY_LABEL;NO_EVENT_OUTCOME;NO_CHRONOLOGY;NO_PAIRABILITY;NO_ASTROLOGY;NO_CONTROL,TwylaTharp1941,Twyla Tharp,female,1941-07-01,14:24,-05:00,1941,"Portland, IN, United States",-84.978,40.432,True,False,True,V5_ROLE_ONLY_EXPANSION,False,False
PROJECT,actor,Q33999,Q155236,Udo Jürgens,udojurgens,,V5_WIKIDATA_ROLE_ONLY_EXPANSION,ROLE_CATEGORY_ONLY;IDENTITY_LABEL;NO_EVENT_OUTCOME;NO_CHRONOLOGY;NO_PAIRABILITY;NO_ASTROLOGY;NO_CONTROL,UdoJürgens1934,Udo Jürgens,male,1934-09-30,19:30,+01:00,1934,"Klagenfurt am Wörthersee, Austria",14.308,46.624,True,False,True,V5_ROLE_ONLY_EXPANSION,False,False
PROJECT,actor,Q33999,Q55468,Ugo Tognazzi,ugotognazzi,,V5_WIKIDATA_ROLE_ONLY_EXPANSION,ROLE_CATEGORY_ONLY;IDENTITY_LABEL;NO_EVENT_OUTCOME;NO_CHRONOLOGY;NO_PAIRABILITY;NO_ASTROLOGY;NO_CONTROL,UgoTognazzi1922,Ugo Tognazzi,male,1922-03-23,09:00,+01:00,1922,"Cremona, Italy",10.026,45.134,True,False,True,V5_ROLE_ONLY_EXPANSION,False,False
PROJECT,singer,Q177220,Q365060,Umberto Tozzi,umbertotozzi,,V5_WIKIDATA_ROLE_ONLY_EXPANSION,ROLE_CATEGORY_ONLY;IDENTITY_LABEL;NO_EVENT_OUTCOME;NO_CHRONOLOGY;NO_PAIRABILITY;NO_ASTROLOGY;NO_CONTROL,UmbertoTozzi1952,Umberto Tozzi,male,1952-03-04,16:10,+01:00,1952,"Turin, Italy",7.683,45.068,True,False,True,V5_ROLE_ONLY_EXPANSION,False,False
PROJECT,actor,Q33999,Q100299,Ursula Herking,ursulaherking,,V5_WIKIDATA_ROLE_ONLY_EXPANSION,ROLE_CATEGORY_ONLY;IDENTITY_LABEL;NO_EVENT_OUTCOME;NO_CHRONOLOGY;NO_PAIRABILITY;NO_ASTROLOGY;NO_CONTROL,UrsulaHerking1912,Ursula Herking,female,1912-01-28,09:30,+01:00,1912,"Dessau-Roßlau, Germany",12.245,51.839,True,False,True,V5_ROLE_ONLY_EXPANSION,False,False
PROJECT,singer,Q177220,Q230710,Valeria Golino,valeriagolino,,V5_WIKIDATA_ROLE_ONLY_EXPANSION,ROLE_CATEGORY_ONLY;IDENTITY_LABEL;NO_EVENT_OUTCOME;NO_CHRONOLOGY;NO_PAIRABILITY;NO_ASTROLOGY;NO_CONTROL,ValeriaGolino1965,Valeria Golino,female,1965-10-22,08:45,+01:00,1965,"Naples, Italy",14.253,40.84,True,False,True,V5_ROLE_ONLY_EXPANSION,False,False
PROJECT,actor,Q33999,Q130092,Valérie Donzelli,valeriedonzelli,,V5_WIKIDATA_ROLE_ONLY_EXPANSION,ROLE_CATEGORY_ONLY;IDENTITY_LABEL;NO_EVENT_OUTCOME;NO_CHRONOLOGY;NO_PAIRABILITY;NO_ASTROLOGY;NO_CONTROL,ValérieDonzelli1973,Valérie Donzelli,female,1973-03-02,13:15,+01:00,1973,"Épinal, France",6.45,48.175,True,False,True,V5_ROLE_ONLY_EXPANSION,False,False
PROJECT,film_director,Q2526255,Q259940,Valérie Lemercier,valerielemercier,,V5_WIKIDATA_ROLE_ONLY_EXPANSION,ROLE_CATEGORY_ONLY;IDENTITY_LABEL;NO_EVENT_OUTCOME;NO_CHRONOLOGY;NO_PAIRABILITY;NO_ASTROLOGY;NO_CONTROL,ValérieLemercier1964,Valérie Lemercier,female,1964-03-09,22:20,+01:00,1964,"Dieppe, France",1.088,49.928,True,False,True,V5_ROLE_ONLY_EXPANSION,False,False
PROJECT,film_director,Q2526255,Q53041,Valerio Zurlini,valeriozurlini,,V5_WIKIDATA_ROLE_ONLY_EXPANSION,ROLE_CATEGORY_ONLY;IDENTITY_LABEL;NO_EVENT_OUTCOME;NO_CHRONOLOGY;NO_PAIRABILITY;NO_ASTROLOGY;NO_CONTROL,ValerioZurlini1926,Valerio Zurlini,male,1926-03-19,16:00,+01:00,1926,"Bologna, Italy",11.347,44.494,True,False,True,V5_ROLE_ONLY_EXPANSION,False,False
PROJECT,actor,Q33999,Q51023,Vanessa Paradis,vanessaparadis,,V5_WIKIDATA_ROLE_ONLY_EXPANSION,ROLE_CATEGORY_ONLY;IDENTITY_LABEL;NO_EVENT_OUTCOME;NO_CHRONOLOGY;NO_PAIRABILITY;NO_ASTROLOGY;NO_CONTROL,VanessaParadis1972,Vanessa Paradis,female,1972-12-22,05:10,+01:00,1972,"Saint-Maur-des-Fossés, France",2.503,48.798,True,False,True,V5_ROLE_ONLY_EXPANSION,False,False
PROJECT,singer,Q177220,Q202801,Vanessa Williams,vanessawilliams,,V5_WIKIDATA_ROLE_ONLY_EXPANSION,ROLE_CATEGORY_ONLY;IDENTITY_LABEL;NO_EVENT_OUTCOME;NO_CHRONOLOGY;NO_PAIRABILITY;NO_ASTROLOGY;NO_CONTROL,VanessaWilliams1963,Vanessa Williams,female,1963-03-18,11:28,-05:00,1963,"Millwood, NY, United States",-73.798,41.192,True,False,True,V5_ROLE_ONLY_EXPANSION,False,False
PROJECT,musician,Q639669,Q17171,Vasco Rossi,vascorossi,,V5_WIKIDATA_ROLE_ONLY_EXPANSION,ROLE_CATEGORY_ONLY;IDENTITY_LABEL;NO_EVENT_OUTCOME;NO_CHRONOLOGY;NO_PAIRABILITY;NO_ASTROLOGY;NO_CONTROL,VascoRossi1952,Vasco Rossi,male,1952-02-07,20:30,+01:00,1952,"Zocca, Italy",10.994,44.347,True,False,True,V5_ROLE_ONLY_EXPANSION,False,False
PROJECT,musician,Q639669,Q251417,Victor Borge,victorborge,,V5_WIKIDATA_ROLE_ONLY_EXPANSION,ROLE_CATEGORY_ONLY;IDENTITY_LABEL;NO_EVENT_OUTCOME;NO_CHRONOLOGY;NO_PAIRABILITY;NO_ASTROLOGY;NO_CONTROL,VictorBorge1909,Victor Borge,male,1909-01-03,10:30,+01:00,1909,"Copenhagen, Denmark",12.569,55.676,True,False,True,V5_ROLE_ONLY_EXPANSION,False,False
PROJECT,musician,Q639669,Q301864,Vikki Carr,vikkicarr,,V5_WIKIDATA_ROLE_ONLY_EXPANSION,ROLE_CATEGORY_ONLY;IDENTITY_LABEL;NO_EVENT_OUTCOME;NO_CHRONOLOGY;NO_PAIRABILITY;NO_ASTROLOGY;NO_CONTROL,VikkiCarr1940,Vikki Carr,female,1940-07-19,15:00,-07:00,1940,"El Paso, TX, United States",-106.492,31.76,True,False,True,V5_ROLE_ONLY_EXPANSION,False,False
PROJECT,film_director,Q2526255,Q193504,Vincent Cassel,vincentcassel,,V5_WIKIDATA_ROLE_ONLY_EXPANSION,ROLE_CATEGORY_ONLY;IDENTITY_LABEL;NO_EVENT_OUTCOME;NO_CHRONOLOGY;NO_PAIRABILITY;NO_ASTROLOGY;NO_CONTROL,VincentCassel1966,Vincent Cassel,male,1966-11-23,22:30,+01:00,1966,"Paris, France",2.351,48.857,True,False,True,V5_ROLE_ONLY_EXPANSION,False,False
PROJECT,actor,Q33999,Q123476,Vincent Perez,vincentperez,,V5_WIKIDATA_ROLE_ONLY_EXPANSION,ROLE_CATEGORY_ONLY;IDENTITY_LABEL;NO_EVENT_OUTCOME;NO_CHRONOLOGY;NO_PAIRABILITY;NO_ASTROLOGY;NO_CONTROL,VincentPerez1964,Vincent Perez,male,1964-06-10,21:58,+01:00,1964,"Lausanne, Switzerland",6.632,46.52,True,False,True,V5_ROLE_ONLY_EXPANSION,False,False
PROJECT,actor,Q33999,Q107730,Vince Vaughn,vincevaughn,,V5_WIKIDATA_ROLE_ONLY_EXPANSION,ROLE_CATEGORY_ONLY;IDENTITY_LABEL;NO_EVENT_OUTCOME;NO_CHRONOLOGY;NO_PAIRABILITY;NO_ASTROLOGY;NO_CONTROL,VinceVaughn1970,Vince Vaughn,male,1970-03-28,20:12,-06:00,1970,"Minneapolis, MN, United States",-93.264,44.977,True,False,True,V5_ROLE_ONLY_EXPANSION,False,False
PROJECT,actor,Q33999,Q106627,Virna Lisi,virnalisi,,V5_WIKIDATA_ROLE_ONLY_EXPANSION,ROLE_CATEGORY_ONLY;IDENTITY_LABEL;NO_EVENT_OUTCOME;NO_CHRONOLOGY;NO_PAIRABILITY;NO_ASTROLOGY;NO_CONTROL,VirnaLisi1936,Virna Lisi,female,1936-11-08,02:00,+01:00,1936,"Ancona, Italy",13.516,43.617,True,False,True,V5_ROLE_ONLY_EXPANSION,False,False
PROJECT,film_director,Q2526255,Q55447,Vittorio De Seta,vittoriodeseta,,V5_WIKIDATA_ROLE_ONLY_EXPANSION,ROLE_CATEGORY_ONLY;IDENTITY_LABEL;NO_EVENT_OUTCOME;NO_CHRONOLOGY;NO_PAIRABILITY;NO_ASTROLOGY;NO_CONTROL,VittorioDeSeta1923,Vittorio De Seta,male,1923-10-15,09:30,+01:00,1923,"Palermo, Italy",13.361,38.116,True,False,True,V5_ROLE_ONLY_EXPANSION,False,False
PROJECT,actor,Q33999,Q53004,Vittorio De Sica,vittoriodesica,,V5_WIKIDATA_ROLE_ONLY_EXPANSION,ROLE_CATEGORY_ONLY;IDENTITY_LABEL;NO_EVENT_OUTCOME;NO_CHRONOLOGY;NO_PAIRABILITY;NO_ASTROLOGY;NO_CONTROL,VittorioDeSica1901,Vittorio De Sica,male,1901-07-07,11:00,+01:00,1901,"Sora, Italy",13.618,41.717,True,False,True,V5_ROLE_ONLY_EXPANSION,False,False
PROJECT,actor,Q33999,Q55452,Vittorio Gassman,vittoriogassman,,V5_WIKIDATA_ROLE_ONLY_EXPANSION,ROLE_CATEGORY_ONLY;IDENTITY_LABEL;NO_EVENT_OUTCOME;NO_CHRONOLOGY;NO_PAIRABILITY;NO_ASTROLOGY;NO_CONTROL,VittorioGassman1922,Vittorio Gassman,male,1922-09-01,15:00,+01:00,1922,"Genoa, Italy",8.934,44.407,True,False,True,V5_ROLE_ONLY_EXPANSION,False,False
PROJECT,actor,Q33999,Q49027,Vittorio Mezzogiorno,vittoriomezzogiorno,,V5_WIKIDATA_ROLE_ONLY_EXPANSION,ROLE_CATEGORY_ONLY;IDENTITY_LABEL;NO_EVENT_OUTCOME;NO_CHRONOLOGY;NO_PAIRABILITY;NO_ASTROLOGY;NO_CONTROL,VittorioMezzogiorno1941,Vittorio Mezzogiorno,male,1941-12-16,02:30,+02:00,1941,"Cercola, Italy",14.359,40.858,True,False,True,V5_ROLE_ONLY_EXPANSION,False,False
PROJECT,musician,Q639669,Q348230,Wayne Marshall,waynemarshall,,V5_WIKIDATA_ROLE_ONLY_EXPANSION,ROLE_CATEGORY_ONLY;IDENTITY_LABEL;NO_EVENT_OUTCOME;NO_CHRONOLOGY;NO_PAIRABILITY;NO_ASTROLOGY;NO_CONTROL,WayneMarshall1976,Wayne Marshall,male,1976-05-27,22:42,-04:00,1976,"Waltham, MA, United States",-71.239,42.376,True,False,True,V5_ROLE_ONLY_EXPANSION,False,False
PROJECT,singer,Q177220,Q270441,Wenche Foss,wenchefoss,,V5_WIKIDATA_ROLE_ONLY_EXPANSION,ROLE_CATEGORY_ONLY;IDENTITY_LABEL;NO_EVENT_OUTCOME;NO_CHRONOLOGY;NO_PAIRABILITY;NO_ASTROLOGY;NO_CONTROL,WencheFoss1917,Wenche Foss,female,1917-12-05,21:30,+01:00,1917,"Oslo, Norway",10.739,59.914,True,False,True,V5_ROLE_ONLY_EXPANSION,False,False
PROJECT,actor,Q33999,Q90824,Werner Hinz,wernerhinz,,V5_WIKIDATA_ROLE_ONLY_EXPANSION,ROLE_CATEGORY_ONLY;IDENTITY_LABEL;NO_EVENT_OUTCOME;NO_CHRONOLOGY;NO_PAIRABILITY;NO_ASTROLOGY;NO_CONTROL,WernerHinz1903,Werner Hinz,male,1903-01-18,16:30,+01:00,1903,"Berlin, Germany",13.411,52.523,True,False,True,V5_ROLE_ONLY_EXPANSION,False,False
PROJECT,actor,Q33999,Q60465,Wieland Wagner,wielandwagner,,V5_WIKIDATA_ROLE_ONLY_EXPANSION,ROLE_CATEGORY_ONLY;IDENTITY_LABEL;NO_EVENT_OUTCOME;NO_CHRONOLOGY;NO_PAIRABILITY;NO_ASTROLOGY;NO_CONTROL,WielandWagner1917,Wieland Wagner,male,1917-01-05,09:15,+01:00,1917,"Bayreuth, Germany",11.571,49.941,True,False,True,V5_ROLE_ONLY_EXPANSION,False,False
PROJECT,film_director,Q2526255,Q51582,William Friedkin,williamfriedkin,,V5_WIKIDATA_ROLE_ONLY_EXPANSION,ROLE_CATEGORY_ONLY;IDENTITY_LABEL;NO_EVENT_OUTCOME;NO_CHRONOLOGY;NO_PAIRABILITY;NO_ASTROLOGY;NO_CONTROL,WilliamFriedkin1935,William Friedkin,male,1935-08-29,06:40,-05:00,1935,"Chicago, IL, United States",-87.632,41.883,True,False,True,V5_ROLE_ONLY_EXPANSION,False,False
PROJECT,actor,Q33999,Q95002,William Holden,williamholden,,V5_WIKIDATA_ROLE_ONLY_EXPANSION,ROLE_CATEGORY_ONLY;IDENTITY_LABEL;NO_EVENT_OUTCOME;NO_CHRONOLOGY;NO_PAIRABILITY;NO_ASTROLOGY;NO_CONTROL,WilliamHolden1918,William Holden,male,1918-04-17,17:00,-05:00,1918,"O'Fallon, IL, United States",-89.911,38.59,True,False,True,V5_ROLE_ONLY_EXPANSION,False,False
PROJECT,musician,Q639669,Q188176,William S. Burroughs,williamsburroughs,,V5_WIKIDATA_ROLE_ONLY_EXPANSION,ROLE_CATEGORY_ONLY;IDENTITY_LABEL;NO_EVENT_OUTCOME;NO_CHRONOLOGY;NO_PAIRABILITY;NO_ASTROLOGY;NO_CONTROL,WilliamS.Burroughs1914,William S. Burroughs,male,1914-02-05,07:40,-06:00,1914,"Saint Louis, MO, United States",-90.201,38.635,True,False,True,V5_ROLE_ONLY_EXPANSION,False,False
PROJECT,actor,Q33999,Q87436,Will Quadflieg,willquadflieg,,V5_WIKIDATA_ROLE_ONLY_EXPANSION,ROLE_CATEGORY_ONLY;IDENTITY_LABEL;NO_EVENT_OUTCOME;NO_CHRONOLOGY;NO_PAIRABILITY;NO_ASTROLOGY;NO_CONTROL,WillQuadflieg1914,Will Quadflieg,male,1914-09-15,13:00,+01:00,1914,"Oberhausen, Germany",8.057,49.098,True,False,True,V5_ROLE_ONLY_EXPANSION,False,False
PROJECT,musician,Q639669,Q348906,Will Young,willyoung,,V5_WIKIDATA_ROLE_ONLY_EXPANSION,ROLE_CATEGORY_ONLY;IDENTITY_LABEL;NO_EVENT_OUTCOME;NO_CHRONOLOGY;NO_PAIRABILITY;NO_ASTROLOGY;NO_CONTROL,WillYoung1979,Will Young,male,1979-01-20,21:55,+00:00,1979,"Wokingham, United Kingdom",-0.835,51.411,True,False,True,V5_ROLE_ONLY_EXPANSION,False,False
PROJECT,actor,Q33999,Q55411,Wim Wenders,wimwenders,,V5_WIKIDATA_ROLE_ONLY_EXPANSION,ROLE_CATEGORY_ONLY;IDENTITY_LABEL;NO_EVENT_OUTCOME;NO_CHRONOLOGY;NO_PAIRABILITY;NO_ASTROLOGY;NO_CONTROL,WimWenders1945,Wim Wenders,male,1945-08-14,08:15,+03:00,1945,"Düsseldorf, Germany",6.776,51.225,True,False,True,V5_ROLE_ONLY_EXPANSION,False,False
PROJECT,actor,Q33999,Q58799,Wolfgang Borchert,wolfgangborchert,,V5_WIKIDATA_ROLE_ONLY_EXPANSION,ROLE_CATEGORY_ONLY;IDENTITY_LABEL;NO_EVENT_OUTCOME;NO_CHRONOLOGY;NO_PAIRABILITY;NO_ASTROLOGY;NO_CONTROL,WolfgangBorchert1921,Wolfgang Borchert,male,1921-05-20,03:00,+01:00,1921,"Hamburg, Germany",9.996,53.557,True,False,True,V5_ROLE_ONLY_EXPANSION,False,False
PROJECT,film_director,Q2526255,Q65321,Wolfgang Petersen,wolfgangpetersen,,V5_WIKIDATA_ROLE_ONLY_EXPANSION,ROLE_CATEGORY_ONLY;IDENTITY_LABEL;NO_EVENT_OUTCOME;NO_CHRONOLOGY;NO_PAIRABILITY;NO_ASTROLOGY;NO_CONTROL,WolfgangPetersen1941,Wolfgang Petersen,male,1941-03-14,07:10,+02:00,1941,"Emden, Germany",7.201,53.364,True,False,True,V5_ROLE_ONLY_EXPANSION,False,False
PROJECT,film_director,Q2526255,Q69159,Wolfgang Staudte,wolfgangstaudte,,V5_WIKIDATA_ROLE_ONLY_EXPANSION,ROLE_CATEGORY_ONLY;IDENTITY_LABEL;NO_EVENT_OUTCOME;NO_CHRONOLOGY;NO_PAIRABILITY;NO_ASTROLOGY;NO_CONTROL,WolfgangStaudte1906,Wolfgang Staudte,male,1906-10-09,00:30,+01:00,1906,"Saarbrücken, Germany",6.994,49.235,True,False,True,V5_ROLE_ONLY_EXPANSION,False,False
PROJECT,singer,Q177220,Q349357,Woody Herman,woodyherman,,V5_WIKIDATA_ROLE_ONLY_EXPANSION,ROLE_CATEGORY_ONLY;IDENTITY_LABEL;NO_EVENT_OUTCOME;NO_CHRONOLOGY;NO_PAIRABILITY;NO_ASTROLOGY;NO_CONTROL,WoodyHerman1913,Woody Herman,male,1913-05-16,12:30,-06:00,1913,"Milwaukee, WI, United States",-87.909,43.041,True,False,True,V5_ROLE_ONLY_EXPANSION,False,False
PROJECT,film_director,Q2526255,Q334180,Xavier Cugat,xaviercugat,,V5_WIKIDATA_ROLE_ONLY_EXPANSION,ROLE_CATEGORY_ONLY;IDENTITY_LABEL;NO_EVENT_OUTCOME;NO_CHRONOLOGY;NO_PAIRABILITY;NO_ASTROLOGY;NO_CONTROL,XavierCugat1900,Xavier Cugat,male,1900-01-01,07:00,-00:15,1900,"Girona, Spain",2.824,41.982,True,False,True,V5_ROLE_ONLY_EXPANSION,False,False
PROJECT,film_director,Q2526255,Q451871,Yamina Benguigui,yaminabenguigui,,V5_WIKIDATA_ROLE_ONLY_EXPANSION,ROLE_CATEGORY_ONLY;IDENTITY_LABEL;NO_EVENT_OUTCOME;NO_CHRONOLOGY;NO_PAIRABILITY;NO_ASTROLOGY;NO_CONTROL,YaminaBenguigui1955,Yamina Benguigui,female,1955-04-09,07:00,+01:00,1955,"Lille, France",3.063,50.631,True,False,True,V5_ROLE_ONLY_EXPANSION,False,False
PROJECT,film_director,Q2526255,Q457512,Yannick Bellon,yannickbellon,,V5_WIKIDATA_ROLE_ONLY_EXPANSION,ROLE_CATEGORY_ONLY;IDENTITY_LABEL;NO_EVENT_OUTCOME;NO_CHRONOLOGY;NO_PAIRABILITY;NO_ASTROLOGY;NO_CONTROL,YannickBellon1924,Yannick Bellon,female,1924-04-06,06:00,+01:00,1924,"Biarritz, France",-1.561,43.482,True,False,True,V5_ROLE_ONLY_EXPANSION,False,False
PROJECT,musician,Q639669,Q157256,Yann Tiersen,yanntiersen,,V5_WIKIDATA_ROLE_ONLY_EXPANSION,ROLE_CATEGORY_ONLY;IDENTITY_LABEL;NO_EVENT_OUTCOME;NO_CHRONOLOGY;NO_PAIRABILITY;NO_ASTROLOGY;NO_CONTROL,YannTiersen1970,Yann Tiersen,male,1970-06-23,12:10,+01:00,1970,"Brest, France",-4.487,48.39,True,False,True,V5_ROLE_ONLY_EXPANSION,False,False
PROJECT,film_director,Q2526255,Q241437,Yolande Moreau,yolandemoreau,,V5_WIKIDATA_ROLE_ONLY_EXPANSION,ROLE_CATEGORY_ONLY;IDENTITY_LABEL;NO_EVENT_OUTCOME;NO_CHRONOLOGY;NO_PAIRABILITY;NO_ASTROLOGY;NO_CONTROL,YolandeMoreau1953,Yolande Moreau,female,1953-02-27,19:00,+01:00,1953,"Auderghem, Brussels, Belgium",4.434,50.816,True,False,True,V5_ROLE_ONLY_EXPANSION,False,False
PROJECT,actor,Q33999,Q106057,Yves Montand,yvesmontand,,V5_WIKIDATA_ROLE_ONLY_EXPANSION,ROLE_CATEGORY_ONLY;IDENTITY_LABEL;NO_EVENT_OUTCOME;NO_CHRONOLOGY;NO_PAIRABILITY;NO_ASTROLOGY;NO_CONTROL,YvesMontand1921,Yves Montand,male,1921-10-13,23:59,+01:00,1921,"Monsummano Terme, Italia",10.813,43.871,True,False,True,V5_ROLE_ONLY_EXPANSION,False,False
PROJECT,actor,Q33999,Q97176,Yvonne de Bark,yvonnedebark,,V5_WIKIDATA_ROLE_ONLY_EXPANSION,ROLE_CATEGORY_ONLY;IDENTITY_LABEL;NO_EVENT_OUTCOME;NO_CHRONOLOGY;NO_PAIRABILITY;NO_ASTROLOGY;NO_CONTROL,YvonneDeBark1972,Yvonne De Bark,female,1972-08-08,13:38,+01:00,1972,"Munich, Germany",11.58,48.139,True,False,True,V5_ROLE_ONLY_EXPANSION,False,False
PROJECT,actor,Q33999,Q45229,Zac Efron,zacefron,,V5_WIKIDATA_ROLE_ONLY_EXPANSION,ROLE_CATEGORY_ONLY;IDENTITY_LABEL;NO_EVENT_OUTCOME;NO_CHRONOLOGY;NO_PAIRABILITY;NO_ASTROLOGY;NO_CONTROL,ZacEfron1987,Zac Efron,male,1987-10-18,13:22,-07:00,1987,"San Luis Obispo, CA, United States",-120.66,35.283,True,False,True,V5_ROLE_ONLY_EXPANSION,False,False
PROJECT,musician,Q639669,Q167850,Zaz,zaz,,V5_WIKIDATA_ROLE_ONLY_EXPANSION,ROLE_CATEGORY_ONLY;IDENTITY_LABEL;NO_EVENT_OUTCOME;NO_CHRONOLOGY;NO_PAIRABILITY;NO_ASTROLOGY;NO_CONTROL,Zaz1980,Zaz,female,1980-05-01,10:55,+02:00,1980,"Tours, France",0.689,47.39,True,False,True,V5_ROLE_ONLY_EXPANSION,False,False
PROJECT,musician,Q639669,Q205149,Zino Francescatti,zinofrancescatti,,V5_WIKIDATA_ROLE_ONLY_EXPANSION,ROLE_CATEGORY_ONLY;IDENTITY_LABEL;NO_EVENT_OUTCOME;NO_CHRONOLOGY;NO_PAIRABILITY;NO_ASTROLOGY;NO_CONTROL,ZinoFrancescatti1902,Zino Francescatti,male,1902-08-09,12:00,+00:09,1902,"Marseille, France",5.374,43.295,True,False,True,V5_ROLE_ONLY_EXPANSION,False,False
PROJECT,musician,Q639669,Q125948,Zucchero,zucchero,,V5_WIKIDATA_ROLE_ONLY_EXPANSION,ROLE_CATEGORY_ONLY;IDENTITY_LABEL;NO_EVENT_OUTCOME;NO_CHRONOLOGY;NO_PAIRABILITY;NO_ASTROLOGY;NO_CONTROL,Zucchero1955,Zucchero,male,1955-09-25,18:15,+01:00,1955,"Reggio Emilia, Italy",10.628,44.696,True,False,True,V5_ROLE_ONLY_EXPANSION,False,False
STATUS,politician,Q82955,Q5327,Adolf Butenandt,adolfbutenandt,,V5_WIKIDATA_ROLE_ONLY_EXPANSION,ROLE_CATEGORY_ONLY;IDENTITY_LABEL;NO_EVENT_OUTCOME;NO_CHRONOLOGY;NO_PAIRABILITY;NO_ASTROLOGY;NO_CONTROL,AdolfButenandt1903,Adolf Butenandt,male,1903-03-24,22:00,+01:00,1903,"Bremerhaven, Germany",8.583,53.539,True,False,True,V5_ROLE_ONLY_EXPANSION,False,False
STATUS,politician,Q82955,Q28085,Adolf Eichmann,adolfeichmann,,V5_WIKIDATA_ROLE_ONLY_EXPANSION,ROLE_CATEGORY_ONLY;IDENTITY_LABEL;NO_EVENT_OUTCOME;NO_CHRONOLOGY;NO_PAIRABILITY;NO_ASTROLOGY;NO_CONTROL,AdolfEichmann1906,Adolf Eichmann,male,1906-03-19,19:30,+01:00,1906,"Solingen, Germany",7.084,51.172,True,False,True,V5_ROLE_ONLY_EXPANSION,False,False
STATUS,politician,Q82955,Q12950,Alain Poher,alainpoher,,V5_WIKIDATA_ROLE_ONLY_EXPANSION,ROLE_CATEGORY_ONLY;IDENTITY_LABEL;NO_EVENT_OUTCOME;NO_CHRONOLOGY;NO_PAIRABILITY;NO_ASTROLOGY;NO_CONTROL,AlainPoher1909,Alain Poher,male,1909-04-17,08:00,+00:09,1909,"Ablon-sur-Seine, France",2.418,48.722,True,False,True,V5_ROLE_ONLY_EXPANSION,False,False
STATUS,businessperson,Q43845,Q461249,Alessandro Benetton,alessandrobenetton,,V5_WIKIDATA_ROLE_ONLY_EXPANSION,ROLE_CATEGORY_ONLY;IDENTITY_LABEL;NO_EVENT_OUTCOME;NO_CHRONOLOGY;NO_PAIRABILITY;NO_ASTROLOGY;NO_CONTROL,AlessandroBenetton1964,Alessandro Benetton,male,1964-03-02,11:00,+01:00,1964,"Treviso, Italy",12.242,45.666,True,False,True,V5_ROLE_ONLY_EXPANSION,False,False
STATUS,politician,Q82955,Q61577,Andrea Ypsilanti,andreaypsilanti,,V5_WIKIDATA_ROLE_ONLY_EXPANSION,ROLE_CATEGORY_ONLY;IDENTITY_LABEL;NO_EVENT_OUTCOME;NO_CHRONOLOGY;NO_PAIRABILITY;NO_ASTROLOGY;NO_CONTROL,AndreaYpsilanti1957,Andrea Ypsilanti,female,1957-04-08,03:45,+01:00,1957,"Rüsselsheim am Main, Germany",8.411,49.995,True,False,True,V5_ROLE_ONLY_EXPANSION,False,False
STATUS,businessperson,Q43845,Q465447,André Courrèges,andrecourreges,,V5_WIKIDATA_ROLE_ONLY_EXPANSION,ROLE_CATEGORY_ONLY;IDENTITY_LABEL;NO_EVENT_OUTCOME;NO_CHRONOLOGY;NO_PAIRABILITY;NO_ASTROLOGY;NO_CONTROL,AndréCourrèges1923,André Courrèges,male,1923-03-09,10:45,+00:00,1923,"Pau, France",-0.375,43.298,True,False,True,V5_ROLE_ONLY_EXPANSION,False,False
STATUS,businessperson,Q43845,Q448596,Andrée Putman,andreeputman,,V5_WIKIDATA_ROLE_ONLY_EXPANSION,ROLE_CATEGORY_ONLY;IDENTITY_LABEL;NO_EVENT_OUTCOME;NO_CHRONOLOGY;NO_PAIRABILITY;NO_ASTROLOGY;NO_CONTROL,AndréePutman1925,Andrée Putman,female,1925-12-23,11:45,+00:00,1925,"Paris, France",2.351,48.857,True,False,True,V5_ROLE_ONLY_EXPANSION,False,False
STATUS,businessperson,Q43845,Q469310,Anne Lauvergeon,annelauvergeon,,V5_WIKIDATA_ROLE_ONLY_EXPANSION,ROLE_CATEGORY_ONLY;IDENTITY_LABEL;NO_EVENT_OUTCOME;NO_CHRONOLOGY;NO_PAIRABILITY;NO_ASTROLOGY;NO_CONTROL,AnneLauvergeon1959,Anne Lauvergeon,female,1959-08-02,06:00,+01:00,1959,"Dijon, France",5.044,47.327,True,False,True,V5_ROLE_ONLY_EXPANSION,False,False
STATUS,politician,Q82955,Q11171,Anthony Kennedy,anthonykennedy,,V5_WIKIDATA_ROLE_ONLY_EXPANSION,ROLE_CATEGORY_ONLY;IDENTITY_LABEL;NO_EVENT_OUTCOME;NO_CHRONOLOGY;NO_PAIRABILITY;NO_ASTROLOGY;NO_CONTROL,AnthonyKennedy1936,Anthony Kennedy,male,1936-07-23,23:28,-08:00,1936,"Sacramento, CA, United States",-121.495,38.577,True,False,True,V5_ROLE_ONLY_EXPANSION,False,False
STATUS,politician,Q82955,Q60574,Artur Axmann,arturaxmann,,V5_WIKIDATA_ROLE_ONLY_EXPANSION,ROLE_CATEGORY_ONLY;IDENTITY_LABEL;NO_EVENT_OUTCOME;NO_CHRONOLOGY;NO_PAIRABILITY;NO_ASTROLOGY;NO_CONTROL,ArturAxmann1913,Artur Axmann,male,1913-02-18,22:15,+01:00,1913,"Hagen, Germany",7.463,51.362,True,False,True,V5_ROLE_ONLY_EXPANSION,False,False
STATUS,businessperson,Q43845,Q32055,Bernard Arnault,bernardarnault,,V5_WIKIDATA_ROLE_ONLY_EXPANSION,ROLE_CATEGORY_ONLY;IDENTITY_LABEL;NO_EVENT_OUTCOME;NO_CHRONOLOGY;NO_PAIRABILITY;NO_ASTROLOGY;NO_CONTROL,BernardArnault1949,Bernard Arnault,male,1949-03-05,17:00,+01:00,1949,"Roubaix, France",3.173,50.691,True,False,True,V5_ROLE_ONLY_EXPANSION,False,False
STATUS,politician,Q82955,Q62279,Björn Engholm,bjornengholm,,V5_WIKIDATA_ROLE_ONLY_EXPANSION,ROLE_CATEGORY_ONLY;IDENTITY_LABEL;NO_EVENT_OUTCOME;NO_CHRONOLOGY;NO_PAIRABILITY;NO_ASTROLOGY;NO_CONTROL,BjörnEngholm1939,Björn Engholm,male,1939-11-09,05:20,+01:00,1939,"Lübeck, Germany",10.688,53.87,True,False,True,V5_ROLE_ONLY_EXPANSION,False,False
STATUS,businessperson,Q43845,Q172255,Bobby Rahal,bobbyrahal,,V5_WIKIDATA_ROLE_ONLY_EXPANSION,ROLE_CATEGORY_ONLY;IDENTITY_LABEL;NO_EVENT_OUTCOME;NO_CHRONOLOGY;NO_PAIRABILITY;NO_ASTROLOGY;NO_CONTROL,BobbyRahal1953,Bobby Rahal,male,1953-01-10,13:27,-05:00,1953,"Medina, OH, United States",-81.864,41.136,True,False,True,V5_ROLE_ONLY_EXPANSION,False,False
STATUS,politician,Q82955,Q26853,Camilo Cienfuegos,camilocienfuegos,,V5_WIKIDATA_ROLE_ONLY_EXPANSION,ROLE_CATEGORY_ONLY;IDENTITY_LABEL;NO_EVENT_OUTCOME;NO_CHRONOLOGY;NO_PAIRABILITY;NO_ASTROLOGY;NO_CONTROL,CamiloCienfuegos1932,Camilo Cienfuegos,male,1932-02-06,07:00,-05:00,1932,"Havana, Havana, Cuba",-82.39,23.128,True,False,True,V5_ROLE_ONLY_EXPANSION,False,False
STATUS,businessperson,Q43845,Q123638,Carlo De Benedetti,carlodebenedetti,,V5_WIKIDATA_ROLE_ONLY_EXPANSION,ROLE_CATEGORY_ONLY;IDENTITY_LABEL;NO_EVENT_OUTCOME;NO_CHRONOLOGY;NO_PAIRABILITY;NO_ASTROLOGY;NO_CONTROL,CarloDeBenedetti1934,Carlo De Benedetti,male,1934-11-14,22:30,+01:00,1934,"Turin, Italy",7.683,45.068,True,False,True,V5_ROLE_ONLY_EXPANSION,False,False
STATUS,businessperson,Q43845,Q1066474,Charles Wilson,charleswilson,,V5_WIKIDATA_ROLE_ONLY_EXPANSION,ROLE_CATEGORY_ONLY;IDENTITY_LABEL;NO_EVENT_OUTCOME;NO_CHRONOLOGY;NO_PAIRABILITY;NO_ASTROLOGY;NO_CONTROL,CharlesWilson1909,Charles Wilson,male,1909-05-16,06:00,+00:00,1909,"Glasgow, United Kingdom",-4.257,55.866,True,False,True,V5_ROLE_ONLY_EXPANSION,False,False
STATUS,businessperson,Q43845,Q159694,Christian Dior,christiandior,,V5_WIKIDATA_ROLE_ONLY_EXPANSION,ROLE_CATEGORY_ONLY;IDENTITY_LABEL;NO_EVENT_OUTCOME;NO_CHRONOLOGY;NO_PAIRABILITY;NO_ASTROLOGY;NO_CONTROL,ChristianDior1905,Christian Dior,male,1905-01-21,01:30,+00:09,1905,"Granville, France",-1.598,48.838,True,False,True,V5_ROLE_ONLY_EXPANSION,False,False
STATUS,businessperson,Q43845,Q509163,Christie Hefner,christiehefner,,V5_WIKIDATA_ROLE_ONLY_EXPANSION,ROLE_CATEGORY_ONLY;IDENTITY_LABEL;NO_EVENT_OUTCOME;NO_CHRONOLOGY;NO_PAIRABILITY;NO_ASTROLOGY;NO_CONTROL,ChristieHefner1952,Christie Hefner,female,1952-11-08,16:32,-06:00,1952,"Chicago, IL, United States",-87.632,41.883,True,False,True,V5_ROLE_ONLY_EXPANSION,False,False
STATUS,businessperson,Q43845,Q241812,Christina Onassis,christinaonassis,,V5_WIKIDATA_ROLE_ONLY_EXPANSION,ROLE_CATEGORY_ONLY;IDENTITY_LABEL;NO_EVENT_OUTCOME;NO_CHRONOLOGY;NO_PAIRABILITY;NO_ASTROLOGY;NO_CONTROL,ChristinaOnassis1950,Christina Onassis,female,1950-12-11,15:00,-05:00,1950,"New York, NY, United States",-74.007,40.713,True,False,True,V5_ROLE_ONLY_EXPANSION,False,False
STATUS,politician,Q82955,Q11142,Clarence Thomas,clarencethomas,,V5_WIKIDATA_ROLE_ONLY_EXPANSION,ROLE_CATEGORY_ONLY;IDENTITY_LABEL;NO_EVENT_OUTCOME;NO_CHRONOLOGY;NO_PAIRABILITY;NO_ASTROLOGY;NO_CONTROL,ClarenceThomas1948,Clarence Thomas,male,1948-06-23,21:00,-04:00,1948,"Montgomery, GA, United States",-81.113,31.945,True,False,True,V5_ROLE_ONLY_EXPANSION,False,False
STATUS,businessperson,Q43845,Q711826,Daniel Hechter,danielhechter,,V5_WIKIDATA_ROLE_ONLY_EXPANSION,ROLE_CATEGORY_ONLY;IDENTITY_LABEL;NO_EVENT_OUTCOME;NO_CHRONOLOGY;NO_PAIRABILITY;NO_ASTROLOGY;NO_CONTROL,DanielHechter1938,Daniel Hechter,male,1938-07-30,14:30,+01:00,1938,"Paris, France",2.351,48.857,True,False,True,V5_ROLE_ONLY_EXPANSION,False,False
STATUS,businessperson,Q43845,Q723358,Daniel Wildenstein,danielwildenstein,,V5_WIKIDATA_ROLE_ONLY_EXPANSION,ROLE_CATEGORY_ONLY;IDENTITY_LABEL;NO_EVENT_OUTCOME;NO_CHRONOLOGY;NO_PAIRABILITY;NO_ASTROLOGY;NO_CONTROL,DanielWildenstein1917,Daniel Wildenstein,male,1917-09-11,18:00,+01:00,1917,"Verrières-le-Buisson, France",2.267,48.746,True,False,True,V5_ROLE_ONLY_EXPANSION,False,False
STATUS,businessperson,Q43845,Q49214,Dan Quayle,danquayle,,V5_WIKIDATA_ROLE_ONLY_EXPANSION,ROLE_CATEGORY_ONLY;IDENTITY_LABEL;NO_EVENT_OUTCOME;NO_CHRONOLOGY;NO_PAIRABILITY;NO_ASTROLOGY;NO_CONTROL,DanQuayle1947,Dan Quayle,male,1947-02-04,11:48,-06:00,1947,"Indianapolis, IN, United States",-86.156,39.768,True,False,True,V5_ROLE_ONLY_EXPANSION,False,False
STATUS,businessperson,Q43845,Q1186569,Demos Shakarian,demosshakarian,,V5_WIKIDATA_ROLE_ONLY_EXPANSION,ROLE_CATEGORY_ONLY;IDENTITY_LABEL;NO_EVENT_OUTCOME;NO_CHRONOLOGY;NO_PAIRABILITY;NO_ASTROLOGY;NO_CONTROL,DemosShakarian1913,Demos Shakarian,male,1913-07-21,09:25,-08:00,1913,"Los Angeles, CA, United States",-118.243,34.052,True,False,True,V5_ROLE_ONLY_EXPANSION,False,False
STATUS,businessperson,Q43845,Q1200131,Derek Shulman,derekshulman,,V5_WIKIDATA_ROLE_ONLY_EXPANSION,ROLE_CATEGORY_ONLY;IDENTITY_LABEL;NO_EVENT_OUTCOME;NO_CHRONOLOGY;NO_PAIRABILITY;NO_ASTROLOGY;NO_CONTROL,DerekShulman1947,Derek Shulman,male,1947-02-11,03:05,+00:00,1947,"Glasgow, United Kingdom",-4.257,55.866,True,False,True,V5_ROLE_ONLY_EXPANSION,False,False
STATUS,politician,Q82955,Q57667,Desi Bouterse,desibouterse,,V5_WIKIDATA_ROLE_ONLY_EXPANSION,ROLE_CATEGORY_ONLY;IDENTITY_LABEL;NO_EVENT_OUTCOME;NO_CHRONOLOGY;NO_PAIRABILITY;NO_ASTROLOGY;NO_CONTROL,DesiBouterse1945,Desi Bouterse,male,1945-10-13,07:05,+02:00,1945,"Dornburg, Germany",8.025,50.503,True,False,True,V5_ROLE_ONLY_EXPANSION,False,False
STATUS,businessperson,Q43845,Q272438,Diane von Fürstenberg,dianevonfurstenberg,,V5_WIKIDATA_ROLE_ONLY_EXPANSION,ROLE_CATEGORY_ONLY;IDENTITY_LABEL;NO_EVENT_OUTCOME;NO_CHRONOLOGY;NO_PAIRABILITY;NO_ASTROLOGY;NO_CONTROL,DianevonFürstenberg1946,Diane von Fürstenberg,female,1946-12-31,03:30,+01:00,1946,"Brussels, Belgium",4.356,50.846,True,False,True,V5_ROLE_ONLY_EXPANSION,False,False
STATUS,businessperson,Q43845,Q2523237,Didier Bellens,didierbellens,,V5_WIKIDATA_ROLE_ONLY_EXPANSION,ROLE_CATEGORY_ONLY;IDENTITY_LABEL;NO_EVENT_OUTCOME;NO_CHRONOLOGY;NO_PAIRABILITY;NO_ASTROLOGY;NO_CONTROL,DidierBellens1955,Didier Bellens,male,1955-06-09,03:00,+01:00,1955,"Ixelles, Brussels, Belgium",4.372,50.828,True,False,True,V5_ROLE_ONLY_EXPANSION,False,False
STATUS,businessperson,Q43845,Q229437,Donatella Versace,donatellaversace,,V5_WIKIDATA_ROLE_ONLY_EXPANSION,ROLE_CATEGORY_ONLY;IDENTITY_LABEL;NO_EVENT_OUTCOME;NO_CHRONOLOGY;NO_PAIRABILITY;NO_ASTROLOGY;NO_CONTROL,DonatellaVersace1955,Donatella Versace,female,1955-05-02,05:00,+01:00,1955,"Reggio Calabria, Italy",15.65,38.115,True,False,True,V5_ROLE_ONLY_EXPANSION,False,False
STATUS,businessperson,Q43845,Q295873,Edgar Mitchell,edgarmitchell,,V5_WIKIDATA_ROLE_ONLY_EXPANSION,ROLE_CATEGORY_ONLY;IDENTITY_LABEL;NO_EVENT_OUTCOME;NO_CHRONOLOGY;NO_PAIRABILITY;NO_ASTROLOGY;NO_CONTROL,EdgarMitchell1930,Edgar Mitchell,male,1930-09-17,04:30,-05:00,1930,"Hereford, TX, United States",-102.406,34.822,True,False,True,V5_ROLE_ONLY_EXPANSION,False,False
STATUS,businessperson,Q43845,Q2511448,Édouard Leclerc,edouardleclerc,,V5_WIKIDATA_ROLE_ONLY_EXPANSION,ROLE_CATEGORY_ONLY;IDENTITY_LABEL;NO_EVENT_OUTCOME;NO_CHRONOLOGY;NO_PAIRABILITY;NO_ASTROLOGY;NO_CONTROL,EdouardLeclerc1926,Edouard Leclerc,male,1926-11-20,10:00,+00:00,1926,"Landerneau, France",-4.252,48.454,True,False,True,V5_ROLE_ONLY_EXPANSION,False,False
STATUS,businessperson,Q43845,Q466740,Emma Marcegaglia,emmamarcegaglia,,V5_WIKIDATA_ROLE_ONLY_EXPANSION,ROLE_CATEGORY_ONLY;IDENTITY_LABEL;NO_EVENT_OUTCOME;NO_CHRONOLOGY;NO_PAIRABILITY;NO_ASTROLOGY;NO_CONTROL,EmmaMarcegaglia1965,Emma Marcegaglia,female,1965-12-24,23:20,+01:00,1965,"Mantua, Italy",10.798,45.16,True,False,True,V5_ROLE_ONLY_EXPANSION,False,False
STATUS,businessperson,Q43845,Q557795,Enrico Mattei,enricomattei,,V5_WIKIDATA_ROLE_ONLY_EXPANSION,ROLE_CATEGORY_ONLY;IDENTITY_LABEL;NO_EVENT_OUTCOME;NO_CHRONOLOGY;NO_PAIRABILITY;NO_ASTROLOGY;NO_CONTROL,EnricoMattei1906,Enrico Mattei,male,1906-04-29,22:00,+01:00,1906,"Acqualagna, Italy",12.673,43.619,True,False,True,V5_ROLE_ONLY_EXPANSION,False,False
STATUS,politician,Q82955,Q2607,Erich Honecker,erichhonecker,,V5_WIKIDATA_ROLE_ONLY_EXPANSION,ROLE_CATEGORY_ONLY;IDENTITY_LABEL;NO_EVENT_OUTCOME;NO_CHRONOLOGY;NO_PAIRABILITY;NO_ASTROLOGY;NO_CONTROL,ErichHonecker1912,Erich Honecker,male,1912-08-25,18:00,+01:00,1912,"Neunkirchen, Germany",7.18,49.344,True,False,True,V5_ROLE_ONLY_EXPANSION,False,False
STATUS,politician,Q82955,Q62185,Erich Ollenhauer,erichollenhauer,,V5_WIKIDATA_ROLE_ONLY_EXPANSION,ROLE_CATEGORY_ONLY;IDENTITY_LABEL;NO_EVENT_OUTCOME;NO_CHRONOLOGY;NO_PAIRABILITY;NO_ASTROLOGY;NO_CONTROL,ErichOllenhauer1901,Erich Ollenhauer,male,1901-03-27,10:00,+01:00,1901,"Bonn, Germany",7.096,50.733,True,False,True,V5_ROLE_ONLY_EXPANSION,False,False
STATUS,businessperson,Q43845,Q658874,Ernest Gallo,ernestgallo,,V5_WIKIDATA_ROLE_ONLY_EXPANSION,ROLE_CATEGORY_ONLY;IDENTITY_LABEL;NO_EVENT_OUTCOME;NO_CHRONOLOGY;NO_PAIRABILITY;NO_ASTROLOGY;NO_CONTROL,ErnestGallo1909,Ernest Gallo,male,1909-03-18,19:15,-08:00,1909,"Jackson, CA, United States",-120.772,38.348,True,False,True,V5_ROLE_ONLY_EXPANSION,False,False
STATUS,politician,Q82955,Q78473,Ernst Kaltenbrunner,ernstkaltenbrunner,,V5_WIKIDATA_ROLE_ONLY_EXPANSION,ROLE_CATEGORY_ONLY;IDENTITY_LABEL;NO_EVENT_OUTCOME;NO_CHRONOLOGY;NO_PAIRABILITY;NO_ASTROLOGY;NO_CONTROL,ErnstKaltenbrunner1903,Ernst Kaltenbrunner,male,1903-10-04,03:15,+01:00,1903,"Ried im Innkreis, Austria",13.487,48.208,True,False,True,V5_ROLE_ONLY_EXPANSION,False,False
STATUS,businessperson,Q43845,Q613028,Franco Bordoni,francobordoni,,V5_WIKIDATA_ROLE_ONLY_EXPANSION,ROLE_CATEGORY_ONLY;IDENTITY_LABEL;NO_EVENT_OUTCOME;NO_CHRONOLOGY;NO_PAIRABILITY;NO_ASTROLOGY;NO_CONTROL,FrancoBordoni1913,Franco Bordoni,male,1913-01-18,18:40,+01:00,1913,"Milan, Italy",9.188,45.464,True,False,True,V5_ROLE_ONLY_EXPANSION,False,False
STATUS,politician,Q82955,Q12963,François Bayrou,francoisbayrou,,V5_WIKIDATA_ROLE_ONLY_EXPANSION,ROLE_CATEGORY_ONLY;IDENTITY_LABEL;NO_EVENT_OUTCOME;NO_CHRONOLOGY;NO_PAIRABILITY;NO_ASTROLOGY;NO_CONTROL,FrançoisBayrou1951,François Bayrou,male,1951-05-25,16:00,+01:00,1951,"Bordères-sur-l'Échez, France",0.051,43.259,True,False,True,V5_ROLE_ONLY_EXPANSION,False,False
STATUS,politician,Q82955,Q101410,François Fillon,francoisfillon,,V5_WIKIDATA_ROLE_ONLY_EXPANSION,ROLE_CATEGORY_ONLY;IDENTITY_LABEL;NO_EVENT_OUTCOME;NO_CHRONOLOGY;NO_PAIRABILITY;NO_ASTROLOGY;NO_CONTROL,FrançoisFillon1954,François Fillon,male,1954-03-04,21:15,+01:00,1954,"Le Mans, France",0.199,48.008,True,False,True,V5_ROLE_ONLY_EXPANSION,False,False
STATUS,businessperson,Q43845,Q1443680,Frank Lorenzo,franklorenzo,,V5_WIKIDATA_ROLE_ONLY_EXPANSION,ROLE_CATEGORY_ONLY;IDENTITY_LABEL;NO_EVENT_OUTCOME;NO_CHRONOLOGY;NO_PAIRABILITY;NO_ASTROLOGY;NO_CONTROL,FrankLorenzo1940,Frank Lorenzo,male,1940-05-19,13:15,-04:00,1940,"New York, NY, United States",-74.007,40.713,True,False,True,V5_ROLE_ONLY_EXPANSION,False,False
STATUS,politician,Q82955,Q58609,Franz Müntefering,franzmuntefering,,V5_WIKIDATA_ROLE_ONLY_EXPANSION,ROLE_CATEGORY_ONLY;IDENTITY_LABEL;NO_EVENT_OUTCOME;NO_CHRONOLOGY;NO_PAIRABILITY;NO_ASTROLOGY;NO_CONTROL,FranzMüntefering1940,Franz Müntefering,male,1940-01-16,13:00,+01:00,1940,"Arnsberg, Germany",8.069,51.395,True,False,True,V5_ROLE_ONLY_EXPANSION,False,False
STATUS,politician,Q82955,Q78931,Franz Stangl,franzstangl,,V5_WIKIDATA_ROLE_ONLY_EXPANSION,ROLE_CATEGORY_ONLY;IDENTITY_LABEL;NO_EVENT_OUTCOME;NO_CHRONOLOGY;NO_PAIRABILITY;NO_ASTROLOGY;NO_CONTROL,FranzStangl1908,Franz Stangl,male,1908-03-26,23:30,+01:00,1908,"Altmünster, Austria",13.765,47.901,True,False,True,V5_ROLE_ONLY_EXPANSION,False,False
STATUS,businessperson,Q43845,Q1452788,Frederick Barclay,frederickbarclay,,V5_WIKIDATA_ROLE_ONLY_EXPANSION,ROLE_CATEGORY_ONLY;IDENTITY_LABEL;NO_EVENT_OUTCOME;NO_CHRONOLOGY;NO_PAIRABILITY;NO_ASTROLOGY;NO_CONTROL,FrederickBarclay1934,Frederick Barclay,male,1934-10-27,18:10,+00:00,1934,"London, United Kingdom",-0.126,51.5,True,False,True,V5_ROLE_ONLY_EXPANSION,False,False
STATUS,politician,Q82955,Q61533,Fritz Fischer,fritzfischer,,V5_WIKIDATA_ROLE_ONLY_EXPANSION,ROLE_CATEGORY_ONLY;IDENTITY_LABEL;NO_EVENT_OUTCOME;NO_CHRONOLOGY;NO_PAIRABILITY;NO_ASTROLOGY;NO_CONTROL,FritzFischer1908,Fritz Fischer,male,1908-03-05,20:00,+01:00,1908,"Ludwigsstadt, Germany",11.389,50.485,True,False,True,V5_ROLE_ONLY_EXPANSION,False,False
STATUS,politician,Q82955,Q14999,Gaston Eyskens,gastoneyskens,,V5_WIKIDATA_ROLE_ONLY_EXPANSION,ROLE_CATEGORY_ONLY;IDENTITY_LABEL;NO_EVENT_OUTCOME;NO_CHRONOLOGY;NO_PAIRABILITY;NO_ASTROLOGY;NO_CONTROL,GastonEyskens1905,Gaston Eyskens,male,1905-04-01,14:30,+00:00,1905,"Lier, Belgium",4.574,51.13,True,False,True,V5_ROLE_ONLY_EXPANSION,False,False
STATUS,politician,Q82955,Q2185,Georges Pompidou,georgespompidou,,V5_WIKIDATA_ROLE_ONLY_EXPANSION,ROLE_CATEGORY_ONLY;IDENTITY_LABEL;NO_EVENT_OUTCOME;NO_CHRONOLOGY;NO_PAIRABILITY;NO_ASTROLOGY;NO_CONTROL,GeorgesPompidou1911,Georges Pompidou,male,1911-07-05,07:30,+00:00,1911,"Montboudif, France",2.732,45.371,True,False,True,V5_ROLE_ONLY_EXPANSION,False,False
STATUS,businessperson,Q43845,Q220210,George Steinbrenner,georgesteinbrenner,,V5_WIKIDATA_ROLE_ONLY_EXPANSION,ROLE_CATEGORY_ONLY;IDENTITY_LABEL;NO_EVENT_OUTCOME;NO_CHRONOLOGY;NO_PAIRABILITY;NO_ASTROLOGY;NO_CONTROL,GeorgeSteinbrenner1930,George Steinbrenner,male,1930-07-04,21:00,-04:00,1930,"Rocky River, OH, United States",-81.853,41.467,True,False,True,V5_ROLE_ONLY_EXPANSION,False,False
STATUS,businessperson,Q43845,Q207,George W. Bush,georgewbush,,V5_WIKIDATA_ROLE_ONLY_EXPANSION,ROLE_CATEGORY_ONLY;IDENTITY_LABEL;NO_EVENT_OUTCOME;NO_CHRONOLOGY;NO_PAIRABILITY;NO_ASTROLOGY;NO_CONTROL,GeorgeW.Bush1946,George W. Bush,male,1946-07-06,07:26,-04:00,1946,"New Haven, CT, United States",-72.924,41.308,True,False,True,V5_ROLE_ONLY_EXPANSION,False,False
STATUS,politician,Q82955,Q62237,Georg Leber,georgleber,,V5_WIKIDATA_ROLE_ONLY_EXPANSION,ROLE_CATEGORY_ONLY;IDENTITY_LABEL;NO_EVENT_OUTCOME;NO_CHRONOLOGY;NO_PAIRABILITY;NO_ASTROLOGY;NO_CONTROL,GeorgLeber1920,Georg Leber,male,1920-10-07,08:20,+01:00,1920,"Beselich, Germany",8.12,50.458,True,False,True,V5_ROLE_ONLY_EXPANSION,False,False
STATUS,politician,Q82955,Q78109,Gerd Bucerius,gerdbucerius,,V5_WIKIDATA_ROLE_ONLY_EXPANSION,ROLE_CATEGORY_ONLY;IDENTITY_LABEL;NO_EVENT_OUTCOME;NO_CHRONOLOGY;NO_PAIRABILITY;NO_ASTROLOGY;NO_CONTROL,GerdBucerius1906,Gerd Bucerius,male,1906-05-19,20:00,+01:00,1906,"Hamm, Germany",7.817,51.68,True,False,True,V5_ROLE_ONLY_EXPANSION,False,False
STATUS,politician,Q82955,Q85516,Gerd Müller,gerdmuller,,V5_WIKIDATA_ROLE_ONLY_EXPANSION,ROLE_CATEGORY_ONLY;IDENTITY_LABEL;NO_EVENT_OUTCOME;NO_CHRONOLOGY;NO_PAIRABILITY;NO_ASTROLOGY;NO_CONTROL,GerdMuller1945,Gerd Muller,male,1945-11-03,01:00,+02:00,1945,"Nördlingen, Germany",10.49,48.851,True,False,True,V5_ROLE_ONLY_EXPANSION,False,False
STATUS,politician,Q82955,Q2530,Gerhard Schröder,gerhardschroder,,V5_WIKIDATA_ROLE_ONLY_EXPANSION,ROLE_CATEGORY_ONLY;IDENTITY_LABEL;NO_EVENT_OUTCOME;NO_CHRONOLOGY;NO_PAIRABILITY;NO_ASTROLOGY;NO_CONTROL,GerhardSchröder1944,Gerhard Schröder,male,1944-04-07,22:00,+02:00,1944,"Blomberg, Germany",9.097,51.943,True,False,True,V5_ROLE_ONLY_EXPANSION,False,False
STATUS,politician,Q82955,Q62214,Gerhard Stoltenberg,gerhardstoltenberg,,V5_WIKIDATA_ROLE_ONLY_EXPANSION,ROLE_CATEGORY_ONLY;IDENTITY_LABEL;NO_EVENT_OUTCOME;NO_CHRONOLOGY;NO_PAIRABILITY;NO_ASTROLOGY;NO_CONTROL,GerhardStoltenberg1928,Gerhard Stoltenberg,male,1928-09-29,18:15,+01:00,1928,"Kiel, Germany",10.136,54.323,True,False,True,V5_ROLE_ONLY_EXPANSION,False,False
STATUS,businessperson,Q43845,Q470436,Gianfranco Ferré,gianfrancoferre,,V5_WIKIDATA_ROLE_ONLY_EXPANSION,ROLE_CATEGORY_ONLY;IDENTITY_LABEL;NO_EVENT_OUTCOME;NO_CHRONOLOGY;NO_PAIRABILITY;NO_ASTROLOGY;NO_CONTROL,GianfrancoFerre1944,Gianfranco Ferre,male,1944-08-15,08:15,+02:00,1944,"Legnano, Italy",8.918,45.594,True,False,True,V5_ROLE_ONLY_EXPANSION,False,False
STATUS,politician,Q82955,Q47583,Gianfranco Fini,gianfrancofini,,V5_WIKIDATA_ROLE_ONLY_EXPANSION,ROLE_CATEGORY_ONLY;IDENTITY_LABEL;NO_EVENT_OUTCOME;NO_CHRONOLOGY;NO_PAIRABILITY;NO_ASTROLOGY;NO_CONTROL,GianfrancoFini1952,Gianfranco Fini,male,1952-01-03,20:40,+01:00,1952,"Bologna, Italy",11.347,44.494,True,False,True,V5_ROLE_ONLY_EXPANSION,False,False
STATUS,businessperson,Q43845,Q1346201,Giangiacomo Feltrinelli,giangiacomofeltrinelli,,V5_WIKIDATA_ROLE_ONLY_EXPANSION,ROLE_CATEGORY_ONLY;IDENTITY_LABEL;NO_EVENT_OUTCOME;NO_CHRONOLOGY;NO_PAIRABILITY;NO_ASTROLOGY;NO_CONTROL,GianGiacomoFeltrinelli1926,Gian Giacomo Feltrinelli,male,1926-06-19,05:15,+01:00,1926,"Milan, Italy",9.188,45.464,True,False,True,V5_ROLE_ONLY_EXPANSION,False,False
STATUS,businessperson,Q43845,Q162651,Giorgio Perlasca,giorgioperlasca,,V5_WIKIDATA_ROLE_ONLY_EXPANSION,ROLE_CATEGORY_ONLY;IDENTITY_LABEL;NO_EVENT_OUTCOME;NO_CHRONOLOGY;NO_PAIRABILITY;NO_ASTROLOGY;NO_CONTROL,GiorgioPerlasca1910,Giorgio Perlasca,male,1910-01-31,03:30,+01:00,1910,"Como, Italy",9.086,45.812,True,False,True,V5_ROLE_ONLY_EXPANSION,False,False
STATUS,politician,Q82955,Q1235,Giovanni Leone,giovannileone,,V5_WIKIDATA_ROLE_ONLY_EXPANSION,ROLE_CATEGORY_ONLY;IDENTITY_LABEL;NO_EVENT_OUTCOME;NO_CHRONOLOGY;NO_PAIRABILITY;NO_ASTROLOGY;NO_CONTROL,GiovanniLeone1908,Giovanni Leone,male,1908-11-03,00:30,+01:00,1908,"Naples, Italy",14.253,40.84,True,False,True,V5_ROLE_ONLY_EXPANSION,False,False
STATUS,politician,Q82955,Q69382,Gustav Knuth,gustavknuth,,V5_WIKIDATA_ROLE_ONLY_EXPANSION,ROLE_CATEGORY_ONLY;IDENTITY_LABEL;NO_EVENT_OUTCOME;NO_CHRONOLOGY;NO_PAIRABILITY;NO_ASTROLOGY;NO_CONTROL,GustavKnuth1901,Gustav Knuth,male,1901-07-07,04:00,+01:00,1901,"Brunswick, Germany",10.526,52.264,True,False,True,V5_ROLE_ONLY_EXPANSION,False,False
STATUS,politician,Q82955,Q28531,Guy,guy,,V5_WIKIDATA_ROLE_ONLY_EXPANSION,ROLE_CATEGORY_ONLY;IDENTITY_LABEL;NO_EVENT_OUTCOME;NO_CHRONOLOGY;NO_PAIRABILITY;NO_ASTROLOGY;NO_CONTROL,Guy1974,Guy,male,1974-02-08,09:35,+01:00,1974,"Neuilly-sur-Seine, France",2.273,48.884,True,False,True,V5_ROLE_ONLY_EXPANSION,False,False
STATUS,businessperson,Q43845,Q172174,Guy Ligier,guyligier,,V5_WIKIDATA_ROLE_ONLY_EXPANSION,ROLE_CATEGORY_ONLY;IDENTITY_LABEL;NO_EVENT_OUTCOME;NO_CHRONOLOGY;NO_PAIRABILITY;NO_ASTROLOGY;NO_CONTROL,GuyLigier1930,Guy Ligier,male,1930-07-12,00:20,+01:00,1930,"Vichy, France",3.422,46.123,True,False,True,V5_ROLE_ONLY_EXPANSION,False,False
STATUS,politician,Q82955,Q58620,Hans Fritzsche,hansfritzsche,,V5_WIKIDATA_ROLE_ONLY_EXPANSION,ROLE_CATEGORY_ONLY;IDENTITY_LABEL;NO_EVENT_OUTCOME;NO_CHRONOLOGY;NO_PAIRABILITY;NO_ASTROLOGY;NO_CONTROL,HansFritzsche1900,Hans Fritzsche,male,1900-04-21,01:15,+01:00,1900,"Bochum, Germany",7.212,51.482,True,False,True,V5_ROLE_ONLY_EXPANSION,False,False
STATUS,politician,Q82955,Q39015,Harlem Désir,harlemdesir,,V5_WIKIDATA_ROLE_ONLY_EXPANSION,ROLE_CATEGORY_ONLY;IDENTITY_LABEL;NO_EVENT_OUTCOME;NO_CHRONOLOGY;NO_PAIRABILITY;NO_ASTROLOGY;NO_CONTROL,HarlemDésir1959,Harlem Désir,male,1959-11-25,04:15,+01:00,1959,"Paris, France",2.351,48.857,True,False,True,V5_ROLE_ONLY_EXPANSION,False,False
STATUS,businessperson,Q43845,Q271732,Heidi Fleiss,heidifleiss,,V5_WIKIDATA_ROLE_ONLY_EXPANSION,ROLE_CATEGORY_ONLY;IDENTITY_LABEL;NO_EVENT_OUTCOME;NO_CHRONOLOGY;NO_PAIRABILITY;NO_ASTROLOGY;NO_CONTROL,HeidiFleiss1965,Heidi Fleiss,female,1965-12-30,09:05,-08:00,1965,"Los Angeles, CA, United States",-118.243,34.052,True,False,True,V5_ROLE_ONLY_EXPANSION,False,False
STATUS,politician,Q82955,Q72669,Heinrich Hellwege,heinrichhellwege,,V5_WIKIDATA_ROLE_ONLY_EXPANSION,ROLE_CATEGORY_ONLY;IDENTITY_LABEL;NO_EVENT_OUTCOME;NO_CHRONOLOGY;NO_PAIRABILITY;NO_ASTROLOGY;NO_CONTROL,HeinrichHellwege1908,Heinrich Hellwege,male,1908-08-18,21:30,+01:00,1908,"Neuenkirchen-Vörden, Deutschland",8.069,52.51,True,False,True,V5_ROLE_ONLY_EXPANSION,False,False
STATUS,politician,Q82955,Q60954,Heinrich von Brentano,heinrichvonbrentano,,V5_WIKIDATA_ROLE_ONLY_EXPANSION,ROLE_CATEGORY_ONLY;IDENTITY_LABEL;NO_EVENT_OUTCOME;NO_CHRONOLOGY;NO_PAIRABILITY;NO_ASTROLOGY;NO_CONTROL,HeinrichvonBrentano1904,Heinrich von Brentano,male,1904-06-20,13:05,+01:00,1904,"Offenbach am Main, Germany",8.759,50.105,True,False,True,V5_ROLE_ONLY_EXPANSION,False,False
STATUS,businessperson,Q43845,Q254738,Helen Gurley Brown,helengurleybrown,,V5_WIKIDATA_ROLE_ONLY_EXPANSION,ROLE_CATEGORY_ONLY;IDENTITY_LABEL;NO_EVENT_OUTCOME;NO_CHRONOLOGY;NO_PAIRABILITY;NO_ASTROLOGY;NO_CONTROL,HelenGurleyBrown1922,Helen Gurley Brown,female,1922-02-18,03:00,-06:00,1922,"Green Forest, AR, United States",-93.436,36.335,True,False,True,V5_ROLE_ONLY_EXPANSION,False,False
STATUS,politician,Q82955,Q77095,Herbert Wehner,herbertwehner,,V5_WIKIDATA_ROLE_ONLY_EXPANSION,ROLE_CATEGORY_ONLY;IDENTITY_LABEL;NO_EVENT_OUTCOME;NO_CHRONOLOGY;NO_PAIRABILITY;NO_ASTROLOGY;NO_CONTROL,HerbertWehner1906,Herbert Wehner,male,1906-07-11,01:08,+01:00,1906,"Dresden, Germany",13.734,51.051,True,False,True,V5_ROLE_ONLY_EXPANSION,False,False
STATUS,politician,Q82955,Q57676,Hermann Fegelein,hermannfegelein,,V5_WIKIDATA_ROLE_ONLY_EXPANSION,ROLE_CATEGORY_ONLY;IDENTITY_LABEL;NO_EVENT_OUTCOME;NO_CHRONOLOGY;NO_PAIRABILITY;NO_ASTROLOGY;NO_CONTROL,HermannFegelein1906,Hermann Fegelein,male,1906-10-30,09:00,+01:00,1906,"Ansbach, Germany",10.571,49.301,True,False,True,V5_ROLE_ONLY_EXPANSION,False,False
STATUS,politician,Q82955,Q12983,Herman Van Rompuy,hermanvanrompuy,,V5_WIKIDATA_ROLE_ONLY_EXPANSION,ROLE_CATEGORY_ONLY;IDENTITY_LABEL;NO_EVENT_OUTCOME;NO_CHRONOLOGY;NO_PAIRABILITY;NO_ASTROLOGY;NO_CONTROL,HermanVanRompuy1947,Herman Van Rompuy,male,1947-10-31,13:15,+01:00,1947,"Etterbeek, Brussels, Belgium",4.387,50.837,True,False,True,V5_ROLE_ONLY_EXPANSION,False,False
STATUS,politician,Q82955,Q57163,Horst Wessel,horstwessel,,V5_WIKIDATA_ROLE_ONLY_EXPANSION,ROLE_CATEGORY_ONLY;IDENTITY_LABEL;NO_EVENT_OUTCOME;NO_CHRONOLOGY;NO_PAIRABILITY;NO_ASTROLOGY;NO_CONTROL,HorstWessel1907,Horst Wessel,male,1907-10-09,19:30,+01:00,1907,"Bielefeld, Germany",8.533,52.023,True,False,True,V5_ROLE_ONLY_EXPANSION,False,False
STATUS,businessperson,Q43845,Q167318,Hubert de Givenchy,hubertdegivenchy,,V5_WIKIDATA_ROLE_ONLY_EXPANSION,ROLE_CATEGORY_ONLY;IDENTITY_LABEL;NO_EVENT_OUTCOME;NO_CHRONOLOGY;NO_PAIRABILITY;NO_ASTROLOGY;NO_CONTROL,HubertdeGivenchy1927,Hubert de Givenchy,male,1927-02-20,11:30,+00:00,1927,"Beauvais, France",2.081,49.429,True,False,True,V5_ROLE_ONLY_EXPANSION,False,False
STATUS,businessperson,Q43845,Q331497,Jack Parsons,jackparsons,,V5_WIKIDATA_ROLE_ONLY_EXPANSION,ROLE_CATEGORY_ONLY;IDENTITY_LABEL;NO_EVENT_OUTCOME;NO_CHRONOLOGY;NO_PAIRABILITY;NO_ASTROLOGY;NO_CONTROL,JackParsons1914,Jack Parsons,male,1914-10-02,20:45,-08:00,1914,"Los Angeles, CA, United States",-118.243,34.052,True,False,True,V5_ROLE_ONLY_EXPANSION,False,False
STATUS,businessperson,Q43845,Q1380767,Jack Valenti,jackvalenti,,V5_WIKIDATA_ROLE_ONLY_EXPANSION,ROLE_CATEGORY_ONLY;IDENTITY_LABEL;NO_EVENT_OUTCOME;NO_CHRONOLOGY;NO_PAIRABILITY;NO_ASTROLOGY;NO_CONTROL,JackValenti1921,Jack Valenti,male,1921-09-05,20:30,-05:00,1921,"Houston, TX, United States",-95.37,29.761,True,False,True,V5_ROLE_ONLY_EXPANSION,False,False
STATUS,businessperson,Q43845,Q561358,Jacques Goddet,jacquesgoddet,,V5_WIKIDATA_ROLE_ONLY_EXPANSION,ROLE_CATEGORY_ONLY;IDENTITY_LABEL;NO_EVENT_OUTCOME;NO_CHRONOLOGY;NO_PAIRABILITY;NO_ASTROLOGY;NO_CONTROL,JacquesGoddet1905,Jacques Goddet,male,1905-06-21,08:00,+00:09,1905,"Paris, France",2.351,48.857,True,False,True,V5_ROLE_ONLY_EXPANSION,False,False
STATUS,businessperson,Q43845,Q1680517,James Hamilton,jameshamilton,,V5_WIKIDATA_ROLE_ONLY_EXPANSION,ROLE_CATEGORY_ONLY;IDENTITY_LABEL;NO_EVENT_OUTCOME;NO_CHRONOLOGY;NO_PAIRABILITY;NO_ASTROLOGY;NO_CONTROL,JamesHamilton1908,James Hamilton,male,1908-07-04,01:15,+00:00,1908,"Glasgow, United Kingdom",-4.257,55.866,True,False,True,V5_ROLE_ONLY_EXPANSION,False,False
STATUS,politician,Q82955,Q7711,Jean-Marc Ayrault,jeanmarcayrault,,V5_WIKIDATA_ROLE_ONLY_EXPANSION,ROLE_CATEGORY_ONLY;IDENTITY_LABEL;NO_EVENT_OUTCOME;NO_CHRONOLOGY;NO_PAIRABILITY;NO_ASTROLOGY;NO_CONTROL,JeanMarcAyrault1950,Jean Marc Ayrault,male,1950-01-25,11:00,+01:00,1950,"Maulévrier, France",-0.745,47.007,True,False,True,V5_ROLE_ONLY_EXPANSION,False,False
STATUS,politician,Q82955,Q57751,Jérôme Cahuzac,jeromecahuzac,,V5_WIKIDATA_ROLE_ONLY_EXPANSION,ROLE_CATEGORY_ONLY;IDENTITY_LABEL;NO_EVENT_OUTCOME;NO_CHRONOLOGY;NO_PAIRABILITY;NO_ASTROLOGY;NO_CONTROL,JérômeCahuzac1952,Jérôme Cahuzac,male,1952-06-19,19:15,+01:00,1952,"Talence, France",-0.59,44.813,True,False,True,V5_ROLE_ONLY_EXPANSION,False,False
STATUS,businessperson,Q43845,Q1280022,Jerry Jones,jerryjones,,V5_WIKIDATA_ROLE_ONLY_EXPANSION,ROLE_CATEGORY_ONLY;IDENTITY_LABEL;NO_EVENT_OUTCOME;NO_CHRONOLOGY;NO_PAIRABILITY;NO_ASTROLOGY;NO_CONTROL,JerryJones1942,Jerry Jones,male,1942-10-13,04:59,-07:00,1942,"Los Angeles, CA, United States",-118.243,34.052,True,False,True,V5_ROLE_ONLY_EXPANSION,False,False
STATUS,businessperson,Q43845,Q1349184,Jerry Rubin,jerryrubin,,V5_WIKIDATA_ROLE_ONLY_EXPANSION,ROLE_CATEGORY_ONLY;IDENTITY_LABEL;NO_EVENT_OUTCOME;NO_CHRONOLOGY;NO_PAIRABILITY;NO_ASTROLOGY;NO_CONTROL,JerryRubin1938,Jerry Rubin,male,1938-07-14,10:34,-04:00,1938,"Cincinnati, OH, United States",-84.514,39.104,True,False,True,V5_ROLE_ONLY_EXPANSION,False,False
STATUS,businessperson,Q43845,Q1689346,Jimmy Dean,jimmydean,,V5_WIKIDATA_ROLE_ONLY_EXPANSION,ROLE_CATEGORY_ONLY;IDENTITY_LABEL;NO_EVENT_OUTCOME;NO_CHRONOLOGY;NO_PAIRABILITY;NO_ASTROLOGY;NO_CONTROL,JimmyDean1928,Jimmy Dean,male,1928-08-10,06:30,-05:00,1928,"Olton, TX, United States",-102.135,34.174,True,False,True,V5_ROLE_ONLY_EXPANSION,False,False
STATUS,businessperson,Q43845,Q1689414,Jimmy Osmond,jimmyosmond,,V5_WIKIDATA_ROLE_ONLY_EXPANSION,ROLE_CATEGORY_ONLY;IDENTITY_LABEL;NO_EVENT_OUTCOME;NO_CHRONOLOGY;NO_PAIRABILITY;NO_ASTROLOGY;NO_CONTROL,JimmyOsmond1963,Jimmy Osmond,male,1963-04-16,06:23,-08:00,1963,"Los Angeles, CA, United States",-118.243,34.052,True,False,True,V5_ROLE_ONLY_EXPANSION,False,False
STATUS,politician,Q82955,Q2551,Johannes Rau,johannesrau,,V5_WIKIDATA_ROLE_ONLY_EXPANSION,ROLE_CATEGORY_ONLY;IDENTITY_LABEL;NO_EVENT_OUTCOME;NO_CHRONOLOGY;NO_PAIRABILITY;NO_ASTROLOGY;NO_CONTROL,JohannesRau1931,Johannes Rau,male,1931-01-16,05:00,+01:00,1931,"Wuppertal, Germany",7.151,51.256,True,False,True,V5_ROLE_ONLY_EXPANSION,False,False
STATUS,businessperson,Q43845,Q325451,John Diebold,johndiebold,,V5_WIKIDATA_ROLE_ONLY_EXPANSION,ROLE_CATEGORY_ONLY;IDENTITY_LABEL;NO_EVENT_OUTCOME;NO_CHRONOLOGY;NO_PAIRABILITY;NO_ASTROLOGY;NO_CONTROL,JohnDiebold1926,John Diebold,male,1926-06-08,00:50,-04:00,1926,"Weehawken, NJ, United States",-74.018,40.771,True,False,True,V5_ROLE_ONLY_EXPANSION,False,False
STATUS,businessperson,Q43845,Q1712360,Julio Gallo,juliogallo,,V5_WIKIDATA_ROLE_ONLY_EXPANSION,ROLE_CATEGORY_ONLY;IDENTITY_LABEL;NO_EVENT_OUTCOME;NO_CHRONOLOGY;NO_PAIRABILITY;NO_ASTROLOGY;NO_CONTROL,JulioGallo1910,Julio Gallo,male,1910-03-21,14:00,-08:00,1910,"Oakland, CA, United States",-122.272,37.805,True,False,True,V5_ROLE_ONLY_EXPANSION,False,False
STATUS,politician,Q82955,Q75518,Jürgen Wagner,jurgenwagner,,V5_WIKIDATA_ROLE_ONLY_EXPANSION,ROLE_CATEGORY_ONLY;IDENTITY_LABEL;NO_EVENT_OUTCOME;NO_CHRONOLOGY;NO_PAIRABILITY;NO_ASTROLOGY;NO_CONTROL,JürgenWagner1901,Jürgen Wagner,male,1901-09-09,07:00,+01:00,1901,"Strasburg (Uckermark), Germany",13.751,53.506,True,False,True,V5_ROLE_ONLY_EXPANSION,False,False
STATUS,politician,Q82955,Q62916,Karl Kaufmann,karlkaufmann,,V5_WIKIDATA_ROLE_ONLY_EXPANSION,ROLE_CATEGORY_ONLY;IDENTITY_LABEL;NO_EVENT_OUTCOME;NO_CHRONOLOGY;NO_PAIRABILITY;NO_ASTROLOGY;NO_CONTROL,KarlKaufmann1900,Karl Kaufmann,male,1900-10-10,20:00,+01:00,1900,"Krefeld, Germany",6.559,51.332,True,False,True,V5_ROLE_ONLY_EXPANSION,False,False
STATUS,politician,Q82955,Q8863,Klaus Wowereit,klauswowereit,,V5_WIKIDATA_ROLE_ONLY_EXPANSION,ROLE_CATEGORY_ONLY;IDENTITY_LABEL;NO_EVENT_OUTCOME;NO_CHRONOLOGY;NO_PAIRABILITY;NO_ASTROLOGY;NO_CONTROL,KlausWowereit1953,Klaus Wowereit,male,1953-10-01,00:40,+01:00,1953,"Berlin, Germany",13.411,52.523,True,False,True,V5_ROLE_ONLY_EXPANSION,False,False
STATUS,politician,Q82955,Q1260,Kurt Waldheim,kurtwaldheim,,V5_WIKIDATA_ROLE_ONLY_EXPANSION,ROLE_CATEGORY_ONLY;IDENTITY_LABEL;NO_EVENT_OUTCOME;NO_CHRONOLOGY;NO_PAIRABILITY;NO_ASTROLOGY;NO_CONTROL,KurtWaldheim1918,Kurt Waldheim,male,1918-12-21,00:25,+01:00,1918,"Sankt Andrä-Wördern, Österreich",16.212,48.33,True,False,True,V5_ROLE_ONLY_EXPANSION,False,False
STATUS,businessperson,Q43845,Q551521,Licio Gelli,liciogelli,,V5_WIKIDATA_ROLE_ONLY_EXPANSION,ROLE_CATEGORY_ONLY;IDENTITY_LABEL;NO_EVENT_OUTCOME;NO_CHRONOLOGY;NO_PAIRABILITY;NO_ASTROLOGY;NO_CONTROL,LicioGelli1919,Licio Gelli,male,1919-04-21,03:00,+02:00,1919,"Pistoia, Italy",10.919,43.932,True,False,True,V5_ROLE_ONLY_EXPANSION,False,False
STATUS,businessperson,Q43845,Q297804,Liliane Bettencourt,lilianebettencourt,,V5_WIKIDATA_ROLE_ONLY_EXPANSION,ROLE_CATEGORY_ONLY;IDENTITY_LABEL;NO_EVENT_OUTCOME;NO_CHRONOLOGY;NO_PAIRABILITY;NO_ASTROLOGY;NO_CONTROL,LilianeBettencourt1922,Liliane Bettencourt,female,1922-10-21,09:00,+00:00,1922,"Paris, France",2.351,48.857,True,False,True,V5_ROLE_ONLY_EXPANSION,False,False
STATUS,politician,Q82955,Q18398,Louis Armand,louisarmand,,V5_WIKIDATA_ROLE_ONLY_EXPANSION,ROLE_CATEGORY_ONLY;IDENTITY_LABEL;NO_EVENT_OUTCOME;NO_CHRONOLOGY;NO_PAIRABILITY;NO_ASTROLOGY;NO_CONTROL,LouisArmand1905,Louis Armand,male,1905-01-17,10:00,+00:09,1905,"Cruseilles, France",6.107,46.034,True,False,True,V5_ROLE_ONLY_EXPANSION,False,False
STATUS,businessperson,Q43845,Q913894,Louis Ducatel,louisducatel,,V5_WIKIDATA_ROLE_ONLY_EXPANSION,ROLE_CATEGORY_ONLY;IDENTITY_LABEL;NO_EVENT_OUTCOME;NO_CHRONOLOGY;NO_PAIRABILITY;NO_ASTROLOGY;NO_CONTROL,LouisDucatel1902,Louis Ducatel,male,1902-03-13,17:21,+00:09,1902,"Couargues, France",2.916,47.293,True,False,True,V5_ROLE_ONLY_EXPANSION,False,False
STATUS,businessperson,Q43845,Q1384681,Louis Schweitzer,louisschweitzer,,V5_WIKIDATA_ROLE_ONLY_EXPANSION,ROLE_CATEGORY_ONLY;IDENTITY_LABEL;NO_EVENT_OUTCOME;NO_CHRONOLOGY;NO_PAIRABILITY;NO_ASTROLOGY;NO_CONTROL,LouisSchweitzer1942,Louis Schweitzer,male,1942-07-08,09:03,+02:00,1942,"Geneva, Switzerland",6.14,46.204,True,False,True,V5_ROLE_ONLY_EXPANSION,False,False
STATUS,politician,Q82955,Q57202,Magda Goebbels,magdagoebbels,,V5_WIKIDATA_ROLE_ONLY_EXPANSION,ROLE_CATEGORY_ONLY;IDENTITY_LABEL;NO_EVENT_OUTCOME;NO_CHRONOLOGY;NO_PAIRABILITY;NO_ASTROLOGY;NO_CONTROL,MagdaGoebbels1901,Magda Goebbels,female,1901-11-11,01:00,+01:00,1901,"Berlin, Germany",13.411,52.523,True,False,True,V5_ROLE_ONLY_EXPANSION,False,False
STATUS,politician,Q82955,Q43303,Malcolm X,malcolmx,,V5_WIKIDATA_ROLE_ONLY_EXPANSION,ROLE_CATEGORY_ONLY;IDENTITY_LABEL;NO_EVENT_OUTCOME;NO_CHRONOLOGY;NO_PAIRABILITY;NO_ASTROLOGY;NO_CONTROL,MalcolmX1925,Malcolm X,male,1925-05-19,22:25,-05:00,1925,"Omaha, NE, United States",-95.937,41.259,True,False,True,V5_ROLE_ONLY_EXPANSION,False,False
STATUS,politician,Q82955,Q47651,Marco Pannella,marcopannella,,V5_WIKIDATA_ROLE_ONLY_EXPANSION,ROLE_CATEGORY_ONLY;IDENTITY_LABEL;NO_EVENT_OUTCOME;NO_CHRONOLOGY;NO_PAIRABILITY;NO_ASTROLOGY;NO_CONTROL,MarcoPannella1930,Marco Pannella,male,1930-05-02,02:34,+01:00,1930,"Teramo, Italy",13.699,42.661,True,False,True,V5_ROLE_ONLY_EXPANSION,False,False
STATUS,businessperson,Q43845,Q1225410,Marc Veyrat,marcveyrat,,V5_WIKIDATA_ROLE_ONLY_EXPANSION,ROLE_CATEGORY_ONLY;IDENTITY_LABEL;NO_EVENT_OUTCOME;NO_CHRONOLOGY;NO_PAIRABILITY;NO_ASTROLOGY;NO_CONTROL,MarcVeyrat1950,Marc Veyrat,male,1950-05-08,17:30,+01:00,1950,"Annecy, France",6.128,45.9,True,False,True,V5_ROLE_ONLY_EXPANSION,False,False
STATUS,politician,Q82955,Q76893,Margot Honecker,margothonecker,,V5_WIKIDATA_ROLE_ONLY_EXPANSION,ROLE_CATEGORY_ONLY;IDENTITY_LABEL;NO_EVENT_OUTCOME;NO_CHRONOLOGY;NO_PAIRABILITY;NO_ASTROLOGY;NO_CONTROL,MargotHonecker1927,Margot Honecker,female,1927-04-17,10:15,+01:00,1927,"Halle (Saale), Germany",11.966,51.482,True,False,True,V5_ROLE_ONLY_EXPANSION,False,False
STATUS,politician,Q82955,Q10819,Mariano Rajoy,marianorajoy,,V5_WIKIDATA_ROLE_ONLY_EXPANSION,ROLE_CATEGORY_ONLY;IDENTITY_LABEL;NO_EVENT_OUTCOME;NO_CHRONOLOGY;NO_PAIRABILITY;NO_ASTROLOGY;NO_CONTROL,MarianoRajoy1955,Mariano Rajoy,male,1955-03-27,12:00,+01:00,1955,"Santiago de Compostela, Spain",-8.547,42.881,True,False,True,V5_ROLE_ONLY_EXPANSION,False,False
STATUS,businessperson,Q43845,Q468797,Marina Berlusconi,marinaberlusconi,,V5_WIKIDATA_ROLE_ONLY_EXPANSION,ROLE_CATEGORY_ONLY;IDENTITY_LABEL;NO_EVENT_OUTCOME;NO_CHRONOLOGY;NO_PAIRABILITY;NO_ASTROLOGY;NO_CONTROL,MarinaBerlusconi1966,Marina Berlusconi,female,1966-08-10,17:50,+02:00,1966,"Milan, Italy",9.188,45.464,True,False,True,V5_ROLE_ONLY_EXPANSION,False,False
STATUS,businessperson,Q43845,Q324650,Mary Wells Lawrence,marywellslawrence,,V5_WIKIDATA_ROLE_ONLY_EXPANSION,ROLE_CATEGORY_ONLY;IDENTITY_LABEL;NO_EVENT_OUTCOME;NO_CHRONOLOGY;NO_PAIRABILITY;NO_ASTROLOGY;NO_CONTROL,MaryWellsLawrence1928,Mary Wells Lawrence,female,1928-05-25,11:30,-04:00,1928,"Youngstown, OH, United States",-80.651,41.098,True,False,True,V5_ROLE_ONLY_EXPANSION,False,False
STATUS,businessperson,Q43845,Q597242,Michael O'Leary,michaeloleary,,V5_WIKIDATA_ROLE_ONLY_EXPANSION,ROLE_CATEGORY_ONLY;IDENTITY_LABEL;NO_EVENT_OUTCOME;NO_CHRONOLOGY;NO_PAIRABILITY;NO_ASTROLOGY;NO_CONTROL,MichaelO'Leary1958,Michael O'Leary,male,1958-03-27,00:39,-06:00,1958,"Saint-Paul, MN, United States",-93.094,44.944,True,False,True,V5_ROLE_ONLY_EXPANSION,False,False
STATUS,businessperson,Q43845,Q251751,Michele Ferrero,micheleferrero,,V5_WIKIDATA_ROLE_ONLY_EXPANSION,ROLE_CATEGORY_ONLY;IDENTITY_LABEL;NO_EVENT_OUTCOME;NO_CHRONOLOGY;NO_PAIRABILITY;NO_ASTROLOGY;NO_CONTROL,MicheleFerrero1925,Michele Ferrero,male,1925-04-26,11:30,+01:00,1925,"Rogliano, Italy",16.322,39.182,True,False,True,V5_ROLE_ONLY_EXPANSION,False,False
STATUS,businessperson,Q43845,Q1931376,Mickey Thompson,mickeythompson,,V5_WIKIDATA_ROLE_ONLY_EXPANSION,ROLE_CATEGORY_ONLY;IDENTITY_LABEL;NO_EVENT_OUTCOME;NO_CHRONOLOGY;NO_PAIRABILITY;NO_ASTROLOGY;NO_CONTROL,MickeyThompson1928,Mickey Thompson,male,1928-12-07,03:25,-08:00,1928,"San Fernando, CA, United States",-118.442,34.283,True,False,True,V5_ROLE_ONLY_EXPANSION,False,False
STATUS,businessperson,Q43845,Q1287635,Neel Kashkari,neelkashkari,,V5_WIKIDATA_ROLE_ONLY_EXPANSION,ROLE_CATEGORY_ONLY;IDENTITY_LABEL;NO_EVENT_OUTCOME;NO_CHRONOLOGY;NO_PAIRABILITY;NO_ASTROLOGY;NO_CONTROL,NeelKashkari1973,Neel Kashkari,male,1973-07-30,23:06,-04:00,1973,"Stow, OH, United States",-81.44,41.169,True,False,True,V5_ROLE_ONLY_EXPANSION,False,False
STATUS,businessperson,Q43845,Q547054,Nicolas Ouédec,nicolasouedec,,V5_WIKIDATA_ROLE_ONLY_EXPANSION,ROLE_CATEGORY_ONLY;IDENTITY_LABEL;NO_EVENT_OUTCOME;NO_CHRONOLOGY;NO_PAIRABILITY;NO_ASTROLOGY;NO_CONTROL,NicolasOuedec1971,Nicolas Ouedec,male,1971-10-28,08:20,+01:00,1971,"Lorient, France",-3.365,47.748,True,False,True,V5_ROLE_ONLY_EXPANSION,False,False
STATUS,politician,Q82955,Q76343,Otto von Habsburg,ottovonhabsburg,,V5_WIKIDATA_ROLE_ONLY_EXPANSION,ROLE_CATEGORY_ONLY;IDENTITY_LABEL;NO_EVENT_OUTCOME;NO_CHRONOLOGY;NO_PAIRABILITY;NO_ASTROLOGY;NO_CONTROL,OttovonHabsburg1912,Otto von Habsburg,male,1912-11-20,02:45,+01:00,1912,"Reichenau, Germany",9.064,47.689,True,False,True,V5_ROLE_ONLY_EXPANSION,False,False
STATUS,businessperson,Q43845,Q8159,Paul Bocuse,paulbocuse,,V5_WIKIDATA_ROLE_ONLY_EXPANSION,ROLE_CATEGORY_ONLY;IDENTITY_LABEL;NO_EVENT_OUTCOME;NO_CHRONOLOGY;NO_PAIRABILITY;NO_ASTROLOGY;NO_CONTROL,PaulBocuse1926,Paul Bocuse,male,1926-02-11,16:00,+00:00,1926,"Collonges-au-Mont-d'Or, France",4.841,45.824,True,False,True,V5_ROLE_ONLY_EXPANSION,False,False
STATUS,politician,Q82955,Q69098,Paul Lücke,paullucke,,V5_WIKIDATA_ROLE_ONLY_EXPANSION,ROLE_CATEGORY_ONLY;IDENTITY_LABEL;NO_EVENT_OUTCOME;NO_CHRONOLOGY;NO_PAIRABILITY;NO_ASTROLOGY;NO_CONTROL,PaulLucke1914,Paul Lucke,male,1914-11-13,06:00,+01:00,1914,"Marienheide, Germany",7.53,51.083,True,False,True,V5_ROLE_ONLY_EXPANSION,False,False
STATUS,politician,Q82955,Q58161,Paulo Portas,pauloportas,,V5_WIKIDATA_ROLE_ONLY_EXPANSION,ROLE_CATEGORY_ONLY;IDENTITY_LABEL;NO_EVENT_OUTCOME;NO_CHRONOLOGY;NO_PAIRABILITY;NO_ASTROLOGY;NO_CONTROL,PauloPortas1962,Paulo Portas,male,1962-09-12,02:30,+01:00,1962,"Lisbon, Portugal",-9.136,38.707,True,False,True,V5_ROLE_ONLY_EXPANSION,False,False
STATUS,businessperson,Q43845,Q329401,Paul Ricard,paulricard,,V5_WIKIDATA_ROLE_ONLY_EXPANSION,ROLE_CATEGORY_ONLY;IDENTITY_LABEL;NO_EVENT_OUTCOME;NO_CHRONOLOGY;NO_PAIRABILITY;NO_ASTROLOGY;NO_CONTROL,PaulRicard1909,Paul Ricard,male,1909-07-09,10:00,+00:09,1909,"Paris, France",2.351,48.857,True,False,True,V5_ROLE_ONLY_EXPANSION,False,False
STATUS,businessperson,Q43845,Q2061964,Paul Robert Ignatius,paulrobertignatius,,V5_WIKIDATA_ROLE_ONLY_EXPANSION,ROLE_CATEGORY_ONLY;IDENTITY_LABEL;NO_EVENT_OUTCOME;NO_CHRONOLOGY;NO_PAIRABILITY;NO_ASTROLOGY;NO_CONTROL,PaulRobertIgnatius1920,Paul Robert Ignatius,male,1920-11-11,13:05,-08:00,1920,"Los Angeles, CA, United States",-118.243,34.052,True,False,True,V5_ROLE_ONLY_EXPANSION,False,False
STATUS,businessperson,Q43845,Q1745380,Pete Rozelle,peterozelle,,V5_WIKIDATA_ROLE_ONLY_EXPANSION,ROLE_CATEGORY_ONLY;IDENTITY_LABEL;NO_EVENT_OUTCOME;NO_CHRONOLOGY;NO_PAIRABILITY;NO_ASTROLOGY;NO_CONTROL,PeteRozelle1926,Pete Rozelle,male,1926-03-01,12:50,-08:00,1926,"Hayward, CA, United States",-122.084,37.672,True,False,True,V5_ROLE_ONLY_EXPANSION,False,False
STATUS,politician,Q82955,Q61227,Petra Kelly,petrakelly,,V5_WIKIDATA_ROLE_ONLY_EXPANSION,ROLE_CATEGORY_ONLY;IDENTITY_LABEL;NO_EVENT_OUTCOME;NO_CHRONOLOGY;NO_PAIRABILITY;NO_ASTROLOGY;NO_CONTROL,PetraKelly1947,Petra Kelly,female,1947-11-29,18:30,+01:00,1947,"Günzburg, Germany",10.282,48.454,True,False,True,V5_ROLE_ONLY_EXPANSION,False,False
STATUS,businessperson,Q43845,Q316906,Philippe Starck,philippestarck,,V5_WIKIDATA_ROLE_ONLY_EXPANSION,ROLE_CATEGORY_ONLY;IDENTITY_LABEL;NO_EVENT_OUTCOME;NO_CHRONOLOGY;NO_PAIRABILITY;NO_ASTROLOGY;NO_CONTROL,PhilippeStarck1949,Philippe Starck,male,1949-01-18,04:40,+01:00,1949,"Paris, France",2.351,48.857,True,False,True,V5_ROLE_ONLY_EXPANSION,False,False
STATUS,businessperson,Q43845,Q299211,Pierre Cardin,pierrecardin,,V5_WIKIDATA_ROLE_ONLY_EXPANSION,ROLE_CATEGORY_ONLY;IDENTITY_LABEL;NO_EVENT_OUTCOME;NO_CHRONOLOGY;NO_PAIRABILITY;NO_ASTROLOGY;NO_CONTROL,PierreCardin1922,Pierre Cardin,male,1922-07-02,14:00,+01:00,1922,"San Biagio di Callalta, Italia",12.377,45.685,True,False,True,V5_ROLE_ONLY_EXPANSION,False,False
STATUS,businessperson,Q43845,Q1388761,Pierre Hermé,pierreherme,,V5_WIKIDATA_ROLE_ONLY_EXPANSION,ROLE_CATEGORY_ONLY;IDENTITY_LABEL;NO_EVENT_OUTCOME;NO_CHRONOLOGY;NO_PAIRABILITY;NO_ASTROLOGY;NO_CONTROL,PierreHermé1961,Pierre Hermé,male,1961-11-20,08:10,+01:00,1961,"Colmar, France",7.36,48.081,True,False,True,V5_ROLE_ONLY_EXPANSION,False,False
STATUS,politician,Q82955,Q5444,Pietro Mennea,pietromennea,,V5_WIKIDATA_ROLE_ONLY_EXPANSION,ROLE_CATEGORY_ONLY;IDENTITY_LABEL;NO_EVENT_OUTCOME;NO_CHRONOLOGY;NO_PAIRABILITY;NO_ASTROLOGY;NO_CONTROL,PietroMennea1952,Pietro Mennea,male,1952-06-28,22:00,+01:00,1952,"Barletta, Italy",16.284,41.319,True,False,True,V5_ROLE_ONLY_EXPANSION,False,False
STATUS,businessperson,Q43845,Q1112005,Queen Latifah,queenlatifah,,V5_WIKIDATA_ROLE_ONLY_EXPANSION,ROLE_CATEGORY_ONLY;IDENTITY_LABEL;NO_EVENT_OUTCOME;NO_CHRONOLOGY;NO_PAIRABILITY;NO_ASTROLOGY;NO_CONTROL,QueenLatifah1970,Queen Latifah,female,1970-03-18,08:02,-05:00,1970,"Newark, NJ, United States",-74.174,40.732,True,False,True,V5_ROLE_ONLY_EXPANSION,False,False
STATUS,politician,Q82955,Q27182,Rachida Dati,rachidadati,,V5_WIKIDATA_ROLE_ONLY_EXPANSION,ROLE_CATEGORY_ONLY;IDENTITY_LABEL;NO_EVENT_OUTCOME;NO_CHRONOLOGY;NO_PAIRABILITY;NO_ASTROLOGY;NO_CONTROL,RachidaDati1965,Rachida Dati,female,1965-11-27,15:30,+01:00,1965,"Saint-Rémy-sur-Avre, France",1.242,48.763,True,False,True,V5_ROLE_ONLY_EXPANSION,False,False
STATUS,businessperson,Q43845,Q594695,Ralph Mann,ralphmann,,V5_WIKIDATA_ROLE_ONLY_EXPANSION,ROLE_CATEGORY_ONLY;IDENTITY_LABEL;NO_EVENT_OUTCOME;NO_CHRONOLOGY;NO_PAIRABILITY;NO_ASTROLOGY;NO_CONTROL,RalphMann1949,Ralph Mann,male,1949-08-16,09:05,-08:00,1949,"Long Beach, CA, United States",-118.181,33.772,True,False,True,V5_ROLE_ONLY_EXPANSION,False,False
STATUS,businessperson,Q43845,Q655913,Raul Gardini,raulgardini,,V5_WIKIDATA_ROLE_ONLY_EXPANSION,ROLE_CATEGORY_ONLY;IDENTITY_LABEL;NO_EVENT_OUTCOME;NO_CHRONOLOGY;NO_PAIRABILITY;NO_ASTROLOGY;NO_CONTROL,RaulGardini1933,Raul Gardini,male,1933-06-07,08:30,+01:00,1933,"Ravenna, Italy",12.197,44.416,True,False,True,V5_ROLE_ONLY_EXPANSION,False,False
STATUS,businessperson,Q43845,Q956652,Renato Ruggiero,renatoruggiero,,V5_WIKIDATA_ROLE_ONLY_EXPANSION,ROLE_CATEGORY_ONLY;IDENTITY_LABEL;NO_EVENT_OUTCOME;NO_CHRONOLOGY;NO_PAIRABILITY;NO_ASTROLOGY;NO_CONTROL,RenatoRuggiero1930,Renato Ruggiero,male,1930-04-09,00:15,+01:00,1930,"Naples, Italy",14.253,40.84,True,False,True,V5_ROLE_ONLY_EXPANSION,False,False
STATUS,businessperson,Q43845,Q322724,Richard Egan,richardegan,,V5_WIKIDATA_ROLE_ONLY_EXPANSION,ROLE_CATEGORY_ONLY;IDENTITY_LABEL;NO_EVENT_OUTCOME;NO_CHRONOLOGY;NO_PAIRABILITY;NO_ASTROLOGY;NO_CONTROL,RichardEgan1921,Richard Egan,male,1921-07-29,21:00,-08:00,1921,"San Francisco, CA, United States",-122.42,37.78,True,False,True,V5_ROLE_ONLY_EXPANSION,False,False
STATUS,businessperson,Q43845,Q502963,Richard F. Gordon,richardfgordon,,V5_WIKIDATA_ROLE_ONLY_EXPANSION,ROLE_CATEGORY_ONLY;IDENTITY_LABEL;NO_EVENT_OUTCOME;NO_CHRONOLOGY;NO_PAIRABILITY;NO_ASTROLOGY;NO_CONTROL,RichardF.Gordon1929,Richard F. Gordon,male,1929-10-05,12:45,-08:00,1929,"Seattle, WA, United States",-122.33,47.603,True,False,True,V5_ROLE_ONLY_EXPANSION,False,False
STATUS,businessperson,Q43845,Q127707,Robert Eugene Bush,roberteugenebush,,V5_WIKIDATA_ROLE_ONLY_EXPANSION,ROLE_CATEGORY_ONLY;IDENTITY_LABEL;NO_EVENT_OUTCOME;NO_CHRONOLOGY;NO_PAIRABILITY;NO_ASTROLOGY;NO_CONTROL,RobertEugeneBush1926,Robert Eugene Bush,male,1926-10-04,03:00,-08:00,1926,"Tacoma, WA, United States",-122.442,47.253,True,False,True,V5_ROLE_ONLY_EXPANSION,False,False
STATUS,businessperson,Q43845,Q442717,Robert Hersant,roberthersant,,V5_WIKIDATA_ROLE_ONLY_EXPANSION,ROLE_CATEGORY_ONLY;IDENTITY_LABEL;NO_EVENT_OUTCOME;NO_CHRONOLOGY;NO_PAIRABILITY;NO_ASTROLOGY;NO_CONTROL,RobertHersant1920,Robert Hersant,male,1920-01-31,19:00,+00:00,1920,"Vertou, France",-1.474,47.168,True,False,True,V5_ROLE_ONLY_EXPANSION,False,False
STATUS,politician,Q82955,Q72655,Robert Schmidt,robertschmidt,,V5_WIKIDATA_ROLE_ONLY_EXPANSION,ROLE_CATEGORY_ONLY;IDENTITY_LABEL;NO_EVENT_OUTCOME;NO_CHRONOLOGY;NO_PAIRABILITY;NO_ASTROLOGY;NO_CONTROL,RobertSchmidt1950,Robert Schmidt,male,1950-12-22,20:22,-06:00,1950,"Rock Island, IL, United States",-90.584,41.472,True,False,True,V5_ROLE_ONLY_EXPANSION,False,False
STATUS,businessperson,Q43845,Q172155,Roger Penske,rogerpenske,,V5_WIKIDATA_ROLE_ONLY_EXPANSION,ROLE_CATEGORY_ONLY;IDENTITY_LABEL;NO_EVENT_OUTCOME;NO_CHRONOLOGY;NO_PAIRABILITY;NO_ASTROLOGY;NO_CONTROL,RogerPenske1937,Roger Penske,male,1937-02-20,09:43,-05:00,1937,"Cleveland, OH, United States",-81.691,41.505,True,False,True,V5_ROLE_ONLY_EXPANSION,False,False
STATUS,businessperson,Q43845,Q1797450,Rolim Amaro,rolimamaro,,V5_WIKIDATA_ROLE_ONLY_EXPANSION,ROLE_CATEGORY_ONLY;IDENTITY_LABEL;NO_EVENT_OUTCOME;NO_CHRONOLOGY;NO_PAIRABILITY;NO_ASTROLOGY;NO_CONTROL,RolimAmaro1942,Rolim Amaro,male,1942-09-15,16:00,-03:00,1942,"Pereira Barreto, Brasil",-51.109,-20.642,True,False,True,V5_ROLE_ONLY_EXPANSION,False,False
STATUS,politician,Q82955,Q57218,Rudi Dutschke,rudidutschke,,V5_WIKIDATA_ROLE_ONLY_EXPANSION,ROLE_CATEGORY_ONLY;IDENTITY_LABEL;NO_EVENT_OUTCOME;NO_CHRONOLOGY;NO_PAIRABILITY;NO_ASTROLOGY;NO_CONTROL,RudiDutschke1940,Rudi Dutschke,male,1940-03-07,23:50,+01:00,1940,"Nuthe-Urstromtal, Deutschland",13.168,52.128,True,False,True,V5_ROLE_ONLY_EXPANSION,False,False
STATUS,politician,Q82955,Q76975,Rudolf Höss,rudolfhoss,,V5_WIKIDATA_ROLE_ONLY_EXPANSION,ROLE_CATEGORY_ONLY;IDENTITY_LABEL;NO_EVENT_OUTCOME;NO_CHRONOLOGY;NO_PAIRABILITY;NO_ASTROLOGY;NO_CONTROL,RudolfHöss1901,Rudolf Höss,male,1901-11-25,12:00,+01:00,1901,"Baden-Baden, Germany",8.24,48.76,True,False,True,V5_ROLE_ONLY_EXPANSION,False,False
STATUS,politician,Q82955,Q11132,Sandra Day O'Connor,sandradayoconnor,,V5_WIKIDATA_ROLE_ONLY_EXPANSION,ROLE_CATEGORY_ONLY;IDENTITY_LABEL;NO_EVENT_OUTCOME;NO_CHRONOLOGY;NO_PAIRABILITY;NO_ASTROLOGY;NO_CONTROL,SandraDayO'Connor1930,Sandra Day O'Connor,female,1930-03-26,01:10,-07:00,1930,"El Paso, TX, United States",-106.492,31.76,True,False,True,V5_ROLE_ONLY_EXPANSION,False,False
STATUS,businessperson,Q43845,Q1322456,Serge Blanco,sergeblanco,,V5_WIKIDATA_ROLE_ONLY_EXPANSION,ROLE_CATEGORY_ONLY;IDENTITY_LABEL;NO_EVENT_OUTCOME;NO_CHRONOLOGY;NO_PAIRABILITY;NO_ASTROLOGY;NO_CONTROL,SergeBlanco1958,Serge Blanco,male,1958-08-31,12:00,-04:30,1958,"Caracas, Venezuela",-66.919,10.503,True,False,True,V5_ROLE_ONLY_EXPANSION,False,False
STATUS,businessperson,Q43845,Q981270,Serge Dassault,sergedassault,,V5_WIKIDATA_ROLE_ONLY_EXPANSION,ROLE_CATEGORY_ONLY;IDENTITY_LABEL;NO_EVENT_OUTCOME;NO_CHRONOLOGY;NO_PAIRABILITY;NO_ASTROLOGY;NO_CONTROL,SergeDassault1925,Serge Dassault,male,1925-04-04,03:30,+00:00,1925,"Paris, France",2.351,48.857,True,False,True,V5_ROLE_ONLY_EXPANSION,False,False
STATUS,businessperson,Q43845,Q92765,Seymour Cray,seymourcray,,V5_WIKIDATA_ROLE_ONLY_EXPANSION,ROLE_CATEGORY_ONLY;IDENTITY_LABEL;NO_EVENT_OUTCOME;NO_CHRONOLOGY;NO_PAIRABILITY;NO_ASTROLOGY;NO_CONTROL,SeymourCray1925,Seymour Cray,male,1925-09-28,08:30,-06:00,1925,"Chippewa Falls, WI, United States",-91.392,44.938,True,False,True,V5_ROLE_ONLY_EXPANSION,False,False
STATUS,businessperson,Q43845,Q1395208,Silvio Santos,silviosantos,,V5_WIKIDATA_ROLE_ONLY_EXPANSION,ROLE_CATEGORY_ONLY;IDENTITY_LABEL;NO_EVENT_OUTCOME;NO_CHRONOLOGY;NO_PAIRABILITY;NO_ASTROLOGY;NO_CONTROL,SilvioSantos1930,Silvio Santos,male,1930-12-12,00:15,-03:00,1930,"Rio de Janeiro, Brazil",-43.179,-22.901,True,False,True,V5_ROLE_ONLY_EXPANSION,False,False
STATUS,businessperson,Q43845,Q237944,Sonia Rykiel,soniarykiel,,V5_WIKIDATA_ROLE_ONLY_EXPANSION,ROLE_CATEGORY_ONLY;IDENTITY_LABEL;NO_EVENT_OUTCOME;NO_CHRONOLOGY;NO_PAIRABILITY;NO_ASTROLOGY;NO_CONTROL,SoniaRykiel1930,Sonia Rykiel,female,1930-05-25,23:55,+01:00,1930,"Paris, France",2.351,48.857,True,False,True,V5_ROLE_ONLY_EXPANSION,False,False
STATUS,businessperson,Q43845,Q956239,Stefano Casiraghi,stefanocasiraghi,,V5_WIKIDATA_ROLE_ONLY_EXPANSION,ROLE_CATEGORY_ONLY;IDENTITY_LABEL;NO_EVENT_OUTCOME;NO_CHRONOLOGY;NO_PAIRABILITY;NO_ASTROLOGY;NO_CONTROL,StefanoCasiraghi1960,Stefano Casiraghi,male,1960-09-08,22:30,+01:00,1960,"Milan, Italy",9.188,45.464,True,False,True,V5_ROLE_ONLY_EXPANSION,False,False
STATUS,businessperson,Q43845,Q2360382,Stéphane Richard,stephanerichard,,V5_WIKIDATA_ROLE_ONLY_EXPANSION,ROLE_CATEGORY_ONLY;IDENTITY_LABEL;NO_EVENT_OUTCOME;NO_CHRONOLOGY;NO_PAIRABILITY;NO_ASTROLOGY;NO_CONTROL,StéphaneRichard1961,Stéphane Richard,male,1961-08-24,00:15,+01:00,1961,"Lignan-de-Bordeaux, France",-0.428,44.796,True,False,True,V5_ROLE_ONLY_EXPANSION,False,False
STATUS,politician,Q82955,Q11124,Stephen Breyer,stephenbreyer,,V5_WIKIDATA_ROLE_ONLY_EXPANSION,ROLE_CATEGORY_ONLY;IDENTITY_LABEL;NO_EVENT_OUTCOME;NO_CHRONOLOGY;NO_PAIRABILITY;NO_ASTROLOGY;NO_CONTROL,StephenBreyer1938,Stephen Breyer,male,1938-08-15,07:40,-08:00,1938,"San Francisco, CA, United States",-122.42,37.78,True,False,True,V5_ROLE_ONLY_EXPANSION,False,False
STATUS,businessperson,Q43845,Q483382,Steve Wozniak,stevewozniak,,V5_WIKIDATA_ROLE_ONLY_EXPANSION,ROLE_CATEGORY_ONLY;IDENTITY_LABEL;NO_EVENT_OUTCOME;NO_CHRONOLOGY;NO_PAIRABILITY;NO_ASTROLOGY;NO_CONTROL,SteveWozniak1950,Steve Wozniak,male,1950-08-11,09:45,-07:00,1950,"San Jose, CA, United States",-121.888,37.335,True,False,True,V5_ROLE_ONLY_EXPANSION,False,False
STATUS,businessperson,Q43845,Q242939,Suzanne Somers,suzannesomers,,V5_WIKIDATA_ROLE_ONLY_EXPANSION,ROLE_CATEGORY_ONLY;IDENTITY_LABEL;NO_EVENT_OUTCOME;NO_CHRONOLOGY;NO_PAIRABILITY;NO_ASTROLOGY;NO_CONTROL,SuzanneSomers1946,Suzanne Somers,female,1946-10-16,18:11,-08:00,1946,"San Mateo, CA, United States",-122.314,37.547,True,False,True,V5_ROLE_ONLY_EXPANSION,False,False
STATUS,businessperson,Q43845,Q725402,Ted Lapidus,tedlapidus,,V5_WIKIDATA_ROLE_ONLY_EXPANSION,ROLE_CATEGORY_ONLY;IDENTITY_LABEL;NO_EVENT_OUTCOME;NO_CHRONOLOGY;NO_PAIRABILITY;NO_ASTROLOGY;NO_CONTROL,TedLapidus1929,Ted Lapidus,male,1929-06-23,05:00,+01:00,1929,"Paris, France",2.351,48.857,True,False,True,V5_ROLE_ONLY_EXPANSION,False,False
STATUS,businessperson,Q43845,Q2326652,Thomas P. O'Neill III,thomasponeilliii,,V5_WIKIDATA_ROLE_ONLY_EXPANSION,ROLE_CATEGORY_ONLY;IDENTITY_LABEL;NO_EVENT_OUTCOME;NO_CHRONOLOGY;NO_PAIRABILITY;NO_ASTROLOGY;NO_CONTROL,ThomasP.O'NeillIII1944,Thomas P. O'Neill III,male,1944-09-20,14:17,-04:00,1944,"Cambridge, MA, United States",-71.105,42.365,True,False,True,V5_ROLE_ONLY_EXPANSION,False,False
STATUS,businessperson,Q43845,Q1189725,Tom Anderson,tomanderson,,V5_WIKIDATA_ROLE_ONLY_EXPANSION,ROLE_CATEGORY_ONLY;IDENTITY_LABEL;NO_EVENT_OUTCOME;NO_CHRONOLOGY;NO_PAIRABILITY;NO_ASTROLOGY;NO_CONTROL,TomAnderson1910,Tom Anderson,male,1910-08-29,23:00,+00:00,1910,"Shetland, United Kingdom",-1.15,60.156,True,False,True,V5_ROLE_ONLY_EXPANSION,False,False
STATUS,businessperson,Q43845,Q967846,Umberto Agnelli,umbertoagnelli,,V5_WIKIDATA_ROLE_ONLY_EXPANSION,ROLE_CATEGORY_ONLY;IDENTITY_LABEL;NO_EVENT_OUTCOME;NO_CHRONOLOGY;NO_PAIRABILITY;NO_ASTROLOGY;NO_CONTROL,UmbertoAgnelli1934,Umberto Agnelli,male,1934-10-30,16:00,+01:00,1934,"Lausanne, Switzerland",6.632,46.52,True,False,True,V5_ROLE_ONLY_EXPANSION,False,False
STATUS,businessperson,Q43845,Q265754,Vittorio Merloni,vittoriomerloni,,V5_WIKIDATA_ROLE_ONLY_EXPANSION,ROLE_CATEGORY_ONLY;IDENTITY_LABEL;NO_EVENT_OUTCOME;NO_CHRONOLOGY;NO_PAIRABILITY;NO_ASTROLOGY;NO_CONTROL,VittorioMerloni1933,Vittorio Merloni,male,1933-04-30,02:00,+01:00,1933,"Fabriano, Italy",12.904,43.336,True,False,True,V5_ROLE_ONLY_EXPANSION,False,False
STATUS,politician,Q82955,Q95445,Walter Dirks,walterdirks,,V5_WIKIDATA_ROLE_ONLY_EXPANSION,ROLE_CATEGORY_ONLY;IDENTITY_LABEL;NO_EVENT_OUTCOME;NO_CHRONOLOGY;NO_PAIRABILITY;NO_ASTROLOGY;NO_CONTROL,WalterDirks1901,Walter Dirks,male,1901-08-01,05:00,+01:00,1901,"Dortmund, Germany",7.464,51.511,True,False,True,V5_ROLE_ONLY_EXPANSION,False,False
STATUS,politician,Q82955,Q16019,Wolfgang Schäuble,wolfgangschauble,,V5_WIKIDATA_ROLE_ONLY_EXPANSION,ROLE_CATEGORY_ONLY;IDENTITY_LABEL;NO_EVENT_OUTCOME;NO_CHRONOLOGY;NO_PAIRABILITY;NO_ASTROLOGY;NO_CONTROL,WolfgangSchäuble1942,Wolfgang Schäuble,male,1942-09-18,11:45,+02:00,1942,"Freiburg im Breisgau, Germany",7.854,47.997,True,False,True,V5_ROLE_ONLY_EXPANSION,False,False
STATUS,businessperson,Q43845,Q1450891,Xavier Niel,xavierniel,,V5_WIKIDATA_ROLE_ONLY_EXPANSION,ROLE_CATEGORY_ONLY;IDENTITY_LABEL;NO_EVENT_OUTCOME;NO_CHRONOLOGY;NO_PAIRABILITY;NO_ASTROLOGY;NO_CONTROL,XavierNiel1967,Xavier Niel,male,1967-08-25,21:30,+01:00,1967,"Maisons-Alfort, France",2.441,48.806,True,False,True,V5_ROLE_ONLY_EXPANSION,False,False
STATUS,businessperson,Q43845,Q171556,Yves Saint Laurent,yvessaintlaurent,,V5_WIKIDATA_ROLE_ONLY_EXPANSION,ROLE_CATEGORY_ONLY;IDENTITY_LABEL;NO_EVENT_OUTCOME;NO_CHRONOLOGY;NO_PAIRABILITY;NO_ASTROLOGY;NO_CONTROL,YvesSaintLaurent1936,Yves Saint Laurent,male,1936-08-01,19:45,+00:00,1936,"Oran, Algeria",-0.632,35.699,True,False,True,V5_ROLE_ONLY_EXPANSION,False,False
