event_row_id,batch_id,subject_id,name,preassigned_axis,event_year,polarity,event_type,event_description,source_url,source_title,source_publisher,source_date,source_quality,exclude,exclude_reason,source_batch_file,source_url_valid,event_keyword_family
48fbeb30e83a2bff93ee,1,V5DEV_009,Loris Stecca,COMPETITIVE,1984,positive,world_title_win,Defeated Leonardo Cruz to win the WBA super-bantamweight world title.,https://openboxing.org/super-bantamweight/wba/,Super Bantamweight - World Boxing Association title history,Open Boxing,,high,False,,research/ml/artifacts/v5_event_collection_repaired/results_post_repair/batch_01/V5_DEV_EVENT_BATCH_01_EVENTS_POST_REPAIR.csv,True,title
ab1fec66576fe6becc55,1,V5DEV_009,Loris Stecca,COMPETITIVE,1984,negative,world_title_loss,Lost the WBA super-bantamweight title to Victor Callejas by knockout.,https://openboxing.org/super-bantamweight/wba/,Super Bantamweight - World Boxing Association title history,Open Boxing,,high,False,,research/ml/artifacts/v5_event_collection_repaired/results_post_repair/batch_01/V5_DEV_EVENT_BATCH_01_EVENTS_POST_REPAIR.csv,True,title
74ffe190e97770fa6a6b,1,V5DEV_009,Loris Stecca,COMPETITIVE,1985,negative,world_title_challenge_loss,Lost a WBA super-bantamweight world-title rematch to Victor Callejas.,https://openboxing.org/super-bantamweight/wba/,Super Bantamweight - World Boxing Association title history,Open Boxing,,high,False,,research/ml/artifacts/v5_event_collection_repaired/results_post_repair/batch_01/V5_DEV_EVENT_BATCH_01_EVENTS_POST_REPAIR.csv,True,title
d49af6f2ded294b51893,1,V5DEV_065,Dario Fo,PROJECT,1962,negative,project_exit_due_censorship,Fo and Franca Rame left RAI's Canzonissima after censorship disputes over their sketches.,https://www.teche.rai.it/2021/10/la-canzonissima-di-dario-fo-e-franca-rame/,"La Canzonissima di Dario Fo e Franca Rame, 1962",RAI Teche,2021-10-13,high,False,,research/ml/artifacts/v5_event_collection_repaired/results_post_repair/batch_01/V5_DEV_EVENT_BATCH_01_EVENTS_POST_REPAIR.csv,True,resign
96f6bb23e02b4d4c7e96,1,V5DEV_065,Dario Fo,PROJECT,1969,positive,major_work_breakthrough,Mistero Buffo premiered and became the work with which Fo made his name internationally.,https://www.nobelprize.org/prizes/literature/1997/fo/facts/,Dario Fo - Facts,NobelPrize.org,,high,False,,research/ml/artifacts/v5_event_collection_repaired/results_post_repair/batch_01/V5_DEV_EVENT_BATCH_01_EVENTS_POST_REPAIR.csv,True,release
2f06c7e17b2a58c5ed9e,1,V5DEV_065,Dario Fo,PROJECT,1970,positive,major_work_success,Accidental Death of an Anarchist premiered and became one of Fo's most performed plays.,https://www.nobelprize.org/prizes/literature/1997/fo/facts/,Dario Fo - Facts,NobelPrize.org,,high,False,,research/ml/artifacts/v5_event_collection_repaired/results_post_repair/batch_01/V5_DEV_EVENT_BATCH_01_EVENTS_POST_REPAIR.csv,True,
dd9e248b80326d0af86c,1,V5DEV_065,Dario Fo,PROJECT,1997,positive,career_award,Received the Nobel Prize in Literature.,https://www.nobelprize.org/prizes/literature/1997/fo/facts/,Dario Fo - Facts,NobelPrize.org,,high,True,PROJECT axis requires project-specific outcome rather than an oeuvre-wide career award.,research/ml/artifacts/v5_event_collection_repaired/results_post_repair/batch_01/V5_DEV_EVENT_BATCH_01_EVENTS_POST_REPAIR.csv,True,award
f8074767e6f8108e64e6,1,V5DEV_133,Édouard Leclerc,STATUS,1949,positive,leadership_accession,Opened the first E.Leclerc store in Landerneau and established the retail movement that bore his name.,https://p1.histoireetarchives.leclerc/chronologie,Chronologie - de 1949 à nos jours,E.Leclerc Histoire et Archives,,high,False,,research/ml/artifacts/v5_event_collection_repaired/results_post_repair/batch_01/V5_DEV_EVENT_BATCH_01_EVENTS_POST_REPAIR.csv,True,office
ef83cc0e15749da12600,1,V5DEV_133,Édouard Leclerc,STATUS,1960,positive,policy_influence,His campaign helped secure a government decree supporting free competition and prohibiting refusal to sell.,https://www.lemonde.fr/en/summer-reads/article/2024/08/19/for-the-leclercs-only-the-name-is-inherited_6718339_183.html,"For the Leclercs, only the name is inherited",Le Monde,2024-08-19,high,True,Not a direct STATUS gain under the frozen definition.,research/ml/artifacts/v5_event_collection_repaired/results_post_repair/batch_01/V5_DEV_EVENT_BATCH_01_EVENTS_POST_REPAIR.csv,True,
96faf43b2172eeb44cca,1,V5DEV_049,Ilse Künkele,PROJECT,1991,,acting_credit,Appeared in Die Machtprobe (1991/1992).,https://www.filmportal.de/person/ilse-kuenkele_175a0dc0dc614df5a3ba5c6e94f6d347,Ilse Künkele - Filmografie,filmportal.de,,high,True,Credit/release alone is not an eligible PROJECT outcome.,research/ml/artifacts/v5_event_collection_repaired/results_post_repair/batch_01/V5_DEV_EVENT_BATCH_01_EVENTS_POST_REPAIR.csv,True,
0630b7744ec09ab12ea5,1,V5DEV_153,Rolim Amaro,STATUS,1972,positive,leadership_accession,Acquired half of TAM and assumed management of the airline business.,https://www.company-histories.com/TAM-Linhas-Aereas-SA-Company-History.html,TAM Linhas Aéreas S.A. - Company History,Company-Histories.com,,medium,False,,research/ml/artifacts/v5_event_collection_repaired/results_post_repair/batch_01/V5_DEV_EVENT_BATCH_01_EVENTS_POST_REPAIR.csv,True,office
e153bc9867be4d51e940,1,V5DEV_153,Rolim Amaro,STATUS,1976,positive,control_gain,Became the dominant shareholder as TAM's regional airline structure expanded.,https://www.company-histories.com/TAM-Linhas-Aereas-SA-Company-History.html,TAM Linhas Aéreas S.A. - Company History,Company-Histories.com,,medium,False,,research/ml/artifacts/v5_event_collection_repaired/results_post_repair/batch_01/V5_DEV_EVENT_BATCH_01_EVENTS_POST_REPAIR.csv,True,
fcbe0b240bcaa1545dca,1,V5DEV_024,Domenico Adinolfi,COMPETITIVE,1974,positive,continental_title_win,Defeated Karl-Heinz Klein to win the vacant EBU European light-heavyweight title.,https://titlehistories.com/boxing/eu/ebu/ebu-lh.html,EBU European Light Heavyweight Title,TitleHistories.com,,medium,False,,research/ml/artifacts/v5_event_collection_repaired/results_post_repair/batch_01/V5_DEV_EVENT_BATCH_01_EVENTS_POST_REPAIR.csv,True,title
d3dd7e3fbe5f2e4742c6,1,V5DEV_024,Domenico Adinolfi,COMPETITIVE,1976,negative,continental_title_loss,Lost the EBU European light-heavyweight title to Mate Parlov by TKO.,https://www.emilianoadinolfi.it/pugilato-adinolfi-domenico/,Pugilato Adinolfi Domenico,Emiliano Adinolfi - Metodologia & Calcio,,medium,False,,research/ml/artifacts/v5_event_collection_repaired/results_post_repair/batch_01/V5_DEV_EVENT_BATCH_01_EVENTS_POST_REPAIR.csv,True,title
f287b025ab671e56f800,1,V5DEV_066,Gaston Rébuffat,PROJECT,1955,positive,film_award,The mountain film Étoiles et Tempêtes won the Grand Prix at the Trento festival.,https://www.lemonde.fr/archives/article/1956/11/02/etoiles-et-tempetes_2249277_1819218.html,ETOILES ET TEMPÊTES,Le Monde,1956-11-02,high,False,,research/ml/artifacts/v5_event_collection_repaired/results_post_repair/batch_01/V5_DEV_EVENT_BATCH_01_EVENTS_POST_REPAIR.csv,True,award
9b945d6b808e46f1a89f,1,V5DEV_066,Gaston Rébuffat,PROJECT,1954,,book_release,Published Étoiles et Tempêtes.,https://www.larousse.fr/encyclopedie/personnage/Gaston_R%C3%A9buffat/140479,Gaston Rébuffat,Larousse,,high,True,Release alone is not an eligible PROJECT outcome.,research/ml/artifacts/v5_event_collection_repaired/results_post_repair/batch_01/V5_DEV_EVENT_BATCH_01_EVENTS_POST_REPAIR.csv,True,release
26f3f889768efa23643d,1,V5DEV_118,Jacques Goddet,STATUS,1936,positive,leadership_accession,Became director of the Tour de France while serving in senior editorial leadership at L'Auto.,https://www.universalis.fr/encyclopedie/jacques-goddet/,Jacques Goddet - Biographie,Encyclopædia Universalis,,high,False,,research/ml/artifacts/v5_event_collection_repaired/results_post_repair/batch_01/V5_DEV_EVENT_BATCH_01_EVENTS_POST_REPAIR.csv,True,office
ed33e60d1bb12a880752,1,V5DEV_118,Jacques Goddet,STATUS,1944,negative,leadership_platform_loss,"L'Auto was prohibited at Liberation, ending the publication through which Goddet held senior editorial authority.",https://www.universalis.fr/encyclopedie/jacques-goddet/,Jacques Goddet - Biographie,Encyclopædia Universalis,,high,False,,research/ml/artifacts/v5_event_collection_repaired/results_post_repair/batch_01/V5_DEV_EVENT_BATCH_01_EVENTS_POST_REPAIR.csv,True,office
39483915b76f5f033dd7,1,V5DEV_118,Jacques Goddet,STATUS,1946,positive,leadership_restoration,"L'Équipe was launched to replace L'Auto, restoring Goddet to major sports-media leadership.",https://www.universalis.fr/encyclopedie/jacques-goddet/,Jacques Goddet - Biographie,Encyclopædia Universalis,,high,False,,research/ml/artifacts/v5_event_collection_repaired/results_post_repair/batch_01/V5_DEV_EVENT_BATCH_01_EVENTS_POST_REPAIR.csv,True,office
39ec08c7fc65c943e553,1,V5DEV_013,David Goffin,COMPETITIVE,2014,positive,tour_title_win,Won ATP singles titles in Kitzbühel and Metz during his comeback season.,https://www.atptour.com/en/scores/results-archive?year=2014,2014 Results Archive,ATP Tour,,high,False,,research/ml/artifacts/v5_event_collection_repaired/results_post_repair/batch_01/V5_DEV_EVENT_BATCH_01_EVENTS_POST_REPAIR.csv,True,title
28070ac8adeea573205d,1,V5DEV_013,David Goffin,COMPETITIVE,2017,negative,season_final_loss,Reached the ATP Finals championship match but lost the final to Grigor Dimitrov.,https://www.nittoatpfinals.com/en/heritage/results-2000-2023,Nitto ATP Finals Results 2000-2023,ATP / Nitto ATP Finals,,high,False,,research/ml/artifacts/v5_event_collection_repaired/results_post_repair/batch_01/V5_DEV_EVENT_BATCH_01_EVENTS_POST_REPAIR.csv,True,title
0ff328707e84fb6f6663,1,V5DEV_013,David Goffin,COMPETITIVE,2022,positive,tour_title_win,Won his sixth ATP Tour singles title in Marrakech.,https://www.atptour.com/en/players/david_goffin/gb88/bio,David Goffin - Bio,ATP Tour,,high,False,,research/ml/artifacts/v5_event_collection_repaired/results_post_repair/batch_01/V5_DEV_EVENT_BATCH_01_EVENTS_POST_REPAIR.csv,True,title
d8a3189d51d3f575d67b,1,V5DEV_051,Adam Goldberg,PROJECT,1998,negative,commercial_failure,His directorial debut Scotch and Milk premiered but was not a commercial hit; major distributors walked out at the premiere.,https://www.vogue.com/article/adam-goldberg-no-way-jose,Adam Goldberg Returns to Rom-Coms With No Way Jose,Vogue,2015-07-08,high,False,,research/ml/artifacts/v5_event_collection_repaired/results_post_repair/batch_01/V5_DEV_EVENT_BATCH_01_EVENTS_POST_REPAIR.csv,True,
edf305449953c932d7b5,1,V5DEV_051,Adam Goldberg,PROJECT,2003,positive,festival_selection,I Love Your Work was selected for the Toronto International Film Festival's Discovery program.,https://www.digitalhit.com/torontofilmfestival/2003/filmlist,28th Toronto International Film Festival - List of Films,DigitalHit.com,2003,medium,False,,research/ml/artifacts/v5_event_collection_repaired/results_post_repair/batch_01/V5_DEV_EVENT_BATCH_01_EVENTS_POST_REPAIR.csv,True,election
b7537e3722ac9187de1b,1,V5DEV_108,George Steinbrenner,STATUS,1973,positive,leadership_accession,"A partnership headed by Steinbrenner purchased the New York Yankees, with him as managing general partner.",https://www.mlb.com/yankees/history/timeline-1970s,Yankees Timeline - 1970s,MLB / New York Yankees,,high,False,,research/ml/artifacts/v5_event_collection_repaired/results_post_repair/batch_01/V5_DEV_EVENT_BATCH_01_EVENTS_POST_REPAIR.csv,True,office
a3bc8c7e5b6d2a5038ab,1,V5DEV_108,George Steinbrenner,STATUS,1974,negative,suspension_from_authority,"Commissioner Bowie Kuhn suspended Steinbrenner from baseball for two years, later reduced.",https://baseballhall.org/hof/2017-todays-game-era-ballot/steinbrenner-george,George Steinbrenner's winning ways land him on Today's Game Era ballot,National Baseball Hall of Fame,,high,False,,research/ml/artifacts/v5_event_collection_repaired/results_post_repair/batch_01/V5_DEV_EVENT_BATCH_01_EVENTS_POST_REPAIR.csv,True,
acfd1f615ecfe6cba7f0,1,V5DEV_108,George Steinbrenner,STATUS,1976,positive,authority_restoration,Returned to active baseball control after the first suspension was reduced to 15 months.,https://www.latimes.com/local/obituaries/la-me-george-steinbrenner-20100714-story.html,George Steinbrenner dies at 80; owner of New York Yankees,Los Angeles Times,,high,False,,research/ml/artifacts/v5_event_collection_repaired/results_post_repair/batch_01/V5_DEV_EVENT_BATCH_01_EVENTS_POST_REPAIR.csv,True,
591c134c6667a360b3c8,1,V5DEV_108,George Steinbrenner,STATUS,1990,negative,ban_from_authority,Commissioner Fay Vincent barred Steinbrenner from day-to-day baseball operations for life.,https://baseballhall.org/hof/2017-todays-game-era-ballot/steinbrenner-george,George Steinbrenner's winning ways land him on Today's Game Era ballot,National Baseball Hall of Fame,,high,False,,research/ml/artifacts/v5_event_collection_repaired/results_post_repair/batch_01/V5_DEV_EVENT_BATCH_01_EVENTS_POST_REPAIR.csv,True,
2df376853075db692265,1,V5DEV_108,George Steinbrenner,STATUS,1993,positive,authority_restoration,Was reinstated and returned to active control of the Yankees.,https://sabr.org/bioproj/person/george-steinbrenner/,George Steinbrenner,Society for American Baseball Research,,high,False,,research/ml/artifacts/v5_event_collection_repaired/results_post_repair/batch_01/V5_DEV_EVENT_BATCH_01_EVENTS_POST_REPAIR.csv,True,
4c6801b2dc4d0dfc28dc,1,V5DEV_005,Dominique Monami,COMPETITIVE,1997,positive,tour_title_win,Won WTA singles titles in Hobart and Surabaya.,https://www.wtatennis.com/legends/130270/dominique-monami,Dominique Monami - Career Highlights,WTA,,high,False,,research/ml/artifacts/v5_event_collection_repaired/results_post_repair/batch_01/V5_DEV_EVENT_BATCH_01_EVENTS_POST_REPAIR.csv,True,title
966db2410c4430f51bf8,1,V5DEV_005,Dominique Monami,COMPETITIVE,1998,positive,tour_title_win,Won the WTA singles title in Auckland.,https://www.wtatennis.com/legends/130270/dominique-monami,Dominique Monami - Career Highlights,WTA,,high,False,,research/ml/artifacts/v5_event_collection_repaired/results_post_repair/batch_01/V5_DEV_EVENT_BATCH_01_EVENTS_POST_REPAIR.csv,True,title
fba3114cddb40e1698d1,1,V5DEV_005,Dominique Monami,COMPETITIVE,1999,negative,grand_slam_elimination,Was eliminated in the Australian Open quarterfinals.,https://www.wtatennis.com/legends/130270/dominique-monami/record,Dominique Monami - Record,WTA,,high,False,,research/ml/artifacts/v5_event_collection_repaired/results_post_repair/batch_01/V5_DEV_EVENT_BATCH_01_EVENTS_POST_REPAIR.csv,True,title
599d0a50da488b131b38,1,V5DEV_005,Dominique Monami,COMPETITIVE,2000,positive,olympic_medal,"Won an Olympic bronze medal, which she described as her biggest tennis achievement.",https://www.wtatennis.com/legends/130270/dominique-monami,Dominique Monami - Biography,WTA,,high,False,,research/ml/artifacts/v5_event_collection_repaired/results_post_repair/batch_01/V5_DEV_EVENT_BATCH_01_EVENTS_POST_REPAIR.csv,True,title
2cfa9342b745e393a051,1,V5DEV_005,Dominique Monami,COMPETITIVE,2000,negative,tour_final_loss,Finished runner-up at Eastbourne.,https://www.wtatennis.com/legends/130270/dominique-monami,Dominique Monami - Career Highlights,WTA,,high,False,,research/ml/artifacts/v5_event_collection_repaired/results_post_repair/batch_01/V5_DEV_EVENT_BATCH_01_EVENTS_POST_REPAIR.csv,True,title
edd2017186e206001464,1,V5DEV_047,Imelda Marcos,PROJECT,2010,,project_about_subject,"Here Lies Love, a concept album about Imelda Marcos by David Byrne and Fatboy Slim, was released.",https://pitchfork.com/news/37378-david-byrnefatboy-slim-all-star-imelda-marcos-box-set-due,David Byrne/Fatboy Slim All-Star Imelda Marcos Box Set Due,Pitchfork,2009-12-14,high,True,Not an outcome of a project undertaken by the subject.,research/ml/artifacts/v5_event_collection_repaired/results_post_repair/batch_01/V5_DEV_EVENT_BATCH_01_EVENTS_POST_REPAIR.csv,True,release
7f018a50c06a6959694d,1,V5DEV_093,Anne Lauvergeon,STATUS,1999,positive,ceo_accession,Was serving as Chairman and CEO of COGEMA and headed its newly created executive committee.,https://www.sa.areva.com/news-creation-dun-comite-executif-du-groupe-cogema-nouvelle-organisation-de-directions-fonctionnelles-et-nominations,Création d'un comité exécutif du Groupe COGEMA,AREVA,1999-10-21,high,False,,research/ml/artifacts/v5_event_collection_repaired/results_post_repair/batch_01/V5_DEV_EVENT_BATCH_01_EVENTS_POST_REPAIR.csv,True,office
e6eadd2ce4bc32cecacc,1,V5DEV_093,Anne Lauvergeon,STATUS,2011,negative,ceo_replacement,AREVA's board appointed Luc Oursel to replace Lauvergeon as head of the executive board after her ten-year tenure.,https://www.sa.areva.com/news-appointment-of-the-areva-executive-board,Appointment of the AREVA Executive Board,AREVA,2011-06-30,high,False,,research/ml/artifacts/v5_event_collection_repaired/results_post_repair/batch_01/V5_DEV_EVENT_BATCH_01_EVENTS_POST_REPAIR.csv,True,office
2026337f17b17a20d3a4,1,V5DEV_069,Herbie Hancock,PROJECT,1973,positive,album_breakthrough,"Head Hunters became a major crossover success, reaching No. 13 on the Billboard 200.",https://www.grammy.com/artists/herbie-hancock/9477/,Herbie Hancock - Grammy Awards and Bio,Recording Academy / GRAMMY.com,,high,False,,research/ml/artifacts/v5_event_collection_repaired/results_post_repair/batch_01/V5_DEV_EVENT_BATCH_01_EVENTS_POST_REPAIR.csv,True,release
36993dda8e3a000e602c,1,V5DEV_069,Herbie Hancock,PROJECT,1983,positive,single_breakthrough,Rockit became a gold-certified breakthrough and won Hancock his first Grammy.,https://www.grammy.com/artists/herbie-hancock/9477/,Herbie Hancock - Grammy Awards and Bio,Recording Academy / GRAMMY.com,,high,False,,research/ml/artifacts/v5_event_collection_repaired/results_post_repair/batch_01/V5_DEV_EVENT_BATCH_01_EVENTS_POST_REPAIR.csv,True,release
8fa77c118bcb5351c1a2,1,V5DEV_069,Herbie Hancock,PROJECT,2008,positive,album_award,River: The Joni Letters won the Grammy Award for Album of the Year.,https://www.theguardian.com/music/2017/nov/11/herbie-hancock-interview-miles-davis-buddhism-barbican-london-jazz-festival,Herbie Hancock: 'I like to discover new rules so I can break them',The Guardian,2017-11-11,high,False,,research/ml/artifacts/v5_event_collection_repaired/results_post_repair/batch_01/V5_DEV_EVENT_BATCH_01_EVENTS_POST_REPAIR.csv,True,award
a6e765ea6874d3bb8998,1,V5DEV_122,John Diebold,STATUS,1954,positive,founder_leadership_accession,"Founded his own consulting firm, which became the Diebold Group.",https://www.infoworld.com/article/2216435/automation-pioneer-john-diebold-dies-at-79.html,Automation pioneer John Diebold dies at 79,InfoWorld,2005-12-27,high,False,,research/ml/artifacts/v5_event_collection_repaired/results_post_repair/batch_01/V5_DEV_EVENT_BATCH_01_EVENTS_POST_REPAIR.csv,True,office
1e1c4aeb5a138e7c9e3c,1,V5DEV_122,John Diebold,STATUS,1961,,technology_project_success,His firm created a real-time electronic network for Bowery Savings Bank branches.,https://www.washingtonpost.com/archive/local/2005/12/29/john-diebold-dies/33933afc-18c9-46c2-b02c-25e708b7e6ad/,John Diebold Dies,The Washington Post,2005-12-28,high,True,"Outcome belongs to a project, not formal authority/status change.",research/ml/artifacts/v5_event_collection_repaired/results_post_repair/batch_01/V5_DEV_EVENT_BATCH_01_EVENTS_POST_REPAIR.csv,True,release
4b64dabd630c8a179734,1,V5DEV_085,Roschdy Zem,PROJECT,2006,positive,film_award,Won the Cannes Best Actor award with the ensemble of Days of Glory (Indigènes).,https://www.festival-cannes.com/en/p/roschdy-zem/,Roschdy ZEM,Festival de Cannes,,high,False,,research/ml/artifacts/v5_event_collection_repaired/results_post_repair/batch_01/V5_DEV_EVENT_BATCH_01_EVENTS_POST_REPAIR.csv,True,award
805aed836126baba9009,1,V5DEV_085,Roschdy Zem,PROJECT,2020,positive,film_award,"Won the César Award for Best Actor for Roubaix, une lumière.",https://www.academie-cinema.org/personnes/179002/,Roschdy Zem - Palmarès,Académie des César,,high,False,,research/ml/artifacts/v5_event_collection_repaired/results_post_repair/batch_01/V5_DEV_EVENT_BATCH_01_EVENTS_POST_REPAIR.csv,True,award
4df57310ffb9210decc0,1,V5DEV_085,Roschdy Zem,PROJECT,2006,,directorial_debut,"Directed his first feature, Mauvaise foi.",https://www.festival-cannes.com/en/p/roschdy-zem/,Roschdy ZEM,Festival de Cannes,,high,True,Release/debut alone is not an eligible PROJECT outcome.,research/ml/artifacts/v5_event_collection_repaired/results_post_repair/batch_01/V5_DEV_EVENT_BATCH_01_EVENTS_POST_REPAIR.csv,True,
3d9b43b8398af5ca3cf5,1,V5DEV_097,Diane von Fürstenberg,STATUS,2006,positive,association_presidency,Was elected president of the Council of Fashion Designers of America (CFDA).,https://cfda.com/about/history/,CFDA History,Council of Fashion Designers of America,,high,False,,research/ml/artifacts/v5_event_collection_repaired/results_post_repair/batch_01/V5_DEV_EVENT_BATCH_01_EVENTS_POST_REPAIR.csv,True,
1f1c4c97be5298fb5a12,1,V5DEV_097,Diane von Fürstenberg,STATUS,2015,positive,association_chair_accession,Transitioned from CFDA president to chairwoman.,https://cfda.com/news/madame-president-2/,Madame President,Council of Fashion Designers of America,,high,False,,research/ml/artifacts/v5_event_collection_repaired/results_post_repair/batch_01/V5_DEV_EVENT_BATCH_01_EVENTS_POST_REPAIR.csv,True,office
ffdb81e48ef0ad7feaea,1,V5DEV_097,Diane von Fürstenberg,STATUS,2019,,routine_term_end,Her term as CFDA chairwoman ended in 2019.,https://cfda.com/news/madame-president-2/,Madame President,Council of Fashion Designers of America,,high,True,Routine term completion is not automatically a negative STATUS event.,research/ml/artifacts/v5_event_collection_repaired/results_post_repair/batch_01/V5_DEV_EVENT_BATCH_01_EVENTS_POST_REPAIR.csv,True,
b1ebbe9ac91ea52ce1b2,1,V5DEV_131,Stéphane Richard,STATUS,2010,positive,ceo_accession,"Became CEO of France Telecom/Orange effective March 1, 2010.",https://www.sec.gov/Archives/edgar/data/1038143/000163462121000008/ex151.htm,Orange 2020 Universal Registration Document,Orange / SEC filing,,high,False,,research/ml/artifacts/v5_event_collection_repaired/results_post_repair/batch_01/V5_DEV_EVENT_BATCH_01_EVENTS_POST_REPAIR.csv,True,office
dc07545489fcbecf92e0,1,V5DEV_131,Stéphane Richard,STATUS,2011,positive,chairman_ceo_accession,"Was appointed Chairman and Chief Executive Officer of France Telecom-Orange effective March 1, 2011.",https://www.sec.gov/Archives/edgar/data/1038143/000130817912000084/lfrancetelecom6k2011.htm,France Telecom 2011 Registration Document,France Telecom / SEC filing,,high,False,,research/ml/artifacts/v5_event_collection_repaired/results_post_repair/batch_01/V5_DEV_EVENT_BATCH_01_EVENTS_POST_REPAIR.csv,True,office
f9b609940e50424b4c6c,1,V5DEV_131,Stéphane Richard,STATUS,2021,negative,ceo_resignation_accepted,Orange's board accepted Richard's resignation as chairman and CEO after his appeal-court conviction.,https://www.euronews.com/next/2021/11/24/orange-ceo,Orange to replace CEO Richard by Jan. 31,Reuters via Euronews,2021-11-24,high,False,,research/ml/artifacts/v5_event_collection_repaired/results_post_repair/batch_01/V5_DEV_EVENT_BATCH_01_EVENTS_POST_REPAIR.csv,True,office
9d69b2278d711d5d1a5f,1,V5DEV_135,Herbert Wehner,STATUS,1966,positive,ministerial_accession,Entered the federal government as Minister for All-German Affairs in the Grand Coalition.,https://www.bundestag.de/dokumente/textarchiv/alterspraesidenten-07-herbert-wehner-213730,Herbert Wehner will Gemeinsames hüten und pflegen,Deutscher Bundestag,,high,False,,research/ml/artifacts/v5_event_collection_repaired/results_post_repair/batch_01/V5_DEV_EVENT_BATCH_01_EVENTS_POST_REPAIR.csv,True,office
7165330348c41b657753,1,V5DEV_135,Herbert Wehner,STATUS,1969,positive,parliamentary_leadership_accession,Became chairman of the SPD parliamentary group in the Bundestag.,https://www.spdfraktion.de/node/39855,Über eine bewegte und bewegende Amtszeit,SPD-Bundestagsfraktion,2014-10-22,high,False,,research/ml/artifacts/v5_event_collection_repaired/results_post_repair/batch_01/V5_DEV_EVENT_BATCH_01_EVENTS_POST_REPAIR.csv,True,office
889c8c8fc3e19f4168b2,1,V5DEV_135,Herbert Wehner,STATUS,1983,,retirement_from_politics,Did not stand again and left the Bundestag after the 1983 election.,https://www.bundestag.de/dokumente/textarchiv/alterspraesidenten-07-herbert-wehner-213730,Herbert Wehner will Gemeinsames hüten und pflegen,Deutscher Bundestag,,high,True,Retirement/routine exit is not automatically a negative STATUS event.,research/ml/artifacts/v5_event_collection_repaired/results_post_repair/batch_01/V5_DEV_EVENT_BATCH_01_EVENTS_POST_REPAIR.csv,True,
41e4ff76db4c0ea2a6de,1,V5DEV_037,Sergio Caprari,COMPETITIVE,1952,negative,olympic_final_loss,Lost the Olympic featherweight final to Ján Zachara and finished runner-up.,https://www.olympedia.org/results/22529,"Featherweight (≤57 kilograms), Men",Olympedia,,high,False,,research/ml/artifacts/v5_event_collection_repaired/results_post_repair/batch_01/V5_DEV_EVENT_BATCH_01_EVENTS_POST_REPAIR.csv,True,title
d45966fa9aefc414c4a6,1,V5DEV_037,Sergio Caprari,COMPETITIVE,1952,positive,olympic_medal,Won the silver medal in the men's featherweight boxing event at the Helsinki Olympics.,https://www.olympedia.org/athletes/4084,Sergio Caprari,Olympedia,,high,False,,research/ml/artifacts/v5_event_collection_repaired/results_post_repair/batch_01/V5_DEV_EVENT_BATCH_01_EVENTS_POST_REPAIR.csv,True,title
c01035a25f29134976e6,1,V5DEV_037,Sergio Caprari,COMPETITIVE,1956,positive,national_title_win,Won the Italian professional featherweight title by TKO over Nello Barbadaro.,https://www.olympedia.org/athletes/4084,Sergio Caprari,Olympedia,,high,False,,research/ml/artifacts/v5_event_collection_repaired/results_post_repair/batch_01/V5_DEV_EVENT_BATCH_01_EVENTS_POST_REPAIR.csv,True,title
479a76ec1b3b8aa102d1,1,V5DEV_037,Sergio Caprari,COMPETITIVE,1958,negative,continental_title_loss,Lost the European featherweight title to Gracieux Lamperti.,https://www.olympedia.org/athletes/4084,Sergio Caprari,Olympedia,,high,False,,research/ml/artifacts/v5_event_collection_repaired/results_post_repair/batch_01/V5_DEV_EVENT_BATCH_01_EVENTS_POST_REPAIR.csv,True,title
c7b678529da490e4f000,1,V5DEV_037,Sergio Caprari,COMPETITIVE,1958,positive,continental_title_win,Won the European featherweight title by TKO over Jean Sneyers.,https://www.olympedia.org/athletes/4084,Sergio Caprari,Olympedia,,high,False,,research/ml/artifacts/v5_event_collection_repaired/results_post_repair/batch_01/V5_DEV_EVENT_BATCH_01_EVENTS_POST_REPAIR.csv,True,title
6d61f1796b3f8638e2f0,1,V5DEV_037,Sergio Caprari,COMPETITIVE,1961,negative,world_title_challenge_loss,Lost his challenge for the World Super Featherweight title to Flash Elorde by first-round TKO.,https://www.olympedia.org/athletes/4084,Sergio Caprari,Olympedia,,high,False,,research/ml/artifacts/v5_event_collection_repaired/results_post_repair/batch_01/V5_DEV_EVENT_BATCH_01_EVENTS_POST_REPAIR.csv,True,title
39bc43ba1023af09a4a3,2,V5DEV_006,Nathalie Simon,COMPETITIVE,1986,positive,national_title_win,Won the French windsurfing championship.,https://www.liv-cycling.com/fr/news/portrait-de-nathalie-simon-de-la-planche-a-voile-au-velo/29953,Portrait de Nathalie Simon : De la planche à voile au vélo !,Liv Cycling,2025-07-16,high,False,,research/ml/artifacts/v5_event_collection_repaired/results_post_repair/batch_02/V5_DEV_EVENT_BATCH_02_EVENTS_POST_REPAIR.csv,True,title
d75af1ecd03fd8fee243,2,V5DEV_006,Nathalie Simon,COMPETITIVE,1989,positive,world_cup_stage_win,Won a windsurfing World Cup stage at Hyères.,https://femmedesport.com/nathalie-simon-de-la-planche-a-voile-a-la-tele-2/,Nathalie Simon : de la planche à voile à la télé,Femme de Sport,2021-06-17,medium,False,,research/ml/artifacts/v5_event_collection_repaired/results_post_repair/batch_02/V5_DEV_EVENT_BATCH_02_EVENTS_POST_REPAIR.csv,True,title
425216ac02a315686b51,2,V5DEV_043,Lynn Anderson,PROJECT,1970,positive,recording_breakthrough,Her recording of 'Rose Garden' became a major crossover hit.,https://countrymusichalloffame.org/press/releases/museum-announces-details-for-lynn-anderson-exhibition-2,Museum Announces Details for Lynn Anderson Exhibition,Country Music Hall of Fame and Museum,2017-09-13,high,False,,research/ml/artifacts/v5_event_collection_repaired/results_post_repair/batch_02/V5_DEV_EVENT_BATCH_02_EVENTS_POST_REPAIR.csv,True,release
67cbe3e804b33522e418,2,V5DEV_043,Lynn Anderson,PROJECT,1971,positive,recording_award_win,'Rose Garden' won the Grammy for Best Female Country Vocal Performance.,https://www.grammy.com/artists/lynn-anderson/447/,"Lynn Anderson Grammy Awards and Nominations, Song & Bio",Recording Academy / GRAMMY.com,,high,False,,research/ml/artifacts/v5_event_collection_repaired/results_post_repair/batch_02/V5_DEV_EVENT_BATCH_02_EVENTS_POST_REPAIR.csv,True,award
3da48d9745ac508ac2a7,2,V5DEV_043,Lynn Anderson,PROJECT,2005,,award_nomination,'The Bluegrass Sessions' received a Grammy nomination for Best Bluegrass Album.,https://www.grammy.com/artists/lynn-anderson/447/,"Lynn Anderson Grammy Awards and Nominations, Song & Bio",Recording Academy / GRAMMY.com,,high,True,Nomination only; no decisive PROJECT outcome recorded under the frozen rule.,research/ml/artifacts/v5_event_collection_repaired/results_post_repair/batch_02/V5_DEV_EVENT_BATCH_02_EVENTS_POST_REPAIR.csv,True,award
d2d7a36e871e61a37138,2,V5DEV_098,Donatella Versace,STATUS,1997,positive,creative_leadership_accession,"Assumed leadership of Versace's creative vision after Gianni Versace's death, later serving as chief creative officer.",https://www.capriholdings.com/news/news-details/2025/Donatella-Versace-Assumes-Role-of-Chief-Brand-Ambassador-of-Versace/default.aspx,Donatella Versace Assumes Role of Chief Brand Ambassador of Versace,Capri Holdings,2025-03-13,high,False,,research/ml/artifacts/v5_event_collection_repaired/results_post_repair/batch_02/V5_DEV_EVENT_BATCH_02_EVENTS_POST_REPAIR.csv,True,office
7f4439a22bc66ee0edbb,2,V5DEV_098,Donatella Versace,STATUS,2025,negative,creative_authority_stepdown,Stepped down from chief creative officer and moved to chief brand ambassador as Dario Vitale took the creative leadership role.,https://www.capriholdings.com/news/news-details/2025/Donatella-Versace-Assumes-Role-of-Chief-Brand-Ambassador-of-Versace/default.aspx,Donatella Versace Assumes Role of Chief Brand Ambassador of Versace,Capri Holdings,2025-03-13,high,False,,research/ml/artifacts/v5_event_collection_repaired/results_post_repair/batch_02/V5_DEV_EVENT_BATCH_02_EVENTS_POST_REPAIR.csv,True,
70c15d11f72dfc47b110,2,V5DEV_039,Andreas Ostler,COMPETITIVE,1951,positive,world_championship_win,Won world championships in both two-man and four-man bobsleigh.,https://www.olympedia.org/athletes/96104,Anderl Ostler,Olympedia,,high,False,,research/ml/artifacts/v5_event_collection_repaired/results_post_repair/batch_02/V5_DEV_EVENT_BATCH_02_EVENTS_POST_REPAIR.csv,True,title
c49d7cb4692d1526bcdc,2,V5DEV_039,Andreas Ostler,COMPETITIVE,1952,positive,olympic_gold,Won Olympic gold in both the two-man and four-man bobsleigh events at Oslo.,https://www.olympedia.org/athletes/96104,Anderl Ostler,Olympedia,,high,False,,research/ml/artifacts/v5_event_collection_repaired/results_post_repair/batch_02/V5_DEV_EVENT_BATCH_02_EVENTS_POST_REPAIR.csv,True,title
9ffd98512de80328cecd,2,V5DEV_039,Andreas Ostler,COMPETITIVE,1953,positive,world_championship_medal,Won silver medals in both two-man and four-man events at the World Championships.,https://www.olympedia.org/athletes/96104,Anderl Ostler,Olympedia,,high,False,,research/ml/artifacts/v5_event_collection_repaired/results_post_repair/batch_02/V5_DEV_EVENT_BATCH_02_EVENTS_POST_REPAIR.csv,True,title
2039c43378eee11ef28d,2,V5DEV_039,Andreas Ostler,COMPETITIVE,1956,negative,olympic_non_medal_finish,Finished eighth in the Olympic two-man bobsleigh event at Cortina d'Ampezzo.,https://www.olympedia.org/athletes/96104,Anderl Ostler,Olympedia,,high,False,,research/ml/artifacts/v5_event_collection_repaired/results_post_repair/batch_02/V5_DEV_EVENT_BATCH_02_EVENTS_POST_REPAIR.csv,True,title
04b1ccc761f6e4c87544,2,V5DEV_086,Nora Arnezeder,PROJECT,2009,positive,film_performance_award,Won the Lumière Award for Most Promising Young Actress for 'Faubourg 36' ('Paris 36').,https://www.vma.fr/fiche.cfm/748200_nora-arnezeder,Nora Arnezeder,VMA,,medium,False,,research/ml/artifacts/v5_event_collection_repaired/results_post_repair/batch_02/V5_DEV_EVENT_BATCH_02_EVENTS_POST_REPAIR.csv,True,award
1780ac9e5b9b1434a0f9,2,V5DEV_086,Nora Arnezeder,PROJECT,2020,,directing_credit,Directed the short film 'Agnes'.,https://www.vma.fr/fiche.cfm/748200_nora-arnezeder,Nora Arnezeder,VMA,,medium,True,Project completion/credit alone is not an eligible PROJECT outcome.,research/ml/artifacts/v5_event_collection_repaired/results_post_repair/batch_02/V5_DEV_EVENT_BATCH_02_EVENTS_POST_REPAIR.csv,True,
fb137fb460249b7f1743,2,V5DEV_101,Queen Latifah,STATUS,1995,positive,company_founder_leadership,Co-founded Flavor Unit Entertainment with Shakim Compere; contemporaneous coverage also identified her as a CEO of the Flavor Unit business.,https://www.paramountpressexpress.com/cbs-entertainment/talent/?view=queen-latifah,Queen Latifah - Bio,Paramount Press Express / CBS Entertainment,,high,False,,research/ml/artifacts/v5_event_collection_repaired/results_post_repair/batch_02/V5_DEV_EVENT_BATCH_02_EVENTS_POST_REPAIR.csv,True,office
786d4a330f96a8319a1a,2,V5DEV_018,Armin Hary,COMPETITIVE,1958,positive,continental_championship_win,Won European Championship gold in the 100 metres and 4x100 metres relay.,https://www.olympedia.org/athletes/70267%26lang%3Den,Armin Hary,Olympedia,,high,False,,research/ml/artifacts/v5_event_collection_repaired/results_post_repair/batch_02/V5_DEV_EVENT_BATCH_02_EVENTS_POST_REPAIR.csv,True,title
fbe20e151f7cdfd4f9ec,2,V5DEV_018,Armin Hary,COMPETITIVE,1960,positive,world_record,Became the first sprinter to record 10.0 seconds for 100 metres.,https://worldathletics.org/athletes/germany/armin-hary-14359809,Armin Hary - Profile,World Athletics,,high,False,,research/ml/artifacts/v5_event_collection_repaired/results_post_repair/batch_02/V5_DEV_EVENT_BATCH_02_EVENTS_POST_REPAIR.csv,True,release
60f7da61f705dbc07bcf,2,V5DEV_018,Armin Hary,COMPETITIVE,1960,positive,olympic_gold,Won Olympic gold in the 100 metres and 4x100 metres relay in Rome.,https://www.olympedia.org/athletes/70267%26lang%3Den,Armin Hary,Olympedia,,high,False,,research/ml/artifacts/v5_event_collection_repaired/results_post_repair/batch_02/V5_DEV_EVENT_BATCH_02_EVENTS_POST_REPAIR.csv,True,title
3c2c104d39d5781e4dce,2,V5DEV_018,Armin Hary,COMPETITIVE,1960,,administrative_suspension,Was suspended by the German athletics federation after the Rome Olympics over expense-report issues.,https://www.olympedia.org/athletes/70267%26lang%3Den,Armin Hary,Olympedia,,high,True,Administrative/disciplinary episode rather than direct competitive outcome.,research/ml/artifacts/v5_event_collection_repaired/results_post_repair/batch_02/V5_DEV_EVENT_BATCH_02_EVENTS_POST_REPAIR.csv,True,
7fbcc6e2080c24f74c5a,2,V5DEV_064,Gus Van Sant,PROJECT,1998,positive,film_awards_breakthrough,'Good Will Hunting' received nine Academy Award nominations and two wins; Van Sant was nominated for directing.,https://www.oscars.org/oscars/ceremonies/1998,The 70th Academy Awards | 1998,Academy of Motion Picture Arts and Sciences,1998-03-23,high,False,,research/ml/artifacts/v5_event_collection_repaired/results_post_repair/batch_02/V5_DEV_EVENT_BATCH_02_EVENTS_POST_REPAIR.csv,True,award
7451cf0d6a605668c1b9,2,V5DEV_064,Gus Van Sant,PROJECT,1998,negative,commercial_failure,'Psycho' grossed about $37.2 million worldwide against a reported $60 million production budget.,https://www.boxofficemojo.com/title/tt0155975/,Psycho (1998),Box Office Mojo,,high,False,,research/ml/artifacts/v5_event_collection_repaired/results_post_repair/batch_02/V5_DEV_EVENT_BATCH_02_EVENTS_POST_REPAIR.csv,True,
a7a095a89d2b748062f2,2,V5DEV_064,Gus Van Sant,PROJECT,2003,positive,film_festival_award,'Elephant' won both the Palme d'Or and Best Director award at Cannes.,https://www.festival-cannes.com/en/f/elephant/,ELEPHANT,Festival de Cannes,,high,False,,research/ml/artifacts/v5_event_collection_repaired/results_post_repair/batch_02/V5_DEV_EVENT_BATCH_02_EVENTS_POST_REPAIR.csv,True,award
ac62a3466c6689abf6a3,2,V5DEV_064,Gus Van Sant,PROJECT,2007,positive,film_festival_award,'Paranoid Park' won the Cannes Film Festival's 60th Anniversary Prize.,https://www.festival-cannes.com/en/retrospective/2007/palmares/,Retrospective - 2007 Awards,Festival de Cannes,,high,False,,research/ml/artifacts/v5_event_collection_repaired/results_post_repair/batch_02/V5_DEV_EVENT_BATCH_02_EVENTS_POST_REPAIR.csv,True,award
8f5b86e4fd7144a42b72,2,V5DEV_099,Magda Goebbels,STATUS,1930,,local_party_role,Became Frauenchaftsleiterin of the NSDAP Berlin-Westend local group.,https://www.dhm.de/lemo/biografie/magda-goebbels,LeMO Biografie - Magda Goebbels,Deutsches Historisches Museum,,high,True,Local-level role not sufficiently major for core STATUS.,research/ml/artifacts/v5_event_collection_repaired/results_post_repair/batch_02/V5_DEV_EVENT_BATCH_02_EVENTS_POST_REPAIR.csv,True,
edacf239b1c4be2e1158,2,V5DEV_099,Magda Goebbels,STATUS,1938,,state_honor,Received the Cross of Honour of the German Mother.,https://www.dhm.de/lemo/biografie/magda-goebbels,LeMO Biografie - Magda Goebbels,Deutsches Historisches Museum,,high,True,Honor without direct authority/status-office change.,research/ml/artifacts/v5_event_collection_repaired/results_post_repair/batch_02/V5_DEV_EVENT_BATCH_02_EVENTS_POST_REPAIR.csv,True,
38abae82deca222d1b66,2,V5DEV_089,Hans Quest,PROJECT,1962,positive,television_breakthrough,"Directed the six-part television thriller 'Das Halstuch', a major audience phenomenon with roughly nine-tenths of TV sets tuned in.",https://filmlexikon.uni-kiel.de/doku.php/strassenfeger,Straßenfeger,"Lexikon der Filmbegriffe, Universität Kiel",,high,False,,research/ml/artifacts/v5_event_collection_repaired/results_post_repair/batch_02/V5_DEV_EVENT_BATCH_02_EVENTS_POST_REPAIR.csv,True,release
9934d6edb18034ad82ae,2,V5DEV_089,Hans Quest,PROJECT,1955,,director_credit,Directed the feature film 'Wenn der Vater mit dem Sohne'.,https://www.filmportal.de/film/wenn-der-vater-mit-dem-sohne_c685529eca4849bc9e58807a10d80be3,Wenn der Vater mit dem Sohne,filmportal.de,,high,True,Release/credit alone is not an eligible PROJECT outcome.,research/ml/artifacts/v5_event_collection_repaired/results_post_repair/batch_02/V5_DEV_EVENT_BATCH_02_EVENTS_POST_REPAIR.csv,True,
9ea41fe52d03c534bac7,2,V5DEV_096,Heidi Fleiss,STATUS,1990,,business_operation,Launched and ran a high-end prostitution operation that became known as the 'Hollywood Madam' business.,https://www.biography.com/crime/heidi-fleiss,Heidi Fleiss,Biography.com / A&E,,medium,True,Not a qualifying formal or institutional STATUS accession.,research/ml/artifacts/v5_event_collection_repaired/results_post_repair/batch_02/V5_DEV_EVENT_BATCH_02_EVENTS_POST_REPAIR.csv,True,
190ea8d03080f82d8826,2,V5DEV_096,Heidi Fleiss,STATUS,1993,,legal_disruption,Was arrested and charged in connection with the prostitution operation.,https://www.biography.com/crime/heidi-fleiss,Heidi Fleiss,Biography.com / A&E,,medium,True,Frozen STATUS rule excludes legal disruption without direct qualifying status loss.,research/ml/artifacts/v5_event_collection_repaired/results_post_repair/batch_02/V5_DEV_EVENT_BATCH_02_EVENTS_POST_REPAIR.csv,True,
8e07e452c8b62fc1c921,2,V5DEV_096,Heidi Fleiss,STATUS,1994,,criminal_conviction,Was convicted on three pandering counts in Los Angeles Superior Court.,https://www.latimes.com/archives/la-xpm-1994-12-03-mn-4216-story.html,Fleiss Convicted on 3 Pandering Charges,Los Angeles Times,1994-12-03,high,True,Legal outcome without a qualifying formal authority/office transition.,research/ml/artifacts/v5_event_collection_repaired/results_post_repair/batch_02/V5_DEV_EVENT_BATCH_02_EVENTS_POST_REPAIR.csv,True,
8537c7f19ba0a92882be,2,V5DEV_027,Cosimo Pinto,COMPETITIVE,1963,positive,international_title_win,Won gold in light-heavyweight boxing at the Mediterranean Games.,https://www.olympedia.org/athletes/4159,Cosimo Pinto,Olympedia,,high,False,,research/ml/artifacts/v5_event_collection_repaired/results_post_repair/batch_02/V5_DEV_EVENT_BATCH_02_EVENTS_POST_REPAIR.csv,True,title
147d493bd80cc9ec8e0b,2,V5DEV_027,Cosimo Pinto,COMPETITIVE,1964,positive,olympic_gold,Won Olympic gold in the men's light-heavyweight boxing event in Tokyo.,https://www.olympedia.org/athletes/4159,Cosimo Pinto,Olympedia,,high,False,,research/ml/artifacts/v5_event_collection_repaired/results_post_repair/batch_02/V5_DEV_EVENT_BATCH_02_EVENTS_POST_REPAIR.csv,True,title
93e4a2fb40576315813b,2,V5DEV_027,Cosimo Pinto,COMPETITIVE,1965,positive,national_title_win,Won the Italian light-heavyweight boxing championship.,https://www.olympedia.org/athletes/4159,Cosimo Pinto,Olympedia,,high,False,,research/ml/artifacts/v5_event_collection_repaired/results_post_repair/batch_02/V5_DEV_EVENT_BATCH_02_EVENTS_POST_REPAIR.csv,True,title
a4cd382ee3872464e02f,2,V5DEV_027,Cosimo Pinto,COMPETITIVE,1967,positive,national_title_and_continental_medal,Won another Italian championship and a bronze medal at the European Championships.,https://www.olympedia.org/athletes/4159,Cosimo Pinto,Olympedia,,high,False,,research/ml/artifacts/v5_event_collection_repaired/results_post_repair/batch_02/V5_DEV_EVENT_BATCH_02_EVENTS_POST_REPAIR.csv,True,title
bf271e356aab8466751c,2,V5DEV_027,Cosimo Pinto,COMPETITIVE,1968,,retirement,Retired from boxing before the Mexico City Olympics.,https://www.olympedia.org/athletes/4159,Cosimo Pinto,Olympedia,,high,True,Retirement is not automatically a negative COMPETITIVE outcome.,research/ml/artifacts/v5_event_collection_repaired/results_post_repair/batch_02/V5_DEV_EVENT_BATCH_02_EVENTS_POST_REPAIR.csv,True,
45669251376995af682d,2,V5DEV_062,O. W. Fischer,PROJECT,1957,positive,film_festival_award,"'Ich suche dich', which Fischer directed and starred in, won the Silver Seashell and OCIC Award at San Sebastián.",https://www.imdb.com/title/tt0045903/awards/,Ich suche dich - Awards,IMDb,,medium,False,,research/ml/artifacts/v5_event_collection_repaired/results_post_repair/batch_02/V5_DEV_EVENT_BATCH_02_EVENTS_POST_REPAIR.csv,True,award
5e2e25a67f7b3de72643,2,V5DEV_062,O. W. Fischer,PROJECT,1957,negative,committed_project_exit,Exited Universal's 'My Man Godfrey' over irreconcilable differences and was replaced by David Niven; Universal pursued damages before a settlement.,https://catalog.afi.com/Film/52293-MY-MAN-GODFREY,My Man Godfrey (1957),AFI Catalog,,high,False,,research/ml/artifacts/v5_event_collection_repaired/results_post_repair/batch_02/V5_DEV_EVENT_BATCH_02_EVENTS_POST_REPAIR.csv,True,resign
038371a412cb8a88776c,2,V5DEV_155,Gerhard Stoltenberg,STATUS,1971,positive,minister_president_accession,Was elected Minister-President of Schleswig-Holstein after the CDU's state-election victory.,https://www.kas.de/en/web/geschichte-der-cdu/significant-figures/biogram-detail/-/content/gerhard-stoltenberg-v1,Gerhard Stoltenberg,Konrad-Adenauer-Stiftung,,high,False,,research/ml/artifacts/v5_event_collection_repaired/results_post_repair/batch_02/V5_DEV_EVENT_BATCH_02_EVENTS_POST_REPAIR.csv,True,office
017fa17b4b01fa1c2974,2,V5DEV_155,Gerhard Stoltenberg,STATUS,1982,positive,federal_minister_accession,Was appointed Federal Minister of Finance by Chancellor Helmut Kohl.,https://www.kas.de/en/web/geschichte-der-cdu/significant-figures/biogram-detail/-/content/gerhard-stoltenberg-v1,Gerhard Stoltenberg,Konrad-Adenauer-Stiftung,,high,False,,research/ml/artifacts/v5_event_collection_repaired/results_post_repair/batch_02/V5_DEV_EVENT_BATCH_02_EVENTS_POST_REPAIR.csv,True,office
9159befc15f04fce563a,2,V5DEV_155,Gerhard Stoltenberg,STATUS,1989,positive,federal_minister_transition,Moved to lead the Federal Ministry of Defence.,https://www.kas.de/en/web/geschichte-der-cdu/significant-figures/biogram-detail/-/content/gerhard-stoltenberg-v1,Gerhard Stoltenberg,Konrad-Adenauer-Stiftung,,high,False,,research/ml/artifacts/v5_event_collection_repaired/results_post_repair/batch_02/V5_DEV_EVENT_BATCH_02_EVENTS_POST_REPAIR.csv,True,office
db7a04a261f3f86b91e7,2,V5DEV_155,Gerhard Stoltenberg,STATUS,1992,negative,ministerial_resignation,Resigned as Federal Minister of Defence and was formally released from office after taking responsibility for an unauthorized tank shipment to Turkey.,https://www.bundesregierung.de/breg-de/service/newsletter-und-abos/bulletin/zum-wechsel-im-amt-des-bundesministers-der-verteidigung-erklaerung-des-bundesministers-der-verteidigung-789114,Zum Wechsel im Amt des Bundesministers der Verteidigung,Bundesregierung,1992-04-02,high,False,,research/ml/artifacts/v5_event_collection_repaired/results_post_repair/batch_02/V5_DEV_EVENT_BATCH_02_EVENTS_POST_REPAIR.csv,True,office
bcb54664542ef8761303,2,V5DEV_084,Mia Martini,PROJECT,1982,positive,song_award_win,'E non finisce mica il cielo' received the inaugural Sanremo Critics' Prize.,https://www.ansa.it/sito/notizie/cultura/2015/02/04/sanremo-i-vincitori-del-premio-della-critica_ff9c84a8-8cc1-4501-9d90-4b3ff17a2f66.html,Sanremo: i vincitori del Premio della Critica,ANSA,2015-02-04,high,False,,research/ml/artifacts/v5_event_collection_repaired/results_post_repair/batch_02/V5_DEV_EVENT_BATCH_02_EVENTS_POST_REPAIR.csv,True,award
d2eb5118cf300393850b,2,V5DEV_084,Mia Martini,PROJECT,1985,negative,festival_selection_rejection,Her attempted Sanremo return with Paolo Conte's 'Spaccami il cuore' was excluded from selection.,https://www.italianopera.org/en/artists/musicians/singers/m/mia-martini/,The biography of Mia Martini,ItalianOpera.org,,medium,False,,research/ml/artifacts/v5_event_collection_repaired/results_post_repair/batch_02/V5_DEV_EVENT_BATCH_02_EVENTS_POST_REPAIR.csv,True,election
d4ca9c19b2c058ad3daa,2,V5DEV_084,Mia Martini,PROJECT,1989,positive,song_award_win,'Almeno tu nell'universo' won the Sanremo Critics' Prize.,https://www.ansa.it/sito/notizie/cultura/2015/02/04/sanremo-i-vincitori-del-premio-della-critica_ff9c84a8-8cc1-4501-9d90-4b3ff17a2f66.html,Sanremo: i vincitori del Premio della Critica,ANSA,2015-02-04,high,False,,research/ml/artifacts/v5_event_collection_repaired/results_post_repair/batch_02/V5_DEV_EVENT_BATCH_02_EVENTS_POST_REPAIR.csv,True,award
2d5fe94e45afa5d756c2,2,V5DEV_084,Mia Martini,PROJECT,1990,positive,song_award_win,'La nevicata del '56' shared the Sanremo Critics' Prize.,https://www.ansa.it/sito/notizie/cultura/2015/02/04/sanremo-i-vincitori-del-premio-della-critica_ff9c84a8-8cc1-4501-9d90-4b3ff17a2f66.html,Sanremo: i vincitori del Premio della Critica,ANSA,2015-02-04,high,False,,research/ml/artifacts/v5_event_collection_repaired/results_post_repair/batch_02/V5_DEV_EVENT_BATCH_02_EVENTS_POST_REPAIR.csv,True,award
27f3684d73aeff343ba5,2,V5DEV_084,Mia Martini,PROJECT,1992,positive,festival_runner_up,'Gli uomini non cambiano' finished second at the Sanremo Music Festival.,https://www.hitparadeitalia.it/sanremo/edizioni/1992.htm,Festival di Sanremo 1992,Hit Parade Italia,,medium,False,,research/ml/artifacts/v5_event_collection_repaired/results_post_repair/batch_02/V5_DEV_EVENT_BATCH_02_EVENTS_POST_REPAIR.csv,True,
5c3696bbeea16b72800f,2,V5DEV_100,Sandra Day O'Connor,STATUS,1969,positive,legislative_office_accession,Was appointed to the Arizona State Senate.,https://www.supremecourt.gov/about/biographyOconnor.aspx,Biography of Associate Justice Sandra Day O’Connor,Supreme Court of the United States,,high,False,,research/ml/artifacts/v5_event_collection_repaired/results_post_repair/batch_02/V5_DEV_EVENT_BATCH_02_EVENTS_POST_REPAIR.csv,True,office
a9ee72b93dc35904c753,2,V5DEV_100,Sandra Day O'Connor,STATUS,1973,positive,legislative_leadership_accession,Became majority leader of the Arizona State Senate.,https://www.fjc.gov/history/judges/oconnor-sandra-day,"O'Connor, Sandra Day",Federal Judicial Center,,high,False,,research/ml/artifacts/v5_event_collection_repaired/results_post_repair/batch_02/V5_DEV_EVENT_BATCH_02_EVENTS_POST_REPAIR.csv,True,office
cc610cca8157db7e8d41,2,V5DEV_100,Sandra Day O'Connor,STATUS,1975,positive,judicial_office_accession,Became a judge on the Maricopa County Superior Court.,https://www.fjc.gov/history/judges/oconnor-sandra-day,"O'Connor, Sandra Day",Federal Judicial Center,,high,False,,research/ml/artifacts/v5_event_collection_repaired/results_post_repair/batch_02/V5_DEV_EVENT_BATCH_02_EVENTS_POST_REPAIR.csv,True,office
99c9398f4a86efc5d0b1,2,V5DEV_100,Sandra Day O'Connor,STATUS,1979,positive,appellate_judicial_accession,Was appointed to the Arizona Court of Appeals.,https://www.supremecourt.gov/about/biographyOconnor.aspx,Biography of Associate Justice Sandra Day O’Connor,Supreme Court of the United States,,high,False,,research/ml/artifacts/v5_event_collection_repaired/results_post_repair/batch_02/V5_DEV_EVENT_BATCH_02_EVENTS_POST_REPAIR.csv,True,office
06d40c650b120217f258,2,V5DEV_100,Sandra Day O'Connor,STATUS,1981,positive,supreme_court_accession,Was confirmed and took her seat as an Associate Justice of the U.S. Supreme Court.,https://www.supremecourt.gov/about/biographyOconnor.aspx,Biography of Associate Justice Sandra Day O’Connor,Supreme Court of the United States,,high,False,,research/ml/artifacts/v5_event_collection_repaired/results_post_repair/batch_02/V5_DEV_EVENT_BATCH_02_EVENTS_POST_REPAIR.csv,True,office
91bde2b6380e024ef069,2,V5DEV_100,Sandra Day O'Connor,STATUS,2006,,retirement,"Retired from the Supreme Court on January 31, 2006.",https://www.supremecourt.gov/about/biographyOconnor.aspx,Biography of Associate Justice Sandra Day O’Connor,Supreme Court of the United States,,high,True,Routine retirement is not automatically a negative STATUS event.,research/ml/artifacts/v5_event_collection_repaired/results_post_repair/batch_02/V5_DEV_EVENT_BATCH_02_EVENTS_POST_REPAIR.csv,True,
7f1d68d5c3c7d9e17ff8,2,V5DEV_071,Charlton Heston,PROJECT,1960,positive,film_performance_award,Won the Academy Award for Best Actor for 'Ben-Hur'.,https://www.oscars.org/oscars/ceremonies/1960,The 32nd Academy Awards | 1960,Academy of Motion Picture Arts and Sciences,1960-04-04,high,False,,research/ml/artifacts/v5_event_collection_repaired/results_post_repair/batch_02/V5_DEV_EVENT_BATCH_02_EVENTS_POST_REPAIR.csv,True,award
ae22391b9579000b9c25,2,V5DEV_125,Neel Kashkari,STATUS,2014,negative,electoral_defeat,Lost the California gubernatorial general election to incumbent Jerry Brown.,https://www.minneapolisfed.org/news-releases/2015/federal-reserve-bank-of-minneapolis-announcement-november-10-2015,Federal Reserve Bank of Minneapolis names Neel Kashkari as president and chief executive officer,Federal Reserve Bank of Minneapolis,2015-11-10,high,False,,research/ml/artifacts/v5_event_collection_repaired/results_post_repair/batch_02/V5_DEV_EVENT_BATCH_02_EVENTS_POST_REPAIR.csv,True,
88bd9dc7dfc012907b20,2,V5DEV_125,Neel Kashkari,STATUS,2016,positive,institutional_president_accession,Took office as president and CEO of the Federal Reserve Bank of Minneapolis.,https://www.minneapolisfed.org/news-releases/2015/federal-reserve-bank-of-minneapolis-announcement-november-10-2015,Federal Reserve Bank of Minneapolis names Neel Kashkari as president and chief executive officer,Federal Reserve Bank of Minneapolis,2015-11-10,high,False,,research/ml/artifacts/v5_event_collection_repaired/results_post_repair/batch_02/V5_DEV_EVENT_BATCH_02_EVENTS_POST_REPAIR.csv,True,office
99f16419e53145bb43a0,2,V5DEV_126,Adolf Eichmann,STATUS,1940,positive,security_office_leadership_accession,Became director of RSHA section IV D 4.,https://encyclopedia.ushmm.org/content/en/article/adolf-eichmann-key-dates,Adolf Eichmann: Key Dates,United States Holocaust Memorial Museum,,high,False,,research/ml/artifacts/v5_event_collection_repaired/results_post_repair/batch_02/V5_DEV_EVENT_BATCH_02_EVENTS_POST_REPAIR.csv,True,office
e4a5e0bd36de2065a878,2,V5DEV_126,Adolf Eichmann,STATUS,1941,positive,security_office_leadership_accession,Became director of RSHA section IV B 4 and was later promoted to SS-Obersturmbannführer.,https://encyclopedia.ushmm.org/content/en/article/adolf-eichmann-key-dates,Adolf Eichmann: Key Dates,United States Holocaust Memorial Museum,,high,False,,research/ml/artifacts/v5_event_collection_repaired/results_post_repair/batch_02/V5_DEV_EVENT_BATCH_02_EVENTS_POST_REPAIR.csv,True,office
0f0187d591b4834aa826,2,V5DEV_126,Adolf Eichmann,STATUS,1945,negative,institutional_authority_collapse,"Nazi Germany surrendered and, by war's end, Eichmann was in U.S. custody, ending his RSHA/SS authority.",https://encyclopedia.ushmm.org/content/en/article/adolf-eichmann,Adolf Eichmann,United States Holocaust Memorial Museum,,high,False,,research/ml/artifacts/v5_event_collection_repaired/results_post_repair/batch_02/V5_DEV_EVENT_BATCH_02_EVENTS_POST_REPAIR.csv,True,resign
2e96ae7377ba09acf877,2,V5DEV_035,Benoît Paire,COMPETITIVE,2013,negative,tour_final_loss,Reached the Montpellier ATP singles final but finished runner-up.,https://www.atptour.com/en/players/Beno%C3%AEt_Paire/PD31/bio,Benoit Paire | Bio,ATP Tour,,high,False,,research/ml/artifacts/v5_event_collection_repaired/results_post_repair/batch_02/V5_DEV_EVENT_BATCH_02_EVENTS_POST_REPAIR.csv,True,title
862894e3d2c7be4b6bbc,2,V5DEV_035,Benoît Paire,COMPETITIVE,2015,negative,tour_final_loss,"Lost the Tokyo ATP final to Stan Wawrinka, described by ATP as the biggest of his career finals.",https://www.atptour.com/en/players/Beno%C3%AEt_Paire/PD31/bio,Benoit Paire | Bio,ATP Tour,,high,False,,research/ml/artifacts/v5_event_collection_repaired/results_post_repair/batch_02/V5_DEV_EVENT_BATCH_02_EVENTS_POST_REPAIR.csv,True,title
00fe88aef934cf65d52f,2,V5DEV_035,Benoît Paire,COMPETITIVE,2015,positive,tour_title_win,Won his first ATP Tour singles title at Bastad.,https://www.atptour.com/en/players/Beno%C3%AEt_Paire/PD31/bio,Benoit Paire | Bio,ATP Tour,,high,False,,research/ml/artifacts/v5_event_collection_repaired/results_post_repair/batch_02/V5_DEV_EVENT_BATCH_02_EVENTS_POST_REPAIR.csv,True,title
6e01eee3ae11cf7b172b,2,V5DEV_035,Benoît Paire,COMPETITIVE,2019,positive,tour_title_win,Won the ATP Tour singles title in Marrakech.,https://www.atptour.com/en/scores/results-archive?year=2019,2019 Results Archive,ATP Tour,,high,False,,research/ml/artifacts/v5_event_collection_repaired/results_post_repair/batch_02/V5_DEV_EVENT_BATCH_02_EVENTS_POST_REPAIR.csv,True,title
c27f654e6d06c95b7236,2,V5DEV_035,Benoît Paire,COMPETITIVE,2019,positive,tour_title_win,"Won the ATP Tour singles title in Lyon, his third career ATP singles title.",https://www.fft.fr/actualites/benoit-paire-une-faim-de-lyon,"Benoît Paire, une faim de Lyon !",Fédération française de tennis,2019-05-25,high,False,,research/ml/artifacts/v5_event_collection_repaired/results_post_repair/batch_02/V5_DEV_EVENT_BATCH_02_EVENTS_POST_REPAIR.csv,True,title
545903550801568b96f0,2,V5DEV_110,Thomas P. O'Neill III,STATUS,1974,positive,lieutenant_governor_election_win,"Won the Democratic lieutenant-governor nomination and then won the Massachusetts gubernatorial election on the ticket with Michael Dukakis, taking office as lieutenant governor in 1975.",https://www.upi.com/Archives/1988/07/10/Democrats-88-Michael-Dukakis-A-political-career-resurrected/3684584510400/,Democrats 88: Michael Dukakis: A political career resurrected,UPI,1988-07-10,high,False,,research/ml/artifacts/v5_event_collection_repaired/results_post_repair/batch_02/V5_DEV_EVENT_BATCH_02_EVENTS_POST_REPAIR.csv,True,election
db0c20b4efece2b634fb,2,V5DEV_110,Thomas P. O'Neill III,STATUS,1975,positive,lieutenant_governor_accession,Began serving as Lieutenant Governor of Massachusetts.,https://politicalgraveyard.com/bio/oneill.html,The Political Graveyard: Index to Politicians: Oneill,The Political Graveyard,,medium,False,,research/ml/artifacts/v5_event_collection_repaired/results_post_repair/batch_02/V5_DEV_EVENT_BATCH_02_EVENTS_POST_REPAIR.csv,True,office
134d445ee91177ca41d8,2,V5DEV_110,Thomas P. O'Neill III,STATUS,1982,negative,gubernatorial_bid_withdrawal,Withdrew from the Massachusetts gubernatorial race after having announced his candidacy in 1981.,https://bostonlocaltv.org/catalog.html?f%5Bcollection_s%5D%5B%5D=Ten+O%27Clock+News&f%5Byear_i%5D%5B%5D=1982&per_page=50&q=political+campaigns&range%5Byear_i%5D%5Bmissing%5D=true&range_end=1991&range_field=year_i&range_start=1960&search_field=all_fields&sort=year_i+asc%2C+date_created_dt+asc%2C+title_sort+asc&utf8=%E2%9C%93,Thomas O'Neill III withdraws from gubernatorial race,Boston TV News Digital Library,1982-05-06,high,False,,research/ml/artifacts/v5_event_collection_repaired/results_post_repair/batch_02/V5_DEV_EVENT_BATCH_02_EVENTS_POST_REPAIR.csv,True,
8ca29d9a145472ec4a5b,3,V5DEV_020,Franck Ribéry,COMPETITIVE,2006,negative,world_cup_final_loss,France finished runner-up to Italy at the 2006 FIFA World Cup.,https://www.fifa.com/fr/tournaments/mens/worldcup/articles/vainqueurs-coupe-du-monde-de-la-fifa-1982-2026,Les champions du monde de 1982 à 2026,FIFA,,high,False,,research/ml/artifacts/v5_event_collection_repaired/results_post_repair/batch_03/V5_DEV_EVENT_BATCH_03_EVENTS_POST_REPAIR.csv,True,title
66c339f0230960e9b774,3,V5DEV_020,Franck Ribéry,COMPETITIVE,2012,negative,champions_league_final_loss,Bayern Munich lost the UEFA Champions League final to Chelsea on penalties; Ribéry started the match.,https://www.uefa.com/uefachampionsleague/news/0250-0c50fb78a384-1434bbcadbcb-1000/,Shoot-out win ends Chelsea's long wait for glory,UEFA,2012-05-19,high,False,,research/ml/artifacts/v5_event_collection_repaired/results_post_repair/batch_03/V5_DEV_EVENT_BATCH_03_EVENTS_POST_REPAIR.csv,True,title
bbb9fcf9d2b88e5c249d,3,V5DEV_020,Franck Ribéry,COMPETITIVE,2013,positive,champions_league_win,Won the UEFA Champions League with Bayern Munich after the club defeated Borussia Dortmund in the final.,https://www.uefa.com/uefachampionsleague/news/0250-0c50ff8665cc-fbdab9fa6ee6-1000/,2012/13: Robben ends Bayern run of final misery,UEFA,2013-05-29,high,False,,research/ml/artifacts/v5_event_collection_repaired/results_post_repair/batch_03/V5_DEV_EVENT_BATCH_03_EVENTS_POST_REPAIR.csv,True,
f475f4a5bf89023264ba,3,V5DEV_020,Franck Ribéry,COMPETITIVE,2013,positive,major_individual_award,Was voted UEFA Best Player in Europe for the 2012/13 season.,https://www.uefa.com/uefachampionsleague/news/0250-0c50fe103b73-0fcc5456ac81-1000/,Ribéry is crowned UEFA Best Player in Europe,UEFA,2013-08-29,high,False,,research/ml/artifacts/v5_event_collection_repaired/results_post_repair/batch_03/V5_DEV_EVENT_BATCH_03_EVENTS_POST_REPAIR.csv,True,award
91bd0f9e1c9e569c723c,3,V5DEV_081,Pasquale Squitieri,PROJECT,1984,positive,festival_competition_success,His film 'Claretta' competed at the Venice Film Festival; Claudia Cardinale received the Pasinetti acting prize for the film.,https://asac.labiennale.org/attivita/cinema/6926,Claretta,La Biennale di Venezia / ASAC,,high,False,,research/ml/artifacts/v5_event_collection_repaired/results_post_repair/batch_03/V5_DEV_EVENT_BATCH_03_EVENTS_POST_REPAIR.csv,True,
630e65951a327d4b8deb,3,V5DEV_081,Pasquale Squitieri,PROJECT,1988,positive,festival_award,'Gli invisibili' won the New Cinema Award at the Venice Film Festival.,https://www.imdb.com/fr-ca/name/nm0820155/awards/,Pasquale Squitieri - Awards,IMDb,,medium,False,,research/ml/artifacts/v5_event_collection_repaired/results_post_repair/batch_03/V5_DEV_EVENT_BATCH_03_EVENTS_POST_REPAIR.csv,True,award
6f35f56c842a2cd67952,3,V5DEV_081,Pasquale Squitieri,PROJECT,1999,negative,commercial_distribution_failure,"'Li chiamarono briganti' was described as a failure and was withdrawn from cinemas in unclear circumstances, closing many doors for Squitieri.",https://www.mattinopadova.it/cultura-e-spettacoli/squitieri-il-regista-scomodo-passioni-e-rabbia-sul-set-i4gctymt,"Squitieri, il regista scomodo passioni e rabbia sul set",Il Mattino di Padova,,medium,False,,research/ml/artifacts/v5_event_collection_repaired/results_post_repair/batch_03/V5_DEV_EVENT_BATCH_03_EVENTS_POST_REPAIR.csv,True,
1e2db99c9292e3a4fd0e,3,V5DEV_094,Emma Marcegaglia,STATUS,2008,positive,association_presidency,"Became president of Confindustria, the first woman to lead the association.",https://www.confindustria.it/storia/presidenti/,Presidenti,Confindustria,,high,False,,research/ml/artifacts/v5_event_collection_repaired/results_post_repair/batch_03/V5_DEV_EVENT_BATCH_03_EVENTS_POST_REPAIR.csv,True,
64f862d3fb8f97534892,3,V5DEV_094,Emma Marcegaglia,STATUS,2012,,routine_term_end,Her Confindustria presidency ended after the 2008-2012 term.,https://www.confindustria.it/storia/presidenti/,Presidenti,Confindustria,,high,True,Routine term completion is not automatically a negative STATUS event.,research/ml/artifacts/v5_event_collection_repaired/results_post_repair/batch_03/V5_DEV_EVENT_BATCH_03_EVENTS_POST_REPAIR.csv,True,
26be921824eeddae4ea0,3,V5DEV_094,Emma Marcegaglia,STATUS,2013,positive,european_association_presidency,Became chair of BusinessEurope.,https://www.eni.com/en-IT/governance/corporate-bodies/biographies/emma-marcegaglia.html,Emma Marcegaglia,Eni,,high,False,,research/ml/artifacts/v5_event_collection_repaired/results_post_repair/batch_03/V5_DEV_EVENT_BATCH_03_EVENTS_POST_REPAIR.csv,True,
542ae61241c1340d0325,3,V5DEV_094,Emma Marcegaglia,STATUS,2014,positive,corporate_chair_accession,Was appointed chairwoman of Eni's board of directors.,https://www.eni.com/en-IT/media/press-release/2014/05/eni-shareholders-approve-2013-financial-statements-and-appoints-the-company-officers-at-annual-meeting.html,Eni Shareholders approve 2013 Financial Statements and appoints the Company Officers at Annual Meeting,Eni,2014-05-08,high,False,,research/ml/artifacts/v5_event_collection_repaired/results_post_repair/batch_03/V5_DEV_EVENT_BATCH_03_EVENTS_POST_REPAIR.csv,True,office
346789ff03a9b5b62bfd,3,V5DEV_094,Emma Marcegaglia,STATUS,2020,,routine_term_end,Her period as Eni chair ended in 2020.,https://www.eni.com/en-IT/governance/corporate-bodies/biographies/emma-marcegaglia.html,Emma Marcegaglia,Eni,,high,True,Routine term completion is not automatically a negative STATUS event.,research/ml/artifacts/v5_event_collection_repaired/results_post_repair/batch_03/V5_DEV_EVENT_BATCH_03_EVENTS_POST_REPAIR.csv,True,
303dcf87f23f90a17363,3,V5DEV_004,Simone Barbier,COMPETITIVE,1929,,tournament_participation,Participated at Wimbledon; available bounded-sweep sources did not establish a major title-level success or decisive major failure for this year.,https://www.wikidata.org/wiki/Q3484531,Simone Barbier,Wikidata,,medium,True,Participation alone is not an eligible COMPETITIVE event.,research/ml/artifacts/v5_event_collection_repaired/results_post_repair/batch_03/V5_DEV_EVENT_BATCH_03_EVENTS_POST_REPAIR.csv,True,title
f8aa0b38fa935e00afcb,3,V5DEV_004,Simone Barbier,COMPETITIVE,1930,negative,grand_slam_doubles_final_loss,Finished runner-up in the French Championships women's doubles with Simonne Mathieu.,https://www.tennisfame.com/hall-of-famers/inductees/simonne-mathieu/,Simonne Mathieu,International Tennis Hall of Fame,,high,False,,research/ml/artifacts/v5_event_collection_repaired/results_post_repair/batch_03/V5_DEV_EVENT_BATCH_03_EVENTS_POST_REPAIR.csv,True,title
89cd547c03f90e830b2b,3,V5DEV_048,Cécile Aubry,PROJECT,1961,positive,television_series_success,"Created the television series 'Poly', the start of a successful children's television run.",https://www.hachette.fr/auteur/cecile-aubry/,Cécile Aubry,Hachette,,high,False,,research/ml/artifacts/v5_event_collection_repaired/results_post_repair/batch_03/V5_DEV_EVENT_BATCH_03_EVENTS_POST_REPAIR.csv,True,
2325ee79c565349ec120,3,V5DEV_048,Cécile Aubry,PROJECT,1965,positive,television_series_breakthrough,"'Belle et Sébastien', written and directed by Aubry, became a successful television series.",https://bristololdvic.org.uk/profile/c%C3%A9cile-aubry,Cécile Aubry,Bristol Old Vic,,medium,False,,research/ml/artifacts/v5_event_collection_repaired/results_post_repair/batch_03/V5_DEV_EVENT_BATCH_03_EVENTS_POST_REPAIR.csv,True,release
f9ce3fbe31e1e5e3db91,3,V5DEV_151,Franz Stangl,STATUS,1942,positive,commandant_accession,Became the first official commandant of the Sobibor killing center.,https://encyclopedia.ushmm.org/content/en/article/sobibor?series=23,Sobibor,United States Holocaust Memorial Museum,,high,False,,research/ml/artifacts/v5_event_collection_repaired/results_post_repair/batch_03/V5_DEV_EVENT_BATCH_03_EVENTS_POST_REPAIR.csv,True,office
89837d8d8817338e8d22,3,V5DEV_151,Franz Stangl,STATUS,1942,positive,commandant_transfer_accession,Was transferred from Sobibor to replace Irmfried Eberl as commandant of Treblinka II.,https://encyclopedia.ushmm.org/content/en/article/treblinka?series=23,Treblinka,United States Holocaust Memorial Museum,,high,False,,research/ml/artifacts/v5_event_collection_repaired/results_post_repair/batch_03/V5_DEV_EVENT_BATCH_03_EVENTS_POST_REPAIR.csv,True,office
e78f1d9c4cbd6c94f21f,3,V5DEV_151,Franz Stangl,STATUS,1967,,legal_arrest,Was arrested in Brazil and extradited to West Germany.,https://encyclopedia.ushmm.org/content/en/article/evading-justice,Evading Justice,United States Holocaust Memorial Museum,,high,True,Legal disruption without a contemporaneous qualifying office/authority loss is excluded from core STATUS.,research/ml/artifacts/v5_event_collection_repaired/results_post_repair/batch_03/V5_DEV_EVENT_BATCH_03_EVENTS_POST_REPAIR.csv,True,
a56277d6ac1031ed37e3,3,V5DEV_151,Franz Stangl,STATUS,1970,,criminal_conviction,Was sentenced to life imprisonment after trial in West Germany.,https://encyclopedia.ushmm.org/content/en/article/evading-justice,Evading Justice,United States Holocaust Memorial Museum,,high,True,Legal outcome without qualifying office/authority transition.,research/ml/artifacts/v5_event_collection_repaired/results_post_repair/batch_03/V5_DEV_EVENT_BATCH_03_EVENTS_POST_REPAIR.csv,True,
96f4059e98f37614645e,3,V5DEV_001,Isabelle Duchesnay,COMPETITIVE,1988,negative,olympic_non_medal_finish,Finished eighth in Olympic ice dance with Paul Duchesnay.,https://www.olympedia.org/athletes/80979,Isabelle Duchesnay,Olympedia,,high,False,,research/ml/artifacts/v5_event_collection_repaired/results_post_repair/batch_03/V5_DEV_EVENT_BATCH_03_EVENTS_POST_REPAIR.csv,True,title
4ef12817f9d045c60e71,3,V5DEV_001,Isabelle Duchesnay,COMPETITIVE,1991,positive,world_championship_win,Won the World Figure Skating Championships ice dance title with Paul Duchesnay.,https://www.olympedia.org/athletes/80979,Isabelle Duchesnay,Olympedia,,high,False,,research/ml/artifacts/v5_event_collection_repaired/results_post_repair/batch_03/V5_DEV_EVENT_BATCH_03_EVENTS_POST_REPAIR.csv,True,title
436d740a3b99489d0d12,3,V5DEV_001,Isabelle Duchesnay,COMPETITIVE,1992,positive,olympic_medal,Won the Olympic silver medal in ice dance.,https://www.olympedia.org/athletes/80979,Isabelle Duchesnay,Olympedia,,high,False,,research/ml/artifacts/v5_event_collection_repaired/results_post_repair/batch_03/V5_DEV_EVENT_BATCH_03_EVENTS_POST_REPAIR.csv,True,title
4a20596a64ea0830c4bc,3,V5DEV_061,Ernst Fritz Fürbringer,PROJECT,1959,,acting_credit,"Appeared in 'Der Pauker', one of his numerous film roles.",https://www.munzinger.de/register/portrait/biographien/fuerbringer%20e.-f./00/13059,E.-F. Fürbringer,Munzinger,,high,True,Credit alone is not an eligible PROJECT outcome.,research/ml/artifacts/v5_event_collection_repaired/results_post_repair/batch_03/V5_DEV_EVENT_BATCH_03_EVENTS_POST_REPAIR.csv,True,
dc856b51186f028fa7fb,3,V5DEV_025,Martin Lauer,COMPETITIVE,1956,negative,olympic_non_medal_finish,Finished fourth in the Olympic 110 metres hurdles and fifth in the decathlon.,https://www.olympedia.org/athletes/70375,Martin Lauer,Olympedia,,high,False,,research/ml/artifacts/v5_event_collection_repaired/results_post_repair/batch_03/V5_DEV_EVENT_BATCH_03_EVENTS_POST_REPAIR.csv,True,title
311c453d462f2f60c032,3,V5DEV_025,Martin Lauer,COMPETITIVE,1958,positive,european_championship_win,Won the European Championship in the 110 metres hurdles.,https://www.olympedia.org/athletes/70375,Martin Lauer,Olympedia,,high,False,,research/ml/artifacts/v5_event_collection_repaired/results_post_repair/batch_03/V5_DEV_EVENT_BATCH_03_EVENTS_POST_REPAIR.csv,True,title
166c6e1937b48bab7ef7,3,V5DEV_025,Martin Lauer,COMPETITIVE,1959,positive,world_record,Set a 13.2-second world record in the 110 metres hurdles.,https://www.olympedia.org/athletes/70375,Martin Lauer,Olympedia,,high,False,,research/ml/artifacts/v5_event_collection_repaired/results_post_repair/batch_03/V5_DEV_EVENT_BATCH_03_EVENTS_POST_REPAIR.csv,True,release
52820ebbeff5246c84d4,3,V5DEV_025,Martin Lauer,COMPETITIVE,1960,negative,olympic_non_medal_finish,Finished fourth in the Olympic 110 metres hurdles final.,https://www.olympedia.org/results/59716?id=60001,"110 metres Hurdles, Men",Olympedia,,high,False,,research/ml/artifacts/v5_event_collection_repaired/results_post_repair/batch_03/V5_DEV_EVENT_BATCH_03_EVENTS_POST_REPAIR.csv,True,title
4287d5f16c983591f832,3,V5DEV_025,Martin Lauer,COMPETITIVE,1960,positive,olympic_gold,Won Olympic gold as part of the German 4x100 metres relay team.,https://www.olympedia.org/results/59753,"4 × 100 metres Relay, Men",Olympedia,,high,False,,research/ml/artifacts/v5_event_collection_repaired/results_post_repair/batch_03/V5_DEV_EVENT_BATCH_03_EVENTS_POST_REPAIR.csv,True,title
cc9801bd753823029c7f,3,V5DEV_088,Jean Harlow,PROJECT,1930,positive,film_breakthrough,'Hell's Angels' became a popular hit and made Harlow a star in her first substantial role.,https://www.tcm.com/articles/78352/hells-angels-1930,Hell's Angels (1930),Turner Classic Movies,2004-06-28,high,False,,research/ml/artifacts/v5_event_collection_repaired/results_post_repair/batch_03/V5_DEV_EVENT_BATCH_03_EVENTS_POST_REPAIR.csv,True,release
98e2ecd6a8d3a19964f7,3,V5DEV_088,Jean Harlow,PROJECT,1932,positive,film_breakthrough_success,'Red Dust' cemented Harlow's star status and was a major successful pairing with Clark Gable.,https://www.tcm.com/articles/1141/red-dust,Red Dust,Turner Classic Movies,2002-10-24,high,False,,research/ml/artifacts/v5_event_collection_repaired/results_post_repair/batch_03/V5_DEV_EVENT_BATCH_03_EVENTS_POST_REPAIR.csv,True,release
e4cb758c88c2a58d1626,3,V5DEV_109,Alain Poher,STATUS,1968,positive,senate_presidency,Was elected President of the French Senate.,https://www.senat.fr/senateur/poher_alain000211.html,POHER Alain,Sénat,,high,False,,research/ml/artifacts/v5_event_collection_repaired/results_post_repair/batch_03/V5_DEV_EVENT_BATCH_03_EVENTS_POST_REPAIR.csv,True,
cc7b433b11532171c2b7,3,V5DEV_109,Alain Poher,STATUS,1969,negative,presidential_election_loss,Lost the second round of the French presidential election to Georges Pompidou.,https://www.legifrance.gouv.fr/juri/id/CONSTEXT000017665495,Proclamation des résultats de l'élection du Président de la République,Conseil constitutionnel / Légifrance,1969-06-19,high,False,,research/ml/artifacts/v5_event_collection_repaired/results_post_repair/batch_03/V5_DEV_EVENT_BATCH_03_EVENTS_POST_REPAIR.csv,True,election
5a030a18403894aad7c6,3,V5DEV_109,Alain Poher,STATUS,1969,positive,acting_presidency,Assumed the functions of President of the French Republic on an interim basis after Charles de Gaulle's resignation.,https://www.senat.fr/connaitre-le-senat/lhistoire-du-senat/dossiers-dhistoire/hommage-a-alain-poher-1.html,Hommage à Alain POHER,Sénat,,high,False,,research/ml/artifacts/v5_event_collection_repaired/results_post_repair/batch_03/V5_DEV_EVENT_BATCH_03_EVENTS_POST_REPAIR.csv,True,
085f973316590da1244b,3,V5DEV_109,Alain Poher,STATUS,1974,positive,acting_presidency,Again served as interim President of the French Republic after Georges Pompidou's death.,https://www.senat.fr/senateur/poher_alain000211.html,POHER Alain,Sénat,,high,False,,research/ml/artifacts/v5_event_collection_repaired/results_post_repair/batch_03/V5_DEV_EVENT_BATCH_03_EVENTS_POST_REPAIR.csv,True,
abbe5dbb8411c580a6b1,3,V5DEV_109,Alain Poher,STATUS,1992,,routine_term_end,His long tenure as President of the Senate ended in 1992.,https://www.senat.fr/connaitre-le-senat/lhistoire-du-senat/dossiers-dhistoire/hommage-a-alain-poher-1.html,Hommage à Alain POHER,Sénat,,high,True,Routine end of tenure is not automatically a negative STATUS event.,research/ml/artifacts/v5_event_collection_repaired/results_post_repair/batch_03/V5_DEV_EVENT_BATCH_03_EVENTS_POST_REPAIR.csv,True,
cd3ea061c4b487e0c94d,3,V5DEV_090,Bernd Alois Zimmermann,PROJECT,1960,negative,premiere_rejection,The planned premiere of 'Die Soldaten' was rejected/cancelled after Cologne Opera judged the work unperformable in normal opera conditions.,https://www.schott-music.com/de/die-soldaten-no157075.html,Die Soldaten,Schott Music,,high,False,,research/ml/artifacts/v5_event_collection_repaired/results_post_repair/batch_03/V5_DEV_EVENT_BATCH_03_EVENTS_POST_REPAIR.csv,True,
56bdd56eec4d6edfa13a,3,V5DEV_090,Bernd Alois Zimmermann,PROJECT,1965,positive,premiere_triumph,'Die Soldaten' finally received its staged world premiere in Cologne and was described as an unusual triumph for a contemporary opera.,https://www.kulturstiftung-des-bundes.de/de/projekte/bild_und_raum/detail/die_soldaten.html,Die Soldaten,Kulturstiftung des Bundes,,high,False,,research/ml/artifacts/v5_event_collection_repaired/results_post_repair/batch_03/V5_DEV_EVENT_BATCH_03_EVENTS_POST_REPAIR.csv,True,
e1f6c37ab5b2b5dceec4,3,V5DEV_092,Suzanne Somers,STATUS,1981,,acting_contract_termination,Was phased out and fired from 'Three's Company' after a salary dispute.,https://apnews.com/article/2b97c5362eab6709f594b30280dc79c3,"Suzanne Somers, of 'Three's Company,' dies at 76",Associated Press,2023-10-15,high,True,Not a core STATUS office/authority transition.,research/ml/artifacts/v5_event_collection_repaired/results_post_repair/batch_03/V5_DEV_EVENT_BATCH_03_EVENTS_POST_REPAIR.csv,True,
836bdcc6974398d53748,3,V5DEV_092,Suzanne Somers,STATUS,1990,,entrepreneurial_success,Built a major entrepreneurial career around products including the ThighMaster during the 1990s.,https://apnews.com/article/2b97c5362eab6709f594b30280dc79c3,"Suzanne Somers, of 'Three's Company,' dies at 76",Associated Press,2023-10-15,high,True,Broad business success without a clean formal STATUS transition is excluded.,research/ml/artifacts/v5_event_collection_repaired/results_post_repair/batch_03/V5_DEV_EVENT_BATCH_03_EVENTS_POST_REPAIR.csv,True,
8e9e6977a31ecb069d38,3,V5DEV_092,Suzanne Somers,STATUS,2000,,brand_founder_activity,Later launched Suzanne Organics as part of her business portfolio.,https://www.suzannesomers.com/pages/about,About SUZANNE Organics,Suzanne Somers / SUZANNE Organics,,medium,True,Insufficiently date-specific formal STATUS transition.,research/ml/artifacts/v5_event_collection_repaired/results_post_repair/batch_03/V5_DEV_EVENT_BATCH_03_EVENTS_POST_REPAIR.csv,True,office
ad7a2c068a5e5f25db0c,3,V5DEV_057,Cédric Klapisch,PROJECT,1989,positive,short_film_festival_success,'Ce qui me meut' was awarded at multiple festivals and nominated for a César.,https://www.festival-cannes.com/en/p/cedric-klapisch/,Cédric KLAPISCH,Festival de Cannes,,high,False,,research/ml/artifacts/v5_event_collection_repaired/results_post_repair/batch_03/V5_DEV_EVENT_BATCH_03_EVENTS_POST_REPAIR.csv,True,release
d0acd4d45cae3628636f,3,V5DEV_057,Cédric Klapisch,PROJECT,1996,positive,film_breakthrough_success,'Chacun cherche son chat' and 'Un air de famille' established Klapisch's success with enthusiastic public and critical reception.,https://www.festival-cannes.com/en/p/cedric-klapisch/,Cédric KLAPISCH,Festival de Cannes,,high,False,,research/ml/artifacts/v5_event_collection_repaired/results_post_repair/batch_03/V5_DEV_EVENT_BATCH_03_EVENTS_POST_REPAIR.csv,True,release
57f885ac0c787aed1ac6,3,V5DEV_057,Cédric Klapisch,PROJECT,2003,positive,major_award_nominations,'L'Auberge espagnole' received César nominations for Best Director and Best Original Screenplay/Adaptation.,https://www.unifrance.org/annuaires/personne/6732/cedric-klapisch,Cédric Klapisch,Unifrance,,high,False,,research/ml/artifacts/v5_event_collection_repaired/results_post_repair/batch_03/V5_DEV_EVENT_BATCH_03_EVENTS_POST_REPAIR.csv,True,award
d86cd5bd6ec5e1f06bb3,3,V5DEV_132,Ted Lapidus,STATUS,1951,positive,founder_leadership_accession,Founded his own fashion house.,https://www.ted-lapidus.com/en/the-house,History of the Fashion House,Ted Lapidus,,high,False,,research/ml/artifacts/v5_event_collection_repaired/results_post_repair/batch_03/V5_DEV_EVENT_BATCH_03_EVENTS_POST_REPAIR.csv,True,office
53b37461be7432db81ef,3,V5DEV_132,Ted Lapidus,STATUS,1963,positive,major_institutional_status_gain,Joined the Chambre Syndicale de la Haute Couture Parisienne.,https://www.ted-lapidus.com/en/the-house,History of the Fashion House,Ted Lapidus,,high,False,,research/ml/artifacts/v5_event_collection_repaired/results_post_repair/batch_03/V5_DEV_EVENT_BATCH_03_EVENTS_POST_REPAIR.csv,True,
ad2a46713474bb77c31a,3,V5DEV_132,Ted Lapidus,STATUS,1995,,brand_ownership_transfer,The Ted Lapidus brand became property of the Jacques Bogart Group.,https://www.ted-lapidus.com/en/the-house,History of the Fashion House,Ted Lapidus,,high,True,Insufficient evidence for a clean negative STATUS event.,research/ml/artifacts/v5_event_collection_repaired/results_post_repair/batch_03/V5_DEV_EVENT_BATCH_03_EVENTS_POST_REPAIR.csv,True,
549f8820171b1a4de062,3,V5DEV_111,Derek Shulman,STATUS,1988,positive,record_label_president_ceo,Became President and CEO of Atco Records.,https://www.frontiers.it/news/10435,Frontiers Records gains new grounds in the USA!,Frontiers Music,2010-11-09,medium,False,,research/ml/artifacts/v5_event_collection_repaired/results_post_repair/batch_03/V5_DEV_EVENT_BATCH_03_EVENTS_POST_REPAIR.csv,True,office
e4344237497a79e66f3d,3,V5DEV_111,Derek Shulman,STATUS,1997,positive,record_label_president,Became President of Roadrunner Records.,https://www.forbes.com/sites/davidchiu/2025/12/06/derek-shulman-on-his-life-with-gentle-giant-and-as-a-record-exec-told-in-his-new-book/,Derek Shulman On His Life With Gentle Giant And As A Record Exec,Forbes,2025-12-06,high,False,,research/ml/artifacts/v5_event_collection_repaired/results_post_repair/batch_03/V5_DEV_EVENT_BATCH_03_EVENTS_POST_REPAIR.csv,True,office
2ed7f209ff26c6850c4e,3,V5DEV_124,Pete Rozelle,STATUS,1960,positive,nfl_commissioner_accession,Was elected commissioner of the National Football League after a prolonged owners' ballot.,https://www.profootballhof.com/players/pete-rozelle,Pete Rozelle,Pro Football Hall of Fame,,high,False,,research/ml/artifacts/v5_event_collection_repaired/results_post_repair/batch_03/V5_DEV_EVENT_BATCH_03_EVENTS_POST_REPAIR.csv,True,office
c3c6ce2a46d280ec3e0c,3,V5DEV_124,Pete Rozelle,STATUS,1985,,hall_of_fame_election,Was elected to the Pro Football Hall of Fame while still serving as commissioner.,https://www.profootballhof.com/players/pete-rozelle,Pete Rozelle,Pro Football Hall of Fame,,high,True,Honor/recognition is not a core STATUS authority transition.,research/ml/artifacts/v5_event_collection_repaired/results_post_repair/batch_03/V5_DEV_EVENT_BATCH_03_EVENTS_POST_REPAIR.csv,True,election
b09e567c432396f4895f,3,V5DEV_124,Pete Rozelle,STATUS,1989,,retirement,Announced retirement after nearly three decades as NFL commissioner; Paul Tagliabue was later elected his successor.,https://www.profootballhof.com/news/nfl-commissioners-and-presidents,NFL Commissioners and Presidents,Pro Football Hall of Fame,2020-09-16,high,True,Routine retirement is not automatically a negative STATUS event.,research/ml/artifacts/v5_event_collection_repaired/results_post_repair/batch_03/V5_DEV_EVENT_BATCH_03_EVENTS_POST_REPAIR.csv,True,
988cc8754d698255880f,3,V5DEV_112,Erich Honecker,STATUS,1971,positive,party_leadership_accession,"Succeeded Walter Ulbricht as First Secretary of the SED Central Committee, becoming the most powerful political leader in the GDR.",https://germanhistorydocs.org/en/two-germanies-1961-1989/ghdi%3Avideo-5011,The Honecker Era (1971–1989),German History in Documents and Images,,high,False,,research/ml/artifacts/v5_event_collection_repaired/results_post_repair/batch_03/V5_DEV_EVENT_BATCH_03_EVENTS_POST_REPAIR.csv,True,office
f0230333acf01bfb4f5f,3,V5DEV_112,Erich Honecker,STATUS,1976,positive,head_of_state_accession,Became Chairman of the State Council of the GDR on 29 October 1976.,https://www.bundesstiftung-aufarbeitung.de/de/recherche/kataloge-datenbanken/biographische-datenbanken/erich-honecker,"Honecker, Erich",Bundesstiftung zur Aufarbeitung der SED-Diktatur,,high,False,,research/ml/artifacts/v5_event_collection_repaired/results_post_repair/batch_03/V5_DEV_EVENT_BATCH_03_EVENTS_POST_REPAIR.csv,True,office
9052f55fe3f9d97e703a,3,V5DEV_112,Erich Honecker,STATUS,1989,negative,forced_leadership_exit,Resigned from all offices on 18 October 1989 after the SED leadership moved to remove him.,https://www.bundesstiftung-aufarbeitung.de/de/recherche/kataloge-datenbanken/biographische-datenbanken/erich-honecker,"Honecker, Erich",Bundesstiftung zur Aufarbeitung der SED-Diktatur,,high,False,,research/ml/artifacts/v5_event_collection_repaired/results_post_repair/batch_03/V5_DEV_EVENT_BATCH_03_EVENTS_POST_REPAIR.csv,True,office
7af8031a5b42abcbdfa6,3,V5DEV_038,Guy Forget,COMPETITIVE,1986,negative,season_final_runner_up,Finished runner-up in the year-end ATP doubles championship with Yannick Noah.,https://www.atptour.com/players/guy-forget/f035/bio,Guy Forget | Bio,ATP Tour,,high,False,,research/ml/artifacts/v5_event_collection_repaired/results_post_repair/batch_03/V5_DEV_EVENT_BATCH_03_EVENTS_POST_REPAIR.csv,True,title
03360f2f5b9e4a7e37f5,3,V5DEV_038,Guy Forget,COMPETITIVE,1990,positive,season_final_title_win,Won the year-end ATP doubles championship with Jakob Hlasek.,https://www.atptour.com/players/guy-forget/f035/bio,Guy Forget | Bio,ATP Tour,,high,False,,research/ml/artifacts/v5_event_collection_repaired/results_post_repair/batch_03/V5_DEV_EVENT_BATCH_03_EVENTS_POST_REPAIR.csv,True,title
14d3a7a66d2bc57c07ed,3,V5DEV_038,Guy Forget,COMPETITIVE,1991,negative,grand_slam_quarterfinal_loss,Lost in the Australian Open singles quarterfinal to Boris Becker.,https://www.atptour.com/players/guy-forget/f035/bio,Guy Forget | Bio,ATP Tour,,high,False,,research/ml/artifacts/v5_event_collection_repaired/results_post_repair/batch_03/V5_DEV_EVENT_BATCH_03_EVENTS_POST_REPAIR.csv,True,title
e0de8b48e3ee3351d47b,3,V5DEV_038,Guy Forget,COMPETITIVE,1991,negative,grand_slam_quarterfinal_loss,Lost in the Wimbledon singles quarterfinal to Boris Becker.,https://www.atptour.com/players/guy-forget/f035/bio,Guy Forget | Bio,ATP Tour,,high,False,,research/ml/artifacts/v5_event_collection_repaired/results_post_repair/batch_03/V5_DEV_EVENT_BATCH_03_EVENTS_POST_REPAIR.csv,True,title
729910894638cf068e88,3,V5DEV_038,Guy Forget,COMPETITIVE,1991,positive,davis_cup_title_win,"Helped France win the Davis Cup, winning the doubles rubber and the decisive singles rubber against Pete Sampras in the final.",https://www.atptour.com/players/guy-forget/f035/bio,Guy Forget | Bio,ATP Tour,,high,False,,research/ml/artifacts/v5_event_collection_repaired/results_post_repair/batch_03/V5_DEV_EVENT_BATCH_03_EVENTS_POST_REPAIR.csv,True,title
886c87dc002c4b1ed747,3,V5DEV_038,Guy Forget,COMPETITIVE,1996,positive,davis_cup_title_win,"Helped France win the Davis Cup, winning the doubles rubber with Guillaume Raoux in the final against Sweden.",https://www.atptour.com/players/guy-forget/f035/bio,Guy Forget | Bio,ATP Tour,,high,False,,research/ml/artifacts/v5_event_collection_repaired/results_post_repair/batch_03/V5_DEV_EVENT_BATCH_03_EVENTS_POST_REPAIR.csv,True,title
cabe286398d7fa690715,3,V5DEV_123,Philippe Starck,STATUS,1979,,company_founder_activity,"At the end of the 1970s Starck founded his first industrial design company, Starck Product, later renamed Ubik.",https://www.starck.com/about,Philippe Starck | About,Starck,,high,True,Year is not source-precise enough for the frozen annual event table; logged for audit only.,research/ml/artifacts/v5_event_collection_repaired/results_post_repair/batch_03/V5_DEV_EVENT_BATCH_03_EVENTS_POST_REPAIR.csv,True,office
b39a8abbe8e80fcd8083,3,V5DEV_123,Philippe Starck,STATUS,1983,,institutional_recognition,"President François Mitterrand selected Starck's project to decorate the private residence at the Élysée Palace, giving him major institutional recognition.",https://www.starck.com/about,Philippe Starck | About,Starck,,high,True,Recognition/commission without formal organizational authority is not a core STATUS event.,research/ml/artifacts/v5_event_collection_repaired/results_post_repair/batch_03/V5_DEV_EVENT_BATCH_03_EVENTS_POST_REPAIR.csv,True,
6af314dcd67c1d12eb1d,3,V5DEV_123,Philippe Starck,STATUS,1993,positive,art_director_leadership,From 1993 to 1996 Starck served as art director of several brands within the Thomson group.,https://www.starck.com/about,Philippe Starck | About,Starck,,high,False,,research/ml/artifacts/v5_event_collection_repaired/results_post_repair/batch_03/V5_DEV_EVENT_BATCH_03_EVENTS_POST_REPAIR.csv,True,office
b827321c24cd9763cea7,4,V5DEV_010,Kenny de Schepper,COMPETITIVE,2013,negative,grand_slam_round_of_16_loss,"Reached the Wimbledon fourth round, then was eliminated in the round of 16.",https://www.rolandgarros.com/en-us/players/13505-k.deschepper,Kenny De Schepper : Player card,Roland-Garros,,high,False,,research/ml/artifacts/v5_event_collection_repaired/results/batch_04/V5_DEV_EVENT_BATCH_04_EVENTS.csv,True,title
cec60c84629d4f9d813b,4,V5DEV_010,Kenny de Schepper,COMPETITIVE,2014,positive,career_high_ranking,Reached his career-high ATP singles ranking around world No. 62/63 in spring 2014.,https://www.rolandgarros.com/en-us/players/13505-k.deschepper,Kenny De Schepper : Player card,Roland-Garros,,high,False,,research/ml/artifacts/v5_event_collection_repaired/results/batch_04/V5_DEV_EVENT_BATCH_04_EVENTS.csv,True,title
ab55296199ae95d5de7f,4,V5DEV_010,Kenny de Schepper,COMPETITIVE,2014,,challenger_title,Won the Cherbourg Challenger title.,https://www.lequipe.fr/Tennis/TennisFicheJoueur5740.html,Kenny De Schepper,L'Équipe,,high,True,Lower-tier title logged for audit only.,research/ml/artifacts/v5_event_collection_repaired/results/batch_04/V5_DEV_EVENT_BATCH_04_EVENTS.csv,True,title
88370e2d3fd986e7ba0c,4,V5DEV_059,Gerry Rafferty,PROJECT,1978,positive,album_breakthrough,"City to City became a worldwide commercial breakthrough, selling more than 5.5 million copies and producing the hit 'Baker Street'.",https://www.gerryrafferty.com/city-to-city,Gerry Rafferty - City to City,Gerry Rafferty official site,,high,False,,research/ml/artifacts/v5_event_collection_repaired/results/batch_04/V5_DEV_EVENT_BATCH_04_EVENTS.csv,True,release
e3b4372e3012874a7230,4,V5DEV_059,Gerry Rafferty,PROJECT,1979,positive,album_success,Night Owl reached the UK Top 10 and produced another UK Top 10 single.,https://www.officialcharts.com/artist/16726/gerry-rafferty/,Gerry Rafferty songs and albums | full Official Chart history,Official Charts,,high,False,,research/ml/artifacts/v5_event_collection_repaired/results/batch_04/V5_DEV_EVENT_BATCH_04_EVENTS.csv,True,release
9075e79cac009a7d3a59,4,V5DEV_059,Gerry Rafferty,PROJECT,1982,,album_release_lower_chart,Sleepwalking reached No. 39 on the UK albums chart.,https://www.officialcharts.com/artist/16726/gerry-rafferty/,Gerry Rafferty songs and albums | full Official Chart history,Official Charts,,high,True,No explicit source-backed project failure; chart decline alone is not enough.,research/ml/artifacts/v5_event_collection_repaired/results/batch_04/V5_DEV_EVENT_BATCH_04_EVENTS.csv,True,release
51dd2cb820ab513ad0c0,4,V5DEV_154,Stefano Casiraghi,STATUS,1983,,royal_marriage,Married Princess Caroline of Monaco in a civil ceremony.,https://www.upi.com/Archives/1983/12/29/Princess-Caroline-of-Monaco-married-Italian-businessman-Stefano-Casiraghi/6291441522000/,Princess Caroline of Monaco married Italian businessman Stefano Casiraghi,UPI,1983-12-29,high,True,Relationship event excluded from core STATUS.,research/ml/artifacts/v5_event_collection_repaired/results/batch_04/V5_DEV_EVENT_BATCH_04_EVENTS.csv,True,
6d0c4a74c7c79df1c3ff,4,V5DEV_154,Stefano Casiraghi,STATUS,1990,,corporate_leadership_snapshot,At the time of his death he was reported as chairman of Cogefar France and held major business interests in Monaco.,https://www.washingtonpost.com/archive/lifestyle/1990/10/04/new-tragedy-hits-monacos-royal-family/2e5eb7eb-b9ea-46b7-b4cf-77fd226399db/,New Tragedy Hits Monaco's Royal Family,The Washington Post,1990-10-04,high,True,Snapshot of status rather than a dateable status transition.,research/ml/artifacts/v5_event_collection_repaired/results/batch_04/V5_DEV_EVENT_BATCH_04_EVENTS.csv,True,office
557769971b2497cdaa6a,4,V5DEV_031,Harold Gomes,COMPETITIVE,1959,positive,world_title_win,Defeated Paul Jorgensen by unanimous decision to win the vacant world super-featherweight title.,https://boxrec.com/wiki/index.php/NBA_World_Super_Featherweight_Title_Fights,NBA World Super Featherweight Title Fights,BoxRec,,high,False,,research/ml/artifacts/v5_event_collection_repaired/results/batch_04/V5_DEV_EVENT_BATCH_04_EVENTS.csv,True,title
0735a3ff733d596d90c2,4,V5DEV_031,Harold Gomes,COMPETITIVE,1960,negative,world_title_loss,Lost the world super-featherweight title to Flash Elorde by seventh-round knockout.,https://boxingtitlefights.com/boxer/harold-gomes,Harold Gomes - Title Statistics,Boxing Title Fights,,medium,False,,research/ml/artifacts/v5_event_collection_repaired/results/batch_04/V5_DEV_EVENT_BATCH_04_EVENTS.csv,True,title
c1dc68e2f86b96326377,4,V5DEV_031,Harold Gomes,COMPETITIVE,1960,negative,world_title_rematch_loss,Lost the world-title rematch to Flash Elorde by first-round knockout.,https://boxingtitlefights.com/boxer/harold-gomes,Harold Gomes - Title Statistics,Boxing Title Fights,,medium,False,,research/ml/artifacts/v5_event_collection_repaired/results/batch_04/V5_DEV_EVENT_BATCH_04_EVENTS.csv,True,title
71035078d45395d0ab03,4,V5DEV_078,Dan Fogelberg,PROJECT,1979,positive,album_commercial_success,Phoenix was released in 1979 and later certified double platinum.,https://www.danfogelberg.com/de/phoenix-02,Phoenix,Dan Fogelberg official site,,high,False,,research/ml/artifacts/v5_event_collection_repaired/results/batch_04/V5_DEV_EVENT_BATCH_04_EVENTS.csv,True,release
7a71ef88fd669d2bfc27,4,V5DEV_078,Dan Fogelberg,PROJECT,1981,positive,album_peak_success,The Innocent Age became his critical and commercial peak and was certified double platinum.,https://cmhof.org/inductees/dan-fogelberg/,Dan Fogelberg,Colorado Music Hall of Fame,,high,False,,research/ml/artifacts/v5_event_collection_repaired/results/batch_04/V5_DEV_EVENT_BATCH_04_EVENTS.csv,True,release
ab074f32755eda19c690,4,V5DEV_078,Dan Fogelberg,PROJECT,2004,,health_disruption,Was diagnosed with advanced prostate cancer.,https://cmhof.org/inductees/dan-fogelberg/,Dan Fogelberg,Colorado Music Hall of Fame,,high,True,Health event excluded from PROJECT.,research/ml/artifacts/v5_event_collection_repaired/results/batch_04/V5_DEV_EVENT_BATCH_04_EVENTS.csv,True,
22384b1aeb4b2e315e61,4,V5DEV_160,Jerry Jones,STATUS,1989,positive,owner_president_gm_accession,"Purchased the Dallas Cowboys and assumed owner, president and general-manager authority.",https://www.profootballhof.com/players/jerry-jones,Jerry Jones,Pro Football Hall of Fame,,high,False,,research/ml/artifacts/v5_event_collection_repaired/results/batch_04/V5_DEV_EVENT_BATCH_04_EVENTS.csv,True,office
668d7fe8d61f23ee4335,4,V5DEV_160,Jerry Jones,STATUS,2017,,hall_of_fame_induction,Was inducted into the Pro Football Hall of Fame as a contributor.,https://www.profootballhof.com/players/jerry-jones,Jerry Jones,Pro Football Hall of Fame,,high,True,Honor/recognition is not a core STATUS transition.,research/ml/artifacts/v5_event_collection_repaired/results/batch_04/V5_DEV_EVENT_BATCH_04_EVENTS.csv,True,
86ee7fb93dee9bbf5adc,4,V5DEV_022,Andre Routis,COMPETITIVE,1928,positive,world_title_win,Defeated Tony Canzoneri by split decision to become featherweight world champion.,https://openboxing.org/featherweight/wba/,Featherweight - World Boxing Association,Open Boxing,,high,False,,research/ml/artifacts/v5_event_collection_repaired/results/batch_04/V5_DEV_EVENT_BATCH_04_EVENTS.csv,True,title
b5f1d5cf3e070bf7408d,4,V5DEV_022,Andre Routis,COMPETITIVE,1929,negative,world_title_loss,Lost the featherweight world title to Battling Battalino by points decision.,https://openboxing.org/featherweight/wba/,Featherweight - World Boxing Association,Open Boxing,,high,False,,research/ml/artifacts/v5_event_collection_repaired/results/batch_04/V5_DEV_EVENT_BATCH_04_EVENTS.csv,True,title
bac074fa928d807db6e6,4,V5DEV_022,Andre Routis,COMPETITIVE,1929,positive,world_title_defense_win,Successfully defended the featherweight world title by knocking out Buster Brown.,https://openboxing.org/featherweight/wba/,Featherweight - World Boxing Association,Open Boxing,,high,False,,research/ml/artifacts/v5_event_collection_repaired/results/batch_04/V5_DEV_EVENT_BATCH_04_EVENTS.csv,True,title
8e23a6fa52ccbbf3e806,4,V5DEV_042,Luc Besson,PROJECT,1983,positive,film_festival_awards,Le Dernier Combat won the Grand Jury Prize and Critics' Prize at the Avoriaz festival.,https://www.festival-cannes.com/p/luc-besson/,Luc Besson,Festival de Cannes,,high,False,,research/ml/artifacts/v5_event_collection_repaired/results/batch_04/V5_DEV_EVENT_BATCH_04_EVENTS.csv,True,award
8e0d9c0305882a150157,4,V5DEV_042,Luc Besson,PROJECT,1985,positive,film_public_success,Subway became a public success and earned a César acting win for Christophe Lambert.,https://www.festival-cannes.com/p/luc-besson/,Luc Besson,Festival de Cannes,,high,False,,research/ml/artifacts/v5_event_collection_repaired/results/batch_04/V5_DEV_EVENT_BATCH_04_EVENTS.csv,True,release
38f1903b8a14e2f6ba48,4,V5DEV_042,Luc Besson,PROJECT,1988,positive,film_breakthrough_success,Le Grand Bleu opened Cannes and went on to become a defining generational success in France.,https://www.festival-cannes.com/p/luc-besson/,Luc Besson,Festival de Cannes,,high,False,,research/ml/artifacts/v5_event_collection_repaired/results/batch_04/V5_DEV_EVENT_BATCH_04_EVENTS.csv,True,release
81730aa9619ec109309e,4,V5DEV_042,Luc Besson,PROJECT,1999,negative,commercial_underperformance,The Messenger: The Story of Joan of Arc grossed less worldwide than its reported production budget.,https://www.boxofficemojo.com/title/tt0151137/,The Messenger: The Story of Joan of Arc,Box Office Mojo,,high,False,,research/ml/artifacts/v5_event_collection_repaired/results/batch_04/V5_DEV_EVENT_BATCH_04_EVENTS.csv,True,
654e625b440fccc47100,4,V5DEV_042,Luc Besson,PROJECT,2017,negative,major_box_office_flop,Valerian and the City of a Thousand Planets opened weakly in North America and was widely reported as a major box-office disappointment.,https://www.wired.com/story/valerian-box-office,We Know How Valerian Got Made-But Not Why It Failed,WIRED,2017-07-24,high,False,,research/ml/artifacts/v5_event_collection_repaired/results/batch_04/V5_DEV_EVENT_BATCH_04_EVENTS.csv,True,
186c518c59bacf00e340,4,V5DEV_128,Edgar Mitchell,STATUS,1966,positive,astronaut_selection,Was selected for NASA astronaut training as part of Astronaut Group 5.,https://www.nasa.gov/mission/apollo-14/,Apollo 14,NASA,,high,False,,research/ml/artifacts/v5_event_collection_repaired/results/batch_04/V5_DEV_EVENT_BATCH_04_EVENTS.csv,True,election
47e1c97f7e0ee4818550,4,V5DEV_128,Edgar Mitchell,STATUS,1971,positive,lunar_mission_status_achievement,Served as Apollo 14 lunar module pilot and became the sixth person to walk on the Moon.,https://www.nasa.gov/mission/apollo-14/,Apollo 14,NASA,,high,False,,research/ml/artifacts/v5_event_collection_repaired/results/batch_04/V5_DEV_EVENT_BATCH_04_EVENTS.csv,True,
3c138757938a1f27eddb,4,V5DEV_003,Valentina Vezzali,COMPETITIVE,1996,negative,olympic_final_loss,Finished runner-up in the Olympic individual foil final.,https://www.olympedia.org/athletes/20803,Valentina Vezzali,Olympedia,,high,False,,research/ml/artifacts/v5_event_collection_repaired/results/batch_04/V5_DEV_EVENT_BATCH_04_EVENTS.csv,True,title
f1d207ab426a29ae212d,4,V5DEV_003,Valentina Vezzali,COMPETITIVE,1996,positive,olympic_individual_silver,Won the Olympic silver medal in individual foil.,https://www.olympedia.org/athletes/20803,Valentina Vezzali,Olympedia,,high,False,,research/ml/artifacts/v5_event_collection_repaired/results/batch_04/V5_DEV_EVENT_BATCH_04_EVENTS.csv,True,title
7cf50ed3d967e625f96d,4,V5DEV_003,Valentina Vezzali,COMPETITIVE,1996,positive,olympic_team_gold,Won Olympic gold in the women's team foil event.,https://www.olympedia.org/athletes/20803,Valentina Vezzali,Olympedia,,high,False,,research/ml/artifacts/v5_event_collection_repaired/results/batch_04/V5_DEV_EVENT_BATCH_04_EVENTS.csv,True,title
42d3cc107a76e57766fd,4,V5DEV_003,Valentina Vezzali,COMPETITIVE,2000,positive,olympic_gold,Won Olympic gold in individual foil and team foil at Sydney.,https://www.olympedia.org/athletes/20803,Valentina Vezzali,Olympedia,,high,False,,research/ml/artifacts/v5_event_collection_repaired/results/batch_04/V5_DEV_EVENT_BATCH_04_EVENTS.csv,True,title
100a261033f3039aae96,4,V5DEV_003,Valentina Vezzali,COMPETITIVE,2004,positive,olympic_gold,Won the Olympic individual foil title in Athens.,https://www.fie.org/athletes/4736,VEZZALI Valentina,International Fencing Federation,,high,False,,research/ml/artifacts/v5_event_collection_repaired/results/batch_04/V5_DEV_EVENT_BATCH_04_EVENTS.csv,True,title
ab321cfdabd94e9e8f32,4,V5DEV_003,Valentina Vezzali,COMPETITIVE,2008,positive,olympic_gold,Won the Olympic individual foil title in Beijing.,https://www.fie.org/athletes/4736,VEZZALI Valentina,International Fencing Federation,,high,False,,research/ml/artifacts/v5_event_collection_repaired/results/batch_04/V5_DEV_EVENT_BATCH_04_EVENTS.csv,True,title
64d979aa464535c154f1,4,V5DEV_003,Valentina Vezzali,COMPETITIVE,2012,positive,olympic_bronze,Won Olympic bronze in individual foil in London.,https://www.fie.org/athletes/4736,VEZZALI Valentina,International Fencing Federation,,high,False,,research/ml/artifacts/v5_event_collection_repaired/results/batch_04/V5_DEV_EVENT_BATCH_04_EVENTS.csv,True,title
90d9117169d1550e5cd6,4,V5DEV_082,René Goscinny,PROJECT,1959,positive,comic_series_breakthrough,"Asterix debuted in the first issue of Pilote and the magazine was an immediate success, selling more than 300,000 copies.",https://asterix.com/en/rene-goscinny/,René Goscinny,Astérix official site,,high,False,,research/ml/artifacts/v5_event_collection_repaired/results/batch_04/V5_DEV_EVENT_BATCH_04_EVENTS.csv,True,release
2cdfbfff9544966adcc0,4,V5DEV_082,René Goscinny,PROJECT,1977,,unfinished_project_due_death,Asterix in Belgium was unfinished at plate 37 when Goscinny died.,https://asterix.com/en/rene-goscinny/,René Goscinny,Astérix official site,,high,True,Death-driven interruption excluded from PROJECT negative coding.,research/ml/artifacts/v5_event_collection_repaired/results/batch_04/V5_DEV_EVENT_BATCH_04_EVENTS.csv,True,release
02ca5c034550fb1db4f9,4,V5DEV_107,Richard F. Gordon,STATUS,1963,positive,astronaut_selection,Was selected for NASA's third astronaut class.,https://www.nasa.gov/former-astronaut-richard-f-gordon-jr/,"Richard F. Gordon, Jr.",NASA,,high,False,,research/ml/artifacts/v5_event_collection_repaired/results/batch_04/V5_DEV_EVENT_BATCH_04_EVENTS.csv,True,election
21d799e432219ecec87a,4,V5DEV_107,Richard F. Gordon,STATUS,1966,positive,crewed_mission_assignment,Flew Gemini XI and performed two spacewalks.,https://www.nasa.gov/former-astronaut-richard-f-gordon-jr/,"Richard F. Gordon, Jr.",NASA,,high,False,,research/ml/artifacts/v5_event_collection_repaired/results/batch_04/V5_DEV_EVENT_BATCH_04_EVENTS.csv,True,
db26f4de5b3c96395c71,4,V5DEV_107,Richard F. Gordon,STATUS,1969,positive,apollo_command_module_pilot,Served as command module pilot on Apollo 12 and orbited the Moon.,https://www.nasa.gov/former-astronaut-richard-f-gordon-jr/,"Richard F. Gordon, Jr.",NASA,,high,False,,research/ml/artifacts/v5_event_collection_repaired/results/batch_04/V5_DEV_EVENT_BATCH_04_EVENTS.csv,True,
75f2ba47e486b2f13f48,4,V5DEV_008,Sabine Appelmans,COMPETITIVE,1990,negative,tour_final_loss,Reached the Auckland singles final and finished runner-up.,https://www.wtatennis.com/players/10021/sabine-appelmans/record,Sabine Appelmans - Record,WTA,,high,False,,research/ml/artifacts/v5_event_collection_repaired/results/batch_04/V5_DEV_EVENT_BATCH_04_EVENTS.csv,True,title
1c9fe40e7f3ede09db59,4,V5DEV_008,Sabine Appelmans,COMPETITIVE,1997,negative,grand_slam_quarterfinal_loss,Reached the Australian Open singles quarterfinal and was eliminated there.,https://www.wtatennis.com/players/10021/sabine-appelmans/record,Sabine Appelmans - Record,WTA,,high,False,,research/ml/artifacts/v5_event_collection_repaired/results/batch_04/V5_DEV_EVENT_BATCH_04_EVENTS.csv,True,title
a71c5142814beca69159,4,V5DEV_008,Sabine Appelmans,COMPETITIVE,1998,positive,tour_doubles_title_win,Won the Heineken Trophy doubles title with Miriam Oremans.,https://www.wtatennis.com/players/10021/sabine-appelmans/record,Sabine Appelmans - Record,WTA,,high,False,,research/ml/artifacts/v5_event_collection_repaired/results/batch_04/V5_DEV_EVENT_BATCH_04_EVENTS.csv,True,title
e3f5327efa863d4625fc,4,V5DEV_008,Sabine Appelmans,COMPETITIVE,2000,positive,tour_doubles_title_win,Won the Benelux Open doubles title with Kim Clijsters.,https://www.wtatennis.com/players/10021/sabine-appelmans/record,Sabine Appelmans - Record,WTA,,high,False,,research/ml/artifacts/v5_event_collection_repaired/results/batch_04/V5_DEV_EVENT_BATCH_04_EVENTS.csv,True,title
67922addcc2e36d68743,4,V5DEV_060,Stefano Accorsi,PROJECT,1999,positive,film_performance_award,Won the David di Donatello for Best Actor for Radiofreccia.,https://stefanoaccorsi.com/biografia/,Biografia - Stefano Accorsi,Stefano Accorsi official site,,high,False,,research/ml/artifacts/v5_event_collection_repaired/results/batch_04/V5_DEV_EVENT_BATCH_04_EVENTS.csv,True,award
76f1ea752912d8fadc7a,4,V5DEV_060,Stefano Accorsi,PROJECT,2002,positive,film_festival_award,Won the Volpi Cup for Best Actor at the Venice Film Festival for Un viaggio chiamato amore.,https://asac.labiennale.org/attivita/cinema/3039,Un viaggio chiamato amore,La Biennale di Venezia,,high,False,,research/ml/artifacts/v5_event_collection_repaired/results/batch_04/V5_DEV_EVENT_BATCH_04_EVENTS.csv,True,award
25bf83768905903211c8,4,V5DEV_060,Stefano Accorsi,PROJECT,2016,positive,film_performance_award,"Won major Italian acting recognition for Veloce come il vento, including a Nastro d'Argento.",https://stefanoaccorsi.com/biografia/,Biografia - Stefano Accorsi,Stefano Accorsi official site,,high,False,,research/ml/artifacts/v5_event_collection_repaired/results/batch_04/V5_DEV_EVENT_BATCH_04_EVENTS.csv,True,award
bd6399ba1e3bc271d2f8,4,V5DEV_127,Louis Armand,STATUS,1949,positive,sncf_director_general_accession,Was appointed Director General of the SNCF in June 1949.,https://www.academie-francaise.fr/les-immortels/louis-armand,Louis Armand,Académie française,,high,False,,research/ml/artifacts/v5_event_collection_repaired/results/batch_04/V5_DEV_EVENT_BATCH_04_EVENTS.csv,True,office
4ab3349bd48c81e70de5,4,V5DEV_127,Louis Armand,STATUS,1958,positive,euratom_leadership_accession,Served as president of the European Atomic Energy Commission in 1958-1959.,https://www.academie-francaise.fr/les-immortels/louis-armand,Louis Armand,Académie française,,high,False,,research/ml/artifacts/v5_event_collection_repaired/results/batch_04/V5_DEV_EVENT_BATCH_04_EVENTS.csv,True,office
e3faebd9c3de97602432,4,V5DEV_127,Louis Armand,STATUS,1963,,academy_election,Was elected to the Académie française.,https://www.academie-francaise.fr/les-immortels/louis-armand,Louis Armand,Académie française,,high,True,Honor/membership without clear executive authority excluded from core STATUS.,research/ml/artifacts/v5_event_collection_repaired/results/batch_04/V5_DEV_EVENT_BATCH_04_EVENTS.csv,True,election
c73656e1afca419b1240,4,V5DEV_058,Robert Englund,PROJECT,1984,positive,film_breakthrough,A Nightmare on Elm Street became an international hit and Englund's Freddy Krueger role became his defining breakthrough.,https://www.robertenglund.com/about-robert/,Everything You Ever Wanted to Know About Robert Englund,Robert Englund official site,,high,False,,research/ml/artifacts/v5_event_collection_repaired/results/batch_04/V5_DEV_EVENT_BATCH_04_EVENTS.csv,True,release
090fccfb51b2f0e65b90,4,V5DEV_058,Robert Englund,PROJECT,1995,positive,acting_award_win,Won a Best Actor award in 1995.,https://www.tvguide.com/celebrities/robert-englund/bio/3030583693/,"Robert Englund Biography, Celebrity Facts and Awards",TV Guide,,medium,False,,research/ml/artifacts/v5_event_collection_repaired/results/batch_04/V5_DEV_EVENT_BATCH_04_EVENTS.csv,True,award
88e31e754a0634945ca7,4,V5DEV_058,Robert Englund,PROJECT,2025,,walk_of_fame_honor,Was honored with a star on the Hollywood Walk of Fame.,https://walkoffame.com/robert-englund/,Robert Englund,Hollywood Walk of Fame,,high,True,Oeuvre-wide recognition excluded from PROJECT.,research/ml/artifacts/v5_event_collection_repaired/results/batch_04/V5_DEV_EVENT_BATCH_04_EVENTS.csv,True,
a74eb99f6de90298ee9c,4,V5DEV_102,Helen Gurley Brown,STATUS,1965,positive,editor_in_chief_accession,Was hired as editor-in-chief of Cosmopolitan and took over the struggling magazine.,https://thehgbfoundation.org/who-was-helen-gurley-brown/,Who was Helen Gurley Brown?,Helen Gurley Brown Foundation,,high,False,,research/ml/artifacts/v5_event_collection_repaired/results/batch_04/V5_DEV_EVENT_BATCH_04_EVENTS.csv,True,office
ec8fed794b1eecdc4ffc,4,V5DEV_102,Helen Gurley Brown,STATUS,1997,,routine_editorial_transition,Ended her tenure as Cosmopolitan editor and moved into leadership of the magazine's international editions.,https://www.smithsonianmag.com/history/helen-gurley-brown-the-world-trade-center-and-nobel-prizes-109966716/,"Helen Gurley Brown, the World Trade Center and Nobel Prizes",Smithsonian Magazine,2005-12,high,True,Routine/voluntary transition not coded as STATUS negative.,research/ml/artifacts/v5_event_collection_repaired/results/batch_04/V5_DEV_EVENT_BATCH_04_EVENTS.csv,True,
6c1e7c349f86717119ab,4,V5DEV_157,Louis Schweitzer,STATUS,1992,positive,chairman_ceo_accession,Became Chairman and Chief Executive Officer of Renault Group.,https://www.renaultgroup.com/en/magazine/our-group-news/louis-schweitzer-the-man-who-changed-the-destiny-of-renault-group/,"Louis Schweitzer, the man who changed the scale of Renault Group",Renault Group,,high,False,,research/ml/artifacts/v5_event_collection_repaired/results/batch_04/V5_DEV_EVENT_BATCH_04_EVENTS.csv,True,office
879051395348305a4f9f,4,V5DEV_157,Louis Schweitzer,STATUS,2005,positive,public_authority_chair_accession,Became chairman of France's High Authority for the Fight against Discrimination and for Equality (HALDE).,https://www.renaultgroup.com/en/magazine/our-group-news/louis-schweitzer-the-man-who-changed-the-destiny-of-renault-group/,"Louis Schweitzer, the man who changed the scale of Renault Group",Renault Group,,high,False,,research/ml/artifacts/v5_event_collection_repaired/results/batch_04/V5_DEV_EVENT_BATCH_04_EVENTS.csv,True,office
a3591a63e68b131a2a7e,4,V5DEV_157,Louis Schweitzer,STATUS,2005,,routine_ceo_term_end,Ended his term as Renault CEO/chairman after thirteen years at the head of the group.,https://media.renaultgroup.com/renault-group-pays-tribute-to-mr-louis-schweitzer-chairman-and-chief-executive-officer-of-the-group-from-1992-to-2005/?lang=eng,Renault Group pays tribute to Mr. Louis Schweitzer,Renault Group,,high,True,Routine/normal leadership transition is not automatically negative STATUS.,research/ml/artifacts/v5_event_collection_repaired/results/batch_04/V5_DEV_EVENT_BATCH_04_EVENTS.csv,True,office
6a6ee4dd9342c1930e18,4,V5DEV_139,Anthony Kennedy,STATUS,1976,positive,federal_appellate_judge_accession,Was appointed to the U.S. Court of Appeals for the Ninth Circuit.,https://supremecourthistory.org/associate-justices/anthony-m-kennedy-1988-2018/,"Anthony M. Kennedy, 1988-2018",Supreme Court Historical Society,,high,False,,research/ml/artifacts/v5_event_collection_repaired/results/batch_04/V5_DEV_EVENT_BATCH_04_EVENTS.csv,True,office
f0731689f4f2bc08a8f4,4,V5DEV_139,Anthony Kennedy,STATUS,1988,positive,supreme_court_accession,Was confirmed and joined the Supreme Court of the United States.,https://supremecourthistory.org/associate-justices/anthony-m-kennedy-1988-2018/,"Anthony M. Kennedy, 1988-2018",Supreme Court Historical Society,,high,False,,research/ml/artifacts/v5_event_collection_repaired/results/batch_04/V5_DEV_EVENT_BATCH_04_EVENTS.csv,True,office
9a728b6b6fc7e607a240,4,V5DEV_139,Anthony Kennedy,STATUS,2018,,retirement,Retired from the Supreme Court after thirty years of service.,https://supremecourthistory.org/associate-justices/anthony-m-kennedy-1988-2018/,"Anthony M. Kennedy, 1988-2018",Supreme Court Historical Society,,high,True,Retirement is not automatically a negative STATUS event.,research/ml/artifacts/v5_event_collection_repaired/results/batch_04/V5_DEV_EVENT_BATCH_04_EVENTS.csv,True,
28c3f9b155e0747f3b9d,4,V5DEV_115,Ernst Kaltenbrunner,STATUS,1943,positive,rsha_leadership_accession,"Was appointed head of the Reich Security Main Office (RSHA), also leading the Security Police and SD.",https://encyclopedia.ushmm.org/content/en/article/reich-security-main-office-rsha,The Reich Security Main Office (RSHA),United States Holocaust Memorial Museum,,high,False,,research/ml/artifacts/v5_event_collection_repaired/results/batch_04/V5_DEV_EVENT_BATCH_04_EVENTS.csv,True,office
2784a532181e61fe7eb9,4,V5DEV_115,Ernst Kaltenbrunner,STATUS,1945,,war_crimes_indictment,Was among the leading German officials charged by International Military Tribunal prosecutors in October 1945.,https://encyclopedia.ushmm.org/content/en/article/ernst-kaltenbrunner,Ernst Kaltenbrunner,United States Holocaust Memorial Museum,,high,True,Legal event excluded from core STATUS under the frozen rule.,research/ml/artifacts/v5_event_collection_repaired/results/batch_04/V5_DEV_EVENT_BATCH_04_EVENTS.csv,True,
112ce939a17dd15327bb,5,V5DEV_040,Cédric Pioline,COMPETITIVE,1993,negative,grand_slam_final_loss,Reached the US Open singles final and lost to Pete Sampras.,https://www.atptour.com/en/scores/archive/us-open/560/1993/results?matchType=singles,US Open 1993 Results,ATP Tour,,high,False,,research/ml/artifacts/v5_event_collection_repaired/results/batch_05/V5_DEV_EVENT_BATCH_05_EVENTS.csv,True,title
4ca16692c34fe4fff3c4,5,V5DEV_040,Cédric Pioline,COMPETITIVE,1997,negative,grand_slam_final_loss,Reached the Wimbledon singles final and finished runner-up.,https://www.atptour.com/en/scores/archive/wimbledon/540/1997/results,Wimbledon 1997 Results,ATP Tour,,high,False,,research/ml/artifacts/v5_event_collection_repaired/results/batch_05/V5_DEV_EVENT_BATCH_05_EVENTS.csv,True,title
17f01a239c4de8e3d517,5,V5DEV_040,Cédric Pioline,COMPETITIVE,2000,positive,masters_title_win,Won the Monte-Carlo Masters singles title.,https://www.atptour.com/en/scores/results-archive?tournamentType=1000&year=2000,ATP Masters 1000 Results Archive 2000,ATP Tour,,high,False,,research/ml/artifacts/v5_event_collection_repaired/results/batch_05/V5_DEV_EVENT_BATCH_05_EVENTS.csv,True,title
2553af5562e7694f1bd6,5,V5DEV_079,Fausto Leali,PROJECT,1989,positive,song_festival_win,Won the Sanremo Music Festival with Anna Oxa performing 'Ti lascerò'.,https://www.televideo.rai.it/televideo/pub/articolo.jsp?id=1491,Fausto Leali,RAI Televideo,,high,False,,research/ml/artifacts/v5_event_collection_repaired/results/batch_05/V5_DEV_EVENT_BATCH_05_EVENTS.csv,True,release
dac2900a8207a2603f4a,5,V5DEV_079,Fausto Leali,PROJECT,1991,negative,song_and_album_underperformance,The song 'Perché' failed to gain broad support and RAI's biography notes that the associated album suffered as a result.,https://www.televideo.rai.it/televideo/pub/articolo.jsp?id=1491,Fausto Leali,RAI Televideo,,high,False,,research/ml/artifacts/v5_event_collection_repaired/results/batch_05/V5_DEV_EVENT_BATCH_05_EVENTS.csv,True,release
614698626ae35b243b34,5,V5DEV_137,Steve Wozniak,STATUS,1976,positive,company_cofounder_accession,Co-founded Apple Computer with Steve Jobs and Ronald Wayne.,https://woz.org/about/,About Steve Wozniak,Officially Woz,,high,False,,research/ml/artifacts/v5_event_collection_repaired/results/batch_05/V5_DEV_EVENT_BATCH_05_EVENTS.csv,True,office
4f0b8b92f648ec174903,5,V5DEV_137,Steve Wozniak,STATUS,1985,,voluntary_company_exit,Left Apple to pursue other interests.,https://www.pmc.com/leadership/steve,Steve Wozniak - Co-Founder of Apple Computer,PMC,,high,True,Voluntary departure is not automatically a negative STATUS event.,research/ml/artifacts/v5_event_collection_repaired/results/batch_05/V5_DEV_EVENT_BATCH_05_EVENTS.csv,True,resign
98dd5a081da631fd9550,5,V5DEV_011,Guillaume Raoux,COMPETITIVE,1996,negative,olympic_first_round_loss,Lost in the first round of Olympic doubles with Arnaud Boetsch to the eventual gold medalists.,https://www.atptour.com/en/players/guillaume-raoux/r186/bio,Guillaume Raoux | Bio,ATP Tour,,high,False,,research/ml/artifacts/v5_event_collection_repaired/results/batch_05/V5_DEV_EVENT_BATCH_05_EVENTS.csv,True,title
2b3d3fa051639061e0f8,5,V5DEV_011,Guillaume Raoux,COMPETITIVE,1996,positive,davis_cup_title_win,"Helped France win the Davis Cup, compiling a 3-0 doubles record during the title run.",https://www.atptour.com/en/players/guillaume-raoux/r186/bio,Guillaume Raoux | Bio,ATP Tour,,high,False,,research/ml/artifacts/v5_event_collection_repaired/results/batch_05/V5_DEV_EVENT_BATCH_05_EVENTS.csv,True,title
b2b388071058ae6b7f65,5,V5DEV_011,Guillaume Raoux,COMPETITIVE,1997,negative,tour_final_loss,Reached the Rosmalen singles final as a qualifier and lost to Richard Krajicek.,https://www.atptour.com/en/players/guillaume-raoux/r186/bio,Guillaume Raoux | Bio,ATP Tour,,high,False,,research/ml/artifacts/v5_event_collection_repaired/results/batch_05/V5_DEV_EVENT_BATCH_05_EVENTS.csv,True,title
d1399b32b2227cc7d6bf,5,V5DEV_011,Guillaume Raoux,COMPETITIVE,1998,negative,grand_slam_round_of_16_loss,Reached a career-best Australian Open fourth round before elimination.,https://www.atptour.com/en/players/guillaume-raoux/r186/bio,Guillaume Raoux | Bio,ATP Tour,,high,False,,research/ml/artifacts/v5_event_collection_repaired/results/batch_05/V5_DEV_EVENT_BATCH_05_EVENTS.csv,True,title
718877f0dd1d90cbf2a8,5,V5DEV_045,Laetitia Casta,PROJECT,2011,,award_nomination,Received a César nomination for Best Supporting Actress for 'Gainsbourg (vie héroïque)'.,https://www.academie-cinema.org/personnes/173446/,Laetitia Casta - Palmarès,Académie des César,,high,True,Nomination only; no eligible major PROJECT outcome established in the bounded sweep.,research/ml/artifacts/v5_event_collection_repaired/results/batch_05/V5_DEV_EVENT_BATCH_05_EVENTS.csv,True,award
87166383b6ebf232ac82,5,V5DEV_121,Gerhard Schröder,STATUS,1998,positive,chancellor_election_win,Was elected Federal Chancellor after the SPD and Greens won a Bundestag majority.,https://www.bundeskanzler.de/bk-en/chancellery/federal-chancellors-since-1949/gerhard-schroeder,Gerhard Schröder (1998-2005),Federal Government of Germany,,high,False,,research/ml/artifacts/v5_event_collection_repaired/results/batch_05/V5_DEV_EVENT_BATCH_05_EVENTS.csv,True,election
7ea7102a2e8b3831f902,5,V5DEV_121,Gerhard Schröder,STATUS,2002,positive,chancellor_reelection,Was re-elected Federal Chancellor for a second term.,https://www.medienwerkstatt-online.de/lws_wissen/vorlagen/showcard.php?id=3382,Bundeskanzler Gerhard Schröder (1998 bis 2005) - Kurzbiographie,Medienwerkstatt / sourced from Bundesregierung,,medium,False,,research/ml/artifacts/v5_event_collection_repaired/results/batch_05/V5_DEV_EVENT_BATCH_05_EVENTS.csv,True,election
a6828b7ebd165f9ef5dd,5,V5DEV_121,Gerhard Schröder,STATUS,2005,negative,chancellorship_loss_after_election,Left the chancellorship after the early 2005 federal election and formation of a new government.,https://www.bundeskanzler.de/bk-de/content/gerhard-schroeder-1998-2005--1844998,Gerhard Schröder (1998-2005),Federal Government of Germany,,high,False,,research/ml/artifacts/v5_event_collection_repaired/results/batch_05/V5_DEV_EVENT_BATCH_05_EVENTS.csv,True,election
4099b2372ab66539d874,5,V5DEV_019,Robert Hübner,COMPETITIVE,1970,positive,world_championship_candidate_qualification,Finished joint second at the Palma de Mallorca Interzonal and qualified for the Candidates with a round to spare.,https://www.fide.com/robert-huebner-1948-2025/,Robert Huebner (1948-2025),FIDE,2025-01-06,high,False,,research/ml/artifacts/v5_event_collection_repaired/results/batch_05/V5_DEV_EVENT_BATCH_05_EVENTS.csv,True,title
b933c7d3810d6c2ac999,5,V5DEV_019,Robert Hübner,COMPETITIVE,1981,negative,candidates_final_loss,Lost the Candidates Final to Viktor Korchnoi after having led the match.,https://www.fide.com/robert-huebner-1948-2025/,Robert Huebner (1948-2025),FIDE,2025-01-06,high,False,,research/ml/artifacts/v5_event_collection_repaired/results/batch_05/V5_DEV_EVENT_BATCH_05_EVENTS.csv,True,title
461bf2fa41e7f1df7293,5,V5DEV_019,Robert Hübner,COMPETITIVE,1983,negative,candidates_quarterfinal_loss,Lost a Candidates quarterfinal to Vasily Smyslov after the tied match was decided by roulette under the rules then in force.,https://www.fide.com/robert-huebner-turns-75/,Robert Huebner turns 75,FIDE,2023-11-06,high,False,,research/ml/artifacts/v5_event_collection_repaired/results/batch_05/V5_DEV_EVENT_BATCH_05_EVENTS.csv,True,title
a1d5393f286757a9233b,5,V5DEV_019,Robert Hübner,COMPETITIVE,1990,positive,world_championship_candidate_qualification,Qualified again for the Candidates through the Manila Interzonal.,https://www.fide.com/robert-huebner-1948-2025/,Robert Huebner (1948-2025),FIDE,2025-01-06,high,False,,research/ml/artifacts/v5_event_collection_repaired/results/batch_05/V5_DEV_EVENT_BATCH_05_EVENTS.csv,True,title
93fa5b71928e6c65c648,5,V5DEV_053,Scotty McCreery,PROJECT,2011,positive,debut_album_number_one,His debut studio album 'Clear as Day' debuted at No. 1 on the all-genre Billboard 200 and was certified Platinum.,https://www.scottymccreery.com/index.php,Scotty McCreery Official Artist Site,Scotty McCreery official site,,high,False,,research/ml/artifacts/v5_event_collection_repaired/results/batch_05/V5_DEV_EVENT_BATCH_05_EVENTS.csv,True,release
ac1f7026e2189f29e52c,5,V5DEV_053,Scotty McCreery,PROJECT,2017,positive,single_number_one_breakthrough,'Five More Minutes' became his first No. 1 hit.,https://www.scottymccreery.com/index.php,Scotty McCreery Official Artist Site,Scotty McCreery official site,,high,False,,research/ml/artifacts/v5_event_collection_repaired/results/batch_05/V5_DEV_EVENT_BATCH_05_EVENTS.csv,True,release
dce4129b8a5d64909297,5,V5DEV_120,Didier Bellens,STATUS,2003,positive,ceo_accession,Was appointed Chief Executive Officer of Belgacom by the Belgian Council of Ministers.,https://news.belgium.be/fr/designation-du-nouveau-chief-executive-officer-belgacom,Désignation du nouveau Chief Executive Officer Belgacom,Belgian Federal Government,2003-02-14,high,False,,research/ml/artifacts/v5_event_collection_repaired/results/batch_05/V5_DEV_EVENT_BATCH_05_EVENTS.csv,True,office
e0b3eb8dc3130a5f4fdf,5,V5DEV_120,Didier Bellens,STATUS,2013,negative,ceo_dismissal,Was dismissed as Belgacom CEO by the Belgian federal government.,https://www.vrt.be/vrtnws/en/2013/11/16/list_of_serious_shortcomingsresultsindismissal-1-1779965/,List of 'serious shortcomings' results in dismissal,VRT NWS,2013-11-16,high,False,,research/ml/artifacts/v5_event_collection_repaired/results/batch_05/V5_DEV_EVENT_BATCH_05_EVENTS.csv,True,office
38487441ef63360b3fc3,5,V5DEV_034,Fritz Walter,COMPETITIVE,1951,positive,national_championship_win,Won the German championship with 1. FC Kaiserslautern.,https://datencenter.dfb.de/en/people/fritz-walter-41483/player,Fritz Walter - Player profile,DFB,,high,False,,research/ml/artifacts/v5_event_collection_repaired/results/batch_05/V5_DEV_EVENT_BATCH_05_EVENTS.csv,True,title
26b6f01dc21dda0817ad,5,V5DEV_034,Fritz Walter,COMPETITIVE,1953,positive,national_championship_win,Won a second German championship with 1. FC Kaiserslautern.,https://datencenter.dfb.de/en/people/fritz-walter-41483/player,Fritz Walter - Player profile,DFB,,high,False,,research/ml/artifacts/v5_event_collection_repaired/results/batch_05/V5_DEV_EVENT_BATCH_05_EVENTS.csv,True,title
2c9170b87f04183e0480,5,V5DEV_034,Fritz Walter,COMPETITIVE,1954,negative,world_cup_match_loss,West Germany lost 8-3 to Hungary in the World Cup group stage.,https://www.fifa.com/de/tournaments/mens/worldcup/articles/wm-titel-deutschland-ueberblick-ergebnisse-torschuetzen-kader,Deutschlands WM-Titel im Überblick,FIFA,,high,False,,research/ml/artifacts/v5_event_collection_repaired/results/batch_05/V5_DEV_EVENT_BATCH_05_EVENTS.csv,True,title
05800abf1e14dfe3af55,5,V5DEV_034,Fritz Walter,COMPETITIVE,1954,positive,world_cup_win,"Captained West Germany to the FIFA World Cup title, defeating Hungary 3-2 in the final.",https://inside.fifa.com/de/tournaments/mens/worldcup/1954switzerland/news/fritz-walter-eine-unvergessene-legende,Fritz Walter - eine unvergessene Legende,FIFA,,high,False,,research/ml/artifacts/v5_event_collection_repaired/results/batch_05/V5_DEV_EVENT_BATCH_05_EVENTS.csv,True,title
5e557a76ca64c6374816,5,V5DEV_044,Nicole Garcia,PROJECT,1990,positive,directorial_debut_critical_success,"Her first feature as director, 'Un week-end sur deux', received very strong critical reception.",https://www.festival-cannes.com/2014/nicole-garcia-presidente-du-jury-de-la-camera-dor/,"Nicole Garcia, Présidente du Jury de la Caméra d’or",Festival de Cannes,2014,high,False,,research/ml/artifacts/v5_event_collection_repaired/results/batch_05/V5_DEV_EVENT_BATCH_05_EVENTS.csv,True,
6ce01ed26c196ae115bd,5,V5DEV_044,Nicole Garcia,PROJECT,1994,positive,film_critical_success,'Le Fils préféré' also received very strong critical reception.,https://www.festival-cannes.com/2014/nicole-garcia-presidente-du-jury-de-la-camera-dor/,"Nicole Garcia, Présidente du Jury de la Caméra d’or",Festival de Cannes,2014,high,False,,research/ml/artifacts/v5_event_collection_repaired/results/batch_05/V5_DEV_EVENT_BATCH_05_EVENTS.csv,True,release
1f288beb83d3580e9e41,5,V5DEV_044,Nicole Garcia,PROJECT,2002,,cannes_competition_selection,'L’Adversaire' was selected in Competition at Cannes.,https://www.festival-cannes.com/en/p/nicole-garcia/,Nicole Garcia,Festival de Cannes,,high,True,Selection/participation alone is not a decisive PROJECT outcome.,research/ml/artifacts/v5_event_collection_repaired/results/batch_05/V5_DEV_EVENT_BATCH_05_EVENTS.csv,True,election
58ff7597ceb6035ec9f9,5,V5DEV_134,Desi Bouterse,STATUS,1980,positive,de_facto_power_accession,Led a military coup and became Suriname's dominant de facto ruler.,https://apnews.com/article/fe5300461c2239c7bbdb6b5272660ed0,"Desi Bouterse, a dictator convicted of murder who twice ruled Suriname, has died at 79",Associated Press,2024-12-25,high,False,,research/ml/artifacts/v5_event_collection_repaired/results/batch_05/V5_DEV_EVENT_BATCH_05_EVENTS.csv,True,office
aab52309815bacea36fe,5,V5DEV_134,Desi Bouterse,STATUS,2010,positive,presidential_election_win,Was elected President of Suriname.,https://apnews.com/article/fe5300461c2239c7bbdb6b5272660ed0,"Desi Bouterse, a dictator convicted of murder who twice ruled Suriname, has died at 79",Associated Press,2024-12-25,high,False,,research/ml/artifacts/v5_event_collection_repaired/results/batch_05/V5_DEV_EVENT_BATCH_05_EVENTS.csv,True,election
409d72cc5704f56eaf28,5,V5DEV_134,Desi Bouterse,STATUS,2015,positive,presidential_reelection,Secured a second five-year presidential term.,https://apnews.com/article/fe5300461c2239c7bbdb6b5272660ed0,"Desi Bouterse, a dictator convicted of murder who twice ruled Suriname, has died at 79",Associated Press,2024-12-25,high,False,,research/ml/artifacts/v5_event_collection_repaired/results/batch_05/V5_DEV_EVENT_BATCH_05_EVENTS.csv,True,election
6436d192df307657a0cf,5,V5DEV_134,Desi Bouterse,STATUS,2020,negative,presidency_loss_after_election,"Lost power in the 2020 election, when Chan Santokhi defeated him and succeeded him as president.",https://www.reuters.com/world/surinames-former-president-santokhi-dies-67-spokesperson-says-2026-03-30/,Suriname's former president Santokhi dies at age of 67,Reuters,2026-03-30,high,False,,research/ml/artifacts/v5_event_collection_repaired/results/batch_05/V5_DEV_EVENT_BATCH_05_EVENTS.csv,True,election
fcfea67a2e6027bed5b6,5,V5DEV_007,Sébastien Chabal,COMPETITIVE,2007,negative,world_cup_medal_match_loss,France's World Cup campaign ended without a medal after defeat to Argentina in the bronze final.,https://www.world.rugby/news/780982/the-six-nations-in-a-rugby-world-cup-year,The Six Nations in a Rugby World Cup year,World Rugby,,high,False,,research/ml/artifacts/v5_event_collection_repaired/results/batch_05/V5_DEV_EVENT_BATCH_05_EVENTS.csv,True,title
576a451bc8c9a446716b,5,V5DEV_007,Sébastien Chabal,COMPETITIVE,2007,positive,six_nations_title_win,Was part of the France side that won the 2007 Six Nations Championship.,https://www.sixnationsrugby.com/en/m6n/news/flashback-review-of-the-2007-rbs-6-nations,FLASHBACK: Review of the 2007 RBS 6 Nations,Six Nations Rugby,,high,False,,research/ml/artifacts/v5_event_collection_repaired/results/batch_05/V5_DEV_EVENT_BATCH_05_EVENTS.csv,True,title
7b91d5fa764630e4c3e4,5,V5DEV_007,Sébastien Chabal,COMPETITIVE,2010,positive,six_nations_grand_slam_win,Was part of the France side that won the 2010 Six Nations Grand Slam.,https://apnews.com/article/d3147849acd09e3b59a543222661d4bf,France rugby star Chabal does not remember 'a single second' of his career due to concussion,Associated Press,2025-04-11,high,False,,research/ml/artifacts/v5_event_collection_repaired/results/batch_05/V5_DEV_EVENT_BATCH_05_EVENTS.csv,True,title
6f9e67dce6ab89927c21,5,V5DEV_054,Manoel de Oliveira,PROJECT,1990,positive,festival_critics_prize,Received a FIPRESCI special critics' prize at Cannes.,https://www.festival-cannes.com/en/p/manoel-de-oliveira/,Manoel de Oliveira,Festival de Cannes,,high,False,,research/ml/artifacts/v5_event_collection_repaired/results/batch_05/V5_DEV_EVENT_BATCH_05_EVENTS.csv,True,award
8196fb1ea5202c3e92d4,5,V5DEV_054,Manoel de Oliveira,PROJECT,1997,positive,festival_critics_prize,'Viagem ao Princípio do Mundo' received the FIPRESCI International Critics' Prize at Cannes.,https://www.festival-cannes.com/en/p/manoel-de-oliveira/,Manoel de Oliveira,Festival de Cannes,,high,False,,research/ml/artifacts/v5_event_collection_repaired/results/batch_05/V5_DEV_EVENT_BATCH_05_EVENTS.csv,True,award
e6ea854de3aa51d6fe2e,5,V5DEV_054,Manoel de Oliveira,PROJECT,1999,positive,cannes_jury_prize,'A Carta' won the Jury Prize at Cannes.,https://www.festival-cannes.com/en/p/manoel-de-oliveira/,Manoel de Oliveira,Festival de Cannes,,high,False,,research/ml/artifacts/v5_event_collection_repaired/results/batch_05/V5_DEV_EVENT_BATCH_05_EVENTS.csv,True,award
6a746fd616f39f69fedd,5,V5DEV_119,Hubert de Givenchy,STATUS,1952,positive,fashion_house_founder_accession,Founded the House of Givenchy in Paris.,https://press.givenchy.com/maison-givenchy/?lang=eng,The Givenchy Maison,Givenchy,2025-05-13,high,False,,research/ml/artifacts/v5_event_collection_repaired/results/batch_05/V5_DEV_EVENT_BATCH_05_EVENTS.csv,True,office
2c4aed48fd96159e1eb9,5,V5DEV_119,Hubert de Givenchy,STATUS,1995,,retirement,Retired from fashion after decades leading the house.,https://www.vogue.com/article/hubert-de-givenchy-remembrance-hamish-bowles,Vogue's Hamish Bowles Remembers the French Couturier Hubert de Givenchy,Vogue,2018-03-12,high,True,Routine/voluntary retirement is not automatically a negative STATUS event.,research/ml/artifacts/v5_event_collection_repaired/results/batch_05/V5_DEV_EVENT_BATCH_05_EVENTS.csv,True,
f5585e792851814cf625,5,V5DEV_073,Jackie Cooper,PROJECT,1931,,academy_award_nomination,Received an Academy Award nomination for Best Actor for 'Skippy'.,https://www.televisionacademy.com/features/news/news/jackie-cooper-child-star-turned-prolific-director-and-producer,"Jackie Cooper, Child Star Turned Prolific Director and Producer",Television Academy,2011-07-28,high,True,Nomination only.,research/ml/artifacts/v5_event_collection_repaired/results/batch_05/V5_DEV_EVENT_BATCH_05_EVENTS.csv,True,award
174c5a217f40a31915de,5,V5DEV_073,Jackie Cooper,PROJECT,1974,positive,emmy_directing_win,Won the Primetime Emmy for Best Directing in Comedy for M*A*S*H.,https://www.televisionacademy.com/bios/jackie-cooper,Jackie Cooper | Emmy Awards and Nominations,Television Academy,,high,False,,research/ml/artifacts/v5_event_collection_repaired/results/batch_05/V5_DEV_EVENT_BATCH_05_EVENTS.csv,True,
6a8c95f1755266240b7e,5,V5DEV_073,Jackie Cooper,PROJECT,1979,positive,emmy_directing_win,Won the Primetime Emmy for Outstanding Directing in a Drama Series for 'The White Shadow'.,https://www.televisionacademy.com/bios/jackie-cooper,Jackie Cooper | Emmy Awards and Nominations,Television Academy,,high,False,,research/ml/artifacts/v5_event_collection_repaired/results/batch_05/V5_DEV_EVENT_BATCH_05_EVENTS.csv,True,
740e9b2ee984419e3468,5,V5DEV_130,Heinrich von Brentano,STATUS,1955,positive,foreign_minister_accession,Became Federal Minister for Foreign Affairs of West Germany.,https://www.auswaertiges-amt.de/de/aamt/geschichte-des-auswaertigen-amts/aussenminister-node,Außenminister von 1951 bis heute,Federal Foreign Office of Germany,,high,False,,research/ml/artifacts/v5_event_collection_repaired/results/batch_05/V5_DEV_EVENT_BATCH_05_EVENTS.csv,True,office
e9075b4d166f6c59466c,5,V5DEV_130,Heinrich von Brentano,STATUS,1961,negative,foreign_minister_resignation,"Resigned as Foreign Minister amid coalition negotiations with the FDP, after concluding his position no longer had the required political support.",https://www.kas.de/de/web/geschichte-der-cdu/personen/biogramm-detail/-/content/heinrich-von-brentano-di-tremezzo,Heinrich von Brentano di Tremezzo,Konrad-Adenauer-Stiftung,,high,False,,research/ml/artifacts/v5_event_collection_repaired/results/batch_05/V5_DEV_EVENT_BATCH_05_EVENTS.csv,True,office
f67c208edc6aecc51aef,5,V5DEV_159,Otto von Habsburg,STATUS,1973,positive,international_organization_presidency,Became International President of the Paneuropean Union.,https://www.ottovonhabsburg.org/content.asp?ID=1030&lang=en,Curriculum Vitae,Otto von Habsburg,,high,False,,research/ml/artifacts/v5_event_collection_repaired/results/batch_05/V5_DEV_EVENT_BATCH_05_EVENTS.csv,True,
c396b306151acc1c1b85,5,V5DEV_159,Otto von Habsburg,STATUS,1979,positive,european_parliament_election,Entered the European Parliament following its first direct election.,https://www.europarl.europa.eu/meps/en/1265/OTTO_VON%2BHABSBURG/history/1,1st parliamentary term | Otto von Habsburg,European Parliament,,high,False,,research/ml/artifacts/v5_event_collection_repaired/results/batch_05/V5_DEV_EVENT_BATCH_05_EVENTS.csv,True,election
368cdf336859c3d4eb25,5,V5DEV_159,Otto von Habsburg,STATUS,1999,,routine_parliamentary_exit,Ended his service in the European Parliament after four terms.,https://www.europarl.europa.eu/meps/en/1265/OTTO_VON%2BHABSBURG/history/4,4th parliamentary term | Otto von Habsburg,European Parliament,,high,True,Routine end of service is not automatically a negative STATUS event.,research/ml/artifacts/v5_event_collection_repaired/results/batch_05/V5_DEV_EVENT_BATCH_05_EVENTS.csv,True,resign
2d7272ec5cb3f57586f7,5,V5DEV_142,Giangiacomo Feltrinelli,STATUS,1955,positive,publishing_house_founder_accession,Founded Giangiacomo Feltrinelli Editore in Milan.,https://www.feltrinellieditore.it/news/2002/03/12/biografia-completa-di-giangiacomo-feltrinelli/,Biografia completa di Giangiacomo Feltrinelli,Feltrinelli Editore,,high,False,,research/ml/artifacts/v5_event_collection_repaired/results/batch_05/V5_DEV_EVENT_BATCH_05_EVENTS.csv,True,office
cbc7727029cd6511b82f,5,V5DEV_142,Giangiacomo Feltrinelli,STATUS,1969,,voluntary_operational_withdrawal,Moved into clandestine political activity and later entrusted management of the publishing house to Inge.,https://www.feltrinellieditore.it/autori/feltrinelligiangiacomo/,Giangiacomo Feltrinelli,Feltrinelli Editore,,high,True,Voluntary/clandestine withdrawal is not automatically a negative STATUS event.,research/ml/artifacts/v5_event_collection_repaired/results/batch_05/V5_DEV_EVENT_BATCH_05_EVENTS.csv,True,
073e63bf46a67cba512d,5,V5DEV_142,Giangiacomo Feltrinelli,STATUS,1972,,death,Died in an explosion near an electricity pylon outside Milan.,https://www.feltrinellieditore.it/news/2002/03/12/biografia-completa-di-giangiacomo-feltrinelli/,Biografia completa di Giangiacomo Feltrinelli,Feltrinelli Editore,,high,True,Death excluded from core STATUS.,research/ml/artifacts/v5_event_collection_repaired/results/batch_05/V5_DEV_EVENT_BATCH_05_EVENTS.csv,True,
bd24bf6f72521dfd5d25,5,V5DEV_150,Jérôme Cahuzac,STATUS,2012,positive,budget_minister_accession,Was appointed France's minister-delegate responsible for the budget.,https://www.legifrance.gouv.fr/jorf/article_jo/JORFARTI000025893291,Décret du 16 mai 2012 relatif à la composition du Gouvernement,Légifrance,2012-05-16,high,False,,research/ml/artifacts/v5_event_collection_repaired/results/batch_05/V5_DEV_EVENT_BATCH_05_EVENTS.csv,True,office
4b9831cdff61a83e2ca3,5,V5DEV_150,Jérôme Cahuzac,STATUS,2013,negative,ministerial_resignation,Resigned from the government and his budget-minister functions were formally ended on 19 March 2013.,https://www.legifrance.gouv.fr/jorf/id/JORFTEXT000027193988,Décret du 19 mars 2013 relatif à la composition du Gouvernement,Légifrance,2013-03-19,high,False,,research/ml/artifacts/v5_event_collection_repaired/results/batch_05/V5_DEV_EVENT_BATCH_05_EVENTS.csv,True,office
ed1f4606f05f98768d9f,5,V5DEV_150,Jérôme Cahuzac,STATUS,2024,negative,parliamentary_election_loss,Was eliminated in the first round of the 2024 legislative election while attempting a political comeback.,https://www.lemonde.fr/politique/article/2024/06/30/jerome-cahuzac-elimine-des-le-premier-tour-des-elections-legislatives-dans-le-lot-et-garonne_6245598_823448.html,Jérôme Cahuzac éliminé dès le premier tour des élections législatives dans le Lot-et-Garonne,Le Monde,2024-06-30,high,False,,research/ml/artifacts/v5_event_collection_repaired/results/batch_05/V5_DEV_EVENT_BATCH_05_EVENTS.csv,True,election
774b0580f1125d261851,6,V5DEV_021,Todd Bridges,COMPETITIVE,2002,,celebrity_boxing_win,Defeated Vanilla Ice by unanimous judges' decision on the first episode of Fox's Celebrity Boxing.,https://realtoddbridges.com/pages/todd-timeline,Todd Timeline,Todd Bridges official site,,high,True,Celebrity entertainment bout is below the frozen major COMPETITIVE threshold.,research/ml/artifacts/v5_event_collection_repaired/results/batch_06/V5_DEV_EVENT_BATCH_06_EVENTS.csv,True,
c557f72eedc67f58b817,6,V5DEV_055,Claudio Abbado,PROJECT,1998,positive,recording_grammy_win,"Won the Grammy for Best Chamber Music/Small Ensemble Performance for Hindemith: Kammermusik No. 1 With Finale 1921, Op. 24 No. 1.",https://www.grammy.com/awards/categories/best-chamber-music-small-ensemble-performance/1998/,Best Chamber Music/Small Ensemble Performance 1998,Recording Academy / GRAMMY.com,,high,False,,research/ml/artifacts/v5_event_collection_repaired/results/batch_06/V5_DEV_EVENT_BATCH_06_EVENTS.csv,True,award
385c94d100f79164d327,6,V5DEV_055,Claudio Abbado,PROJECT,2006,positive,recording_grammy_win,A recording of Beethoven Piano Concertos Nos. 2 & 3 conducted by Abbado with Martha Argerich won a Grammy in the instrumental soloist-with-orchestra category.,https://www.grammy.com/artists/claudio-abbado/47/,Claudio Abbado Grammy Awards and Nominations,Recording Academy / GRAMMY.com,,high,False,,research/ml/artifacts/v5_event_collection_repaired/results/batch_06/V5_DEV_EVENT_BATCH_06_EVENTS.csv,True,award
82f0ae91b95f0861ec42,6,V5DEV_149,Robert Hersant,STATUS,1947,,legal_civic_disqualification,Was sentenced to ten years of national indignity for collaboration.,https://www2.assemblee-nationale.fr/sycomore/fiche?legislature=50&num_dept=3821,Robert Hersant - Base de données des députés français depuis 1789,Assemblée nationale,,high,True,Legal sanction excluded from core STATUS under the frozen rule.,research/ml/artifacts/v5_event_collection_repaired/results/batch_06/V5_DEV_EVENT_BATCH_06_EVENTS.csv,True,
b359e907ad2e2a1c1bc0,6,V5DEV_149,Robert Hersant,STATUS,1956,negative,parliamentary_mandate_invalidation,His parliamentary mandate was invalidated on 18 April 1956.,https://www.lemonde.fr/archives/article/1975/07/04/assemblee-nationale-premiere-seance-du-18-avril-1956-suite_2574596_1819218.html,Assemblée nationale : première séance du 18 avril 1956,Le Monde,1975-07-04,high,False,,research/ml/artifacts/v5_event_collection_repaired/results/batch_06/V5_DEV_EVENT_BATCH_06_EVENTS.csv,True,
bbc422d21673fff1f2f2,6,V5DEV_149,Robert Hersant,STATUS,1956,positive,parliamentary_election_accession,Entered the French National Assembly as deputy for Oise in January 1956.,https://www2.assemblee-nationale.fr/sycomore/fiche/%28num_dept%29/3821,Robert Hersant - Base de données des députés français depuis 1789,Assemblée nationale,,high,False,,research/ml/artifacts/v5_event_collection_repaired/results/batch_06/V5_DEV_EVENT_BATCH_06_EVENTS.csv,True,election
3e95aee3acfcf79d8b14,6,V5DEV_149,Robert Hersant,STATUS,1956,positive,parliamentary_return,Returned to the National Assembly with a new mandate beginning in June 1956.,https://www2.assemblee-nationale.fr/sycomore/fiche/%28num_dept%29/3821,Robert Hersant - Base de données des députés français depuis 1789,Assemblée nationale,,high,False,,research/ml/artifacts/v5_event_collection_repaired/results/batch_06/V5_DEV_EVENT_BATCH_06_EVENTS.csv,True,
a38fe49f28617c5f93b0,6,V5DEV_023,Nino Benvenuti,COMPETITIVE,1960,positive,olympic_gold,Won Olympic gold in the welterweight boxing division at the Rome Games.,https://www.coni.it/it/italia-team/olimpiadi/scheda_atleta/medagliato/1036%3ANINO_BENVENUTI.html,Nino Benvenuti,CONI / Italia Team,,high,False,,research/ml/artifacts/v5_event_collection_repaired/results/batch_06/V5_DEV_EVENT_BATCH_06_EVENTS.csv,True,title
277dc4dd310f61968808,6,V5DEV_023,Nino Benvenuti,COMPETITIVE,1965,positive,world_title_win,Knocked out Sandro Mazzinghi to become WBC/WBA world super-welterweight champion.,https://www.worldboxingfederation.org/articles/article0673.htm,Nino Benvenuti,World Boxing Federation,,medium,False,,research/ml/artifacts/v5_event_collection_repaired/results/batch_06/V5_DEV_EVENT_BATCH_06_EVENTS.csv,True,title
81f9a9de656eaafaec69,6,V5DEV_023,Nino Benvenuti,COMPETITIVE,1966,negative,world_title_loss,Lost the world super-welterweight titles to Ki-Soo Kim by split decision.,https://www.worldboxingfederation.org/articles/article0673.htm,Nino Benvenuti,World Boxing Federation,,medium,False,,research/ml/artifacts/v5_event_collection_repaired/results/batch_06/V5_DEV_EVENT_BATCH_06_EVENTS.csv,True,title
4b34db5e8233c4f20d17,6,V5DEV_023,Nino Benvenuti,COMPETITIVE,1967,negative,world_title_loss,Lost the middleweight championship rematch to Emile Griffith.,https://www.worldboxingfederation.org/articles/article0673.htm,Nino Benvenuti,World Boxing Federation,,medium,False,,research/ml/artifacts/v5_event_collection_repaired/results/batch_06/V5_DEV_EVENT_BATCH_06_EVENTS.csv,True,title
bf4ab583f76a1c63c161,6,V5DEV_023,Nino Benvenuti,COMPETITIVE,1967,positive,world_title_win,Defeated Emile Griffith to win the WBC/WBA world middleweight championship.,https://www.worldboxingfederation.org/articles/article0673.htm,Nino Benvenuti,World Boxing Federation,,medium,False,,research/ml/artifacts/v5_event_collection_repaired/results/batch_06/V5_DEV_EVENT_BATCH_06_EVENTS.csv,True,title
6a072a06506efa6d2ff1,6,V5DEV_023,Nino Benvenuti,COMPETITIVE,1968,positive,world_title_reclaim,Defeated Emile Griffith in their third bout to regain the middleweight championship.,https://www.worldboxingfederation.org/articles/article0673.htm,Nino Benvenuti,World Boxing Federation,,medium,False,,research/ml/artifacts/v5_event_collection_repaired/results/batch_06/V5_DEV_EVENT_BATCH_06_EVENTS.csv,True,title
2405667690d14557f86e,6,V5DEV_023,Nino Benvenuti,COMPETITIVE,1970,negative,world_title_loss,Lost the middleweight world title to Carlos Monzón by TKO.,https://www.worldboxingfederation.org/articles/article0673.htm,Nino Benvenuti,World Boxing Federation,,medium,False,,research/ml/artifacts/v5_event_collection_repaired/results/batch_06/V5_DEV_EVENT_BATCH_06_EVENTS.csv,True,title
777cf9fb69d3e7bc0a3b,6,V5DEV_041,Amália Rodrigues,PROJECT,1956,positive,international_concert_breakthrough,Made her Olympia de Paris debut after the international success of 'Barco Negro' and completed two consecutive seasons there.,https://amaliarodrigues.pt/en/strange-form-of-life/,Strange form of life,Fundação Amália Rodrigues,,high,False,,research/ml/artifacts/v5_event_collection_repaired/results/batch_06/V5_DEV_EVENT_BATCH_06_EVENTS.csv,True,release
9cde7e17f60acaaae8ad,6,V5DEV_041,Amália Rodrigues,PROJECT,1957,positive,live_album_success,Amália à L’Olympia was released internationally and became her best-known live album.,https://amaliarodrigues.pt/en/amalia-2/discography/,Discography,Fundação Amália Rodrigues,,high,False,,research/ml/artifacts/v5_event_collection_repaired/results/batch_06/V5_DEV_EVENT_BATCH_06_EVENTS.csv,True,release
2f3acd442c2148a99c5d,6,V5DEV_152,Jack Parsons,STATUS,1942,positive,aerojet_cofounder_accession,Was part of the group that formally incorporated Aerojet Engineering Corporation in March 1942.,https://ntrs.nasa.gov/citations/20190032336,"Aerojet Engineering Corporation: Stimulation and Creation, 1935-1942",NASA Technical Reports Server,2019,high,False,,research/ml/artifacts/v5_event_collection_repaired/results/batch_06/V5_DEV_EVENT_BATCH_06_EVENTS.csv,True,office
dfc6f375baaaff5624b7,6,V5DEV_152,Jack Parsons,STATUS,1944,negative,aerojet_expulsion,Was expelled from Aerojet after new majority shareholders objected to his working methods and associations.,https://www.wired.com/story/jpl-jack-parsons,Occultist father of rocketry 'written out' of Nasa's history,WIRED,,medium,False,,research/ml/artifacts/v5_event_collection_repaired/results/batch_06/V5_DEV_EVENT_BATCH_06_EVENTS.csv,True,
8ad402c9805d66417f32,6,V5DEV_152,Jack Parsons,STATUS,1948,negative,security_clearance_loss,"Lost his security clearance for classified government work, limiting his ability to remain in government-led rocketry.",https://www.encyclopedia.com/science/encyclopedias-almanacs-transcripts-and-maps/parsons-jack-1914-1952,"Parsons, Jack (1914-1952)",Encyclopedia.com,,medium,False,,research/ml/artifacts/v5_event_collection_repaired/results/batch_06/V5_DEV_EVENT_BATCH_06_EVENTS.csv,True,resign
180e5fee3b74208c555b,6,V5DEV_016,Martin Fourcade,COMPETITIVE,2014,positive,olympic_gold,Won two individual Olympic gold medals at Sochi 2014.,https://www.martinfourcade.fr/,Martin Fourcade - site officiel,Martin Fourcade official site,,high,False,,research/ml/artifacts/v5_event_collection_repaired/results/batch_06/V5_DEV_EVENT_BATCH_06_EVENTS.csv,True,title
ba4140796bfad7b3180b,6,V5DEV_016,Martin Fourcade,COMPETITIVE,2018,positive,olympic_gold,Won three Olympic gold medals at PyeongChang 2018.,https://www.martinfourcade.fr/,Martin Fourcade - site officiel,Martin Fourcade official site,,high,False,,research/ml/artifacts/v5_event_collection_repaired/results/batch_06/V5_DEV_EVENT_BATCH_06_EVENTS.csv,True,title
8d284dddbb2c1baf98a7,6,V5DEV_076,Jacques Villeret,PROJECT,1979,positive,cesar_acting_win,Won the César for Best Supporting Actor for Robert et Robert.,https://www.academie-cinema.org/evenements/ceremonie-des-cesar-1979/,La Cérémonie des César 1979,Académie des César,,high,False,,research/ml/artifacts/v5_event_collection_repaired/results/batch_06/V5_DEV_EVENT_BATCH_06_EVENTS.csv,True,award
51c862eeabcee4b2c869,6,V5DEV_076,Jacques Villeret,PROJECT,1999,positive,cesar_acting_win,Won the César for Best Actor for Le dîner de cons.,https://www.academie-cinema.org/evenements/ceremonie-des-cesar-1999/,La Cérémonie des César 1999,Académie des César,,high,False,,research/ml/artifacts/v5_event_collection_repaired/results/batch_06/V5_DEV_EVENT_BATCH_06_EVENTS.csv,True,award
31052dd7f23458580ec6,6,V5DEV_146,Rudi Dutschke,STATUS,1967,,movement_spokesman,Was widely regarded as a leading spokesman of the West German student movement and was active in the SDS.,https://www.hdg.de/lemo/biografie/rudi-dutschke,LeMO Biografie Rudi Dutschke,Stiftung Haus der Geschichte der Bundesrepublik Deutschland,,high,True,Informal movement leadership is not a qualifying core STATUS transition.,research/ml/artifacts/v5_event_collection_repaired/results/batch_06/V5_DEV_EVENT_BATCH_06_EVENTS.csv,True,
45d10faa692767a1cb12,6,V5DEV_146,Rudi Dutschke,STATUS,1968,,assassination_attempt,Was severely wounded in an assassination attempt.,https://www.hdg.de/lemo/biografie/rudi-dutschke,LeMO Biografie Rudi Dutschke,Stiftung Haus der Geschichte der Bundesrepublik Deutschland,,high,True,Health/violence disruption excluded from core STATUS.,research/ml/artifacts/v5_event_collection_repaired/results/batch_06/V5_DEV_EVENT_BATCH_06_EVENTS.csv,True,
07b1e36c9374bd9654a7,6,V5DEV_015,Nathalie Tauziat,COMPETITIVE,1998,negative,grand_slam_final_loss,Reached the Wimbledon singles final and finished runner-up.,https://www.wtatennis.com/players/200011/nathalie-tauziat/record,Nathalie Tauziat - Record,WTA,,high,False,,research/ml/artifacts/v5_event_collection_repaired/results/batch_06/V5_DEV_EVENT_BATCH_06_EVENTS.csv,True,title
7cd9e03d3f3e901ccfec,6,V5DEV_015,Nathalie Tauziat,COMPETITIVE,1999,positive,tour_title_win,Won WTA singles titles in Moscow and Leipzig.,https://www.wtatennis.com/players/200011/nathalie-tauziat,Nathalie Tauziat,WTA,,high,False,,research/ml/artifacts/v5_event_collection_repaired/results/batch_06/V5_DEV_EVENT_BATCH_06_EVENTS.csv,True,title
24cc91072480faa8c9e0,6,V5DEV_015,Nathalie Tauziat,COMPETITIVE,2000,positive,tour_title_and_ranking_peak,Won the Paris Indoor singles title and reached a career-high singles ranking of world No. 3.,https://www.wtatennis.com/players/200011/nathalie-tauziat,Nathalie Tauziat,WTA,,high,False,,research/ml/artifacts/v5_event_collection_repaired/results/batch_06/V5_DEV_EVENT_BATCH_06_EVENTS.csv,True,title
ef7fa1896fd59daff4a7,6,V5DEV_052,Jack Starrett,PROJECT,1969,positive,directorial_debut_box_office_success,"Run, Angel, Run!, Starrett's directorial debut, appeared on Variety's top-grossing lists during its release run.",https://catalog.afi.com/Film/18409-RUN-ANGELRUN,"Run, Angel, Run!",AFI Catalog,,high,False,,research/ml/artifacts/v5_event_collection_repaired/results/batch_06/V5_DEV_EVENT_BATCH_06_EVENTS.csv,True,
c47ffcd53effd38a7dc9,6,V5DEV_052,Jack Starrett,PROJECT,1975,positive,film_box_office_success,"Race with the Devil, directed by Starrett, earned about $12 million at the domestic box office.",https://www.the-numbers.com/movie/Race-with-the-Devil,Race with the Devil (1975) - Financial Information,The Numbers,,medium,False,,research/ml/artifacts/v5_event_collection_repaired/results/batch_06/V5_DEV_EVENT_BATCH_06_EVENTS.csv,True,release
3031e1bb952497bfc872,6,V5DEV_140,Georges Pompidou,STATUS,1962,positive,prime_minister_accession,Became Prime Minister of France in April 1962.,https://www.elysee.fr/en/georges-pompidou,Georges Pompidou,Élysée,,high,False,,research/ml/artifacts/v5_event_collection_repaired/results/batch_06/V5_DEV_EVENT_BATCH_06_EVENTS.csv,True,office
9fa4238f5fcfe93d4dee,6,V5DEV_140,Georges Pompidou,STATUS,1969,positive,presidential_election_win,Was elected President of the French Republic on 15 June 1969.,https://www.elysee.fr/en/georges-pompidou,Georges Pompidou,Élysée,,high,False,,research/ml/artifacts/v5_event_collection_repaired/results/batch_06/V5_DEV_EVENT_BATCH_06_EVENTS.csv,True,election
cc55cd68750b6351422b,6,V5DEV_140,Georges Pompidou,STATUS,1974,,death_in_office,Died while serving as President.,https://www.elysee.fr/en/georges-pompidou,Georges Pompidou,Élysée,,high,True,Death excluded from core STATUS.,research/ml/artifacts/v5_event_collection_repaired/results/batch_06/V5_DEV_EVENT_BATCH_06_EVENTS.csv,True,
654bc3329f2a8ae603cd,6,V5DEV_014,Nicolas Mahut,COMPETITIVE,2010,negative,grand_slam_match_loss,Lost the record-setting 11-hour Wimbledon first-round match to John Isner.,https://www.atptour.com/en/players/mahut-nicolas/m873/bio,Nicolas Mahut | Bio,ATP Tour,,high,False,,research/ml/artifacts/v5_event_collection_repaired/results/batch_06/V5_DEV_EVENT_BATCH_06_EVENTS.csv,True,title
c341c450e7e792559bcb,6,V5DEV_014,Nicolas Mahut,COMPETITIVE,2015,positive,grand_slam_doubles_title,Won the US Open doubles title with Pierre-Hugues Herbert.,https://www.atptour.com/en/players/mahut-nicolas/m873/bio,Nicolas Mahut | Bio,ATP Tour,,high,False,,research/ml/artifacts/v5_event_collection_repaired/results/batch_06/V5_DEV_EVENT_BATCH_06_EVENTS.csv,True,title
11fe7a18a272a8aa10a5,6,V5DEV_014,Nicolas Mahut,COMPETITIVE,2016,positive,grand_slam_doubles_title,Won the Wimbledon doubles title with Pierre-Hugues Herbert and later reached world No. 1 in doubles.,https://www.atptour.com/en/players/mahut-nicolas/m873/bio,Nicolas Mahut | Bio,ATP Tour,,high,False,,research/ml/artifacts/v5_event_collection_repaired/results/batch_06/V5_DEV_EVENT_BATCH_06_EVENTS.csv,True,title
1933a40ce2b3453b2ee6,6,V5DEV_014,Nicolas Mahut,COMPETITIVE,2018,negative,season_final_loss,Finished runner-up at the ATP Finals with Pierre-Hugues Herbert after holding a championship point.,https://www.atptour.com/en/players/mahut-nicolas/m873/bio,Nicolas Mahut | Bio,ATP Tour,,high,False,,research/ml/artifacts/v5_event_collection_repaired/results/batch_06/V5_DEV_EVENT_BATCH_06_EVENTS.csv,True,title
e6c89fab733f8e952ab3,6,V5DEV_014,Nicolas Mahut,COMPETITIVE,2019,positive,grand_slam_doubles_title,"Won the Australian Open doubles title with Pierre-Hugues Herbert, completing the career Grand Slam as a team.",https://www.atptour.com/en/players/mahut-nicolas/m873/bio,Nicolas Mahut | Bio,ATP Tour,,high,False,,research/ml/artifacts/v5_event_collection_repaired/results/batch_06/V5_DEV_EVENT_BATCH_06_EVENTS.csv,True,title
04f4b202b860422883f3,6,V5DEV_070,James Whitmore,PROJECT,1948,positive,tony_newcomer_award,Received the Tony honor for Outstanding Performance by a Newcomer for Command Decision.,https://www.tonyawards.com/winners/year/1948/category/any/show/any/,Winners / 1948,Tony Awards / American Theatre Wing,,high,False,,research/ml/artifacts/v5_event_collection_repaired/results/batch_06/V5_DEV_EVENT_BATCH_06_EVENTS.csv,True,award
cb37f6506683bcc48f56,6,V5DEV_070,James Whitmore,PROJECT,2000,positive,emmy_acting_win,Won the Primetime Emmy for Outstanding Guest Actor in a Drama Series for The Practice.,https://www.televisionacademy.com/bios/james-whitmore,James Whitmore | Emmy Awards and Nominations,Television Academy,,high,False,,research/ml/artifacts/v5_event_collection_repaired/results/batch_06/V5_DEV_EVENT_BATCH_06_EVENTS.csv,True,
63febbf1bc50c0423470,6,V5DEV_156,Renato Ruggiero,STATUS,1987,positive,foreign_trade_minister_accession,Was appointed Italy's Minister for Foreign Trade.,https://www.wto.org/english/thewto_e/dg_e/rr_e.htm,Renato Ruggiero - Biographical Note,World Trade Organization,,high,False,,research/ml/artifacts/v5_event_collection_repaired/results/batch_06/V5_DEV_EVENT_BATCH_06_EVENTS.csv,True,office
773d77fb97e7ea2b7aa9,6,V5DEV_156,Renato Ruggiero,STATUS,1995,positive,wto_director_general_accession,Took office as Director-General of the World Trade Organization on 1 May 1995.,https://www.wto.org/english/thewto_e/dg_e/rr_e.htm,Renato Ruggiero - Biographical Note,World Trade Organization,,high,False,,research/ml/artifacts/v5_event_collection_repaired/results/batch_06/V5_DEV_EVENT_BATCH_06_EVENTS.csv,True,office
6440bb5eac7cb34150ef,6,V5DEV_156,Renato Ruggiero,STATUS,2001,positive,foreign_minister_accession,Became Italy's Minister of Foreign Affairs in the second Berlusconi government.,https://www.esteri.it/en/ministero/storia/ministri_esteri/,I Ministri degli Esteri della Repubblica,Italian Ministry of Foreign Affairs,,high,False,,research/ml/artifacts/v5_event_collection_repaired/results/batch_06/V5_DEV_EVENT_BATCH_06_EVENTS.csv,True,office
0ff5265b7a194db60319,6,V5DEV_156,Renato Ruggiero,STATUS,2002,negative,foreign_minister_resignation,His resignation as Foreign Minister was accepted by presidential decree on 6 January 2002.,https://www.esteri.it/en/ministero/storia/ministri_esteri/,I Ministri degli Esteri della Repubblica,Italian Ministry of Foreign Affairs,,high,False,,research/ml/artifacts/v5_event_collection_repaired/results/batch_06/V5_DEV_EVENT_BATCH_06_EVENTS.csv,True,office
15d2c552d14a7a2a18e9,6,V5DEV_080,John Cena,PROJECT,2022,positive,television_series_success,"Peacemaker, starring Cena, had a strong launch, was described by HBO Max as critically acclaimed and fan-favorite, and was renewed for a second season.",https://press.wbd.com/us/ca/media-release/hbo-max/peacemaker/hbo-max-hit-series-peacemaker-renewed-second-season-0,HBO Max Hit Series PEACEMAKER Renewed For A Second Season,Warner Bros. Discovery Pressroom,2022-02-16,high,False,,research/ml/artifacts/v5_event_collection_repaired/results/batch_06/V5_DEV_EVENT_BATCH_06_EVENTS.csv,True,
b8f872ac9817feba61bf,6,V5DEV_080,John Cena,PROJECT,2023,negative,film_commercial_failure,"Freelance, starring Cena, grossed about $10.2 million worldwide against a reported production budget of about $40 million.",https://www.boxofficemojo.com/title/tt15744298/credits/,Freelance (2023),Box Office Mojo,,high,False,,research/ml/artifacts/v5_event_collection_repaired/results/batch_06/V5_DEV_EVENT_BATCH_06_EVENTS.csv,True,release
9450a91fa51cf0260843,6,V5DEV_129,Giovanni Leone,STATUS,1955,positive,chamber_president_accession,Was elected President of the Italian Chamber of Deputies.,https://presidenti.quirinale.it/page/6/leo-biografia.html,Biografia del Presidente Giovanni Leone,Presidenza della Repubblica Italiana,,high,False,,research/ml/artifacts/v5_event_collection_repaired/results/batch_06/V5_DEV_EVENT_BATCH_06_EVENTS.csv,True,office
4ccf863c2a1161b0482a,6,V5DEV_129,Giovanni Leone,STATUS,1963,positive,prime_minister_accession,Became President of the Council of Ministers in June 1963.,https://presidenti.quirinale.it/page/6/leo-biografia.html,Biografia del Presidente Giovanni Leone,Presidenza della Repubblica Italiana,,high,False,,research/ml/artifacts/v5_event_collection_repaired/results/batch_06/V5_DEV_EVENT_BATCH_06_EVENTS.csv,True,office
b19ca97f3e943ae1ec9b,6,V5DEV_129,Giovanni Leone,STATUS,1971,positive,presidential_election_win,Was elected President of the Italian Republic in December 1971.,https://presidenti.quirinale.it/page/6/leo-biografia.html,Biografia del Presidente Giovanni Leone,Presidenza della Repubblica Italiana,,high,False,,research/ml/artifacts/v5_event_collection_repaired/results/batch_06/V5_DEV_EVENT_BATCH_06_EVENTS.csv,True,election
f53e36468fcda3ed733c,6,V5DEV_129,Giovanni Leone,STATUS,1978,negative,presidential_resignation,Resigned as President of the Republic on 15 June 1978.,https://archivio.quirinale.it/aspr/presidente/biografia/giovanni-leone,Giovanni Leone - Biografia,Portale storico della Presidenza della Repubblica,,high,False,,research/ml/artifacts/v5_event_collection_repaired/results/batch_06/V5_DEV_EVENT_BATCH_06_EVENTS.csv,True,office
55c3383af1f1d27ab11e,6,V5DEV_105,Georg Leber,STATUS,1966,positive,transport_minister_accession,Became Federal Minister of Transport in West Germany.,https://www.deutsche-biographie.de/gnd118570625.html,"Leber, Georg",Deutsche Biographie,,high,False,,research/ml/artifacts/v5_event_collection_repaired/results/batch_06/V5_DEV_EVENT_BATCH_06_EVENTS.csv,True,office
db20cdb31d7bb9efd340,6,V5DEV_105,Georg Leber,STATUS,1972,positive,defence_minister_accession,Became Federal Minister of Defence.,https://www.deutsche-biographie.de/gnd118570625.html,"Leber, Georg",Deutsche Biographie,,high,False,,research/ml/artifacts/v5_event_collection_repaired/results/batch_06/V5_DEV_EVENT_BATCH_06_EVENTS.csv,True,office
31e41a672bbd752961a2,6,V5DEV_105,Georg Leber,STATUS,1978,negative,defence_minister_resignation,Resigned as Defence Minister after revelations about illegal Military Counterintelligence Service surveillance operations.,https://www.hdg.de/lemo/jahreschronik/1978.html,LeMO Jahreschronik 1978,Stiftung Haus der Geschichte der Bundesrepublik Deutschland,,high,False,,research/ml/artifacts/v5_event_collection_repaired/results/batch_06/V5_DEV_EVENT_BATCH_06_EVENTS.csv,True,office
e0cc50afc7f8b21a69aa,6,V5DEV_148,Gianfranco Ferré,STATUS,1978,positive,fashion_company_founder_accession,"Founded the Gianfranco Ferré company, whose archive documents production beginning in 1978.",https://centroricercagianfrancoferre.it/en/historical-archive/,Historical Archive,Gianfranco Ferré Research Center,,high,False,,research/ml/artifacts/v5_event_collection_repaired/results/batch_06/V5_DEV_EVENT_BATCH_06_EVENTS.csv,True,office
98bba024b7a4f58342bc,6,V5DEV_148,Gianfranco Ferré,STATUS,1989,positive,dior_artistic_director_accession,Was appointed Artistic Director of Maison Christian Dior in May 1989.,https://siusa-archivi.cultura.gov.it/cgi-bin/pagina.pl?Chiave=51365&RicDimF=2&RicLin=en&RicProgetto=imprese&TipoPag=prodpersona,Ferré Gianfranco,SIUSA / Italian Ministry of Culture,,high,False,,research/ml/artifacts/v5_event_collection_repaired/results/batch_06/V5_DEV_EVENT_BATCH_06_EVENTS.csv,True,office
6ddc8fa753e1aea86656,6,V5DEV_148,Gianfranco Ferré,STATUS,1996,,dior_tenure_end,His Dior artistic-director tenure ended in 1996.,https://siusa-archivi.cultura.gov.it/cgi-bin/pagina.pl?Chiave=51365&RicDimF=2&RicLin=en&RicProgetto=imprese&TipoPag=prodpersona,Ferré Gianfranco,SIUSA / Italian Ministry of Culture,,high,True,Routine/undifferentiated tenure end is not automatically negative STATUS.,research/ml/artifacts/v5_event_collection_repaired/results/batch_06/V5_DEV_EVENT_BATCH_06_EVENTS.csv,True,
4831ffa241fa72addff9,6,V5DEV_141,Harlem Désir,STATUS,1999,positive,european_parliament_accession,Began serving as a Member of the European Parliament in July 1999.,https://www.europarl.europa.eu/meps/en/4318/HARLEM_DESIR/history/5,5th parliamentary term | Harlem Désir,European Parliament,,high,False,,research/ml/artifacts/v5_event_collection_repaired/results/batch_06/V5_DEV_EVENT_BATCH_06_EVENTS.csv,True,office
2e44d645917fb1202a82,6,V5DEV_141,Harlem Désir,STATUS,2004,positive,parliamentary_group_vice_chair,Became Vice-Chair of the Socialist Group in the European Parliament.,https://www.europarl.europa.eu/meps/en/4318/HARLEM_DESIR/history/6,6th parliamentary term | Harlem Désir,European Parliament,,high,False,,research/ml/artifacts/v5_event_collection_repaired/results/batch_06/V5_DEV_EVENT_BATCH_06_EVENTS.csv,True,office
9b4bad50961f1a775d0a,6,V5DEV_141,Harlem Désir,STATUS,2012,positive,party_first_secretary_accession,Was elected First Secretary of the French Socialist Party.,https://archives-socialistes.fr/les-collections/les-inventaires/premiers-secretaires,Les Premier·ères secrétaires du Parti socialiste depuis 1971,Fondation Jean-Jaurès / Archives socialistes,,high,False,,research/ml/artifacts/v5_event_collection_repaired/results/batch_06/V5_DEV_EVENT_BATCH_06_EVENTS.csv,True,office
d8391639dfd4db91866c,6,V5DEV_141,Harlem Désir,STATUS,2014,positive,european_affairs_secretary_state_accession,Was appointed France's Secretary of State for European Affairs.,https://www.legifrance.gouv.fr/jorf/id/JORFTEXT000028839315,Décret du 9 avril 2014 relatif à la composition du Gouvernement,Légifrance,2014-04-09,high,False,,research/ml/artifacts/v5_event_collection_repaired/results/batch_06/V5_DEV_EVENT_BATCH_06_EVENTS.csv,True,office
8aa58eef9f81b00ed3f7,7,V5DEV_017,Mario D'Agata,COMPETITIVE,1956,positive,world_title_win,Defeated Robert Cohen by seventh-round TKO to win the world bantamweight championship.,https://boxrec.com/wiki/index.php?title=Talk%3AWorld_Bantamweight_Title_Fights,Lineal / World Bantamweight Title Fights,BoxRec,,high,False,,research/ml/artifacts/v5_event_collection_repaired/results/batch_07/V5_DEV_EVENT_BATCH_07_EVENTS.csv,True,title
8c00e6c7c05789207c0a,7,V5DEV_017,Mario D'Agata,COMPETITIVE,1957,negative,world_title_loss,Lost the world bantamweight championship to Alphonse Halimi by points decision.,https://boxrec.com/wiki/index.php?title=Talk%3AWorld_Bantamweight_Title_Fights,Lineal / World Bantamweight Title Fights,BoxRec,,high,False,,research/ml/artifacts/v5_event_collection_repaired/results/batch_07/V5_DEV_EVENT_BATCH_07_EVENTS.csv,True,title
d3f324a18d64df94929e,7,V5DEV_074,Luchino Visconti,PROJECT,1963,positive,palme_dor_win,Il Gattopardo won the Palme d'Or at the Cannes Film Festival.,https://www.festival-cannes.com/en/p/luchino-visconti/,Luchino Visconti,Festival de Cannes,,high,False,,research/ml/artifacts/v5_event_collection_repaired/results/batch_07/V5_DEV_EVENT_BATCH_07_EVENTS.csv,True,
14b7a32e489252e92ade,7,V5DEV_074,Luchino Visconti,PROJECT,1971,positive,cannes_anniversary_prize,Morte a Venezia received the Cannes festival's 25th Anniversary Prize.,https://www.festival-cannes.com/en/p/luchino-visconti/,Luchino Visconti,Festival de Cannes,,high,False,,research/ml/artifacts/v5_event_collection_repaired/results/batch_07/V5_DEV_EVENT_BATCH_07_EVENTS.csv,True,award
8cad23a69f739f17ee69,7,V5DEV_144,Bernard Arnault,STATUS,1978,positive,company_chair_accession,Became chairman of the family construction company Ferret-Savinel.,https://www.lvmh.com/en/our-group/governance/bernard-arnault,"Bernard Arnault, Chairman and CEO",LVMH,,high,False,,research/ml/artifacts/v5_event_collection_repaired/results/batch_07/V5_DEV_EVENT_BATCH_07_EVENTS.csv,True,office
fcc7d70651f24e4a0ded,7,V5DEV_144,Bernard Arnault,STATUS,1989,positive,lvmh_chair_ceo_accession,Became majority shareholder of LVMH and has served as chairman and CEO from that year.,https://www.lvmh.com/en/our-group/governance/bernard-arnault,"Bernard Arnault, Chairman and CEO",LVMH,,high,False,,research/ml/artifacts/v5_event_collection_repaired/results/batch_07/V5_DEV_EVENT_BATCH_07_EVENTS.csv,True,office
580d45d4dafc0c1909ad,7,V5DEV_002,Maureen Connolly,COMPETITIVE,1951,positive,grand_slam_win,Won the U.S. Women's National Singles Championship.,https://www.tennisfame.com/hall-of-famers/inductees/maureen-connolly/,Maureen Connolly Brinker,International Tennis Hall of Fame,,high,False,,research/ml/artifacts/v5_event_collection_repaired/results/batch_07/V5_DEV_EVENT_BATCH_07_EVENTS.csv,True,title
6d0a4396335c946d2bea,7,V5DEV_002,Maureen Connolly,COMPETITIVE,1952,positive,major_titles_breakthrough,Won Wimbledon and successfully defended the U.S. national singles title.,https://www.tennisfame.com/hall-of-famers/inductees/maureen-connolly/,Maureen Connolly Brinker,International Tennis Hall of Fame,,high,False,,research/ml/artifacts/v5_event_collection_repaired/results/batch_07/V5_DEV_EVENT_BATCH_07_EVENTS.csv,True,title
24ad1fd02e5a9a818944,7,V5DEV_002,Maureen Connolly,COMPETITIVE,1953,positive,calendar_grand_slam,"Won all four major singles championships in the same calendar year, becoming the first woman to complete the calendar Grand Slam.",https://www.usopen.org/en_US/news/articles/2017-05-11/us_open_moments_sept_7_1953.html,"US Open Moments: Sept. 7, 1953",USTA / US Open,2017-05-11,high,False,,research/ml/artifacts/v5_event_collection_repaired/results/batch_07/V5_DEV_EVENT_BATCH_07_EVENTS.csv,True,title
fcbff1638a913d2f3032,7,V5DEV_002,Maureen Connolly,COMPETITIVE,1954,positive,major_titles_win,Won Roland Garros and Wimbledon singles titles.,https://www.tennisfame.com/hall-of-famers/inductees/maureen-connolly/,Maureen Connolly Brinker,International Tennis Hall of Fame,,high,False,,research/ml/artifacts/v5_event_collection_repaired/results/batch_07/V5_DEV_EVENT_BATCH_07_EVENTS.csv,True,title
873be03dd8a27cc9fcec,7,V5DEV_002,Maureen Connolly,COMPETITIVE,1954,,career_ending_accident,A horseback-riding accident ended her competitive career.,https://www.usopen.org/en_US/visit/court_of_champions.html,Court of Champions - Maureen Connolly,USTA / US Open,,high,True,Injury/accident excluded from COMPETITIVE negative coding.,research/ml/artifacts/v5_event_collection_repaired/results/batch_07/V5_DEV_EVENT_BATCH_07_EVENTS.csv,True,
624a94f0d68b9a095f21,7,V5DEV_077,Massimo Troisi,PROJECT,1981,positive,david_best_actor_win,Won the David di Donatello for Best Actor for Ricomincio da tre.,https://www.daviddidonatello.it/news/for-your-consideration.php,For Your Consideration,Accademia del Cinema Italiano / David di Donatello,,high,False,,research/ml/artifacts/v5_event_collection_repaired/results/batch_07/V5_DEV_EVENT_BATCH_07_EVENTS.csv,True,
148a2c9e1d041d02d54c,7,V5DEV_077,Massimo Troisi,PROJECT,1996,positive,oscar_project_recognition,The Postman (Il Postino) received five Academy Award nominations; Troisi was nominated for Best Actor and co-nominated for adapted screenplay.,https://www.oscars.org/oscars/ceremonies/1996/B,The 68th Academy Awards | 1996,Academy of Motion Picture Arts and Sciences,1996-03-25,high,False,,research/ml/artifacts/v5_event_collection_repaired/results/batch_07/V5_DEV_EVENT_BATCH_07_EVENTS.csv,True,award
4e9f32e4cad73ce2a79c,7,V5DEV_091,Margot Honecker,STATUS,1958,positive,deputy_minister_accession,Became deputy minister for education in the GDR.,https://www.deutsche-biographie.de/dbo071012.html,"Honecker, Margot",Deutsche Biographie,,high,False,,research/ml/artifacts/v5_event_collection_repaired/results/batch_07/V5_DEV_EVENT_BATCH_07_EVENTS.csv,True,office
6e1e871dee5bdcc53fac,7,V5DEV_091,Margot Honecker,STATUS,1963,positive,education_minister_accession,Became Minister for Education and a member of the GDR Council of Ministers.,https://www.bundesstiftung-aufarbeitung.de/de/recherche/kataloge-datenbanken/biographische-datenbanken/margot-honecker,"Honecker, Margot",Bundesstiftung Aufarbeitung,,high,False,,research/ml/artifacts/v5_event_collection_repaired/results/batch_07/V5_DEV_EVENT_BATCH_07_EVENTS.csv,True,office
c01cbb8ade56950d55dd,7,V5DEV_091,Margot Honecker,STATUS,1989,negative,government_resignation,Resigned with the Willi Stoph government and from the SED Central Committee in November/December 1989.,https://www.bundesstiftung-aufarbeitung.de/de/recherche/kataloge-datenbanken/biographische-datenbanken/margot-honecker,"Honecker, Margot",Bundesstiftung Aufarbeitung,,high,False,,research/ml/artifacts/v5_event_collection_repaired/results/batch_07/V5_DEV_EVENT_BATCH_07_EVENTS.csv,True,resign
5f2f41558fa762780996,7,V5DEV_026,Heinz Neuhaus,COMPETITIVE,1952,positive,european_title_win,"Won the European heavyweight championship, beginning a reign that lasted until 1955.",https://www.munzinger.de/register/portrait/biographien/heinz%2Bneuhaus/01/52060,Heinz Neuhaus,Munzinger,,high,False,,research/ml/artifacts/v5_event_collection_repaired/results/batch_07/V5_DEV_EVENT_BATCH_07_EVENTS.csv,True,title
1ee67b97cac135dbe18b,7,V5DEV_026,Heinz Neuhaus,COMPETITIVE,1955,negative,european_title_loss,Lost the European heavyweight championship to Franco Cavicchi.,https://boxrec.com/en/box-pro/21301,Heinz Neuhaus,BoxRec,,high,False,,research/ml/artifacts/v5_event_collection_repaired/results/batch_07/V5_DEV_EVENT_BATCH_07_EVENTS.csv,True,title
e3f50746d102997fcb98,7,V5DEV_026,Heinz Neuhaus,COMPETITIVE,1956,negative,european_title_challenge_loss,Lost another European heavyweight title bout to Franco Cavicchi.,https://boxrec.com/en/box-pro/21301,Heinz Neuhaus,BoxRec,,high,False,,research/ml/artifacts/v5_event_collection_repaired/results/batch_07/V5_DEV_EVENT_BATCH_07_EVENTS.csv,True,title
3876c4143009d8e04ee8,7,V5DEV_026,Heinz Neuhaus,COMPETITIVE,1957,negative,national_title_loss,Lost a German heavyweight title bout to Hans Kalbfell by technical knockout.,https://boxrec.com/en/box-pro/21301,Heinz Neuhaus,BoxRec,,high,False,,research/ml/artifacts/v5_event_collection_repaired/results/batch_07/V5_DEV_EVENT_BATCH_07_EVENTS.csv,True,title
d7076b90387410406eb9,7,V5DEV_087,Enrico Maria Salerno,PROJECT,1970,positive,directorial_film_success,"Anonimo veneziano, his directorial debut, became one of the major successes of Italian cinema according to his official archive biography.",https://enricomariasalerno.it/biografia_artistica.htm,Biografia Artistica,Centro Studi Enrico Maria Salerno,,high,False,,research/ml/artifacts/v5_event_collection_repaired/results/batch_07/V5_DEV_EVENT_BATCH_07_EVENTS.csv,True,release
db0eed9155db620a0136,7,V5DEV_087,Enrico Maria Salerno,PROJECT,1988,positive,television_series_success,Disperatamente Giulia became one of the most-watched television series according to his official archive biography.,https://enricomariasalerno.it/biografia_artistica.htm,Biografia Artistica,Centro Studi Enrico Maria Salerno,,high,False,,research/ml/artifacts/v5_event_collection_repaired/results/batch_07/V5_DEV_EVENT_BATCH_07_EVENTS.csv,True,
be30fc808fbfbd7c2289,7,V5DEV_103,Andrée Putman,STATUS,1978,positive,design_company_founder_accession,Founded Ecart International in Paris.,https://ecart.paris/en/pages/designer/ecart-studio,Ecart Design,Ecart,,high,False,,research/ml/artifacts/v5_event_collection_repaired/results/batch_07/V5_DEV_EVENT_BATCH_07_EVENTS.csv,True,office
df6ccb6aff99f3f768b4,7,V5DEV_103,Andrée Putman,STATUS,1994,,company_sale,Ecart was sold in 1994.,https://www.architecturaldigest.com/story/andr%C3%A9e-putman-is-having-a-major-design-revival,Andrée Putman Is Back in the Spotlight,Architectural Digest,2026-08-10,high,True,Sale without evidence of involuntary authority loss is not automatically negative STATUS.,research/ml/artifacts/v5_event_collection_repaired/results/batch_07/V5_DEV_EVENT_BATCH_07_EVENTS.csv,True,
9b72a9c2dc6928ae92a9,7,V5DEV_030,Francesco Cancellotti,COMPETITIVE,1983,negative,tour_final_loss,Reached the Florence singles final and finished runner-up.,https://www.atptour.com/en/players/francesco-cancellotti/c013/bio,Francesco Cancellotti | Bio,ATP Tour,,high,False,,research/ml/artifacts/v5_event_collection_repaired/results/batch_07/V5_DEV_EVENT_BATCH_07_EVENTS.csv,True,title
be363e4e8d33b5beec4e,7,V5DEV_030,Francesco Cancellotti,COMPETITIVE,1984,negative,tour_final_loss,Finished runner-up at Bordeaux.,https://www.atptour.com/en/players/francesco-cancellotti/c013/bio,Francesco Cancellotti | Bio,ATP Tour,,high,False,,research/ml/artifacts/v5_event_collection_repaired/results/batch_07/V5_DEV_EVENT_BATCH_07_EVENTS.csv,True,title
3936c422b6fdabdc140d,7,V5DEV_030,Francesco Cancellotti,COMPETITIVE,1984,positive,tour_titles_win,Won ATP singles titles in Florence and Palermo.,https://www.atptour.com/en/players/francesco-cancellotti/c013/bio,Francesco Cancellotti | Bio,ATP Tour,,high,False,,research/ml/artifacts/v5_event_collection_repaired/results/batch_07/V5_DEV_EVENT_BATCH_07_EVENTS.csv,True,title
c599dc9dcadc4cf59cd6,7,V5DEV_030,Francesco Cancellotti,COMPETITIVE,1985,positive,career_high_ranking,Reached a career-high ATP singles ranking of No. 21.,https://www.atptour.com/en/players/francesco-cancellotti/c013/player-stats,Francesco Cancellotti | Player Stats,ATP Tour,,high,False,,research/ml/artifacts/v5_event_collection_repaired/results/batch_07/V5_DEV_EVENT_BATCH_07_EVENTS.csv,True,title
2fb5d78df665f38b793b,7,V5DEV_030,Francesco Cancellotti,COMPETITIVE,1987,negative,tour_final_losses,Finished runner-up at Bari and St. Vincent.,https://www.atptour.com/en/players/francesco-cancellotti/c013/bio,Francesco Cancellotti | Bio,ATP Tour,,high,False,,research/ml/artifacts/v5_event_collection_repaired/results/batch_07/V5_DEV_EVENT_BATCH_07_EVENTS.csv,True,title
a4597ec609ea9651e528,7,V5DEV_030,Francesco Cancellotti,COMPETITIVE,1988,negative,tour_final_loss,Finished runner-up at Bastad.,https://www.atptour.com/en/players/francesco-cancellotti/c013/bio,Francesco Cancellotti | Bio,ATP Tour,,high,False,,research/ml/artifacts/v5_event_collection_repaired/results/batch_07/V5_DEV_EVENT_BATCH_07_EVENTS.csv,True,title
453c865d505100dc9e93,7,V5DEV_046,Jacques Cousteau,PROJECT,1956,positive,film_palme_and_oscar_success,"The Silent World, produced from Calypso expeditions, won the Palme d'Or and an Academy Award.",https://www.cousteau.org/know/vessels/calypso/,Calypso,The Cousteau Society,,high,False,,research/ml/artifacts/v5_event_collection_repaired/results/batch_07/V5_DEV_EVENT_BATCH_07_EVENTS.csv,True,award
bcdb037e476aa6c6b718,7,V5DEV_104,Mary Wells Lawrence,STATUS,1966,positive,agency_founder_ceo_accession,Founded Wells Rich Greene and led it as its top executive.,https://www.hbs.edu/leadership/20th-century-leaders/details?profile=mary_w_lawrence,Mary W. Lawrence,Harvard Business School,,high,False,,research/ml/artifacts/v5_event_collection_repaired/results/batch_07/V5_DEV_EVENT_BATCH_07_EVENTS.csv,True,office
683edc682815b55ef15f,7,V5DEV_104,Mary Wells Lawrence,STATUS,1990,,voluntary_ceo_exit,Left the industry as the agency was sold in 1990.,https://www.lahistoriadelapublicidad.com/protagonista-29/mary-wells-lawrence,Mary Wells Lawrence,Centro de Documentación Publicitaria,,medium,True,Voluntary/transactional exit is not automatically a negative STATUS event.,research/ml/artifacts/v5_event_collection_repaired/results/batch_07/V5_DEV_EVENT_BATCH_07_EVENTS.csv,True,office
0531146bd69fbd55bbd1,7,V5DEV_032,Buddy Baer,COMPETITIVE,1941,negative,world_title_challenge_loss,Lost his first World Heavyweight Championship challenge to Joe Louis by disqualification.,https://boxrec.com/wiki/index.php/Joe_Louis_vs._Buddy_Baer_%281st_meeting%29,Joe Louis vs. Buddy Baer (1st meeting),BoxRec,,high,False,,research/ml/artifacts/v5_event_collection_repaired/results/batch_07/V5_DEV_EVENT_BATCH_07_EVENTS.csv,True,title
af91cb0f1e4edd0fd5fd,7,V5DEV_032,Buddy Baer,COMPETITIVE,1942,negative,world_title_challenge_loss,Lost the rematch for the World Heavyweight Championship to Joe Louis by first-round knockout.,https://boxrec.com/wiki/index.php/Joe_Louis_vs._Buddy_Baer_%282nd_meeting%29,Joe Louis vs. Buddy Baer (2nd meeting),BoxRec,,high,False,,research/ml/artifacts/v5_event_collection_repaired/results/batch_07/V5_DEV_EVENT_BATCH_07_EVENTS.csv,True,title
57abc93f99e530783aea,7,V5DEV_063,Nat King Cole,PROJECT,1950,positive,recording_number_one_hit,Mona Lisa reached No. 1 on the popular charts.,https://www.grammy.com/artists/nat-king-cole/1733/,"Nat King Cole Grammy Awards and Nominations, Song & Bio",Recording Academy / GRAMMY.com,,high,False,,research/ml/artifacts/v5_event_collection_repaired/results/batch_07/V5_DEV_EVENT_BATCH_07_EVENTS.csv,True,release
ba760c59b5517ec6c3c0,7,V5DEV_063,Nat King Cole,PROJECT,1960,positive,grammy_win,Won a Grammy for Midnight Flyer.,https://www.grammy.com/artists/nat-king-cole/1733/,"Nat King Cole Grammy Awards and Nominations, Song & Bio",Recording Academy / GRAMMY.com,,high,False,,research/ml/artifacts/v5_event_collection_repaired/results/batch_07/V5_DEV_EVENT_BATCH_07_EVENTS.csv,True,award
f158c643eb936430a639,7,V5DEV_145,Louis Ducatel,STATUS,1969,negative,presidential_election_loss,"Was an official candidate in the 1969 French presidential election and received about 1.27% in the first round, failing to advance.",https://www.legifrance.gouv.fr/cons/id/CONSTEXT000017665556/,Décision du 15 mai 1969 arrêtant la liste des candidats,Conseil constitutionnel / Légifrance,1969-05-15,high,False,,research/ml/artifacts/v5_event_collection_repaired/results/batch_07/V5_DEV_EVENT_BATCH_07_EVENTS.csv,True,election
ffaaa41c8ad082566eff,7,V5DEV_067,Michel Audiard,PROJECT,1982,positive,cesar_screenplay_win,"Won the César for Best Screenplay, Dialogue or Adaptation for Garde à vue with Jean Herman and Claude Miller.",https://www.academie-cinema.org/evenements/ceremonie-des-cesar-1982/,La Cérémonie des César 1982,Académie des César,,high,False,,research/ml/artifacts/v5_event_collection_repaired/results/batch_07/V5_DEV_EVENT_BATCH_07_EVENTS.csv,True,award
f292e7a449a06a614d0a,7,V5DEV_106,Björn Engholm,STATUS,1988,positive,minister_president_accession,Became Minister-President of Schleswig-Holstein on 31 May 1988.,https://www.schleswig-holstein.de/DE/landesportal/land-und-leute/menschen/ministerpraesidenten-seit-1946/_documents/engholm_bjoern,Björn Engholm (SPD),State Government of Schleswig-Holstein,,high,False,,research/ml/artifacts/v5_event_collection_repaired/results/batch_07/V5_DEV_EVENT_BATCH_07_EVENTS.csv,True,office
bcb56ec07c0e5193458a,7,V5DEV_106,Björn Engholm,STATUS,1993,negative,minister_president_and_party_resignation,Resigned as Minister-President and SPD leader amid the renewed Barschel-affair controversy.,https://elpais.com/diario/1993/05/04/internacional/736466401_850215.html,El líder socialdemócrata alemán dimite tras revelarse que mintió sobre el 'escándalo Barschel',El País,1993-05-04,high,False,,research/ml/artifacts/v5_event_collection_repaired/results/batch_07/V5_DEV_EVENT_BATCH_07_EVENTS.csv,True,office
aadf38bed3c74e6d5bab,7,V5DEV_143,Frederick Barclay,STATUS,1983,positive,major_business_control_gain,"With his twin David, acquired the Ellerman shipping, property and brewing business, a foundation of their later business empire.",https://www.theguardian.com/media/2004/jun/23/pressandpublishing.business,Who are the Barclay brothers?,The Guardian,2004-06-23,high,False,,research/ml/artifacts/v5_event_collection_repaired/results/batch_07/V5_DEV_EVENT_BATCH_07_EVENTS.csv,True,
5a813893c6e380e76f24,7,V5DEV_143,Frederick Barclay,STATUS,1995,positive,ritz_ownership_gain,"With his twin, acquired London's Ritz hotel.",https://www.theguardian.com/media/2020/mar/04/sir-frederick-barclay-threatens-sue-twin-ritz-london-hotel,Sir Frederick Barclay threatens to sue twin over Ritz London hotel,The Guardian,2020-03-04,high,False,,research/ml/artifacts/v5_event_collection_repaired/results/batch_07/V5_DEV_EVENT_BATCH_07_EVENTS.csv,True,
72a416741d9914c3ae77,7,V5DEV_143,Frederick Barclay,STATUS,2004,positive,telegraph_ownership_gain,"With his twin, acquired the Telegraph newspaper group.",https://www.washingtonpost.com/archive/politics/2004/06/24/deal-announced-for-sale-of-londons-daily-telegraph/4fecc711-5cdc-4485-9c6c-ff96af4082b6/,Deal Announced for Sale of London's Daily Telegraph,The Washington Post,2004-06-24,high,False,,research/ml/artifacts/v5_event_collection_repaired/results/batch_07/V5_DEV_EVENT_BATCH_07_EVENTS.csv,True,
273b311d130168035b85,7,V5DEV_143,Frederick Barclay,STATUS,2020,,ritz_sale_family_dispute,The Ritz was sold amid a family control dispute; Frederick publicly objected to the transaction.,https://www.theguardian.com/media/2020/mar/28/frederick-barclay-threatens-legal-action-as-ritz-hotel-is-sold,Frederick Barclay threatens legal action as Ritz hotel is sold,The Guardian,2020-03-28,high,True,Ambiguous personal authority/control mechanism; audit-only.,research/ml/artifacts/v5_event_collection_repaired/results/batch_07/V5_DEV_EVENT_BATCH_07_EVENTS.csv,True,
0148e548021848fde6e3,7,V5DEV_113,Rudolf Höss,STATUS,1940,positive,auschwitz_commandant_accession,Was officially named the first commandant of Auschwitz on 4 May 1940.,https://encyclopedia.ushmm.org/content/en/article/auschwitz?series=15,Auschwitz,United States Holocaust Memorial Museum,,high,False,,research/ml/artifacts/v5_event_collection_repaired/results/batch_07/V5_DEV_EVENT_BATCH_07_EVENTS.csv,True,office
6d2fa0508ceb4b7e6941,7,V5DEV_113,Rudolf Höss,STATUS,1943,,commandant_transfer,His first tenure as Auschwitz commandant ended in November 1943.,https://www.auschwitz.org/en/history/the-ss-garrison/commandants/,Commandants,Auschwitz-Birkenau State Museum,,high,True,Routine/organizational transfer not automatically negative STATUS.,research/ml/artifacts/v5_event_collection_repaired/results/batch_07/V5_DEV_EVENT_BATCH_07_EVENTS.csv,True,
a81b76f9fe960a5ec3c5,7,V5DEV_113,Rudolf Höss,STATUS,1947,,war_crimes_trial_execution,Was tried in Poland and executed after conviction for war crimes.,https://encyclopedia.ushmm.org/content/en/article/auschwitz,Auschwitz,United States Holocaust Memorial Museum,,high,True,Legal punishment/death excluded from core STATUS.,research/ml/artifacts/v5_event_collection_repaired/results/batch_07/V5_DEV_EVENT_BATCH_07_EVENTS.csv,True,
91e2f7724cbaf9ecc178,8,V5DEV_028,Robert Haillet,COMPETITIVE,1958,positive,monte_carlo_title_win,Won the Monte-Carlo singles title.,https://www.landoftennis.com/tournaments_men/monte_carlo_by_player.htm,"Monte-Carlo Masters: Titles by Player, All Men's Singles Champions",Land of Tennis,,medium,False,,research/ml/artifacts/v5_event_collection_repaired/results/batch_08/V5_DEV_EVENT_BATCH_08_EVENTS.csv,True,title
d2d672e6442f8505387a,8,V5DEV_028,Robert Haillet,COMPETITIVE,1959,positive,monte_carlo_title_win,"Won the Monte-Carlo singles title again, defeating Budge Patty in the final.",https://www.landoftennis.com/tournaments_men/monte_carlo_by_year.htm,"Men's Tennis: Monte-Carlo Masters, Singles Champions by Year",Land of Tennis,,medium,False,,research/ml/artifacts/v5_event_collection_repaired/results/batch_08/V5_DEV_EVENT_BATCH_08_EVENTS.csv,True,title
17225f00266d482bd78f,8,V5DEV_028,Robert Haillet,COMPETITIVE,1960,negative,grand_slam_semifinal_loss,Reached the French Championships singles semifinal and lost to defending champion Nicola Pietrangeli.,https://www.supertennis.tv/Media-gallery/Gallery-Categorie-Foto/Protagonisti/Nick-90-La-leggendaria-carriera-di-Nicola-Pietrangeli,La leggendaria carriera di Nicola Pietrangeli,SuperTennis,,high,False,,research/ml/artifacts/v5_event_collection_repaired/results/batch_08/V5_DEV_EVENT_BATCH_08_EVENTS.csv,True,title
bcae2da2bf780a2b225a,8,V5DEV_083,Emmanuelle Seigner,PROJECT,1999,,cesar_nomination,Received a César nomination for Best Supporting Actress for Place Vendôme.,https://www.academie-cinema.org/personnes/emmanuelle-seigner-178171/,Emmanuelle Seigner,Académie des César,,high,True,Nomination only.,research/ml/artifacts/v5_event_collection_repaired/results/batch_08/V5_DEV_EVENT_BATCH_08_EVENTS.csv,True,award
cad1199f96ccb96731f0,8,V5DEV_083,Emmanuelle Seigner,PROJECT,2014,,cesar_nomination,Received a César nomination for Best Actress for La Vénus à la fourrure.,https://www.academie-cinema.org/personnes/emmanuelle-seigner-178171/,Emmanuelle Seigner,Académie des César,,high,True,Nomination only.,research/ml/artifacts/v5_event_collection_repaired/results/batch_08/V5_DEV_EVENT_BATCH_08_EVENTS.csv,True,award
7561d339cd5d518d0a2e,8,V5DEV_138,Jean-Marc Ayrault,STATUS,1977,positive,mayor_accession,"Was elected mayor of Saint-Herblain, becoming the youngest mayor in France at the time.",https://www.info.gouv.fr/les-anciens-premiers-et-premieres-ministres-de-la-ve-republique/jean-marc-ayrault,Jean-Marc Ayrault - Les anciens Premiers ministres,Gouvernement français,,high,False,,research/ml/artifacts/v5_event_collection_repaired/results/batch_08/V5_DEV_EVENT_BATCH_08_EVENTS.csv,True,election
906d2f9b7a923c858a1a,8,V5DEV_138,Jean-Marc Ayrault,STATUS,1989,positive,mayor_nantes_accession,Was elected mayor of Nantes.,https://www.info.gouv.fr/les-anciens-premiers-et-premieres-ministres-de-la-ve-republique/jean-marc-ayrault,Jean-Marc Ayrault - Les anciens Premiers ministres,Gouvernement français,,high,False,,research/ml/artifacts/v5_event_collection_repaired/results/batch_08/V5_DEV_EVENT_BATCH_08_EVENTS.csv,True,election
0b2b3da7e063c8db2392,8,V5DEV_138,Jean-Marc Ayrault,STATUS,1997,positive,parliamentary_group_leadership,Became president of the Socialist group in the French National Assembly.,https://www.info.gouv.fr/les-anciens-premiers-et-premieres-ministres-de-la-ve-republique/jean-marc-ayrault,Jean-Marc Ayrault - Les anciens Premiers ministres,Gouvernement français,,high,False,,research/ml/artifacts/v5_event_collection_repaired/results/batch_08/V5_DEV_EVENT_BATCH_08_EVENTS.csv,True,office
c3950aafd63fb5846cf5,8,V5DEV_138,Jean-Marc Ayrault,STATUS,2012,positive,prime_minister_accession,Was appointed Prime Minister of France.,https://www.legifrance.gouv.fr/jorf/article_jo/JORFARTI000026037549,Décret du 18 juin 2012 portant nomination du Premier ministre,Légifrance,2012-06-18,high,False,,research/ml/artifacts/v5_event_collection_repaired/results/batch_08/V5_DEV_EVENT_BATCH_08_EVENTS.csv,True,office
cf305bb6620bdeafff14,8,V5DEV_138,Jean-Marc Ayrault,STATUS,2014,negative,prime_minister_resignation,Resigned as Prime Minister after the Socialist Party's major losses in the municipal elections.,https://www.info.gouv.fr/les-anciens-premiers-et-premieres-ministres-de-la-ve-republique/jean-marc-ayrault,Jean-Marc Ayrault - Les anciens Premiers ministres,Gouvernement français,,high,False,,research/ml/artifacts/v5_event_collection_repaired/results/batch_08/V5_DEV_EVENT_BATCH_08_EVENTS.csv,True,office
30ff7afc620d837259cb,8,V5DEV_138,Jean-Marc Ayrault,STATUS,2016,positive,foreign_minister_accession,Returned to government as Minister of Foreign Affairs and International Development.,https://www.info.gouv.fr/les-anciens-premiers-et-premieres-ministres-de-la-ve-republique/jean-marc-ayrault,Jean-Marc Ayrault - Les anciens Premiers ministres,Gouvernement français,,high,False,,research/ml/artifacts/v5_event_collection_repaired/results/batch_08/V5_DEV_EVENT_BATCH_08_EVENTS.csv,True,office
65fb0320e77fd5b2362d,8,V5DEV_012,Pierre Langlois,COMPETITIVE,1950,negative,french_title_challenge_loss,Lost a closely contested French welterweight championship challenge to Charles Humez.,https://www.lemonde.fr/archives/article/1950/04/26/charles-humez-conserve-de-justesse-devant-pierre-langlois-le-titre-de-champion-de-france-des-mi-moyens_2044450_1819218.html,Charles Humez conserve de justesse devant Pierre Langlois le titre de champion de France,Le Monde,1950-04-26,high,False,,research/ml/artifacts/v5_event_collection_repaired/results/batch_08/V5_DEV_EVENT_BATCH_08_EVENTS.csv,True,title
e259c9b700123d094756,8,V5DEV_012,Pierre Langlois,COMPETITIVE,1954,negative,world_title_challenge_loss,Lost his middleweight world-title challenge to champion Carl 'Bobo' Olson by technical knockout.,https://time.com/archive/6795359/sport-the-power-shovel/,Sport: The Power Shovel,TIME,1954-12-27,high,False,,research/ml/artifacts/v5_event_collection_repaired/results/batch_08/V5_DEV_EVENT_BATCH_08_EVENTS.csv,True,title
02876ff6256d944bcd6c,8,V5DEV_012,Pierre Langlois,COMPETITIVE,1954,positive,major_contender_upset_win,Defeated highly ranked world-title contender Joey Giardello at Madison Square Garden.,https://www.lemonde.fr/archives/article/1954/05/24/brillante-victoire-aux-points-de-pierre-langlois-sur-joey-giardello_2028905_1819218.html,Brillante victoire aux points de Pierre Langlois sur Joey Giardello,Le Monde,1954-05-24,high,False,,research/ml/artifacts/v5_event_collection_repaired/results/batch_08/V5_DEV_EVENT_BATCH_08_EVENTS.csv,True,
849edd5d1367e5fb433e,8,V5DEV_012,Pierre Langlois,COMPETITIVE,1955,negative,world_title_eliminator_loss,Lost a major French middleweight showdown to Charles Humez after returning from his world-title challenge.,https://www.lemonde.fr/archives/article/1955/09/27/langlois-ferrer-hamia-vedettes-ce-soir-de-la-premiere-de-boxe-au-palais-des-sports_3029089_1819218.html,"Langlois, Ferrer, Hamia vedettes ce soir",Le Monde,1955-09-27,high,False,,research/ml/artifacts/v5_event_collection_repaired/results/batch_08/V5_DEV_EVENT_BATCH_08_EVENTS.csv,True,title
963f2482798934f666a3,8,V5DEV_056,Éric Rohmer,PROJECT,1967,positive,berlin_jury_prize,La Collectionneuse won the Special Jury Prize at the Berlin International Film Festival.,https://www.treccani.it/enciclopedia/eric-rohmer_%28Enciclopedia-del-Cinema%29/,"Rohmer, Eric",Treccani,,high,False,,research/ml/artifacts/v5_event_collection_repaired/results/batch_08/V5_DEV_EVENT_BATCH_08_EVENTS.csv,True,award
9d590c19dbb654d8f8f3,8,V5DEV_056,Éric Rohmer,PROJECT,1976,positive,cannes_grand_prix,La Marquise d'O won the Jury's Special Grand Prix at Cannes.,https://www.festival-cannes.com/en/p/eric-rohmer/,Eric Rohmer,Festival de Cannes,,high,False,,research/ml/artifacts/v5_event_collection_repaired/results/batch_08/V5_DEV_EVENT_BATCH_08_EVENTS.csv,True,award
6ac646d0ab8d6b993697,8,V5DEV_056,Éric Rohmer,PROJECT,1983,positive,berlin_silver_bear,Pauline à la plage won a Silver Bear at Berlin.,https://www.treccani.it/enciclopedia/eric-rohmer_%28Enciclopedia-del-Cinema%29/,"Rohmer, Eric",Treccani,,high,False,,research/ml/artifacts/v5_event_collection_repaired/results/batch_08/V5_DEV_EVENT_BATCH_08_EVENTS.csv,True,award
eb445a4ee8225c67c29d,8,V5DEV_056,Éric Rohmer,PROJECT,1986,positive,venice_golden_lion,Le Rayon vert won the Golden Lion at the Venice Film Festival.,https://www.treccani.it/enciclopedia/eric-rohmer_%28Enciclopedia-del-Cinema%29/,"Rohmer, Eric",Treccani,,high,False,,research/ml/artifacts/v5_event_collection_repaired/results/batch_08/V5_DEV_EVENT_BATCH_08_EVENTS.csv,True,award
2f5584b5eb69966dee05,8,V5DEV_117,Franz Müntefering,STATUS,1992,positive,state_minister_accession,"Became North Rhine-Westphalia Minister for Labour, Health and Social Affairs.",https://www.landtag.nrw.de/home/der-landtag/abgeordnete-und--fraktionen/die-abgeordneten/ehemalige-abgeordnete/abgeordnetendetail.html?k=01331,Franz Müntefering,Landtag Nordrhein-Westfalen,,high,False,,research/ml/artifacts/v5_event_collection_repaired/results/batch_08/V5_DEV_EVENT_BATCH_08_EVENTS.csv,True,office
6ddb19c2c582097ea9cf,8,V5DEV_117,Franz Müntefering,STATUS,1998,positive,federal_minister_accession,"Became Federal Minister for Transport, Building and Housing.",https://www.spdfraktion.de/franz-muentefering?inline=true&maxHeight=80%25&maxWidth=80%25&title=M%C3%BCntefering%2C+Franz,Franz Müntefering,SPD-Bundestagsfraktion,,high,False,,research/ml/artifacts/v5_event_collection_repaired/results/batch_08/V5_DEV_EVENT_BATCH_08_EVENTS.csv,True,office
1a4263dae9367800f167,8,V5DEV_117,Franz Müntefering,STATUS,2002,positive,parliamentary_group_chair,Became chairman of the SPD parliamentary group in the Bundestag.,https://www.spdfraktion.de/franz-muentefering?inline=true&maxHeight=80%25&maxWidth=80%25&title=M%C3%BCntefering%2C+Franz,Franz Müntefering,SPD-Bundestagsfraktion,,high,False,,research/ml/artifacts/v5_event_collection_repaired/results/batch_08/V5_DEV_EVENT_BATCH_08_EVENTS.csv,True,office
379d274b9d0cf58a40f1,8,V5DEV_117,Franz Müntefering,STATUS,2004,positive,party_chair_accession,Became chairman of the Social Democratic Party of Germany.,https://www.spdfraktion.de/franz-muentefering?inline=true&maxHeight=80%25&maxWidth=80%25&title=M%C3%BCntefering%2C+Franz,Franz Müntefering,SPD-Bundestagsfraktion,,high,False,,research/ml/artifacts/v5_event_collection_repaired/results/batch_08/V5_DEV_EVENT_BATCH_08_EVENTS.csv,True,office
85f42f597c31566af78a,8,V5DEV_117,Franz Müntefering,STATUS,2005,negative,party_chair_resignation,Announced his withdrawal as SPD chairman after losing an internal personnel battle over the party's secretary-general.,https://www.tagesspiegel.de/politik/munteferings-politische-karriere-1272130.html,Chronologie: Münteferings politische Karriere,Tagesspiegel,,high,False,,research/ml/artifacts/v5_event_collection_repaired/results/batch_08/V5_DEV_EVENT_BATCH_08_EVENTS.csv,True,office
0d90e18a3d2089e57939,8,V5DEV_117,Franz Müntefering,STATUS,2005,positive,vice_chancellor_accession,Became Vice-Chancellor and Federal Minister for Labour and Social Affairs.,https://www.spdfraktion.de/franz-muentefering?inline=true&maxHeight=80%25&maxWidth=80%25&title=M%C3%BCntefering%2C+Franz,Franz Müntefering,SPD-Bundestagsfraktion,,high,False,,research/ml/artifacts/v5_event_collection_repaired/results/batch_08/V5_DEV_EVENT_BATCH_08_EVENTS.csv,True,office
1f3622731207cda743d4,8,V5DEV_117,Franz Müntefering,STATUS,2007,,voluntary_resignation_family_reason,Resigned as Vice-Chancellor and Labour Minister for family reasons related to his wife's illness.,https://www.theguardian.com/world/2007/nov/13/germany.kateconnolly,German vice-chancellor resigns,The Guardian,2007-11-13,high,True,Normal/voluntary resignation is not automatically negative STATUS.,research/ml/artifacts/v5_event_collection_repaired/results/batch_08/V5_DEV_EVENT_BATCH_08_EVENTS.csv,True,resign
7e517e94a8adfb6aed89,8,V5DEV_117,Franz Müntefering,STATUS,2008,positive,party_chair_return,Returned as chairman of the SPD.,https://www.spdfraktion.de/franz-muentefering?inline=true&maxHeight=80%25&maxWidth=80%25&title=M%C3%BCntefering%2C+Franz,Franz Müntefering,SPD-Bundestagsfraktion,,high,False,,research/ml/artifacts/v5_event_collection_repaired/results/batch_08/V5_DEV_EVENT_BATCH_08_EVENTS.csv,True,office
4cdbd181c8477d1b7b32,8,V5DEV_033,Philippe Chatrier,COMPETITIVE,1945,positive,national_junior_title,Won the French junior tennis championship.,https://www.rolandgarros.com/en-us/article/rg-culture-philippe-chatrier-life-actions-fft-roland-garros,RG Culture: Who was Philippe Chatrier?,Roland-Garros / FFT,2020-06-24,high,False,,research/ml/artifacts/v5_event_collection_repaired/results/batch_08/V5_DEV_EVENT_BATCH_08_EVENTS.csv,True,title
4b5e752241b5b78fd570,8,V5DEV_068,Ugo Tognazzi,PROJECT,1981,positive,cannes_best_actor,Won the Cannes Best Actor award for La tragedia di un uomo ridicolo.,https://www.festival-cannes.com/en/p/ugo-tognazzi/,Ugo Tognazzi,Festival de Cannes,,high,False,,research/ml/artifacts/v5_event_collection_repaired/results/batch_08/V5_DEV_EVENT_BATCH_08_EVENTS.csv,True,award
101ca774d1c59d557a2b,8,V5DEV_114,Gaston Eyskens,STATUS,1949,positive,prime_minister_accession,Became Prime Minister of Belgium in August 1949.,https://kanselarij.belgium.be/en/timeline/,Timeline of Belgian Prime Ministers,Chancellery of the Prime Minister of Belgium,,high,False,,research/ml/artifacts/v5_event_collection_repaired/results/batch_08/V5_DEV_EVENT_BATCH_08_EVENTS.csv,True,office
92c661540486a088257e,8,V5DEV_114,Gaston Eyskens,STATUS,1950,negative,government_resignation,His coalition government resigned after Liberal ministers withdrew during the Royal Question crisis.,https://www.lemonde.fr/archives/article/1950/03/20/le-retrait-des-liberaux-entraine-la-demission-collective-du-gouvernement-belge_2052270_1819218.html,Le retrait des libéraux entraîne la démission collective du gouvernement belge,Le Monde,1950-03-20,high,False,,research/ml/artifacts/v5_event_collection_repaired/results/batch_08/V5_DEV_EVENT_BATCH_08_EVENTS.csv,True,resign
a515d18033c01852caff,8,V5DEV_114,Gaston Eyskens,STATUS,1958,positive,prime_minister_return,Returned as Prime Minister of Belgium.,https://kanselarij.belgium.be/en/timeline/,Timeline of Belgian Prime Ministers,Chancellery of the Prime Minister of Belgium,,high,False,,research/ml/artifacts/v5_event_collection_repaired/results/batch_08/V5_DEV_EVENT_BATCH_08_EVENTS.csv,True,office
a4a4ea39e4915661ba24,8,V5DEV_114,Gaston Eyskens,STATUS,1968,positive,prime_minister_return,Again became Prime Minister of Belgium.,https://kanselarij.belgium.be/en/timeline/,Timeline of Belgian Prime Ministers,Chancellery of the Prime Minister of Belgium,,high,False,,research/ml/artifacts/v5_event_collection_repaired/results/batch_08/V5_DEV_EVENT_BATCH_08_EVENTS.csv,True,office
822dc5f495db295330ce,8,V5DEV_114,Gaston Eyskens,STATUS,1973,negative,government_collapse,His final government fell over the Fourons issue and ended in January 1973.,https://www.histoire-des-belges.be/listes/les-gouvernements-de-la-belgique-unitaire/gouvernement-gaston-eyskens-v-1972-1973,Le gouvernement Gaston Eyskens V (1972-1973),Histoire des Belges,,medium,False,,research/ml/artifacts/v5_event_collection_repaired/results/batch_08/V5_DEV_EVENT_BATCH_08_EVENTS.csv,True,resign
54cd9f4d96fac189969f,8,V5DEV_029,Freddie Miller,COMPETITIVE,1933,positive,world_title_win,Won the NBA/WBA featherweight world championship.,https://openboxing.org/featherweight/wba/,Featherweight - World Boxing Association,Open Boxing,,high,False,,research/ml/artifacts/v5_event_collection_repaired/results/batch_08/V5_DEV_EVENT_BATCH_08_EVENTS.csv,True,title
b5da4a309c4026870647,8,V5DEV_029,Freddie Miller,COMPETITIVE,1935,positive,ring_world_title,Was recognized as The Ring featherweight world champion while continuing successful title defenses.,https://openboxing.org/featherweight/ring/,Featherweight - The Ring,Open Boxing,,high,False,,research/ml/artifacts/v5_event_collection_repaired/results/batch_08/V5_DEV_EVENT_BATCH_08_EVENTS.csv,True,title
7122946653f84cb5a4c1,8,V5DEV_029,Freddie Miller,COMPETITIVE,1936,negative,world_title_loss,Lost the featherweight world championship to Petey Sarron in May 1936.,https://wbcboxing.com/en/a-day-like-today-petey-sarron-conquerred-world-featherweight-championship/,"A day like today, Petey Sarron conquered world featherweight championship",World Boxing Council,2022-05-11,high,False,,research/ml/artifacts/v5_event_collection_repaired/results/batch_08/V5_DEV_EVENT_BATCH_08_EVENTS.csv,True,title
f4bd6eb65779d51b7f27,8,V5DEV_029,Freddie Miller,COMPETITIVE,1936,positive,world_title_defense,Defeated Petey Sarron in a world-title defense in March 1936.,https://openboxing.org/featherweight/wba/,Featherweight - World Boxing Association,Open Boxing,,high,False,,research/ml/artifacts/v5_event_collection_repaired/results/batch_08/V5_DEV_EVENT_BATCH_08_EVENTS.csv,True,title
7a8133a8e5f96335c3df,8,V5DEV_075,Maurizio Arena,PROJECT,1956,positive,film_breakthrough,Poveri ma belli made Arena a major star and established the screen persona for which he became famous.,https://www.mymovies.it/persone/maurizio-arena/2861/,Maurizio Arena,MYmovies,,medium,False,,research/ml/artifacts/v5_event_collection_repaired/results/batch_08/V5_DEV_EVENT_BATCH_08_EVENTS.csv,True,release
8378f0e5faeb37ab82e4,8,V5DEV_075,Maurizio Arena,PROJECT,1960,negative,directorial_project_failure,Arena produced and starred in Il principe fusto during an unsuccessful attempt to establish himself as a director.,https://www.film.it/film/attori/p/maurizio-arena/,Maurizio Arena,Film.it,,medium,False,,research/ml/artifacts/v5_event_collection_repaired/results/batch_08/V5_DEV_EVENT_BATCH_08_EVENTS.csv,True,release
d6eaef9ecdb42aed4902,8,V5DEV_158,Yves Saint Laurent,STATUS,1957,positive,dior_head_accession,Was officially designated Christian Dior's successor and took leadership of the House of Dior.,https://museeyslparis.com/en/biography/le-plus-jeune-couturier-du-monde,The Youngest Couturier in the World,Musée Yves Saint Laurent Paris,1957-11-15,high,False,,research/ml/artifacts/v5_event_collection_repaired/results/batch_08/V5_DEV_EVENT_BATCH_08_EVENTS.csv,True,office
b2cf0b23f09465535980,8,V5DEV_158,Yves Saint Laurent,STATUS,1960,negative,dior_dismissal,Was dismissed by the House of Dior while hospitalized after being drafted for military service.,https://www.museeyslmarrakech.com/en/yves-saint-laurent/,Yves Saint Laurent,Musée Yves Saint Laurent Marrakech,,high,False,,research/ml/artifacts/v5_event_collection_repaired/results/batch_08/V5_DEV_EVENT_BATCH_08_EVENTS.csv,True,resign
b408e8050cd3d6c5b9ac,8,V5DEV_158,Yves Saint Laurent,STATUS,1961,positive,fashion_house_founder_accession,Founded his own couture house with Pierre Bergé.,https://www.ysl.com/en-gb/collections/heritage,Heritage,Saint Laurent,,high,False,,research/ml/artifacts/v5_event_collection_repaired/results/batch_08/V5_DEV_EVENT_BATCH_08_EVENTS.csv,True,office
5e939a6ed03ac6c09a59,8,V5DEV_036,Albert Yvel,COMPETITIVE,1946,positive,north_african_title_win,Won the North African middleweight title.,https://boxrec.com/wiki/index.php/Albert_Yvel,Albert Yvel,BoxRec,,high,False,,research/ml/artifacts/v5_event_collection_repaired/results/batch_08/V5_DEV_EVENT_BATCH_08_EVENTS.csv,True,title
2261f3681f088db88936,8,V5DEV_036,Albert Yvel,COMPETITIVE,1948,negative,french_title_challenge_loss,Lost his challenge for the French light-heavyweight title to Emile Bentz by knockout.,https://de-academic.com/dic.nsf/dewiki/47147/,Albert Yvel,de-academic,,medium,False,,research/ml/artifacts/v5_event_collection_repaired/results/batch_08/V5_DEV_EVENT_BATCH_08_EVENTS.csv,True,title
735deb31fa5cf1cedd69,8,V5DEV_036,Albert Yvel,COMPETITIVE,1949,positive,french_title_win,Won the French national light-heavyweight title.,https://boxrec.com/wiki/index.php/Albert_Yvel,Albert Yvel,BoxRec,,high,False,,research/ml/artifacts/v5_event_collection_repaired/results/batch_08/V5_DEV_EVENT_BATCH_08_EVENTS.csv,True,title
cb4b73743527a86fab96,8,V5DEV_036,Albert Yvel,COMPETITIVE,1950,positive,european_title_win,Won the European light-heavyweight championship.,https://boxrec.com/wiki/index.php/Albert_Yvel,Albert Yvel,BoxRec,,high,False,,research/ml/artifacts/v5_event_collection_repaired/results/batch_08/V5_DEV_EVENT_BATCH_08_EVENTS.csv,True,title
04205b795c7e47a1a023,8,V5DEV_036,Albert Yvel,COMPETITIVE,1951,negative,european_title_loss,Lost the European light-heavyweight championship to Don Cockell by technical knockout.,https://boxrec.com/wiki/index.php/Don_Cockell,Don Cockell,BoxRec,,high,False,,research/ml/artifacts/v5_event_collection_repaired/results/batch_08/V5_DEV_EVENT_BATCH_08_EVENTS.csv,True,title
374811474900deb0a7cd,8,V5DEV_072,Helmut Thielicke,PROJECT,1951,positive,major_scholarly_work_release,"Began publication of his multi-volume Theologische Ethik, described as the first broad Lutheran ethics produced after the war.",https://www.deutsche-biographie.de/gnd118621947.html,"Thielicke, Helmut",Deutsche Biographie,,high,False,,research/ml/artifacts/v5_event_collection_repaired/results/batch_08/V5_DEV_EVENT_BATCH_08_EVENTS.csv,True,release
d08440a998462781b066,8,V5DEV_072,Helmut Thielicke,PROJECT,1968,positive,major_dogmatics_project_release,"Began publication of the three-volume Der evangelische Glaube, a major dogmatics project completed over the following decade.",https://www.deutsche-biographie.de/gnd118621947.html,"Thielicke, Helmut",Deutsche Biographie,,high,False,,research/ml/artifacts/v5_event_collection_repaired/results/batch_08/V5_DEV_EVENT_BATCH_08_EVENTS.csv,True,release
a11f4bf16a5472de8bec,8,V5DEV_136,Clarence Thomas,STATUS,1981,positive,assistant_secretary_accession,Became Assistant Secretary for Civil Rights at the U.S. Department of Education.,https://www.supremecourt.gov/about/biographies.aspx,Current Members - Clarence Thomas,Supreme Court of the United States,,high,False,,research/ml/artifacts/v5_event_collection_repaired/results/batch_08/V5_DEV_EVENT_BATCH_08_EVENTS.csv,True,office
688107be06b63a291db7,8,V5DEV_136,Clarence Thomas,STATUS,1982,positive,eeoc_chair_accession,Became Chairman of the U.S. Equal Employment Opportunity Commission.,https://www.supremecourt.gov/about/biographies.aspx,Current Members - Clarence Thomas,Supreme Court of the United States,,high,False,,research/ml/artifacts/v5_event_collection_repaired/results/batch_08/V5_DEV_EVENT_BATCH_08_EVENTS.csv,True,office
b086530b72ac8619f0a3,8,V5DEV_136,Clarence Thomas,STATUS,1990,positive,federal_appellate_judge_accession,Became a judge on the U.S. Court of Appeals for the District of Columbia Circuit.,https://www.supremecourt.gov/about/biographies.aspx,Current Members - Clarence Thomas,Supreme Court of the United States,,high,False,,research/ml/artifacts/v5_event_collection_repaired/results/batch_08/V5_DEV_EVENT_BATCH_08_EVENTS.csv,True,office
3d1faac8e72ff6267b1a,8,V5DEV_136,Clarence Thomas,STATUS,1991,positive,supreme_court_accession,Took his seat as an Associate Justice of the U.S. Supreme Court.,https://www.supremecourt.gov/about/biographies.aspx,Current Members - Clarence Thomas,Supreme Court of the United States,,high,False,,research/ml/artifacts/v5_event_collection_repaired/results/batch_08/V5_DEV_EVENT_BATCH_08_EVENTS.csv,True,office
b765b92aa0ecc587a035,8,V5DEV_050,Anita Bryant,PROJECT,1960,positive,recording_chart_success,"Had two Top 10 Billboard Hot 100 hits, including Paper Roses and My Little Corner of the World.",https://apnews.com/article/0c1d7279f2f4f7d435c669c6868b6b37,"Anita Bryant, a popular singer who became known for opposition to gay rights, dead at age 84",Associated Press,2025-01-10,high,False,,research/ml/artifacts/v5_event_collection_repaired/results/batch_08/V5_DEV_EVENT_BATCH_08_EVENTS.csv,True,release
6621e227bd4617f47960,8,V5DEV_050,Anita Bryant,PROJECT,1977,negative,television_project_cancellation,Was dropped from plans for a variety television show amid backlash over her political activities.,https://people.com/anita-bryant-dead-age-84-8772462,"Anita Bryant, Anti-Gay Rights Activist and Grammy-Nominated Pop Singer, Dies at 84",People,2025-01-09,medium,False,,research/ml/artifacts/v5_event_collection_repaired/results/batch_08/V5_DEV_EVENT_BATCH_08_EVENTS.csv,True,release
04cf010fecb925fcdae6,8,V5DEV_050,Anita Bryant,PROJECT,1977,,career_reputation_backlash,Boycotts and public backlash over her anti-gay-rights campaigning contributed to a decline in her entertainment career.,https://apnews.com/article/0c1d7279f2f4f7d435c669c6868b6b37,"Anita Bryant, a popular singer who became known for opposition to gay rights, dead at age 84",Associated Press,2025-01-10,high,True,General reputation/career decline excluded from core PROJECT.,research/ml/artifacts/v5_event_collection_repaired/results/batch_08/V5_DEV_EVENT_BATCH_08_EVENTS.csv,True,
cb516ce79fdeb91c57e5,8,V5DEV_116,Giorgio Perlasca,STATUS,1944,,assumed_diplomatic_identity,Posed as a Spanish consul/diplomat in Budapest and used that assumed identity to protect thousands of Jews.,https://www.esteri.it/it/sala_stampa/archivionotizie/approfondimenti/2015/01/pechino-giorno-della-memoria-alla/,Pechino: Giorno della memoria alla scoperta di un eroe italiano,Italian Ministry of Foreign Affairs,2015-01,high,True,No qualifying formal STATUS accession.,research/ml/artifacts/v5_event_collection_repaired/results/batch_08/V5_DEV_EVENT_BATCH_08_EVENTS.csv,True,
668f5d497aa8fb032c7f,8,V5DEV_116,Giorgio Perlasca,STATUS,1988,,state_honor,Hungary awarded him the Order of the Star of Gold after survivors brought his wartime actions to public attention.,https://www.esteri.it/it/sala_stampa/archivionotizie/approfondimenti/2015/01/pechino-giorno-della-memoria-alla/,Pechino: Giorno della memoria alla scoperta di un eroe italiano,Italian Ministry of Foreign Affairs,2015-01,high,True,Honor/recognition excluded from core STATUS.,research/ml/artifacts/v5_event_collection_repaired/results/batch_08/V5_DEV_EVENT_BATCH_08_EVENTS.csv,True,
7d4e975c006db96b72cb,8,V5DEV_116,Giorgio Perlasca,STATUS,1989,,righteous_honor,Israel granted him honorary citizenship and recognized him as Righteous Among the Nations.,https://www.esteri.it/it/sala_stampa/archivionotizie/approfondimenti/2015/01/pechino-giorno-della-memoria-alla/,Pechino: Giorno della memoria alla scoperta di un eroe italiano,Italian Ministry of Foreign Affairs,2015-01,high,True,Honor/recognition excluded from core STATUS.,research/ml/artifacts/v5_event_collection_repaired/results/batch_08/V5_DEV_EVENT_BATCH_08_EVENTS.csv,True,
7d151d1204fb5e469890,8,V5DEV_095,Petra Kelly,STATUS,1980,positive,green_party_cochair_accession,Became a spokesperson/co-chair of the first federal executive of the German Greens.,https://www.deutsche-biographie.de/dbo079413.html,"Kelly, Petra",Deutsche Biographie,,high,False,,research/ml/artifacts/v5_event_collection_repaired/results/batch_08/V5_DEV_EVENT_BATCH_08_EVENTS.csv,True,office
10238376bd14d2233f40,8,V5DEV_095,Petra Kelly,STATUS,1983,positive,bundestag_accession,Entered the German Bundestag as a Green member.,https://www.bundestag.de/parlament/geschichte/75jahre/koepfe/kelly-956222,Petra Kelly,Deutscher Bundestag,,high,False,,research/ml/artifacts/v5_event_collection_repaired/results/batch_08/V5_DEV_EVENT_BATCH_08_EVENTS.csv,True,office
d4922a653702f0117a91,8,V5DEV_095,Petra Kelly,STATUS,1983,positive,parliamentary_delegation_cochair,Became co-chair of the Greens' first Bundestag delegation.,https://www.environmentandsociety.org/exhibitions/petra-kelly/introduction,Introduction - Petra Kelly,Environment & Society Portal,,high,False,,research/ml/artifacts/v5_event_collection_repaired/results/batch_08/V5_DEV_EVENT_BATCH_08_EVENTS.csv,True,office
4e20e08a0bdb2fefa811,8,V5DEV_095,Petra Kelly,STATUS,1990,negative,failed_renomination_and_parliament_exit,Unsuccessfully sought another Bundestag candidacy and left parliament at the end of the legislative term.,https://www.hdg.de/lemo/biografie/petra-kelly,LeMO Biografie Petra Kelly,Stiftung Haus der Geschichte der Bundesrepublik Deutschland,,high,False,,research/ml/artifacts/v5_event_collection_repaired/results/batch_08/V5_DEV_EVENT_BATCH_08_EVENTS.csv,True,resign
4897750ad83573336bf7,8,V5DEV_147,Paul Ricard,STATUS,1932,positive,company_founder_accession,Created Ricard in Marseille and founded the business built around his pastis.,https://www.pernod-ricard.com/en/brands/ricard,Ricard,Pernod Ricard,,high,False,,research/ml/artifacts/v5_event_collection_repaired/results/batch_08/V5_DEV_EVENT_BATCH_08_EVENTS.csv,True,office
10d2e4355573357af1d2,8,V5DEV_147,Paul Ricard,STATUS,1968,,voluntary_company_resignation,Resigned from leading the company.,https://www.lemonde.fr/en/summer-reads/article/2024/08/22/at-pernod-ricard-the-group-s-interests-come-first_6720256_183.html,"At Pernod Ricard, 'the group's interests come first'",Le Monde,2024-08-22,high,True,Voluntary resignation is not automatically negative STATUS.,research/ml/artifacts/v5_event_collection_repaired/results/batch_08/V5_DEV_EVENT_BATCH_08_EVENTS.csv,True,resign
9d732b50451809800721,8,V5DEV_147,Paul Ricard,STATUS,1975,positive,pernod_ricard_cofounder_accession,"With Jean Hémard, founded Pernod Ricard through the merger of the Ricard and Pernod companies.",https://www.pernod-ricard.com/en/our-group,Our Group,Pernod Ricard,,high,False,,research/ml/artifacts/v5_event_collection_repaired/results/batch_08/V5_DEV_EVENT_BATCH_08_EVENTS.csv,True,office
