pool,subject_id,name,year,canonical_day_stem,canonical_day_branch,canonical_dw_stem,canonical_dw_branch,canonical_sw_stem,canonical_sw_branch,canonical_dw_group,canonical_sw_group,corrected_birth_date,corrected_birth_time,solar_correction_minutes,canonical__tengod__dw_group_peer,canonical__tengod__sw_group_peer,canonical__tengod__dw_group_output,canonical__tengod__sw_group_output,canonical__tengod__dw_group_wealth,canonical__tengod__sw_group_wealth,canonical__tengod__dw_group_officer,canonical__tengod__sw_group_officer,canonical__tengod__dw_group_resource,canonical__tengod__sw_group_resource,historical__tengod__dw_group_peer,match__tengod__dw_group_peer,historical__tengod__dw_group_output,match__tengod__dw_group_output,historical__tengod__dw_group_wealth,match__tengod__dw_group_wealth,historical__tengod__dw_group_officer,match__tengod__dw_group_officer,historical__tengod__dw_group_resource,match__tengod__dw_group_resource,historical__tengod__sw_group_peer,match__tengod__sw_group_peer,historical__tengod__sw_group_output,match__tengod__sw_group_output,historical__tengod__sw_group_wealth,match__tengod__sw_group_wealth,historical__tengod__sw_group_officer,match__tengod__sw_group_officer,historical__tengod__sw_group_resource,match__tengod__sw_group_resource,n_tengod_mismatches,mismatch_features,strict_tengod_row_match
V2_NEW_DEV,MLV2_DEV_001,Aaron Eckhart,2000,辛,巳,戊,午,庚,辰,resource,peer,1968-03-12,18:41,-8.639999999999986,0.0,1.0,0.0,0.0,0.0,0.0,0.0,0.0,1.0,0.0,0.0,True,0.0,True,0.0,True,0.0,True,1.0,True,1.0,True,0.0,True,0.0,True,0.0,True,0.0,True,0,,True
V2_NEW_DEV,MLV2_DEV_001,Aaron Eckhart,2008,辛,巳,己,未,戊,子,resource,resource,1968-03-12,18:41,-8.639999999999986,0.0,0.0,0.0,0.0,0.0,0.0,0.0,0.0,1.0,1.0,0.0,True,0.0,True,0.0,True,0.0,True,1.0,True,0.0,True,0.0,True,0.0,True,0.0,True,1.0,True,0,,True
V2_NEW_DEV,MLV2_DEV_001,Aaron Eckhart,2014,辛,巳,己,未,甲,午,resource,wealth,1968-03-12,18:41,-8.639999999999986,0.0,0.0,0.0,0.0,0.0,1.0,0.0,0.0,1.0,0.0,0.0,True,0.0,True,0.0,True,0.0,True,1.0,True,0.0,True,0.0,True,1.0,True,0.0,True,0.0,True,0,,True
V2_NEW_DEV,MLV2_DEV_002,Abigail Johnson,2014,丙,戌,乙,巳,甲,午,resource,resource,1961-12-19,15:00,15.76400000000001,0.0,0.0,0.0,0.0,0.0,0.0,0.0,0.0,1.0,1.0,0.0,True,0.0,True,0.0,True,0.0,True,1.0,True,0.0,True,0.0,True,0.0,True,0.0,True,1.0,True,0,,True
V2_NEW_DEV,MLV2_DEV_002,Abigail Johnson,2016,丙,戌,丙,午,丙,申,peer,peer,1961-12-19,15:00,15.76400000000001,1.0,1.0,0.0,0.0,0.0,0.0,0.0,0.0,0.0,0.0,1.0,True,0.0,True,0.0,True,0.0,True,0.0,True,1.0,True,0.0,True,0.0,True,0.0,True,0.0,True,0,,True
V2_NEW_DEV,MLV2_DEV_002,Abigail Johnson,2017,丙,戌,丙,午,丁,酉,peer,peer,1961-12-19,15:00,15.76400000000001,1.0,1.0,0.0,0.0,0.0,0.0,0.0,0.0,0.0,0.0,1.0,True,0.0,True,0.0,True,0.0,True,0.0,True,1.0,True,0.0,True,0.0,True,0.0,True,0.0,True,0,,True
V2_NEW_DEV,MLV2_DEV_003,Jennifer Aniston,1994,丁,巳,戊,辰,甲,戌,output,resource,1969-02-11,22:29,7.02800000000002,0.0,0.0,1.0,0.0,0.0,0.0,0.0,0.0,0.0,1.0,0.0,True,1.0,True,0.0,True,0.0,True,0.0,True,0.0,True,0.0,True,0.0,True,0.0,True,1.0,True,0,,True
V2_NEW_DEV,MLV2_DEV_003,Jennifer Aniston,2002,丁,巳,己,巳,壬,午,output,officer,1969-02-11,22:29,7.02800000000002,0.0,0.0,1.0,0.0,0.0,0.0,0.0,1.0,0.0,0.0,0.0,True,1.0,True,0.0,True,0.0,True,0.0,True,0.0,True,0.0,True,0.0,True,1.0,True,0.0,True,0,,True
V2_NEW_DEV,MLV2_DEV_003,Jennifer Aniston,2010,丁,巳,庚,午,庚,寅,wealth,wealth,1969-02-11,22:29,7.02800000000002,0.0,0.0,0.0,0.0,1.0,1.0,0.0,0.0,0.0,0.0,0.0,True,0.0,True,1.0,True,0.0,True,0.0,True,0.0,True,0.0,True,1.0,True,0.0,True,0.0,True,0,,True
V2_NEW_DEV,MLV2_DEV_004,Jennifer Coolidge,1999,乙,丑,丁,酉,己,卯,output,wealth,1961-06-01,12:24,-44.23599999999999,0.0,0.0,1.0,0.0,0.0,1.0,0.0,0.0,0.0,0.0,0.0,True,1.0,True,0.0,True,0.0,True,0.0,True,0.0,True,0.0,True,1.0,True,0.0,True,0.0,True,0,,True
V2_NEW_DEV,MLV2_DEV_004,Jennifer Coolidge,2010,乙,丑,戊,戌,庚,寅,wealth,officer,1961-06-01,12:24,-44.23599999999999,0.0,0.0,0.0,0.0,1.0,0.0,0.0,1.0,0.0,0.0,0.0,True,0.0,True,1.0,True,0.0,True,0.0,True,0.0,True,0.0,True,0.0,True,1.0,True,0.0,True,0,,True
V2_NEW_DEV,MLV2_DEV_004,Jennifer Coolidge,2022,乙,丑,庚,子,壬,寅,officer,resource,1961-06-01,12:24,-44.23599999999999,0.0,0.0,0.0,0.0,0.0,0.0,1.0,0.0,0.0,1.0,0.0,True,0.0,True,0.0,True,1.0,True,0.0,True,0.0,True,0.0,True,0.0,True,0.0,True,1.0,True,0,,True
V2_NEW_DEV,MLV2_DEV_005,Julia Roberts,1990,甲,子,癸,丑,庚,午,resource,officer,1967-10-27,22:38,-97.56799999999998,0.0,0.0,0.0,0.0,0.0,0.0,0.0,1.0,1.0,0.0,0.0,True,0.0,True,0.0,True,0.0,True,1.0,True,0.0,True,0.0,True,0.0,True,1.0,True,0.0,True,0,,True
V2_NEW_DEV,MLV2_DEV_005,Julia Roberts,1996,甲,子,癸,丑,丙,子,resource,output,1967-10-27,22:38,-97.56799999999998,0.0,0.0,0.0,1.0,0.0,0.0,0.0,0.0,1.0,0.0,0.0,True,0.0,True,0.0,True,0.0,True,1.0,True,0.0,True,1.0,True,0.0,True,0.0,True,0.0,True,0,,True
V2_NEW_DEV,MLV2_DEV_005,Julia Roberts,2001,甲,子,甲,寅,辛,巳,peer,officer,1967-10-27,22:38,-97.56799999999998,1.0,0.0,0.0,0.0,0.0,0.0,0.0,1.0,0.0,0.0,1.0,True,0.0,True,0.0,True,0.0,True,0.0,True,0.0,True,0.0,True,0.0,True,1.0,True,0.0,True,0,,True
V2_NEW_DEV,MLV2_DEV_006,Julianne Moore,2002,乙,丑,癸,未,壬,午,resource,resource,1960-12-03,17:37,-15.536000000000001,0.0,0.0,0.0,0.0,0.0,0.0,0.0,0.0,1.0,1.0,0.0,True,0.0,True,0.0,True,0.0,True,1.0,True,0.0,True,0.0,True,0.0,True,0.0,True,1.0,True,0,,True
V2_NEW_DEV,MLV2_DEV_006,Julianne Moore,2015,乙,丑,壬,午,乙,未,resource,peer,1960-12-03,17:37,-15.536000000000001,0.0,1.0,0.0,0.0,0.0,0.0,0.0,0.0,1.0,0.0,0.0,True,0.0,True,0.0,True,0.0,True,1.0,True,1.0,True,0.0,True,0.0,True,0.0,True,0.0,True,0,,True
V2_NEW_DEV,MLV2_DEV_006,Julianne Moore,2017,乙,丑,壬,午,丁,酉,resource,output,1960-12-03,17:37,-15.536000000000001,0.0,0.0,0.0,1.0,0.0,0.0,0.0,0.0,1.0,0.0,0.0,True,0.0,True,0.0,True,0.0,True,1.0,True,0.0,True,1.0,True,0.0,True,0.0,True,0.0,True,0,,True
V2_NEW_DEV,MLV2_DEV_007,Julie Delpy,1995,庚,午,己,卯,乙,亥,resource,wealth,1969-12-21,21:49,-50.596000000000004,0.0,0.0,0.0,0.0,0.0,1.0,0.0,0.0,1.0,0.0,0.0,True,0.0,True,0.0,True,0.0,True,1.0,True,0.0,True,0.0,True,1.0,True,0.0,True,0.0,True,0,,True
V2_NEW_DEV,MLV2_DEV_007,Julie Delpy,2004,庚,午,庚,辰,甲,申,peer,wealth,1969-12-21,21:49,-50.596000000000004,1.0,0.0,0.0,0.0,0.0,1.0,0.0,0.0,0.0,0.0,1.0,True,0.0,True,0.0,True,0.0,True,0.0,True,0.0,True,0.0,True,1.0,True,0.0,True,0.0,True,0,,True
V2_NEW_DEV,MLV2_DEV_007,Julie Delpy,2009,庚,午,庚,辰,己,丑,peer,resource,1969-12-21,21:49,-50.596000000000004,1.0,0.0,0.0,0.0,0.0,0.0,0.0,0.0,0.0,1.0,1.0,True,0.0,True,0.0,True,0.0,True,0.0,True,0.0,True,0.0,True,0.0,True,0.0,True,1.0,True,0,,True
V2_NEW_DEV,MLV2_DEV_008,Jenna Elfman,1997,戊,午,庚,子,丁,丑,output,resource,1971-09-30,16:57,-52.97199999999998,0.0,0.0,1.0,0.0,0.0,0.0,0.0,0.0,0.0,1.0,0.0,True,1.0,True,0.0,True,0.0,True,0.0,True,0.0,True,0.0,True,0.0,True,0.0,True,1.0,True,0,,True
V2_NEW_DEV,MLV2_DEV_008,Jenna Elfman,1999,戊,午,庚,子,己,卯,output,peer,1971-09-30,16:57,-52.97199999999998,0.0,1.0,1.0,0.0,0.0,0.0,0.0,0.0,0.0,0.0,0.0,True,1.0,True,0.0,True,0.0,True,0.0,True,1.0,True,0.0,True,0.0,True,0.0,True,0.0,True,0,,True
V2_NEW_DEV,MLV2_DEV_008,Jenna Elfman,2002,戊,午,庚,子,壬,午,output,wealth,1971-09-30,16:57,-52.97199999999998,0.0,0.0,1.0,0.0,0.0,1.0,0.0,0.0,0.0,0.0,0.0,True,1.0,True,0.0,True,0.0,True,0.0,True,0.0,True,0.0,True,1.0,True,0.0,True,0.0,True,0,,True
V2_NEW_DEV,MLV2_DEV_009,Katy Perry,2008,壬,辰,壬,申,戊,子,peer,officer,1984-10-25,06:59,-58.79199999999997,1.0,0.0,0.0,0.0,0.0,0.0,0.0,1.0,0.0,0.0,1.0,True,0.0,True,0.0,True,0.0,True,0.0,True,0.0,True,0.0,True,0.0,True,1.0,True,0.0,True,0,,True
V2_NEW_DEV,MLV2_DEV_009,Katy Perry,2010,壬,辰,辛,未,庚,寅,resource,resource,1984-10-25,06:59,-58.79199999999997,0.0,0.0,0.0,0.0,0.0,0.0,0.0,0.0,1.0,1.0,0.0,True,0.0,True,0.0,True,0.0,True,1.0,True,0.0,True,0.0,True,0.0,True,0.0,True,1.0,True,0,,True
V2_NEW_DEV,MLV2_DEV_009,Katy Perry,2017,壬,辰,辛,未,丁,酉,resource,wealth,1984-10-25,06:59,-58.79199999999997,0.0,0.0,0.0,0.0,0.0,1.0,0.0,0.0,1.0,0.0,0.0,True,0.0,True,0.0,True,0.0,True,1.0,True,0.0,True,0.0,True,1.0,True,0.0,True,0.0,True,0,,True
V2_NEW_DEV,MLV2_DEV_010,Amber Tamblyn,2003,壬,寅,己,未,癸,未,officer,peer,1983-05-14,03:51,-53.96800000000002,0.0,1.0,0.0,0.0,0.0,0.0,1.0,0.0,0.0,0.0,0.0,True,0.0,True,0.0,True,1.0,True,0.0,True,1.0,True,0.0,True,0.0,True,0.0,True,0.0,True,0,,True
V2_NEW_DEV,MLV2_DEV_010,Amber Tamblyn,2004,壬,寅,己,未,甲,申,officer,output,1983-05-14,03:51,-53.96800000000002,0.0,0.0,0.0,1.0,0.0,0.0,1.0,0.0,0.0,0.0,0.0,True,0.0,True,0.0,True,1.0,True,0.0,True,0.0,True,1.0,True,0.0,True,0.0,True,0.0,True,0,,True
V2_NEW_DEV,MLV2_DEV_010,Amber Tamblyn,2005,壬,寅,己,未,乙,酉,officer,output,1983-05-14,03:51,-53.96800000000002,0.0,0.0,0.0,1.0,0.0,0.0,1.0,0.0,0.0,0.0,0.0,True,0.0,True,0.0,True,1.0,True,0.0,True,0.0,True,1.0,True,0.0,True,0.0,True,0.0,True,0,,True
V2_NEW_DEV,MLV2_DEV_011,Antonio Banderas,1998,庚,午,丁,亥,戊,寅,officer,resource,1960-08-10,19:42,-77.68,0.0,0.0,0.0,0.0,0.0,0.0,1.0,0.0,0.0,1.0,0.0,True,0.0,True,0.0,True,1.0,True,0.0,True,0.0,True,0.0,True,0.0,True,0.0,True,1.0,True,0,,True
V2_NEW_DEV,MLV2_DEV_011,Antonio Banderas,2002,庚,午,戊,子,壬,午,resource,output,1960-08-10,19:42,-77.68,0.0,0.0,0.0,1.0,0.0,0.0,0.0,0.0,1.0,0.0,0.0,True,0.0,True,0.0,True,0.0,True,1.0,True,0.0,True,1.0,True,0.0,True,0.0,True,0.0,True,0,,True
V2_NEW_DEV,MLV2_DEV_011,Antonio Banderas,2019,庚,午,庚,寅,己,亥,peer,resource,1960-08-10,19:42,-77.68,1.0,0.0,0.0,0.0,0.0,0.0,0.0,0.0,0.0,1.0,1.0,True,0.0,True,0.0,True,0.0,True,0.0,True,0.0,True,0.0,True,0.0,True,0.0,True,1.0,True,0,,True
V2_NEW_DEV,MLV2_DEV_012,Billy Crystal,1989,戊,戌,己,未,己,巳,peer,peer,1948-03-14,07:51,3.97199999999998,1.0,1.0,0.0,0.0,0.0,0.0,0.0,0.0,0.0,0.0,1.0,True,0.0,True,0.0,True,0.0,True,0.0,True,1.0,True,0.0,True,0.0,True,0.0,True,0.0,True,0,,True
V2_NEW_DEV,MLV2_DEV_012,Billy Crystal,1992,戊,戌,己,未,壬,申,peer,wealth,1948-03-14,07:51,3.97199999999998,1.0,0.0,0.0,0.0,0.0,1.0,0.0,0.0,0.0,0.0,1.0,True,0.0,True,0.0,True,0.0,True,0.0,True,0.0,True,0.0,True,1.0,True,0.0,True,0.0,True,0,,True
V2_NEW_DEV,MLV2_DEV_012,Billy Crystal,1998,戊,戌,庚,申,戊,寅,output,peer,1948-03-14,07:51,3.97199999999998,0.0,1.0,1.0,0.0,0.0,0.0,0.0,0.0,0.0,0.0,0.0,True,1.0,True,0.0,True,0.0,True,0.0,True,1.0,True,0.0,True,0.0,True,0.0,True,0.0,True,0,,True
V2_NEW_DEV,MLV2_DEV_013,Billy Dee Williams,1980,癸,亥,己,亥,庚,申,officer,resource,1937-04-06,21:54,3.97199999999998,0.0,0.0,0.0,0.0,0.0,0.0,1.0,0.0,0.0,1.0,0.0,True,0.0,True,0.0,True,1.0,True,0.0,True,0.0,True,0.0,True,0.0,True,0.0,True,1.0,True,0,,True
V2_NEW_DEV,MLV2_DEV_013,Billy Dee Williams,1995,癸,亥,戊,戌,乙,亥,officer,output,1937-04-06,21:54,3.97199999999998,0.0,0.0,0.0,1.0,0.0,0.0,1.0,0.0,0.0,0.0,0.0,True,0.0,True,0.0,True,1.0,True,0.0,True,0.0,True,1.0,True,0.0,True,0.0,True,0.0,True,0,,True
V2_NEW_DEV,MLV2_DEV_013,Billy Dee Williams,2019,癸,亥,乙,未,己,亥,output,officer,1937-04-06,21:54,3.97199999999998,0.0,0.0,1.0,0.0,0.0,0.0,0.0,1.0,0.0,0.0,0.0,True,1.0,True,0.0,True,0.0,True,0.0,True,0.0,True,0.0,True,0.0,True,1.0,True,0.0,True,0,,True
V2_NEW_DEV,MLV2_DEV_014,Steve Prefontaine,1971,乙,丑,辛,卯,辛,亥,officer,officer,1951-01-25,07:48,-16.875999999999976,0.0,0.0,0.0,0.0,0.0,0.0,1.0,1.0,0.0,0.0,0.0,True,0.0,True,0.0,True,1.0,True,0.0,True,0.0,True,0.0,True,0.0,True,1.0,True,0.0,True,0,,True
V2_NEW_DEV,MLV2_DEV_014,Steve Prefontaine,1972,乙,丑,辛,卯,壬,子,officer,resource,1951-01-25,07:48,-16.875999999999976,0.0,0.0,0.0,0.0,0.0,0.0,1.0,0.0,0.0,1.0,0.0,True,0.0,True,0.0,True,1.0,True,0.0,True,0.0,True,0.0,True,0.0,True,0.0,True,1.0,True,0,,True
V2_NEW_DEV,MLV2_DEV_014,Steve Prefontaine,1973,乙,丑,辛,卯,癸,丑,officer,resource,1951-01-25,07:48,-16.875999999999976,0.0,0.0,0.0,0.0,0.0,0.0,1.0,0.0,0.0,1.0,0.0,True,0.0,True,0.0,True,1.0,True,0.0,True,0.0,True,0.0,True,0.0,True,0.0,True,1.0,True,0,,True
V2_NEW_DEV,MLV2_DEV_015,Cameron Diaz,1994,癸,巳,丙,午,甲,戌,wealth,output,1972-08-30,02:04,-48.656000000000006,0.0,0.0,0.0,1.0,1.0,0.0,0.0,0.0,0.0,0.0,0.0,True,0.0,True,1.0,True,0.0,True,0.0,True,0.0,True,1.0,True,0.0,True,0.0,True,0.0,True,0,,True
V2_NEW_DEV,MLV2_DEV_015,Cameron Diaz,1998,癸,巳,丙,午,戊,寅,wealth,officer,1972-08-30,02:04,-48.656000000000006,0.0,0.0,0.0,0.0,1.0,0.0,0.0,1.0,0.0,0.0,0.0,True,0.0,True,1.0,True,0.0,True,0.0,True,0.0,True,0.0,True,0.0,True,1.0,True,0.0,True,0,,True
V2_NEW_DEV,MLV2_DEV_015,Cameron Diaz,2014,癸,巳,甲,辰,甲,午,output,output,1972-08-30,02:04,-48.656000000000006,0.0,0.0,1.0,1.0,0.0,0.0,0.0,0.0,0.0,0.0,0.0,True,1.0,True,0.0,True,0.0,True,0.0,True,0.0,True,1.0,True,0.0,True,0.0,True,0.0,True,0,,True
V2_NEW_DEV,MLV2_DEV_016,Carson Daly,1998,己,丑,乙,卯,戊,寅,officer,peer,1973-06-22,08:12,-53.96800000000002,0.0,1.0,0.0,0.0,0.0,0.0,1.0,0.0,0.0,0.0,0.0,True,0.0,True,0.0,True,1.0,True,0.0,True,1.0,True,0.0,True,0.0,True,0.0,True,0.0,True,0,,True
V2_NEW_DEV,MLV2_DEV_016,Carson Daly,2002,己,丑,乙,卯,壬,午,officer,wealth,1973-06-22,08:12,-53.96800000000002,0.0,0.0,0.0,0.0,0.0,1.0,1.0,0.0,0.0,0.0,0.0,True,0.0,True,0.0,True,1.0,True,0.0,True,0.0,True,0.0,True,1.0,True,0.0,True,0.0,True,0,,True
V2_NEW_DEV,MLV2_DEV_016,Carson Daly,2019,己,丑,癸,丑,己,亥,wealth,peer,1973-06-22,08:12,-53.96800000000002,0.0,1.0,0.0,0.0,1.0,0.0,0.0,0.0,0.0,0.0,0.0,True,0.0,True,1.0,True,0.0,True,0.0,True,1.0,True,0.0,True,0.0,True,0.0,True,0.0,True,0,,True
V2_NEW_DEV,MLV2_DEV_017,Cher,1971,甲,午,庚,寅,辛,亥,officer,officer,1946-05-20,07:42,17.73599999999999,0.0,0.0,0.0,0.0,0.0,0.0,1.0,1.0,0.0,0.0,0.0,True,0.0,True,0.0,True,1.0,True,0.0,True,0.0,True,0.0,True,0.0,True,1.0,True,0.0,True,0,,True
V2_NEW_DEV,MLV2_DEV_017,Cher,1977,甲,午,庚,寅,丁,巳,officer,output,1946-05-20,07:42,17.73599999999999,0.0,0.0,0.0,1.0,0.0,0.0,1.0,0.0,0.0,0.0,0.0,True,0.0,True,0.0,True,1.0,True,0.0,True,0.0,True,1.0,True,0.0,True,0.0,True,0.0,True,0,,True
V2_NEW_DEV,MLV2_DEV_017,Cher,1988,甲,午,己,丑,戊,辰,wealth,wealth,1946-05-20,07:42,17.73599999999999,0.0,0.0,0.0,0.0,1.0,1.0,0.0,0.0,0.0,0.0,0.0,True,0.0,True,1.0,True,0.0,True,0.0,True,0.0,True,0.0,True,1.0,True,0.0,True,0.0,True,0,,True
V2_NEW_DEV,MLV2_DEV_018,Cheech Marin,1978,戊,子,戊,戌,戊,午,peer,peer,1946-07-13,13:07,7.02800000000002,1.0,1.0,0.0,0.0,0.0,0.0,0.0,0.0,0.0,0.0,1.0,True,0.0,True,0.0,True,0.0,True,0.0,True,1.0,True,0.0,True,0.0,True,0.0,True,0.0,True,0,,True
V2_NEW_DEV,MLV2_DEV_018,Cheech Marin,1985,戊,子,己,亥,乙,丑,peer,officer,1946-07-13,13:07,7.02800000000002,1.0,0.0,0.0,0.0,0.0,0.0,0.0,1.0,0.0,0.0,1.0,True,0.0,True,0.0,True,0.0,True,0.0,True,0.0,True,0.0,True,0.0,True,1.0,True,0.0,True,0,,True
V2_NEW_DEV,MLV2_DEV_018,Cheech Marin,2022,戊,子,壬,寅,壬,寅,wealth,wealth,1946-07-13,13:07,7.02800000000002,0.0,0.0,0.0,0.0,1.0,1.0,0.0,0.0,0.0,0.0,0.0,True,0.0,True,1.0,True,0.0,True,0.0,True,0.0,True,0.0,True,1.0,True,0.0,True,0.0,True,0,,True
V2_NEW_DEV,MLV2_DEV_019,Cindy Crawford,1988,庚,戌,戊,子,戊,辰,resource,resource,1966-02-20,14:12,4.995999999999981,0.0,0.0,0.0,0.0,0.0,0.0,0.0,0.0,1.0,1.0,0.0,True,0.0,True,0.0,True,0.0,True,1.0,True,0.0,True,0.0,True,0.0,True,0.0,True,1.0,True,0,,True
V2_NEW_DEV,MLV2_DEV_019,Cindy Crawford,1992,庚,戌,丁,亥,壬,申,officer,output,1966-02-20,14:12,4.995999999999981,0.0,0.0,0.0,1.0,0.0,0.0,1.0,0.0,0.0,0.0,0.0,True,0.0,True,0.0,True,1.0,True,0.0,True,0.0,True,1.0,True,0.0,True,0.0,True,0.0,True,0,,True
V2_NEW_DEV,MLV2_DEV_019,Cindy Crawford,1995,庚,戌,丁,亥,乙,亥,officer,wealth,1966-02-20,14:12,4.995999999999981,0.0,0.0,0.0,0.0,0.0,1.0,1.0,0.0,0.0,0.0,0.0,True,0.0,True,0.0,True,1.0,True,0.0,True,0.0,True,0.0,True,1.0,True,0.0,True,0.0,True,0,,True
V2_NEW_DEV,MLV2_DEV_020,Cindy Sherman,1981,乙,亥,戊,辰,辛,酉,wealth,officer,1954-01-19,04:30,3.1920000000000073,0.0,0.0,0.0,0.0,1.0,0.0,0.0,1.0,0.0,0.0,0.0,True,0.0,True,1.0,True,0.0,True,0.0,True,0.0,True,0.0,True,0.0,True,1.0,True,0.0,True,0,,True
V2_NEW_DEV,MLV2_DEV_020,Cindy Sherman,1995,乙,亥,己,巳,乙,亥,wealth,peer,1954-01-19,04:30,3.1920000000000073,0.0,1.0,0.0,0.0,1.0,0.0,0.0,0.0,0.0,0.0,0.0,True,0.0,True,1.0,True,0.0,True,0.0,True,1.0,True,0.0,True,0.0,True,0.0,True,0.0,True,0,,True
V2_NEW_DEV,MLV2_DEV_020,Cindy Sherman,1997,乙,亥,己,巳,丁,丑,wealth,output,1954-01-19,04:30,3.1920000000000073,0.0,0.0,0.0,1.0,1.0,0.0,0.0,0.0,0.0,0.0,0.0,True,0.0,True,1.0,True,0.0,True,0.0,True,0.0,True,1.0,True,0.0,True,0.0,True,0.0,True,0,,True
V2_NEW_DEV,MLV2_DEV_021,Clint Eastwood,1989,辛,巳,丁,亥,己,巳,officer,resource,1930-05-31,17:25,-9.680000000000007,0.0,0.0,0.0,0.0,0.0,0.0,1.0,0.0,0.0,1.0,0.0,True,0.0,True,0.0,True,1.0,True,0.0,True,0.0,True,0.0,True,0.0,True,0.0,True,1.0,True,0,,True
V2_NEW_DEV,MLV2_DEV_021,Clint Eastwood,1992,辛,巳,戊,子,壬,申,resource,output,1930-05-31,17:25,-9.680000000000007,0.0,0.0,0.0,1.0,0.0,0.0,0.0,0.0,1.0,0.0,0.0,True,0.0,True,0.0,True,0.0,True,1.0,True,0.0,True,1.0,True,0.0,True,0.0,True,0.0,True,0,,True
V2_NEW_DEV,MLV2_DEV_021,Clint Eastwood,2005,辛,巳,己,丑,乙,酉,resource,wealth,1930-05-31,17:25,-9.680000000000007,0.0,0.0,0.0,0.0,0.0,1.0,0.0,0.0,1.0,0.0,0.0,True,0.0,True,0.0,True,0.0,True,1.0,True,0.0,True,0.0,True,1.0,True,0.0,True,0.0,True,0,,True
V2_NEW_DEV,MLV2_DEV_022,Glenn Close,1983,丁,酉,丁,未,癸,亥,peer,officer,1947-03-19,14:17,5.4839999999999804,1.0,0.0,0.0,0.0,0.0,0.0,0.0,1.0,0.0,0.0,1.0,True,0.0,True,0.0,True,0.0,True,0.0,True,0.0,True,0.0,True,0.0,True,1.0,True,0.0,True,0,,True
V2_NEW_DEV,MLV2_DEV_022,Glenn Close,2020,丁,酉,庚,戌,庚,子,wealth,wealth,1947-03-19,14:17,5.4839999999999804,0.0,0.0,0.0,0.0,1.0,1.0,0.0,0.0,0.0,0.0,0.0,True,0.0,True,1.0,True,0.0,True,0.0,True,0.0,True,0.0,True,1.0,True,0.0,True,0.0,True,0,,True
V2_NEW_DEV,MLV2_DEV_022,Glenn Close,2021,丁,酉,庚,戌,辛,丑,wealth,wealth,1947-03-19,14:17,5.4839999999999804,0.0,0.0,0.0,0.0,1.0,1.0,0.0,0.0,0.0,0.0,0.0,True,0.0,True,1.0,True,0.0,True,0.0,True,0.0,True,0.0,True,1.0,True,0.0,True,0.0,True,0,,True
V2_NEW_DEV,MLV2_DEV_023,Goldie Hawn,1970,甲,午,庚,寅,庚,戌,officer,officer,1945-11-21,09:11,-8.079999999999984,0.0,0.0,0.0,0.0,0.0,0.0,1.0,1.0,0.0,0.0,0.0,True,0.0,True,0.0,True,1.0,True,0.0,True,0.0,True,0.0,True,0.0,True,1.0,True,0.0,True,0,,True
V2_NEW_DEV,MLV2_DEV_023,Goldie Hawn,1980,甲,午,辛,卯,庚,申,officer,officer,1945-11-21,09:11,-8.079999999999984,0.0,0.0,0.0,0.0,0.0,0.0,1.0,1.0,0.0,0.0,0.0,True,0.0,True,0.0,True,1.0,True,0.0,True,0.0,True,0.0,True,0.0,True,1.0,True,0.0,True,0,,True
V2_NEW_DEV,MLV2_DEV_023,Goldie Hawn,2001,甲,午,癸,巳,辛,巳,resource,officer,1945-11-21,09:11,-8.079999999999984,0.0,0.0,0.0,0.0,0.0,0.0,0.0,1.0,1.0,0.0,0.0,True,0.0,True,0.0,True,0.0,True,1.0,True,0.0,True,0.0,True,0.0,True,1.0,True,0.0,True,0,,True
V2_NEW_DEV,MLV2_DEV_024,Gonzalo Higuain,2012,癸,巳,己,酉,壬,辰,officer,peer,1987-12-10,05:12,-77.94800000000001,0.0,1.0,0.0,0.0,0.0,0.0,1.0,0.0,0.0,0.0,0.0,True,0.0,True,0.0,True,1.0,True,0.0,True,1.0,True,0.0,True,0.0,True,0.0,True,0.0,True,0,,True
V2_NEW_DEV,MLV2_DEV_024,Gonzalo Higuain,2014,癸,巳,己,酉,甲,午,officer,output,1987-12-10,05:12,-77.94800000000001,0.0,0.0,0.0,1.0,0.0,0.0,1.0,0.0,0.0,0.0,0.0,True,0.0,True,0.0,True,1.0,True,0.0,True,0.0,True,1.0,True,0.0,True,0.0,True,0.0,True,0,,True
V2_NEW_DEV,MLV2_DEV_024,Gonzalo Higuain,2016,癸,巳,己,酉,丙,申,officer,wealth,1987-12-10,05:12,-77.94800000000001,0.0,0.0,0.0,0.0,0.0,1.0,1.0,0.0,0.0,0.0,0.0,True,0.0,True,0.0,True,1.0,True,0.0,True,0.0,True,0.0,True,1.0,True,0.0,True,0.0,True,0,,True
V2_NEW_DEV,MLV2_DEV_025,Gwyneth Paltrow,1999,辛,酉,丙,午,己,卯,officer,resource,1972-09-27,16:32,-52.97199999999998,0.0,0.0,0.0,0.0,0.0,0.0,1.0,0.0,0.0,1.0,0.0,True,0.0,True,0.0,True,1.0,True,0.0,True,0.0,True,0.0,True,0.0,True,0.0,True,1.0,True,0,,True
V2_NEW_DEV,MLV2_DEV_025,Gwyneth Paltrow,2003,辛,酉,丙,午,癸,未,officer,output,1972-09-27,16:32,-52.97199999999998,0.0,0.0,0.0,1.0,0.0,0.0,1.0,0.0,0.0,0.0,0.0,True,0.0,True,0.0,True,1.0,True,0.0,True,0.0,True,1.0,True,0.0,True,0.0,True,0.0,True,0,,True
V2_NEW_DEV,MLV2_DEV_025,Gwyneth Paltrow,2008,辛,酉,乙,巳,戊,子,wealth,resource,1972-09-27,16:32,-52.97199999999998,0.0,0.0,0.0,0.0,1.0,0.0,0.0,0.0,0.0,1.0,0.0,True,0.0,True,1.0,True,0.0,True,0.0,True,0.0,True,0.0,True,0.0,True,0.0,True,1.0,True,0,,True
V2_NEW_DEV,MLV2_DEV_026,Helen Hunt,1996,己,丑,辛,酉,丙,子,output,resource,1963-06-15,12:01,-53.57600000000002,0.0,0.0,1.0,0.0,0.0,0.0,0.0,0.0,0.0,1.0,0.0,True,1.0,True,0.0,True,0.0,True,0.0,True,0.0,True,0.0,True,0.0,True,0.0,True,1.0,True,0,,True
V2_NEW_DEV,MLV2_DEV_026,Helen Hunt,1997,己,丑,辛,酉,丁,丑,output,resource,1963-06-15,12:01,-53.57600000000002,0.0,0.0,1.0,0.0,0.0,0.0,0.0,0.0,0.0,1.0,0.0,True,1.0,True,0.0,True,0.0,True,0.0,True,0.0,True,0.0,True,0.0,True,0.0,True,1.0,True,0,,True
V2_NEW_DEV,MLV2_DEV_026,Helen Hunt,2005,己,丑,壬,戌,乙,酉,wealth,officer,1963-06-15,12:01,-53.57600000000002,0.0,0.0,0.0,0.0,1.0,0.0,0.0,1.0,0.0,0.0,0.0,True,0.0,True,1.0,True,0.0,True,0.0,True,0.0,True,0.0,True,0.0,True,1.0,True,0.0,True,0,,True
V2_NEW_DEV,MLV2_DEV_027,Jamie Lee Curtis,1978,癸,卯,辛,酉,戊,午,resource,officer,1958-11-22,08:44,7.02800000000002,0.0,0.0,0.0,0.0,0.0,0.0,0.0,1.0,1.0,0.0,0.0,True,0.0,True,0.0,True,0.0,True,1.0,True,0.0,True,0.0,True,0.0,True,1.0,True,0.0,True,0,,True
V2_NEW_DEV,MLV2_DEV_027,Jamie Lee Curtis,1999,癸,卯,己,未,己,卯,officer,officer,1958-11-22,08:44,7.02800000000002,0.0,0.0,0.0,0.0,0.0,0.0,1.0,1.0,0.0,0.0,0.0,True,0.0,True,0.0,True,1.0,True,0.0,True,0.0,True,0.0,True,0.0,True,1.0,True,0.0,True,0,,True
V2_NEW_DEV,MLV2_DEV_027,Jamie Lee Curtis,2023,癸,卯,丙,辰,癸,卯,wealth,peer,1958-11-22,08:44,7.02800000000002,0.0,1.0,0.0,0.0,1.0,0.0,0.0,0.0,0.0,0.0,0.0,True,0.0,True,1.0,True,0.0,True,0.0,True,1.0,True,0.0,True,0.0,True,0.0,True,0.0,True,0,,True
V2_NEW_DEV,MLV2_DEV_028,Jane Curtin,1975,戊,子,辛,亥,乙,卯,output,officer,1947-09-06,13:14,-45.19999999999999,0.0,0.0,1.0,0.0,0.0,0.0,0.0,1.0,0.0,0.0,0.0,True,1.0,True,0.0,True,0.0,True,0.0,True,0.0,True,0.0,True,0.0,True,1.0,True,0.0,True,0,,True
V2_NEW_DEV,MLV2_DEV_028,Jane Curtin,1984,戊,子,壬,子,甲,子,wealth,officer,1947-09-06,13:14,-45.19999999999999,0.0,0.0,0.0,0.0,1.0,0.0,0.0,1.0,0.0,0.0,0.0,True,0.0,True,1.0,True,0.0,True,0.0,True,0.0,True,0.0,True,0.0,True,1.0,True,0.0,True,0,,True
V2_NEW_DEV,MLV2_DEV_028,Jane Curtin,1990,戊,子,癸,丑,庚,午,wealth,output,1947-09-06,13:14,-45.19999999999999,0.0,0.0,0.0,1.0,1.0,0.0,0.0,0.0,0.0,0.0,0.0,True,0.0,True,1.0,True,0.0,True,0.0,True,0.0,True,1.0,True,0.0,True,0.0,True,0.0,True,0,,True
V2_NEW_DEV,MLV2_DEV_029,Jeff Bagwell,1994,丁,酉,庚,申,甲,戌,wealth,resource,1968-05-27,13:18,-44.23599999999999,0.0,0.0,0.0,0.0,1.0,0.0,0.0,0.0,0.0,1.0,0.0,True,0.0,True,1.0,True,0.0,True,0.0,True,0.0,True,0.0,True,0.0,True,0.0,True,1.0,True,0,,True
V2_NEW_DEV,MLV2_DEV_029,Jeff Bagwell,2005,丁,酉,辛,酉,乙,酉,wealth,resource,1968-05-27,13:18,-44.23599999999999,0.0,0.0,0.0,0.0,1.0,0.0,0.0,0.0,0.0,1.0,0.0,True,0.0,True,1.0,True,0.0,True,0.0,True,0.0,True,0.0,True,0.0,True,0.0,True,1.0,True,0,,True
V2_NEW_DEV,MLV2_DEV_029,Jeff Bagwell,2017,丁,酉,壬,戌,丁,酉,officer,peer,1968-05-27,13:18,-44.23599999999999,0.0,1.0,0.0,0.0,0.0,0.0,1.0,0.0,0.0,0.0,0.0,True,0.0,True,0.0,True,1.0,True,0.0,True,1.0,True,0.0,True,0.0,True,0.0,True,0.0,True,0,,True
V2_NEW_DEV,MLV2_DEV_030,Jodie Foster,1989,辛,酉,戊,申,己,巳,resource,resource,1962-11-19,08:21,7.02800000000002,0.0,0.0,0.0,0.0,0.0,0.0,0.0,0.0,1.0,1.0,0.0,True,0.0,True,0.0,True,0.0,True,1.0,True,0.0,True,0.0,True,0.0,True,0.0,True,1.0,True,0,,True
V2_NEW_DEV,MLV2_DEV_030,Jodie Foster,1992,辛,酉,戊,申,壬,申,resource,output,1962-11-19,08:21,7.02800000000002,0.0,0.0,0.0,1.0,0.0,0.0,0.0,0.0,1.0,0.0,0.0,True,0.0,True,0.0,True,0.0,True,1.0,True,0.0,True,1.0,True,0.0,True,0.0,True,0.0,True,0,,True
V2_NEW_DEV,MLV2_DEV_030,Jodie Foster,2011,辛,酉,丙,午,辛,卯,officer,peer,1962-11-19,08:21,7.02800000000002,0.0,1.0,0.0,0.0,0.0,0.0,1.0,0.0,0.0,0.0,0.0,True,0.0,True,0.0,True,1.0,True,0.0,True,1.0,True,0.0,True,0.0,True,0.0,True,0.0,True,0,,True
V2_NEW_DEV,MLV2_DEV_031,Jon Bon Jovi,1986,己,亥,乙,巳,丙,寅,officer,resource,1962-03-02,20:47,2.9359999999999786,0.0,0.0,0.0,0.0,0.0,0.0,1.0,0.0,0.0,1.0,0.0,True,0.0,True,0.0,True,1.0,True,0.0,True,0.0,True,0.0,True,0.0,True,0.0,True,1.0,True,0,,True
V2_NEW_DEV,MLV2_DEV_031,Jon Bon Jovi,1990,己,亥,乙,巳,庚,午,officer,output,1962-03-02,20:47,2.9359999999999786,0.0,0.0,0.0,1.0,0.0,0.0,1.0,0.0,0.0,0.0,0.0,True,0.0,True,0.0,True,1.0,True,0.0,True,0.0,True,1.0,True,0.0,True,0.0,True,0.0,True,0,,True
V2_NEW_DEV,MLV2_DEV_031,Jon Bon Jovi,2018,己,亥,戊,申,戊,戌,peer,peer,1962-03-02,20:47,2.9359999999999786,1.0,1.0,0.0,0.0,0.0,0.0,0.0,0.0,0.0,0.0,1.0,True,0.0,True,0.0,True,0.0,True,0.0,True,1.0,True,0.0,True,0.0,True,0.0,True,0.0,True,0,,True
V2_NEW_DEV,MLV2_DEV_032,Jon Huntsman,2005,癸,丑,甲,申,乙,酉,output,output,1960-03-26,11:49,-8.911999999999978,0.0,0.0,1.0,1.0,0.0,0.0,0.0,0.0,0.0,0.0,0.0,True,1.0,True,0.0,True,0.0,True,0.0,True,0.0,True,1.0,True,0.0,True,0.0,True,0.0,True,0,,True
V2_NEW_DEV,MLV2_DEV_032,Jon Huntsman,2009,癸,丑,甲,申,己,丑,output,officer,1960-03-26,11:49,-8.911999999999978,0.0,0.0,1.0,0.0,0.0,0.0,0.0,1.0,0.0,0.0,0.0,True,1.0,True,0.0,True,0.0,True,0.0,True,0.0,True,0.0,True,0.0,True,1.0,True,0.0,True,0,,True
V2_NEW_DEV,MLV2_DEV_032,Jon Huntsman,2012,癸,丑,甲,申,壬,辰,output,peer,1960-03-26,11:49,-8.911999999999978,0.0,1.0,1.0,0.0,0.0,0.0,0.0,0.0,0.0,0.0,0.0,True,1.0,True,0.0,True,0.0,True,0.0,True,1.0,True,0.0,True,0.0,True,0.0,True,0.0,True,0,,True
V2_NEW_DEV,MLV2_DEV_033,Kevin Costner,1991,己,卯,辛,巳,辛,未,output,output,1955-01-18,21:47,7.204000000000008,0.0,0.0,1.0,1.0,0.0,0.0,0.0,0.0,0.0,0.0,0.0,True,1.0,True,0.0,True,0.0,True,0.0,True,0.0,True,1.0,True,0.0,True,0.0,True,0.0,True,0,,True
V2_NEW_DEV,MLV2_DEV_033,Kevin Costner,1995,己,卯,辛,巳,乙,亥,output,officer,1955-01-18,21:47,7.204000000000008,0.0,0.0,1.0,0.0,0.0,0.0,0.0,1.0,0.0,0.0,0.0,True,1.0,True,0.0,True,0.0,True,0.0,True,0.0,True,0.0,True,0.0,True,1.0,True,0.0,True,0,,True
V2_NEW_DEV,MLV2_DEV_033,Kevin Costner,2018,己,卯,癸,未,戊,戌,wealth,peer,1955-01-18,21:47,7.204000000000008,0.0,1.0,0.0,0.0,1.0,0.0,0.0,0.0,0.0,0.0,0.0,True,0.0,True,1.0,True,0.0,True,0.0,True,1.0,True,0.0,True,0.0,True,0.0,True,0.0,True,0,,True
V2_NEW_DEV,MLV2_DEV_034,Kevin Kline,1989,丙,子,丙,午,己,巳,peer,output,1947-10-24,09:10,-0.8039999999999736,1.0,0.0,0.0,1.0,0.0,0.0,0.0,0.0,0.0,0.0,1.0,True,0.0,True,0.0,True,0.0,True,0.0,True,0.0,True,1.0,True,0.0,True,0.0,True,0.0,True,0,,True
V2_NEW_DEV,MLV2_DEV_034,Kevin Kline,1999,丙,子,乙,巳,己,卯,resource,output,1947-10-24,09:10,-0.8039999999999736,0.0,0.0,0.0,1.0,0.0,0.0,0.0,0.0,1.0,0.0,0.0,True,0.0,True,0.0,True,0.0,True,1.0,True,0.0,True,1.0,True,0.0,True,0.0,True,0.0,True,0,,True
V2_NEW_DEV,MLV2_DEV_034,Kevin Kline,2017,丙,子,癸,卯,丁,酉,officer,peer,1947-10-24,09:10,-0.8039999999999736,0.0,1.0,0.0,0.0,0.0,0.0,1.0,0.0,0.0,0.0,0.0,True,0.0,True,0.0,True,1.0,True,0.0,True,1.0,True,0.0,True,0.0,True,0.0,True,0.0,True,0,,True
V2_NEW_DEV,MLV2_DEV_035,Kirsten Dunst,2002,癸,未,壬,寅,壬,午,peer,peer,1982-04-30,12:03,-56.28800000000001,1.0,1.0,0.0,0.0,0.0,0.0,0.0,0.0,0.0,0.0,1.0,True,0.0,True,0.0,True,0.0,True,0.0,True,1.0,True,0.0,True,0.0,True,0.0,True,0.0,True,0,,True
V2_NEW_DEV,MLV2_DEV_035,Kirsten Dunst,2008,癸,未,壬,寅,戊,子,peer,officer,1982-04-30,12:03,-56.28800000000001,1.0,0.0,0.0,0.0,0.0,0.0,0.0,1.0,0.0,0.0,1.0,True,0.0,True,0.0,True,0.0,True,0.0,True,0.0,True,0.0,True,0.0,True,1.0,True,0.0,True,0,,True
V2_NEW_DEV,MLV2_DEV_035,Kirsten Dunst,2011,癸,未,辛,丑,辛,卯,resource,resource,1982-04-30,12:03,-56.28800000000001,0.0,0.0,0.0,0.0,0.0,0.0,0.0,0.0,1.0,1.0,0.0,True,0.0,True,0.0,True,0.0,True,1.0,True,0.0,True,0.0,True,0.0,True,0.0,True,1.0,True,0,,True
V2_NEW_DEV,MLV2_DEV_036,Laura Dern,1992,乙,巳,甲,辰,壬,申,peer,resource,1967-02-10,07:54,6.031999999999982,1.0,0.0,0.0,0.0,0.0,0.0,0.0,0.0,0.0,1.0,1.0,True,0.0,True,0.0,True,0.0,True,0.0,True,0.0,True,0.0,True,0.0,True,0.0,True,1.0,True,0,,True
V2_NEW_DEV,MLV2_DEV_036,Laura Dern,2013,乙,巳,丙,午,癸,巳,output,resource,1967-02-10,07:54,6.031999999999982,0.0,0.0,1.0,0.0,0.0,0.0,0.0,0.0,0.0,1.0,0.0,True,1.0,True,0.0,True,0.0,True,0.0,True,0.0,True,0.0,True,0.0,True,0.0,True,1.0,True,0,,True
V2_NEW_DEV,MLV2_DEV_036,Laura Dern,2020,乙,巳,丁,未,庚,子,output,officer,1967-02-10,07:54,6.031999999999982,0.0,0.0,1.0,0.0,0.0,0.0,0.0,1.0,0.0,0.0,0.0,True,1.0,True,0.0,True,0.0,True,0.0,True,0.0,True,0.0,True,0.0,True,1.0,True,0.0,True,0,,True
V2_NEW_DEV,MLV2_DEV_037,Laura Pausini,1993,丁,巳,丁,卯,癸,酉,peer,officer,1974-05-16,16:47,-12.616,1.0,0.0,0.0,0.0,0.0,0.0,0.0,1.0,0.0,0.0,1.0,True,0.0,True,0.0,True,0.0,True,0.0,True,0.0,True,0.0,True,0.0,True,1.0,True,0.0,True,0,,True
V2_NEW_DEV,MLV2_DEV_037,Laura Pausini,2002,丁,巳,丙,寅,壬,午,peer,officer,1974-05-16,16:47,-12.616,1.0,0.0,0.0,0.0,0.0,0.0,0.0,1.0,0.0,0.0,1.0,True,0.0,True,0.0,True,0.0,True,0.0,True,0.0,True,0.0,True,0.0,True,1.0,True,0.0,True,0,,True
V2_NEW_DEV,MLV2_DEV_037,Laura Pausini,2006,丁,巳,丙,寅,丙,戌,peer,peer,1974-05-16,16:47,-12.616,1.0,1.0,0.0,0.0,0.0,0.0,0.0,0.0,0.0,0.0,1.0,True,0.0,True,0.0,True,0.0,True,0.0,True,1.0,True,0.0,True,0.0,True,0.0,True,0.0,True,0,,True
V2_NEW_DEV,MLV2_DEV_038,Leonardo DiCaprio,1997,丙,辰,丁,丑,丁,丑,peer,peer,1974-11-11,02:54,7.02800000000002,1.0,1.0,0.0,0.0,0.0,0.0,0.0,0.0,0.0,0.0,1.0,True,0.0,True,0.0,True,0.0,True,0.0,True,1.0,True,0.0,True,0.0,True,0.0,True,0.0,True,0,,True
V2_NEW_DEV,MLV2_DEV_038,Leonardo DiCaprio,2000,丙,辰,丁,丑,庚,辰,peer,wealth,1974-11-11,02:54,7.02800000000002,1.0,0.0,0.0,0.0,0.0,1.0,0.0,0.0,0.0,0.0,1.0,True,0.0,True,0.0,True,0.0,True,0.0,True,0.0,True,0.0,True,1.0,True,0.0,True,0.0,True,0,,True
V2_NEW_DEV,MLV2_DEV_038,Leonardo DiCaprio,2016,丙,辰,己,卯,丙,申,output,peer,1974-11-11,02:54,7.02800000000002,0.0,1.0,1.0,0.0,0.0,0.0,0.0,0.0,0.0,0.0,0.0,True,1.0,True,0.0,True,0.0,True,0.0,True,1.0,True,0.0,True,0.0,True,0.0,True,0.0,True,0,,True
V2_NEW_DEV,MLV2_DEV_039,Leonardo Del Vecchio,1961,戊,戌,戊,寅,辛,丑,peer,output,1935-05-22,03:06,-23.247999999999998,1.0,0.0,0.0,1.0,0.0,0.0,0.0,0.0,0.0,0.0,1.0,True,0.0,True,0.0,True,0.0,True,0.0,True,0.0,True,1.0,True,0.0,True,0.0,True,0.0,True,0,,True
V2_NEW_DEV,MLV2_DEV_039,Leonardo Del Vecchio,1999,戊,戌,乙,亥,己,卯,officer,peer,1935-05-22,03:06,-23.247999999999998,0.0,1.0,0.0,0.0,0.0,0.0,1.0,0.0,0.0,0.0,0.0,True,0.0,True,0.0,True,1.0,True,0.0,True,1.0,True,0.0,True,0.0,True,0.0,True,0.0,True,0,,True
V2_NEW_DEV,MLV2_DEV_039,Leonardo Del Vecchio,2014,戊,戌,癸,酉,甲,午,wealth,officer,1935-05-22,03:06,-23.247999999999998,0.0,0.0,0.0,0.0,1.0,0.0,0.0,1.0,0.0,0.0,0.0,True,0.0,True,1.0,True,0.0,True,0.0,True,0.0,True,0.0,True,0.0,True,1.0,True,0.0,True,0,,True
V2_NEW_DEV,MLV2_DEV_040,Lisa Kudrow,1994,甲,戌,壬,戌,甲,戌,resource,peer,1963-07-30,03:44,-52.97199999999998,0.0,1.0,0.0,0.0,0.0,0.0,0.0,0.0,1.0,0.0,0.0,True,0.0,True,0.0,True,0.0,True,1.0,True,1.0,True,0.0,True,0.0,True,0.0,True,0.0,True,0,,True
V2_NEW_DEV,MLV2_DEV_040,Lisa Kudrow,1998,甲,戌,癸,亥,戊,寅,resource,wealth,1963-07-30,03:44,-52.97199999999998,0.0,0.0,0.0,0.0,0.0,1.0,0.0,0.0,1.0,0.0,0.0,True,0.0,True,0.0,True,0.0,True,1.0,True,0.0,True,0.0,True,1.0,True,0.0,True,0.0,True,0,,True
V2_NEW_DEV,MLV2_DEV_040,Lisa Kudrow,2005,甲,戌,癸,亥,乙,酉,resource,peer,1963-07-30,03:44,-52.97199999999998,0.0,1.0,0.0,0.0,0.0,0.0,0.0,0.0,1.0,0.0,0.0,True,0.0,True,0.0,True,0.0,True,1.0,True,1.0,True,0.0,True,0.0,True,0.0,True,0.0,True,0,,True
V2_NEW_DEV,MLV2_DEV_041,Lisa Ling,1999,戊,戌,癸,亥,己,卯,wealth,peer,1973-08-30,05:47,-65.31200000000001,0.0,1.0,0.0,0.0,1.0,0.0,0.0,0.0,0.0,0.0,0.0,True,0.0,True,1.0,True,0.0,True,0.0,True,1.0,True,0.0,True,0.0,True,0.0,True,0.0,True,0,,True
V2_NEW_DEV,MLV2_DEV_041,Lisa Ling,2014,戊,戌,甲,子,甲,午,officer,officer,1973-08-30,05:47,-65.31200000000001,0.0,0.0,0.0,0.0,0.0,0.0,1.0,1.0,0.0,0.0,0.0,True,0.0,True,0.0,True,1.0,True,0.0,True,0.0,True,0.0,True,0.0,True,1.0,True,0.0,True,0,,True
V2_NEW_DEV,MLV2_DEV_041,Lisa Ling,2022,戊,戌,乙,丑,壬,寅,officer,wealth,1973-08-30,05:47,-65.31200000000001,0.0,0.0,0.0,0.0,0.0,1.0,1.0,0.0,0.0,0.0,0.0,True,0.0,True,0.0,True,1.0,True,0.0,True,0.0,True,0.0,True,1.0,True,0.0,True,0.0,True,0,,True
V2_NEW_DEV,MLV2_DEV_042,Mark Knopfler,1985,甲,戌,戊,辰,乙,丑,wealth,peer,1949-08-12,20:32,-77.02799999999999,0.0,1.0,0.0,0.0,1.0,0.0,0.0,0.0,0.0,0.0,0.0,True,0.0,True,1.0,True,0.0,True,0.0,True,1.0,True,0.0,True,0.0,True,0.0,True,0.0,True,0,,True
V2_NEW_DEV,MLV2_DEV_042,Mark Knopfler,1995,甲,戌,丁,卯,乙,亥,output,peer,1949-08-12,20:32,-77.02799999999999,0.0,1.0,1.0,0.0,0.0,0.0,0.0,0.0,0.0,0.0,0.0,True,1.0,True,0.0,True,0.0,True,0.0,True,1.0,True,0.0,True,0.0,True,0.0,True,0.0,True,0,,True
V2_NEW_DEV,MLV2_DEV_042,Mark Knopfler,2018,甲,戌,乙,丑,戊,戌,peer,wealth,1949-08-12,20:32,-77.02799999999999,1.0,0.0,0.0,0.0,0.0,1.0,0.0,0.0,0.0,0.0,1.0,True,0.0,True,0.0,True,0.0,True,0.0,True,0.0,True,0.0,True,1.0,True,0.0,True,0.0,True,0,,True
V2_NEW_DEV,MLV2_DEV_043,Mark Spitz,1968,丙,子,庚,辰,戊,申,wealth,output,1950-02-10,17:40,-4.007999999999981,0.0,0.0,0.0,1.0,1.0,0.0,0.0,0.0,0.0,0.0,0.0,True,0.0,True,1.0,True,0.0,True,0.0,True,0.0,True,1.0,True,0.0,True,0.0,True,0.0,True,0,,True
V2_NEW_DEV,MLV2_DEV_043,Mark Spitz,1972,丙,子,庚,辰,壬,子,wealth,officer,1950-02-10,17:40,-4.007999999999981,0.0,0.0,0.0,0.0,1.0,0.0,0.0,1.0,0.0,0.0,0.0,True,0.0,True,1.0,True,0.0,True,0.0,True,0.0,True,0.0,True,0.0,True,1.0,True,0.0,True,0,,True
V2_NEW_DEV,MLV2_DEV_043,Mark Spitz,1992,丙,子,壬,午,壬,申,officer,officer,1950-02-10,17:40,-4.007999999999981,0.0,0.0,0.0,0.0,0.0,0.0,1.0,1.0,0.0,0.0,0.0,True,0.0,True,0.0,True,1.0,True,0.0,True,0.0,True,0.0,True,0.0,True,1.0,True,0.0,True,0,,True
V2_NEW_DEV,MLV2_DEV_044,Matthew McConaughey,2005,癸,未,辛,未,乙,酉,resource,output,1969-11-04,18:54,-39.148000000000025,0.0,0.0,0.0,1.0,0.0,0.0,0.0,0.0,1.0,0.0,0.0,True,0.0,True,0.0,True,0.0,True,1.0,True,0.0,True,1.0,True,0.0,True,0.0,True,0.0,True,0,,True
V2_NEW_DEV,MLV2_DEV_044,Matthew McConaughey,2013,癸,未,庚,午,癸,巳,resource,peer,1969-11-04,18:54,-39.148000000000025,0.0,1.0,0.0,0.0,0.0,0.0,0.0,0.0,1.0,0.0,0.0,True,0.0,True,0.0,True,0.0,True,1.0,True,1.0,True,0.0,True,0.0,True,0.0,True,0.0,True,0,,True
V2_NEW_DEV,MLV2_DEV_044,Matthew McConaughey,2014,癸,未,庚,午,甲,午,resource,output,1969-11-04,18:54,-39.148000000000025,0.0,0.0,0.0,1.0,0.0,0.0,0.0,0.0,1.0,0.0,0.0,True,0.0,True,0.0,True,0.0,True,1.0,True,0.0,True,1.0,True,0.0,True,0.0,True,0.0,True,0,,True
V2_NEW_DEV,MLV2_DEV_045,Michelle Pfeiffer,1989,丙,子,癸,丑,己,巳,officer,output,1958-04-29,07:19,-51.48000000000002,0.0,0.0,0.0,1.0,0.0,0.0,1.0,0.0,0.0,0.0,0.0,True,0.0,True,0.0,True,1.0,True,0.0,True,0.0,True,1.0,True,0.0,True,0.0,True,0.0,True,0,,True
V2_NEW_DEV,MLV2_DEV_045,Michelle Pfeiffer,1992,丙,子,癸,丑,壬,申,officer,officer,1958-04-29,07:19,-51.48000000000002,0.0,0.0,0.0,0.0,0.0,0.0,1.0,1.0,0.0,0.0,0.0,True,0.0,True,0.0,True,1.0,True,0.0,True,0.0,True,0.0,True,0.0,True,1.0,True,0.0,True,0,,True
V2_NEW_DEV,MLV2_DEV_045,Michelle Pfeiffer,2013,丙,子,辛,亥,癸,巳,wealth,officer,1958-04-29,07:19,-51.48000000000002,0.0,0.0,0.0,0.0,1.0,0.0,0.0,1.0,0.0,0.0,0.0,True,0.0,True,1.0,True,0.0,True,0.0,True,0.0,True,0.0,True,0.0,True,1.0,True,0.0,True,0,,True
V2_NEW_DEV,MLV2_DEV_046,Milton Nascimento,1972,壬,子,癸,丑,壬,子,peer,peer,1942-10-26,18:07,7.283999999999992,1.0,1.0,0.0,0.0,0.0,0.0,0.0,0.0,0.0,0.0,1.0,True,0.0,True,0.0,True,0.0,True,0.0,True,1.0,True,0.0,True,0.0,True,0.0,True,0.0,True,0,,True
V2_NEW_DEV,MLV2_DEV_046,Milton Nascimento,1998,壬,子,丙,辰,戊,寅,wealth,officer,1942-10-26,18:07,7.283999999999992,0.0,0.0,0.0,0.0,1.0,0.0,0.0,1.0,0.0,0.0,0.0,True,0.0,True,1.0,True,0.0,True,0.0,True,0.0,True,0.0,True,0.0,True,1.0,True,0.0,True,0,,True
V2_NEW_DEV,MLV2_DEV_046,Milton Nascimento,2022,壬,子,戊,午,壬,寅,officer,peer,1942-10-26,18:07,7.283999999999992,0.0,1.0,0.0,0.0,0.0,0.0,1.0,0.0,0.0,0.0,0.0,True,0.0,True,0.0,True,1.0,True,0.0,True,1.0,True,0.0,True,0.0,True,0.0,True,0.0,True,0,,True
V2_NEW_DEV,MLV2_DEV_047,Paul Molitor,1984,辛,酉,己,亥,甲,子,resource,wealth,1956-08-22,02:10,-72.37599999999998,0.0,0.0,0.0,0.0,0.0,1.0,0.0,0.0,1.0,0.0,0.0,True,0.0,True,0.0,True,0.0,True,1.0,True,0.0,True,0.0,True,1.0,True,0.0,True,0.0,True,0,,True
V2_NEW_DEV,MLV2_DEV_047,Paul Molitor,1993,辛,酉,庚,子,癸,酉,peer,output,1956-08-22,02:10,-72.37599999999998,1.0,0.0,0.0,1.0,0.0,0.0,0.0,0.0,0.0,0.0,1.0,True,0.0,True,0.0,True,0.0,True,0.0,True,0.0,True,1.0,True,0.0,True,0.0,True,0.0,True,0,,True
V2_NEW_DEV,MLV2_DEV_047,Paul Molitor,2004,辛,酉,辛,丑,甲,申,peer,wealth,1956-08-22,02:10,-72.37599999999998,1.0,0.0,0.0,0.0,0.0,1.0,0.0,0.0,0.0,0.0,1.0,True,0.0,True,0.0,True,0.0,True,0.0,True,0.0,True,0.0,True,1.0,True,0.0,True,0.0,True,0,,True
V2_NEW_DEV,MLV2_DEV_048,Robin Quivers,1981,丙,戌,乙,巳,辛,酉,resource,wealth,1952-08-08,04:23,-66.44799999999998,0.0,0.0,0.0,0.0,0.0,1.0,0.0,0.0,1.0,0.0,0.0,True,0.0,True,0.0,True,0.0,True,1.0,True,0.0,True,0.0,True,1.0,True,0.0,True,0.0,True,0,,True
V2_NEW_DEV,MLV2_DEV_048,Robin Quivers,1990,丙,戌,甲,辰,庚,午,resource,wealth,1952-08-08,04:23,-66.44799999999998,0.0,0.0,0.0,0.0,0.0,1.0,0.0,0.0,1.0,0.0,0.0,True,0.0,True,0.0,True,0.0,True,1.0,True,0.0,True,0.0,True,1.0,True,0.0,True,0.0,True,0,,True
V2_NEW_DEV,MLV2_DEV_048,Robin Quivers,2012,丙,戌,辛,丑,壬,辰,wealth,officer,1952-08-08,04:23,-66.44799999999998,0.0,0.0,0.0,0.0,1.0,0.0,0.0,1.0,0.0,0.0,0.0,True,0.0,True,1.0,True,0.0,True,0.0,True,0.0,True,0.0,True,0.0,True,1.0,True,0.0,True,0,,True
V2_NEW_DEV,MLV2_DEV_049,Sally Field,1980,甲,申,乙,未,庚,申,peer,officer,1946-11-06,04:30,7.435999999999979,1.0,0.0,0.0,0.0,0.0,0.0,0.0,1.0,0.0,0.0,1.0,True,0.0,True,0.0,True,0.0,True,0.0,True,0.0,True,0.0,True,0.0,True,1.0,True,0.0,True,0,,True
V2_NEW_DEV,MLV2_DEV_049,Sally Field,1985,甲,申,甲,午,乙,丑,peer,peer,1946-11-06,04:30,7.435999999999979,1.0,1.0,0.0,0.0,0.0,0.0,0.0,0.0,0.0,0.0,1.0,True,0.0,True,0.0,True,0.0,True,0.0,True,1.0,True,0.0,True,0.0,True,0.0,True,0.0,True,0,,True
V2_NEW_DEV,MLV2_DEV_049,Sally Field,1996,甲,申,癸,巳,丙,子,resource,output,1946-11-06,04:30,7.435999999999979,0.0,0.0,0.0,1.0,0.0,0.0,0.0,0.0,1.0,0.0,0.0,True,0.0,True,0.0,True,0.0,True,1.0,True,0.0,True,1.0,True,0.0,True,0.0,True,0.0,True,0,,True
V2_NEW_DEV,MLV2_DEV_050,Sigourney Weaver,1979,辛,未,丁,丑,己,未,officer,resource,1949-10-08,18:18,3.97199999999998,0.0,0.0,0.0,0.0,0.0,0.0,1.0,0.0,0.0,1.0,0.0,True,0.0,True,0.0,True,1.0,True,0.0,True,0.0,True,0.0,True,0.0,True,0.0,True,1.0,True,0,,True
V2_NEW_DEV,MLV2_DEV_050,Sigourney Weaver,1987,辛,未,丁,丑,丁,卯,officer,officer,1949-10-08,18:18,3.97199999999998,0.0,0.0,0.0,0.0,0.0,0.0,1.0,1.0,0.0,0.0,0.0,True,0.0,True,0.0,True,1.0,True,0.0,True,0.0,True,0.0,True,0.0,True,1.0,True,0.0,True,0,,True
V2_NEW_DEV,MLV2_DEV_050,Sigourney Weaver,1997,辛,未,戊,寅,丁,丑,resource,officer,1949-10-08,18:18,3.97199999999998,0.0,0.0,0.0,0.0,0.0,0.0,0.0,1.0,1.0,0.0,0.0,True,0.0,True,0.0,True,0.0,True,1.0,True,0.0,True,0.0,True,0.0,True,1.0,True,0.0,True,0,,True
V2_NEW_DEV,MLV2_DEV_051,Steve Martin,1977,乙,卯,庚,辰,丁,巳,officer,output,1945-08-14,04:25,-88.51999999999998,0.0,0.0,0.0,1.0,0.0,0.0,1.0,0.0,0.0,0.0,0.0,True,0.0,True,0.0,True,1.0,True,0.0,True,0.0,True,1.0,True,0.0,True,0.0,True,0.0,True,0,,True
V2_NEW_DEV,MLV2_DEV_051,Steve Martin,2011,乙,卯,丁,丑,辛,卯,output,officer,1945-08-14,04:25,-88.51999999999998,0.0,0.0,1.0,0.0,0.0,0.0,0.0,1.0,0.0,0.0,0.0,True,1.0,True,0.0,True,0.0,True,0.0,True,0.0,True,0.0,True,0.0,True,1.0,True,0.0,True,0,,True
V2_NEW_DEV,MLV2_DEV_051,Steve Martin,2013,乙,卯,丁,丑,癸,巳,output,resource,1945-08-14,04:25,-88.51999999999998,0.0,0.0,1.0,0.0,0.0,0.0,0.0,0.0,0.0,1.0,0.0,True,1.0,True,0.0,True,0.0,True,0.0,True,0.0,True,0.0,True,0.0,True,0.0,True,1.0,True,0,,True
V2_NEW_DEV,MLV2_DEV_052,Steve Miller,1973,丙,申,戊,午,癸,丑,output,officer,1943-10-05,09:39,-51.636000000000024,0.0,0.0,1.0,0.0,0.0,0.0,0.0,1.0,0.0,0.0,0.0,True,1.0,True,0.0,True,0.0,True,0.0,True,0.0,True,0.0,True,0.0,True,1.0,True,0.0,True,0,,True
V2_NEW_DEV,MLV2_DEV_052,Steve Miller,1993,丙,申,丙,辰,癸,酉,peer,officer,1943-10-05,09:39,-51.636000000000024,1.0,0.0,0.0,0.0,0.0,0.0,0.0,1.0,0.0,0.0,1.0,True,0.0,True,0.0,True,0.0,True,0.0,True,0.0,True,0.0,True,0.0,True,1.0,True,0.0,True,0,,True
V2_NEW_DEV,MLV2_DEV_052,Steve Miller,2016,丙,申,甲,寅,丙,申,resource,peer,1943-10-05,09:39,-51.636000000000024,0.0,1.0,0.0,0.0,0.0,0.0,0.0,0.0,1.0,0.0,0.0,True,0.0,True,0.0,True,0.0,True,1.0,True,1.0,True,0.0,True,0.0,True,0.0,True,0.0,True,0,,True
V2_NEW_DEV,MLV2_DEV_053,Steve Perry,1981,壬,子,戊,辰,辛,酉,officer,resource,1949-01-22,18:06,1.4159999999999968,0.0,0.0,0.0,0.0,0.0,0.0,1.0,0.0,0.0,1.0,0.0,True,0.0,True,0.0,True,1.0,True,0.0,True,0.0,True,0.0,True,0.0,True,0.0,True,1.0,True,0,,True
V2_NEW_DEV,MLV2_DEV_053,Steve Perry,1984,壬,子,己,巳,甲,子,officer,output,1949-01-22,18:06,1.4159999999999968,0.0,0.0,0.0,1.0,0.0,0.0,1.0,0.0,0.0,0.0,0.0,True,0.0,True,0.0,True,1.0,True,0.0,True,0.0,True,1.0,True,0.0,True,0.0,True,0.0,True,0,,True
V2_NEW_DEV,MLV2_DEV_053,Steve Perry,1987,壬,子,己,巳,丁,卯,officer,wealth,1949-01-22,18:06,1.4159999999999968,0.0,0.0,0.0,0.0,0.0,1.0,1.0,0.0,0.0,0.0,0.0,True,0.0,True,0.0,True,1.0,True,0.0,True,0.0,True,0.0,True,1.0,True,0.0,True,0.0,True,0,,True
V2_NEW_DEV,MLV2_DEV_054,Uma Thurman,1994,己,卯,戊,寅,甲,戌,peer,officer,1970-04-29,13:06,-44.23599999999999,1.0,0.0,0.0,0.0,0.0,0.0,0.0,1.0,0.0,0.0,1.0,True,0.0,True,0.0,True,0.0,True,0.0,True,0.0,True,0.0,True,0.0,True,1.0,True,0.0,True,0,,True
V2_NEW_DEV,MLV2_DEV_054,Uma Thurman,1997,己,卯,戊,寅,丁,丑,peer,resource,1970-04-29,13:06,-44.23599999999999,1.0,0.0,0.0,0.0,0.0,0.0,0.0,0.0,0.0,1.0,1.0,True,0.0,True,0.0,True,0.0,True,0.0,True,0.0,True,0.0,True,0.0,True,0.0,True,1.0,True,0,,True
V2_NEW_DEV,MLV2_DEV_054,Uma Thurman,2003,己,卯,丁,丑,癸,未,resource,wealth,1970-04-29,13:06,-44.23599999999999,0.0,0.0,0.0,0.0,0.0,1.0,0.0,0.0,1.0,0.0,0.0,True,0.0,True,0.0,True,0.0,True,1.0,True,0.0,True,0.0,True,1.0,True,0.0,True,0.0,True,0,,True
V2_NEW_DEV,MLV2_DEV_055,Umberto Eco,1980,乙,丑,丙,申,庚,申,output,officer,1932-01-05,18:04,-25.531999999999996,0.0,0.0,1.0,0.0,0.0,0.0,0.0,1.0,0.0,0.0,0.0,True,1.0,True,0.0,True,0.0,True,0.0,True,0.0,True,0.0,True,0.0,True,1.0,True,0.0,True,0,,True
V2_NEW_DEV,MLV2_DEV_055,Umberto Eco,1988,乙,丑,乙,未,戊,辰,peer,wealth,1932-01-05,18:04,-25.531999999999996,1.0,0.0,0.0,0.0,0.0,1.0,0.0,0.0,0.0,0.0,1.0,True,0.0,True,0.0,True,0.0,True,0.0,True,0.0,True,0.0,True,1.0,True,0.0,True,0.0,True,0,,True
V2_NEW_DEV,MLV2_DEV_055,Umberto Eco,2015,乙,丑,壬,辰,乙,未,resource,peer,1932-01-05,18:04,-25.531999999999996,0.0,1.0,0.0,0.0,0.0,0.0,0.0,0.0,1.0,0.0,0.0,True,0.0,True,0.0,True,0.0,True,1.0,True,1.0,True,0.0,True,0.0,True,0.0,True,0.0,True,0,,True
V2_NEW_DEV,MLV2_DEV_056,Denzel Washington,1990,戊,午,庚,辰,庚,午,output,output,1954-12-28,00:13,4.651999999999987,0.0,0.0,1.0,1.0,0.0,0.0,0.0,0.0,0.0,0.0,0.0,True,1.0,True,0.0,True,0.0,True,0.0,True,0.0,True,1.0,True,0.0,True,0.0,True,0.0,True,0,,True
V2_NEW_DEV,MLV2_DEV_056,Denzel Washington,1995,戊,午,庚,辰,乙,亥,output,officer,1954-12-28,00:13,4.651999999999987,0.0,0.0,1.0,0.0,0.0,0.0,0.0,1.0,0.0,0.0,0.0,True,1.0,True,0.0,True,0.0,True,0.0,True,0.0,True,0.0,True,0.0,True,1.0,True,0.0,True,0,,True
V2_NEW_DEV,MLV2_DEV_056,Denzel Washington,2002,戊,午,辛,巳,壬,午,output,wealth,1954-12-28,00:13,4.651999999999987,0.0,0.0,1.0,0.0,0.0,1.0,0.0,0.0,0.0,0.0,0.0,True,1.0,True,0.0,True,0.0,True,0.0,True,0.0,True,0.0,True,1.0,True,0.0,True,0.0,True,0,,True
V2_NEW_DEV,MLV2_DEV_057,Diane Keaton,1977,己,卯,壬,辰,丁,巳,wealth,resource,1946-01-05,02:56,7.02800000000002,0.0,0.0,0.0,0.0,1.0,0.0,0.0,0.0,0.0,1.0,0.0,True,0.0,True,1.0,True,0.0,True,0.0,True,0.0,True,0.0,True,0.0,True,0.0,True,1.0,True,0,,True
V2_NEW_DEV,MLV2_DEV_057,Diane Keaton,1996,己,卯,甲,午,丙,子,officer,resource,1946-01-05,02:56,7.02800000000002,0.0,0.0,0.0,0.0,0.0,0.0,1.0,0.0,0.0,1.0,0.0,True,0.0,True,0.0,True,1.0,True,0.0,True,0.0,True,0.0,True,0.0,True,0.0,True,1.0,True,0,,True
V2_NEW_DEV,MLV2_DEV_057,Diane Keaton,2007,己,卯,乙,未,丁,亥,officer,resource,1946-01-05,02:56,7.02800000000002,0.0,0.0,0.0,0.0,0.0,0.0,1.0,0.0,0.0,1.0,0.0,True,0.0,True,0.0,True,1.0,True,0.0,True,0.0,True,0.0,True,0.0,True,0.0,True,1.0,True,0,,True
V2_NEW_DEV,MLV2_DEV_058,George Takei,1966,丁,丑,辛,丑,丙,午,wealth,peer,1937-04-20,02:17,7.02800000000002,0.0,1.0,0.0,0.0,1.0,0.0,0.0,0.0,0.0,0.0,0.0,True,0.0,True,1.0,True,0.0,True,0.0,True,1.0,True,0.0,True,0.0,True,0.0,True,0.0,True,0,,True
V2_NEW_DEV,MLV2_DEV_058,George Takei,1969,丁,丑,辛,丑,己,酉,wealth,output,1937-04-20,02:17,7.02800000000002,0.0,0.0,0.0,1.0,1.0,0.0,0.0,0.0,0.0,0.0,0.0,True,0.0,True,1.0,True,0.0,True,0.0,True,0.0,True,1.0,True,0.0,True,0.0,True,0.0,True,0,,True
V2_NEW_DEV,MLV2_DEV_058,George Takei,1986,丁,丑,己,亥,丙,寅,output,peer,1937-04-20,02:17,7.02800000000002,0.0,1.0,1.0,0.0,0.0,0.0,0.0,0.0,0.0,0.0,0.0,True,1.0,True,0.0,True,0.0,True,0.0,True,1.0,True,0.0,True,0.0,True,0.0,True,0.0,True,0,,True
V2_NEW_DEV,MLV2_DEV_059,Angus Young,1980,辛,卯,丁,丑,庚,申,officer,peer,1955-03-31,19:52,-17.028,0.0,1.0,0.0,0.0,0.0,0.0,1.0,0.0,0.0,0.0,0.0,True,0.0,True,0.0,True,1.0,True,0.0,True,1.0,True,0.0,True,0.0,True,0.0,True,0.0,True,0,,True
V2_NEW_DEV,MLV2_DEV_059,Angus Young,2003,辛,卯,甲,戌,癸,未,wealth,output,1955-03-31,19:52,-17.028,0.0,0.0,0.0,1.0,1.0,0.0,0.0,0.0,0.0,0.0,0.0,True,0.0,True,1.0,True,0.0,True,0.0,True,0.0,True,1.0,True,0.0,True,0.0,True,0.0,True,0,,True
V2_NEW_DEV,MLV2_DEV_059,Angus Young,2014,辛,卯,癸,酉,甲,午,output,wealth,1955-03-31,19:52,-17.028,0.0,0.0,1.0,0.0,0.0,1.0,0.0,0.0,0.0,0.0,0.0,True,1.0,True,0.0,True,0.0,True,0.0,True,0.0,True,0.0,True,1.0,True,0.0,True,0.0,True,0,,True
V2_NEW_DEV,MLV2_DEV_059,Angus Young,2016,辛,卯,癸,酉,丙,申,output,officer,1955-03-31,19:52,-17.028,0.0,0.0,1.0,0.0,0.0,0.0,0.0,1.0,0.0,0.0,0.0,True,1.0,True,0.0,True,0.0,True,0.0,True,0.0,True,0.0,True,0.0,True,1.0,True,0.0,True,0,,True
V2_NEW_DEV,MLV2_DEV_060,Serge Gainsbourg,1969,壬,申,庚,申,己,酉,resource,officer,1928-04-02,05:04,9.404,0.0,0.0,0.0,0.0,0.0,0.0,0.0,1.0,1.0,0.0,0.0,True,0.0,True,0.0,True,0.0,True,1.0,True,0.0,True,0.0,True,0.0,True,1.0,True,0.0,True,0,,True
V2_NEW_DEV,MLV2_DEV_060,Serge Gainsbourg,1979,壬,申,辛,酉,己,未,resource,officer,1928-04-02,05:04,9.404,0.0,0.0,0.0,0.0,0.0,0.0,0.0,1.0,1.0,0.0,0.0,True,0.0,True,0.0,True,0.0,True,1.0,True,0.0,True,0.0,True,0.0,True,1.0,True,0.0,True,0,,True
V2_NEW_DEV,MLV2_DEV_060,Serge Gainsbourg,1986,壬,申,辛,酉,丙,寅,resource,wealth,1928-04-02,05:04,9.404,0.0,0.0,0.0,0.0,0.0,1.0,0.0,0.0,1.0,0.0,0.0,True,0.0,True,0.0,True,0.0,True,1.0,True,0.0,True,0.0,True,1.0,True,0.0,True,0.0,True,0,,True
V2_NEW_DEV,MLV2_DEV_060,Serge Gainsbourg,1991,壬,申,壬,戌,辛,未,peer,resource,1928-04-02,05:04,9.404,1.0,0.0,0.0,0.0,0.0,0.0,0.0,0.0,0.0,1.0,1.0,True,0.0,True,0.0,True,0.0,True,0.0,True,0.0,True,0.0,True,0.0,True,0.0,True,1.0,True,0,,True
V2_NEW_DEV,MLV2_DEV_061,Al Jarreau,1981,甲,寅,癸,未,辛,酉,resource,officer,1940-03-12,01:28,8.363999999999976,0.0,0.0,0.0,0.0,0.0,0.0,0.0,1.0,1.0,0.0,0.0,True,0.0,True,0.0,True,0.0,True,1.0,True,0.0,True,0.0,True,0.0,True,1.0,True,0.0,True,0,,True
V2_NEW_DEV,MLV2_DEV_061,Al Jarreau,1987,甲,寅,癸,未,丁,卯,resource,output,1940-03-12,01:28,8.363999999999976,0.0,0.0,0.0,1.0,0.0,0.0,0.0,0.0,1.0,0.0,0.0,True,0.0,True,0.0,True,0.0,True,1.0,True,0.0,True,1.0,True,0.0,True,0.0,True,0.0,True,0,,True
V2_NEW_DEV,MLV2_DEV_061,Al Jarreau,2010,甲,寅,丙,戌,庚,寅,output,officer,1940-03-12,01:28,8.363999999999976,0.0,0.0,1.0,0.0,0.0,0.0,0.0,1.0,0.0,0.0,0.0,True,1.0,True,0.0,True,0.0,True,0.0,True,0.0,True,0.0,True,0.0,True,1.0,True,0.0,True,0,,True
V2_NEW_DEV,MLV2_DEV_061,Al Jarreau,2017,甲,寅,丙,戌,丁,酉,output,output,1940-03-12,01:28,8.363999999999976,0.0,0.0,1.0,1.0,0.0,0.0,0.0,0.0,0.0,0.0,0.0,True,1.0,True,0.0,True,0.0,True,0.0,True,0.0,True,1.0,True,0.0,True,0.0,True,0.0,True,0,,True
V2_NEW_DEV,MLV2_DEV_062,Al Unser,1970,丙,寅,丙,寅,庚,戌,peer,wealth,1939-05-29,08:03,-6.596000000000004,1.0,0.0,0.0,0.0,0.0,1.0,0.0,0.0,0.0,0.0,1.0,True,0.0,True,0.0,True,0.0,True,0.0,True,0.0,True,0.0,True,1.0,True,0.0,True,0.0,True,0,,True
V2_NEW_DEV,MLV2_DEV_062,Al Unser,1987,丙,寅,甲,子,丁,卯,resource,peer,1939-05-29,08:03,-6.596000000000004,0.0,1.0,0.0,0.0,0.0,0.0,0.0,0.0,1.0,0.0,0.0,True,0.0,True,0.0,True,0.0,True,1.0,True,1.0,True,0.0,True,0.0,True,0.0,True,0.0,True,0,,True
V2_NEW_DEV,MLV2_DEV_062,Al Unser,1993,丙,寅,甲,子,癸,酉,resource,officer,1939-05-29,08:03,-6.596000000000004,0.0,0.0,0.0,0.0,0.0,0.0,0.0,1.0,1.0,0.0,0.0,True,0.0,True,0.0,True,0.0,True,1.0,True,0.0,True,0.0,True,0.0,True,1.0,True,0.0,True,0,,True
V2_NEW_DEV,MLV2_DEV_063,John Krasinski,2005,庚,申,辛,未,乙,酉,peer,wealth,1979-10-20,19:59,-44.84800000000001,1.0,0.0,0.0,0.0,0.0,1.0,0.0,0.0,0.0,0.0,1.0,True,0.0,True,0.0,True,0.0,True,0.0,True,0.0,True,0.0,True,1.0,True,0.0,True,0.0,True,0,,True
V2_NEW_DEV,MLV2_DEV_063,John Krasinski,2016,庚,申,庚,午,丙,申,peer,officer,1979-10-20,19:59,-44.84800000000001,1.0,0.0,0.0,0.0,0.0,0.0,0.0,1.0,0.0,0.0,1.0,True,0.0,True,0.0,True,0.0,True,0.0,True,0.0,True,0.0,True,0.0,True,1.0,True,0.0,True,0,,True
V2_NEW_DEV,MLV2_DEV_063,John Krasinski,2018,庚,申,庚,午,戊,戌,peer,resource,1979-10-20,19:59,-44.84800000000001,1.0,0.0,0.0,0.0,0.0,0.0,0.0,0.0,0.0,1.0,1.0,True,0.0,True,0.0,True,0.0,True,0.0,True,0.0,True,0.0,True,0.0,True,0.0,True,1.0,True,0,,True
V2_NEW_DEV,MLV2_DEV_064,Steve Fossett,1998,丙,辰,甲,戌,戊,寅,resource,output,1944-04-22,01:02,-55.27600000000001,0.0,0.0,0.0,1.0,0.0,0.0,0.0,0.0,1.0,0.0,0.0,True,0.0,True,0.0,True,0.0,True,1.0,True,0.0,True,1.0,True,0.0,True,0.0,True,0.0,True,0,,True
V2_NEW_DEV,MLV2_DEV_064,Steve Fossett,2002,丙,辰,甲,戌,壬,午,resource,officer,1944-04-22,01:02,-55.27600000000001,0.0,0.0,0.0,0.0,0.0,0.0,0.0,1.0,1.0,0.0,0.0,True,0.0,True,0.0,True,0.0,True,1.0,True,0.0,True,0.0,True,0.0,True,1.0,True,0.0,True,0,,True
V2_NEW_DEV,MLV2_DEV_064,Steve Fossett,2005,丙,辰,甲,戌,乙,酉,resource,resource,1944-04-22,01:02,-55.27600000000001,0.0,0.0,0.0,0.0,0.0,0.0,0.0,0.0,1.0,1.0,0.0,True,0.0,True,0.0,True,0.0,True,1.0,True,0.0,True,0.0,True,0.0,True,0.0,True,1.0,True,0,,True
V2_NEW_DEV,MLV2_DEV_064,Steve Fossett,2007,丙,辰,甲,戌,丁,亥,resource,peer,1944-04-22,01:02,-55.27600000000001,0.0,1.0,0.0,0.0,0.0,0.0,0.0,0.0,1.0,0.0,0.0,True,0.0,True,0.0,True,0.0,True,1.0,True,1.0,True,0.0,True,0.0,True,0.0,True,0.0,True,0,,True
V2_NEW_DEV,MLV2_DEV_065,Ann Jillian,1983,甲,子,辛,巳,癸,亥,officer,resource,1950-01-29,14:34,15.579999999999984,0.0,0.0,0.0,0.0,0.0,0.0,1.0,0.0,0.0,1.0,0.0,True,0.0,True,0.0,True,1.0,True,0.0,True,0.0,True,0.0,True,0.0,True,0.0,True,1.0,True,0,,True
V2_NEW_DEV,MLV2_DEV_065,Ann Jillian,1988,甲,子,辛,巳,戊,辰,officer,wealth,1950-01-29,14:34,15.579999999999984,0.0,0.0,0.0,0.0,0.0,1.0,1.0,0.0,0.0,0.0,0.0,True,0.0,True,0.0,True,1.0,True,0.0,True,0.0,True,0.0,True,1.0,True,0.0,True,0.0,True,0,,True
V2_NEW_DEV,MLV2_DEV_065,Ann Jillian,1991,甲,子,辛,巳,辛,未,officer,officer,1950-01-29,14:34,15.579999999999984,0.0,0.0,0.0,0.0,0.0,0.0,1.0,1.0,0.0,0.0,0.0,True,0.0,True,0.0,True,1.0,True,0.0,True,0.0,True,0.0,True,0.0,True,1.0,True,0.0,True,0,,True
V2_NEW_DEV,MLV2_DEV_066,Mark Hamill,1977,戊,辰,甲,午,丁,巳,officer,resource,1951-09-25,13:33,-69.08800000000002,0.0,0.0,0.0,0.0,0.0,0.0,1.0,0.0,0.0,1.0,0.0,True,0.0,True,0.0,True,1.0,True,0.0,True,0.0,True,0.0,True,0.0,True,0.0,True,1.0,True,0,,True
V2_NEW_DEV,MLV2_DEV_066,Mark Hamill,1980,戊,辰,甲,午,庚,申,officer,output,1951-09-25,13:33,-69.08800000000002,0.0,0.0,0.0,1.0,0.0,0.0,1.0,0.0,0.0,0.0,0.0,True,0.0,True,0.0,True,1.0,True,0.0,True,0.0,True,1.0,True,0.0,True,0.0,True,0.0,True,0,,True
V2_NEW_DEV,MLV2_DEV_066,Mark Hamill,2017,戊,辰,庚,寅,丁,酉,output,resource,1951-09-25,13:33,-69.08800000000002,0.0,0.0,1.0,0.0,0.0,0.0,0.0,0.0,0.0,1.0,0.0,True,1.0,True,0.0,True,0.0,True,0.0,True,0.0,True,0.0,True,0.0,True,0.0,True,1.0,True,0,,True
V2_NEW_DEV,MLV2_DEV_067,John Nash,1950,甲,申,庚,申,庚,寅,officer,officer,1928-06-13,05:35,-84.892,0.0,0.0,0.0,0.0,0.0,0.0,1.0,1.0,0.0,0.0,0.0,True,0.0,True,0.0,True,1.0,True,0.0,True,0.0,True,0.0,True,0.0,True,1.0,True,0.0,True,0,,True
V2_NEW_DEV,MLV2_DEV_067,John Nash,1959,甲,申,辛,酉,己,亥,officer,wealth,1928-06-13,05:35,-84.892,0.0,0.0,0.0,0.0,0.0,1.0,1.0,0.0,0.0,0.0,0.0,True,0.0,True,0.0,True,1.0,True,0.0,True,0.0,True,0.0,True,1.0,True,0.0,True,0.0,True,0,,True
V2_NEW_DEV,MLV2_DEV_067,John Nash,1994,甲,申,甲,子,甲,戌,peer,peer,1928-06-13,05:35,-84.892,1.0,1.0,0.0,0.0,0.0,0.0,0.0,0.0,0.0,0.0,1.0,True,0.0,True,0.0,True,0.0,True,0.0,True,1.0,True,0.0,True,0.0,True,0.0,True,0.0,True,0,,True
V2_NEW_DEV,MLV2_DEV_068,Chris Evert,1974,辛,亥,甲,戌,甲,寅,wealth,wealth,1954-12-21,04:09,-20.576000000000022,0.0,0.0,0.0,0.0,1.0,1.0,0.0,0.0,0.0,0.0,0.0,True,0.0,True,1.0,True,0.0,True,0.0,True,0.0,True,0.0,True,1.0,True,0.0,True,0.0,True,0,,True
V2_NEW_DEV,MLV2_DEV_068,Chris Evert,1985,辛,亥,癸,酉,乙,丑,output,wealth,1954-12-21,04:09,-20.576000000000022,0.0,0.0,1.0,0.0,0.0,1.0,0.0,0.0,0.0,0.0,0.0,True,1.0,True,0.0,True,0.0,True,0.0,True,0.0,True,0.0,True,1.0,True,0.0,True,0.0,True,0,,True
V2_NEW_DEV,MLV2_DEV_068,Chris Evert,1989,辛,亥,壬,申,己,巳,output,resource,1954-12-21,04:09,-20.576000000000022,0.0,0.0,1.0,0.0,0.0,0.0,0.0,0.0,0.0,1.0,0.0,True,1.0,True,0.0,True,0.0,True,0.0,True,0.0,True,0.0,True,0.0,True,0.0,True,1.0,True,0,,True
V2_NEW_DEV,MLV2_DEV_069,Roberta Flack,1973,戊,辰,乙,巳,癸,丑,officer,wealth,1937-02-10,05:59,-30.19999999999999,0.0,0.0,0.0,0.0,0.0,1.0,1.0,0.0,0.0,0.0,0.0,True,0.0,True,0.0,True,1.0,True,0.0,True,0.0,True,0.0,True,1.0,True,0.0,True,0.0,True,0,,True
V2_NEW_DEV,MLV2_DEV_069,Roberta Flack,1974,戊,辰,乙,巳,甲,寅,officer,officer,1937-02-10,05:59,-30.19999999999999,0.0,0.0,0.0,0.0,0.0,0.0,1.0,1.0,0.0,0.0,0.0,True,0.0,True,0.0,True,1.0,True,0.0,True,0.0,True,0.0,True,0.0,True,1.0,True,0.0,True,0,,True
V2_NEW_DEV,MLV2_DEV_069,Roberta Flack,2018,戊,辰,庚,戌,戊,戌,output,peer,1937-02-10,05:59,-30.19999999999999,0.0,1.0,1.0,0.0,0.0,0.0,0.0,0.0,0.0,0.0,0.0,True,1.0,True,0.0,True,0.0,True,0.0,True,1.0,True,0.0,True,0.0,True,0.0,True,0.0,True,0,,True
V2_NEW_DEV,MLV2_DEV_069,Roberta Flack,2022,戊,辰,庚,戌,壬,寅,output,wealth,1937-02-10,05:59,-30.19999999999999,0.0,0.0,1.0,0.0,0.0,1.0,0.0,0.0,0.0,0.0,0.0,True,1.0,True,0.0,True,0.0,True,0.0,True,0.0,True,0.0,True,1.0,True,0.0,True,0.0,True,0,,True
V2_NEW_DEV,MLV2_DEV_070,Steve Forbes,1990,戊,戌,壬,寅,庚,午,wealth,output,1947-07-18,00:37,-57.928,0.0,0.0,0.0,1.0,1.0,0.0,0.0,0.0,0.0,0.0,0.0,True,0.0,True,1.0,True,0.0,True,0.0,True,0.0,True,1.0,True,0.0,True,0.0,True,0.0,True,0,,True
V2_NEW_DEV,MLV2_DEV_070,Steve Forbes,1993,戊,戌,壬,寅,癸,酉,wealth,wealth,1947-07-18,00:37,-57.928,0.0,0.0,0.0,0.0,1.0,1.0,0.0,0.0,0.0,0.0,0.0,True,0.0,True,1.0,True,0.0,True,0.0,True,0.0,True,0.0,True,1.0,True,0.0,True,0.0,True,0,,True
V2_NEW_DEV,MLV2_DEV_070,Steve Forbes,1996,戊,戌,壬,寅,丙,子,wealth,resource,1947-07-18,00:37,-57.928,0.0,0.0,0.0,0.0,1.0,0.0,0.0,0.0,0.0,1.0,0.0,True,0.0,True,1.0,True,0.0,True,0.0,True,0.0,True,0.0,True,0.0,True,0.0,True,1.0,True,0,,True
V2_NEW_DEV,MLV2_DEV_070,Steve Forbes,2000,戊,戌,辛,丑,庚,辰,output,output,1947-07-18,00:37,-57.928,0.0,0.0,1.0,1.0,0.0,0.0,0.0,0.0,0.0,0.0,0.0,True,1.0,True,0.0,True,0.0,True,0.0,True,0.0,True,1.0,True,0.0,True,0.0,True,0.0,True,0,,True
NEW_DEV_2_CONSUMED,NEWDEV2_001,Bob Dylan,1965,壬,申,辛,卯,乙,巳,resource,output,1941-05-24,19:56,-68.42399999999998,0.0,0.0,0.0,1.0,0.0,0.0,0.0,0.0,1.0,0.0,0.0,True,0.0,True,0.0,True,0.0,True,1.0,True,0.0,True,1.0,True,0.0,True,0.0,True,0.0,True,0,,True
NEW_DEV_2_CONSUMED,NEWDEV2_001,Bob Dylan,1966,壬,申,辛,卯,丙,午,resource,wealth,1941-05-24,19:56,-68.42399999999998,0.0,0.0,0.0,0.0,0.0,1.0,0.0,0.0,1.0,0.0,0.0,True,0.0,True,0.0,True,0.0,True,1.0,True,0.0,True,0.0,True,1.0,True,0.0,True,0.0,True,0,,True
NEW_DEV_2_CONSUMED,NEWDEV2_002,Bob Fosse,1969,戊,子,壬,寅,己,酉,wealth,peer,1927-06-23,21:38,-50.567999999999984,0.0,1.0,0.0,0.0,1.0,0.0,0.0,0.0,0.0,0.0,0.0,True,0.0,True,1.0,True,0.0,True,0.0,True,1.0,True,0.0,True,0.0,True,0.0,True,0.0,True,0,,True
NEW_DEV_2_CONSUMED,NEWDEV2_002,Bob Fosse,1973,戊,子,辛,丑,癸,丑,output,wealth,1927-06-23,21:38,-50.567999999999984,0.0,0.0,1.0,0.0,0.0,1.0,0.0,0.0,0.0,0.0,0.0,True,1.0,True,0.0,True,0.0,True,0.0,True,0.0,True,0.0,True,1.0,True,0.0,True,0.0,True,0,,True
NEW_DEV_2_CONSUMED,NEWDEV2_003,Bob Gibson,1967,己,丑,癸,未,丁,未,wealth,resource,1935-11-09,13:21,-23.74799999999999,0.0,0.0,0.0,0.0,1.0,0.0,0.0,0.0,0.0,1.0,0.0,True,0.0,True,1.0,True,0.0,True,0.0,True,0.0,True,0.0,True,0.0,True,0.0,True,1.0,True,0,,True
NEW_DEV_2_CONSUMED,NEWDEV2_003,Bob Gibson,1968,己,丑,癸,未,戊,申,wealth,peer,1935-11-09,13:21,-23.74799999999999,0.0,1.0,0.0,0.0,1.0,0.0,0.0,0.0,0.0,0.0,0.0,True,0.0,True,1.0,True,0.0,True,0.0,True,1.0,True,0.0,True,0.0,True,0.0,True,0.0,True,0,,True
NEW_DEV_2_CONSUMED,NEWDEV2_004,Bob Hayes,1964,丁,未,甲,寅,甲,辰,resource,resource,1942-12-20,14:02,-86.62799999999999,0.0,0.0,0.0,0.0,0.0,0.0,0.0,0.0,1.0,1.0,0.0,True,0.0,True,0.0,True,0.0,True,1.0,True,0.0,True,0.0,True,0.0,True,0.0,True,1.0,True,0,,True
NEW_DEV_2_CONSUMED,NEWDEV2_004,Bob Hayes,1975,丁,未,乙,卯,乙,卯,resource,resource,1942-12-20,14:02,-86.62799999999999,0.0,0.0,0.0,0.0,0.0,0.0,0.0,0.0,1.0,1.0,0.0,True,0.0,True,0.0,True,0.0,True,1.0,True,0.0,True,0.0,True,0.0,True,0.0,True,1.0,True,0,,True
NEW_DEV_2_CONSUMED,NEWDEV2_005,Bob Knight,1976,辛,丑,庚,寅,丙,辰,peer,officer,1940-10-25,08:15,-26.088000000000022,1.0,0.0,0.0,0.0,0.0,0.0,0.0,1.0,0.0,0.0,1.0,True,0.0,True,0.0,True,0.0,True,0.0,True,0.0,True,0.0,True,0.0,True,1.0,True,0.0,True,0,,True
NEW_DEV_2_CONSUMED,NEWDEV2_005,Bob Knight,2000,辛,丑,壬,辰,庚,辰,output,peer,1940-10-25,08:15,-26.088000000000022,0.0,1.0,1.0,0.0,0.0,0.0,0.0,0.0,0.0,0.0,0.0,True,1.0,True,0.0,True,0.0,True,0.0,True,1.0,True,0.0,True,0.0,True,0.0,True,0.0,True,0,,True
NEW_DEV_2_CONSUMED,NEWDEV2_006,Bob Lilly,1971,甲,子,戊,辰,辛,亥,wealth,officer,1939-07-26,08:25,-95.0,0.0,0.0,0.0,0.0,1.0,0.0,0.0,1.0,0.0,0.0,0.0,True,0.0,True,1.0,True,0.0,True,0.0,True,0.0,True,0.0,True,0.0,True,1.0,True,0.0,True,0,,True
NEW_DEV_2_CONSUMED,NEWDEV2_006,Bob Lilly,1972,甲,子,戊,辰,壬,子,wealth,resource,1939-07-26,08:25,-95.0,0.0,0.0,0.0,0.0,1.0,0.0,0.0,0.0,0.0,1.0,0.0,True,0.0,True,1.0,True,0.0,True,0.0,True,0.0,True,0.0,True,0.0,True,0.0,True,1.0,True,0,,True
NEW_DEV_2_CONSUMED,NEWDEV2_007,Bob Mathias,1952,辛,未,己,丑,壬,辰,resource,output,1930-11-17,07:49,2.6200000000000045,0.0,0.0,0.0,1.0,0.0,0.0,0.0,0.0,1.0,0.0,0.0,True,0.0,True,0.0,True,0.0,True,1.0,True,0.0,True,1.0,True,0.0,True,0.0,True,0.0,True,0,,True
NEW_DEV_2_CONSUMED,NEWDEV2_007,Bob Mathias,1966,辛,未,庚,寅,丙,午,peer,officer,1930-11-17,07:49,2.6200000000000045,1.0,0.0,0.0,0.0,0.0,0.0,0.0,1.0,0.0,0.0,1.0,True,0.0,True,0.0,True,0.0,True,0.0,True,0.0,True,0.0,True,0.0,True,1.0,True,0.0,True,0,,True
NEW_DEV_2_CONSUMED,NEWDEV2_008,Bob McAdoo,1975,戊,辰,乙,未,乙,卯,officer,officer,1951-09-25,18:18,-79.17599999999999,0.0,0.0,0.0,0.0,0.0,0.0,1.0,1.0,0.0,0.0,0.0,True,0.0,True,0.0,True,1.0,True,0.0,True,0.0,True,0.0,True,0.0,True,1.0,True,0.0,True,0,,True
NEW_DEV_2_CONSUMED,NEWDEV2_008,Bob McAdoo,1979,戊,辰,甲,午,己,未,officer,peer,1951-09-25,18:18,-79.17599999999999,0.0,1.0,0.0,0.0,0.0,0.0,1.0,0.0,0.0,0.0,0.0,True,0.0,True,0.0,True,1.0,True,0.0,True,1.0,True,0.0,True,0.0,True,0.0,True,0.0,True,0,,True
NEW_DEV_2_CONSUMED,NEWDEV2_009,Bob Newhart,1961,癸,丑,己,巳,辛,丑,officer,resource,1929-09-05,08:18,-51.17599999999999,0.0,0.0,0.0,0.0,0.0,0.0,1.0,0.0,0.0,1.0,0.0,True,0.0,True,0.0,True,1.0,True,0.0,True,0.0,True,0.0,True,0.0,True,0.0,True,1.0,True,0,,True
NEW_DEV_2_CONSUMED,NEWDEV2_009,Bob Newhart,1962,癸,丑,己,巳,壬,寅,officer,peer,1929-09-05,08:18,-51.17599999999999,0.0,1.0,0.0,0.0,0.0,0.0,1.0,0.0,0.0,0.0,0.0,True,0.0,True,0.0,True,1.0,True,0.0,True,1.0,True,0.0,True,0.0,True,0.0,True,0.0,True,0,,True
NEW_DEV_2_CONSUMED,NEWDEV2_010,Bob Pettit,1957,丁,未,甲,寅,丁,酉,resource,peer,1932-12-12,04:59,-4.7479999999999905,0.0,1.0,0.0,0.0,0.0,0.0,0.0,0.0,1.0,0.0,0.0,True,0.0,True,0.0,True,0.0,True,1.0,True,1.0,True,0.0,True,0.0,True,0.0,True,0.0,True,0,,True
NEW_DEV_2_CONSUMED,NEWDEV2_010,Bob Pettit,1958,丁,未,甲,寅,戊,戌,resource,output,1932-12-12,04:59,-4.7479999999999905,0.0,0.0,0.0,1.0,0.0,0.0,0.0,0.0,1.0,0.0,0.0,True,0.0,True,0.0,True,0.0,True,1.0,True,0.0,True,1.0,True,0.0,True,0.0,True,0.0,True,0,,True
NEW_DEV_2_CONSUMED,NEWDEV2_011,Bob Richards,1956,庚,辰,癸,巳,丙,申,output,officer,1926-02-20,20:07,7.024000000000001,0.0,0.0,1.0,0.0,0.0,0.0,0.0,1.0,0.0,0.0,0.0,True,1.0,True,0.0,True,0.0,True,0.0,True,0.0,True,0.0,True,0.0,True,1.0,True,0.0,True,0,,True
NEW_DEV_2_CONSUMED,NEWDEV2_011,Bob Richards,1960,庚,辰,甲,午,庚,子,wealth,peer,1926-02-20,20:07,7.024000000000001,0.0,1.0,0.0,0.0,1.0,0.0,0.0,0.0,0.0,0.0,0.0,True,0.0,True,1.0,True,0.0,True,0.0,True,1.0,True,0.0,True,0.0,True,0.0,True,0.0,True,0,,True
NEW_DEV_2_CONSUMED,NEWDEV2_012,Bob Schul,1964,戊,午,丙,午,甲,辰,resource,officer,1937-09-28,04:53,-36.831999999999994,0.0,0.0,0.0,0.0,0.0,0.0,0.0,1.0,1.0,0.0,0.0,True,0.0,True,0.0,True,0.0,True,1.0,True,0.0,True,0.0,True,0.0,True,1.0,True,0.0,True,0,,True
NEW_DEV_2_CONSUMED,NEWDEV2_012,Bob Schul,1968,戊,午,丙,午,戊,申,resource,peer,1937-09-28,04:53,-36.831999999999994,0.0,1.0,0.0,0.0,0.0,0.0,0.0,0.0,1.0,0.0,0.0,True,0.0,True,0.0,True,0.0,True,1.0,True,1.0,True,0.0,True,0.0,True,0.0,True,0.0,True,0,,True
NEW_DEV_2_CONSUMED,NEWDEV2_013,Bob Seagren,1968,甲,子,庚,子,戊,申,officer,wealth,1946-10-17,16:13,9.0,0.0,0.0,0.0,0.0,0.0,1.0,1.0,0.0,0.0,0.0,0.0,True,0.0,True,0.0,True,1.0,True,0.0,True,0.0,True,0.0,True,1.0,True,0.0,True,0.0,True,0,,True
NEW_DEV_2_CONSUMED,NEWDEV2_013,Bob Seagren,1972,甲,子,庚,子,壬,子,officer,resource,1946-10-17,16:13,9.0,0.0,0.0,0.0,0.0,0.0,0.0,1.0,0.0,0.0,1.0,0.0,True,0.0,True,0.0,True,1.0,True,0.0,True,0.0,True,0.0,True,0.0,True,0.0,True,1.0,True,0,,True
NEW_DEV_2_CONSUMED,NEWDEV2_014,Bob Uecker,1964,丁,酉,壬,戌,甲,辰,officer,resource,1934-01-26,02:18,8.363999999999976,0.0,0.0,0.0,0.0,0.0,0.0,1.0,0.0,0.0,1.0,0.0,True,0.0,True,0.0,True,1.0,True,0.0,True,0.0,True,0.0,True,0.0,True,0.0,True,1.0,True,0,,True
NEW_DEV_2_CONSUMED,NEWDEV2_014,Bob Uecker,1967,丁,酉,壬,戌,丁,未,officer,peer,1934-01-26,02:18,8.363999999999976,0.0,1.0,0.0,0.0,0.0,0.0,1.0,0.0,0.0,0.0,0.0,True,0.0,True,0.0,True,1.0,True,0.0,True,1.0,True,0.0,True,0.0,True,0.0,True,0.0,True,0,,True
NEW_DEV_2_CONSUMED,NEWDEV2_015,Bob Brenly,2001,壬,子,辛,未,辛,巳,resource,resource,1954-02-25,18:29,-27.403999999999996,0.0,0.0,0.0,0.0,0.0,0.0,0.0,0.0,1.0,1.0,0.0,True,0.0,True,0.0,True,0.0,True,1.0,True,0.0,True,0.0,True,0.0,True,0.0,True,1.0,True,0,,True
NEW_DEV_2_CONSUMED,NEWDEV2_015,Bob Brenly,2004,壬,子,辛,未,甲,申,resource,output,1954-02-25,18:29,-27.403999999999996,0.0,0.0,0.0,1.0,0.0,0.0,0.0,0.0,1.0,0.0,0.0,True,0.0,True,0.0,True,0.0,True,1.0,True,0.0,True,1.0,True,0.0,True,0.0,True,0.0,True,0,,True
NEW_DEV_2_CONSUMED,NEWDEV2_016,Bobby Bell,1967,辛,卯,乙,酉,丁,未,wealth,officer,1940-06-17,21:23,-86.16000000000003,0.0,0.0,0.0,0.0,1.0,0.0,0.0,1.0,0.0,0.0,0.0,True,0.0,True,1.0,True,0.0,True,0.0,True,0.0,True,0.0,True,0.0,True,1.0,True,0.0,True,0,,True
NEW_DEV_2_CONSUMED,NEWDEV2_016,Bobby Bell,1970,辛,卯,乙,酉,庚,戌,wealth,peer,1940-06-17,21:23,-86.16000000000003,0.0,1.0,0.0,0.0,1.0,0.0,0.0,0.0,0.0,0.0,0.0,True,0.0,True,1.0,True,0.0,True,0.0,True,1.0,True,0.0,True,0.0,True,0.0,True,0.0,True,0,,True
NEW_DEV_2_CONSUMED,NEWDEV2_017,Bobby Bonds,1973,戊,子,甲,午,癸,丑,officer,wealth,1946-03-15,17:48,10.492000000000019,0.0,0.0,0.0,0.0,0.0,1.0,1.0,0.0,0.0,0.0,0.0,True,0.0,True,0.0,True,1.0,True,0.0,True,0.0,True,0.0,True,1.0,True,0.0,True,0.0,True,0,,True
NEW_DEV_2_CONSUMED,NEWDEV2_017,Bobby Bonds,1981,戊,子,甲,午,辛,酉,officer,output,1946-03-15,17:48,10.492000000000019,0.0,0.0,0.0,1.0,0.0,0.0,1.0,0.0,0.0,0.0,0.0,True,0.0,True,0.0,True,1.0,True,0.0,True,0.0,True,1.0,True,0.0,True,0.0,True,0.0,True,0,,True
NEW_DEV_2_CONSUMED,NEWDEV2_018,Bo Burnham,2016,戊,午,丁,亥,丙,申,resource,resource,1990-08-21,13:26,-43.53199999999998,0.0,0.0,0.0,0.0,0.0,0.0,0.0,0.0,1.0,1.0,0.0,True,0.0,True,0.0,True,0.0,True,1.0,True,0.0,True,0.0,True,0.0,True,0.0,True,1.0,True,0,,True
NEW_DEV_2_CONSUMED,NEWDEV2_018,Bo Burnham,2021,戊,午,丁,亥,辛,丑,resource,output,1990-08-21,13:26,-43.53199999999998,0.0,0.0,0.0,1.0,0.0,0.0,0.0,0.0,1.0,0.0,0.0,True,0.0,True,0.0,True,0.0,True,1.0,True,0.0,True,1.0,True,0.0,True,0.0,True,0.0,True,0,,True
NEW_DEV_2_CONSUMED,NEWDEV2_019,Bo Derek,1979,辛,卯,丁,酉,己,未,officer,resource,1956-11-20,14:20,7.2760000000000105,0.0,0.0,0.0,0.0,0.0,0.0,1.0,0.0,0.0,1.0,0.0,True,0.0,True,0.0,True,1.0,True,0.0,True,0.0,True,0.0,True,0.0,True,0.0,True,1.0,True,0,,True
NEW_DEV_2_CONSUMED,NEWDEV2_019,Bo Derek,1984,辛,卯,丙,申,甲,子,officer,wealth,1956-11-20,14:20,7.2760000000000105,0.0,0.0,0.0,0.0,0.0,1.0,1.0,0.0,0.0,0.0,0.0,True,0.0,True,0.0,True,1.0,True,0.0,True,0.0,True,0.0,True,1.0,True,0.0,True,0.0,True,0,,True
NEW_DEV_2_CONSUMED,NEWDEV2_020,Bob Woolmer,1994,己,亥,辛,酉,甲,戌,output,officer,1948-05-14,02:06,-8.708000000000027,0.0,0.0,1.0,0.0,0.0,0.0,0.0,1.0,0.0,0.0,0.0,True,1.0,True,0.0,True,0.0,True,0.0,True,0.0,True,0.0,True,0.0,True,1.0,True,0.0,True,0,,True
NEW_DEV_2_CONSUMED,NEWDEV2_020,Bob Woolmer,1999,己,亥,壬,戌,己,卯,wealth,peer,1948-05-14,02:06,-8.708000000000027,0.0,1.0,0.0,0.0,1.0,0.0,0.0,0.0,0.0,0.0,0.0,True,0.0,True,1.0,True,0.0,True,0.0,True,1.0,True,0.0,True,0.0,True,0.0,True,0.0,True,0,,True
NEW_DEV_2_CONSUMED,NEWDEV2_021,Bill Bradley,1970,丁,亥,丙,辰,庚,戌,peer,wealth,1943-07-28,10:36,-60.803999999999974,1.0,0.0,0.0,0.0,0.0,1.0,0.0,0.0,0.0,0.0,1.0,True,0.0,True,0.0,True,0.0,True,0.0,True,0.0,True,0.0,True,1.0,True,0.0,True,0.0,True,0,,True
NEW_DEV_2_CONSUMED,NEWDEV2_021,Bill Bradley,2000,丁,亥,癸,丑,庚,辰,officer,wealth,1943-07-28,10:36,-60.803999999999974,0.0,0.0,0.0,0.0,0.0,1.0,1.0,0.0,0.0,0.0,0.0,True,0.0,True,0.0,True,1.0,True,0.0,True,0.0,True,0.0,True,1.0,True,0.0,True,0.0,True,0,,True
NEW_DEV_2_CONSUMED,NEWDEV2_022,Bill Blass,1970,辛,酉,辛,亥,庚,戌,peer,peer,1922-06-22,06:39,19.451999999999998,1.0,1.0,0.0,0.0,0.0,0.0,0.0,0.0,0.0,0.0,1.0,True,0.0,True,0.0,True,0.0,True,0.0,True,1.0,True,0.0,True,0.0,True,0.0,True,0.0,True,0,,True
NEW_DEV_2_CONSUMED,NEWDEV2_022,Bill Blass,1999,辛,酉,甲,寅,己,卯,wealth,resource,1922-06-22,06:39,19.451999999999998,0.0,0.0,0.0,0.0,1.0,0.0,0.0,0.0,0.0,1.0,0.0,True,0.0,True,1.0,True,0.0,True,0.0,True,0.0,True,0.0,True,0.0,True,0.0,True,1.0,True,0,,True
NEW_DEV_2_CONSUMED,NEWDEV2_023,Bill Engvall,1997,庚,子,癸,卯,丁,丑,output,officer,1957-07-27,19:15,-79.18400000000003,0.0,0.0,1.0,0.0,0.0,0.0,0.0,1.0,0.0,0.0,0.0,True,1.0,True,0.0,True,0.0,True,0.0,True,0.0,True,0.0,True,0.0,True,1.0,True,0.0,True,0,,True
NEW_DEV_2_CONSUMED,NEWDEV2_023,Bill Engvall,2009,庚,子,壬,寅,己,丑,output,resource,1957-07-27,19:15,-79.18400000000003,0.0,0.0,1.0,0.0,0.0,0.0,0.0,0.0,0.0,1.0,0.0,True,1.0,True,0.0,True,0.0,True,0.0,True,0.0,True,0.0,True,0.0,True,0.0,True,1.0,True,0,,True
NEW_DEV_2_CONSUMED,NEWDEV2_024,Bill Forsyth,1983,甲,辰,己,亥,癸,亥,wealth,resource,1946-07-29,09:42,-77.02799999999999,0.0,0.0,0.0,0.0,1.0,0.0,0.0,0.0,0.0,1.0,0.0,True,0.0,True,1.0,True,0.0,True,0.0,True,0.0,True,0.0,True,0.0,True,0.0,True,1.0,True,0,,True
NEW_DEV_2_CONSUMED,NEWDEV2_024,Bill Forsyth,1999,甲,辰,辛,丑,己,卯,officer,wealth,1946-07-29,09:42,-77.02799999999999,0.0,0.0,0.0,0.0,0.0,1.0,1.0,0.0,0.0,0.0,0.0,True,0.0,True,0.0,True,1.0,True,0.0,True,0.0,True,0.0,True,1.0,True,0.0,True,0.0,True,0,,True
NEW_DEV_2_CONSUMED,NEWDEV2_025,Bill Guerin,2009,癸,巳,辛,卯,己,丑,resource,officer,1970-11-09,16:59,12.791999999999973,0.0,0.0,0.0,0.0,0.0,0.0,0.0,1.0,1.0,0.0,0.0,True,0.0,True,0.0,True,0.0,True,1.0,True,0.0,True,0.0,True,0.0,True,1.0,True,0.0,True,0,,True
NEW_DEV_2_CONSUMED,NEWDEV2_025,Bill Guerin,2021,癸,巳,壬,辰,辛,丑,peer,resource,1970-11-09,16:59,12.791999999999973,1.0,0.0,0.0,0.0,0.0,0.0,0.0,0.0,0.0,1.0,1.0,True,0.0,True,0.0,True,0.0,True,0.0,True,0.0,True,0.0,True,0.0,True,0.0,True,1.0,True,0,,True
NEW_DEV_2_CONSUMED,NEWDEV2_026,Bill Walton,1978,乙,卯,癸,丑,戊,午,resource,wealth,1952-11-05,21:31,11.911999999999978,0.0,0.0,0.0,0.0,0.0,1.0,0.0,0.0,1.0,0.0,0.0,True,0.0,True,0.0,True,0.0,True,1.0,True,0.0,True,0.0,True,1.0,True,0.0,True,0.0,True,0,,True
NEW_DEV_2_CONSUMED,NEWDEV2_026,Bill Walton,1979,乙,卯,癸,丑,己,未,resource,wealth,1952-11-05,21:31,11.911999999999978,0.0,0.0,0.0,0.0,0.0,1.0,0.0,0.0,1.0,0.0,0.0,True,0.0,True,0.0,True,0.0,True,1.0,True,0.0,True,0.0,True,1.0,True,0.0,True,0.0,True,0,,True
NEW_DEV_2_CONSUMED,NEWDEV2_027,Billie Jean King,1970,甲,申,丙,寅,庚,戌,output,officer,1943-11-22,10:52,-52.72399999999999,0.0,0.0,1.0,0.0,0.0,0.0,0.0,1.0,0.0,0.0,0.0,True,1.0,True,0.0,True,0.0,True,0.0,True,0.0,True,0.0,True,0.0,True,1.0,True,0.0,True,0,,True
NEW_DEV_2_CONSUMED,NEWDEV2_027,Billie Jean King,1973,甲,申,丙,寅,癸,丑,output,resource,1943-11-22,10:52,-52.72399999999999,0.0,0.0,1.0,0.0,0.0,0.0,0.0,0.0,0.0,1.0,0.0,True,1.0,True,0.0,True,0.0,True,0.0,True,0.0,True,0.0,True,0.0,True,0.0,True,1.0,True,0,,True
NEW_DEV_2_CONSUMED,NEWDEV2_028,Billy Backus,1970,壬,戌,壬,子,庚,戌,peer,resource,1943-03-05,21:39,-63.00400000000002,1.0,0.0,0.0,0.0,0.0,0.0,0.0,0.0,0.0,1.0,1.0,True,0.0,True,0.0,True,0.0,True,0.0,True,0.0,True,0.0,True,0.0,True,0.0,True,1.0,True,0,,True
NEW_DEV_2_CONSUMED,NEWDEV2_028,Billy Backus,1971,壬,戌,壬,子,辛,亥,peer,resource,1943-03-05,21:39,-63.00400000000002,1.0,0.0,0.0,0.0,0.0,0.0,0.0,0.0,0.0,1.0,1.0,True,0.0,True,0.0,True,0.0,True,0.0,True,0.0,True,0.0,True,0.0,True,0.0,True,1.0,True,0,,True
NEW_DEV_2_CONSUMED,NEWDEV2_029,Billy Casper,1966,庚,戌,庚,寅,丙,午,peer,officer,1931-06-24,10:35,11.343999999999994,1.0,0.0,0.0,0.0,0.0,0.0,0.0,1.0,0.0,0.0,1.0,True,0.0,True,0.0,True,0.0,True,0.0,True,0.0,True,0.0,True,0.0,True,1.0,True,0.0,True,0,,True
NEW_DEV_2_CONSUMED,NEWDEV2_029,Billy Casper,1969,庚,戌,庚,寅,己,酉,peer,resource,1931-06-24,10:35,11.343999999999994,1.0,0.0,0.0,0.0,0.0,0.0,0.0,0.0,0.0,1.0,1.0,True,0.0,True,0.0,True,0.0,True,0.0,True,0.0,True,0.0,True,0.0,True,0.0,True,1.0,True,0,,True
NEW_DEV_2_CONSUMED,NEWDEV2_030,Billy Kidd,1964,辛,丑,甲,寅,甲,辰,wealth,wealth,1943-04-13,11:02,-52.843999999999994,0.0,0.0,0.0,0.0,1.0,1.0,0.0,0.0,0.0,0.0,0.0,True,0.0,True,1.0,True,0.0,True,0.0,True,0.0,True,0.0,True,1.0,True,0.0,True,0.0,True,0,,True
NEW_DEV_2_CONSUMED,NEWDEV2_030,Billy Kidd,1968,辛,丑,癸,丑,戊,申,output,resource,1943-04-13,11:02,-52.843999999999994,0.0,0.0,1.0,0.0,0.0,0.0,0.0,0.0,0.0,1.0,0.0,True,1.0,True,0.0,True,0.0,True,0.0,True,0.0,True,0.0,True,0.0,True,0.0,True,1.0,True,0,,True
NEW_DEV_2_CONSUMED,NEWDEV2_031,Billy Martin,1977,丙,辰,壬,戌,丁,巳,officer,peer,1928-05-16,15:33,-9.079999999999984,0.0,1.0,0.0,0.0,0.0,0.0,1.0,0.0,0.0,0.0,0.0,True,0.0,True,0.0,True,1.0,True,0.0,True,1.0,True,0.0,True,0.0,True,0.0,True,0.0,True,0,,True
NEW_DEV_2_CONSUMED,NEWDEV2_031,Billy Martin,1978,丙,辰,壬,戌,戊,午,officer,output,1928-05-16,15:33,-9.079999999999984,0.0,0.0,0.0,1.0,0.0,0.0,1.0,0.0,0.0,0.0,0.0,True,0.0,True,0.0,True,1.0,True,0.0,True,0.0,True,1.0,True,0.0,True,0.0,True,0.0,True,0,,True
NEW_DEV_2_CONSUMED,NEWDEV2_032,Billy Joe Shaver,1973,乙,酉,戊,辰,癸,丑,wealth,resource,1939-08-16,19:44,-85.86000000000001,0.0,0.0,0.0,0.0,1.0,0.0,0.0,0.0,0.0,1.0,0.0,True,0.0,True,1.0,True,0.0,True,0.0,True,0.0,True,0.0,True,0.0,True,0.0,True,1.0,True,0,,True
NEW_DEV_2_CONSUMED,NEWDEV2_032,Billy Joe Shaver,1981,乙,酉,丁,卯,辛,酉,output,officer,1939-08-16,19:44,-85.86000000000001,0.0,0.0,1.0,0.0,0.0,0.0,0.0,1.0,0.0,0.0,0.0,True,1.0,True,0.0,True,0.0,True,0.0,True,0.0,True,0.0,True,0.0,True,1.0,True,0.0,True,0,,True
NEW_DEV_2_CONSUMED,NEWDEV2_033,Billy Mackenzie,1982,戊,戌,辛,丑,壬,戌,output,wealth,1957-03-27,19:08,-11.872,0.0,0.0,1.0,0.0,0.0,1.0,0.0,0.0,0.0,0.0,0.0,True,1.0,True,0.0,True,0.0,True,0.0,True,0.0,True,0.0,True,1.0,True,0.0,True,0.0,True,0,,True
NEW_DEV_2_CONSUMED,NEWDEV2_033,Billy Mackenzie,1990,戊,戌,庚,子,庚,午,output,output,1957-03-27,19:08,-11.872,0.0,0.0,1.0,1.0,0.0,0.0,0.0,0.0,0.0,0.0,0.0,True,1.0,True,0.0,True,0.0,True,0.0,True,0.0,True,1.0,True,0.0,True,0.0,True,0.0,True,0,,True
NEW_DEV_2_CONSUMED,NEWDEV2_034,Bill Shoemaker,1955,丙,午,癸,巳,乙,未,officer,resource,1931-08-19,01:25,-4.687999999999988,0.0,0.0,0.0,0.0,0.0,0.0,1.0,0.0,0.0,1.0,0.0,True,0.0,True,0.0,True,1.0,True,0.0,True,0.0,True,0.0,True,0.0,True,0.0,True,1.0,True,0,,True
NEW_DEV_2_CONSUMED,NEWDEV2_034,Bill Shoemaker,1991,丙,午,庚,寅,辛,未,wealth,wealth,1931-08-19,01:25,-4.687999999999988,0.0,0.0,0.0,0.0,1.0,1.0,0.0,0.0,0.0,0.0,0.0,True,0.0,True,1.0,True,0.0,True,0.0,True,0.0,True,0.0,True,1.0,True,0.0,True,0.0,True,0,,True
NEW_DEV_2_CONSUMED,NEWDEV2_035,Bill Steinkraus,1968,己,巳,辛,巳,戊,申,output,peer,1925-10-12,14:03,-26.76400000000001,0.0,1.0,1.0,0.0,0.0,0.0,0.0,0.0,0.0,0.0,0.0,True,1.0,True,0.0,True,0.0,True,0.0,True,1.0,True,0.0,True,0.0,True,0.0,True,0.0,True,0,,True
NEW_DEV_2_CONSUMED,NEWDEV2_035,Bill Steinkraus,1972,己,巳,辛,巳,壬,子,output,wealth,1925-10-12,14:03,-26.76400000000001,0.0,0.0,1.0,0.0,0.0,1.0,0.0,0.0,0.0,0.0,0.0,True,1.0,True,0.0,True,0.0,True,0.0,True,0.0,True,0.0,True,1.0,True,0.0,True,0.0,True,0,,True
NEW_DEV_2_CONSUMED,NEWDEV2_036,Tom Brady,2002,壬,辰,乙,巳,壬,午,output,peer,1977-08-03,10:38,-69.25599999999997,0.0,1.0,1.0,0.0,0.0,0.0,0.0,0.0,0.0,0.0,0.0,True,1.0,True,0.0,True,0.0,True,0.0,True,1.0,True,0.0,True,0.0,True,0.0,True,0.0,True,0,,True
NEW_DEV_2_CONSUMED,NEWDEV2_036,Tom Brady,2008,壬,辰,甲,辰,戊,子,output,officer,1977-08-03,10:38,-69.25599999999997,0.0,0.0,1.0,0.0,0.0,0.0,0.0,1.0,0.0,0.0,0.0,True,1.0,True,0.0,True,0.0,True,0.0,True,0.0,True,0.0,True,0.0,True,1.0,True,0.0,True,0,,True
NEW_DEV_2_CONSUMED,NEWDEV2_037,Tom Coughlin,2008,丁,丑,癸,卯,戊,子,officer,output,1946-08-31,01:59,-67.452,0.0,0.0,0.0,1.0,0.0,0.0,1.0,0.0,0.0,0.0,0.0,True,0.0,True,0.0,True,1.0,True,0.0,True,0.0,True,1.0,True,0.0,True,0.0,True,0.0,True,0,,True
NEW_DEV_2_CONSUMED,NEWDEV2_037,Tom Coughlin,2016,丁,丑,癸,卯,丙,申,officer,peer,1946-08-31,01:59,-67.452,0.0,1.0,0.0,0.0,0.0,0.0,1.0,0.0,0.0,0.0,0.0,True,0.0,True,0.0,True,1.0,True,0.0,True,1.0,True,0.0,True,0.0,True,0.0,True,0.0,True,0,,True
NEW_DEV_2_CONSUMED,NEWDEV2_038,Tom Courtney,1955,乙,卯,丁,巳,乙,未,output,peer,1933-08-17,00:38,-56.696000000000026,0.0,1.0,1.0,0.0,0.0,0.0,0.0,0.0,0.0,0.0,0.0,True,1.0,True,0.0,True,0.0,True,0.0,True,1.0,True,0.0,True,0.0,True,0.0,True,0.0,True,0,,True
NEW_DEV_2_CONSUMED,NEWDEV2_038,Tom Courtney,1956,乙,卯,丁,巳,丙,申,output,output,1933-08-17,00:38,-56.696000000000026,0.0,0.0,1.0,1.0,0.0,0.0,0.0,0.0,0.0,0.0,0.0,True,1.0,True,0.0,True,0.0,True,0.0,True,0.0,True,1.0,True,0.0,True,0.0,True,0.0,True,0,,True
NEW_DEV_2_CONSUMED,NEWDEV2_039,Tom Daschle,1995,壬,戌,丁,未,乙,亥,wealth,output,1947-12-09,13:21,-33.952,0.0,0.0,0.0,1.0,1.0,0.0,0.0,0.0,0.0,0.0,0.0,True,0.0,True,1.0,True,0.0,True,0.0,True,0.0,True,1.0,True,0.0,True,0.0,True,0.0,True,0,,True
NEW_DEV_2_CONSUMED,NEWDEV2_039,Tom Daschle,2004,壬,戌,丙,午,甲,申,wealth,output,1947-12-09,13:21,-33.952,0.0,0.0,0.0,1.0,1.0,0.0,0.0,0.0,0.0,0.0,0.0,True,0.0,True,1.0,True,0.0,True,0.0,True,0.0,True,1.0,True,0.0,True,0.0,True,0.0,True,0,,True
NEW_DEV_2_CONSUMED,NEWDEV2_040,Tom DeLay,2003,丁,巳,戊,戌,癸,未,output,officer,1947-04-08,21:08,-38.03199999999998,0.0,0.0,1.0,0.0,0.0,0.0,0.0,1.0,0.0,0.0,0.0,True,1.0,True,0.0,True,0.0,True,0.0,True,0.0,True,0.0,True,0.0,True,1.0,True,0.0,True,0,,True
NEW_DEV_2_CONSUMED,NEWDEV2_040,Tom DeLay,2006,丁,巳,戊,戌,丙,戌,output,peer,1947-04-08,21:08,-38.03199999999998,0.0,1.0,1.0,0.0,0.0,0.0,0.0,0.0,0.0,0.0,0.0,True,1.0,True,0.0,True,0.0,True,0.0,True,1.0,True,0.0,True,0.0,True,0.0,True,0.0,True,0,,True
NEW_DEV_2_CONSUMED,NEWDEV2_041,Tom Foley,1989,庚,戌,庚,申,己,巳,peer,resource,1929-03-06,13:50,10.300000000000011,1.0,0.0,0.0,0.0,0.0,0.0,0.0,0.0,0.0,1.0,1.0,True,0.0,True,0.0,True,0.0,True,0.0,True,0.0,True,0.0,True,0.0,True,0.0,True,1.0,True,0,,True
NEW_DEV_2_CONSUMED,NEWDEV2_041,Tom Foley,1994,庚,戌,庚,申,甲,戌,peer,wealth,1929-03-06,13:50,10.300000000000011,1.0,0.0,0.0,0.0,0.0,1.0,0.0,0.0,0.0,0.0,1.0,True,0.0,True,0.0,True,0.0,True,0.0,True,0.0,True,0.0,True,1.0,True,0.0,True,0.0,True,0,,True
NEW_DEV_2_CONSUMED,NEWDEV2_042,Tom Glavine,1995,癸,未,甲,午,乙,亥,output,output,1966-03-25,07:42,14.579999999999984,0.0,0.0,1.0,1.0,0.0,0.0,0.0,0.0,0.0,0.0,0.0,True,1.0,True,0.0,True,0.0,True,0.0,True,0.0,True,1.0,True,0.0,True,0.0,True,0.0,True,0,,True
NEW_DEV_2_CONSUMED,NEWDEV2_042,Tom Glavine,2008,癸,未,乙,未,戊,子,output,officer,1966-03-25,07:42,14.579999999999984,0.0,0.0,1.0,0.0,0.0,0.0,0.0,1.0,0.0,0.0,0.0,True,1.0,True,0.0,True,0.0,True,0.0,True,0.0,True,0.0,True,0.0,True,1.0,True,0.0,True,0,,True
NEW_DEV_2_CONSUMED,NEWDEV2_043,Tom Okker,1968,丙,辰,己,巳,戊,申,output,output,1944-02-22,17:39,-40.436,0.0,0.0,1.0,1.0,0.0,0.0,0.0,0.0,0.0,0.0,0.0,True,1.0,True,0.0,True,0.0,True,0.0,True,0.0,True,1.0,True,0.0,True,0.0,True,0.0,True,0,,True
NEW_DEV_2_CONSUMED,NEWDEV2_043,Tom Okker,1973,丙,辰,己,巳,癸,丑,output,officer,1944-02-22,17:39,-40.436,0.0,0.0,1.0,0.0,0.0,0.0,0.0,1.0,0.0,0.0,0.0,True,1.0,True,0.0,True,0.0,True,0.0,True,0.0,True,0.0,True,0.0,True,1.0,True,0.0,True,0,,True
NEW_DEV_2_CONSUMED,NEWDEV2_044,Tom Poti,2000,戊,寅,辛,丑,庚,辰,output,output,1977-03-22,13:06,12.791999999999973,0.0,0.0,1.0,1.0,0.0,0.0,0.0,0.0,0.0,0.0,0.0,True,1.0,True,0.0,True,0.0,True,0.0,True,0.0,True,1.0,True,0.0,True,0.0,True,0.0,True,0,,True
NEW_DEV_2_CONSUMED,NEWDEV2_044,Tom Poti,2012,戊,寅,己,亥,壬,辰,peer,wealth,1977-03-22,13:06,12.791999999999973,1.0,0.0,0.0,0.0,0.0,1.0,0.0,0.0,0.0,0.0,1.0,True,0.0,True,0.0,True,0.0,True,0.0,True,0.0,True,0.0,True,1.0,True,0.0,True,0.0,True,0,,True
NEW_DEV_2_CONSUMED,NEWDEV2_045,Tom Seaver,1969,乙,酉,丁,丑,己,酉,output,wealth,1944-11-17,05:27,-59.144000000000005,0.0,0.0,1.0,0.0,0.0,1.0,0.0,0.0,0.0,0.0,0.0,True,1.0,True,0.0,True,0.0,True,0.0,True,0.0,True,0.0,True,1.0,True,0.0,True,0.0,True,0,,True
NEW_DEV_2_CONSUMED,NEWDEV2_045,Tom Seaver,1987,乙,酉,己,卯,丁,卯,wealth,output,1944-11-17,05:27,-59.144000000000005,0.0,0.0,0.0,1.0,1.0,0.0,0.0,0.0,0.0,0.0,0.0,True,0.0,True,1.0,True,0.0,True,0.0,True,0.0,True,1.0,True,0.0,True,0.0,True,0.0,True,0,,True
NEW_DEV_2_CONSUMED,NEWDEV2_046,Tom Selleck,1984,戊,戌,辛,巳,甲,子,output,officer,1945-01-29,06:47,-94.39600000000002,0.0,0.0,1.0,0.0,0.0,0.0,0.0,1.0,0.0,0.0,0.0,True,1.0,True,0.0,True,0.0,True,0.0,True,0.0,True,0.0,True,0.0,True,1.0,True,0.0,True,0,,True
NEW_DEV_2_CONSUMED,NEWDEV2_046,Tom Selleck,1998,戊,戌,癸,未,戊,寅,wealth,peer,1945-01-29,06:47,-94.39600000000002,0.0,1.0,0.0,0.0,1.0,0.0,0.0,0.0,0.0,0.0,0.0,True,0.0,True,1.0,True,0.0,True,0.0,True,1.0,True,0.0,True,0.0,True,0.0,True,0.0,True,0,,True
NEW_DEV_2_CONSUMED,NEWDEV2_047,Tom Brokaw,1983,己,卯,壬,午,癸,亥,wealth,wealth,1940-02-06,03:09,-30.076000000000022,0.0,0.0,0.0,0.0,1.0,1.0,0.0,0.0,0.0,0.0,0.0,True,0.0,True,1.0,True,0.0,True,0.0,True,0.0,True,0.0,True,1.0,True,0.0,True,0.0,True,0,,True
NEW_DEV_2_CONSUMED,NEWDEV2_047,Tom Brokaw,2004,己,卯,甲,申,甲,申,officer,officer,1940-02-06,03:09,-30.076000000000022,0.0,0.0,0.0,0.0,0.0,0.0,1.0,1.0,0.0,0.0,0.0,True,0.0,True,0.0,True,1.0,True,0.0,True,0.0,True,0.0,True,0.0,True,1.0,True,0.0,True,0,,True
NEW_DEV_2_CONSUMED,NEWDEV2_048,Tom Bergeron,2012,丁,卯,乙,亥,壬,辰,resource,officer,1955-05-06,09:45,-44.30799999999999,0.0,0.0,0.0,0.0,0.0,0.0,0.0,1.0,1.0,0.0,0.0,True,0.0,True,0.0,True,0.0,True,1.0,True,0.0,True,0.0,True,0.0,True,1.0,True,0.0,True,0,,True
NEW_DEV_2_CONSUMED,NEWDEV2_048,Tom Bergeron,2020,丁,卯,甲,戌,庚,子,resource,wealth,1955-05-06,09:45,-44.30799999999999,0.0,0.0,0.0,0.0,0.0,1.0,0.0,0.0,1.0,0.0,0.0,True,0.0,True,0.0,True,0.0,True,1.0,True,0.0,True,0.0,True,1.0,True,0.0,True,0.0,True,0,,True
NEW_DEV_2_CONSUMED,NEWDEV2_049,Tom Harmon,1940,癸,未,辛,未,庚,辰,resource,resource,1919-09-28,06:41,-48.603999999999985,0.0,0.0,0.0,0.0,0.0,0.0,0.0,0.0,1.0,1.0,0.0,True,0.0,True,0.0,True,0.0,True,1.0,True,0.0,True,0.0,True,0.0,True,0.0,True,1.0,True,0,,True
NEW_DEV_2_CONSUMED,NEWDEV2_049,Tom Harmon,1946,癸,未,庚,午,丙,戌,resource,wealth,1919-09-28,06:41,-48.603999999999985,0.0,0.0,0.0,0.0,0.0,1.0,0.0,0.0,1.0,0.0,0.0,True,0.0,True,0.0,True,0.0,True,1.0,True,0.0,True,0.0,True,1.0,True,0.0,True,0.0,True,0,,True
NEW_DEV_2_CONSUMED,NEWDEV2_050,A. J. Foyt,1961,壬,辰,庚,辰,辛,丑,resource,resource,1935-01-16,01:03,-21.480000000000018,0.0,0.0,0.0,0.0,0.0,0.0,0.0,0.0,1.0,1.0,0.0,True,0.0,True,0.0,True,0.0,True,1.0,True,0.0,True,0.0,True,0.0,True,0.0,True,1.0,True,0,,True
NEW_DEV_2_CONSUMED,NEWDEV2_050,A. J. Foyt,1990,壬,辰,壬,午,庚,午,peer,resource,1935-01-16,01:03,-21.480000000000018,1.0,0.0,0.0,0.0,0.0,0.0,0.0,0.0,0.0,1.0,1.0,True,0.0,True,0.0,True,0.0,True,0.0,True,0.0,True,0.0,True,0.0,True,0.0,True,1.0,True,0,,True
NEW_DEV_2_CONSUMED,NEWDEV2_051,Tom Scholz,1976,戊,子,庚,子,丙,辰,output,resource,1947-03-10,12:12,-34.144000000000005,0.0,0.0,1.0,0.0,0.0,0.0,0.0,0.0,0.0,1.0,0.0,True,1.0,True,0.0,True,0.0,True,0.0,True,0.0,True,0.0,True,0.0,True,0.0,True,1.0,True,0,,True
NEW_DEV_2_CONSUMED,NEWDEV2_051,Tom Scholz,1983,戊,子,己,亥,癸,亥,peer,wealth,1947-03-10,12:12,-34.144000000000005,1.0,0.0,0.0,0.0,0.0,1.0,0.0,0.0,0.0,0.0,1.0,True,0.0,True,0.0,True,0.0,True,0.0,True,0.0,True,0.0,True,1.0,True,0.0,True,0.0,True,0,,True
NEW_DEV_2_CONSUMED,NEWDEV2_052,Tony Blair,1997,丁,巳,壬,子,丁,丑,officer,peer,1953-05-06,04:57,-72.752,0.0,1.0,0.0,0.0,0.0,0.0,1.0,0.0,0.0,0.0,0.0,True,0.0,True,0.0,True,1.0,True,0.0,True,1.0,True,0.0,True,0.0,True,0.0,True,0.0,True,0,,True
NEW_DEV_2_CONSUMED,NEWDEV2_052,Tony Blair,2007,丁,巳,辛,亥,丁,亥,wealth,peer,1953-05-06,04:57,-72.752,0.0,1.0,0.0,0.0,1.0,0.0,0.0,0.0,0.0,0.0,0.0,True,0.0,True,1.0,True,0.0,True,0.0,True,1.0,True,0.0,True,0.0,True,0.0,True,0.0,True,0,,True
NEW_DEV_2_CONSUMED,NEWDEV2_053,Toni Kroos,2012,己,巳,甲,戌,壬,辰,officer,wealth,1990-01-04,12:49,-6.448,0.0,0.0,0.0,0.0,0.0,1.0,1.0,0.0,0.0,0.0,0.0,True,0.0,True,0.0,True,1.0,True,0.0,True,0.0,True,0.0,True,1.0,True,0.0,True,0.0,True,0,,True
NEW_DEV_2_CONSUMED,NEWDEV2_053,Toni Kroos,2014,己,巳,甲,戌,甲,午,officer,officer,1990-01-04,12:49,-6.448,0.0,0.0,0.0,0.0,0.0,0.0,1.0,1.0,0.0,0.0,0.0,True,0.0,True,0.0,True,1.0,True,0.0,True,0.0,True,0.0,True,0.0,True,1.0,True,0.0,True,0,,True
NEW_DEV_2_CONSUMED,NEWDEV2_054,Toni Morrison,1970,甲,辰,甲,午,庚,戌,peer,officer,1931-02-18,10:31,-28.71199999999999,1.0,0.0,0.0,0.0,0.0,0.0,0.0,1.0,0.0,0.0,1.0,True,0.0,True,0.0,True,0.0,True,0.0,True,0.0,True,0.0,True,0.0,True,1.0,True,0.0,True,0,,True
NEW_DEV_2_CONSUMED,NEWDEV2_054,Toni Morrison,1993,甲,辰,丙,申,癸,酉,output,resource,1931-02-18,10:31,-28.71199999999999,0.0,0.0,1.0,0.0,0.0,0.0,0.0,0.0,0.0,1.0,0.0,True,1.0,True,0.0,True,0.0,True,0.0,True,0.0,True,0.0,True,0.0,True,0.0,True,1.0,True,0,,True
NEW_DEV_2_CONSUMED,NEWDEV2_055,Tony Curtis,1959,戊,午,戊,寅,己,亥,peer,peer,1925-06-03,08:03,-56.02800000000002,1.0,1.0,0.0,0.0,0.0,0.0,0.0,0.0,0.0,0.0,1.0,True,0.0,True,0.0,True,0.0,True,0.0,True,1.0,True,0.0,True,0.0,True,0.0,True,0.0,True,0,,True
NEW_DEV_2_CONSUMED,NEWDEV2_055,Tony Curtis,1965,戊,午,丁,丑,乙,巳,resource,officer,1925-06-03,08:03,-56.02800000000002,0.0,0.0,0.0,0.0,0.0,0.0,0.0,1.0,1.0,0.0,0.0,True,0.0,True,0.0,True,0.0,True,1.0,True,0.0,True,0.0,True,0.0,True,1.0,True,0.0,True,0,,True
NEW_DEV_2_CONSUMED,NEWDEV2_056,Tony Estanguet,2000,戊,辰,己,未,庚,辰,peer,output,1978-05-06,10:48,-121.5,1.0,0.0,0.0,1.0,0.0,0.0,0.0,0.0,0.0,0.0,1.0,True,0.0,True,0.0,True,0.0,True,0.0,True,0.0,True,1.0,True,0.0,True,0.0,True,0.0,True,0,,True
NEW_DEV_2_CONSUMED,NEWDEV2_056,Tony Estanguet,2008,戊,辰,庚,申,戊,子,output,peer,1978-05-06,10:48,-121.5,0.0,1.0,1.0,0.0,0.0,0.0,0.0,0.0,0.0,0.0,0.0,True,1.0,True,0.0,True,0.0,True,0.0,True,1.0,True,0.0,True,0.0,True,0.0,True,0.0,True,0,,True
NEW_DEV_2_CONSUMED,NEWDEV2_057,Tony Gwynn,1994,丁,酉,甲,申,甲,戌,resource,resource,1960-05-09,01:48,-52.97199999999998,0.0,0.0,0.0,0.0,0.0,0.0,0.0,0.0,1.0,1.0,0.0,True,0.0,True,0.0,True,0.0,True,1.0,True,0.0,True,0.0,True,0.0,True,0.0,True,1.0,True,0,,True
NEW_DEV_2_CONSUMED,NEWDEV2_057,Tony Gwynn,2001,丁,酉,乙,酉,辛,巳,resource,wealth,1960-05-09,01:48,-52.97199999999998,0.0,0.0,0.0,0.0,0.0,1.0,0.0,0.0,1.0,0.0,0.0,True,0.0,True,0.0,True,0.0,True,1.0,True,0.0,True,0.0,True,1.0,True,0.0,True,0.0,True,0,,True
NEW_DEV_2_CONSUMED,NEWDEV2_058,Tony Hawk,1999,壬,午,庚,申,己,卯,resource,officer,1968-05-12,02:23,-48.656000000000006,0.0,0.0,0.0,0.0,0.0,0.0,0.0,1.0,1.0,0.0,0.0,True,0.0,True,0.0,True,0.0,True,1.0,True,0.0,True,0.0,True,0.0,True,1.0,True,0.0,True,0,,True
NEW_DEV_2_CONSUMED,NEWDEV2_058,Tony Hawk,2003,壬,午,庚,申,癸,未,resource,peer,1968-05-12,02:23,-48.656000000000006,0.0,1.0,0.0,0.0,0.0,0.0,0.0,0.0,1.0,0.0,0.0,True,0.0,True,0.0,True,0.0,True,1.0,True,1.0,True,0.0,True,0.0,True,0.0,True,0.0,True,0,,True
NEW_DEV_2_CONSUMED,NEWDEV2_059,Tony Kubek,1957,辛,酉,癸,未,丁,酉,output,officer,1935-10-12,06:31,8.363999999999976,0.0,0.0,1.0,0.0,0.0,0.0,0.0,1.0,0.0,0.0,0.0,True,1.0,True,0.0,True,0.0,True,0.0,True,0.0,True,0.0,True,0.0,True,1.0,True,0.0,True,0,,True
NEW_DEV_2_CONSUMED,NEWDEV2_059,Tony Kubek,1965,辛,酉,壬,午,乙,巳,output,wealth,1935-10-12,06:31,8.363999999999976,0.0,0.0,1.0,0.0,0.0,1.0,0.0,0.0,0.0,0.0,0.0,True,1.0,True,0.0,True,0.0,True,0.0,True,0.0,True,0.0,True,1.0,True,0.0,True,0.0,True,0,,True
NEW_DEV_2_CONSUMED,NEWDEV2_060,Tony Parker,2007,庚,子,丁,未,丁,亥,officer,officer,1982-05-17,14:52,-107.1,0.0,0.0,0.0,0.0,0.0,0.0,1.0,1.0,0.0,0.0,0.0,True,0.0,True,0.0,True,1.0,True,0.0,True,0.0,True,0.0,True,0.0,True,1.0,True,0.0,True,0,,True
NEW_DEV_2_CONSUMED,NEWDEV2_060,Tony Parker,2017,庚,子,戊,申,丁,酉,resource,officer,1982-05-17,14:52,-107.1,0.0,0.0,0.0,0.0,0.0,0.0,0.0,1.0,1.0,0.0,0.0,True,0.0,True,0.0,True,0.0,True,1.0,True,0.0,True,0.0,True,0.0,True,1.0,True,0.0,True,0,,True
NEW_DEV_2_CONSUMED,NEWDEV2_061,Tony Levin,1981,辛,亥,丁,酉,辛,酉,officer,peer,1946-06-06,17:00,-44.23599999999999,0.0,1.0,0.0,0.0,0.0,0.0,1.0,0.0,0.0,0.0,0.0,True,0.0,True,0.0,True,1.0,True,0.0,True,1.0,True,0.0,True,0.0,True,0.0,True,0.0,True,0,,True
NEW_DEV_2_CONSUMED,NEWDEV2_061,Tony Levin,1997,辛,亥,己,亥,丁,丑,resource,officer,1946-06-06,17:00,-44.23599999999999,0.0,0.0,0.0,0.0,0.0,0.0,0.0,1.0,1.0,0.0,0.0,True,0.0,True,0.0,True,0.0,True,1.0,True,0.0,True,0.0,True,0.0,True,1.0,True,0.0,True,0,,True
NEW_DEV_2_CONSUMED,NEWDEV2_062,Tony Mendez,1980,壬,戌,辛,卯,庚,申,resource,resource,1940-11-15,14:15,15.151999999999987,0.0,0.0,0.0,0.0,0.0,0.0,0.0,0.0,1.0,1.0,0.0,True,0.0,True,0.0,True,0.0,True,1.0,True,0.0,True,0.0,True,0.0,True,0.0,True,1.0,True,0,,True
NEW_DEV_2_CONSUMED,NEWDEV2_062,Tony Mendez,1990,壬,戌,壬,辰,庚,午,peer,resource,1940-11-15,14:15,15.151999999999987,1.0,0.0,0.0,0.0,0.0,0.0,0.0,0.0,0.0,1.0,1.0,True,0.0,True,0.0,True,0.0,True,0.0,True,0.0,True,0.0,True,0.0,True,0.0,True,1.0,True,0,,True
NEW_DEV_2_CONSUMED,NEWDEV2_063,Tony Conigliaro,1965,丙,子,己,卯,乙,巳,output,resource,1945-01-07,20:07,-44.048,0.0,0.0,1.0,0.0,0.0,0.0,0.0,0.0,0.0,1.0,0.0,True,1.0,True,0.0,True,0.0,True,0.0,True,0.0,True,0.0,True,0.0,True,0.0,True,1.0,True,0,,True
NEW_DEV_2_CONSUMED,NEWDEV2_063,Tony Conigliaro,1967,丙,子,己,卯,丁,未,output,peer,1945-01-07,20:07,-44.048,0.0,1.0,1.0,0.0,0.0,0.0,0.0,0.0,0.0,0.0,0.0,True,1.0,True,0.0,True,0.0,True,0.0,True,1.0,True,0.0,True,0.0,True,0.0,True,0.0,True,0,,True
NEW_DEV_2_CONSUMED,NEWDEV2_064,Tony Bettenhausen,1951,甲,辰,丁,酉,辛,卯,output,officer,1951-10-30,23:22,7.668000000000006,0.0,0.0,1.0,0.0,0.0,0.0,0.0,1.0,0.0,0.0,0.0,True,1.0,True,0.0,True,0.0,True,0.0,True,0.0,True,0.0,True,0.0,True,1.0,True,0.0,True,0,,True
NEW_DEV_2_CONSUMED,NEWDEV2_064,Tony Bettenhausen,1961,甲,辰,丁,酉,辛,丑,output,officer,1951-10-30,23:22,7.668000000000006,0.0,0.0,1.0,0.0,0.0,0.0,0.0,1.0,0.0,0.0,0.0,True,1.0,True,0.0,True,0.0,True,0.0,True,0.0,True,0.0,True,0.0,True,1.0,True,0.0,True,0,,True
NEW_DEV_2_CONSUMED,NEWDEV2_065,George Foreman,1973,庚,子,丁,卯,癸,丑,officer,output,1949-01-10,20:57,-17.451999999999998,0.0,0.0,0.0,1.0,0.0,0.0,1.0,0.0,0.0,0.0,0.0,True,0.0,True,0.0,True,1.0,True,0.0,True,0.0,True,1.0,True,0.0,True,0.0,True,0.0,True,0,,True
NEW_DEV_2_CONSUMED,NEWDEV2_065,George Foreman,1974,庚,子,丁,卯,甲,寅,officer,wealth,1949-01-10,20:57,-17.451999999999998,0.0,0.0,0.0,0.0,0.0,1.0,1.0,0.0,0.0,0.0,0.0,True,0.0,True,0.0,True,1.0,True,0.0,True,0.0,True,0.0,True,1.0,True,0.0,True,0.0,True,0,,True
NEW_DEV_2_CONSUMED,NEWDEV2_066,George Galloway,2005,甲,辰,丁,丑,乙,酉,output,peer,1954-08-16,04:48,-71.872,0.0,1.0,1.0,0.0,0.0,0.0,0.0,0.0,0.0,0.0,0.0,True,1.0,True,0.0,True,0.0,True,0.0,True,1.0,True,0.0,True,0.0,True,0.0,True,0.0,True,0,,True
NEW_DEV_2_CONSUMED,NEWDEV2_066,George Galloway,2010,甲,辰,丁,丑,庚,寅,output,officer,1954-08-16,04:48,-71.872,0.0,0.0,1.0,0.0,0.0,0.0,0.0,1.0,0.0,0.0,0.0,True,1.0,True,0.0,True,0.0,True,0.0,True,0.0,True,0.0,True,0.0,True,1.0,True,0.0,True,0,,True
NEW_DEV_2_CONSUMED,NEWDEV2_067,Gerald Ford,1974,丙,申,癸,丑,甲,寅,officer,resource,1913-07-14,00:19,-23.74799999999999,0.0,0.0,0.0,0.0,0.0,0.0,1.0,0.0,0.0,1.0,0.0,True,0.0,True,0.0,True,1.0,True,0.0,True,0.0,True,0.0,True,0.0,True,0.0,True,1.0,True,0,,True
NEW_DEV_2_CONSUMED,NEWDEV2_067,Gerald Ford,1976,丙,申,壬,子,丙,辰,officer,peer,1913-07-14,00:19,-23.74799999999999,0.0,1.0,0.0,0.0,0.0,0.0,1.0,0.0,0.0,0.0,0.0,True,0.0,True,0.0,True,1.0,True,0.0,True,1.0,True,0.0,True,0.0,True,0.0,True,0.0,True,0,,True
NEW_DEV_2_CONSUMED,NEWDEV2_068,Gerard Butler,2007,壬,辰,辛,未,丁,亥,resource,wealth,1969-11-13,04:03,-77.02799999999999,0.0,0.0,0.0,0.0,0.0,1.0,0.0,0.0,1.0,0.0,0.0,True,0.0,True,0.0,True,0.0,True,1.0,True,0.0,True,0.0,True,1.0,True,0.0,True,0.0,True,0,,True
NEW_DEV_2_CONSUMED,NEWDEV2_068,Gerard Butler,2017,壬,辰,庚,午,丁,酉,resource,wealth,1969-11-13,04:03,-77.02799999999999,0.0,0.0,0.0,0.0,0.0,1.0,0.0,0.0,1.0,0.0,0.0,True,0.0,True,0.0,True,0.0,True,1.0,True,0.0,True,0.0,True,1.0,True,0.0,True,0.0,True,0,,True
NEW_DEV_2_CONSUMED,NEWDEV2_069,Geraldine Chaplin,1965,丙,申,己,巳,乙,巳,output,resource,1944-07-31,22:20,-53.96800000000002,0.0,0.0,1.0,0.0,0.0,0.0,0.0,0.0,0.0,1.0,0.0,True,1.0,True,0.0,True,0.0,True,0.0,True,0.0,True,0.0,True,0.0,True,0.0,True,1.0,True,0,,True
NEW_DEV_2_CONSUMED,NEWDEV2_069,Geraldine Chaplin,2005,丙,申,乙,丑,乙,酉,resource,resource,1944-07-31,22:20,-53.96800000000002,0.0,0.0,0.0,0.0,0.0,0.0,0.0,0.0,1.0,1.0,0.0,True,0.0,True,0.0,True,0.0,True,1.0,True,0.0,True,0.0,True,0.0,True,0.0,True,1.0,True,0,,True
NEW_DEV_2_CONSUMED,NEWDEV2_070,Carol Burnett,1967,壬,戌,庚,申,丁,未,resource,wealth,1933-04-26,03:26,-33.98000000000002,0.0,0.0,0.0,0.0,0.0,1.0,0.0,0.0,1.0,0.0,0.0,True,0.0,True,0.0,True,0.0,True,1.0,True,0.0,True,0.0,True,1.0,True,0.0,True,0.0,True,0,,True
NEW_DEV_2_CONSUMED,NEWDEV2_070,Carol Burnett,1991,壬,戌,壬,戌,辛,未,peer,resource,1933-04-26,03:26,-33.98000000000002,1.0,0.0,0.0,0.0,0.0,0.0,0.0,0.0,0.0,1.0,1.0,True,0.0,True,0.0,True,0.0,True,0.0,True,0.0,True,0.0,True,0.0,True,0.0,True,1.0,True,0,,True
NEW_DEV_2_CONSUMED,NEWDEV2_071,Carol Channing,1964,甲,午,乙,酉,甲,辰,peer,peer,1921-01-31,20:50,-9.319999999999993,1.0,1.0,0.0,0.0,0.0,0.0,0.0,0.0,0.0,0.0,1.0,True,0.0,True,0.0,True,0.0,True,0.0,True,1.0,True,0.0,True,0.0,True,0.0,True,0.0,True,0,,True
NEW_DEV_2_CONSUMED,NEWDEV2_071,Carol Channing,1981,甲,午,癸,未,辛,酉,resource,officer,1921-01-31,20:50,-9.319999999999993,0.0,0.0,0.0,0.0,0.0,0.0,0.0,1.0,1.0,0.0,0.0,True,0.0,True,0.0,True,0.0,True,1.0,True,0.0,True,0.0,True,0.0,True,1.0,True,0.0,True,0,,True
NEW_DEV_2_CONSUMED,NEWDEV2_072,Carol Kane,1975,乙,未,甲,辰,乙,卯,peer,peer,1952-06-18,08:02,-86.332,1.0,1.0,0.0,0.0,0.0,0.0,0.0,0.0,0.0,0.0,1.0,True,0.0,True,0.0,True,0.0,True,0.0,True,1.0,True,0.0,True,0.0,True,0.0,True,0.0,True,0,,True
NEW_DEV_2_CONSUMED,NEWDEV2_072,Carol Kane,1983,乙,未,癸,卯,癸,亥,resource,resource,1952-06-18,08:02,-86.332,0.0,0.0,0.0,0.0,0.0,0.0,0.0,0.0,1.0,1.0,0.0,True,0.0,True,0.0,True,0.0,True,1.0,True,0.0,True,0.0,True,0.0,True,0.0,True,1.0,True,0,,True
NEW_DEV_2_CONSUMED,NEWDEV2_073,Carmen Miranda,1940,庚,子,己,巳,庚,辰,resource,peer,1909-02-09,15:41,4.4040000000000035,0.0,1.0,0.0,0.0,0.0,0.0,0.0,0.0,1.0,0.0,0.0,True,0.0,True,0.0,True,0.0,True,1.0,True,1.0,True,0.0,True,0.0,True,0.0,True,0.0,True,0,,True
NEW_DEV_2_CONSUMED,NEWDEV2_073,Carmen Miranda,1946,庚,子,己,巳,丙,戌,resource,officer,1909-02-09,15:41,4.4040000000000035,0.0,0.0,0.0,0.0,0.0,0.0,0.0,1.0,1.0,0.0,0.0,True,0.0,True,0.0,True,0.0,True,1.0,True,0.0,True,0.0,True,0.0,True,1.0,True,0.0,True,0,,True
NEW_DEV_2_CONSUMED,NEWDEV2_074,Carmen Electra,1997,辛,巳,辛,丑,丁,丑,peer,officer,1972-04-19,23:48,-38.05599999999998,1.0,0.0,0.0,0.0,0.0,0.0,0.0,1.0,0.0,0.0,1.0,True,0.0,True,0.0,True,0.0,True,0.0,True,0.0,True,0.0,True,0.0,True,1.0,True,0.0,True,0,,True
NEW_DEV_2_CONSUMED,NEWDEV2_074,Carmen Electra,2005,辛,巳,辛,丑,乙,酉,peer,wealth,1972-04-19,23:48,-38.05599999999998,1.0,0.0,0.0,0.0,0.0,1.0,0.0,0.0,0.0,0.0,1.0,True,0.0,True,0.0,True,0.0,True,0.0,True,0.0,True,0.0,True,1.0,True,0.0,True,0.0,True,0,,True
NEW_DEV_2_CONSUMED,NEWDEV2_075,Carmen Basilio,1957,丙,寅,庚,子,丁,酉,wealth,peer,1927-04-02,22:56,-3.004000000000019,0.0,1.0,0.0,0.0,1.0,0.0,0.0,0.0,0.0,0.0,0.0,True,0.0,True,1.0,True,0.0,True,0.0,True,1.0,True,0.0,True,0.0,True,0.0,True,0.0,True,0,,True
NEW_DEV_2_CONSUMED,NEWDEV2_075,Carmen Basilio,1958,丙,寅,庚,子,戊,戌,wealth,output,1927-04-02,22:56,-3.004000000000019,0.0,0.0,0.0,1.0,1.0,0.0,0.0,0.0,0.0,0.0,0.0,True,0.0,True,1.0,True,0.0,True,0.0,True,0.0,True,1.0,True,0.0,True,0.0,True,0.0,True,0,,True
NEW_DEV_2_CONSUMED,NEWDEV2_076,Dennis Weaver,1970,甲,寅,甲,戌,庚,戌,peer,officer,1924-06-04,06:41,-78.048,1.0,0.0,0.0,0.0,0.0,0.0,0.0,1.0,0.0,0.0,1.0,True,0.0,True,0.0,True,0.0,True,0.0,True,0.0,True,0.0,True,0.0,True,1.0,True,0.0,True,0,,True
NEW_DEV_2_CONSUMED,NEWDEV2_076,Dennis Weaver,1977,甲,寅,乙,亥,丁,巳,peer,output,1924-06-04,06:41,-78.048,1.0,0.0,0.0,1.0,0.0,0.0,0.0,0.0,0.0,0.0,1.0,True,0.0,True,0.0,True,0.0,True,0.0,True,0.0,True,1.0,True,0.0,True,0.0,True,0.0,True,0,,True
NEW_DEV_2_CONSUMED,NEWDEV2_077,Dennis Wilson,1977,壬,寅,己,卯,丁,巳,officer,wealth,1944-12-04,22:02,-53.41199999999998,0.0,0.0,0.0,0.0,0.0,1.0,1.0,0.0,0.0,0.0,0.0,True,0.0,True,0.0,True,1.0,True,0.0,True,0.0,True,0.0,True,1.0,True,0.0,True,0.0,True,0,,True
NEW_DEV_2_CONSUMED,NEWDEV2_077,Dennis Wilson,1980,壬,寅,己,卯,庚,申,officer,resource,1944-12-04,22:02,-53.41199999999998,0.0,0.0,0.0,0.0,0.0,0.0,1.0,0.0,0.0,1.0,0.0,True,0.0,True,0.0,True,1.0,True,0.0,True,0.0,True,0.0,True,0.0,True,0.0,True,1.0,True,0,,True
NEW_DEV_2_CONSUMED,NEWDEV2_078,Dennis Ralston,1963,辛,巳,己,酉,癸,卯,resource,output,1942-07-27,07:40,-56.07600000000002,0.0,0.0,0.0,1.0,0.0,0.0,0.0,0.0,1.0,0.0,0.0,True,0.0,True,0.0,True,0.0,True,1.0,True,0.0,True,1.0,True,0.0,True,0.0,True,0.0,True,0,,True
NEW_DEV_2_CONSUMED,NEWDEV2_078,Dennis Ralston,1966,辛,巳,庚,戌,丙,午,peer,officer,1942-07-27,07:40,-56.07600000000002,1.0,0.0,0.0,0.0,0.0,0.0,0.0,1.0,0.0,0.0,1.0,True,0.0,True,0.0,True,0.0,True,0.0,True,0.0,True,0.0,True,0.0,True,1.0,True,0.0,True,0,,True
NEW_DEV_2_CONSUMED,NEWDEV2_079,Jimmy Johnson,1993,乙,亥,甲,寅,癸,酉,peer,resource,1943-07-16,12:56,-75.73599999999999,1.0,0.0,0.0,0.0,0.0,0.0,0.0,0.0,0.0,1.0,1.0,True,0.0,True,0.0,True,0.0,True,0.0,True,0.0,True,0.0,True,0.0,True,0.0,True,1.0,True,0,,True
NEW_DEV_2_CONSUMED,NEWDEV2_079,Jimmy Johnson,1994,乙,亥,甲,寅,甲,戌,peer,peer,1943-07-16,12:56,-75.73599999999999,1.0,1.0,0.0,0.0,0.0,0.0,0.0,0.0,0.0,0.0,1.0,True,0.0,True,0.0,True,0.0,True,0.0,True,1.0,True,0.0,True,0.0,True,0.0,True,0.0,True,0,,True
NEW_DEV_2_CONSUMED,NEWDEV2_080,Eliza Dushku,2000,丁,丑,丙,戌,庚,辰,peer,wealth,1980-12-30,13:46,15.76400000000001,1.0,0.0,0.0,0.0,0.0,1.0,0.0,0.0,0.0,0.0,1.0,True,0.0,True,0.0,True,0.0,True,0.0,True,0.0,True,0.0,True,1.0,True,0.0,True,0.0,True,0,,True
NEW_DEV_2_CONSUMED,NEWDEV2_080,Eliza Dushku,2010,丁,丑,乙,酉,庚,寅,resource,wealth,1980-12-30,13:46,15.76400000000001,0.0,0.0,0.0,0.0,0.0,1.0,0.0,0.0,1.0,0.0,0.0,True,0.0,True,0.0,True,0.0,True,1.0,True,0.0,True,0.0,True,1.0,True,0.0,True,0.0,True,0,,True
NEW_DEV_2_CONSUMED,NEWDEV2_081,Elizabeth Banks,2012,壬,午,壬,戌,壬,辰,peer,peer,1974-02-10,19:17,-53.012,1.0,1.0,0.0,0.0,0.0,0.0,0.0,0.0,0.0,0.0,1.0,True,0.0,True,0.0,True,0.0,True,0.0,True,1.0,True,0.0,True,0.0,True,0.0,True,0.0,True,0,,True
NEW_DEV_2_CONSUMED,NEWDEV2_081,Elizabeth Banks,2019,壬,午,辛,酉,己,亥,resource,officer,1974-02-10,19:17,-53.012,0.0,0.0,0.0,0.0,0.0,0.0,0.0,1.0,1.0,0.0,0.0,True,0.0,True,0.0,True,0.0,True,1.0,True,0.0,True,0.0,True,0.0,True,1.0,True,0.0,True,0,,True
NEW_DEV_2_CONSUMED,NEWDEV2_082,Elizabeth Dole,2002,壬,子,己,丑,壬,午,officer,peer,1936-07-29,00:33,-81.89600000000002,0.0,1.0,0.0,0.0,0.0,0.0,1.0,0.0,0.0,0.0,0.0,True,0.0,True,0.0,True,1.0,True,0.0,True,1.0,True,0.0,True,0.0,True,0.0,True,0.0,True,0,,True
NEW_DEV_2_CONSUMED,NEWDEV2_082,Elizabeth Dole,2008,壬,子,戊,子,戊,子,officer,officer,1936-07-29,00:33,-81.89600000000002,0.0,0.0,0.0,0.0,0.0,0.0,1.0,1.0,0.0,0.0,0.0,True,0.0,True,0.0,True,1.0,True,0.0,True,0.0,True,0.0,True,0.0,True,1.0,True,0.0,True,0,,True
NEW_DEV_2_CONSUMED,NEWDEV2_083,Elizabeth Montgomery,1964,辛,亥,己,未,甲,辰,resource,wealth,1933-04-15,16:45,7.02800000000002,0.0,0.0,0.0,0.0,0.0,1.0,0.0,0.0,1.0,0.0,0.0,True,0.0,True,0.0,True,0.0,True,1.0,True,0.0,True,0.0,True,1.0,True,0.0,True,0.0,True,0,,True
NEW_DEV_2_CONSUMED,NEWDEV2_083,Elizabeth Montgomery,1972,辛,亥,庚,申,壬,子,peer,output,1933-04-15,16:45,7.02800000000002,1.0,0.0,0.0,1.0,0.0,0.0,0.0,0.0,0.0,0.0,1.0,True,0.0,True,0.0,True,0.0,True,0.0,True,0.0,True,1.0,True,0.0,True,0.0,True,0.0,True,0,,True
NEW_DEV_2_CONSUMED,NEWDEV2_084,Elizabeth Olsen,2011,丁,未,戊,辰,辛,卯,output,wealth,1989-02-16,18:56,7.02800000000002,0.0,0.0,1.0,0.0,0.0,1.0,0.0,0.0,0.0,0.0,0.0,True,1.0,True,0.0,True,0.0,True,0.0,True,0.0,True,0.0,True,1.0,True,0.0,True,0.0,True,0,,True
NEW_DEV_2_CONSUMED,NEWDEV2_084,Elizabeth Olsen,2013,丁,未,戊,辰,癸,巳,output,officer,1989-02-16,18:56,7.02800000000002,0.0,0.0,1.0,0.0,0.0,0.0,0.0,1.0,0.0,0.0,0.0,True,1.0,True,0.0,True,0.0,True,0.0,True,0.0,True,0.0,True,0.0,True,1.0,True,0.0,True,0,,True
NEW_DEV_2_CONSUMED,NEWDEV2_085,Judd Hirsch,1981,庚,寅,甲,戌,辛,酉,wealth,peer,1935-03-15,07:23,3.97199999999998,0.0,1.0,0.0,0.0,1.0,0.0,0.0,0.0,0.0,0.0,0.0,True,0.0,True,1.0,True,0.0,True,0.0,True,1.0,True,0.0,True,0.0,True,0.0,True,0.0,True,0,,True
NEW_DEV_2_CONSUMED,NEWDEV2_085,Judd Hirsch,1998,庚,寅,壬,申,戊,寅,output,resource,1935-03-15,07:23,3.97199999999998,0.0,0.0,1.0,0.0,0.0,0.0,0.0,0.0,0.0,1.0,0.0,True,1.0,True,0.0,True,0.0,True,0.0,True,0.0,True,0.0,True,0.0,True,0.0,True,1.0,True,0,,True
NEW_DEV_2_CONSUMED,NEWDEV2_086,Jack Bruce,1966,壬,申,甲,寅,丙,午,output,wealth,1943-05-13,23:52,-137.028,0.0,0.0,1.0,0.0,0.0,1.0,0.0,0.0,0.0,0.0,0.0,True,1.0,True,0.0,True,0.0,True,0.0,True,0.0,True,0.0,True,1.0,True,0.0,True,0.0,True,0,,True
NEW_DEV_2_CONSUMED,NEWDEV2_086,Jack Bruce,1968,壬,申,甲,寅,戊,申,output,officer,1943-05-13,23:52,-137.028,0.0,0.0,1.0,0.0,0.0,0.0,0.0,1.0,0.0,0.0,0.0,True,1.0,True,0.0,True,0.0,True,0.0,True,0.0,True,0.0,True,0.0,True,1.0,True,0.0,True,0,,True
NEW_DEV_2_CONSUMED,NEWDEV2_087,Robert Carlyle,1997,丁,丑,戊,子,丁,丑,output,peer,1961-04-14,03:57,-77.02799999999999,0.0,1.0,1.0,0.0,0.0,0.0,0.0,0.0,0.0,0.0,0.0,True,1.0,True,0.0,True,0.0,True,0.0,True,1.0,True,0.0,True,0.0,True,0.0,True,0.0,True,0,,True
NEW_DEV_2_CONSUMED,NEWDEV2_087,Robert Carlyle,2011,丁,丑,丁,亥,辛,卯,peer,wealth,1961-04-14,03:57,-77.02799999999999,1.0,0.0,0.0,0.0,0.0,1.0,0.0,0.0,0.0,0.0,1.0,True,0.0,True,0.0,True,0.0,True,0.0,True,0.0,True,0.0,True,1.0,True,0.0,True,0.0,True,0,,True
NEW_DEV_2_CONSUMED,NEWDEV2_088,Robert Carradine,1984,己,卯,庚,午,甲,子,output,officer,1954-03-24,19:34,7.02800000000002,0.0,0.0,1.0,0.0,0.0,0.0,0.0,1.0,0.0,0.0,0.0,True,1.0,True,0.0,True,0.0,True,0.0,True,0.0,True,0.0,True,0.0,True,1.0,True,0.0,True,0,,True
NEW_DEV_2_CONSUMED,NEWDEV2_088,Robert Carradine,1989,己,卯,辛,未,己,巳,output,peer,1954-03-24,19:34,7.02800000000002,0.0,1.0,1.0,0.0,0.0,0.0,0.0,0.0,0.0,0.0,0.0,True,1.0,True,0.0,True,0.0,True,0.0,True,1.0,True,0.0,True,0.0,True,0.0,True,0.0,True,0,,True
NEW_DEV_2_CONSUMED,NEWDEV2_089,Robert Byrd,1987,丙,寅,甲,辰,丁,卯,resource,peer,1917-11-20,13:35,-24.572000000000003,0.0,1.0,0.0,0.0,0.0,0.0,0.0,0.0,1.0,0.0,0.0,True,0.0,True,0.0,True,0.0,True,1.0,True,1.0,True,0.0,True,0.0,True,0.0,True,0.0,True,0,,True
NEW_DEV_2_CONSUMED,NEWDEV2_089,Robert Byrd,1988,丙,寅,甲,辰,戊,辰,resource,output,1917-11-20,13:35,-24.572000000000003,0.0,0.0,0.0,1.0,0.0,0.0,0.0,0.0,1.0,0.0,0.0,True,0.0,True,0.0,True,0.0,True,1.0,True,0.0,True,1.0,True,0.0,True,0.0,True,0.0,True,0,,True
NEW_DEV_2_CONSUMED,NEWDEV2_090,Tony Trabert,1955,戊,戌,丙,戌,乙,未,resource,officer,1930-08-16,02:11,-98.05599999999998,0.0,0.0,0.0,0.0,0.0,0.0,0.0,1.0,1.0,0.0,0.0,True,0.0,True,0.0,True,0.0,True,1.0,True,0.0,True,0.0,True,0.0,True,1.0,True,0.0,True,0,,True
NEW_DEV_2_CONSUMED,NEWDEV2_090,Tony Trabert,1956,戊,戌,丙,戌,丙,申,resource,resource,1930-08-16,02:11,-98.05599999999998,0.0,0.0,0.0,0.0,0.0,0.0,0.0,0.0,1.0,1.0,0.0,True,0.0,True,0.0,True,0.0,True,1.0,True,0.0,True,0.0,True,0.0,True,0.0,True,1.0,True,0,,True
NEW_DEV_2_CONSUMED,NEWDEV2_091,Michael Landon,1974,丙,戌,壬,寅,甲,寅,officer,resource,1936-10-31,12:15,3.97199999999998,0.0,0.0,0.0,0.0,0.0,0.0,1.0,0.0,0.0,1.0,0.0,True,0.0,True,0.0,True,1.0,True,0.0,True,0.0,True,0.0,True,0.0,True,0.0,True,1.0,True,0,,True
NEW_DEV_2_CONSUMED,NEWDEV2_091,Michael Landon,1989,丙,戌,甲,辰,己,巳,resource,output,1936-10-31,12:15,3.97199999999998,0.0,0.0,0.0,1.0,0.0,0.0,0.0,0.0,1.0,0.0,0.0,True,0.0,True,0.0,True,0.0,True,1.0,True,0.0,True,1.0,True,0.0,True,0.0,True,0.0,True,0,,True
NEW_DEV_2_CONSUMED,NEWDEV2_092,Michael Llodra,2004,辛,卯,癸,未,甲,申,output,wealth,1980-05-18,08:18,-111.112,0.0,0.0,1.0,0.0,0.0,1.0,0.0,0.0,0.0,0.0,0.0,True,1.0,True,0.0,True,0.0,True,0.0,True,0.0,True,0.0,True,1.0,True,0.0,True,0.0,True,0,,True
NEW_DEV_2_CONSUMED,NEWDEV2_092,Michael Llodra,2014,辛,卯,甲,申,甲,午,wealth,wealth,1980-05-18,08:18,-111.112,0.0,0.0,0.0,0.0,1.0,1.0,0.0,0.0,0.0,0.0,0.0,True,0.0,True,1.0,True,0.0,True,0.0,True,0.0,True,0.0,True,1.0,True,0.0,True,0.0,True,0,,True
NEW_DEV_2_CONSUMED,NEWDEV2_093,Aaron Pryor,1982,甲,寅,癸,未,壬,戌,resource,resource,1955-10-20,08:02,-98.05599999999998,0.0,0.0,0.0,0.0,0.0,0.0,0.0,0.0,1.0,1.0,0.0,True,0.0,True,0.0,True,0.0,True,1.0,True,0.0,True,0.0,True,0.0,True,0.0,True,1.0,True,0,,True
NEW_DEV_2_CONSUMED,NEWDEV2_093,Aaron Pryor,1987,甲,寅,癸,未,丁,卯,resource,output,1955-10-20,08:02,-98.05599999999998,0.0,0.0,0.0,1.0,0.0,0.0,0.0,0.0,1.0,0.0,0.0,True,0.0,True,0.0,True,0.0,True,1.0,True,0.0,True,1.0,True,0.0,True,0.0,True,0.0,True,0,,True
NEW_DEV_2_CONSUMED,NEWDEV2_094,John Slattery,2007,癸,未,壬,子,丁,亥,peer,wealth,1962-08-13,18:36,-44.23599999999999,1.0,0.0,0.0,0.0,0.0,1.0,0.0,0.0,0.0,0.0,1.0,True,0.0,True,0.0,True,0.0,True,0.0,True,0.0,True,0.0,True,1.0,True,0.0,True,0.0,True,0,,True
NEW_DEV_2_CONSUMED,NEWDEV2_094,John Slattery,2014,癸,未,癸,丑,甲,午,peer,output,1962-08-13,18:36,-44.23599999999999,1.0,0.0,0.0,1.0,0.0,0.0,0.0,0.0,0.0,0.0,1.0,True,0.0,True,0.0,True,0.0,True,0.0,True,0.0,True,1.0,True,0.0,True,0.0,True,0.0,True,0,,True
NEW_DEV_2_CONSUMED,NEWDEV2_095,John Updike,1982,戊,寅,戊,申,壬,戌,peer,wealth,1932-03-18,15:41,-3.872000000000014,1.0,0.0,0.0,0.0,0.0,1.0,0.0,0.0,0.0,0.0,1.0,True,0.0,True,0.0,True,0.0,True,0.0,True,0.0,True,0.0,True,1.0,True,0.0,True,0.0,True,0,,True
NEW_DEV_2_CONSUMED,NEWDEV2_095,John Updike,1997,戊,寅,庚,戌,丁,丑,output,resource,1932-03-18,15:41,-3.872000000000014,0.0,0.0,1.0,0.0,0.0,0.0,0.0,0.0,0.0,1.0,0.0,True,1.0,True,0.0,True,0.0,True,0.0,True,0.0,True,0.0,True,0.0,True,0.0,True,1.0,True,0,,True
NEW_DEV_2_CONSUMED,NEWDEV2_096,John Thomas,1961,庚,戌,戊,子,辛,丑,resource,peer,1941-03-03,22:10,15.76400000000001,0.0,1.0,0.0,0.0,0.0,0.0,0.0,0.0,1.0,0.0,0.0,True,0.0,True,0.0,True,0.0,True,1.0,True,1.0,True,0.0,True,0.0,True,0.0,True,0.0,True,0,,True
NEW_DEV_2_CONSUMED,NEWDEV2_096,John Thomas,1964,庚,戌,戊,子,甲,辰,resource,wealth,1941-03-03,22:10,15.76400000000001,0.0,0.0,0.0,0.0,0.0,1.0,0.0,0.0,1.0,0.0,0.0,True,0.0,True,0.0,True,0.0,True,1.0,True,0.0,True,0.0,True,1.0,True,0.0,True,0.0,True,0,,True
NEW_DEV_2_CONSUMED,NEWDEV2_097,Patrick Sercu,1964,壬,戌,壬,申,甲,辰,peer,output,1944-06-27,16:12,-107.508,1.0,0.0,0.0,1.0,0.0,0.0,0.0,0.0,0.0,0.0,1.0,True,0.0,True,0.0,True,0.0,True,0.0,True,0.0,True,1.0,True,0.0,True,0.0,True,0.0,True,0,,True
NEW_DEV_2_CONSUMED,NEWDEV2_097,Patrick Sercu,1968,壬,戌,癸,酉,戊,申,peer,officer,1944-06-27,16:12,-107.508,1.0,0.0,0.0,0.0,0.0,0.0,0.0,1.0,0.0,0.0,1.0,True,0.0,True,0.0,True,0.0,True,0.0,True,0.0,True,0.0,True,0.0,True,1.0,True,0.0,True,0,,True
NEW_DEV_2_CONSUMED,NEWDEV2_098,Grégory Coupet,2005,丙,申,丙,辰,乙,酉,peer,resource,1972-12-31,17:45,-44.46,1.0,0.0,0.0,0.0,0.0,0.0,0.0,0.0,0.0,1.0,1.0,True,0.0,True,0.0,True,0.0,True,0.0,True,0.0,True,0.0,True,0.0,True,0.0,True,1.0,True,0,,True
NEW_DEV_2_CONSUMED,NEWDEV2_098,Grégory Coupet,2007,丙,申,丙,辰,丁,亥,peer,peer,1972-12-31,17:45,-44.46,1.0,1.0,0.0,0.0,0.0,0.0,0.0,0.0,0.0,0.0,1.0,True,0.0,True,0.0,True,0.0,True,0.0,True,1.0,True,0.0,True,0.0,True,0.0,True,0.0,True,0,,True
NEW_DEV_2_CONSUMED,NEWDEV2_099,Grégory Baugé,2009,庚,午,庚,辰,己,丑,peer,resource,1985-01-31,08:03,-51.412,1.0,0.0,0.0,0.0,0.0,0.0,0.0,0.0,0.0,1.0,1.0,True,0.0,True,0.0,True,0.0,True,0.0,True,0.0,True,0.0,True,0.0,True,0.0,True,1.0,True,0,,True
NEW_DEV_2_CONSUMED,NEWDEV2_099,Grégory Baugé,2012,庚,午,庚,辰,壬,辰,peer,output,1985-01-31,08:03,-51.412,1.0,0.0,0.0,1.0,0.0,0.0,0.0,0.0,0.0,0.0,1.0,True,0.0,True,0.0,True,0.0,True,0.0,True,0.0,True,1.0,True,0.0,True,0.0,True,0.0,True,0,,True
NEW_DEV_2_CONSUMED,NEWDEV2_100,Tony Shalhoub,2000,甲,午,丁,巳,庚,辰,output,officer,1953-10-09,23:57,7.947999999999979,0.0,0.0,1.0,0.0,0.0,0.0,0.0,1.0,0.0,0.0,0.0,True,1.0,True,0.0,True,0.0,True,0.0,True,0.0,True,0.0,True,0.0,True,1.0,True,0.0,True,0,,True
NEW_DEV_2_CONSUMED,NEWDEV2_100,Tony Shalhoub,2003,甲,午,丙,辰,癸,未,output,resource,1953-10-09,23:57,7.947999999999979,0.0,0.0,1.0,0.0,0.0,0.0,0.0,0.0,0.0,1.0,0.0,True,1.0,True,0.0,True,0.0,True,0.0,True,0.0,True,0.0,True,0.0,True,0.0,True,1.0,True,0,,True
