repeat,fold,feature,selected,coefficient
0,0,diff__basic__daymaster_element_earth,0.0,0.0
0,0,diff__basic__daymaster_element_fire,0.0,0.0
0,0,diff__basic__daymaster_element_metal,0.0,0.0
0,0,diff__basic__daymaster_element_water,0.0,0.0
0,0,diff__basic__daymaster_element_wood,0.0,0.0
0,0,diff__basic__daymaster_stem_丁,0.0,0.0
0,0,diff__basic__daymaster_stem_丙,0.0,0.0
0,0,diff__basic__daymaster_stem_乙,0.0,0.0
0,0,diff__basic__daymaster_stem_壬,0.0,0.0
0,0,diff__basic__daymaster_stem_己,0.0,0.0
0,0,diff__basic__daymaster_stem_庚,0.0,0.0
0,0,diff__basic__daymaster_stem_戊,0.0,0.0
0,0,diff__basic__daymaster_stem_甲,0.0,0.0
0,0,diff__basic__daymaster_stem_癸,0.0,0.0
0,0,diff__basic__daymaster_stem_辛,0.0,0.0
0,0,diff__basic__dw_branch_丑,0.0,0.0
0,0,diff__basic__dw_branch_亥,0.0,0.0
0,0,diff__basic__dw_branch_午,0.0,0.0
0,0,diff__basic__dw_branch_卯,0.0,0.0
0,0,diff__basic__dw_branch_子,0.0,0.0
0,0,diff__basic__dw_branch_寅,0.0,0.0
0,0,diff__basic__dw_branch_巳,0.0,0.0
0,0,diff__basic__dw_branch_戌,0.0,0.0
0,0,diff__basic__dw_branch_未,0.0,0.0
0,0,diff__basic__dw_branch_申,0.0,0.0
0,0,diff__basic__dw_branch_辰,0.0,0.0
0,0,diff__basic__dw_branch_酉,0.0,0.0
0,0,diff__basic__dw_element_earth,0.0,0.0
0,0,diff__basic__dw_element_fire,0.0,0.0
0,0,diff__basic__dw_element_metal,0.0,0.0
0,0,diff__basic__dw_element_water,0.0,0.0
0,0,diff__basic__dw_element_wood,0.0,0.0
0,0,diff__basic__dw_stem_丁,0.0,0.0
0,0,diff__basic__dw_stem_丙,0.0,0.0
0,0,diff__basic__dw_stem_乙,0.0,0.0
0,0,diff__basic__dw_stem_壬,0.0,0.0
0,0,diff__basic__dw_stem_己,0.0,0.0
0,0,diff__basic__dw_stem_庚,0.0,0.0
0,0,diff__basic__dw_stem_戊,0.0,0.0
0,0,diff__basic__dw_stem_甲,0.0,0.0
0,0,diff__basic__dw_stem_癸,0.0,0.0
0,0,diff__basic__dw_stem_辛,0.0,0.0
0,0,diff__basic__dw_yy_yang,0.0,0.0
0,0,diff__basic__dw_yy_yin,0.0,0.0
0,0,diff__basic__natal_day_branch_丑,0.0,0.0
0,0,diff__basic__natal_day_branch_亥,0.0,0.0
0,0,diff__basic__natal_day_branch_午,0.0,0.0
0,0,diff__basic__natal_day_branch_卯,0.0,0.0
0,0,diff__basic__natal_day_branch_子,0.0,0.0
0,0,diff__basic__natal_day_branch_寅,0.0,0.0
0,0,diff__basic__natal_day_branch_巳,0.0,0.0
0,0,diff__basic__natal_day_branch_戌,0.0,0.0
0,0,diff__basic__natal_day_branch_未,0.0,0.0
0,0,diff__basic__natal_day_branch_申,0.0,0.0
0,0,diff__basic__natal_day_branch_辰,0.0,0.0
0,0,diff__basic__natal_day_branch_酉,0.0,0.0
0,0,diff__basic__natal_day_stem_丁,0.0,0.0
0,0,diff__basic__natal_day_stem_丙,0.0,0.0
0,0,diff__basic__natal_day_stem_乙,0.0,0.0
0,0,diff__basic__natal_day_stem_壬,0.0,0.0
0,0,diff__basic__natal_day_stem_己,0.0,0.0
0,0,diff__basic__natal_day_stem_庚,0.0,0.0
0,0,diff__basic__natal_day_stem_戊,0.0,0.0
0,0,diff__basic__natal_day_stem_甲,0.0,0.0
0,0,diff__basic__natal_day_stem_癸,0.0,0.0
0,0,diff__basic__natal_day_stem_辛,0.0,0.0
0,0,diff__basic__natal_element_count_earth,0.0,0.0
0,0,diff__basic__natal_element_count_fire,0.0,0.0
0,0,diff__basic__natal_element_count_metal,0.0,0.0
0,0,diff__basic__natal_element_count_water,0.0,0.0
0,0,diff__basic__natal_element_count_wood,0.0,0.0
0,0,diff__basic__natal_hour_branch_丑,0.0,0.0
0,0,diff__basic__natal_hour_branch_亥,0.0,0.0
0,0,diff__basic__natal_hour_branch_午,0.0,0.0
0,0,diff__basic__natal_hour_branch_卯,0.0,0.0
0,0,diff__basic__natal_hour_branch_子,0.0,0.0
0,0,diff__basic__natal_hour_branch_寅,0.0,0.0
0,0,diff__basic__natal_hour_branch_巳,0.0,0.0
0,0,diff__basic__natal_hour_branch_戌,0.0,0.0
0,0,diff__basic__natal_hour_branch_未,0.0,0.0
0,0,diff__basic__natal_hour_branch_申,0.0,0.0
0,0,diff__basic__natal_hour_branch_辰,0.0,0.0
0,0,diff__basic__natal_hour_branch_酉,0.0,0.0
0,0,diff__basic__natal_hour_stem_丁,0.0,0.0
0,0,diff__basic__natal_hour_stem_丙,0.0,0.0
0,0,diff__basic__natal_hour_stem_乙,0.0,0.0
0,0,diff__basic__natal_hour_stem_壬,0.0,0.0
0,0,diff__basic__natal_hour_stem_己,0.0,0.0
0,0,diff__basic__natal_hour_stem_庚,0.0,0.0
0,0,diff__basic__natal_hour_stem_戊,0.0,0.0
0,0,diff__basic__natal_hour_stem_甲,0.0,0.0
0,0,diff__basic__natal_hour_stem_癸,0.0,0.0
0,0,diff__basic__natal_hour_stem_辛,0.0,0.0
0,0,diff__basic__natal_month_branch_丑,0.0,0.0
0,0,diff__basic__natal_month_branch_亥,0.0,0.0
0,0,diff__basic__natal_month_branch_午,0.0,0.0
0,0,diff__basic__natal_month_branch_卯,0.0,0.0
0,0,diff__basic__natal_month_branch_子,0.0,0.0
0,0,diff__basic__natal_month_branch_寅,0.0,0.0
0,0,diff__basic__natal_month_branch_巳,0.0,0.0
0,0,diff__basic__natal_month_branch_戌,0.0,0.0
0,0,diff__basic__natal_month_branch_未,0.0,0.0
0,0,diff__basic__natal_month_branch_申,0.0,0.0
0,0,diff__basic__natal_month_branch_辰,0.0,0.0
0,0,diff__basic__natal_month_branch_酉,0.0,0.0
0,0,diff__basic__natal_month_stem_丁,0.0,0.0
0,0,diff__basic__natal_month_stem_丙,0.0,0.0
0,0,diff__basic__natal_month_stem_乙,0.0,0.0
0,0,diff__basic__natal_month_stem_壬,0.0,0.0
0,0,diff__basic__natal_month_stem_己,0.0,0.0
0,0,diff__basic__natal_month_stem_庚,0.0,0.0
0,0,diff__basic__natal_month_stem_戊,0.0,0.0
0,0,diff__basic__natal_month_stem_甲,0.0,0.0
0,0,diff__basic__natal_month_stem_癸,0.0,0.0
0,0,diff__basic__natal_month_stem_辛,0.0,0.0
0,0,diff__basic__natal_year_branch_丑,0.0,0.0
0,0,diff__basic__natal_year_branch_亥,0.0,0.0
0,0,diff__basic__natal_year_branch_午,0.0,0.0
0,0,diff__basic__natal_year_branch_卯,0.0,0.0
0,0,diff__basic__natal_year_branch_子,0.0,0.0
0,0,diff__basic__natal_year_branch_寅,0.0,0.0
0,0,diff__basic__natal_year_branch_巳,0.0,0.0
0,0,diff__basic__natal_year_branch_戌,0.0,0.0
0,0,diff__basic__natal_year_branch_未,0.0,0.0
0,0,diff__basic__natal_year_branch_申,0.0,0.0
0,0,diff__basic__natal_year_branch_辰,0.0,0.0
0,0,diff__basic__natal_year_branch_酉,0.0,0.0
0,0,diff__basic__natal_year_stem_丁,0.0,0.0
0,0,diff__basic__natal_year_stem_丙,0.0,0.0
0,0,diff__basic__natal_year_stem_乙,0.0,0.0
0,0,diff__basic__natal_year_stem_壬,0.0,0.0
0,0,diff__basic__natal_year_stem_己,0.0,0.0
0,0,diff__basic__natal_year_stem_庚,0.0,0.0
0,0,diff__basic__natal_year_stem_戊,0.0,0.0
0,0,diff__basic__natal_year_stem_甲,0.0,0.0
0,0,diff__basic__natal_year_stem_癸,0.0,0.0
0,0,diff__basic__natal_year_stem_辛,0.0,0.0
0,0,diff__basic__sw_branch_丑,0.0,0.0
0,0,diff__basic__sw_branch_亥,0.0,0.0
0,0,diff__basic__sw_branch_午,0.0,0.0
0,0,diff__basic__sw_branch_卯,0.0,0.0
0,0,diff__basic__sw_branch_子,0.0,0.0
0,0,diff__basic__sw_branch_寅,0.0,0.0
0,0,diff__basic__sw_branch_巳,0.0,0.0
0,0,diff__basic__sw_branch_戌,0.0,0.0
0,0,diff__basic__sw_branch_未,0.0,0.0
0,0,diff__basic__sw_branch_申,0.0,0.0
0,0,diff__basic__sw_branch_辰,0.0,0.0
0,0,diff__basic__sw_branch_酉,0.0,0.0
0,0,diff__basic__sw_element_earth,0.0,0.0
0,0,diff__basic__sw_element_fire,0.0,0.0
0,0,diff__basic__sw_element_metal,0.0,0.0
0,0,diff__basic__sw_element_water,0.0,0.0
0,0,diff__basic__sw_element_wood,0.0,0.0
0,0,diff__basic__sw_stem_丁,0.0,0.0
0,0,diff__basic__sw_stem_丙,0.0,0.0
0,0,diff__basic__sw_stem_乙,0.0,0.0
0,0,diff__basic__sw_stem_壬,0.0,0.0
0,0,diff__basic__sw_stem_己,0.0,0.0
0,0,diff__basic__sw_stem_庚,0.0,0.0
0,0,diff__basic__sw_stem_戊,0.0,0.0
0,0,diff__basic__sw_stem_甲,0.0,0.0
0,0,diff__basic__sw_stem_癸,0.0,0.0
0,0,diff__basic__sw_stem_辛,0.0,0.0
0,0,diff__basic__sw_yy_yang,0.0,0.0
0,0,diff__basic__sw_yy_yin,0.0,0.0
0,0,diff__engine__strength_극약,0.0,0.0
0,0,diff__engine__strength_극왕,0.0,0.0
0,0,diff__engine__strength_신강,0.0,0.0
0,0,diff__engine__strength_신약,0.0,0.0
0,0,diff__engine__strength_중화신강,0.0,0.0
0,0,diff__engine__strength_중화신약,0.0,0.0
0,0,diff__engine__strength_태강,0.0,0.0
0,0,diff__engine__strength_태약,0.0,0.0
0,0,diff__hidden__natal_element_count_earth,0.0,0.0
0,0,diff__hidden__natal_element_count_fire,0.0,0.0
0,0,diff__hidden__natal_element_count_metal,0.0,0.0
0,0,diff__hidden__natal_element_count_water,0.0,0.0
0,0,diff__hidden__natal_element_count_wood,0.0,0.0
0,0,diff__hidden__natal_tg_count_officer,0.0,0.0
0,0,diff__hidden__natal_tg_count_output,0.0,0.0
0,0,diff__hidden__natal_tg_count_peer,0.0,0.0
0,0,diff__hidden__natal_tg_count_resource,0.0,0.0
0,0,diff__hidden__natal_tg_count_wealth,0.0,0.0
0,0,diff__relation__dw_branch_break_natal,0.0,0.0
0,0,diff__relation__dw_branch_clash_natal,0.0,0.0
0,0,diff__relation__dw_branch_combine_natal,0.0,0.0
0,0,diff__relation__dw_branch_harm_natal,0.0,0.0
0,0,diff__relation__dw_branch_punish_natal,0.0,0.0
0,0,diff__relation__dw_stem_clash_natal,0.0,0.0
0,0,diff__relation__dw_stem_combine_natal,0.0,0.0
0,0,diff__relation__sw_branch_break_natal,0.0,0.0
0,0,diff__relation__sw_branch_clash_natal,0.0,0.0
0,0,diff__relation__sw_branch_combine_natal,0.0,0.0
0,0,diff__relation__sw_branch_harm_natal,0.0,0.0
0,0,diff__relation__sw_branch_punish_natal,0.0,0.0
0,0,diff__relation__sw_dw_branch_break,0.0,0.0
0,0,diff__relation__sw_dw_branch_clash,0.0,0.0
0,0,diff__relation__sw_dw_branch_combine,0.0,0.0
0,0,diff__relation__sw_dw_branch_harm,0.0,0.0
0,0,diff__relation__sw_dw_branch_punish,0.0,0.0
0,0,diff__relation__sw_dw_stem_clash,0.0,0.0
0,0,diff__relation__sw_dw_stem_combine,0.0,0.0
0,0,diff__relation__sw_stem_clash_natal,0.0,0.0
0,0,diff__relation__sw_stem_combine_natal,0.0,0.0
0,0,diff__shinsal__dw_breakdown_scalar,0.0,0.0
0,0,diff__shinsal__dw_gongmang_is_gongmang,0.0,0.0
0,0,diff__shinsal__dw_gongmang_rel,0.0,0.0
0,0,diff__shinsal__dw_gongmang_trine,0.0,0.0
0,0,diff__shinsal__dw_gongmang_unseong,0.0,0.0
0,0,diff__shinsal__dw_gongmang_yfit_branch,0.0,0.0
0,0,diff__shinsal__dw_indicators_귀인력,0.0,0.0
0,0,diff__shinsal__dw_noble_power,0.0,0.0
0,0,diff__shinsal__dw_신살_길신__count,0.0,0.0
0,0,diff__shinsal__dw_신살_길신__록신_,0.0,0.0
0,0,diff__shinsal__dw_신살_길신__문창귀인_,0.0,0.0
0,0,diff__shinsal__dw_신살_길신__반안_,0.0,0.0
0,0,diff__shinsal__dw_신살_길신__장성_,0.0,0.0
0,0,diff__shinsal__dw_신살_길신__천을귀인_,0.0,0.0
0,0,diff__shinsal__dw_신살_길신__천희_,0.0,0.0
0,0,diff__shinsal__dw_신살_길신__홍란_,0.0,0.0
0,0,diff__shinsal__dw_신살_길신__화개_,0.0,0.0
0,0,diff__shinsal__dw_신살_흉살__count,0.0,0.0
0,0,diff__shinsal__dw_신살_흉살__겁살_,0.0,0.0
0,0,diff__shinsal__dw_신살_흉살__고진_,0.0,0.0
0,0,diff__shinsal__dw_신살_흉살__과숙_,0.0,0.0
0,0,diff__shinsal__dw_신살_흉살__도화_,0.0,0.0
0,0,diff__shinsal__dw_신살_흉살__망신_,0.0,0.0
0,0,diff__shinsal__dw_신살_흉살__양인_,0.0,0.0
0,0,diff__shinsal__dw_신살_흉살__역마_,0.0,0.0
0,0,diff__shinsal__sw_indicators_귀인력,0.0,0.0
0,0,diff__shinsal__sw_세운_신살_길신__count,0.0,0.0
0,0,diff__shinsal__sw_세운_신살_길신__록신_,0.0,0.0
0,0,diff__shinsal__sw_세운_신살_길신__문창귀인_,0.0,0.0
0,0,diff__shinsal__sw_세운_신살_길신__반안_,0.0,0.0
0,0,diff__shinsal__sw_세운_신살_길신__장성_,0.0,0.0
0,0,diff__shinsal__sw_세운_신살_길신__천을귀인_,0.0,0.0
0,0,diff__shinsal__sw_세운_신살_길신__천희_,0.0,0.0
0,0,diff__shinsal__sw_세운_신살_길신__홍란_,0.0,0.0
0,0,diff__shinsal__sw_세운_신살_길신__화개_,0.0,0.0
0,0,diff__shinsal__sw_세운_신살_흉살__count,0.0,0.0
0,0,diff__shinsal__sw_세운_신살_흉살__겁살_,0.0,0.0
0,0,diff__shinsal__sw_세운_신살_흉살__고진_,0.0,0.0
0,0,diff__shinsal__sw_세운_신살_흉살__과숙_,0.0,0.0
0,0,diff__shinsal__sw_세운_신살_흉살__도화_,0.0,0.0
0,0,diff__shinsal__sw_세운_신살_흉살__망신_,0.0,0.0
0,0,diff__shinsal__sw_세운_신살_흉살__양인_,0.0,0.0
0,0,diff__shinsal__sw_세운_신살_흉살__역마_,0.0,0.0
0,0,diff__tengod__dw_group_officer,0.0,0.0
0,0,diff__tengod__dw_group_output,0.0,0.0
0,0,diff__tengod__dw_group_peer,0.0,0.0
0,0,diff__tengod__dw_group_resource,0.0,0.0
0,0,diff__tengod__dw_group_wealth,0.0,0.0
0,0,diff__tengod__sw_group_officer,0.0,0.0
0,0,diff__tengod__sw_group_output,0.0,0.0
0,0,diff__tengod__sw_group_peer,0.0,0.0
0,0,diff__tengod__sw_group_resource,0.0,0.0
0,0,diff__tengod__sw_group_wealth,0.0,0.0
0,0,diff__tg10__dw_branch_hidden_bijian,0.0,0.0
0,0,diff__tg10__dw_branch_hidden_jiecai,0.0,0.0
0,0,diff__tg10__dw_branch_hidden_pian_cai,0.0,0.0
0,0,diff__tg10__dw_branch_hidden_pian_yin,0.0,0.0
0,0,diff__tg10__dw_branch_hidden_qi_sha,0.0,0.0
0,0,diff__tg10__dw_branch_hidden_shangguan,0.0,0.0
0,0,diff__tg10__dw_branch_hidden_shishen,0.0,0.0
0,0,diff__tg10__dw_branch_hidden_zheng_cai,0.0,0.0
0,0,diff__tg10__dw_branch_hidden_zheng_guan,0.0,0.0
0,0,diff__tg10__dw_branch_hidden_zheng_yin,0.0,0.0
0,0,diff__tg10__dw_stem_bijian,0.0,0.0
0,0,diff__tg10__dw_stem_jiecai,0.0,0.0
0,0,diff__tg10__dw_stem_pian_cai,0.0,0.0
0,0,diff__tg10__dw_stem_pian_yin,0.0,0.0
0,0,diff__tg10__dw_stem_qi_sha,0.0,0.0
0,0,diff__tg10__dw_stem_shangguan,0.0,0.0
0,0,diff__tg10__dw_stem_shishen,0.0,0.0
0,0,diff__tg10__dw_stem_zheng_cai,0.0,0.0
0,0,diff__tg10__dw_stem_zheng_guan,0.0,0.0
0,0,diff__tg10__dw_stem_zheng_yin,0.0,0.0
0,0,diff__tg10__sw_branch_hidden_bijian,0.0,0.0
0,0,diff__tg10__sw_branch_hidden_jiecai,0.0,0.0
0,0,diff__tg10__sw_branch_hidden_pian_cai,0.0,0.0
0,0,diff__tg10__sw_branch_hidden_pian_yin,0.0,0.0
0,0,diff__tg10__sw_branch_hidden_qi_sha,0.0,0.0
0,0,diff__tg10__sw_branch_hidden_shangguan,0.0,0.0
0,0,diff__tg10__sw_branch_hidden_shishen,0.0,0.0
0,0,diff__tg10__sw_branch_hidden_zheng_cai,0.0,0.0
0,0,diff__tg10__sw_branch_hidden_zheng_guan,0.0,0.0
0,0,diff__tg10__sw_branch_hidden_zheng_yin,0.0,0.0
0,0,diff__tg10__sw_stem_bijian,0.0,0.0
0,0,diff__tg10__sw_stem_jiecai,0.0,0.0
0,0,diff__tg10__sw_stem_pian_cai,0.0,0.0
0,0,diff__tg10__sw_stem_pian_yin,0.0,0.0
0,0,diff__tg10__sw_stem_qi_sha,0.0,0.0
0,0,diff__tg10__sw_stem_shangguan,0.0,0.0
0,0,diff__tg10__sw_stem_shishen,0.0,0.0
0,0,diff__tg10__sw_stem_zheng_cai,0.0,0.0
0,0,diff__tg10__sw_stem_zheng_guan,0.0,0.0
0,0,diff__tg10__sw_stem_zheng_yin,0.0,0.0
0,0,diff__tgxstrength__dw_bijian_neutral,0.0,0.0
0,0,diff__tgxstrength__dw_bijian_strong,0.0,0.0
0,0,diff__tgxstrength__dw_bijian_weak,0.0,0.0
0,0,diff__tgxstrength__dw_jiecai_neutral,0.0,0.0
0,0,diff__tgxstrength__dw_jiecai_strong,0.0,0.0
0,0,diff__tgxstrength__dw_jiecai_weak,0.0,0.0
0,0,diff__tgxstrength__dw_pian_cai_neutral,0.0,0.0
0,0,diff__tgxstrength__dw_pian_cai_strong,0.0,0.0
0,0,diff__tgxstrength__dw_pian_cai_weak,0.0,0.0
0,0,diff__tgxstrength__dw_pian_yin_neutral,0.0,0.0
0,0,diff__tgxstrength__dw_pian_yin_strong,0.0,0.0
0,0,diff__tgxstrength__dw_pian_yin_weak,0.0,0.0
0,0,diff__tgxstrength__dw_qi_sha_neutral,0.0,0.0
0,0,diff__tgxstrength__dw_qi_sha_strong,0.0,0.0
0,0,diff__tgxstrength__dw_qi_sha_weak,0.0,0.0
0,0,diff__tgxstrength__dw_shangguan_neutral,0.0,0.0
0,0,diff__tgxstrength__dw_shangguan_strong,0.0,0.0
0,0,diff__tgxstrength__dw_shangguan_weak,0.0,0.0
0,0,diff__tgxstrength__dw_shishen_neutral,0.0,0.0
0,0,diff__tgxstrength__dw_shishen_strong,0.0,0.0
0,0,diff__tgxstrength__dw_shishen_weak,0.0,0.0
0,0,diff__tgxstrength__dw_zheng_cai_neutral,0.0,0.0
0,0,diff__tgxstrength__dw_zheng_cai_strong,0.0,0.0
0,0,diff__tgxstrength__dw_zheng_cai_weak,0.0,0.0
0,0,diff__tgxstrength__dw_zheng_guan_neutral,0.0,0.0
0,0,diff__tgxstrength__dw_zheng_guan_strong,0.0,0.0
0,0,diff__tgxstrength__dw_zheng_guan_weak,0.0,0.0
0,0,diff__tgxstrength__dw_zheng_yin_neutral,0.0,0.0
0,0,diff__tgxstrength__dw_zheng_yin_strong,0.0,0.0
0,0,diff__tgxstrength__dw_zheng_yin_weak,0.0,0.0
0,0,diff__tgxstrength__sw_bijian_neutral,0.0,0.0
0,0,diff__tgxstrength__sw_bijian_strong,0.0,0.0
0,0,diff__tgxstrength__sw_bijian_weak,0.0,0.0
0,0,diff__tgxstrength__sw_jiecai_neutral,0.0,0.0
0,0,diff__tgxstrength__sw_jiecai_strong,0.0,0.0
0,0,diff__tgxstrength__sw_jiecai_weak,0.0,0.0
0,0,diff__tgxstrength__sw_pian_cai_neutral,0.0,0.0
0,0,diff__tgxstrength__sw_pian_cai_strong,0.0,0.0
0,0,diff__tgxstrength__sw_pian_cai_weak,0.0,0.0
0,0,diff__tgxstrength__sw_pian_yin_neutral,0.0,0.0
0,0,diff__tgxstrength__sw_pian_yin_strong,0.0,0.0
0,0,diff__tgxstrength__sw_pian_yin_weak,0.0,0.0
0,0,diff__tgxstrength__sw_qi_sha_neutral,0.0,0.0
0,0,diff__tgxstrength__sw_qi_sha_strong,0.0,0.0
0,0,diff__tgxstrength__sw_qi_sha_weak,0.0,0.0
0,0,diff__tgxstrength__sw_shangguan_neutral,0.0,0.0
0,0,diff__tgxstrength__sw_shangguan_strong,0.0,0.0
0,0,diff__tgxstrength__sw_shangguan_weak,0.0,0.0
0,0,diff__tgxstrength__sw_shishen_neutral,0.0,0.0
0,0,diff__tgxstrength__sw_shishen_strong,0.0,0.0
0,0,diff__tgxstrength__sw_shishen_weak,0.0,0.0
0,0,diff__tgxstrength__sw_zheng_cai_neutral,0.0,0.0
0,0,diff__tgxstrength__sw_zheng_cai_strong,0.0,0.0
0,0,diff__tgxstrength__sw_zheng_cai_weak,0.0,0.0
0,0,diff__tgxstrength__sw_zheng_guan_neutral,0.0,0.0
0,0,diff__tgxstrength__sw_zheng_guan_strong,0.0,0.0
0,0,diff__tgxstrength__sw_zheng_guan_weak,0.0,0.0
0,0,diff__tgxstrength__sw_zheng_yin_neutral,0.0,0.0
0,0,diff__tgxstrength__sw_zheng_yin_strong,0.0,0.0
0,0,diff__tgxstrength__sw_zheng_yin_weak,0.0,0.0
0,0,diff__unseong__dw_raw_score,0.0,0.0
0,0,diff__unseong__dw_score_x_strength,0.0,0.0
0,0,diff__unseong__dw_state_건록,0.0,0.0
0,0,diff__unseong__dw_state_관대,0.0,0.0
0,0,diff__unseong__dw_state_목욕,0.0,0.0
0,0,diff__unseong__dw_state_묘,0.0,0.0
0,0,diff__unseong__dw_state_병,0.0,0.0
0,0,diff__unseong__dw_state_사,0.0,0.0
0,0,diff__unseong__dw_state_쇠,0.0,0.0
0,0,diff__unseong__dw_state_양,0.0,0.0
0,0,diff__unseong__dw_state_장생,0.0,0.0
0,0,diff__unseong__dw_state_절,0.0,0.0
0,0,diff__unseong__dw_state_제왕,0.0,0.0
0,0,diff__unseong__dw_state_태,0.0,0.0
0,0,diff__unseong__sw_raw_score,0.0,0.0
0,0,diff__unseong__sw_score_x_strength,0.0,0.0
0,0,diff__unseong__sw_state_건록,0.0,0.0
0,0,diff__unseong__sw_state_관대,0.0,0.0
0,0,diff__unseong__sw_state_목욕,0.0,0.0
0,0,diff__unseong__sw_state_묘,0.0,0.0
0,0,diff__unseong__sw_state_병,0.0,0.0
0,0,diff__unseong__sw_state_사,0.0,0.0
0,0,diff__unseong__sw_state_쇠,0.0,0.0
0,0,diff__unseong__sw_state_양,0.0,0.0
0,0,diff__unseong__sw_state_장생,0.0,0.0
0,0,diff__unseong__sw_state_절,0.0,0.0
0,0,diff__unseong__sw_state_제왕,0.0,0.0
0,0,diff__unseong__sw_state_태,0.0,0.0
0,0,diff__yongshin__dw_gi_fit,0.0,0.0
0,0,diff__yongshin__dw_gu_fit,0.0,0.0
0,0,diff__yongshin__dw_hee_fit,0.0,0.0
0,0,diff__yongshin__dw_supplies_fav,0.0,0.0
0,0,diff__yongshin__dw_supplies_unfav,0.0,0.0
0,0,diff__yongshin__dw_yong_branch_fit,0.0,0.0
0,0,diff__yongshin__dw_yong_fit,0.0,0.0
0,0,diff__yongshin__dw_yong_stem_fit,0.0,0.0
0,0,diff__yongshin__sw_gi_fit,0.0,0.0
0,0,diff__yongshin__sw_gu_fit,0.0,0.0
0,0,diff__yongshin__sw_hee_fit,0.0,0.0
0,0,diff__yongshin__sw_supplies_fav,0.0,0.0
0,0,diff__yongshin__sw_supplies_unfav,0.0,0.0
0,0,diff__yongshin__sw_yong_branch_fit,0.0,0.0
0,0,diff__yongshin__sw_yong_fit,0.0,0.0
0,0,diff__yongshin__sw_yong_stem_fit,0.0,0.0
0,1,diff__basic__daymaster_element_earth,0.0,0.0
0,1,diff__basic__daymaster_element_fire,0.0,0.0
0,1,diff__basic__daymaster_element_metal,0.0,0.0
0,1,diff__basic__daymaster_element_water,0.0,0.0
0,1,diff__basic__daymaster_element_wood,0.0,0.0
0,1,diff__basic__daymaster_stem_丁,0.0,0.0
0,1,diff__basic__daymaster_stem_丙,0.0,0.0
0,1,diff__basic__daymaster_stem_乙,0.0,0.0
0,1,diff__basic__daymaster_stem_壬,0.0,0.0
0,1,diff__basic__daymaster_stem_己,0.0,0.0
0,1,diff__basic__daymaster_stem_庚,0.0,0.0
0,1,diff__basic__daymaster_stem_戊,0.0,0.0
0,1,diff__basic__daymaster_stem_甲,0.0,0.0
0,1,diff__basic__daymaster_stem_癸,0.0,0.0
0,1,diff__basic__daymaster_stem_辛,0.0,0.0
0,1,diff__basic__dw_branch_丑,0.0,0.0
0,1,diff__basic__dw_branch_亥,1.0,-0.01133666016176871
0,1,diff__basic__dw_branch_午,1.0,-0.5221409332762241
0,1,diff__basic__dw_branch_卯,0.0,0.0
0,1,diff__basic__dw_branch_子,0.0,0.0
0,1,diff__basic__dw_branch_寅,0.0,0.0
0,1,diff__basic__dw_branch_巳,0.0,0.0
0,1,diff__basic__dw_branch_戌,0.0,0.0
0,1,diff__basic__dw_branch_未,0.0,0.0
0,1,diff__basic__dw_branch_申,1.0,0.12206163009327953
0,1,diff__basic__dw_branch_辰,1.0,-0.08975970500825942
0,1,diff__basic__dw_branch_酉,0.0,0.0
0,1,diff__basic__dw_element_earth,0.0,0.0
0,1,diff__basic__dw_element_fire,0.0,0.0
0,1,diff__basic__dw_element_metal,0.0,0.0
0,1,diff__basic__dw_element_water,0.0,0.0
0,1,diff__basic__dw_element_wood,1.0,-0.06289234079727483
0,1,diff__basic__dw_stem_丁,0.0,0.0
0,1,diff__basic__dw_stem_丙,0.0,0.0
0,1,diff__basic__dw_stem_乙,1.0,-0.29728155945191465
0,1,diff__basic__dw_stem_壬,0.0,0.0
0,1,diff__basic__dw_stem_己,1.0,0.45853274809286815
0,1,diff__basic__dw_stem_庚,0.0,0.0
0,1,diff__basic__dw_stem_戊,0.0,0.0
0,1,diff__basic__dw_stem_甲,0.0,0.0
0,1,diff__basic__dw_stem_癸,0.0,0.0
0,1,diff__basic__dw_stem_辛,1.0,-0.15061511695507288
0,1,diff__basic__dw_yy_yang,0.0,0.0
0,1,diff__basic__dw_yy_yin,0.0,0.0
0,1,diff__basic__natal_day_branch_丑,0.0,0.0
0,1,diff__basic__natal_day_branch_亥,0.0,0.0
0,1,diff__basic__natal_day_branch_午,0.0,0.0
0,1,diff__basic__natal_day_branch_卯,0.0,0.0
0,1,diff__basic__natal_day_branch_子,0.0,0.0
0,1,diff__basic__natal_day_branch_寅,0.0,0.0
0,1,diff__basic__natal_day_branch_巳,0.0,0.0
0,1,diff__basic__natal_day_branch_戌,0.0,0.0
0,1,diff__basic__natal_day_branch_未,0.0,0.0
0,1,diff__basic__natal_day_branch_申,0.0,0.0
0,1,diff__basic__natal_day_branch_辰,0.0,0.0
0,1,diff__basic__natal_day_branch_酉,0.0,0.0
0,1,diff__basic__natal_day_stem_丁,0.0,0.0
0,1,diff__basic__natal_day_stem_丙,0.0,0.0
0,1,diff__basic__natal_day_stem_乙,0.0,0.0
0,1,diff__basic__natal_day_stem_壬,0.0,0.0
0,1,diff__basic__natal_day_stem_己,0.0,0.0
0,1,diff__basic__natal_day_stem_庚,0.0,0.0
0,1,diff__basic__natal_day_stem_戊,0.0,0.0
0,1,diff__basic__natal_day_stem_甲,0.0,0.0
0,1,diff__basic__natal_day_stem_癸,0.0,0.0
0,1,diff__basic__natal_day_stem_辛,0.0,0.0
0,1,diff__basic__natal_element_count_earth,0.0,0.0
0,1,diff__basic__natal_element_count_fire,0.0,0.0
0,1,diff__basic__natal_element_count_metal,0.0,0.0
0,1,diff__basic__natal_element_count_water,0.0,0.0
0,1,diff__basic__natal_element_count_wood,0.0,0.0
0,1,diff__basic__natal_hour_branch_丑,0.0,0.0
0,1,diff__basic__natal_hour_branch_亥,0.0,0.0
0,1,diff__basic__natal_hour_branch_午,0.0,0.0
0,1,diff__basic__natal_hour_branch_卯,0.0,0.0
0,1,diff__basic__natal_hour_branch_子,0.0,0.0
0,1,diff__basic__natal_hour_branch_寅,0.0,0.0
0,1,diff__basic__natal_hour_branch_巳,0.0,0.0
0,1,diff__basic__natal_hour_branch_戌,0.0,0.0
0,1,diff__basic__natal_hour_branch_未,0.0,0.0
0,1,diff__basic__natal_hour_branch_申,0.0,0.0
0,1,diff__basic__natal_hour_branch_辰,0.0,0.0
0,1,diff__basic__natal_hour_branch_酉,0.0,0.0
0,1,diff__basic__natal_hour_stem_丁,0.0,0.0
0,1,diff__basic__natal_hour_stem_丙,0.0,0.0
0,1,diff__basic__natal_hour_stem_乙,0.0,0.0
0,1,diff__basic__natal_hour_stem_壬,0.0,0.0
0,1,diff__basic__natal_hour_stem_己,0.0,0.0
0,1,diff__basic__natal_hour_stem_庚,0.0,0.0
0,1,diff__basic__natal_hour_stem_戊,0.0,0.0
0,1,diff__basic__natal_hour_stem_甲,0.0,0.0
0,1,diff__basic__natal_hour_stem_癸,0.0,0.0
0,1,diff__basic__natal_hour_stem_辛,0.0,0.0
0,1,diff__basic__natal_month_branch_丑,0.0,0.0
0,1,diff__basic__natal_month_branch_亥,0.0,0.0
0,1,diff__basic__natal_month_branch_午,0.0,0.0
0,1,diff__basic__natal_month_branch_卯,0.0,0.0
0,1,diff__basic__natal_month_branch_子,0.0,0.0
0,1,diff__basic__natal_month_branch_寅,0.0,0.0
0,1,diff__basic__natal_month_branch_巳,0.0,0.0
0,1,diff__basic__natal_month_branch_戌,0.0,0.0
0,1,diff__basic__natal_month_branch_未,0.0,0.0
0,1,diff__basic__natal_month_branch_申,0.0,0.0
0,1,diff__basic__natal_month_branch_辰,0.0,0.0
0,1,diff__basic__natal_month_branch_酉,0.0,0.0
0,1,diff__basic__natal_month_stem_丁,0.0,0.0
0,1,diff__basic__natal_month_stem_丙,0.0,0.0
0,1,diff__basic__natal_month_stem_乙,0.0,0.0
0,1,diff__basic__natal_month_stem_壬,0.0,0.0
0,1,diff__basic__natal_month_stem_己,0.0,0.0
0,1,diff__basic__natal_month_stem_庚,0.0,0.0
0,1,diff__basic__natal_month_stem_戊,0.0,0.0
0,1,diff__basic__natal_month_stem_甲,0.0,0.0
0,1,diff__basic__natal_month_stem_癸,0.0,0.0
0,1,diff__basic__natal_month_stem_辛,0.0,0.0
0,1,diff__basic__natal_year_branch_丑,0.0,0.0
0,1,diff__basic__natal_year_branch_亥,0.0,0.0
0,1,diff__basic__natal_year_branch_午,0.0,0.0
0,1,diff__basic__natal_year_branch_卯,0.0,0.0
0,1,diff__basic__natal_year_branch_子,0.0,0.0
0,1,diff__basic__natal_year_branch_寅,0.0,0.0
0,1,diff__basic__natal_year_branch_巳,0.0,0.0
0,1,diff__basic__natal_year_branch_戌,0.0,0.0
0,1,diff__basic__natal_year_branch_未,0.0,0.0
0,1,diff__basic__natal_year_branch_申,0.0,0.0
0,1,diff__basic__natal_year_branch_辰,0.0,0.0
0,1,diff__basic__natal_year_branch_酉,0.0,0.0
0,1,diff__basic__natal_year_stem_丁,0.0,0.0
0,1,diff__basic__natal_year_stem_丙,0.0,0.0
0,1,diff__basic__natal_year_stem_乙,0.0,0.0
0,1,diff__basic__natal_year_stem_壬,0.0,0.0
0,1,diff__basic__natal_year_stem_己,0.0,0.0
0,1,diff__basic__natal_year_stem_庚,0.0,0.0
0,1,diff__basic__natal_year_stem_戊,0.0,0.0
0,1,diff__basic__natal_year_stem_甲,0.0,0.0
0,1,diff__basic__natal_year_stem_癸,0.0,0.0
0,1,diff__basic__natal_year_stem_辛,0.0,0.0
0,1,diff__basic__sw_branch_丑,0.0,0.0
0,1,diff__basic__sw_branch_亥,0.0,0.0
0,1,diff__basic__sw_branch_午,0.0,0.0
0,1,diff__basic__sw_branch_卯,0.0,0.0
0,1,diff__basic__sw_branch_子,0.0,0.0
0,1,diff__basic__sw_branch_寅,1.0,-0.3017719107164251
0,1,diff__basic__sw_branch_巳,1.0,0.2764769485253792
0,1,diff__basic__sw_branch_戌,0.0,0.0
0,1,diff__basic__sw_branch_未,0.0,0.0
0,1,diff__basic__sw_branch_申,0.0,0.0
0,1,diff__basic__sw_branch_辰,1.0,-0.23511090812333074
0,1,diff__basic__sw_branch_酉,1.0,-0.11814234994235734
0,1,diff__basic__sw_element_earth,0.0,0.0
0,1,diff__basic__sw_element_fire,0.0,0.0
0,1,diff__basic__sw_element_metal,0.0,0.0
0,1,diff__basic__sw_element_water,0.0,0.0
0,1,diff__basic__sw_element_wood,1.0,0.298394766581867
0,1,diff__basic__sw_stem_丁,1.0,0.29753895272802017
0,1,diff__basic__sw_stem_丙,0.0,0.0
0,1,diff__basic__sw_stem_乙,0.0,0.0
0,1,diff__basic__sw_stem_壬,1.0,-0.13519653255048333
0,1,diff__basic__sw_stem_己,1.0,-0.02657392956430648
0,1,diff__basic__sw_stem_庚,1.0,-0.048129121566432106
0,1,diff__basic__sw_stem_戊,0.0,0.0
0,1,diff__basic__sw_stem_甲,1.0,0.07012103845755219
0,1,diff__basic__sw_stem_癸,0.0,0.0
0,1,diff__basic__sw_stem_辛,0.0,0.0
0,1,diff__basic__sw_yy_yang,0.0,0.0
0,1,diff__basic__sw_yy_yin,0.0,0.0
0,1,diff__engine__strength_극약,0.0,0.0
0,1,diff__engine__strength_극왕,0.0,0.0
0,1,diff__engine__strength_신강,0.0,0.0
0,1,diff__engine__strength_신약,0.0,0.0
0,1,diff__engine__strength_중화신강,0.0,0.0
0,1,diff__engine__strength_중화신약,0.0,0.0
0,1,diff__engine__strength_태강,0.0,0.0
0,1,diff__engine__strength_태약,0.0,0.0
0,1,diff__hidden__natal_element_count_earth,0.0,0.0
0,1,diff__hidden__natal_element_count_fire,0.0,0.0
0,1,diff__hidden__natal_element_count_metal,0.0,0.0
0,1,diff__hidden__natal_element_count_water,0.0,0.0
0,1,diff__hidden__natal_element_count_wood,0.0,0.0
0,1,diff__hidden__natal_tg_count_officer,0.0,0.0
0,1,diff__hidden__natal_tg_count_output,0.0,0.0
0,1,diff__hidden__natal_tg_count_peer,0.0,0.0
0,1,diff__hidden__natal_tg_count_resource,0.0,0.0
0,1,diff__hidden__natal_tg_count_wealth,0.0,0.0
0,1,diff__relation__dw_branch_break_natal,0.0,0.0
0,1,diff__relation__dw_branch_clash_natal,0.0,0.0
0,1,diff__relation__dw_branch_combine_natal,0.0,0.0
0,1,diff__relation__dw_branch_harm_natal,0.0,0.0
0,1,diff__relation__dw_branch_punish_natal,0.0,0.0
0,1,diff__relation__dw_stem_clash_natal,0.0,0.0
0,1,diff__relation__dw_stem_combine_natal,0.0,0.0
0,1,diff__relation__sw_branch_break_natal,1.0,-0.2926028518249059
0,1,diff__relation__sw_branch_clash_natal,1.0,0.11028470669409346
0,1,diff__relation__sw_branch_combine_natal,0.0,0.0
0,1,diff__relation__sw_branch_harm_natal,1.0,-0.4512445715437066
0,1,diff__relation__sw_branch_punish_natal,1.0,0.1884984076543496
0,1,diff__relation__sw_dw_branch_break,0.0,0.0
0,1,diff__relation__sw_dw_branch_clash,0.0,0.0
0,1,diff__relation__sw_dw_branch_combine,0.0,0.0
0,1,diff__relation__sw_dw_branch_harm,1.0,0.5472501718486961
0,1,diff__relation__sw_dw_branch_punish,1.0,0.4808094118416223
0,1,diff__relation__sw_dw_stem_clash,1.0,-0.27045661307601954
0,1,diff__relation__sw_dw_stem_combine,0.0,0.0
0,1,diff__relation__sw_stem_clash_natal,0.0,0.0
0,1,diff__relation__sw_stem_combine_natal,0.0,0.0
0,1,diff__shinsal__dw_breakdown_scalar,0.0,0.0
0,1,diff__shinsal__dw_gongmang_is_gongmang,0.0,0.0
0,1,diff__shinsal__dw_gongmang_rel,0.0,0.0
0,1,diff__shinsal__dw_gongmang_trine,0.0,0.0
0,1,diff__shinsal__dw_gongmang_unseong,0.0,0.0
0,1,diff__shinsal__dw_gongmang_yfit_branch,0.0,0.0
0,1,diff__shinsal__dw_indicators_귀인력,0.0,0.0
0,1,diff__shinsal__dw_noble_power,0.0,0.0
0,1,diff__shinsal__dw_신살_길신__count,0.0,0.0
0,1,diff__shinsal__dw_신살_길신__록신_,1.0,0.020940118854648918
0,1,diff__shinsal__dw_신살_길신__문창귀인_,1.0,-0.33358791827893003
0,1,diff__shinsal__dw_신살_길신__반안_,0.0,0.0
0,1,diff__shinsal__dw_신살_길신__장성_,1.0,-0.08823345056925615
0,1,diff__shinsal__dw_신살_길신__천을귀인_,0.0,0.0
0,1,diff__shinsal__dw_신살_길신__천희_,0.0,0.0
0,1,diff__shinsal__dw_신살_길신__홍란_,0.0,0.0
0,1,diff__shinsal__dw_신살_길신__화개_,0.0,0.0
0,1,diff__shinsal__dw_신살_흉살__count,0.0,0.0
0,1,diff__shinsal__dw_신살_흉살__겁살_,0.0,0.0
0,1,diff__shinsal__dw_신살_흉살__고진_,1.0,0.08796652087897394
0,1,diff__shinsal__dw_신살_흉살__과숙_,1.0,-0.30216214770887406
0,1,diff__shinsal__dw_신살_흉살__도화_,0.0,0.0
0,1,diff__shinsal__dw_신살_흉살__망신_,0.0,0.0
0,1,diff__shinsal__dw_신살_흉살__양인_,0.0,0.0
0,1,diff__shinsal__dw_신살_흉살__역마_,0.0,0.0
0,1,diff__shinsal__sw_indicators_귀인력,0.0,0.0
0,1,diff__shinsal__sw_세운_신살_길신__count,1.0,0.5192363040326687
0,1,diff__shinsal__sw_세운_신살_길신__록신_,0.0,0.0
0,1,diff__shinsal__sw_세운_신살_길신__문창귀인_,1.0,-0.516459362475015
0,1,diff__shinsal__sw_세운_신살_길신__반안_,0.0,0.0
0,1,diff__shinsal__sw_세운_신살_길신__장성_,0.0,0.0
0,1,diff__shinsal__sw_세운_신살_길신__천을귀인_,1.0,0.10476774780147066
0,1,diff__shinsal__sw_세운_신살_길신__천희_,1.0,0.3431342858828284
0,1,diff__shinsal__sw_세운_신살_길신__홍란_,0.0,0.0
0,1,diff__shinsal__sw_세운_신살_길신__화개_,0.0,0.0
0,1,diff__shinsal__sw_세운_신살_흉살__count,0.0,0.0
0,1,diff__shinsal__sw_세운_신살_흉살__겁살_,0.0,0.0
0,1,diff__shinsal__sw_세운_신살_흉살__고진_,1.0,-0.1552926018291095
0,1,diff__shinsal__sw_세운_신살_흉살__과숙_,1.0,0.03106752730007838
0,1,diff__shinsal__sw_세운_신살_흉살__도화_,0.0,0.0
0,1,diff__shinsal__sw_세운_신살_흉살__망신_,1.0,0.12322899552753683
0,1,diff__shinsal__sw_세운_신살_흉살__양인_,0.0,0.0
0,1,diff__shinsal__sw_세운_신살_흉살__역마_,1.0,-0.006701980373369777
0,1,diff__tengod__dw_group_officer,0.0,0.0
0,1,diff__tengod__dw_group_output,0.0,0.0
0,1,diff__tengod__dw_group_peer,0.0,0.0
0,1,diff__tengod__dw_group_resource,0.0,0.0
0,1,diff__tengod__dw_group_wealth,0.0,0.0
0,1,diff__tengod__sw_group_officer,0.0,0.0
0,1,diff__tengod__sw_group_output,0.0,0.0
0,1,diff__tengod__sw_group_peer,0.0,0.0
0,1,diff__tengod__sw_group_resource,0.0,0.0
0,1,diff__tengod__sw_group_wealth,0.0,0.0
0,1,diff__tg10__dw_branch_hidden_bijian,1.0,0.31430449857996956
0,1,diff__tg10__dw_branch_hidden_jiecai,0.0,0.0
0,1,diff__tg10__dw_branch_hidden_pian_cai,0.0,0.0
0,1,diff__tg10__dw_branch_hidden_pian_yin,1.0,0.08241570018582606
0,1,diff__tg10__dw_branch_hidden_qi_sha,0.0,0.0
0,1,diff__tg10__dw_branch_hidden_shangguan,0.0,0.0
0,1,diff__tg10__dw_branch_hidden_shishen,0.0,0.0
0,1,diff__tg10__dw_branch_hidden_zheng_cai,1.0,0.03132884773257772
0,1,diff__tg10__dw_branch_hidden_zheng_guan,1.0,-0.32894271800199565
0,1,diff__tg10__dw_branch_hidden_zheng_yin,0.0,0.0
0,1,diff__tg10__dw_stem_bijian,0.0,0.0
0,1,diff__tg10__dw_stem_jiecai,0.0,0.0
0,1,diff__tg10__dw_stem_pian_cai,0.0,0.0
0,1,diff__tg10__dw_stem_pian_yin,0.0,0.0
0,1,diff__tg10__dw_stem_qi_sha,0.0,0.0
0,1,diff__tg10__dw_stem_shangguan,0.0,0.0
0,1,diff__tg10__dw_stem_shishen,0.0,0.0
0,1,diff__tg10__dw_stem_zheng_cai,0.0,0.0
0,1,diff__tg10__dw_stem_zheng_guan,0.0,0.0
0,1,diff__tg10__dw_stem_zheng_yin,0.0,0.0
0,1,diff__tg10__sw_branch_hidden_bijian,0.0,0.0
0,1,diff__tg10__sw_branch_hidden_jiecai,0.0,0.0
0,1,diff__tg10__sw_branch_hidden_pian_cai,0.0,0.0
0,1,diff__tg10__sw_branch_hidden_pian_yin,0.0,0.0
0,1,diff__tg10__sw_branch_hidden_qi_sha,0.0,0.0
0,1,diff__tg10__sw_branch_hidden_shangguan,1.0,0.07541293467611172
0,1,diff__tg10__sw_branch_hidden_shishen,1.0,-0.17023260985965172
0,1,diff__tg10__sw_branch_hidden_zheng_cai,1.0,0.5291151238295351
0,1,diff__tg10__sw_branch_hidden_zheng_guan,0.0,0.0
0,1,diff__tg10__sw_branch_hidden_zheng_yin,0.0,0.0
0,1,diff__tg10__sw_stem_bijian,0.0,0.0
0,1,diff__tg10__sw_stem_jiecai,0.0,0.0
0,1,diff__tg10__sw_stem_pian_cai,0.0,0.0
0,1,diff__tg10__sw_stem_pian_yin,0.0,0.0
0,1,diff__tg10__sw_stem_qi_sha,1.0,-0.023942589723547205
0,1,diff__tg10__sw_stem_shangguan,0.0,0.0
0,1,diff__tg10__sw_stem_shishen,0.0,0.0
0,1,diff__tg10__sw_stem_zheng_cai,0.0,0.0
0,1,diff__tg10__sw_stem_zheng_guan,1.0,0.10001177840139748
0,1,diff__tg10__sw_stem_zheng_yin,0.0,0.0
0,1,diff__tgxstrength__dw_bijian_neutral,0.0,0.0
0,1,diff__tgxstrength__dw_bijian_strong,0.0,0.0
0,1,diff__tgxstrength__dw_bijian_weak,0.0,0.0
0,1,diff__tgxstrength__dw_jiecai_neutral,0.0,0.0
0,1,diff__tgxstrength__dw_jiecai_strong,0.0,0.0
0,1,diff__tgxstrength__dw_jiecai_weak,0.0,0.0
0,1,diff__tgxstrength__dw_pian_cai_neutral,0.0,0.0
0,1,diff__tgxstrength__dw_pian_cai_strong,0.0,0.0
0,1,diff__tgxstrength__dw_pian_cai_weak,0.0,0.0
0,1,diff__tgxstrength__dw_pian_yin_neutral,0.0,0.0
0,1,diff__tgxstrength__dw_pian_yin_strong,0.0,0.0
0,1,diff__tgxstrength__dw_pian_yin_weak,1.0,0.017820581775912274
0,1,diff__tgxstrength__dw_qi_sha_neutral,0.0,0.0
0,1,diff__tgxstrength__dw_qi_sha_strong,0.0,0.0
0,1,diff__tgxstrength__dw_qi_sha_weak,0.0,0.0
0,1,diff__tgxstrength__dw_shangguan_neutral,0.0,0.0
0,1,diff__tgxstrength__dw_shangguan_strong,0.0,0.0
0,1,diff__tgxstrength__dw_shangguan_weak,0.0,0.0
0,1,diff__tgxstrength__dw_shishen_neutral,0.0,0.0
0,1,diff__tgxstrength__dw_shishen_strong,0.0,0.0
0,1,diff__tgxstrength__dw_shishen_weak,0.0,0.0
0,1,diff__tgxstrength__dw_zheng_cai_neutral,0.0,0.0
0,1,diff__tgxstrength__dw_zheng_cai_strong,0.0,0.0
0,1,diff__tgxstrength__dw_zheng_cai_weak,1.0,0.23241151386770895
0,1,diff__tgxstrength__dw_zheng_guan_neutral,0.0,0.0
0,1,diff__tgxstrength__dw_zheng_guan_strong,0.0,0.0
0,1,diff__tgxstrength__dw_zheng_guan_weak,0.0,0.0
0,1,diff__tgxstrength__dw_zheng_yin_neutral,0.0,0.0
0,1,diff__tgxstrength__dw_zheng_yin_strong,0.0,0.0
0,1,diff__tgxstrength__dw_zheng_yin_weak,1.0,-0.02094895670529267
0,1,diff__tgxstrength__sw_bijian_neutral,0.0,0.0
0,1,diff__tgxstrength__sw_bijian_strong,0.0,0.0
0,1,diff__tgxstrength__sw_bijian_weak,0.0,0.0
0,1,diff__tgxstrength__sw_jiecai_neutral,0.0,0.0
0,1,diff__tgxstrength__sw_jiecai_strong,0.0,0.0
0,1,diff__tgxstrength__sw_jiecai_weak,0.0,0.0
0,1,diff__tgxstrength__sw_pian_cai_neutral,0.0,0.0
0,1,diff__tgxstrength__sw_pian_cai_strong,0.0,0.0
0,1,diff__tgxstrength__sw_pian_cai_weak,0.0,0.0
0,1,diff__tgxstrength__sw_pian_yin_neutral,0.0,0.0
0,1,diff__tgxstrength__sw_pian_yin_strong,1.0,0.6420834102577999
0,1,diff__tgxstrength__sw_pian_yin_weak,1.0,-0.22097248281178755
0,1,diff__tgxstrength__sw_qi_sha_neutral,0.0,0.0
0,1,diff__tgxstrength__sw_qi_sha_strong,0.0,0.0
0,1,diff__tgxstrength__sw_qi_sha_weak,1.0,-0.2269196937489744
0,1,diff__tgxstrength__sw_shangguan_neutral,0.0,0.0
0,1,diff__tgxstrength__sw_shangguan_strong,0.0,0.0
0,1,diff__tgxstrength__sw_shangguan_weak,1.0,0.33760432062866197
0,1,diff__tgxstrength__sw_shishen_neutral,0.0,0.0
0,1,diff__tgxstrength__sw_shishen_strong,1.0,-0.10181423760443938
0,1,diff__tgxstrength__sw_shishen_weak,0.0,0.0
0,1,diff__tgxstrength__sw_zheng_cai_neutral,0.0,0.0
0,1,diff__tgxstrength__sw_zheng_cai_strong,0.0,0.0
0,1,diff__tgxstrength__sw_zheng_cai_weak,0.0,0.0
0,1,diff__tgxstrength__sw_zheng_guan_neutral,0.0,0.0
0,1,diff__tgxstrength__sw_zheng_guan_strong,0.0,0.0
0,1,diff__tgxstrength__sw_zheng_guan_weak,0.0,0.0
0,1,diff__tgxstrength__sw_zheng_yin_neutral,0.0,0.0
0,1,diff__tgxstrength__sw_zheng_yin_strong,0.0,0.0
0,1,diff__tgxstrength__sw_zheng_yin_weak,1.0,-0.23665143638290773
0,1,diff__unseong__dw_raw_score,0.0,0.0
0,1,diff__unseong__dw_score_x_strength,1.0,0.0339563590414977
0,1,diff__unseong__dw_state_건록,1.0,0.020940118854648918
0,1,diff__unseong__dw_state_관대,0.0,0.0
0,1,diff__unseong__dw_state_목욕,0.0,0.0
0,1,diff__unseong__dw_state_묘,0.0,0.0
0,1,diff__unseong__dw_state_병,1.0,0.3190444135737849
0,1,diff__unseong__dw_state_사,1.0,-0.03925511832383931
0,1,diff__unseong__dw_state_쇠,1.0,-0.17179305773063835
0,1,diff__unseong__dw_state_양,1.0,0.008665888235030885
0,1,diff__unseong__dw_state_장생,0.0,0.0
0,1,diff__unseong__dw_state_절,1.0,0.08914275517239276
0,1,diff__unseong__dw_state_제왕,0.0,0.0
0,1,diff__unseong__dw_state_태,0.0,0.0
0,1,diff__unseong__sw_raw_score,0.0,0.0
0,1,diff__unseong__sw_score_x_strength,0.0,0.0
0,1,diff__unseong__sw_state_건록,0.0,0.0
0,1,diff__unseong__sw_state_관대,0.0,0.0
0,1,diff__unseong__sw_state_목욕,0.0,0.0
0,1,diff__unseong__sw_state_묘,1.0,-0.016755049783858254
0,1,diff__unseong__sw_state_병,1.0,-0.3790478920682462
0,1,diff__unseong__sw_state_사,1.0,0.04121438554593519
0,1,diff__unseong__sw_state_쇠,0.0,0.0
0,1,diff__unseong__sw_state_양,1.0,0.3736484864554965
0,1,diff__unseong__sw_state_장생,0.0,0.0
0,1,diff__unseong__sw_state_절,1.0,0.049759932791332166
0,1,diff__unseong__sw_state_제왕,0.0,0.0
0,1,diff__unseong__sw_state_태,0.0,0.0
0,1,diff__yongshin__dw_gi_fit,0.0,0.0
0,1,diff__yongshin__dw_gu_fit,0.0,0.0
0,1,diff__yongshin__dw_hee_fit,1.0,-0.005131658301143875
0,1,diff__yongshin__dw_supplies_fav,1.0,-0.2268396313648704
0,1,diff__yongshin__dw_supplies_unfav,0.0,0.0
0,1,diff__yongshin__dw_yong_branch_fit,0.0,0.0
0,1,diff__yongshin__dw_yong_fit,0.0,0.0
0,1,diff__yongshin__dw_yong_stem_fit,0.0,0.0
0,1,diff__yongshin__sw_gi_fit,1.0,0.3339227008666086
0,1,diff__yongshin__sw_gu_fit,0.0,0.0
0,1,diff__yongshin__sw_hee_fit,0.0,0.0
0,1,diff__yongshin__sw_supplies_fav,0.0,0.0
0,1,diff__yongshin__sw_supplies_unfav,0.0,0.0
0,1,diff__yongshin__sw_yong_branch_fit,0.0,0.0
0,1,diff__yongshin__sw_yong_fit,0.0,0.0
0,1,diff__yongshin__sw_yong_stem_fit,1.0,-0.44850021483170555
0,2,diff__basic__daymaster_element_earth,0.0,0.0
0,2,diff__basic__daymaster_element_fire,0.0,0.0
0,2,diff__basic__daymaster_element_metal,0.0,0.0
0,2,diff__basic__daymaster_element_water,0.0,0.0
0,2,diff__basic__daymaster_element_wood,0.0,0.0
0,2,diff__basic__daymaster_stem_丁,0.0,0.0
0,2,diff__basic__daymaster_stem_丙,0.0,0.0
0,2,diff__basic__daymaster_stem_乙,0.0,0.0
0,2,diff__basic__daymaster_stem_壬,0.0,0.0
0,2,diff__basic__daymaster_stem_己,0.0,0.0
0,2,diff__basic__daymaster_stem_庚,0.0,0.0
0,2,diff__basic__daymaster_stem_戊,0.0,0.0
0,2,diff__basic__daymaster_stem_甲,0.0,0.0
0,2,diff__basic__daymaster_stem_癸,0.0,0.0
0,2,diff__basic__daymaster_stem_辛,0.0,0.0
0,2,diff__basic__dw_branch_丑,0.0,0.0
0,2,diff__basic__dw_branch_亥,0.0,0.0
0,2,diff__basic__dw_branch_午,0.0,0.0
0,2,diff__basic__dw_branch_卯,0.0,0.0
0,2,diff__basic__dw_branch_子,0.0,0.0
0,2,diff__basic__dw_branch_寅,0.0,0.0
0,2,diff__basic__dw_branch_巳,0.0,0.0
0,2,diff__basic__dw_branch_戌,0.0,0.0
0,2,diff__basic__dw_branch_未,0.0,0.0
0,2,diff__basic__dw_branch_申,0.0,0.0
0,2,diff__basic__dw_branch_辰,0.0,0.0
0,2,diff__basic__dw_branch_酉,0.0,0.0
0,2,diff__basic__dw_element_earth,0.0,0.0
0,2,diff__basic__dw_element_fire,0.0,0.0
0,2,diff__basic__dw_element_metal,0.0,0.0
0,2,diff__basic__dw_element_water,0.0,0.0
0,2,diff__basic__dw_element_wood,0.0,0.0
0,2,diff__basic__dw_stem_丁,0.0,0.0
0,2,diff__basic__dw_stem_丙,0.0,0.0
0,2,diff__basic__dw_stem_乙,0.0,0.0
0,2,diff__basic__dw_stem_壬,0.0,0.0
0,2,diff__basic__dw_stem_己,0.0,0.0
0,2,diff__basic__dw_stem_庚,0.0,0.0
0,2,diff__basic__dw_stem_戊,0.0,0.0
0,2,diff__basic__dw_stem_甲,0.0,0.0
0,2,diff__basic__dw_stem_癸,0.0,0.0
0,2,diff__basic__dw_stem_辛,0.0,0.0
0,2,diff__basic__dw_yy_yang,0.0,0.0
0,2,diff__basic__dw_yy_yin,0.0,0.0
0,2,diff__basic__natal_day_branch_丑,0.0,0.0
0,2,diff__basic__natal_day_branch_亥,0.0,0.0
0,2,diff__basic__natal_day_branch_午,0.0,0.0
0,2,diff__basic__natal_day_branch_卯,0.0,0.0
0,2,diff__basic__natal_day_branch_子,0.0,0.0
0,2,diff__basic__natal_day_branch_寅,0.0,0.0
0,2,diff__basic__natal_day_branch_巳,0.0,0.0
0,2,diff__basic__natal_day_branch_戌,0.0,0.0
0,2,diff__basic__natal_day_branch_未,0.0,0.0
0,2,diff__basic__natal_day_branch_申,0.0,0.0
0,2,diff__basic__natal_day_branch_辰,0.0,0.0
0,2,diff__basic__natal_day_branch_酉,0.0,0.0
0,2,diff__basic__natal_day_stem_丁,0.0,0.0
0,2,diff__basic__natal_day_stem_丙,0.0,0.0
0,2,diff__basic__natal_day_stem_乙,0.0,0.0
0,2,diff__basic__natal_day_stem_壬,0.0,0.0
0,2,diff__basic__natal_day_stem_己,0.0,0.0
0,2,diff__basic__natal_day_stem_庚,0.0,0.0
0,2,diff__basic__natal_day_stem_戊,0.0,0.0
0,2,diff__basic__natal_day_stem_甲,0.0,0.0
0,2,diff__basic__natal_day_stem_癸,0.0,0.0
0,2,diff__basic__natal_day_stem_辛,0.0,0.0
0,2,diff__basic__natal_element_count_earth,0.0,0.0
0,2,diff__basic__natal_element_count_fire,0.0,0.0
0,2,diff__basic__natal_element_count_metal,0.0,0.0
0,2,diff__basic__natal_element_count_water,0.0,0.0
0,2,diff__basic__natal_element_count_wood,0.0,0.0
0,2,diff__basic__natal_hour_branch_丑,0.0,0.0
0,2,diff__basic__natal_hour_branch_亥,0.0,0.0
0,2,diff__basic__natal_hour_branch_午,0.0,0.0
0,2,diff__basic__natal_hour_branch_卯,0.0,0.0
0,2,diff__basic__natal_hour_branch_子,0.0,0.0
0,2,diff__basic__natal_hour_branch_寅,0.0,0.0
0,2,diff__basic__natal_hour_branch_巳,0.0,0.0
0,2,diff__basic__natal_hour_branch_戌,0.0,0.0
0,2,diff__basic__natal_hour_branch_未,0.0,0.0
0,2,diff__basic__natal_hour_branch_申,0.0,0.0
0,2,diff__basic__natal_hour_branch_辰,0.0,0.0
0,2,diff__basic__natal_hour_branch_酉,0.0,0.0
0,2,diff__basic__natal_hour_stem_丁,0.0,0.0
0,2,diff__basic__natal_hour_stem_丙,0.0,0.0
0,2,diff__basic__natal_hour_stem_乙,0.0,0.0
0,2,diff__basic__natal_hour_stem_壬,0.0,0.0
0,2,diff__basic__natal_hour_stem_己,0.0,0.0
0,2,diff__basic__natal_hour_stem_庚,0.0,0.0
0,2,diff__basic__natal_hour_stem_戊,0.0,0.0
0,2,diff__basic__natal_hour_stem_甲,0.0,0.0
0,2,diff__basic__natal_hour_stem_癸,0.0,0.0
0,2,diff__basic__natal_hour_stem_辛,0.0,0.0
0,2,diff__basic__natal_month_branch_丑,0.0,0.0
0,2,diff__basic__natal_month_branch_亥,0.0,0.0
0,2,diff__basic__natal_month_branch_午,0.0,0.0
0,2,diff__basic__natal_month_branch_卯,0.0,0.0
0,2,diff__basic__natal_month_branch_子,0.0,0.0
0,2,diff__basic__natal_month_branch_寅,0.0,0.0
0,2,diff__basic__natal_month_branch_巳,0.0,0.0
0,2,diff__basic__natal_month_branch_戌,0.0,0.0
0,2,diff__basic__natal_month_branch_未,0.0,0.0
0,2,diff__basic__natal_month_branch_申,0.0,0.0
0,2,diff__basic__natal_month_branch_辰,0.0,0.0
0,2,diff__basic__natal_month_branch_酉,0.0,0.0
0,2,diff__basic__natal_month_stem_丁,0.0,0.0
0,2,diff__basic__natal_month_stem_丙,0.0,0.0
0,2,diff__basic__natal_month_stem_乙,0.0,0.0
0,2,diff__basic__natal_month_stem_壬,0.0,0.0
0,2,diff__basic__natal_month_stem_己,0.0,0.0
0,2,diff__basic__natal_month_stem_庚,0.0,0.0
0,2,diff__basic__natal_month_stem_戊,0.0,0.0
0,2,diff__basic__natal_month_stem_甲,0.0,0.0
0,2,diff__basic__natal_month_stem_癸,0.0,0.0
0,2,diff__basic__natal_month_stem_辛,0.0,0.0
0,2,diff__basic__natal_year_branch_丑,0.0,0.0
0,2,diff__basic__natal_year_branch_亥,0.0,0.0
0,2,diff__basic__natal_year_branch_午,0.0,0.0
0,2,diff__basic__natal_year_branch_卯,0.0,0.0
0,2,diff__basic__natal_year_branch_子,0.0,0.0
0,2,diff__basic__natal_year_branch_寅,0.0,0.0
0,2,diff__basic__natal_year_branch_巳,0.0,0.0
0,2,diff__basic__natal_year_branch_戌,0.0,0.0
0,2,diff__basic__natal_year_branch_未,0.0,0.0
0,2,diff__basic__natal_year_branch_申,0.0,0.0
0,2,diff__basic__natal_year_branch_辰,0.0,0.0
0,2,diff__basic__natal_year_branch_酉,0.0,0.0
0,2,diff__basic__natal_year_stem_丁,0.0,0.0
0,2,diff__basic__natal_year_stem_丙,0.0,0.0
0,2,diff__basic__natal_year_stem_乙,0.0,0.0
0,2,diff__basic__natal_year_stem_壬,0.0,0.0
0,2,diff__basic__natal_year_stem_己,0.0,0.0
0,2,diff__basic__natal_year_stem_庚,0.0,0.0
0,2,diff__basic__natal_year_stem_戊,0.0,0.0
0,2,diff__basic__natal_year_stem_甲,0.0,0.0
0,2,diff__basic__natal_year_stem_癸,0.0,0.0
0,2,diff__basic__natal_year_stem_辛,0.0,0.0
0,2,diff__basic__sw_branch_丑,0.0,0.0
0,2,diff__basic__sw_branch_亥,0.0,0.0
0,2,diff__basic__sw_branch_午,0.0,0.0
0,2,diff__basic__sw_branch_卯,0.0,0.0
0,2,diff__basic__sw_branch_子,0.0,0.0
0,2,diff__basic__sw_branch_寅,0.0,0.0
0,2,diff__basic__sw_branch_巳,0.0,0.0
0,2,diff__basic__sw_branch_戌,0.0,0.0
0,2,diff__basic__sw_branch_未,0.0,0.0
0,2,diff__basic__sw_branch_申,0.0,0.0
0,2,diff__basic__sw_branch_辰,0.0,0.0
0,2,diff__basic__sw_branch_酉,0.0,0.0
0,2,diff__basic__sw_element_earth,0.0,0.0
0,2,diff__basic__sw_element_fire,0.0,0.0
0,2,diff__basic__sw_element_metal,0.0,0.0
0,2,diff__basic__sw_element_water,0.0,0.0
0,2,diff__basic__sw_element_wood,0.0,0.0
0,2,diff__basic__sw_stem_丁,0.0,0.0
0,2,diff__basic__sw_stem_丙,0.0,0.0
0,2,diff__basic__sw_stem_乙,0.0,0.0
0,2,diff__basic__sw_stem_壬,0.0,0.0
0,2,diff__basic__sw_stem_己,0.0,0.0
0,2,diff__basic__sw_stem_庚,0.0,0.0
0,2,diff__basic__sw_stem_戊,0.0,0.0
0,2,diff__basic__sw_stem_甲,0.0,0.0
0,2,diff__basic__sw_stem_癸,0.0,0.0
0,2,diff__basic__sw_stem_辛,0.0,0.0
0,2,diff__basic__sw_yy_yang,0.0,0.0
0,2,diff__basic__sw_yy_yin,0.0,0.0
0,2,diff__engine__strength_극약,0.0,0.0
0,2,diff__engine__strength_극왕,0.0,0.0
0,2,diff__engine__strength_신강,0.0,0.0
0,2,diff__engine__strength_신약,0.0,0.0
0,2,diff__engine__strength_중화신강,0.0,0.0
0,2,diff__engine__strength_중화신약,0.0,0.0
0,2,diff__engine__strength_태강,0.0,0.0
0,2,diff__engine__strength_태약,0.0,0.0
0,2,diff__hidden__natal_element_count_earth,0.0,0.0
0,2,diff__hidden__natal_element_count_fire,0.0,0.0
0,2,diff__hidden__natal_element_count_metal,0.0,0.0
0,2,diff__hidden__natal_element_count_water,0.0,0.0
0,2,diff__hidden__natal_element_count_wood,0.0,0.0
0,2,diff__hidden__natal_tg_count_officer,0.0,0.0
0,2,diff__hidden__natal_tg_count_output,0.0,0.0
0,2,diff__hidden__natal_tg_count_peer,0.0,0.0
0,2,diff__hidden__natal_tg_count_resource,0.0,0.0
0,2,diff__hidden__natal_tg_count_wealth,0.0,0.0
0,2,diff__relation__dw_branch_break_natal,0.0,0.0
0,2,diff__relation__dw_branch_clash_natal,0.0,0.0
0,2,diff__relation__dw_branch_combine_natal,0.0,0.0
0,2,diff__relation__dw_branch_harm_natal,0.0,0.0
0,2,diff__relation__dw_branch_punish_natal,0.0,0.0
0,2,diff__relation__dw_stem_clash_natal,0.0,0.0
0,2,diff__relation__dw_stem_combine_natal,0.0,0.0
0,2,diff__relation__sw_branch_break_natal,0.0,0.0
0,2,diff__relation__sw_branch_clash_natal,0.0,0.0
0,2,diff__relation__sw_branch_combine_natal,0.0,0.0
0,2,diff__relation__sw_branch_harm_natal,0.0,0.0
0,2,diff__relation__sw_branch_punish_natal,0.0,0.0
0,2,diff__relation__sw_dw_branch_break,0.0,0.0
0,2,diff__relation__sw_dw_branch_clash,0.0,0.0
0,2,diff__relation__sw_dw_branch_combine,0.0,0.0
0,2,diff__relation__sw_dw_branch_harm,0.0,0.0
0,2,diff__relation__sw_dw_branch_punish,0.0,0.0
0,2,diff__relation__sw_dw_stem_clash,0.0,0.0
0,2,diff__relation__sw_dw_stem_combine,0.0,0.0
0,2,diff__relation__sw_stem_clash_natal,0.0,0.0
0,2,diff__relation__sw_stem_combine_natal,0.0,0.0
0,2,diff__shinsal__dw_breakdown_scalar,0.0,0.0
0,2,diff__shinsal__dw_gongmang_is_gongmang,0.0,0.0
0,2,diff__shinsal__dw_gongmang_rel,0.0,0.0
0,2,diff__shinsal__dw_gongmang_trine,0.0,0.0
0,2,diff__shinsal__dw_gongmang_unseong,0.0,0.0
0,2,diff__shinsal__dw_gongmang_yfit_branch,0.0,0.0
0,2,diff__shinsal__dw_indicators_귀인력,0.0,0.0
0,2,diff__shinsal__dw_noble_power,0.0,0.0
0,2,diff__shinsal__dw_신살_길신__count,0.0,0.0
0,2,diff__shinsal__dw_신살_길신__록신_,0.0,0.0
0,2,diff__shinsal__dw_신살_길신__문창귀인_,0.0,0.0
0,2,diff__shinsal__dw_신살_길신__반안_,0.0,0.0
0,2,diff__shinsal__dw_신살_길신__장성_,0.0,0.0
0,2,diff__shinsal__dw_신살_길신__천을귀인_,0.0,0.0
0,2,diff__shinsal__dw_신살_길신__천희_,0.0,0.0
0,2,diff__shinsal__dw_신살_길신__홍란_,0.0,0.0
0,2,diff__shinsal__dw_신살_길신__화개_,0.0,0.0
0,2,diff__shinsal__dw_신살_흉살__count,0.0,0.0
0,2,diff__shinsal__dw_신살_흉살__겁살_,0.0,0.0
0,2,diff__shinsal__dw_신살_흉살__고진_,0.0,0.0
0,2,diff__shinsal__dw_신살_흉살__과숙_,0.0,0.0
0,2,diff__shinsal__dw_신살_흉살__도화_,0.0,0.0
0,2,diff__shinsal__dw_신살_흉살__망신_,0.0,0.0
0,2,diff__shinsal__dw_신살_흉살__양인_,0.0,0.0
0,2,diff__shinsal__dw_신살_흉살__역마_,0.0,0.0
0,2,diff__shinsal__sw_indicators_귀인력,0.0,0.0
0,2,diff__shinsal__sw_세운_신살_길신__count,0.0,0.0
0,2,diff__shinsal__sw_세운_신살_길신__록신_,0.0,0.0
0,2,diff__shinsal__sw_세운_신살_길신__문창귀인_,0.0,0.0
0,2,diff__shinsal__sw_세운_신살_길신__반안_,0.0,0.0
0,2,diff__shinsal__sw_세운_신살_길신__장성_,0.0,0.0
0,2,diff__shinsal__sw_세운_신살_길신__천을귀인_,0.0,0.0
0,2,diff__shinsal__sw_세운_신살_길신__천희_,0.0,0.0
0,2,diff__shinsal__sw_세운_신살_길신__홍란_,0.0,0.0
0,2,diff__shinsal__sw_세운_신살_길신__화개_,0.0,0.0
0,2,diff__shinsal__sw_세운_신살_흉살__count,0.0,0.0
0,2,diff__shinsal__sw_세운_신살_흉살__겁살_,0.0,0.0
0,2,diff__shinsal__sw_세운_신살_흉살__고진_,0.0,0.0
0,2,diff__shinsal__sw_세운_신살_흉살__과숙_,0.0,0.0
0,2,diff__shinsal__sw_세운_신살_흉살__도화_,0.0,0.0
0,2,diff__shinsal__sw_세운_신살_흉살__망신_,0.0,0.0
0,2,diff__shinsal__sw_세운_신살_흉살__양인_,1.0,-0.022539321459011996
0,2,diff__shinsal__sw_세운_신살_흉살__역마_,0.0,0.0
0,2,diff__tengod__dw_group_officer,0.0,0.0
0,2,diff__tengod__dw_group_output,0.0,0.0
0,2,diff__tengod__dw_group_peer,0.0,0.0
0,2,diff__tengod__dw_group_resource,0.0,0.0
0,2,diff__tengod__dw_group_wealth,0.0,0.0
0,2,diff__tengod__sw_group_officer,0.0,0.0
0,2,diff__tengod__sw_group_output,0.0,0.0
0,2,diff__tengod__sw_group_peer,0.0,0.0
0,2,diff__tengod__sw_group_resource,0.0,0.0
0,2,diff__tengod__sw_group_wealth,0.0,0.0
0,2,diff__tg10__dw_branch_hidden_bijian,0.0,0.0
0,2,diff__tg10__dw_branch_hidden_jiecai,0.0,0.0
0,2,diff__tg10__dw_branch_hidden_pian_cai,0.0,0.0
0,2,diff__tg10__dw_branch_hidden_pian_yin,0.0,0.0
0,2,diff__tg10__dw_branch_hidden_qi_sha,0.0,0.0
0,2,diff__tg10__dw_branch_hidden_shangguan,0.0,0.0
0,2,diff__tg10__dw_branch_hidden_shishen,0.0,0.0
0,2,diff__tg10__dw_branch_hidden_zheng_cai,0.0,0.0
0,2,diff__tg10__dw_branch_hidden_zheng_guan,0.0,0.0
0,2,diff__tg10__dw_branch_hidden_zheng_yin,0.0,0.0
0,2,diff__tg10__dw_stem_bijian,0.0,0.0
0,2,diff__tg10__dw_stem_jiecai,0.0,0.0
0,2,diff__tg10__dw_stem_pian_cai,0.0,0.0
0,2,diff__tg10__dw_stem_pian_yin,0.0,0.0
0,2,diff__tg10__dw_stem_qi_sha,0.0,0.0
0,2,diff__tg10__dw_stem_shangguan,0.0,0.0
0,2,diff__tg10__dw_stem_shishen,0.0,0.0
0,2,diff__tg10__dw_stem_zheng_cai,0.0,0.0
0,2,diff__tg10__dw_stem_zheng_guan,0.0,0.0
0,2,diff__tg10__dw_stem_zheng_yin,0.0,0.0
0,2,diff__tg10__sw_branch_hidden_bijian,0.0,0.0
0,2,diff__tg10__sw_branch_hidden_jiecai,0.0,0.0
0,2,diff__tg10__sw_branch_hidden_pian_cai,0.0,0.0
0,2,diff__tg10__sw_branch_hidden_pian_yin,0.0,0.0
0,2,diff__tg10__sw_branch_hidden_qi_sha,0.0,0.0
0,2,diff__tg10__sw_branch_hidden_shangguan,0.0,0.0
0,2,diff__tg10__sw_branch_hidden_shishen,0.0,0.0
0,2,diff__tg10__sw_branch_hidden_zheng_cai,0.0,0.0
0,2,diff__tg10__sw_branch_hidden_zheng_guan,0.0,0.0
0,2,diff__tg10__sw_branch_hidden_zheng_yin,0.0,0.0
0,2,diff__tg10__sw_stem_bijian,0.0,0.0
0,2,diff__tg10__sw_stem_jiecai,0.0,0.0
0,2,diff__tg10__sw_stem_pian_cai,0.0,0.0
0,2,diff__tg10__sw_stem_pian_yin,0.0,0.0
0,2,diff__tg10__sw_stem_qi_sha,0.0,0.0
0,2,diff__tg10__sw_stem_shangguan,0.0,0.0
0,2,diff__tg10__sw_stem_shishen,0.0,0.0
0,2,diff__tg10__sw_stem_zheng_cai,0.0,0.0
0,2,diff__tg10__sw_stem_zheng_guan,0.0,0.0
0,2,diff__tg10__sw_stem_zheng_yin,0.0,0.0
0,2,diff__tgxstrength__dw_bijian_neutral,0.0,0.0
0,2,diff__tgxstrength__dw_bijian_strong,0.0,0.0
0,2,diff__tgxstrength__dw_bijian_weak,0.0,0.0
0,2,diff__tgxstrength__dw_jiecai_neutral,0.0,0.0
0,2,diff__tgxstrength__dw_jiecai_strong,0.0,0.0
0,2,diff__tgxstrength__dw_jiecai_weak,0.0,0.0
0,2,diff__tgxstrength__dw_pian_cai_neutral,0.0,0.0
0,2,diff__tgxstrength__dw_pian_cai_strong,0.0,0.0
0,2,diff__tgxstrength__dw_pian_cai_weak,0.0,0.0
0,2,diff__tgxstrength__dw_pian_yin_neutral,0.0,0.0
0,2,diff__tgxstrength__dw_pian_yin_strong,0.0,0.0
0,2,diff__tgxstrength__dw_pian_yin_weak,0.0,0.0
0,2,diff__tgxstrength__dw_qi_sha_neutral,0.0,0.0
0,2,diff__tgxstrength__dw_qi_sha_strong,0.0,0.0
0,2,diff__tgxstrength__dw_qi_sha_weak,0.0,0.0
0,2,diff__tgxstrength__dw_shangguan_neutral,0.0,0.0
0,2,diff__tgxstrength__dw_shangguan_strong,0.0,0.0
0,2,diff__tgxstrength__dw_shangguan_weak,0.0,0.0
0,2,diff__tgxstrength__dw_shishen_neutral,0.0,0.0
0,2,diff__tgxstrength__dw_shishen_strong,0.0,0.0
0,2,diff__tgxstrength__dw_shishen_weak,0.0,0.0
0,2,diff__tgxstrength__dw_zheng_cai_neutral,0.0,0.0
0,2,diff__tgxstrength__dw_zheng_cai_strong,0.0,0.0
0,2,diff__tgxstrength__dw_zheng_cai_weak,0.0,0.0
0,2,diff__tgxstrength__dw_zheng_guan_neutral,0.0,0.0
0,2,diff__tgxstrength__dw_zheng_guan_strong,0.0,0.0
0,2,diff__tgxstrength__dw_zheng_guan_weak,0.0,0.0
0,2,diff__tgxstrength__dw_zheng_yin_neutral,0.0,0.0
0,2,diff__tgxstrength__dw_zheng_yin_strong,0.0,0.0
0,2,diff__tgxstrength__dw_zheng_yin_weak,0.0,0.0
0,2,diff__tgxstrength__sw_bijian_neutral,0.0,0.0
0,2,diff__tgxstrength__sw_bijian_strong,0.0,0.0
0,2,diff__tgxstrength__sw_bijian_weak,0.0,0.0
0,2,diff__tgxstrength__sw_jiecai_neutral,0.0,0.0
0,2,diff__tgxstrength__sw_jiecai_strong,0.0,0.0
0,2,diff__tgxstrength__sw_jiecai_weak,0.0,0.0
0,2,diff__tgxstrength__sw_pian_cai_neutral,0.0,0.0
0,2,diff__tgxstrength__sw_pian_cai_strong,0.0,0.0
0,2,diff__tgxstrength__sw_pian_cai_weak,0.0,0.0
0,2,diff__tgxstrength__sw_pian_yin_neutral,0.0,0.0
0,2,diff__tgxstrength__sw_pian_yin_strong,0.0,0.0
0,2,diff__tgxstrength__sw_pian_yin_weak,0.0,0.0
0,2,diff__tgxstrength__sw_qi_sha_neutral,0.0,0.0
0,2,diff__tgxstrength__sw_qi_sha_strong,0.0,0.0
0,2,diff__tgxstrength__sw_qi_sha_weak,0.0,0.0
0,2,diff__tgxstrength__sw_shangguan_neutral,0.0,0.0
0,2,diff__tgxstrength__sw_shangguan_strong,1.0,0.0287001297868717
0,2,diff__tgxstrength__sw_shangguan_weak,0.0,0.0
0,2,diff__tgxstrength__sw_shishen_neutral,0.0,0.0
0,2,diff__tgxstrength__sw_shishen_strong,0.0,0.0
0,2,diff__tgxstrength__sw_shishen_weak,0.0,0.0
0,2,diff__tgxstrength__sw_zheng_cai_neutral,0.0,0.0
0,2,diff__tgxstrength__sw_zheng_cai_strong,0.0,0.0
0,2,diff__tgxstrength__sw_zheng_cai_weak,0.0,0.0
0,2,diff__tgxstrength__sw_zheng_guan_neutral,0.0,0.0
0,2,diff__tgxstrength__sw_zheng_guan_strong,0.0,0.0
0,2,diff__tgxstrength__sw_zheng_guan_weak,0.0,0.0
0,2,diff__tgxstrength__sw_zheng_yin_neutral,0.0,0.0
0,2,diff__tgxstrength__sw_zheng_yin_strong,0.0,0.0
0,2,diff__tgxstrength__sw_zheng_yin_weak,0.0,0.0
0,2,diff__unseong__dw_raw_score,0.0,0.0
0,2,diff__unseong__dw_score_x_strength,0.0,0.0
0,2,diff__unseong__dw_state_건록,0.0,0.0
0,2,diff__unseong__dw_state_관대,0.0,0.0
0,2,diff__unseong__dw_state_목욕,0.0,0.0
0,2,diff__unseong__dw_state_묘,0.0,0.0
0,2,diff__unseong__dw_state_병,0.0,0.0
0,2,diff__unseong__dw_state_사,0.0,0.0
0,2,diff__unseong__dw_state_쇠,0.0,0.0
0,2,diff__unseong__dw_state_양,0.0,0.0
0,2,diff__unseong__dw_state_장생,0.0,0.0
0,2,diff__unseong__dw_state_절,0.0,0.0
0,2,diff__unseong__dw_state_제왕,0.0,0.0
0,2,diff__unseong__dw_state_태,0.0,0.0
0,2,diff__unseong__sw_raw_score,1.0,-0.18282549310304513
0,2,diff__unseong__sw_score_x_strength,0.0,0.0
0,2,diff__unseong__sw_state_건록,0.0,0.0
0,2,diff__unseong__sw_state_관대,0.0,0.0
0,2,diff__unseong__sw_state_목욕,0.0,0.0
0,2,diff__unseong__sw_state_묘,0.0,0.0
0,2,diff__unseong__sw_state_병,0.0,0.0
0,2,diff__unseong__sw_state_사,0.0,0.0
0,2,diff__unseong__sw_state_쇠,0.0,0.0
0,2,diff__unseong__sw_state_양,0.0,0.0
0,2,diff__unseong__sw_state_장생,0.0,0.0
0,2,diff__unseong__sw_state_절,0.0,0.0
0,2,diff__unseong__sw_state_제왕,1.0,-0.022539321459011996
0,2,diff__unseong__sw_state_태,0.0,0.0
0,2,diff__yongshin__dw_gi_fit,0.0,0.0
0,2,diff__yongshin__dw_gu_fit,0.0,0.0
0,2,diff__yongshin__dw_hee_fit,0.0,0.0
0,2,diff__yongshin__dw_supplies_fav,0.0,0.0
0,2,diff__yongshin__dw_supplies_unfav,0.0,0.0
0,2,diff__yongshin__dw_yong_branch_fit,0.0,0.0
0,2,diff__yongshin__dw_yong_fit,0.0,0.0
0,2,diff__yongshin__dw_yong_stem_fit,0.0,0.0
0,2,diff__yongshin__sw_gi_fit,0.0,0.0
0,2,diff__yongshin__sw_gu_fit,0.0,0.0
0,2,diff__yongshin__sw_hee_fit,0.0,0.0
0,2,diff__yongshin__sw_supplies_fav,0.0,0.0
0,2,diff__yongshin__sw_supplies_unfav,0.0,0.0
0,2,diff__yongshin__sw_yong_branch_fit,0.0,0.0
0,2,diff__yongshin__sw_yong_fit,0.0,0.0
0,2,diff__yongshin__sw_yong_stem_fit,0.0,0.0
0,3,diff__basic__daymaster_element_earth,0.0,0.0
0,3,diff__basic__daymaster_element_fire,0.0,0.0
0,3,diff__basic__daymaster_element_metal,0.0,0.0
0,3,diff__basic__daymaster_element_water,0.0,0.0
0,3,diff__basic__daymaster_element_wood,0.0,0.0
0,3,diff__basic__daymaster_stem_丁,0.0,0.0
0,3,diff__basic__daymaster_stem_丙,0.0,0.0
0,3,diff__basic__daymaster_stem_乙,0.0,0.0
0,3,diff__basic__daymaster_stem_壬,0.0,0.0
0,3,diff__basic__daymaster_stem_己,0.0,0.0
0,3,diff__basic__daymaster_stem_庚,0.0,0.0
0,3,diff__basic__daymaster_stem_戊,0.0,0.0
0,3,diff__basic__daymaster_stem_甲,0.0,0.0
0,3,diff__basic__daymaster_stem_癸,0.0,0.0
0,3,diff__basic__daymaster_stem_辛,0.0,0.0
0,3,diff__basic__dw_branch_丑,0.0,0.0
0,3,diff__basic__dw_branch_亥,0.0,0.0
0,3,diff__basic__dw_branch_午,1.0,-0.12470733020435826
0,3,diff__basic__dw_branch_卯,1.0,0.04883591060166745
0,3,diff__basic__dw_branch_子,0.0,0.0
0,3,diff__basic__dw_branch_寅,0.0,0.0
0,3,diff__basic__dw_branch_巳,1.0,-0.06059870178089655
0,3,diff__basic__dw_branch_戌,0.0,0.0
0,3,diff__basic__dw_branch_未,1.0,0.07626575009421316
0,3,diff__basic__dw_branch_申,1.0,0.09864676036976744
0,3,diff__basic__dw_branch_辰,0.0,0.0
0,3,diff__basic__dw_branch_酉,0.0,0.0
0,3,diff__basic__dw_element_earth,1.0,0.003982743531823315
0,3,diff__basic__dw_element_fire,0.0,0.0
0,3,diff__basic__dw_element_metal,0.0,0.0
0,3,diff__basic__dw_element_water,0.0,0.0
0,3,diff__basic__dw_element_wood,0.0,0.0
0,3,diff__basic__dw_stem_丁,0.0,0.0
0,3,diff__basic__dw_stem_丙,0.0,0.0
0,3,diff__basic__dw_stem_乙,1.0,-0.15535551271753234
0,3,diff__basic__dw_stem_壬,1.0,-0.029726706965568582
0,3,diff__basic__dw_stem_己,0.0,0.0
0,3,diff__basic__dw_stem_庚,0.0,0.0
0,3,diff__basic__dw_stem_戊,0.0,0.0
0,3,diff__basic__dw_stem_甲,0.0,0.0
0,3,diff__basic__dw_stem_癸,0.0,0.0
0,3,diff__basic__dw_stem_辛,0.0,0.0
0,3,diff__basic__dw_yy_yang,0.0,0.0
0,3,diff__basic__dw_yy_yin,0.0,0.0
0,3,diff__basic__natal_day_branch_丑,0.0,0.0
0,3,diff__basic__natal_day_branch_亥,0.0,0.0
0,3,diff__basic__natal_day_branch_午,0.0,0.0
0,3,diff__basic__natal_day_branch_卯,0.0,0.0
0,3,diff__basic__natal_day_branch_子,0.0,0.0
0,3,diff__basic__natal_day_branch_寅,0.0,0.0
0,3,diff__basic__natal_day_branch_巳,0.0,0.0
0,3,diff__basic__natal_day_branch_戌,0.0,0.0
0,3,diff__basic__natal_day_branch_未,0.0,0.0
0,3,diff__basic__natal_day_branch_申,0.0,0.0
0,3,diff__basic__natal_day_branch_辰,0.0,0.0
0,3,diff__basic__natal_day_branch_酉,0.0,0.0
0,3,diff__basic__natal_day_stem_丁,0.0,0.0
0,3,diff__basic__natal_day_stem_丙,0.0,0.0
0,3,diff__basic__natal_day_stem_乙,0.0,0.0
0,3,diff__basic__natal_day_stem_壬,0.0,0.0
0,3,diff__basic__natal_day_stem_己,0.0,0.0
0,3,diff__basic__natal_day_stem_庚,0.0,0.0
0,3,diff__basic__natal_day_stem_戊,0.0,0.0
0,3,diff__basic__natal_day_stem_甲,0.0,0.0
0,3,diff__basic__natal_day_stem_癸,0.0,0.0
0,3,diff__basic__natal_day_stem_辛,0.0,0.0
0,3,diff__basic__natal_element_count_earth,0.0,0.0
0,3,diff__basic__natal_element_count_fire,0.0,0.0
0,3,diff__basic__natal_element_count_metal,0.0,0.0
0,3,diff__basic__natal_element_count_water,0.0,0.0
0,3,diff__basic__natal_element_count_wood,0.0,0.0
0,3,diff__basic__natal_hour_branch_丑,0.0,0.0
0,3,diff__basic__natal_hour_branch_亥,0.0,0.0
0,3,diff__basic__natal_hour_branch_午,0.0,0.0
0,3,diff__basic__natal_hour_branch_卯,0.0,0.0
0,3,diff__basic__natal_hour_branch_子,0.0,0.0
0,3,diff__basic__natal_hour_branch_寅,0.0,0.0
0,3,diff__basic__natal_hour_branch_巳,0.0,0.0
0,3,diff__basic__natal_hour_branch_戌,0.0,0.0
0,3,diff__basic__natal_hour_branch_未,0.0,0.0
0,3,diff__basic__natal_hour_branch_申,0.0,0.0
0,3,diff__basic__natal_hour_branch_辰,0.0,0.0
0,3,diff__basic__natal_hour_branch_酉,0.0,0.0
0,3,diff__basic__natal_hour_stem_丁,0.0,0.0
0,3,diff__basic__natal_hour_stem_丙,0.0,0.0
0,3,diff__basic__natal_hour_stem_乙,0.0,0.0
0,3,diff__basic__natal_hour_stem_壬,0.0,0.0
0,3,diff__basic__natal_hour_stem_己,0.0,0.0
0,3,diff__basic__natal_hour_stem_庚,0.0,0.0
0,3,diff__basic__natal_hour_stem_戊,0.0,0.0
0,3,diff__basic__natal_hour_stem_甲,0.0,0.0
0,3,diff__basic__natal_hour_stem_癸,0.0,0.0
0,3,diff__basic__natal_hour_stem_辛,0.0,0.0
0,3,diff__basic__natal_month_branch_丑,0.0,0.0
0,3,diff__basic__natal_month_branch_亥,0.0,0.0
0,3,diff__basic__natal_month_branch_午,0.0,0.0
0,3,diff__basic__natal_month_branch_卯,0.0,0.0
0,3,diff__basic__natal_month_branch_子,0.0,0.0
0,3,diff__basic__natal_month_branch_寅,0.0,0.0
0,3,diff__basic__natal_month_branch_巳,0.0,0.0
0,3,diff__basic__natal_month_branch_戌,0.0,0.0
0,3,diff__basic__natal_month_branch_未,0.0,0.0
0,3,diff__basic__natal_month_branch_申,0.0,0.0
0,3,diff__basic__natal_month_branch_辰,0.0,0.0
0,3,diff__basic__natal_month_branch_酉,0.0,0.0
0,3,diff__basic__natal_month_stem_丁,0.0,0.0
0,3,diff__basic__natal_month_stem_丙,0.0,0.0
0,3,diff__basic__natal_month_stem_乙,0.0,0.0
0,3,diff__basic__natal_month_stem_壬,0.0,0.0
0,3,diff__basic__natal_month_stem_己,0.0,0.0
0,3,diff__basic__natal_month_stem_庚,0.0,0.0
0,3,diff__basic__natal_month_stem_戊,0.0,0.0
0,3,diff__basic__natal_month_stem_甲,0.0,0.0
0,3,diff__basic__natal_month_stem_癸,0.0,0.0
0,3,diff__basic__natal_month_stem_辛,0.0,0.0
0,3,diff__basic__natal_year_branch_丑,0.0,0.0
0,3,diff__basic__natal_year_branch_亥,0.0,0.0
0,3,diff__basic__natal_year_branch_午,0.0,0.0
0,3,diff__basic__natal_year_branch_卯,0.0,0.0
0,3,diff__basic__natal_year_branch_子,0.0,0.0
0,3,diff__basic__natal_year_branch_寅,0.0,0.0
0,3,diff__basic__natal_year_branch_巳,0.0,0.0
0,3,diff__basic__natal_year_branch_戌,0.0,0.0
0,3,diff__basic__natal_year_branch_未,0.0,0.0
0,3,diff__basic__natal_year_branch_申,0.0,0.0
0,3,diff__basic__natal_year_branch_辰,0.0,0.0
0,3,diff__basic__natal_year_branch_酉,0.0,0.0
0,3,diff__basic__natal_year_stem_丁,0.0,0.0
0,3,diff__basic__natal_year_stem_丙,0.0,0.0
0,3,diff__basic__natal_year_stem_乙,0.0,0.0
0,3,diff__basic__natal_year_stem_壬,0.0,0.0
0,3,diff__basic__natal_year_stem_己,0.0,0.0
0,3,diff__basic__natal_year_stem_庚,0.0,0.0
0,3,diff__basic__natal_year_stem_戊,0.0,0.0
0,3,diff__basic__natal_year_stem_甲,0.0,0.0
0,3,diff__basic__natal_year_stem_癸,0.0,0.0
0,3,diff__basic__natal_year_stem_辛,0.0,0.0
0,3,diff__basic__sw_branch_丑,1.0,0.17868681296946862
0,3,diff__basic__sw_branch_亥,0.0,0.0
0,3,diff__basic__sw_branch_午,0.0,0.0
0,3,diff__basic__sw_branch_卯,0.0,0.0
0,3,diff__basic__sw_branch_子,1.0,-0.10849306997184571
0,3,diff__basic__sw_branch_寅,0.0,0.0
0,3,diff__basic__sw_branch_巳,1.0,0.057729009295325685
0,3,diff__basic__sw_branch_戌,0.0,0.0
0,3,diff__basic__sw_branch_未,0.0,0.0
0,3,diff__basic__sw_branch_申,0.0,0.0
0,3,diff__basic__sw_branch_辰,1.0,-0.07326894033685151
0,3,diff__basic__sw_branch_酉,1.0,-0.07606014931283522
0,3,diff__basic__sw_element_earth,1.0,-0.06722613066178905
0,3,diff__basic__sw_element_fire,1.0,0.011900596423796667
0,3,diff__basic__sw_element_metal,1.0,-0.29711999250745214
0,3,diff__basic__sw_element_water,0.0,0.0
0,3,diff__basic__sw_element_wood,1.0,0.2956055482649952
0,3,diff__basic__sw_stem_丁,1.0,0.03045251921946498
0,3,diff__basic__sw_stem_丙,0.0,0.0
0,3,diff__basic__sw_stem_乙,0.0,0.0
0,3,diff__basic__sw_stem_壬,0.0,0.0
0,3,diff__basic__sw_stem_己,0.0,0.0
0,3,diff__basic__sw_stem_庚,1.0,-0.10673185280826494
0,3,diff__basic__sw_stem_戊,1.0,-0.04647157832989558
0,3,diff__basic__sw_stem_甲,1.0,0.1543586913378965
0,3,diff__basic__sw_stem_癸,1.0,0.006321658963065127
0,3,diff__basic__sw_stem_辛,1.0,-0.028778771083752486
0,3,diff__basic__sw_yy_yang,0.0,0.0
0,3,diff__basic__sw_yy_yin,0.0,0.0
0,3,diff__engine__strength_극약,0.0,0.0
0,3,diff__engine__strength_극왕,0.0,0.0
0,3,diff__engine__strength_신강,0.0,0.0
0,3,diff__engine__strength_신약,0.0,0.0
0,3,diff__engine__strength_중화신강,0.0,0.0
0,3,diff__engine__strength_중화신약,0.0,0.0
0,3,diff__engine__strength_태강,0.0,0.0
0,3,diff__engine__strength_태약,0.0,0.0
0,3,diff__hidden__natal_element_count_earth,0.0,0.0
0,3,diff__hidden__natal_element_count_fire,0.0,0.0
0,3,diff__hidden__natal_element_count_metal,0.0,0.0
0,3,diff__hidden__natal_element_count_water,0.0,0.0
0,3,diff__hidden__natal_element_count_wood,0.0,0.0
0,3,diff__hidden__natal_tg_count_officer,0.0,0.0
0,3,diff__hidden__natal_tg_count_output,0.0,0.0
0,3,diff__hidden__natal_tg_count_peer,0.0,0.0
0,3,diff__hidden__natal_tg_count_resource,0.0,0.0
0,3,diff__hidden__natal_tg_count_wealth,0.0,0.0
0,3,diff__relation__dw_branch_break_natal,0.0,0.0
0,3,diff__relation__dw_branch_clash_natal,1.0,-0.022960432414889993
0,3,diff__relation__dw_branch_combine_natal,0.0,0.0
0,3,diff__relation__dw_branch_harm_natal,0.0,0.0
0,3,diff__relation__dw_branch_punish_natal,1.0,-0.011947231660641372
0,3,diff__relation__dw_stem_clash_natal,0.0,0.0
0,3,diff__relation__dw_stem_combine_natal,0.0,0.0
0,3,diff__relation__sw_branch_break_natal,1.0,-0.13140015405427546
0,3,diff__relation__sw_branch_clash_natal,1.0,0.2031953180126228
0,3,diff__relation__sw_branch_combine_natal,0.0,0.0
0,3,diff__relation__sw_branch_harm_natal,0.0,0.0
0,3,diff__relation__sw_branch_punish_natal,1.0,0.24360536075496844
0,3,diff__relation__sw_dw_branch_break,0.0,0.0
0,3,diff__relation__sw_dw_branch_clash,1.0,0.01773778309264199
0,3,diff__relation__sw_dw_branch_combine,1.0,0.05687057892112563
0,3,diff__relation__sw_dw_branch_harm,1.0,0.22485817763674634
0,3,diff__relation__sw_dw_branch_punish,1.0,0.2867110601557189
0,3,diff__relation__sw_dw_stem_clash,1.0,-0.17084517463186097
0,3,diff__relation__sw_dw_stem_combine,0.0,0.0
0,3,diff__relation__sw_stem_clash_natal,0.0,0.0
0,3,diff__relation__sw_stem_combine_natal,0.0,0.0
0,3,diff__shinsal__dw_breakdown_scalar,1.0,0.3212629606302572
0,3,diff__shinsal__dw_gongmang_is_gongmang,0.0,0.0
0,3,diff__shinsal__dw_gongmang_rel,0.0,0.0
0,3,diff__shinsal__dw_gongmang_trine,0.0,0.0
0,3,diff__shinsal__dw_gongmang_unseong,1.0,0.02274084345990968
0,3,diff__shinsal__dw_gongmang_yfit_branch,0.0,0.0
0,3,diff__shinsal__dw_indicators_귀인력,0.0,0.0
0,3,diff__shinsal__dw_noble_power,0.0,0.0
0,3,diff__shinsal__dw_신살_길신__count,0.0,0.0
0,3,diff__shinsal__dw_신살_길신__록신_,0.0,0.0
0,3,diff__shinsal__dw_신살_길신__문창귀인_,1.0,-0.2574899613517846
0,3,diff__shinsal__dw_신살_길신__반안_,0.0,0.0
0,3,diff__shinsal__dw_신살_길신__장성_,0.0,0.0
0,3,diff__shinsal__dw_신살_길신__천을귀인_,1.0,0.03791703212135369
0,3,diff__shinsal__dw_신살_길신__천희_,1.0,0.07752514640842825
0,3,diff__shinsal__dw_신살_길신__홍란_,0.0,0.0
0,3,diff__shinsal__dw_신살_길신__화개_,0.0,0.0
0,3,diff__shinsal__dw_신살_흉살__count,0.0,0.0
0,3,diff__shinsal__dw_신살_흉살__겁살_,1.0,0.19726048847984157
0,3,diff__shinsal__dw_신살_흉살__고진_,0.0,0.0
0,3,diff__shinsal__dw_신살_흉살__과숙_,0.0,0.0
0,3,diff__shinsal__dw_신살_흉살__도화_,0.0,0.0
0,3,diff__shinsal__dw_신살_흉살__망신_,0.0,0.0
0,3,diff__shinsal__dw_신살_흉살__양인_,0.0,0.0
0,3,diff__shinsal__dw_신살_흉살__역마_,0.0,0.0
0,3,diff__shinsal__sw_indicators_귀인력,0.0,0.0
0,3,diff__shinsal__sw_세운_신살_길신__count,1.0,0.13865279352560758
0,3,diff__shinsal__sw_세운_신살_길신__록신_,0.0,0.0
0,3,diff__shinsal__sw_세운_신살_길신__문창귀인_,1.0,-0.1635700310760811
0,3,diff__shinsal__sw_세운_신살_길신__반안_,1.0,0.18329452059521903
0,3,diff__shinsal__sw_세운_신살_길신__장성_,0.0,0.0
0,3,diff__shinsal__sw_세운_신살_길신__천을귀인_,1.0,0.0074189072376596235
0,3,diff__shinsal__sw_세운_신살_길신__천희_,0.0,0.0
0,3,diff__shinsal__sw_세운_신살_길신__홍란_,0.0,0.0
0,3,diff__shinsal__sw_세운_신살_길신__화개_,1.0,0.18329452059521903
0,3,diff__shinsal__sw_세운_신살_흉살__count,0.0,0.0
0,3,diff__shinsal__sw_세운_신살_흉살__겁살_,1.0,-0.00017090232908807343
0,3,diff__shinsal__sw_세운_신살_흉살__고진_,1.0,-0.16590256448229787
0,3,diff__shinsal__sw_세운_신살_흉살__과숙_,0.0,0.0
0,3,diff__shinsal__sw_세운_신살_흉살__도화_,0.0,0.0
0,3,diff__shinsal__sw_세운_신살_흉살__망신_,1.0,0.03456281126962763
0,3,diff__shinsal__sw_세운_신살_흉살__양인_,0.0,0.0
0,3,diff__shinsal__sw_세운_신살_흉살__역마_,0.0,0.0
0,3,diff__tengod__dw_group_officer,0.0,0.0
0,3,diff__tengod__dw_group_output,0.0,0.0
0,3,diff__tengod__dw_group_peer,0.0,0.0
0,3,diff__tengod__dw_group_resource,0.0,0.0
0,3,diff__tengod__dw_group_wealth,0.0,0.0
0,3,diff__tengod__sw_group_officer,0.0,0.0
0,3,diff__tengod__sw_group_output,0.0,0.0
0,3,diff__tengod__sw_group_peer,0.0,0.0
0,3,diff__tengod__sw_group_resource,0.0,0.0
0,3,diff__tengod__sw_group_wealth,0.0,0.0
0,3,diff__tg10__dw_branch_hidden_bijian,1.0,0.12978099816013594
0,3,diff__tg10__dw_branch_hidden_jiecai,0.0,0.0
0,3,diff__tg10__dw_branch_hidden_pian_cai,0.0,0.0
0,3,diff__tg10__dw_branch_hidden_pian_yin,1.0,0.2652599433956488
0,3,diff__tg10__dw_branch_hidden_qi_sha,0.0,0.0
0,3,diff__tg10__dw_branch_hidden_shangguan,0.0,0.0
0,3,diff__tg10__dw_branch_hidden_shishen,1.0,-0.03873175870319973
0,3,diff__tg10__dw_branch_hidden_zheng_cai,0.0,0.0
0,3,diff__tg10__dw_branch_hidden_zheng_guan,1.0,-0.39588310797351145
0,3,diff__tg10__dw_branch_hidden_zheng_yin,0.0,0.0
0,3,diff__tg10__dw_stem_bijian,0.0,0.0
0,3,diff__tg10__dw_stem_jiecai,0.0,0.0
0,3,diff__tg10__dw_stem_pian_cai,1.0,-0.03837758100741781
0,3,diff__tg10__dw_stem_pian_yin,0.0,0.0
0,3,diff__tg10__dw_stem_qi_sha,0.0,0.0
0,3,diff__tg10__dw_stem_shangguan,1.0,0.014326083084028713
0,3,diff__tg10__dw_stem_shishen,1.0,-0.03926640814508332
0,3,diff__tg10__dw_stem_zheng_cai,1.0,0.007069218649406305
0,3,diff__tg10__dw_stem_zheng_guan,0.0,0.0
0,3,diff__tg10__dw_stem_zheng_yin,0.0,0.0
0,3,diff__tg10__sw_branch_hidden_bijian,0.0,0.0
0,3,diff__tg10__sw_branch_hidden_jiecai,0.0,0.0
0,3,diff__tg10__sw_branch_hidden_pian_cai,0.0,0.0
0,3,diff__tg10__sw_branch_hidden_pian_yin,0.0,0.0
0,3,diff__tg10__sw_branch_hidden_qi_sha,0.0,0.0
0,3,diff__tg10__sw_branch_hidden_shangguan,1.0,0.204336127056039
0,3,diff__tg10__sw_branch_hidden_shishen,0.0,0.0
0,3,diff__tg10__sw_branch_hidden_zheng_cai,1.0,0.1697072514292754
0,3,diff__tg10__sw_branch_hidden_zheng_guan,0.0,0.0
0,3,diff__tg10__sw_branch_hidden_zheng_yin,0.0,0.0
0,3,diff__tg10__sw_stem_bijian,0.0,0.0
0,3,diff__tg10__sw_stem_jiecai,1.0,0.11979827927026115
0,3,diff__tg10__sw_stem_pian_cai,0.0,0.0
0,3,diff__tg10__sw_stem_pian_yin,0.0,0.0
0,3,diff__tg10__sw_stem_qi_sha,1.0,-0.06148930291631887
0,3,diff__tg10__sw_stem_shangguan,0.0,0.0
0,3,diff__tg10__sw_stem_shishen,0.0,0.0
0,3,diff__tg10__sw_stem_zheng_cai,0.0,0.0
0,3,diff__tg10__sw_stem_zheng_guan,0.0,0.0
0,3,diff__tg10__sw_stem_zheng_yin,0.0,0.0
0,3,diff__tgxstrength__dw_bijian_neutral,0.0,0.0
0,3,diff__tgxstrength__dw_bijian_strong,0.0,0.0
0,3,diff__tgxstrength__dw_bijian_weak,1.0,0.050671058100077944
0,3,diff__tgxstrength__dw_jiecai_neutral,0.0,0.0
0,3,diff__tgxstrength__dw_jiecai_strong,0.0,0.0
0,3,diff__tgxstrength__dw_jiecai_weak,0.0,0.0
0,3,diff__tgxstrength__dw_pian_cai_neutral,0.0,0.0
0,3,diff__tgxstrength__dw_pian_cai_strong,1.0,-0.20165511366390737
0,3,diff__tgxstrength__dw_pian_cai_weak,0.0,0.0
0,3,diff__tgxstrength__dw_pian_yin_neutral,0.0,0.0
0,3,diff__tgxstrength__dw_pian_yin_strong,0.0,0.0
0,3,diff__tgxstrength__dw_pian_yin_weak,0.0,0.0
0,3,diff__tgxstrength__dw_qi_sha_neutral,0.0,0.0
0,3,diff__tgxstrength__dw_qi_sha_strong,0.0,0.0
0,3,diff__tgxstrength__dw_qi_sha_weak,0.0,0.0
0,3,diff__tgxstrength__dw_shangguan_neutral,0.0,0.0
0,3,diff__tgxstrength__dw_shangguan_strong,0.0,0.0
0,3,diff__tgxstrength__dw_shangguan_weak,1.0,0.01199209438048862
0,3,diff__tgxstrength__dw_shishen_neutral,0.0,0.0
0,3,diff__tgxstrength__dw_shishen_strong,1.0,-0.026771339012912343
0,3,diff__tgxstrength__dw_shishen_weak,1.0,-0.008456301980096788
0,3,diff__tgxstrength__dw_zheng_cai_neutral,0.0,0.0
0,3,diff__tgxstrength__dw_zheng_cai_strong,0.0,0.0
0,3,diff__tgxstrength__dw_zheng_cai_weak,0.0,0.0
0,3,diff__tgxstrength__dw_zheng_guan_neutral,0.0,0.0
0,3,diff__tgxstrength__dw_zheng_guan_strong,0.0,0.0
0,3,diff__tgxstrength__dw_zheng_guan_weak,0.0,0.0
0,3,diff__tgxstrength__dw_zheng_yin_neutral,0.0,0.0
0,3,diff__tgxstrength__dw_zheng_yin_strong,0.0,0.0
0,3,diff__tgxstrength__dw_zheng_yin_weak,0.0,0.0
0,3,diff__tgxstrength__sw_bijian_neutral,0.0,0.0
0,3,diff__tgxstrength__sw_bijian_strong,1.0,-0.0802699590605463
0,3,diff__tgxstrength__sw_bijian_weak,0.0,0.0
0,3,diff__tgxstrength__sw_jiecai_neutral,0.0,0.0
0,3,diff__tgxstrength__sw_jiecai_strong,0.0,0.0
0,3,diff__tgxstrength__sw_jiecai_weak,1.0,0.021768674547627254
0,3,diff__tgxstrength__sw_pian_cai_neutral,0.0,0.0
0,3,diff__tgxstrength__sw_pian_cai_strong,0.0,0.0
0,3,diff__tgxstrength__sw_pian_cai_weak,0.0,0.0
0,3,diff__tgxstrength__sw_pian_yin_neutral,0.0,0.0
0,3,diff__tgxstrength__sw_pian_yin_strong,1.0,0.2019934687091697
0,3,diff__tgxstrength__sw_pian_yin_weak,1.0,-0.12343487282654211
0,3,diff__tgxstrength__sw_qi_sha_neutral,0.0,0.0
0,3,diff__tgxstrength__sw_qi_sha_strong,0.0,0.0
0,3,diff__tgxstrength__sw_qi_sha_weak,1.0,-0.19261880397660694
0,3,diff__tgxstrength__sw_shangguan_neutral,0.0,0.0
0,3,diff__tgxstrength__sw_shangguan_strong,0.0,0.0
0,3,diff__tgxstrength__sw_shangguan_weak,0.0,0.0
0,3,diff__tgxstrength__sw_shishen_neutral,0.0,0.0
0,3,diff__tgxstrength__sw_shishen_strong,1.0,-0.11656482108823643
0,3,diff__tgxstrength__sw_shishen_weak,0.0,0.0
0,3,diff__tgxstrength__sw_zheng_cai_neutral,0.0,0.0
0,3,diff__tgxstrength__sw_zheng_cai_strong,0.0,0.0
0,3,diff__tgxstrength__sw_zheng_cai_weak,0.0,0.0
0,3,diff__tgxstrength__sw_zheng_guan_neutral,0.0,0.0
0,3,diff__tgxstrength__sw_zheng_guan_strong,0.0,0.0
0,3,diff__tgxstrength__sw_zheng_guan_weak,0.0,0.0
0,3,diff__tgxstrength__sw_zheng_yin_neutral,0.0,0.0
0,3,diff__tgxstrength__sw_zheng_yin_strong,1.0,-0.06868289895097554
0,3,diff__tgxstrength__sw_zheng_yin_weak,0.0,0.0
0,3,diff__unseong__dw_raw_score,0.0,0.0
0,3,diff__unseong__dw_score_x_strength,0.0,0.0
0,3,diff__unseong__dw_state_건록,0.0,0.0
0,3,diff__unseong__dw_state_관대,0.0,0.0
0,3,diff__unseong__dw_state_목욕,0.0,0.0
0,3,diff__unseong__dw_state_묘,1.0,-0.11753146322596535
0,3,diff__unseong__dw_state_병,0.0,0.0
0,3,diff__unseong__dw_state_사,0.0,0.0
0,3,diff__unseong__dw_state_쇠,0.0,0.0
0,3,diff__unseong__dw_state_양,0.0,0.0
0,3,diff__unseong__dw_state_장생,0.0,0.0
0,3,diff__unseong__dw_state_절,1.0,0.15490856663410013
0,3,diff__unseong__dw_state_제왕,0.0,0.0
0,3,diff__unseong__dw_state_태,0.0,0.0
0,3,diff__unseong__sw_raw_score,0.0,0.0
0,3,diff__unseong__sw_score_x_strength,0.0,0.0
0,3,diff__unseong__sw_state_건록,0.0,0.0
0,3,diff__unseong__sw_state_관대,0.0,0.0
0,3,diff__unseong__sw_state_목욕,1.0,0.021628076228500173
0,3,diff__unseong__sw_state_묘,1.0,0.042738329923428305
0,3,diff__unseong__sw_state_병,1.0,-0.2502714404311912
0,3,diff__unseong__sw_state_사,0.0,0.0
0,3,diff__unseong__sw_state_쇠,1.0,-0.14478412469641025
0,3,diff__unseong__sw_state_양,1.0,0.15625764823342628
0,3,diff__unseong__sw_state_장생,1.0,-0.1648076772713656
0,3,diff__unseong__sw_state_절,1.0,0.18706265581218448
0,3,diff__unseong__sw_state_제왕,0.0,0.0
0,3,diff__unseong__sw_state_태,0.0,0.0
0,3,diff__yongshin__dw_gi_fit,1.0,0.11895003734786441
0,3,diff__yongshin__dw_gu_fit,0.0,0.0
0,3,diff__yongshin__dw_hee_fit,0.0,0.0
0,3,diff__yongshin__dw_supplies_fav,1.0,-0.09798908484786518
0,3,diff__yongshin__dw_supplies_unfav,0.0,0.0
0,3,diff__yongshin__dw_yong_branch_fit,0.0,0.0
0,3,diff__yongshin__dw_yong_fit,0.0,0.0
0,3,diff__yongshin__dw_yong_stem_fit,0.0,0.0
0,3,diff__yongshin__sw_gi_fit,0.0,0.0
0,3,diff__yongshin__sw_gu_fit,1.0,-0.09155691342939042
0,3,diff__yongshin__sw_hee_fit,1.0,0.013572355594237142
0,3,diff__yongshin__sw_supplies_fav,0.0,0.0
0,3,diff__yongshin__sw_supplies_unfav,0.0,0.0
0,3,diff__yongshin__sw_yong_branch_fit,0.0,0.0
0,3,diff__yongshin__sw_yong_fit,1.0,-0.04416591881300942
0,3,diff__yongshin__sw_yong_stem_fit,1.0,-0.1257417277867089
0,4,diff__basic__daymaster_element_earth,0.0,0.0
0,4,diff__basic__daymaster_element_fire,0.0,0.0
0,4,diff__basic__daymaster_element_metal,0.0,0.0
0,4,diff__basic__daymaster_element_water,0.0,0.0
0,4,diff__basic__daymaster_element_wood,0.0,0.0
0,4,diff__basic__daymaster_stem_丁,0.0,0.0
0,4,diff__basic__daymaster_stem_丙,0.0,0.0
0,4,diff__basic__daymaster_stem_乙,0.0,0.0
0,4,diff__basic__daymaster_stem_壬,0.0,0.0
0,4,diff__basic__daymaster_stem_己,0.0,0.0
0,4,diff__basic__daymaster_stem_庚,0.0,0.0
0,4,diff__basic__daymaster_stem_戊,0.0,0.0
0,4,diff__basic__daymaster_stem_甲,0.0,0.0
0,4,diff__basic__daymaster_stem_癸,0.0,0.0
0,4,diff__basic__daymaster_stem_辛,0.0,0.0
0,4,diff__basic__dw_branch_丑,0.0,0.0
0,4,diff__basic__dw_branch_亥,0.0,0.0
0,4,diff__basic__dw_branch_午,0.0,0.0
0,4,diff__basic__dw_branch_卯,0.0,0.0
0,4,diff__basic__dw_branch_子,0.0,0.0
0,4,diff__basic__dw_branch_寅,0.0,0.0
0,4,diff__basic__dw_branch_巳,0.0,0.0
0,4,diff__basic__dw_branch_戌,0.0,0.0
0,4,diff__basic__dw_branch_未,0.0,0.0
0,4,diff__basic__dw_branch_申,0.0,0.0
0,4,diff__basic__dw_branch_辰,0.0,0.0
0,4,diff__basic__dw_branch_酉,0.0,0.0
0,4,diff__basic__dw_element_earth,0.0,0.0
0,4,diff__basic__dw_element_fire,0.0,0.0
0,4,diff__basic__dw_element_metal,0.0,0.0
0,4,diff__basic__dw_element_water,0.0,0.0
0,4,diff__basic__dw_element_wood,0.0,0.0
0,4,diff__basic__dw_stem_丁,0.0,0.0
0,4,diff__basic__dw_stem_丙,0.0,0.0
0,4,diff__basic__dw_stem_乙,0.0,0.0
0,4,diff__basic__dw_stem_壬,0.0,0.0
0,4,diff__basic__dw_stem_己,0.0,0.0
0,4,diff__basic__dw_stem_庚,0.0,0.0
0,4,diff__basic__dw_stem_戊,0.0,0.0
0,4,diff__basic__dw_stem_甲,0.0,0.0
0,4,diff__basic__dw_stem_癸,0.0,0.0
0,4,diff__basic__dw_stem_辛,0.0,0.0
0,4,diff__basic__dw_yy_yang,0.0,0.0
0,4,diff__basic__dw_yy_yin,0.0,0.0
0,4,diff__basic__natal_day_branch_丑,0.0,0.0
0,4,diff__basic__natal_day_branch_亥,0.0,0.0
0,4,diff__basic__natal_day_branch_午,0.0,0.0
0,4,diff__basic__natal_day_branch_卯,0.0,0.0
0,4,diff__basic__natal_day_branch_子,0.0,0.0
0,4,diff__basic__natal_day_branch_寅,0.0,0.0
0,4,diff__basic__natal_day_branch_巳,0.0,0.0
0,4,diff__basic__natal_day_branch_戌,0.0,0.0
0,4,diff__basic__natal_day_branch_未,0.0,0.0
0,4,diff__basic__natal_day_branch_申,0.0,0.0
0,4,diff__basic__natal_day_branch_辰,0.0,0.0
0,4,diff__basic__natal_day_branch_酉,0.0,0.0
0,4,diff__basic__natal_day_stem_丁,0.0,0.0
0,4,diff__basic__natal_day_stem_丙,0.0,0.0
0,4,diff__basic__natal_day_stem_乙,0.0,0.0
0,4,diff__basic__natal_day_stem_壬,0.0,0.0
0,4,diff__basic__natal_day_stem_己,0.0,0.0
0,4,diff__basic__natal_day_stem_庚,0.0,0.0
0,4,diff__basic__natal_day_stem_戊,0.0,0.0
0,4,diff__basic__natal_day_stem_甲,0.0,0.0
0,4,diff__basic__natal_day_stem_癸,0.0,0.0
0,4,diff__basic__natal_day_stem_辛,0.0,0.0
0,4,diff__basic__natal_element_count_earth,0.0,0.0
0,4,diff__basic__natal_element_count_fire,0.0,0.0
0,4,diff__basic__natal_element_count_metal,0.0,0.0
0,4,diff__basic__natal_element_count_water,0.0,0.0
0,4,diff__basic__natal_element_count_wood,0.0,0.0
0,4,diff__basic__natal_hour_branch_丑,0.0,0.0
0,4,diff__basic__natal_hour_branch_亥,0.0,0.0
0,4,diff__basic__natal_hour_branch_午,0.0,0.0
0,4,diff__basic__natal_hour_branch_卯,0.0,0.0
0,4,diff__basic__natal_hour_branch_子,0.0,0.0
0,4,diff__basic__natal_hour_branch_寅,0.0,0.0
0,4,diff__basic__natal_hour_branch_巳,0.0,0.0
0,4,diff__basic__natal_hour_branch_戌,0.0,0.0
0,4,diff__basic__natal_hour_branch_未,0.0,0.0
0,4,diff__basic__natal_hour_branch_申,0.0,0.0
0,4,diff__basic__natal_hour_branch_辰,0.0,0.0
0,4,diff__basic__natal_hour_branch_酉,0.0,0.0
0,4,diff__basic__natal_hour_stem_丁,0.0,0.0
0,4,diff__basic__natal_hour_stem_丙,0.0,0.0
0,4,diff__basic__natal_hour_stem_乙,0.0,0.0
0,4,diff__basic__natal_hour_stem_壬,0.0,0.0
0,4,diff__basic__natal_hour_stem_己,0.0,0.0
0,4,diff__basic__natal_hour_stem_庚,0.0,0.0
0,4,diff__basic__natal_hour_stem_戊,0.0,0.0
0,4,diff__basic__natal_hour_stem_甲,0.0,0.0
0,4,diff__basic__natal_hour_stem_癸,0.0,0.0
0,4,diff__basic__natal_hour_stem_辛,0.0,0.0
0,4,diff__basic__natal_month_branch_丑,0.0,0.0
0,4,diff__basic__natal_month_branch_亥,0.0,0.0
0,4,diff__basic__natal_month_branch_午,0.0,0.0
0,4,diff__basic__natal_month_branch_卯,0.0,0.0
0,4,diff__basic__natal_month_branch_子,0.0,0.0
0,4,diff__basic__natal_month_branch_寅,0.0,0.0
0,4,diff__basic__natal_month_branch_巳,0.0,0.0
0,4,diff__basic__natal_month_branch_戌,0.0,0.0
0,4,diff__basic__natal_month_branch_未,0.0,0.0
0,4,diff__basic__natal_month_branch_申,0.0,0.0
0,4,diff__basic__natal_month_branch_辰,0.0,0.0
0,4,diff__basic__natal_month_branch_酉,0.0,0.0
0,4,diff__basic__natal_month_stem_丁,0.0,0.0
0,4,diff__basic__natal_month_stem_丙,0.0,0.0
0,4,diff__basic__natal_month_stem_乙,0.0,0.0
0,4,diff__basic__natal_month_stem_壬,0.0,0.0
0,4,diff__basic__natal_month_stem_己,0.0,0.0
0,4,diff__basic__natal_month_stem_庚,0.0,0.0
0,4,diff__basic__natal_month_stem_戊,0.0,0.0
0,4,diff__basic__natal_month_stem_甲,0.0,0.0
0,4,diff__basic__natal_month_stem_癸,0.0,0.0
0,4,diff__basic__natal_month_stem_辛,0.0,0.0
0,4,diff__basic__natal_year_branch_丑,0.0,0.0
0,4,diff__basic__natal_year_branch_亥,0.0,0.0
0,4,diff__basic__natal_year_branch_午,0.0,0.0
0,4,diff__basic__natal_year_branch_卯,0.0,0.0
0,4,diff__basic__natal_year_branch_子,0.0,0.0
0,4,diff__basic__natal_year_branch_寅,0.0,0.0
0,4,diff__basic__natal_year_branch_巳,0.0,0.0
0,4,diff__basic__natal_year_branch_戌,0.0,0.0
0,4,diff__basic__natal_year_branch_未,0.0,0.0
0,4,diff__basic__natal_year_branch_申,0.0,0.0
0,4,diff__basic__natal_year_branch_辰,0.0,0.0
0,4,diff__basic__natal_year_branch_酉,0.0,0.0
0,4,diff__basic__natal_year_stem_丁,0.0,0.0
0,4,diff__basic__natal_year_stem_丙,0.0,0.0
0,4,diff__basic__natal_year_stem_乙,0.0,0.0
0,4,diff__basic__natal_year_stem_壬,0.0,0.0
0,4,diff__basic__natal_year_stem_己,0.0,0.0
0,4,diff__basic__natal_year_stem_庚,0.0,0.0
0,4,diff__basic__natal_year_stem_戊,0.0,0.0
0,4,diff__basic__natal_year_stem_甲,0.0,0.0
0,4,diff__basic__natal_year_stem_癸,0.0,0.0
0,4,diff__basic__natal_year_stem_辛,0.0,0.0
0,4,diff__basic__sw_branch_丑,0.0,0.0
0,4,diff__basic__sw_branch_亥,0.0,0.0
0,4,diff__basic__sw_branch_午,0.0,0.0
0,4,diff__basic__sw_branch_卯,0.0,0.0
0,4,diff__basic__sw_branch_子,0.0,0.0
0,4,diff__basic__sw_branch_寅,0.0,0.0
0,4,diff__basic__sw_branch_巳,0.0,0.0
0,4,diff__basic__sw_branch_戌,0.0,0.0
0,4,diff__basic__sw_branch_未,0.0,0.0
0,4,diff__basic__sw_branch_申,0.0,0.0
0,4,diff__basic__sw_branch_辰,0.0,0.0
0,4,diff__basic__sw_branch_酉,0.0,0.0
0,4,diff__basic__sw_element_earth,0.0,0.0
0,4,diff__basic__sw_element_fire,0.0,0.0
0,4,diff__basic__sw_element_metal,0.0,0.0
0,4,diff__basic__sw_element_water,0.0,0.0
0,4,diff__basic__sw_element_wood,0.0,0.0
0,4,diff__basic__sw_stem_丁,0.0,0.0
0,4,diff__basic__sw_stem_丙,0.0,0.0
0,4,diff__basic__sw_stem_乙,0.0,0.0
0,4,diff__basic__sw_stem_壬,0.0,0.0
0,4,diff__basic__sw_stem_己,0.0,0.0
0,4,diff__basic__sw_stem_庚,0.0,0.0
0,4,diff__basic__sw_stem_戊,0.0,0.0
0,4,diff__basic__sw_stem_甲,0.0,0.0
0,4,diff__basic__sw_stem_癸,0.0,0.0
0,4,diff__basic__sw_stem_辛,0.0,0.0
0,4,diff__basic__sw_yy_yang,0.0,0.0
0,4,diff__basic__sw_yy_yin,0.0,0.0
0,4,diff__engine__strength_극약,0.0,0.0
0,4,diff__engine__strength_극왕,0.0,0.0
0,4,diff__engine__strength_신강,0.0,0.0
0,4,diff__engine__strength_신약,0.0,0.0
0,4,diff__engine__strength_중화신강,0.0,0.0
0,4,diff__engine__strength_중화신약,0.0,0.0
0,4,diff__engine__strength_태강,0.0,0.0
0,4,diff__engine__strength_태약,0.0,0.0
0,4,diff__hidden__natal_element_count_earth,0.0,0.0
0,4,diff__hidden__natal_element_count_fire,0.0,0.0
0,4,diff__hidden__natal_element_count_metal,0.0,0.0
0,4,diff__hidden__natal_element_count_water,0.0,0.0
0,4,diff__hidden__natal_element_count_wood,0.0,0.0
0,4,diff__hidden__natal_tg_count_officer,0.0,0.0
0,4,diff__hidden__natal_tg_count_output,0.0,0.0
0,4,diff__hidden__natal_tg_count_peer,0.0,0.0
0,4,diff__hidden__natal_tg_count_resource,0.0,0.0
0,4,diff__hidden__natal_tg_count_wealth,0.0,0.0
0,4,diff__relation__dw_branch_break_natal,0.0,0.0
0,4,diff__relation__dw_branch_clash_natal,0.0,0.0
0,4,diff__relation__dw_branch_combine_natal,0.0,0.0
0,4,diff__relation__dw_branch_harm_natal,0.0,0.0
0,4,diff__relation__dw_branch_punish_natal,0.0,0.0
0,4,diff__relation__dw_stem_clash_natal,0.0,0.0
0,4,diff__relation__dw_stem_combine_natal,0.0,0.0
0,4,diff__relation__sw_branch_break_natal,0.0,0.0
0,4,diff__relation__sw_branch_clash_natal,0.0,0.0
0,4,diff__relation__sw_branch_combine_natal,0.0,0.0
0,4,diff__relation__sw_branch_harm_natal,0.0,0.0
0,4,diff__relation__sw_branch_punish_natal,0.0,0.0
0,4,diff__relation__sw_dw_branch_break,0.0,0.0
0,4,diff__relation__sw_dw_branch_clash,0.0,0.0
0,4,diff__relation__sw_dw_branch_combine,0.0,0.0
0,4,diff__relation__sw_dw_branch_harm,0.0,0.0
0,4,diff__relation__sw_dw_branch_punish,1.0,0.0076821732917781846
0,4,diff__relation__sw_dw_stem_clash,0.0,0.0
0,4,diff__relation__sw_dw_stem_combine,0.0,0.0
0,4,diff__relation__sw_stem_clash_natal,0.0,0.0
0,4,diff__relation__sw_stem_combine_natal,0.0,0.0
0,4,diff__shinsal__dw_breakdown_scalar,0.0,0.0
0,4,diff__shinsal__dw_gongmang_is_gongmang,0.0,0.0
0,4,diff__shinsal__dw_gongmang_rel,0.0,0.0
0,4,diff__shinsal__dw_gongmang_trine,0.0,0.0
0,4,diff__shinsal__dw_gongmang_unseong,0.0,0.0
0,4,diff__shinsal__dw_gongmang_yfit_branch,0.0,0.0
0,4,diff__shinsal__dw_indicators_귀인력,0.0,0.0
0,4,diff__shinsal__dw_noble_power,0.0,0.0
0,4,diff__shinsal__dw_신살_길신__count,0.0,0.0
0,4,diff__shinsal__dw_신살_길신__록신_,0.0,0.0
0,4,diff__shinsal__dw_신살_길신__문창귀인_,0.0,0.0
0,4,diff__shinsal__dw_신살_길신__반안_,0.0,0.0
0,4,diff__shinsal__dw_신살_길신__장성_,0.0,0.0
0,4,diff__shinsal__dw_신살_길신__천을귀인_,0.0,0.0
0,4,diff__shinsal__dw_신살_길신__천희_,0.0,0.0
0,4,diff__shinsal__dw_신살_길신__홍란_,0.0,0.0
0,4,diff__shinsal__dw_신살_길신__화개_,0.0,0.0
0,4,diff__shinsal__dw_신살_흉살__count,0.0,0.0
0,4,diff__shinsal__dw_신살_흉살__겁살_,0.0,0.0
0,4,diff__shinsal__dw_신살_흉살__고진_,0.0,0.0
0,4,diff__shinsal__dw_신살_흉살__과숙_,0.0,0.0
0,4,diff__shinsal__dw_신살_흉살__도화_,0.0,0.0
0,4,diff__shinsal__dw_신살_흉살__망신_,0.0,0.0
0,4,diff__shinsal__dw_신살_흉살__양인_,0.0,0.0
0,4,diff__shinsal__dw_신살_흉살__역마_,0.0,0.0
0,4,diff__shinsal__sw_indicators_귀인력,0.0,0.0
0,4,diff__shinsal__sw_세운_신살_길신__count,0.0,0.0
0,4,diff__shinsal__sw_세운_신살_길신__록신_,0.0,0.0
0,4,diff__shinsal__sw_세운_신살_길신__문창귀인_,0.0,0.0
0,4,diff__shinsal__sw_세운_신살_길신__반안_,0.0,0.0
0,4,diff__shinsal__sw_세운_신살_길신__장성_,0.0,0.0
0,4,diff__shinsal__sw_세운_신살_길신__천을귀인_,0.0,0.0
0,4,diff__shinsal__sw_세운_신살_길신__천희_,0.0,0.0
0,4,diff__shinsal__sw_세운_신살_길신__홍란_,0.0,0.0
0,4,diff__shinsal__sw_세운_신살_길신__화개_,0.0,0.0
0,4,diff__shinsal__sw_세운_신살_흉살__count,0.0,0.0
0,4,diff__shinsal__sw_세운_신살_흉살__겁살_,0.0,0.0
0,4,diff__shinsal__sw_세운_신살_흉살__고진_,0.0,0.0
0,4,diff__shinsal__sw_세운_신살_흉살__과숙_,0.0,0.0
0,4,diff__shinsal__sw_세운_신살_흉살__도화_,0.0,0.0
0,4,diff__shinsal__sw_세운_신살_흉살__망신_,0.0,0.0
0,4,diff__shinsal__sw_세운_신살_흉살__양인_,0.0,0.0
0,4,diff__shinsal__sw_세운_신살_흉살__역마_,0.0,0.0
0,4,diff__tengod__dw_group_officer,0.0,0.0
0,4,diff__tengod__dw_group_output,0.0,0.0
0,4,diff__tengod__dw_group_peer,0.0,0.0
0,4,diff__tengod__dw_group_resource,0.0,0.0
0,4,diff__tengod__dw_group_wealth,0.0,0.0
0,4,diff__tengod__sw_group_officer,0.0,0.0
0,4,diff__tengod__sw_group_output,0.0,0.0
0,4,diff__tengod__sw_group_peer,0.0,0.0
0,4,diff__tengod__sw_group_resource,0.0,0.0
0,4,diff__tengod__sw_group_wealth,0.0,0.0
0,4,diff__tg10__dw_branch_hidden_bijian,0.0,0.0
0,4,diff__tg10__dw_branch_hidden_jiecai,0.0,0.0
0,4,diff__tg10__dw_branch_hidden_pian_cai,0.0,0.0
0,4,diff__tg10__dw_branch_hidden_pian_yin,0.0,0.0
0,4,diff__tg10__dw_branch_hidden_qi_sha,0.0,0.0
0,4,diff__tg10__dw_branch_hidden_shangguan,0.0,0.0
0,4,diff__tg10__dw_branch_hidden_shishen,0.0,0.0
0,4,diff__tg10__dw_branch_hidden_zheng_cai,0.0,0.0
0,4,diff__tg10__dw_branch_hidden_zheng_guan,0.0,0.0
0,4,diff__tg10__dw_branch_hidden_zheng_yin,0.0,0.0
0,4,diff__tg10__dw_stem_bijian,0.0,0.0
0,4,diff__tg10__dw_stem_jiecai,0.0,0.0
0,4,diff__tg10__dw_stem_pian_cai,0.0,0.0
0,4,diff__tg10__dw_stem_pian_yin,0.0,0.0
0,4,diff__tg10__dw_stem_qi_sha,0.0,0.0
0,4,diff__tg10__dw_stem_shangguan,0.0,0.0
0,4,diff__tg10__dw_stem_shishen,0.0,0.0
0,4,diff__tg10__dw_stem_zheng_cai,0.0,0.0
0,4,diff__tg10__dw_stem_zheng_guan,0.0,0.0
0,4,diff__tg10__dw_stem_zheng_yin,0.0,0.0
0,4,diff__tg10__sw_branch_hidden_bijian,0.0,0.0
0,4,diff__tg10__sw_branch_hidden_jiecai,0.0,0.0
0,4,diff__tg10__sw_branch_hidden_pian_cai,0.0,0.0
0,4,diff__tg10__sw_branch_hidden_pian_yin,0.0,0.0
0,4,diff__tg10__sw_branch_hidden_qi_sha,0.0,0.0
0,4,diff__tg10__sw_branch_hidden_shangguan,0.0,0.0
0,4,diff__tg10__sw_branch_hidden_shishen,0.0,0.0
0,4,diff__tg10__sw_branch_hidden_zheng_cai,0.0,0.0
0,4,diff__tg10__sw_branch_hidden_zheng_guan,0.0,0.0
0,4,diff__tg10__sw_branch_hidden_zheng_yin,0.0,0.0
0,4,diff__tg10__sw_stem_bijian,0.0,0.0
0,4,diff__tg10__sw_stem_jiecai,0.0,0.0
0,4,diff__tg10__sw_stem_pian_cai,0.0,0.0
0,4,diff__tg10__sw_stem_pian_yin,0.0,0.0
0,4,diff__tg10__sw_stem_qi_sha,0.0,0.0
0,4,diff__tg10__sw_stem_shangguan,0.0,0.0
0,4,diff__tg10__sw_stem_shishen,0.0,0.0
0,4,diff__tg10__sw_stem_zheng_cai,0.0,0.0
0,4,diff__tg10__sw_stem_zheng_guan,0.0,0.0
0,4,diff__tg10__sw_stem_zheng_yin,0.0,0.0
0,4,diff__tgxstrength__dw_bijian_neutral,0.0,0.0
0,4,diff__tgxstrength__dw_bijian_strong,0.0,0.0
0,4,diff__tgxstrength__dw_bijian_weak,0.0,0.0
0,4,diff__tgxstrength__dw_jiecai_neutral,0.0,0.0
0,4,diff__tgxstrength__dw_jiecai_strong,0.0,0.0
0,4,diff__tgxstrength__dw_jiecai_weak,0.0,0.0
0,4,diff__tgxstrength__dw_pian_cai_neutral,0.0,0.0
0,4,diff__tgxstrength__dw_pian_cai_strong,0.0,0.0
0,4,diff__tgxstrength__dw_pian_cai_weak,0.0,0.0
0,4,diff__tgxstrength__dw_pian_yin_neutral,0.0,0.0
0,4,diff__tgxstrength__dw_pian_yin_strong,0.0,0.0
0,4,diff__tgxstrength__dw_pian_yin_weak,0.0,0.0
0,4,diff__tgxstrength__dw_qi_sha_neutral,0.0,0.0
0,4,diff__tgxstrength__dw_qi_sha_strong,0.0,0.0
0,4,diff__tgxstrength__dw_qi_sha_weak,0.0,0.0
0,4,diff__tgxstrength__dw_shangguan_neutral,0.0,0.0
0,4,diff__tgxstrength__dw_shangguan_strong,0.0,0.0
0,4,diff__tgxstrength__dw_shangguan_weak,0.0,0.0
0,4,diff__tgxstrength__dw_shishen_neutral,0.0,0.0
0,4,diff__tgxstrength__dw_shishen_strong,0.0,0.0
0,4,diff__tgxstrength__dw_shishen_weak,0.0,0.0
0,4,diff__tgxstrength__dw_zheng_cai_neutral,0.0,0.0
0,4,diff__tgxstrength__dw_zheng_cai_strong,0.0,0.0
0,4,diff__tgxstrength__dw_zheng_cai_weak,0.0,0.0
0,4,diff__tgxstrength__dw_zheng_guan_neutral,0.0,0.0
0,4,diff__tgxstrength__dw_zheng_guan_strong,0.0,0.0
0,4,diff__tgxstrength__dw_zheng_guan_weak,0.0,0.0
0,4,diff__tgxstrength__dw_zheng_yin_neutral,0.0,0.0
0,4,diff__tgxstrength__dw_zheng_yin_strong,0.0,0.0
0,4,diff__tgxstrength__dw_zheng_yin_weak,0.0,0.0
0,4,diff__tgxstrength__sw_bijian_neutral,0.0,0.0
0,4,diff__tgxstrength__sw_bijian_strong,0.0,0.0
0,4,diff__tgxstrength__sw_bijian_weak,0.0,0.0
0,4,diff__tgxstrength__sw_jiecai_neutral,0.0,0.0
0,4,diff__tgxstrength__sw_jiecai_strong,0.0,0.0
0,4,diff__tgxstrength__sw_jiecai_weak,0.0,0.0
0,4,diff__tgxstrength__sw_pian_cai_neutral,0.0,0.0
0,4,diff__tgxstrength__sw_pian_cai_strong,0.0,0.0
0,4,diff__tgxstrength__sw_pian_cai_weak,0.0,0.0
0,4,diff__tgxstrength__sw_pian_yin_neutral,0.0,0.0
0,4,diff__tgxstrength__sw_pian_yin_strong,0.0,0.0
0,4,diff__tgxstrength__sw_pian_yin_weak,0.0,0.0
0,4,diff__tgxstrength__sw_qi_sha_neutral,0.0,0.0
0,4,diff__tgxstrength__sw_qi_sha_strong,0.0,0.0
0,4,diff__tgxstrength__sw_qi_sha_weak,0.0,0.0
0,4,diff__tgxstrength__sw_shangguan_neutral,0.0,0.0
0,4,diff__tgxstrength__sw_shangguan_strong,0.0,0.0
0,4,diff__tgxstrength__sw_shangguan_weak,0.0,0.0
0,4,diff__tgxstrength__sw_shishen_neutral,0.0,0.0
0,4,diff__tgxstrength__sw_shishen_strong,0.0,0.0
0,4,diff__tgxstrength__sw_shishen_weak,0.0,0.0
0,4,diff__tgxstrength__sw_zheng_cai_neutral,0.0,0.0
0,4,diff__tgxstrength__sw_zheng_cai_strong,0.0,0.0
0,4,diff__tgxstrength__sw_zheng_cai_weak,0.0,0.0
0,4,diff__tgxstrength__sw_zheng_guan_neutral,0.0,0.0
0,4,diff__tgxstrength__sw_zheng_guan_strong,0.0,0.0
0,4,diff__tgxstrength__sw_zheng_guan_weak,0.0,0.0
0,4,diff__tgxstrength__sw_zheng_yin_neutral,0.0,0.0
0,4,diff__tgxstrength__sw_zheng_yin_strong,0.0,0.0
0,4,diff__tgxstrength__sw_zheng_yin_weak,0.0,0.0
0,4,diff__unseong__dw_raw_score,0.0,0.0
0,4,diff__unseong__dw_score_x_strength,0.0,0.0
0,4,diff__unseong__dw_state_건록,0.0,0.0
0,4,diff__unseong__dw_state_관대,0.0,0.0
0,4,diff__unseong__dw_state_목욕,0.0,0.0
0,4,diff__unseong__dw_state_묘,0.0,0.0
0,4,diff__unseong__dw_state_병,0.0,0.0
0,4,diff__unseong__dw_state_사,0.0,0.0
0,4,diff__unseong__dw_state_쇠,0.0,0.0
0,4,diff__unseong__dw_state_양,0.0,0.0
0,4,diff__unseong__dw_state_장생,0.0,0.0
0,4,diff__unseong__dw_state_절,0.0,0.0
0,4,diff__unseong__dw_state_제왕,0.0,0.0
0,4,diff__unseong__dw_state_태,0.0,0.0
0,4,diff__unseong__sw_raw_score,0.0,0.0
0,4,diff__unseong__sw_score_x_strength,0.0,0.0
0,4,diff__unseong__sw_state_건록,0.0,0.0
0,4,diff__unseong__sw_state_관대,0.0,0.0
0,4,diff__unseong__sw_state_목욕,0.0,0.0
0,4,diff__unseong__sw_state_묘,0.0,0.0
0,4,diff__unseong__sw_state_병,0.0,0.0
0,4,diff__unseong__sw_state_사,0.0,0.0
0,4,diff__unseong__sw_state_쇠,0.0,0.0
0,4,diff__unseong__sw_state_양,0.0,0.0
0,4,diff__unseong__sw_state_장생,0.0,0.0
0,4,diff__unseong__sw_state_절,0.0,0.0
0,4,diff__unseong__sw_state_제왕,0.0,0.0
0,4,diff__unseong__sw_state_태,0.0,0.0
0,4,diff__yongshin__dw_gi_fit,0.0,0.0
0,4,diff__yongshin__dw_gu_fit,0.0,0.0
0,4,diff__yongshin__dw_hee_fit,0.0,0.0
0,4,diff__yongshin__dw_supplies_fav,0.0,0.0
0,4,diff__yongshin__dw_supplies_unfav,0.0,0.0
0,4,diff__yongshin__dw_yong_branch_fit,0.0,0.0
0,4,diff__yongshin__dw_yong_fit,0.0,0.0
0,4,diff__yongshin__dw_yong_stem_fit,0.0,0.0
0,4,diff__yongshin__sw_gi_fit,0.0,0.0
0,4,diff__yongshin__sw_gu_fit,0.0,0.0
0,4,diff__yongshin__sw_hee_fit,0.0,0.0
0,4,diff__yongshin__sw_supplies_fav,0.0,0.0
0,4,diff__yongshin__sw_supplies_unfav,0.0,0.0
0,4,diff__yongshin__sw_yong_branch_fit,0.0,0.0
0,4,diff__yongshin__sw_yong_fit,0.0,0.0
0,4,diff__yongshin__sw_yong_stem_fit,0.0,0.0
1,0,diff__basic__daymaster_element_earth,0.0,0.0
1,0,diff__basic__daymaster_element_fire,0.0,0.0
1,0,diff__basic__daymaster_element_metal,0.0,0.0
1,0,diff__basic__daymaster_element_water,0.0,0.0
1,0,diff__basic__daymaster_element_wood,0.0,0.0
1,0,diff__basic__daymaster_stem_丁,0.0,0.0
1,0,diff__basic__daymaster_stem_丙,0.0,0.0
1,0,diff__basic__daymaster_stem_乙,0.0,0.0
1,0,diff__basic__daymaster_stem_壬,0.0,0.0
1,0,diff__basic__daymaster_stem_己,0.0,0.0
1,0,diff__basic__daymaster_stem_庚,0.0,0.0
1,0,diff__basic__daymaster_stem_戊,0.0,0.0
1,0,diff__basic__daymaster_stem_甲,0.0,0.0
1,0,diff__basic__daymaster_stem_癸,0.0,0.0
1,0,diff__basic__daymaster_stem_辛,0.0,0.0
1,0,diff__basic__dw_branch_丑,0.0,0.0
1,0,diff__basic__dw_branch_亥,0.0,0.0
1,0,diff__basic__dw_branch_午,1.0,-0.6554273267447638
1,0,diff__basic__dw_branch_卯,1.0,0.20405219754472242
1,0,diff__basic__dw_branch_子,0.0,0.0
1,0,diff__basic__dw_branch_寅,0.0,0.0
1,0,diff__basic__dw_branch_巳,0.0,0.0
1,0,diff__basic__dw_branch_戌,0.0,0.0
1,0,diff__basic__dw_branch_未,0.0,0.0
1,0,diff__basic__dw_branch_申,0.0,0.0
1,0,diff__basic__dw_branch_辰,0.0,0.0
1,0,diff__basic__dw_branch_酉,0.0,0.0
1,0,diff__basic__dw_element_earth,0.0,0.0
1,0,diff__basic__dw_element_fire,0.0,0.0
1,0,diff__basic__dw_element_metal,0.0,0.0
1,0,diff__basic__dw_element_water,0.0,0.0
1,0,diff__basic__dw_element_wood,0.0,0.0
1,0,diff__basic__dw_stem_丁,0.0,0.0
1,0,diff__basic__dw_stem_丙,0.0,0.0
1,0,diff__basic__dw_stem_乙,0.0,0.0
1,0,diff__basic__dw_stem_壬,1.0,-0.1975657402815554
1,0,diff__basic__dw_stem_己,0.0,0.0
1,0,diff__basic__dw_stem_庚,0.0,0.0
1,0,diff__basic__dw_stem_戊,0.0,0.0
1,0,diff__basic__dw_stem_甲,0.0,0.0
1,0,diff__basic__dw_stem_癸,0.0,0.0
1,0,diff__basic__dw_stem_辛,0.0,0.0
1,0,diff__basic__dw_yy_yang,0.0,0.0
1,0,diff__basic__dw_yy_yin,0.0,0.0
1,0,diff__basic__natal_day_branch_丑,0.0,0.0
1,0,diff__basic__natal_day_branch_亥,0.0,0.0
1,0,diff__basic__natal_day_branch_午,0.0,0.0
1,0,diff__basic__natal_day_branch_卯,0.0,0.0
1,0,diff__basic__natal_day_branch_子,0.0,0.0
1,0,diff__basic__natal_day_branch_寅,0.0,0.0
1,0,diff__basic__natal_day_branch_巳,0.0,0.0
1,0,diff__basic__natal_day_branch_戌,0.0,0.0
1,0,diff__basic__natal_day_branch_未,0.0,0.0
1,0,diff__basic__natal_day_branch_申,0.0,0.0
1,0,diff__basic__natal_day_branch_辰,0.0,0.0
1,0,diff__basic__natal_day_branch_酉,0.0,0.0
1,0,diff__basic__natal_day_stem_丁,0.0,0.0
1,0,diff__basic__natal_day_stem_丙,0.0,0.0
1,0,diff__basic__natal_day_stem_乙,0.0,0.0
1,0,diff__basic__natal_day_stem_壬,0.0,0.0
1,0,diff__basic__natal_day_stem_己,0.0,0.0
1,0,diff__basic__natal_day_stem_庚,0.0,0.0
1,0,diff__basic__natal_day_stem_戊,0.0,0.0
1,0,diff__basic__natal_day_stem_甲,0.0,0.0
1,0,diff__basic__natal_day_stem_癸,0.0,0.0
1,0,diff__basic__natal_day_stem_辛,0.0,0.0
1,0,diff__basic__natal_element_count_earth,0.0,0.0
1,0,diff__basic__natal_element_count_fire,0.0,0.0
1,0,diff__basic__natal_element_count_metal,0.0,0.0
1,0,diff__basic__natal_element_count_water,0.0,0.0
1,0,diff__basic__natal_element_count_wood,0.0,0.0
1,0,diff__basic__natal_hour_branch_丑,0.0,0.0
1,0,diff__basic__natal_hour_branch_亥,0.0,0.0
1,0,diff__basic__natal_hour_branch_午,0.0,0.0
1,0,diff__basic__natal_hour_branch_卯,0.0,0.0
1,0,diff__basic__natal_hour_branch_子,0.0,0.0
1,0,diff__basic__natal_hour_branch_寅,0.0,0.0
1,0,diff__basic__natal_hour_branch_巳,0.0,0.0
1,0,diff__basic__natal_hour_branch_戌,0.0,0.0
1,0,diff__basic__natal_hour_branch_未,0.0,0.0
1,0,diff__basic__natal_hour_branch_申,0.0,0.0
1,0,diff__basic__natal_hour_branch_辰,0.0,0.0
1,0,diff__basic__natal_hour_branch_酉,0.0,0.0
1,0,diff__basic__natal_hour_stem_丁,0.0,0.0
1,0,diff__basic__natal_hour_stem_丙,0.0,0.0
1,0,diff__basic__natal_hour_stem_乙,0.0,0.0
1,0,diff__basic__natal_hour_stem_壬,0.0,0.0
1,0,diff__basic__natal_hour_stem_己,0.0,0.0
1,0,diff__basic__natal_hour_stem_庚,0.0,0.0
1,0,diff__basic__natal_hour_stem_戊,0.0,0.0
1,0,diff__basic__natal_hour_stem_甲,0.0,0.0
1,0,diff__basic__natal_hour_stem_癸,0.0,0.0
1,0,diff__basic__natal_hour_stem_辛,0.0,0.0
1,0,diff__basic__natal_month_branch_丑,0.0,0.0
1,0,diff__basic__natal_month_branch_亥,0.0,0.0
1,0,diff__basic__natal_month_branch_午,0.0,0.0
1,0,diff__basic__natal_month_branch_卯,0.0,0.0
1,0,diff__basic__natal_month_branch_子,0.0,0.0
1,0,diff__basic__natal_month_branch_寅,0.0,0.0
1,0,diff__basic__natal_month_branch_巳,0.0,0.0
1,0,diff__basic__natal_month_branch_戌,0.0,0.0
1,0,diff__basic__natal_month_branch_未,0.0,0.0
1,0,diff__basic__natal_month_branch_申,0.0,0.0
1,0,diff__basic__natal_month_branch_辰,0.0,0.0
1,0,diff__basic__natal_month_branch_酉,0.0,0.0
1,0,diff__basic__natal_month_stem_丁,0.0,0.0
1,0,diff__basic__natal_month_stem_丙,0.0,0.0
1,0,diff__basic__natal_month_stem_乙,0.0,0.0
1,0,diff__basic__natal_month_stem_壬,0.0,0.0
1,0,diff__basic__natal_month_stem_己,0.0,0.0
1,0,diff__basic__natal_month_stem_庚,0.0,0.0
1,0,diff__basic__natal_month_stem_戊,0.0,0.0
1,0,diff__basic__natal_month_stem_甲,0.0,0.0
1,0,diff__basic__natal_month_stem_癸,0.0,0.0
1,0,diff__basic__natal_month_stem_辛,0.0,0.0
1,0,diff__basic__natal_year_branch_丑,0.0,0.0
1,0,diff__basic__natal_year_branch_亥,0.0,0.0
1,0,diff__basic__natal_year_branch_午,0.0,0.0
1,0,diff__basic__natal_year_branch_卯,0.0,0.0
1,0,diff__basic__natal_year_branch_子,0.0,0.0
1,0,diff__basic__natal_year_branch_寅,0.0,0.0
1,0,diff__basic__natal_year_branch_巳,0.0,0.0
1,0,diff__basic__natal_year_branch_戌,0.0,0.0
1,0,diff__basic__natal_year_branch_未,0.0,0.0
1,0,diff__basic__natal_year_branch_申,0.0,0.0
1,0,diff__basic__natal_year_branch_辰,0.0,0.0
1,0,diff__basic__natal_year_branch_酉,0.0,0.0
1,0,diff__basic__natal_year_stem_丁,0.0,0.0
1,0,diff__basic__natal_year_stem_丙,0.0,0.0
1,0,diff__basic__natal_year_stem_乙,0.0,0.0
1,0,diff__basic__natal_year_stem_壬,0.0,0.0
1,0,diff__basic__natal_year_stem_己,0.0,0.0
1,0,diff__basic__natal_year_stem_庚,0.0,0.0
1,0,diff__basic__natal_year_stem_戊,0.0,0.0
1,0,diff__basic__natal_year_stem_甲,0.0,0.0
1,0,diff__basic__natal_year_stem_癸,0.0,0.0
1,0,diff__basic__natal_year_stem_辛,0.0,0.0
1,0,diff__basic__sw_branch_丑,0.0,0.0
1,0,diff__basic__sw_branch_亥,0.0,0.0
1,0,diff__basic__sw_branch_午,0.0,0.0
1,0,diff__basic__sw_branch_卯,0.0,0.0
1,0,diff__basic__sw_branch_子,0.0,0.0
1,0,diff__basic__sw_branch_寅,0.0,0.0
1,0,diff__basic__sw_branch_巳,1.0,0.16985368082234403
1,0,diff__basic__sw_branch_戌,1.0,0.22618712752348666
1,0,diff__basic__sw_branch_未,0.0,0.0
1,0,diff__basic__sw_branch_申,0.0,0.0
1,0,diff__basic__sw_branch_辰,1.0,-0.3763456675190198
1,0,diff__basic__sw_branch_酉,0.0,0.0
1,0,diff__basic__sw_element_earth,1.0,-0.5921308539019747
1,0,diff__basic__sw_element_fire,1.0,0.033309171206166124
1,0,diff__basic__sw_element_metal,0.0,0.0
1,0,diff__basic__sw_element_water,0.0,0.0
1,0,diff__basic__sw_element_wood,0.0,0.0
1,0,diff__basic__sw_stem_丁,1.0,0.2831903602175957
1,0,diff__basic__sw_stem_丙,0.0,0.0
1,0,diff__basic__sw_stem_乙,0.0,0.0
1,0,diff__basic__sw_stem_壬,0.0,0.0
1,0,diff__basic__sw_stem_己,1.0,-0.15812048721933727
1,0,diff__basic__sw_stem_庚,1.0,-0.10653015220723801
1,0,diff__basic__sw_stem_戊,0.0,0.0
1,0,diff__basic__sw_stem_甲,1.0,0.6068993615470264
1,0,diff__basic__sw_stem_癸,0.0,0.0
1,0,diff__basic__sw_stem_辛,0.0,0.0
1,0,diff__basic__sw_yy_yang,0.0,0.0
1,0,diff__basic__sw_yy_yin,0.0,0.0
1,0,diff__engine__strength_극약,0.0,0.0
1,0,diff__engine__strength_극왕,0.0,0.0
1,0,diff__engine__strength_신강,0.0,0.0
1,0,diff__engine__strength_신약,0.0,0.0
1,0,diff__engine__strength_중화신강,0.0,0.0
1,0,diff__engine__strength_중화신약,0.0,0.0
1,0,diff__engine__strength_태강,0.0,0.0
1,0,diff__engine__strength_태약,0.0,0.0
1,0,diff__hidden__natal_element_count_earth,0.0,0.0
1,0,diff__hidden__natal_element_count_fire,0.0,0.0
1,0,diff__hidden__natal_element_count_metal,0.0,0.0
1,0,diff__hidden__natal_element_count_water,0.0,0.0
1,0,diff__hidden__natal_element_count_wood,0.0,0.0
1,0,diff__hidden__natal_tg_count_officer,0.0,0.0
1,0,diff__hidden__natal_tg_count_output,0.0,0.0
1,0,diff__hidden__natal_tg_count_peer,0.0,0.0
1,0,diff__hidden__natal_tg_count_resource,0.0,0.0
1,0,diff__hidden__natal_tg_count_wealth,0.0,0.0
1,0,diff__relation__dw_branch_break_natal,0.0,0.0
1,0,diff__relation__dw_branch_clash_natal,0.0,0.0
1,0,diff__relation__dw_branch_combine_natal,0.0,0.0
1,0,diff__relation__dw_branch_harm_natal,0.0,0.0
1,0,diff__relation__dw_branch_punish_natal,0.0,0.0
1,0,diff__relation__dw_stem_clash_natal,0.0,0.0
1,0,diff__relation__dw_stem_combine_natal,0.0,0.0
1,0,diff__relation__sw_branch_break_natal,0.0,0.0
1,0,diff__relation__sw_branch_clash_natal,1.0,0.3073192422328438
1,0,diff__relation__sw_branch_combine_natal,0.0,0.0
1,0,diff__relation__sw_branch_harm_natal,1.0,-0.03950802607617261
1,0,diff__relation__sw_branch_punish_natal,1.0,0.05582962755555869
1,0,diff__relation__sw_dw_branch_break,0.0,0.0
1,0,diff__relation__sw_dw_branch_clash,1.0,0.06264488871236039
1,0,diff__relation__sw_dw_branch_combine,0.0,0.0
1,0,diff__relation__sw_dw_branch_harm,1.0,0.23699257775560673
1,0,diff__relation__sw_dw_branch_punish,1.0,0.43781147515339325
1,0,diff__relation__sw_dw_stem_clash,1.0,-0.13795706347761696
1,0,diff__relation__sw_dw_stem_combine,0.0,0.0
1,0,diff__relation__sw_stem_clash_natal,0.0,0.0
1,0,diff__relation__sw_stem_combine_natal,0.0,0.0
1,0,diff__shinsal__dw_breakdown_scalar,0.0,0.0
1,0,diff__shinsal__dw_gongmang_is_gongmang,0.0,0.0
1,0,diff__shinsal__dw_gongmang_rel,0.0,0.0
1,0,diff__shinsal__dw_gongmang_trine,0.0,0.0
1,0,diff__shinsal__dw_gongmang_unseong,1.0,0.19692482924621915
1,0,diff__shinsal__dw_gongmang_yfit_branch,0.0,0.0
1,0,diff__shinsal__dw_indicators_귀인력,0.0,0.0
1,0,diff__shinsal__dw_noble_power,0.0,0.0
1,0,diff__shinsal__dw_신살_길신__count,0.0,0.0
1,0,diff__shinsal__dw_신살_길신__록신_,0.0,0.0
1,0,diff__shinsal__dw_신살_길신__문창귀인_,1.0,-0.20776726394014147
1,0,diff__shinsal__dw_신살_길신__반안_,0.0,0.0
1,0,diff__shinsal__dw_신살_길신__장성_,0.0,0.0
1,0,diff__shinsal__dw_신살_길신__천을귀인_,0.0,0.0
1,0,diff__shinsal__dw_신살_길신__천희_,0.0,0.0
1,0,diff__shinsal__dw_신살_길신__홍란_,0.0,0.0
1,0,diff__shinsal__dw_신살_길신__화개_,0.0,0.0
1,0,diff__shinsal__dw_신살_흉살__count,0.0,0.0
1,0,diff__shinsal__dw_신살_흉살__겁살_,0.0,0.0
1,0,diff__shinsal__dw_신살_흉살__고진_,0.0,0.0
1,0,diff__shinsal__dw_신살_흉살__과숙_,0.0,0.0
1,0,diff__shinsal__dw_신살_흉살__도화_,0.0,0.0
1,0,diff__shinsal__dw_신살_흉살__망신_,0.0,0.0
1,0,diff__shinsal__dw_신살_흉살__양인_,0.0,0.0
1,0,diff__shinsal__dw_신살_흉살__역마_,0.0,0.0
1,0,diff__shinsal__sw_indicators_귀인력,0.0,0.0
1,0,diff__shinsal__sw_세운_신살_길신__count,1.0,0.5317235400839604
1,0,diff__shinsal__sw_세운_신살_길신__록신_,0.0,0.0
1,0,diff__shinsal__sw_세운_신살_길신__문창귀인_,1.0,-0.05845195258378059
1,0,diff__shinsal__sw_세운_신살_길신__반안_,1.0,0.058024781537165865
1,0,diff__shinsal__sw_세운_신살_길신__장성_,0.0,0.0
1,0,diff__shinsal__sw_세운_신살_길신__천을귀인_,0.0,0.0
1,0,diff__shinsal__sw_세운_신살_길신__천희_,1.0,0.03668172582282316
1,0,diff__shinsal__sw_세운_신살_길신__홍란_,0.0,0.0
1,0,diff__shinsal__sw_세운_신살_길신__화개_,1.0,0.058024781537165865
1,0,diff__shinsal__sw_세운_신살_흉살__count,0.0,0.0
1,0,diff__shinsal__sw_세운_신살_흉살__겁살_,0.0,0.0
1,0,diff__shinsal__sw_세운_신살_흉살__고진_,0.0,0.0
1,0,diff__shinsal__sw_세운_신살_흉살__과숙_,1.0,0.15929634331036416
1,0,diff__shinsal__sw_세운_신살_흉살__도화_,0.0,0.0
1,0,diff__shinsal__sw_세운_신살_흉살__망신_,1.0,0.10012900721772669
1,0,diff__shinsal__sw_세운_신살_흉살__양인_,0.0,0.0
1,0,diff__shinsal__sw_세운_신살_흉살__역마_,0.0,0.0
1,0,diff__tengod__dw_group_officer,0.0,0.0
1,0,diff__tengod__dw_group_output,0.0,0.0
1,0,diff__tengod__dw_group_peer,0.0,0.0
1,0,diff__tengod__dw_group_resource,0.0,0.0
1,0,diff__tengod__dw_group_wealth,0.0,0.0
1,0,diff__tengod__sw_group_officer,0.0,0.0
1,0,diff__tengod__sw_group_output,0.0,0.0
1,0,diff__tengod__sw_group_peer,0.0,0.0
1,0,diff__tengod__sw_group_resource,0.0,0.0
1,0,diff__tengod__sw_group_wealth,0.0,0.0
1,0,diff__tg10__dw_branch_hidden_bijian,1.0,0.5086508580950879
1,0,diff__tg10__dw_branch_hidden_jiecai,0.0,0.0
1,0,diff__tg10__dw_branch_hidden_pian_cai,0.0,0.0
1,0,diff__tg10__dw_branch_hidden_pian_yin,0.0,0.0
1,0,diff__tg10__dw_branch_hidden_qi_sha,0.0,0.0
1,0,diff__tg10__dw_branch_hidden_shangguan,1.0,-0.03319916552337921
1,0,diff__tg10__dw_branch_hidden_shishen,0.0,0.0
1,0,diff__tg10__dw_branch_hidden_zheng_cai,0.0,0.0
1,0,diff__tg10__dw_branch_hidden_zheng_guan,1.0,-0.2999948869484662
1,0,diff__tg10__dw_branch_hidden_zheng_yin,0.0,0.0
1,0,diff__tg10__dw_stem_bijian,0.0,0.0
1,0,diff__tg10__dw_stem_jiecai,0.0,0.0
1,0,diff__tg10__dw_stem_pian_cai,0.0,0.0
1,0,diff__tg10__dw_stem_pian_yin,0.0,0.0
1,0,diff__tg10__dw_stem_qi_sha,0.0,0.0
1,0,diff__tg10__dw_stem_shangguan,0.0,0.0
1,0,diff__tg10__dw_stem_shishen,0.0,0.0
1,0,diff__tg10__dw_stem_zheng_cai,1.0,0.08373579286649721
1,0,diff__tg10__dw_stem_zheng_guan,0.0,0.0
1,0,diff__tg10__dw_stem_zheng_yin,1.0,-0.08479290263190542
1,0,diff__tg10__sw_branch_hidden_bijian,0.0,0.0
1,0,diff__tg10__sw_branch_hidden_jiecai,0.0,0.0
1,0,diff__tg10__sw_branch_hidden_pian_cai,1.0,-0.13671479418526353
1,0,diff__tg10__sw_branch_hidden_pian_yin,0.0,0.0
1,0,diff__tg10__sw_branch_hidden_qi_sha,0.0,0.0
1,0,diff__tg10__sw_branch_hidden_shangguan,1.0,0.14977924858863878
1,0,diff__tg10__sw_branch_hidden_shishen,1.0,-0.3115671809206083
1,0,diff__tg10__sw_branch_hidden_zheng_cai,1.0,0.05816454908778366
1,0,diff__tg10__sw_branch_hidden_zheng_guan,0.0,0.0
1,0,diff__tg10__sw_branch_hidden_zheng_yin,0.0,0.0
1,0,diff__tg10__sw_stem_bijian,0.0,0.0
1,0,diff__tg10__sw_stem_jiecai,0.0,0.0
1,0,diff__tg10__sw_stem_pian_cai,0.0,0.0
1,0,diff__tg10__sw_stem_pian_yin,1.0,0.2008361190279869
1,0,diff__tg10__sw_stem_qi_sha,1.0,-0.11636294848615557
1,0,diff__tg10__sw_stem_shangguan,1.0,0.18211731297263248
1,0,diff__tg10__sw_stem_shishen,0.0,0.0
1,0,diff__tg10__sw_stem_zheng_cai,0.0,0.0
1,0,diff__tg10__sw_stem_zheng_guan,0.0,0.0
1,0,diff__tg10__sw_stem_zheng_yin,1.0,-0.04341982780989785
1,0,diff__tgxstrength__dw_bijian_neutral,0.0,0.0
1,0,diff__tgxstrength__dw_bijian_strong,0.0,0.0
1,0,diff__tgxstrength__dw_bijian_weak,0.0,0.0
1,0,diff__tgxstrength__dw_jiecai_neutral,0.0,0.0
1,0,diff__tgxstrength__dw_jiecai_strong,0.0,0.0
1,0,diff__tgxstrength__dw_jiecai_weak,0.0,0.0
1,0,diff__tgxstrength__dw_pian_cai_neutral,0.0,0.0
1,0,diff__tgxstrength__dw_pian_cai_strong,0.0,0.0
1,0,diff__tgxstrength__dw_pian_cai_weak,0.0,0.0
1,0,diff__tgxstrength__dw_pian_yin_neutral,0.0,0.0
1,0,diff__tgxstrength__dw_pian_yin_strong,0.0,0.0
1,0,diff__tgxstrength__dw_pian_yin_weak,0.0,0.0
1,0,diff__tgxstrength__dw_qi_sha_neutral,0.0,0.0
1,0,diff__tgxstrength__dw_qi_sha_strong,0.0,0.0
1,0,diff__tgxstrength__dw_qi_sha_weak,0.0,0.0
1,0,diff__tgxstrength__dw_shangguan_neutral,0.0,0.0
1,0,diff__tgxstrength__dw_shangguan_strong,1.0,-0.1920442928296706
1,0,diff__tgxstrength__dw_shangguan_weak,0.0,0.0
1,0,diff__tgxstrength__dw_shishen_neutral,0.0,0.0
1,0,diff__tgxstrength__dw_shishen_strong,1.0,0.03132682284087207
1,0,diff__tgxstrength__dw_shishen_weak,0.0,0.0
1,0,diff__tgxstrength__dw_zheng_cai_neutral,0.0,0.0
1,0,diff__tgxstrength__dw_zheng_cai_strong,1.0,0.14695883327986875
1,0,diff__tgxstrength__dw_zheng_cai_weak,0.0,0.0
1,0,diff__tgxstrength__dw_zheng_guan_neutral,0.0,0.0
1,0,diff__tgxstrength__dw_zheng_guan_strong,0.0,0.0
1,0,diff__tgxstrength__dw_zheng_guan_weak,1.0,-0.17926930348713338
1,0,diff__tgxstrength__dw_zheng_yin_neutral,0.0,0.0
1,0,diff__tgxstrength__dw_zheng_yin_strong,0.0,0.0
1,0,diff__tgxstrength__dw_zheng_yin_weak,0.0,0.0
1,0,diff__tgxstrength__sw_bijian_neutral,0.0,0.0
1,0,diff__tgxstrength__sw_bijian_strong,0.0,0.0
1,0,diff__tgxstrength__sw_bijian_weak,0.0,0.0
1,0,diff__tgxstrength__sw_jiecai_neutral,0.0,0.0
1,0,diff__tgxstrength__sw_jiecai_strong,0.0,0.0
1,0,diff__tgxstrength__sw_jiecai_weak,0.0,0.0
1,0,diff__tgxstrength__sw_pian_cai_neutral,0.0,0.0
1,0,diff__tgxstrength__sw_pian_cai_strong,0.0,0.0
1,0,diff__tgxstrength__sw_pian_cai_weak,0.0,0.0
1,0,diff__tgxstrength__sw_pian_yin_neutral,0.0,0.0
1,0,diff__tgxstrength__sw_pian_yin_strong,1.0,0.32333059857418284
1,0,diff__tgxstrength__sw_pian_yin_weak,0.0,0.0
1,0,diff__tgxstrength__sw_qi_sha_neutral,0.0,0.0
1,0,diff__tgxstrength__sw_qi_sha_strong,0.0,0.0
1,0,diff__tgxstrength__sw_qi_sha_weak,1.0,-0.547897113850475
1,0,diff__tgxstrength__sw_shangguan_neutral,0.0,0.0
1,0,diff__tgxstrength__sw_shangguan_strong,0.0,0.0
1,0,diff__tgxstrength__sw_shangguan_weak,1.0,0.22166996593689495
1,0,diff__tgxstrength__sw_shishen_neutral,0.0,0.0
1,0,diff__tgxstrength__sw_shishen_strong,1.0,-0.3086911278490178
1,0,diff__tgxstrength__sw_shishen_weak,1.0,0.20933970128927287
1,0,diff__tgxstrength__sw_zheng_cai_neutral,0.0,0.0
1,0,diff__tgxstrength__sw_zheng_cai_strong,0.0,0.0
1,0,diff__tgxstrength__sw_zheng_cai_weak,0.0,0.0
1,0,diff__tgxstrength__sw_zheng_guan_neutral,0.0,0.0
1,0,diff__tgxstrength__sw_zheng_guan_strong,1.0,0.02037466149898862
1,0,diff__tgxstrength__sw_zheng_guan_weak,0.0,0.0
1,0,diff__tgxstrength__sw_zheng_yin_neutral,0.0,0.0
1,0,diff__tgxstrength__sw_zheng_yin_strong,0.0,0.0
1,0,diff__tgxstrength__sw_zheng_yin_weak,0.0,0.0
1,0,diff__unseong__dw_raw_score,1.0,0.020011963584640243
1,0,diff__unseong__dw_score_x_strength,0.0,0.0
1,0,diff__unseong__dw_state_건록,0.0,0.0
1,0,diff__unseong__dw_state_관대,1.0,0.01757365246148335
1,0,diff__unseong__dw_state_목욕,1.0,-0.023232090327224793
1,0,diff__unseong__dw_state_묘,0.0,0.0
1,0,diff__unseong__dw_state_병,0.0,0.0
1,0,diff__unseong__dw_state_사,0.0,0.0
1,0,diff__unseong__dw_state_쇠,0.0,0.0
1,0,diff__unseong__dw_state_양,0.0,0.0
1,0,diff__unseong__dw_state_장생,0.0,0.0
1,0,diff__unseong__dw_state_절,1.0,0.021449684940668085
1,0,diff__unseong__dw_state_제왕,0.0,0.0
1,0,diff__unseong__dw_state_태,0.0,0.0
1,0,diff__unseong__sw_raw_score,1.0,-0.02296994072142639
1,0,diff__unseong__sw_score_x_strength,1.0,0.197620334414515
1,0,diff__unseong__sw_state_건록,0.0,0.0
1,0,diff__unseong__sw_state_관대,0.0,0.0
1,0,diff__unseong__sw_state_목욕,1.0,0.2801208231991358
1,0,diff__unseong__sw_state_묘,0.0,0.0
1,0,diff__unseong__sw_state_병,0.0,0.0
1,0,diff__unseong__sw_state_사,1.0,0.13396570411933761
1,0,diff__unseong__sw_state_쇠,0.0,0.0
1,0,diff__unseong__sw_state_양,1.0,0.33416990473208696
1,0,diff__unseong__sw_state_장생,1.0,-0.3402260792394643
1,0,diff__unseong__sw_state_절,0.0,0.0
1,0,diff__unseong__sw_state_제왕,0.0,0.0
1,0,diff__unseong__sw_state_태,0.0,0.0
1,0,diff__yongshin__dw_gi_fit,0.0,0.0
1,0,diff__yongshin__dw_gu_fit,0.0,0.0
1,0,diff__yongshin__dw_hee_fit,1.0,-0.2019762194954579
1,0,diff__yongshin__dw_supplies_fav,1.0,-0.3542934189973104
1,0,diff__yongshin__dw_supplies_unfav,0.0,0.0
1,0,diff__yongshin__dw_yong_branch_fit,0.0,0.0
1,0,diff__yongshin__dw_yong_fit,0.0,0.0
1,0,diff__yongshin__dw_yong_stem_fit,1.0,0.020804865607009036
1,0,diff__yongshin__sw_gi_fit,0.0,0.0
1,0,diff__yongshin__sw_gu_fit,0.0,0.0
1,0,diff__yongshin__sw_hee_fit,1.0,0.20222456461588806
1,0,diff__yongshin__sw_supplies_fav,0.0,0.0
1,0,diff__yongshin__sw_supplies_unfav,0.0,0.0
1,0,diff__yongshin__sw_yong_branch_fit,0.0,0.0
1,0,diff__yongshin__sw_yong_fit,0.0,0.0
1,0,diff__yongshin__sw_yong_stem_fit,1.0,-0.06888574625184925
1,1,diff__basic__daymaster_element_earth,0.0,0.0
1,1,diff__basic__daymaster_element_fire,0.0,0.0
1,1,diff__basic__daymaster_element_metal,0.0,0.0
1,1,diff__basic__daymaster_element_water,0.0,0.0
1,1,diff__basic__daymaster_element_wood,0.0,0.0
1,1,diff__basic__daymaster_stem_丁,0.0,0.0
1,1,diff__basic__daymaster_stem_丙,0.0,0.0
1,1,diff__basic__daymaster_stem_乙,0.0,0.0
1,1,diff__basic__daymaster_stem_壬,0.0,0.0
1,1,diff__basic__daymaster_stem_己,0.0,0.0
1,1,diff__basic__daymaster_stem_庚,0.0,0.0
1,1,diff__basic__daymaster_stem_戊,0.0,0.0
1,1,diff__basic__daymaster_stem_甲,0.0,0.0
1,1,diff__basic__daymaster_stem_癸,0.0,0.0
1,1,diff__basic__daymaster_stem_辛,0.0,0.0
1,1,diff__basic__dw_branch_丑,1.0,-0.013877435697729373
1,1,diff__basic__dw_branch_亥,0.0,0.0
1,1,diff__basic__dw_branch_午,1.0,-0.23322602867127046
1,1,diff__basic__dw_branch_卯,1.0,0.1078044323072189
1,1,diff__basic__dw_branch_子,1.0,0.09723169139588785
1,1,diff__basic__dw_branch_寅,0.0,0.0
1,1,diff__basic__dw_branch_巳,0.0,0.0
1,1,diff__basic__dw_branch_戌,1.0,-0.2169780136961354
1,1,diff__basic__dw_branch_未,1.0,0.011879471472046967
1,1,diff__basic__dw_branch_申,1.0,0.0036162346323723774
1,1,diff__basic__dw_branch_辰,1.0,-0.0035412934608490525
1,1,diff__basic__dw_branch_酉,1.0,0.15211147595402116
1,1,diff__basic__dw_element_earth,1.0,0.068828573457741
1,1,diff__basic__dw_element_fire,0.0,0.0
1,1,diff__basic__dw_element_metal,0.0,0.0
1,1,diff__basic__dw_element_water,1.0,-0.01730864301161996
1,1,diff__basic__dw_element_wood,0.0,0.0
1,1,diff__basic__dw_stem_丁,0.0,0.0
1,1,diff__basic__dw_stem_丙,0.0,0.0
1,1,diff__basic__dw_stem_乙,1.0,-0.20667033539812132
1,1,diff__basic__dw_stem_壬,0.0,0.0
1,1,diff__basic__dw_stem_己,1.0,0.05457151356790842
1,1,diff__basic__dw_stem_庚,0.0,0.0
1,1,diff__basic__dw_stem_戊,0.0,0.0
1,1,diff__basic__dw_stem_甲,0.0,0.0
1,1,diff__basic__dw_stem_癸,0.0,0.0
1,1,diff__basic__dw_stem_辛,0.0,0.0
1,1,diff__basic__dw_yy_yang,0.0,0.0
1,1,diff__basic__dw_yy_yin,0.0,0.0
1,1,diff__basic__natal_day_branch_丑,0.0,0.0
1,1,diff__basic__natal_day_branch_亥,0.0,0.0
1,1,diff__basic__natal_day_branch_午,0.0,0.0
1,1,diff__basic__natal_day_branch_卯,0.0,0.0
1,1,diff__basic__natal_day_branch_子,0.0,0.0
1,1,diff__basic__natal_day_branch_寅,0.0,0.0
1,1,diff__basic__natal_day_branch_巳,0.0,0.0
1,1,diff__basic__natal_day_branch_戌,0.0,0.0
1,1,diff__basic__natal_day_branch_未,0.0,0.0
1,1,diff__basic__natal_day_branch_申,0.0,0.0
1,1,diff__basic__natal_day_branch_辰,0.0,0.0
1,1,diff__basic__natal_day_branch_酉,0.0,0.0
1,1,diff__basic__natal_day_stem_丁,0.0,0.0
1,1,diff__basic__natal_day_stem_丙,0.0,0.0
1,1,diff__basic__natal_day_stem_乙,0.0,0.0
1,1,diff__basic__natal_day_stem_壬,0.0,0.0
1,1,diff__basic__natal_day_stem_己,0.0,0.0
1,1,diff__basic__natal_day_stem_庚,0.0,0.0
1,1,diff__basic__natal_day_stem_戊,0.0,0.0
1,1,diff__basic__natal_day_stem_甲,0.0,0.0
1,1,diff__basic__natal_day_stem_癸,0.0,0.0
1,1,diff__basic__natal_day_stem_辛,0.0,0.0
1,1,diff__basic__natal_element_count_earth,0.0,0.0
1,1,diff__basic__natal_element_count_fire,0.0,0.0
1,1,diff__basic__natal_element_count_metal,0.0,0.0
1,1,diff__basic__natal_element_count_water,0.0,0.0
1,1,diff__basic__natal_element_count_wood,0.0,0.0
1,1,diff__basic__natal_hour_branch_丑,0.0,0.0
1,1,diff__basic__natal_hour_branch_亥,0.0,0.0
1,1,diff__basic__natal_hour_branch_午,0.0,0.0
1,1,diff__basic__natal_hour_branch_卯,0.0,0.0
1,1,diff__basic__natal_hour_branch_子,0.0,0.0
1,1,diff__basic__natal_hour_branch_寅,0.0,0.0
1,1,diff__basic__natal_hour_branch_巳,0.0,0.0
1,1,diff__basic__natal_hour_branch_戌,0.0,0.0
1,1,diff__basic__natal_hour_branch_未,0.0,0.0
1,1,diff__basic__natal_hour_branch_申,0.0,0.0
1,1,diff__basic__natal_hour_branch_辰,0.0,0.0
1,1,diff__basic__natal_hour_branch_酉,0.0,0.0
1,1,diff__basic__natal_hour_stem_丁,0.0,0.0
1,1,diff__basic__natal_hour_stem_丙,0.0,0.0
1,1,diff__basic__natal_hour_stem_乙,0.0,0.0
1,1,diff__basic__natal_hour_stem_壬,0.0,0.0
1,1,diff__basic__natal_hour_stem_己,0.0,0.0
1,1,diff__basic__natal_hour_stem_庚,0.0,0.0
1,1,diff__basic__natal_hour_stem_戊,0.0,0.0
1,1,diff__basic__natal_hour_stem_甲,0.0,0.0
1,1,diff__basic__natal_hour_stem_癸,0.0,0.0
1,1,diff__basic__natal_hour_stem_辛,0.0,0.0
1,1,diff__basic__natal_month_branch_丑,0.0,0.0
1,1,diff__basic__natal_month_branch_亥,0.0,0.0
1,1,diff__basic__natal_month_branch_午,0.0,0.0
1,1,diff__basic__natal_month_branch_卯,0.0,0.0
1,1,diff__basic__natal_month_branch_子,0.0,0.0
1,1,diff__basic__natal_month_branch_寅,0.0,0.0
1,1,diff__basic__natal_month_branch_巳,0.0,0.0
1,1,diff__basic__natal_month_branch_戌,0.0,0.0
1,1,diff__basic__natal_month_branch_未,0.0,0.0
1,1,diff__basic__natal_month_branch_申,0.0,0.0
1,1,diff__basic__natal_month_branch_辰,0.0,0.0
1,1,diff__basic__natal_month_branch_酉,0.0,0.0
1,1,diff__basic__natal_month_stem_丁,0.0,0.0
1,1,diff__basic__natal_month_stem_丙,0.0,0.0
1,1,diff__basic__natal_month_stem_乙,0.0,0.0
1,1,diff__basic__natal_month_stem_壬,0.0,0.0
1,1,diff__basic__natal_month_stem_己,0.0,0.0
1,1,diff__basic__natal_month_stem_庚,0.0,0.0
1,1,diff__basic__natal_month_stem_戊,0.0,0.0
1,1,diff__basic__natal_month_stem_甲,0.0,0.0
1,1,diff__basic__natal_month_stem_癸,0.0,0.0
1,1,diff__basic__natal_month_stem_辛,0.0,0.0
1,1,diff__basic__natal_year_branch_丑,0.0,0.0
1,1,diff__basic__natal_year_branch_亥,0.0,0.0
1,1,diff__basic__natal_year_branch_午,0.0,0.0
1,1,diff__basic__natal_year_branch_卯,0.0,0.0
1,1,diff__basic__natal_year_branch_子,0.0,0.0
1,1,diff__basic__natal_year_branch_寅,0.0,0.0
1,1,diff__basic__natal_year_branch_巳,0.0,0.0
1,1,diff__basic__natal_year_branch_戌,0.0,0.0
1,1,diff__basic__natal_year_branch_未,0.0,0.0
1,1,diff__basic__natal_year_branch_申,0.0,0.0
1,1,diff__basic__natal_year_branch_辰,0.0,0.0
1,1,diff__basic__natal_year_branch_酉,0.0,0.0
1,1,diff__basic__natal_year_stem_丁,0.0,0.0
1,1,diff__basic__natal_year_stem_丙,0.0,0.0
1,1,diff__basic__natal_year_stem_乙,0.0,0.0
1,1,diff__basic__natal_year_stem_壬,0.0,0.0
1,1,diff__basic__natal_year_stem_己,0.0,0.0
1,1,diff__basic__natal_year_stem_庚,0.0,0.0
1,1,diff__basic__natal_year_stem_戊,0.0,0.0
1,1,diff__basic__natal_year_stem_甲,0.0,0.0
1,1,diff__basic__natal_year_stem_癸,0.0,0.0
1,1,diff__basic__natal_year_stem_辛,0.0,0.0
1,1,diff__basic__sw_branch_丑,1.0,0.035418707764621075
1,1,diff__basic__sw_branch_亥,1.0,0.1302356232158296
1,1,diff__basic__sw_branch_午,1.0,0.1387764239551302
1,1,diff__basic__sw_branch_卯,0.0,0.0
1,1,diff__basic__sw_branch_子,1.0,-0.051139054588866556
1,1,diff__basic__sw_branch_寅,1.0,-0.23982078684106553
1,1,diff__basic__sw_branch_巳,1.0,0.5896713870994034
1,1,diff__basic__sw_branch_戌,1.0,0.05360844125733514
1,1,diff__basic__sw_branch_未,0.0,0.0
1,1,diff__basic__sw_branch_申,0.0,0.0
1,1,diff__basic__sw_branch_辰,1.0,-0.2907874598977521
1,1,diff__basic__sw_branch_酉,1.0,-0.38181549453560965
1,1,diff__basic__sw_element_earth,1.0,-0.015077271752854483
1,1,diff__basic__sw_element_fire,1.0,0.10036396430795691
1,1,diff__basic__sw_element_metal,1.0,-0.2067519549755887
1,1,diff__basic__sw_element_water,0.0,0.0
1,1,diff__basic__sw_element_wood,1.0,0.26122674116348515
1,1,diff__basic__sw_stem_丁,1.0,0.14619910137750822
1,1,diff__basic__sw_stem_丙,0.0,0.0
1,1,diff__basic__sw_stem_乙,0.0,0.0
1,1,diff__basic__sw_stem_壬,1.0,-0.05123648366426643
1,1,diff__basic__sw_stem_己,1.0,-0.05655991584031597
1,1,diff__basic__sw_stem_庚,1.0,-0.31773566529026126
1,1,diff__basic__sw_stem_戊,0.0,0.0
1,1,diff__basic__sw_stem_甲,1.0,0.10574335440859743
1,1,diff__basic__sw_stem_癸,0.0,0.0
1,1,diff__basic__sw_stem_辛,0.0,0.0
1,1,diff__basic__sw_yy_yang,1.0,-0.012515083424393383
1,1,diff__basic__sw_yy_yin,1.0,0.012515083424393383
1,1,diff__engine__strength_극약,0.0,0.0
1,1,diff__engine__strength_극왕,0.0,0.0
1,1,diff__engine__strength_신강,0.0,0.0
1,1,diff__engine__strength_신약,0.0,0.0
1,1,diff__engine__strength_중화신강,0.0,0.0
1,1,diff__engine__strength_중화신약,0.0,0.0
1,1,diff__engine__strength_태강,0.0,0.0
1,1,diff__engine__strength_태약,0.0,0.0
1,1,diff__hidden__natal_element_count_earth,0.0,0.0
1,1,diff__hidden__natal_element_count_fire,0.0,0.0
1,1,diff__hidden__natal_element_count_metal,0.0,0.0
1,1,diff__hidden__natal_element_count_water,0.0,0.0
1,1,diff__hidden__natal_element_count_wood,0.0,0.0
1,1,diff__hidden__natal_tg_count_officer,0.0,0.0
1,1,diff__hidden__natal_tg_count_output,0.0,0.0
1,1,diff__hidden__natal_tg_count_peer,0.0,0.0
1,1,diff__hidden__natal_tg_count_resource,0.0,0.0
1,1,diff__hidden__natal_tg_count_wealth,0.0,0.0
1,1,diff__relation__dw_branch_break_natal,0.0,0.0
1,1,diff__relation__dw_branch_clash_natal,1.0,-0.23319058550295282
1,1,diff__relation__dw_branch_combine_natal,0.0,0.0
1,1,diff__relation__dw_branch_harm_natal,0.0,0.0
1,1,diff__relation__dw_branch_punish_natal,0.0,0.0
1,1,diff__relation__dw_stem_clash_natal,0.0,0.0
1,1,diff__relation__dw_stem_combine_natal,1.0,0.007718587068939825
1,1,diff__relation__sw_branch_break_natal,0.0,0.0
1,1,diff__relation__sw_branch_clash_natal,1.0,0.17402520155137396
1,1,diff__relation__sw_branch_combine_natal,1.0,0.008089316816787697
1,1,diff__relation__sw_branch_harm_natal,1.0,-0.2378215954262271
1,1,diff__relation__sw_branch_punish_natal,1.0,0.1967968750896927
1,1,diff__relation__sw_dw_branch_break,0.0,0.0
1,1,diff__relation__sw_dw_branch_clash,1.0,-0.13218761918876595
1,1,diff__relation__sw_dw_branch_combine,0.0,0.0
1,1,diff__relation__sw_dw_branch_harm,1.0,0.5557991931408951
1,1,diff__relation__sw_dw_branch_punish,1.0,0.328035394214724
1,1,diff__relation__sw_dw_stem_clash,1.0,-0.09206199254152293
1,1,diff__relation__sw_dw_stem_combine,0.0,0.0
1,1,diff__relation__sw_stem_clash_natal,0.0,0.0
1,1,diff__relation__sw_stem_combine_natal,1.0,-0.033713812148470204
1,1,diff__shinsal__dw_breakdown_scalar,1.0,0.1671663937234937
1,1,diff__shinsal__dw_gongmang_is_gongmang,0.0,0.0
1,1,diff__shinsal__dw_gongmang_rel,0.0,0.0
1,1,diff__shinsal__dw_gongmang_trine,0.0,0.0
1,1,diff__shinsal__dw_gongmang_unseong,0.0,0.0
1,1,diff__shinsal__dw_gongmang_yfit_branch,0.0,0.0
1,1,diff__shinsal__dw_indicators_귀인력,0.0,0.0
1,1,diff__shinsal__dw_noble_power,0.0,0.0
1,1,diff__shinsal__dw_신살_길신__count,0.0,0.0
1,1,diff__shinsal__dw_신살_길신__록신_,1.0,0.13862318245272362
1,1,diff__shinsal__dw_신살_길신__문창귀인_,0.0,0.0
1,1,diff__shinsal__dw_신살_길신__반안_,1.0,-0.05707786891880505
1,1,diff__shinsal__dw_신살_길신__장성_,0.0,0.0
1,1,diff__shinsal__dw_신살_길신__천을귀인_,1.0,0.005242568828839043
1,1,diff__shinsal__dw_신살_길신__천희_,1.0,0.07623039398014013
1,1,diff__shinsal__dw_신살_길신__홍란_,0.0,0.0
1,1,diff__shinsal__dw_신살_길신__화개_,1.0,-0.05707786891880505
1,1,diff__shinsal__dw_신살_흉살__count,1.0,0.04149737460728975
1,1,diff__shinsal__dw_신살_흉살__겁살_,0.0,0.0
1,1,diff__shinsal__dw_신살_흉살__고진_,1.0,0.4598536509750721
1,1,diff__shinsal__dw_신살_흉살__과숙_,0.0,0.0
1,1,diff__shinsal__dw_신살_흉살__도화_,1.0,0.04263380081992033
1,1,diff__shinsal__dw_신살_흉살__망신_,0.0,0.0
1,1,diff__shinsal__dw_신살_흉살__양인_,1.0,-0.12266550330476815
1,1,diff__shinsal__dw_신살_흉살__역마_,1.0,0.007295175564384096
1,1,diff__shinsal__sw_indicators_귀인력,0.0,0.0
1,1,diff__shinsal__sw_세운_신살_길신__count,1.0,0.1673961850041209
1,1,diff__shinsal__sw_세운_신살_길신__록신_,0.0,0.0
1,1,diff__shinsal__sw_세운_신살_길신__문창귀인_,1.0,-0.3967998754490283
1,1,diff__shinsal__sw_세운_신살_길신__반안_,1.0,0.18418300482001979
1,1,diff__shinsal__sw_세운_신살_길신__장성_,0.0,0.0
1,1,diff__shinsal__sw_세운_신살_길신__천을귀인_,1.0,0.16335203717966892
1,1,diff__shinsal__sw_세운_신살_길신__천희_,0.0,0.0
1,1,diff__shinsal__sw_세운_신살_길신__홍란_,1.0,-0.08338841966691281
1,1,diff__shinsal__sw_세운_신살_길신__화개_,1.0,0.18418300482001979
1,1,diff__shinsal__sw_세운_신살_흉살__count,0.0,0.0
1,1,diff__shinsal__sw_세운_신살_흉살__겁살_,0.0,0.0
1,1,diff__shinsal__sw_세운_신살_흉살__고진_,1.0,-0.093770919874468
1,1,diff__shinsal__sw_세운_신살_흉살__과숙_,1.0,0.21901011979922352
1,1,diff__shinsal__sw_세운_신살_흉살__도화_,0.0,0.0
1,1,diff__shinsal__sw_세운_신살_흉살__망신_,1.0,0.049629930732893304
1,1,diff__shinsal__sw_세운_신살_흉살__양인_,0.0,0.0
1,1,diff__shinsal__sw_세운_신살_흉살__역마_,0.0,0.0
1,1,diff__tengod__dw_group_officer,0.0,0.0
1,1,diff__tengod__dw_group_output,0.0,0.0
1,1,diff__tengod__dw_group_peer,1.0,-0.017684690779156364
1,1,diff__tengod__dw_group_resource,0.0,0.0
1,1,diff__tengod__dw_group_wealth,1.0,0.01948305080943066
1,1,diff__tengod__sw_group_officer,0.0,0.0
1,1,diff__tengod__sw_group_output,0.0,0.0
1,1,diff__tengod__sw_group_peer,1.0,0.05849882300191836
1,1,diff__tengod__sw_group_resource,0.0,0.0
1,1,diff__tengod__sw_group_wealth,0.0,0.0
1,1,diff__tg10__dw_branch_hidden_bijian,1.0,0.1508452422770559
1,1,diff__tg10__dw_branch_hidden_jiecai,0.0,0.0
1,1,diff__tg10__dw_branch_hidden_pian_cai,0.0,0.0
1,1,diff__tg10__dw_branch_hidden_pian_yin,1.0,0.04160478405549135
1,1,diff__tg10__dw_branch_hidden_qi_sha,0.0,0.0
1,1,diff__tg10__dw_branch_hidden_shangguan,1.0,-0.14952972785735263
1,1,diff__tg10__dw_branch_hidden_shishen,0.0,0.0
1,1,diff__tg10__dw_branch_hidden_zheng_cai,0.0,0.0
1,1,diff__tg10__dw_branch_hidden_zheng_guan,1.0,-0.00035258334089876913
1,1,diff__tg10__dw_branch_hidden_zheng_yin,0.0,0.0
1,1,diff__tg10__dw_stem_bijian,0.0,0.0
1,1,diff__tg10__dw_stem_jiecai,0.0,0.0
1,1,diff__tg10__dw_stem_pian_cai,0.0,0.0
1,1,diff__tg10__dw_stem_pian_yin,1.0,-0.04285556411761203
1,1,diff__tg10__dw_stem_qi_sha,0.0,0.0
1,1,diff__tg10__dw_stem_shangguan,1.0,0.18467307368362942
1,1,diff__tg10__dw_stem_shishen,1.0,-0.08857249136277234
1,1,diff__tg10__dw_stem_zheng_cai,1.0,0.15863096435705193
1,1,diff__tg10__dw_stem_zheng_guan,0.0,0.0
1,1,diff__tg10__dw_stem_zheng_yin,1.0,0.09988717211652949
1,1,diff__tg10__sw_branch_hidden_bijian,0.0,0.0
1,1,diff__tg10__sw_branch_hidden_jiecai,1.0,-0.11204879842536446
1,1,diff__tg10__sw_branch_hidden_pian_cai,0.0,0.0
1,1,diff__tg10__sw_branch_hidden_pian_yin,0.0,0.0
1,1,diff__tg10__sw_branch_hidden_qi_sha,0.0,0.0
1,1,diff__tg10__sw_branch_hidden_shangguan,1.0,0.17346170693212967
1,1,diff__tg10__sw_branch_hidden_shishen,1.0,-0.002840155381997803
1,1,diff__tg10__sw_branch_hidden_zheng_cai,1.0,0.503867390958571
1,1,diff__tg10__sw_branch_hidden_zheng_guan,0.0,0.0
1,1,diff__tg10__sw_branch_hidden_zheng_yin,1.0,-0.059612349714729174
1,1,diff__tg10__sw_stem_bijian,0.0,0.0
1,1,diff__tg10__sw_stem_jiecai,0.0,0.0
1,1,diff__tg10__sw_stem_pian_cai,1.0,0.02284215189227256
1,1,diff__tg10__sw_stem_pian_yin,0.0,0.0
1,1,diff__tg10__sw_stem_qi_sha,1.0,-0.1691354045663052
1,1,diff__tg10__sw_stem_shangguan,0.0,0.0
1,1,diff__tg10__sw_stem_shishen,1.0,-0.019434173799706946
1,1,diff__tg10__sw_stem_zheng_cai,0.0,0.0
1,1,diff__tg10__sw_stem_zheng_guan,1.0,0.41703404383894604
1,1,diff__tg10__sw_stem_zheng_yin,1.0,-0.01740242155592516
1,1,diff__tgxstrength__dw_bijian_neutral,0.0,0.0
1,1,diff__tgxstrength__dw_bijian_strong,0.0,0.0
1,1,diff__tgxstrength__dw_bijian_weak,0.0,0.0
1,1,diff__tgxstrength__dw_jiecai_neutral,0.0,0.0
1,1,diff__tgxstrength__dw_jiecai_strong,0.0,0.0
1,1,diff__tgxstrength__dw_jiecai_weak,0.0,0.0
1,1,diff__tgxstrength__dw_pian_cai_neutral,0.0,0.0
1,1,diff__tgxstrength__dw_pian_cai_strong,0.0,0.0
1,1,diff__tgxstrength__dw_pian_cai_weak,0.0,0.0
1,1,diff__tgxstrength__dw_pian_yin_neutral,0.0,0.0
1,1,diff__tgxstrength__dw_pian_yin_strong,1.0,-0.010383648614854813
1,1,diff__tgxstrength__dw_pian_yin_weak,0.0,0.0
1,1,diff__tgxstrength__dw_qi_sha_neutral,0.0,0.0
1,1,diff__tgxstrength__dw_qi_sha_strong,0.0,0.0
1,1,diff__tgxstrength__dw_qi_sha_weak,0.0,0.0
1,1,diff__tgxstrength__dw_shangguan_neutral,0.0,0.0
1,1,diff__tgxstrength__dw_shangguan_strong,0.0,0.0
1,1,diff__tgxstrength__dw_shangguan_weak,0.0,0.0
1,1,diff__tgxstrength__dw_shishen_neutral,0.0,0.0
1,1,diff__tgxstrength__dw_shishen_strong,1.0,-0.01641303676441399
1,1,diff__tgxstrength__dw_shishen_weak,0.0,0.0
1,1,diff__tgxstrength__dw_zheng_cai_neutral,0.0,0.0
1,1,diff__tgxstrength__dw_zheng_cai_strong,0.0,0.0
1,1,diff__tgxstrength__dw_zheng_cai_weak,0.0,0.0
1,1,diff__tgxstrength__dw_zheng_guan_neutral,0.0,0.0
1,1,diff__tgxstrength__dw_zheng_guan_strong,0.0,0.0
1,1,diff__tgxstrength__dw_zheng_guan_weak,1.0,-0.015380064266386025
1,1,diff__tgxstrength__dw_zheng_yin_neutral,0.0,0.0
1,1,diff__tgxstrength__dw_zheng_yin_strong,1.0,0.06731145775530313
1,1,diff__tgxstrength__dw_zheng_yin_weak,0.0,0.0
1,1,diff__tgxstrength__sw_bijian_neutral,0.0,0.0
1,1,diff__tgxstrength__sw_bijian_strong,0.0,0.0
1,1,diff__tgxstrength__sw_bijian_weak,1.0,0.07122766885944758
1,1,diff__tgxstrength__sw_jiecai_neutral,0.0,0.0
1,1,diff__tgxstrength__sw_jiecai_strong,0.0,0.0
1,1,diff__tgxstrength__sw_jiecai_weak,0.0,0.0
1,1,diff__tgxstrength__sw_pian_cai_neutral,0.0,0.0
1,1,diff__tgxstrength__sw_pian_cai_strong,0.0,0.0
1,1,diff__tgxstrength__sw_pian_cai_weak,1.0,0.06538944941663714
1,1,diff__tgxstrength__sw_pian_yin_neutral,0.0,0.0
1,1,diff__tgxstrength__sw_pian_yin_strong,1.0,0.574816756745621
1,1,diff__tgxstrength__sw_pian_yin_weak,1.0,-0.48939241566288083
1,1,diff__tgxstrength__sw_qi_sha_neutral,0.0,0.0
1,1,diff__tgxstrength__sw_qi_sha_strong,1.0,-0.00719577435584212
1,1,diff__tgxstrength__sw_qi_sha_weak,1.0,-0.3423327194055254
1,1,diff__tgxstrength__sw_shangguan_neutral,0.0,0.0
1,1,diff__tgxstrength__sw_shangguan_strong,0.0,0.0
1,1,diff__tgxstrength__sw_shangguan_weak,1.0,0.0012805613344895979
1,1,diff__tgxstrength__sw_shishen_neutral,0.0,0.0
1,1,diff__tgxstrength__sw_shishen_strong,1.0,-0.45016971724534016
1,1,diff__tgxstrength__sw_shishen_weak,1.0,0.008688439861702544
1,1,diff__tgxstrength__sw_zheng_cai_neutral,0.0,0.0
1,1,diff__tgxstrength__sw_zheng_cai_strong,1.0,0.024573618206407466
1,1,diff__tgxstrength__sw_zheng_cai_weak,0.0,0.0
1,1,diff__tgxstrength__sw_zheng_guan_neutral,0.0,0.0
1,1,diff__tgxstrength__sw_zheng_guan_strong,1.0,0.06893967714985598
1,1,diff__tgxstrength__sw_zheng_guan_weak,1.0,0.11823339368157558
1,1,diff__tgxstrength__sw_zheng_yin_neutral,0.0,0.0
1,1,diff__tgxstrength__sw_zheng_yin_strong,1.0,-0.05139798236689957
1,1,diff__tgxstrength__sw_zheng_yin_weak,1.0,-0.020172682859769878
1,1,diff__unseong__dw_raw_score,0.0,0.0
1,1,diff__unseong__dw_score_x_strength,0.0,0.0
1,1,diff__unseong__dw_state_건록,1.0,0.13862318245272362
1,1,diff__unseong__dw_state_관대,0.0,0.0
1,1,diff__unseong__dw_state_목욕,1.0,0.16399400471461387
1,1,diff__unseong__dw_state_묘,0.0,0.0
1,1,diff__unseong__dw_state_병,1.0,0.006043137388038465
1,1,diff__unseong__dw_state_사,1.0,-0.12271290949584342
1,1,diff__unseong__dw_state_쇠,0.0,0.0
1,1,diff__unseong__dw_state_양,0.0,0.0
1,1,diff__unseong__dw_state_장생,0.0,0.0
1,1,diff__unseong__dw_state_절,1.0,0.10814422951017695
1,1,diff__unseong__dw_state_제왕,1.0,-0.12266550330476815
1,1,diff__unseong__dw_state_태,0.0,0.0
1,1,diff__unseong__sw_raw_score,0.0,0.0
1,1,diff__unseong__sw_score_x_strength,1.0,0.13867578953499926
1,1,diff__unseong__sw_state_건록,0.0,0.0
1,1,diff__unseong__sw_state_관대,0.0,0.0
1,1,diff__unseong__sw_state_목욕,1.0,0.016791844119395587
1,1,diff__unseong__sw_state_묘,1.0,-0.10290719190966374
1,1,diff__unseong__sw_state_병,1.0,-0.392655561982794
1,1,diff__unseong__sw_state_사,1.0,0.05398848902761743
1,1,diff__unseong__sw_state_쇠,0.0,0.0
1,1,diff__unseong__sw_state_양,1.0,0.33557866074864084
1,1,diff__unseong__sw_state_장생,1.0,-0.2759716247169913
1,1,diff__unseong__sw_state_절,1.0,0.07209379375638728
1,1,diff__unseong__sw_state_제왕,0.0,0.0
1,1,diff__unseong__sw_state_태,0.0,0.0
1,1,diff__yongshin__dw_gi_fit,1.0,0.18560284516008374
1,1,diff__yongshin__dw_gu_fit,1.0,-0.004839388647409339
1,1,diff__yongshin__dw_hee_fit,0.0,0.0
1,1,diff__yongshin__dw_supplies_fav,1.0,-0.21704437515832087
1,1,diff__yongshin__dw_supplies_unfav,0.0,0.0
1,1,diff__yongshin__dw_yong_branch_fit,0.0,0.0
1,1,diff__yongshin__dw_yong_fit,0.0,0.0
1,1,diff__yongshin__dw_yong_stem_fit,0.0,0.0
1,1,diff__yongshin__sw_gi_fit,1.0,0.22071322819541608
1,1,diff__yongshin__sw_gu_fit,0.0,0.0
1,1,diff__yongshin__sw_hee_fit,0.0,0.0
1,1,diff__yongshin__sw_supplies_fav,0.0,0.0
1,1,diff__yongshin__sw_supplies_unfav,0.0,0.0
1,1,diff__yongshin__sw_yong_branch_fit,0.0,0.0
1,1,diff__yongshin__sw_yong_fit,1.0,-0.06612912991529897
1,1,diff__yongshin__sw_yong_stem_fit,1.0,-0.4723855293996009
1,2,diff__basic__daymaster_element_earth,0.0,0.0
1,2,diff__basic__daymaster_element_fire,0.0,0.0
1,2,diff__basic__daymaster_element_metal,0.0,0.0
1,2,diff__basic__daymaster_element_water,0.0,0.0
1,2,diff__basic__daymaster_element_wood,0.0,0.0
1,2,diff__basic__daymaster_stem_丁,0.0,0.0
1,2,diff__basic__daymaster_stem_丙,0.0,0.0
1,2,diff__basic__daymaster_stem_乙,0.0,0.0
1,2,diff__basic__daymaster_stem_壬,0.0,0.0
1,2,diff__basic__daymaster_stem_己,0.0,0.0
1,2,diff__basic__daymaster_stem_庚,0.0,0.0
1,2,diff__basic__daymaster_stem_戊,0.0,0.0
1,2,diff__basic__daymaster_stem_甲,0.0,0.0
1,2,diff__basic__daymaster_stem_癸,0.0,0.0
1,2,diff__basic__daymaster_stem_辛,0.0,0.0
1,2,diff__basic__dw_branch_丑,0.0,0.0
1,2,diff__basic__dw_branch_亥,0.0,0.0
1,2,diff__basic__dw_branch_午,0.0,0.0
1,2,diff__basic__dw_branch_卯,0.0,0.0
1,2,diff__basic__dw_branch_子,0.0,0.0
1,2,diff__basic__dw_branch_寅,0.0,0.0
1,2,diff__basic__dw_branch_巳,0.0,0.0
1,2,diff__basic__dw_branch_戌,0.0,0.0
1,2,diff__basic__dw_branch_未,0.0,0.0
1,2,diff__basic__dw_branch_申,0.0,0.0
1,2,diff__basic__dw_branch_辰,0.0,0.0
1,2,diff__basic__dw_branch_酉,0.0,0.0
1,2,diff__basic__dw_element_earth,0.0,0.0
1,2,diff__basic__dw_element_fire,0.0,0.0
1,2,diff__basic__dw_element_metal,0.0,0.0
1,2,diff__basic__dw_element_water,0.0,0.0
1,2,diff__basic__dw_element_wood,0.0,0.0
1,2,diff__basic__dw_stem_丁,0.0,0.0
1,2,diff__basic__dw_stem_丙,0.0,0.0
1,2,diff__basic__dw_stem_乙,0.0,0.0
1,2,diff__basic__dw_stem_壬,0.0,0.0
1,2,diff__basic__dw_stem_己,0.0,0.0
1,2,diff__basic__dw_stem_庚,0.0,0.0
1,2,diff__basic__dw_stem_戊,0.0,0.0
1,2,diff__basic__dw_stem_甲,0.0,0.0
1,2,diff__basic__dw_stem_癸,0.0,0.0
1,2,diff__basic__dw_stem_辛,0.0,0.0
1,2,diff__basic__dw_yy_yang,0.0,0.0
1,2,diff__basic__dw_yy_yin,0.0,0.0
1,2,diff__basic__natal_day_branch_丑,0.0,0.0
1,2,diff__basic__natal_day_branch_亥,0.0,0.0
1,2,diff__basic__natal_day_branch_午,0.0,0.0
1,2,diff__basic__natal_day_branch_卯,0.0,0.0
1,2,diff__basic__natal_day_branch_子,0.0,0.0
1,2,diff__basic__natal_day_branch_寅,0.0,0.0
1,2,diff__basic__natal_day_branch_巳,0.0,0.0
1,2,diff__basic__natal_day_branch_戌,0.0,0.0
1,2,diff__basic__natal_day_branch_未,0.0,0.0
1,2,diff__basic__natal_day_branch_申,0.0,0.0
1,2,diff__basic__natal_day_branch_辰,0.0,0.0
1,2,diff__basic__natal_day_branch_酉,0.0,0.0
1,2,diff__basic__natal_day_stem_丁,0.0,0.0
1,2,diff__basic__natal_day_stem_丙,0.0,0.0
1,2,diff__basic__natal_day_stem_乙,0.0,0.0
1,2,diff__basic__natal_day_stem_壬,0.0,0.0
1,2,diff__basic__natal_day_stem_己,0.0,0.0
1,2,diff__basic__natal_day_stem_庚,0.0,0.0
1,2,diff__basic__natal_day_stem_戊,0.0,0.0
1,2,diff__basic__natal_day_stem_甲,0.0,0.0
1,2,diff__basic__natal_day_stem_癸,0.0,0.0
1,2,diff__basic__natal_day_stem_辛,0.0,0.0
1,2,diff__basic__natal_element_count_earth,0.0,0.0
1,2,diff__basic__natal_element_count_fire,0.0,0.0
1,2,diff__basic__natal_element_count_metal,0.0,0.0
1,2,diff__basic__natal_element_count_water,0.0,0.0
1,2,diff__basic__natal_element_count_wood,0.0,0.0
1,2,diff__basic__natal_hour_branch_丑,0.0,0.0
1,2,diff__basic__natal_hour_branch_亥,0.0,0.0
1,2,diff__basic__natal_hour_branch_午,0.0,0.0
1,2,diff__basic__natal_hour_branch_卯,0.0,0.0
1,2,diff__basic__natal_hour_branch_子,0.0,0.0
1,2,diff__basic__natal_hour_branch_寅,0.0,0.0
1,2,diff__basic__natal_hour_branch_巳,0.0,0.0
1,2,diff__basic__natal_hour_branch_戌,0.0,0.0
1,2,diff__basic__natal_hour_branch_未,0.0,0.0
1,2,diff__basic__natal_hour_branch_申,0.0,0.0
1,2,diff__basic__natal_hour_branch_辰,0.0,0.0
1,2,diff__basic__natal_hour_branch_酉,0.0,0.0
1,2,diff__basic__natal_hour_stem_丁,0.0,0.0
1,2,diff__basic__natal_hour_stem_丙,0.0,0.0
1,2,diff__basic__natal_hour_stem_乙,0.0,0.0
1,2,diff__basic__natal_hour_stem_壬,0.0,0.0
1,2,diff__basic__natal_hour_stem_己,0.0,0.0
1,2,diff__basic__natal_hour_stem_庚,0.0,0.0
1,2,diff__basic__natal_hour_stem_戊,0.0,0.0
1,2,diff__basic__natal_hour_stem_甲,0.0,0.0
1,2,diff__basic__natal_hour_stem_癸,0.0,0.0
1,2,diff__basic__natal_hour_stem_辛,0.0,0.0
1,2,diff__basic__natal_month_branch_丑,0.0,0.0
1,2,diff__basic__natal_month_branch_亥,0.0,0.0
1,2,diff__basic__natal_month_branch_午,0.0,0.0
1,2,diff__basic__natal_month_branch_卯,0.0,0.0
1,2,diff__basic__natal_month_branch_子,0.0,0.0
1,2,diff__basic__natal_month_branch_寅,0.0,0.0
1,2,diff__basic__natal_month_branch_巳,0.0,0.0
1,2,diff__basic__natal_month_branch_戌,0.0,0.0
1,2,diff__basic__natal_month_branch_未,0.0,0.0
1,2,diff__basic__natal_month_branch_申,0.0,0.0
1,2,diff__basic__natal_month_branch_辰,0.0,0.0
1,2,diff__basic__natal_month_branch_酉,0.0,0.0
1,2,diff__basic__natal_month_stem_丁,0.0,0.0
1,2,diff__basic__natal_month_stem_丙,0.0,0.0
1,2,diff__basic__natal_month_stem_乙,0.0,0.0
1,2,diff__basic__natal_month_stem_壬,0.0,0.0
1,2,diff__basic__natal_month_stem_己,0.0,0.0
1,2,diff__basic__natal_month_stem_庚,0.0,0.0
1,2,diff__basic__natal_month_stem_戊,0.0,0.0
1,2,diff__basic__natal_month_stem_甲,0.0,0.0
1,2,diff__basic__natal_month_stem_癸,0.0,0.0
1,2,diff__basic__natal_month_stem_辛,0.0,0.0
1,2,diff__basic__natal_year_branch_丑,0.0,0.0
1,2,diff__basic__natal_year_branch_亥,0.0,0.0
1,2,diff__basic__natal_year_branch_午,0.0,0.0
1,2,diff__basic__natal_year_branch_卯,0.0,0.0
1,2,diff__basic__natal_year_branch_子,0.0,0.0
1,2,diff__basic__natal_year_branch_寅,0.0,0.0
1,2,diff__basic__natal_year_branch_巳,0.0,0.0
1,2,diff__basic__natal_year_branch_戌,0.0,0.0
1,2,diff__basic__natal_year_branch_未,0.0,0.0
1,2,diff__basic__natal_year_branch_申,0.0,0.0
1,2,diff__basic__natal_year_branch_辰,0.0,0.0
1,2,diff__basic__natal_year_branch_酉,0.0,0.0
1,2,diff__basic__natal_year_stem_丁,0.0,0.0
1,2,diff__basic__natal_year_stem_丙,0.0,0.0
1,2,diff__basic__natal_year_stem_乙,0.0,0.0
1,2,diff__basic__natal_year_stem_壬,0.0,0.0
1,2,diff__basic__natal_year_stem_己,0.0,0.0
1,2,diff__basic__natal_year_stem_庚,0.0,0.0
1,2,diff__basic__natal_year_stem_戊,0.0,0.0
1,2,diff__basic__natal_year_stem_甲,0.0,0.0
1,2,diff__basic__natal_year_stem_癸,0.0,0.0
1,2,diff__basic__natal_year_stem_辛,0.0,0.0
1,2,diff__basic__sw_branch_丑,0.0,0.0
1,2,diff__basic__sw_branch_亥,0.0,0.0
1,2,diff__basic__sw_branch_午,0.0,0.0
1,2,diff__basic__sw_branch_卯,0.0,0.0
1,2,diff__basic__sw_branch_子,0.0,0.0
1,2,diff__basic__sw_branch_寅,0.0,0.0
1,2,diff__basic__sw_branch_巳,0.0,0.0
1,2,diff__basic__sw_branch_戌,0.0,0.0
1,2,diff__basic__sw_branch_未,0.0,0.0
1,2,diff__basic__sw_branch_申,0.0,0.0
1,2,diff__basic__sw_branch_辰,0.0,0.0
1,2,diff__basic__sw_branch_酉,0.0,0.0
1,2,diff__basic__sw_element_earth,0.0,0.0
1,2,diff__basic__sw_element_fire,0.0,0.0
1,2,diff__basic__sw_element_metal,0.0,0.0
1,2,diff__basic__sw_element_water,0.0,0.0
1,2,diff__basic__sw_element_wood,0.0,0.0
1,2,diff__basic__sw_stem_丁,0.0,0.0
1,2,diff__basic__sw_stem_丙,0.0,0.0
1,2,diff__basic__sw_stem_乙,0.0,0.0
1,2,diff__basic__sw_stem_壬,0.0,0.0
1,2,diff__basic__sw_stem_己,0.0,0.0
1,2,diff__basic__sw_stem_庚,0.0,0.0
1,2,diff__basic__sw_stem_戊,0.0,0.0
1,2,diff__basic__sw_stem_甲,0.0,0.0
1,2,diff__basic__sw_stem_癸,0.0,0.0
1,2,diff__basic__sw_stem_辛,0.0,0.0
1,2,diff__basic__sw_yy_yang,0.0,0.0
1,2,diff__basic__sw_yy_yin,0.0,0.0
1,2,diff__engine__strength_극약,0.0,0.0
1,2,diff__engine__strength_극왕,0.0,0.0
1,2,diff__engine__strength_신강,0.0,0.0
1,2,diff__engine__strength_신약,0.0,0.0
1,2,diff__engine__strength_중화신강,0.0,0.0
1,2,diff__engine__strength_중화신약,0.0,0.0
1,2,diff__engine__strength_태강,0.0,0.0
1,2,diff__engine__strength_태약,0.0,0.0
1,2,diff__hidden__natal_element_count_earth,0.0,0.0
1,2,diff__hidden__natal_element_count_fire,0.0,0.0
1,2,diff__hidden__natal_element_count_metal,0.0,0.0
1,2,diff__hidden__natal_element_count_water,0.0,0.0
1,2,diff__hidden__natal_element_count_wood,0.0,0.0
1,2,diff__hidden__natal_tg_count_officer,0.0,0.0
1,2,diff__hidden__natal_tg_count_output,0.0,0.0
1,2,diff__hidden__natal_tg_count_peer,0.0,0.0
1,2,diff__hidden__natal_tg_count_resource,0.0,0.0
1,2,diff__hidden__natal_tg_count_wealth,0.0,0.0
1,2,diff__relation__dw_branch_break_natal,0.0,0.0
1,2,diff__relation__dw_branch_clash_natal,0.0,0.0
1,2,diff__relation__dw_branch_combine_natal,0.0,0.0
1,2,diff__relation__dw_branch_harm_natal,0.0,0.0
1,2,diff__relation__dw_branch_punish_natal,0.0,0.0
1,2,diff__relation__dw_stem_clash_natal,0.0,0.0
1,2,diff__relation__dw_stem_combine_natal,0.0,0.0
1,2,diff__relation__sw_branch_break_natal,0.0,0.0
1,2,diff__relation__sw_branch_clash_natal,0.0,0.0
1,2,diff__relation__sw_branch_combine_natal,0.0,0.0
1,2,diff__relation__sw_branch_harm_natal,0.0,0.0
1,2,diff__relation__sw_branch_punish_natal,0.0,0.0
1,2,diff__relation__sw_dw_branch_break,0.0,0.0
1,2,diff__relation__sw_dw_branch_clash,0.0,0.0
1,2,diff__relation__sw_dw_branch_combine,0.0,0.0
1,2,diff__relation__sw_dw_branch_harm,0.0,0.0
1,2,diff__relation__sw_dw_branch_punish,0.0,0.0
1,2,diff__relation__sw_dw_stem_clash,0.0,0.0
1,2,diff__relation__sw_dw_stem_combine,0.0,0.0
1,2,diff__relation__sw_stem_clash_natal,0.0,0.0
1,2,diff__relation__sw_stem_combine_natal,0.0,0.0
1,2,diff__shinsal__dw_breakdown_scalar,0.0,0.0
1,2,diff__shinsal__dw_gongmang_is_gongmang,0.0,0.0
1,2,diff__shinsal__dw_gongmang_rel,0.0,0.0
1,2,diff__shinsal__dw_gongmang_trine,0.0,0.0
1,2,diff__shinsal__dw_gongmang_unseong,0.0,0.0
1,2,diff__shinsal__dw_gongmang_yfit_branch,0.0,0.0
1,2,diff__shinsal__dw_indicators_귀인력,0.0,0.0
1,2,diff__shinsal__dw_noble_power,0.0,0.0
1,2,diff__shinsal__dw_신살_길신__count,0.0,0.0
1,2,diff__shinsal__dw_신살_길신__록신_,0.0,0.0
1,2,diff__shinsal__dw_신살_길신__문창귀인_,0.0,0.0
1,2,diff__shinsal__dw_신살_길신__반안_,0.0,0.0
1,2,diff__shinsal__dw_신살_길신__장성_,0.0,0.0
1,2,diff__shinsal__dw_신살_길신__천을귀인_,0.0,0.0
1,2,diff__shinsal__dw_신살_길신__천희_,0.0,0.0
1,2,diff__shinsal__dw_신살_길신__홍란_,0.0,0.0
1,2,diff__shinsal__dw_신살_길신__화개_,0.0,0.0
1,2,diff__shinsal__dw_신살_흉살__count,0.0,0.0
1,2,diff__shinsal__dw_신살_흉살__겁살_,0.0,0.0
1,2,diff__shinsal__dw_신살_흉살__고진_,0.0,0.0
1,2,diff__shinsal__dw_신살_흉살__과숙_,0.0,0.0
1,2,diff__shinsal__dw_신살_흉살__도화_,0.0,0.0
1,2,diff__shinsal__dw_신살_흉살__망신_,0.0,0.0
1,2,diff__shinsal__dw_신살_흉살__양인_,0.0,0.0
1,2,diff__shinsal__dw_신살_흉살__역마_,0.0,0.0
1,2,diff__shinsal__sw_indicators_귀인력,0.0,0.0
1,2,diff__shinsal__sw_세운_신살_길신__count,0.0,0.0
1,2,diff__shinsal__sw_세운_신살_길신__록신_,0.0,0.0
1,2,diff__shinsal__sw_세운_신살_길신__문창귀인_,0.0,0.0
1,2,diff__shinsal__sw_세운_신살_길신__반안_,0.0,0.0
1,2,diff__shinsal__sw_세운_신살_길신__장성_,0.0,0.0
1,2,diff__shinsal__sw_세운_신살_길신__천을귀인_,0.0,0.0
1,2,diff__shinsal__sw_세운_신살_길신__천희_,0.0,0.0
1,2,diff__shinsal__sw_세운_신살_길신__홍란_,0.0,0.0
1,2,diff__shinsal__sw_세운_신살_길신__화개_,0.0,0.0
1,2,diff__shinsal__sw_세운_신살_흉살__count,0.0,0.0
1,2,diff__shinsal__sw_세운_신살_흉살__겁살_,0.0,0.0
1,2,diff__shinsal__sw_세운_신살_흉살__고진_,0.0,0.0
1,2,diff__shinsal__sw_세운_신살_흉살__과숙_,0.0,0.0
1,2,diff__shinsal__sw_세운_신살_흉살__도화_,0.0,0.0
1,2,diff__shinsal__sw_세운_신살_흉살__망신_,0.0,0.0
1,2,diff__shinsal__sw_세운_신살_흉살__양인_,0.0,0.0
1,2,diff__shinsal__sw_세운_신살_흉살__역마_,0.0,0.0
1,2,diff__tengod__dw_group_officer,0.0,0.0
1,2,diff__tengod__dw_group_output,0.0,0.0
1,2,diff__tengod__dw_group_peer,0.0,0.0
1,2,diff__tengod__dw_group_resource,0.0,0.0
1,2,diff__tengod__dw_group_wealth,0.0,0.0
1,2,diff__tengod__sw_group_officer,0.0,0.0
1,2,diff__tengod__sw_group_output,0.0,0.0
1,2,diff__tengod__sw_group_peer,0.0,0.0
1,2,diff__tengod__sw_group_resource,0.0,0.0
1,2,diff__tengod__sw_group_wealth,0.0,0.0
1,2,diff__tg10__dw_branch_hidden_bijian,0.0,0.0
1,2,diff__tg10__dw_branch_hidden_jiecai,0.0,0.0
1,2,diff__tg10__dw_branch_hidden_pian_cai,0.0,0.0
1,2,diff__tg10__dw_branch_hidden_pian_yin,0.0,0.0
1,2,diff__tg10__dw_branch_hidden_qi_sha,0.0,0.0
1,2,diff__tg10__dw_branch_hidden_shangguan,0.0,0.0
1,2,diff__tg10__dw_branch_hidden_shishen,0.0,0.0
1,2,diff__tg10__dw_branch_hidden_zheng_cai,0.0,0.0
1,2,diff__tg10__dw_branch_hidden_zheng_guan,0.0,0.0
1,2,diff__tg10__dw_branch_hidden_zheng_yin,0.0,0.0
1,2,diff__tg10__dw_stem_bijian,0.0,0.0
1,2,diff__tg10__dw_stem_jiecai,0.0,0.0
1,2,diff__tg10__dw_stem_pian_cai,0.0,0.0
1,2,diff__tg10__dw_stem_pian_yin,0.0,0.0
1,2,diff__tg10__dw_stem_qi_sha,0.0,0.0
1,2,diff__tg10__dw_stem_shangguan,0.0,0.0
1,2,diff__tg10__dw_stem_shishen,0.0,0.0
1,2,diff__tg10__dw_stem_zheng_cai,0.0,0.0
1,2,diff__tg10__dw_stem_zheng_guan,0.0,0.0
1,2,diff__tg10__dw_stem_zheng_yin,0.0,0.0
1,2,diff__tg10__sw_branch_hidden_bijian,0.0,0.0
1,2,diff__tg10__sw_branch_hidden_jiecai,0.0,0.0
1,2,diff__tg10__sw_branch_hidden_pian_cai,0.0,0.0
1,2,diff__tg10__sw_branch_hidden_pian_yin,0.0,0.0
1,2,diff__tg10__sw_branch_hidden_qi_sha,0.0,0.0
1,2,diff__tg10__sw_branch_hidden_shangguan,0.0,0.0
1,2,diff__tg10__sw_branch_hidden_shishen,0.0,0.0
1,2,diff__tg10__sw_branch_hidden_zheng_cai,0.0,0.0
1,2,diff__tg10__sw_branch_hidden_zheng_guan,0.0,0.0
1,2,diff__tg10__sw_branch_hidden_zheng_yin,0.0,0.0
1,2,diff__tg10__sw_stem_bijian,0.0,0.0
1,2,diff__tg10__sw_stem_jiecai,0.0,0.0
1,2,diff__tg10__sw_stem_pian_cai,0.0,0.0
1,2,diff__tg10__sw_stem_pian_yin,0.0,0.0
1,2,diff__tg10__sw_stem_qi_sha,0.0,0.0
1,2,diff__tg10__sw_stem_shangguan,0.0,0.0
1,2,diff__tg10__sw_stem_shishen,0.0,0.0
1,2,diff__tg10__sw_stem_zheng_cai,0.0,0.0
1,2,diff__tg10__sw_stem_zheng_guan,0.0,0.0
1,2,diff__tg10__sw_stem_zheng_yin,0.0,0.0
1,2,diff__tgxstrength__dw_bijian_neutral,0.0,0.0
1,2,diff__tgxstrength__dw_bijian_strong,0.0,0.0
1,2,diff__tgxstrength__dw_bijian_weak,0.0,0.0
1,2,diff__tgxstrength__dw_jiecai_neutral,0.0,0.0
1,2,diff__tgxstrength__dw_jiecai_strong,0.0,0.0
1,2,diff__tgxstrength__dw_jiecai_weak,0.0,0.0
1,2,diff__tgxstrength__dw_pian_cai_neutral,0.0,0.0
1,2,diff__tgxstrength__dw_pian_cai_strong,0.0,0.0
1,2,diff__tgxstrength__dw_pian_cai_weak,0.0,0.0
1,2,diff__tgxstrength__dw_pian_yin_neutral,0.0,0.0
1,2,diff__tgxstrength__dw_pian_yin_strong,0.0,0.0
1,2,diff__tgxstrength__dw_pian_yin_weak,0.0,0.0
1,2,diff__tgxstrength__dw_qi_sha_neutral,0.0,0.0
1,2,diff__tgxstrength__dw_qi_sha_strong,0.0,0.0
1,2,diff__tgxstrength__dw_qi_sha_weak,0.0,0.0
1,2,diff__tgxstrength__dw_shangguan_neutral,0.0,0.0
1,2,diff__tgxstrength__dw_shangguan_strong,0.0,0.0
1,2,diff__tgxstrength__dw_shangguan_weak,0.0,0.0
1,2,diff__tgxstrength__dw_shishen_neutral,0.0,0.0
1,2,diff__tgxstrength__dw_shishen_strong,0.0,0.0
1,2,diff__tgxstrength__dw_shishen_weak,0.0,0.0
1,2,diff__tgxstrength__dw_zheng_cai_neutral,0.0,0.0
1,2,diff__tgxstrength__dw_zheng_cai_strong,0.0,0.0
1,2,diff__tgxstrength__dw_zheng_cai_weak,0.0,0.0
1,2,diff__tgxstrength__dw_zheng_guan_neutral,0.0,0.0
1,2,diff__tgxstrength__dw_zheng_guan_strong,0.0,0.0
1,2,diff__tgxstrength__dw_zheng_guan_weak,0.0,0.0
1,2,diff__tgxstrength__dw_zheng_yin_neutral,0.0,0.0
1,2,diff__tgxstrength__dw_zheng_yin_strong,0.0,0.0
1,2,diff__tgxstrength__dw_zheng_yin_weak,0.0,0.0
1,2,diff__tgxstrength__sw_bijian_neutral,0.0,0.0
1,2,diff__tgxstrength__sw_bijian_strong,0.0,0.0
1,2,diff__tgxstrength__sw_bijian_weak,0.0,0.0
1,2,diff__tgxstrength__sw_jiecai_neutral,0.0,0.0
1,2,diff__tgxstrength__sw_jiecai_strong,0.0,0.0
1,2,diff__tgxstrength__sw_jiecai_weak,0.0,0.0
1,2,diff__tgxstrength__sw_pian_cai_neutral,0.0,0.0
1,2,diff__tgxstrength__sw_pian_cai_strong,0.0,0.0
1,2,diff__tgxstrength__sw_pian_cai_weak,0.0,0.0
1,2,diff__tgxstrength__sw_pian_yin_neutral,0.0,0.0
1,2,diff__tgxstrength__sw_pian_yin_strong,0.0,0.0
1,2,diff__tgxstrength__sw_pian_yin_weak,0.0,0.0
1,2,diff__tgxstrength__sw_qi_sha_neutral,0.0,0.0
1,2,diff__tgxstrength__sw_qi_sha_strong,0.0,0.0
1,2,diff__tgxstrength__sw_qi_sha_weak,0.0,0.0
1,2,diff__tgxstrength__sw_shangguan_neutral,0.0,0.0
1,2,diff__tgxstrength__sw_shangguan_strong,0.0,0.0
1,2,diff__tgxstrength__sw_shangguan_weak,0.0,0.0
1,2,diff__tgxstrength__sw_shishen_neutral,0.0,0.0
1,2,diff__tgxstrength__sw_shishen_strong,0.0,0.0
1,2,diff__tgxstrength__sw_shishen_weak,0.0,0.0
1,2,diff__tgxstrength__sw_zheng_cai_neutral,0.0,0.0
1,2,diff__tgxstrength__sw_zheng_cai_strong,0.0,0.0
1,2,diff__tgxstrength__sw_zheng_cai_weak,0.0,0.0
1,2,diff__tgxstrength__sw_zheng_guan_neutral,0.0,0.0
1,2,diff__tgxstrength__sw_zheng_guan_strong,0.0,0.0
1,2,diff__tgxstrength__sw_zheng_guan_weak,0.0,0.0
1,2,diff__tgxstrength__sw_zheng_yin_neutral,0.0,0.0
1,2,diff__tgxstrength__sw_zheng_yin_strong,0.0,0.0
1,2,diff__tgxstrength__sw_zheng_yin_weak,0.0,0.0
1,2,diff__unseong__dw_raw_score,0.0,0.0
1,2,diff__unseong__dw_score_x_strength,0.0,0.0
1,2,diff__unseong__dw_state_건록,0.0,0.0
1,2,diff__unseong__dw_state_관대,0.0,0.0
1,2,diff__unseong__dw_state_목욕,0.0,0.0
1,2,diff__unseong__dw_state_묘,0.0,0.0
1,2,diff__unseong__dw_state_병,0.0,0.0
1,2,diff__unseong__dw_state_사,0.0,0.0
1,2,diff__unseong__dw_state_쇠,0.0,0.0
1,2,diff__unseong__dw_state_양,0.0,0.0
1,2,diff__unseong__dw_state_장생,0.0,0.0
1,2,diff__unseong__dw_state_절,0.0,0.0
1,2,diff__unseong__dw_state_제왕,0.0,0.0
1,2,diff__unseong__dw_state_태,0.0,0.0
1,2,diff__unseong__sw_raw_score,0.0,0.0
1,2,diff__unseong__sw_score_x_strength,0.0,0.0
1,2,diff__unseong__sw_state_건록,0.0,0.0
1,2,diff__unseong__sw_state_관대,0.0,0.0
1,2,diff__unseong__sw_state_목욕,0.0,0.0
1,2,diff__unseong__sw_state_묘,0.0,0.0
1,2,diff__unseong__sw_state_병,0.0,0.0
1,2,diff__unseong__sw_state_사,0.0,0.0
1,2,diff__unseong__sw_state_쇠,0.0,0.0
1,2,diff__unseong__sw_state_양,0.0,0.0
1,2,diff__unseong__sw_state_장생,0.0,0.0
1,2,diff__unseong__sw_state_절,0.0,0.0
1,2,diff__unseong__sw_state_제왕,0.0,0.0
1,2,diff__unseong__sw_state_태,0.0,0.0
1,2,diff__yongshin__dw_gi_fit,0.0,0.0
1,2,diff__yongshin__dw_gu_fit,0.0,0.0
1,2,diff__yongshin__dw_hee_fit,0.0,0.0
1,2,diff__yongshin__dw_supplies_fav,0.0,0.0
1,2,diff__yongshin__dw_supplies_unfav,0.0,0.0
1,2,diff__yongshin__dw_yong_branch_fit,0.0,0.0
1,2,diff__yongshin__dw_yong_fit,0.0,0.0
1,2,diff__yongshin__dw_yong_stem_fit,0.0,0.0
1,2,diff__yongshin__sw_gi_fit,0.0,0.0
1,2,diff__yongshin__sw_gu_fit,0.0,0.0
1,2,diff__yongshin__sw_hee_fit,0.0,0.0
1,2,diff__yongshin__sw_supplies_fav,0.0,0.0
1,2,diff__yongshin__sw_supplies_unfav,0.0,0.0
1,2,diff__yongshin__sw_yong_branch_fit,0.0,0.0
1,2,diff__yongshin__sw_yong_fit,0.0,0.0
1,2,diff__yongshin__sw_yong_stem_fit,0.0,0.0
1,3,diff__basic__daymaster_element_earth,0.0,0.0
1,3,diff__basic__daymaster_element_fire,0.0,0.0
1,3,diff__basic__daymaster_element_metal,0.0,0.0
1,3,diff__basic__daymaster_element_water,0.0,0.0
1,3,diff__basic__daymaster_element_wood,0.0,0.0
1,3,diff__basic__daymaster_stem_丁,0.0,0.0
1,3,diff__basic__daymaster_stem_丙,0.0,0.0
1,3,diff__basic__daymaster_stem_乙,0.0,0.0
1,3,diff__basic__daymaster_stem_壬,0.0,0.0
1,3,diff__basic__daymaster_stem_己,0.0,0.0
1,3,diff__basic__daymaster_stem_庚,0.0,0.0
1,3,diff__basic__daymaster_stem_戊,0.0,0.0
1,3,diff__basic__daymaster_stem_甲,0.0,0.0
1,3,diff__basic__daymaster_stem_癸,0.0,0.0
1,3,diff__basic__daymaster_stem_辛,0.0,0.0
1,3,diff__basic__dw_branch_丑,0.0,0.0
1,3,diff__basic__dw_branch_亥,0.0,0.0
1,3,diff__basic__dw_branch_午,1.0,-0.08976286769321781
1,3,diff__basic__dw_branch_卯,1.0,0.0524553804747996
1,3,diff__basic__dw_branch_子,0.0,0.0
1,3,diff__basic__dw_branch_寅,0.0,0.0
1,3,diff__basic__dw_branch_巳,0.0,0.0
1,3,diff__basic__dw_branch_戌,0.0,0.0
1,3,diff__basic__dw_branch_未,1.0,0.021185201888395937
1,3,diff__basic__dw_branch_申,0.0,0.0
1,3,diff__basic__dw_branch_辰,0.0,0.0
1,3,diff__basic__dw_branch_酉,0.0,0.0
1,3,diff__basic__dw_element_earth,1.0,0.023936983851510257
1,3,diff__basic__dw_element_fire,0.0,0.0
1,3,diff__basic__dw_element_metal,1.0,-0.14988949284963463
1,3,diff__basic__dw_element_water,0.0,0.0
1,3,diff__basic__dw_element_wood,0.0,0.0
1,3,diff__basic__dw_stem_丁,0.0,0.0
1,3,diff__basic__dw_stem_丙,0.0,0.0
1,3,diff__basic__dw_stem_乙,1.0,-0.11483188666852955
1,3,diff__basic__dw_stem_壬,0.0,0.0
1,3,diff__basic__dw_stem_己,1.0,0.11236729334065583
1,3,diff__basic__dw_stem_庚,1.0,-0.026861748438185614
1,3,diff__basic__dw_stem_戊,0.0,0.0
1,3,diff__basic__dw_stem_甲,0.0,0.0
1,3,diff__basic__dw_stem_癸,0.0,0.0
1,3,diff__basic__dw_stem_辛,0.0,0.0
1,3,diff__basic__dw_yy_yang,0.0,0.0
1,3,diff__basic__dw_yy_yin,0.0,0.0
1,3,diff__basic__natal_day_branch_丑,0.0,0.0
1,3,diff__basic__natal_day_branch_亥,0.0,0.0
1,3,diff__basic__natal_day_branch_午,0.0,0.0
1,3,diff__basic__natal_day_branch_卯,0.0,0.0
1,3,diff__basic__natal_day_branch_子,0.0,0.0
1,3,diff__basic__natal_day_branch_寅,0.0,0.0
1,3,diff__basic__natal_day_branch_巳,0.0,0.0
1,3,diff__basic__natal_day_branch_戌,0.0,0.0
1,3,diff__basic__natal_day_branch_未,0.0,0.0
1,3,diff__basic__natal_day_branch_申,0.0,0.0
1,3,diff__basic__natal_day_branch_辰,0.0,0.0
1,3,diff__basic__natal_day_branch_酉,0.0,0.0
1,3,diff__basic__natal_day_stem_丁,0.0,0.0
1,3,diff__basic__natal_day_stem_丙,0.0,0.0
1,3,diff__basic__natal_day_stem_乙,0.0,0.0
1,3,diff__basic__natal_day_stem_壬,0.0,0.0
1,3,diff__basic__natal_day_stem_己,0.0,0.0
1,3,diff__basic__natal_day_stem_庚,0.0,0.0
1,3,diff__basic__natal_day_stem_戊,0.0,0.0
1,3,diff__basic__natal_day_stem_甲,0.0,0.0
1,3,diff__basic__natal_day_stem_癸,0.0,0.0
1,3,diff__basic__natal_day_stem_辛,0.0,0.0
1,3,diff__basic__natal_element_count_earth,0.0,0.0
1,3,diff__basic__natal_element_count_fire,0.0,0.0
1,3,diff__basic__natal_element_count_metal,0.0,0.0
1,3,diff__basic__natal_element_count_water,0.0,0.0
1,3,diff__basic__natal_element_count_wood,0.0,0.0
1,3,diff__basic__natal_hour_branch_丑,0.0,0.0
1,3,diff__basic__natal_hour_branch_亥,0.0,0.0
1,3,diff__basic__natal_hour_branch_午,0.0,0.0
1,3,diff__basic__natal_hour_branch_卯,0.0,0.0
1,3,diff__basic__natal_hour_branch_子,0.0,0.0
1,3,diff__basic__natal_hour_branch_寅,0.0,0.0
1,3,diff__basic__natal_hour_branch_巳,0.0,0.0
1,3,diff__basic__natal_hour_branch_戌,0.0,0.0
1,3,diff__basic__natal_hour_branch_未,0.0,0.0
1,3,diff__basic__natal_hour_branch_申,0.0,0.0
1,3,diff__basic__natal_hour_branch_辰,0.0,0.0
1,3,diff__basic__natal_hour_branch_酉,0.0,0.0
1,3,diff__basic__natal_hour_stem_丁,0.0,0.0
1,3,diff__basic__natal_hour_stem_丙,0.0,0.0
1,3,diff__basic__natal_hour_stem_乙,0.0,0.0
1,3,diff__basic__natal_hour_stem_壬,0.0,0.0
1,3,diff__basic__natal_hour_stem_己,0.0,0.0
1,3,diff__basic__natal_hour_stem_庚,0.0,0.0
1,3,diff__basic__natal_hour_stem_戊,0.0,0.0
1,3,diff__basic__natal_hour_stem_甲,0.0,0.0
1,3,diff__basic__natal_hour_stem_癸,0.0,0.0
1,3,diff__basic__natal_hour_stem_辛,0.0,0.0
1,3,diff__basic__natal_month_branch_丑,0.0,0.0
1,3,diff__basic__natal_month_branch_亥,0.0,0.0
1,3,diff__basic__natal_month_branch_午,0.0,0.0
1,3,diff__basic__natal_month_branch_卯,0.0,0.0
1,3,diff__basic__natal_month_branch_子,0.0,0.0
1,3,diff__basic__natal_month_branch_寅,0.0,0.0
1,3,diff__basic__natal_month_branch_巳,0.0,0.0
1,3,diff__basic__natal_month_branch_戌,0.0,0.0
1,3,diff__basic__natal_month_branch_未,0.0,0.0
1,3,diff__basic__natal_month_branch_申,0.0,0.0
1,3,diff__basic__natal_month_branch_辰,0.0,0.0
1,3,diff__basic__natal_month_branch_酉,0.0,0.0
1,3,diff__basic__natal_month_stem_丁,0.0,0.0
1,3,diff__basic__natal_month_stem_丙,0.0,0.0
1,3,diff__basic__natal_month_stem_乙,0.0,0.0
1,3,diff__basic__natal_month_stem_壬,0.0,0.0
1,3,diff__basic__natal_month_stem_己,0.0,0.0
1,3,diff__basic__natal_month_stem_庚,0.0,0.0
1,3,diff__basic__natal_month_stem_戊,0.0,0.0
1,3,diff__basic__natal_month_stem_甲,0.0,0.0
1,3,diff__basic__natal_month_stem_癸,0.0,0.0
1,3,diff__basic__natal_month_stem_辛,0.0,0.0
1,3,diff__basic__natal_year_branch_丑,0.0,0.0
1,3,diff__basic__natal_year_branch_亥,0.0,0.0
1,3,diff__basic__natal_year_branch_午,0.0,0.0
1,3,diff__basic__natal_year_branch_卯,0.0,0.0
1,3,diff__basic__natal_year_branch_子,0.0,0.0
1,3,diff__basic__natal_year_branch_寅,0.0,0.0
1,3,diff__basic__natal_year_branch_巳,0.0,0.0
1,3,diff__basic__natal_year_branch_戌,0.0,0.0
1,3,diff__basic__natal_year_branch_未,0.0,0.0
1,3,diff__basic__natal_year_branch_申,0.0,0.0
1,3,diff__basic__natal_year_branch_辰,0.0,0.0
1,3,diff__basic__natal_year_branch_酉,0.0,0.0
1,3,diff__basic__natal_year_stem_丁,0.0,0.0
1,3,diff__basic__natal_year_stem_丙,0.0,0.0
1,3,diff__basic__natal_year_stem_乙,0.0,0.0
1,3,diff__basic__natal_year_stem_壬,0.0,0.0
1,3,diff__basic__natal_year_stem_己,0.0,0.0
1,3,diff__basic__natal_year_stem_庚,0.0,0.0
1,3,diff__basic__natal_year_stem_戊,0.0,0.0
1,3,diff__basic__natal_year_stem_甲,0.0,0.0
1,3,diff__basic__natal_year_stem_癸,0.0,0.0
1,3,diff__basic__natal_year_stem_辛,0.0,0.0
1,3,diff__basic__sw_branch_丑,1.0,0.060156729469458554
1,3,diff__basic__sw_branch_亥,1.0,-0.04253887564004559
1,3,diff__basic__sw_branch_午,0.0,0.0
1,3,diff__basic__sw_branch_卯,0.0,0.0
1,3,diff__basic__sw_branch_子,1.0,-0.11177534712819481
1,3,diff__basic__sw_branch_寅,0.0,0.0
1,3,diff__basic__sw_branch_巳,1.0,0.25483150354727097
1,3,diff__basic__sw_branch_戌,0.0,0.0
1,3,diff__basic__sw_branch_未,1.0,0.08997664887513025
1,3,diff__basic__sw_branch_申,0.0,0.0
1,3,diff__basic__sw_branch_辰,1.0,-0.21721889626390273
1,3,diff__basic__sw_branch_酉,0.0,0.0
1,3,diff__basic__sw_element_earth,1.0,-0.14023219603380907
1,3,diff__basic__sw_element_fire,1.0,0.06783043754319248
1,3,diff__basic__sw_element_metal,1.0,-0.007350652449416068
1,3,diff__basic__sw_element_water,0.0,0.0
1,3,diff__basic__sw_element_wood,1.0,0.11859048410621777
1,3,diff__basic__sw_stem_丁,1.0,0.16400277340384137
1,3,diff__basic__sw_stem_丙,0.0,0.0
1,3,diff__basic__sw_stem_乙,0.0,0.0
1,3,diff__basic__sw_stem_壬,0.0,0.0
1,3,diff__basic__sw_stem_己,0.0,0.0
1,3,diff__basic__sw_stem_庚,1.0,-0.16521839930065685
1,3,diff__basic__sw_stem_戊,0.0,0.0
1,3,diff__basic__sw_stem_甲,1.0,0.1472740784432521
1,3,diff__basic__sw_stem_癸,0.0,0.0
1,3,diff__basic__sw_stem_辛,0.0,0.0
1,3,diff__basic__sw_yy_yang,1.0,-0.02664503690473902
1,3,diff__basic__sw_yy_yin,1.0,0.02664503690473902
1,3,diff__engine__strength_극약,0.0,0.0
1,3,diff__engine__strength_극왕,0.0,0.0
1,3,diff__engine__strength_신강,0.0,0.0
1,3,diff__engine__strength_신약,0.0,0.0
1,3,diff__engine__strength_중화신강,0.0,0.0
1,3,diff__engine__strength_중화신약,0.0,0.0
1,3,diff__engine__strength_태강,0.0,0.0
1,3,diff__engine__strength_태약,0.0,0.0
1,3,diff__hidden__natal_element_count_earth,0.0,0.0
1,3,diff__hidden__natal_element_count_fire,0.0,0.0
1,3,diff__hidden__natal_element_count_metal,0.0,0.0
1,3,diff__hidden__natal_element_count_water,0.0,0.0
1,3,diff__hidden__natal_element_count_wood,0.0,0.0
1,3,diff__hidden__natal_tg_count_officer,0.0,0.0
1,3,diff__hidden__natal_tg_count_output,0.0,0.0
1,3,diff__hidden__natal_tg_count_peer,0.0,0.0
1,3,diff__hidden__natal_tg_count_resource,0.0,0.0
1,3,diff__hidden__natal_tg_count_wealth,0.0,0.0
1,3,diff__relation__dw_branch_break_natal,0.0,0.0
1,3,diff__relation__dw_branch_clash_natal,1.0,-0.06696388627724423
1,3,diff__relation__dw_branch_combine_natal,0.0,0.0
1,3,diff__relation__dw_branch_harm_natal,0.0,0.0
1,3,diff__relation__dw_branch_punish_natal,0.0,0.0
1,3,diff__relation__dw_stem_clash_natal,1.0,0.05752307174723075
1,3,diff__relation__dw_stem_combine_natal,0.0,0.0
1,3,diff__relation__sw_branch_break_natal,0.0,0.0
1,3,diff__relation__sw_branch_clash_natal,1.0,0.16074649917697764
1,3,diff__relation__sw_branch_combine_natal,0.0,0.0
1,3,diff__relation__sw_branch_harm_natal,0.0,0.0
1,3,diff__relation__sw_branch_punish_natal,1.0,0.17700670839360344
1,3,diff__relation__sw_dw_branch_break,0.0,0.0
1,3,diff__relation__sw_dw_branch_clash,1.0,0.005278238207095283
1,3,diff__relation__sw_dw_branch_combine,1.0,0.02860139327220471
1,3,diff__relation__sw_dw_branch_harm,1.0,0.027647240844025367
1,3,diff__relation__sw_dw_branch_punish,1.0,0.1673293179281459
1,3,diff__relation__sw_dw_stem_clash,1.0,-0.16531681434801643
1,3,diff__relation__sw_dw_stem_combine,0.0,0.0
1,3,diff__relation__sw_stem_clash_natal,0.0,0.0
1,3,diff__relation__sw_stem_combine_natal,0.0,0.0
1,3,diff__shinsal__dw_breakdown_scalar,1.0,0.17963375644554797
1,3,diff__shinsal__dw_gongmang_is_gongmang,0.0,0.0
1,3,diff__shinsal__dw_gongmang_rel,0.0,0.0
1,3,diff__shinsal__dw_gongmang_trine,0.0,0.0
1,3,diff__shinsal__dw_gongmang_unseong,0.0,0.0
1,3,diff__shinsal__dw_gongmang_yfit_branch,0.0,0.0
1,3,diff__shinsal__dw_indicators_귀인력,0.0,0.0
1,3,diff__shinsal__dw_noble_power,0.0,0.0
1,3,diff__shinsal__dw_신살_길신__count,1.0,-0.0766764721882156
1,3,diff__shinsal__dw_신살_길신__록신_,0.0,0.0
1,3,diff__shinsal__dw_신살_길신__문창귀인_,1.0,-0.18884356761301185
1,3,diff__shinsal__dw_신살_길신__반안_,0.0,0.0
1,3,diff__shinsal__dw_신살_길신__장성_,0.0,0.0
1,3,diff__shinsal__dw_신살_길신__천을귀인_,0.0,0.0
1,3,diff__shinsal__dw_신살_길신__천희_,0.0,0.0
1,3,diff__shinsal__dw_신살_길신__홍란_,1.0,-0.031879242010872985
1,3,diff__shinsal__dw_신살_길신__화개_,0.0,0.0
1,3,diff__shinsal__dw_신살_흉살__count,0.0,0.0
1,3,diff__shinsal__dw_신살_흉살__겁살_,0.0,0.0
1,3,diff__shinsal__dw_신살_흉살__고진_,0.0,0.0
1,3,diff__shinsal__dw_신살_흉살__과숙_,1.0,-0.08758278777470295
1,3,diff__shinsal__dw_신살_흉살__도화_,0.0,0.0
1,3,diff__shinsal__dw_신살_흉살__망신_,0.0,0.0
1,3,diff__shinsal__dw_신살_흉살__양인_,0.0,0.0
1,3,diff__shinsal__dw_신살_흉살__역마_,0.0,0.0
1,3,diff__shinsal__sw_indicators_귀인력,0.0,0.0
1,3,diff__shinsal__sw_세운_신살_길신__count,1.0,0.144222042553573
1,3,diff__shinsal__sw_세운_신살_길신__록신_,0.0,0.0
1,3,diff__shinsal__sw_세운_신살_길신__문창귀인_,1.0,-0.1809446093206185
1,3,diff__shinsal__sw_세운_신살_길신__반안_,1.0,0.16269630664421858
1,3,diff__shinsal__sw_세운_신살_길신__장성_,0.0,0.0
1,3,diff__shinsal__sw_세운_신살_길신__천을귀인_,1.0,0.01896252459603058
1,3,diff__shinsal__sw_세운_신살_길신__천희_,1.0,0.1113426232964434
1,3,diff__shinsal__sw_세운_신살_길신__홍란_,1.0,-0.026076668050531673
1,3,diff__shinsal__sw_세운_신살_길신__화개_,1.0,0.16269630664421858
1,3,diff__shinsal__sw_세운_신살_흉살__count,0.0,0.0
1,3,diff__shinsal__sw_세운_신살_흉살__겁살_,0.0,0.0
1,3,diff__shinsal__sw_세운_신살_흉살__고진_,1.0,-0.02678474166837224
1,3,diff__shinsal__sw_세운_신살_흉살__과숙_,1.0,0.04424764183198688
1,3,diff__shinsal__sw_세운_신살_흉살__도화_,1.0,0.007003712936809938
1,3,diff__shinsal__sw_세운_신살_흉살__망신_,0.0,0.0
1,3,diff__shinsal__sw_세운_신살_흉살__양인_,1.0,-0.14286796155921141
1,3,diff__shinsal__sw_세운_신살_흉살__역마_,0.0,0.0
1,3,diff__tengod__dw_group_officer,0.0,0.0
1,3,diff__tengod__dw_group_output,1.0,-0.027182785369299616
1,3,diff__tengod__dw_group_peer,0.0,0.0
1,3,diff__tengod__dw_group_resource,0.0,0.0
1,3,diff__tengod__dw_group_wealth,0.0,0.0
1,3,diff__tengod__sw_group_officer,0.0,0.0
1,3,diff__tengod__sw_group_output,0.0,0.0
1,3,diff__tengod__sw_group_peer,1.0,0.08136094110410205
1,3,diff__tengod__sw_group_resource,0.0,0.0
1,3,diff__tengod__sw_group_wealth,0.0,0.0
1,3,diff__tg10__dw_branch_hidden_bijian,1.0,0.20053646967578792
1,3,diff__tg10__dw_branch_hidden_jiecai,0.0,0.0
1,3,diff__tg10__dw_branch_hidden_pian_cai,1.0,-0.09187389606627021
1,3,diff__tg10__dw_branch_hidden_pian_yin,1.0,0.3003617198369064
1,3,diff__tg10__dw_branch_hidden_qi_sha,0.0,0.0
1,3,diff__tg10__dw_branch_hidden_shangguan,0.0,0.0
1,3,diff__tg10__dw_branch_hidden_shishen,1.0,-0.13373971241638397
1,3,diff__tg10__dw_branch_hidden_zheng_cai,1.0,0.09106730022284232
1,3,diff__tg10__dw_branch_hidden_zheng_guan,1.0,-0.3737434506911331
1,3,diff__tg10__dw_branch_hidden_zheng_yin,0.0,0.0
1,3,diff__tg10__dw_stem_bijian,0.0,0.0
1,3,diff__tg10__dw_stem_jiecai,0.0,0.0
1,3,diff__tg10__dw_stem_pian_cai,1.0,-0.022279523841108175
1,3,diff__tg10__dw_stem_pian_yin,1.0,-0.030251082270624414
1,3,diff__tg10__dw_stem_qi_sha,0.0,0.0
1,3,diff__tg10__dw_stem_shangguan,0.0,0.0
1,3,diff__tg10__dw_stem_shishen,0.0,0.0
1,3,diff__tg10__dw_stem_zheng_cai,1.0,0.03460406225964534
1,3,diff__tg10__dw_stem_zheng_guan,0.0,0.0
1,3,diff__tg10__dw_stem_zheng_yin,1.0,0.08027039569341325
1,3,diff__tg10__sw_branch_hidden_bijian,0.0,0.0
1,3,diff__tg10__sw_branch_hidden_jiecai,0.0,0.0
1,3,diff__tg10__sw_branch_hidden_pian_cai,0.0,0.0
1,3,diff__tg10__sw_branch_hidden_pian_yin,0.0,0.0
1,3,diff__tg10__sw_branch_hidden_qi_sha,1.0,0.030009071760055368
1,3,diff__tg10__sw_branch_hidden_shangguan,0.0,0.0
1,3,diff__tg10__sw_branch_hidden_shishen,0.0,0.0
1,3,diff__tg10__sw_branch_hidden_zheng_cai,0.0,0.0
1,3,diff__tg10__sw_branch_hidden_zheng_guan,0.0,0.0
1,3,diff__tg10__sw_branch_hidden_zheng_yin,0.0,0.0
1,3,diff__tg10__sw_stem_bijian,0.0,0.0
1,3,diff__tg10__sw_stem_jiecai,1.0,0.1984873941076205
1,3,diff__tg10__sw_stem_pian_cai,0.0,0.0
1,3,diff__tg10__sw_stem_pian_yin,0.0,0.0
1,3,diff__tg10__sw_stem_qi_sha,1.0,-0.04715620761134555
1,3,diff__tg10__sw_stem_shangguan,0.0,0.0
1,3,diff__tg10__sw_stem_shishen,1.0,-0.08790863822613988
1,3,diff__tg10__sw_stem_zheng_cai,0.0,0.0
1,3,diff__tg10__sw_stem_zheng_guan,0.0,0.0
1,3,diff__tg10__sw_stem_zheng_yin,1.0,-0.06899059789180051
1,3,diff__tgxstrength__dw_bijian_neutral,0.0,0.0
1,3,diff__tgxstrength__dw_bijian_strong,1.0,0.05256549618802019
1,3,diff__tgxstrength__dw_bijian_weak,0.0,0.0
1,3,diff__tgxstrength__dw_jiecai_neutral,0.0,0.0
1,3,diff__tgxstrength__dw_jiecai_strong,0.0,0.0
1,3,diff__tgxstrength__dw_jiecai_weak,1.0,-0.0011007189935820425
1,3,diff__tgxstrength__dw_pian_cai_neutral,0.0,0.0
1,3,diff__tgxstrength__dw_pian_cai_strong,1.0,-0.1857512563723168
1,3,diff__tgxstrength__dw_pian_cai_weak,1.0,0.014930260969618369
1,3,diff__tgxstrength__dw_pian_yin_neutral,0.0,0.0
1,3,diff__tgxstrength__dw_pian_yin_strong,0.0,0.0
1,3,diff__tgxstrength__dw_pian_yin_weak,1.0,0.07727798058723315
1,3,diff__tgxstrength__dw_qi_sha_neutral,0.0,0.0
1,3,diff__tgxstrength__dw_qi_sha_strong,0.0,0.0
1,3,diff__tgxstrength__dw_qi_sha_weak,0.0,0.0
1,3,diff__tgxstrength__dw_shangguan_neutral,0.0,0.0
1,3,diff__tgxstrength__dw_shangguan_strong,1.0,-0.004330335568684533
1,3,diff__tgxstrength__dw_shangguan_weak,0.0,0.0
1,3,diff__tgxstrength__dw_shishen_neutral,0.0,0.0
1,3,diff__tgxstrength__dw_shishen_strong,0.0,0.0
1,3,diff__tgxstrength__dw_shishen_weak,0.0,0.0
1,3,diff__tgxstrength__dw_zheng_cai_neutral,0.0,0.0
1,3,diff__tgxstrength__dw_zheng_cai_strong,1.0,0.06057644578349644
1,3,diff__tgxstrength__dw_zheng_cai_weak,1.0,0.06643759867032047
1,3,diff__tgxstrength__dw_zheng_guan_neutral,0.0,0.0
1,3,diff__tgxstrength__dw_zheng_guan_strong,0.0,0.0
1,3,diff__tgxstrength__dw_zheng_guan_weak,1.0,-0.013936264185881323
1,3,diff__tgxstrength__dw_zheng_yin_neutral,0.0,0.0
1,3,diff__tgxstrength__dw_zheng_yin_strong,1.0,0.036607172031672276
1,3,diff__tgxstrength__dw_zheng_yin_weak,0.0,0.0
1,3,diff__tgxstrength__sw_bijian_neutral,0.0,0.0
1,3,diff__tgxstrength__sw_bijian_strong,1.0,-0.04547725941100909
1,3,diff__tgxstrength__sw_bijian_weak,0.0,0.0
1,3,diff__tgxstrength__sw_jiecai_neutral,0.0,0.0
1,3,diff__tgxstrength__sw_jiecai_strong,1.0,0.014406928150798885
1,3,diff__tgxstrength__sw_jiecai_weak,0.0,0.0
1,3,diff__tgxstrength__sw_pian_cai_neutral,0.0,0.0
1,3,diff__tgxstrength__sw_pian_cai_strong,0.0,0.0
1,3,diff__tgxstrength__sw_pian_cai_weak,0.0,0.0
1,3,diff__tgxstrength__sw_pian_yin_neutral,0.0,0.0
1,3,diff__tgxstrength__sw_pian_yin_strong,1.0,0.17805544455930142
1,3,diff__tgxstrength__sw_pian_yin_weak,0.0,0.0
1,3,diff__tgxstrength__sw_qi_sha_neutral,0.0,0.0
1,3,diff__tgxstrength__sw_qi_sha_strong,0.0,0.0
1,3,diff__tgxstrength__sw_qi_sha_weak,1.0,-0.07087857654690893
1,3,diff__tgxstrength__sw_shangguan_neutral,0.0,0.0
1,3,diff__tgxstrength__sw_shangguan_strong,0.0,0.0
1,3,diff__tgxstrength__sw_shangguan_weak,0.0,0.0
1,3,diff__tgxstrength__sw_shishen_neutral,0.0,0.0
1,3,diff__tgxstrength__sw_shishen_strong,1.0,-0.10092624711086609
1,3,diff__tgxstrength__sw_shishen_weak,0.0,0.0
1,3,diff__tgxstrength__sw_zheng_cai_neutral,0.0,0.0
1,3,diff__tgxstrength__sw_zheng_cai_strong,0.0,0.0
1,3,diff__tgxstrength__sw_zheng_cai_weak,1.0,0.00381727346105301
1,3,diff__tgxstrength__sw_zheng_guan_neutral,0.0,0.0
1,3,diff__tgxstrength__sw_zheng_guan_strong,1.0,0.007688897400758999
1,3,diff__tgxstrength__sw_zheng_guan_weak,0.0,0.0
1,3,diff__tgxstrength__sw_zheng_yin_neutral,0.0,0.0
1,3,diff__tgxstrength__sw_zheng_yin_strong,0.0,0.0
1,3,diff__tgxstrength__sw_zheng_yin_weak,0.0,0.0
1,3,diff__unseong__dw_raw_score,1.0,0.020756948154831707
1,3,diff__unseong__dw_score_x_strength,0.0,0.0
1,3,diff__unseong__dw_state_건록,0.0,0.0
1,3,diff__unseong__dw_state_관대,0.0,0.0
1,3,diff__unseong__dw_state_목욕,1.0,-0.026489802923562865
1,3,diff__unseong__dw_state_묘,0.0,0.0
1,3,diff__unseong__dw_state_병,1.0,0.07019976313404161
1,3,diff__unseong__dw_state_사,0.0,0.0
1,3,diff__unseong__dw_state_쇠,0.0,0.0
1,3,diff__unseong__dw_state_양,0.0,0.0
1,3,diff__unseong__dw_state_장생,0.0,0.0
1,3,diff__unseong__dw_state_절,1.0,0.019814263186468967
1,3,diff__unseong__dw_state_제왕,0.0,0.0
1,3,diff__unseong__dw_state_태,0.0,0.0
1,3,diff__unseong__sw_raw_score,1.0,-0.30047652454398555
1,3,diff__unseong__sw_score_x_strength,0.0,0.0
1,3,diff__unseong__sw_state_건록,0.0,0.0
1,3,diff__unseong__sw_state_관대,0.0,0.0
1,3,diff__unseong__sw_state_목욕,1.0,0.10130206620803862
1,3,diff__unseong__sw_state_묘,0.0,0.0
1,3,diff__unseong__sw_state_병,1.0,-0.20089538936237752
1,3,diff__unseong__sw_state_사,1.0,0.2580896444645688
1,3,diff__unseong__sw_state_쇠,0.0,0.0
1,3,diff__unseong__sw_state_양,1.0,0.15454674260409196
1,3,diff__unseong__sw_state_장생,1.0,-0.12515972441682507
1,3,diff__unseong__sw_state_절,1.0,0.04387931293068466
1,3,diff__unseong__sw_state_제왕,1.0,-0.14286796155921141
1,3,diff__unseong__sw_state_태,0.0,0.0
1,3,diff__yongshin__dw_gi_fit,1.0,0.010385362325792985
1,3,diff__yongshin__dw_gu_fit,1.0,-0.10977140763458014
1,3,diff__yongshin__dw_hee_fit,0.0,0.0
1,3,diff__yongshin__dw_supplies_fav,1.0,-0.10023352876887487
1,3,diff__yongshin__dw_supplies_unfav,1.0,-0.01843460402816168
1,3,diff__yongshin__dw_yong_branch_fit,0.0,0.0
1,3,diff__yongshin__dw_yong_fit,0.0,0.0
1,3,diff__yongshin__dw_yong_stem_fit,0.0,0.0
1,3,diff__yongshin__sw_gi_fit,1.0,0.146627422802899
1,3,diff__yongshin__sw_gu_fit,0.0,0.0
1,3,diff__yongshin__sw_hee_fit,0.0,0.0
1,3,diff__yongshin__sw_supplies_fav,0.0,0.0
1,3,diff__yongshin__sw_supplies_unfav,1.0,0.07334576290932712
1,3,diff__yongshin__sw_yong_branch_fit,0.0,0.0
1,3,diff__yongshin__sw_yong_fit,1.0,-0.009436859616488609
1,3,diff__yongshin__sw_yong_stem_fit,1.0,-0.3065853373351893
1,4,diff__basic__daymaster_element_earth,0.0,0.0
1,4,diff__basic__daymaster_element_fire,0.0,0.0
1,4,diff__basic__daymaster_element_metal,0.0,0.0
1,4,diff__basic__daymaster_element_water,0.0,0.0
1,4,diff__basic__daymaster_element_wood,0.0,0.0
1,4,diff__basic__daymaster_stem_丁,0.0,0.0
1,4,diff__basic__daymaster_stem_丙,0.0,0.0
1,4,diff__basic__daymaster_stem_乙,0.0,0.0
1,4,diff__basic__daymaster_stem_壬,0.0,0.0
1,4,diff__basic__daymaster_stem_己,0.0,0.0
1,4,diff__basic__daymaster_stem_庚,0.0,0.0
1,4,diff__basic__daymaster_stem_戊,0.0,0.0
1,4,diff__basic__daymaster_stem_甲,0.0,0.0
1,4,diff__basic__daymaster_stem_癸,0.0,0.0
1,4,diff__basic__daymaster_stem_辛,0.0,0.0
1,4,diff__basic__dw_branch_丑,0.0,0.0
1,4,diff__basic__dw_branch_亥,0.0,0.0
1,4,diff__basic__dw_branch_午,0.0,0.0
1,4,diff__basic__dw_branch_卯,0.0,0.0
1,4,diff__basic__dw_branch_子,0.0,0.0
1,4,diff__basic__dw_branch_寅,0.0,0.0
1,4,diff__basic__dw_branch_巳,0.0,0.0
1,4,diff__basic__dw_branch_戌,0.0,0.0
1,4,diff__basic__dw_branch_未,0.0,0.0
1,4,diff__basic__dw_branch_申,0.0,0.0
1,4,diff__basic__dw_branch_辰,0.0,0.0
1,4,diff__basic__dw_branch_酉,0.0,0.0
1,4,diff__basic__dw_element_earth,0.0,0.0
1,4,diff__basic__dw_element_fire,0.0,0.0
1,4,diff__basic__dw_element_metal,0.0,0.0
1,4,diff__basic__dw_element_water,0.0,0.0
1,4,diff__basic__dw_element_wood,0.0,0.0
1,4,diff__basic__dw_stem_丁,0.0,0.0
1,4,diff__basic__dw_stem_丙,0.0,0.0
1,4,diff__basic__dw_stem_乙,0.0,0.0
1,4,diff__basic__dw_stem_壬,0.0,0.0
1,4,diff__basic__dw_stem_己,0.0,0.0
1,4,diff__basic__dw_stem_庚,0.0,0.0
1,4,diff__basic__dw_stem_戊,0.0,0.0
1,4,diff__basic__dw_stem_甲,0.0,0.0
1,4,diff__basic__dw_stem_癸,0.0,0.0
1,4,diff__basic__dw_stem_辛,0.0,0.0
1,4,diff__basic__dw_yy_yang,0.0,0.0
1,4,diff__basic__dw_yy_yin,0.0,0.0
1,4,diff__basic__natal_day_branch_丑,0.0,0.0
1,4,diff__basic__natal_day_branch_亥,0.0,0.0
1,4,diff__basic__natal_day_branch_午,0.0,0.0
1,4,diff__basic__natal_day_branch_卯,0.0,0.0
1,4,diff__basic__natal_day_branch_子,0.0,0.0
1,4,diff__basic__natal_day_branch_寅,0.0,0.0
1,4,diff__basic__natal_day_branch_巳,0.0,0.0
1,4,diff__basic__natal_day_branch_戌,0.0,0.0
1,4,diff__basic__natal_day_branch_未,0.0,0.0
1,4,diff__basic__natal_day_branch_申,0.0,0.0
1,4,diff__basic__natal_day_branch_辰,0.0,0.0
1,4,diff__basic__natal_day_branch_酉,0.0,0.0
1,4,diff__basic__natal_day_stem_丁,0.0,0.0
1,4,diff__basic__natal_day_stem_丙,0.0,0.0
1,4,diff__basic__natal_day_stem_乙,0.0,0.0
1,4,diff__basic__natal_day_stem_壬,0.0,0.0
1,4,diff__basic__natal_day_stem_己,0.0,0.0
1,4,diff__basic__natal_day_stem_庚,0.0,0.0
1,4,diff__basic__natal_day_stem_戊,0.0,0.0
1,4,diff__basic__natal_day_stem_甲,0.0,0.0
1,4,diff__basic__natal_day_stem_癸,0.0,0.0
1,4,diff__basic__natal_day_stem_辛,0.0,0.0
1,4,diff__basic__natal_element_count_earth,0.0,0.0
1,4,diff__basic__natal_element_count_fire,0.0,0.0
1,4,diff__basic__natal_element_count_metal,0.0,0.0
1,4,diff__basic__natal_element_count_water,0.0,0.0
1,4,diff__basic__natal_element_count_wood,0.0,0.0
1,4,diff__basic__natal_hour_branch_丑,0.0,0.0
1,4,diff__basic__natal_hour_branch_亥,0.0,0.0
1,4,diff__basic__natal_hour_branch_午,0.0,0.0
1,4,diff__basic__natal_hour_branch_卯,0.0,0.0
1,4,diff__basic__natal_hour_branch_子,0.0,0.0
1,4,diff__basic__natal_hour_branch_寅,0.0,0.0
1,4,diff__basic__natal_hour_branch_巳,0.0,0.0
1,4,diff__basic__natal_hour_branch_戌,0.0,0.0
1,4,diff__basic__natal_hour_branch_未,0.0,0.0
1,4,diff__basic__natal_hour_branch_申,0.0,0.0
1,4,diff__basic__natal_hour_branch_辰,0.0,0.0
1,4,diff__basic__natal_hour_branch_酉,0.0,0.0
1,4,diff__basic__natal_hour_stem_丁,0.0,0.0
1,4,diff__basic__natal_hour_stem_丙,0.0,0.0
1,4,diff__basic__natal_hour_stem_乙,0.0,0.0
1,4,diff__basic__natal_hour_stem_壬,0.0,0.0
1,4,diff__basic__natal_hour_stem_己,0.0,0.0
1,4,diff__basic__natal_hour_stem_庚,0.0,0.0
1,4,diff__basic__natal_hour_stem_戊,0.0,0.0
1,4,diff__basic__natal_hour_stem_甲,0.0,0.0
1,4,diff__basic__natal_hour_stem_癸,0.0,0.0
1,4,diff__basic__natal_hour_stem_辛,0.0,0.0
1,4,diff__basic__natal_month_branch_丑,0.0,0.0
1,4,diff__basic__natal_month_branch_亥,0.0,0.0
1,4,diff__basic__natal_month_branch_午,0.0,0.0
1,4,diff__basic__natal_month_branch_卯,0.0,0.0
1,4,diff__basic__natal_month_branch_子,0.0,0.0
1,4,diff__basic__natal_month_branch_寅,0.0,0.0
1,4,diff__basic__natal_month_branch_巳,0.0,0.0
1,4,diff__basic__natal_month_branch_戌,0.0,0.0
1,4,diff__basic__natal_month_branch_未,0.0,0.0
1,4,diff__basic__natal_month_branch_申,0.0,0.0
1,4,diff__basic__natal_month_branch_辰,0.0,0.0
1,4,diff__basic__natal_month_branch_酉,0.0,0.0
1,4,diff__basic__natal_month_stem_丁,0.0,0.0
1,4,diff__basic__natal_month_stem_丙,0.0,0.0
1,4,diff__basic__natal_month_stem_乙,0.0,0.0
1,4,diff__basic__natal_month_stem_壬,0.0,0.0
1,4,diff__basic__natal_month_stem_己,0.0,0.0
1,4,diff__basic__natal_month_stem_庚,0.0,0.0
1,4,diff__basic__natal_month_stem_戊,0.0,0.0
1,4,diff__basic__natal_month_stem_甲,0.0,0.0
1,4,diff__basic__natal_month_stem_癸,0.0,0.0
1,4,diff__basic__natal_month_stem_辛,0.0,0.0
1,4,diff__basic__natal_year_branch_丑,0.0,0.0
1,4,diff__basic__natal_year_branch_亥,0.0,0.0
1,4,diff__basic__natal_year_branch_午,0.0,0.0
1,4,diff__basic__natal_year_branch_卯,0.0,0.0
1,4,diff__basic__natal_year_branch_子,0.0,0.0
1,4,diff__basic__natal_year_branch_寅,0.0,0.0
1,4,diff__basic__natal_year_branch_巳,0.0,0.0
1,4,diff__basic__natal_year_branch_戌,0.0,0.0
1,4,diff__basic__natal_year_branch_未,0.0,0.0
1,4,diff__basic__natal_year_branch_申,0.0,0.0
1,4,diff__basic__natal_year_branch_辰,0.0,0.0
1,4,diff__basic__natal_year_branch_酉,0.0,0.0
1,4,diff__basic__natal_year_stem_丁,0.0,0.0
1,4,diff__basic__natal_year_stem_丙,0.0,0.0
1,4,diff__basic__natal_year_stem_乙,0.0,0.0
1,4,diff__basic__natal_year_stem_壬,0.0,0.0
1,4,diff__basic__natal_year_stem_己,0.0,0.0
1,4,diff__basic__natal_year_stem_庚,0.0,0.0
1,4,diff__basic__natal_year_stem_戊,0.0,0.0
1,4,diff__basic__natal_year_stem_甲,0.0,0.0
1,4,diff__basic__natal_year_stem_癸,0.0,0.0
1,4,diff__basic__natal_year_stem_辛,0.0,0.0
1,4,diff__basic__sw_branch_丑,0.0,0.0
1,4,diff__basic__sw_branch_亥,0.0,0.0
1,4,diff__basic__sw_branch_午,0.0,0.0
1,4,diff__basic__sw_branch_卯,0.0,0.0
1,4,diff__basic__sw_branch_子,0.0,0.0
1,4,diff__basic__sw_branch_寅,0.0,0.0
1,4,diff__basic__sw_branch_巳,0.0,0.0
1,4,diff__basic__sw_branch_戌,0.0,0.0
1,4,diff__basic__sw_branch_未,0.0,0.0
1,4,diff__basic__sw_branch_申,0.0,0.0
1,4,diff__basic__sw_branch_辰,0.0,0.0
1,4,diff__basic__sw_branch_酉,0.0,0.0
1,4,diff__basic__sw_element_earth,0.0,0.0
1,4,diff__basic__sw_element_fire,0.0,0.0
1,4,diff__basic__sw_element_metal,0.0,0.0
1,4,diff__basic__sw_element_water,0.0,0.0
1,4,diff__basic__sw_element_wood,0.0,0.0
1,4,diff__basic__sw_stem_丁,0.0,0.0
1,4,diff__basic__sw_stem_丙,0.0,0.0
1,4,diff__basic__sw_stem_乙,0.0,0.0
1,4,diff__basic__sw_stem_壬,0.0,0.0
1,4,diff__basic__sw_stem_己,0.0,0.0
1,4,diff__basic__sw_stem_庚,0.0,0.0
1,4,diff__basic__sw_stem_戊,0.0,0.0
1,4,diff__basic__sw_stem_甲,0.0,0.0
1,4,diff__basic__sw_stem_癸,0.0,0.0
1,4,diff__basic__sw_stem_辛,0.0,0.0
1,4,diff__basic__sw_yy_yang,0.0,0.0
1,4,diff__basic__sw_yy_yin,0.0,0.0
1,4,diff__engine__strength_극약,0.0,0.0
1,4,diff__engine__strength_극왕,0.0,0.0
1,4,diff__engine__strength_신강,0.0,0.0
1,4,diff__engine__strength_신약,0.0,0.0
1,4,diff__engine__strength_중화신강,0.0,0.0
1,4,diff__engine__strength_중화신약,0.0,0.0
1,4,diff__engine__strength_태강,0.0,0.0
1,4,diff__engine__strength_태약,0.0,0.0
1,4,diff__hidden__natal_element_count_earth,0.0,0.0
1,4,diff__hidden__natal_element_count_fire,0.0,0.0
1,4,diff__hidden__natal_element_count_metal,0.0,0.0
1,4,diff__hidden__natal_element_count_water,0.0,0.0
1,4,diff__hidden__natal_element_count_wood,0.0,0.0
1,4,diff__hidden__natal_tg_count_officer,0.0,0.0
1,4,diff__hidden__natal_tg_count_output,0.0,0.0
1,4,diff__hidden__natal_tg_count_peer,0.0,0.0
1,4,diff__hidden__natal_tg_count_resource,0.0,0.0
1,4,diff__hidden__natal_tg_count_wealth,0.0,0.0
1,4,diff__relation__dw_branch_break_natal,0.0,0.0
1,4,diff__relation__dw_branch_clash_natal,0.0,0.0
1,4,diff__relation__dw_branch_combine_natal,0.0,0.0
1,4,diff__relation__dw_branch_harm_natal,0.0,0.0
1,4,diff__relation__dw_branch_punish_natal,0.0,0.0
1,4,diff__relation__dw_stem_clash_natal,0.0,0.0
1,4,diff__relation__dw_stem_combine_natal,0.0,0.0
1,4,diff__relation__sw_branch_break_natal,0.0,0.0
1,4,diff__relation__sw_branch_clash_natal,0.0,0.0
1,4,diff__relation__sw_branch_combine_natal,0.0,0.0
1,4,diff__relation__sw_branch_harm_natal,0.0,0.0
1,4,diff__relation__sw_branch_punish_natal,0.0,0.0
1,4,diff__relation__sw_dw_branch_break,0.0,0.0
1,4,diff__relation__sw_dw_branch_clash,0.0,0.0
1,4,diff__relation__sw_dw_branch_combine,0.0,0.0
1,4,diff__relation__sw_dw_branch_harm,0.0,0.0
1,4,diff__relation__sw_dw_branch_punish,0.0,0.0
1,4,diff__relation__sw_dw_stem_clash,0.0,0.0
1,4,diff__relation__sw_dw_stem_combine,0.0,0.0
1,4,diff__relation__sw_stem_clash_natal,0.0,0.0
1,4,diff__relation__sw_stem_combine_natal,0.0,0.0
1,4,diff__shinsal__dw_breakdown_scalar,0.0,0.0
1,4,diff__shinsal__dw_gongmang_is_gongmang,0.0,0.0
1,4,diff__shinsal__dw_gongmang_rel,0.0,0.0
1,4,diff__shinsal__dw_gongmang_trine,0.0,0.0
1,4,diff__shinsal__dw_gongmang_unseong,0.0,0.0
1,4,diff__shinsal__dw_gongmang_yfit_branch,0.0,0.0
1,4,diff__shinsal__dw_indicators_귀인력,0.0,0.0
1,4,diff__shinsal__dw_noble_power,0.0,0.0
1,4,diff__shinsal__dw_신살_길신__count,0.0,0.0
1,4,diff__shinsal__dw_신살_길신__록신_,0.0,0.0
1,4,diff__shinsal__dw_신살_길신__문창귀인_,0.0,0.0
1,4,diff__shinsal__dw_신살_길신__반안_,0.0,0.0
1,4,diff__shinsal__dw_신살_길신__장성_,0.0,0.0
1,4,diff__shinsal__dw_신살_길신__천을귀인_,0.0,0.0
1,4,diff__shinsal__dw_신살_길신__천희_,0.0,0.0
1,4,diff__shinsal__dw_신살_길신__홍란_,0.0,0.0
1,4,diff__shinsal__dw_신살_길신__화개_,0.0,0.0
1,4,diff__shinsal__dw_신살_흉살__count,0.0,0.0
1,4,diff__shinsal__dw_신살_흉살__겁살_,0.0,0.0
1,4,diff__shinsal__dw_신살_흉살__고진_,0.0,0.0
1,4,diff__shinsal__dw_신살_흉살__과숙_,0.0,0.0
1,4,diff__shinsal__dw_신살_흉살__도화_,0.0,0.0
1,4,diff__shinsal__dw_신살_흉살__망신_,0.0,0.0
1,4,diff__shinsal__dw_신살_흉살__양인_,0.0,0.0
1,4,diff__shinsal__dw_신살_흉살__역마_,0.0,0.0
1,4,diff__shinsal__sw_indicators_귀인력,0.0,0.0
1,4,diff__shinsal__sw_세운_신살_길신__count,0.0,0.0
1,4,diff__shinsal__sw_세운_신살_길신__록신_,0.0,0.0
1,4,diff__shinsal__sw_세운_신살_길신__문창귀인_,0.0,0.0
1,4,diff__shinsal__sw_세운_신살_길신__반안_,0.0,0.0
1,4,diff__shinsal__sw_세운_신살_길신__장성_,0.0,0.0
1,4,diff__shinsal__sw_세운_신살_길신__천을귀인_,0.0,0.0
1,4,diff__shinsal__sw_세운_신살_길신__천희_,0.0,0.0
1,4,diff__shinsal__sw_세운_신살_길신__홍란_,0.0,0.0
1,4,diff__shinsal__sw_세운_신살_길신__화개_,0.0,0.0
1,4,diff__shinsal__sw_세운_신살_흉살__count,0.0,0.0
1,4,diff__shinsal__sw_세운_신살_흉살__겁살_,0.0,0.0
1,4,diff__shinsal__sw_세운_신살_흉살__고진_,0.0,0.0
1,4,diff__shinsal__sw_세운_신살_흉살__과숙_,0.0,0.0
1,4,diff__shinsal__sw_세운_신살_흉살__도화_,0.0,0.0
1,4,diff__shinsal__sw_세운_신살_흉살__망신_,0.0,0.0
1,4,diff__shinsal__sw_세운_신살_흉살__양인_,0.0,0.0
1,4,diff__shinsal__sw_세운_신살_흉살__역마_,0.0,0.0
1,4,diff__tengod__dw_group_officer,0.0,0.0
1,4,diff__tengod__dw_group_output,0.0,0.0
1,4,diff__tengod__dw_group_peer,0.0,0.0
1,4,diff__tengod__dw_group_resource,0.0,0.0
1,4,diff__tengod__dw_group_wealth,0.0,0.0
1,4,diff__tengod__sw_group_officer,0.0,0.0
1,4,diff__tengod__sw_group_output,0.0,0.0
1,4,diff__tengod__sw_group_peer,0.0,0.0
1,4,diff__tengod__sw_group_resource,0.0,0.0
1,4,diff__tengod__sw_group_wealth,0.0,0.0
1,4,diff__tg10__dw_branch_hidden_bijian,0.0,0.0
1,4,diff__tg10__dw_branch_hidden_jiecai,0.0,0.0
1,4,diff__tg10__dw_branch_hidden_pian_cai,0.0,0.0
1,4,diff__tg10__dw_branch_hidden_pian_yin,0.0,0.0
1,4,diff__tg10__dw_branch_hidden_qi_sha,0.0,0.0
1,4,diff__tg10__dw_branch_hidden_shangguan,0.0,0.0
1,4,diff__tg10__dw_branch_hidden_shishen,0.0,0.0
1,4,diff__tg10__dw_branch_hidden_zheng_cai,0.0,0.0
1,4,diff__tg10__dw_branch_hidden_zheng_guan,0.0,0.0
1,4,diff__tg10__dw_branch_hidden_zheng_yin,0.0,0.0
1,4,diff__tg10__dw_stem_bijian,0.0,0.0
1,4,diff__tg10__dw_stem_jiecai,0.0,0.0
1,4,diff__tg10__dw_stem_pian_cai,0.0,0.0
1,4,diff__tg10__dw_stem_pian_yin,0.0,0.0
1,4,diff__tg10__dw_stem_qi_sha,0.0,0.0
1,4,diff__tg10__dw_stem_shangguan,0.0,0.0
1,4,diff__tg10__dw_stem_shishen,0.0,0.0
1,4,diff__tg10__dw_stem_zheng_cai,0.0,0.0
1,4,diff__tg10__dw_stem_zheng_guan,0.0,0.0
1,4,diff__tg10__dw_stem_zheng_yin,0.0,0.0
1,4,diff__tg10__sw_branch_hidden_bijian,0.0,0.0
1,4,diff__tg10__sw_branch_hidden_jiecai,0.0,0.0
1,4,diff__tg10__sw_branch_hidden_pian_cai,0.0,0.0
1,4,diff__tg10__sw_branch_hidden_pian_yin,0.0,0.0
1,4,diff__tg10__sw_branch_hidden_qi_sha,0.0,0.0
1,4,diff__tg10__sw_branch_hidden_shangguan,0.0,0.0
1,4,diff__tg10__sw_branch_hidden_shishen,0.0,0.0
1,4,diff__tg10__sw_branch_hidden_zheng_cai,0.0,0.0
1,4,diff__tg10__sw_branch_hidden_zheng_guan,0.0,0.0
1,4,diff__tg10__sw_branch_hidden_zheng_yin,0.0,0.0
1,4,diff__tg10__sw_stem_bijian,0.0,0.0
1,4,diff__tg10__sw_stem_jiecai,0.0,0.0
1,4,diff__tg10__sw_stem_pian_cai,0.0,0.0
1,4,diff__tg10__sw_stem_pian_yin,0.0,0.0
1,4,diff__tg10__sw_stem_qi_sha,0.0,0.0
1,4,diff__tg10__sw_stem_shangguan,0.0,0.0
1,4,diff__tg10__sw_stem_shishen,0.0,0.0
1,4,diff__tg10__sw_stem_zheng_cai,0.0,0.0
1,4,diff__tg10__sw_stem_zheng_guan,0.0,0.0
1,4,diff__tg10__sw_stem_zheng_yin,0.0,0.0
1,4,diff__tgxstrength__dw_bijian_neutral,0.0,0.0
1,4,diff__tgxstrength__dw_bijian_strong,0.0,0.0
1,4,diff__tgxstrength__dw_bijian_weak,0.0,0.0
1,4,diff__tgxstrength__dw_jiecai_neutral,0.0,0.0
1,4,diff__tgxstrength__dw_jiecai_strong,0.0,0.0
1,4,diff__tgxstrength__dw_jiecai_weak,0.0,0.0
1,4,diff__tgxstrength__dw_pian_cai_neutral,0.0,0.0
1,4,diff__tgxstrength__dw_pian_cai_strong,0.0,0.0
1,4,diff__tgxstrength__dw_pian_cai_weak,0.0,0.0
1,4,diff__tgxstrength__dw_pian_yin_neutral,0.0,0.0
1,4,diff__tgxstrength__dw_pian_yin_strong,0.0,0.0
1,4,diff__tgxstrength__dw_pian_yin_weak,0.0,0.0
1,4,diff__tgxstrength__dw_qi_sha_neutral,0.0,0.0
1,4,diff__tgxstrength__dw_qi_sha_strong,0.0,0.0
1,4,diff__tgxstrength__dw_qi_sha_weak,0.0,0.0
1,4,diff__tgxstrength__dw_shangguan_neutral,0.0,0.0
1,4,diff__tgxstrength__dw_shangguan_strong,0.0,0.0
1,4,diff__tgxstrength__dw_shangguan_weak,0.0,0.0
1,4,diff__tgxstrength__dw_shishen_neutral,0.0,0.0
1,4,diff__tgxstrength__dw_shishen_strong,0.0,0.0
1,4,diff__tgxstrength__dw_shishen_weak,0.0,0.0
1,4,diff__tgxstrength__dw_zheng_cai_neutral,0.0,0.0
1,4,diff__tgxstrength__dw_zheng_cai_strong,0.0,0.0
1,4,diff__tgxstrength__dw_zheng_cai_weak,0.0,0.0
1,4,diff__tgxstrength__dw_zheng_guan_neutral,0.0,0.0
1,4,diff__tgxstrength__dw_zheng_guan_strong,0.0,0.0
1,4,diff__tgxstrength__dw_zheng_guan_weak,0.0,0.0
1,4,diff__tgxstrength__dw_zheng_yin_neutral,0.0,0.0
1,4,diff__tgxstrength__dw_zheng_yin_strong,0.0,0.0
1,4,diff__tgxstrength__dw_zheng_yin_weak,0.0,0.0
1,4,diff__tgxstrength__sw_bijian_neutral,0.0,0.0
1,4,diff__tgxstrength__sw_bijian_strong,0.0,0.0
1,4,diff__tgxstrength__sw_bijian_weak,0.0,0.0
1,4,diff__tgxstrength__sw_jiecai_neutral,0.0,0.0
1,4,diff__tgxstrength__sw_jiecai_strong,0.0,0.0
1,4,diff__tgxstrength__sw_jiecai_weak,0.0,0.0
1,4,diff__tgxstrength__sw_pian_cai_neutral,0.0,0.0
1,4,diff__tgxstrength__sw_pian_cai_strong,0.0,0.0
1,4,diff__tgxstrength__sw_pian_cai_weak,0.0,0.0
1,4,diff__tgxstrength__sw_pian_yin_neutral,0.0,0.0
1,4,diff__tgxstrength__sw_pian_yin_strong,0.0,0.0
1,4,diff__tgxstrength__sw_pian_yin_weak,0.0,0.0
1,4,diff__tgxstrength__sw_qi_sha_neutral,0.0,0.0
1,4,diff__tgxstrength__sw_qi_sha_strong,0.0,0.0
1,4,diff__tgxstrength__sw_qi_sha_weak,0.0,0.0
1,4,diff__tgxstrength__sw_shangguan_neutral,0.0,0.0
1,4,diff__tgxstrength__sw_shangguan_strong,0.0,0.0
1,4,diff__tgxstrength__sw_shangguan_weak,0.0,0.0
1,4,diff__tgxstrength__sw_shishen_neutral,0.0,0.0
1,4,diff__tgxstrength__sw_shishen_strong,0.0,0.0
1,4,diff__tgxstrength__sw_shishen_weak,0.0,0.0
1,4,diff__tgxstrength__sw_zheng_cai_neutral,0.0,0.0
1,4,diff__tgxstrength__sw_zheng_cai_strong,0.0,0.0
1,4,diff__tgxstrength__sw_zheng_cai_weak,0.0,0.0
1,4,diff__tgxstrength__sw_zheng_guan_neutral,0.0,0.0
1,4,diff__tgxstrength__sw_zheng_guan_strong,0.0,0.0
1,4,diff__tgxstrength__sw_zheng_guan_weak,0.0,0.0
1,4,diff__tgxstrength__sw_zheng_yin_neutral,0.0,0.0
1,4,diff__tgxstrength__sw_zheng_yin_strong,0.0,0.0
1,4,diff__tgxstrength__sw_zheng_yin_weak,0.0,0.0
1,4,diff__unseong__dw_raw_score,0.0,0.0
1,4,diff__unseong__dw_score_x_strength,0.0,0.0
1,4,diff__unseong__dw_state_건록,0.0,0.0
1,4,diff__unseong__dw_state_관대,0.0,0.0
1,4,diff__unseong__dw_state_목욕,0.0,0.0
1,4,diff__unseong__dw_state_묘,0.0,0.0
1,4,diff__unseong__dw_state_병,0.0,0.0
1,4,diff__unseong__dw_state_사,0.0,0.0
1,4,diff__unseong__dw_state_쇠,0.0,0.0
1,4,diff__unseong__dw_state_양,0.0,0.0
1,4,diff__unseong__dw_state_장생,0.0,0.0
1,4,diff__unseong__dw_state_절,0.0,0.0
1,4,diff__unseong__dw_state_제왕,0.0,0.0
1,4,diff__unseong__dw_state_태,0.0,0.0
1,4,diff__unseong__sw_raw_score,0.0,0.0
1,4,diff__unseong__sw_score_x_strength,0.0,0.0
1,4,diff__unseong__sw_state_건록,0.0,0.0
1,4,diff__unseong__sw_state_관대,0.0,0.0
1,4,diff__unseong__sw_state_목욕,0.0,0.0
1,4,diff__unseong__sw_state_묘,0.0,0.0
1,4,diff__unseong__sw_state_병,0.0,0.0
1,4,diff__unseong__sw_state_사,0.0,0.0
1,4,diff__unseong__sw_state_쇠,0.0,0.0
1,4,diff__unseong__sw_state_양,0.0,0.0
1,4,diff__unseong__sw_state_장생,0.0,0.0
1,4,diff__unseong__sw_state_절,0.0,0.0
1,4,diff__unseong__sw_state_제왕,0.0,0.0
1,4,diff__unseong__sw_state_태,0.0,0.0
1,4,diff__yongshin__dw_gi_fit,0.0,0.0
1,4,diff__yongshin__dw_gu_fit,0.0,0.0
1,4,diff__yongshin__dw_hee_fit,0.0,0.0
1,4,diff__yongshin__dw_supplies_fav,0.0,0.0
1,4,diff__yongshin__dw_supplies_unfav,0.0,0.0
1,4,diff__yongshin__dw_yong_branch_fit,0.0,0.0
1,4,diff__yongshin__dw_yong_fit,0.0,0.0
1,4,diff__yongshin__dw_yong_stem_fit,0.0,0.0
1,4,diff__yongshin__sw_gi_fit,0.0,0.0
1,4,diff__yongshin__sw_gu_fit,0.0,0.0
1,4,diff__yongshin__sw_hee_fit,0.0,0.0
1,4,diff__yongshin__sw_supplies_fav,0.0,0.0
1,4,diff__yongshin__sw_supplies_unfav,0.0,0.0
1,4,diff__yongshin__sw_yong_branch_fit,0.0,0.0
1,4,diff__yongshin__sw_yong_fit,0.0,0.0
1,4,diff__yongshin__sw_yong_stem_fit,0.0,0.0
2,0,diff__basic__daymaster_element_earth,0.0,0.0
2,0,diff__basic__daymaster_element_fire,0.0,0.0
2,0,diff__basic__daymaster_element_metal,0.0,0.0
2,0,diff__basic__daymaster_element_water,0.0,0.0
2,0,diff__basic__daymaster_element_wood,0.0,0.0
2,0,diff__basic__daymaster_stem_丁,0.0,0.0
2,0,diff__basic__daymaster_stem_丙,0.0,0.0
2,0,diff__basic__daymaster_stem_乙,0.0,0.0
2,0,diff__basic__daymaster_stem_壬,0.0,0.0
2,0,diff__basic__daymaster_stem_己,0.0,0.0
2,0,diff__basic__daymaster_stem_庚,0.0,0.0
2,0,diff__basic__daymaster_stem_戊,0.0,0.0
2,0,diff__basic__daymaster_stem_甲,0.0,0.0
2,0,diff__basic__daymaster_stem_癸,0.0,0.0
2,0,diff__basic__daymaster_stem_辛,0.0,0.0
2,0,diff__basic__dw_branch_丑,0.0,0.0
2,0,diff__basic__dw_branch_亥,0.0,0.0
2,0,diff__basic__dw_branch_午,0.0,0.0
2,0,diff__basic__dw_branch_卯,0.0,0.0
2,0,diff__basic__dw_branch_子,0.0,0.0
2,0,diff__basic__dw_branch_寅,0.0,0.0
2,0,diff__basic__dw_branch_巳,0.0,0.0
2,0,diff__basic__dw_branch_戌,0.0,0.0
2,0,diff__basic__dw_branch_未,0.0,0.0
2,0,diff__basic__dw_branch_申,0.0,0.0
2,0,diff__basic__dw_branch_辰,0.0,0.0
2,0,diff__basic__dw_branch_酉,0.0,0.0
2,0,diff__basic__dw_element_earth,0.0,0.0
2,0,diff__basic__dw_element_fire,0.0,0.0
2,0,diff__basic__dw_element_metal,0.0,0.0
2,0,diff__basic__dw_element_water,0.0,0.0
2,0,diff__basic__dw_element_wood,0.0,0.0
2,0,diff__basic__dw_stem_丁,0.0,0.0
2,0,diff__basic__dw_stem_丙,0.0,0.0
2,0,diff__basic__dw_stem_乙,0.0,0.0
2,0,diff__basic__dw_stem_壬,0.0,0.0
2,0,diff__basic__dw_stem_己,0.0,0.0
2,0,diff__basic__dw_stem_庚,0.0,0.0
2,0,diff__basic__dw_stem_戊,0.0,0.0
2,0,diff__basic__dw_stem_甲,0.0,0.0
2,0,diff__basic__dw_stem_癸,0.0,0.0
2,0,diff__basic__dw_stem_辛,0.0,0.0
2,0,diff__basic__dw_yy_yang,0.0,0.0
2,0,diff__basic__dw_yy_yin,0.0,0.0
2,0,diff__basic__natal_day_branch_丑,0.0,0.0
2,0,diff__basic__natal_day_branch_亥,0.0,0.0
2,0,diff__basic__natal_day_branch_午,0.0,0.0
2,0,diff__basic__natal_day_branch_卯,0.0,0.0
2,0,diff__basic__natal_day_branch_子,0.0,0.0
2,0,diff__basic__natal_day_branch_寅,0.0,0.0
2,0,diff__basic__natal_day_branch_巳,0.0,0.0
2,0,diff__basic__natal_day_branch_戌,0.0,0.0
2,0,diff__basic__natal_day_branch_未,0.0,0.0
2,0,diff__basic__natal_day_branch_申,0.0,0.0
2,0,diff__basic__natal_day_branch_辰,0.0,0.0
2,0,diff__basic__natal_day_branch_酉,0.0,0.0
2,0,diff__basic__natal_day_stem_丁,0.0,0.0
2,0,diff__basic__natal_day_stem_丙,0.0,0.0
2,0,diff__basic__natal_day_stem_乙,0.0,0.0
2,0,diff__basic__natal_day_stem_壬,0.0,0.0
2,0,diff__basic__natal_day_stem_己,0.0,0.0
2,0,diff__basic__natal_day_stem_庚,0.0,0.0
2,0,diff__basic__natal_day_stem_戊,0.0,0.0
2,0,diff__basic__natal_day_stem_甲,0.0,0.0
2,0,diff__basic__natal_day_stem_癸,0.0,0.0
2,0,diff__basic__natal_day_stem_辛,0.0,0.0
2,0,diff__basic__natal_element_count_earth,0.0,0.0
2,0,diff__basic__natal_element_count_fire,0.0,0.0
2,0,diff__basic__natal_element_count_metal,0.0,0.0
2,0,diff__basic__natal_element_count_water,0.0,0.0
2,0,diff__basic__natal_element_count_wood,0.0,0.0
2,0,diff__basic__natal_hour_branch_丑,0.0,0.0
2,0,diff__basic__natal_hour_branch_亥,0.0,0.0
2,0,diff__basic__natal_hour_branch_午,0.0,0.0
2,0,diff__basic__natal_hour_branch_卯,0.0,0.0
2,0,diff__basic__natal_hour_branch_子,0.0,0.0
2,0,diff__basic__natal_hour_branch_寅,0.0,0.0
2,0,diff__basic__natal_hour_branch_巳,0.0,0.0
2,0,diff__basic__natal_hour_branch_戌,0.0,0.0
2,0,diff__basic__natal_hour_branch_未,0.0,0.0
2,0,diff__basic__natal_hour_branch_申,0.0,0.0
2,0,diff__basic__natal_hour_branch_辰,0.0,0.0
2,0,diff__basic__natal_hour_branch_酉,0.0,0.0
2,0,diff__basic__natal_hour_stem_丁,0.0,0.0
2,0,diff__basic__natal_hour_stem_丙,0.0,0.0
2,0,diff__basic__natal_hour_stem_乙,0.0,0.0
2,0,diff__basic__natal_hour_stem_壬,0.0,0.0
2,0,diff__basic__natal_hour_stem_己,0.0,0.0
2,0,diff__basic__natal_hour_stem_庚,0.0,0.0
2,0,diff__basic__natal_hour_stem_戊,0.0,0.0
2,0,diff__basic__natal_hour_stem_甲,0.0,0.0
2,0,diff__basic__natal_hour_stem_癸,0.0,0.0
2,0,diff__basic__natal_hour_stem_辛,0.0,0.0
2,0,diff__basic__natal_month_branch_丑,0.0,0.0
2,0,diff__basic__natal_month_branch_亥,0.0,0.0
2,0,diff__basic__natal_month_branch_午,0.0,0.0
2,0,diff__basic__natal_month_branch_卯,0.0,0.0
2,0,diff__basic__natal_month_branch_子,0.0,0.0
2,0,diff__basic__natal_month_branch_寅,0.0,0.0
2,0,diff__basic__natal_month_branch_巳,0.0,0.0
2,0,diff__basic__natal_month_branch_戌,0.0,0.0
2,0,diff__basic__natal_month_branch_未,0.0,0.0
2,0,diff__basic__natal_month_branch_申,0.0,0.0
2,0,diff__basic__natal_month_branch_辰,0.0,0.0
2,0,diff__basic__natal_month_branch_酉,0.0,0.0
2,0,diff__basic__natal_month_stem_丁,0.0,0.0
2,0,diff__basic__natal_month_stem_丙,0.0,0.0
2,0,diff__basic__natal_month_stem_乙,0.0,0.0
2,0,diff__basic__natal_month_stem_壬,0.0,0.0
2,0,diff__basic__natal_month_stem_己,0.0,0.0
2,0,diff__basic__natal_month_stem_庚,0.0,0.0
2,0,diff__basic__natal_month_stem_戊,0.0,0.0
2,0,diff__basic__natal_month_stem_甲,0.0,0.0
2,0,diff__basic__natal_month_stem_癸,0.0,0.0
2,0,diff__basic__natal_month_stem_辛,0.0,0.0
2,0,diff__basic__natal_year_branch_丑,0.0,0.0
2,0,diff__basic__natal_year_branch_亥,0.0,0.0
2,0,diff__basic__natal_year_branch_午,0.0,0.0
2,0,diff__basic__natal_year_branch_卯,0.0,0.0
2,0,diff__basic__natal_year_branch_子,0.0,0.0
2,0,diff__basic__natal_year_branch_寅,0.0,0.0
2,0,diff__basic__natal_year_branch_巳,0.0,0.0
2,0,diff__basic__natal_year_branch_戌,0.0,0.0
2,0,diff__basic__natal_year_branch_未,0.0,0.0
2,0,diff__basic__natal_year_branch_申,0.0,0.0
2,0,diff__basic__natal_year_branch_辰,0.0,0.0
2,0,diff__basic__natal_year_branch_酉,0.0,0.0
2,0,diff__basic__natal_year_stem_丁,0.0,0.0
2,0,diff__basic__natal_year_stem_丙,0.0,0.0
2,0,diff__basic__natal_year_stem_乙,0.0,0.0
2,0,diff__basic__natal_year_stem_壬,0.0,0.0
2,0,diff__basic__natal_year_stem_己,0.0,0.0
2,0,diff__basic__natal_year_stem_庚,0.0,0.0
2,0,diff__basic__natal_year_stem_戊,0.0,0.0
2,0,diff__basic__natal_year_stem_甲,0.0,0.0
2,0,diff__basic__natal_year_stem_癸,0.0,0.0
2,0,diff__basic__natal_year_stem_辛,0.0,0.0
2,0,diff__basic__sw_branch_丑,0.0,0.0
2,0,diff__basic__sw_branch_亥,0.0,0.0
2,0,diff__basic__sw_branch_午,0.0,0.0
2,0,diff__basic__sw_branch_卯,0.0,0.0
2,0,diff__basic__sw_branch_子,0.0,0.0
2,0,diff__basic__sw_branch_寅,0.0,0.0
2,0,diff__basic__sw_branch_巳,0.0,0.0
2,0,diff__basic__sw_branch_戌,0.0,0.0
2,0,diff__basic__sw_branch_未,0.0,0.0
2,0,diff__basic__sw_branch_申,0.0,0.0
2,0,diff__basic__sw_branch_辰,0.0,0.0
2,0,diff__basic__sw_branch_酉,0.0,0.0
2,0,diff__basic__sw_element_earth,0.0,0.0
2,0,diff__basic__sw_element_fire,0.0,0.0
2,0,diff__basic__sw_element_metal,0.0,0.0
2,0,diff__basic__sw_element_water,0.0,0.0
2,0,diff__basic__sw_element_wood,0.0,0.0
2,0,diff__basic__sw_stem_丁,0.0,0.0
2,0,diff__basic__sw_stem_丙,0.0,0.0
2,0,diff__basic__sw_stem_乙,0.0,0.0
2,0,diff__basic__sw_stem_壬,0.0,0.0
2,0,diff__basic__sw_stem_己,0.0,0.0
2,0,diff__basic__sw_stem_庚,0.0,0.0
2,0,diff__basic__sw_stem_戊,0.0,0.0
2,0,diff__basic__sw_stem_甲,0.0,0.0
2,0,diff__basic__sw_stem_癸,0.0,0.0
2,0,diff__basic__sw_stem_辛,0.0,0.0
2,0,diff__basic__sw_yy_yang,0.0,0.0
2,0,diff__basic__sw_yy_yin,0.0,0.0
2,0,diff__engine__strength_극약,0.0,0.0
2,0,diff__engine__strength_극왕,0.0,0.0
2,0,diff__engine__strength_신강,0.0,0.0
2,0,diff__engine__strength_신약,0.0,0.0
2,0,diff__engine__strength_중화신강,0.0,0.0
2,0,diff__engine__strength_중화신약,0.0,0.0
2,0,diff__engine__strength_태강,0.0,0.0
2,0,diff__engine__strength_태약,0.0,0.0
2,0,diff__hidden__natal_element_count_earth,0.0,0.0
2,0,diff__hidden__natal_element_count_fire,0.0,0.0
2,0,diff__hidden__natal_element_count_metal,0.0,0.0
2,0,diff__hidden__natal_element_count_water,0.0,0.0
2,0,diff__hidden__natal_element_count_wood,0.0,0.0
2,0,diff__hidden__natal_tg_count_officer,0.0,0.0
2,0,diff__hidden__natal_tg_count_output,0.0,0.0
2,0,diff__hidden__natal_tg_count_peer,0.0,0.0
2,0,diff__hidden__natal_tg_count_resource,0.0,0.0
2,0,diff__hidden__natal_tg_count_wealth,0.0,0.0
2,0,diff__relation__dw_branch_break_natal,0.0,0.0
2,0,diff__relation__dw_branch_clash_natal,0.0,0.0
2,0,diff__relation__dw_branch_combine_natal,0.0,0.0
2,0,diff__relation__dw_branch_harm_natal,0.0,0.0
2,0,diff__relation__dw_branch_punish_natal,0.0,0.0
2,0,diff__relation__dw_stem_clash_natal,0.0,0.0
2,0,diff__relation__dw_stem_combine_natal,0.0,0.0
2,0,diff__relation__sw_branch_break_natal,0.0,0.0
2,0,diff__relation__sw_branch_clash_natal,0.0,0.0
2,0,diff__relation__sw_branch_combine_natal,0.0,0.0
2,0,diff__relation__sw_branch_harm_natal,0.0,0.0
2,0,diff__relation__sw_branch_punish_natal,0.0,0.0
2,0,diff__relation__sw_dw_branch_break,0.0,0.0
2,0,diff__relation__sw_dw_branch_clash,0.0,0.0
2,0,diff__relation__sw_dw_branch_combine,0.0,0.0
2,0,diff__relation__sw_dw_branch_harm,0.0,0.0
2,0,diff__relation__sw_dw_branch_punish,0.0,0.0
2,0,diff__relation__sw_dw_stem_clash,0.0,0.0
2,0,diff__relation__sw_dw_stem_combine,0.0,0.0
2,0,diff__relation__sw_stem_clash_natal,0.0,0.0
2,0,diff__relation__sw_stem_combine_natal,0.0,0.0
2,0,diff__shinsal__dw_breakdown_scalar,0.0,0.0
2,0,diff__shinsal__dw_gongmang_is_gongmang,0.0,0.0
2,0,diff__shinsal__dw_gongmang_rel,0.0,0.0
2,0,diff__shinsal__dw_gongmang_trine,0.0,0.0
2,0,diff__shinsal__dw_gongmang_unseong,0.0,0.0
2,0,diff__shinsal__dw_gongmang_yfit_branch,0.0,0.0
2,0,diff__shinsal__dw_indicators_귀인력,0.0,0.0
2,0,diff__shinsal__dw_noble_power,0.0,0.0
2,0,diff__shinsal__dw_신살_길신__count,0.0,0.0
2,0,diff__shinsal__dw_신살_길신__록신_,0.0,0.0
2,0,diff__shinsal__dw_신살_길신__문창귀인_,0.0,0.0
2,0,diff__shinsal__dw_신살_길신__반안_,0.0,0.0
2,0,diff__shinsal__dw_신살_길신__장성_,0.0,0.0
2,0,diff__shinsal__dw_신살_길신__천을귀인_,0.0,0.0
2,0,diff__shinsal__dw_신살_길신__천희_,0.0,0.0
2,0,diff__shinsal__dw_신살_길신__홍란_,0.0,0.0
2,0,diff__shinsal__dw_신살_길신__화개_,0.0,0.0
2,0,diff__shinsal__dw_신살_흉살__count,0.0,0.0
2,0,diff__shinsal__dw_신살_흉살__겁살_,0.0,0.0
2,0,diff__shinsal__dw_신살_흉살__고진_,0.0,0.0
2,0,diff__shinsal__dw_신살_흉살__과숙_,0.0,0.0
2,0,diff__shinsal__dw_신살_흉살__도화_,0.0,0.0
2,0,diff__shinsal__dw_신살_흉살__망신_,0.0,0.0
2,0,diff__shinsal__dw_신살_흉살__양인_,0.0,0.0
2,0,diff__shinsal__dw_신살_흉살__역마_,0.0,0.0
2,0,diff__shinsal__sw_indicators_귀인력,0.0,0.0
2,0,diff__shinsal__sw_세운_신살_길신__count,0.0,0.0
2,0,diff__shinsal__sw_세운_신살_길신__록신_,0.0,0.0
2,0,diff__shinsal__sw_세운_신살_길신__문창귀인_,0.0,0.0
2,0,diff__shinsal__sw_세운_신살_길신__반안_,0.0,0.0
2,0,diff__shinsal__sw_세운_신살_길신__장성_,0.0,0.0
2,0,diff__shinsal__sw_세운_신살_길신__천을귀인_,0.0,0.0
2,0,diff__shinsal__sw_세운_신살_길신__천희_,0.0,0.0
2,0,diff__shinsal__sw_세운_신살_길신__홍란_,0.0,0.0
2,0,diff__shinsal__sw_세운_신살_길신__화개_,0.0,0.0
2,0,diff__shinsal__sw_세운_신살_흉살__count,0.0,0.0
2,0,diff__shinsal__sw_세운_신살_흉살__겁살_,0.0,0.0
2,0,diff__shinsal__sw_세운_신살_흉살__고진_,0.0,0.0
2,0,diff__shinsal__sw_세운_신살_흉살__과숙_,0.0,0.0
2,0,diff__shinsal__sw_세운_신살_흉살__도화_,0.0,0.0
2,0,diff__shinsal__sw_세운_신살_흉살__망신_,0.0,0.0
2,0,diff__shinsal__sw_세운_신살_흉살__양인_,0.0,0.0
2,0,diff__shinsal__sw_세운_신살_흉살__역마_,0.0,0.0
2,0,diff__tengod__dw_group_officer,0.0,0.0
2,0,diff__tengod__dw_group_output,0.0,0.0
2,0,diff__tengod__dw_group_peer,0.0,0.0
2,0,diff__tengod__dw_group_resource,0.0,0.0
2,0,diff__tengod__dw_group_wealth,0.0,0.0
2,0,diff__tengod__sw_group_officer,0.0,0.0
2,0,diff__tengod__sw_group_output,0.0,0.0
2,0,diff__tengod__sw_group_peer,0.0,0.0
2,0,diff__tengod__sw_group_resource,0.0,0.0
2,0,diff__tengod__sw_group_wealth,0.0,0.0
2,0,diff__tg10__dw_branch_hidden_bijian,0.0,0.0
2,0,diff__tg10__dw_branch_hidden_jiecai,0.0,0.0
2,0,diff__tg10__dw_branch_hidden_pian_cai,0.0,0.0
2,0,diff__tg10__dw_branch_hidden_pian_yin,0.0,0.0
2,0,diff__tg10__dw_branch_hidden_qi_sha,0.0,0.0
2,0,diff__tg10__dw_branch_hidden_shangguan,0.0,0.0
2,0,diff__tg10__dw_branch_hidden_shishen,0.0,0.0
2,0,diff__tg10__dw_branch_hidden_zheng_cai,0.0,0.0
2,0,diff__tg10__dw_branch_hidden_zheng_guan,0.0,0.0
2,0,diff__tg10__dw_branch_hidden_zheng_yin,0.0,0.0
2,0,diff__tg10__dw_stem_bijian,0.0,0.0
2,0,diff__tg10__dw_stem_jiecai,0.0,0.0
2,0,diff__tg10__dw_stem_pian_cai,0.0,0.0
2,0,diff__tg10__dw_stem_pian_yin,0.0,0.0
2,0,diff__tg10__dw_stem_qi_sha,0.0,0.0
2,0,diff__tg10__dw_stem_shangguan,0.0,0.0
2,0,diff__tg10__dw_stem_shishen,0.0,0.0
2,0,diff__tg10__dw_stem_zheng_cai,0.0,0.0
2,0,diff__tg10__dw_stem_zheng_guan,0.0,0.0
2,0,diff__tg10__dw_stem_zheng_yin,0.0,0.0
2,0,diff__tg10__sw_branch_hidden_bijian,0.0,0.0
2,0,diff__tg10__sw_branch_hidden_jiecai,0.0,0.0
2,0,diff__tg10__sw_branch_hidden_pian_cai,0.0,0.0
2,0,diff__tg10__sw_branch_hidden_pian_yin,0.0,0.0
2,0,diff__tg10__sw_branch_hidden_qi_sha,0.0,0.0
2,0,diff__tg10__sw_branch_hidden_shangguan,0.0,0.0
2,0,diff__tg10__sw_branch_hidden_shishen,0.0,0.0
2,0,diff__tg10__sw_branch_hidden_zheng_cai,0.0,0.0
2,0,diff__tg10__sw_branch_hidden_zheng_guan,0.0,0.0
2,0,diff__tg10__sw_branch_hidden_zheng_yin,0.0,0.0
2,0,diff__tg10__sw_stem_bijian,0.0,0.0
2,0,diff__tg10__sw_stem_jiecai,0.0,0.0
2,0,diff__tg10__sw_stem_pian_cai,0.0,0.0
2,0,diff__tg10__sw_stem_pian_yin,0.0,0.0
2,0,diff__tg10__sw_stem_qi_sha,0.0,0.0
2,0,diff__tg10__sw_stem_shangguan,0.0,0.0
2,0,diff__tg10__sw_stem_shishen,0.0,0.0
2,0,diff__tg10__sw_stem_zheng_cai,0.0,0.0
2,0,diff__tg10__sw_stem_zheng_guan,0.0,0.0
2,0,diff__tg10__sw_stem_zheng_yin,0.0,0.0
2,0,diff__tgxstrength__dw_bijian_neutral,0.0,0.0
2,0,diff__tgxstrength__dw_bijian_strong,0.0,0.0
2,0,diff__tgxstrength__dw_bijian_weak,0.0,0.0
2,0,diff__tgxstrength__dw_jiecai_neutral,0.0,0.0
2,0,diff__tgxstrength__dw_jiecai_strong,0.0,0.0
2,0,diff__tgxstrength__dw_jiecai_weak,0.0,0.0
2,0,diff__tgxstrength__dw_pian_cai_neutral,0.0,0.0
2,0,diff__tgxstrength__dw_pian_cai_strong,0.0,0.0
2,0,diff__tgxstrength__dw_pian_cai_weak,0.0,0.0
2,0,diff__tgxstrength__dw_pian_yin_neutral,0.0,0.0
2,0,diff__tgxstrength__dw_pian_yin_strong,0.0,0.0
2,0,diff__tgxstrength__dw_pian_yin_weak,0.0,0.0
2,0,diff__tgxstrength__dw_qi_sha_neutral,0.0,0.0
2,0,diff__tgxstrength__dw_qi_sha_strong,0.0,0.0
2,0,diff__tgxstrength__dw_qi_sha_weak,0.0,0.0
2,0,diff__tgxstrength__dw_shangguan_neutral,0.0,0.0
2,0,diff__tgxstrength__dw_shangguan_strong,0.0,0.0
2,0,diff__tgxstrength__dw_shangguan_weak,0.0,0.0
2,0,diff__tgxstrength__dw_shishen_neutral,0.0,0.0
2,0,diff__tgxstrength__dw_shishen_strong,0.0,0.0
2,0,diff__tgxstrength__dw_shishen_weak,0.0,0.0
2,0,diff__tgxstrength__dw_zheng_cai_neutral,0.0,0.0
2,0,diff__tgxstrength__dw_zheng_cai_strong,0.0,0.0
2,0,diff__tgxstrength__dw_zheng_cai_weak,0.0,0.0
2,0,diff__tgxstrength__dw_zheng_guan_neutral,0.0,0.0
2,0,diff__tgxstrength__dw_zheng_guan_strong,0.0,0.0
2,0,diff__tgxstrength__dw_zheng_guan_weak,0.0,0.0
2,0,diff__tgxstrength__dw_zheng_yin_neutral,0.0,0.0
2,0,diff__tgxstrength__dw_zheng_yin_strong,0.0,0.0
2,0,diff__tgxstrength__dw_zheng_yin_weak,0.0,0.0
2,0,diff__tgxstrength__sw_bijian_neutral,0.0,0.0
2,0,diff__tgxstrength__sw_bijian_strong,0.0,0.0
2,0,diff__tgxstrength__sw_bijian_weak,0.0,0.0
2,0,diff__tgxstrength__sw_jiecai_neutral,0.0,0.0
2,0,diff__tgxstrength__sw_jiecai_strong,0.0,0.0
2,0,diff__tgxstrength__sw_jiecai_weak,0.0,0.0
2,0,diff__tgxstrength__sw_pian_cai_neutral,0.0,0.0
2,0,diff__tgxstrength__sw_pian_cai_strong,0.0,0.0
2,0,diff__tgxstrength__sw_pian_cai_weak,0.0,0.0
2,0,diff__tgxstrength__sw_pian_yin_neutral,0.0,0.0
2,0,diff__tgxstrength__sw_pian_yin_strong,0.0,0.0
2,0,diff__tgxstrength__sw_pian_yin_weak,0.0,0.0
2,0,diff__tgxstrength__sw_qi_sha_neutral,0.0,0.0
2,0,diff__tgxstrength__sw_qi_sha_strong,0.0,0.0
2,0,diff__tgxstrength__sw_qi_sha_weak,0.0,0.0
2,0,diff__tgxstrength__sw_shangguan_neutral,0.0,0.0
2,0,diff__tgxstrength__sw_shangguan_strong,0.0,0.0
2,0,diff__tgxstrength__sw_shangguan_weak,0.0,0.0
2,0,diff__tgxstrength__sw_shishen_neutral,0.0,0.0
2,0,diff__tgxstrength__sw_shishen_strong,0.0,0.0
2,0,diff__tgxstrength__sw_shishen_weak,0.0,0.0
2,0,diff__tgxstrength__sw_zheng_cai_neutral,0.0,0.0
2,0,diff__tgxstrength__sw_zheng_cai_strong,0.0,0.0
2,0,diff__tgxstrength__sw_zheng_cai_weak,0.0,0.0
2,0,diff__tgxstrength__sw_zheng_guan_neutral,0.0,0.0
2,0,diff__tgxstrength__sw_zheng_guan_strong,0.0,0.0
2,0,diff__tgxstrength__sw_zheng_guan_weak,0.0,0.0
2,0,diff__tgxstrength__sw_zheng_yin_neutral,0.0,0.0
2,0,diff__tgxstrength__sw_zheng_yin_strong,0.0,0.0
2,0,diff__tgxstrength__sw_zheng_yin_weak,0.0,0.0
2,0,diff__unseong__dw_raw_score,0.0,0.0
2,0,diff__unseong__dw_score_x_strength,0.0,0.0
2,0,diff__unseong__dw_state_건록,0.0,0.0
2,0,diff__unseong__dw_state_관대,0.0,0.0
2,0,diff__unseong__dw_state_목욕,0.0,0.0
2,0,diff__unseong__dw_state_묘,0.0,0.0
2,0,diff__unseong__dw_state_병,0.0,0.0
2,0,diff__unseong__dw_state_사,0.0,0.0
2,0,diff__unseong__dw_state_쇠,0.0,0.0
2,0,diff__unseong__dw_state_양,0.0,0.0
2,0,diff__unseong__dw_state_장생,0.0,0.0
2,0,diff__unseong__dw_state_절,0.0,0.0
2,0,diff__unseong__dw_state_제왕,0.0,0.0
2,0,diff__unseong__dw_state_태,0.0,0.0
2,0,diff__unseong__sw_raw_score,0.0,0.0
2,0,diff__unseong__sw_score_x_strength,0.0,0.0
2,0,diff__unseong__sw_state_건록,0.0,0.0
2,0,diff__unseong__sw_state_관대,0.0,0.0
2,0,diff__unseong__sw_state_목욕,0.0,0.0
2,0,diff__unseong__sw_state_묘,0.0,0.0
2,0,diff__unseong__sw_state_병,0.0,0.0
2,0,diff__unseong__sw_state_사,0.0,0.0
2,0,diff__unseong__sw_state_쇠,0.0,0.0
2,0,diff__unseong__sw_state_양,0.0,0.0
2,0,diff__unseong__sw_state_장생,0.0,0.0
2,0,diff__unseong__sw_state_절,0.0,0.0
2,0,diff__unseong__sw_state_제왕,0.0,0.0
2,0,diff__unseong__sw_state_태,0.0,0.0
2,0,diff__yongshin__dw_gi_fit,0.0,0.0
2,0,diff__yongshin__dw_gu_fit,0.0,0.0
2,0,diff__yongshin__dw_hee_fit,0.0,0.0
2,0,diff__yongshin__dw_supplies_fav,0.0,0.0
2,0,diff__yongshin__dw_supplies_unfav,0.0,0.0
2,0,diff__yongshin__dw_yong_branch_fit,0.0,0.0
2,0,diff__yongshin__dw_yong_fit,0.0,0.0
2,0,diff__yongshin__dw_yong_stem_fit,0.0,0.0
2,0,diff__yongshin__sw_gi_fit,0.0,0.0
2,0,diff__yongshin__sw_gu_fit,0.0,0.0
2,0,diff__yongshin__sw_hee_fit,0.0,0.0
2,0,diff__yongshin__sw_supplies_fav,0.0,0.0
2,0,diff__yongshin__sw_supplies_unfav,0.0,0.0
2,0,diff__yongshin__sw_yong_branch_fit,0.0,0.0
2,0,diff__yongshin__sw_yong_fit,0.0,0.0
2,0,diff__yongshin__sw_yong_stem_fit,0.0,0.0
2,1,diff__basic__daymaster_element_earth,0.0,0.0
2,1,diff__basic__daymaster_element_fire,0.0,0.0
2,1,diff__basic__daymaster_element_metal,0.0,0.0
2,1,diff__basic__daymaster_element_water,0.0,0.0
2,1,diff__basic__daymaster_element_wood,0.0,0.0
2,1,diff__basic__daymaster_stem_丁,0.0,0.0
2,1,diff__basic__daymaster_stem_丙,0.0,0.0
2,1,diff__basic__daymaster_stem_乙,0.0,0.0
2,1,diff__basic__daymaster_stem_壬,0.0,0.0
2,1,diff__basic__daymaster_stem_己,0.0,0.0
2,1,diff__basic__daymaster_stem_庚,0.0,0.0
2,1,diff__basic__daymaster_stem_戊,0.0,0.0
2,1,diff__basic__daymaster_stem_甲,0.0,0.0
2,1,diff__basic__daymaster_stem_癸,0.0,0.0
2,1,diff__basic__daymaster_stem_辛,0.0,0.0
2,1,diff__basic__dw_branch_丑,0.0,0.0
2,1,diff__basic__dw_branch_亥,0.0,0.0
2,1,diff__basic__dw_branch_午,0.0,0.0
2,1,diff__basic__dw_branch_卯,0.0,0.0
2,1,diff__basic__dw_branch_子,0.0,0.0
2,1,diff__basic__dw_branch_寅,0.0,0.0
2,1,diff__basic__dw_branch_巳,0.0,0.0
2,1,diff__basic__dw_branch_戌,0.0,0.0
2,1,diff__basic__dw_branch_未,0.0,0.0
2,1,diff__basic__dw_branch_申,0.0,0.0
2,1,diff__basic__dw_branch_辰,0.0,0.0
2,1,diff__basic__dw_branch_酉,0.0,0.0
2,1,diff__basic__dw_element_earth,0.0,0.0
2,1,diff__basic__dw_element_fire,0.0,0.0
2,1,diff__basic__dw_element_metal,0.0,0.0
2,1,diff__basic__dw_element_water,0.0,0.0
2,1,diff__basic__dw_element_wood,0.0,0.0
2,1,diff__basic__dw_stem_丁,0.0,0.0
2,1,diff__basic__dw_stem_丙,0.0,0.0
2,1,diff__basic__dw_stem_乙,0.0,0.0
2,1,diff__basic__dw_stem_壬,0.0,0.0
2,1,diff__basic__dw_stem_己,0.0,0.0
2,1,diff__basic__dw_stem_庚,0.0,0.0
2,1,diff__basic__dw_stem_戊,0.0,0.0
2,1,diff__basic__dw_stem_甲,0.0,0.0
2,1,diff__basic__dw_stem_癸,0.0,0.0
2,1,diff__basic__dw_stem_辛,0.0,0.0
2,1,diff__basic__dw_yy_yang,0.0,0.0
2,1,diff__basic__dw_yy_yin,0.0,0.0
2,1,diff__basic__natal_day_branch_丑,0.0,0.0
2,1,diff__basic__natal_day_branch_亥,0.0,0.0
2,1,diff__basic__natal_day_branch_午,0.0,0.0
2,1,diff__basic__natal_day_branch_卯,0.0,0.0
2,1,diff__basic__natal_day_branch_子,0.0,0.0
2,1,diff__basic__natal_day_branch_寅,0.0,0.0
2,1,diff__basic__natal_day_branch_巳,0.0,0.0
2,1,diff__basic__natal_day_branch_戌,0.0,0.0
2,1,diff__basic__natal_day_branch_未,0.0,0.0
2,1,diff__basic__natal_day_branch_申,0.0,0.0
2,1,diff__basic__natal_day_branch_辰,0.0,0.0
2,1,diff__basic__natal_day_branch_酉,0.0,0.0
2,1,diff__basic__natal_day_stem_丁,0.0,0.0
2,1,diff__basic__natal_day_stem_丙,0.0,0.0
2,1,diff__basic__natal_day_stem_乙,0.0,0.0
2,1,diff__basic__natal_day_stem_壬,0.0,0.0
2,1,diff__basic__natal_day_stem_己,0.0,0.0
2,1,diff__basic__natal_day_stem_庚,0.0,0.0
2,1,diff__basic__natal_day_stem_戊,0.0,0.0
2,1,diff__basic__natal_day_stem_甲,0.0,0.0
2,1,diff__basic__natal_day_stem_癸,0.0,0.0
2,1,diff__basic__natal_day_stem_辛,0.0,0.0
2,1,diff__basic__natal_element_count_earth,0.0,0.0
2,1,diff__basic__natal_element_count_fire,0.0,0.0
2,1,diff__basic__natal_element_count_metal,0.0,0.0
2,1,diff__basic__natal_element_count_water,0.0,0.0
2,1,diff__basic__natal_element_count_wood,0.0,0.0
2,1,diff__basic__natal_hour_branch_丑,0.0,0.0
2,1,diff__basic__natal_hour_branch_亥,0.0,0.0
2,1,diff__basic__natal_hour_branch_午,0.0,0.0
2,1,diff__basic__natal_hour_branch_卯,0.0,0.0
2,1,diff__basic__natal_hour_branch_子,0.0,0.0
2,1,diff__basic__natal_hour_branch_寅,0.0,0.0
2,1,diff__basic__natal_hour_branch_巳,0.0,0.0
2,1,diff__basic__natal_hour_branch_戌,0.0,0.0
2,1,diff__basic__natal_hour_branch_未,0.0,0.0
2,1,diff__basic__natal_hour_branch_申,0.0,0.0
2,1,diff__basic__natal_hour_branch_辰,0.0,0.0
2,1,diff__basic__natal_hour_branch_酉,0.0,0.0
2,1,diff__basic__natal_hour_stem_丁,0.0,0.0
2,1,diff__basic__natal_hour_stem_丙,0.0,0.0
2,1,diff__basic__natal_hour_stem_乙,0.0,0.0
2,1,diff__basic__natal_hour_stem_壬,0.0,0.0
2,1,diff__basic__natal_hour_stem_己,0.0,0.0
2,1,diff__basic__natal_hour_stem_庚,0.0,0.0
2,1,diff__basic__natal_hour_stem_戊,0.0,0.0
2,1,diff__basic__natal_hour_stem_甲,0.0,0.0
2,1,diff__basic__natal_hour_stem_癸,0.0,0.0
2,1,diff__basic__natal_hour_stem_辛,0.0,0.0
2,1,diff__basic__natal_month_branch_丑,0.0,0.0
2,1,diff__basic__natal_month_branch_亥,0.0,0.0
2,1,diff__basic__natal_month_branch_午,0.0,0.0
2,1,diff__basic__natal_month_branch_卯,0.0,0.0
2,1,diff__basic__natal_month_branch_子,0.0,0.0
2,1,diff__basic__natal_month_branch_寅,0.0,0.0
2,1,diff__basic__natal_month_branch_巳,0.0,0.0
2,1,diff__basic__natal_month_branch_戌,0.0,0.0
2,1,diff__basic__natal_month_branch_未,0.0,0.0
2,1,diff__basic__natal_month_branch_申,0.0,0.0
2,1,diff__basic__natal_month_branch_辰,0.0,0.0
2,1,diff__basic__natal_month_branch_酉,0.0,0.0
2,1,diff__basic__natal_month_stem_丁,0.0,0.0
2,1,diff__basic__natal_month_stem_丙,0.0,0.0
2,1,diff__basic__natal_month_stem_乙,0.0,0.0
2,1,diff__basic__natal_month_stem_壬,0.0,0.0
2,1,diff__basic__natal_month_stem_己,0.0,0.0
2,1,diff__basic__natal_month_stem_庚,0.0,0.0
2,1,diff__basic__natal_month_stem_戊,0.0,0.0
2,1,diff__basic__natal_month_stem_甲,0.0,0.0
2,1,diff__basic__natal_month_stem_癸,0.0,0.0
2,1,diff__basic__natal_month_stem_辛,0.0,0.0
2,1,diff__basic__natal_year_branch_丑,0.0,0.0
2,1,diff__basic__natal_year_branch_亥,0.0,0.0
2,1,diff__basic__natal_year_branch_午,0.0,0.0
2,1,diff__basic__natal_year_branch_卯,0.0,0.0
2,1,diff__basic__natal_year_branch_子,0.0,0.0
2,1,diff__basic__natal_year_branch_寅,0.0,0.0
2,1,diff__basic__natal_year_branch_巳,0.0,0.0
2,1,diff__basic__natal_year_branch_戌,0.0,0.0
2,1,diff__basic__natal_year_branch_未,0.0,0.0
2,1,diff__basic__natal_year_branch_申,0.0,0.0
2,1,diff__basic__natal_year_branch_辰,0.0,0.0
2,1,diff__basic__natal_year_branch_酉,0.0,0.0
2,1,diff__basic__natal_year_stem_丁,0.0,0.0
2,1,diff__basic__natal_year_stem_丙,0.0,0.0
2,1,diff__basic__natal_year_stem_乙,0.0,0.0
2,1,diff__basic__natal_year_stem_壬,0.0,0.0
2,1,diff__basic__natal_year_stem_己,0.0,0.0
2,1,diff__basic__natal_year_stem_庚,0.0,0.0
2,1,diff__basic__natal_year_stem_戊,0.0,0.0
2,1,diff__basic__natal_year_stem_甲,0.0,0.0
2,1,diff__basic__natal_year_stem_癸,0.0,0.0
2,1,diff__basic__natal_year_stem_辛,0.0,0.0
2,1,diff__basic__sw_branch_丑,0.0,0.0
2,1,diff__basic__sw_branch_亥,0.0,0.0
2,1,diff__basic__sw_branch_午,0.0,0.0
2,1,diff__basic__sw_branch_卯,0.0,0.0
2,1,diff__basic__sw_branch_子,0.0,0.0
2,1,diff__basic__sw_branch_寅,0.0,0.0
2,1,diff__basic__sw_branch_巳,0.0,0.0
2,1,diff__basic__sw_branch_戌,0.0,0.0
2,1,diff__basic__sw_branch_未,0.0,0.0
2,1,diff__basic__sw_branch_申,0.0,0.0
2,1,diff__basic__sw_branch_辰,0.0,0.0
2,1,diff__basic__sw_branch_酉,0.0,0.0
2,1,diff__basic__sw_element_earth,0.0,0.0
2,1,diff__basic__sw_element_fire,0.0,0.0
2,1,diff__basic__sw_element_metal,0.0,0.0
2,1,diff__basic__sw_element_water,0.0,0.0
2,1,diff__basic__sw_element_wood,0.0,0.0
2,1,diff__basic__sw_stem_丁,0.0,0.0
2,1,diff__basic__sw_stem_丙,0.0,0.0
2,1,diff__basic__sw_stem_乙,0.0,0.0
2,1,diff__basic__sw_stem_壬,0.0,0.0
2,1,diff__basic__sw_stem_己,0.0,0.0
2,1,diff__basic__sw_stem_庚,0.0,0.0
2,1,diff__basic__sw_stem_戊,0.0,0.0
2,1,diff__basic__sw_stem_甲,0.0,0.0
2,1,diff__basic__sw_stem_癸,0.0,0.0
2,1,diff__basic__sw_stem_辛,0.0,0.0
2,1,diff__basic__sw_yy_yang,0.0,0.0
2,1,diff__basic__sw_yy_yin,0.0,0.0
2,1,diff__engine__strength_극약,0.0,0.0
2,1,diff__engine__strength_극왕,0.0,0.0
2,1,diff__engine__strength_신강,0.0,0.0
2,1,diff__engine__strength_신약,0.0,0.0
2,1,diff__engine__strength_중화신강,0.0,0.0
2,1,diff__engine__strength_중화신약,0.0,0.0
2,1,diff__engine__strength_태강,0.0,0.0
2,1,diff__engine__strength_태약,0.0,0.0
2,1,diff__hidden__natal_element_count_earth,0.0,0.0
2,1,diff__hidden__natal_element_count_fire,0.0,0.0
2,1,diff__hidden__natal_element_count_metal,0.0,0.0
2,1,diff__hidden__natal_element_count_water,0.0,0.0
2,1,diff__hidden__natal_element_count_wood,0.0,0.0
2,1,diff__hidden__natal_tg_count_officer,0.0,0.0
2,1,diff__hidden__natal_tg_count_output,0.0,0.0
2,1,diff__hidden__natal_tg_count_peer,0.0,0.0
2,1,diff__hidden__natal_tg_count_resource,0.0,0.0
2,1,diff__hidden__natal_tg_count_wealth,0.0,0.0
2,1,diff__relation__dw_branch_break_natal,0.0,0.0
2,1,diff__relation__dw_branch_clash_natal,0.0,0.0
2,1,diff__relation__dw_branch_combine_natal,0.0,0.0
2,1,diff__relation__dw_branch_harm_natal,0.0,0.0
2,1,diff__relation__dw_branch_punish_natal,0.0,0.0
2,1,diff__relation__dw_stem_clash_natal,0.0,0.0
2,1,diff__relation__dw_stem_combine_natal,0.0,0.0
2,1,diff__relation__sw_branch_break_natal,0.0,0.0
2,1,diff__relation__sw_branch_clash_natal,0.0,0.0
2,1,diff__relation__sw_branch_combine_natal,0.0,0.0
2,1,diff__relation__sw_branch_harm_natal,0.0,0.0
2,1,diff__relation__sw_branch_punish_natal,0.0,0.0
2,1,diff__relation__sw_dw_branch_break,0.0,0.0
2,1,diff__relation__sw_dw_branch_clash,0.0,0.0
2,1,diff__relation__sw_dw_branch_combine,0.0,0.0
2,1,diff__relation__sw_dw_branch_harm,0.0,0.0
2,1,diff__relation__sw_dw_branch_punish,1.0,0.06297451303880282
2,1,diff__relation__sw_dw_stem_clash,0.0,0.0
2,1,diff__relation__sw_dw_stem_combine,0.0,0.0
2,1,diff__relation__sw_stem_clash_natal,0.0,0.0
2,1,diff__relation__sw_stem_combine_natal,0.0,0.0
2,1,diff__shinsal__dw_breakdown_scalar,1.0,0.10516939036137837
2,1,diff__shinsal__dw_gongmang_is_gongmang,0.0,0.0
2,1,diff__shinsal__dw_gongmang_rel,0.0,0.0
2,1,diff__shinsal__dw_gongmang_trine,0.0,0.0
2,1,diff__shinsal__dw_gongmang_unseong,0.0,0.0
2,1,diff__shinsal__dw_gongmang_yfit_branch,0.0,0.0
2,1,diff__shinsal__dw_indicators_귀인력,0.0,0.0
2,1,diff__shinsal__dw_noble_power,0.0,0.0
2,1,diff__shinsal__dw_신살_길신__count,0.0,0.0
2,1,diff__shinsal__dw_신살_길신__록신_,0.0,0.0
2,1,diff__shinsal__dw_신살_길신__문창귀인_,0.0,0.0
2,1,diff__shinsal__dw_신살_길신__반안_,0.0,0.0
2,1,diff__shinsal__dw_신살_길신__장성_,0.0,0.0
2,1,diff__shinsal__dw_신살_길신__천을귀인_,0.0,0.0
2,1,diff__shinsal__dw_신살_길신__천희_,0.0,0.0
2,1,diff__shinsal__dw_신살_길신__홍란_,0.0,0.0
2,1,diff__shinsal__dw_신살_길신__화개_,0.0,0.0
2,1,diff__shinsal__dw_신살_흉살__count,0.0,0.0
2,1,diff__shinsal__dw_신살_흉살__겁살_,0.0,0.0
2,1,diff__shinsal__dw_신살_흉살__고진_,0.0,0.0
2,1,diff__shinsal__dw_신살_흉살__과숙_,0.0,0.0
2,1,diff__shinsal__dw_신살_흉살__도화_,0.0,0.0
2,1,diff__shinsal__dw_신살_흉살__망신_,0.0,0.0
2,1,diff__shinsal__dw_신살_흉살__양인_,0.0,0.0
2,1,diff__shinsal__dw_신살_흉살__역마_,0.0,0.0
2,1,diff__shinsal__sw_indicators_귀인력,0.0,0.0
2,1,diff__shinsal__sw_세운_신살_길신__count,0.0,0.0
2,1,diff__shinsal__sw_세운_신살_길신__록신_,0.0,0.0
2,1,diff__shinsal__sw_세운_신살_길신__문창귀인_,0.0,0.0
2,1,diff__shinsal__sw_세운_신살_길신__반안_,0.0,0.0
2,1,diff__shinsal__sw_세운_신살_길신__장성_,0.0,0.0
2,1,diff__shinsal__sw_세운_신살_길신__천을귀인_,0.0,0.0
2,1,diff__shinsal__sw_세운_신살_길신__천희_,0.0,0.0
2,1,diff__shinsal__sw_세운_신살_길신__홍란_,0.0,0.0
2,1,diff__shinsal__sw_세운_신살_길신__화개_,0.0,0.0
2,1,diff__shinsal__sw_세운_신살_흉살__count,0.0,0.0
2,1,diff__shinsal__sw_세운_신살_흉살__겁살_,0.0,0.0
2,1,diff__shinsal__sw_세운_신살_흉살__고진_,0.0,0.0
2,1,diff__shinsal__sw_세운_신살_흉살__과숙_,0.0,0.0
2,1,diff__shinsal__sw_세운_신살_흉살__도화_,0.0,0.0
2,1,diff__shinsal__sw_세운_신살_흉살__망신_,0.0,0.0
2,1,diff__shinsal__sw_세운_신살_흉살__양인_,0.0,0.0
2,1,diff__shinsal__sw_세운_신살_흉살__역마_,0.0,0.0
2,1,diff__tengod__dw_group_officer,0.0,0.0
2,1,diff__tengod__dw_group_output,0.0,0.0
2,1,diff__tengod__dw_group_peer,0.0,0.0
2,1,diff__tengod__dw_group_resource,0.0,0.0
2,1,diff__tengod__dw_group_wealth,0.0,0.0
2,1,diff__tengod__sw_group_officer,0.0,0.0
2,1,diff__tengod__sw_group_output,0.0,0.0
2,1,diff__tengod__sw_group_peer,0.0,0.0
2,1,diff__tengod__sw_group_resource,0.0,0.0
2,1,diff__tengod__sw_group_wealth,0.0,0.0
2,1,diff__tg10__dw_branch_hidden_bijian,0.0,0.0
2,1,diff__tg10__dw_branch_hidden_jiecai,0.0,0.0
2,1,diff__tg10__dw_branch_hidden_pian_cai,0.0,0.0
2,1,diff__tg10__dw_branch_hidden_pian_yin,0.0,0.0
2,1,diff__tg10__dw_branch_hidden_qi_sha,0.0,0.0
2,1,diff__tg10__dw_branch_hidden_shangguan,0.0,0.0
2,1,diff__tg10__dw_branch_hidden_shishen,0.0,0.0
2,1,diff__tg10__dw_branch_hidden_zheng_cai,0.0,0.0
2,1,diff__tg10__dw_branch_hidden_zheng_guan,0.0,0.0
2,1,diff__tg10__dw_branch_hidden_zheng_yin,0.0,0.0
2,1,diff__tg10__dw_stem_bijian,0.0,0.0
2,1,diff__tg10__dw_stem_jiecai,0.0,0.0
2,1,diff__tg10__dw_stem_pian_cai,0.0,0.0
2,1,diff__tg10__dw_stem_pian_yin,0.0,0.0
2,1,diff__tg10__dw_stem_qi_sha,0.0,0.0
2,1,diff__tg10__dw_stem_shangguan,0.0,0.0
2,1,diff__tg10__dw_stem_shishen,0.0,0.0
2,1,diff__tg10__dw_stem_zheng_cai,0.0,0.0
2,1,diff__tg10__dw_stem_zheng_guan,0.0,0.0
2,1,diff__tg10__dw_stem_zheng_yin,0.0,0.0
2,1,diff__tg10__sw_branch_hidden_bijian,0.0,0.0
2,1,diff__tg10__sw_branch_hidden_jiecai,0.0,0.0
2,1,diff__tg10__sw_branch_hidden_pian_cai,0.0,0.0
2,1,diff__tg10__sw_branch_hidden_pian_yin,0.0,0.0
2,1,diff__tg10__sw_branch_hidden_qi_sha,0.0,0.0
2,1,diff__tg10__sw_branch_hidden_shangguan,0.0,0.0
2,1,diff__tg10__sw_branch_hidden_shishen,0.0,0.0
2,1,diff__tg10__sw_branch_hidden_zheng_cai,1.0,0.09921434429606504
2,1,diff__tg10__sw_branch_hidden_zheng_guan,0.0,0.0
2,1,diff__tg10__sw_branch_hidden_zheng_yin,0.0,0.0
2,1,diff__tg10__sw_stem_bijian,0.0,0.0
2,1,diff__tg10__sw_stem_jiecai,0.0,0.0
2,1,diff__tg10__sw_stem_pian_cai,0.0,0.0
2,1,diff__tg10__sw_stem_pian_yin,0.0,0.0
2,1,diff__tg10__sw_stem_qi_sha,0.0,0.0
2,1,diff__tg10__sw_stem_shangguan,0.0,0.0
2,1,diff__tg10__sw_stem_shishen,0.0,0.0
2,1,diff__tg10__sw_stem_zheng_cai,0.0,0.0
2,1,diff__tg10__sw_stem_zheng_guan,0.0,0.0
2,1,diff__tg10__sw_stem_zheng_yin,0.0,0.0
2,1,diff__tgxstrength__dw_bijian_neutral,0.0,0.0
2,1,diff__tgxstrength__dw_bijian_strong,0.0,0.0
2,1,diff__tgxstrength__dw_bijian_weak,0.0,0.0
2,1,diff__tgxstrength__dw_jiecai_neutral,0.0,0.0
2,1,diff__tgxstrength__dw_jiecai_strong,0.0,0.0
2,1,diff__tgxstrength__dw_jiecai_weak,0.0,0.0
2,1,diff__tgxstrength__dw_pian_cai_neutral,0.0,0.0
2,1,diff__tgxstrength__dw_pian_cai_strong,0.0,0.0
2,1,diff__tgxstrength__dw_pian_cai_weak,0.0,0.0
2,1,diff__tgxstrength__dw_pian_yin_neutral,0.0,0.0
2,1,diff__tgxstrength__dw_pian_yin_strong,0.0,0.0
2,1,diff__tgxstrength__dw_pian_yin_weak,0.0,0.0
2,1,diff__tgxstrength__dw_qi_sha_neutral,0.0,0.0
2,1,diff__tgxstrength__dw_qi_sha_strong,0.0,0.0
2,1,diff__tgxstrength__dw_qi_sha_weak,0.0,0.0
2,1,diff__tgxstrength__dw_shangguan_neutral,0.0,0.0
2,1,diff__tgxstrength__dw_shangguan_strong,0.0,0.0
2,1,diff__tgxstrength__dw_shangguan_weak,0.0,0.0
2,1,diff__tgxstrength__dw_shishen_neutral,0.0,0.0
2,1,diff__tgxstrength__dw_shishen_strong,0.0,0.0
2,1,diff__tgxstrength__dw_shishen_weak,0.0,0.0
2,1,diff__tgxstrength__dw_zheng_cai_neutral,0.0,0.0
2,1,diff__tgxstrength__dw_zheng_cai_strong,0.0,0.0
2,1,diff__tgxstrength__dw_zheng_cai_weak,0.0,0.0
2,1,diff__tgxstrength__dw_zheng_guan_neutral,0.0,0.0
2,1,diff__tgxstrength__dw_zheng_guan_strong,0.0,0.0
2,1,diff__tgxstrength__dw_zheng_guan_weak,0.0,0.0
2,1,diff__tgxstrength__dw_zheng_yin_neutral,0.0,0.0
2,1,diff__tgxstrength__dw_zheng_yin_strong,0.0,0.0
2,1,diff__tgxstrength__dw_zheng_yin_weak,0.0,0.0
2,1,diff__tgxstrength__sw_bijian_neutral,0.0,0.0
2,1,diff__tgxstrength__sw_bijian_strong,0.0,0.0
2,1,diff__tgxstrength__sw_bijian_weak,0.0,0.0
2,1,diff__tgxstrength__sw_jiecai_neutral,0.0,0.0
2,1,diff__tgxstrength__sw_jiecai_strong,0.0,0.0
2,1,diff__tgxstrength__sw_jiecai_weak,0.0,0.0
2,1,diff__tgxstrength__sw_pian_cai_neutral,0.0,0.0
2,1,diff__tgxstrength__sw_pian_cai_strong,0.0,0.0
2,1,diff__tgxstrength__sw_pian_cai_weak,0.0,0.0
2,1,diff__tgxstrength__sw_pian_yin_neutral,0.0,0.0
2,1,diff__tgxstrength__sw_pian_yin_strong,0.0,0.0
2,1,diff__tgxstrength__sw_pian_yin_weak,0.0,0.0
2,1,diff__tgxstrength__sw_qi_sha_neutral,0.0,0.0
2,1,diff__tgxstrength__sw_qi_sha_strong,0.0,0.0
2,1,diff__tgxstrength__sw_qi_sha_weak,0.0,0.0
2,1,diff__tgxstrength__sw_shangguan_neutral,0.0,0.0
2,1,diff__tgxstrength__sw_shangguan_strong,0.0,0.0
2,1,diff__tgxstrength__sw_shangguan_weak,0.0,0.0
2,1,diff__tgxstrength__sw_shishen_neutral,0.0,0.0
2,1,diff__tgxstrength__sw_shishen_strong,0.0,0.0
2,1,diff__tgxstrength__sw_shishen_weak,0.0,0.0
2,1,diff__tgxstrength__sw_zheng_cai_neutral,0.0,0.0
2,1,diff__tgxstrength__sw_zheng_cai_strong,0.0,0.0
2,1,diff__tgxstrength__sw_zheng_cai_weak,0.0,0.0
2,1,diff__tgxstrength__sw_zheng_guan_neutral,0.0,0.0
2,1,diff__tgxstrength__sw_zheng_guan_strong,0.0,0.0
2,1,diff__tgxstrength__sw_zheng_guan_weak,0.0,0.0
2,1,diff__tgxstrength__sw_zheng_yin_neutral,0.0,0.0
2,1,diff__tgxstrength__sw_zheng_yin_strong,0.0,0.0
2,1,diff__tgxstrength__sw_zheng_yin_weak,0.0,0.0
2,1,diff__unseong__dw_raw_score,0.0,0.0
2,1,diff__unseong__dw_score_x_strength,0.0,0.0
2,1,diff__unseong__dw_state_건록,0.0,0.0
2,1,diff__unseong__dw_state_관대,0.0,0.0
2,1,diff__unseong__dw_state_목욕,0.0,0.0
2,1,diff__unseong__dw_state_묘,0.0,0.0
2,1,diff__unseong__dw_state_병,0.0,0.0
2,1,diff__unseong__dw_state_사,0.0,0.0
2,1,diff__unseong__dw_state_쇠,0.0,0.0
2,1,diff__unseong__dw_state_양,0.0,0.0
2,1,diff__unseong__dw_state_장생,0.0,0.0
2,1,diff__unseong__dw_state_절,0.0,0.0
2,1,diff__unseong__dw_state_제왕,0.0,0.0
2,1,diff__unseong__dw_state_태,0.0,0.0
2,1,diff__unseong__sw_raw_score,0.0,0.0
2,1,diff__unseong__sw_score_x_strength,0.0,0.0
2,1,diff__unseong__sw_state_건록,0.0,0.0
2,1,diff__unseong__sw_state_관대,0.0,0.0
2,1,diff__unseong__sw_state_목욕,0.0,0.0
2,1,diff__unseong__sw_state_묘,0.0,0.0
2,1,diff__unseong__sw_state_병,0.0,0.0
2,1,diff__unseong__sw_state_사,0.0,0.0
2,1,diff__unseong__sw_state_쇠,0.0,0.0
2,1,diff__unseong__sw_state_양,0.0,0.0
2,1,diff__unseong__sw_state_장생,0.0,0.0
2,1,diff__unseong__sw_state_절,0.0,0.0
2,1,diff__unseong__sw_state_제왕,0.0,0.0
2,1,diff__unseong__sw_state_태,0.0,0.0
2,1,diff__yongshin__dw_gi_fit,0.0,0.0
2,1,diff__yongshin__dw_gu_fit,0.0,0.0
2,1,diff__yongshin__dw_hee_fit,0.0,0.0
2,1,diff__yongshin__dw_supplies_fav,0.0,0.0
2,1,diff__yongshin__dw_supplies_unfav,0.0,0.0
2,1,diff__yongshin__dw_yong_branch_fit,0.0,0.0
2,1,diff__yongshin__dw_yong_fit,0.0,0.0
2,1,diff__yongshin__dw_yong_stem_fit,0.0,0.0
2,1,diff__yongshin__sw_gi_fit,0.0,0.0
2,1,diff__yongshin__sw_gu_fit,0.0,0.0
2,1,diff__yongshin__sw_hee_fit,0.0,0.0
2,1,diff__yongshin__sw_supplies_fav,0.0,0.0
2,1,diff__yongshin__sw_supplies_unfav,0.0,0.0
2,1,diff__yongshin__sw_yong_branch_fit,0.0,0.0
2,1,diff__yongshin__sw_yong_fit,0.0,0.0
2,1,diff__yongshin__sw_yong_stem_fit,0.0,0.0
2,2,diff__basic__daymaster_element_earth,0.0,0.0
2,2,diff__basic__daymaster_element_fire,0.0,0.0
2,2,diff__basic__daymaster_element_metal,0.0,0.0
2,2,diff__basic__daymaster_element_water,0.0,0.0
2,2,diff__basic__daymaster_element_wood,0.0,0.0
2,2,diff__basic__daymaster_stem_丁,0.0,0.0
2,2,diff__basic__daymaster_stem_丙,0.0,0.0
2,2,diff__basic__daymaster_stem_乙,0.0,0.0
2,2,diff__basic__daymaster_stem_壬,0.0,0.0
2,2,diff__basic__daymaster_stem_己,0.0,0.0
2,2,diff__basic__daymaster_stem_庚,0.0,0.0
2,2,diff__basic__daymaster_stem_戊,0.0,0.0
2,2,diff__basic__daymaster_stem_甲,0.0,0.0
2,2,diff__basic__daymaster_stem_癸,0.0,0.0
2,2,diff__basic__daymaster_stem_辛,0.0,0.0
2,2,diff__basic__dw_branch_丑,0.0,0.0
2,2,diff__basic__dw_branch_亥,1.0,-0.034953071241177865
2,2,diff__basic__dw_branch_午,1.0,-0.037420284961597626
2,2,diff__basic__dw_branch_卯,1.0,0.24890097975446585
2,2,diff__basic__dw_branch_子,0.0,0.0
2,2,diff__basic__dw_branch_寅,0.0,0.0
2,2,diff__basic__dw_branch_巳,0.0,0.0
2,2,diff__basic__dw_branch_戌,0.0,0.0
2,2,diff__basic__dw_branch_未,0.0,0.0
2,2,diff__basic__dw_branch_申,0.0,0.0
2,2,diff__basic__dw_branch_辰,0.0,0.0
2,2,diff__basic__dw_branch_酉,0.0,0.0
2,2,diff__basic__dw_element_earth,0.0,0.0
2,2,diff__basic__dw_element_fire,0.0,0.0
2,2,diff__basic__dw_element_metal,0.0,0.0
2,2,diff__basic__dw_element_water,1.0,-0.13873340896051414
2,2,diff__basic__dw_element_wood,0.0,0.0
2,2,diff__basic__dw_stem_丁,1.0,0.042331912575087026
2,2,diff__basic__dw_stem_丙,0.0,0.0
2,2,diff__basic__dw_stem_乙,1.0,-0.11684978680559262
2,2,diff__basic__dw_stem_壬,0.0,0.0
2,2,diff__basic__dw_stem_己,0.0,0.0
2,2,diff__basic__dw_stem_庚,0.0,0.0
2,2,diff__basic__dw_stem_戊,0.0,0.0
2,2,diff__basic__dw_stem_甲,0.0,0.0
2,2,diff__basic__dw_stem_癸,0.0,0.0
2,2,diff__basic__dw_stem_辛,0.0,0.0
2,2,diff__basic__dw_yy_yang,0.0,0.0
2,2,diff__basic__dw_yy_yin,0.0,0.0
2,2,diff__basic__natal_day_branch_丑,0.0,0.0
2,2,diff__basic__natal_day_branch_亥,0.0,0.0
2,2,diff__basic__natal_day_branch_午,0.0,0.0
2,2,diff__basic__natal_day_branch_卯,0.0,0.0
2,2,diff__basic__natal_day_branch_子,0.0,0.0
2,2,diff__basic__natal_day_branch_寅,0.0,0.0
2,2,diff__basic__natal_day_branch_巳,0.0,0.0
2,2,diff__basic__natal_day_branch_戌,0.0,0.0
2,2,diff__basic__natal_day_branch_未,0.0,0.0
2,2,diff__basic__natal_day_branch_申,0.0,0.0
2,2,diff__basic__natal_day_branch_辰,0.0,0.0
2,2,diff__basic__natal_day_branch_酉,0.0,0.0
2,2,diff__basic__natal_day_stem_丁,0.0,0.0
2,2,diff__basic__natal_day_stem_丙,0.0,0.0
2,2,diff__basic__natal_day_stem_乙,0.0,0.0
2,2,diff__basic__natal_day_stem_壬,0.0,0.0
2,2,diff__basic__natal_day_stem_己,0.0,0.0
2,2,diff__basic__natal_day_stem_庚,0.0,0.0
2,2,diff__basic__natal_day_stem_戊,0.0,0.0
2,2,diff__basic__natal_day_stem_甲,0.0,0.0
2,2,diff__basic__natal_day_stem_癸,0.0,0.0
2,2,diff__basic__natal_day_stem_辛,0.0,0.0
2,2,diff__basic__natal_element_count_earth,0.0,0.0
2,2,diff__basic__natal_element_count_fire,0.0,0.0
2,2,diff__basic__natal_element_count_metal,0.0,0.0
2,2,diff__basic__natal_element_count_water,0.0,0.0
2,2,diff__basic__natal_element_count_wood,0.0,0.0
2,2,diff__basic__natal_hour_branch_丑,0.0,0.0
2,2,diff__basic__natal_hour_branch_亥,0.0,0.0
2,2,diff__basic__natal_hour_branch_午,0.0,0.0
2,2,diff__basic__natal_hour_branch_卯,0.0,0.0
2,2,diff__basic__natal_hour_branch_子,0.0,0.0
2,2,diff__basic__natal_hour_branch_寅,0.0,0.0
2,2,diff__basic__natal_hour_branch_巳,0.0,0.0
2,2,diff__basic__natal_hour_branch_戌,0.0,0.0
2,2,diff__basic__natal_hour_branch_未,0.0,0.0
2,2,diff__basic__natal_hour_branch_申,0.0,0.0
2,2,diff__basic__natal_hour_branch_辰,0.0,0.0
2,2,diff__basic__natal_hour_branch_酉,0.0,0.0
2,2,diff__basic__natal_hour_stem_丁,0.0,0.0
2,2,diff__basic__natal_hour_stem_丙,0.0,0.0
2,2,diff__basic__natal_hour_stem_乙,0.0,0.0
2,2,diff__basic__natal_hour_stem_壬,0.0,0.0
2,2,diff__basic__natal_hour_stem_己,0.0,0.0
2,2,diff__basic__natal_hour_stem_庚,0.0,0.0
2,2,diff__basic__natal_hour_stem_戊,0.0,0.0
2,2,diff__basic__natal_hour_stem_甲,0.0,0.0
2,2,diff__basic__natal_hour_stem_癸,0.0,0.0
2,2,diff__basic__natal_hour_stem_辛,0.0,0.0
2,2,diff__basic__natal_month_branch_丑,0.0,0.0
2,2,diff__basic__natal_month_branch_亥,0.0,0.0
2,2,diff__basic__natal_month_branch_午,0.0,0.0
2,2,diff__basic__natal_month_branch_卯,0.0,0.0
2,2,diff__basic__natal_month_branch_子,0.0,0.0
2,2,diff__basic__natal_month_branch_寅,0.0,0.0
2,2,diff__basic__natal_month_branch_巳,0.0,0.0
2,2,diff__basic__natal_month_branch_戌,0.0,0.0
2,2,diff__basic__natal_month_branch_未,0.0,0.0
2,2,diff__basic__natal_month_branch_申,0.0,0.0
2,2,diff__basic__natal_month_branch_辰,0.0,0.0
2,2,diff__basic__natal_month_branch_酉,0.0,0.0
2,2,diff__basic__natal_month_stem_丁,0.0,0.0
2,2,diff__basic__natal_month_stem_丙,0.0,0.0
2,2,diff__basic__natal_month_stem_乙,0.0,0.0
2,2,diff__basic__natal_month_stem_壬,0.0,0.0
2,2,diff__basic__natal_month_stem_己,0.0,0.0
2,2,diff__basic__natal_month_stem_庚,0.0,0.0
2,2,diff__basic__natal_month_stem_戊,0.0,0.0
2,2,diff__basic__natal_month_stem_甲,0.0,0.0
2,2,diff__basic__natal_month_stem_癸,0.0,0.0
2,2,diff__basic__natal_month_stem_辛,0.0,0.0
2,2,diff__basic__natal_year_branch_丑,0.0,0.0
2,2,diff__basic__natal_year_branch_亥,0.0,0.0
2,2,diff__basic__natal_year_branch_午,0.0,0.0
2,2,diff__basic__natal_year_branch_卯,0.0,0.0
2,2,diff__basic__natal_year_branch_子,0.0,0.0
2,2,diff__basic__natal_year_branch_寅,0.0,0.0
2,2,diff__basic__natal_year_branch_巳,0.0,0.0
2,2,diff__basic__natal_year_branch_戌,0.0,0.0
2,2,diff__basic__natal_year_branch_未,0.0,0.0
2,2,diff__basic__natal_year_branch_申,0.0,0.0
2,2,diff__basic__natal_year_branch_辰,0.0,0.0
2,2,diff__basic__natal_year_branch_酉,0.0,0.0
2,2,diff__basic__natal_year_stem_丁,0.0,0.0
2,2,diff__basic__natal_year_stem_丙,0.0,0.0
2,2,diff__basic__natal_year_stem_乙,0.0,0.0
2,2,diff__basic__natal_year_stem_壬,0.0,0.0
2,2,diff__basic__natal_year_stem_己,0.0,0.0
2,2,diff__basic__natal_year_stem_庚,0.0,0.0
2,2,diff__basic__natal_year_stem_戊,0.0,0.0
2,2,diff__basic__natal_year_stem_甲,0.0,0.0
2,2,diff__basic__natal_year_stem_癸,0.0,0.0
2,2,diff__basic__natal_year_stem_辛,0.0,0.0
2,2,diff__basic__sw_branch_丑,0.0,0.0
2,2,diff__basic__sw_branch_亥,0.0,0.0
2,2,diff__basic__sw_branch_午,0.0,0.0
2,2,diff__basic__sw_branch_卯,0.0,0.0
2,2,diff__basic__sw_branch_子,0.0,0.0
2,2,diff__basic__sw_branch_寅,0.0,0.0
2,2,diff__basic__sw_branch_巳,0.0,0.0
2,2,diff__basic__sw_branch_戌,0.0,0.0
2,2,diff__basic__sw_branch_未,0.0,0.0
2,2,diff__basic__sw_branch_申,0.0,0.0
2,2,diff__basic__sw_branch_辰,0.0,0.0
2,2,diff__basic__sw_branch_酉,1.0,-0.053556523077216936
2,2,diff__basic__sw_element_earth,0.0,0.0
2,2,diff__basic__sw_element_fire,0.0,0.0
2,2,diff__basic__sw_element_metal,0.0,0.0
2,2,diff__basic__sw_element_water,0.0,0.0
2,2,diff__basic__sw_element_wood,1.0,0.11038463090321154
2,2,diff__basic__sw_stem_丁,0.0,0.0
2,2,diff__basic__sw_stem_丙,0.0,0.0
2,2,diff__basic__sw_stem_乙,0.0,0.0
2,2,diff__basic__sw_stem_壬,0.0,0.0
2,2,diff__basic__sw_stem_己,0.0,0.0
2,2,diff__basic__sw_stem_庚,1.0,-0.06348666937631846
2,2,diff__basic__sw_stem_戊,0.0,0.0
2,2,diff__basic__sw_stem_甲,0.0,0.0
2,2,diff__basic__sw_stem_癸,0.0,0.0
2,2,diff__basic__sw_stem_辛,0.0,0.0
2,2,diff__basic__sw_yy_yang,0.0,0.0
2,2,diff__basic__sw_yy_yin,0.0,0.0
2,2,diff__engine__strength_극약,0.0,0.0
2,2,diff__engine__strength_극왕,0.0,0.0
2,2,diff__engine__strength_신강,0.0,0.0
2,2,diff__engine__strength_신약,0.0,0.0
2,2,diff__engine__strength_중화신강,0.0,0.0
2,2,diff__engine__strength_중화신약,0.0,0.0
2,2,diff__engine__strength_태강,0.0,0.0
2,2,diff__engine__strength_태약,0.0,0.0
2,2,diff__hidden__natal_element_count_earth,0.0,0.0
2,2,diff__hidden__natal_element_count_fire,0.0,0.0
2,2,diff__hidden__natal_element_count_metal,0.0,0.0
2,2,diff__hidden__natal_element_count_water,0.0,0.0
2,2,diff__hidden__natal_element_count_wood,0.0,0.0
2,2,diff__hidden__natal_tg_count_officer,0.0,0.0
2,2,diff__hidden__natal_tg_count_output,0.0,0.0
2,2,diff__hidden__natal_tg_count_peer,0.0,0.0
2,2,diff__hidden__natal_tg_count_resource,0.0,0.0
2,2,diff__hidden__natal_tg_count_wealth,0.0,0.0
2,2,diff__relation__dw_branch_break_natal,0.0,0.0
2,2,diff__relation__dw_branch_clash_natal,1.0,-0.11451304536753726
2,2,diff__relation__dw_branch_combine_natal,0.0,0.0
2,2,diff__relation__dw_branch_harm_natal,0.0,0.0
2,2,diff__relation__dw_branch_punish_natal,0.0,0.0
2,2,diff__relation__dw_stem_clash_natal,0.0,0.0
2,2,diff__relation__dw_stem_combine_natal,0.0,0.0
2,2,diff__relation__sw_branch_break_natal,0.0,0.0
2,2,diff__relation__sw_branch_clash_natal,1.0,0.12250397798499574
2,2,diff__relation__sw_branch_combine_natal,0.0,0.0
2,2,diff__relation__sw_branch_harm_natal,0.0,0.0
2,2,diff__relation__sw_branch_punish_natal,1.0,0.045315337959406066
2,2,diff__relation__sw_dw_branch_break,0.0,0.0
2,2,diff__relation__sw_dw_branch_clash,1.0,0.06726995152186614
2,2,diff__relation__sw_dw_branch_combine,0.0,0.0
2,2,diff__relation__sw_dw_branch_harm,1.0,0.06918791891287909
2,2,diff__relation__sw_dw_branch_punish,1.0,0.16466185337105968
2,2,diff__relation__sw_dw_stem_clash,1.0,-0.13831692000924953
2,2,diff__relation__sw_dw_stem_combine,0.0,0.0
2,2,diff__relation__sw_stem_clash_natal,0.0,0.0
2,2,diff__relation__sw_stem_combine_natal,0.0,0.0
2,2,diff__shinsal__dw_breakdown_scalar,0.0,0.0
2,2,diff__shinsal__dw_gongmang_is_gongmang,0.0,0.0
2,2,diff__shinsal__dw_gongmang_rel,0.0,0.0
2,2,diff__shinsal__dw_gongmang_trine,0.0,0.0
2,2,diff__shinsal__dw_gongmang_unseong,0.0,0.0
2,2,diff__shinsal__dw_gongmang_yfit_branch,0.0,0.0
2,2,diff__shinsal__dw_indicators_귀인력,0.0,0.0
2,2,diff__shinsal__dw_noble_power,0.0,0.0
2,2,diff__shinsal__dw_신살_길신__count,1.0,-0.014454614678599084
2,2,diff__shinsal__dw_신살_길신__록신_,0.0,0.0
2,2,diff__shinsal__dw_신살_길신__문창귀인_,1.0,-0.14125425654123044
2,2,diff__shinsal__dw_신살_길신__반안_,0.0,0.0
2,2,diff__shinsal__dw_신살_길신__장성_,1.0,-0.11365612645683149
2,2,diff__shinsal__dw_신살_길신__천을귀인_,0.0,0.0
2,2,diff__shinsal__dw_신살_길신__천희_,0.0,0.0
2,2,diff__shinsal__dw_신살_길신__홍란_,0.0,0.0
2,2,diff__shinsal__dw_신살_길신__화개_,0.0,0.0
2,2,diff__shinsal__dw_신살_흉살__count,0.0,0.0
2,2,diff__shinsal__dw_신살_흉살__겁살_,0.0,0.0
2,2,diff__shinsal__dw_신살_흉살__고진_,0.0,0.0
2,2,diff__shinsal__dw_신살_흉살__과숙_,0.0,0.0
2,2,diff__shinsal__dw_신살_흉살__도화_,0.0,0.0
2,2,diff__shinsal__dw_신살_흉살__망신_,0.0,0.0
2,2,diff__shinsal__dw_신살_흉살__양인_,0.0,0.0
2,2,diff__shinsal__dw_신살_흉살__역마_,0.0,0.0
2,2,diff__shinsal__sw_indicators_귀인력,0.0,0.0
2,2,diff__shinsal__sw_세운_신살_길신__count,1.0,0.1204126320708658
2,2,diff__shinsal__sw_세운_신살_길신__록신_,0.0,0.0
2,2,diff__shinsal__sw_세운_신살_길신__문창귀인_,1.0,-0.2295573398362912
2,2,diff__shinsal__sw_세운_신살_길신__반안_,1.0,0.04323079965691301
2,2,diff__shinsal__sw_세운_신살_길신__장성_,0.0,0.0
2,2,diff__shinsal__sw_세운_신살_길신__천을귀인_,1.0,0.03262557629837083
2,2,diff__shinsal__sw_세운_신살_길신__천희_,0.0,0.0
2,2,diff__shinsal__sw_세운_신살_길신__홍란_,0.0,0.0
2,2,diff__shinsal__sw_세운_신살_길신__화개_,1.0,0.04323079965691301
2,2,diff__shinsal__sw_세운_신살_흉살__count,0.0,0.0
2,2,diff__shinsal__sw_세운_신살_흉살__겁살_,0.0,0.0
2,2,diff__shinsal__sw_세운_신살_흉살__고진_,0.0,0.0
2,2,diff__shinsal__sw_세운_신살_흉살__과숙_,0.0,0.0
2,2,diff__shinsal__sw_세운_신살_흉살__도화_,0.0,0.0
2,2,diff__shinsal__sw_세운_신살_흉살__망신_,0.0,0.0
2,2,diff__shinsal__sw_세운_신살_흉살__양인_,0.0,0.0
2,2,diff__shinsal__sw_세운_신살_흉살__역마_,0.0,0.0
2,2,diff__tengod__dw_group_officer,0.0,0.0
2,2,diff__tengod__dw_group_output,0.0,0.0
2,2,diff__tengod__dw_group_peer,0.0,0.0
2,2,diff__tengod__dw_group_resource,0.0,0.0
2,2,diff__tengod__dw_group_wealth,0.0,0.0
2,2,diff__tengod__sw_group_officer,0.0,0.0
2,2,diff__tengod__sw_group_output,0.0,0.0
2,2,diff__tengod__sw_group_peer,0.0,0.0
2,2,diff__tengod__sw_group_resource,0.0,0.0
2,2,diff__tengod__sw_group_wealth,0.0,0.0
2,2,diff__tg10__dw_branch_hidden_bijian,0.0,0.0
2,2,diff__tg10__dw_branch_hidden_jiecai,0.0,0.0
2,2,diff__tg10__dw_branch_hidden_pian_cai,0.0,0.0
2,2,diff__tg10__dw_branch_hidden_pian_yin,0.0,0.0
2,2,diff__tg10__dw_branch_hidden_qi_sha,0.0,0.0
2,2,diff__tg10__dw_branch_hidden_shangguan,0.0,0.0
2,2,diff__tg10__dw_branch_hidden_shishen,0.0,0.0
2,2,diff__tg10__dw_branch_hidden_zheng_cai,0.0,0.0
2,2,diff__tg10__dw_branch_hidden_zheng_guan,1.0,-0.2990187671444575
2,2,diff__tg10__dw_branch_hidden_zheng_yin,0.0,0.0
2,2,diff__tg10__dw_stem_bijian,0.0,0.0
2,2,diff__tg10__dw_stem_jiecai,0.0,0.0
2,2,diff__tg10__dw_stem_pian_cai,0.0,0.0
2,2,diff__tg10__dw_stem_pian_yin,0.0,0.0
2,2,diff__tg10__dw_stem_qi_sha,0.0,0.0
2,2,diff__tg10__dw_stem_shangguan,0.0,0.0
2,2,diff__tg10__dw_stem_shishen,0.0,0.0
2,2,diff__tg10__dw_stem_zheng_cai,0.0,0.0
2,2,diff__tg10__dw_stem_zheng_guan,0.0,0.0
2,2,diff__tg10__dw_stem_zheng_yin,0.0,0.0
2,2,diff__tg10__sw_branch_hidden_bijian,0.0,0.0
2,2,diff__tg10__sw_branch_hidden_jiecai,0.0,0.0
2,2,diff__tg10__sw_branch_hidden_pian_cai,0.0,0.0
2,2,diff__tg10__sw_branch_hidden_pian_yin,0.0,0.0
2,2,diff__tg10__sw_branch_hidden_qi_sha,0.0,0.0
2,2,diff__tg10__sw_branch_hidden_shangguan,0.0,0.0
2,2,diff__tg10__sw_branch_hidden_shishen,0.0,0.0
2,2,diff__tg10__sw_branch_hidden_zheng_cai,1.0,0.2072231833848096
2,2,diff__tg10__sw_branch_hidden_zheng_guan,0.0,0.0
2,2,diff__tg10__sw_branch_hidden_zheng_yin,0.0,0.0
2,2,diff__tg10__sw_stem_bijian,0.0,0.0
2,2,diff__tg10__sw_stem_jiecai,1.0,0.21628894596545803
2,2,diff__tg10__sw_stem_pian_cai,0.0,0.0
2,2,diff__tg10__sw_stem_pian_yin,0.0,0.0
2,2,diff__tg10__sw_stem_qi_sha,0.0,0.0
2,2,diff__tg10__sw_stem_shangguan,0.0,0.0
2,2,diff__tg10__sw_stem_shishen,0.0,0.0
2,2,diff__tg10__sw_stem_zheng_cai,0.0,0.0
2,2,diff__tg10__sw_stem_zheng_guan,0.0,0.0
2,2,diff__tg10__sw_stem_zheng_yin,0.0,0.0
2,2,diff__tgxstrength__dw_bijian_neutral,0.0,0.0
2,2,diff__tgxstrength__dw_bijian_strong,0.0,0.0
2,2,diff__tgxstrength__dw_bijian_weak,0.0,0.0
2,2,diff__tgxstrength__dw_jiecai_neutral,0.0,0.0
2,2,diff__tgxstrength__dw_jiecai_strong,0.0,0.0
2,2,diff__tgxstrength__dw_jiecai_weak,0.0,0.0
2,2,diff__tgxstrength__dw_pian_cai_neutral,0.0,0.0
2,2,diff__tgxstrength__dw_pian_cai_strong,0.0,0.0
2,2,diff__tgxstrength__dw_pian_cai_weak,0.0,0.0
2,2,diff__tgxstrength__dw_pian_yin_neutral,0.0,0.0
2,2,diff__tgxstrength__dw_pian_yin_strong,0.0,0.0
2,2,diff__tgxstrength__dw_pian_yin_weak,0.0,0.0
2,2,diff__tgxstrength__dw_qi_sha_neutral,0.0,0.0
2,2,diff__tgxstrength__dw_qi_sha_strong,0.0,0.0
2,2,diff__tgxstrength__dw_qi_sha_weak,0.0,0.0
2,2,diff__tgxstrength__dw_shangguan_neutral,0.0,0.0
2,2,diff__tgxstrength__dw_shangguan_strong,0.0,0.0
2,2,diff__tgxstrength__dw_shangguan_weak,0.0,0.0
2,2,diff__tgxstrength__dw_shishen_neutral,0.0,0.0
2,2,diff__tgxstrength__dw_shishen_strong,0.0,0.0
2,2,diff__tgxstrength__dw_shishen_weak,0.0,0.0
2,2,diff__tgxstrength__dw_zheng_cai_neutral,0.0,0.0
2,2,diff__tgxstrength__dw_zheng_cai_strong,0.0,0.0
2,2,diff__tgxstrength__dw_zheng_cai_weak,0.0,0.0
2,2,diff__tgxstrength__dw_zheng_guan_neutral,0.0,0.0
2,2,diff__tgxstrength__dw_zheng_guan_strong,0.0,0.0
2,2,diff__tgxstrength__dw_zheng_guan_weak,0.0,0.0
2,2,diff__tgxstrength__dw_zheng_yin_neutral,0.0,0.0
2,2,diff__tgxstrength__dw_zheng_yin_strong,0.0,0.0
2,2,diff__tgxstrength__dw_zheng_yin_weak,0.0,0.0
2,2,diff__tgxstrength__sw_bijian_neutral,0.0,0.0
2,2,diff__tgxstrength__sw_bijian_strong,0.0,0.0
2,2,diff__tgxstrength__sw_bijian_weak,0.0,0.0
2,2,diff__tgxstrength__sw_jiecai_neutral,0.0,0.0
2,2,diff__tgxstrength__sw_jiecai_strong,0.0,0.0
2,2,diff__tgxstrength__sw_jiecai_weak,0.0,0.0
2,2,diff__tgxstrength__sw_pian_cai_neutral,0.0,0.0
2,2,diff__tgxstrength__sw_pian_cai_strong,0.0,0.0
2,2,diff__tgxstrength__sw_pian_cai_weak,0.0,0.0
2,2,diff__tgxstrength__sw_pian_yin_neutral,0.0,0.0
2,2,diff__tgxstrength__sw_pian_yin_strong,1.0,0.07787575017983814
2,2,diff__tgxstrength__sw_pian_yin_weak,0.0,0.0
2,2,diff__tgxstrength__sw_qi_sha_neutral,0.0,0.0
2,2,diff__tgxstrength__sw_qi_sha_strong,0.0,0.0
2,2,diff__tgxstrength__sw_qi_sha_weak,1.0,-0.10285043775287459
2,2,diff__tgxstrength__sw_shangguan_neutral,0.0,0.0
2,2,diff__tgxstrength__sw_shangguan_strong,0.0,0.0
2,2,diff__tgxstrength__sw_shangguan_weak,0.0,0.0
2,2,diff__tgxstrength__sw_shishen_neutral,0.0,0.0
2,2,diff__tgxstrength__sw_shishen_strong,1.0,-0.06791199687661968
2,2,diff__tgxstrength__sw_shishen_weak,0.0,0.0
2,2,diff__tgxstrength__sw_zheng_cai_neutral,0.0,0.0
2,2,diff__tgxstrength__sw_zheng_cai_strong,0.0,0.0
2,2,diff__tgxstrength__sw_zheng_cai_weak,0.0,0.0
2,2,diff__tgxstrength__sw_zheng_guan_neutral,0.0,0.0
2,2,diff__tgxstrength__sw_zheng_guan_strong,0.0,0.0
2,2,diff__tgxstrength__sw_zheng_guan_weak,0.0,0.0
2,2,diff__tgxstrength__sw_zheng_yin_neutral,0.0,0.0
2,2,diff__tgxstrength__sw_zheng_yin_strong,1.0,-0.16596368192513258
2,2,diff__tgxstrength__sw_zheng_yin_weak,0.0,0.0
2,2,diff__unseong__dw_raw_score,0.0,0.0
2,2,diff__unseong__dw_score_x_strength,0.0,0.0
2,2,diff__unseong__dw_state_건록,0.0,0.0
2,2,diff__unseong__dw_state_관대,0.0,0.0
2,2,diff__unseong__dw_state_목욕,0.0,0.0
2,2,diff__unseong__dw_state_묘,0.0,0.0
2,2,diff__unseong__dw_state_병,0.0,0.0
2,2,diff__unseong__dw_state_사,0.0,0.0
2,2,diff__unseong__dw_state_쇠,0.0,0.0
2,2,diff__unseong__dw_state_양,0.0,0.0
2,2,diff__unseong__dw_state_장생,0.0,0.0
2,2,diff__unseong__dw_state_절,1.0,0.1954587969105505
2,2,diff__unseong__dw_state_제왕,0.0,0.0
2,2,diff__unseong__dw_state_태,0.0,0.0
2,2,diff__unseong__sw_raw_score,1.0,-0.08724643219679873
2,2,diff__unseong__sw_score_x_strength,0.0,0.0
2,2,diff__unseong__sw_state_건록,0.0,0.0
2,2,diff__unseong__sw_state_관대,0.0,0.0
2,2,diff__unseong__sw_state_목욕,0.0,0.0
2,2,diff__unseong__sw_state_묘,0.0,0.0
2,2,diff__unseong__sw_state_병,1.0,-0.08336949320156437
2,2,diff__unseong__sw_state_사,0.0,0.0
2,2,diff__unseong__sw_state_쇠,0.0,0.0
2,2,diff__unseong__sw_state_양,0.0,0.0
2,2,diff__unseong__sw_state_장생,1.0,-0.2557485303748787
2,2,diff__unseong__sw_state_절,1.0,0.05179273924451968
2,2,diff__unseong__sw_state_제왕,0.0,0.0
2,2,diff__unseong__sw_state_태,0.0,0.0
2,2,diff__yongshin__dw_gi_fit,0.0,0.0
2,2,diff__yongshin__dw_gu_fit,0.0,0.0
2,2,diff__yongshin__dw_hee_fit,0.0,0.0
2,2,diff__yongshin__dw_supplies_fav,1.0,-0.04893409118430872
2,2,diff__yongshin__dw_supplies_unfav,0.0,0.0
2,2,diff__yongshin__dw_yong_branch_fit,0.0,0.0
2,2,diff__yongshin__dw_yong_fit,0.0,0.0
2,2,diff__yongshin__dw_yong_stem_fit,0.0,0.0
2,2,diff__yongshin__sw_gi_fit,0.0,0.0
2,2,diff__yongshin__sw_gu_fit,0.0,0.0
2,2,diff__yongshin__sw_hee_fit,0.0,0.0
2,2,diff__yongshin__sw_supplies_fav,0.0,0.0
2,2,diff__yongshin__sw_supplies_unfav,0.0,0.0
2,2,diff__yongshin__sw_yong_branch_fit,0.0,0.0
2,2,diff__yongshin__sw_yong_fit,0.0,0.0
2,2,diff__yongshin__sw_yong_stem_fit,1.0,-0.0723108312376593
2,3,diff__basic__daymaster_element_earth,0.0,0.0
2,3,diff__basic__daymaster_element_fire,0.0,0.0
2,3,diff__basic__daymaster_element_metal,0.0,0.0
2,3,diff__basic__daymaster_element_water,0.0,0.0
2,3,diff__basic__daymaster_element_wood,0.0,0.0
2,3,diff__basic__daymaster_stem_丁,0.0,0.0
2,3,diff__basic__daymaster_stem_丙,0.0,0.0
2,3,diff__basic__daymaster_stem_乙,0.0,0.0
2,3,diff__basic__daymaster_stem_壬,0.0,0.0
2,3,diff__basic__daymaster_stem_己,0.0,0.0
2,3,diff__basic__daymaster_stem_庚,0.0,0.0
2,3,diff__basic__daymaster_stem_戊,0.0,0.0
2,3,diff__basic__daymaster_stem_甲,0.0,0.0
2,3,diff__basic__daymaster_stem_癸,0.0,0.0
2,3,diff__basic__daymaster_stem_辛,0.0,0.0
2,3,diff__basic__dw_branch_丑,0.0,0.0
2,3,diff__basic__dw_branch_亥,0.0,0.0
2,3,diff__basic__dw_branch_午,0.0,0.0
2,3,diff__basic__dw_branch_卯,0.0,0.0
2,3,diff__basic__dw_branch_子,0.0,0.0
2,3,diff__basic__dw_branch_寅,0.0,0.0
2,3,diff__basic__dw_branch_巳,0.0,0.0
2,3,diff__basic__dw_branch_戌,0.0,0.0
2,3,diff__basic__dw_branch_未,0.0,0.0
2,3,diff__basic__dw_branch_申,0.0,0.0
2,3,diff__basic__dw_branch_辰,0.0,0.0
2,3,diff__basic__dw_branch_酉,0.0,0.0
2,3,diff__basic__dw_element_earth,0.0,0.0
2,3,diff__basic__dw_element_fire,1.0,0.08309566829288681
2,3,diff__basic__dw_element_metal,0.0,0.0
2,3,diff__basic__dw_element_water,0.0,0.0
2,3,diff__basic__dw_element_wood,0.0,0.0
2,3,diff__basic__dw_stem_丁,0.0,0.0
2,3,diff__basic__dw_stem_丙,0.0,0.0
2,3,diff__basic__dw_stem_乙,0.0,0.0
2,3,diff__basic__dw_stem_壬,0.0,0.0
2,3,diff__basic__dw_stem_己,0.0,0.0
2,3,diff__basic__dw_stem_庚,0.0,0.0
2,3,diff__basic__dw_stem_戊,0.0,0.0
2,3,diff__basic__dw_stem_甲,0.0,0.0
2,3,diff__basic__dw_stem_癸,0.0,0.0
2,3,diff__basic__dw_stem_辛,0.0,0.0
2,3,diff__basic__dw_yy_yang,0.0,0.0
2,3,diff__basic__dw_yy_yin,0.0,0.0
2,3,diff__basic__natal_day_branch_丑,0.0,0.0
2,3,diff__basic__natal_day_branch_亥,0.0,0.0
2,3,diff__basic__natal_day_branch_午,0.0,0.0
2,3,diff__basic__natal_day_branch_卯,0.0,0.0
2,3,diff__basic__natal_day_branch_子,0.0,0.0
2,3,diff__basic__natal_day_branch_寅,0.0,0.0
2,3,diff__basic__natal_day_branch_巳,0.0,0.0
2,3,diff__basic__natal_day_branch_戌,0.0,0.0
2,3,diff__basic__natal_day_branch_未,0.0,0.0
2,3,diff__basic__natal_day_branch_申,0.0,0.0
2,3,diff__basic__natal_day_branch_辰,0.0,0.0
2,3,diff__basic__natal_day_branch_酉,0.0,0.0
2,3,diff__basic__natal_day_stem_丁,0.0,0.0
2,3,diff__basic__natal_day_stem_丙,0.0,0.0
2,3,diff__basic__natal_day_stem_乙,0.0,0.0
2,3,diff__basic__natal_day_stem_壬,0.0,0.0
2,3,diff__basic__natal_day_stem_己,0.0,0.0
2,3,diff__basic__natal_day_stem_庚,0.0,0.0
2,3,diff__basic__natal_day_stem_戊,0.0,0.0
2,3,diff__basic__natal_day_stem_甲,0.0,0.0
2,3,diff__basic__natal_day_stem_癸,0.0,0.0
2,3,diff__basic__natal_day_stem_辛,0.0,0.0
2,3,diff__basic__natal_element_count_earth,0.0,0.0
2,3,diff__basic__natal_element_count_fire,0.0,0.0
2,3,diff__basic__natal_element_count_metal,0.0,0.0
2,3,diff__basic__natal_element_count_water,0.0,0.0
2,3,diff__basic__natal_element_count_wood,0.0,0.0
2,3,diff__basic__natal_hour_branch_丑,0.0,0.0
2,3,diff__basic__natal_hour_branch_亥,0.0,0.0
2,3,diff__basic__natal_hour_branch_午,0.0,0.0
2,3,diff__basic__natal_hour_branch_卯,0.0,0.0
2,3,diff__basic__natal_hour_branch_子,0.0,0.0
2,3,diff__basic__natal_hour_branch_寅,0.0,0.0
2,3,diff__basic__natal_hour_branch_巳,0.0,0.0
2,3,diff__basic__natal_hour_branch_戌,0.0,0.0
2,3,diff__basic__natal_hour_branch_未,0.0,0.0
2,3,diff__basic__natal_hour_branch_申,0.0,0.0
2,3,diff__basic__natal_hour_branch_辰,0.0,0.0
2,3,diff__basic__natal_hour_branch_酉,0.0,0.0
2,3,diff__basic__natal_hour_stem_丁,0.0,0.0
2,3,diff__basic__natal_hour_stem_丙,0.0,0.0
2,3,diff__basic__natal_hour_stem_乙,0.0,0.0
2,3,diff__basic__natal_hour_stem_壬,0.0,0.0
2,3,diff__basic__natal_hour_stem_己,0.0,0.0
2,3,diff__basic__natal_hour_stem_庚,0.0,0.0
2,3,diff__basic__natal_hour_stem_戊,0.0,0.0
2,3,diff__basic__natal_hour_stem_甲,0.0,0.0
2,3,diff__basic__natal_hour_stem_癸,0.0,0.0
2,3,diff__basic__natal_hour_stem_辛,0.0,0.0
2,3,diff__basic__natal_month_branch_丑,0.0,0.0
2,3,diff__basic__natal_month_branch_亥,0.0,0.0
2,3,diff__basic__natal_month_branch_午,0.0,0.0
2,3,diff__basic__natal_month_branch_卯,0.0,0.0
2,3,diff__basic__natal_month_branch_子,0.0,0.0
2,3,diff__basic__natal_month_branch_寅,0.0,0.0
2,3,diff__basic__natal_month_branch_巳,0.0,0.0
2,3,diff__basic__natal_month_branch_戌,0.0,0.0
2,3,diff__basic__natal_month_branch_未,0.0,0.0
2,3,diff__basic__natal_month_branch_申,0.0,0.0
2,3,diff__basic__natal_month_branch_辰,0.0,0.0
2,3,diff__basic__natal_month_branch_酉,0.0,0.0
2,3,diff__basic__natal_month_stem_丁,0.0,0.0
2,3,diff__basic__natal_month_stem_丙,0.0,0.0
2,3,diff__basic__natal_month_stem_乙,0.0,0.0
2,3,diff__basic__natal_month_stem_壬,0.0,0.0
2,3,diff__basic__natal_month_stem_己,0.0,0.0
2,3,diff__basic__natal_month_stem_庚,0.0,0.0
2,3,diff__basic__natal_month_stem_戊,0.0,0.0
2,3,diff__basic__natal_month_stem_甲,0.0,0.0
2,3,diff__basic__natal_month_stem_癸,0.0,0.0
2,3,diff__basic__natal_month_stem_辛,0.0,0.0
2,3,diff__basic__natal_year_branch_丑,0.0,0.0
2,3,diff__basic__natal_year_branch_亥,0.0,0.0
2,3,diff__basic__natal_year_branch_午,0.0,0.0
2,3,diff__basic__natal_year_branch_卯,0.0,0.0
2,3,diff__basic__natal_year_branch_子,0.0,0.0
2,3,diff__basic__natal_year_branch_寅,0.0,0.0
2,3,diff__basic__natal_year_branch_巳,0.0,0.0
2,3,diff__basic__natal_year_branch_戌,0.0,0.0
2,3,diff__basic__natal_year_branch_未,0.0,0.0
2,3,diff__basic__natal_year_branch_申,0.0,0.0
2,3,diff__basic__natal_year_branch_辰,0.0,0.0
2,3,diff__basic__natal_year_branch_酉,0.0,0.0
2,3,diff__basic__natal_year_stem_丁,0.0,0.0
2,3,diff__basic__natal_year_stem_丙,0.0,0.0
2,3,diff__basic__natal_year_stem_乙,0.0,0.0
2,3,diff__basic__natal_year_stem_壬,0.0,0.0
2,3,diff__basic__natal_year_stem_己,0.0,0.0
2,3,diff__basic__natal_year_stem_庚,0.0,0.0
2,3,diff__basic__natal_year_stem_戊,0.0,0.0
2,3,diff__basic__natal_year_stem_甲,0.0,0.0
2,3,diff__basic__natal_year_stem_癸,0.0,0.0
2,3,diff__basic__natal_year_stem_辛,0.0,0.0
2,3,diff__basic__sw_branch_丑,0.0,0.0
2,3,diff__basic__sw_branch_亥,0.0,0.0
2,3,diff__basic__sw_branch_午,0.0,0.0
2,3,diff__basic__sw_branch_卯,0.0,0.0
2,3,diff__basic__sw_branch_子,0.0,0.0
2,3,diff__basic__sw_branch_寅,0.0,0.0
2,3,diff__basic__sw_branch_巳,0.0,0.0
2,3,diff__basic__sw_branch_戌,1.0,0.09740381305241327
2,3,diff__basic__sw_branch_未,0.0,0.0
2,3,diff__basic__sw_branch_申,0.0,0.0
2,3,diff__basic__sw_branch_辰,0.0,0.0
2,3,diff__basic__sw_branch_酉,0.0,0.0
2,3,diff__basic__sw_element_earth,1.0,-0.2370463551263514
2,3,diff__basic__sw_element_fire,0.0,0.0
2,3,diff__basic__sw_element_metal,0.0,0.0
2,3,diff__basic__sw_element_water,0.0,0.0
2,3,diff__basic__sw_element_wood,0.0,0.0
2,3,diff__basic__sw_stem_丁,0.0,0.0
2,3,diff__basic__sw_stem_丙,0.0,0.0
2,3,diff__basic__sw_stem_乙,0.0,0.0
2,3,diff__basic__sw_stem_壬,0.0,0.0
2,3,diff__basic__sw_stem_己,0.0,0.0
2,3,diff__basic__sw_stem_庚,1.0,-0.004732105903348584
2,3,diff__basic__sw_stem_戊,0.0,0.0
2,3,diff__basic__sw_stem_甲,0.0,0.0
2,3,diff__basic__sw_stem_癸,0.0,0.0
2,3,diff__basic__sw_stem_辛,0.0,0.0
2,3,diff__basic__sw_yy_yang,0.0,0.0
2,3,diff__basic__sw_yy_yin,0.0,0.0
2,3,diff__engine__strength_극약,0.0,0.0
2,3,diff__engine__strength_극왕,0.0,0.0
2,3,diff__engine__strength_신강,0.0,0.0
2,3,diff__engine__strength_신약,0.0,0.0
2,3,diff__engine__strength_중화신강,0.0,0.0
2,3,diff__engine__strength_중화신약,0.0,0.0
2,3,diff__engine__strength_태강,0.0,0.0
2,3,diff__engine__strength_태약,0.0,0.0
2,3,diff__hidden__natal_element_count_earth,0.0,0.0
2,3,diff__hidden__natal_element_count_fire,0.0,0.0
2,3,diff__hidden__natal_element_count_metal,0.0,0.0
2,3,diff__hidden__natal_element_count_water,0.0,0.0
2,3,diff__hidden__natal_element_count_wood,0.0,0.0
2,3,diff__hidden__natal_tg_count_officer,0.0,0.0
2,3,diff__hidden__natal_tg_count_output,0.0,0.0
2,3,diff__hidden__natal_tg_count_peer,0.0,0.0
2,3,diff__hidden__natal_tg_count_resource,0.0,0.0
2,3,diff__hidden__natal_tg_count_wealth,0.0,0.0
2,3,diff__relation__dw_branch_break_natal,0.0,0.0
2,3,diff__relation__dw_branch_clash_natal,0.0,0.0
2,3,diff__relation__dw_branch_combine_natal,0.0,0.0
2,3,diff__relation__dw_branch_harm_natal,0.0,0.0
2,3,diff__relation__dw_branch_punish_natal,0.0,0.0
2,3,diff__relation__dw_stem_clash_natal,0.0,0.0
2,3,diff__relation__dw_stem_combine_natal,1.0,0.05458631459617597
2,3,diff__relation__sw_branch_break_natal,0.0,0.0
2,3,diff__relation__sw_branch_clash_natal,1.0,0.27692073869138933
2,3,diff__relation__sw_branch_combine_natal,0.0,0.0
2,3,diff__relation__sw_branch_harm_natal,0.0,0.0
2,3,diff__relation__sw_branch_punish_natal,0.0,0.0
2,3,diff__relation__sw_dw_branch_break,0.0,0.0
2,3,diff__relation__sw_dw_branch_clash,0.0,0.0
2,3,diff__relation__sw_dw_branch_combine,0.0,0.0
2,3,diff__relation__sw_dw_branch_harm,0.0,0.0
2,3,diff__relation__sw_dw_branch_punish,1.0,0.0038747424073991947
2,3,diff__relation__sw_dw_stem_clash,1.0,-0.05735372152986694
2,3,diff__relation__sw_dw_stem_combine,0.0,0.0
2,3,diff__relation__sw_stem_clash_natal,0.0,0.0
2,3,diff__relation__sw_stem_combine_natal,0.0,0.0
2,3,diff__shinsal__dw_breakdown_scalar,0.0,0.0
2,3,diff__shinsal__dw_gongmang_is_gongmang,0.0,0.0
2,3,diff__shinsal__dw_gongmang_rel,0.0,0.0
2,3,diff__shinsal__dw_gongmang_trine,0.0,0.0
2,3,diff__shinsal__dw_gongmang_unseong,0.0,0.0
2,3,diff__shinsal__dw_gongmang_yfit_branch,0.0,0.0
2,3,diff__shinsal__dw_indicators_귀인력,0.0,0.0
2,3,diff__shinsal__dw_noble_power,0.0,0.0
2,3,diff__shinsal__dw_신살_길신__count,0.0,0.0
2,3,diff__shinsal__dw_신살_길신__록신_,0.0,0.0
2,3,diff__shinsal__dw_신살_길신__문창귀인_,0.0,0.0
2,3,diff__shinsal__dw_신살_길신__반안_,0.0,0.0
2,3,diff__shinsal__dw_신살_길신__장성_,0.0,0.0
2,3,diff__shinsal__dw_신살_길신__천을귀인_,0.0,0.0
2,3,diff__shinsal__dw_신살_길신__천희_,1.0,0.07615497707960689
2,3,diff__shinsal__dw_신살_길신__홍란_,0.0,0.0
2,3,diff__shinsal__dw_신살_길신__화개_,0.0,0.0
2,3,diff__shinsal__dw_신살_흉살__count,0.0,0.0
2,3,diff__shinsal__dw_신살_흉살__겁살_,0.0,0.0
2,3,diff__shinsal__dw_신살_흉살__고진_,0.0,0.0
2,3,diff__shinsal__dw_신살_흉살__과숙_,1.0,-0.20025525348613676
2,3,diff__shinsal__dw_신살_흉살__도화_,0.0,0.0
2,3,diff__shinsal__dw_신살_흉살__망신_,0.0,0.0
2,3,diff__shinsal__dw_신살_흉살__양인_,0.0,0.0
2,3,diff__shinsal__dw_신살_흉살__역마_,0.0,0.0
2,3,diff__shinsal__sw_indicators_귀인력,0.0,0.0
2,3,diff__shinsal__sw_세운_신살_길신__count,1.0,0.10178176956144538
2,3,diff__shinsal__sw_세운_신살_길신__록신_,0.0,0.0
2,3,diff__shinsal__sw_세운_신살_길신__문창귀인_,1.0,-0.11050554519244249
2,3,diff__shinsal__sw_세운_신살_길신__반안_,0.0,0.0
2,3,diff__shinsal__sw_세운_신살_길신__장성_,0.0,0.0
2,3,diff__shinsal__sw_세운_신살_길신__천을귀인_,0.0,0.0
2,3,diff__shinsal__sw_세운_신살_길신__천희_,0.0,0.0
2,3,diff__shinsal__sw_세운_신살_길신__홍란_,0.0,0.0
2,3,diff__shinsal__sw_세운_신살_길신__화개_,0.0,0.0
2,3,diff__shinsal__sw_세운_신살_흉살__count,0.0,0.0
2,3,diff__shinsal__sw_세운_신살_흉살__겁살_,0.0,0.0
2,3,diff__shinsal__sw_세운_신살_흉살__고진_,0.0,0.0
2,3,diff__shinsal__sw_세운_신살_흉살__과숙_,0.0,0.0
2,3,diff__shinsal__sw_세운_신살_흉살__도화_,0.0,0.0
2,3,diff__shinsal__sw_세운_신살_흉살__망신_,0.0,0.0
2,3,diff__shinsal__sw_세운_신살_흉살__양인_,0.0,0.0
2,3,diff__shinsal__sw_세운_신살_흉살__역마_,0.0,0.0
2,3,diff__tengod__dw_group_officer,0.0,0.0
2,3,diff__tengod__dw_group_output,0.0,0.0
2,3,diff__tengod__dw_group_peer,0.0,0.0
2,3,diff__tengod__dw_group_resource,0.0,0.0
2,3,diff__tengod__dw_group_wealth,0.0,0.0
2,3,diff__tengod__sw_group_officer,0.0,0.0
2,3,diff__tengod__sw_group_output,0.0,0.0
2,3,diff__tengod__sw_group_peer,0.0,0.0
2,3,diff__tengod__sw_group_resource,0.0,0.0
2,3,diff__tengod__sw_group_wealth,0.0,0.0
2,3,diff__tg10__dw_branch_hidden_bijian,1.0,0.3337960579103768
2,3,diff__tg10__dw_branch_hidden_jiecai,0.0,0.0
2,3,diff__tg10__dw_branch_hidden_pian_cai,0.0,0.0
2,3,diff__tg10__dw_branch_hidden_pian_yin,1.0,0.1594640431830096
2,3,diff__tg10__dw_branch_hidden_qi_sha,0.0,0.0
2,3,diff__tg10__dw_branch_hidden_shangguan,0.0,0.0
2,3,diff__tg10__dw_branch_hidden_shishen,0.0,0.0
2,3,diff__tg10__dw_branch_hidden_zheng_cai,0.0,0.0
2,3,diff__tg10__dw_branch_hidden_zheng_guan,1.0,-0.021627859150138647
2,3,diff__tg10__dw_branch_hidden_zheng_yin,0.0,0.0
2,3,diff__tg10__dw_stem_bijian,0.0,0.0
2,3,diff__tg10__dw_stem_jiecai,0.0,0.0
2,3,diff__tg10__dw_stem_pian_cai,0.0,0.0
2,3,diff__tg10__dw_stem_pian_yin,0.0,0.0
2,3,diff__tg10__dw_stem_qi_sha,0.0,0.0
2,3,diff__tg10__dw_stem_shangguan,0.0,0.0
2,3,diff__tg10__dw_stem_shishen,0.0,0.0
2,3,diff__tg10__dw_stem_zheng_cai,1.0,0.0541264965881404
2,3,diff__tg10__dw_stem_zheng_guan,0.0,0.0
2,3,diff__tg10__dw_stem_zheng_yin,0.0,0.0
2,3,diff__tg10__sw_branch_hidden_bijian,0.0,0.0
2,3,diff__tg10__sw_branch_hidden_jiecai,0.0,0.0
2,3,diff__tg10__sw_branch_hidden_pian_cai,0.0,0.0
2,3,diff__tg10__sw_branch_hidden_pian_yin,0.0,0.0
2,3,diff__tg10__sw_branch_hidden_qi_sha,0.0,0.0
2,3,diff__tg10__sw_branch_hidden_shangguan,0.0,0.0
2,3,diff__tg10__sw_branch_hidden_shishen,0.0,0.0
2,3,diff__tg10__sw_branch_hidden_zheng_cai,0.0,0.0
2,3,diff__tg10__sw_branch_hidden_zheng_guan,0.0,0.0
2,3,diff__tg10__sw_branch_hidden_zheng_yin,0.0,0.0
2,3,diff__tg10__sw_stem_bijian,0.0,0.0
2,3,diff__tg10__sw_stem_jiecai,0.0,0.0
2,3,diff__tg10__sw_stem_pian_cai,0.0,0.0
2,3,diff__tg10__sw_stem_pian_yin,0.0,0.0
2,3,diff__tg10__sw_stem_qi_sha,1.0,-0.04747533021247276
2,3,diff__tg10__sw_stem_shangguan,0.0,0.0
2,3,diff__tg10__sw_stem_shishen,0.0,0.0
2,3,diff__tg10__sw_stem_zheng_cai,0.0,0.0
2,3,diff__tg10__sw_stem_zheng_guan,0.0,0.0
2,3,diff__tg10__sw_stem_zheng_yin,0.0,0.0
2,3,diff__tgxstrength__dw_bijian_neutral,0.0,0.0
2,3,diff__tgxstrength__dw_bijian_strong,0.0,0.0
2,3,diff__tgxstrength__dw_bijian_weak,0.0,0.0
2,3,diff__tgxstrength__dw_jiecai_neutral,0.0,0.0
2,3,diff__tgxstrength__dw_jiecai_strong,0.0,0.0
2,3,diff__tgxstrength__dw_jiecai_weak,0.0,0.0
2,3,diff__tgxstrength__dw_pian_cai_neutral,0.0,0.0
2,3,diff__tgxstrength__dw_pian_cai_strong,0.0,0.0
2,3,diff__tgxstrength__dw_pian_cai_weak,0.0,0.0
2,3,diff__tgxstrength__dw_pian_yin_neutral,0.0,0.0
2,3,diff__tgxstrength__dw_pian_yin_strong,0.0,0.0
2,3,diff__tgxstrength__dw_pian_yin_weak,0.0,0.0
2,3,diff__tgxstrength__dw_qi_sha_neutral,0.0,0.0
2,3,diff__tgxstrength__dw_qi_sha_strong,0.0,0.0
2,3,diff__tgxstrength__dw_qi_sha_weak,0.0,0.0
2,3,diff__tgxstrength__dw_shangguan_neutral,0.0,0.0
2,3,diff__tgxstrength__dw_shangguan_strong,0.0,0.0
2,3,diff__tgxstrength__dw_shangguan_weak,0.0,0.0
2,3,diff__tgxstrength__dw_shishen_neutral,0.0,0.0
2,3,diff__tgxstrength__dw_shishen_strong,0.0,0.0
2,3,diff__tgxstrength__dw_shishen_weak,0.0,0.0
2,3,diff__tgxstrength__dw_zheng_cai_neutral,0.0,0.0
2,3,diff__tgxstrength__dw_zheng_cai_strong,0.0,0.0
2,3,diff__tgxstrength__dw_zheng_cai_weak,0.0,0.0
2,3,diff__tgxstrength__dw_zheng_guan_neutral,0.0,0.0
2,3,diff__tgxstrength__dw_zheng_guan_strong,0.0,0.0
2,3,diff__tgxstrength__dw_zheng_guan_weak,0.0,0.0
2,3,diff__tgxstrength__dw_zheng_yin_neutral,0.0,0.0
2,3,diff__tgxstrength__dw_zheng_yin_strong,0.0,0.0
2,3,diff__tgxstrength__dw_zheng_yin_weak,0.0,0.0
2,3,diff__tgxstrength__sw_bijian_neutral,0.0,0.0
2,3,diff__tgxstrength__sw_bijian_strong,0.0,0.0
2,3,diff__tgxstrength__sw_bijian_weak,0.0,0.0
2,3,diff__tgxstrength__sw_jiecai_neutral,0.0,0.0
2,3,diff__tgxstrength__sw_jiecai_strong,0.0,0.0
2,3,diff__tgxstrength__sw_jiecai_weak,0.0,0.0
2,3,diff__tgxstrength__sw_pian_cai_neutral,0.0,0.0
2,3,diff__tgxstrength__sw_pian_cai_strong,0.0,0.0
2,3,diff__tgxstrength__sw_pian_cai_weak,0.0,0.0
2,3,diff__tgxstrength__sw_pian_yin_neutral,0.0,0.0
2,3,diff__tgxstrength__sw_pian_yin_strong,1.0,0.02999976015849645
2,3,diff__tgxstrength__sw_pian_yin_weak,0.0,0.0
2,3,diff__tgxstrength__sw_qi_sha_neutral,0.0,0.0
2,3,diff__tgxstrength__sw_qi_sha_strong,0.0,0.0
2,3,diff__tgxstrength__sw_qi_sha_weak,1.0,-0.23203831858501764
2,3,diff__tgxstrength__sw_shangguan_neutral,0.0,0.0
2,3,diff__tgxstrength__sw_shangguan_strong,0.0,0.0
2,3,diff__tgxstrength__sw_shangguan_weak,0.0,0.0
2,3,diff__tgxstrength__sw_shishen_neutral,0.0,0.0
2,3,diff__tgxstrength__sw_shishen_strong,1.0,-0.07231919427964995
2,3,diff__tgxstrength__sw_shishen_weak,0.0,0.0
2,3,diff__tgxstrength__sw_zheng_cai_neutral,0.0,0.0
2,3,diff__tgxstrength__sw_zheng_cai_strong,0.0,0.0
2,3,diff__tgxstrength__sw_zheng_cai_weak,0.0,0.0
2,3,diff__tgxstrength__sw_zheng_guan_neutral,0.0,0.0
2,3,diff__tgxstrength__sw_zheng_guan_strong,0.0,0.0
2,3,diff__tgxstrength__sw_zheng_guan_weak,0.0,0.0
2,3,diff__tgxstrength__sw_zheng_yin_neutral,0.0,0.0
2,3,diff__tgxstrength__sw_zheng_yin_strong,0.0,0.0
2,3,diff__tgxstrength__sw_zheng_yin_weak,0.0,0.0
2,3,diff__unseong__dw_raw_score,0.0,0.0
2,3,diff__unseong__dw_score_x_strength,0.0,0.0
2,3,diff__unseong__dw_state_건록,0.0,0.0
2,3,diff__unseong__dw_state_관대,0.0,0.0
2,3,diff__unseong__dw_state_목욕,0.0,0.0
2,3,diff__unseong__dw_state_묘,0.0,0.0
2,3,diff__unseong__dw_state_병,0.0,0.0
2,3,diff__unseong__dw_state_사,1.0,-0.14122916698483048
2,3,diff__unseong__dw_state_쇠,0.0,0.0
2,3,diff__unseong__dw_state_양,0.0,0.0
2,3,diff__unseong__dw_state_장생,0.0,0.0
2,3,diff__unseong__dw_state_절,1.0,0.006426331906773137
2,3,diff__unseong__dw_state_제왕,0.0,0.0
2,3,diff__unseong__dw_state_태,0.0,0.0
2,3,diff__unseong__sw_raw_score,1.0,-0.13034160671779935
2,3,diff__unseong__sw_score_x_strength,0.0,0.0
2,3,diff__unseong__sw_state_건록,0.0,0.0
2,3,diff__unseong__sw_state_관대,0.0,0.0
2,3,diff__unseong__sw_state_목욕,0.0,0.0
2,3,diff__unseong__sw_state_묘,0.0,0.0
2,3,diff__unseong__sw_state_병,1.0,-0.15128144966382354
2,3,diff__unseong__sw_state_사,0.0,0.0
2,3,diff__unseong__sw_state_쇠,0.0,0.0
2,3,diff__unseong__sw_state_양,1.0,0.04720936328728244
2,3,diff__unseong__sw_state_장생,1.0,-0.06022120281849621
2,3,diff__unseong__sw_state_절,0.0,0.0
2,3,diff__unseong__sw_state_제왕,0.0,0.0
2,3,diff__unseong__sw_state_태,0.0,0.0
2,3,diff__yongshin__dw_gi_fit,0.0,0.0
2,3,diff__yongshin__dw_gu_fit,0.0,0.0
2,3,diff__yongshin__dw_hee_fit,0.0,0.0
2,3,diff__yongshin__dw_supplies_fav,0.0,0.0
2,3,diff__yongshin__dw_supplies_unfav,0.0,0.0
2,3,diff__yongshin__dw_yong_branch_fit,0.0,0.0
2,3,diff__yongshin__dw_yong_fit,0.0,0.0
2,3,diff__yongshin__dw_yong_stem_fit,0.0,0.0
2,3,diff__yongshin__sw_gi_fit,0.0,0.0
2,3,diff__yongshin__sw_gu_fit,0.0,0.0
2,3,diff__yongshin__sw_hee_fit,0.0,0.0
2,3,diff__yongshin__sw_supplies_fav,0.0,0.0
2,3,diff__yongshin__sw_supplies_unfav,0.0,0.0
2,3,diff__yongshin__sw_yong_branch_fit,0.0,0.0
2,3,diff__yongshin__sw_yong_fit,0.0,0.0
2,3,diff__yongshin__sw_yong_stem_fit,0.0,0.0
2,4,diff__basic__daymaster_element_earth,0.0,0.0
2,4,diff__basic__daymaster_element_fire,0.0,0.0
2,4,diff__basic__daymaster_element_metal,0.0,0.0
2,4,diff__basic__daymaster_element_water,0.0,0.0
2,4,diff__basic__daymaster_element_wood,0.0,0.0
2,4,diff__basic__daymaster_stem_丁,0.0,0.0
2,4,diff__basic__daymaster_stem_丙,0.0,0.0
2,4,diff__basic__daymaster_stem_乙,0.0,0.0
2,4,diff__basic__daymaster_stem_壬,0.0,0.0
2,4,diff__basic__daymaster_stem_己,0.0,0.0
2,4,diff__basic__daymaster_stem_庚,0.0,0.0
2,4,diff__basic__daymaster_stem_戊,0.0,0.0
2,4,diff__basic__daymaster_stem_甲,0.0,0.0
2,4,diff__basic__daymaster_stem_癸,0.0,0.0
2,4,diff__basic__daymaster_stem_辛,0.0,0.0
2,4,diff__basic__dw_branch_丑,0.0,0.0
2,4,diff__basic__dw_branch_亥,0.0,0.0
2,4,diff__basic__dw_branch_午,0.0,0.0
2,4,diff__basic__dw_branch_卯,0.0,0.0
2,4,diff__basic__dw_branch_子,0.0,0.0
2,4,diff__basic__dw_branch_寅,0.0,0.0
2,4,diff__basic__dw_branch_巳,0.0,0.0
2,4,diff__basic__dw_branch_戌,0.0,0.0
2,4,diff__basic__dw_branch_未,0.0,0.0
2,4,diff__basic__dw_branch_申,0.0,0.0
2,4,diff__basic__dw_branch_辰,0.0,0.0
2,4,diff__basic__dw_branch_酉,0.0,0.0
2,4,diff__basic__dw_element_earth,0.0,0.0
2,4,diff__basic__dw_element_fire,0.0,0.0
2,4,diff__basic__dw_element_metal,0.0,0.0
2,4,diff__basic__dw_element_water,0.0,0.0
2,4,diff__basic__dw_element_wood,0.0,0.0
2,4,diff__basic__dw_stem_丁,0.0,0.0
2,4,diff__basic__dw_stem_丙,0.0,0.0
2,4,diff__basic__dw_stem_乙,0.0,0.0
2,4,diff__basic__dw_stem_壬,0.0,0.0
2,4,diff__basic__dw_stem_己,0.0,0.0
2,4,diff__basic__dw_stem_庚,0.0,0.0
2,4,diff__basic__dw_stem_戊,0.0,0.0
2,4,diff__basic__dw_stem_甲,0.0,0.0
2,4,diff__basic__dw_stem_癸,0.0,0.0
2,4,diff__basic__dw_stem_辛,0.0,0.0
2,4,diff__basic__dw_yy_yang,0.0,0.0
2,4,diff__basic__dw_yy_yin,0.0,0.0
2,4,diff__basic__natal_day_branch_丑,0.0,0.0
2,4,diff__basic__natal_day_branch_亥,0.0,0.0
2,4,diff__basic__natal_day_branch_午,0.0,0.0
2,4,diff__basic__natal_day_branch_卯,0.0,0.0
2,4,diff__basic__natal_day_branch_子,0.0,0.0
2,4,diff__basic__natal_day_branch_寅,0.0,0.0
2,4,diff__basic__natal_day_branch_巳,0.0,0.0
2,4,diff__basic__natal_day_branch_戌,0.0,0.0
2,4,diff__basic__natal_day_branch_未,0.0,0.0
2,4,diff__basic__natal_day_branch_申,0.0,0.0
2,4,diff__basic__natal_day_branch_辰,0.0,0.0
2,4,diff__basic__natal_day_branch_酉,0.0,0.0
2,4,diff__basic__natal_day_stem_丁,0.0,0.0
2,4,diff__basic__natal_day_stem_丙,0.0,0.0
2,4,diff__basic__natal_day_stem_乙,0.0,0.0
2,4,diff__basic__natal_day_stem_壬,0.0,0.0
2,4,diff__basic__natal_day_stem_己,0.0,0.0
2,4,diff__basic__natal_day_stem_庚,0.0,0.0
2,4,diff__basic__natal_day_stem_戊,0.0,0.0
2,4,diff__basic__natal_day_stem_甲,0.0,0.0
2,4,diff__basic__natal_day_stem_癸,0.0,0.0
2,4,diff__basic__natal_day_stem_辛,0.0,0.0
2,4,diff__basic__natal_element_count_earth,0.0,0.0
2,4,diff__basic__natal_element_count_fire,0.0,0.0
2,4,diff__basic__natal_element_count_metal,0.0,0.0
2,4,diff__basic__natal_element_count_water,0.0,0.0
2,4,diff__basic__natal_element_count_wood,0.0,0.0
2,4,diff__basic__natal_hour_branch_丑,0.0,0.0
2,4,diff__basic__natal_hour_branch_亥,0.0,0.0
2,4,diff__basic__natal_hour_branch_午,0.0,0.0
2,4,diff__basic__natal_hour_branch_卯,0.0,0.0
2,4,diff__basic__natal_hour_branch_子,0.0,0.0
2,4,diff__basic__natal_hour_branch_寅,0.0,0.0
2,4,diff__basic__natal_hour_branch_巳,0.0,0.0
2,4,diff__basic__natal_hour_branch_戌,0.0,0.0
2,4,diff__basic__natal_hour_branch_未,0.0,0.0
2,4,diff__basic__natal_hour_branch_申,0.0,0.0
2,4,diff__basic__natal_hour_branch_辰,0.0,0.0
2,4,diff__basic__natal_hour_branch_酉,0.0,0.0
2,4,diff__basic__natal_hour_stem_丁,0.0,0.0
2,4,diff__basic__natal_hour_stem_丙,0.0,0.0
2,4,diff__basic__natal_hour_stem_乙,0.0,0.0
2,4,diff__basic__natal_hour_stem_壬,0.0,0.0
2,4,diff__basic__natal_hour_stem_己,0.0,0.0
2,4,diff__basic__natal_hour_stem_庚,0.0,0.0
2,4,diff__basic__natal_hour_stem_戊,0.0,0.0
2,4,diff__basic__natal_hour_stem_甲,0.0,0.0
2,4,diff__basic__natal_hour_stem_癸,0.0,0.0
2,4,diff__basic__natal_hour_stem_辛,0.0,0.0
2,4,diff__basic__natal_month_branch_丑,0.0,0.0
2,4,diff__basic__natal_month_branch_亥,0.0,0.0
2,4,diff__basic__natal_month_branch_午,0.0,0.0
2,4,diff__basic__natal_month_branch_卯,0.0,0.0
2,4,diff__basic__natal_month_branch_子,0.0,0.0
2,4,diff__basic__natal_month_branch_寅,0.0,0.0
2,4,diff__basic__natal_month_branch_巳,0.0,0.0
2,4,diff__basic__natal_month_branch_戌,0.0,0.0
2,4,diff__basic__natal_month_branch_未,0.0,0.0
2,4,diff__basic__natal_month_branch_申,0.0,0.0
2,4,diff__basic__natal_month_branch_辰,0.0,0.0
2,4,diff__basic__natal_month_branch_酉,0.0,0.0
2,4,diff__basic__natal_month_stem_丁,0.0,0.0
2,4,diff__basic__natal_month_stem_丙,0.0,0.0
2,4,diff__basic__natal_month_stem_乙,0.0,0.0
2,4,diff__basic__natal_month_stem_壬,0.0,0.0
2,4,diff__basic__natal_month_stem_己,0.0,0.0
2,4,diff__basic__natal_month_stem_庚,0.0,0.0
2,4,diff__basic__natal_month_stem_戊,0.0,0.0
2,4,diff__basic__natal_month_stem_甲,0.0,0.0
2,4,diff__basic__natal_month_stem_癸,0.0,0.0
2,4,diff__basic__natal_month_stem_辛,0.0,0.0
2,4,diff__basic__natal_year_branch_丑,0.0,0.0
2,4,diff__basic__natal_year_branch_亥,0.0,0.0
2,4,diff__basic__natal_year_branch_午,0.0,0.0
2,4,diff__basic__natal_year_branch_卯,0.0,0.0
2,4,diff__basic__natal_year_branch_子,0.0,0.0
2,4,diff__basic__natal_year_branch_寅,0.0,0.0
2,4,diff__basic__natal_year_branch_巳,0.0,0.0
2,4,diff__basic__natal_year_branch_戌,0.0,0.0
2,4,diff__basic__natal_year_branch_未,0.0,0.0
2,4,diff__basic__natal_year_branch_申,0.0,0.0
2,4,diff__basic__natal_year_branch_辰,0.0,0.0
2,4,diff__basic__natal_year_branch_酉,0.0,0.0
2,4,diff__basic__natal_year_stem_丁,0.0,0.0
2,4,diff__basic__natal_year_stem_丙,0.0,0.0
2,4,diff__basic__natal_year_stem_乙,0.0,0.0
2,4,diff__basic__natal_year_stem_壬,0.0,0.0
2,4,diff__basic__natal_year_stem_己,0.0,0.0
2,4,diff__basic__natal_year_stem_庚,0.0,0.0
2,4,diff__basic__natal_year_stem_戊,0.0,0.0
2,4,diff__basic__natal_year_stem_甲,0.0,0.0
2,4,diff__basic__natal_year_stem_癸,0.0,0.0
2,4,diff__basic__natal_year_stem_辛,0.0,0.0
2,4,diff__basic__sw_branch_丑,0.0,0.0
2,4,diff__basic__sw_branch_亥,0.0,0.0
2,4,diff__basic__sw_branch_午,0.0,0.0
2,4,diff__basic__sw_branch_卯,0.0,0.0
2,4,diff__basic__sw_branch_子,0.0,0.0
2,4,diff__basic__sw_branch_寅,0.0,0.0
2,4,diff__basic__sw_branch_巳,0.0,0.0
2,4,diff__basic__sw_branch_戌,0.0,0.0
2,4,diff__basic__sw_branch_未,0.0,0.0
2,4,diff__basic__sw_branch_申,0.0,0.0
2,4,diff__basic__sw_branch_辰,0.0,0.0
2,4,diff__basic__sw_branch_酉,0.0,0.0
2,4,diff__basic__sw_element_earth,0.0,0.0
2,4,diff__basic__sw_element_fire,0.0,0.0
2,4,diff__basic__sw_element_metal,0.0,0.0
2,4,diff__basic__sw_element_water,0.0,0.0
2,4,diff__basic__sw_element_wood,0.0,0.0
2,4,diff__basic__sw_stem_丁,0.0,0.0
2,4,diff__basic__sw_stem_丙,0.0,0.0
2,4,diff__basic__sw_stem_乙,0.0,0.0
2,4,diff__basic__sw_stem_壬,0.0,0.0
2,4,diff__basic__sw_stem_己,0.0,0.0
2,4,diff__basic__sw_stem_庚,0.0,0.0
2,4,diff__basic__sw_stem_戊,0.0,0.0
2,4,diff__basic__sw_stem_甲,0.0,0.0
2,4,diff__basic__sw_stem_癸,0.0,0.0
2,4,diff__basic__sw_stem_辛,0.0,0.0
2,4,diff__basic__sw_yy_yang,0.0,0.0
2,4,diff__basic__sw_yy_yin,0.0,0.0
2,4,diff__engine__strength_극약,0.0,0.0
2,4,diff__engine__strength_극왕,0.0,0.0
2,4,diff__engine__strength_신강,0.0,0.0
2,4,diff__engine__strength_신약,0.0,0.0
2,4,diff__engine__strength_중화신강,0.0,0.0
2,4,diff__engine__strength_중화신약,0.0,0.0
2,4,diff__engine__strength_태강,0.0,0.0
2,4,diff__engine__strength_태약,0.0,0.0
2,4,diff__hidden__natal_element_count_earth,0.0,0.0
2,4,diff__hidden__natal_element_count_fire,0.0,0.0
2,4,diff__hidden__natal_element_count_metal,0.0,0.0
2,4,diff__hidden__natal_element_count_water,0.0,0.0
2,4,diff__hidden__natal_element_count_wood,0.0,0.0
2,4,diff__hidden__natal_tg_count_officer,0.0,0.0
2,4,diff__hidden__natal_tg_count_output,0.0,0.0
2,4,diff__hidden__natal_tg_count_peer,0.0,0.0
2,4,diff__hidden__natal_tg_count_resource,0.0,0.0
2,4,diff__hidden__natal_tg_count_wealth,0.0,0.0
2,4,diff__relation__dw_branch_break_natal,0.0,0.0
2,4,diff__relation__dw_branch_clash_natal,0.0,0.0
2,4,diff__relation__dw_branch_combine_natal,0.0,0.0
2,4,diff__relation__dw_branch_harm_natal,0.0,0.0
2,4,diff__relation__dw_branch_punish_natal,0.0,0.0
2,4,diff__relation__dw_stem_clash_natal,0.0,0.0
2,4,diff__relation__dw_stem_combine_natal,0.0,0.0
2,4,diff__relation__sw_branch_break_natal,0.0,0.0
2,4,diff__relation__sw_branch_clash_natal,0.0,0.0
2,4,diff__relation__sw_branch_combine_natal,0.0,0.0
2,4,diff__relation__sw_branch_harm_natal,0.0,0.0
2,4,diff__relation__sw_branch_punish_natal,0.0,0.0
2,4,diff__relation__sw_dw_branch_break,0.0,0.0
2,4,diff__relation__sw_dw_branch_clash,0.0,0.0
2,4,diff__relation__sw_dw_branch_combine,0.0,0.0
2,4,diff__relation__sw_dw_branch_harm,0.0,0.0
2,4,diff__relation__sw_dw_branch_punish,0.0,0.0
2,4,diff__relation__sw_dw_stem_clash,0.0,0.0
2,4,diff__relation__sw_dw_stem_combine,0.0,0.0
2,4,diff__relation__sw_stem_clash_natal,0.0,0.0
2,4,diff__relation__sw_stem_combine_natal,0.0,0.0
2,4,diff__shinsal__dw_breakdown_scalar,0.0,0.0
2,4,diff__shinsal__dw_gongmang_is_gongmang,0.0,0.0
2,4,diff__shinsal__dw_gongmang_rel,0.0,0.0
2,4,diff__shinsal__dw_gongmang_trine,0.0,0.0
2,4,diff__shinsal__dw_gongmang_unseong,0.0,0.0
2,4,diff__shinsal__dw_gongmang_yfit_branch,0.0,0.0
2,4,diff__shinsal__dw_indicators_귀인력,0.0,0.0
2,4,diff__shinsal__dw_noble_power,0.0,0.0
2,4,diff__shinsal__dw_신살_길신__count,0.0,0.0
2,4,diff__shinsal__dw_신살_길신__록신_,0.0,0.0
2,4,diff__shinsal__dw_신살_길신__문창귀인_,0.0,0.0
2,4,diff__shinsal__dw_신살_길신__반안_,0.0,0.0
2,4,diff__shinsal__dw_신살_길신__장성_,0.0,0.0
2,4,diff__shinsal__dw_신살_길신__천을귀인_,0.0,0.0
2,4,diff__shinsal__dw_신살_길신__천희_,0.0,0.0
2,4,diff__shinsal__dw_신살_길신__홍란_,0.0,0.0
2,4,diff__shinsal__dw_신살_길신__화개_,0.0,0.0
2,4,diff__shinsal__dw_신살_흉살__count,0.0,0.0
2,4,diff__shinsal__dw_신살_흉살__겁살_,0.0,0.0
2,4,diff__shinsal__dw_신살_흉살__고진_,0.0,0.0
2,4,diff__shinsal__dw_신살_흉살__과숙_,0.0,0.0
2,4,diff__shinsal__dw_신살_흉살__도화_,0.0,0.0
2,4,diff__shinsal__dw_신살_흉살__망신_,0.0,0.0
2,4,diff__shinsal__dw_신살_흉살__양인_,0.0,0.0
2,4,diff__shinsal__dw_신살_흉살__역마_,0.0,0.0
2,4,diff__shinsal__sw_indicators_귀인력,0.0,0.0
2,4,diff__shinsal__sw_세운_신살_길신__count,0.0,0.0
2,4,diff__shinsal__sw_세운_신살_길신__록신_,0.0,0.0
2,4,diff__shinsal__sw_세운_신살_길신__문창귀인_,0.0,0.0
2,4,diff__shinsal__sw_세운_신살_길신__반안_,0.0,0.0
2,4,diff__shinsal__sw_세운_신살_길신__장성_,0.0,0.0
2,4,diff__shinsal__sw_세운_신살_길신__천을귀인_,0.0,0.0
2,4,diff__shinsal__sw_세운_신살_길신__천희_,0.0,0.0
2,4,diff__shinsal__sw_세운_신살_길신__홍란_,0.0,0.0
2,4,diff__shinsal__sw_세운_신살_길신__화개_,0.0,0.0
2,4,diff__shinsal__sw_세운_신살_흉살__count,0.0,0.0
2,4,diff__shinsal__sw_세운_신살_흉살__겁살_,0.0,0.0
2,4,diff__shinsal__sw_세운_신살_흉살__고진_,0.0,0.0
2,4,diff__shinsal__sw_세운_신살_흉살__과숙_,0.0,0.0
2,4,diff__shinsal__sw_세운_신살_흉살__도화_,0.0,0.0
2,4,diff__shinsal__sw_세운_신살_흉살__망신_,0.0,0.0
2,4,diff__shinsal__sw_세운_신살_흉살__양인_,0.0,0.0
2,4,diff__shinsal__sw_세운_신살_흉살__역마_,0.0,0.0
2,4,diff__tengod__dw_group_officer,0.0,0.0
2,4,diff__tengod__dw_group_output,0.0,0.0
2,4,diff__tengod__dw_group_peer,0.0,0.0
2,4,diff__tengod__dw_group_resource,0.0,0.0
2,4,diff__tengod__dw_group_wealth,0.0,0.0
2,4,diff__tengod__sw_group_officer,0.0,0.0
2,4,diff__tengod__sw_group_output,0.0,0.0
2,4,diff__tengod__sw_group_peer,0.0,0.0
2,4,diff__tengod__sw_group_resource,0.0,0.0
2,4,diff__tengod__sw_group_wealth,0.0,0.0
2,4,diff__tg10__dw_branch_hidden_bijian,0.0,0.0
2,4,diff__tg10__dw_branch_hidden_jiecai,0.0,0.0
2,4,diff__tg10__dw_branch_hidden_pian_cai,0.0,0.0
2,4,diff__tg10__dw_branch_hidden_pian_yin,0.0,0.0
2,4,diff__tg10__dw_branch_hidden_qi_sha,0.0,0.0
2,4,diff__tg10__dw_branch_hidden_shangguan,0.0,0.0
2,4,diff__tg10__dw_branch_hidden_shishen,0.0,0.0
2,4,diff__tg10__dw_branch_hidden_zheng_cai,0.0,0.0
2,4,diff__tg10__dw_branch_hidden_zheng_guan,0.0,0.0
2,4,diff__tg10__dw_branch_hidden_zheng_yin,0.0,0.0
2,4,diff__tg10__dw_stem_bijian,0.0,0.0
2,4,diff__tg10__dw_stem_jiecai,0.0,0.0
2,4,diff__tg10__dw_stem_pian_cai,0.0,0.0
2,4,diff__tg10__dw_stem_pian_yin,0.0,0.0
2,4,diff__tg10__dw_stem_qi_sha,0.0,0.0
2,4,diff__tg10__dw_stem_shangguan,0.0,0.0
2,4,diff__tg10__dw_stem_shishen,0.0,0.0
2,4,diff__tg10__dw_stem_zheng_cai,0.0,0.0
2,4,diff__tg10__dw_stem_zheng_guan,0.0,0.0
2,4,diff__tg10__dw_stem_zheng_yin,0.0,0.0
2,4,diff__tg10__sw_branch_hidden_bijian,0.0,0.0
2,4,diff__tg10__sw_branch_hidden_jiecai,0.0,0.0
2,4,diff__tg10__sw_branch_hidden_pian_cai,0.0,0.0
2,4,diff__tg10__sw_branch_hidden_pian_yin,0.0,0.0
2,4,diff__tg10__sw_branch_hidden_qi_sha,0.0,0.0
2,4,diff__tg10__sw_branch_hidden_shangguan,0.0,0.0
2,4,diff__tg10__sw_branch_hidden_shishen,0.0,0.0
2,4,diff__tg10__sw_branch_hidden_zheng_cai,0.0,0.0
2,4,diff__tg10__sw_branch_hidden_zheng_guan,0.0,0.0
2,4,diff__tg10__sw_branch_hidden_zheng_yin,0.0,0.0
2,4,diff__tg10__sw_stem_bijian,0.0,0.0
2,4,diff__tg10__sw_stem_jiecai,0.0,0.0
2,4,diff__tg10__sw_stem_pian_cai,0.0,0.0
2,4,diff__tg10__sw_stem_pian_yin,0.0,0.0
2,4,diff__tg10__sw_stem_qi_sha,0.0,0.0
2,4,diff__tg10__sw_stem_shangguan,0.0,0.0
2,4,diff__tg10__sw_stem_shishen,0.0,0.0
2,4,diff__tg10__sw_stem_zheng_cai,0.0,0.0
2,4,diff__tg10__sw_stem_zheng_guan,0.0,0.0
2,4,diff__tg10__sw_stem_zheng_yin,0.0,0.0
2,4,diff__tgxstrength__dw_bijian_neutral,0.0,0.0
2,4,diff__tgxstrength__dw_bijian_strong,0.0,0.0
2,4,diff__tgxstrength__dw_bijian_weak,0.0,0.0
2,4,diff__tgxstrength__dw_jiecai_neutral,0.0,0.0
2,4,diff__tgxstrength__dw_jiecai_strong,0.0,0.0
2,4,diff__tgxstrength__dw_jiecai_weak,0.0,0.0
2,4,diff__tgxstrength__dw_pian_cai_neutral,0.0,0.0
2,4,diff__tgxstrength__dw_pian_cai_strong,0.0,0.0
2,4,diff__tgxstrength__dw_pian_cai_weak,0.0,0.0
2,4,diff__tgxstrength__dw_pian_yin_neutral,0.0,0.0
2,4,diff__tgxstrength__dw_pian_yin_strong,0.0,0.0
2,4,diff__tgxstrength__dw_pian_yin_weak,0.0,0.0
2,4,diff__tgxstrength__dw_qi_sha_neutral,0.0,0.0
2,4,diff__tgxstrength__dw_qi_sha_strong,0.0,0.0
2,4,diff__tgxstrength__dw_qi_sha_weak,0.0,0.0
2,4,diff__tgxstrength__dw_shangguan_neutral,0.0,0.0
2,4,diff__tgxstrength__dw_shangguan_strong,0.0,0.0
2,4,diff__tgxstrength__dw_shangguan_weak,0.0,0.0
2,4,diff__tgxstrength__dw_shishen_neutral,0.0,0.0
2,4,diff__tgxstrength__dw_shishen_strong,0.0,0.0
2,4,diff__tgxstrength__dw_shishen_weak,0.0,0.0
2,4,diff__tgxstrength__dw_zheng_cai_neutral,0.0,0.0
2,4,diff__tgxstrength__dw_zheng_cai_strong,0.0,0.0
2,4,diff__tgxstrength__dw_zheng_cai_weak,0.0,0.0
2,4,diff__tgxstrength__dw_zheng_guan_neutral,0.0,0.0
2,4,diff__tgxstrength__dw_zheng_guan_strong,0.0,0.0
2,4,diff__tgxstrength__dw_zheng_guan_weak,0.0,0.0
2,4,diff__tgxstrength__dw_zheng_yin_neutral,0.0,0.0
2,4,diff__tgxstrength__dw_zheng_yin_strong,0.0,0.0
2,4,diff__tgxstrength__dw_zheng_yin_weak,0.0,0.0
2,4,diff__tgxstrength__sw_bijian_neutral,0.0,0.0
2,4,diff__tgxstrength__sw_bijian_strong,0.0,0.0
2,4,diff__tgxstrength__sw_bijian_weak,0.0,0.0
2,4,diff__tgxstrength__sw_jiecai_neutral,0.0,0.0
2,4,diff__tgxstrength__sw_jiecai_strong,0.0,0.0
2,4,diff__tgxstrength__sw_jiecai_weak,0.0,0.0
2,4,diff__tgxstrength__sw_pian_cai_neutral,0.0,0.0
2,4,diff__tgxstrength__sw_pian_cai_strong,0.0,0.0
2,4,diff__tgxstrength__sw_pian_cai_weak,0.0,0.0
2,4,diff__tgxstrength__sw_pian_yin_neutral,0.0,0.0
2,4,diff__tgxstrength__sw_pian_yin_strong,0.0,0.0
2,4,diff__tgxstrength__sw_pian_yin_weak,0.0,0.0
2,4,diff__tgxstrength__sw_qi_sha_neutral,0.0,0.0
2,4,diff__tgxstrength__sw_qi_sha_strong,0.0,0.0
2,4,diff__tgxstrength__sw_qi_sha_weak,0.0,0.0
2,4,diff__tgxstrength__sw_shangguan_neutral,0.0,0.0
2,4,diff__tgxstrength__sw_shangguan_strong,0.0,0.0
2,4,diff__tgxstrength__sw_shangguan_weak,0.0,0.0
2,4,diff__tgxstrength__sw_shishen_neutral,0.0,0.0
2,4,diff__tgxstrength__sw_shishen_strong,0.0,0.0
2,4,diff__tgxstrength__sw_shishen_weak,0.0,0.0
2,4,diff__tgxstrength__sw_zheng_cai_neutral,0.0,0.0
2,4,diff__tgxstrength__sw_zheng_cai_strong,0.0,0.0
2,4,diff__tgxstrength__sw_zheng_cai_weak,0.0,0.0
2,4,diff__tgxstrength__sw_zheng_guan_neutral,0.0,0.0
2,4,diff__tgxstrength__sw_zheng_guan_strong,0.0,0.0
2,4,diff__tgxstrength__sw_zheng_guan_weak,0.0,0.0
2,4,diff__tgxstrength__sw_zheng_yin_neutral,0.0,0.0
2,4,diff__tgxstrength__sw_zheng_yin_strong,0.0,0.0
2,4,diff__tgxstrength__sw_zheng_yin_weak,0.0,0.0
2,4,diff__unseong__dw_raw_score,0.0,0.0
2,4,diff__unseong__dw_score_x_strength,0.0,0.0
2,4,diff__unseong__dw_state_건록,0.0,0.0
2,4,diff__unseong__dw_state_관대,0.0,0.0
2,4,diff__unseong__dw_state_목욕,0.0,0.0
2,4,diff__unseong__dw_state_묘,0.0,0.0
2,4,diff__unseong__dw_state_병,0.0,0.0
2,4,diff__unseong__dw_state_사,0.0,0.0
2,4,diff__unseong__dw_state_쇠,0.0,0.0
2,4,diff__unseong__dw_state_양,0.0,0.0
2,4,diff__unseong__dw_state_장생,0.0,0.0
2,4,diff__unseong__dw_state_절,0.0,0.0
2,4,diff__unseong__dw_state_제왕,0.0,0.0
2,4,diff__unseong__dw_state_태,0.0,0.0
2,4,diff__unseong__sw_raw_score,0.0,0.0
2,4,diff__unseong__sw_score_x_strength,0.0,0.0
2,4,diff__unseong__sw_state_건록,0.0,0.0
2,4,diff__unseong__sw_state_관대,0.0,0.0
2,4,diff__unseong__sw_state_목욕,0.0,0.0
2,4,diff__unseong__sw_state_묘,0.0,0.0
2,4,diff__unseong__sw_state_병,0.0,0.0
2,4,diff__unseong__sw_state_사,0.0,0.0
2,4,diff__unseong__sw_state_쇠,0.0,0.0
2,4,diff__unseong__sw_state_양,0.0,0.0
2,4,diff__unseong__sw_state_장생,0.0,0.0
2,4,diff__unseong__sw_state_절,0.0,0.0
2,4,diff__unseong__sw_state_제왕,0.0,0.0
2,4,diff__unseong__sw_state_태,0.0,0.0
2,4,diff__yongshin__dw_gi_fit,0.0,0.0
2,4,diff__yongshin__dw_gu_fit,0.0,0.0
2,4,diff__yongshin__dw_hee_fit,0.0,0.0
2,4,diff__yongshin__dw_supplies_fav,0.0,0.0
2,4,diff__yongshin__dw_supplies_unfav,0.0,0.0
2,4,diff__yongshin__dw_yong_branch_fit,0.0,0.0
2,4,diff__yongshin__dw_yong_fit,0.0,0.0
2,4,diff__yongshin__dw_yong_stem_fit,0.0,0.0
2,4,diff__yongshin__sw_gi_fit,0.0,0.0
2,4,diff__yongshin__sw_gu_fit,0.0,0.0
2,4,diff__yongshin__sw_hee_fit,0.0,0.0
2,4,diff__yongshin__sw_supplies_fav,0.0,0.0
2,4,diff__yongshin__sw_supplies_unfav,0.0,0.0
2,4,diff__yongshin__sw_yong_branch_fit,0.0,0.0
2,4,diff__yongshin__sw_yong_fit,0.0,0.0
2,4,diff__yongshin__sw_yong_stem_fit,0.0,0.0
3,0,diff__basic__daymaster_element_earth,0.0,0.0
3,0,diff__basic__daymaster_element_fire,0.0,0.0
3,0,diff__basic__daymaster_element_metal,0.0,0.0
3,0,diff__basic__daymaster_element_water,0.0,0.0
3,0,diff__basic__daymaster_element_wood,0.0,0.0
3,0,diff__basic__daymaster_stem_丁,0.0,0.0
3,0,diff__basic__daymaster_stem_丙,0.0,0.0
3,0,diff__basic__daymaster_stem_乙,0.0,0.0
3,0,diff__basic__daymaster_stem_壬,0.0,0.0
3,0,diff__basic__daymaster_stem_己,0.0,0.0
3,0,diff__basic__daymaster_stem_庚,0.0,0.0
3,0,diff__basic__daymaster_stem_戊,0.0,0.0
3,0,diff__basic__daymaster_stem_甲,0.0,0.0
3,0,diff__basic__daymaster_stem_癸,0.0,0.0
3,0,diff__basic__daymaster_stem_辛,0.0,0.0
3,0,diff__basic__dw_branch_丑,0.0,0.0
3,0,diff__basic__dw_branch_亥,0.0,0.0
3,0,diff__basic__dw_branch_午,1.0,-0.21620936242576347
3,0,diff__basic__dw_branch_卯,0.0,0.0
3,0,diff__basic__dw_branch_子,0.0,0.0
3,0,diff__basic__dw_branch_寅,0.0,0.0
3,0,diff__basic__dw_branch_巳,0.0,0.0
3,0,diff__basic__dw_branch_戌,0.0,0.0
3,0,diff__basic__dw_branch_未,0.0,0.0
3,0,diff__basic__dw_branch_申,0.0,0.0
3,0,diff__basic__dw_branch_辰,0.0,0.0
3,0,diff__basic__dw_branch_酉,1.0,0.2112448302360467
3,0,diff__basic__dw_element_earth,0.0,0.0
3,0,diff__basic__dw_element_fire,0.0,0.0
3,0,diff__basic__dw_element_metal,0.0,0.0
3,0,diff__basic__dw_element_water,0.0,0.0
3,0,diff__basic__dw_element_wood,0.0,0.0
3,0,diff__basic__dw_stem_丁,0.0,0.0
3,0,diff__basic__dw_stem_丙,0.0,0.0
3,0,diff__basic__dw_stem_乙,0.0,0.0
3,0,diff__basic__dw_stem_壬,0.0,0.0
3,0,diff__basic__dw_stem_己,1.0,0.16691849840225606
3,0,diff__basic__dw_stem_庚,0.0,0.0
3,0,diff__basic__dw_stem_戊,0.0,0.0
3,0,diff__basic__dw_stem_甲,0.0,0.0
3,0,diff__basic__dw_stem_癸,0.0,0.0
3,0,diff__basic__dw_stem_辛,0.0,0.0
3,0,diff__basic__dw_yy_yang,0.0,0.0
3,0,diff__basic__dw_yy_yin,0.0,0.0
3,0,diff__basic__natal_day_branch_丑,0.0,0.0
3,0,diff__basic__natal_day_branch_亥,0.0,0.0
3,0,diff__basic__natal_day_branch_午,0.0,0.0
3,0,diff__basic__natal_day_branch_卯,0.0,0.0
3,0,diff__basic__natal_day_branch_子,0.0,0.0
3,0,diff__basic__natal_day_branch_寅,0.0,0.0
3,0,diff__basic__natal_day_branch_巳,0.0,0.0
3,0,diff__basic__natal_day_branch_戌,0.0,0.0
3,0,diff__basic__natal_day_branch_未,0.0,0.0
3,0,diff__basic__natal_day_branch_申,0.0,0.0
3,0,diff__basic__natal_day_branch_辰,0.0,0.0
3,0,diff__basic__natal_day_branch_酉,0.0,0.0
3,0,diff__basic__natal_day_stem_丁,0.0,0.0
3,0,diff__basic__natal_day_stem_丙,0.0,0.0
3,0,diff__basic__natal_day_stem_乙,0.0,0.0
3,0,diff__basic__natal_day_stem_壬,0.0,0.0
3,0,diff__basic__natal_day_stem_己,0.0,0.0
3,0,diff__basic__natal_day_stem_庚,0.0,0.0
3,0,diff__basic__natal_day_stem_戊,0.0,0.0
3,0,diff__basic__natal_day_stem_甲,0.0,0.0
3,0,diff__basic__natal_day_stem_癸,0.0,0.0
3,0,diff__basic__natal_day_stem_辛,0.0,0.0
3,0,diff__basic__natal_element_count_earth,0.0,0.0
3,0,diff__basic__natal_element_count_fire,0.0,0.0
3,0,diff__basic__natal_element_count_metal,0.0,0.0
3,0,diff__basic__natal_element_count_water,0.0,0.0
3,0,diff__basic__natal_element_count_wood,0.0,0.0
3,0,diff__basic__natal_hour_branch_丑,0.0,0.0
3,0,diff__basic__natal_hour_branch_亥,0.0,0.0
3,0,diff__basic__natal_hour_branch_午,0.0,0.0
3,0,diff__basic__natal_hour_branch_卯,0.0,0.0
3,0,diff__basic__natal_hour_branch_子,0.0,0.0
3,0,diff__basic__natal_hour_branch_寅,0.0,0.0
3,0,diff__basic__natal_hour_branch_巳,0.0,0.0
3,0,diff__basic__natal_hour_branch_戌,0.0,0.0
3,0,diff__basic__natal_hour_branch_未,0.0,0.0
3,0,diff__basic__natal_hour_branch_申,0.0,0.0
3,0,diff__basic__natal_hour_branch_辰,0.0,0.0
3,0,diff__basic__natal_hour_branch_酉,0.0,0.0
3,0,diff__basic__natal_hour_stem_丁,0.0,0.0
3,0,diff__basic__natal_hour_stem_丙,0.0,0.0
3,0,diff__basic__natal_hour_stem_乙,0.0,0.0
3,0,diff__basic__natal_hour_stem_壬,0.0,0.0
3,0,diff__basic__natal_hour_stem_己,0.0,0.0
3,0,diff__basic__natal_hour_stem_庚,0.0,0.0
3,0,diff__basic__natal_hour_stem_戊,0.0,0.0
3,0,diff__basic__natal_hour_stem_甲,0.0,0.0
3,0,diff__basic__natal_hour_stem_癸,0.0,0.0
3,0,diff__basic__natal_hour_stem_辛,0.0,0.0
3,0,diff__basic__natal_month_branch_丑,0.0,0.0
3,0,diff__basic__natal_month_branch_亥,0.0,0.0
3,0,diff__basic__natal_month_branch_午,0.0,0.0
3,0,diff__basic__natal_month_branch_卯,0.0,0.0
3,0,diff__basic__natal_month_branch_子,0.0,0.0
3,0,diff__basic__natal_month_branch_寅,0.0,0.0
3,0,diff__basic__natal_month_branch_巳,0.0,0.0
3,0,diff__basic__natal_month_branch_戌,0.0,0.0
3,0,diff__basic__natal_month_branch_未,0.0,0.0
3,0,diff__basic__natal_month_branch_申,0.0,0.0
3,0,diff__basic__natal_month_branch_辰,0.0,0.0
3,0,diff__basic__natal_month_branch_酉,0.0,0.0
3,0,diff__basic__natal_month_stem_丁,0.0,0.0
3,0,diff__basic__natal_month_stem_丙,0.0,0.0
3,0,diff__basic__natal_month_stem_乙,0.0,0.0
3,0,diff__basic__natal_month_stem_壬,0.0,0.0
3,0,diff__basic__natal_month_stem_己,0.0,0.0
3,0,diff__basic__natal_month_stem_庚,0.0,0.0
3,0,diff__basic__natal_month_stem_戊,0.0,0.0
3,0,diff__basic__natal_month_stem_甲,0.0,0.0
3,0,diff__basic__natal_month_stem_癸,0.0,0.0
3,0,diff__basic__natal_month_stem_辛,0.0,0.0
3,0,diff__basic__natal_year_branch_丑,0.0,0.0
3,0,diff__basic__natal_year_branch_亥,0.0,0.0
3,0,diff__basic__natal_year_branch_午,0.0,0.0
3,0,diff__basic__natal_year_branch_卯,0.0,0.0
3,0,diff__basic__natal_year_branch_子,0.0,0.0
3,0,diff__basic__natal_year_branch_寅,0.0,0.0
3,0,diff__basic__natal_year_branch_巳,0.0,0.0
3,0,diff__basic__natal_year_branch_戌,0.0,0.0
3,0,diff__basic__natal_year_branch_未,0.0,0.0
3,0,diff__basic__natal_year_branch_申,0.0,0.0
3,0,diff__basic__natal_year_branch_辰,0.0,0.0
3,0,diff__basic__natal_year_branch_酉,0.0,0.0
3,0,diff__basic__natal_year_stem_丁,0.0,0.0
3,0,diff__basic__natal_year_stem_丙,0.0,0.0
3,0,diff__basic__natal_year_stem_乙,0.0,0.0
3,0,diff__basic__natal_year_stem_壬,0.0,0.0
3,0,diff__basic__natal_year_stem_己,0.0,0.0
3,0,diff__basic__natal_year_stem_庚,0.0,0.0
3,0,diff__basic__natal_year_stem_戊,0.0,0.0
3,0,diff__basic__natal_year_stem_甲,0.0,0.0
3,0,diff__basic__natal_year_stem_癸,0.0,0.0
3,0,diff__basic__natal_year_stem_辛,0.0,0.0
3,0,diff__basic__sw_branch_丑,1.0,0.24837120950440142
3,0,diff__basic__sw_branch_亥,0.0,0.0
3,0,diff__basic__sw_branch_午,0.0,0.0
3,0,diff__basic__sw_branch_卯,0.0,0.0
3,0,diff__basic__sw_branch_子,0.0,0.0
3,0,diff__basic__sw_branch_寅,0.0,0.0
3,0,diff__basic__sw_branch_巳,0.0,0.0
3,0,diff__basic__sw_branch_戌,0.0,0.0
3,0,diff__basic__sw_branch_未,0.0,0.0
3,0,diff__basic__sw_branch_申,0.0,0.0
3,0,diff__basic__sw_branch_辰,1.0,-0.08861545203051649
3,0,diff__basic__sw_branch_酉,0.0,0.0
3,0,diff__basic__sw_element_earth,0.0,0.0
3,0,diff__basic__sw_element_fire,1.0,0.03935921176002076
3,0,diff__basic__sw_element_metal,0.0,0.0
3,0,diff__basic__sw_element_water,0.0,0.0
3,0,diff__basic__sw_element_wood,1.0,0.010943499464756529
3,0,diff__basic__sw_stem_丁,1.0,0.03491327934729969
3,0,diff__basic__sw_stem_丙,0.0,0.0
3,0,diff__basic__sw_stem_乙,0.0,0.0
3,0,diff__basic__sw_stem_壬,1.0,-0.018815164534675445
3,0,diff__basic__sw_stem_己,0.0,0.0
3,0,diff__basic__sw_stem_庚,0.0,0.0
3,0,diff__basic__sw_stem_戊,0.0,0.0
3,0,diff__basic__sw_stem_甲,1.0,0.03330958232419984
3,0,diff__basic__sw_stem_癸,1.0,0.07777885321927447
3,0,diff__basic__sw_stem_辛,0.0,0.0
3,0,diff__basic__sw_yy_yang,0.0,0.0
3,0,diff__basic__sw_yy_yin,0.0,0.0
3,0,diff__engine__strength_극약,0.0,0.0
3,0,diff__engine__strength_극왕,0.0,0.0
3,0,diff__engine__strength_신강,0.0,0.0
3,0,diff__engine__strength_신약,0.0,0.0
3,0,diff__engine__strength_중화신강,0.0,0.0
3,0,diff__engine__strength_중화신약,0.0,0.0
3,0,diff__engine__strength_태강,0.0,0.0
3,0,diff__engine__strength_태약,0.0,0.0
3,0,diff__hidden__natal_element_count_earth,0.0,0.0
3,0,diff__hidden__natal_element_count_fire,0.0,0.0
3,0,diff__hidden__natal_element_count_metal,0.0,0.0
3,0,diff__hidden__natal_element_count_water,0.0,0.0
3,0,diff__hidden__natal_element_count_wood,0.0,0.0
3,0,diff__hidden__natal_tg_count_officer,0.0,0.0
3,0,diff__hidden__natal_tg_count_output,0.0,0.0
3,0,diff__hidden__natal_tg_count_peer,0.0,0.0
3,0,diff__hidden__natal_tg_count_resource,0.0,0.0
3,0,diff__hidden__natal_tg_count_wealth,0.0,0.0
3,0,diff__relation__dw_branch_break_natal,0.0,0.0
3,0,diff__relation__dw_branch_clash_natal,0.0,0.0
3,0,diff__relation__dw_branch_combine_natal,0.0,0.0
3,0,diff__relation__dw_branch_harm_natal,0.0,0.0
3,0,diff__relation__dw_branch_punish_natal,0.0,0.0
3,0,diff__relation__dw_stem_clash_natal,0.0,0.0
3,0,diff__relation__dw_stem_combine_natal,0.0,0.0
3,0,diff__relation__sw_branch_break_natal,0.0,0.0
3,0,diff__relation__sw_branch_clash_natal,0.0,0.0
3,0,diff__relation__sw_branch_combine_natal,0.0,0.0
3,0,diff__relation__sw_branch_harm_natal,0.0,0.0
3,0,diff__relation__sw_branch_punish_natal,0.0,0.0
3,0,diff__relation__sw_dw_branch_break,0.0,0.0
3,0,diff__relation__sw_dw_branch_clash,0.0,0.0
3,0,diff__relation__sw_dw_branch_combine,0.0,0.0
3,0,diff__relation__sw_dw_branch_harm,1.0,0.16225593611156794
3,0,diff__relation__sw_dw_branch_punish,0.0,0.0
3,0,diff__relation__sw_dw_stem_clash,1.0,-0.09397887480076617
3,0,diff__relation__sw_dw_stem_combine,0.0,0.0
3,0,diff__relation__sw_stem_clash_natal,0.0,0.0
3,0,diff__relation__sw_stem_combine_natal,0.0,0.0
3,0,diff__shinsal__dw_breakdown_scalar,1.0,0.15606284193193187
3,0,diff__shinsal__dw_gongmang_is_gongmang,0.0,0.0
3,0,diff__shinsal__dw_gongmang_rel,0.0,0.0
3,0,diff__shinsal__dw_gongmang_trine,0.0,0.0
3,0,diff__shinsal__dw_gongmang_unseong,0.0,0.0
3,0,diff__shinsal__dw_gongmang_yfit_branch,0.0,0.0
3,0,diff__shinsal__dw_indicators_귀인력,0.0,0.0
3,0,diff__shinsal__dw_noble_power,0.0,0.0
3,0,diff__shinsal__dw_신살_길신__count,0.0,0.0
3,0,diff__shinsal__dw_신살_길신__록신_,0.0,0.0
3,0,diff__shinsal__dw_신살_길신__문창귀인_,1.0,-0.15550845157477947
3,0,diff__shinsal__dw_신살_길신__반안_,0.0,0.0
3,0,diff__shinsal__dw_신살_길신__장성_,0.0,0.0
3,0,diff__shinsal__dw_신살_길신__천을귀인_,0.0,0.0
3,0,diff__shinsal__dw_신살_길신__천희_,0.0,0.0
3,0,diff__shinsal__dw_신살_길신__홍란_,0.0,0.0
3,0,diff__shinsal__dw_신살_길신__화개_,0.0,0.0
3,0,diff__shinsal__dw_신살_흉살__count,0.0,0.0
3,0,diff__shinsal__dw_신살_흉살__겁살_,0.0,0.0
3,0,diff__shinsal__dw_신살_흉살__고진_,0.0,0.0
3,0,diff__shinsal__dw_신살_흉살__과숙_,1.0,-0.1833053680899039
3,0,diff__shinsal__dw_신살_흉살__도화_,0.0,0.0
3,0,diff__shinsal__dw_신살_흉살__망신_,0.0,0.0
3,0,diff__shinsal__dw_신살_흉살__양인_,0.0,0.0
3,0,diff__shinsal__dw_신살_흉살__역마_,1.0,0.06385563934503982
3,0,diff__shinsal__sw_indicators_귀인력,0.0,0.0
3,0,diff__shinsal__sw_세운_신살_길신__count,1.0,0.1435744822901321
3,0,diff__shinsal__sw_세운_신살_길신__록신_,0.0,0.0
3,0,diff__shinsal__sw_세운_신살_길신__문창귀인_,1.0,-0.17492103747339177
3,0,diff__shinsal__sw_세운_신살_길신__반안_,1.0,0.029566513284626193
3,0,diff__shinsal__sw_세운_신살_길신__장성_,0.0,0.0
3,0,diff__shinsal__sw_세운_신살_길신__천을귀인_,0.0,0.0
3,0,diff__shinsal__sw_세운_신살_길신__천희_,0.0,0.0
3,0,diff__shinsal__sw_세운_신살_길신__홍란_,0.0,0.0
3,0,diff__shinsal__sw_세운_신살_길신__화개_,1.0,0.029566513284626193
3,0,diff__shinsal__sw_세운_신살_흉살__count,0.0,0.0
3,0,diff__shinsal__sw_세운_신살_흉살__겁살_,0.0,0.0
3,0,diff__shinsal__sw_세운_신살_흉살__고진_,0.0,0.0
3,0,diff__shinsal__sw_세운_신살_흉살__과숙_,0.0,0.0
3,0,diff__shinsal__sw_세운_신살_흉살__도화_,0.0,0.0
3,0,diff__shinsal__sw_세운_신살_흉살__망신_,0.0,0.0
3,0,diff__shinsal__sw_세운_신살_흉살__양인_,0.0,0.0
3,0,diff__shinsal__sw_세운_신살_흉살__역마_,0.0,0.0
3,0,diff__tengod__dw_group_officer,0.0,0.0
3,0,diff__tengod__dw_group_output,0.0,0.0
3,0,diff__tengod__dw_group_peer,0.0,0.0
3,0,diff__tengod__dw_group_resource,0.0,0.0
3,0,diff__tengod__dw_group_wealth,0.0,0.0
3,0,diff__tengod__sw_group_officer,0.0,0.0
3,0,diff__tengod__sw_group_output,0.0,0.0
3,0,diff__tengod__sw_group_peer,0.0,0.0
3,0,diff__tengod__sw_group_resource,0.0,0.0
3,0,diff__tengod__sw_group_wealth,0.0,0.0
3,0,diff__tg10__dw_branch_hidden_bijian,0.0,0.0
3,0,diff__tg10__dw_branch_hidden_jiecai,0.0,0.0
3,0,diff__tg10__dw_branch_hidden_pian_cai,0.0,0.0
3,0,diff__tg10__dw_branch_hidden_pian_yin,1.0,0.058382637517776136
3,0,diff__tg10__dw_branch_hidden_qi_sha,0.0,0.0
3,0,diff__tg10__dw_branch_hidden_shangguan,0.0,0.0
3,0,diff__tg10__dw_branch_hidden_shishen,0.0,0.0
3,0,diff__tg10__dw_branch_hidden_zheng_cai,0.0,0.0
3,0,diff__tg10__dw_branch_hidden_zheng_guan,0.0,0.0
3,0,diff__tg10__dw_branch_hidden_zheng_yin,0.0,0.0
3,0,diff__tg10__dw_stem_bijian,0.0,0.0
3,0,diff__tg10__dw_stem_jiecai,0.0,0.0
3,0,diff__tg10__dw_stem_pian_cai,0.0,0.0
3,0,diff__tg10__dw_stem_pian_yin,0.0,0.0
3,0,diff__tg10__dw_stem_qi_sha,0.0,0.0
3,0,diff__tg10__dw_stem_shangguan,0.0,0.0
3,0,diff__tg10__dw_stem_shishen,0.0,0.0
3,0,diff__tg10__dw_stem_zheng_cai,0.0,0.0
3,0,diff__tg10__dw_stem_zheng_guan,0.0,0.0
3,0,diff__tg10__dw_stem_zheng_yin,0.0,0.0
3,0,diff__tg10__sw_branch_hidden_bijian,0.0,0.0
3,0,diff__tg10__sw_branch_hidden_jiecai,0.0,0.0
3,0,diff__tg10__sw_branch_hidden_pian_cai,0.0,0.0
3,0,diff__tg10__sw_branch_hidden_pian_yin,0.0,0.0
3,0,diff__tg10__sw_branch_hidden_qi_sha,0.0,0.0
3,0,diff__tg10__sw_branch_hidden_shangguan,0.0,0.0
3,0,diff__tg10__sw_branch_hidden_shishen,0.0,0.0
3,0,diff__tg10__sw_branch_hidden_zheng_cai,0.0,0.0
3,0,diff__tg10__sw_branch_hidden_zheng_guan,0.0,0.0
3,0,diff__tg10__sw_branch_hidden_zheng_yin,0.0,0.0
3,0,diff__tg10__sw_stem_bijian,0.0,0.0
3,0,diff__tg10__sw_stem_jiecai,0.0,0.0
3,0,diff__tg10__sw_stem_pian_cai,0.0,0.0
3,0,diff__tg10__sw_stem_pian_yin,0.0,0.0
3,0,diff__tg10__sw_stem_qi_sha,0.0,0.0
3,0,diff__tg10__sw_stem_shangguan,0.0,0.0
3,0,diff__tg10__sw_stem_shishen,0.0,0.0
3,0,diff__tg10__sw_stem_zheng_cai,0.0,0.0
3,0,diff__tg10__sw_stem_zheng_guan,0.0,0.0
3,0,diff__tg10__sw_stem_zheng_yin,0.0,0.0
3,0,diff__tgxstrength__dw_bijian_neutral,0.0,0.0
3,0,diff__tgxstrength__dw_bijian_strong,0.0,0.0
3,0,diff__tgxstrength__dw_bijian_weak,0.0,0.0
3,0,diff__tgxstrength__dw_jiecai_neutral,0.0,0.0
3,0,diff__tgxstrength__dw_jiecai_strong,0.0,0.0
3,0,diff__tgxstrength__dw_jiecai_weak,0.0,0.0
3,0,diff__tgxstrength__dw_pian_cai_neutral,0.0,0.0
3,0,diff__tgxstrength__dw_pian_cai_strong,0.0,0.0
3,0,diff__tgxstrength__dw_pian_cai_weak,0.0,0.0
3,0,diff__tgxstrength__dw_pian_yin_neutral,0.0,0.0
3,0,diff__tgxstrength__dw_pian_yin_strong,0.0,0.0
3,0,diff__tgxstrength__dw_pian_yin_weak,0.0,0.0
3,0,diff__tgxstrength__dw_qi_sha_neutral,0.0,0.0
3,0,diff__tgxstrength__dw_qi_sha_strong,0.0,0.0
3,0,diff__tgxstrength__dw_qi_sha_weak,0.0,0.0
3,0,diff__tgxstrength__dw_shangguan_neutral,0.0,0.0
3,0,diff__tgxstrength__dw_shangguan_strong,0.0,0.0
3,0,diff__tgxstrength__dw_shangguan_weak,0.0,0.0
3,0,diff__tgxstrength__dw_shishen_neutral,0.0,0.0
3,0,diff__tgxstrength__dw_shishen_strong,0.0,0.0
3,0,diff__tgxstrength__dw_shishen_weak,0.0,0.0
3,0,diff__tgxstrength__dw_zheng_cai_neutral,0.0,0.0
3,0,diff__tgxstrength__dw_zheng_cai_strong,0.0,0.0
3,0,diff__tgxstrength__dw_zheng_cai_weak,0.0,0.0
3,0,diff__tgxstrength__dw_zheng_guan_neutral,0.0,0.0
3,0,diff__tgxstrength__dw_zheng_guan_strong,0.0,0.0
3,0,diff__tgxstrength__dw_zheng_guan_weak,0.0,0.0
3,0,diff__tgxstrength__dw_zheng_yin_neutral,0.0,0.0
3,0,diff__tgxstrength__dw_zheng_yin_strong,0.0,0.0
3,0,diff__tgxstrength__dw_zheng_yin_weak,0.0,0.0
3,0,diff__tgxstrength__sw_bijian_neutral,0.0,0.0
3,0,diff__tgxstrength__sw_bijian_strong,0.0,0.0
3,0,diff__tgxstrength__sw_bijian_weak,0.0,0.0
3,0,diff__tgxstrength__sw_jiecai_neutral,0.0,0.0
3,0,diff__tgxstrength__sw_jiecai_strong,0.0,0.0
3,0,diff__tgxstrength__sw_jiecai_weak,0.0,0.0
3,0,diff__tgxstrength__sw_pian_cai_neutral,0.0,0.0
3,0,diff__tgxstrength__sw_pian_cai_strong,0.0,0.0
3,0,diff__tgxstrength__sw_pian_cai_weak,0.0,0.0
3,0,diff__tgxstrength__sw_pian_yin_neutral,0.0,0.0
3,0,diff__tgxstrength__sw_pian_yin_strong,1.0,0.4701455781397311
3,0,diff__tgxstrength__sw_pian_yin_weak,0.0,0.0
3,0,diff__tgxstrength__sw_qi_sha_neutral,0.0,0.0
3,0,diff__tgxstrength__sw_qi_sha_strong,0.0,0.0
3,0,diff__tgxstrength__sw_qi_sha_weak,1.0,-0.12156334145496912
3,0,diff__tgxstrength__sw_shangguan_neutral,0.0,0.0
3,0,diff__tgxstrength__sw_shangguan_strong,0.0,0.0
3,0,diff__tgxstrength__sw_shangguan_weak,0.0,0.0
3,0,diff__tgxstrength__sw_shishen_neutral,0.0,0.0
3,0,diff__tgxstrength__sw_shishen_strong,1.0,-0.03741373378038561
3,0,diff__tgxstrength__sw_shishen_weak,0.0,0.0
3,0,diff__tgxstrength__sw_zheng_cai_neutral,0.0,0.0
3,0,diff__tgxstrength__sw_zheng_cai_strong,0.0,0.0
3,0,diff__tgxstrength__sw_zheng_cai_weak,0.0,0.0
3,0,diff__tgxstrength__sw_zheng_guan_neutral,0.0,0.0
3,0,diff__tgxstrength__sw_zheng_guan_strong,0.0,0.0
3,0,diff__tgxstrength__sw_zheng_guan_weak,0.0,0.0
3,0,diff__tgxstrength__sw_zheng_yin_neutral,0.0,0.0
3,0,diff__tgxstrength__sw_zheng_yin_strong,1.0,-0.14479136806017304
3,0,diff__tgxstrength__sw_zheng_yin_weak,0.0,0.0
3,0,diff__unseong__dw_raw_score,0.0,0.0
3,0,diff__unseong__dw_score_x_strength,0.0,0.0
3,0,diff__unseong__dw_state_건록,0.0,0.0
3,0,diff__unseong__dw_state_관대,0.0,0.0
3,0,diff__unseong__dw_state_목욕,1.0,0.054429661679854684
3,0,diff__unseong__dw_state_묘,0.0,0.0
3,0,diff__unseong__dw_state_병,0.0,0.0
3,0,diff__unseong__dw_state_사,0.0,0.0
3,0,diff__unseong__dw_state_쇠,0.0,0.0
3,0,diff__unseong__dw_state_양,0.0,0.0
3,0,diff__unseong__dw_state_장생,0.0,0.0
3,0,diff__unseong__dw_state_절,1.0,0.12734929744589094
3,0,diff__unseong__dw_state_제왕,0.0,0.0
3,0,diff__unseong__dw_state_태,0.0,0.0
3,0,diff__unseong__sw_raw_score,0.0,0.0
3,0,diff__unseong__sw_score_x_strength,0.0,0.0
3,0,diff__unseong__sw_state_건록,0.0,0.0
3,0,diff__unseong__sw_state_관대,0.0,0.0
3,0,diff__unseong__sw_state_목욕,0.0,0.0
3,0,diff__unseong__sw_state_묘,0.0,0.0
3,0,diff__unseong__sw_state_병,0.0,0.0
3,0,diff__unseong__sw_state_사,1.0,0.20616910455658408
3,0,diff__unseong__sw_state_쇠,0.0,0.0
3,0,diff__unseong__sw_state_양,1.0,0.10080514248467803
3,0,diff__unseong__sw_state_장생,1.0,-0.1856186374968467
3,0,diff__unseong__sw_state_절,0.0,0.0
3,0,diff__unseong__sw_state_제왕,0.0,0.0
3,0,diff__unseong__sw_state_태,0.0,0.0
3,0,diff__yongshin__dw_gi_fit,0.0,0.0
3,0,diff__yongshin__dw_gu_fit,1.0,-0.15963760136966593
3,0,diff__yongshin__dw_hee_fit,0.0,0.0
3,0,diff__yongshin__dw_supplies_fav,1.0,-0.07061642707845045
3,0,diff__yongshin__dw_supplies_unfav,0.0,0.0
3,0,diff__yongshin__dw_yong_branch_fit,0.0,0.0
3,0,diff__yongshin__dw_yong_fit,0.0,0.0
3,0,diff__yongshin__dw_yong_stem_fit,0.0,0.0
3,0,diff__yongshin__sw_gi_fit,0.0,0.0
3,0,diff__yongshin__sw_gu_fit,0.0,0.0
3,0,diff__yongshin__sw_hee_fit,0.0,0.0
3,0,diff__yongshin__sw_supplies_fav,0.0,0.0
3,0,diff__yongshin__sw_supplies_unfav,0.0,0.0
3,0,diff__yongshin__sw_yong_branch_fit,0.0,0.0
3,0,diff__yongshin__sw_yong_fit,0.0,0.0
3,0,diff__yongshin__sw_yong_stem_fit,1.0,-0.37743742424119664
3,1,diff__basic__daymaster_element_earth,0.0,0.0
3,1,diff__basic__daymaster_element_fire,0.0,0.0
3,1,diff__basic__daymaster_element_metal,0.0,0.0
3,1,diff__basic__daymaster_element_water,0.0,0.0
3,1,diff__basic__daymaster_element_wood,0.0,0.0
3,1,diff__basic__daymaster_stem_丁,0.0,0.0
3,1,diff__basic__daymaster_stem_丙,0.0,0.0
3,1,diff__basic__daymaster_stem_乙,0.0,0.0
3,1,diff__basic__daymaster_stem_壬,0.0,0.0
3,1,diff__basic__daymaster_stem_己,0.0,0.0
3,1,diff__basic__daymaster_stem_庚,0.0,0.0
3,1,diff__basic__daymaster_stem_戊,0.0,0.0
3,1,diff__basic__daymaster_stem_甲,0.0,0.0
3,1,diff__basic__daymaster_stem_癸,0.0,0.0
3,1,diff__basic__daymaster_stem_辛,0.0,0.0
3,1,diff__basic__dw_branch_丑,0.0,0.0
3,1,diff__basic__dw_branch_亥,0.0,0.0
3,1,diff__basic__dw_branch_午,0.0,0.0
3,1,diff__basic__dw_branch_卯,0.0,0.0
3,1,diff__basic__dw_branch_子,0.0,0.0
3,1,diff__basic__dw_branch_寅,0.0,0.0
3,1,diff__basic__dw_branch_巳,0.0,0.0
3,1,diff__basic__dw_branch_戌,0.0,0.0
3,1,diff__basic__dw_branch_未,0.0,0.0
3,1,diff__basic__dw_branch_申,0.0,0.0
3,1,diff__basic__dw_branch_辰,0.0,0.0
3,1,diff__basic__dw_branch_酉,0.0,0.0
3,1,diff__basic__dw_element_earth,0.0,0.0
3,1,diff__basic__dw_element_fire,0.0,0.0
3,1,diff__basic__dw_element_metal,0.0,0.0
3,1,diff__basic__dw_element_water,0.0,0.0
3,1,diff__basic__dw_element_wood,0.0,0.0
3,1,diff__basic__dw_stem_丁,0.0,0.0
3,1,diff__basic__dw_stem_丙,0.0,0.0
3,1,diff__basic__dw_stem_乙,0.0,0.0
3,1,diff__basic__dw_stem_壬,0.0,0.0
3,1,diff__basic__dw_stem_己,0.0,0.0
3,1,diff__basic__dw_stem_庚,0.0,0.0
3,1,diff__basic__dw_stem_戊,0.0,0.0
3,1,diff__basic__dw_stem_甲,0.0,0.0
3,1,diff__basic__dw_stem_癸,0.0,0.0
3,1,diff__basic__dw_stem_辛,0.0,0.0
3,1,diff__basic__dw_yy_yang,0.0,0.0
3,1,diff__basic__dw_yy_yin,0.0,0.0
3,1,diff__basic__natal_day_branch_丑,0.0,0.0
3,1,diff__basic__natal_day_branch_亥,0.0,0.0
3,1,diff__basic__natal_day_branch_午,0.0,0.0
3,1,diff__basic__natal_day_branch_卯,0.0,0.0
3,1,diff__basic__natal_day_branch_子,0.0,0.0
3,1,diff__basic__natal_day_branch_寅,0.0,0.0
3,1,diff__basic__natal_day_branch_巳,0.0,0.0
3,1,diff__basic__natal_day_branch_戌,0.0,0.0
3,1,diff__basic__natal_day_branch_未,0.0,0.0
3,1,diff__basic__natal_day_branch_申,0.0,0.0
3,1,diff__basic__natal_day_branch_辰,0.0,0.0
3,1,diff__basic__natal_day_branch_酉,0.0,0.0
3,1,diff__basic__natal_day_stem_丁,0.0,0.0
3,1,diff__basic__natal_day_stem_丙,0.0,0.0
3,1,diff__basic__natal_day_stem_乙,0.0,0.0
3,1,diff__basic__natal_day_stem_壬,0.0,0.0
3,1,diff__basic__natal_day_stem_己,0.0,0.0
3,1,diff__basic__natal_day_stem_庚,0.0,0.0
3,1,diff__basic__natal_day_stem_戊,0.0,0.0
3,1,diff__basic__natal_day_stem_甲,0.0,0.0
3,1,diff__basic__natal_day_stem_癸,0.0,0.0
3,1,diff__basic__natal_day_stem_辛,0.0,0.0
3,1,diff__basic__natal_element_count_earth,0.0,0.0
3,1,diff__basic__natal_element_count_fire,0.0,0.0
3,1,diff__basic__natal_element_count_metal,0.0,0.0
3,1,diff__basic__natal_element_count_water,0.0,0.0
3,1,diff__basic__natal_element_count_wood,0.0,0.0
3,1,diff__basic__natal_hour_branch_丑,0.0,0.0
3,1,diff__basic__natal_hour_branch_亥,0.0,0.0
3,1,diff__basic__natal_hour_branch_午,0.0,0.0
3,1,diff__basic__natal_hour_branch_卯,0.0,0.0
3,1,diff__basic__natal_hour_branch_子,0.0,0.0
3,1,diff__basic__natal_hour_branch_寅,0.0,0.0
3,1,diff__basic__natal_hour_branch_巳,0.0,0.0
3,1,diff__basic__natal_hour_branch_戌,0.0,0.0
3,1,diff__basic__natal_hour_branch_未,0.0,0.0
3,1,diff__basic__natal_hour_branch_申,0.0,0.0
3,1,diff__basic__natal_hour_branch_辰,0.0,0.0
3,1,diff__basic__natal_hour_branch_酉,0.0,0.0
3,1,diff__basic__natal_hour_stem_丁,0.0,0.0
3,1,diff__basic__natal_hour_stem_丙,0.0,0.0
3,1,diff__basic__natal_hour_stem_乙,0.0,0.0
3,1,diff__basic__natal_hour_stem_壬,0.0,0.0
3,1,diff__basic__natal_hour_stem_己,0.0,0.0
3,1,diff__basic__natal_hour_stem_庚,0.0,0.0
3,1,diff__basic__natal_hour_stem_戊,0.0,0.0
3,1,diff__basic__natal_hour_stem_甲,0.0,0.0
3,1,diff__basic__natal_hour_stem_癸,0.0,0.0
3,1,diff__basic__natal_hour_stem_辛,0.0,0.0
3,1,diff__basic__natal_month_branch_丑,0.0,0.0
3,1,diff__basic__natal_month_branch_亥,0.0,0.0
3,1,diff__basic__natal_month_branch_午,0.0,0.0
3,1,diff__basic__natal_month_branch_卯,0.0,0.0
3,1,diff__basic__natal_month_branch_子,0.0,0.0
3,1,diff__basic__natal_month_branch_寅,0.0,0.0
3,1,diff__basic__natal_month_branch_巳,0.0,0.0
3,1,diff__basic__natal_month_branch_戌,0.0,0.0
3,1,diff__basic__natal_month_branch_未,0.0,0.0
3,1,diff__basic__natal_month_branch_申,0.0,0.0
3,1,diff__basic__natal_month_branch_辰,0.0,0.0
3,1,diff__basic__natal_month_branch_酉,0.0,0.0
3,1,diff__basic__natal_month_stem_丁,0.0,0.0
3,1,diff__basic__natal_month_stem_丙,0.0,0.0
3,1,diff__basic__natal_month_stem_乙,0.0,0.0
3,1,diff__basic__natal_month_stem_壬,0.0,0.0
3,1,diff__basic__natal_month_stem_己,0.0,0.0
3,1,diff__basic__natal_month_stem_庚,0.0,0.0
3,1,diff__basic__natal_month_stem_戊,0.0,0.0
3,1,diff__basic__natal_month_stem_甲,0.0,0.0
3,1,diff__basic__natal_month_stem_癸,0.0,0.0
3,1,diff__basic__natal_month_stem_辛,0.0,0.0
3,1,diff__basic__natal_year_branch_丑,0.0,0.0
3,1,diff__basic__natal_year_branch_亥,0.0,0.0
3,1,diff__basic__natal_year_branch_午,0.0,0.0
3,1,diff__basic__natal_year_branch_卯,0.0,0.0
3,1,diff__basic__natal_year_branch_子,0.0,0.0
3,1,diff__basic__natal_year_branch_寅,0.0,0.0
3,1,diff__basic__natal_year_branch_巳,0.0,0.0
3,1,diff__basic__natal_year_branch_戌,0.0,0.0
3,1,diff__basic__natal_year_branch_未,0.0,0.0
3,1,diff__basic__natal_year_branch_申,0.0,0.0
3,1,diff__basic__natal_year_branch_辰,0.0,0.0
3,1,diff__basic__natal_year_branch_酉,0.0,0.0
3,1,diff__basic__natal_year_stem_丁,0.0,0.0
3,1,diff__basic__natal_year_stem_丙,0.0,0.0
3,1,diff__basic__natal_year_stem_乙,0.0,0.0
3,1,diff__basic__natal_year_stem_壬,0.0,0.0
3,1,diff__basic__natal_year_stem_己,0.0,0.0
3,1,diff__basic__natal_year_stem_庚,0.0,0.0
3,1,diff__basic__natal_year_stem_戊,0.0,0.0
3,1,diff__basic__natal_year_stem_甲,0.0,0.0
3,1,diff__basic__natal_year_stem_癸,0.0,0.0
3,1,diff__basic__natal_year_stem_辛,0.0,0.0
3,1,diff__basic__sw_branch_丑,0.0,0.0
3,1,diff__basic__sw_branch_亥,0.0,0.0
3,1,diff__basic__sw_branch_午,0.0,0.0
3,1,diff__basic__sw_branch_卯,0.0,0.0
3,1,diff__basic__sw_branch_子,0.0,0.0
3,1,diff__basic__sw_branch_寅,0.0,0.0
3,1,diff__basic__sw_branch_巳,0.0,0.0
3,1,diff__basic__sw_branch_戌,0.0,0.0
3,1,diff__basic__sw_branch_未,0.0,0.0
3,1,diff__basic__sw_branch_申,0.0,0.0
3,1,diff__basic__sw_branch_辰,0.0,0.0
3,1,diff__basic__sw_branch_酉,0.0,0.0
3,1,diff__basic__sw_element_earth,0.0,0.0
3,1,diff__basic__sw_element_fire,0.0,0.0
3,1,diff__basic__sw_element_metal,0.0,0.0
3,1,diff__basic__sw_element_water,0.0,0.0
3,1,diff__basic__sw_element_wood,0.0,0.0
3,1,diff__basic__sw_stem_丁,0.0,0.0
3,1,diff__basic__sw_stem_丙,0.0,0.0
3,1,diff__basic__sw_stem_乙,0.0,0.0
3,1,diff__basic__sw_stem_壬,0.0,0.0
3,1,diff__basic__sw_stem_己,0.0,0.0
3,1,diff__basic__sw_stem_庚,0.0,0.0
3,1,diff__basic__sw_stem_戊,0.0,0.0
3,1,diff__basic__sw_stem_甲,0.0,0.0
3,1,diff__basic__sw_stem_癸,0.0,0.0
3,1,diff__basic__sw_stem_辛,0.0,0.0
3,1,diff__basic__sw_yy_yang,0.0,0.0
3,1,diff__basic__sw_yy_yin,0.0,0.0
3,1,diff__engine__strength_극약,0.0,0.0
3,1,diff__engine__strength_극왕,0.0,0.0
3,1,diff__engine__strength_신강,0.0,0.0
3,1,diff__engine__strength_신약,0.0,0.0
3,1,diff__engine__strength_중화신강,0.0,0.0
3,1,diff__engine__strength_중화신약,0.0,0.0
3,1,diff__engine__strength_태강,0.0,0.0
3,1,diff__engine__strength_태약,0.0,0.0
3,1,diff__hidden__natal_element_count_earth,0.0,0.0
3,1,diff__hidden__natal_element_count_fire,0.0,0.0
3,1,diff__hidden__natal_element_count_metal,0.0,0.0
3,1,diff__hidden__natal_element_count_water,0.0,0.0
3,1,diff__hidden__natal_element_count_wood,0.0,0.0
3,1,diff__hidden__natal_tg_count_officer,0.0,0.0
3,1,diff__hidden__natal_tg_count_output,0.0,0.0
3,1,diff__hidden__natal_tg_count_peer,0.0,0.0
3,1,diff__hidden__natal_tg_count_resource,0.0,0.0
3,1,diff__hidden__natal_tg_count_wealth,0.0,0.0
3,1,diff__relation__dw_branch_break_natal,0.0,0.0
3,1,diff__relation__dw_branch_clash_natal,0.0,0.0
3,1,diff__relation__dw_branch_combine_natal,0.0,0.0
3,1,diff__relation__dw_branch_harm_natal,0.0,0.0
3,1,diff__relation__dw_branch_punish_natal,0.0,0.0
3,1,diff__relation__dw_stem_clash_natal,0.0,0.0
3,1,diff__relation__dw_stem_combine_natal,0.0,0.0
3,1,diff__relation__sw_branch_break_natal,0.0,0.0
3,1,diff__relation__sw_branch_clash_natal,0.0,0.0
3,1,diff__relation__sw_branch_combine_natal,0.0,0.0
3,1,diff__relation__sw_branch_harm_natal,0.0,0.0
3,1,diff__relation__sw_branch_punish_natal,0.0,0.0
3,1,diff__relation__sw_dw_branch_break,0.0,0.0
3,1,diff__relation__sw_dw_branch_clash,0.0,0.0
3,1,diff__relation__sw_dw_branch_combine,0.0,0.0
3,1,diff__relation__sw_dw_branch_harm,0.0,0.0
3,1,diff__relation__sw_dw_branch_punish,0.0,0.0
3,1,diff__relation__sw_dw_stem_clash,0.0,0.0
3,1,diff__relation__sw_dw_stem_combine,0.0,0.0
3,1,diff__relation__sw_stem_clash_natal,0.0,0.0
3,1,diff__relation__sw_stem_combine_natal,0.0,0.0
3,1,diff__shinsal__dw_breakdown_scalar,0.0,0.0
3,1,diff__shinsal__dw_gongmang_is_gongmang,0.0,0.0
3,1,diff__shinsal__dw_gongmang_rel,0.0,0.0
3,1,diff__shinsal__dw_gongmang_trine,0.0,0.0
3,1,diff__shinsal__dw_gongmang_unseong,0.0,0.0
3,1,diff__shinsal__dw_gongmang_yfit_branch,0.0,0.0
3,1,diff__shinsal__dw_indicators_귀인력,0.0,0.0
3,1,diff__shinsal__dw_noble_power,0.0,0.0
3,1,diff__shinsal__dw_신살_길신__count,0.0,0.0
3,1,diff__shinsal__dw_신살_길신__록신_,0.0,0.0
3,1,diff__shinsal__dw_신살_길신__문창귀인_,0.0,0.0
3,1,diff__shinsal__dw_신살_길신__반안_,0.0,0.0
3,1,diff__shinsal__dw_신살_길신__장성_,0.0,0.0
3,1,diff__shinsal__dw_신살_길신__천을귀인_,0.0,0.0
3,1,diff__shinsal__dw_신살_길신__천희_,0.0,0.0
3,1,diff__shinsal__dw_신살_길신__홍란_,0.0,0.0
3,1,diff__shinsal__dw_신살_길신__화개_,0.0,0.0
3,1,diff__shinsal__dw_신살_흉살__count,0.0,0.0
3,1,diff__shinsal__dw_신살_흉살__겁살_,0.0,0.0
3,1,diff__shinsal__dw_신살_흉살__고진_,0.0,0.0
3,1,diff__shinsal__dw_신살_흉살__과숙_,0.0,0.0
3,1,diff__shinsal__dw_신살_흉살__도화_,0.0,0.0
3,1,diff__shinsal__dw_신살_흉살__망신_,0.0,0.0
3,1,diff__shinsal__dw_신살_흉살__양인_,0.0,0.0
3,1,diff__shinsal__dw_신살_흉살__역마_,0.0,0.0
3,1,diff__shinsal__sw_indicators_귀인력,0.0,0.0
3,1,diff__shinsal__sw_세운_신살_길신__count,0.0,0.0
3,1,diff__shinsal__sw_세운_신살_길신__록신_,0.0,0.0
3,1,diff__shinsal__sw_세운_신살_길신__문창귀인_,0.0,0.0
3,1,diff__shinsal__sw_세운_신살_길신__반안_,0.0,0.0
3,1,diff__shinsal__sw_세운_신살_길신__장성_,0.0,0.0
3,1,diff__shinsal__sw_세운_신살_길신__천을귀인_,0.0,0.0
3,1,diff__shinsal__sw_세운_신살_길신__천희_,0.0,0.0
3,1,diff__shinsal__sw_세운_신살_길신__홍란_,0.0,0.0
3,1,diff__shinsal__sw_세운_신살_길신__화개_,0.0,0.0
3,1,diff__shinsal__sw_세운_신살_흉살__count,0.0,0.0
3,1,diff__shinsal__sw_세운_신살_흉살__겁살_,0.0,0.0
3,1,diff__shinsal__sw_세운_신살_흉살__고진_,0.0,0.0
3,1,diff__shinsal__sw_세운_신살_흉살__과숙_,0.0,0.0
3,1,diff__shinsal__sw_세운_신살_흉살__도화_,0.0,0.0
3,1,diff__shinsal__sw_세운_신살_흉살__망신_,0.0,0.0
3,1,diff__shinsal__sw_세운_신살_흉살__양인_,0.0,0.0
3,1,diff__shinsal__sw_세운_신살_흉살__역마_,0.0,0.0
3,1,diff__tengod__dw_group_officer,0.0,0.0
3,1,diff__tengod__dw_group_output,0.0,0.0
3,1,diff__tengod__dw_group_peer,0.0,0.0
3,1,diff__tengod__dw_group_resource,0.0,0.0
3,1,diff__tengod__dw_group_wealth,0.0,0.0
3,1,diff__tengod__sw_group_officer,0.0,0.0
3,1,diff__tengod__sw_group_output,0.0,0.0
3,1,diff__tengod__sw_group_peer,0.0,0.0
3,1,diff__tengod__sw_group_resource,0.0,0.0
3,1,diff__tengod__sw_group_wealth,0.0,0.0
3,1,diff__tg10__dw_branch_hidden_bijian,0.0,0.0
3,1,diff__tg10__dw_branch_hidden_jiecai,0.0,0.0
3,1,diff__tg10__dw_branch_hidden_pian_cai,0.0,0.0
3,1,diff__tg10__dw_branch_hidden_pian_yin,0.0,0.0
3,1,diff__tg10__dw_branch_hidden_qi_sha,0.0,0.0
3,1,diff__tg10__dw_branch_hidden_shangguan,0.0,0.0
3,1,diff__tg10__dw_branch_hidden_shishen,0.0,0.0
3,1,diff__tg10__dw_branch_hidden_zheng_cai,0.0,0.0
3,1,diff__tg10__dw_branch_hidden_zheng_guan,0.0,0.0
3,1,diff__tg10__dw_branch_hidden_zheng_yin,0.0,0.0
3,1,diff__tg10__dw_stem_bijian,0.0,0.0
3,1,diff__tg10__dw_stem_jiecai,0.0,0.0
3,1,diff__tg10__dw_stem_pian_cai,0.0,0.0
3,1,diff__tg10__dw_stem_pian_yin,0.0,0.0
3,1,diff__tg10__dw_stem_qi_sha,0.0,0.0
3,1,diff__tg10__dw_stem_shangguan,0.0,0.0
3,1,diff__tg10__dw_stem_shishen,0.0,0.0
3,1,diff__tg10__dw_stem_zheng_cai,0.0,0.0
3,1,diff__tg10__dw_stem_zheng_guan,0.0,0.0
3,1,diff__tg10__dw_stem_zheng_yin,0.0,0.0
3,1,diff__tg10__sw_branch_hidden_bijian,0.0,0.0
3,1,diff__tg10__sw_branch_hidden_jiecai,0.0,0.0
3,1,diff__tg10__sw_branch_hidden_pian_cai,0.0,0.0
3,1,diff__tg10__sw_branch_hidden_pian_yin,0.0,0.0
3,1,diff__tg10__sw_branch_hidden_qi_sha,0.0,0.0
3,1,diff__tg10__sw_branch_hidden_shangguan,0.0,0.0
3,1,diff__tg10__sw_branch_hidden_shishen,0.0,0.0
3,1,diff__tg10__sw_branch_hidden_zheng_cai,0.0,0.0
3,1,diff__tg10__sw_branch_hidden_zheng_guan,0.0,0.0
3,1,diff__tg10__sw_branch_hidden_zheng_yin,0.0,0.0
3,1,diff__tg10__sw_stem_bijian,0.0,0.0
3,1,diff__tg10__sw_stem_jiecai,0.0,0.0
3,1,diff__tg10__sw_stem_pian_cai,0.0,0.0
3,1,diff__tg10__sw_stem_pian_yin,0.0,0.0
3,1,diff__tg10__sw_stem_qi_sha,0.0,0.0
3,1,diff__tg10__sw_stem_shangguan,0.0,0.0
3,1,diff__tg10__sw_stem_shishen,0.0,0.0
3,1,diff__tg10__sw_stem_zheng_cai,0.0,0.0
3,1,diff__tg10__sw_stem_zheng_guan,0.0,0.0
3,1,diff__tg10__sw_stem_zheng_yin,0.0,0.0
3,1,diff__tgxstrength__dw_bijian_neutral,0.0,0.0
3,1,diff__tgxstrength__dw_bijian_strong,0.0,0.0
3,1,diff__tgxstrength__dw_bijian_weak,0.0,0.0
3,1,diff__tgxstrength__dw_jiecai_neutral,0.0,0.0
3,1,diff__tgxstrength__dw_jiecai_strong,0.0,0.0
3,1,diff__tgxstrength__dw_jiecai_weak,0.0,0.0
3,1,diff__tgxstrength__dw_pian_cai_neutral,0.0,0.0
3,1,diff__tgxstrength__dw_pian_cai_strong,0.0,0.0
3,1,diff__tgxstrength__dw_pian_cai_weak,0.0,0.0
3,1,diff__tgxstrength__dw_pian_yin_neutral,0.0,0.0
3,1,diff__tgxstrength__dw_pian_yin_strong,0.0,0.0
3,1,diff__tgxstrength__dw_pian_yin_weak,0.0,0.0
3,1,diff__tgxstrength__dw_qi_sha_neutral,0.0,0.0
3,1,diff__tgxstrength__dw_qi_sha_strong,0.0,0.0
3,1,diff__tgxstrength__dw_qi_sha_weak,0.0,0.0
3,1,diff__tgxstrength__dw_shangguan_neutral,0.0,0.0
3,1,diff__tgxstrength__dw_shangguan_strong,0.0,0.0
3,1,diff__tgxstrength__dw_shangguan_weak,0.0,0.0
3,1,diff__tgxstrength__dw_shishen_neutral,0.0,0.0
3,1,diff__tgxstrength__dw_shishen_strong,0.0,0.0
3,1,diff__tgxstrength__dw_shishen_weak,0.0,0.0
3,1,diff__tgxstrength__dw_zheng_cai_neutral,0.0,0.0
3,1,diff__tgxstrength__dw_zheng_cai_strong,0.0,0.0
3,1,diff__tgxstrength__dw_zheng_cai_weak,0.0,0.0
3,1,diff__tgxstrength__dw_zheng_guan_neutral,0.0,0.0
3,1,diff__tgxstrength__dw_zheng_guan_strong,0.0,0.0
3,1,diff__tgxstrength__dw_zheng_guan_weak,0.0,0.0
3,1,diff__tgxstrength__dw_zheng_yin_neutral,0.0,0.0
3,1,diff__tgxstrength__dw_zheng_yin_strong,0.0,0.0
3,1,diff__tgxstrength__dw_zheng_yin_weak,0.0,0.0
3,1,diff__tgxstrength__sw_bijian_neutral,0.0,0.0
3,1,diff__tgxstrength__sw_bijian_strong,0.0,0.0
3,1,diff__tgxstrength__sw_bijian_weak,0.0,0.0
3,1,diff__tgxstrength__sw_jiecai_neutral,0.0,0.0
3,1,diff__tgxstrength__sw_jiecai_strong,0.0,0.0
3,1,diff__tgxstrength__sw_jiecai_weak,0.0,0.0
3,1,diff__tgxstrength__sw_pian_cai_neutral,0.0,0.0
3,1,diff__tgxstrength__sw_pian_cai_strong,0.0,0.0
3,1,diff__tgxstrength__sw_pian_cai_weak,0.0,0.0
3,1,diff__tgxstrength__sw_pian_yin_neutral,0.0,0.0
3,1,diff__tgxstrength__sw_pian_yin_strong,0.0,0.0
3,1,diff__tgxstrength__sw_pian_yin_weak,0.0,0.0
3,1,diff__tgxstrength__sw_qi_sha_neutral,0.0,0.0
3,1,diff__tgxstrength__sw_qi_sha_strong,0.0,0.0
3,1,diff__tgxstrength__sw_qi_sha_weak,0.0,0.0
3,1,diff__tgxstrength__sw_shangguan_neutral,0.0,0.0
3,1,diff__tgxstrength__sw_shangguan_strong,0.0,0.0
3,1,diff__tgxstrength__sw_shangguan_weak,0.0,0.0
3,1,diff__tgxstrength__sw_shishen_neutral,0.0,0.0
3,1,diff__tgxstrength__sw_shishen_strong,0.0,0.0
3,1,diff__tgxstrength__sw_shishen_weak,0.0,0.0
3,1,diff__tgxstrength__sw_zheng_cai_neutral,0.0,0.0
3,1,diff__tgxstrength__sw_zheng_cai_strong,0.0,0.0
3,1,diff__tgxstrength__sw_zheng_cai_weak,0.0,0.0
3,1,diff__tgxstrength__sw_zheng_guan_neutral,0.0,0.0
3,1,diff__tgxstrength__sw_zheng_guan_strong,0.0,0.0
3,1,diff__tgxstrength__sw_zheng_guan_weak,0.0,0.0
3,1,diff__tgxstrength__sw_zheng_yin_neutral,0.0,0.0
3,1,diff__tgxstrength__sw_zheng_yin_strong,0.0,0.0
3,1,diff__tgxstrength__sw_zheng_yin_weak,0.0,0.0
3,1,diff__unseong__dw_raw_score,0.0,0.0
3,1,diff__unseong__dw_score_x_strength,0.0,0.0
3,1,diff__unseong__dw_state_건록,0.0,0.0
3,1,diff__unseong__dw_state_관대,0.0,0.0
3,1,diff__unseong__dw_state_목욕,0.0,0.0
3,1,diff__unseong__dw_state_묘,0.0,0.0
3,1,diff__unseong__dw_state_병,0.0,0.0
3,1,diff__unseong__dw_state_사,0.0,0.0
3,1,diff__unseong__dw_state_쇠,0.0,0.0
3,1,diff__unseong__dw_state_양,0.0,0.0
3,1,diff__unseong__dw_state_장생,0.0,0.0
3,1,diff__unseong__dw_state_절,0.0,0.0
3,1,diff__unseong__dw_state_제왕,0.0,0.0
3,1,diff__unseong__dw_state_태,0.0,0.0
3,1,diff__unseong__sw_raw_score,0.0,0.0
3,1,diff__unseong__sw_score_x_strength,0.0,0.0
3,1,diff__unseong__sw_state_건록,0.0,0.0
3,1,diff__unseong__sw_state_관대,0.0,0.0
3,1,diff__unseong__sw_state_목욕,0.0,0.0
3,1,diff__unseong__sw_state_묘,0.0,0.0
3,1,diff__unseong__sw_state_병,0.0,0.0
3,1,diff__unseong__sw_state_사,0.0,0.0
3,1,diff__unseong__sw_state_쇠,0.0,0.0
3,1,diff__unseong__sw_state_양,0.0,0.0
3,1,diff__unseong__sw_state_장생,0.0,0.0
3,1,diff__unseong__sw_state_절,0.0,0.0
3,1,diff__unseong__sw_state_제왕,0.0,0.0
3,1,diff__unseong__sw_state_태,0.0,0.0
3,1,diff__yongshin__dw_gi_fit,0.0,0.0
3,1,diff__yongshin__dw_gu_fit,0.0,0.0
3,1,diff__yongshin__dw_hee_fit,0.0,0.0
3,1,diff__yongshin__dw_supplies_fav,0.0,0.0
3,1,diff__yongshin__dw_supplies_unfav,0.0,0.0
3,1,diff__yongshin__dw_yong_branch_fit,0.0,0.0
3,1,diff__yongshin__dw_yong_fit,0.0,0.0
3,1,diff__yongshin__dw_yong_stem_fit,0.0,0.0
3,1,diff__yongshin__sw_gi_fit,0.0,0.0
3,1,diff__yongshin__sw_gu_fit,0.0,0.0
3,1,diff__yongshin__sw_hee_fit,0.0,0.0
3,1,diff__yongshin__sw_supplies_fav,0.0,0.0
3,1,diff__yongshin__sw_supplies_unfav,0.0,0.0
3,1,diff__yongshin__sw_yong_branch_fit,0.0,0.0
3,1,diff__yongshin__sw_yong_fit,0.0,0.0
3,1,diff__yongshin__sw_yong_stem_fit,0.0,0.0
3,2,diff__basic__daymaster_element_earth,0.0,0.0
3,2,diff__basic__daymaster_element_fire,0.0,0.0
3,2,diff__basic__daymaster_element_metal,0.0,0.0
3,2,diff__basic__daymaster_element_water,0.0,0.0
3,2,diff__basic__daymaster_element_wood,0.0,0.0
3,2,diff__basic__daymaster_stem_丁,0.0,0.0
3,2,diff__basic__daymaster_stem_丙,0.0,0.0
3,2,diff__basic__daymaster_stem_乙,0.0,0.0
3,2,diff__basic__daymaster_stem_壬,0.0,0.0
3,2,diff__basic__daymaster_stem_己,0.0,0.0
3,2,diff__basic__daymaster_stem_庚,0.0,0.0
3,2,diff__basic__daymaster_stem_戊,0.0,0.0
3,2,diff__basic__daymaster_stem_甲,0.0,0.0
3,2,diff__basic__daymaster_stem_癸,0.0,0.0
3,2,diff__basic__daymaster_stem_辛,0.0,0.0
3,2,diff__basic__dw_branch_丑,0.0,0.0
3,2,diff__basic__dw_branch_亥,0.0,0.0
3,2,diff__basic__dw_branch_午,0.0,0.0
3,2,diff__basic__dw_branch_卯,0.0,0.0
3,2,diff__basic__dw_branch_子,0.0,0.0
3,2,diff__basic__dw_branch_寅,0.0,0.0
3,2,diff__basic__dw_branch_巳,0.0,0.0
3,2,diff__basic__dw_branch_戌,0.0,0.0
3,2,diff__basic__dw_branch_未,0.0,0.0
3,2,diff__basic__dw_branch_申,0.0,0.0
3,2,diff__basic__dw_branch_辰,0.0,0.0
3,2,diff__basic__dw_branch_酉,0.0,0.0
3,2,diff__basic__dw_element_earth,0.0,0.0
3,2,diff__basic__dw_element_fire,0.0,0.0
3,2,diff__basic__dw_element_metal,0.0,0.0
3,2,diff__basic__dw_element_water,0.0,0.0
3,2,diff__basic__dw_element_wood,0.0,0.0
3,2,diff__basic__dw_stem_丁,0.0,0.0
3,2,diff__basic__dw_stem_丙,0.0,0.0
3,2,diff__basic__dw_stem_乙,0.0,0.0
3,2,diff__basic__dw_stem_壬,0.0,0.0
3,2,diff__basic__dw_stem_己,0.0,0.0
3,2,diff__basic__dw_stem_庚,0.0,0.0
3,2,diff__basic__dw_stem_戊,0.0,0.0
3,2,diff__basic__dw_stem_甲,0.0,0.0
3,2,diff__basic__dw_stem_癸,0.0,0.0
3,2,diff__basic__dw_stem_辛,0.0,0.0
3,2,diff__basic__dw_yy_yang,0.0,0.0
3,2,diff__basic__dw_yy_yin,0.0,0.0
3,2,diff__basic__natal_day_branch_丑,0.0,0.0
3,2,diff__basic__natal_day_branch_亥,0.0,0.0
3,2,diff__basic__natal_day_branch_午,0.0,0.0
3,2,diff__basic__natal_day_branch_卯,0.0,0.0
3,2,diff__basic__natal_day_branch_子,0.0,0.0
3,2,diff__basic__natal_day_branch_寅,0.0,0.0
3,2,diff__basic__natal_day_branch_巳,0.0,0.0
3,2,diff__basic__natal_day_branch_戌,0.0,0.0
3,2,diff__basic__natal_day_branch_未,0.0,0.0
3,2,diff__basic__natal_day_branch_申,0.0,0.0
3,2,diff__basic__natal_day_branch_辰,0.0,0.0
3,2,diff__basic__natal_day_branch_酉,0.0,0.0
3,2,diff__basic__natal_day_stem_丁,0.0,0.0
3,2,diff__basic__natal_day_stem_丙,0.0,0.0
3,2,diff__basic__natal_day_stem_乙,0.0,0.0
3,2,diff__basic__natal_day_stem_壬,0.0,0.0
3,2,diff__basic__natal_day_stem_己,0.0,0.0
3,2,diff__basic__natal_day_stem_庚,0.0,0.0
3,2,diff__basic__natal_day_stem_戊,0.0,0.0
3,2,diff__basic__natal_day_stem_甲,0.0,0.0
3,2,diff__basic__natal_day_stem_癸,0.0,0.0
3,2,diff__basic__natal_day_stem_辛,0.0,0.0
3,2,diff__basic__natal_element_count_earth,0.0,0.0
3,2,diff__basic__natal_element_count_fire,0.0,0.0
3,2,diff__basic__natal_element_count_metal,0.0,0.0
3,2,diff__basic__natal_element_count_water,0.0,0.0
3,2,diff__basic__natal_element_count_wood,0.0,0.0
3,2,diff__basic__natal_hour_branch_丑,0.0,0.0
3,2,diff__basic__natal_hour_branch_亥,0.0,0.0
3,2,diff__basic__natal_hour_branch_午,0.0,0.0
3,2,diff__basic__natal_hour_branch_卯,0.0,0.0
3,2,diff__basic__natal_hour_branch_子,0.0,0.0
3,2,diff__basic__natal_hour_branch_寅,0.0,0.0
3,2,diff__basic__natal_hour_branch_巳,0.0,0.0
3,2,diff__basic__natal_hour_branch_戌,0.0,0.0
3,2,diff__basic__natal_hour_branch_未,0.0,0.0
3,2,diff__basic__natal_hour_branch_申,0.0,0.0
3,2,diff__basic__natal_hour_branch_辰,0.0,0.0
3,2,diff__basic__natal_hour_branch_酉,0.0,0.0
3,2,diff__basic__natal_hour_stem_丁,0.0,0.0
3,2,diff__basic__natal_hour_stem_丙,0.0,0.0
3,2,diff__basic__natal_hour_stem_乙,0.0,0.0
3,2,diff__basic__natal_hour_stem_壬,0.0,0.0
3,2,diff__basic__natal_hour_stem_己,0.0,0.0
3,2,diff__basic__natal_hour_stem_庚,0.0,0.0
3,2,diff__basic__natal_hour_stem_戊,0.0,0.0
3,2,diff__basic__natal_hour_stem_甲,0.0,0.0
3,2,diff__basic__natal_hour_stem_癸,0.0,0.0
3,2,diff__basic__natal_hour_stem_辛,0.0,0.0
3,2,diff__basic__natal_month_branch_丑,0.0,0.0
3,2,diff__basic__natal_month_branch_亥,0.0,0.0
3,2,diff__basic__natal_month_branch_午,0.0,0.0
3,2,diff__basic__natal_month_branch_卯,0.0,0.0
3,2,diff__basic__natal_month_branch_子,0.0,0.0
3,2,diff__basic__natal_month_branch_寅,0.0,0.0
3,2,diff__basic__natal_month_branch_巳,0.0,0.0
3,2,diff__basic__natal_month_branch_戌,0.0,0.0
3,2,diff__basic__natal_month_branch_未,0.0,0.0
3,2,diff__basic__natal_month_branch_申,0.0,0.0
3,2,diff__basic__natal_month_branch_辰,0.0,0.0
3,2,diff__basic__natal_month_branch_酉,0.0,0.0
3,2,diff__basic__natal_month_stem_丁,0.0,0.0
3,2,diff__basic__natal_month_stem_丙,0.0,0.0
3,2,diff__basic__natal_month_stem_乙,0.0,0.0
3,2,diff__basic__natal_month_stem_壬,0.0,0.0
3,2,diff__basic__natal_month_stem_己,0.0,0.0
3,2,diff__basic__natal_month_stem_庚,0.0,0.0
3,2,diff__basic__natal_month_stem_戊,0.0,0.0
3,2,diff__basic__natal_month_stem_甲,0.0,0.0
3,2,diff__basic__natal_month_stem_癸,0.0,0.0
3,2,diff__basic__natal_month_stem_辛,0.0,0.0
3,2,diff__basic__natal_year_branch_丑,0.0,0.0
3,2,diff__basic__natal_year_branch_亥,0.0,0.0
3,2,diff__basic__natal_year_branch_午,0.0,0.0
3,2,diff__basic__natal_year_branch_卯,0.0,0.0
3,2,diff__basic__natal_year_branch_子,0.0,0.0
3,2,diff__basic__natal_year_branch_寅,0.0,0.0
3,2,diff__basic__natal_year_branch_巳,0.0,0.0
3,2,diff__basic__natal_year_branch_戌,0.0,0.0
3,2,diff__basic__natal_year_branch_未,0.0,0.0
3,2,diff__basic__natal_year_branch_申,0.0,0.0
3,2,diff__basic__natal_year_branch_辰,0.0,0.0
3,2,diff__basic__natal_year_branch_酉,0.0,0.0
3,2,diff__basic__natal_year_stem_丁,0.0,0.0
3,2,diff__basic__natal_year_stem_丙,0.0,0.0
3,2,diff__basic__natal_year_stem_乙,0.0,0.0
3,2,diff__basic__natal_year_stem_壬,0.0,0.0
3,2,diff__basic__natal_year_stem_己,0.0,0.0
3,2,diff__basic__natal_year_stem_庚,0.0,0.0
3,2,diff__basic__natal_year_stem_戊,0.0,0.0
3,2,diff__basic__natal_year_stem_甲,0.0,0.0
3,2,diff__basic__natal_year_stem_癸,0.0,0.0
3,2,diff__basic__natal_year_stem_辛,0.0,0.0
3,2,diff__basic__sw_branch_丑,0.0,0.0
3,2,diff__basic__sw_branch_亥,0.0,0.0
3,2,diff__basic__sw_branch_午,0.0,0.0
3,2,diff__basic__sw_branch_卯,0.0,0.0
3,2,diff__basic__sw_branch_子,0.0,0.0
3,2,diff__basic__sw_branch_寅,0.0,0.0
3,2,diff__basic__sw_branch_巳,0.0,0.0
3,2,diff__basic__sw_branch_戌,0.0,0.0
3,2,diff__basic__sw_branch_未,0.0,0.0
3,2,diff__basic__sw_branch_申,0.0,0.0
3,2,diff__basic__sw_branch_辰,0.0,0.0
3,2,diff__basic__sw_branch_酉,0.0,0.0
3,2,diff__basic__sw_element_earth,0.0,0.0
3,2,diff__basic__sw_element_fire,0.0,0.0
3,2,diff__basic__sw_element_metal,0.0,0.0
3,2,diff__basic__sw_element_water,0.0,0.0
3,2,diff__basic__sw_element_wood,0.0,0.0
3,2,diff__basic__sw_stem_丁,0.0,0.0
3,2,diff__basic__sw_stem_丙,0.0,0.0
3,2,diff__basic__sw_stem_乙,0.0,0.0
3,2,diff__basic__sw_stem_壬,0.0,0.0
3,2,diff__basic__sw_stem_己,0.0,0.0
3,2,diff__basic__sw_stem_庚,0.0,0.0
3,2,diff__basic__sw_stem_戊,0.0,0.0
3,2,diff__basic__sw_stem_甲,0.0,0.0
3,2,diff__basic__sw_stem_癸,0.0,0.0
3,2,diff__basic__sw_stem_辛,0.0,0.0
3,2,diff__basic__sw_yy_yang,0.0,0.0
3,2,diff__basic__sw_yy_yin,0.0,0.0
3,2,diff__engine__strength_극약,0.0,0.0
3,2,diff__engine__strength_극왕,0.0,0.0
3,2,diff__engine__strength_신강,0.0,0.0
3,2,diff__engine__strength_신약,0.0,0.0
3,2,diff__engine__strength_중화신강,0.0,0.0
3,2,diff__engine__strength_중화신약,0.0,0.0
3,2,diff__engine__strength_태강,0.0,0.0
3,2,diff__engine__strength_태약,0.0,0.0
3,2,diff__hidden__natal_element_count_earth,0.0,0.0
3,2,diff__hidden__natal_element_count_fire,0.0,0.0
3,2,diff__hidden__natal_element_count_metal,0.0,0.0
3,2,diff__hidden__natal_element_count_water,0.0,0.0
3,2,diff__hidden__natal_element_count_wood,0.0,0.0
3,2,diff__hidden__natal_tg_count_officer,0.0,0.0
3,2,diff__hidden__natal_tg_count_output,0.0,0.0
3,2,diff__hidden__natal_tg_count_peer,0.0,0.0
3,2,diff__hidden__natal_tg_count_resource,0.0,0.0
3,2,diff__hidden__natal_tg_count_wealth,0.0,0.0
3,2,diff__relation__dw_branch_break_natal,0.0,0.0
3,2,diff__relation__dw_branch_clash_natal,0.0,0.0
3,2,diff__relation__dw_branch_combine_natal,0.0,0.0
3,2,diff__relation__dw_branch_harm_natal,0.0,0.0
3,2,diff__relation__dw_branch_punish_natal,0.0,0.0
3,2,diff__relation__dw_stem_clash_natal,0.0,0.0
3,2,diff__relation__dw_stem_combine_natal,0.0,0.0
3,2,diff__relation__sw_branch_break_natal,0.0,0.0
3,2,diff__relation__sw_branch_clash_natal,0.0,0.0
3,2,diff__relation__sw_branch_combine_natal,0.0,0.0
3,2,diff__relation__sw_branch_harm_natal,0.0,0.0
3,2,diff__relation__sw_branch_punish_natal,0.0,0.0
3,2,diff__relation__sw_dw_branch_break,0.0,0.0
3,2,diff__relation__sw_dw_branch_clash,0.0,0.0
3,2,diff__relation__sw_dw_branch_combine,0.0,0.0
3,2,diff__relation__sw_dw_branch_harm,0.0,0.0
3,2,diff__relation__sw_dw_branch_punish,0.0,0.0
3,2,diff__relation__sw_dw_stem_clash,0.0,0.0
3,2,diff__relation__sw_dw_stem_combine,0.0,0.0
3,2,diff__relation__sw_stem_clash_natal,0.0,0.0
3,2,diff__relation__sw_stem_combine_natal,0.0,0.0
3,2,diff__shinsal__dw_breakdown_scalar,0.0,0.0
3,2,diff__shinsal__dw_gongmang_is_gongmang,0.0,0.0
3,2,diff__shinsal__dw_gongmang_rel,0.0,0.0
3,2,diff__shinsal__dw_gongmang_trine,0.0,0.0
3,2,diff__shinsal__dw_gongmang_unseong,0.0,0.0
3,2,diff__shinsal__dw_gongmang_yfit_branch,0.0,0.0
3,2,diff__shinsal__dw_indicators_귀인력,0.0,0.0
3,2,diff__shinsal__dw_noble_power,0.0,0.0
3,2,diff__shinsal__dw_신살_길신__count,0.0,0.0
3,2,diff__shinsal__dw_신살_길신__록신_,0.0,0.0
3,2,diff__shinsal__dw_신살_길신__문창귀인_,0.0,0.0
3,2,diff__shinsal__dw_신살_길신__반안_,0.0,0.0
3,2,diff__shinsal__dw_신살_길신__장성_,0.0,0.0
3,2,diff__shinsal__dw_신살_길신__천을귀인_,0.0,0.0
3,2,diff__shinsal__dw_신살_길신__천희_,0.0,0.0
3,2,diff__shinsal__dw_신살_길신__홍란_,0.0,0.0
3,2,diff__shinsal__dw_신살_길신__화개_,0.0,0.0
3,2,diff__shinsal__dw_신살_흉살__count,0.0,0.0
3,2,diff__shinsal__dw_신살_흉살__겁살_,0.0,0.0
3,2,diff__shinsal__dw_신살_흉살__고진_,0.0,0.0
3,2,diff__shinsal__dw_신살_흉살__과숙_,0.0,0.0
3,2,diff__shinsal__dw_신살_흉살__도화_,0.0,0.0
3,2,diff__shinsal__dw_신살_흉살__망신_,0.0,0.0
3,2,diff__shinsal__dw_신살_흉살__양인_,0.0,0.0
3,2,diff__shinsal__dw_신살_흉살__역마_,0.0,0.0
3,2,diff__shinsal__sw_indicators_귀인력,0.0,0.0
3,2,diff__shinsal__sw_세운_신살_길신__count,0.0,0.0
3,2,diff__shinsal__sw_세운_신살_길신__록신_,0.0,0.0
3,2,diff__shinsal__sw_세운_신살_길신__문창귀인_,0.0,0.0
3,2,diff__shinsal__sw_세운_신살_길신__반안_,0.0,0.0
3,2,diff__shinsal__sw_세운_신살_길신__장성_,0.0,0.0
3,2,diff__shinsal__sw_세운_신살_길신__천을귀인_,0.0,0.0
3,2,diff__shinsal__sw_세운_신살_길신__천희_,0.0,0.0
3,2,diff__shinsal__sw_세운_신살_길신__홍란_,0.0,0.0
3,2,diff__shinsal__sw_세운_신살_길신__화개_,0.0,0.0
3,2,diff__shinsal__sw_세운_신살_흉살__count,0.0,0.0
3,2,diff__shinsal__sw_세운_신살_흉살__겁살_,0.0,0.0
3,2,diff__shinsal__sw_세운_신살_흉살__고진_,0.0,0.0
3,2,diff__shinsal__sw_세운_신살_흉살__과숙_,0.0,0.0
3,2,diff__shinsal__sw_세운_신살_흉살__도화_,0.0,0.0
3,2,diff__shinsal__sw_세운_신살_흉살__망신_,0.0,0.0
3,2,diff__shinsal__sw_세운_신살_흉살__양인_,0.0,0.0
3,2,diff__shinsal__sw_세운_신살_흉살__역마_,0.0,0.0
3,2,diff__tengod__dw_group_officer,0.0,0.0
3,2,diff__tengod__dw_group_output,0.0,0.0
3,2,diff__tengod__dw_group_peer,0.0,0.0
3,2,diff__tengod__dw_group_resource,0.0,0.0
3,2,diff__tengod__dw_group_wealth,0.0,0.0
3,2,diff__tengod__sw_group_officer,0.0,0.0
3,2,diff__tengod__sw_group_output,0.0,0.0
3,2,diff__tengod__sw_group_peer,0.0,0.0
3,2,diff__tengod__sw_group_resource,0.0,0.0
3,2,diff__tengod__sw_group_wealth,0.0,0.0
3,2,diff__tg10__dw_branch_hidden_bijian,0.0,0.0
3,2,diff__tg10__dw_branch_hidden_jiecai,0.0,0.0
3,2,diff__tg10__dw_branch_hidden_pian_cai,0.0,0.0
3,2,diff__tg10__dw_branch_hidden_pian_yin,0.0,0.0
3,2,diff__tg10__dw_branch_hidden_qi_sha,0.0,0.0
3,2,diff__tg10__dw_branch_hidden_shangguan,0.0,0.0
3,2,diff__tg10__dw_branch_hidden_shishen,0.0,0.0
3,2,diff__tg10__dw_branch_hidden_zheng_cai,0.0,0.0
3,2,diff__tg10__dw_branch_hidden_zheng_guan,0.0,0.0
3,2,diff__tg10__dw_branch_hidden_zheng_yin,0.0,0.0
3,2,diff__tg10__dw_stem_bijian,0.0,0.0
3,2,diff__tg10__dw_stem_jiecai,0.0,0.0
3,2,diff__tg10__dw_stem_pian_cai,0.0,0.0
3,2,diff__tg10__dw_stem_pian_yin,0.0,0.0
3,2,diff__tg10__dw_stem_qi_sha,0.0,0.0
3,2,diff__tg10__dw_stem_shangguan,0.0,0.0
3,2,diff__tg10__dw_stem_shishen,0.0,0.0
3,2,diff__tg10__dw_stem_zheng_cai,0.0,0.0
3,2,diff__tg10__dw_stem_zheng_guan,0.0,0.0
3,2,diff__tg10__dw_stem_zheng_yin,0.0,0.0
3,2,diff__tg10__sw_branch_hidden_bijian,0.0,0.0
3,2,diff__tg10__sw_branch_hidden_jiecai,0.0,0.0
3,2,diff__tg10__sw_branch_hidden_pian_cai,0.0,0.0
3,2,diff__tg10__sw_branch_hidden_pian_yin,0.0,0.0
3,2,diff__tg10__sw_branch_hidden_qi_sha,0.0,0.0
3,2,diff__tg10__sw_branch_hidden_shangguan,0.0,0.0
3,2,diff__tg10__sw_branch_hidden_shishen,0.0,0.0
3,2,diff__tg10__sw_branch_hidden_zheng_cai,0.0,0.0
3,2,diff__tg10__sw_branch_hidden_zheng_guan,0.0,0.0
3,2,diff__tg10__sw_branch_hidden_zheng_yin,0.0,0.0
3,2,diff__tg10__sw_stem_bijian,0.0,0.0
3,2,diff__tg10__sw_stem_jiecai,0.0,0.0
3,2,diff__tg10__sw_stem_pian_cai,0.0,0.0
3,2,diff__tg10__sw_stem_pian_yin,0.0,0.0
3,2,diff__tg10__sw_stem_qi_sha,0.0,0.0
3,2,diff__tg10__sw_stem_shangguan,0.0,0.0
3,2,diff__tg10__sw_stem_shishen,0.0,0.0
3,2,diff__tg10__sw_stem_zheng_cai,0.0,0.0
3,2,diff__tg10__sw_stem_zheng_guan,0.0,0.0
3,2,diff__tg10__sw_stem_zheng_yin,0.0,0.0
3,2,diff__tgxstrength__dw_bijian_neutral,0.0,0.0
3,2,diff__tgxstrength__dw_bijian_strong,0.0,0.0
3,2,diff__tgxstrength__dw_bijian_weak,0.0,0.0
3,2,diff__tgxstrength__dw_jiecai_neutral,0.0,0.0
3,2,diff__tgxstrength__dw_jiecai_strong,0.0,0.0
3,2,diff__tgxstrength__dw_jiecai_weak,0.0,0.0
3,2,diff__tgxstrength__dw_pian_cai_neutral,0.0,0.0
3,2,diff__tgxstrength__dw_pian_cai_strong,0.0,0.0
3,2,diff__tgxstrength__dw_pian_cai_weak,0.0,0.0
3,2,diff__tgxstrength__dw_pian_yin_neutral,0.0,0.0
3,2,diff__tgxstrength__dw_pian_yin_strong,0.0,0.0
3,2,diff__tgxstrength__dw_pian_yin_weak,0.0,0.0
3,2,diff__tgxstrength__dw_qi_sha_neutral,0.0,0.0
3,2,diff__tgxstrength__dw_qi_sha_strong,0.0,0.0
3,2,diff__tgxstrength__dw_qi_sha_weak,0.0,0.0
3,2,diff__tgxstrength__dw_shangguan_neutral,0.0,0.0
3,2,diff__tgxstrength__dw_shangguan_strong,0.0,0.0
3,2,diff__tgxstrength__dw_shangguan_weak,0.0,0.0
3,2,diff__tgxstrength__dw_shishen_neutral,0.0,0.0
3,2,diff__tgxstrength__dw_shishen_strong,0.0,0.0
3,2,diff__tgxstrength__dw_shishen_weak,0.0,0.0
3,2,diff__tgxstrength__dw_zheng_cai_neutral,0.0,0.0
3,2,diff__tgxstrength__dw_zheng_cai_strong,0.0,0.0
3,2,diff__tgxstrength__dw_zheng_cai_weak,0.0,0.0
3,2,diff__tgxstrength__dw_zheng_guan_neutral,0.0,0.0
3,2,diff__tgxstrength__dw_zheng_guan_strong,0.0,0.0
3,2,diff__tgxstrength__dw_zheng_guan_weak,0.0,0.0
3,2,diff__tgxstrength__dw_zheng_yin_neutral,0.0,0.0
3,2,diff__tgxstrength__dw_zheng_yin_strong,0.0,0.0
3,2,diff__tgxstrength__dw_zheng_yin_weak,0.0,0.0
3,2,diff__tgxstrength__sw_bijian_neutral,0.0,0.0
3,2,diff__tgxstrength__sw_bijian_strong,0.0,0.0
3,2,diff__tgxstrength__sw_bijian_weak,0.0,0.0
3,2,diff__tgxstrength__sw_jiecai_neutral,0.0,0.0
3,2,diff__tgxstrength__sw_jiecai_strong,0.0,0.0
3,2,diff__tgxstrength__sw_jiecai_weak,0.0,0.0
3,2,diff__tgxstrength__sw_pian_cai_neutral,0.0,0.0
3,2,diff__tgxstrength__sw_pian_cai_strong,0.0,0.0
3,2,diff__tgxstrength__sw_pian_cai_weak,0.0,0.0
3,2,diff__tgxstrength__sw_pian_yin_neutral,0.0,0.0
3,2,diff__tgxstrength__sw_pian_yin_strong,0.0,0.0
3,2,diff__tgxstrength__sw_pian_yin_weak,0.0,0.0
3,2,diff__tgxstrength__sw_qi_sha_neutral,0.0,0.0
3,2,diff__tgxstrength__sw_qi_sha_strong,0.0,0.0
3,2,diff__tgxstrength__sw_qi_sha_weak,0.0,0.0
3,2,diff__tgxstrength__sw_shangguan_neutral,0.0,0.0
3,2,diff__tgxstrength__sw_shangguan_strong,0.0,0.0
3,2,diff__tgxstrength__sw_shangguan_weak,0.0,0.0
3,2,diff__tgxstrength__sw_shishen_neutral,0.0,0.0
3,2,diff__tgxstrength__sw_shishen_strong,0.0,0.0
3,2,diff__tgxstrength__sw_shishen_weak,0.0,0.0
3,2,diff__tgxstrength__sw_zheng_cai_neutral,0.0,0.0
3,2,diff__tgxstrength__sw_zheng_cai_strong,0.0,0.0
3,2,diff__tgxstrength__sw_zheng_cai_weak,0.0,0.0
3,2,diff__tgxstrength__sw_zheng_guan_neutral,0.0,0.0
3,2,diff__tgxstrength__sw_zheng_guan_strong,0.0,0.0
3,2,diff__tgxstrength__sw_zheng_guan_weak,0.0,0.0
3,2,diff__tgxstrength__sw_zheng_yin_neutral,0.0,0.0
3,2,diff__tgxstrength__sw_zheng_yin_strong,0.0,0.0
3,2,diff__tgxstrength__sw_zheng_yin_weak,0.0,0.0
3,2,diff__unseong__dw_raw_score,0.0,0.0
3,2,diff__unseong__dw_score_x_strength,0.0,0.0
3,2,diff__unseong__dw_state_건록,0.0,0.0
3,2,diff__unseong__dw_state_관대,0.0,0.0
3,2,diff__unseong__dw_state_목욕,0.0,0.0
3,2,diff__unseong__dw_state_묘,0.0,0.0
3,2,diff__unseong__dw_state_병,0.0,0.0
3,2,diff__unseong__dw_state_사,0.0,0.0
3,2,diff__unseong__dw_state_쇠,0.0,0.0
3,2,diff__unseong__dw_state_양,0.0,0.0
3,2,diff__unseong__dw_state_장생,0.0,0.0
3,2,diff__unseong__dw_state_절,0.0,0.0
3,2,diff__unseong__dw_state_제왕,0.0,0.0
3,2,diff__unseong__dw_state_태,0.0,0.0
3,2,diff__unseong__sw_raw_score,0.0,0.0
3,2,diff__unseong__sw_score_x_strength,0.0,0.0
3,2,diff__unseong__sw_state_건록,0.0,0.0
3,2,diff__unseong__sw_state_관대,0.0,0.0
3,2,diff__unseong__sw_state_목욕,0.0,0.0
3,2,diff__unseong__sw_state_묘,0.0,0.0
3,2,diff__unseong__sw_state_병,0.0,0.0
3,2,diff__unseong__sw_state_사,0.0,0.0
3,2,diff__unseong__sw_state_쇠,0.0,0.0
3,2,diff__unseong__sw_state_양,0.0,0.0
3,2,diff__unseong__sw_state_장생,0.0,0.0
3,2,diff__unseong__sw_state_절,0.0,0.0
3,2,diff__unseong__sw_state_제왕,0.0,0.0
3,2,diff__unseong__sw_state_태,0.0,0.0
3,2,diff__yongshin__dw_gi_fit,0.0,0.0
3,2,diff__yongshin__dw_gu_fit,0.0,0.0
3,2,diff__yongshin__dw_hee_fit,0.0,0.0
3,2,diff__yongshin__dw_supplies_fav,0.0,0.0
3,2,diff__yongshin__dw_supplies_unfav,0.0,0.0
3,2,diff__yongshin__dw_yong_branch_fit,0.0,0.0
3,2,diff__yongshin__dw_yong_fit,0.0,0.0
3,2,diff__yongshin__dw_yong_stem_fit,0.0,0.0
3,2,diff__yongshin__sw_gi_fit,0.0,0.0
3,2,diff__yongshin__sw_gu_fit,0.0,0.0
3,2,diff__yongshin__sw_hee_fit,0.0,0.0
3,2,diff__yongshin__sw_supplies_fav,0.0,0.0
3,2,diff__yongshin__sw_supplies_unfav,0.0,0.0
3,2,diff__yongshin__sw_yong_branch_fit,0.0,0.0
3,2,diff__yongshin__sw_yong_fit,0.0,0.0
3,2,diff__yongshin__sw_yong_stem_fit,0.0,0.0
3,3,diff__basic__daymaster_element_earth,0.0,0.0
3,3,diff__basic__daymaster_element_fire,0.0,0.0
3,3,diff__basic__daymaster_element_metal,0.0,0.0
3,3,diff__basic__daymaster_element_water,0.0,0.0
3,3,diff__basic__daymaster_element_wood,0.0,0.0
3,3,diff__basic__daymaster_stem_丁,0.0,0.0
3,3,diff__basic__daymaster_stem_丙,0.0,0.0
3,3,diff__basic__daymaster_stem_乙,0.0,0.0
3,3,diff__basic__daymaster_stem_壬,0.0,0.0
3,3,diff__basic__daymaster_stem_己,0.0,0.0
3,3,diff__basic__daymaster_stem_庚,0.0,0.0
3,3,diff__basic__daymaster_stem_戊,0.0,0.0
3,3,diff__basic__daymaster_stem_甲,0.0,0.0
3,3,diff__basic__daymaster_stem_癸,0.0,0.0
3,3,diff__basic__daymaster_stem_辛,0.0,0.0
3,3,diff__basic__dw_branch_丑,0.0,0.0
3,3,diff__basic__dw_branch_亥,0.0,0.0
3,3,diff__basic__dw_branch_午,0.0,0.0
3,3,diff__basic__dw_branch_卯,0.0,0.0
3,3,diff__basic__dw_branch_子,0.0,0.0
3,3,diff__basic__dw_branch_寅,0.0,0.0
3,3,diff__basic__dw_branch_巳,0.0,0.0
3,3,diff__basic__dw_branch_戌,0.0,0.0
3,3,diff__basic__dw_branch_未,0.0,0.0
3,3,diff__basic__dw_branch_申,0.0,0.0
3,3,diff__basic__dw_branch_辰,0.0,0.0
3,3,diff__basic__dw_branch_酉,0.0,0.0
3,3,diff__basic__dw_element_earth,0.0,0.0
3,3,diff__basic__dw_element_fire,0.0,0.0
3,3,diff__basic__dw_element_metal,0.0,0.0
3,3,diff__basic__dw_element_water,0.0,0.0
3,3,diff__basic__dw_element_wood,0.0,0.0
3,3,diff__basic__dw_stem_丁,0.0,0.0
3,3,diff__basic__dw_stem_丙,0.0,0.0
3,3,diff__basic__dw_stem_乙,0.0,0.0
3,3,diff__basic__dw_stem_壬,0.0,0.0
3,3,diff__basic__dw_stem_己,0.0,0.0
3,3,diff__basic__dw_stem_庚,0.0,0.0
3,3,diff__basic__dw_stem_戊,0.0,0.0
3,3,diff__basic__dw_stem_甲,0.0,0.0
3,3,diff__basic__dw_stem_癸,0.0,0.0
3,3,diff__basic__dw_stem_辛,0.0,0.0
3,3,diff__basic__dw_yy_yang,0.0,0.0
3,3,diff__basic__dw_yy_yin,0.0,0.0
3,3,diff__basic__natal_day_branch_丑,0.0,0.0
3,3,diff__basic__natal_day_branch_亥,0.0,0.0
3,3,diff__basic__natal_day_branch_午,0.0,0.0
3,3,diff__basic__natal_day_branch_卯,0.0,0.0
3,3,diff__basic__natal_day_branch_子,0.0,0.0
3,3,diff__basic__natal_day_branch_寅,0.0,0.0
3,3,diff__basic__natal_day_branch_巳,0.0,0.0
3,3,diff__basic__natal_day_branch_戌,0.0,0.0
3,3,diff__basic__natal_day_branch_未,0.0,0.0
3,3,diff__basic__natal_day_branch_申,0.0,0.0
3,3,diff__basic__natal_day_branch_辰,0.0,0.0
3,3,diff__basic__natal_day_branch_酉,0.0,0.0
3,3,diff__basic__natal_day_stem_丁,0.0,0.0
3,3,diff__basic__natal_day_stem_丙,0.0,0.0
3,3,diff__basic__natal_day_stem_乙,0.0,0.0
3,3,diff__basic__natal_day_stem_壬,0.0,0.0
3,3,diff__basic__natal_day_stem_己,0.0,0.0
3,3,diff__basic__natal_day_stem_庚,0.0,0.0
3,3,diff__basic__natal_day_stem_戊,0.0,0.0
3,3,diff__basic__natal_day_stem_甲,0.0,0.0
3,3,diff__basic__natal_day_stem_癸,0.0,0.0
3,3,diff__basic__natal_day_stem_辛,0.0,0.0
3,3,diff__basic__natal_element_count_earth,0.0,0.0
3,3,diff__basic__natal_element_count_fire,0.0,0.0
3,3,diff__basic__natal_element_count_metal,0.0,0.0
3,3,diff__basic__natal_element_count_water,0.0,0.0
3,3,diff__basic__natal_element_count_wood,0.0,0.0
3,3,diff__basic__natal_hour_branch_丑,0.0,0.0
3,3,diff__basic__natal_hour_branch_亥,0.0,0.0
3,3,diff__basic__natal_hour_branch_午,0.0,0.0
3,3,diff__basic__natal_hour_branch_卯,0.0,0.0
3,3,diff__basic__natal_hour_branch_子,0.0,0.0
3,3,diff__basic__natal_hour_branch_寅,0.0,0.0
3,3,diff__basic__natal_hour_branch_巳,0.0,0.0
3,3,diff__basic__natal_hour_branch_戌,0.0,0.0
3,3,diff__basic__natal_hour_branch_未,0.0,0.0
3,3,diff__basic__natal_hour_branch_申,0.0,0.0
3,3,diff__basic__natal_hour_branch_辰,0.0,0.0
3,3,diff__basic__natal_hour_branch_酉,0.0,0.0
3,3,diff__basic__natal_hour_stem_丁,0.0,0.0
3,3,diff__basic__natal_hour_stem_丙,0.0,0.0
3,3,diff__basic__natal_hour_stem_乙,0.0,0.0
3,3,diff__basic__natal_hour_stem_壬,0.0,0.0
3,3,diff__basic__natal_hour_stem_己,0.0,0.0
3,3,diff__basic__natal_hour_stem_庚,0.0,0.0
3,3,diff__basic__natal_hour_stem_戊,0.0,0.0
3,3,diff__basic__natal_hour_stem_甲,0.0,0.0
3,3,diff__basic__natal_hour_stem_癸,0.0,0.0
3,3,diff__basic__natal_hour_stem_辛,0.0,0.0
3,3,diff__basic__natal_month_branch_丑,0.0,0.0
3,3,diff__basic__natal_month_branch_亥,0.0,0.0
3,3,diff__basic__natal_month_branch_午,0.0,0.0
3,3,diff__basic__natal_month_branch_卯,0.0,0.0
3,3,diff__basic__natal_month_branch_子,0.0,0.0
3,3,diff__basic__natal_month_branch_寅,0.0,0.0
3,3,diff__basic__natal_month_branch_巳,0.0,0.0
3,3,diff__basic__natal_month_branch_戌,0.0,0.0
3,3,diff__basic__natal_month_branch_未,0.0,0.0
3,3,diff__basic__natal_month_branch_申,0.0,0.0
3,3,diff__basic__natal_month_branch_辰,0.0,0.0
3,3,diff__basic__natal_month_branch_酉,0.0,0.0
3,3,diff__basic__natal_month_stem_丁,0.0,0.0
3,3,diff__basic__natal_month_stem_丙,0.0,0.0
3,3,diff__basic__natal_month_stem_乙,0.0,0.0
3,3,diff__basic__natal_month_stem_壬,0.0,0.0
3,3,diff__basic__natal_month_stem_己,0.0,0.0
3,3,diff__basic__natal_month_stem_庚,0.0,0.0
3,3,diff__basic__natal_month_stem_戊,0.0,0.0
3,3,diff__basic__natal_month_stem_甲,0.0,0.0
3,3,diff__basic__natal_month_stem_癸,0.0,0.0
3,3,diff__basic__natal_month_stem_辛,0.0,0.0
3,3,diff__basic__natal_year_branch_丑,0.0,0.0
3,3,diff__basic__natal_year_branch_亥,0.0,0.0
3,3,diff__basic__natal_year_branch_午,0.0,0.0
3,3,diff__basic__natal_year_branch_卯,0.0,0.0
3,3,diff__basic__natal_year_branch_子,0.0,0.0
3,3,diff__basic__natal_year_branch_寅,0.0,0.0
3,3,diff__basic__natal_year_branch_巳,0.0,0.0
3,3,diff__basic__natal_year_branch_戌,0.0,0.0
3,3,diff__basic__natal_year_branch_未,0.0,0.0
3,3,diff__basic__natal_year_branch_申,0.0,0.0
3,3,diff__basic__natal_year_branch_辰,0.0,0.0
3,3,diff__basic__natal_year_branch_酉,0.0,0.0
3,3,diff__basic__natal_year_stem_丁,0.0,0.0
3,3,diff__basic__natal_year_stem_丙,0.0,0.0
3,3,diff__basic__natal_year_stem_乙,0.0,0.0
3,3,diff__basic__natal_year_stem_壬,0.0,0.0
3,3,diff__basic__natal_year_stem_己,0.0,0.0
3,3,diff__basic__natal_year_stem_庚,0.0,0.0
3,3,diff__basic__natal_year_stem_戊,0.0,0.0
3,3,diff__basic__natal_year_stem_甲,0.0,0.0
3,3,diff__basic__natal_year_stem_癸,0.0,0.0
3,3,diff__basic__natal_year_stem_辛,0.0,0.0
3,3,diff__basic__sw_branch_丑,0.0,0.0
3,3,diff__basic__sw_branch_亥,0.0,0.0
3,3,diff__basic__sw_branch_午,0.0,0.0
3,3,diff__basic__sw_branch_卯,0.0,0.0
3,3,diff__basic__sw_branch_子,0.0,0.0
3,3,diff__basic__sw_branch_寅,0.0,0.0
3,3,diff__basic__sw_branch_巳,0.0,0.0
3,3,diff__basic__sw_branch_戌,0.0,0.0
3,3,diff__basic__sw_branch_未,0.0,0.0
3,3,diff__basic__sw_branch_申,0.0,0.0
3,3,diff__basic__sw_branch_辰,0.0,0.0
3,3,diff__basic__sw_branch_酉,0.0,0.0
3,3,diff__basic__sw_element_earth,0.0,0.0
3,3,diff__basic__sw_element_fire,0.0,0.0
3,3,diff__basic__sw_element_metal,0.0,0.0
3,3,diff__basic__sw_element_water,0.0,0.0
3,3,diff__basic__sw_element_wood,0.0,0.0
3,3,diff__basic__sw_stem_丁,0.0,0.0
3,3,diff__basic__sw_stem_丙,0.0,0.0
3,3,diff__basic__sw_stem_乙,0.0,0.0
3,3,diff__basic__sw_stem_壬,0.0,0.0
3,3,diff__basic__sw_stem_己,0.0,0.0
3,3,diff__basic__sw_stem_庚,0.0,0.0
3,3,diff__basic__sw_stem_戊,0.0,0.0
3,3,diff__basic__sw_stem_甲,0.0,0.0
3,3,diff__basic__sw_stem_癸,0.0,0.0
3,3,diff__basic__sw_stem_辛,0.0,0.0
3,3,diff__basic__sw_yy_yang,0.0,0.0
3,3,diff__basic__sw_yy_yin,0.0,0.0
3,3,diff__engine__strength_극약,0.0,0.0
3,3,diff__engine__strength_극왕,0.0,0.0
3,3,diff__engine__strength_신강,0.0,0.0
3,3,diff__engine__strength_신약,0.0,0.0
3,3,diff__engine__strength_중화신강,0.0,0.0
3,3,diff__engine__strength_중화신약,0.0,0.0
3,3,diff__engine__strength_태강,0.0,0.0
3,3,diff__engine__strength_태약,0.0,0.0
3,3,diff__hidden__natal_element_count_earth,0.0,0.0
3,3,diff__hidden__natal_element_count_fire,0.0,0.0
3,3,diff__hidden__natal_element_count_metal,0.0,0.0
3,3,diff__hidden__natal_element_count_water,0.0,0.0
3,3,diff__hidden__natal_element_count_wood,0.0,0.0
3,3,diff__hidden__natal_tg_count_officer,0.0,0.0
3,3,diff__hidden__natal_tg_count_output,0.0,0.0
3,3,diff__hidden__natal_tg_count_peer,0.0,0.0
3,3,diff__hidden__natal_tg_count_resource,0.0,0.0
3,3,diff__hidden__natal_tg_count_wealth,0.0,0.0
3,3,diff__relation__dw_branch_break_natal,0.0,0.0
3,3,diff__relation__dw_branch_clash_natal,0.0,0.0
3,3,diff__relation__dw_branch_combine_natal,0.0,0.0
3,3,diff__relation__dw_branch_harm_natal,0.0,0.0
3,3,diff__relation__dw_branch_punish_natal,0.0,0.0
3,3,diff__relation__dw_stem_clash_natal,0.0,0.0
3,3,diff__relation__dw_stem_combine_natal,0.0,0.0
3,3,diff__relation__sw_branch_break_natal,0.0,0.0
3,3,diff__relation__sw_branch_clash_natal,0.0,0.0
3,3,diff__relation__sw_branch_combine_natal,0.0,0.0
3,3,diff__relation__sw_branch_harm_natal,0.0,0.0
3,3,diff__relation__sw_branch_punish_natal,0.0,0.0
3,3,diff__relation__sw_dw_branch_break,0.0,0.0
3,3,diff__relation__sw_dw_branch_clash,0.0,0.0
3,3,diff__relation__sw_dw_branch_combine,0.0,0.0
3,3,diff__relation__sw_dw_branch_harm,0.0,0.0
3,3,diff__relation__sw_dw_branch_punish,0.0,0.0
3,3,diff__relation__sw_dw_stem_clash,0.0,0.0
3,3,diff__relation__sw_dw_stem_combine,0.0,0.0
3,3,diff__relation__sw_stem_clash_natal,0.0,0.0
3,3,diff__relation__sw_stem_combine_natal,0.0,0.0
3,3,diff__shinsal__dw_breakdown_scalar,0.0,0.0
3,3,diff__shinsal__dw_gongmang_is_gongmang,0.0,0.0
3,3,diff__shinsal__dw_gongmang_rel,0.0,0.0
3,3,diff__shinsal__dw_gongmang_trine,0.0,0.0
3,3,diff__shinsal__dw_gongmang_unseong,0.0,0.0
3,3,diff__shinsal__dw_gongmang_yfit_branch,0.0,0.0
3,3,diff__shinsal__dw_indicators_귀인력,0.0,0.0
3,3,diff__shinsal__dw_noble_power,0.0,0.0
3,3,diff__shinsal__dw_신살_길신__count,0.0,0.0
3,3,diff__shinsal__dw_신살_길신__록신_,0.0,0.0
3,3,diff__shinsal__dw_신살_길신__문창귀인_,0.0,0.0
3,3,diff__shinsal__dw_신살_길신__반안_,0.0,0.0
3,3,diff__shinsal__dw_신살_길신__장성_,0.0,0.0
3,3,diff__shinsal__dw_신살_길신__천을귀인_,0.0,0.0
3,3,diff__shinsal__dw_신살_길신__천희_,0.0,0.0
3,3,diff__shinsal__dw_신살_길신__홍란_,0.0,0.0
3,3,diff__shinsal__dw_신살_길신__화개_,0.0,0.0
3,3,diff__shinsal__dw_신살_흉살__count,0.0,0.0
3,3,diff__shinsal__dw_신살_흉살__겁살_,0.0,0.0
3,3,diff__shinsal__dw_신살_흉살__고진_,0.0,0.0
3,3,diff__shinsal__dw_신살_흉살__과숙_,0.0,0.0
3,3,diff__shinsal__dw_신살_흉살__도화_,0.0,0.0
3,3,diff__shinsal__dw_신살_흉살__망신_,0.0,0.0
3,3,diff__shinsal__dw_신살_흉살__양인_,0.0,0.0
3,3,diff__shinsal__dw_신살_흉살__역마_,0.0,0.0
3,3,diff__shinsal__sw_indicators_귀인력,0.0,0.0
3,3,diff__shinsal__sw_세운_신살_길신__count,0.0,0.0
3,3,diff__shinsal__sw_세운_신살_길신__록신_,0.0,0.0
3,3,diff__shinsal__sw_세운_신살_길신__문창귀인_,0.0,0.0
3,3,diff__shinsal__sw_세운_신살_길신__반안_,0.0,0.0
3,3,diff__shinsal__sw_세운_신살_길신__장성_,0.0,0.0
3,3,diff__shinsal__sw_세운_신살_길신__천을귀인_,0.0,0.0
3,3,diff__shinsal__sw_세운_신살_길신__천희_,0.0,0.0
3,3,diff__shinsal__sw_세운_신살_길신__홍란_,0.0,0.0
3,3,diff__shinsal__sw_세운_신살_길신__화개_,0.0,0.0
3,3,diff__shinsal__sw_세운_신살_흉살__count,0.0,0.0
3,3,diff__shinsal__sw_세운_신살_흉살__겁살_,0.0,0.0
3,3,diff__shinsal__sw_세운_신살_흉살__고진_,0.0,0.0
3,3,diff__shinsal__sw_세운_신살_흉살__과숙_,0.0,0.0
3,3,diff__shinsal__sw_세운_신살_흉살__도화_,0.0,0.0
3,3,diff__shinsal__sw_세운_신살_흉살__망신_,0.0,0.0
3,3,diff__shinsal__sw_세운_신살_흉살__양인_,0.0,0.0
3,3,diff__shinsal__sw_세운_신살_흉살__역마_,0.0,0.0
3,3,diff__tengod__dw_group_officer,0.0,0.0
3,3,diff__tengod__dw_group_output,0.0,0.0
3,3,diff__tengod__dw_group_peer,0.0,0.0
3,3,diff__tengod__dw_group_resource,0.0,0.0
3,3,diff__tengod__dw_group_wealth,0.0,0.0
3,3,diff__tengod__sw_group_officer,0.0,0.0
3,3,diff__tengod__sw_group_output,0.0,0.0
3,3,diff__tengod__sw_group_peer,0.0,0.0
3,3,diff__tengod__sw_group_resource,0.0,0.0
3,3,diff__tengod__sw_group_wealth,0.0,0.0
3,3,diff__tg10__dw_branch_hidden_bijian,0.0,0.0
3,3,diff__tg10__dw_branch_hidden_jiecai,0.0,0.0
3,3,diff__tg10__dw_branch_hidden_pian_cai,0.0,0.0
3,3,diff__tg10__dw_branch_hidden_pian_yin,0.0,0.0
3,3,diff__tg10__dw_branch_hidden_qi_sha,0.0,0.0
3,3,diff__tg10__dw_branch_hidden_shangguan,0.0,0.0
3,3,diff__tg10__dw_branch_hidden_shishen,0.0,0.0
3,3,diff__tg10__dw_branch_hidden_zheng_cai,0.0,0.0
3,3,diff__tg10__dw_branch_hidden_zheng_guan,0.0,0.0
3,3,diff__tg10__dw_branch_hidden_zheng_yin,0.0,0.0
3,3,diff__tg10__dw_stem_bijian,0.0,0.0
3,3,diff__tg10__dw_stem_jiecai,0.0,0.0
3,3,diff__tg10__dw_stem_pian_cai,0.0,0.0
3,3,diff__tg10__dw_stem_pian_yin,0.0,0.0
3,3,diff__tg10__dw_stem_qi_sha,0.0,0.0
3,3,diff__tg10__dw_stem_shangguan,0.0,0.0
3,3,diff__tg10__dw_stem_shishen,0.0,0.0
3,3,diff__tg10__dw_stem_zheng_cai,0.0,0.0
3,3,diff__tg10__dw_stem_zheng_guan,0.0,0.0
3,3,diff__tg10__dw_stem_zheng_yin,0.0,0.0
3,3,diff__tg10__sw_branch_hidden_bijian,0.0,0.0
3,3,diff__tg10__sw_branch_hidden_jiecai,0.0,0.0
3,3,diff__tg10__sw_branch_hidden_pian_cai,0.0,0.0
3,3,diff__tg10__sw_branch_hidden_pian_yin,0.0,0.0
3,3,diff__tg10__sw_branch_hidden_qi_sha,0.0,0.0
3,3,diff__tg10__sw_branch_hidden_shangguan,0.0,0.0
3,3,diff__tg10__sw_branch_hidden_shishen,0.0,0.0
3,3,diff__tg10__sw_branch_hidden_zheng_cai,0.0,0.0
3,3,diff__tg10__sw_branch_hidden_zheng_guan,0.0,0.0
3,3,diff__tg10__sw_branch_hidden_zheng_yin,0.0,0.0
3,3,diff__tg10__sw_stem_bijian,0.0,0.0
3,3,diff__tg10__sw_stem_jiecai,0.0,0.0
3,3,diff__tg10__sw_stem_pian_cai,0.0,0.0
3,3,diff__tg10__sw_stem_pian_yin,0.0,0.0
3,3,diff__tg10__sw_stem_qi_sha,0.0,0.0
3,3,diff__tg10__sw_stem_shangguan,0.0,0.0
3,3,diff__tg10__sw_stem_shishen,0.0,0.0
3,3,diff__tg10__sw_stem_zheng_cai,0.0,0.0
3,3,diff__tg10__sw_stem_zheng_guan,0.0,0.0
3,3,diff__tg10__sw_stem_zheng_yin,0.0,0.0
3,3,diff__tgxstrength__dw_bijian_neutral,0.0,0.0
3,3,diff__tgxstrength__dw_bijian_strong,0.0,0.0
3,3,diff__tgxstrength__dw_bijian_weak,0.0,0.0
3,3,diff__tgxstrength__dw_jiecai_neutral,0.0,0.0
3,3,diff__tgxstrength__dw_jiecai_strong,0.0,0.0
3,3,diff__tgxstrength__dw_jiecai_weak,0.0,0.0
3,3,diff__tgxstrength__dw_pian_cai_neutral,0.0,0.0
3,3,diff__tgxstrength__dw_pian_cai_strong,0.0,0.0
3,3,diff__tgxstrength__dw_pian_cai_weak,0.0,0.0
3,3,diff__tgxstrength__dw_pian_yin_neutral,0.0,0.0
3,3,diff__tgxstrength__dw_pian_yin_strong,0.0,0.0
3,3,diff__tgxstrength__dw_pian_yin_weak,0.0,0.0
3,3,diff__tgxstrength__dw_qi_sha_neutral,0.0,0.0
3,3,diff__tgxstrength__dw_qi_sha_strong,0.0,0.0
3,3,diff__tgxstrength__dw_qi_sha_weak,0.0,0.0
3,3,diff__tgxstrength__dw_shangguan_neutral,0.0,0.0
3,3,diff__tgxstrength__dw_shangguan_strong,0.0,0.0
3,3,diff__tgxstrength__dw_shangguan_weak,0.0,0.0
3,3,diff__tgxstrength__dw_shishen_neutral,0.0,0.0
3,3,diff__tgxstrength__dw_shishen_strong,0.0,0.0
3,3,diff__tgxstrength__dw_shishen_weak,0.0,0.0
3,3,diff__tgxstrength__dw_zheng_cai_neutral,0.0,0.0
3,3,diff__tgxstrength__dw_zheng_cai_strong,0.0,0.0
3,3,diff__tgxstrength__dw_zheng_cai_weak,0.0,0.0
3,3,diff__tgxstrength__dw_zheng_guan_neutral,0.0,0.0
3,3,diff__tgxstrength__dw_zheng_guan_strong,0.0,0.0
3,3,diff__tgxstrength__dw_zheng_guan_weak,0.0,0.0
3,3,diff__tgxstrength__dw_zheng_yin_neutral,0.0,0.0
3,3,diff__tgxstrength__dw_zheng_yin_strong,0.0,0.0
3,3,diff__tgxstrength__dw_zheng_yin_weak,0.0,0.0
3,3,diff__tgxstrength__sw_bijian_neutral,0.0,0.0
3,3,diff__tgxstrength__sw_bijian_strong,0.0,0.0
3,3,diff__tgxstrength__sw_bijian_weak,0.0,0.0
3,3,diff__tgxstrength__sw_jiecai_neutral,0.0,0.0
3,3,diff__tgxstrength__sw_jiecai_strong,0.0,0.0
3,3,diff__tgxstrength__sw_jiecai_weak,0.0,0.0
3,3,diff__tgxstrength__sw_pian_cai_neutral,0.0,0.0
3,3,diff__tgxstrength__sw_pian_cai_strong,0.0,0.0
3,3,diff__tgxstrength__sw_pian_cai_weak,0.0,0.0
3,3,diff__tgxstrength__sw_pian_yin_neutral,0.0,0.0
3,3,diff__tgxstrength__sw_pian_yin_strong,0.0,0.0
3,3,diff__tgxstrength__sw_pian_yin_weak,0.0,0.0
3,3,diff__tgxstrength__sw_qi_sha_neutral,0.0,0.0
3,3,diff__tgxstrength__sw_qi_sha_strong,0.0,0.0
3,3,diff__tgxstrength__sw_qi_sha_weak,0.0,0.0
3,3,diff__tgxstrength__sw_shangguan_neutral,0.0,0.0
3,3,diff__tgxstrength__sw_shangguan_strong,0.0,0.0
3,3,diff__tgxstrength__sw_shangguan_weak,0.0,0.0
3,3,diff__tgxstrength__sw_shishen_neutral,0.0,0.0
3,3,diff__tgxstrength__sw_shishen_strong,0.0,0.0
3,3,diff__tgxstrength__sw_shishen_weak,0.0,0.0
3,3,diff__tgxstrength__sw_zheng_cai_neutral,0.0,0.0
3,3,diff__tgxstrength__sw_zheng_cai_strong,0.0,0.0
3,3,diff__tgxstrength__sw_zheng_cai_weak,0.0,0.0
3,3,diff__tgxstrength__sw_zheng_guan_neutral,0.0,0.0
3,3,diff__tgxstrength__sw_zheng_guan_strong,0.0,0.0
3,3,diff__tgxstrength__sw_zheng_guan_weak,0.0,0.0
3,3,diff__tgxstrength__sw_zheng_yin_neutral,0.0,0.0
3,3,diff__tgxstrength__sw_zheng_yin_strong,0.0,0.0
3,3,diff__tgxstrength__sw_zheng_yin_weak,0.0,0.0
3,3,diff__unseong__dw_raw_score,0.0,0.0
3,3,diff__unseong__dw_score_x_strength,0.0,0.0
3,3,diff__unseong__dw_state_건록,0.0,0.0
3,3,diff__unseong__dw_state_관대,0.0,0.0
3,3,diff__unseong__dw_state_목욕,0.0,0.0
3,3,diff__unseong__dw_state_묘,0.0,0.0
3,3,diff__unseong__dw_state_병,0.0,0.0
3,3,diff__unseong__dw_state_사,0.0,0.0
3,3,diff__unseong__dw_state_쇠,0.0,0.0
3,3,diff__unseong__dw_state_양,0.0,0.0
3,3,diff__unseong__dw_state_장생,0.0,0.0
3,3,diff__unseong__dw_state_절,0.0,0.0
3,3,diff__unseong__dw_state_제왕,0.0,0.0
3,3,diff__unseong__dw_state_태,0.0,0.0
3,3,diff__unseong__sw_raw_score,0.0,0.0
3,3,diff__unseong__sw_score_x_strength,0.0,0.0
3,3,diff__unseong__sw_state_건록,0.0,0.0
3,3,diff__unseong__sw_state_관대,0.0,0.0
3,3,diff__unseong__sw_state_목욕,0.0,0.0
3,3,diff__unseong__sw_state_묘,0.0,0.0
3,3,diff__unseong__sw_state_병,0.0,0.0
3,3,diff__unseong__sw_state_사,0.0,0.0
3,3,diff__unseong__sw_state_쇠,0.0,0.0
3,3,diff__unseong__sw_state_양,0.0,0.0
3,3,diff__unseong__sw_state_장생,0.0,0.0
3,3,diff__unseong__sw_state_절,0.0,0.0
3,3,diff__unseong__sw_state_제왕,0.0,0.0
3,3,diff__unseong__sw_state_태,0.0,0.0
3,3,diff__yongshin__dw_gi_fit,0.0,0.0
3,3,diff__yongshin__dw_gu_fit,0.0,0.0
3,3,diff__yongshin__dw_hee_fit,0.0,0.0
3,3,diff__yongshin__dw_supplies_fav,0.0,0.0
3,3,diff__yongshin__dw_supplies_unfav,0.0,0.0
3,3,diff__yongshin__dw_yong_branch_fit,0.0,0.0
3,3,diff__yongshin__dw_yong_fit,0.0,0.0
3,3,diff__yongshin__dw_yong_stem_fit,0.0,0.0
3,3,diff__yongshin__sw_gi_fit,0.0,0.0
3,3,diff__yongshin__sw_gu_fit,0.0,0.0
3,3,diff__yongshin__sw_hee_fit,0.0,0.0
3,3,diff__yongshin__sw_supplies_fav,0.0,0.0
3,3,diff__yongshin__sw_supplies_unfav,0.0,0.0
3,3,diff__yongshin__sw_yong_branch_fit,0.0,0.0
3,3,diff__yongshin__sw_yong_fit,0.0,0.0
3,3,diff__yongshin__sw_yong_stem_fit,0.0,0.0
3,4,diff__basic__daymaster_element_earth,0.0,0.0
3,4,diff__basic__daymaster_element_fire,0.0,0.0
3,4,diff__basic__daymaster_element_metal,0.0,0.0
3,4,diff__basic__daymaster_element_water,0.0,0.0
3,4,diff__basic__daymaster_element_wood,0.0,0.0
3,4,diff__basic__daymaster_stem_丁,0.0,0.0
3,4,diff__basic__daymaster_stem_丙,0.0,0.0
3,4,diff__basic__daymaster_stem_乙,0.0,0.0
3,4,diff__basic__daymaster_stem_壬,0.0,0.0
3,4,diff__basic__daymaster_stem_己,0.0,0.0
3,4,diff__basic__daymaster_stem_庚,0.0,0.0
3,4,diff__basic__daymaster_stem_戊,0.0,0.0
3,4,diff__basic__daymaster_stem_甲,0.0,0.0
3,4,diff__basic__daymaster_stem_癸,0.0,0.0
3,4,diff__basic__daymaster_stem_辛,0.0,0.0
3,4,diff__basic__dw_branch_丑,0.0,0.0
3,4,diff__basic__dw_branch_亥,0.0,0.0
3,4,diff__basic__dw_branch_午,1.0,-0.10969931503810433
3,4,diff__basic__dw_branch_卯,0.0,0.0
3,4,diff__basic__dw_branch_子,0.0,0.0
3,4,diff__basic__dw_branch_寅,0.0,0.0
3,4,diff__basic__dw_branch_巳,0.0,0.0
3,4,diff__basic__dw_branch_戌,0.0,0.0
3,4,diff__basic__dw_branch_未,0.0,0.0
3,4,diff__basic__dw_branch_申,0.0,0.0
3,4,diff__basic__dw_branch_辰,0.0,0.0
3,4,diff__basic__dw_branch_酉,0.0,0.0
3,4,diff__basic__dw_element_earth,0.0,0.0
3,4,diff__basic__dw_element_fire,0.0,0.0
3,4,diff__basic__dw_element_metal,0.0,0.0
3,4,diff__basic__dw_element_water,1.0,-0.27823435920704975
3,4,diff__basic__dw_element_wood,0.0,0.0
3,4,diff__basic__dw_stem_丁,0.0,0.0
3,4,diff__basic__dw_stem_丙,0.0,0.0
3,4,diff__basic__dw_stem_乙,0.0,0.0
3,4,diff__basic__dw_stem_壬,0.0,0.0
3,4,diff__basic__dw_stem_己,0.0,0.0
3,4,diff__basic__dw_stem_庚,0.0,0.0
3,4,diff__basic__dw_stem_戊,0.0,0.0
3,4,diff__basic__dw_stem_甲,0.0,0.0
3,4,diff__basic__dw_stem_癸,0.0,0.0
3,4,diff__basic__dw_stem_辛,0.0,0.0
3,4,diff__basic__dw_yy_yang,0.0,0.0
3,4,diff__basic__dw_yy_yin,0.0,0.0
3,4,diff__basic__natal_day_branch_丑,0.0,0.0
3,4,diff__basic__natal_day_branch_亥,0.0,0.0
3,4,diff__basic__natal_day_branch_午,0.0,0.0
3,4,diff__basic__natal_day_branch_卯,0.0,0.0
3,4,diff__basic__natal_day_branch_子,0.0,0.0
3,4,diff__basic__natal_day_branch_寅,0.0,0.0
3,4,diff__basic__natal_day_branch_巳,0.0,0.0
3,4,diff__basic__natal_day_branch_戌,0.0,0.0
3,4,diff__basic__natal_day_branch_未,0.0,0.0
3,4,diff__basic__natal_day_branch_申,0.0,0.0
3,4,diff__basic__natal_day_branch_辰,0.0,0.0
3,4,diff__basic__natal_day_branch_酉,0.0,0.0
3,4,diff__basic__natal_day_stem_丁,0.0,0.0
3,4,diff__basic__natal_day_stem_丙,0.0,0.0
3,4,diff__basic__natal_day_stem_乙,0.0,0.0
3,4,diff__basic__natal_day_stem_壬,0.0,0.0
3,4,diff__basic__natal_day_stem_己,0.0,0.0
3,4,diff__basic__natal_day_stem_庚,0.0,0.0
3,4,diff__basic__natal_day_stem_戊,0.0,0.0
3,4,diff__basic__natal_day_stem_甲,0.0,0.0
3,4,diff__basic__natal_day_stem_癸,0.0,0.0
3,4,diff__basic__natal_day_stem_辛,0.0,0.0
3,4,diff__basic__natal_element_count_earth,0.0,0.0
3,4,diff__basic__natal_element_count_fire,0.0,0.0
3,4,diff__basic__natal_element_count_metal,0.0,0.0
3,4,diff__basic__natal_element_count_water,0.0,0.0
3,4,diff__basic__natal_element_count_wood,0.0,0.0
3,4,diff__basic__natal_hour_branch_丑,0.0,0.0
3,4,diff__basic__natal_hour_branch_亥,0.0,0.0
3,4,diff__basic__natal_hour_branch_午,0.0,0.0
3,4,diff__basic__natal_hour_branch_卯,0.0,0.0
3,4,diff__basic__natal_hour_branch_子,0.0,0.0
3,4,diff__basic__natal_hour_branch_寅,0.0,0.0
3,4,diff__basic__natal_hour_branch_巳,0.0,0.0
3,4,diff__basic__natal_hour_branch_戌,0.0,0.0
3,4,diff__basic__natal_hour_branch_未,0.0,0.0
3,4,diff__basic__natal_hour_branch_申,0.0,0.0
3,4,diff__basic__natal_hour_branch_辰,0.0,0.0
3,4,diff__basic__natal_hour_branch_酉,0.0,0.0
3,4,diff__basic__natal_hour_stem_丁,0.0,0.0
3,4,diff__basic__natal_hour_stem_丙,0.0,0.0
3,4,diff__basic__natal_hour_stem_乙,0.0,0.0
3,4,diff__basic__natal_hour_stem_壬,0.0,0.0
3,4,diff__basic__natal_hour_stem_己,0.0,0.0
3,4,diff__basic__natal_hour_stem_庚,0.0,0.0
3,4,diff__basic__natal_hour_stem_戊,0.0,0.0
3,4,diff__basic__natal_hour_stem_甲,0.0,0.0
3,4,diff__basic__natal_hour_stem_癸,0.0,0.0
3,4,diff__basic__natal_hour_stem_辛,0.0,0.0
3,4,diff__basic__natal_month_branch_丑,0.0,0.0
3,4,diff__basic__natal_month_branch_亥,0.0,0.0
3,4,diff__basic__natal_month_branch_午,0.0,0.0
3,4,diff__basic__natal_month_branch_卯,0.0,0.0
3,4,diff__basic__natal_month_branch_子,0.0,0.0
3,4,diff__basic__natal_month_branch_寅,0.0,0.0
3,4,diff__basic__natal_month_branch_巳,0.0,0.0
3,4,diff__basic__natal_month_branch_戌,0.0,0.0
3,4,diff__basic__natal_month_branch_未,0.0,0.0
3,4,diff__basic__natal_month_branch_申,0.0,0.0
3,4,diff__basic__natal_month_branch_辰,0.0,0.0
3,4,diff__basic__natal_month_branch_酉,0.0,0.0
3,4,diff__basic__natal_month_stem_丁,0.0,0.0
3,4,diff__basic__natal_month_stem_丙,0.0,0.0
3,4,diff__basic__natal_month_stem_乙,0.0,0.0
3,4,diff__basic__natal_month_stem_壬,0.0,0.0
3,4,diff__basic__natal_month_stem_己,0.0,0.0
3,4,diff__basic__natal_month_stem_庚,0.0,0.0
3,4,diff__basic__natal_month_stem_戊,0.0,0.0
3,4,diff__basic__natal_month_stem_甲,0.0,0.0
3,4,diff__basic__natal_month_stem_癸,0.0,0.0
3,4,diff__basic__natal_month_stem_辛,0.0,0.0
3,4,diff__basic__natal_year_branch_丑,0.0,0.0
3,4,diff__basic__natal_year_branch_亥,0.0,0.0
3,4,diff__basic__natal_year_branch_午,0.0,0.0
3,4,diff__basic__natal_year_branch_卯,0.0,0.0
3,4,diff__basic__natal_year_branch_子,0.0,0.0
3,4,diff__basic__natal_year_branch_寅,0.0,0.0
3,4,diff__basic__natal_year_branch_巳,0.0,0.0
3,4,diff__basic__natal_year_branch_戌,0.0,0.0
3,4,diff__basic__natal_year_branch_未,0.0,0.0
3,4,diff__basic__natal_year_branch_申,0.0,0.0
3,4,diff__basic__natal_year_branch_辰,0.0,0.0
3,4,diff__basic__natal_year_branch_酉,0.0,0.0
3,4,diff__basic__natal_year_stem_丁,0.0,0.0
3,4,diff__basic__natal_year_stem_丙,0.0,0.0
3,4,diff__basic__natal_year_stem_乙,0.0,0.0
3,4,diff__basic__natal_year_stem_壬,0.0,0.0
3,4,diff__basic__natal_year_stem_己,0.0,0.0
3,4,diff__basic__natal_year_stem_庚,0.0,0.0
3,4,diff__basic__natal_year_stem_戊,0.0,0.0
3,4,diff__basic__natal_year_stem_甲,0.0,0.0
3,4,diff__basic__natal_year_stem_癸,0.0,0.0
3,4,diff__basic__natal_year_stem_辛,0.0,0.0
3,4,diff__basic__sw_branch_丑,1.0,0.14954274586939215
3,4,diff__basic__sw_branch_亥,0.0,0.0
3,4,diff__basic__sw_branch_午,1.0,0.06946393698744274
3,4,diff__basic__sw_branch_卯,0.0,0.0
3,4,diff__basic__sw_branch_子,1.0,-0.37048119610470837
3,4,diff__basic__sw_branch_寅,0.0,0.0
3,4,diff__basic__sw_branch_巳,0.0,0.0
3,4,diff__basic__sw_branch_戌,1.0,0.14907552775295776
3,4,diff__basic__sw_branch_未,0.0,0.0
3,4,diff__basic__sw_branch_申,0.0,0.0
3,4,diff__basic__sw_branch_辰,1.0,-0.23629142489600005
3,4,diff__basic__sw_branch_酉,0.0,0.0
3,4,diff__basic__sw_element_earth,0.0,0.0
3,4,diff__basic__sw_element_fire,0.0,0.0
3,4,diff__basic__sw_element_metal,0.0,0.0
3,4,diff__basic__sw_element_water,0.0,0.0
3,4,diff__basic__sw_element_wood,1.0,0.022771988287766158
3,4,diff__basic__sw_stem_丁,0.0,0.0
3,4,diff__basic__sw_stem_丙,0.0,0.0
3,4,diff__basic__sw_stem_乙,0.0,0.0
3,4,diff__basic__sw_stem_壬,1.0,-0.06984631101704018
3,4,diff__basic__sw_stem_己,0.0,0.0
3,4,diff__basic__sw_stem_庚,1.0,-0.4690387704054687
3,4,diff__basic__sw_stem_戊,0.0,0.0
3,4,diff__basic__sw_stem_甲,1.0,0.28676055335357875
3,4,diff__basic__sw_stem_癸,0.0,0.0
3,4,diff__basic__sw_stem_辛,0.0,0.0
3,4,diff__basic__sw_yy_yang,0.0,0.0
3,4,diff__basic__sw_yy_yin,0.0,0.0
3,4,diff__engine__strength_극약,0.0,0.0
3,4,diff__engine__strength_극왕,0.0,0.0
3,4,diff__engine__strength_신강,0.0,0.0
3,4,diff__engine__strength_신약,0.0,0.0
3,4,diff__engine__strength_중화신강,0.0,0.0
3,4,diff__engine__strength_중화신약,0.0,0.0
3,4,diff__engine__strength_태강,0.0,0.0
3,4,diff__engine__strength_태약,0.0,0.0
3,4,diff__hidden__natal_element_count_earth,0.0,0.0
3,4,diff__hidden__natal_element_count_fire,0.0,0.0
3,4,diff__hidden__natal_element_count_metal,0.0,0.0
3,4,diff__hidden__natal_element_count_water,0.0,0.0
3,4,diff__hidden__natal_element_count_wood,0.0,0.0
3,4,diff__hidden__natal_tg_count_officer,0.0,0.0
3,4,diff__hidden__natal_tg_count_output,0.0,0.0
3,4,diff__hidden__natal_tg_count_peer,0.0,0.0
3,4,diff__hidden__natal_tg_count_resource,0.0,0.0
3,4,diff__hidden__natal_tg_count_wealth,0.0,0.0
3,4,diff__relation__dw_branch_break_natal,0.0,0.0
3,4,diff__relation__dw_branch_clash_natal,1.0,-0.3755255485233225
3,4,diff__relation__dw_branch_combine_natal,0.0,0.0
3,4,diff__relation__dw_branch_harm_natal,1.0,0.1920185898600466
3,4,diff__relation__dw_branch_punish_natal,0.0,0.0
3,4,diff__relation__dw_stem_clash_natal,0.0,0.0
3,4,diff__relation__dw_stem_combine_natal,0.0,0.0
3,4,diff__relation__sw_branch_break_natal,0.0,0.0
3,4,diff__relation__sw_branch_clash_natal,0.0,0.0
3,4,diff__relation__sw_branch_combine_natal,0.0,0.0
3,4,diff__relation__sw_branch_harm_natal,0.0,0.0
3,4,diff__relation__sw_branch_punish_natal,1.0,0.2772425880564751
3,4,diff__relation__sw_dw_branch_break,0.0,0.0
3,4,diff__relation__sw_dw_branch_clash,0.0,0.0
3,4,diff__relation__sw_dw_branch_combine,0.0,0.0
3,4,diff__relation__sw_dw_branch_harm,1.0,0.20031137965340853
3,4,diff__relation__sw_dw_branch_punish,1.0,0.43675590399709674
3,4,diff__relation__sw_dw_stem_clash,1.0,-0.6113890536186424
3,4,diff__relation__sw_dw_stem_combine,0.0,0.0
3,4,diff__relation__sw_stem_clash_natal,0.0,0.0
3,4,diff__relation__sw_stem_combine_natal,0.0,0.0
3,4,diff__shinsal__dw_breakdown_scalar,1.0,0.016752065000713568
3,4,diff__shinsal__dw_gongmang_is_gongmang,0.0,0.0
3,4,diff__shinsal__dw_gongmang_rel,0.0,0.0
3,4,diff__shinsal__dw_gongmang_trine,0.0,0.0
3,4,diff__shinsal__dw_gongmang_unseong,0.0,0.0
3,4,diff__shinsal__dw_gongmang_yfit_branch,0.0,0.0
3,4,diff__shinsal__dw_indicators_귀인력,0.0,0.0
3,4,diff__shinsal__dw_noble_power,0.0,0.0
3,4,diff__shinsal__dw_신살_길신__count,0.0,0.0
3,4,diff__shinsal__dw_신살_길신__록신_,0.0,0.0
3,4,diff__shinsal__dw_신살_길신__문창귀인_,1.0,-0.2529513456802222
3,4,diff__shinsal__dw_신살_길신__반안_,0.0,0.0
3,4,diff__shinsal__dw_신살_길신__장성_,0.0,0.0
3,4,diff__shinsal__dw_신살_길신__천을귀인_,0.0,0.0
3,4,diff__shinsal__dw_신살_길신__천희_,0.0,0.0
3,4,diff__shinsal__dw_신살_길신__홍란_,0.0,0.0
3,4,diff__shinsal__dw_신살_길신__화개_,0.0,0.0
3,4,diff__shinsal__dw_신살_흉살__count,0.0,0.0
3,4,diff__shinsal__dw_신살_흉살__겁살_,0.0,0.0
3,4,diff__shinsal__dw_신살_흉살__고진_,0.0,0.0
3,4,diff__shinsal__dw_신살_흉살__과숙_,0.0,0.0
3,4,diff__shinsal__dw_신살_흉살__도화_,0.0,0.0
3,4,diff__shinsal__dw_신살_흉살__망신_,0.0,0.0
3,4,diff__shinsal__dw_신살_흉살__양인_,0.0,0.0
3,4,diff__shinsal__dw_신살_흉살__역마_,0.0,0.0
3,4,diff__shinsal__sw_indicators_귀인력,0.0,0.0
3,4,diff__shinsal__sw_세운_신살_길신__count,1.0,0.5298909019668528
3,4,diff__shinsal__sw_세운_신살_길신__록신_,0.0,0.0
3,4,diff__shinsal__sw_세운_신살_길신__문창귀인_,1.0,-0.3463626830999501
3,4,diff__shinsal__sw_세운_신살_길신__반안_,0.0,0.0
3,4,diff__shinsal__sw_세운_신살_길신__장성_,0.0,0.0
3,4,diff__shinsal__sw_세운_신살_길신__천을귀인_,0.0,0.0
3,4,diff__shinsal__sw_세운_신살_길신__천희_,1.0,0.025169820107908622
3,4,diff__shinsal__sw_세운_신살_길신__홍란_,0.0,0.0
3,4,diff__shinsal__sw_세운_신살_길신__화개_,0.0,0.0
3,4,diff__shinsal__sw_세운_신살_흉살__count,0.0,0.0
3,4,diff__shinsal__sw_세운_신살_흉살__겁살_,0.0,0.0
3,4,diff__shinsal__sw_세운_신살_흉살__고진_,0.0,0.0
3,4,diff__shinsal__sw_세운_신살_흉살__과숙_,1.0,0.1370350964915533
3,4,diff__shinsal__sw_세운_신살_흉살__도화_,0.0,0.0
3,4,diff__shinsal__sw_세운_신살_흉살__망신_,0.0,0.0
3,4,diff__shinsal__sw_세운_신살_흉살__양인_,0.0,0.0
3,4,diff__shinsal__sw_세운_신살_흉살__역마_,0.0,0.0
3,4,diff__tengod__dw_group_officer,0.0,0.0
3,4,diff__tengod__dw_group_output,0.0,0.0
3,4,diff__tengod__dw_group_peer,0.0,0.0
3,4,diff__tengod__dw_group_resource,0.0,0.0
3,4,diff__tengod__dw_group_wealth,0.0,0.0
3,4,diff__tengod__sw_group_officer,0.0,0.0
3,4,diff__tengod__sw_group_output,0.0,0.0
3,4,diff__tengod__sw_group_peer,0.0,0.0
3,4,diff__tengod__sw_group_resource,0.0,0.0
3,4,diff__tengod__sw_group_wealth,0.0,0.0
3,4,diff__tg10__dw_branch_hidden_bijian,0.0,0.0
3,4,diff__tg10__dw_branch_hidden_jiecai,0.0,0.0
3,4,diff__tg10__dw_branch_hidden_pian_cai,0.0,0.0
3,4,diff__tg10__dw_branch_hidden_pian_yin,0.0,0.0
3,4,diff__tg10__dw_branch_hidden_qi_sha,0.0,0.0
3,4,diff__tg10__dw_branch_hidden_shangguan,0.0,0.0
3,4,diff__tg10__dw_branch_hidden_shishen,0.0,0.0
3,4,diff__tg10__dw_branch_hidden_zheng_cai,0.0,0.0
3,4,diff__tg10__dw_branch_hidden_zheng_guan,1.0,-0.9116979342599911
3,4,diff__tg10__dw_branch_hidden_zheng_yin,0.0,0.0
3,4,diff__tg10__dw_stem_bijian,1.0,0.06378844489214164
3,4,diff__tg10__dw_stem_jiecai,0.0,0.0
3,4,diff__tg10__dw_stem_pian_cai,0.0,0.0
3,4,diff__tg10__dw_stem_pian_yin,0.0,0.0
3,4,diff__tg10__dw_stem_qi_sha,0.0,0.0
3,4,diff__tg10__dw_stem_shangguan,0.0,0.0
3,4,diff__tg10__dw_stem_shishen,1.0,0.05988928718709324
3,4,diff__tg10__dw_stem_zheng_cai,0.0,0.0
3,4,diff__tg10__dw_stem_zheng_guan,0.0,0.0
3,4,diff__tg10__dw_stem_zheng_yin,0.0,0.0
3,4,diff__tg10__sw_branch_hidden_bijian,0.0,0.0
3,4,diff__tg10__sw_branch_hidden_jiecai,0.0,0.0
3,4,diff__tg10__sw_branch_hidden_pian_cai,0.0,0.0
3,4,diff__tg10__sw_branch_hidden_pian_yin,0.0,0.0
3,4,diff__tg10__sw_branch_hidden_qi_sha,0.0,0.0
3,4,diff__tg10__sw_branch_hidden_shangguan,1.0,0.17152027754265653
3,4,diff__tg10__sw_branch_hidden_shishen,1.0,-0.18207288681532158
3,4,diff__tg10__sw_branch_hidden_zheng_cai,0.0,0.0
3,4,diff__tg10__sw_branch_hidden_zheng_guan,1.0,0.03764326761211923
3,4,diff__tg10__sw_branch_hidden_zheng_yin,0.0,0.0
3,4,diff__tg10__sw_stem_bijian,0.0,0.0
3,4,diff__tg10__sw_stem_jiecai,0.0,0.0
3,4,diff__tg10__sw_stem_pian_cai,0.0,0.0
3,4,diff__tg10__sw_stem_pian_yin,0.0,0.0
3,4,diff__tg10__sw_stem_qi_sha,0.0,0.0
3,4,diff__tg10__sw_stem_shangguan,0.0,0.0
3,4,diff__tg10__sw_stem_shishen,0.0,0.0
3,4,diff__tg10__sw_stem_zheng_cai,0.0,0.0
3,4,diff__tg10__sw_stem_zheng_guan,0.0,0.0
3,4,diff__tg10__sw_stem_zheng_yin,0.0,0.0
3,4,diff__tgxstrength__dw_bijian_neutral,0.0,0.0
3,4,diff__tgxstrength__dw_bijian_strong,0.0,0.0
3,4,diff__tgxstrength__dw_bijian_weak,1.0,0.29806510556198357
3,4,diff__tgxstrength__dw_jiecai_neutral,0.0,0.0
3,4,diff__tgxstrength__dw_jiecai_strong,0.0,0.0
3,4,diff__tgxstrength__dw_jiecai_weak,0.0,0.0
3,4,diff__tgxstrength__dw_pian_cai_neutral,0.0,0.0
3,4,diff__tgxstrength__dw_pian_cai_strong,1.0,-0.026763866825661935
3,4,diff__tgxstrength__dw_pian_cai_weak,0.0,0.0
3,4,diff__tgxstrength__dw_pian_yin_neutral,0.0,0.0
3,4,diff__tgxstrength__dw_pian_yin_strong,0.0,0.0
3,4,diff__tgxstrength__dw_pian_yin_weak,0.0,0.0
3,4,diff__tgxstrength__dw_qi_sha_neutral,0.0,0.0
3,4,diff__tgxstrength__dw_qi_sha_strong,0.0,0.0
3,4,diff__tgxstrength__dw_qi_sha_weak,0.0,0.0
3,4,diff__tgxstrength__dw_shangguan_neutral,0.0,0.0
3,4,diff__tgxstrength__dw_shangguan_strong,1.0,-0.12126781530596831
3,4,diff__tgxstrength__dw_shangguan_weak,0.0,0.0
3,4,diff__tgxstrength__dw_shishen_neutral,0.0,0.0
3,4,diff__tgxstrength__dw_shishen_strong,0.0,0.0
3,4,diff__tgxstrength__dw_shishen_weak,0.0,0.0
3,4,diff__tgxstrength__dw_zheng_cai_neutral,0.0,0.0
3,4,diff__tgxstrength__dw_zheng_cai_strong,0.0,0.0
3,4,diff__tgxstrength__dw_zheng_cai_weak,0.0,0.0
3,4,diff__tgxstrength__dw_zheng_guan_neutral,0.0,0.0
3,4,diff__tgxstrength__dw_zheng_guan_strong,0.0,0.0
3,4,diff__tgxstrength__dw_zheng_guan_weak,0.0,0.0
3,4,diff__tgxstrength__dw_zheng_yin_neutral,0.0,0.0
3,4,diff__tgxstrength__dw_zheng_yin_strong,0.0,0.0
3,4,diff__tgxstrength__dw_zheng_yin_weak,0.0,0.0
3,4,diff__tgxstrength__sw_bijian_neutral,0.0,0.0
3,4,diff__tgxstrength__sw_bijian_strong,0.0,0.0
3,4,diff__tgxstrength__sw_bijian_weak,0.0,0.0
3,4,diff__tgxstrength__sw_jiecai_neutral,0.0,0.0
3,4,diff__tgxstrength__sw_jiecai_strong,0.0,0.0
3,4,diff__tgxstrength__sw_jiecai_weak,0.0,0.0
3,4,diff__tgxstrength__sw_pian_cai_neutral,0.0,0.0
3,4,diff__tgxstrength__sw_pian_cai_strong,0.0,0.0
3,4,diff__tgxstrength__sw_pian_cai_weak,0.0,0.0
3,4,diff__tgxstrength__sw_pian_yin_neutral,0.0,0.0
3,4,diff__tgxstrength__sw_pian_yin_strong,0.0,0.0
3,4,diff__tgxstrength__sw_pian_yin_weak,1.0,-0.18799323193533693
3,4,diff__tgxstrength__sw_qi_sha_neutral,0.0,0.0
3,4,diff__tgxstrength__sw_qi_sha_strong,0.0,0.0
3,4,diff__tgxstrength__sw_qi_sha_weak,1.0,-0.12377625208891281
3,4,diff__tgxstrength__sw_shangguan_neutral,0.0,0.0
3,4,diff__tgxstrength__sw_shangguan_strong,0.0,0.0
3,4,diff__tgxstrength__sw_shangguan_weak,1.0,0.37887045325264695
3,4,diff__tgxstrength__sw_shishen_neutral,0.0,0.0
3,4,diff__tgxstrength__sw_shishen_strong,0.0,0.0
3,4,diff__tgxstrength__sw_shishen_weak,0.0,0.0
3,4,diff__tgxstrength__sw_zheng_cai_neutral,0.0,0.0
3,4,diff__tgxstrength__sw_zheng_cai_strong,0.0,0.0
3,4,diff__tgxstrength__sw_zheng_cai_weak,0.0,0.0
3,4,diff__tgxstrength__sw_zheng_guan_neutral,0.0,0.0
3,4,diff__tgxstrength__sw_zheng_guan_strong,1.0,0.3924267080574955
3,4,diff__tgxstrength__sw_zheng_guan_weak,0.0,0.0
3,4,diff__tgxstrength__sw_zheng_yin_neutral,0.0,0.0
3,4,diff__tgxstrength__sw_zheng_yin_strong,1.0,-0.5553573642344336
3,4,diff__tgxstrength__sw_zheng_yin_weak,1.0,0.2021623944207527
3,4,diff__unseong__dw_raw_score,0.0,0.0
3,4,diff__unseong__dw_score_x_strength,0.0,0.0
3,4,diff__unseong__dw_state_건록,0.0,0.0
3,4,diff__unseong__dw_state_관대,0.0,0.0
3,4,diff__unseong__dw_state_목욕,0.0,0.0
3,4,diff__unseong__dw_state_묘,0.0,0.0
3,4,diff__unseong__dw_state_병,0.0,0.0
3,4,diff__unseong__dw_state_사,1.0,-0.22975638693178713
3,4,diff__unseong__dw_state_쇠,0.0,0.0
3,4,diff__unseong__dw_state_양,0.0,0.0
3,4,diff__unseong__dw_state_장생,0.0,0.0
3,4,diff__unseong__dw_state_절,1.0,0.1148416506642913
3,4,diff__unseong__dw_state_제왕,0.0,0.0
3,4,diff__unseong__dw_state_태,0.0,0.0
3,4,diff__unseong__sw_raw_score,0.0,0.0
3,4,diff__unseong__sw_score_x_strength,0.0,0.0
3,4,diff__unseong__sw_state_건록,0.0,0.0
3,4,diff__unseong__sw_state_관대,0.0,0.0
3,4,diff__unseong__sw_state_목욕,0.0,0.0
3,4,diff__unseong__sw_state_묘,0.0,0.0
3,4,diff__unseong__sw_state_병,1.0,-0.2038656164048845
3,4,diff__unseong__sw_state_사,0.0,0.0
3,4,diff__unseong__sw_state_쇠,1.0,-0.07136041852336533
3,4,diff__unseong__sw_state_양,0.0,0.0
3,4,diff__unseong__sw_state_장생,1.0,-0.4118459196460892
3,4,diff__unseong__sw_state_절,1.0,0.0956021646257759
3,4,diff__unseong__sw_state_제왕,0.0,0.0
3,4,diff__unseong__sw_state_태,0.0,0.0
3,4,diff__yongshin__dw_gi_fit,0.0,0.0
3,4,diff__yongshin__dw_gu_fit,0.0,0.0
3,4,diff__yongshin__dw_hee_fit,0.0,0.0
3,4,diff__yongshin__dw_supplies_fav,1.0,-0.40827165878783145
3,4,diff__yongshin__dw_supplies_unfav,0.0,0.0
3,4,diff__yongshin__dw_yong_branch_fit,0.0,0.0
3,4,diff__yongshin__dw_yong_fit,0.0,0.0
3,4,diff__yongshin__dw_yong_stem_fit,1.0,-0.06778615968840791
3,4,diff__yongshin__sw_gi_fit,1.0,0.02875227106590995
3,4,diff__yongshin__sw_gu_fit,0.0,0.0
3,4,diff__yongshin__sw_hee_fit,0.0,0.0
3,4,diff__yongshin__sw_supplies_fav,0.0,0.0
3,4,diff__yongshin__sw_supplies_unfav,0.0,0.0
3,4,diff__yongshin__sw_yong_branch_fit,0.0,0.0
3,4,diff__yongshin__sw_yong_fit,0.0,0.0
3,4,diff__yongshin__sw_yong_stem_fit,1.0,-0.2710223608640767
4,0,diff__basic__daymaster_element_earth,0.0,0.0
4,0,diff__basic__daymaster_element_fire,0.0,0.0
4,0,diff__basic__daymaster_element_metal,0.0,0.0
4,0,diff__basic__daymaster_element_water,0.0,0.0
4,0,diff__basic__daymaster_element_wood,0.0,0.0
4,0,diff__basic__daymaster_stem_丁,0.0,0.0
4,0,diff__basic__daymaster_stem_丙,0.0,0.0
4,0,diff__basic__daymaster_stem_乙,0.0,0.0
4,0,diff__basic__daymaster_stem_壬,0.0,0.0
4,0,diff__basic__daymaster_stem_己,0.0,0.0
4,0,diff__basic__daymaster_stem_庚,0.0,0.0
4,0,diff__basic__daymaster_stem_戊,0.0,0.0
4,0,diff__basic__daymaster_stem_甲,0.0,0.0
4,0,diff__basic__daymaster_stem_癸,0.0,0.0
4,0,diff__basic__daymaster_stem_辛,0.0,0.0
4,0,diff__basic__dw_branch_丑,0.0,0.0
4,0,diff__basic__dw_branch_亥,0.0,0.0
4,0,diff__basic__dw_branch_午,0.0,0.0
4,0,diff__basic__dw_branch_卯,0.0,0.0
4,0,diff__basic__dw_branch_子,0.0,0.0
4,0,diff__basic__dw_branch_寅,0.0,0.0
4,0,diff__basic__dw_branch_巳,0.0,0.0
4,0,diff__basic__dw_branch_戌,0.0,0.0
4,0,diff__basic__dw_branch_未,0.0,0.0
4,0,diff__basic__dw_branch_申,0.0,0.0
4,0,diff__basic__dw_branch_辰,0.0,0.0
4,0,diff__basic__dw_branch_酉,0.0,0.0
4,0,diff__basic__dw_element_earth,0.0,0.0
4,0,diff__basic__dw_element_fire,0.0,0.0
4,0,diff__basic__dw_element_metal,0.0,0.0
4,0,diff__basic__dw_element_water,0.0,0.0
4,0,diff__basic__dw_element_wood,0.0,0.0
4,0,diff__basic__dw_stem_丁,0.0,0.0
4,0,diff__basic__dw_stem_丙,0.0,0.0
4,0,diff__basic__dw_stem_乙,0.0,0.0
4,0,diff__basic__dw_stem_壬,1.0,-0.03358180153805541
4,0,diff__basic__dw_stem_己,0.0,0.0
4,0,diff__basic__dw_stem_庚,0.0,0.0
4,0,diff__basic__dw_stem_戊,0.0,0.0
4,0,diff__basic__dw_stem_甲,0.0,0.0
4,0,diff__basic__dw_stem_癸,0.0,0.0
4,0,diff__basic__dw_stem_辛,0.0,0.0
4,0,diff__basic__dw_yy_yang,0.0,0.0
4,0,diff__basic__dw_yy_yin,0.0,0.0
4,0,diff__basic__natal_day_branch_丑,0.0,0.0
4,0,diff__basic__natal_day_branch_亥,0.0,0.0
4,0,diff__basic__natal_day_branch_午,0.0,0.0
4,0,diff__basic__natal_day_branch_卯,0.0,0.0
4,0,diff__basic__natal_day_branch_子,0.0,0.0
4,0,diff__basic__natal_day_branch_寅,0.0,0.0
4,0,diff__basic__natal_day_branch_巳,0.0,0.0
4,0,diff__basic__natal_day_branch_戌,0.0,0.0
4,0,diff__basic__natal_day_branch_未,0.0,0.0
4,0,diff__basic__natal_day_branch_申,0.0,0.0
4,0,diff__basic__natal_day_branch_辰,0.0,0.0
4,0,diff__basic__natal_day_branch_酉,0.0,0.0
4,0,diff__basic__natal_day_stem_丁,0.0,0.0
4,0,diff__basic__natal_day_stem_丙,0.0,0.0
4,0,diff__basic__natal_day_stem_乙,0.0,0.0
4,0,diff__basic__natal_day_stem_壬,0.0,0.0
4,0,diff__basic__natal_day_stem_己,0.0,0.0
4,0,diff__basic__natal_day_stem_庚,0.0,0.0
4,0,diff__basic__natal_day_stem_戊,0.0,0.0
4,0,diff__basic__natal_day_stem_甲,0.0,0.0
4,0,diff__basic__natal_day_stem_癸,0.0,0.0
4,0,diff__basic__natal_day_stem_辛,0.0,0.0
4,0,diff__basic__natal_element_count_earth,0.0,0.0
4,0,diff__basic__natal_element_count_fire,0.0,0.0
4,0,diff__basic__natal_element_count_metal,0.0,0.0
4,0,diff__basic__natal_element_count_water,0.0,0.0
4,0,diff__basic__natal_element_count_wood,0.0,0.0
4,0,diff__basic__natal_hour_branch_丑,0.0,0.0
4,0,diff__basic__natal_hour_branch_亥,0.0,0.0
4,0,diff__basic__natal_hour_branch_午,0.0,0.0
4,0,diff__basic__natal_hour_branch_卯,0.0,0.0
4,0,diff__basic__natal_hour_branch_子,0.0,0.0
4,0,diff__basic__natal_hour_branch_寅,0.0,0.0
4,0,diff__basic__natal_hour_branch_巳,0.0,0.0
4,0,diff__basic__natal_hour_branch_戌,0.0,0.0
4,0,diff__basic__natal_hour_branch_未,0.0,0.0
4,0,diff__basic__natal_hour_branch_申,0.0,0.0
4,0,diff__basic__natal_hour_branch_辰,0.0,0.0
4,0,diff__basic__natal_hour_branch_酉,0.0,0.0
4,0,diff__basic__natal_hour_stem_丁,0.0,0.0
4,0,diff__basic__natal_hour_stem_丙,0.0,0.0
4,0,diff__basic__natal_hour_stem_乙,0.0,0.0
4,0,diff__basic__natal_hour_stem_壬,0.0,0.0
4,0,diff__basic__natal_hour_stem_己,0.0,0.0
4,0,diff__basic__natal_hour_stem_庚,0.0,0.0
4,0,diff__basic__natal_hour_stem_戊,0.0,0.0
4,0,diff__basic__natal_hour_stem_甲,0.0,0.0
4,0,diff__basic__natal_hour_stem_癸,0.0,0.0
4,0,diff__basic__natal_hour_stem_辛,0.0,0.0
4,0,diff__basic__natal_month_branch_丑,0.0,0.0
4,0,diff__basic__natal_month_branch_亥,0.0,0.0
4,0,diff__basic__natal_month_branch_午,0.0,0.0
4,0,diff__basic__natal_month_branch_卯,0.0,0.0
4,0,diff__basic__natal_month_branch_子,0.0,0.0
4,0,diff__basic__natal_month_branch_寅,0.0,0.0
4,0,diff__basic__natal_month_branch_巳,0.0,0.0
4,0,diff__basic__natal_month_branch_戌,0.0,0.0
4,0,diff__basic__natal_month_branch_未,0.0,0.0
4,0,diff__basic__natal_month_branch_申,0.0,0.0
4,0,diff__basic__natal_month_branch_辰,0.0,0.0
4,0,diff__basic__natal_month_branch_酉,0.0,0.0
4,0,diff__basic__natal_month_stem_丁,0.0,0.0
4,0,diff__basic__natal_month_stem_丙,0.0,0.0
4,0,diff__basic__natal_month_stem_乙,0.0,0.0
4,0,diff__basic__natal_month_stem_壬,0.0,0.0
4,0,diff__basic__natal_month_stem_己,0.0,0.0
4,0,diff__basic__natal_month_stem_庚,0.0,0.0
4,0,diff__basic__natal_month_stem_戊,0.0,0.0
4,0,diff__basic__natal_month_stem_甲,0.0,0.0
4,0,diff__basic__natal_month_stem_癸,0.0,0.0
4,0,diff__basic__natal_month_stem_辛,0.0,0.0
4,0,diff__basic__natal_year_branch_丑,0.0,0.0
4,0,diff__basic__natal_year_branch_亥,0.0,0.0
4,0,diff__basic__natal_year_branch_午,0.0,0.0
4,0,diff__basic__natal_year_branch_卯,0.0,0.0
4,0,diff__basic__natal_year_branch_子,0.0,0.0
4,0,diff__basic__natal_year_branch_寅,0.0,0.0
4,0,diff__basic__natal_year_branch_巳,0.0,0.0
4,0,diff__basic__natal_year_branch_戌,0.0,0.0
4,0,diff__basic__natal_year_branch_未,0.0,0.0
4,0,diff__basic__natal_year_branch_申,0.0,0.0
4,0,diff__basic__natal_year_branch_辰,0.0,0.0
4,0,diff__basic__natal_year_branch_酉,0.0,0.0
4,0,diff__basic__natal_year_stem_丁,0.0,0.0
4,0,diff__basic__natal_year_stem_丙,0.0,0.0
4,0,diff__basic__natal_year_stem_乙,0.0,0.0
4,0,diff__basic__natal_year_stem_壬,0.0,0.0
4,0,diff__basic__natal_year_stem_己,0.0,0.0
4,0,diff__basic__natal_year_stem_庚,0.0,0.0
4,0,diff__basic__natal_year_stem_戊,0.0,0.0
4,0,diff__basic__natal_year_stem_甲,0.0,0.0
4,0,diff__basic__natal_year_stem_癸,0.0,0.0
4,0,diff__basic__natal_year_stem_辛,0.0,0.0
4,0,diff__basic__sw_branch_丑,0.0,0.0
4,0,diff__basic__sw_branch_亥,0.0,0.0
4,0,diff__basic__sw_branch_午,0.0,0.0
4,0,diff__basic__sw_branch_卯,0.0,0.0
4,0,diff__basic__sw_branch_子,0.0,0.0
4,0,diff__basic__sw_branch_寅,0.0,0.0
4,0,diff__basic__sw_branch_巳,1.0,0.1762679644965898
4,0,diff__basic__sw_branch_戌,0.0,0.0
4,0,diff__basic__sw_branch_未,0.0,0.0
4,0,diff__basic__sw_branch_申,0.0,0.0
4,0,diff__basic__sw_branch_辰,1.0,-0.050592056348806355
4,0,diff__basic__sw_branch_酉,1.0,-0.02916326775798784
4,0,diff__basic__sw_element_earth,0.0,0.0
4,0,diff__basic__sw_element_fire,0.0,0.0
4,0,diff__basic__sw_element_metal,0.0,0.0
4,0,diff__basic__sw_element_water,0.0,0.0
4,0,diff__basic__sw_element_wood,0.0,0.0
4,0,diff__basic__sw_stem_丁,0.0,0.0
4,0,diff__basic__sw_stem_丙,0.0,0.0
4,0,diff__basic__sw_stem_乙,0.0,0.0
4,0,diff__basic__sw_stem_壬,0.0,0.0
4,0,diff__basic__sw_stem_己,0.0,0.0
4,0,diff__basic__sw_stem_庚,0.0,0.0
4,0,diff__basic__sw_stem_戊,0.0,0.0
4,0,diff__basic__sw_stem_甲,1.0,0.06893181859815396
4,0,diff__basic__sw_stem_癸,0.0,0.0
4,0,diff__basic__sw_stem_辛,0.0,0.0
4,0,diff__basic__sw_yy_yang,0.0,0.0
4,0,diff__basic__sw_yy_yin,0.0,0.0
4,0,diff__engine__strength_극약,0.0,0.0
4,0,diff__engine__strength_극왕,0.0,0.0
4,0,diff__engine__strength_신강,0.0,0.0
4,0,diff__engine__strength_신약,0.0,0.0
4,0,diff__engine__strength_중화신강,0.0,0.0
4,0,diff__engine__strength_중화신약,0.0,0.0
4,0,diff__engine__strength_태강,0.0,0.0
4,0,diff__engine__strength_태약,0.0,0.0
4,0,diff__hidden__natal_element_count_earth,0.0,0.0
4,0,diff__hidden__natal_element_count_fire,0.0,0.0
4,0,diff__hidden__natal_element_count_metal,0.0,0.0
4,0,diff__hidden__natal_element_count_water,0.0,0.0
4,0,diff__hidden__natal_element_count_wood,0.0,0.0
4,0,diff__hidden__natal_tg_count_officer,0.0,0.0
4,0,diff__hidden__natal_tg_count_output,0.0,0.0
4,0,diff__hidden__natal_tg_count_peer,0.0,0.0
4,0,diff__hidden__natal_tg_count_resource,0.0,0.0
4,0,diff__hidden__natal_tg_count_wealth,0.0,0.0
4,0,diff__relation__dw_branch_break_natal,0.0,0.0
4,0,diff__relation__dw_branch_clash_natal,0.0,0.0
4,0,diff__relation__dw_branch_combine_natal,1.0,0.0032159362104166684
4,0,diff__relation__dw_branch_harm_natal,0.0,0.0
4,0,diff__relation__dw_branch_punish_natal,0.0,0.0
4,0,diff__relation__dw_stem_clash_natal,0.0,0.0
4,0,diff__relation__dw_stem_combine_natal,0.0,0.0
4,0,diff__relation__sw_branch_break_natal,0.0,0.0
4,0,diff__relation__sw_branch_clash_natal,0.0,0.0
4,0,diff__relation__sw_branch_combine_natal,0.0,0.0
4,0,diff__relation__sw_branch_harm_natal,0.0,0.0
4,0,diff__relation__sw_branch_punish_natal,1.0,0.05266543514654552
4,0,diff__relation__sw_dw_branch_break,0.0,0.0
4,0,diff__relation__sw_dw_branch_clash,0.0,0.0
4,0,diff__relation__sw_dw_branch_combine,0.0,0.0
4,0,diff__relation__sw_dw_branch_harm,1.0,0.10108160483341559
4,0,diff__relation__sw_dw_branch_punish,0.0,0.0
4,0,diff__relation__sw_dw_stem_clash,1.0,-0.05128984853380626
4,0,diff__relation__sw_dw_stem_combine,0.0,0.0
4,0,diff__relation__sw_stem_clash_natal,0.0,0.0
4,0,diff__relation__sw_stem_combine_natal,0.0,0.0
4,0,diff__shinsal__dw_breakdown_scalar,0.0,0.0
4,0,diff__shinsal__dw_gongmang_is_gongmang,0.0,0.0
4,0,diff__shinsal__dw_gongmang_rel,0.0,0.0
4,0,diff__shinsal__dw_gongmang_trine,0.0,0.0
4,0,diff__shinsal__dw_gongmang_unseong,0.0,0.0
4,0,diff__shinsal__dw_gongmang_yfit_branch,0.0,0.0
4,0,diff__shinsal__dw_indicators_귀인력,0.0,0.0
4,0,diff__shinsal__dw_noble_power,0.0,0.0
4,0,diff__shinsal__dw_신살_길신__count,1.0,-0.11525304348192507
4,0,diff__shinsal__dw_신살_길신__록신_,0.0,0.0
4,0,diff__shinsal__dw_신살_길신__문창귀인_,0.0,0.0
4,0,diff__shinsal__dw_신살_길신__반안_,1.0,-0.02106077161921148
4,0,diff__shinsal__dw_신살_길신__장성_,0.0,0.0
4,0,diff__shinsal__dw_신살_길신__천을귀인_,0.0,0.0
4,0,diff__shinsal__dw_신살_길신__천희_,1.0,0.0817575578964685
4,0,diff__shinsal__dw_신살_길신__홍란_,0.0,0.0
4,0,diff__shinsal__dw_신살_길신__화개_,1.0,-0.02106077161921148
4,0,diff__shinsal__dw_신살_흉살__count,0.0,0.0
4,0,diff__shinsal__dw_신살_흉살__겁살_,0.0,0.0
4,0,diff__shinsal__dw_신살_흉살__고진_,1.0,0.06388928806975412
4,0,diff__shinsal__dw_신살_흉살__과숙_,0.0,0.0
4,0,diff__shinsal__dw_신살_흉살__도화_,0.0,0.0
4,0,diff__shinsal__dw_신살_흉살__망신_,0.0,0.0
4,0,diff__shinsal__dw_신살_흉살__양인_,0.0,0.0
4,0,diff__shinsal__dw_신살_흉살__역마_,0.0,0.0
4,0,diff__shinsal__sw_indicators_귀인력,0.0,0.0
4,0,diff__shinsal__sw_세운_신살_길신__count,0.0,0.0
4,0,diff__shinsal__sw_세운_신살_길신__록신_,0.0,0.0
4,0,diff__shinsal__sw_세운_신살_길신__문창귀인_,0.0,0.0
4,0,diff__shinsal__sw_세운_신살_길신__반안_,0.0,0.0
4,0,diff__shinsal__sw_세운_신살_길신__장성_,0.0,0.0
4,0,diff__shinsal__sw_세운_신살_길신__천을귀인_,0.0,0.0
4,0,diff__shinsal__sw_세운_신살_길신__천희_,0.0,0.0
4,0,diff__shinsal__sw_세운_신살_길신__홍란_,0.0,0.0
4,0,diff__shinsal__sw_세운_신살_길신__화개_,0.0,0.0
4,0,diff__shinsal__sw_세운_신살_흉살__count,0.0,0.0
4,0,diff__shinsal__sw_세운_신살_흉살__겁살_,0.0,0.0
4,0,diff__shinsal__sw_세운_신살_흉살__고진_,0.0,0.0
4,0,diff__shinsal__sw_세운_신살_흉살__과숙_,0.0,0.0
4,0,diff__shinsal__sw_세운_신살_흉살__도화_,0.0,0.0
4,0,diff__shinsal__sw_세운_신살_흉살__망신_,0.0,0.0
4,0,diff__shinsal__sw_세운_신살_흉살__양인_,0.0,0.0
4,0,diff__shinsal__sw_세운_신살_흉살__역마_,0.0,0.0
4,0,diff__tengod__dw_group_officer,0.0,0.0
4,0,diff__tengod__dw_group_output,0.0,0.0
4,0,diff__tengod__dw_group_peer,0.0,0.0
4,0,diff__tengod__dw_group_resource,0.0,0.0
4,0,diff__tengod__dw_group_wealth,0.0,0.0
4,0,diff__tengod__sw_group_officer,0.0,0.0
4,0,diff__tengod__sw_group_output,0.0,0.0
4,0,diff__tengod__sw_group_peer,0.0,0.0
4,0,diff__tengod__sw_group_resource,0.0,0.0
4,0,diff__tengod__sw_group_wealth,0.0,0.0
4,0,diff__tg10__dw_branch_hidden_bijian,0.0,0.0
4,0,diff__tg10__dw_branch_hidden_jiecai,0.0,0.0
4,0,diff__tg10__dw_branch_hidden_pian_cai,0.0,0.0
4,0,diff__tg10__dw_branch_hidden_pian_yin,1.0,0.039496851956638566
4,0,diff__tg10__dw_branch_hidden_qi_sha,0.0,0.0
4,0,diff__tg10__dw_branch_hidden_shangguan,0.0,0.0
4,0,diff__tg10__dw_branch_hidden_shishen,0.0,0.0
4,0,diff__tg10__dw_branch_hidden_zheng_cai,0.0,0.0
4,0,diff__tg10__dw_branch_hidden_zheng_guan,1.0,-0.07867340245249119
4,0,diff__tg10__dw_branch_hidden_zheng_yin,0.0,0.0
4,0,diff__tg10__dw_stem_bijian,0.0,0.0
4,0,diff__tg10__dw_stem_jiecai,0.0,0.0
4,0,diff__tg10__dw_stem_pian_cai,0.0,0.0
4,0,diff__tg10__dw_stem_pian_yin,0.0,0.0
4,0,diff__tg10__dw_stem_qi_sha,0.0,0.0
4,0,diff__tg10__dw_stem_shangguan,0.0,0.0
4,0,diff__tg10__dw_stem_shishen,0.0,0.0
4,0,diff__tg10__dw_stem_zheng_cai,0.0,0.0
4,0,diff__tg10__dw_stem_zheng_guan,0.0,0.0
4,0,diff__tg10__dw_stem_zheng_yin,0.0,0.0
4,0,diff__tg10__sw_branch_hidden_bijian,0.0,0.0
4,0,diff__tg10__sw_branch_hidden_jiecai,0.0,0.0
4,0,diff__tg10__sw_branch_hidden_pian_cai,0.0,0.0
4,0,diff__tg10__sw_branch_hidden_pian_yin,0.0,0.0
4,0,diff__tg10__sw_branch_hidden_qi_sha,0.0,0.0
4,0,diff__tg10__sw_branch_hidden_shangguan,1.0,0.35391565756157356
4,0,diff__tg10__sw_branch_hidden_shishen,0.0,0.0
4,0,diff__tg10__sw_branch_hidden_zheng_cai,0.0,0.0
4,0,diff__tg10__sw_branch_hidden_zheng_guan,0.0,0.0
4,0,diff__tg10__sw_branch_hidden_zheng_yin,0.0,0.0
4,0,diff__tg10__sw_stem_bijian,0.0,0.0
4,0,diff__tg10__sw_stem_jiecai,0.0,0.0
4,0,diff__tg10__sw_stem_pian_cai,0.0,0.0
4,0,diff__tg10__sw_stem_pian_yin,0.0,0.0
4,0,diff__tg10__sw_stem_qi_sha,0.0,0.0
4,0,diff__tg10__sw_stem_shangguan,0.0,0.0
4,0,diff__tg10__sw_stem_shishen,0.0,0.0
4,0,diff__tg10__sw_stem_zheng_cai,0.0,0.0
4,0,diff__tg10__sw_stem_zheng_guan,0.0,0.0
4,0,diff__tg10__sw_stem_zheng_yin,0.0,0.0
4,0,diff__tgxstrength__dw_bijian_neutral,0.0,0.0
4,0,diff__tgxstrength__dw_bijian_strong,0.0,0.0
4,0,diff__tgxstrength__dw_bijian_weak,0.0,0.0
4,0,diff__tgxstrength__dw_jiecai_neutral,0.0,0.0
4,0,diff__tgxstrength__dw_jiecai_strong,0.0,0.0
4,0,diff__tgxstrength__dw_jiecai_weak,0.0,0.0
4,0,diff__tgxstrength__dw_pian_cai_neutral,0.0,0.0
4,0,diff__tgxstrength__dw_pian_cai_strong,0.0,0.0
4,0,diff__tgxstrength__dw_pian_cai_weak,0.0,0.0
4,0,diff__tgxstrength__dw_pian_yin_neutral,0.0,0.0
4,0,diff__tgxstrength__dw_pian_yin_strong,0.0,0.0
4,0,diff__tgxstrength__dw_pian_yin_weak,0.0,0.0
4,0,diff__tgxstrength__dw_qi_sha_neutral,0.0,0.0
4,0,diff__tgxstrength__dw_qi_sha_strong,0.0,0.0
4,0,diff__tgxstrength__dw_qi_sha_weak,0.0,0.0
4,0,diff__tgxstrength__dw_shangguan_neutral,0.0,0.0
4,0,diff__tgxstrength__dw_shangguan_strong,0.0,0.0
4,0,diff__tgxstrength__dw_shangguan_weak,0.0,0.0
4,0,diff__tgxstrength__dw_shishen_neutral,0.0,0.0
4,0,diff__tgxstrength__dw_shishen_strong,0.0,0.0
4,0,diff__tgxstrength__dw_shishen_weak,0.0,0.0
4,0,diff__tgxstrength__dw_zheng_cai_neutral,0.0,0.0
4,0,diff__tgxstrength__dw_zheng_cai_strong,0.0,0.0
4,0,diff__tgxstrength__dw_zheng_cai_weak,0.0,0.0
4,0,diff__tgxstrength__dw_zheng_guan_neutral,0.0,0.0
4,0,diff__tgxstrength__dw_zheng_guan_strong,0.0,0.0
4,0,diff__tgxstrength__dw_zheng_guan_weak,0.0,0.0
4,0,diff__tgxstrength__dw_zheng_yin_neutral,0.0,0.0
4,0,diff__tgxstrength__dw_zheng_yin_strong,1.0,0.1409512223973173
4,0,diff__tgxstrength__dw_zheng_yin_weak,0.0,0.0
4,0,diff__tgxstrength__sw_bijian_neutral,0.0,0.0
4,0,diff__tgxstrength__sw_bijian_strong,0.0,0.0
4,0,diff__tgxstrength__sw_bijian_weak,0.0,0.0
4,0,diff__tgxstrength__sw_jiecai_neutral,0.0,0.0
4,0,diff__tgxstrength__sw_jiecai_strong,0.0,0.0
4,0,diff__tgxstrength__sw_jiecai_weak,0.0,0.0
4,0,diff__tgxstrength__sw_pian_cai_neutral,0.0,0.0
4,0,diff__tgxstrength__sw_pian_cai_strong,0.0,0.0
4,0,diff__tgxstrength__sw_pian_cai_weak,0.0,0.0
4,0,diff__tgxstrength__sw_pian_yin_neutral,0.0,0.0
4,0,diff__tgxstrength__sw_pian_yin_strong,1.0,0.30574092848713486
4,0,diff__tgxstrength__sw_pian_yin_weak,0.0,0.0
4,0,diff__tgxstrength__sw_qi_sha_neutral,0.0,0.0
4,0,diff__tgxstrength__sw_qi_sha_strong,0.0,0.0
4,0,diff__tgxstrength__sw_qi_sha_weak,1.0,-0.09224950129117199
4,0,diff__tgxstrength__sw_shangguan_neutral,0.0,0.0
4,0,diff__tgxstrength__sw_shangguan_strong,0.0,0.0
4,0,diff__tgxstrength__sw_shangguan_weak,0.0,0.0
4,0,diff__tgxstrength__sw_shishen_neutral,0.0,0.0
4,0,diff__tgxstrength__sw_shishen_strong,1.0,-0.2332966964834457
4,0,diff__tgxstrength__sw_shishen_weak,0.0,0.0
4,0,diff__tgxstrength__sw_zheng_cai_neutral,0.0,0.0
4,0,diff__tgxstrength__sw_zheng_cai_strong,0.0,0.0
4,0,diff__tgxstrength__sw_zheng_cai_weak,0.0,0.0
4,0,diff__tgxstrength__sw_zheng_guan_neutral,0.0,0.0
4,0,diff__tgxstrength__sw_zheng_guan_strong,0.0,0.0
4,0,diff__tgxstrength__sw_zheng_guan_weak,0.0,0.0
4,0,diff__tgxstrength__sw_zheng_yin_neutral,0.0,0.0
4,0,diff__tgxstrength__sw_zheng_yin_strong,0.0,0.0
4,0,diff__tgxstrength__sw_zheng_yin_weak,0.0,0.0
4,0,diff__unseong__dw_raw_score,0.0,0.0
4,0,diff__unseong__dw_score_x_strength,0.0,0.0
4,0,diff__unseong__dw_state_건록,0.0,0.0
4,0,diff__unseong__dw_state_관대,0.0,0.0
4,0,diff__unseong__dw_state_목욕,0.0,0.0
4,0,diff__unseong__dw_state_묘,0.0,0.0
4,0,diff__unseong__dw_state_병,0.0,0.0
4,0,diff__unseong__dw_state_사,0.0,0.0
4,0,diff__unseong__dw_state_쇠,0.0,0.0
4,0,diff__unseong__dw_state_양,0.0,0.0
4,0,diff__unseong__dw_state_장생,0.0,0.0
4,0,diff__unseong__dw_state_절,1.0,0.17081747260902466
4,0,diff__unseong__dw_state_제왕,0.0,0.0
4,0,diff__unseong__dw_state_태,0.0,0.0
4,0,diff__unseong__sw_raw_score,0.0,0.0
4,0,diff__unseong__sw_score_x_strength,0.0,0.0
4,0,diff__unseong__sw_state_건록,0.0,0.0
4,0,diff__unseong__sw_state_관대,0.0,0.0
4,0,diff__unseong__sw_state_목욕,0.0,0.0
4,0,diff__unseong__sw_state_묘,0.0,0.0
4,0,diff__unseong__sw_state_병,0.0,0.0
4,0,diff__unseong__sw_state_사,0.0,0.0
4,0,diff__unseong__sw_state_쇠,0.0,0.0
4,0,diff__unseong__sw_state_양,1.0,0.2290831155243647
4,0,diff__unseong__sw_state_장생,1.0,-0.23679136360087405
4,0,diff__unseong__sw_state_절,0.0,0.0
4,0,diff__unseong__sw_state_제왕,0.0,0.0
4,0,diff__unseong__sw_state_태,0.0,0.0
4,0,diff__yongshin__dw_gi_fit,0.0,0.0
4,0,diff__yongshin__dw_gu_fit,1.0,-0.13166444375585393
4,0,diff__yongshin__dw_hee_fit,0.0,0.0
4,0,diff__yongshin__dw_supplies_fav,0.0,0.0
4,0,diff__yongshin__dw_supplies_unfav,0.0,0.0
4,0,diff__yongshin__dw_yong_branch_fit,0.0,0.0
4,0,diff__yongshin__dw_yong_fit,0.0,0.0
4,0,diff__yongshin__dw_yong_stem_fit,0.0,0.0
4,0,diff__yongshin__sw_gi_fit,0.0,0.0
4,0,diff__yongshin__sw_gu_fit,0.0,0.0
4,0,diff__yongshin__sw_hee_fit,0.0,0.0
4,0,diff__yongshin__sw_supplies_fav,0.0,0.0
4,0,diff__yongshin__sw_supplies_unfav,0.0,0.0
4,0,diff__yongshin__sw_yong_branch_fit,0.0,0.0
4,0,diff__yongshin__sw_yong_fit,0.0,0.0
4,0,diff__yongshin__sw_yong_stem_fit,1.0,-0.06970964271841056
4,1,diff__basic__daymaster_element_earth,0.0,0.0
4,1,diff__basic__daymaster_element_fire,0.0,0.0
4,1,diff__basic__daymaster_element_metal,0.0,0.0
4,1,diff__basic__daymaster_element_water,0.0,0.0
4,1,diff__basic__daymaster_element_wood,0.0,0.0
4,1,diff__basic__daymaster_stem_丁,0.0,0.0
4,1,diff__basic__daymaster_stem_丙,0.0,0.0
4,1,diff__basic__daymaster_stem_乙,0.0,0.0
4,1,diff__basic__daymaster_stem_壬,0.0,0.0
4,1,diff__basic__daymaster_stem_己,0.0,0.0
4,1,diff__basic__daymaster_stem_庚,0.0,0.0
4,1,diff__basic__daymaster_stem_戊,0.0,0.0
4,1,diff__basic__daymaster_stem_甲,0.0,0.0
4,1,diff__basic__daymaster_stem_癸,0.0,0.0
4,1,diff__basic__daymaster_stem_辛,0.0,0.0
4,1,diff__basic__dw_branch_丑,0.0,0.0
4,1,diff__basic__dw_branch_亥,0.0,0.0
4,1,diff__basic__dw_branch_午,0.0,0.0
4,1,diff__basic__dw_branch_卯,0.0,0.0
4,1,diff__basic__dw_branch_子,0.0,0.0
4,1,diff__basic__dw_branch_寅,0.0,0.0
4,1,diff__basic__dw_branch_巳,0.0,0.0
4,1,diff__basic__dw_branch_戌,0.0,0.0
4,1,diff__basic__dw_branch_未,0.0,0.0
4,1,diff__basic__dw_branch_申,0.0,0.0
4,1,diff__basic__dw_branch_辰,0.0,0.0
4,1,diff__basic__dw_branch_酉,0.0,0.0
4,1,diff__basic__dw_element_earth,0.0,0.0
4,1,diff__basic__dw_element_fire,0.0,0.0
4,1,diff__basic__dw_element_metal,0.0,0.0
4,1,diff__basic__dw_element_water,0.0,0.0
4,1,diff__basic__dw_element_wood,0.0,0.0
4,1,diff__basic__dw_stem_丁,0.0,0.0
4,1,diff__basic__dw_stem_丙,0.0,0.0
4,1,diff__basic__dw_stem_乙,0.0,0.0
4,1,diff__basic__dw_stem_壬,0.0,0.0
4,1,diff__basic__dw_stem_己,0.0,0.0
4,1,diff__basic__dw_stem_庚,0.0,0.0
4,1,diff__basic__dw_stem_戊,0.0,0.0
4,1,diff__basic__dw_stem_甲,0.0,0.0
4,1,diff__basic__dw_stem_癸,0.0,0.0
4,1,diff__basic__dw_stem_辛,0.0,0.0
4,1,diff__basic__dw_yy_yang,0.0,0.0
4,1,diff__basic__dw_yy_yin,0.0,0.0
4,1,diff__basic__natal_day_branch_丑,0.0,0.0
4,1,diff__basic__natal_day_branch_亥,0.0,0.0
4,1,diff__basic__natal_day_branch_午,0.0,0.0
4,1,diff__basic__natal_day_branch_卯,0.0,0.0
4,1,diff__basic__natal_day_branch_子,0.0,0.0
4,1,diff__basic__natal_day_branch_寅,0.0,0.0
4,1,diff__basic__natal_day_branch_巳,0.0,0.0
4,1,diff__basic__natal_day_branch_戌,0.0,0.0
4,1,diff__basic__natal_day_branch_未,0.0,0.0
4,1,diff__basic__natal_day_branch_申,0.0,0.0
4,1,diff__basic__natal_day_branch_辰,0.0,0.0
4,1,diff__basic__natal_day_branch_酉,0.0,0.0
4,1,diff__basic__natal_day_stem_丁,0.0,0.0
4,1,diff__basic__natal_day_stem_丙,0.0,0.0
4,1,diff__basic__natal_day_stem_乙,0.0,0.0
4,1,diff__basic__natal_day_stem_壬,0.0,0.0
4,1,diff__basic__natal_day_stem_己,0.0,0.0
4,1,diff__basic__natal_day_stem_庚,0.0,0.0
4,1,diff__basic__natal_day_stem_戊,0.0,0.0
4,1,diff__basic__natal_day_stem_甲,0.0,0.0
4,1,diff__basic__natal_day_stem_癸,0.0,0.0
4,1,diff__basic__natal_day_stem_辛,0.0,0.0
4,1,diff__basic__natal_element_count_earth,0.0,0.0
4,1,diff__basic__natal_element_count_fire,0.0,0.0
4,1,diff__basic__natal_element_count_metal,0.0,0.0
4,1,diff__basic__natal_element_count_water,0.0,0.0
4,1,diff__basic__natal_element_count_wood,0.0,0.0
4,1,diff__basic__natal_hour_branch_丑,0.0,0.0
4,1,diff__basic__natal_hour_branch_亥,0.0,0.0
4,1,diff__basic__natal_hour_branch_午,0.0,0.0
4,1,diff__basic__natal_hour_branch_卯,0.0,0.0
4,1,diff__basic__natal_hour_branch_子,0.0,0.0
4,1,diff__basic__natal_hour_branch_寅,0.0,0.0
4,1,diff__basic__natal_hour_branch_巳,0.0,0.0
4,1,diff__basic__natal_hour_branch_戌,0.0,0.0
4,1,diff__basic__natal_hour_branch_未,0.0,0.0
4,1,diff__basic__natal_hour_branch_申,0.0,0.0
4,1,diff__basic__natal_hour_branch_辰,0.0,0.0
4,1,diff__basic__natal_hour_branch_酉,0.0,0.0
4,1,diff__basic__natal_hour_stem_丁,0.0,0.0
4,1,diff__basic__natal_hour_stem_丙,0.0,0.0
4,1,diff__basic__natal_hour_stem_乙,0.0,0.0
4,1,diff__basic__natal_hour_stem_壬,0.0,0.0
4,1,diff__basic__natal_hour_stem_己,0.0,0.0
4,1,diff__basic__natal_hour_stem_庚,0.0,0.0
4,1,diff__basic__natal_hour_stem_戊,0.0,0.0
4,1,diff__basic__natal_hour_stem_甲,0.0,0.0
4,1,diff__basic__natal_hour_stem_癸,0.0,0.0
4,1,diff__basic__natal_hour_stem_辛,0.0,0.0
4,1,diff__basic__natal_month_branch_丑,0.0,0.0
4,1,diff__basic__natal_month_branch_亥,0.0,0.0
4,1,diff__basic__natal_month_branch_午,0.0,0.0
4,1,diff__basic__natal_month_branch_卯,0.0,0.0
4,1,diff__basic__natal_month_branch_子,0.0,0.0
4,1,diff__basic__natal_month_branch_寅,0.0,0.0
4,1,diff__basic__natal_month_branch_巳,0.0,0.0
4,1,diff__basic__natal_month_branch_戌,0.0,0.0
4,1,diff__basic__natal_month_branch_未,0.0,0.0
4,1,diff__basic__natal_month_branch_申,0.0,0.0
4,1,diff__basic__natal_month_branch_辰,0.0,0.0
4,1,diff__basic__natal_month_branch_酉,0.0,0.0
4,1,diff__basic__natal_month_stem_丁,0.0,0.0
4,1,diff__basic__natal_month_stem_丙,0.0,0.0
4,1,diff__basic__natal_month_stem_乙,0.0,0.0
4,1,diff__basic__natal_month_stem_壬,0.0,0.0
4,1,diff__basic__natal_month_stem_己,0.0,0.0
4,1,diff__basic__natal_month_stem_庚,0.0,0.0
4,1,diff__basic__natal_month_stem_戊,0.0,0.0
4,1,diff__basic__natal_month_stem_甲,0.0,0.0
4,1,diff__basic__natal_month_stem_癸,0.0,0.0
4,1,diff__basic__natal_month_stem_辛,0.0,0.0
4,1,diff__basic__natal_year_branch_丑,0.0,0.0
4,1,diff__basic__natal_year_branch_亥,0.0,0.0
4,1,diff__basic__natal_year_branch_午,0.0,0.0
4,1,diff__basic__natal_year_branch_卯,0.0,0.0
4,1,diff__basic__natal_year_branch_子,0.0,0.0
4,1,diff__basic__natal_year_branch_寅,0.0,0.0
4,1,diff__basic__natal_year_branch_巳,0.0,0.0
4,1,diff__basic__natal_year_branch_戌,0.0,0.0
4,1,diff__basic__natal_year_branch_未,0.0,0.0
4,1,diff__basic__natal_year_branch_申,0.0,0.0
4,1,diff__basic__natal_year_branch_辰,0.0,0.0
4,1,diff__basic__natal_year_branch_酉,0.0,0.0
4,1,diff__basic__natal_year_stem_丁,0.0,0.0
4,1,diff__basic__natal_year_stem_丙,0.0,0.0
4,1,diff__basic__natal_year_stem_乙,0.0,0.0
4,1,diff__basic__natal_year_stem_壬,0.0,0.0
4,1,diff__basic__natal_year_stem_己,0.0,0.0
4,1,diff__basic__natal_year_stem_庚,0.0,0.0
4,1,diff__basic__natal_year_stem_戊,0.0,0.0
4,1,diff__basic__natal_year_stem_甲,0.0,0.0
4,1,diff__basic__natal_year_stem_癸,0.0,0.0
4,1,diff__basic__natal_year_stem_辛,0.0,0.0
4,1,diff__basic__sw_branch_丑,0.0,0.0
4,1,diff__basic__sw_branch_亥,0.0,0.0
4,1,diff__basic__sw_branch_午,0.0,0.0
4,1,diff__basic__sw_branch_卯,0.0,0.0
4,1,diff__basic__sw_branch_子,0.0,0.0
4,1,diff__basic__sw_branch_寅,0.0,0.0
4,1,diff__basic__sw_branch_巳,0.0,0.0
4,1,diff__basic__sw_branch_戌,0.0,0.0
4,1,diff__basic__sw_branch_未,0.0,0.0
4,1,diff__basic__sw_branch_申,0.0,0.0
4,1,diff__basic__sw_branch_辰,0.0,0.0
4,1,diff__basic__sw_branch_酉,0.0,0.0
4,1,diff__basic__sw_element_earth,0.0,0.0
4,1,diff__basic__sw_element_fire,0.0,0.0
4,1,diff__basic__sw_element_metal,0.0,0.0
4,1,diff__basic__sw_element_water,0.0,0.0
4,1,diff__basic__sw_element_wood,0.0,0.0
4,1,diff__basic__sw_stem_丁,0.0,0.0
4,1,diff__basic__sw_stem_丙,0.0,0.0
4,1,diff__basic__sw_stem_乙,0.0,0.0
4,1,diff__basic__sw_stem_壬,0.0,0.0
4,1,diff__basic__sw_stem_己,0.0,0.0
4,1,diff__basic__sw_stem_庚,0.0,0.0
4,1,diff__basic__sw_stem_戊,0.0,0.0
4,1,diff__basic__sw_stem_甲,0.0,0.0
4,1,diff__basic__sw_stem_癸,0.0,0.0
4,1,diff__basic__sw_stem_辛,0.0,0.0
4,1,diff__basic__sw_yy_yang,0.0,0.0
4,1,diff__basic__sw_yy_yin,0.0,0.0
4,1,diff__engine__strength_극약,0.0,0.0
4,1,diff__engine__strength_극왕,0.0,0.0
4,1,diff__engine__strength_신강,0.0,0.0
4,1,diff__engine__strength_신약,0.0,0.0
4,1,diff__engine__strength_중화신강,0.0,0.0
4,1,diff__engine__strength_중화신약,0.0,0.0
4,1,diff__engine__strength_태강,0.0,0.0
4,1,diff__engine__strength_태약,0.0,0.0
4,1,diff__hidden__natal_element_count_earth,0.0,0.0
4,1,diff__hidden__natal_element_count_fire,0.0,0.0
4,1,diff__hidden__natal_element_count_metal,0.0,0.0
4,1,diff__hidden__natal_element_count_water,0.0,0.0
4,1,diff__hidden__natal_element_count_wood,0.0,0.0
4,1,diff__hidden__natal_tg_count_officer,0.0,0.0
4,1,diff__hidden__natal_tg_count_output,0.0,0.0
4,1,diff__hidden__natal_tg_count_peer,0.0,0.0
4,1,diff__hidden__natal_tg_count_resource,0.0,0.0
4,1,diff__hidden__natal_tg_count_wealth,0.0,0.0
4,1,diff__relation__dw_branch_break_natal,0.0,0.0
4,1,diff__relation__dw_branch_clash_natal,0.0,0.0
4,1,diff__relation__dw_branch_combine_natal,0.0,0.0
4,1,diff__relation__dw_branch_harm_natal,0.0,0.0
4,1,diff__relation__dw_branch_punish_natal,0.0,0.0
4,1,diff__relation__dw_stem_clash_natal,0.0,0.0
4,1,diff__relation__dw_stem_combine_natal,0.0,0.0
4,1,diff__relation__sw_branch_break_natal,0.0,0.0
4,1,diff__relation__sw_branch_clash_natal,0.0,0.0
4,1,diff__relation__sw_branch_combine_natal,0.0,0.0
4,1,diff__relation__sw_branch_harm_natal,0.0,0.0
4,1,diff__relation__sw_branch_punish_natal,0.0,0.0
4,1,diff__relation__sw_dw_branch_break,0.0,0.0
4,1,diff__relation__sw_dw_branch_clash,0.0,0.0
4,1,diff__relation__sw_dw_branch_combine,0.0,0.0
4,1,diff__relation__sw_dw_branch_harm,0.0,0.0
4,1,diff__relation__sw_dw_branch_punish,0.0,0.0
4,1,diff__relation__sw_dw_stem_clash,0.0,0.0
4,1,diff__relation__sw_dw_stem_combine,0.0,0.0
4,1,diff__relation__sw_stem_clash_natal,0.0,0.0
4,1,diff__relation__sw_stem_combine_natal,0.0,0.0
4,1,diff__shinsal__dw_breakdown_scalar,0.0,0.0
4,1,diff__shinsal__dw_gongmang_is_gongmang,0.0,0.0
4,1,diff__shinsal__dw_gongmang_rel,0.0,0.0
4,1,diff__shinsal__dw_gongmang_trine,0.0,0.0
4,1,diff__shinsal__dw_gongmang_unseong,0.0,0.0
4,1,diff__shinsal__dw_gongmang_yfit_branch,0.0,0.0
4,1,diff__shinsal__dw_indicators_귀인력,0.0,0.0
4,1,diff__shinsal__dw_noble_power,0.0,0.0
4,1,diff__shinsal__dw_신살_길신__count,0.0,0.0
4,1,diff__shinsal__dw_신살_길신__록신_,0.0,0.0
4,1,diff__shinsal__dw_신살_길신__문창귀인_,0.0,0.0
4,1,diff__shinsal__dw_신살_길신__반안_,0.0,0.0
4,1,diff__shinsal__dw_신살_길신__장성_,0.0,0.0
4,1,diff__shinsal__dw_신살_길신__천을귀인_,0.0,0.0
4,1,diff__shinsal__dw_신살_길신__천희_,0.0,0.0
4,1,diff__shinsal__dw_신살_길신__홍란_,0.0,0.0
4,1,diff__shinsal__dw_신살_길신__화개_,0.0,0.0
4,1,diff__shinsal__dw_신살_흉살__count,0.0,0.0
4,1,diff__shinsal__dw_신살_흉살__겁살_,0.0,0.0
4,1,diff__shinsal__dw_신살_흉살__고진_,0.0,0.0
4,1,diff__shinsal__dw_신살_흉살__과숙_,0.0,0.0
4,1,diff__shinsal__dw_신살_흉살__도화_,0.0,0.0
4,1,diff__shinsal__dw_신살_흉살__망신_,0.0,0.0
4,1,diff__shinsal__dw_신살_흉살__양인_,0.0,0.0
4,1,diff__shinsal__dw_신살_흉살__역마_,0.0,0.0
4,1,diff__shinsal__sw_indicators_귀인력,0.0,0.0
4,1,diff__shinsal__sw_세운_신살_길신__count,0.0,0.0
4,1,diff__shinsal__sw_세운_신살_길신__록신_,0.0,0.0
4,1,diff__shinsal__sw_세운_신살_길신__문창귀인_,0.0,0.0
4,1,diff__shinsal__sw_세운_신살_길신__반안_,0.0,0.0
4,1,diff__shinsal__sw_세운_신살_길신__장성_,0.0,0.0
4,1,diff__shinsal__sw_세운_신살_길신__천을귀인_,0.0,0.0
4,1,diff__shinsal__sw_세운_신살_길신__천희_,0.0,0.0
4,1,diff__shinsal__sw_세운_신살_길신__홍란_,0.0,0.0
4,1,diff__shinsal__sw_세운_신살_길신__화개_,0.0,0.0
4,1,diff__shinsal__sw_세운_신살_흉살__count,0.0,0.0
4,1,diff__shinsal__sw_세운_신살_흉살__겁살_,0.0,0.0
4,1,diff__shinsal__sw_세운_신살_흉살__고진_,0.0,0.0
4,1,diff__shinsal__sw_세운_신살_흉살__과숙_,0.0,0.0
4,1,diff__shinsal__sw_세운_신살_흉살__도화_,0.0,0.0
4,1,diff__shinsal__sw_세운_신살_흉살__망신_,0.0,0.0
4,1,diff__shinsal__sw_세운_신살_흉살__양인_,0.0,0.0
4,1,diff__shinsal__sw_세운_신살_흉살__역마_,0.0,0.0
4,1,diff__tengod__dw_group_officer,0.0,0.0
4,1,diff__tengod__dw_group_output,0.0,0.0
4,1,diff__tengod__dw_group_peer,0.0,0.0
4,1,diff__tengod__dw_group_resource,0.0,0.0
4,1,diff__tengod__dw_group_wealth,0.0,0.0
4,1,diff__tengod__sw_group_officer,0.0,0.0
4,1,diff__tengod__sw_group_output,0.0,0.0
4,1,diff__tengod__sw_group_peer,0.0,0.0
4,1,diff__tengod__sw_group_resource,0.0,0.0
4,1,diff__tengod__sw_group_wealth,0.0,0.0
4,1,diff__tg10__dw_branch_hidden_bijian,0.0,0.0
4,1,diff__tg10__dw_branch_hidden_jiecai,0.0,0.0
4,1,diff__tg10__dw_branch_hidden_pian_cai,0.0,0.0
4,1,diff__tg10__dw_branch_hidden_pian_yin,0.0,0.0
4,1,diff__tg10__dw_branch_hidden_qi_sha,0.0,0.0
4,1,diff__tg10__dw_branch_hidden_shangguan,0.0,0.0
4,1,diff__tg10__dw_branch_hidden_shishen,0.0,0.0
4,1,diff__tg10__dw_branch_hidden_zheng_cai,0.0,0.0
4,1,diff__tg10__dw_branch_hidden_zheng_guan,0.0,0.0
4,1,diff__tg10__dw_branch_hidden_zheng_yin,0.0,0.0
4,1,diff__tg10__dw_stem_bijian,0.0,0.0
4,1,diff__tg10__dw_stem_jiecai,0.0,0.0
4,1,diff__tg10__dw_stem_pian_cai,0.0,0.0
4,1,diff__tg10__dw_stem_pian_yin,0.0,0.0
4,1,diff__tg10__dw_stem_qi_sha,0.0,0.0
4,1,diff__tg10__dw_stem_shangguan,0.0,0.0
4,1,diff__tg10__dw_stem_shishen,0.0,0.0
4,1,diff__tg10__dw_stem_zheng_cai,0.0,0.0
4,1,diff__tg10__dw_stem_zheng_guan,0.0,0.0
4,1,diff__tg10__dw_stem_zheng_yin,0.0,0.0
4,1,diff__tg10__sw_branch_hidden_bijian,0.0,0.0
4,1,diff__tg10__sw_branch_hidden_jiecai,0.0,0.0
4,1,diff__tg10__sw_branch_hidden_pian_cai,0.0,0.0
4,1,diff__tg10__sw_branch_hidden_pian_yin,0.0,0.0
4,1,diff__tg10__sw_branch_hidden_qi_sha,0.0,0.0
4,1,diff__tg10__sw_branch_hidden_shangguan,0.0,0.0
4,1,diff__tg10__sw_branch_hidden_shishen,0.0,0.0
4,1,diff__tg10__sw_branch_hidden_zheng_cai,0.0,0.0
4,1,diff__tg10__sw_branch_hidden_zheng_guan,0.0,0.0
4,1,diff__tg10__sw_branch_hidden_zheng_yin,0.0,0.0
4,1,diff__tg10__sw_stem_bijian,0.0,0.0
4,1,diff__tg10__sw_stem_jiecai,0.0,0.0
4,1,diff__tg10__sw_stem_pian_cai,0.0,0.0
4,1,diff__tg10__sw_stem_pian_yin,0.0,0.0
4,1,diff__tg10__sw_stem_qi_sha,0.0,0.0
4,1,diff__tg10__sw_stem_shangguan,0.0,0.0
4,1,diff__tg10__sw_stem_shishen,0.0,0.0
4,1,diff__tg10__sw_stem_zheng_cai,0.0,0.0
4,1,diff__tg10__sw_stem_zheng_guan,0.0,0.0
4,1,diff__tg10__sw_stem_zheng_yin,0.0,0.0
4,1,diff__tgxstrength__dw_bijian_neutral,0.0,0.0
4,1,diff__tgxstrength__dw_bijian_strong,0.0,0.0
4,1,diff__tgxstrength__dw_bijian_weak,0.0,0.0
4,1,diff__tgxstrength__dw_jiecai_neutral,0.0,0.0
4,1,diff__tgxstrength__dw_jiecai_strong,0.0,0.0
4,1,diff__tgxstrength__dw_jiecai_weak,0.0,0.0
4,1,diff__tgxstrength__dw_pian_cai_neutral,0.0,0.0
4,1,diff__tgxstrength__dw_pian_cai_strong,0.0,0.0
4,1,diff__tgxstrength__dw_pian_cai_weak,0.0,0.0
4,1,diff__tgxstrength__dw_pian_yin_neutral,0.0,0.0
4,1,diff__tgxstrength__dw_pian_yin_strong,0.0,0.0
4,1,diff__tgxstrength__dw_pian_yin_weak,0.0,0.0
4,1,diff__tgxstrength__dw_qi_sha_neutral,0.0,0.0
4,1,diff__tgxstrength__dw_qi_sha_strong,0.0,0.0
4,1,diff__tgxstrength__dw_qi_sha_weak,0.0,0.0
4,1,diff__tgxstrength__dw_shangguan_neutral,0.0,0.0
4,1,diff__tgxstrength__dw_shangguan_strong,0.0,0.0
4,1,diff__tgxstrength__dw_shangguan_weak,0.0,0.0
4,1,diff__tgxstrength__dw_shishen_neutral,0.0,0.0
4,1,diff__tgxstrength__dw_shishen_strong,0.0,0.0
4,1,diff__tgxstrength__dw_shishen_weak,0.0,0.0
4,1,diff__tgxstrength__dw_zheng_cai_neutral,0.0,0.0
4,1,diff__tgxstrength__dw_zheng_cai_strong,0.0,0.0
4,1,diff__tgxstrength__dw_zheng_cai_weak,0.0,0.0
4,1,diff__tgxstrength__dw_zheng_guan_neutral,0.0,0.0
4,1,diff__tgxstrength__dw_zheng_guan_strong,0.0,0.0
4,1,diff__tgxstrength__dw_zheng_guan_weak,0.0,0.0
4,1,diff__tgxstrength__dw_zheng_yin_neutral,0.0,0.0
4,1,diff__tgxstrength__dw_zheng_yin_strong,0.0,0.0
4,1,diff__tgxstrength__dw_zheng_yin_weak,0.0,0.0
4,1,diff__tgxstrength__sw_bijian_neutral,0.0,0.0
4,1,diff__tgxstrength__sw_bijian_strong,0.0,0.0
4,1,diff__tgxstrength__sw_bijian_weak,0.0,0.0
4,1,diff__tgxstrength__sw_jiecai_neutral,0.0,0.0
4,1,diff__tgxstrength__sw_jiecai_strong,0.0,0.0
4,1,diff__tgxstrength__sw_jiecai_weak,0.0,0.0
4,1,diff__tgxstrength__sw_pian_cai_neutral,0.0,0.0
4,1,diff__tgxstrength__sw_pian_cai_strong,0.0,0.0
4,1,diff__tgxstrength__sw_pian_cai_weak,0.0,0.0
4,1,diff__tgxstrength__sw_pian_yin_neutral,0.0,0.0
4,1,diff__tgxstrength__sw_pian_yin_strong,0.0,0.0
4,1,diff__tgxstrength__sw_pian_yin_weak,0.0,0.0
4,1,diff__tgxstrength__sw_qi_sha_neutral,0.0,0.0
4,1,diff__tgxstrength__sw_qi_sha_strong,0.0,0.0
4,1,diff__tgxstrength__sw_qi_sha_weak,0.0,0.0
4,1,diff__tgxstrength__sw_shangguan_neutral,0.0,0.0
4,1,diff__tgxstrength__sw_shangguan_strong,0.0,0.0
4,1,diff__tgxstrength__sw_shangguan_weak,0.0,0.0
4,1,diff__tgxstrength__sw_shishen_neutral,0.0,0.0
4,1,diff__tgxstrength__sw_shishen_strong,0.0,0.0
4,1,diff__tgxstrength__sw_shishen_weak,0.0,0.0
4,1,diff__tgxstrength__sw_zheng_cai_neutral,0.0,0.0
4,1,diff__tgxstrength__sw_zheng_cai_strong,0.0,0.0
4,1,diff__tgxstrength__sw_zheng_cai_weak,0.0,0.0
4,1,diff__tgxstrength__sw_zheng_guan_neutral,0.0,0.0
4,1,diff__tgxstrength__sw_zheng_guan_strong,0.0,0.0
4,1,diff__tgxstrength__sw_zheng_guan_weak,0.0,0.0
4,1,diff__tgxstrength__sw_zheng_yin_neutral,0.0,0.0
4,1,diff__tgxstrength__sw_zheng_yin_strong,0.0,0.0
4,1,diff__tgxstrength__sw_zheng_yin_weak,0.0,0.0
4,1,diff__unseong__dw_raw_score,0.0,0.0
4,1,diff__unseong__dw_score_x_strength,0.0,0.0
4,1,diff__unseong__dw_state_건록,0.0,0.0
4,1,diff__unseong__dw_state_관대,0.0,0.0
4,1,diff__unseong__dw_state_목욕,0.0,0.0
4,1,diff__unseong__dw_state_묘,0.0,0.0
4,1,diff__unseong__dw_state_병,0.0,0.0
4,1,diff__unseong__dw_state_사,0.0,0.0
4,1,diff__unseong__dw_state_쇠,0.0,0.0
4,1,diff__unseong__dw_state_양,0.0,0.0
4,1,diff__unseong__dw_state_장생,0.0,0.0
4,1,diff__unseong__dw_state_절,0.0,0.0
4,1,diff__unseong__dw_state_제왕,0.0,0.0
4,1,diff__unseong__dw_state_태,0.0,0.0
4,1,diff__unseong__sw_raw_score,0.0,0.0
4,1,diff__unseong__sw_score_x_strength,0.0,0.0
4,1,diff__unseong__sw_state_건록,0.0,0.0
4,1,diff__unseong__sw_state_관대,0.0,0.0
4,1,diff__unseong__sw_state_목욕,0.0,0.0
4,1,diff__unseong__sw_state_묘,0.0,0.0
4,1,diff__unseong__sw_state_병,0.0,0.0
4,1,diff__unseong__sw_state_사,0.0,0.0
4,1,diff__unseong__sw_state_쇠,0.0,0.0
4,1,diff__unseong__sw_state_양,0.0,0.0
4,1,diff__unseong__sw_state_장생,0.0,0.0
4,1,diff__unseong__sw_state_절,0.0,0.0
4,1,diff__unseong__sw_state_제왕,0.0,0.0
4,1,diff__unseong__sw_state_태,0.0,0.0
4,1,diff__yongshin__dw_gi_fit,0.0,0.0
4,1,diff__yongshin__dw_gu_fit,0.0,0.0
4,1,diff__yongshin__dw_hee_fit,0.0,0.0
4,1,diff__yongshin__dw_supplies_fav,0.0,0.0
4,1,diff__yongshin__dw_supplies_unfav,0.0,0.0
4,1,diff__yongshin__dw_yong_branch_fit,0.0,0.0
4,1,diff__yongshin__dw_yong_fit,0.0,0.0
4,1,diff__yongshin__dw_yong_stem_fit,0.0,0.0
4,1,diff__yongshin__sw_gi_fit,0.0,0.0
4,1,diff__yongshin__sw_gu_fit,0.0,0.0
4,1,diff__yongshin__sw_hee_fit,0.0,0.0
4,1,diff__yongshin__sw_supplies_fav,0.0,0.0
4,1,diff__yongshin__sw_supplies_unfav,0.0,0.0
4,1,diff__yongshin__sw_yong_branch_fit,0.0,0.0
4,1,diff__yongshin__sw_yong_fit,0.0,0.0
4,1,diff__yongshin__sw_yong_stem_fit,0.0,0.0
4,2,diff__basic__daymaster_element_earth,0.0,0.0
4,2,diff__basic__daymaster_element_fire,0.0,0.0
4,2,diff__basic__daymaster_element_metal,0.0,0.0
4,2,diff__basic__daymaster_element_water,0.0,0.0
4,2,diff__basic__daymaster_element_wood,0.0,0.0
4,2,diff__basic__daymaster_stem_丁,0.0,0.0
4,2,diff__basic__daymaster_stem_丙,0.0,0.0
4,2,diff__basic__daymaster_stem_乙,0.0,0.0
4,2,diff__basic__daymaster_stem_壬,0.0,0.0
4,2,diff__basic__daymaster_stem_己,0.0,0.0
4,2,diff__basic__daymaster_stem_庚,0.0,0.0
4,2,diff__basic__daymaster_stem_戊,0.0,0.0
4,2,diff__basic__daymaster_stem_甲,0.0,0.0
4,2,diff__basic__daymaster_stem_癸,0.0,0.0
4,2,diff__basic__daymaster_stem_辛,0.0,0.0
4,2,diff__basic__dw_branch_丑,0.0,0.0
4,2,diff__basic__dw_branch_亥,0.0,0.0
4,2,diff__basic__dw_branch_午,0.0,0.0
4,2,diff__basic__dw_branch_卯,0.0,0.0
4,2,diff__basic__dw_branch_子,0.0,0.0
4,2,diff__basic__dw_branch_寅,0.0,0.0
4,2,diff__basic__dw_branch_巳,0.0,0.0
4,2,diff__basic__dw_branch_戌,0.0,0.0
4,2,diff__basic__dw_branch_未,0.0,0.0
4,2,diff__basic__dw_branch_申,0.0,0.0
4,2,diff__basic__dw_branch_辰,0.0,0.0
4,2,diff__basic__dw_branch_酉,0.0,0.0
4,2,diff__basic__dw_element_earth,0.0,0.0
4,2,diff__basic__dw_element_fire,0.0,0.0
4,2,diff__basic__dw_element_metal,0.0,0.0
4,2,diff__basic__dw_element_water,0.0,0.0
4,2,diff__basic__dw_element_wood,0.0,0.0
4,2,diff__basic__dw_stem_丁,0.0,0.0
4,2,diff__basic__dw_stem_丙,0.0,0.0
4,2,diff__basic__dw_stem_乙,0.0,0.0
4,2,diff__basic__dw_stem_壬,0.0,0.0
4,2,diff__basic__dw_stem_己,0.0,0.0
4,2,diff__basic__dw_stem_庚,0.0,0.0
4,2,diff__basic__dw_stem_戊,0.0,0.0
4,2,diff__basic__dw_stem_甲,0.0,0.0
4,2,diff__basic__dw_stem_癸,0.0,0.0
4,2,diff__basic__dw_stem_辛,0.0,0.0
4,2,diff__basic__dw_yy_yang,0.0,0.0
4,2,diff__basic__dw_yy_yin,0.0,0.0
4,2,diff__basic__natal_day_branch_丑,0.0,0.0
4,2,diff__basic__natal_day_branch_亥,0.0,0.0
4,2,diff__basic__natal_day_branch_午,0.0,0.0
4,2,diff__basic__natal_day_branch_卯,0.0,0.0
4,2,diff__basic__natal_day_branch_子,0.0,0.0
4,2,diff__basic__natal_day_branch_寅,0.0,0.0
4,2,diff__basic__natal_day_branch_巳,0.0,0.0
4,2,diff__basic__natal_day_branch_戌,0.0,0.0
4,2,diff__basic__natal_day_branch_未,0.0,0.0
4,2,diff__basic__natal_day_branch_申,0.0,0.0
4,2,diff__basic__natal_day_branch_辰,0.0,0.0
4,2,diff__basic__natal_day_branch_酉,0.0,0.0
4,2,diff__basic__natal_day_stem_丁,0.0,0.0
4,2,diff__basic__natal_day_stem_丙,0.0,0.0
4,2,diff__basic__natal_day_stem_乙,0.0,0.0
4,2,diff__basic__natal_day_stem_壬,0.0,0.0
4,2,diff__basic__natal_day_stem_己,0.0,0.0
4,2,diff__basic__natal_day_stem_庚,0.0,0.0
4,2,diff__basic__natal_day_stem_戊,0.0,0.0
4,2,diff__basic__natal_day_stem_甲,0.0,0.0
4,2,diff__basic__natal_day_stem_癸,0.0,0.0
4,2,diff__basic__natal_day_stem_辛,0.0,0.0
4,2,diff__basic__natal_element_count_earth,0.0,0.0
4,2,diff__basic__natal_element_count_fire,0.0,0.0
4,2,diff__basic__natal_element_count_metal,0.0,0.0
4,2,diff__basic__natal_element_count_water,0.0,0.0
4,2,diff__basic__natal_element_count_wood,0.0,0.0
4,2,diff__basic__natal_hour_branch_丑,0.0,0.0
4,2,diff__basic__natal_hour_branch_亥,0.0,0.0
4,2,diff__basic__natal_hour_branch_午,0.0,0.0
4,2,diff__basic__natal_hour_branch_卯,0.0,0.0
4,2,diff__basic__natal_hour_branch_子,0.0,0.0
4,2,diff__basic__natal_hour_branch_寅,0.0,0.0
4,2,diff__basic__natal_hour_branch_巳,0.0,0.0
4,2,diff__basic__natal_hour_branch_戌,0.0,0.0
4,2,diff__basic__natal_hour_branch_未,0.0,0.0
4,2,diff__basic__natal_hour_branch_申,0.0,0.0
4,2,diff__basic__natal_hour_branch_辰,0.0,0.0
4,2,diff__basic__natal_hour_branch_酉,0.0,0.0
4,2,diff__basic__natal_hour_stem_丁,0.0,0.0
4,2,diff__basic__natal_hour_stem_丙,0.0,0.0
4,2,diff__basic__natal_hour_stem_乙,0.0,0.0
4,2,diff__basic__natal_hour_stem_壬,0.0,0.0
4,2,diff__basic__natal_hour_stem_己,0.0,0.0
4,2,diff__basic__natal_hour_stem_庚,0.0,0.0
4,2,diff__basic__natal_hour_stem_戊,0.0,0.0
4,2,diff__basic__natal_hour_stem_甲,0.0,0.0
4,2,diff__basic__natal_hour_stem_癸,0.0,0.0
4,2,diff__basic__natal_hour_stem_辛,0.0,0.0
4,2,diff__basic__natal_month_branch_丑,0.0,0.0
4,2,diff__basic__natal_month_branch_亥,0.0,0.0
4,2,diff__basic__natal_month_branch_午,0.0,0.0
4,2,diff__basic__natal_month_branch_卯,0.0,0.0
4,2,diff__basic__natal_month_branch_子,0.0,0.0
4,2,diff__basic__natal_month_branch_寅,0.0,0.0
4,2,diff__basic__natal_month_branch_巳,0.0,0.0
4,2,diff__basic__natal_month_branch_戌,0.0,0.0
4,2,diff__basic__natal_month_branch_未,0.0,0.0
4,2,diff__basic__natal_month_branch_申,0.0,0.0
4,2,diff__basic__natal_month_branch_辰,0.0,0.0
4,2,diff__basic__natal_month_branch_酉,0.0,0.0
4,2,diff__basic__natal_month_stem_丁,0.0,0.0
4,2,diff__basic__natal_month_stem_丙,0.0,0.0
4,2,diff__basic__natal_month_stem_乙,0.0,0.0
4,2,diff__basic__natal_month_stem_壬,0.0,0.0
4,2,diff__basic__natal_month_stem_己,0.0,0.0
4,2,diff__basic__natal_month_stem_庚,0.0,0.0
4,2,diff__basic__natal_month_stem_戊,0.0,0.0
4,2,diff__basic__natal_month_stem_甲,0.0,0.0
4,2,diff__basic__natal_month_stem_癸,0.0,0.0
4,2,diff__basic__natal_month_stem_辛,0.0,0.0
4,2,diff__basic__natal_year_branch_丑,0.0,0.0
4,2,diff__basic__natal_year_branch_亥,0.0,0.0
4,2,diff__basic__natal_year_branch_午,0.0,0.0
4,2,diff__basic__natal_year_branch_卯,0.0,0.0
4,2,diff__basic__natal_year_branch_子,0.0,0.0
4,2,diff__basic__natal_year_branch_寅,0.0,0.0
4,2,diff__basic__natal_year_branch_巳,0.0,0.0
4,2,diff__basic__natal_year_branch_戌,0.0,0.0
4,2,diff__basic__natal_year_branch_未,0.0,0.0
4,2,diff__basic__natal_year_branch_申,0.0,0.0
4,2,diff__basic__natal_year_branch_辰,0.0,0.0
4,2,diff__basic__natal_year_branch_酉,0.0,0.0
4,2,diff__basic__natal_year_stem_丁,0.0,0.0
4,2,diff__basic__natal_year_stem_丙,0.0,0.0
4,2,diff__basic__natal_year_stem_乙,0.0,0.0
4,2,diff__basic__natal_year_stem_壬,0.0,0.0
4,2,diff__basic__natal_year_stem_己,0.0,0.0
4,2,diff__basic__natal_year_stem_庚,0.0,0.0
4,2,diff__basic__natal_year_stem_戊,0.0,0.0
4,2,diff__basic__natal_year_stem_甲,0.0,0.0
4,2,diff__basic__natal_year_stem_癸,0.0,0.0
4,2,diff__basic__natal_year_stem_辛,0.0,0.0
4,2,diff__basic__sw_branch_丑,0.0,0.0
4,2,diff__basic__sw_branch_亥,0.0,0.0
4,2,diff__basic__sw_branch_午,0.0,0.0
4,2,diff__basic__sw_branch_卯,0.0,0.0
4,2,diff__basic__sw_branch_子,0.0,0.0
4,2,diff__basic__sw_branch_寅,0.0,0.0
4,2,diff__basic__sw_branch_巳,0.0,0.0
4,2,diff__basic__sw_branch_戌,0.0,0.0
4,2,diff__basic__sw_branch_未,0.0,0.0
4,2,diff__basic__sw_branch_申,0.0,0.0
4,2,diff__basic__sw_branch_辰,0.0,0.0
4,2,diff__basic__sw_branch_酉,0.0,0.0
4,2,diff__basic__sw_element_earth,0.0,0.0
4,2,diff__basic__sw_element_fire,0.0,0.0
4,2,diff__basic__sw_element_metal,0.0,0.0
4,2,diff__basic__sw_element_water,0.0,0.0
4,2,diff__basic__sw_element_wood,0.0,0.0
4,2,diff__basic__sw_stem_丁,0.0,0.0
4,2,diff__basic__sw_stem_丙,0.0,0.0
4,2,diff__basic__sw_stem_乙,0.0,0.0
4,2,diff__basic__sw_stem_壬,0.0,0.0
4,2,diff__basic__sw_stem_己,0.0,0.0
4,2,diff__basic__sw_stem_庚,0.0,0.0
4,2,diff__basic__sw_stem_戊,0.0,0.0
4,2,diff__basic__sw_stem_甲,0.0,0.0
4,2,diff__basic__sw_stem_癸,0.0,0.0
4,2,diff__basic__sw_stem_辛,0.0,0.0
4,2,diff__basic__sw_yy_yang,0.0,0.0
4,2,diff__basic__sw_yy_yin,0.0,0.0
4,2,diff__engine__strength_극약,0.0,0.0
4,2,diff__engine__strength_극왕,0.0,0.0
4,2,diff__engine__strength_신강,0.0,0.0
4,2,diff__engine__strength_신약,0.0,0.0
4,2,diff__engine__strength_중화신강,0.0,0.0
4,2,diff__engine__strength_중화신약,0.0,0.0
4,2,diff__engine__strength_태강,0.0,0.0
4,2,diff__engine__strength_태약,0.0,0.0
4,2,diff__hidden__natal_element_count_earth,0.0,0.0
4,2,diff__hidden__natal_element_count_fire,0.0,0.0
4,2,diff__hidden__natal_element_count_metal,0.0,0.0
4,2,diff__hidden__natal_element_count_water,0.0,0.0
4,2,diff__hidden__natal_element_count_wood,0.0,0.0
4,2,diff__hidden__natal_tg_count_officer,0.0,0.0
4,2,diff__hidden__natal_tg_count_output,0.0,0.0
4,2,diff__hidden__natal_tg_count_peer,0.0,0.0
4,2,diff__hidden__natal_tg_count_resource,0.0,0.0
4,2,diff__hidden__natal_tg_count_wealth,0.0,0.0
4,2,diff__relation__dw_branch_break_natal,0.0,0.0
4,2,diff__relation__dw_branch_clash_natal,0.0,0.0
4,2,diff__relation__dw_branch_combine_natal,0.0,0.0
4,2,diff__relation__dw_branch_harm_natal,0.0,0.0
4,2,diff__relation__dw_branch_punish_natal,0.0,0.0
4,2,diff__relation__dw_stem_clash_natal,0.0,0.0
4,2,diff__relation__dw_stem_combine_natal,0.0,0.0
4,2,diff__relation__sw_branch_break_natal,0.0,0.0
4,2,diff__relation__sw_branch_clash_natal,0.0,0.0
4,2,diff__relation__sw_branch_combine_natal,0.0,0.0
4,2,diff__relation__sw_branch_harm_natal,0.0,0.0
4,2,diff__relation__sw_branch_punish_natal,0.0,0.0
4,2,diff__relation__sw_dw_branch_break,0.0,0.0
4,2,diff__relation__sw_dw_branch_clash,0.0,0.0
4,2,diff__relation__sw_dw_branch_combine,0.0,0.0
4,2,diff__relation__sw_dw_branch_harm,0.0,0.0
4,2,diff__relation__sw_dw_branch_punish,0.0,0.0
4,2,diff__relation__sw_dw_stem_clash,0.0,0.0
4,2,diff__relation__sw_dw_stem_combine,0.0,0.0
4,2,diff__relation__sw_stem_clash_natal,0.0,0.0
4,2,diff__relation__sw_stem_combine_natal,0.0,0.0
4,2,diff__shinsal__dw_breakdown_scalar,0.0,0.0
4,2,diff__shinsal__dw_gongmang_is_gongmang,0.0,0.0
4,2,diff__shinsal__dw_gongmang_rel,0.0,0.0
4,2,diff__shinsal__dw_gongmang_trine,0.0,0.0
4,2,diff__shinsal__dw_gongmang_unseong,0.0,0.0
4,2,diff__shinsal__dw_gongmang_yfit_branch,0.0,0.0
4,2,diff__shinsal__dw_indicators_귀인력,0.0,0.0
4,2,diff__shinsal__dw_noble_power,0.0,0.0
4,2,diff__shinsal__dw_신살_길신__count,0.0,0.0
4,2,diff__shinsal__dw_신살_길신__록신_,0.0,0.0
4,2,diff__shinsal__dw_신살_길신__문창귀인_,0.0,0.0
4,2,diff__shinsal__dw_신살_길신__반안_,0.0,0.0
4,2,diff__shinsal__dw_신살_길신__장성_,0.0,0.0
4,2,diff__shinsal__dw_신살_길신__천을귀인_,0.0,0.0
4,2,diff__shinsal__dw_신살_길신__천희_,0.0,0.0
4,2,diff__shinsal__dw_신살_길신__홍란_,0.0,0.0
4,2,diff__shinsal__dw_신살_길신__화개_,0.0,0.0
4,2,diff__shinsal__dw_신살_흉살__count,0.0,0.0
4,2,diff__shinsal__dw_신살_흉살__겁살_,0.0,0.0
4,2,diff__shinsal__dw_신살_흉살__고진_,0.0,0.0
4,2,diff__shinsal__dw_신살_흉살__과숙_,0.0,0.0
4,2,diff__shinsal__dw_신살_흉살__도화_,0.0,0.0
4,2,diff__shinsal__dw_신살_흉살__망신_,0.0,0.0
4,2,diff__shinsal__dw_신살_흉살__양인_,0.0,0.0
4,2,diff__shinsal__dw_신살_흉살__역마_,0.0,0.0
4,2,diff__shinsal__sw_indicators_귀인력,0.0,0.0
4,2,diff__shinsal__sw_세운_신살_길신__count,0.0,0.0
4,2,diff__shinsal__sw_세운_신살_길신__록신_,0.0,0.0
4,2,diff__shinsal__sw_세운_신살_길신__문창귀인_,1.0,-0.010846159014772773
4,2,diff__shinsal__sw_세운_신살_길신__반안_,0.0,0.0
4,2,diff__shinsal__sw_세운_신살_길신__장성_,0.0,0.0
4,2,diff__shinsal__sw_세운_신살_길신__천을귀인_,0.0,0.0
4,2,diff__shinsal__sw_세운_신살_길신__천희_,0.0,0.0
4,2,diff__shinsal__sw_세운_신살_길신__홍란_,0.0,0.0
4,2,diff__shinsal__sw_세운_신살_길신__화개_,0.0,0.0
4,2,diff__shinsal__sw_세운_신살_흉살__count,0.0,0.0
4,2,diff__shinsal__sw_세운_신살_흉살__겁살_,0.0,0.0
4,2,diff__shinsal__sw_세운_신살_흉살__고진_,0.0,0.0
4,2,diff__shinsal__sw_세운_신살_흉살__과숙_,0.0,0.0
4,2,diff__shinsal__sw_세운_신살_흉살__도화_,0.0,0.0
4,2,diff__shinsal__sw_세운_신살_흉살__망신_,0.0,0.0
4,2,diff__shinsal__sw_세운_신살_흉살__양인_,0.0,0.0
4,2,diff__shinsal__sw_세운_신살_흉살__역마_,0.0,0.0
4,2,diff__tengod__dw_group_officer,0.0,0.0
4,2,diff__tengod__dw_group_output,0.0,0.0
4,2,diff__tengod__dw_group_peer,0.0,0.0
4,2,diff__tengod__dw_group_resource,0.0,0.0
4,2,diff__tengod__dw_group_wealth,0.0,0.0
4,2,diff__tengod__sw_group_officer,0.0,0.0
4,2,diff__tengod__sw_group_output,0.0,0.0
4,2,diff__tengod__sw_group_peer,0.0,0.0
4,2,diff__tengod__sw_group_resource,0.0,0.0
4,2,diff__tengod__sw_group_wealth,0.0,0.0
4,2,diff__tg10__dw_branch_hidden_bijian,0.0,0.0
4,2,diff__tg10__dw_branch_hidden_jiecai,0.0,0.0
4,2,diff__tg10__dw_branch_hidden_pian_cai,0.0,0.0
4,2,diff__tg10__dw_branch_hidden_pian_yin,0.0,0.0
4,2,diff__tg10__dw_branch_hidden_qi_sha,0.0,0.0
4,2,diff__tg10__dw_branch_hidden_shangguan,0.0,0.0
4,2,diff__tg10__dw_branch_hidden_shishen,0.0,0.0
4,2,diff__tg10__dw_branch_hidden_zheng_cai,0.0,0.0
4,2,diff__tg10__dw_branch_hidden_zheng_guan,0.0,0.0
4,2,diff__tg10__dw_branch_hidden_zheng_yin,0.0,0.0
4,2,diff__tg10__dw_stem_bijian,0.0,0.0
4,2,diff__tg10__dw_stem_jiecai,0.0,0.0
4,2,diff__tg10__dw_stem_pian_cai,0.0,0.0
4,2,diff__tg10__dw_stem_pian_yin,0.0,0.0
4,2,diff__tg10__dw_stem_qi_sha,0.0,0.0
4,2,diff__tg10__dw_stem_shangguan,0.0,0.0
4,2,diff__tg10__dw_stem_shishen,0.0,0.0
4,2,diff__tg10__dw_stem_zheng_cai,0.0,0.0
4,2,diff__tg10__dw_stem_zheng_guan,0.0,0.0
4,2,diff__tg10__dw_stem_zheng_yin,0.0,0.0
4,2,diff__tg10__sw_branch_hidden_bijian,0.0,0.0
4,2,diff__tg10__sw_branch_hidden_jiecai,0.0,0.0
4,2,diff__tg10__sw_branch_hidden_pian_cai,0.0,0.0
4,2,diff__tg10__sw_branch_hidden_pian_yin,0.0,0.0
4,2,diff__tg10__sw_branch_hidden_qi_sha,0.0,0.0
4,2,diff__tg10__sw_branch_hidden_shangguan,0.0,0.0
4,2,diff__tg10__sw_branch_hidden_shishen,0.0,0.0
4,2,diff__tg10__sw_branch_hidden_zheng_cai,0.0,0.0
4,2,diff__tg10__sw_branch_hidden_zheng_guan,0.0,0.0
4,2,diff__tg10__sw_branch_hidden_zheng_yin,0.0,0.0
4,2,diff__tg10__sw_stem_bijian,0.0,0.0
4,2,diff__tg10__sw_stem_jiecai,0.0,0.0
4,2,diff__tg10__sw_stem_pian_cai,0.0,0.0
4,2,diff__tg10__sw_stem_pian_yin,0.0,0.0
4,2,diff__tg10__sw_stem_qi_sha,0.0,0.0
4,2,diff__tg10__sw_stem_shangguan,0.0,0.0
4,2,diff__tg10__sw_stem_shishen,0.0,0.0
4,2,diff__tg10__sw_stem_zheng_cai,0.0,0.0
4,2,diff__tg10__sw_stem_zheng_guan,0.0,0.0
4,2,diff__tg10__sw_stem_zheng_yin,0.0,0.0
4,2,diff__tgxstrength__dw_bijian_neutral,0.0,0.0
4,2,diff__tgxstrength__dw_bijian_strong,0.0,0.0
4,2,diff__tgxstrength__dw_bijian_weak,0.0,0.0
4,2,diff__tgxstrength__dw_jiecai_neutral,0.0,0.0
4,2,diff__tgxstrength__dw_jiecai_strong,0.0,0.0
4,2,diff__tgxstrength__dw_jiecai_weak,0.0,0.0
4,2,diff__tgxstrength__dw_pian_cai_neutral,0.0,0.0
4,2,diff__tgxstrength__dw_pian_cai_strong,0.0,0.0
4,2,diff__tgxstrength__dw_pian_cai_weak,0.0,0.0
4,2,diff__tgxstrength__dw_pian_yin_neutral,0.0,0.0
4,2,diff__tgxstrength__dw_pian_yin_strong,0.0,0.0
4,2,diff__tgxstrength__dw_pian_yin_weak,0.0,0.0
4,2,diff__tgxstrength__dw_qi_sha_neutral,0.0,0.0
4,2,diff__tgxstrength__dw_qi_sha_strong,0.0,0.0
4,2,diff__tgxstrength__dw_qi_sha_weak,0.0,0.0
4,2,diff__tgxstrength__dw_shangguan_neutral,0.0,0.0
4,2,diff__tgxstrength__dw_shangguan_strong,0.0,0.0
4,2,diff__tgxstrength__dw_shangguan_weak,0.0,0.0
4,2,diff__tgxstrength__dw_shishen_neutral,0.0,0.0
4,2,diff__tgxstrength__dw_shishen_strong,0.0,0.0
4,2,diff__tgxstrength__dw_shishen_weak,0.0,0.0
4,2,diff__tgxstrength__dw_zheng_cai_neutral,0.0,0.0
4,2,diff__tgxstrength__dw_zheng_cai_strong,0.0,0.0
4,2,diff__tgxstrength__dw_zheng_cai_weak,0.0,0.0
4,2,diff__tgxstrength__dw_zheng_guan_neutral,0.0,0.0
4,2,diff__tgxstrength__dw_zheng_guan_strong,0.0,0.0
4,2,diff__tgxstrength__dw_zheng_guan_weak,0.0,0.0
4,2,diff__tgxstrength__dw_zheng_yin_neutral,0.0,0.0
4,2,diff__tgxstrength__dw_zheng_yin_strong,0.0,0.0
4,2,diff__tgxstrength__dw_zheng_yin_weak,0.0,0.0
4,2,diff__tgxstrength__sw_bijian_neutral,0.0,0.0
4,2,diff__tgxstrength__sw_bijian_strong,0.0,0.0
4,2,diff__tgxstrength__sw_bijian_weak,0.0,0.0
4,2,diff__tgxstrength__sw_jiecai_neutral,0.0,0.0
4,2,diff__tgxstrength__sw_jiecai_strong,0.0,0.0
4,2,diff__tgxstrength__sw_jiecai_weak,0.0,0.0
4,2,diff__tgxstrength__sw_pian_cai_neutral,0.0,0.0
4,2,diff__tgxstrength__sw_pian_cai_strong,0.0,0.0
4,2,diff__tgxstrength__sw_pian_cai_weak,0.0,0.0
4,2,diff__tgxstrength__sw_pian_yin_neutral,0.0,0.0
4,2,diff__tgxstrength__sw_pian_yin_strong,0.0,0.0
4,2,diff__tgxstrength__sw_pian_yin_weak,0.0,0.0
4,2,diff__tgxstrength__sw_qi_sha_neutral,0.0,0.0
4,2,diff__tgxstrength__sw_qi_sha_strong,0.0,0.0
4,2,diff__tgxstrength__sw_qi_sha_weak,0.0,0.0
4,2,diff__tgxstrength__sw_shangguan_neutral,0.0,0.0
4,2,diff__tgxstrength__sw_shangguan_strong,0.0,0.0
4,2,diff__tgxstrength__sw_shangguan_weak,0.0,0.0
4,2,diff__tgxstrength__sw_shishen_neutral,0.0,0.0
4,2,diff__tgxstrength__sw_shishen_strong,0.0,0.0
4,2,diff__tgxstrength__sw_shishen_weak,0.0,0.0
4,2,diff__tgxstrength__sw_zheng_cai_neutral,0.0,0.0
4,2,diff__tgxstrength__sw_zheng_cai_strong,0.0,0.0
4,2,diff__tgxstrength__sw_zheng_cai_weak,0.0,0.0
4,2,diff__tgxstrength__sw_zheng_guan_neutral,0.0,0.0
4,2,diff__tgxstrength__sw_zheng_guan_strong,0.0,0.0
4,2,diff__tgxstrength__sw_zheng_guan_weak,0.0,0.0
4,2,diff__tgxstrength__sw_zheng_yin_neutral,0.0,0.0
4,2,diff__tgxstrength__sw_zheng_yin_strong,0.0,0.0
4,2,diff__tgxstrength__sw_zheng_yin_weak,0.0,0.0
4,2,diff__unseong__dw_raw_score,0.0,0.0
4,2,diff__unseong__dw_score_x_strength,0.0,0.0
4,2,diff__unseong__dw_state_건록,0.0,0.0
4,2,diff__unseong__dw_state_관대,0.0,0.0
4,2,diff__unseong__dw_state_목욕,0.0,0.0
4,2,diff__unseong__dw_state_묘,0.0,0.0
4,2,diff__unseong__dw_state_병,0.0,0.0
4,2,diff__unseong__dw_state_사,0.0,0.0
4,2,diff__unseong__dw_state_쇠,0.0,0.0
4,2,diff__unseong__dw_state_양,0.0,0.0
4,2,diff__unseong__dw_state_장생,0.0,0.0
4,2,diff__unseong__dw_state_절,0.0,0.0
4,2,diff__unseong__dw_state_제왕,0.0,0.0
4,2,diff__unseong__dw_state_태,0.0,0.0
4,2,diff__unseong__sw_raw_score,0.0,0.0
4,2,diff__unseong__sw_score_x_strength,0.0,0.0
4,2,diff__unseong__sw_state_건록,0.0,0.0
4,2,diff__unseong__sw_state_관대,0.0,0.0
4,2,diff__unseong__sw_state_목욕,0.0,0.0
4,2,diff__unseong__sw_state_묘,0.0,0.0
4,2,diff__unseong__sw_state_병,0.0,0.0
4,2,diff__unseong__sw_state_사,0.0,0.0
4,2,diff__unseong__sw_state_쇠,0.0,0.0
4,2,diff__unseong__sw_state_양,0.0,0.0
4,2,diff__unseong__sw_state_장생,0.0,0.0
4,2,diff__unseong__sw_state_절,0.0,0.0
4,2,diff__unseong__sw_state_제왕,0.0,0.0
4,2,diff__unseong__sw_state_태,0.0,0.0
4,2,diff__yongshin__dw_gi_fit,0.0,0.0
4,2,diff__yongshin__dw_gu_fit,0.0,0.0
4,2,diff__yongshin__dw_hee_fit,0.0,0.0
4,2,diff__yongshin__dw_supplies_fav,0.0,0.0
4,2,diff__yongshin__dw_supplies_unfav,0.0,0.0
4,2,diff__yongshin__dw_yong_branch_fit,0.0,0.0
4,2,diff__yongshin__dw_yong_fit,0.0,0.0
4,2,diff__yongshin__dw_yong_stem_fit,0.0,0.0
4,2,diff__yongshin__sw_gi_fit,0.0,0.0
4,2,diff__yongshin__sw_gu_fit,0.0,0.0
4,2,diff__yongshin__sw_hee_fit,0.0,0.0
4,2,diff__yongshin__sw_supplies_fav,0.0,0.0
4,2,diff__yongshin__sw_supplies_unfav,0.0,0.0
4,2,diff__yongshin__sw_yong_branch_fit,0.0,0.0
4,2,diff__yongshin__sw_yong_fit,0.0,0.0
4,2,diff__yongshin__sw_yong_stem_fit,0.0,0.0
4,3,diff__basic__daymaster_element_earth,0.0,0.0
4,3,diff__basic__daymaster_element_fire,0.0,0.0
4,3,diff__basic__daymaster_element_metal,0.0,0.0
4,3,diff__basic__daymaster_element_water,0.0,0.0
4,3,diff__basic__daymaster_element_wood,0.0,0.0
4,3,diff__basic__daymaster_stem_丁,0.0,0.0
4,3,diff__basic__daymaster_stem_丙,0.0,0.0
4,3,diff__basic__daymaster_stem_乙,0.0,0.0
4,3,diff__basic__daymaster_stem_壬,0.0,0.0
4,3,diff__basic__daymaster_stem_己,0.0,0.0
4,3,diff__basic__daymaster_stem_庚,0.0,0.0
4,3,diff__basic__daymaster_stem_戊,0.0,0.0
4,3,diff__basic__daymaster_stem_甲,0.0,0.0
4,3,diff__basic__daymaster_stem_癸,0.0,0.0
4,3,diff__basic__daymaster_stem_辛,0.0,0.0
4,3,diff__basic__dw_branch_丑,0.0,0.0
4,3,diff__basic__dw_branch_亥,0.0,0.0
4,3,diff__basic__dw_branch_午,0.0,0.0
4,3,diff__basic__dw_branch_卯,0.0,0.0
4,3,diff__basic__dw_branch_子,0.0,0.0
4,3,diff__basic__dw_branch_寅,0.0,0.0
4,3,diff__basic__dw_branch_巳,0.0,0.0
4,3,diff__basic__dw_branch_戌,0.0,0.0
4,3,diff__basic__dw_branch_未,0.0,0.0
4,3,diff__basic__dw_branch_申,0.0,0.0
4,3,diff__basic__dw_branch_辰,0.0,0.0
4,3,diff__basic__dw_branch_酉,0.0,0.0
4,3,diff__basic__dw_element_earth,0.0,0.0
4,3,diff__basic__dw_element_fire,0.0,0.0
4,3,diff__basic__dw_element_metal,0.0,0.0
4,3,diff__basic__dw_element_water,0.0,0.0
4,3,diff__basic__dw_element_wood,0.0,0.0
4,3,diff__basic__dw_stem_丁,0.0,0.0
4,3,diff__basic__dw_stem_丙,0.0,0.0
4,3,diff__basic__dw_stem_乙,0.0,0.0
4,3,diff__basic__dw_stem_壬,0.0,0.0
4,3,diff__basic__dw_stem_己,0.0,0.0
4,3,diff__basic__dw_stem_庚,0.0,0.0
4,3,diff__basic__dw_stem_戊,0.0,0.0
4,3,diff__basic__dw_stem_甲,0.0,0.0
4,3,diff__basic__dw_stem_癸,0.0,0.0
4,3,diff__basic__dw_stem_辛,0.0,0.0
4,3,diff__basic__dw_yy_yang,0.0,0.0
4,3,diff__basic__dw_yy_yin,0.0,0.0
4,3,diff__basic__natal_day_branch_丑,0.0,0.0
4,3,diff__basic__natal_day_branch_亥,0.0,0.0
4,3,diff__basic__natal_day_branch_午,0.0,0.0
4,3,diff__basic__natal_day_branch_卯,0.0,0.0
4,3,diff__basic__natal_day_branch_子,0.0,0.0
4,3,diff__basic__natal_day_branch_寅,0.0,0.0
4,3,diff__basic__natal_day_branch_巳,0.0,0.0
4,3,diff__basic__natal_day_branch_戌,0.0,0.0
4,3,diff__basic__natal_day_branch_未,0.0,0.0
4,3,diff__basic__natal_day_branch_申,0.0,0.0
4,3,diff__basic__natal_day_branch_辰,0.0,0.0
4,3,diff__basic__natal_day_branch_酉,0.0,0.0
4,3,diff__basic__natal_day_stem_丁,0.0,0.0
4,3,diff__basic__natal_day_stem_丙,0.0,0.0
4,3,diff__basic__natal_day_stem_乙,0.0,0.0
4,3,diff__basic__natal_day_stem_壬,0.0,0.0
4,3,diff__basic__natal_day_stem_己,0.0,0.0
4,3,diff__basic__natal_day_stem_庚,0.0,0.0
4,3,diff__basic__natal_day_stem_戊,0.0,0.0
4,3,diff__basic__natal_day_stem_甲,0.0,0.0
4,3,diff__basic__natal_day_stem_癸,0.0,0.0
4,3,diff__basic__natal_day_stem_辛,0.0,0.0
4,3,diff__basic__natal_element_count_earth,0.0,0.0
4,3,diff__basic__natal_element_count_fire,0.0,0.0
4,3,diff__basic__natal_element_count_metal,0.0,0.0
4,3,diff__basic__natal_element_count_water,0.0,0.0
4,3,diff__basic__natal_element_count_wood,0.0,0.0
4,3,diff__basic__natal_hour_branch_丑,0.0,0.0
4,3,diff__basic__natal_hour_branch_亥,0.0,0.0
4,3,diff__basic__natal_hour_branch_午,0.0,0.0
4,3,diff__basic__natal_hour_branch_卯,0.0,0.0
4,3,diff__basic__natal_hour_branch_子,0.0,0.0
4,3,diff__basic__natal_hour_branch_寅,0.0,0.0
4,3,diff__basic__natal_hour_branch_巳,0.0,0.0
4,3,diff__basic__natal_hour_branch_戌,0.0,0.0
4,3,diff__basic__natal_hour_branch_未,0.0,0.0
4,3,diff__basic__natal_hour_branch_申,0.0,0.0
4,3,diff__basic__natal_hour_branch_辰,0.0,0.0
4,3,diff__basic__natal_hour_branch_酉,0.0,0.0
4,3,diff__basic__natal_hour_stem_丁,0.0,0.0
4,3,diff__basic__natal_hour_stem_丙,0.0,0.0
4,3,diff__basic__natal_hour_stem_乙,0.0,0.0
4,3,diff__basic__natal_hour_stem_壬,0.0,0.0
4,3,diff__basic__natal_hour_stem_己,0.0,0.0
4,3,diff__basic__natal_hour_stem_庚,0.0,0.0
4,3,diff__basic__natal_hour_stem_戊,0.0,0.0
4,3,diff__basic__natal_hour_stem_甲,0.0,0.0
4,3,diff__basic__natal_hour_stem_癸,0.0,0.0
4,3,diff__basic__natal_hour_stem_辛,0.0,0.0
4,3,diff__basic__natal_month_branch_丑,0.0,0.0
4,3,diff__basic__natal_month_branch_亥,0.0,0.0
4,3,diff__basic__natal_month_branch_午,0.0,0.0
4,3,diff__basic__natal_month_branch_卯,0.0,0.0
4,3,diff__basic__natal_month_branch_子,0.0,0.0
4,3,diff__basic__natal_month_branch_寅,0.0,0.0
4,3,diff__basic__natal_month_branch_巳,0.0,0.0
4,3,diff__basic__natal_month_branch_戌,0.0,0.0
4,3,diff__basic__natal_month_branch_未,0.0,0.0
4,3,diff__basic__natal_month_branch_申,0.0,0.0
4,3,diff__basic__natal_month_branch_辰,0.0,0.0
4,3,diff__basic__natal_month_branch_酉,0.0,0.0
4,3,diff__basic__natal_month_stem_丁,0.0,0.0
4,3,diff__basic__natal_month_stem_丙,0.0,0.0
4,3,diff__basic__natal_month_stem_乙,0.0,0.0
4,3,diff__basic__natal_month_stem_壬,0.0,0.0
4,3,diff__basic__natal_month_stem_己,0.0,0.0
4,3,diff__basic__natal_month_stem_庚,0.0,0.0
4,3,diff__basic__natal_month_stem_戊,0.0,0.0
4,3,diff__basic__natal_month_stem_甲,0.0,0.0
4,3,diff__basic__natal_month_stem_癸,0.0,0.0
4,3,diff__basic__natal_month_stem_辛,0.0,0.0
4,3,diff__basic__natal_year_branch_丑,0.0,0.0
4,3,diff__basic__natal_year_branch_亥,0.0,0.0
4,3,diff__basic__natal_year_branch_午,0.0,0.0
4,3,diff__basic__natal_year_branch_卯,0.0,0.0
4,3,diff__basic__natal_year_branch_子,0.0,0.0
4,3,diff__basic__natal_year_branch_寅,0.0,0.0
4,3,diff__basic__natal_year_branch_巳,0.0,0.0
4,3,diff__basic__natal_year_branch_戌,0.0,0.0
4,3,diff__basic__natal_year_branch_未,0.0,0.0
4,3,diff__basic__natal_year_branch_申,0.0,0.0
4,3,diff__basic__natal_year_branch_辰,0.0,0.0
4,3,diff__basic__natal_year_branch_酉,0.0,0.0
4,3,diff__basic__natal_year_stem_丁,0.0,0.0
4,3,diff__basic__natal_year_stem_丙,0.0,0.0
4,3,diff__basic__natal_year_stem_乙,0.0,0.0
4,3,diff__basic__natal_year_stem_壬,0.0,0.0
4,3,diff__basic__natal_year_stem_己,0.0,0.0
4,3,diff__basic__natal_year_stem_庚,0.0,0.0
4,3,diff__basic__natal_year_stem_戊,0.0,0.0
4,3,diff__basic__natal_year_stem_甲,0.0,0.0
4,3,diff__basic__natal_year_stem_癸,0.0,0.0
4,3,diff__basic__natal_year_stem_辛,0.0,0.0
4,3,diff__basic__sw_branch_丑,0.0,0.0
4,3,diff__basic__sw_branch_亥,0.0,0.0
4,3,diff__basic__sw_branch_午,0.0,0.0
4,3,diff__basic__sw_branch_卯,0.0,0.0
4,3,diff__basic__sw_branch_子,0.0,0.0
4,3,diff__basic__sw_branch_寅,0.0,0.0
4,3,diff__basic__sw_branch_巳,0.0,0.0
4,3,diff__basic__sw_branch_戌,0.0,0.0
4,3,diff__basic__sw_branch_未,0.0,0.0
4,3,diff__basic__sw_branch_申,0.0,0.0
4,3,diff__basic__sw_branch_辰,0.0,0.0
4,3,diff__basic__sw_branch_酉,0.0,0.0
4,3,diff__basic__sw_element_earth,0.0,0.0
4,3,diff__basic__sw_element_fire,0.0,0.0
4,3,diff__basic__sw_element_metal,0.0,0.0
4,3,diff__basic__sw_element_water,0.0,0.0
4,3,diff__basic__sw_element_wood,0.0,0.0
4,3,diff__basic__sw_stem_丁,0.0,0.0
4,3,diff__basic__sw_stem_丙,0.0,0.0
4,3,diff__basic__sw_stem_乙,0.0,0.0
4,3,diff__basic__sw_stem_壬,0.0,0.0
4,3,diff__basic__sw_stem_己,0.0,0.0
4,3,diff__basic__sw_stem_庚,0.0,0.0
4,3,diff__basic__sw_stem_戊,0.0,0.0
4,3,diff__basic__sw_stem_甲,0.0,0.0
4,3,diff__basic__sw_stem_癸,0.0,0.0
4,3,diff__basic__sw_stem_辛,0.0,0.0
4,3,diff__basic__sw_yy_yang,0.0,0.0
4,3,diff__basic__sw_yy_yin,0.0,0.0
4,3,diff__engine__strength_극약,0.0,0.0
4,3,diff__engine__strength_극왕,0.0,0.0
4,3,diff__engine__strength_신강,0.0,0.0
4,3,diff__engine__strength_신약,0.0,0.0
4,3,diff__engine__strength_중화신강,0.0,0.0
4,3,diff__engine__strength_중화신약,0.0,0.0
4,3,diff__engine__strength_태강,0.0,0.0
4,3,diff__engine__strength_태약,0.0,0.0
4,3,diff__hidden__natal_element_count_earth,0.0,0.0
4,3,diff__hidden__natal_element_count_fire,0.0,0.0
4,3,diff__hidden__natal_element_count_metal,0.0,0.0
4,3,diff__hidden__natal_element_count_water,0.0,0.0
4,3,diff__hidden__natal_element_count_wood,0.0,0.0
4,3,diff__hidden__natal_tg_count_officer,0.0,0.0
4,3,diff__hidden__natal_tg_count_output,0.0,0.0
4,3,diff__hidden__natal_tg_count_peer,0.0,0.0
4,3,diff__hidden__natal_tg_count_resource,0.0,0.0
4,3,diff__hidden__natal_tg_count_wealth,0.0,0.0
4,3,diff__relation__dw_branch_break_natal,0.0,0.0
4,3,diff__relation__dw_branch_clash_natal,0.0,0.0
4,3,diff__relation__dw_branch_combine_natal,0.0,0.0
4,3,diff__relation__dw_branch_harm_natal,0.0,0.0
4,3,diff__relation__dw_branch_punish_natal,0.0,0.0
4,3,diff__relation__dw_stem_clash_natal,0.0,0.0
4,3,diff__relation__dw_stem_combine_natal,0.0,0.0
4,3,diff__relation__sw_branch_break_natal,0.0,0.0
4,3,diff__relation__sw_branch_clash_natal,0.0,0.0
4,3,diff__relation__sw_branch_combine_natal,0.0,0.0
4,3,diff__relation__sw_branch_harm_natal,0.0,0.0
4,3,diff__relation__sw_branch_punish_natal,0.0,0.0
4,3,diff__relation__sw_dw_branch_break,0.0,0.0
4,3,diff__relation__sw_dw_branch_clash,0.0,0.0
4,3,diff__relation__sw_dw_branch_combine,0.0,0.0
4,3,diff__relation__sw_dw_branch_harm,0.0,0.0
4,3,diff__relation__sw_dw_branch_punish,0.0,0.0
4,3,diff__relation__sw_dw_stem_clash,0.0,0.0
4,3,diff__relation__sw_dw_stem_combine,0.0,0.0
4,3,diff__relation__sw_stem_clash_natal,0.0,0.0
4,3,diff__relation__sw_stem_combine_natal,0.0,0.0
4,3,diff__shinsal__dw_breakdown_scalar,0.0,0.0
4,3,diff__shinsal__dw_gongmang_is_gongmang,0.0,0.0
4,3,diff__shinsal__dw_gongmang_rel,0.0,0.0
4,3,diff__shinsal__dw_gongmang_trine,0.0,0.0
4,3,diff__shinsal__dw_gongmang_unseong,0.0,0.0
4,3,diff__shinsal__dw_gongmang_yfit_branch,0.0,0.0
4,3,diff__shinsal__dw_indicators_귀인력,0.0,0.0
4,3,diff__shinsal__dw_noble_power,0.0,0.0
4,3,diff__shinsal__dw_신살_길신__count,0.0,0.0
4,3,diff__shinsal__dw_신살_길신__록신_,0.0,0.0
4,3,diff__shinsal__dw_신살_길신__문창귀인_,0.0,0.0
4,3,diff__shinsal__dw_신살_길신__반안_,0.0,0.0
4,3,diff__shinsal__dw_신살_길신__장성_,0.0,0.0
4,3,diff__shinsal__dw_신살_길신__천을귀인_,0.0,0.0
4,3,diff__shinsal__dw_신살_길신__천희_,0.0,0.0
4,3,diff__shinsal__dw_신살_길신__홍란_,0.0,0.0
4,3,diff__shinsal__dw_신살_길신__화개_,0.0,0.0
4,3,diff__shinsal__dw_신살_흉살__count,0.0,0.0
4,3,diff__shinsal__dw_신살_흉살__겁살_,0.0,0.0
4,3,diff__shinsal__dw_신살_흉살__고진_,0.0,0.0
4,3,diff__shinsal__dw_신살_흉살__과숙_,0.0,0.0
4,3,diff__shinsal__dw_신살_흉살__도화_,0.0,0.0
4,3,diff__shinsal__dw_신살_흉살__망신_,0.0,0.0
4,3,diff__shinsal__dw_신살_흉살__양인_,0.0,0.0
4,3,diff__shinsal__dw_신살_흉살__역마_,0.0,0.0
4,3,diff__shinsal__sw_indicators_귀인력,0.0,0.0
4,3,diff__shinsal__sw_세운_신살_길신__count,0.0,0.0
4,3,diff__shinsal__sw_세운_신살_길신__록신_,0.0,0.0
4,3,diff__shinsal__sw_세운_신살_길신__문창귀인_,0.0,0.0
4,3,diff__shinsal__sw_세운_신살_길신__반안_,0.0,0.0
4,3,diff__shinsal__sw_세운_신살_길신__장성_,0.0,0.0
4,3,diff__shinsal__sw_세운_신살_길신__천을귀인_,0.0,0.0
4,3,diff__shinsal__sw_세운_신살_길신__천희_,0.0,0.0
4,3,diff__shinsal__sw_세운_신살_길신__홍란_,0.0,0.0
4,3,diff__shinsal__sw_세운_신살_길신__화개_,0.0,0.0
4,3,diff__shinsal__sw_세운_신살_흉살__count,0.0,0.0
4,3,diff__shinsal__sw_세운_신살_흉살__겁살_,0.0,0.0
4,3,diff__shinsal__sw_세운_신살_흉살__고진_,0.0,0.0
4,3,diff__shinsal__sw_세운_신살_흉살__과숙_,0.0,0.0
4,3,diff__shinsal__sw_세운_신살_흉살__도화_,0.0,0.0
4,3,diff__shinsal__sw_세운_신살_흉살__망신_,0.0,0.0
4,3,diff__shinsal__sw_세운_신살_흉살__양인_,0.0,0.0
4,3,diff__shinsal__sw_세운_신살_흉살__역마_,0.0,0.0
4,3,diff__tengod__dw_group_officer,0.0,0.0
4,3,diff__tengod__dw_group_output,0.0,0.0
4,3,diff__tengod__dw_group_peer,0.0,0.0
4,3,diff__tengod__dw_group_resource,0.0,0.0
4,3,diff__tengod__dw_group_wealth,0.0,0.0
4,3,diff__tengod__sw_group_officer,0.0,0.0
4,3,diff__tengod__sw_group_output,0.0,0.0
4,3,diff__tengod__sw_group_peer,0.0,0.0
4,3,diff__tengod__sw_group_resource,0.0,0.0
4,3,diff__tengod__sw_group_wealth,0.0,0.0
4,3,diff__tg10__dw_branch_hidden_bijian,0.0,0.0
4,3,diff__tg10__dw_branch_hidden_jiecai,0.0,0.0
4,3,diff__tg10__dw_branch_hidden_pian_cai,0.0,0.0
4,3,diff__tg10__dw_branch_hidden_pian_yin,0.0,0.0
4,3,diff__tg10__dw_branch_hidden_qi_sha,0.0,0.0
4,3,diff__tg10__dw_branch_hidden_shangguan,0.0,0.0
4,3,diff__tg10__dw_branch_hidden_shishen,0.0,0.0
4,3,diff__tg10__dw_branch_hidden_zheng_cai,0.0,0.0
4,3,diff__tg10__dw_branch_hidden_zheng_guan,0.0,0.0
4,3,diff__tg10__dw_branch_hidden_zheng_yin,0.0,0.0
4,3,diff__tg10__dw_stem_bijian,0.0,0.0
4,3,diff__tg10__dw_stem_jiecai,0.0,0.0
4,3,diff__tg10__dw_stem_pian_cai,0.0,0.0
4,3,diff__tg10__dw_stem_pian_yin,0.0,0.0
4,3,diff__tg10__dw_stem_qi_sha,0.0,0.0
4,3,diff__tg10__dw_stem_shangguan,0.0,0.0
4,3,diff__tg10__dw_stem_shishen,0.0,0.0
4,3,diff__tg10__dw_stem_zheng_cai,0.0,0.0
4,3,diff__tg10__dw_stem_zheng_guan,0.0,0.0
4,3,diff__tg10__dw_stem_zheng_yin,0.0,0.0
4,3,diff__tg10__sw_branch_hidden_bijian,0.0,0.0
4,3,diff__tg10__sw_branch_hidden_jiecai,0.0,0.0
4,3,diff__tg10__sw_branch_hidden_pian_cai,0.0,0.0
4,3,diff__tg10__sw_branch_hidden_pian_yin,0.0,0.0
4,3,diff__tg10__sw_branch_hidden_qi_sha,0.0,0.0
4,3,diff__tg10__sw_branch_hidden_shangguan,0.0,0.0
4,3,diff__tg10__sw_branch_hidden_shishen,0.0,0.0
4,3,diff__tg10__sw_branch_hidden_zheng_cai,0.0,0.0
4,3,diff__tg10__sw_branch_hidden_zheng_guan,0.0,0.0
4,3,diff__tg10__sw_branch_hidden_zheng_yin,0.0,0.0
4,3,diff__tg10__sw_stem_bijian,0.0,0.0
4,3,diff__tg10__sw_stem_jiecai,0.0,0.0
4,3,diff__tg10__sw_stem_pian_cai,0.0,0.0
4,3,diff__tg10__sw_stem_pian_yin,0.0,0.0
4,3,diff__tg10__sw_stem_qi_sha,0.0,0.0
4,3,diff__tg10__sw_stem_shangguan,0.0,0.0
4,3,diff__tg10__sw_stem_shishen,0.0,0.0
4,3,diff__tg10__sw_stem_zheng_cai,0.0,0.0
4,3,diff__tg10__sw_stem_zheng_guan,0.0,0.0
4,3,diff__tg10__sw_stem_zheng_yin,0.0,0.0
4,3,diff__tgxstrength__dw_bijian_neutral,0.0,0.0
4,3,diff__tgxstrength__dw_bijian_strong,0.0,0.0
4,3,diff__tgxstrength__dw_bijian_weak,0.0,0.0
4,3,diff__tgxstrength__dw_jiecai_neutral,0.0,0.0
4,3,diff__tgxstrength__dw_jiecai_strong,0.0,0.0
4,3,diff__tgxstrength__dw_jiecai_weak,0.0,0.0
4,3,diff__tgxstrength__dw_pian_cai_neutral,0.0,0.0
4,3,diff__tgxstrength__dw_pian_cai_strong,0.0,0.0
4,3,diff__tgxstrength__dw_pian_cai_weak,0.0,0.0
4,3,diff__tgxstrength__dw_pian_yin_neutral,0.0,0.0
4,3,diff__tgxstrength__dw_pian_yin_strong,0.0,0.0
4,3,diff__tgxstrength__dw_pian_yin_weak,0.0,0.0
4,3,diff__tgxstrength__dw_qi_sha_neutral,0.0,0.0
4,3,diff__tgxstrength__dw_qi_sha_strong,0.0,0.0
4,3,diff__tgxstrength__dw_qi_sha_weak,0.0,0.0
4,3,diff__tgxstrength__dw_shangguan_neutral,0.0,0.0
4,3,diff__tgxstrength__dw_shangguan_strong,0.0,0.0
4,3,diff__tgxstrength__dw_shangguan_weak,0.0,0.0
4,3,diff__tgxstrength__dw_shishen_neutral,0.0,0.0
4,3,diff__tgxstrength__dw_shishen_strong,0.0,0.0
4,3,diff__tgxstrength__dw_shishen_weak,0.0,0.0
4,3,diff__tgxstrength__dw_zheng_cai_neutral,0.0,0.0
4,3,diff__tgxstrength__dw_zheng_cai_strong,0.0,0.0
4,3,diff__tgxstrength__dw_zheng_cai_weak,0.0,0.0
4,3,diff__tgxstrength__dw_zheng_guan_neutral,0.0,0.0
4,3,diff__tgxstrength__dw_zheng_guan_strong,0.0,0.0
4,3,diff__tgxstrength__dw_zheng_guan_weak,0.0,0.0
4,3,diff__tgxstrength__dw_zheng_yin_neutral,0.0,0.0
4,3,diff__tgxstrength__dw_zheng_yin_strong,0.0,0.0
4,3,diff__tgxstrength__dw_zheng_yin_weak,0.0,0.0
4,3,diff__tgxstrength__sw_bijian_neutral,0.0,0.0
4,3,diff__tgxstrength__sw_bijian_strong,0.0,0.0
4,3,diff__tgxstrength__sw_bijian_weak,0.0,0.0
4,3,diff__tgxstrength__sw_jiecai_neutral,0.0,0.0
4,3,diff__tgxstrength__sw_jiecai_strong,0.0,0.0
4,3,diff__tgxstrength__sw_jiecai_weak,0.0,0.0
4,3,diff__tgxstrength__sw_pian_cai_neutral,0.0,0.0
4,3,diff__tgxstrength__sw_pian_cai_strong,0.0,0.0
4,3,diff__tgxstrength__sw_pian_cai_weak,0.0,0.0
4,3,diff__tgxstrength__sw_pian_yin_neutral,0.0,0.0
4,3,diff__tgxstrength__sw_pian_yin_strong,0.0,0.0
4,3,diff__tgxstrength__sw_pian_yin_weak,0.0,0.0
4,3,diff__tgxstrength__sw_qi_sha_neutral,0.0,0.0
4,3,diff__tgxstrength__sw_qi_sha_strong,0.0,0.0
4,3,diff__tgxstrength__sw_qi_sha_weak,0.0,0.0
4,3,diff__tgxstrength__sw_shangguan_neutral,0.0,0.0
4,3,diff__tgxstrength__sw_shangguan_strong,0.0,0.0
4,3,diff__tgxstrength__sw_shangguan_weak,0.0,0.0
4,3,diff__tgxstrength__sw_shishen_neutral,0.0,0.0
4,3,diff__tgxstrength__sw_shishen_strong,0.0,0.0
4,3,diff__tgxstrength__sw_shishen_weak,0.0,0.0
4,3,diff__tgxstrength__sw_zheng_cai_neutral,0.0,0.0
4,3,diff__tgxstrength__sw_zheng_cai_strong,0.0,0.0
4,3,diff__tgxstrength__sw_zheng_cai_weak,0.0,0.0
4,3,diff__tgxstrength__sw_zheng_guan_neutral,0.0,0.0
4,3,diff__tgxstrength__sw_zheng_guan_strong,0.0,0.0
4,3,diff__tgxstrength__sw_zheng_guan_weak,0.0,0.0
4,3,diff__tgxstrength__sw_zheng_yin_neutral,0.0,0.0
4,3,diff__tgxstrength__sw_zheng_yin_strong,0.0,0.0
4,3,diff__tgxstrength__sw_zheng_yin_weak,0.0,0.0
4,3,diff__unseong__dw_raw_score,0.0,0.0
4,3,diff__unseong__dw_score_x_strength,0.0,0.0
4,3,diff__unseong__dw_state_건록,0.0,0.0
4,3,diff__unseong__dw_state_관대,0.0,0.0
4,3,diff__unseong__dw_state_목욕,0.0,0.0
4,3,diff__unseong__dw_state_묘,0.0,0.0
4,3,diff__unseong__dw_state_병,0.0,0.0
4,3,diff__unseong__dw_state_사,0.0,0.0
4,3,diff__unseong__dw_state_쇠,0.0,0.0
4,3,diff__unseong__dw_state_양,0.0,0.0
4,3,diff__unseong__dw_state_장생,0.0,0.0
4,3,diff__unseong__dw_state_절,0.0,0.0
4,3,diff__unseong__dw_state_제왕,0.0,0.0
4,3,diff__unseong__dw_state_태,0.0,0.0
4,3,diff__unseong__sw_raw_score,0.0,0.0
4,3,diff__unseong__sw_score_x_strength,0.0,0.0
4,3,diff__unseong__sw_state_건록,0.0,0.0
4,3,diff__unseong__sw_state_관대,0.0,0.0
4,3,diff__unseong__sw_state_목욕,0.0,0.0
4,3,diff__unseong__sw_state_묘,0.0,0.0
4,3,diff__unseong__sw_state_병,0.0,0.0
4,3,diff__unseong__sw_state_사,0.0,0.0
4,3,diff__unseong__sw_state_쇠,0.0,0.0
4,3,diff__unseong__sw_state_양,0.0,0.0
4,3,diff__unseong__sw_state_장생,0.0,0.0
4,3,diff__unseong__sw_state_절,0.0,0.0
4,3,diff__unseong__sw_state_제왕,0.0,0.0
4,3,diff__unseong__sw_state_태,0.0,0.0
4,3,diff__yongshin__dw_gi_fit,0.0,0.0
4,3,diff__yongshin__dw_gu_fit,0.0,0.0
4,3,diff__yongshin__dw_hee_fit,0.0,0.0
4,3,diff__yongshin__dw_supplies_fav,0.0,0.0
4,3,diff__yongshin__dw_supplies_unfav,0.0,0.0
4,3,diff__yongshin__dw_yong_branch_fit,0.0,0.0
4,3,diff__yongshin__dw_yong_fit,0.0,0.0
4,3,diff__yongshin__dw_yong_stem_fit,0.0,0.0
4,3,diff__yongshin__sw_gi_fit,0.0,0.0
4,3,diff__yongshin__sw_gu_fit,0.0,0.0
4,3,diff__yongshin__sw_hee_fit,0.0,0.0
4,3,diff__yongshin__sw_supplies_fav,0.0,0.0
4,3,diff__yongshin__sw_supplies_unfav,0.0,0.0
4,3,diff__yongshin__sw_yong_branch_fit,0.0,0.0
4,3,diff__yongshin__sw_yong_fit,0.0,0.0
4,3,diff__yongshin__sw_yong_stem_fit,0.0,0.0
4,4,diff__basic__daymaster_element_earth,0.0,0.0
4,4,diff__basic__daymaster_element_fire,0.0,0.0
4,4,diff__basic__daymaster_element_metal,0.0,0.0
4,4,diff__basic__daymaster_element_water,0.0,0.0
4,4,diff__basic__daymaster_element_wood,0.0,0.0
4,4,diff__basic__daymaster_stem_丁,0.0,0.0
4,4,diff__basic__daymaster_stem_丙,0.0,0.0
4,4,diff__basic__daymaster_stem_乙,0.0,0.0
4,4,diff__basic__daymaster_stem_壬,0.0,0.0
4,4,diff__basic__daymaster_stem_己,0.0,0.0
4,4,diff__basic__daymaster_stem_庚,0.0,0.0
4,4,diff__basic__daymaster_stem_戊,0.0,0.0
4,4,diff__basic__daymaster_stem_甲,0.0,0.0
4,4,diff__basic__daymaster_stem_癸,0.0,0.0
4,4,diff__basic__daymaster_stem_辛,0.0,0.0
4,4,diff__basic__dw_branch_丑,0.0,0.0
4,4,diff__basic__dw_branch_亥,0.0,0.0
4,4,diff__basic__dw_branch_午,0.0,0.0
4,4,diff__basic__dw_branch_卯,0.0,0.0
4,4,diff__basic__dw_branch_子,0.0,0.0
4,4,diff__basic__dw_branch_寅,0.0,0.0
4,4,diff__basic__dw_branch_巳,0.0,0.0
4,4,diff__basic__dw_branch_戌,0.0,0.0
4,4,diff__basic__dw_branch_未,0.0,0.0
4,4,diff__basic__dw_branch_申,0.0,0.0
4,4,diff__basic__dw_branch_辰,0.0,0.0
4,4,diff__basic__dw_branch_酉,0.0,0.0
4,4,diff__basic__dw_element_earth,0.0,0.0
4,4,diff__basic__dw_element_fire,0.0,0.0
4,4,diff__basic__dw_element_metal,0.0,0.0
4,4,diff__basic__dw_element_water,0.0,0.0
4,4,diff__basic__dw_element_wood,0.0,0.0
4,4,diff__basic__dw_stem_丁,0.0,0.0
4,4,diff__basic__dw_stem_丙,0.0,0.0
4,4,diff__basic__dw_stem_乙,0.0,0.0
4,4,diff__basic__dw_stem_壬,0.0,0.0
4,4,diff__basic__dw_stem_己,0.0,0.0
4,4,diff__basic__dw_stem_庚,0.0,0.0
4,4,diff__basic__dw_stem_戊,0.0,0.0
4,4,diff__basic__dw_stem_甲,0.0,0.0
4,4,diff__basic__dw_stem_癸,0.0,0.0
4,4,diff__basic__dw_stem_辛,0.0,0.0
4,4,diff__basic__dw_yy_yang,0.0,0.0
4,4,diff__basic__dw_yy_yin,0.0,0.0
4,4,diff__basic__natal_day_branch_丑,0.0,0.0
4,4,diff__basic__natal_day_branch_亥,0.0,0.0
4,4,diff__basic__natal_day_branch_午,0.0,0.0
4,4,diff__basic__natal_day_branch_卯,0.0,0.0
4,4,diff__basic__natal_day_branch_子,0.0,0.0
4,4,diff__basic__natal_day_branch_寅,0.0,0.0
4,4,diff__basic__natal_day_branch_巳,0.0,0.0
4,4,diff__basic__natal_day_branch_戌,0.0,0.0
4,4,diff__basic__natal_day_branch_未,0.0,0.0
4,4,diff__basic__natal_day_branch_申,0.0,0.0
4,4,diff__basic__natal_day_branch_辰,0.0,0.0
4,4,diff__basic__natal_day_branch_酉,0.0,0.0
4,4,diff__basic__natal_day_stem_丁,0.0,0.0
4,4,diff__basic__natal_day_stem_丙,0.0,0.0
4,4,diff__basic__natal_day_stem_乙,0.0,0.0
4,4,diff__basic__natal_day_stem_壬,0.0,0.0
4,4,diff__basic__natal_day_stem_己,0.0,0.0
4,4,diff__basic__natal_day_stem_庚,0.0,0.0
4,4,diff__basic__natal_day_stem_戊,0.0,0.0
4,4,diff__basic__natal_day_stem_甲,0.0,0.0
4,4,diff__basic__natal_day_stem_癸,0.0,0.0
4,4,diff__basic__natal_day_stem_辛,0.0,0.0
4,4,diff__basic__natal_element_count_earth,0.0,0.0
4,4,diff__basic__natal_element_count_fire,0.0,0.0
4,4,diff__basic__natal_element_count_metal,0.0,0.0
4,4,diff__basic__natal_element_count_water,0.0,0.0
4,4,diff__basic__natal_element_count_wood,0.0,0.0
4,4,diff__basic__natal_hour_branch_丑,0.0,0.0
4,4,diff__basic__natal_hour_branch_亥,0.0,0.0
4,4,diff__basic__natal_hour_branch_午,0.0,0.0
4,4,diff__basic__natal_hour_branch_卯,0.0,0.0
4,4,diff__basic__natal_hour_branch_子,0.0,0.0
4,4,diff__basic__natal_hour_branch_寅,0.0,0.0
4,4,diff__basic__natal_hour_branch_巳,0.0,0.0
4,4,diff__basic__natal_hour_branch_戌,0.0,0.0
4,4,diff__basic__natal_hour_branch_未,0.0,0.0
4,4,diff__basic__natal_hour_branch_申,0.0,0.0
4,4,diff__basic__natal_hour_branch_辰,0.0,0.0
4,4,diff__basic__natal_hour_branch_酉,0.0,0.0
4,4,diff__basic__natal_hour_stem_丁,0.0,0.0
4,4,diff__basic__natal_hour_stem_丙,0.0,0.0
4,4,diff__basic__natal_hour_stem_乙,0.0,0.0
4,4,diff__basic__natal_hour_stem_壬,0.0,0.0
4,4,diff__basic__natal_hour_stem_己,0.0,0.0
4,4,diff__basic__natal_hour_stem_庚,0.0,0.0
4,4,diff__basic__natal_hour_stem_戊,0.0,0.0
4,4,diff__basic__natal_hour_stem_甲,0.0,0.0
4,4,diff__basic__natal_hour_stem_癸,0.0,0.0
4,4,diff__basic__natal_hour_stem_辛,0.0,0.0
4,4,diff__basic__natal_month_branch_丑,0.0,0.0
4,4,diff__basic__natal_month_branch_亥,0.0,0.0
4,4,diff__basic__natal_month_branch_午,0.0,0.0
4,4,diff__basic__natal_month_branch_卯,0.0,0.0
4,4,diff__basic__natal_month_branch_子,0.0,0.0
4,4,diff__basic__natal_month_branch_寅,0.0,0.0
4,4,diff__basic__natal_month_branch_巳,0.0,0.0
4,4,diff__basic__natal_month_branch_戌,0.0,0.0
4,4,diff__basic__natal_month_branch_未,0.0,0.0
4,4,diff__basic__natal_month_branch_申,0.0,0.0
4,4,diff__basic__natal_month_branch_辰,0.0,0.0
4,4,diff__basic__natal_month_branch_酉,0.0,0.0
4,4,diff__basic__natal_month_stem_丁,0.0,0.0
4,4,diff__basic__natal_month_stem_丙,0.0,0.0
4,4,diff__basic__natal_month_stem_乙,0.0,0.0
4,4,diff__basic__natal_month_stem_壬,0.0,0.0
4,4,diff__basic__natal_month_stem_己,0.0,0.0
4,4,diff__basic__natal_month_stem_庚,0.0,0.0
4,4,diff__basic__natal_month_stem_戊,0.0,0.0
4,4,diff__basic__natal_month_stem_甲,0.0,0.0
4,4,diff__basic__natal_month_stem_癸,0.0,0.0
4,4,diff__basic__natal_month_stem_辛,0.0,0.0
4,4,diff__basic__natal_year_branch_丑,0.0,0.0
4,4,diff__basic__natal_year_branch_亥,0.0,0.0
4,4,diff__basic__natal_year_branch_午,0.0,0.0
4,4,diff__basic__natal_year_branch_卯,0.0,0.0
4,4,diff__basic__natal_year_branch_子,0.0,0.0
4,4,diff__basic__natal_year_branch_寅,0.0,0.0
4,4,diff__basic__natal_year_branch_巳,0.0,0.0
4,4,diff__basic__natal_year_branch_戌,0.0,0.0
4,4,diff__basic__natal_year_branch_未,0.0,0.0
4,4,diff__basic__natal_year_branch_申,0.0,0.0
4,4,diff__basic__natal_year_branch_辰,0.0,0.0
4,4,diff__basic__natal_year_branch_酉,0.0,0.0
4,4,diff__basic__natal_year_stem_丁,0.0,0.0
4,4,diff__basic__natal_year_stem_丙,0.0,0.0
4,4,diff__basic__natal_year_stem_乙,0.0,0.0
4,4,diff__basic__natal_year_stem_壬,0.0,0.0
4,4,diff__basic__natal_year_stem_己,0.0,0.0
4,4,diff__basic__natal_year_stem_庚,0.0,0.0
4,4,diff__basic__natal_year_stem_戊,0.0,0.0
4,4,diff__basic__natal_year_stem_甲,0.0,0.0
4,4,diff__basic__natal_year_stem_癸,0.0,0.0
4,4,diff__basic__natal_year_stem_辛,0.0,0.0
4,4,diff__basic__sw_branch_丑,0.0,0.0
4,4,diff__basic__sw_branch_亥,0.0,0.0
4,4,diff__basic__sw_branch_午,0.0,0.0
4,4,diff__basic__sw_branch_卯,0.0,0.0
4,4,diff__basic__sw_branch_子,0.0,0.0
4,4,diff__basic__sw_branch_寅,0.0,0.0
4,4,diff__basic__sw_branch_巳,0.0,0.0
4,4,diff__basic__sw_branch_戌,0.0,0.0
4,4,diff__basic__sw_branch_未,0.0,0.0
4,4,diff__basic__sw_branch_申,0.0,0.0
4,4,diff__basic__sw_branch_辰,0.0,0.0
4,4,diff__basic__sw_branch_酉,0.0,0.0
4,4,diff__basic__sw_element_earth,0.0,0.0
4,4,diff__basic__sw_element_fire,0.0,0.0
4,4,diff__basic__sw_element_metal,0.0,0.0
4,4,diff__basic__sw_element_water,0.0,0.0
4,4,diff__basic__sw_element_wood,0.0,0.0
4,4,diff__basic__sw_stem_丁,0.0,0.0
4,4,diff__basic__sw_stem_丙,0.0,0.0
4,4,diff__basic__sw_stem_乙,0.0,0.0
4,4,diff__basic__sw_stem_壬,0.0,0.0
4,4,diff__basic__sw_stem_己,0.0,0.0
4,4,diff__basic__sw_stem_庚,0.0,0.0
4,4,diff__basic__sw_stem_戊,0.0,0.0
4,4,diff__basic__sw_stem_甲,0.0,0.0
4,4,diff__basic__sw_stem_癸,0.0,0.0
4,4,diff__basic__sw_stem_辛,0.0,0.0
4,4,diff__basic__sw_yy_yang,0.0,0.0
4,4,diff__basic__sw_yy_yin,0.0,0.0
4,4,diff__engine__strength_극약,0.0,0.0
4,4,diff__engine__strength_극왕,0.0,0.0
4,4,diff__engine__strength_신강,0.0,0.0
4,4,diff__engine__strength_신약,0.0,0.0
4,4,diff__engine__strength_중화신강,0.0,0.0
4,4,diff__engine__strength_중화신약,0.0,0.0
4,4,diff__engine__strength_태강,0.0,0.0
4,4,diff__engine__strength_태약,0.0,0.0
4,4,diff__hidden__natal_element_count_earth,0.0,0.0
4,4,diff__hidden__natal_element_count_fire,0.0,0.0
4,4,diff__hidden__natal_element_count_metal,0.0,0.0
4,4,diff__hidden__natal_element_count_water,0.0,0.0
4,4,diff__hidden__natal_element_count_wood,0.0,0.0
4,4,diff__hidden__natal_tg_count_officer,0.0,0.0
4,4,diff__hidden__natal_tg_count_output,0.0,0.0
4,4,diff__hidden__natal_tg_count_peer,0.0,0.0
4,4,diff__hidden__natal_tg_count_resource,0.0,0.0
4,4,diff__hidden__natal_tg_count_wealth,0.0,0.0
4,4,diff__relation__dw_branch_break_natal,0.0,0.0
4,4,diff__relation__dw_branch_clash_natal,0.0,0.0
4,4,diff__relation__dw_branch_combine_natal,0.0,0.0
4,4,diff__relation__dw_branch_harm_natal,0.0,0.0
4,4,diff__relation__dw_branch_punish_natal,0.0,0.0
4,4,diff__relation__dw_stem_clash_natal,0.0,0.0
4,4,diff__relation__dw_stem_combine_natal,0.0,0.0
4,4,diff__relation__sw_branch_break_natal,0.0,0.0
4,4,diff__relation__sw_branch_clash_natal,0.0,0.0
4,4,diff__relation__sw_branch_combine_natal,0.0,0.0
4,4,diff__relation__sw_branch_harm_natal,0.0,0.0
4,4,diff__relation__sw_branch_punish_natal,0.0,0.0
4,4,diff__relation__sw_dw_branch_break,0.0,0.0
4,4,diff__relation__sw_dw_branch_clash,0.0,0.0
4,4,diff__relation__sw_dw_branch_combine,0.0,0.0
4,4,diff__relation__sw_dw_branch_harm,0.0,0.0
4,4,diff__relation__sw_dw_branch_punish,0.0,0.0
4,4,diff__relation__sw_dw_stem_clash,0.0,0.0
4,4,diff__relation__sw_dw_stem_combine,0.0,0.0
4,4,diff__relation__sw_stem_clash_natal,0.0,0.0
4,4,diff__relation__sw_stem_combine_natal,0.0,0.0
4,4,diff__shinsal__dw_breakdown_scalar,0.0,0.0
4,4,diff__shinsal__dw_gongmang_is_gongmang,0.0,0.0
4,4,diff__shinsal__dw_gongmang_rel,0.0,0.0
4,4,diff__shinsal__dw_gongmang_trine,0.0,0.0
4,4,diff__shinsal__dw_gongmang_unseong,0.0,0.0
4,4,diff__shinsal__dw_gongmang_yfit_branch,0.0,0.0
4,4,diff__shinsal__dw_indicators_귀인력,0.0,0.0
4,4,diff__shinsal__dw_noble_power,0.0,0.0
4,4,diff__shinsal__dw_신살_길신__count,0.0,0.0
4,4,diff__shinsal__dw_신살_길신__록신_,0.0,0.0
4,4,diff__shinsal__dw_신살_길신__문창귀인_,0.0,0.0
4,4,diff__shinsal__dw_신살_길신__반안_,0.0,0.0
4,4,diff__shinsal__dw_신살_길신__장성_,0.0,0.0
4,4,diff__shinsal__dw_신살_길신__천을귀인_,0.0,0.0
4,4,diff__shinsal__dw_신살_길신__천희_,0.0,0.0
4,4,diff__shinsal__dw_신살_길신__홍란_,0.0,0.0
4,4,diff__shinsal__dw_신살_길신__화개_,0.0,0.0
4,4,diff__shinsal__dw_신살_흉살__count,0.0,0.0
4,4,diff__shinsal__dw_신살_흉살__겁살_,0.0,0.0
4,4,diff__shinsal__dw_신살_흉살__고진_,0.0,0.0
4,4,diff__shinsal__dw_신살_흉살__과숙_,0.0,0.0
4,4,diff__shinsal__dw_신살_흉살__도화_,0.0,0.0
4,4,diff__shinsal__dw_신살_흉살__망신_,0.0,0.0
4,4,diff__shinsal__dw_신살_흉살__양인_,0.0,0.0
4,4,diff__shinsal__dw_신살_흉살__역마_,0.0,0.0
4,4,diff__shinsal__sw_indicators_귀인력,0.0,0.0
4,4,diff__shinsal__sw_세운_신살_길신__count,0.0,0.0
4,4,diff__shinsal__sw_세운_신살_길신__록신_,0.0,0.0
4,4,diff__shinsal__sw_세운_신살_길신__문창귀인_,0.0,0.0
4,4,diff__shinsal__sw_세운_신살_길신__반안_,0.0,0.0
4,4,diff__shinsal__sw_세운_신살_길신__장성_,0.0,0.0
4,4,diff__shinsal__sw_세운_신살_길신__천을귀인_,0.0,0.0
4,4,diff__shinsal__sw_세운_신살_길신__천희_,0.0,0.0
4,4,diff__shinsal__sw_세운_신살_길신__홍란_,0.0,0.0
4,4,diff__shinsal__sw_세운_신살_길신__화개_,0.0,0.0
4,4,diff__shinsal__sw_세운_신살_흉살__count,0.0,0.0
4,4,diff__shinsal__sw_세운_신살_흉살__겁살_,0.0,0.0
4,4,diff__shinsal__sw_세운_신살_흉살__고진_,0.0,0.0
4,4,diff__shinsal__sw_세운_신살_흉살__과숙_,0.0,0.0
4,4,diff__shinsal__sw_세운_신살_흉살__도화_,0.0,0.0
4,4,diff__shinsal__sw_세운_신살_흉살__망신_,0.0,0.0
4,4,diff__shinsal__sw_세운_신살_흉살__양인_,0.0,0.0
4,4,diff__shinsal__sw_세운_신살_흉살__역마_,0.0,0.0
4,4,diff__tengod__dw_group_officer,0.0,0.0
4,4,diff__tengod__dw_group_output,0.0,0.0
4,4,diff__tengod__dw_group_peer,0.0,0.0
4,4,diff__tengod__dw_group_resource,0.0,0.0
4,4,diff__tengod__dw_group_wealth,0.0,0.0
4,4,diff__tengod__sw_group_officer,0.0,0.0
4,4,diff__tengod__sw_group_output,0.0,0.0
4,4,diff__tengod__sw_group_peer,0.0,0.0
4,4,diff__tengod__sw_group_resource,0.0,0.0
4,4,diff__tengod__sw_group_wealth,0.0,0.0
4,4,diff__tg10__dw_branch_hidden_bijian,0.0,0.0
4,4,diff__tg10__dw_branch_hidden_jiecai,0.0,0.0
4,4,diff__tg10__dw_branch_hidden_pian_cai,0.0,0.0
4,4,diff__tg10__dw_branch_hidden_pian_yin,0.0,0.0
4,4,diff__tg10__dw_branch_hidden_qi_sha,0.0,0.0
4,4,diff__tg10__dw_branch_hidden_shangguan,0.0,0.0
4,4,diff__tg10__dw_branch_hidden_shishen,0.0,0.0
4,4,diff__tg10__dw_branch_hidden_zheng_cai,0.0,0.0
4,4,diff__tg10__dw_branch_hidden_zheng_guan,0.0,0.0
4,4,diff__tg10__dw_branch_hidden_zheng_yin,0.0,0.0
4,4,diff__tg10__dw_stem_bijian,0.0,0.0
4,4,diff__tg10__dw_stem_jiecai,0.0,0.0
4,4,diff__tg10__dw_stem_pian_cai,0.0,0.0
4,4,diff__tg10__dw_stem_pian_yin,0.0,0.0
4,4,diff__tg10__dw_stem_qi_sha,0.0,0.0
4,4,diff__tg10__dw_stem_shangguan,0.0,0.0
4,4,diff__tg10__dw_stem_shishen,0.0,0.0
4,4,diff__tg10__dw_stem_zheng_cai,0.0,0.0
4,4,diff__tg10__dw_stem_zheng_guan,0.0,0.0
4,4,diff__tg10__dw_stem_zheng_yin,0.0,0.0
4,4,diff__tg10__sw_branch_hidden_bijian,0.0,0.0
4,4,diff__tg10__sw_branch_hidden_jiecai,0.0,0.0
4,4,diff__tg10__sw_branch_hidden_pian_cai,0.0,0.0
4,4,diff__tg10__sw_branch_hidden_pian_yin,0.0,0.0
4,4,diff__tg10__sw_branch_hidden_qi_sha,0.0,0.0
4,4,diff__tg10__sw_branch_hidden_shangguan,0.0,0.0
4,4,diff__tg10__sw_branch_hidden_shishen,0.0,0.0
4,4,diff__tg10__sw_branch_hidden_zheng_cai,0.0,0.0
4,4,diff__tg10__sw_branch_hidden_zheng_guan,0.0,0.0
4,4,diff__tg10__sw_branch_hidden_zheng_yin,0.0,0.0
4,4,diff__tg10__sw_stem_bijian,0.0,0.0
4,4,diff__tg10__sw_stem_jiecai,0.0,0.0
4,4,diff__tg10__sw_stem_pian_cai,0.0,0.0
4,4,diff__tg10__sw_stem_pian_yin,0.0,0.0
4,4,diff__tg10__sw_stem_qi_sha,0.0,0.0
4,4,diff__tg10__sw_stem_shangguan,0.0,0.0
4,4,diff__tg10__sw_stem_shishen,0.0,0.0
4,4,diff__tg10__sw_stem_zheng_cai,0.0,0.0
4,4,diff__tg10__sw_stem_zheng_guan,0.0,0.0
4,4,diff__tg10__sw_stem_zheng_yin,0.0,0.0
4,4,diff__tgxstrength__dw_bijian_neutral,0.0,0.0
4,4,diff__tgxstrength__dw_bijian_strong,0.0,0.0
4,4,diff__tgxstrength__dw_bijian_weak,0.0,0.0
4,4,diff__tgxstrength__dw_jiecai_neutral,0.0,0.0
4,4,diff__tgxstrength__dw_jiecai_strong,0.0,0.0
4,4,diff__tgxstrength__dw_jiecai_weak,0.0,0.0
4,4,diff__tgxstrength__dw_pian_cai_neutral,0.0,0.0
4,4,diff__tgxstrength__dw_pian_cai_strong,0.0,0.0
4,4,diff__tgxstrength__dw_pian_cai_weak,0.0,0.0
4,4,diff__tgxstrength__dw_pian_yin_neutral,0.0,0.0
4,4,diff__tgxstrength__dw_pian_yin_strong,0.0,0.0
4,4,diff__tgxstrength__dw_pian_yin_weak,0.0,0.0
4,4,diff__tgxstrength__dw_qi_sha_neutral,0.0,0.0
4,4,diff__tgxstrength__dw_qi_sha_strong,0.0,0.0
4,4,diff__tgxstrength__dw_qi_sha_weak,0.0,0.0
4,4,diff__tgxstrength__dw_shangguan_neutral,0.0,0.0
4,4,diff__tgxstrength__dw_shangguan_strong,0.0,0.0
4,4,diff__tgxstrength__dw_shangguan_weak,0.0,0.0
4,4,diff__tgxstrength__dw_shishen_neutral,0.0,0.0
4,4,diff__tgxstrength__dw_shishen_strong,0.0,0.0
4,4,diff__tgxstrength__dw_shishen_weak,0.0,0.0
4,4,diff__tgxstrength__dw_zheng_cai_neutral,0.0,0.0
4,4,diff__tgxstrength__dw_zheng_cai_strong,0.0,0.0
4,4,diff__tgxstrength__dw_zheng_cai_weak,0.0,0.0
4,4,diff__tgxstrength__dw_zheng_guan_neutral,0.0,0.0
4,4,diff__tgxstrength__dw_zheng_guan_strong,0.0,0.0
4,4,diff__tgxstrength__dw_zheng_guan_weak,0.0,0.0
4,4,diff__tgxstrength__dw_zheng_yin_neutral,0.0,0.0
4,4,diff__tgxstrength__dw_zheng_yin_strong,0.0,0.0
4,4,diff__tgxstrength__dw_zheng_yin_weak,0.0,0.0
4,4,diff__tgxstrength__sw_bijian_neutral,0.0,0.0
4,4,diff__tgxstrength__sw_bijian_strong,0.0,0.0
4,4,diff__tgxstrength__sw_bijian_weak,0.0,0.0
4,4,diff__tgxstrength__sw_jiecai_neutral,0.0,0.0
4,4,diff__tgxstrength__sw_jiecai_strong,0.0,0.0
4,4,diff__tgxstrength__sw_jiecai_weak,0.0,0.0
4,4,diff__tgxstrength__sw_pian_cai_neutral,0.0,0.0
4,4,diff__tgxstrength__sw_pian_cai_strong,0.0,0.0
4,4,diff__tgxstrength__sw_pian_cai_weak,0.0,0.0
4,4,diff__tgxstrength__sw_pian_yin_neutral,0.0,0.0
4,4,diff__tgxstrength__sw_pian_yin_strong,0.0,0.0
4,4,diff__tgxstrength__sw_pian_yin_weak,0.0,0.0
4,4,diff__tgxstrength__sw_qi_sha_neutral,0.0,0.0
4,4,diff__tgxstrength__sw_qi_sha_strong,0.0,0.0
4,4,diff__tgxstrength__sw_qi_sha_weak,0.0,0.0
4,4,diff__tgxstrength__sw_shangguan_neutral,0.0,0.0
4,4,diff__tgxstrength__sw_shangguan_strong,0.0,0.0
4,4,diff__tgxstrength__sw_shangguan_weak,0.0,0.0
4,4,diff__tgxstrength__sw_shishen_neutral,0.0,0.0
4,4,diff__tgxstrength__sw_shishen_strong,0.0,0.0
4,4,diff__tgxstrength__sw_shishen_weak,0.0,0.0
4,4,diff__tgxstrength__sw_zheng_cai_neutral,0.0,0.0
4,4,diff__tgxstrength__sw_zheng_cai_strong,0.0,0.0
4,4,diff__tgxstrength__sw_zheng_cai_weak,0.0,0.0
4,4,diff__tgxstrength__sw_zheng_guan_neutral,0.0,0.0
4,4,diff__tgxstrength__sw_zheng_guan_strong,0.0,0.0
4,4,diff__tgxstrength__sw_zheng_guan_weak,0.0,0.0
4,4,diff__tgxstrength__sw_zheng_yin_neutral,0.0,0.0
4,4,diff__tgxstrength__sw_zheng_yin_strong,0.0,0.0
4,4,diff__tgxstrength__sw_zheng_yin_weak,0.0,0.0
4,4,diff__unseong__dw_raw_score,0.0,0.0
4,4,diff__unseong__dw_score_x_strength,0.0,0.0
4,4,diff__unseong__dw_state_건록,0.0,0.0
4,4,diff__unseong__dw_state_관대,0.0,0.0
4,4,diff__unseong__dw_state_목욕,0.0,0.0
4,4,diff__unseong__dw_state_묘,0.0,0.0
4,4,diff__unseong__dw_state_병,0.0,0.0
4,4,diff__unseong__dw_state_사,0.0,0.0
4,4,diff__unseong__dw_state_쇠,0.0,0.0
4,4,diff__unseong__dw_state_양,0.0,0.0
4,4,diff__unseong__dw_state_장생,0.0,0.0
4,4,diff__unseong__dw_state_절,0.0,0.0
4,4,diff__unseong__dw_state_제왕,0.0,0.0
4,4,diff__unseong__dw_state_태,0.0,0.0
4,4,diff__unseong__sw_raw_score,0.0,0.0
4,4,diff__unseong__sw_score_x_strength,0.0,0.0
4,4,diff__unseong__sw_state_건록,0.0,0.0
4,4,diff__unseong__sw_state_관대,0.0,0.0
4,4,diff__unseong__sw_state_목욕,0.0,0.0
4,4,diff__unseong__sw_state_묘,0.0,0.0
4,4,diff__unseong__sw_state_병,0.0,0.0
4,4,diff__unseong__sw_state_사,0.0,0.0
4,4,diff__unseong__sw_state_쇠,0.0,0.0
4,4,diff__unseong__sw_state_양,0.0,0.0
4,4,diff__unseong__sw_state_장생,0.0,0.0
4,4,diff__unseong__sw_state_절,0.0,0.0
4,4,diff__unseong__sw_state_제왕,0.0,0.0
4,4,diff__unseong__sw_state_태,0.0,0.0
4,4,diff__yongshin__dw_gi_fit,0.0,0.0
4,4,diff__yongshin__dw_gu_fit,0.0,0.0
4,4,diff__yongshin__dw_hee_fit,0.0,0.0
4,4,diff__yongshin__dw_supplies_fav,0.0,0.0
4,4,diff__yongshin__dw_supplies_unfav,0.0,0.0
4,4,diff__yongshin__dw_yong_branch_fit,0.0,0.0
4,4,diff__yongshin__dw_yong_fit,0.0,0.0
4,4,diff__yongshin__dw_yong_stem_fit,0.0,0.0
4,4,diff__yongshin__sw_gi_fit,0.0,0.0
4,4,diff__yongshin__sw_gu_fit,0.0,0.0
4,4,diff__yongshin__sw_hee_fit,0.0,0.0
4,4,diff__yongshin__sw_supplies_fav,0.0,0.0
4,4,diff__yongshin__sw_supplies_unfav,0.0,0.0
4,4,diff__yongshin__sw_yong_branch_fit,0.0,0.0
4,4,diff__yongshin__sw_yong_fit,0.0,0.0
4,4,diff__yongshin__sw_yong_stem_fit,0.0,0.0
