pair_id,subject_id,pair_origin,axis,repeat,fold,model,correct
V4PRE_PAIR_003,NEWDEV2_013,PREEXISTING_414_SOURCE_REVIEW,COMPETITIVE,0,0,AGE_YOUNGER_FIXED,1.0
V4PRE_PAIR_006,NEWDEV2_024,PREEXISTING_414_SOURCE_REVIEW,PROJECT,0,0,AGE_YOUNGER_FIXED,1.0
V4PRE_PAIR_010,NEWDEV2_035,PREEXISTING_414_SOURCE_REVIEW,COMPETITIVE,0,0,AGE_YOUNGER_FIXED,1.0
V4PRE_PAIR_012,NEWDEV2_041,PREEXISTING_414_SOURCE_REVIEW,STATUS,0,0,AGE_YOUNGER_FIXED,1.0
V4PRE_PAIR_018,NEWDEV2_067,PREEXISTING_414_SOURCE_REVIEW,STATUS,0,0,AGE_YOUNGER_FIXED,1.0
V4PRE_PAIR_024,NEWDEV2_078,PREEXISTING_414_SOURCE_REVIEW,COMPETITIVE,0,0,AGE_YOUNGER_FIXED,1.0
V4PRE_PAIR_031,MLV2_DEV_003,PREEXISTING_414_SOURCE_REVIEW,PROJECT,0,0,AGE_YOUNGER_FIXED,1.0
V4PRE_PAIR_032,MLV2_DEV_005,PREEXISTING_414_SOURCE_REVIEW,PROJECT,0,0,AGE_YOUNGER_FIXED,1.0
V4PRE_PAIR_035,MLV2_DEV_008,PREEXISTING_414_SOURCE_REVIEW,PROJECT,0,0,AGE_YOUNGER_FIXED,1.0
V4PRE_PAIR_046,MLV2_DEV_050,PREEXISTING_414_SOURCE_REVIEW,PROJECT,0,0,AGE_YOUNGER_FIXED,1.0
V4EXP_PAIR_006,MLV2_DEV_068,V4_TARGET_EXPANSION_2026-08-16,COMPETITIVE,0,0,AGE_YOUNGER_FIXED,0.0
V4EXP_PAIR_007,MLV2_DEV_068,V4_TARGET_EXPANSION_2026-08-16,COMPETITIVE,0,0,AGE_YOUNGER_FIXED,0.0
V4EXP_PAIR_008,MLV2_DEV_068,V4_TARGET_EXPANSION_2026-08-16,COMPETITIVE,0,0,AGE_YOUNGER_FIXED,0.0
V4EXP_PAIR_009,MLV2_DEV_068,V4_TARGET_EXPANSION_2026-08-16,COMPETITIVE,0,0,AGE_YOUNGER_FIXED,0.0
V4EXP_PAIR_010,MLV2_DEV_068,V4_TARGET_EXPANSION_2026-08-16,COMPETITIVE,0,0,AGE_YOUNGER_FIXED,0.0
V4EXP_PAIR_021,NEWDEV2_092,V4_TARGET_EXPANSION_2026-08-16,COMPETITIVE,0,0,AGE_YOUNGER_FIXED,0.0
V4EXP_PAIR_026,MLV2_DEV_005,V4_TARGET_EXPANSION_2026-08-16,PROJECT,0,0,AGE_YOUNGER_FIXED,0.0
V4EXP_PAIR_031,NEWDEV2_054,V4_TARGET_EXPANSION_2026-08-16,PROJECT,0,0,AGE_YOUNGER_FIXED,0.0
V4EXP_PAIR_045,MLV2_DEV_003,V4_TARGET_EXPANSION_2026-08-16,PROJECT,0,0,AGE_YOUNGER_FIXED,0.0
V4EXP_PAIR_047,NEWDEV2_041,V4_TARGET_EXPANSION_2026-08-16,STATUS,0,0,AGE_YOUNGER_FIXED,0.0
V4PRE_PAIR_003,NEWDEV2_013,PREEXISTING_414_SOURCE_REVIEW,COMPETITIVE,0,0,AGE_LATER_FIXED,0.0
V4PRE_PAIR_006,NEWDEV2_024,PREEXISTING_414_SOURCE_REVIEW,PROJECT,0,0,AGE_LATER_FIXED,0.0
V4PRE_PAIR_010,NEWDEV2_035,PREEXISTING_414_SOURCE_REVIEW,COMPETITIVE,0,0,AGE_LATER_FIXED,0.0
V4PRE_PAIR_012,NEWDEV2_041,PREEXISTING_414_SOURCE_REVIEW,STATUS,0,0,AGE_LATER_FIXED,0.0
V4PRE_PAIR_018,NEWDEV2_067,PREEXISTING_414_SOURCE_REVIEW,STATUS,0,0,AGE_LATER_FIXED,0.0
V4PRE_PAIR_024,NEWDEV2_078,PREEXISTING_414_SOURCE_REVIEW,COMPETITIVE,0,0,AGE_LATER_FIXED,0.0
V4PRE_PAIR_031,MLV2_DEV_003,PREEXISTING_414_SOURCE_REVIEW,PROJECT,0,0,AGE_LATER_FIXED,0.0
V4PRE_PAIR_032,MLV2_DEV_005,PREEXISTING_414_SOURCE_REVIEW,PROJECT,0,0,AGE_LATER_FIXED,0.0
V4PRE_PAIR_035,MLV2_DEV_008,PREEXISTING_414_SOURCE_REVIEW,PROJECT,0,0,AGE_LATER_FIXED,0.0
V4PRE_PAIR_046,MLV2_DEV_050,PREEXISTING_414_SOURCE_REVIEW,PROJECT,0,0,AGE_LATER_FIXED,0.0
V4EXP_PAIR_006,MLV2_DEV_068,V4_TARGET_EXPANSION_2026-08-16,COMPETITIVE,0,0,AGE_LATER_FIXED,1.0
V4EXP_PAIR_007,MLV2_DEV_068,V4_TARGET_EXPANSION_2026-08-16,COMPETITIVE,0,0,AGE_LATER_FIXED,1.0
V4EXP_PAIR_008,MLV2_DEV_068,V4_TARGET_EXPANSION_2026-08-16,COMPETITIVE,0,0,AGE_LATER_FIXED,1.0
V4EXP_PAIR_009,MLV2_DEV_068,V4_TARGET_EXPANSION_2026-08-16,COMPETITIVE,0,0,AGE_LATER_FIXED,1.0
V4EXP_PAIR_010,MLV2_DEV_068,V4_TARGET_EXPANSION_2026-08-16,COMPETITIVE,0,0,AGE_LATER_FIXED,1.0
V4EXP_PAIR_021,NEWDEV2_092,V4_TARGET_EXPANSION_2026-08-16,COMPETITIVE,0,0,AGE_LATER_FIXED,1.0
V4EXP_PAIR_026,MLV2_DEV_005,V4_TARGET_EXPANSION_2026-08-16,PROJECT,0,0,AGE_LATER_FIXED,1.0
V4EXP_PAIR_031,NEWDEV2_054,V4_TARGET_EXPANSION_2026-08-16,PROJECT,0,0,AGE_LATER_FIXED,1.0
V4EXP_PAIR_045,MLV2_DEV_003,V4_TARGET_EXPANSION_2026-08-16,PROJECT,0,0,AGE_LATER_FIXED,1.0
V4EXP_PAIR_047,NEWDEV2_041,V4_TARGET_EXPANSION_2026-08-16,STATUS,0,0,AGE_LATER_FIXED,1.0
V4PRE_PAIR_003,NEWDEV2_013,PREEXISTING_414_SOURCE_REVIEW,COMPETITIVE,0,0,CONTROL_FIXED,0.0
V4PRE_PAIR_006,NEWDEV2_024,PREEXISTING_414_SOURCE_REVIEW,PROJECT,0,0,CONTROL_FIXED,1.0
V4PRE_PAIR_010,NEWDEV2_035,PREEXISTING_414_SOURCE_REVIEW,COMPETITIVE,0,0,CONTROL_FIXED,0.5
V4PRE_PAIR_012,NEWDEV2_041,PREEXISTING_414_SOURCE_REVIEW,STATUS,0,0,CONTROL_FIXED,1.0
V4PRE_PAIR_018,NEWDEV2_067,PREEXISTING_414_SOURCE_REVIEW,STATUS,0,0,CONTROL_FIXED,1.0
V4PRE_PAIR_024,NEWDEV2_078,PREEXISTING_414_SOURCE_REVIEW,COMPETITIVE,0,0,CONTROL_FIXED,1.0
V4PRE_PAIR_031,MLV2_DEV_003,PREEXISTING_414_SOURCE_REVIEW,PROJECT,0,0,CONTROL_FIXED,1.0
V4PRE_PAIR_032,MLV2_DEV_005,PREEXISTING_414_SOURCE_REVIEW,PROJECT,0,0,CONTROL_FIXED,1.0
V4PRE_PAIR_035,MLV2_DEV_008,PREEXISTING_414_SOURCE_REVIEW,PROJECT,0,0,CONTROL_FIXED,0.0
V4PRE_PAIR_046,MLV2_DEV_050,PREEXISTING_414_SOURCE_REVIEW,PROJECT,0,0,CONTROL_FIXED,0.0
V4EXP_PAIR_006,MLV2_DEV_068,V4_TARGET_EXPANSION_2026-08-16,COMPETITIVE,0,0,CONTROL_FIXED,0.0
V4EXP_PAIR_007,MLV2_DEV_068,V4_TARGET_EXPANSION_2026-08-16,COMPETITIVE,0,0,CONTROL_FIXED,0.0
V4EXP_PAIR_008,MLV2_DEV_068,V4_TARGET_EXPANSION_2026-08-16,COMPETITIVE,0,0,CONTROL_FIXED,0.0
V4EXP_PAIR_009,MLV2_DEV_068,V4_TARGET_EXPANSION_2026-08-16,COMPETITIVE,0,0,CONTROL_FIXED,1.0
V4EXP_PAIR_010,MLV2_DEV_068,V4_TARGET_EXPANSION_2026-08-16,COMPETITIVE,0,0,CONTROL_FIXED,1.0
V4EXP_PAIR_021,NEWDEV2_092,V4_TARGET_EXPANSION_2026-08-16,COMPETITIVE,0,0,CONTROL_FIXED,0.0
V4EXP_PAIR_026,MLV2_DEV_005,V4_TARGET_EXPANSION_2026-08-16,PROJECT,0,0,CONTROL_FIXED,1.0
V4EXP_PAIR_031,NEWDEV2_054,V4_TARGET_EXPANSION_2026-08-16,PROJECT,0,0,CONTROL_FIXED,0.5
V4EXP_PAIR_045,MLV2_DEV_003,V4_TARGET_EXPANSION_2026-08-16,PROJECT,0,0,CONTROL_FIXED,0.0
V4EXP_PAIR_047,NEWDEV2_041,V4_TARGET_EXPANSION_2026-08-16,STATUS,0,0,CONTROL_FIXED,0.0
V4PRE_PAIR_003,NEWDEV2_013,PREEXISTING_414_SOURCE_REVIEW,COMPETITIVE,0,0,TG5_GROUP_L2,1.0
V4PRE_PAIR_006,NEWDEV2_024,PREEXISTING_414_SOURCE_REVIEW,PROJECT,0,0,TG5_GROUP_L2,1.0
V4PRE_PAIR_010,NEWDEV2_035,PREEXISTING_414_SOURCE_REVIEW,COMPETITIVE,0,0,TG5_GROUP_L2,1.0
V4PRE_PAIR_012,NEWDEV2_041,PREEXISTING_414_SOURCE_REVIEW,STATUS,0,0,TG5_GROUP_L2,0.0
V4PRE_PAIR_018,NEWDEV2_067,PREEXISTING_414_SOURCE_REVIEW,STATUS,0,0,TG5_GROUP_L2,0.0
V4PRE_PAIR_024,NEWDEV2_078,PREEXISTING_414_SOURCE_REVIEW,COMPETITIVE,0,0,TG5_GROUP_L2,0.0
V4PRE_PAIR_031,MLV2_DEV_003,PREEXISTING_414_SOURCE_REVIEW,PROJECT,0,0,TG5_GROUP_L2,0.0
V4PRE_PAIR_032,MLV2_DEV_005,PREEXISTING_414_SOURCE_REVIEW,PROJECT,0,0,TG5_GROUP_L2,1.0
V4PRE_PAIR_035,MLV2_DEV_008,PREEXISTING_414_SOURCE_REVIEW,PROJECT,0,0,TG5_GROUP_L2,0.0
V4PRE_PAIR_046,MLV2_DEV_050,PREEXISTING_414_SOURCE_REVIEW,PROJECT,0,0,TG5_GROUP_L2,0.0
V4EXP_PAIR_006,MLV2_DEV_068,V4_TARGET_EXPANSION_2026-08-16,COMPETITIVE,0,0,TG5_GROUP_L2,1.0
V4EXP_PAIR_007,MLV2_DEV_068,V4_TARGET_EXPANSION_2026-08-16,COMPETITIVE,0,0,TG5_GROUP_L2,0.5
V4EXP_PAIR_008,MLV2_DEV_068,V4_TARGET_EXPANSION_2026-08-16,COMPETITIVE,0,0,TG5_GROUP_L2,0.0
V4EXP_PAIR_009,MLV2_DEV_068,V4_TARGET_EXPANSION_2026-08-16,COMPETITIVE,0,0,TG5_GROUP_L2,1.0
V4EXP_PAIR_010,MLV2_DEV_068,V4_TARGET_EXPANSION_2026-08-16,COMPETITIVE,0,0,TG5_GROUP_L2,1.0
V4EXP_PAIR_021,NEWDEV2_092,V4_TARGET_EXPANSION_2026-08-16,COMPETITIVE,0,0,TG5_GROUP_L2,0.5
V4EXP_PAIR_026,MLV2_DEV_005,V4_TARGET_EXPANSION_2026-08-16,PROJECT,0,0,TG5_GROUP_L2,0.5
V4EXP_PAIR_031,NEWDEV2_054,V4_TARGET_EXPANSION_2026-08-16,PROJECT,0,0,TG5_GROUP_L2,0.0
V4EXP_PAIR_045,MLV2_DEV_003,V4_TARGET_EXPANSION_2026-08-16,PROJECT,0,0,TG5_GROUP_L2,0.5
V4EXP_PAIR_047,NEWDEV2_041,V4_TARGET_EXPANSION_2026-08-16,STATUS,0,0,TG5_GROUP_L2,0.0
V4PRE_PAIR_003,NEWDEV2_013,PREEXISTING_414_SOURCE_REVIEW,COMPETITIVE,0,0,TG10_STEM_L2,0.0
V4PRE_PAIR_006,NEWDEV2_024,PREEXISTING_414_SOURCE_REVIEW,PROJECT,0,0,TG10_STEM_L2,0.0
V4PRE_PAIR_010,NEWDEV2_035,PREEXISTING_414_SOURCE_REVIEW,COMPETITIVE,0,0,TG10_STEM_L2,1.0
V4PRE_PAIR_012,NEWDEV2_041,PREEXISTING_414_SOURCE_REVIEW,STATUS,0,0,TG10_STEM_L2,0.0
V4PRE_PAIR_018,NEWDEV2_067,PREEXISTING_414_SOURCE_REVIEW,STATUS,0,0,TG10_STEM_L2,0.0
V4PRE_PAIR_024,NEWDEV2_078,PREEXISTING_414_SOURCE_REVIEW,COMPETITIVE,0,0,TG10_STEM_L2,0.0
V4PRE_PAIR_031,MLV2_DEV_003,PREEXISTING_414_SOURCE_REVIEW,PROJECT,0,0,TG10_STEM_L2,0.0
V4PRE_PAIR_032,MLV2_DEV_005,PREEXISTING_414_SOURCE_REVIEW,PROJECT,0,0,TG10_STEM_L2,0.0
V4PRE_PAIR_035,MLV2_DEV_008,PREEXISTING_414_SOURCE_REVIEW,PROJECT,0,0,TG10_STEM_L2,0.0
V4PRE_PAIR_046,MLV2_DEV_050,PREEXISTING_414_SOURCE_REVIEW,PROJECT,0,0,TG10_STEM_L2,1.0
V4EXP_PAIR_006,MLV2_DEV_068,V4_TARGET_EXPANSION_2026-08-16,COMPETITIVE,0,0,TG10_STEM_L2,1.0
V4EXP_PAIR_007,MLV2_DEV_068,V4_TARGET_EXPANSION_2026-08-16,COMPETITIVE,0,0,TG10_STEM_L2,1.0
V4EXP_PAIR_008,MLV2_DEV_068,V4_TARGET_EXPANSION_2026-08-16,COMPETITIVE,0,0,TG10_STEM_L2,0.0
V4EXP_PAIR_009,MLV2_DEV_068,V4_TARGET_EXPANSION_2026-08-16,COMPETITIVE,0,0,TG10_STEM_L2,0.0
V4EXP_PAIR_010,MLV2_DEV_068,V4_TARGET_EXPANSION_2026-08-16,COMPETITIVE,0,0,TG10_STEM_L2,1.0
V4EXP_PAIR_021,NEWDEV2_092,V4_TARGET_EXPANSION_2026-08-16,COMPETITIVE,0,0,TG10_STEM_L2,0.0
V4EXP_PAIR_026,MLV2_DEV_005,V4_TARGET_EXPANSION_2026-08-16,PROJECT,0,0,TG10_STEM_L2,1.0
V4EXP_PAIR_031,NEWDEV2_054,V4_TARGET_EXPANSION_2026-08-16,PROJECT,0,0,TG10_STEM_L2,0.0
V4EXP_PAIR_045,MLV2_DEV_003,V4_TARGET_EXPANSION_2026-08-16,PROJECT,0,0,TG10_STEM_L2,0.0
V4EXP_PAIR_047,NEWDEV2_041,V4_TARGET_EXPANSION_2026-08-16,STATUS,0,0,TG10_STEM_L2,1.0
V4PRE_PAIR_003,NEWDEV2_013,PREEXISTING_414_SOURCE_REVIEW,COMPETITIVE,0,0,TG10_STEM_BRANCH_L2,0.0
V4PRE_PAIR_006,NEWDEV2_024,PREEXISTING_414_SOURCE_REVIEW,PROJECT,0,0,TG10_STEM_BRANCH_L2,1.0
V4PRE_PAIR_010,NEWDEV2_035,PREEXISTING_414_SOURCE_REVIEW,COMPETITIVE,0,0,TG10_STEM_BRANCH_L2,1.0
V4PRE_PAIR_012,NEWDEV2_041,PREEXISTING_414_SOURCE_REVIEW,STATUS,0,0,TG10_STEM_BRANCH_L2,0.0
V4PRE_PAIR_018,NEWDEV2_067,PREEXISTING_414_SOURCE_REVIEW,STATUS,0,0,TG10_STEM_BRANCH_L2,1.0
V4PRE_PAIR_024,NEWDEV2_078,PREEXISTING_414_SOURCE_REVIEW,COMPETITIVE,0,0,TG10_STEM_BRANCH_L2,0.0
V4PRE_PAIR_031,MLV2_DEV_003,PREEXISTING_414_SOURCE_REVIEW,PROJECT,0,0,TG10_STEM_BRANCH_L2,0.0
V4PRE_PAIR_032,MLV2_DEV_005,PREEXISTING_414_SOURCE_REVIEW,PROJECT,0,0,TG10_STEM_BRANCH_L2,0.0
V4PRE_PAIR_035,MLV2_DEV_008,PREEXISTING_414_SOURCE_REVIEW,PROJECT,0,0,TG10_STEM_BRANCH_L2,0.0
V4PRE_PAIR_046,MLV2_DEV_050,PREEXISTING_414_SOURCE_REVIEW,PROJECT,0,0,TG10_STEM_BRANCH_L2,0.0
V4EXP_PAIR_006,MLV2_DEV_068,V4_TARGET_EXPANSION_2026-08-16,COMPETITIVE,0,0,TG10_STEM_BRANCH_L2,1.0
V4EXP_PAIR_007,MLV2_DEV_068,V4_TARGET_EXPANSION_2026-08-16,COMPETITIVE,0,0,TG10_STEM_BRANCH_L2,1.0
V4EXP_PAIR_008,MLV2_DEV_068,V4_TARGET_EXPANSION_2026-08-16,COMPETITIVE,0,0,TG10_STEM_BRANCH_L2,1.0
V4EXP_PAIR_009,MLV2_DEV_068,V4_TARGET_EXPANSION_2026-08-16,COMPETITIVE,0,0,TG10_STEM_BRANCH_L2,0.0
V4EXP_PAIR_010,MLV2_DEV_068,V4_TARGET_EXPANSION_2026-08-16,COMPETITIVE,0,0,TG10_STEM_BRANCH_L2,1.0
V4EXP_PAIR_021,NEWDEV2_092,V4_TARGET_EXPANSION_2026-08-16,COMPETITIVE,0,0,TG10_STEM_BRANCH_L2,0.0
V4EXP_PAIR_026,MLV2_DEV_005,V4_TARGET_EXPANSION_2026-08-16,PROJECT,0,0,TG10_STEM_BRANCH_L2,1.0
V4EXP_PAIR_031,NEWDEV2_054,V4_TARGET_EXPANSION_2026-08-16,PROJECT,0,0,TG10_STEM_BRANCH_L2,0.0
V4EXP_PAIR_045,MLV2_DEV_003,V4_TARGET_EXPANSION_2026-08-16,PROJECT,0,0,TG10_STEM_BRANCH_L2,0.0
V4EXP_PAIR_047,NEWDEV2_041,V4_TARGET_EXPANSION_2026-08-16,STATUS,0,0,TG10_STEM_BRANCH_L2,1.0
V4PRE_PAIR_003,NEWDEV2_013,PREEXISTING_414_SOURCE_REVIEW,COMPETITIVE,0,0,TG10_SB_STRENGTH_L2,0.0
V4PRE_PAIR_006,NEWDEV2_024,PREEXISTING_414_SOURCE_REVIEW,PROJECT,0,0,TG10_SB_STRENGTH_L2,1.0
V4PRE_PAIR_010,NEWDEV2_035,PREEXISTING_414_SOURCE_REVIEW,COMPETITIVE,0,0,TG10_SB_STRENGTH_L2,0.0
V4PRE_PAIR_012,NEWDEV2_041,PREEXISTING_414_SOURCE_REVIEW,STATUS,0,0,TG10_SB_STRENGTH_L2,0.0
V4PRE_PAIR_018,NEWDEV2_067,PREEXISTING_414_SOURCE_REVIEW,STATUS,0,0,TG10_SB_STRENGTH_L2,1.0
V4PRE_PAIR_024,NEWDEV2_078,PREEXISTING_414_SOURCE_REVIEW,COMPETITIVE,0,0,TG10_SB_STRENGTH_L2,1.0
V4PRE_PAIR_031,MLV2_DEV_003,PREEXISTING_414_SOURCE_REVIEW,PROJECT,0,0,TG10_SB_STRENGTH_L2,0.0
V4PRE_PAIR_032,MLV2_DEV_005,PREEXISTING_414_SOURCE_REVIEW,PROJECT,0,0,TG10_SB_STRENGTH_L2,1.0
V4PRE_PAIR_035,MLV2_DEV_008,PREEXISTING_414_SOURCE_REVIEW,PROJECT,0,0,TG10_SB_STRENGTH_L2,0.0
V4PRE_PAIR_046,MLV2_DEV_050,PREEXISTING_414_SOURCE_REVIEW,PROJECT,0,0,TG10_SB_STRENGTH_L2,0.0
V4EXP_PAIR_006,MLV2_DEV_068,V4_TARGET_EXPANSION_2026-08-16,COMPETITIVE,0,0,TG10_SB_STRENGTH_L2,1.0
V4EXP_PAIR_007,MLV2_DEV_068,V4_TARGET_EXPANSION_2026-08-16,COMPETITIVE,0,0,TG10_SB_STRENGTH_L2,1.0
V4EXP_PAIR_008,MLV2_DEV_068,V4_TARGET_EXPANSION_2026-08-16,COMPETITIVE,0,0,TG10_SB_STRENGTH_L2,1.0
V4EXP_PAIR_009,MLV2_DEV_068,V4_TARGET_EXPANSION_2026-08-16,COMPETITIVE,0,0,TG10_SB_STRENGTH_L2,0.0
V4EXP_PAIR_010,MLV2_DEV_068,V4_TARGET_EXPANSION_2026-08-16,COMPETITIVE,0,0,TG10_SB_STRENGTH_L2,1.0
V4EXP_PAIR_021,NEWDEV2_092,V4_TARGET_EXPANSION_2026-08-16,COMPETITIVE,0,0,TG10_SB_STRENGTH_L2,0.0
V4EXP_PAIR_026,MLV2_DEV_005,V4_TARGET_EXPANSION_2026-08-16,PROJECT,0,0,TG10_SB_STRENGTH_L2,1.0
V4EXP_PAIR_031,NEWDEV2_054,V4_TARGET_EXPANSION_2026-08-16,PROJECT,0,0,TG10_SB_STRENGTH_L2,0.0
V4EXP_PAIR_045,MLV2_DEV_003,V4_TARGET_EXPANSION_2026-08-16,PROJECT,0,0,TG10_SB_STRENGTH_L2,0.0
V4EXP_PAIR_047,NEWDEV2_041,V4_TARGET_EXPANSION_2026-08-16,STATUS,0,0,TG10_SB_STRENGTH_L2,1.0
V4PRE_PAIR_003,NEWDEV2_013,PREEXISTING_414_SOURCE_REVIEW,COMPETITIVE,0,0,TG10_SB_RELATIONS_L2,0.0
V4PRE_PAIR_006,NEWDEV2_024,PREEXISTING_414_SOURCE_REVIEW,PROJECT,0,0,TG10_SB_RELATIONS_L2,1.0
V4PRE_PAIR_010,NEWDEV2_035,PREEXISTING_414_SOURCE_REVIEW,COMPETITIVE,0,0,TG10_SB_RELATIONS_L2,1.0
V4PRE_PAIR_012,NEWDEV2_041,PREEXISTING_414_SOURCE_REVIEW,STATUS,0,0,TG10_SB_RELATIONS_L2,0.0
V4PRE_PAIR_018,NEWDEV2_067,PREEXISTING_414_SOURCE_REVIEW,STATUS,0,0,TG10_SB_RELATIONS_L2,1.0
V4PRE_PAIR_024,NEWDEV2_078,PREEXISTING_414_SOURCE_REVIEW,COMPETITIVE,0,0,TG10_SB_RELATIONS_L2,1.0
V4PRE_PAIR_031,MLV2_DEV_003,PREEXISTING_414_SOURCE_REVIEW,PROJECT,0,0,TG10_SB_RELATIONS_L2,0.0
V4PRE_PAIR_032,MLV2_DEV_005,PREEXISTING_414_SOURCE_REVIEW,PROJECT,0,0,TG10_SB_RELATIONS_L2,1.0
V4PRE_PAIR_035,MLV2_DEV_008,PREEXISTING_414_SOURCE_REVIEW,PROJECT,0,0,TG10_SB_RELATIONS_L2,0.0
V4PRE_PAIR_046,MLV2_DEV_050,PREEXISTING_414_SOURCE_REVIEW,PROJECT,0,0,TG10_SB_RELATIONS_L2,0.0
V4EXP_PAIR_006,MLV2_DEV_068,V4_TARGET_EXPANSION_2026-08-16,COMPETITIVE,0,0,TG10_SB_RELATIONS_L2,1.0
V4EXP_PAIR_007,MLV2_DEV_068,V4_TARGET_EXPANSION_2026-08-16,COMPETITIVE,0,0,TG10_SB_RELATIONS_L2,1.0
V4EXP_PAIR_008,MLV2_DEV_068,V4_TARGET_EXPANSION_2026-08-16,COMPETITIVE,0,0,TG10_SB_RELATIONS_L2,1.0
V4EXP_PAIR_009,MLV2_DEV_068,V4_TARGET_EXPANSION_2026-08-16,COMPETITIVE,0,0,TG10_SB_RELATIONS_L2,0.0
V4EXP_PAIR_010,MLV2_DEV_068,V4_TARGET_EXPANSION_2026-08-16,COMPETITIVE,0,0,TG10_SB_RELATIONS_L2,0.0
V4EXP_PAIR_021,NEWDEV2_092,V4_TARGET_EXPANSION_2026-08-16,COMPETITIVE,0,0,TG10_SB_RELATIONS_L2,0.0
V4EXP_PAIR_026,MLV2_DEV_005,V4_TARGET_EXPANSION_2026-08-16,PROJECT,0,0,TG10_SB_RELATIONS_L2,1.0
V4EXP_PAIR_031,NEWDEV2_054,V4_TARGET_EXPANSION_2026-08-16,PROJECT,0,0,TG10_SB_RELATIONS_L2,0.0
V4EXP_PAIR_045,MLV2_DEV_003,V4_TARGET_EXPANSION_2026-08-16,PROJECT,0,0,TG10_SB_RELATIONS_L2,0.0
V4EXP_PAIR_047,NEWDEV2_041,V4_TARGET_EXPANSION_2026-08-16,STATUS,0,0,TG10_SB_RELATIONS_L2,1.0
V4PRE_PAIR_003,NEWDEV2_013,PREEXISTING_414_SOURCE_REVIEW,COMPETITIVE,0,0,ALL_L2,0.0
V4PRE_PAIR_006,NEWDEV2_024,PREEXISTING_414_SOURCE_REVIEW,PROJECT,0,0,ALL_L2,1.0
V4PRE_PAIR_010,NEWDEV2_035,PREEXISTING_414_SOURCE_REVIEW,COMPETITIVE,0,0,ALL_L2,1.0
V4PRE_PAIR_012,NEWDEV2_041,PREEXISTING_414_SOURCE_REVIEW,STATUS,0,0,ALL_L2,0.0
V4PRE_PAIR_018,NEWDEV2_067,PREEXISTING_414_SOURCE_REVIEW,STATUS,0,0,ALL_L2,0.0
V4PRE_PAIR_024,NEWDEV2_078,PREEXISTING_414_SOURCE_REVIEW,COMPETITIVE,0,0,ALL_L2,1.0
V4PRE_PAIR_031,MLV2_DEV_003,PREEXISTING_414_SOURCE_REVIEW,PROJECT,0,0,ALL_L2,0.0
V4PRE_PAIR_032,MLV2_DEV_005,PREEXISTING_414_SOURCE_REVIEW,PROJECT,0,0,ALL_L2,0.0
V4PRE_PAIR_035,MLV2_DEV_008,PREEXISTING_414_SOURCE_REVIEW,PROJECT,0,0,ALL_L2,1.0
V4PRE_PAIR_046,MLV2_DEV_050,PREEXISTING_414_SOURCE_REVIEW,PROJECT,0,0,ALL_L2,0.0
V4EXP_PAIR_006,MLV2_DEV_068,V4_TARGET_EXPANSION_2026-08-16,COMPETITIVE,0,0,ALL_L2,0.0
V4EXP_PAIR_007,MLV2_DEV_068,V4_TARGET_EXPANSION_2026-08-16,COMPETITIVE,0,0,ALL_L2,1.0
V4EXP_PAIR_008,MLV2_DEV_068,V4_TARGET_EXPANSION_2026-08-16,COMPETITIVE,0,0,ALL_L2,1.0
V4EXP_PAIR_009,MLV2_DEV_068,V4_TARGET_EXPANSION_2026-08-16,COMPETITIVE,0,0,ALL_L2,1.0
V4EXP_PAIR_010,MLV2_DEV_068,V4_TARGET_EXPANSION_2026-08-16,COMPETITIVE,0,0,ALL_L2,1.0
V4EXP_PAIR_021,NEWDEV2_092,V4_TARGET_EXPANSION_2026-08-16,COMPETITIVE,0,0,ALL_L2,1.0
V4EXP_PAIR_026,MLV2_DEV_005,V4_TARGET_EXPANSION_2026-08-16,PROJECT,0,0,ALL_L2,1.0
V4EXP_PAIR_031,NEWDEV2_054,V4_TARGET_EXPANSION_2026-08-16,PROJECT,0,0,ALL_L2,0.0
V4EXP_PAIR_045,MLV2_DEV_003,V4_TARGET_EXPANSION_2026-08-16,PROJECT,0,0,ALL_L2,0.0
V4EXP_PAIR_047,NEWDEV2_041,V4_TARGET_EXPANSION_2026-08-16,STATUS,0,0,ALL_L2,1.0
V4PRE_PAIR_003,NEWDEV2_013,PREEXISTING_414_SOURCE_REVIEW,COMPETITIVE,0,0,NUISANCE_AGE_AXIS,0.0
V4PRE_PAIR_006,NEWDEV2_024,PREEXISTING_414_SOURCE_REVIEW,PROJECT,0,0,NUISANCE_AGE_AXIS,1.0
V4PRE_PAIR_010,NEWDEV2_035,PREEXISTING_414_SOURCE_REVIEW,COMPETITIVE,0,0,NUISANCE_AGE_AXIS,0.0
V4PRE_PAIR_012,NEWDEV2_041,PREEXISTING_414_SOURCE_REVIEW,STATUS,0,0,NUISANCE_AGE_AXIS,1.0
V4PRE_PAIR_018,NEWDEV2_067,PREEXISTING_414_SOURCE_REVIEW,STATUS,0,0,NUISANCE_AGE_AXIS,1.0
V4PRE_PAIR_024,NEWDEV2_078,PREEXISTING_414_SOURCE_REVIEW,COMPETITIVE,0,0,NUISANCE_AGE_AXIS,0.0
V4PRE_PAIR_031,MLV2_DEV_003,PREEXISTING_414_SOURCE_REVIEW,PROJECT,0,0,NUISANCE_AGE_AXIS,1.0
V4PRE_PAIR_032,MLV2_DEV_005,PREEXISTING_414_SOURCE_REVIEW,PROJECT,0,0,NUISANCE_AGE_AXIS,1.0
V4PRE_PAIR_035,MLV2_DEV_008,PREEXISTING_414_SOURCE_REVIEW,PROJECT,0,0,NUISANCE_AGE_AXIS,1.0
V4PRE_PAIR_046,MLV2_DEV_050,PREEXISTING_414_SOURCE_REVIEW,PROJECT,0,0,NUISANCE_AGE_AXIS,1.0
V4EXP_PAIR_006,MLV2_DEV_068,V4_TARGET_EXPANSION_2026-08-16,COMPETITIVE,0,0,NUISANCE_AGE_AXIS,1.0
V4EXP_PAIR_007,MLV2_DEV_068,V4_TARGET_EXPANSION_2026-08-16,COMPETITIVE,0,0,NUISANCE_AGE_AXIS,1.0
V4EXP_PAIR_008,MLV2_DEV_068,V4_TARGET_EXPANSION_2026-08-16,COMPETITIVE,0,0,NUISANCE_AGE_AXIS,1.0
V4EXP_PAIR_009,MLV2_DEV_068,V4_TARGET_EXPANSION_2026-08-16,COMPETITIVE,0,0,NUISANCE_AGE_AXIS,1.0
V4EXP_PAIR_010,MLV2_DEV_068,V4_TARGET_EXPANSION_2026-08-16,COMPETITIVE,0,0,NUISANCE_AGE_AXIS,1.0
V4EXP_PAIR_021,NEWDEV2_092,V4_TARGET_EXPANSION_2026-08-16,COMPETITIVE,0,0,NUISANCE_AGE_AXIS,1.0
V4EXP_PAIR_026,MLV2_DEV_005,V4_TARGET_EXPANSION_2026-08-16,PROJECT,0,0,NUISANCE_AGE_AXIS,0.0
V4EXP_PAIR_031,NEWDEV2_054,V4_TARGET_EXPANSION_2026-08-16,PROJECT,0,0,NUISANCE_AGE_AXIS,0.0
V4EXP_PAIR_045,MLV2_DEV_003,V4_TARGET_EXPANSION_2026-08-16,PROJECT,0,0,NUISANCE_AGE_AXIS,1.0
V4EXP_PAIR_047,NEWDEV2_041,V4_TARGET_EXPANSION_2026-08-16,STATUS,0,0,NUISANCE_AGE_AXIS,0.0
V4PRE_PAIR_003,NEWDEV2_013,PREEXISTING_414_SOURCE_REVIEW,COMPETITIVE,0,0,NUISANCE_WITH_ORIGIN_DIAGNOSTIC,1.0
V4PRE_PAIR_006,NEWDEV2_024,PREEXISTING_414_SOURCE_REVIEW,PROJECT,0,0,NUISANCE_WITH_ORIGIN_DIAGNOSTIC,1.0
V4PRE_PAIR_010,NEWDEV2_035,PREEXISTING_414_SOURCE_REVIEW,COMPETITIVE,0,0,NUISANCE_WITH_ORIGIN_DIAGNOSTIC,1.0
V4PRE_PAIR_012,NEWDEV2_041,PREEXISTING_414_SOURCE_REVIEW,STATUS,0,0,NUISANCE_WITH_ORIGIN_DIAGNOSTIC,1.0
V4PRE_PAIR_018,NEWDEV2_067,PREEXISTING_414_SOURCE_REVIEW,STATUS,0,0,NUISANCE_WITH_ORIGIN_DIAGNOSTIC,1.0
V4PRE_PAIR_024,NEWDEV2_078,PREEXISTING_414_SOURCE_REVIEW,COMPETITIVE,0,0,NUISANCE_WITH_ORIGIN_DIAGNOSTIC,1.0
V4PRE_PAIR_031,MLV2_DEV_003,PREEXISTING_414_SOURCE_REVIEW,PROJECT,0,0,NUISANCE_WITH_ORIGIN_DIAGNOSTIC,1.0
V4PRE_PAIR_032,MLV2_DEV_005,PREEXISTING_414_SOURCE_REVIEW,PROJECT,0,0,NUISANCE_WITH_ORIGIN_DIAGNOSTIC,1.0
V4PRE_PAIR_035,MLV2_DEV_008,PREEXISTING_414_SOURCE_REVIEW,PROJECT,0,0,NUISANCE_WITH_ORIGIN_DIAGNOSTIC,1.0
V4PRE_PAIR_046,MLV2_DEV_050,PREEXISTING_414_SOURCE_REVIEW,PROJECT,0,0,NUISANCE_WITH_ORIGIN_DIAGNOSTIC,1.0
V4EXP_PAIR_006,MLV2_DEV_068,V4_TARGET_EXPANSION_2026-08-16,COMPETITIVE,0,0,NUISANCE_WITH_ORIGIN_DIAGNOSTIC,1.0
V4EXP_PAIR_007,MLV2_DEV_068,V4_TARGET_EXPANSION_2026-08-16,COMPETITIVE,0,0,NUISANCE_WITH_ORIGIN_DIAGNOSTIC,1.0
V4EXP_PAIR_008,MLV2_DEV_068,V4_TARGET_EXPANSION_2026-08-16,COMPETITIVE,0,0,NUISANCE_WITH_ORIGIN_DIAGNOSTIC,1.0
V4EXP_PAIR_009,MLV2_DEV_068,V4_TARGET_EXPANSION_2026-08-16,COMPETITIVE,0,0,NUISANCE_WITH_ORIGIN_DIAGNOSTIC,1.0
V4EXP_PAIR_010,MLV2_DEV_068,V4_TARGET_EXPANSION_2026-08-16,COMPETITIVE,0,0,NUISANCE_WITH_ORIGIN_DIAGNOSTIC,1.0
V4EXP_PAIR_021,NEWDEV2_092,V4_TARGET_EXPANSION_2026-08-16,COMPETITIVE,0,0,NUISANCE_WITH_ORIGIN_DIAGNOSTIC,1.0
V4EXP_PAIR_026,MLV2_DEV_005,V4_TARGET_EXPANSION_2026-08-16,PROJECT,0,0,NUISANCE_WITH_ORIGIN_DIAGNOSTIC,1.0
V4EXP_PAIR_031,NEWDEV2_054,V4_TARGET_EXPANSION_2026-08-16,PROJECT,0,0,NUISANCE_WITH_ORIGIN_DIAGNOSTIC,1.0
V4EXP_PAIR_045,MLV2_DEV_003,V4_TARGET_EXPANSION_2026-08-16,PROJECT,0,0,NUISANCE_WITH_ORIGIN_DIAGNOSTIC,1.0
V4EXP_PAIR_047,NEWDEV2_041,V4_TARGET_EXPANSION_2026-08-16,STATUS,0,0,NUISANCE_WITH_ORIGIN_DIAGNOSTIC,1.0
V4PRE_PAIR_003,NEWDEV2_013,PREEXISTING_414_SOURCE_REVIEW,COMPETITIVE,0,0,ALL_ELASTICNET_AUTO,0.0
V4PRE_PAIR_006,NEWDEV2_024,PREEXISTING_414_SOURCE_REVIEW,PROJECT,0,0,ALL_ELASTICNET_AUTO,0.0
V4PRE_PAIR_010,NEWDEV2_035,PREEXISTING_414_SOURCE_REVIEW,COMPETITIVE,0,0,ALL_ELASTICNET_AUTO,0.0
V4PRE_PAIR_012,NEWDEV2_041,PREEXISTING_414_SOURCE_REVIEW,STATUS,0,0,ALL_ELASTICNET_AUTO,0.0
V4PRE_PAIR_018,NEWDEV2_067,PREEXISTING_414_SOURCE_REVIEW,STATUS,0,0,ALL_ELASTICNET_AUTO,0.0
V4PRE_PAIR_024,NEWDEV2_078,PREEXISTING_414_SOURCE_REVIEW,COMPETITIVE,0,0,ALL_ELASTICNET_AUTO,0.0
V4PRE_PAIR_031,MLV2_DEV_003,PREEXISTING_414_SOURCE_REVIEW,PROJECT,0,0,ALL_ELASTICNET_AUTO,0.0
V4PRE_PAIR_032,MLV2_DEV_005,PREEXISTING_414_SOURCE_REVIEW,PROJECT,0,0,ALL_ELASTICNET_AUTO,0.0
V4PRE_PAIR_035,MLV2_DEV_008,PREEXISTING_414_SOURCE_REVIEW,PROJECT,0,0,ALL_ELASTICNET_AUTO,0.0
V4PRE_PAIR_046,MLV2_DEV_050,PREEXISTING_414_SOURCE_REVIEW,PROJECT,0,0,ALL_ELASTICNET_AUTO,0.0
V4EXP_PAIR_006,MLV2_DEV_068,V4_TARGET_EXPANSION_2026-08-16,COMPETITIVE,0,0,ALL_ELASTICNET_AUTO,0.0
V4EXP_PAIR_007,MLV2_DEV_068,V4_TARGET_EXPANSION_2026-08-16,COMPETITIVE,0,0,ALL_ELASTICNET_AUTO,0.0
V4EXP_PAIR_008,MLV2_DEV_068,V4_TARGET_EXPANSION_2026-08-16,COMPETITIVE,0,0,ALL_ELASTICNET_AUTO,0.0
V4EXP_PAIR_009,MLV2_DEV_068,V4_TARGET_EXPANSION_2026-08-16,COMPETITIVE,0,0,ALL_ELASTICNET_AUTO,0.0
V4EXP_PAIR_010,MLV2_DEV_068,V4_TARGET_EXPANSION_2026-08-16,COMPETITIVE,0,0,ALL_ELASTICNET_AUTO,0.0
V4EXP_PAIR_021,NEWDEV2_092,V4_TARGET_EXPANSION_2026-08-16,COMPETITIVE,0,0,ALL_ELASTICNET_AUTO,0.0
V4EXP_PAIR_026,MLV2_DEV_005,V4_TARGET_EXPANSION_2026-08-16,PROJECT,0,0,ALL_ELASTICNET_AUTO,0.0
V4EXP_PAIR_031,NEWDEV2_054,V4_TARGET_EXPANSION_2026-08-16,PROJECT,0,0,ALL_ELASTICNET_AUTO,0.0
V4EXP_PAIR_045,MLV2_DEV_003,V4_TARGET_EXPANSION_2026-08-16,PROJECT,0,0,ALL_ELASTICNET_AUTO,0.0
V4EXP_PAIR_047,NEWDEV2_041,V4_TARGET_EXPANSION_2026-08-16,STATUS,0,0,ALL_ELASTICNET_AUTO,0.0
V4PRE_PAIR_003,NEWDEV2_013,PREEXISTING_414_SOURCE_REVIEW,COMPETITIVE,0,0,HGB_ALL_EXPLORATORY,0.0
V4PRE_PAIR_006,NEWDEV2_024,PREEXISTING_414_SOURCE_REVIEW,PROJECT,0,0,HGB_ALL_EXPLORATORY,1.0
V4PRE_PAIR_010,NEWDEV2_035,PREEXISTING_414_SOURCE_REVIEW,COMPETITIVE,0,0,HGB_ALL_EXPLORATORY,0.0
V4PRE_PAIR_012,NEWDEV2_041,PREEXISTING_414_SOURCE_REVIEW,STATUS,0,0,HGB_ALL_EXPLORATORY,0.0
V4PRE_PAIR_018,NEWDEV2_067,PREEXISTING_414_SOURCE_REVIEW,STATUS,0,0,HGB_ALL_EXPLORATORY,0.0
V4PRE_PAIR_024,NEWDEV2_078,PREEXISTING_414_SOURCE_REVIEW,COMPETITIVE,0,0,HGB_ALL_EXPLORATORY,1.0
V4PRE_PAIR_031,MLV2_DEV_003,PREEXISTING_414_SOURCE_REVIEW,PROJECT,0,0,HGB_ALL_EXPLORATORY,1.0
V4PRE_PAIR_032,MLV2_DEV_005,PREEXISTING_414_SOURCE_REVIEW,PROJECT,0,0,HGB_ALL_EXPLORATORY,1.0
V4PRE_PAIR_035,MLV2_DEV_008,PREEXISTING_414_SOURCE_REVIEW,PROJECT,0,0,HGB_ALL_EXPLORATORY,1.0
V4PRE_PAIR_046,MLV2_DEV_050,PREEXISTING_414_SOURCE_REVIEW,PROJECT,0,0,HGB_ALL_EXPLORATORY,1.0
V4EXP_PAIR_006,MLV2_DEV_068,V4_TARGET_EXPANSION_2026-08-16,COMPETITIVE,0,0,HGB_ALL_EXPLORATORY,1.0
V4EXP_PAIR_007,MLV2_DEV_068,V4_TARGET_EXPANSION_2026-08-16,COMPETITIVE,0,0,HGB_ALL_EXPLORATORY,1.0
V4EXP_PAIR_008,MLV2_DEV_068,V4_TARGET_EXPANSION_2026-08-16,COMPETITIVE,0,0,HGB_ALL_EXPLORATORY,0.0
V4EXP_PAIR_009,MLV2_DEV_068,V4_TARGET_EXPANSION_2026-08-16,COMPETITIVE,0,0,HGB_ALL_EXPLORATORY,1.0
V4EXP_PAIR_010,MLV2_DEV_068,V4_TARGET_EXPANSION_2026-08-16,COMPETITIVE,0,0,HGB_ALL_EXPLORATORY,1.0
V4EXP_PAIR_021,NEWDEV2_092,V4_TARGET_EXPANSION_2026-08-16,COMPETITIVE,0,0,HGB_ALL_EXPLORATORY,0.0
V4EXP_PAIR_026,MLV2_DEV_005,V4_TARGET_EXPANSION_2026-08-16,PROJECT,0,0,HGB_ALL_EXPLORATORY,1.0
V4EXP_PAIR_031,NEWDEV2_054,V4_TARGET_EXPANSION_2026-08-16,PROJECT,0,0,HGB_ALL_EXPLORATORY,0.0
V4EXP_PAIR_045,MLV2_DEV_003,V4_TARGET_EXPANSION_2026-08-16,PROJECT,0,0,HGB_ALL_EXPLORATORY,0.0
V4EXP_PAIR_047,NEWDEV2_041,V4_TARGET_EXPANSION_2026-08-16,STATUS,0,0,HGB_ALL_EXPLORATORY,1.0
V4PRE_PAIR_001,NEWDEV2_006,PREEXISTING_414_SOURCE_REVIEW,COMPETITIVE,0,1,AGE_YOUNGER_FIXED,0.0
V4PRE_PAIR_009,NEWDEV2_030,PREEXISTING_414_SOURCE_REVIEW,COMPETITIVE,0,1,AGE_YOUNGER_FIXED,1.0
V4PRE_PAIR_015,NEWDEV2_056,PREEXISTING_414_SOURCE_REVIEW,COMPETITIVE,0,1,AGE_YOUNGER_FIXED,1.0
V4PRE_PAIR_019,NEWDEV2_068,PREEXISTING_414_SOURCE_REVIEW,PROJECT,0,1,AGE_YOUNGER_FIXED,1.0
V4PRE_PAIR_023,NEWDEV2_077,PREEXISTING_414_SOURCE_REVIEW,PROJECT,0,1,AGE_YOUNGER_FIXED,1.0
V4PRE_PAIR_027,NEWDEV2_089,PREEXISTING_414_SOURCE_REVIEW,STATUS,0,1,AGE_YOUNGER_FIXED,1.0
V4PRE_PAIR_036,MLV2_DEV_020,PREEXISTING_414_SOURCE_REVIEW,PROJECT,0,1,AGE_YOUNGER_FIXED,1.0
V4PRE_PAIR_039,MLV2_DEV_027,PREEXISTING_414_SOURCE_REVIEW,PROJECT,0,1,AGE_YOUNGER_FIXED,1.0
V4PRE_PAIR_041,MLV2_DEV_038,PREEXISTING_414_SOURCE_REVIEW,RECOGNITION,0,1,AGE_YOUNGER_FIXED,0.0
V4PRE_PAIR_049,MLV2_DEV_058,PREEXISTING_414_SOURCE_REVIEW,PROJECT,0,1,AGE_YOUNGER_FIXED,1.0
V4EXP_PAIR_014,NEWDEV2_056,V4_TARGET_EXPANSION_2026-08-16,COMPETITIVE,0,1,AGE_YOUNGER_FIXED,0.0
V4EXP_PAIR_015,NEWDEV2_056,V4_TARGET_EXPANSION_2026-08-16,COMPETITIVE,0,1,AGE_YOUNGER_FIXED,0.0
V4EXP_PAIR_016,NEWDEV2_056,V4_TARGET_EXPANSION_2026-08-16,COMPETITIVE,0,1,AGE_YOUNGER_FIXED,0.0
V4EXP_PAIR_017,NEWDEV2_060,V4_TARGET_EXPANSION_2026-08-16,COMPETITIVE,0,1,AGE_YOUNGER_FIXED,0.0
V4EXP_PAIR_022,NEWDEV2_059,V4_TARGET_EXPANSION_2026-08-16,COMPETITIVE,0,1,AGE_YOUNGER_FIXED,0.0
V4EXP_PAIR_023,NEWDEV2_059,V4_TARGET_EXPANSION_2026-08-16,COMPETITIVE,0,1,AGE_YOUNGER_FIXED,0.0
V4EXP_PAIR_028,MLV2_DEV_027,V4_TARGET_EXPANSION_2026-08-16,PROJECT,0,1,AGE_YOUNGER_FIXED,0.0
V4EXP_PAIR_036,NEWDEV2_100,V4_TARGET_EXPANSION_2026-08-16,PROJECT,0,1,AGE_YOUNGER_FIXED,0.0
V4EXP_PAIR_037,MLV2_DEV_028,V4_TARGET_EXPANSION_2026-08-16,PROJECT,0,1,AGE_YOUNGER_FIXED,0.0
V4EXP_PAIR_049,NEWDEV2_089,V4_TARGET_EXPANSION_2026-08-16,STATUS,0,1,AGE_YOUNGER_FIXED,0.0
V4PRE_PAIR_001,NEWDEV2_006,PREEXISTING_414_SOURCE_REVIEW,COMPETITIVE,0,1,AGE_LATER_FIXED,1.0
V4PRE_PAIR_009,NEWDEV2_030,PREEXISTING_414_SOURCE_REVIEW,COMPETITIVE,0,1,AGE_LATER_FIXED,0.0
V4PRE_PAIR_015,NEWDEV2_056,PREEXISTING_414_SOURCE_REVIEW,COMPETITIVE,0,1,AGE_LATER_FIXED,0.0
V4PRE_PAIR_019,NEWDEV2_068,PREEXISTING_414_SOURCE_REVIEW,PROJECT,0,1,AGE_LATER_FIXED,0.0
V4PRE_PAIR_023,NEWDEV2_077,PREEXISTING_414_SOURCE_REVIEW,PROJECT,0,1,AGE_LATER_FIXED,0.0
V4PRE_PAIR_027,NEWDEV2_089,PREEXISTING_414_SOURCE_REVIEW,STATUS,0,1,AGE_LATER_FIXED,0.0
V4PRE_PAIR_036,MLV2_DEV_020,PREEXISTING_414_SOURCE_REVIEW,PROJECT,0,1,AGE_LATER_FIXED,0.0
V4PRE_PAIR_039,MLV2_DEV_027,PREEXISTING_414_SOURCE_REVIEW,PROJECT,0,1,AGE_LATER_FIXED,0.0
V4PRE_PAIR_041,MLV2_DEV_038,PREEXISTING_414_SOURCE_REVIEW,RECOGNITION,0,1,AGE_LATER_FIXED,1.0
V4PRE_PAIR_049,MLV2_DEV_058,PREEXISTING_414_SOURCE_REVIEW,PROJECT,0,1,AGE_LATER_FIXED,0.0
V4EXP_PAIR_014,NEWDEV2_056,V4_TARGET_EXPANSION_2026-08-16,COMPETITIVE,0,1,AGE_LATER_FIXED,1.0
V4EXP_PAIR_015,NEWDEV2_056,V4_TARGET_EXPANSION_2026-08-16,COMPETITIVE,0,1,AGE_LATER_FIXED,1.0
V4EXP_PAIR_016,NEWDEV2_056,V4_TARGET_EXPANSION_2026-08-16,COMPETITIVE,0,1,AGE_LATER_FIXED,1.0
V4EXP_PAIR_017,NEWDEV2_060,V4_TARGET_EXPANSION_2026-08-16,COMPETITIVE,0,1,AGE_LATER_FIXED,1.0
V4EXP_PAIR_022,NEWDEV2_059,V4_TARGET_EXPANSION_2026-08-16,COMPETITIVE,0,1,AGE_LATER_FIXED,1.0
V4EXP_PAIR_023,NEWDEV2_059,V4_TARGET_EXPANSION_2026-08-16,COMPETITIVE,0,1,AGE_LATER_FIXED,1.0
V4EXP_PAIR_028,MLV2_DEV_027,V4_TARGET_EXPANSION_2026-08-16,PROJECT,0,1,AGE_LATER_FIXED,1.0
V4EXP_PAIR_036,NEWDEV2_100,V4_TARGET_EXPANSION_2026-08-16,PROJECT,0,1,AGE_LATER_FIXED,1.0
V4EXP_PAIR_037,MLV2_DEV_028,V4_TARGET_EXPANSION_2026-08-16,PROJECT,0,1,AGE_LATER_FIXED,1.0
V4EXP_PAIR_049,NEWDEV2_089,V4_TARGET_EXPANSION_2026-08-16,STATUS,0,1,AGE_LATER_FIXED,1.0
V4PRE_PAIR_001,NEWDEV2_006,PREEXISTING_414_SOURCE_REVIEW,COMPETITIVE,0,1,CONTROL_FIXED,0.5
V4PRE_PAIR_009,NEWDEV2_030,PREEXISTING_414_SOURCE_REVIEW,COMPETITIVE,0,1,CONTROL_FIXED,0.0
V4PRE_PAIR_015,NEWDEV2_056,PREEXISTING_414_SOURCE_REVIEW,COMPETITIVE,0,1,CONTROL_FIXED,0.0
V4PRE_PAIR_019,NEWDEV2_068,PREEXISTING_414_SOURCE_REVIEW,PROJECT,0,1,CONTROL_FIXED,0.0
V4PRE_PAIR_023,NEWDEV2_077,PREEXISTING_414_SOURCE_REVIEW,PROJECT,0,1,CONTROL_FIXED,1.0
V4PRE_PAIR_027,NEWDEV2_089,PREEXISTING_414_SOURCE_REVIEW,STATUS,0,1,CONTROL_FIXED,1.0
V4PRE_PAIR_036,MLV2_DEV_020,PREEXISTING_414_SOURCE_REVIEW,PROJECT,0,1,CONTROL_FIXED,0.0
V4PRE_PAIR_039,MLV2_DEV_027,PREEXISTING_414_SOURCE_REVIEW,PROJECT,0,1,CONTROL_FIXED,1.0
V4PRE_PAIR_041,MLV2_DEV_038,PREEXISTING_414_SOURCE_REVIEW,RECOGNITION,0,1,CONTROL_FIXED,0.0
V4PRE_PAIR_049,MLV2_DEV_058,PREEXISTING_414_SOURCE_REVIEW,PROJECT,0,1,CONTROL_FIXED,0.0
V4EXP_PAIR_014,NEWDEV2_056,V4_TARGET_EXPANSION_2026-08-16,COMPETITIVE,0,1,CONTROL_FIXED,0.0
V4EXP_PAIR_015,NEWDEV2_056,V4_TARGET_EXPANSION_2026-08-16,COMPETITIVE,0,1,CONTROL_FIXED,0.0
V4EXP_PAIR_016,NEWDEV2_056,V4_TARGET_EXPANSION_2026-08-16,COMPETITIVE,0,1,CONTROL_FIXED,0.0
V4EXP_PAIR_017,NEWDEV2_060,V4_TARGET_EXPANSION_2026-08-16,COMPETITIVE,0,1,CONTROL_FIXED,0.0
V4EXP_PAIR_022,NEWDEV2_059,V4_TARGET_EXPANSION_2026-08-16,COMPETITIVE,0,1,CONTROL_FIXED,0.0
V4EXP_PAIR_023,NEWDEV2_059,V4_TARGET_EXPANSION_2026-08-16,COMPETITIVE,0,1,CONTROL_FIXED,0.0
V4EXP_PAIR_028,MLV2_DEV_027,V4_TARGET_EXPANSION_2026-08-16,PROJECT,0,1,CONTROL_FIXED,1.0
V4EXP_PAIR_036,NEWDEV2_100,V4_TARGET_EXPANSION_2026-08-16,PROJECT,0,1,CONTROL_FIXED,0.0
V4EXP_PAIR_037,MLV2_DEV_028,V4_TARGET_EXPANSION_2026-08-16,PROJECT,0,1,CONTROL_FIXED,1.0
V4EXP_PAIR_049,NEWDEV2_089,V4_TARGET_EXPANSION_2026-08-16,STATUS,0,1,CONTROL_FIXED,1.0
V4PRE_PAIR_001,NEWDEV2_006,PREEXISTING_414_SOURCE_REVIEW,COMPETITIVE,0,1,TG5_GROUP_L2,1.0
V4PRE_PAIR_009,NEWDEV2_030,PREEXISTING_414_SOURCE_REVIEW,COMPETITIVE,0,1,TG5_GROUP_L2,0.0
V4PRE_PAIR_015,NEWDEV2_056,PREEXISTING_414_SOURCE_REVIEW,COMPETITIVE,0,1,TG5_GROUP_L2,0.0
V4PRE_PAIR_019,NEWDEV2_068,PREEXISTING_414_SOURCE_REVIEW,PROJECT,0,1,TG5_GROUP_L2,0.5
V4PRE_PAIR_023,NEWDEV2_077,PREEXISTING_414_SOURCE_REVIEW,PROJECT,0,1,TG5_GROUP_L2,0.0
V4PRE_PAIR_027,NEWDEV2_089,PREEXISTING_414_SOURCE_REVIEW,STATUS,0,1,TG5_GROUP_L2,1.0
V4PRE_PAIR_036,MLV2_DEV_020,PREEXISTING_414_SOURCE_REVIEW,PROJECT,0,1,TG5_GROUP_L2,0.0
V4PRE_PAIR_039,MLV2_DEV_027,PREEXISTING_414_SOURCE_REVIEW,PROJECT,0,1,TG5_GROUP_L2,0.0
V4PRE_PAIR_041,MLV2_DEV_038,PREEXISTING_414_SOURCE_REVIEW,RECOGNITION,0,1,TG5_GROUP_L2,1.0
V4PRE_PAIR_049,MLV2_DEV_058,PREEXISTING_414_SOURCE_REVIEW,PROJECT,0,1,TG5_GROUP_L2,1.0
V4EXP_PAIR_014,NEWDEV2_056,V4_TARGET_EXPANSION_2026-08-16,COMPETITIVE,0,1,TG5_GROUP_L2,0.5
V4EXP_PAIR_015,NEWDEV2_056,V4_TARGET_EXPANSION_2026-08-16,COMPETITIVE,0,1,TG5_GROUP_L2,0.0
V4EXP_PAIR_016,NEWDEV2_056,V4_TARGET_EXPANSION_2026-08-16,COMPETITIVE,0,1,TG5_GROUP_L2,0.0
V4EXP_PAIR_017,NEWDEV2_060,V4_TARGET_EXPANSION_2026-08-16,COMPETITIVE,0,1,TG5_GROUP_L2,0.0
V4EXP_PAIR_022,NEWDEV2_059,V4_TARGET_EXPANSION_2026-08-16,COMPETITIVE,0,1,TG5_GROUP_L2,1.0
V4EXP_PAIR_023,NEWDEV2_059,V4_TARGET_EXPANSION_2026-08-16,COMPETITIVE,0,1,TG5_GROUP_L2,0.5
V4EXP_PAIR_028,MLV2_DEV_027,V4_TARGET_EXPANSION_2026-08-16,PROJECT,0,1,TG5_GROUP_L2,1.0
V4EXP_PAIR_036,NEWDEV2_100,V4_TARGET_EXPANSION_2026-08-16,PROJECT,0,1,TG5_GROUP_L2,1.0
V4EXP_PAIR_037,MLV2_DEV_028,V4_TARGET_EXPANSION_2026-08-16,PROJECT,0,1,TG5_GROUP_L2,0.0
V4EXP_PAIR_049,NEWDEV2_089,V4_TARGET_EXPANSION_2026-08-16,STATUS,0,1,TG5_GROUP_L2,0.5
V4PRE_PAIR_001,NEWDEV2_006,PREEXISTING_414_SOURCE_REVIEW,COMPETITIVE,0,1,TG10_STEM_L2,0.0
V4PRE_PAIR_009,NEWDEV2_030,PREEXISTING_414_SOURCE_REVIEW,COMPETITIVE,0,1,TG10_STEM_L2,0.0
V4PRE_PAIR_015,NEWDEV2_056,PREEXISTING_414_SOURCE_REVIEW,COMPETITIVE,0,1,TG10_STEM_L2,0.0
V4PRE_PAIR_019,NEWDEV2_068,PREEXISTING_414_SOURCE_REVIEW,PROJECT,0,1,TG10_STEM_L2,1.0
V4PRE_PAIR_023,NEWDEV2_077,PREEXISTING_414_SOURCE_REVIEW,PROJECT,0,1,TG10_STEM_L2,0.0
V4PRE_PAIR_027,NEWDEV2_089,PREEXISTING_414_SOURCE_REVIEW,STATUS,0,1,TG10_STEM_L2,1.0
V4PRE_PAIR_036,MLV2_DEV_020,PREEXISTING_414_SOURCE_REVIEW,PROJECT,0,1,TG10_STEM_L2,0.0
V4PRE_PAIR_039,MLV2_DEV_027,PREEXISTING_414_SOURCE_REVIEW,PROJECT,0,1,TG10_STEM_L2,1.0
V4PRE_PAIR_041,MLV2_DEV_038,PREEXISTING_414_SOURCE_REVIEW,RECOGNITION,0,1,TG10_STEM_L2,1.0
V4PRE_PAIR_049,MLV2_DEV_058,PREEXISTING_414_SOURCE_REVIEW,PROJECT,0,1,TG10_STEM_L2,1.0
V4EXP_PAIR_014,NEWDEV2_056,V4_TARGET_EXPANSION_2026-08-16,COMPETITIVE,0,1,TG10_STEM_L2,1.0
V4EXP_PAIR_015,NEWDEV2_056,V4_TARGET_EXPANSION_2026-08-16,COMPETITIVE,0,1,TG10_STEM_L2,0.0
V4EXP_PAIR_016,NEWDEV2_056,V4_TARGET_EXPANSION_2026-08-16,COMPETITIVE,0,1,TG10_STEM_L2,0.0
V4EXP_PAIR_017,NEWDEV2_060,V4_TARGET_EXPANSION_2026-08-16,COMPETITIVE,0,1,TG10_STEM_L2,0.0
V4EXP_PAIR_022,NEWDEV2_059,V4_TARGET_EXPANSION_2026-08-16,COMPETITIVE,0,1,TG10_STEM_L2,1.0
V4EXP_PAIR_023,NEWDEV2_059,V4_TARGET_EXPANSION_2026-08-16,COMPETITIVE,0,1,TG10_STEM_L2,0.0
V4EXP_PAIR_028,MLV2_DEV_027,V4_TARGET_EXPANSION_2026-08-16,PROJECT,0,1,TG10_STEM_L2,1.0
V4EXP_PAIR_036,NEWDEV2_100,V4_TARGET_EXPANSION_2026-08-16,PROJECT,0,1,TG10_STEM_L2,1.0
V4EXP_PAIR_037,MLV2_DEV_028,V4_TARGET_EXPANSION_2026-08-16,PROJECT,0,1,TG10_STEM_L2,1.0
V4EXP_PAIR_049,NEWDEV2_089,V4_TARGET_EXPANSION_2026-08-16,STATUS,0,1,TG10_STEM_L2,1.0
V4PRE_PAIR_001,NEWDEV2_006,PREEXISTING_414_SOURCE_REVIEW,COMPETITIVE,0,1,TG10_STEM_BRANCH_L2,0.0
V4PRE_PAIR_009,NEWDEV2_030,PREEXISTING_414_SOURCE_REVIEW,COMPETITIVE,0,1,TG10_STEM_BRANCH_L2,0.0
V4PRE_PAIR_015,NEWDEV2_056,PREEXISTING_414_SOURCE_REVIEW,COMPETITIVE,0,1,TG10_STEM_BRANCH_L2,0.0
V4PRE_PAIR_019,NEWDEV2_068,PREEXISTING_414_SOURCE_REVIEW,PROJECT,0,1,TG10_STEM_BRANCH_L2,1.0
V4PRE_PAIR_023,NEWDEV2_077,PREEXISTING_414_SOURCE_REVIEW,PROJECT,0,1,TG10_STEM_BRANCH_L2,0.0
V4PRE_PAIR_027,NEWDEV2_089,PREEXISTING_414_SOURCE_REVIEW,STATUS,0,1,TG10_STEM_BRANCH_L2,1.0
V4PRE_PAIR_036,MLV2_DEV_020,PREEXISTING_414_SOURCE_REVIEW,PROJECT,0,1,TG10_STEM_BRANCH_L2,1.0
V4PRE_PAIR_039,MLV2_DEV_027,PREEXISTING_414_SOURCE_REVIEW,PROJECT,0,1,TG10_STEM_BRANCH_L2,1.0
V4PRE_PAIR_041,MLV2_DEV_038,PREEXISTING_414_SOURCE_REVIEW,RECOGNITION,0,1,TG10_STEM_BRANCH_L2,1.0
V4PRE_PAIR_049,MLV2_DEV_058,PREEXISTING_414_SOURCE_REVIEW,PROJECT,0,1,TG10_STEM_BRANCH_L2,0.0
V4EXP_PAIR_014,NEWDEV2_056,V4_TARGET_EXPANSION_2026-08-16,COMPETITIVE,0,1,TG10_STEM_BRANCH_L2,0.0
V4EXP_PAIR_015,NEWDEV2_056,V4_TARGET_EXPANSION_2026-08-16,COMPETITIVE,0,1,TG10_STEM_BRANCH_L2,0.0
V4EXP_PAIR_016,NEWDEV2_056,V4_TARGET_EXPANSION_2026-08-16,COMPETITIVE,0,1,TG10_STEM_BRANCH_L2,0.0
V4EXP_PAIR_017,NEWDEV2_060,V4_TARGET_EXPANSION_2026-08-16,COMPETITIVE,0,1,TG10_STEM_BRANCH_L2,0.0
V4EXP_PAIR_022,NEWDEV2_059,V4_TARGET_EXPANSION_2026-08-16,COMPETITIVE,0,1,TG10_STEM_BRANCH_L2,1.0
V4EXP_PAIR_023,NEWDEV2_059,V4_TARGET_EXPANSION_2026-08-16,COMPETITIVE,0,1,TG10_STEM_BRANCH_L2,0.0
V4EXP_PAIR_028,MLV2_DEV_027,V4_TARGET_EXPANSION_2026-08-16,PROJECT,0,1,TG10_STEM_BRANCH_L2,1.0
V4EXP_PAIR_036,NEWDEV2_100,V4_TARGET_EXPANSION_2026-08-16,PROJECT,0,1,TG10_STEM_BRANCH_L2,1.0
V4EXP_PAIR_037,MLV2_DEV_028,V4_TARGET_EXPANSION_2026-08-16,PROJECT,0,1,TG10_STEM_BRANCH_L2,1.0
V4EXP_PAIR_049,NEWDEV2_089,V4_TARGET_EXPANSION_2026-08-16,STATUS,0,1,TG10_STEM_BRANCH_L2,1.0
V4PRE_PAIR_001,NEWDEV2_006,PREEXISTING_414_SOURCE_REVIEW,COMPETITIVE,0,1,TG10_SB_STRENGTH_L2,0.0
V4PRE_PAIR_009,NEWDEV2_030,PREEXISTING_414_SOURCE_REVIEW,COMPETITIVE,0,1,TG10_SB_STRENGTH_L2,0.0
V4PRE_PAIR_015,NEWDEV2_056,PREEXISTING_414_SOURCE_REVIEW,COMPETITIVE,0,1,TG10_SB_STRENGTH_L2,0.0
V4PRE_PAIR_019,NEWDEV2_068,PREEXISTING_414_SOURCE_REVIEW,PROJECT,0,1,TG10_SB_STRENGTH_L2,0.0
V4PRE_PAIR_023,NEWDEV2_077,PREEXISTING_414_SOURCE_REVIEW,PROJECT,0,1,TG10_SB_STRENGTH_L2,0.0
V4PRE_PAIR_027,NEWDEV2_089,PREEXISTING_414_SOURCE_REVIEW,STATUS,0,1,TG10_SB_STRENGTH_L2,1.0
V4PRE_PAIR_036,MLV2_DEV_020,PREEXISTING_414_SOURCE_REVIEW,PROJECT,0,1,TG10_SB_STRENGTH_L2,1.0
V4PRE_PAIR_039,MLV2_DEV_027,PREEXISTING_414_SOURCE_REVIEW,PROJECT,0,1,TG10_SB_STRENGTH_L2,1.0
V4PRE_PAIR_041,MLV2_DEV_038,PREEXISTING_414_SOURCE_REVIEW,RECOGNITION,0,1,TG10_SB_STRENGTH_L2,0.0
V4PRE_PAIR_049,MLV2_DEV_058,PREEXISTING_414_SOURCE_REVIEW,PROJECT,0,1,TG10_SB_STRENGTH_L2,0.0
V4EXP_PAIR_014,NEWDEV2_056,V4_TARGET_EXPANSION_2026-08-16,COMPETITIVE,0,1,TG10_SB_STRENGTH_L2,0.0
V4EXP_PAIR_015,NEWDEV2_056,V4_TARGET_EXPANSION_2026-08-16,COMPETITIVE,0,1,TG10_SB_STRENGTH_L2,0.0
V4EXP_PAIR_016,NEWDEV2_056,V4_TARGET_EXPANSION_2026-08-16,COMPETITIVE,0,1,TG10_SB_STRENGTH_L2,0.0
V4EXP_PAIR_017,NEWDEV2_060,V4_TARGET_EXPANSION_2026-08-16,COMPETITIVE,0,1,TG10_SB_STRENGTH_L2,0.0
V4EXP_PAIR_022,NEWDEV2_059,V4_TARGET_EXPANSION_2026-08-16,COMPETITIVE,0,1,TG10_SB_STRENGTH_L2,1.0
V4EXP_PAIR_023,NEWDEV2_059,V4_TARGET_EXPANSION_2026-08-16,COMPETITIVE,0,1,TG10_SB_STRENGTH_L2,1.0
V4EXP_PAIR_028,MLV2_DEV_027,V4_TARGET_EXPANSION_2026-08-16,PROJECT,0,1,TG10_SB_STRENGTH_L2,1.0
V4EXP_PAIR_036,NEWDEV2_100,V4_TARGET_EXPANSION_2026-08-16,PROJECT,0,1,TG10_SB_STRENGTH_L2,1.0
V4EXP_PAIR_037,MLV2_DEV_028,V4_TARGET_EXPANSION_2026-08-16,PROJECT,0,1,TG10_SB_STRENGTH_L2,1.0
V4EXP_PAIR_049,NEWDEV2_089,V4_TARGET_EXPANSION_2026-08-16,STATUS,0,1,TG10_SB_STRENGTH_L2,1.0
V4PRE_PAIR_001,NEWDEV2_006,PREEXISTING_414_SOURCE_REVIEW,COMPETITIVE,0,1,TG10_SB_RELATIONS_L2,0.0
V4PRE_PAIR_009,NEWDEV2_030,PREEXISTING_414_SOURCE_REVIEW,COMPETITIVE,0,1,TG10_SB_RELATIONS_L2,0.0
V4PRE_PAIR_015,NEWDEV2_056,PREEXISTING_414_SOURCE_REVIEW,COMPETITIVE,0,1,TG10_SB_RELATIONS_L2,0.0
V4PRE_PAIR_019,NEWDEV2_068,PREEXISTING_414_SOURCE_REVIEW,PROJECT,0,1,TG10_SB_RELATIONS_L2,0.0
V4PRE_PAIR_023,NEWDEV2_077,PREEXISTING_414_SOURCE_REVIEW,PROJECT,0,1,TG10_SB_RELATIONS_L2,0.0
V4PRE_PAIR_027,NEWDEV2_089,PREEXISTING_414_SOURCE_REVIEW,STATUS,0,1,TG10_SB_RELATIONS_L2,1.0
V4PRE_PAIR_036,MLV2_DEV_020,PREEXISTING_414_SOURCE_REVIEW,PROJECT,0,1,TG10_SB_RELATIONS_L2,1.0
V4PRE_PAIR_039,MLV2_DEV_027,PREEXISTING_414_SOURCE_REVIEW,PROJECT,0,1,TG10_SB_RELATIONS_L2,1.0
V4PRE_PAIR_041,MLV2_DEV_038,PREEXISTING_414_SOURCE_REVIEW,RECOGNITION,0,1,TG10_SB_RELATIONS_L2,1.0
V4PRE_PAIR_049,MLV2_DEV_058,PREEXISTING_414_SOURCE_REVIEW,PROJECT,0,1,TG10_SB_RELATIONS_L2,0.0
V4EXP_PAIR_014,NEWDEV2_056,V4_TARGET_EXPANSION_2026-08-16,COMPETITIVE,0,1,TG10_SB_RELATIONS_L2,0.0
V4EXP_PAIR_015,NEWDEV2_056,V4_TARGET_EXPANSION_2026-08-16,COMPETITIVE,0,1,TG10_SB_RELATIONS_L2,0.0
V4EXP_PAIR_016,NEWDEV2_056,V4_TARGET_EXPANSION_2026-08-16,COMPETITIVE,0,1,TG10_SB_RELATIONS_L2,0.0
V4EXP_PAIR_017,NEWDEV2_060,V4_TARGET_EXPANSION_2026-08-16,COMPETITIVE,0,1,TG10_SB_RELATIONS_L2,0.0
V4EXP_PAIR_022,NEWDEV2_059,V4_TARGET_EXPANSION_2026-08-16,COMPETITIVE,0,1,TG10_SB_RELATIONS_L2,1.0
V4EXP_PAIR_023,NEWDEV2_059,V4_TARGET_EXPANSION_2026-08-16,COMPETITIVE,0,1,TG10_SB_RELATIONS_L2,1.0
V4EXP_PAIR_028,MLV2_DEV_027,V4_TARGET_EXPANSION_2026-08-16,PROJECT,0,1,TG10_SB_RELATIONS_L2,1.0
V4EXP_PAIR_036,NEWDEV2_100,V4_TARGET_EXPANSION_2026-08-16,PROJECT,0,1,TG10_SB_RELATIONS_L2,1.0
V4EXP_PAIR_037,MLV2_DEV_028,V4_TARGET_EXPANSION_2026-08-16,PROJECT,0,1,TG10_SB_RELATIONS_L2,1.0
V4EXP_PAIR_049,NEWDEV2_089,V4_TARGET_EXPANSION_2026-08-16,STATUS,0,1,TG10_SB_RELATIONS_L2,1.0
V4PRE_PAIR_001,NEWDEV2_006,PREEXISTING_414_SOURCE_REVIEW,COMPETITIVE,0,1,ALL_L2,0.0
V4PRE_PAIR_009,NEWDEV2_030,PREEXISTING_414_SOURCE_REVIEW,COMPETITIVE,0,1,ALL_L2,0.0
V4PRE_PAIR_015,NEWDEV2_056,PREEXISTING_414_SOURCE_REVIEW,COMPETITIVE,0,1,ALL_L2,0.0
V4PRE_PAIR_019,NEWDEV2_068,PREEXISTING_414_SOURCE_REVIEW,PROJECT,0,1,ALL_L2,0.0
V4PRE_PAIR_023,NEWDEV2_077,PREEXISTING_414_SOURCE_REVIEW,PROJECT,0,1,ALL_L2,1.0
V4PRE_PAIR_027,NEWDEV2_089,PREEXISTING_414_SOURCE_REVIEW,STATUS,0,1,ALL_L2,1.0
V4PRE_PAIR_036,MLV2_DEV_020,PREEXISTING_414_SOURCE_REVIEW,PROJECT,0,1,ALL_L2,0.0
V4PRE_PAIR_039,MLV2_DEV_027,PREEXISTING_414_SOURCE_REVIEW,PROJECT,0,1,ALL_L2,1.0
V4PRE_PAIR_041,MLV2_DEV_038,PREEXISTING_414_SOURCE_REVIEW,RECOGNITION,0,1,ALL_L2,0.0
V4PRE_PAIR_049,MLV2_DEV_058,PREEXISTING_414_SOURCE_REVIEW,PROJECT,0,1,ALL_L2,1.0
V4EXP_PAIR_014,NEWDEV2_056,V4_TARGET_EXPANSION_2026-08-16,COMPETITIVE,0,1,ALL_L2,1.0
V4EXP_PAIR_015,NEWDEV2_056,V4_TARGET_EXPANSION_2026-08-16,COMPETITIVE,0,1,ALL_L2,0.0
V4EXP_PAIR_016,NEWDEV2_056,V4_TARGET_EXPANSION_2026-08-16,COMPETITIVE,0,1,ALL_L2,0.0
V4EXP_PAIR_017,NEWDEV2_060,V4_TARGET_EXPANSION_2026-08-16,COMPETITIVE,0,1,ALL_L2,0.0
V4EXP_PAIR_022,NEWDEV2_059,V4_TARGET_EXPANSION_2026-08-16,COMPETITIVE,0,1,ALL_L2,1.0
V4EXP_PAIR_023,NEWDEV2_059,V4_TARGET_EXPANSION_2026-08-16,COMPETITIVE,0,1,ALL_L2,1.0
V4EXP_PAIR_028,MLV2_DEV_027,V4_TARGET_EXPANSION_2026-08-16,PROJECT,0,1,ALL_L2,1.0
V4EXP_PAIR_036,NEWDEV2_100,V4_TARGET_EXPANSION_2026-08-16,PROJECT,0,1,ALL_L2,1.0
V4EXP_PAIR_037,MLV2_DEV_028,V4_TARGET_EXPANSION_2026-08-16,PROJECT,0,1,ALL_L2,1.0
V4EXP_PAIR_049,NEWDEV2_089,V4_TARGET_EXPANSION_2026-08-16,STATUS,0,1,ALL_L2,1.0
V4PRE_PAIR_001,NEWDEV2_006,PREEXISTING_414_SOURCE_REVIEW,COMPETITIVE,0,1,NUISANCE_AGE_AXIS,0.0
V4PRE_PAIR_009,NEWDEV2_030,PREEXISTING_414_SOURCE_REVIEW,COMPETITIVE,0,1,NUISANCE_AGE_AXIS,1.0
V4PRE_PAIR_015,NEWDEV2_056,PREEXISTING_414_SOURCE_REVIEW,COMPETITIVE,0,1,NUISANCE_AGE_AXIS,1.0
V4PRE_PAIR_019,NEWDEV2_068,PREEXISTING_414_SOURCE_REVIEW,PROJECT,0,1,NUISANCE_AGE_AXIS,1.0
V4PRE_PAIR_023,NEWDEV2_077,PREEXISTING_414_SOURCE_REVIEW,PROJECT,0,1,NUISANCE_AGE_AXIS,1.0
V4PRE_PAIR_027,NEWDEV2_089,PREEXISTING_414_SOURCE_REVIEW,STATUS,0,1,NUISANCE_AGE_AXIS,1.0
V4PRE_PAIR_036,MLV2_DEV_020,PREEXISTING_414_SOURCE_REVIEW,PROJECT,0,1,NUISANCE_AGE_AXIS,1.0
V4PRE_PAIR_039,MLV2_DEV_027,PREEXISTING_414_SOURCE_REVIEW,PROJECT,0,1,NUISANCE_AGE_AXIS,1.0
V4PRE_PAIR_041,MLV2_DEV_038,PREEXISTING_414_SOURCE_REVIEW,RECOGNITION,0,1,NUISANCE_AGE_AXIS,0.0
V4PRE_PAIR_049,MLV2_DEV_058,PREEXISTING_414_SOURCE_REVIEW,PROJECT,0,1,NUISANCE_AGE_AXIS,1.0
V4EXP_PAIR_014,NEWDEV2_056,V4_TARGET_EXPANSION_2026-08-16,COMPETITIVE,0,1,NUISANCE_AGE_AXIS,0.0
V4EXP_PAIR_015,NEWDEV2_056,V4_TARGET_EXPANSION_2026-08-16,COMPETITIVE,0,1,NUISANCE_AGE_AXIS,0.0
V4EXP_PAIR_016,NEWDEV2_056,V4_TARGET_EXPANSION_2026-08-16,COMPETITIVE,0,1,NUISANCE_AGE_AXIS,0.0
V4EXP_PAIR_017,NEWDEV2_060,V4_TARGET_EXPANSION_2026-08-16,COMPETITIVE,0,1,NUISANCE_AGE_AXIS,0.0
V4EXP_PAIR_022,NEWDEV2_059,V4_TARGET_EXPANSION_2026-08-16,COMPETITIVE,0,1,NUISANCE_AGE_AXIS,0.0
V4EXP_PAIR_023,NEWDEV2_059,V4_TARGET_EXPANSION_2026-08-16,COMPETITIVE,0,1,NUISANCE_AGE_AXIS,0.0
V4EXP_PAIR_028,MLV2_DEV_027,V4_TARGET_EXPANSION_2026-08-16,PROJECT,0,1,NUISANCE_AGE_AXIS,0.0
V4EXP_PAIR_036,NEWDEV2_100,V4_TARGET_EXPANSION_2026-08-16,PROJECT,0,1,NUISANCE_AGE_AXIS,0.0
V4EXP_PAIR_037,MLV2_DEV_028,V4_TARGET_EXPANSION_2026-08-16,PROJECT,0,1,NUISANCE_AGE_AXIS,0.0
V4EXP_PAIR_049,NEWDEV2_089,V4_TARGET_EXPANSION_2026-08-16,STATUS,0,1,NUISANCE_AGE_AXIS,0.0
V4PRE_PAIR_001,NEWDEV2_006,PREEXISTING_414_SOURCE_REVIEW,COMPETITIVE,0,1,NUISANCE_WITH_ORIGIN_DIAGNOSTIC,0.0
V4PRE_PAIR_009,NEWDEV2_030,PREEXISTING_414_SOURCE_REVIEW,COMPETITIVE,0,1,NUISANCE_WITH_ORIGIN_DIAGNOSTIC,1.0
V4PRE_PAIR_015,NEWDEV2_056,PREEXISTING_414_SOURCE_REVIEW,COMPETITIVE,0,1,NUISANCE_WITH_ORIGIN_DIAGNOSTIC,1.0
V4PRE_PAIR_019,NEWDEV2_068,PREEXISTING_414_SOURCE_REVIEW,PROJECT,0,1,NUISANCE_WITH_ORIGIN_DIAGNOSTIC,1.0
V4PRE_PAIR_023,NEWDEV2_077,PREEXISTING_414_SOURCE_REVIEW,PROJECT,0,1,NUISANCE_WITH_ORIGIN_DIAGNOSTIC,1.0
V4PRE_PAIR_027,NEWDEV2_089,PREEXISTING_414_SOURCE_REVIEW,STATUS,0,1,NUISANCE_WITH_ORIGIN_DIAGNOSTIC,1.0
V4PRE_PAIR_036,MLV2_DEV_020,PREEXISTING_414_SOURCE_REVIEW,PROJECT,0,1,NUISANCE_WITH_ORIGIN_DIAGNOSTIC,1.0
V4PRE_PAIR_039,MLV2_DEV_027,PREEXISTING_414_SOURCE_REVIEW,PROJECT,0,1,NUISANCE_WITH_ORIGIN_DIAGNOSTIC,1.0
V4PRE_PAIR_041,MLV2_DEV_038,PREEXISTING_414_SOURCE_REVIEW,RECOGNITION,0,1,NUISANCE_WITH_ORIGIN_DIAGNOSTIC,0.0
V4PRE_PAIR_049,MLV2_DEV_058,PREEXISTING_414_SOURCE_REVIEW,PROJECT,0,1,NUISANCE_WITH_ORIGIN_DIAGNOSTIC,1.0
V4EXP_PAIR_014,NEWDEV2_056,V4_TARGET_EXPANSION_2026-08-16,COMPETITIVE,0,1,NUISANCE_WITH_ORIGIN_DIAGNOSTIC,1.0
V4EXP_PAIR_015,NEWDEV2_056,V4_TARGET_EXPANSION_2026-08-16,COMPETITIVE,0,1,NUISANCE_WITH_ORIGIN_DIAGNOSTIC,1.0
V4EXP_PAIR_016,NEWDEV2_056,V4_TARGET_EXPANSION_2026-08-16,COMPETITIVE,0,1,NUISANCE_WITH_ORIGIN_DIAGNOSTIC,1.0
V4EXP_PAIR_017,NEWDEV2_060,V4_TARGET_EXPANSION_2026-08-16,COMPETITIVE,0,1,NUISANCE_WITH_ORIGIN_DIAGNOSTIC,1.0
V4EXP_PAIR_022,NEWDEV2_059,V4_TARGET_EXPANSION_2026-08-16,COMPETITIVE,0,1,NUISANCE_WITH_ORIGIN_DIAGNOSTIC,1.0
V4EXP_PAIR_023,NEWDEV2_059,V4_TARGET_EXPANSION_2026-08-16,COMPETITIVE,0,1,NUISANCE_WITH_ORIGIN_DIAGNOSTIC,1.0
V4EXP_PAIR_028,MLV2_DEV_027,V4_TARGET_EXPANSION_2026-08-16,PROJECT,0,1,NUISANCE_WITH_ORIGIN_DIAGNOSTIC,1.0
V4EXP_PAIR_036,NEWDEV2_100,V4_TARGET_EXPANSION_2026-08-16,PROJECT,0,1,NUISANCE_WITH_ORIGIN_DIAGNOSTIC,1.0
V4EXP_PAIR_037,MLV2_DEV_028,V4_TARGET_EXPANSION_2026-08-16,PROJECT,0,1,NUISANCE_WITH_ORIGIN_DIAGNOSTIC,1.0
V4EXP_PAIR_049,NEWDEV2_089,V4_TARGET_EXPANSION_2026-08-16,STATUS,0,1,NUISANCE_WITH_ORIGIN_DIAGNOSTIC,1.0
V4PRE_PAIR_001,NEWDEV2_006,PREEXISTING_414_SOURCE_REVIEW,COMPETITIVE,0,1,ALL_ELASTICNET_AUTO,0.0
V4PRE_PAIR_009,NEWDEV2_030,PREEXISTING_414_SOURCE_REVIEW,COMPETITIVE,0,1,ALL_ELASTICNET_AUTO,0.0
V4PRE_PAIR_015,NEWDEV2_056,PREEXISTING_414_SOURCE_REVIEW,COMPETITIVE,0,1,ALL_ELASTICNET_AUTO,0.0
V4PRE_PAIR_019,NEWDEV2_068,PREEXISTING_414_SOURCE_REVIEW,PROJECT,0,1,ALL_ELASTICNET_AUTO,1.0
V4PRE_PAIR_023,NEWDEV2_077,PREEXISTING_414_SOURCE_REVIEW,PROJECT,0,1,ALL_ELASTICNET_AUTO,0.0
V4PRE_PAIR_027,NEWDEV2_089,PREEXISTING_414_SOURCE_REVIEW,STATUS,0,1,ALL_ELASTICNET_AUTO,1.0
V4PRE_PAIR_036,MLV2_DEV_020,PREEXISTING_414_SOURCE_REVIEW,PROJECT,0,1,ALL_ELASTICNET_AUTO,0.0
V4PRE_PAIR_039,MLV2_DEV_027,PREEXISTING_414_SOURCE_REVIEW,PROJECT,0,1,ALL_ELASTICNET_AUTO,1.0
V4PRE_PAIR_041,MLV2_DEV_038,PREEXISTING_414_SOURCE_REVIEW,RECOGNITION,0,1,ALL_ELASTICNET_AUTO,1.0
V4PRE_PAIR_049,MLV2_DEV_058,PREEXISTING_414_SOURCE_REVIEW,PROJECT,0,1,ALL_ELASTICNET_AUTO,1.0
V4EXP_PAIR_014,NEWDEV2_056,V4_TARGET_EXPANSION_2026-08-16,COMPETITIVE,0,1,ALL_ELASTICNET_AUTO,0.0
V4EXP_PAIR_015,NEWDEV2_056,V4_TARGET_EXPANSION_2026-08-16,COMPETITIVE,0,1,ALL_ELASTICNET_AUTO,0.0
V4EXP_PAIR_016,NEWDEV2_056,V4_TARGET_EXPANSION_2026-08-16,COMPETITIVE,0,1,ALL_ELASTICNET_AUTO,0.0
V4EXP_PAIR_017,NEWDEV2_060,V4_TARGET_EXPANSION_2026-08-16,COMPETITIVE,0,1,ALL_ELASTICNET_AUTO,0.0
V4EXP_PAIR_022,NEWDEV2_059,V4_TARGET_EXPANSION_2026-08-16,COMPETITIVE,0,1,ALL_ELASTICNET_AUTO,1.0
V4EXP_PAIR_023,NEWDEV2_059,V4_TARGET_EXPANSION_2026-08-16,COMPETITIVE,0,1,ALL_ELASTICNET_AUTO,1.0
V4EXP_PAIR_028,MLV2_DEV_027,V4_TARGET_EXPANSION_2026-08-16,PROJECT,0,1,ALL_ELASTICNET_AUTO,1.0
V4EXP_PAIR_036,NEWDEV2_100,V4_TARGET_EXPANSION_2026-08-16,PROJECT,0,1,ALL_ELASTICNET_AUTO,1.0
V4EXP_PAIR_037,MLV2_DEV_028,V4_TARGET_EXPANSION_2026-08-16,PROJECT,0,1,ALL_ELASTICNET_AUTO,1.0
V4EXP_PAIR_049,NEWDEV2_089,V4_TARGET_EXPANSION_2026-08-16,STATUS,0,1,ALL_ELASTICNET_AUTO,0.0
V4PRE_PAIR_001,NEWDEV2_006,PREEXISTING_414_SOURCE_REVIEW,COMPETITIVE,0,1,HGB_ALL_EXPLORATORY,1.0
V4PRE_PAIR_009,NEWDEV2_030,PREEXISTING_414_SOURCE_REVIEW,COMPETITIVE,0,1,HGB_ALL_EXPLORATORY,0.0
V4PRE_PAIR_015,NEWDEV2_056,PREEXISTING_414_SOURCE_REVIEW,COMPETITIVE,0,1,HGB_ALL_EXPLORATORY,0.0
V4PRE_PAIR_019,NEWDEV2_068,PREEXISTING_414_SOURCE_REVIEW,PROJECT,0,1,HGB_ALL_EXPLORATORY,0.0
V4PRE_PAIR_023,NEWDEV2_077,PREEXISTING_414_SOURCE_REVIEW,PROJECT,0,1,HGB_ALL_EXPLORATORY,1.0
V4PRE_PAIR_027,NEWDEV2_089,PREEXISTING_414_SOURCE_REVIEW,STATUS,0,1,HGB_ALL_EXPLORATORY,1.0
V4PRE_PAIR_036,MLV2_DEV_020,PREEXISTING_414_SOURCE_REVIEW,PROJECT,0,1,HGB_ALL_EXPLORATORY,1.0
V4PRE_PAIR_039,MLV2_DEV_027,PREEXISTING_414_SOURCE_REVIEW,PROJECT,0,1,HGB_ALL_EXPLORATORY,0.0
V4PRE_PAIR_041,MLV2_DEV_038,PREEXISTING_414_SOURCE_REVIEW,RECOGNITION,0,1,HGB_ALL_EXPLORATORY,0.0
V4PRE_PAIR_049,MLV2_DEV_058,PREEXISTING_414_SOURCE_REVIEW,PROJECT,0,1,HGB_ALL_EXPLORATORY,0.0
V4EXP_PAIR_014,NEWDEV2_056,V4_TARGET_EXPANSION_2026-08-16,COMPETITIVE,0,1,HGB_ALL_EXPLORATORY,1.0
V4EXP_PAIR_015,NEWDEV2_056,V4_TARGET_EXPANSION_2026-08-16,COMPETITIVE,0,1,HGB_ALL_EXPLORATORY,0.0
V4EXP_PAIR_016,NEWDEV2_056,V4_TARGET_EXPANSION_2026-08-16,COMPETITIVE,0,1,HGB_ALL_EXPLORATORY,0.0
V4EXP_PAIR_017,NEWDEV2_060,V4_TARGET_EXPANSION_2026-08-16,COMPETITIVE,0,1,HGB_ALL_EXPLORATORY,0.0
V4EXP_PAIR_022,NEWDEV2_059,V4_TARGET_EXPANSION_2026-08-16,COMPETITIVE,0,1,HGB_ALL_EXPLORATORY,1.0
V4EXP_PAIR_023,NEWDEV2_059,V4_TARGET_EXPANSION_2026-08-16,COMPETITIVE,0,1,HGB_ALL_EXPLORATORY,1.0
V4EXP_PAIR_028,MLV2_DEV_027,V4_TARGET_EXPANSION_2026-08-16,PROJECT,0,1,HGB_ALL_EXPLORATORY,0.0
V4EXP_PAIR_036,NEWDEV2_100,V4_TARGET_EXPANSION_2026-08-16,PROJECT,0,1,HGB_ALL_EXPLORATORY,0.0
V4EXP_PAIR_037,MLV2_DEV_028,V4_TARGET_EXPANSION_2026-08-16,PROJECT,0,1,HGB_ALL_EXPLORATORY,1.0
V4EXP_PAIR_049,NEWDEV2_089,V4_TARGET_EXPANSION_2026-08-16,STATUS,0,1,HGB_ALL_EXPLORATORY,0.0
V4PRE_PAIR_004,NEWDEV2_016,PREEXISTING_414_SOURCE_REVIEW,COMPETITIVE,0,2,AGE_YOUNGER_FIXED,0.0
V4PRE_PAIR_014,NEWDEV2_053,PREEXISTING_414_SOURCE_REVIEW,COMPETITIVE,0,2,AGE_YOUNGER_FIXED,0.0
V4PRE_PAIR_016,NEWDEV2_065,PREEXISTING_414_SOURCE_REVIEW,COMPETITIVE,0,2,AGE_YOUNGER_FIXED,1.0
V4PRE_PAIR_017,NEWDEV2_066,PREEXISTING_414_SOURCE_REVIEW,STATUS,0,2,AGE_YOUNGER_FIXED,1.0
V4PRE_PAIR_025,NEWDEV2_081,PREEXISTING_414_SOURCE_REVIEW,PROJECT,0,2,AGE_YOUNGER_FIXED,1.0
V4PRE_PAIR_028,NEWDEV2_090,PREEXISTING_414_SOURCE_REVIEW,COMPETITIVE,0,2,AGE_YOUNGER_FIXED,1.0
V4PRE_PAIR_029,NEWDEV2_091,PREEXISTING_414_SOURCE_REVIEW,PROJECT,0,2,AGE_YOUNGER_FIXED,1.0
V4PRE_PAIR_040,MLV2_DEV_033,PREEXISTING_414_SOURCE_REVIEW,PROJECT,0,2,AGE_YOUNGER_FIXED,0.0
V4PRE_PAIR_043,MLV2_DEV_041,PREEXISTING_414_SOURCE_REVIEW,PROJECT,0,2,AGE_YOUNGER_FIXED,1.0
V4PRE_PAIR_047,MLV2_DEV_054,PREEXISTING_414_SOURCE_REVIEW,RECOGNITION,0,2,AGE_YOUNGER_FIXED,1.0
V4EXP_PAIR_004,NEWDEV2_042,V4_TARGET_EXPANSION_2026-08-16,COMPETITIVE,0,2,AGE_YOUNGER_FIXED,0.0
V4EXP_PAIR_005,NEWDEV2_042,V4_TARGET_EXPANSION_2026-08-16,COMPETITIVE,0,2,AGE_YOUNGER_FIXED,0.0
V4EXP_PAIR_018,NEWDEV2_065,V4_TARGET_EXPANSION_2026-08-16,COMPETITIVE,0,2,AGE_YOUNGER_FIXED,0.0
V4EXP_PAIR_019,NEWDEV2_065,V4_TARGET_EXPANSION_2026-08-16,COMPETITIVE,0,2,AGE_YOUNGER_FIXED,0.0
V4EXP_PAIR_030,NEWDEV2_002,V4_TARGET_EXPANSION_2026-08-16,PROJECT,0,2,AGE_YOUNGER_FIXED,0.0
V4EXP_PAIR_033,NEWDEV2_081,V4_TARGET_EXPANSION_2026-08-16,PROJECT,0,2,AGE_YOUNGER_FIXED,0.0
V4EXP_PAIR_040,MLV2_DEV_054,V4_TARGET_EXPANSION_2026-08-16,PROJECT,0,2,AGE_YOUNGER_FIXED,0.0
V4EXP_PAIR_043,MLV2_DEV_001,V4_TARGET_EXPANSION_2026-08-16,PROJECT,0,2,AGE_YOUNGER_FIXED,0.0
V4EXP_PAIR_048,NEWDEV2_066,V4_TARGET_EXPANSION_2026-08-16,STATUS,0,2,AGE_YOUNGER_FIXED,0.0
V4EXP_PAIR_051,NEWDEV2_066,V4_TARGET_EXPANSION_2026-08-16,STATUS,0,2,AGE_YOUNGER_FIXED,0.0
V4PRE_PAIR_004,NEWDEV2_016,PREEXISTING_414_SOURCE_REVIEW,COMPETITIVE,0,2,AGE_LATER_FIXED,1.0
V4PRE_PAIR_014,NEWDEV2_053,PREEXISTING_414_SOURCE_REVIEW,COMPETITIVE,0,2,AGE_LATER_FIXED,1.0
V4PRE_PAIR_016,NEWDEV2_065,PREEXISTING_414_SOURCE_REVIEW,COMPETITIVE,0,2,AGE_LATER_FIXED,0.0
V4PRE_PAIR_017,NEWDEV2_066,PREEXISTING_414_SOURCE_REVIEW,STATUS,0,2,AGE_LATER_FIXED,0.0
V4PRE_PAIR_025,NEWDEV2_081,PREEXISTING_414_SOURCE_REVIEW,PROJECT,0,2,AGE_LATER_FIXED,0.0
V4PRE_PAIR_028,NEWDEV2_090,PREEXISTING_414_SOURCE_REVIEW,COMPETITIVE,0,2,AGE_LATER_FIXED,0.0
V4PRE_PAIR_029,NEWDEV2_091,PREEXISTING_414_SOURCE_REVIEW,PROJECT,0,2,AGE_LATER_FIXED,0.0
V4PRE_PAIR_040,MLV2_DEV_033,PREEXISTING_414_SOURCE_REVIEW,PROJECT,0,2,AGE_LATER_FIXED,1.0
V4PRE_PAIR_043,MLV2_DEV_041,PREEXISTING_414_SOURCE_REVIEW,PROJECT,0,2,AGE_LATER_FIXED,0.0
V4PRE_PAIR_047,MLV2_DEV_054,PREEXISTING_414_SOURCE_REVIEW,RECOGNITION,0,2,AGE_LATER_FIXED,0.0
V4EXP_PAIR_004,NEWDEV2_042,V4_TARGET_EXPANSION_2026-08-16,COMPETITIVE,0,2,AGE_LATER_FIXED,1.0
V4EXP_PAIR_005,NEWDEV2_042,V4_TARGET_EXPANSION_2026-08-16,COMPETITIVE,0,2,AGE_LATER_FIXED,1.0
V4EXP_PAIR_018,NEWDEV2_065,V4_TARGET_EXPANSION_2026-08-16,COMPETITIVE,0,2,AGE_LATER_FIXED,1.0
V4EXP_PAIR_019,NEWDEV2_065,V4_TARGET_EXPANSION_2026-08-16,COMPETITIVE,0,2,AGE_LATER_FIXED,1.0
V4EXP_PAIR_030,NEWDEV2_002,V4_TARGET_EXPANSION_2026-08-16,PROJECT,0,2,AGE_LATER_FIXED,1.0
V4EXP_PAIR_033,NEWDEV2_081,V4_TARGET_EXPANSION_2026-08-16,PROJECT,0,2,AGE_LATER_FIXED,1.0
V4EXP_PAIR_040,MLV2_DEV_054,V4_TARGET_EXPANSION_2026-08-16,PROJECT,0,2,AGE_LATER_FIXED,1.0
V4EXP_PAIR_043,MLV2_DEV_001,V4_TARGET_EXPANSION_2026-08-16,PROJECT,0,2,AGE_LATER_FIXED,1.0
V4EXP_PAIR_048,NEWDEV2_066,V4_TARGET_EXPANSION_2026-08-16,STATUS,0,2,AGE_LATER_FIXED,1.0
V4EXP_PAIR_051,NEWDEV2_066,V4_TARGET_EXPANSION_2026-08-16,STATUS,0,2,AGE_LATER_FIXED,1.0
V4PRE_PAIR_004,NEWDEV2_016,PREEXISTING_414_SOURCE_REVIEW,COMPETITIVE,0,2,CONTROL_FIXED,0.0
V4PRE_PAIR_014,NEWDEV2_053,PREEXISTING_414_SOURCE_REVIEW,COMPETITIVE,0,2,CONTROL_FIXED,0.0
V4PRE_PAIR_016,NEWDEV2_065,PREEXISTING_414_SOURCE_REVIEW,COMPETITIVE,0,2,CONTROL_FIXED,0.0
V4PRE_PAIR_017,NEWDEV2_066,PREEXISTING_414_SOURCE_REVIEW,STATUS,0,2,CONTROL_FIXED,0.0
V4PRE_PAIR_025,NEWDEV2_081,PREEXISTING_414_SOURCE_REVIEW,PROJECT,0,2,CONTROL_FIXED,0.0
V4PRE_PAIR_028,NEWDEV2_090,PREEXISTING_414_SOURCE_REVIEW,COMPETITIVE,0,2,CONTROL_FIXED,1.0
V4PRE_PAIR_029,NEWDEV2_091,PREEXISTING_414_SOURCE_REVIEW,PROJECT,0,2,CONTROL_FIXED,1.0
V4PRE_PAIR_040,MLV2_DEV_033,PREEXISTING_414_SOURCE_REVIEW,PROJECT,0,2,CONTROL_FIXED,1.0
V4PRE_PAIR_043,MLV2_DEV_041,PREEXISTING_414_SOURCE_REVIEW,PROJECT,0,2,CONTROL_FIXED,1.0
V4PRE_PAIR_047,MLV2_DEV_054,PREEXISTING_414_SOURCE_REVIEW,RECOGNITION,0,2,CONTROL_FIXED,1.0
V4EXP_PAIR_004,NEWDEV2_042,V4_TARGET_EXPANSION_2026-08-16,COMPETITIVE,0,2,CONTROL_FIXED,1.0
V4EXP_PAIR_005,NEWDEV2_042,V4_TARGET_EXPANSION_2026-08-16,COMPETITIVE,0,2,CONTROL_FIXED,1.0
V4EXP_PAIR_018,NEWDEV2_065,V4_TARGET_EXPANSION_2026-08-16,COMPETITIVE,0,2,CONTROL_FIXED,1.0
V4EXP_PAIR_019,NEWDEV2_065,V4_TARGET_EXPANSION_2026-08-16,COMPETITIVE,0,2,CONTROL_FIXED,0.0
V4EXP_PAIR_030,NEWDEV2_002,V4_TARGET_EXPANSION_2026-08-16,PROJECT,0,2,CONTROL_FIXED,0.0
V4EXP_PAIR_033,NEWDEV2_081,V4_TARGET_EXPANSION_2026-08-16,PROJECT,0,2,CONTROL_FIXED,1.0
V4EXP_PAIR_040,MLV2_DEV_054,V4_TARGET_EXPANSION_2026-08-16,PROJECT,0,2,CONTROL_FIXED,0.0
V4EXP_PAIR_043,MLV2_DEV_001,V4_TARGET_EXPANSION_2026-08-16,PROJECT,0,2,CONTROL_FIXED,0.0
V4EXP_PAIR_048,NEWDEV2_066,V4_TARGET_EXPANSION_2026-08-16,STATUS,0,2,CONTROL_FIXED,0.0
V4EXP_PAIR_051,NEWDEV2_066,V4_TARGET_EXPANSION_2026-08-16,STATUS,0,2,CONTROL_FIXED,0.0
V4PRE_PAIR_004,NEWDEV2_016,PREEXISTING_414_SOURCE_REVIEW,COMPETITIVE,0,2,TG5_GROUP_L2,1.0
V4PRE_PAIR_014,NEWDEV2_053,PREEXISTING_414_SOURCE_REVIEW,COMPETITIVE,0,2,TG5_GROUP_L2,0.0
V4PRE_PAIR_016,NEWDEV2_065,PREEXISTING_414_SOURCE_REVIEW,COMPETITIVE,0,2,TG5_GROUP_L2,0.0
V4PRE_PAIR_017,NEWDEV2_066,PREEXISTING_414_SOURCE_REVIEW,STATUS,0,2,TG5_GROUP_L2,1.0
V4PRE_PAIR_025,NEWDEV2_081,PREEXISTING_414_SOURCE_REVIEW,PROJECT,0,2,TG5_GROUP_L2,1.0
V4PRE_PAIR_028,NEWDEV2_090,PREEXISTING_414_SOURCE_REVIEW,COMPETITIVE,0,2,TG5_GROUP_L2,0.0
V4PRE_PAIR_029,NEWDEV2_091,PREEXISTING_414_SOURCE_REVIEW,PROJECT,0,2,TG5_GROUP_L2,0.0
V4PRE_PAIR_040,MLV2_DEV_033,PREEXISTING_414_SOURCE_REVIEW,PROJECT,0,2,TG5_GROUP_L2,1.0
V4PRE_PAIR_043,MLV2_DEV_041,PREEXISTING_414_SOURCE_REVIEW,PROJECT,0,2,TG5_GROUP_L2,0.0
V4PRE_PAIR_047,MLV2_DEV_054,PREEXISTING_414_SOURCE_REVIEW,RECOGNITION,0,2,TG5_GROUP_L2,0.0
V4EXP_PAIR_004,NEWDEV2_042,V4_TARGET_EXPANSION_2026-08-16,COMPETITIVE,0,2,TG5_GROUP_L2,0.0
V4EXP_PAIR_005,NEWDEV2_042,V4_TARGET_EXPANSION_2026-08-16,COMPETITIVE,0,2,TG5_GROUP_L2,0.0
V4EXP_PAIR_018,NEWDEV2_065,V4_TARGET_EXPANSION_2026-08-16,COMPETITIVE,0,2,TG5_GROUP_L2,1.0
V4EXP_PAIR_019,NEWDEV2_065,V4_TARGET_EXPANSION_2026-08-16,COMPETITIVE,0,2,TG5_GROUP_L2,0.0
V4EXP_PAIR_030,NEWDEV2_002,V4_TARGET_EXPANSION_2026-08-16,PROJECT,0,2,TG5_GROUP_L2,0.0
V4EXP_PAIR_033,NEWDEV2_081,V4_TARGET_EXPANSION_2026-08-16,PROJECT,0,2,TG5_GROUP_L2,1.0
V4EXP_PAIR_040,MLV2_DEV_054,V4_TARGET_EXPANSION_2026-08-16,PROJECT,0,2,TG5_GROUP_L2,0.0
V4EXP_PAIR_043,MLV2_DEV_001,V4_TARGET_EXPANSION_2026-08-16,PROJECT,0,2,TG5_GROUP_L2,0.0
V4EXP_PAIR_048,NEWDEV2_066,V4_TARGET_EXPANSION_2026-08-16,STATUS,0,2,TG5_GROUP_L2,1.0
V4EXP_PAIR_051,NEWDEV2_066,V4_TARGET_EXPANSION_2026-08-16,STATUS,0,2,TG5_GROUP_L2,0.5
V4PRE_PAIR_004,NEWDEV2_016,PREEXISTING_414_SOURCE_REVIEW,COMPETITIVE,0,2,TG10_STEM_L2,1.0
V4PRE_PAIR_014,NEWDEV2_053,PREEXISTING_414_SOURCE_REVIEW,COMPETITIVE,0,2,TG10_STEM_L2,1.0
V4PRE_PAIR_016,NEWDEV2_065,PREEXISTING_414_SOURCE_REVIEW,COMPETITIVE,0,2,TG10_STEM_L2,1.0
V4PRE_PAIR_017,NEWDEV2_066,PREEXISTING_414_SOURCE_REVIEW,STATUS,0,2,TG10_STEM_L2,1.0
V4PRE_PAIR_025,NEWDEV2_081,PREEXISTING_414_SOURCE_REVIEW,PROJECT,0,2,TG10_STEM_L2,1.0
V4PRE_PAIR_028,NEWDEV2_090,PREEXISTING_414_SOURCE_REVIEW,COMPETITIVE,0,2,TG10_STEM_L2,0.0
V4PRE_PAIR_029,NEWDEV2_091,PREEXISTING_414_SOURCE_REVIEW,PROJECT,0,2,TG10_STEM_L2,0.0
V4PRE_PAIR_040,MLV2_DEV_033,PREEXISTING_414_SOURCE_REVIEW,PROJECT,0,2,TG10_STEM_L2,1.0
V4PRE_PAIR_043,MLV2_DEV_041,PREEXISTING_414_SOURCE_REVIEW,PROJECT,0,2,TG10_STEM_L2,0.0
V4PRE_PAIR_047,MLV2_DEV_054,PREEXISTING_414_SOURCE_REVIEW,RECOGNITION,0,2,TG10_STEM_L2,0.0
V4EXP_PAIR_004,NEWDEV2_042,V4_TARGET_EXPANSION_2026-08-16,COMPETITIVE,0,2,TG10_STEM_L2,0.0
V4EXP_PAIR_005,NEWDEV2_042,V4_TARGET_EXPANSION_2026-08-16,COMPETITIVE,0,2,TG10_STEM_L2,0.0
V4EXP_PAIR_018,NEWDEV2_065,V4_TARGET_EXPANSION_2026-08-16,COMPETITIVE,0,2,TG10_STEM_L2,1.0
V4EXP_PAIR_019,NEWDEV2_065,V4_TARGET_EXPANSION_2026-08-16,COMPETITIVE,0,2,TG10_STEM_L2,0.0
V4EXP_PAIR_030,NEWDEV2_002,V4_TARGET_EXPANSION_2026-08-16,PROJECT,0,2,TG10_STEM_L2,0.0
V4EXP_PAIR_033,NEWDEV2_081,V4_TARGET_EXPANSION_2026-08-16,PROJECT,0,2,TG10_STEM_L2,1.0
V4EXP_PAIR_040,MLV2_DEV_054,V4_TARGET_EXPANSION_2026-08-16,PROJECT,0,2,TG10_STEM_L2,0.0
V4EXP_PAIR_043,MLV2_DEV_001,V4_TARGET_EXPANSION_2026-08-16,PROJECT,0,2,TG10_STEM_L2,0.0
V4EXP_PAIR_048,NEWDEV2_066,V4_TARGET_EXPANSION_2026-08-16,STATUS,0,2,TG10_STEM_L2,1.0
V4EXP_PAIR_051,NEWDEV2_066,V4_TARGET_EXPANSION_2026-08-16,STATUS,0,2,TG10_STEM_L2,1.0
V4PRE_PAIR_004,NEWDEV2_016,PREEXISTING_414_SOURCE_REVIEW,COMPETITIVE,0,2,TG10_STEM_BRANCH_L2,1.0
V4PRE_PAIR_014,NEWDEV2_053,PREEXISTING_414_SOURCE_REVIEW,COMPETITIVE,0,2,TG10_STEM_BRANCH_L2,1.0
V4PRE_PAIR_016,NEWDEV2_065,PREEXISTING_414_SOURCE_REVIEW,COMPETITIVE,0,2,TG10_STEM_BRANCH_L2,1.0
V4PRE_PAIR_017,NEWDEV2_066,PREEXISTING_414_SOURCE_REVIEW,STATUS,0,2,TG10_STEM_BRANCH_L2,1.0
V4PRE_PAIR_025,NEWDEV2_081,PREEXISTING_414_SOURCE_REVIEW,PROJECT,0,2,TG10_STEM_BRANCH_L2,0.0
V4PRE_PAIR_028,NEWDEV2_090,PREEXISTING_414_SOURCE_REVIEW,COMPETITIVE,0,2,TG10_STEM_BRANCH_L2,0.0
V4PRE_PAIR_029,NEWDEV2_091,PREEXISTING_414_SOURCE_REVIEW,PROJECT,0,2,TG10_STEM_BRANCH_L2,1.0
V4PRE_PAIR_040,MLV2_DEV_033,PREEXISTING_414_SOURCE_REVIEW,PROJECT,0,2,TG10_STEM_BRANCH_L2,1.0
V4PRE_PAIR_043,MLV2_DEV_041,PREEXISTING_414_SOURCE_REVIEW,PROJECT,0,2,TG10_STEM_BRANCH_L2,0.0
V4PRE_PAIR_047,MLV2_DEV_054,PREEXISTING_414_SOURCE_REVIEW,RECOGNITION,0,2,TG10_STEM_BRANCH_L2,0.0
V4EXP_PAIR_004,NEWDEV2_042,V4_TARGET_EXPANSION_2026-08-16,COMPETITIVE,0,2,TG10_STEM_BRANCH_L2,0.0
V4EXP_PAIR_005,NEWDEV2_042,V4_TARGET_EXPANSION_2026-08-16,COMPETITIVE,0,2,TG10_STEM_BRANCH_L2,0.0
V4EXP_PAIR_018,NEWDEV2_065,V4_TARGET_EXPANSION_2026-08-16,COMPETITIVE,0,2,TG10_STEM_BRANCH_L2,1.0
V4EXP_PAIR_019,NEWDEV2_065,V4_TARGET_EXPANSION_2026-08-16,COMPETITIVE,0,2,TG10_STEM_BRANCH_L2,0.0
V4EXP_PAIR_030,NEWDEV2_002,V4_TARGET_EXPANSION_2026-08-16,PROJECT,0,2,TG10_STEM_BRANCH_L2,0.0
V4EXP_PAIR_033,NEWDEV2_081,V4_TARGET_EXPANSION_2026-08-16,PROJECT,0,2,TG10_STEM_BRANCH_L2,1.0
V4EXP_PAIR_040,MLV2_DEV_054,V4_TARGET_EXPANSION_2026-08-16,PROJECT,0,2,TG10_STEM_BRANCH_L2,0.0
V4EXP_PAIR_043,MLV2_DEV_001,V4_TARGET_EXPANSION_2026-08-16,PROJECT,0,2,TG10_STEM_BRANCH_L2,1.0
V4EXP_PAIR_048,NEWDEV2_066,V4_TARGET_EXPANSION_2026-08-16,STATUS,0,2,TG10_STEM_BRANCH_L2,1.0
V4EXP_PAIR_051,NEWDEV2_066,V4_TARGET_EXPANSION_2026-08-16,STATUS,0,2,TG10_STEM_BRANCH_L2,0.0
V4PRE_PAIR_004,NEWDEV2_016,PREEXISTING_414_SOURCE_REVIEW,COMPETITIVE,0,2,TG10_SB_STRENGTH_L2,1.0
V4PRE_PAIR_014,NEWDEV2_053,PREEXISTING_414_SOURCE_REVIEW,COMPETITIVE,0,2,TG10_SB_STRENGTH_L2,1.0
V4PRE_PAIR_016,NEWDEV2_065,PREEXISTING_414_SOURCE_REVIEW,COMPETITIVE,0,2,TG10_SB_STRENGTH_L2,1.0
V4PRE_PAIR_017,NEWDEV2_066,PREEXISTING_414_SOURCE_REVIEW,STATUS,0,2,TG10_SB_STRENGTH_L2,1.0
V4PRE_PAIR_025,NEWDEV2_081,PREEXISTING_414_SOURCE_REVIEW,PROJECT,0,2,TG10_SB_STRENGTH_L2,0.0
V4PRE_PAIR_028,NEWDEV2_090,PREEXISTING_414_SOURCE_REVIEW,COMPETITIVE,0,2,TG10_SB_STRENGTH_L2,0.0
V4PRE_PAIR_029,NEWDEV2_091,PREEXISTING_414_SOURCE_REVIEW,PROJECT,0,2,TG10_SB_STRENGTH_L2,1.0
V4PRE_PAIR_040,MLV2_DEV_033,PREEXISTING_414_SOURCE_REVIEW,PROJECT,0,2,TG10_SB_STRENGTH_L2,0.0
V4PRE_PAIR_043,MLV2_DEV_041,PREEXISTING_414_SOURCE_REVIEW,PROJECT,0,2,TG10_SB_STRENGTH_L2,0.0
V4PRE_PAIR_047,MLV2_DEV_054,PREEXISTING_414_SOURCE_REVIEW,RECOGNITION,0,2,TG10_SB_STRENGTH_L2,0.0
V4EXP_PAIR_004,NEWDEV2_042,V4_TARGET_EXPANSION_2026-08-16,COMPETITIVE,0,2,TG10_SB_STRENGTH_L2,0.0
V4EXP_PAIR_005,NEWDEV2_042,V4_TARGET_EXPANSION_2026-08-16,COMPETITIVE,0,2,TG10_SB_STRENGTH_L2,0.0
V4EXP_PAIR_018,NEWDEV2_065,V4_TARGET_EXPANSION_2026-08-16,COMPETITIVE,0,2,TG10_SB_STRENGTH_L2,1.0
V4EXP_PAIR_019,NEWDEV2_065,V4_TARGET_EXPANSION_2026-08-16,COMPETITIVE,0,2,TG10_SB_STRENGTH_L2,0.0
V4EXP_PAIR_030,NEWDEV2_002,V4_TARGET_EXPANSION_2026-08-16,PROJECT,0,2,TG10_SB_STRENGTH_L2,0.0
V4EXP_PAIR_033,NEWDEV2_081,V4_TARGET_EXPANSION_2026-08-16,PROJECT,0,2,TG10_SB_STRENGTH_L2,1.0
V4EXP_PAIR_040,MLV2_DEV_054,V4_TARGET_EXPANSION_2026-08-16,PROJECT,0,2,TG10_SB_STRENGTH_L2,0.0
V4EXP_PAIR_043,MLV2_DEV_001,V4_TARGET_EXPANSION_2026-08-16,PROJECT,0,2,TG10_SB_STRENGTH_L2,0.0
V4EXP_PAIR_048,NEWDEV2_066,V4_TARGET_EXPANSION_2026-08-16,STATUS,0,2,TG10_SB_STRENGTH_L2,1.0
V4EXP_PAIR_051,NEWDEV2_066,V4_TARGET_EXPANSION_2026-08-16,STATUS,0,2,TG10_SB_STRENGTH_L2,0.0
V4PRE_PAIR_004,NEWDEV2_016,PREEXISTING_414_SOURCE_REVIEW,COMPETITIVE,0,2,TG10_SB_RELATIONS_L2,1.0
V4PRE_PAIR_014,NEWDEV2_053,PREEXISTING_414_SOURCE_REVIEW,COMPETITIVE,0,2,TG10_SB_RELATIONS_L2,0.0
V4PRE_PAIR_016,NEWDEV2_065,PREEXISTING_414_SOURCE_REVIEW,COMPETITIVE,0,2,TG10_SB_RELATIONS_L2,0.0
V4PRE_PAIR_017,NEWDEV2_066,PREEXISTING_414_SOURCE_REVIEW,STATUS,0,2,TG10_SB_RELATIONS_L2,1.0
V4PRE_PAIR_025,NEWDEV2_081,PREEXISTING_414_SOURCE_REVIEW,PROJECT,0,2,TG10_SB_RELATIONS_L2,0.0
V4PRE_PAIR_028,NEWDEV2_090,PREEXISTING_414_SOURCE_REVIEW,COMPETITIVE,0,2,TG10_SB_RELATIONS_L2,0.0
V4PRE_PAIR_029,NEWDEV2_091,PREEXISTING_414_SOURCE_REVIEW,PROJECT,0,2,TG10_SB_RELATIONS_L2,1.0
V4PRE_PAIR_040,MLV2_DEV_033,PREEXISTING_414_SOURCE_REVIEW,PROJECT,0,2,TG10_SB_RELATIONS_L2,0.0
V4PRE_PAIR_043,MLV2_DEV_041,PREEXISTING_414_SOURCE_REVIEW,PROJECT,0,2,TG10_SB_RELATIONS_L2,0.0
V4PRE_PAIR_047,MLV2_DEV_054,PREEXISTING_414_SOURCE_REVIEW,RECOGNITION,0,2,TG10_SB_RELATIONS_L2,0.0
V4EXP_PAIR_004,NEWDEV2_042,V4_TARGET_EXPANSION_2026-08-16,COMPETITIVE,0,2,TG10_SB_RELATIONS_L2,0.0
V4EXP_PAIR_005,NEWDEV2_042,V4_TARGET_EXPANSION_2026-08-16,COMPETITIVE,0,2,TG10_SB_RELATIONS_L2,0.0
V4EXP_PAIR_018,NEWDEV2_065,V4_TARGET_EXPANSION_2026-08-16,COMPETITIVE,0,2,TG10_SB_RELATIONS_L2,1.0
V4EXP_PAIR_019,NEWDEV2_065,V4_TARGET_EXPANSION_2026-08-16,COMPETITIVE,0,2,TG10_SB_RELATIONS_L2,0.0
V4EXP_PAIR_030,NEWDEV2_002,V4_TARGET_EXPANSION_2026-08-16,PROJECT,0,2,TG10_SB_RELATIONS_L2,0.0
V4EXP_PAIR_033,NEWDEV2_081,V4_TARGET_EXPANSION_2026-08-16,PROJECT,0,2,TG10_SB_RELATIONS_L2,1.0
V4EXP_PAIR_040,MLV2_DEV_054,V4_TARGET_EXPANSION_2026-08-16,PROJECT,0,2,TG10_SB_RELATIONS_L2,0.0
V4EXP_PAIR_043,MLV2_DEV_001,V4_TARGET_EXPANSION_2026-08-16,PROJECT,0,2,TG10_SB_RELATIONS_L2,1.0
V4EXP_PAIR_048,NEWDEV2_066,V4_TARGET_EXPANSION_2026-08-16,STATUS,0,2,TG10_SB_RELATIONS_L2,0.0
V4EXP_PAIR_051,NEWDEV2_066,V4_TARGET_EXPANSION_2026-08-16,STATUS,0,2,TG10_SB_RELATIONS_L2,0.0
V4PRE_PAIR_004,NEWDEV2_016,PREEXISTING_414_SOURCE_REVIEW,COMPETITIVE,0,2,ALL_L2,1.0
V4PRE_PAIR_014,NEWDEV2_053,PREEXISTING_414_SOURCE_REVIEW,COMPETITIVE,0,2,ALL_L2,1.0
V4PRE_PAIR_016,NEWDEV2_065,PREEXISTING_414_SOURCE_REVIEW,COMPETITIVE,0,2,ALL_L2,0.0
V4PRE_PAIR_017,NEWDEV2_066,PREEXISTING_414_SOURCE_REVIEW,STATUS,0,2,ALL_L2,1.0
V4PRE_PAIR_025,NEWDEV2_081,PREEXISTING_414_SOURCE_REVIEW,PROJECT,0,2,ALL_L2,0.0
V4PRE_PAIR_028,NEWDEV2_090,PREEXISTING_414_SOURCE_REVIEW,COMPETITIVE,0,2,ALL_L2,0.0
V4PRE_PAIR_029,NEWDEV2_091,PREEXISTING_414_SOURCE_REVIEW,PROJECT,0,2,ALL_L2,0.0
V4PRE_PAIR_040,MLV2_DEV_033,PREEXISTING_414_SOURCE_REVIEW,PROJECT,0,2,ALL_L2,1.0
V4PRE_PAIR_043,MLV2_DEV_041,PREEXISTING_414_SOURCE_REVIEW,PROJECT,0,2,ALL_L2,0.0
V4PRE_PAIR_047,MLV2_DEV_054,PREEXISTING_414_SOURCE_REVIEW,RECOGNITION,0,2,ALL_L2,0.0
V4EXP_PAIR_004,NEWDEV2_042,V4_TARGET_EXPANSION_2026-08-16,COMPETITIVE,0,2,ALL_L2,0.0
V4EXP_PAIR_005,NEWDEV2_042,V4_TARGET_EXPANSION_2026-08-16,COMPETITIVE,0,2,ALL_L2,0.0
V4EXP_PAIR_018,NEWDEV2_065,V4_TARGET_EXPANSION_2026-08-16,COMPETITIVE,0,2,ALL_L2,0.0
V4EXP_PAIR_019,NEWDEV2_065,V4_TARGET_EXPANSION_2026-08-16,COMPETITIVE,0,2,ALL_L2,1.0
V4EXP_PAIR_030,NEWDEV2_002,V4_TARGET_EXPANSION_2026-08-16,PROJECT,0,2,ALL_L2,1.0
V4EXP_PAIR_033,NEWDEV2_081,V4_TARGET_EXPANSION_2026-08-16,PROJECT,0,2,ALL_L2,1.0
V4EXP_PAIR_040,MLV2_DEV_054,V4_TARGET_EXPANSION_2026-08-16,PROJECT,0,2,ALL_L2,1.0
V4EXP_PAIR_043,MLV2_DEV_001,V4_TARGET_EXPANSION_2026-08-16,PROJECT,0,2,ALL_L2,0.0
V4EXP_PAIR_048,NEWDEV2_066,V4_TARGET_EXPANSION_2026-08-16,STATUS,0,2,ALL_L2,1.0
V4EXP_PAIR_051,NEWDEV2_066,V4_TARGET_EXPANSION_2026-08-16,STATUS,0,2,ALL_L2,1.0
V4PRE_PAIR_004,NEWDEV2_016,PREEXISTING_414_SOURCE_REVIEW,COMPETITIVE,0,2,NUISANCE_AGE_AXIS,0.0
V4PRE_PAIR_014,NEWDEV2_053,PREEXISTING_414_SOURCE_REVIEW,COMPETITIVE,0,2,NUISANCE_AGE_AXIS,0.0
V4PRE_PAIR_016,NEWDEV2_065,PREEXISTING_414_SOURCE_REVIEW,COMPETITIVE,0,2,NUISANCE_AGE_AXIS,1.0
V4PRE_PAIR_017,NEWDEV2_066,PREEXISTING_414_SOURCE_REVIEW,STATUS,0,2,NUISANCE_AGE_AXIS,1.0
V4PRE_PAIR_025,NEWDEV2_081,PREEXISTING_414_SOURCE_REVIEW,PROJECT,0,2,NUISANCE_AGE_AXIS,1.0
V4PRE_PAIR_028,NEWDEV2_090,PREEXISTING_414_SOURCE_REVIEW,COMPETITIVE,0,2,NUISANCE_AGE_AXIS,1.0
V4PRE_PAIR_029,NEWDEV2_091,PREEXISTING_414_SOURCE_REVIEW,PROJECT,0,2,NUISANCE_AGE_AXIS,1.0
V4PRE_PAIR_040,MLV2_DEV_033,PREEXISTING_414_SOURCE_REVIEW,PROJECT,0,2,NUISANCE_AGE_AXIS,0.0
V4PRE_PAIR_043,MLV2_DEV_041,PREEXISTING_414_SOURCE_REVIEW,PROJECT,0,2,NUISANCE_AGE_AXIS,1.0
V4PRE_PAIR_047,MLV2_DEV_054,PREEXISTING_414_SOURCE_REVIEW,RECOGNITION,0,2,NUISANCE_AGE_AXIS,0.0
V4EXP_PAIR_004,NEWDEV2_042,V4_TARGET_EXPANSION_2026-08-16,COMPETITIVE,0,2,NUISANCE_AGE_AXIS,0.0
V4EXP_PAIR_005,NEWDEV2_042,V4_TARGET_EXPANSION_2026-08-16,COMPETITIVE,0,2,NUISANCE_AGE_AXIS,0.0
V4EXP_PAIR_018,NEWDEV2_065,V4_TARGET_EXPANSION_2026-08-16,COMPETITIVE,0,2,NUISANCE_AGE_AXIS,0.0
V4EXP_PAIR_019,NEWDEV2_065,V4_TARGET_EXPANSION_2026-08-16,COMPETITIVE,0,2,NUISANCE_AGE_AXIS,0.0
V4EXP_PAIR_030,NEWDEV2_002,V4_TARGET_EXPANSION_2026-08-16,PROJECT,0,2,NUISANCE_AGE_AXIS,0.0
V4EXP_PAIR_033,NEWDEV2_081,V4_TARGET_EXPANSION_2026-08-16,PROJECT,0,2,NUISANCE_AGE_AXIS,0.0
V4EXP_PAIR_040,MLV2_DEV_054,V4_TARGET_EXPANSION_2026-08-16,PROJECT,0,2,NUISANCE_AGE_AXIS,0.0
V4EXP_PAIR_043,MLV2_DEV_001,V4_TARGET_EXPANSION_2026-08-16,PROJECT,0,2,NUISANCE_AGE_AXIS,0.0
V4EXP_PAIR_048,NEWDEV2_066,V4_TARGET_EXPANSION_2026-08-16,STATUS,0,2,NUISANCE_AGE_AXIS,0.0
V4EXP_PAIR_051,NEWDEV2_066,V4_TARGET_EXPANSION_2026-08-16,STATUS,0,2,NUISANCE_AGE_AXIS,0.0
V4PRE_PAIR_004,NEWDEV2_016,PREEXISTING_414_SOURCE_REVIEW,COMPETITIVE,0,2,NUISANCE_WITH_ORIGIN_DIAGNOSTIC,0.0
V4PRE_PAIR_014,NEWDEV2_053,PREEXISTING_414_SOURCE_REVIEW,COMPETITIVE,0,2,NUISANCE_WITH_ORIGIN_DIAGNOSTIC,0.0
V4PRE_PAIR_016,NEWDEV2_065,PREEXISTING_414_SOURCE_REVIEW,COMPETITIVE,0,2,NUISANCE_WITH_ORIGIN_DIAGNOSTIC,1.0
V4PRE_PAIR_017,NEWDEV2_066,PREEXISTING_414_SOURCE_REVIEW,STATUS,0,2,NUISANCE_WITH_ORIGIN_DIAGNOSTIC,1.0
V4PRE_PAIR_025,NEWDEV2_081,PREEXISTING_414_SOURCE_REVIEW,PROJECT,0,2,NUISANCE_WITH_ORIGIN_DIAGNOSTIC,1.0
V4PRE_PAIR_028,NEWDEV2_090,PREEXISTING_414_SOURCE_REVIEW,COMPETITIVE,0,2,NUISANCE_WITH_ORIGIN_DIAGNOSTIC,1.0
V4PRE_PAIR_029,NEWDEV2_091,PREEXISTING_414_SOURCE_REVIEW,PROJECT,0,2,NUISANCE_WITH_ORIGIN_DIAGNOSTIC,1.0
V4PRE_PAIR_040,MLV2_DEV_033,PREEXISTING_414_SOURCE_REVIEW,PROJECT,0,2,NUISANCE_WITH_ORIGIN_DIAGNOSTIC,0.0
V4PRE_PAIR_043,MLV2_DEV_041,PREEXISTING_414_SOURCE_REVIEW,PROJECT,0,2,NUISANCE_WITH_ORIGIN_DIAGNOSTIC,1.0
V4PRE_PAIR_047,MLV2_DEV_054,PREEXISTING_414_SOURCE_REVIEW,RECOGNITION,0,2,NUISANCE_WITH_ORIGIN_DIAGNOSTIC,1.0
V4EXP_PAIR_004,NEWDEV2_042,V4_TARGET_EXPANSION_2026-08-16,COMPETITIVE,0,2,NUISANCE_WITH_ORIGIN_DIAGNOSTIC,1.0
V4EXP_PAIR_005,NEWDEV2_042,V4_TARGET_EXPANSION_2026-08-16,COMPETITIVE,0,2,NUISANCE_WITH_ORIGIN_DIAGNOSTIC,1.0
V4EXP_PAIR_018,NEWDEV2_065,V4_TARGET_EXPANSION_2026-08-16,COMPETITIVE,0,2,NUISANCE_WITH_ORIGIN_DIAGNOSTIC,1.0
V4EXP_PAIR_019,NEWDEV2_065,V4_TARGET_EXPANSION_2026-08-16,COMPETITIVE,0,2,NUISANCE_WITH_ORIGIN_DIAGNOSTIC,1.0
V4EXP_PAIR_030,NEWDEV2_002,V4_TARGET_EXPANSION_2026-08-16,PROJECT,0,2,NUISANCE_WITH_ORIGIN_DIAGNOSTIC,1.0
V4EXP_PAIR_033,NEWDEV2_081,V4_TARGET_EXPANSION_2026-08-16,PROJECT,0,2,NUISANCE_WITH_ORIGIN_DIAGNOSTIC,1.0
V4EXP_PAIR_040,MLV2_DEV_054,V4_TARGET_EXPANSION_2026-08-16,PROJECT,0,2,NUISANCE_WITH_ORIGIN_DIAGNOSTIC,1.0
V4EXP_PAIR_043,MLV2_DEV_001,V4_TARGET_EXPANSION_2026-08-16,PROJECT,0,2,NUISANCE_WITH_ORIGIN_DIAGNOSTIC,1.0
V4EXP_PAIR_048,NEWDEV2_066,V4_TARGET_EXPANSION_2026-08-16,STATUS,0,2,NUISANCE_WITH_ORIGIN_DIAGNOSTIC,1.0
V4EXP_PAIR_051,NEWDEV2_066,V4_TARGET_EXPANSION_2026-08-16,STATUS,0,2,NUISANCE_WITH_ORIGIN_DIAGNOSTIC,1.0
V4PRE_PAIR_004,NEWDEV2_016,PREEXISTING_414_SOURCE_REVIEW,COMPETITIVE,0,2,ALL_ELASTICNET_AUTO,0.0
V4PRE_PAIR_014,NEWDEV2_053,PREEXISTING_414_SOURCE_REVIEW,COMPETITIVE,0,2,ALL_ELASTICNET_AUTO,0.0
V4PRE_PAIR_016,NEWDEV2_065,PREEXISTING_414_SOURCE_REVIEW,COMPETITIVE,0,2,ALL_ELASTICNET_AUTO,0.0
V4PRE_PAIR_017,NEWDEV2_066,PREEXISTING_414_SOURCE_REVIEW,STATUS,0,2,ALL_ELASTICNET_AUTO,1.0
V4PRE_PAIR_025,NEWDEV2_081,PREEXISTING_414_SOURCE_REVIEW,PROJECT,0,2,ALL_ELASTICNET_AUTO,1.0
V4PRE_PAIR_028,NEWDEV2_090,PREEXISTING_414_SOURCE_REVIEW,COMPETITIVE,0,2,ALL_ELASTICNET_AUTO,0.0
V4PRE_PAIR_029,NEWDEV2_091,PREEXISTING_414_SOURCE_REVIEW,PROJECT,0,2,ALL_ELASTICNET_AUTO,0.0
V4PRE_PAIR_040,MLV2_DEV_033,PREEXISTING_414_SOURCE_REVIEW,PROJECT,0,2,ALL_ELASTICNET_AUTO,0.0
V4PRE_PAIR_043,MLV2_DEV_041,PREEXISTING_414_SOURCE_REVIEW,PROJECT,0,2,ALL_ELASTICNET_AUTO,0.0
V4PRE_PAIR_047,MLV2_DEV_054,PREEXISTING_414_SOURCE_REVIEW,RECOGNITION,0,2,ALL_ELASTICNET_AUTO,0.0
V4EXP_PAIR_004,NEWDEV2_042,V4_TARGET_EXPANSION_2026-08-16,COMPETITIVE,0,2,ALL_ELASTICNET_AUTO,0.0
V4EXP_PAIR_005,NEWDEV2_042,V4_TARGET_EXPANSION_2026-08-16,COMPETITIVE,0,2,ALL_ELASTICNET_AUTO,0.0
V4EXP_PAIR_018,NEWDEV2_065,V4_TARGET_EXPANSION_2026-08-16,COMPETITIVE,0,2,ALL_ELASTICNET_AUTO,0.0
V4EXP_PAIR_019,NEWDEV2_065,V4_TARGET_EXPANSION_2026-08-16,COMPETITIVE,0,2,ALL_ELASTICNET_AUTO,1.0
V4EXP_PAIR_030,NEWDEV2_002,V4_TARGET_EXPANSION_2026-08-16,PROJECT,0,2,ALL_ELASTICNET_AUTO,0.0
V4EXP_PAIR_033,NEWDEV2_081,V4_TARGET_EXPANSION_2026-08-16,PROJECT,0,2,ALL_ELASTICNET_AUTO,1.0
V4EXP_PAIR_040,MLV2_DEV_054,V4_TARGET_EXPANSION_2026-08-16,PROJECT,0,2,ALL_ELASTICNET_AUTO,0.0
V4EXP_PAIR_043,MLV2_DEV_001,V4_TARGET_EXPANSION_2026-08-16,PROJECT,0,2,ALL_ELASTICNET_AUTO,0.0
V4EXP_PAIR_048,NEWDEV2_066,V4_TARGET_EXPANSION_2026-08-16,STATUS,0,2,ALL_ELASTICNET_AUTO,1.0
V4EXP_PAIR_051,NEWDEV2_066,V4_TARGET_EXPANSION_2026-08-16,STATUS,0,2,ALL_ELASTICNET_AUTO,0.0
V4PRE_PAIR_004,NEWDEV2_016,PREEXISTING_414_SOURCE_REVIEW,COMPETITIVE,0,2,HGB_ALL_EXPLORATORY,0.0
V4PRE_PAIR_014,NEWDEV2_053,PREEXISTING_414_SOURCE_REVIEW,COMPETITIVE,0,2,HGB_ALL_EXPLORATORY,0.0
V4PRE_PAIR_016,NEWDEV2_065,PREEXISTING_414_SOURCE_REVIEW,COMPETITIVE,0,2,HGB_ALL_EXPLORATORY,0.0
V4PRE_PAIR_017,NEWDEV2_066,PREEXISTING_414_SOURCE_REVIEW,STATUS,0,2,HGB_ALL_EXPLORATORY,1.0
V4PRE_PAIR_025,NEWDEV2_081,PREEXISTING_414_SOURCE_REVIEW,PROJECT,0,2,HGB_ALL_EXPLORATORY,0.0
V4PRE_PAIR_028,NEWDEV2_090,PREEXISTING_414_SOURCE_REVIEW,COMPETITIVE,0,2,HGB_ALL_EXPLORATORY,0.0
V4PRE_PAIR_029,NEWDEV2_091,PREEXISTING_414_SOURCE_REVIEW,PROJECT,0,2,HGB_ALL_EXPLORATORY,0.0
V4PRE_PAIR_040,MLV2_DEV_033,PREEXISTING_414_SOURCE_REVIEW,PROJECT,0,2,HGB_ALL_EXPLORATORY,0.0
V4PRE_PAIR_043,MLV2_DEV_041,PREEXISTING_414_SOURCE_REVIEW,PROJECT,0,2,HGB_ALL_EXPLORATORY,0.0
V4PRE_PAIR_047,MLV2_DEV_054,PREEXISTING_414_SOURCE_REVIEW,RECOGNITION,0,2,HGB_ALL_EXPLORATORY,0.0
V4EXP_PAIR_004,NEWDEV2_042,V4_TARGET_EXPANSION_2026-08-16,COMPETITIVE,0,2,HGB_ALL_EXPLORATORY,0.0
V4EXP_PAIR_005,NEWDEV2_042,V4_TARGET_EXPANSION_2026-08-16,COMPETITIVE,0,2,HGB_ALL_EXPLORATORY,0.0
V4EXP_PAIR_018,NEWDEV2_065,V4_TARGET_EXPANSION_2026-08-16,COMPETITIVE,0,2,HGB_ALL_EXPLORATORY,0.0
V4EXP_PAIR_019,NEWDEV2_065,V4_TARGET_EXPANSION_2026-08-16,COMPETITIVE,0,2,HGB_ALL_EXPLORATORY,1.0
V4EXP_PAIR_030,NEWDEV2_002,V4_TARGET_EXPANSION_2026-08-16,PROJECT,0,2,HGB_ALL_EXPLORATORY,0.0
V4EXP_PAIR_033,NEWDEV2_081,V4_TARGET_EXPANSION_2026-08-16,PROJECT,0,2,HGB_ALL_EXPLORATORY,0.0
V4EXP_PAIR_040,MLV2_DEV_054,V4_TARGET_EXPANSION_2026-08-16,PROJECT,0,2,HGB_ALL_EXPLORATORY,1.0
V4EXP_PAIR_043,MLV2_DEV_001,V4_TARGET_EXPANSION_2026-08-16,PROJECT,0,2,HGB_ALL_EXPLORATORY,0.0
V4EXP_PAIR_048,NEWDEV2_066,V4_TARGET_EXPANSION_2026-08-16,STATUS,0,2,HGB_ALL_EXPLORATORY,1.0
V4EXP_PAIR_051,NEWDEV2_066,V4_TARGET_EXPANSION_2026-08-16,STATUS,0,2,HGB_ALL_EXPLORATORY,0.0
V4PRE_PAIR_002,NEWDEV2_010,PREEXISTING_414_SOURCE_REVIEW,COMPETITIVE,0,3,AGE_YOUNGER_FIXED,0.0
V4PRE_PAIR_005,NEWDEV2_019,PREEXISTING_414_SOURCE_REVIEW,PROJECT,0,3,AGE_YOUNGER_FIXED,1.0
V4PRE_PAIR_008,NEWDEV2_029,PREEXISTING_414_SOURCE_REVIEW,COMPETITIVE,0,3,AGE_YOUNGER_FIXED,1.0
V4PRE_PAIR_022,NEWDEV2_075,PREEXISTING_414_SOURCE_REVIEW,COMPETITIVE,0,3,AGE_YOUNGER_FIXED,1.0
V4PRE_PAIR_026,NEWDEV2_082,PREEXISTING_414_SOURCE_REVIEW,STATUS,0,3,AGE_YOUNGER_FIXED,1.0
V4PRE_PAIR_033,MLV2_DEV_007,PREEXISTING_414_SOURCE_REVIEW,PROJECT,0,3,AGE_YOUNGER_FIXED,1.0
V4PRE_PAIR_034,MLV2_DEV_007,PREEXISTING_414_SOURCE_REVIEW,PROJECT,0,3,AGE_YOUNGER_FIXED,1.0
V4PRE_PAIR_044,MLV2_DEV_043,PREEXISTING_414_SOURCE_REVIEW,COMPETITIVE,0,3,AGE_YOUNGER_FIXED,1.0
V4PRE_PAIR_045,MLV2_DEV_043,PREEXISTING_414_SOURCE_REVIEW,COMPETITIVE,0,3,AGE_YOUNGER_FIXED,1.0
V4EXP_PAIR_001,NEWDEV2_005,V4_TARGET_EXPANSION_2026-08-16,COMPETITIVE,0,3,AGE_YOUNGER_FIXED,0.0
V4EXP_PAIR_020,NEWDEV2_031,V4_TARGET_EXPANSION_2026-08-16,COMPETITIVE,0,3,AGE_YOUNGER_FIXED,0.0
V4EXP_PAIR_024,NEWDEV2_029,V4_TARGET_EXPANSION_2026-08-16,COMPETITIVE,0,3,AGE_YOUNGER_FIXED,0.0
V4EXP_PAIR_025,MLV2_DEV_043,V4_TARGET_EXPANSION_2026-08-16,COMPETITIVE,0,3,AGE_YOUNGER_FIXED,0.0
V4EXP_PAIR_027,MLV2_DEV_007,V4_TARGET_EXPANSION_2026-08-16,PROJECT,0,3,AGE_YOUNGER_FIXED,0.0
V4EXP_PAIR_029,MLV2_DEV_063,V4_TARGET_EXPANSION_2026-08-16,PROJECT,0,3,AGE_YOUNGER_FIXED,0.0
V4EXP_PAIR_032,MLV2_DEV_040,V4_TARGET_EXPANSION_2026-08-16,PROJECT,0,3,AGE_YOUNGER_FIXED,0.0
V4EXP_PAIR_039,NEWDEV2_084,V4_TARGET_EXPANSION_2026-08-16,PROJECT,0,3,AGE_YOUNGER_FIXED,0.0
V4EXP_PAIR_042,MLV2_DEV_011,V4_TARGET_EXPANSION_2026-08-16,PROJECT,0,3,AGE_YOUNGER_FIXED,0.0
V4EXP_PAIR_046,NEWDEV2_005,V4_TARGET_EXPANSION_2026-08-16,STATUS,0,3,AGE_YOUNGER_FIXED,0.0
V4EXP_PAIR_050,MLV2_DEV_032,V4_TARGET_EXPANSION_2026-08-16,STATUS,0,3,AGE_YOUNGER_FIXED,0.0
V4PRE_PAIR_002,NEWDEV2_010,PREEXISTING_414_SOURCE_REVIEW,COMPETITIVE,0,3,AGE_LATER_FIXED,1.0
V4PRE_PAIR_005,NEWDEV2_019,PREEXISTING_414_SOURCE_REVIEW,PROJECT,0,3,AGE_LATER_FIXED,0.0
V4PRE_PAIR_008,NEWDEV2_029,PREEXISTING_414_SOURCE_REVIEW,COMPETITIVE,0,3,AGE_LATER_FIXED,0.0
V4PRE_PAIR_022,NEWDEV2_075,PREEXISTING_414_SOURCE_REVIEW,COMPETITIVE,0,3,AGE_LATER_FIXED,0.0
V4PRE_PAIR_026,NEWDEV2_082,PREEXISTING_414_SOURCE_REVIEW,STATUS,0,3,AGE_LATER_FIXED,0.0
V4PRE_PAIR_033,MLV2_DEV_007,PREEXISTING_414_SOURCE_REVIEW,PROJECT,0,3,AGE_LATER_FIXED,0.0
V4PRE_PAIR_034,MLV2_DEV_007,PREEXISTING_414_SOURCE_REVIEW,PROJECT,0,3,AGE_LATER_FIXED,0.0
V4PRE_PAIR_044,MLV2_DEV_043,PREEXISTING_414_SOURCE_REVIEW,COMPETITIVE,0,3,AGE_LATER_FIXED,0.0
V4PRE_PAIR_045,MLV2_DEV_043,PREEXISTING_414_SOURCE_REVIEW,COMPETITIVE,0,3,AGE_LATER_FIXED,0.0
V4EXP_PAIR_001,NEWDEV2_005,V4_TARGET_EXPANSION_2026-08-16,COMPETITIVE,0,3,AGE_LATER_FIXED,1.0
V4EXP_PAIR_020,NEWDEV2_031,V4_TARGET_EXPANSION_2026-08-16,COMPETITIVE,0,3,AGE_LATER_FIXED,1.0
V4EXP_PAIR_024,NEWDEV2_029,V4_TARGET_EXPANSION_2026-08-16,COMPETITIVE,0,3,AGE_LATER_FIXED,1.0
V4EXP_PAIR_025,MLV2_DEV_043,V4_TARGET_EXPANSION_2026-08-16,COMPETITIVE,0,3,AGE_LATER_FIXED,1.0
V4EXP_PAIR_027,MLV2_DEV_007,V4_TARGET_EXPANSION_2026-08-16,PROJECT,0,3,AGE_LATER_FIXED,1.0
V4EXP_PAIR_029,MLV2_DEV_063,V4_TARGET_EXPANSION_2026-08-16,PROJECT,0,3,AGE_LATER_FIXED,1.0
V4EXP_PAIR_032,MLV2_DEV_040,V4_TARGET_EXPANSION_2026-08-16,PROJECT,0,3,AGE_LATER_FIXED,1.0
V4EXP_PAIR_039,NEWDEV2_084,V4_TARGET_EXPANSION_2026-08-16,PROJECT,0,3,AGE_LATER_FIXED,1.0
V4EXP_PAIR_042,MLV2_DEV_011,V4_TARGET_EXPANSION_2026-08-16,PROJECT,0,3,AGE_LATER_FIXED,1.0
V4EXP_PAIR_046,NEWDEV2_005,V4_TARGET_EXPANSION_2026-08-16,STATUS,0,3,AGE_LATER_FIXED,1.0
V4EXP_PAIR_050,MLV2_DEV_032,V4_TARGET_EXPANSION_2026-08-16,STATUS,0,3,AGE_LATER_FIXED,1.0
V4PRE_PAIR_002,NEWDEV2_010,PREEXISTING_414_SOURCE_REVIEW,COMPETITIVE,0,3,CONTROL_FIXED,0.5
V4PRE_PAIR_005,NEWDEV2_019,PREEXISTING_414_SOURCE_REVIEW,PROJECT,0,3,CONTROL_FIXED,1.0
V4PRE_PAIR_008,NEWDEV2_029,PREEXISTING_414_SOURCE_REVIEW,COMPETITIVE,0,3,CONTROL_FIXED,0.0
V4PRE_PAIR_022,NEWDEV2_075,PREEXISTING_414_SOURCE_REVIEW,COMPETITIVE,0,3,CONTROL_FIXED,1.0
V4PRE_PAIR_026,NEWDEV2_082,PREEXISTING_414_SOURCE_REVIEW,STATUS,0,3,CONTROL_FIXED,1.0
V4PRE_PAIR_033,MLV2_DEV_007,PREEXISTING_414_SOURCE_REVIEW,PROJECT,0,3,CONTROL_FIXED,0.0
V4PRE_PAIR_034,MLV2_DEV_007,PREEXISTING_414_SOURCE_REVIEW,PROJECT,0,3,CONTROL_FIXED,0.0
V4PRE_PAIR_044,MLV2_DEV_043,PREEXISTING_414_SOURCE_REVIEW,COMPETITIVE,0,3,CONTROL_FIXED,1.0
V4PRE_PAIR_045,MLV2_DEV_043,PREEXISTING_414_SOURCE_REVIEW,COMPETITIVE,0,3,CONTROL_FIXED,1.0
V4EXP_PAIR_001,NEWDEV2_005,V4_TARGET_EXPANSION_2026-08-16,COMPETITIVE,0,3,CONTROL_FIXED,0.0
V4EXP_PAIR_020,NEWDEV2_031,V4_TARGET_EXPANSION_2026-08-16,COMPETITIVE,0,3,CONTROL_FIXED,0.0
V4EXP_PAIR_024,NEWDEV2_029,V4_TARGET_EXPANSION_2026-08-16,COMPETITIVE,0,3,CONTROL_FIXED,0.0
V4EXP_PAIR_025,MLV2_DEV_043,V4_TARGET_EXPANSION_2026-08-16,COMPETITIVE,0,3,CONTROL_FIXED,1.0
V4EXP_PAIR_027,MLV2_DEV_007,V4_TARGET_EXPANSION_2026-08-16,PROJECT,0,3,CONTROL_FIXED,0.0
V4EXP_PAIR_029,MLV2_DEV_063,V4_TARGET_EXPANSION_2026-08-16,PROJECT,0,3,CONTROL_FIXED,1.0
V4EXP_PAIR_032,MLV2_DEV_040,V4_TARGET_EXPANSION_2026-08-16,PROJECT,0,3,CONTROL_FIXED,0.0
V4EXP_PAIR_039,NEWDEV2_084,V4_TARGET_EXPANSION_2026-08-16,PROJECT,0,3,CONTROL_FIXED,0.5
V4EXP_PAIR_042,MLV2_DEV_011,V4_TARGET_EXPANSION_2026-08-16,PROJECT,0,3,CONTROL_FIXED,1.0
V4EXP_PAIR_046,NEWDEV2_005,V4_TARGET_EXPANSION_2026-08-16,STATUS,0,3,CONTROL_FIXED,1.0
V4EXP_PAIR_050,MLV2_DEV_032,V4_TARGET_EXPANSION_2026-08-16,STATUS,0,3,CONTROL_FIXED,1.0
V4PRE_PAIR_002,NEWDEV2_010,PREEXISTING_414_SOURCE_REVIEW,COMPETITIVE,0,3,TG5_GROUP_L2,0.0
V4PRE_PAIR_005,NEWDEV2_019,PREEXISTING_414_SOURCE_REVIEW,PROJECT,0,3,TG5_GROUP_L2,1.0
V4PRE_PAIR_008,NEWDEV2_029,PREEXISTING_414_SOURCE_REVIEW,COMPETITIVE,0,3,TG5_GROUP_L2,0.0
V4PRE_PAIR_022,NEWDEV2_075,PREEXISTING_414_SOURCE_REVIEW,COMPETITIVE,0,3,TG5_GROUP_L2,1.0
V4PRE_PAIR_026,NEWDEV2_082,PREEXISTING_414_SOURCE_REVIEW,STATUS,0,3,TG5_GROUP_L2,1.0
V4PRE_PAIR_033,MLV2_DEV_007,PREEXISTING_414_SOURCE_REVIEW,PROJECT,0,3,TG5_GROUP_L2,0.0
V4PRE_PAIR_034,MLV2_DEV_007,PREEXISTING_414_SOURCE_REVIEW,PROJECT,0,3,TG5_GROUP_L2,0.0
V4PRE_PAIR_044,MLV2_DEV_043,PREEXISTING_414_SOURCE_REVIEW,COMPETITIVE,0,3,TG5_GROUP_L2,1.0
V4PRE_PAIR_045,MLV2_DEV_043,PREEXISTING_414_SOURCE_REVIEW,COMPETITIVE,0,3,TG5_GROUP_L2,1.0
V4EXP_PAIR_001,NEWDEV2_005,V4_TARGET_EXPANSION_2026-08-16,COMPETITIVE,0,3,TG5_GROUP_L2,1.0
V4EXP_PAIR_020,NEWDEV2_031,V4_TARGET_EXPANSION_2026-08-16,COMPETITIVE,0,3,TG5_GROUP_L2,0.5
V4EXP_PAIR_024,NEWDEV2_029,V4_TARGET_EXPANSION_2026-08-16,COMPETITIVE,0,3,TG5_GROUP_L2,1.0
V4EXP_PAIR_025,MLV2_DEV_043,V4_TARGET_EXPANSION_2026-08-16,COMPETITIVE,0,3,TG5_GROUP_L2,1.0
V4EXP_PAIR_027,MLV2_DEV_007,V4_TARGET_EXPANSION_2026-08-16,PROJECT,0,3,TG5_GROUP_L2,0.0
V4EXP_PAIR_029,MLV2_DEV_063,V4_TARGET_EXPANSION_2026-08-16,PROJECT,0,3,TG5_GROUP_L2,1.0
V4EXP_PAIR_032,MLV2_DEV_040,V4_TARGET_EXPANSION_2026-08-16,PROJECT,0,3,TG5_GROUP_L2,0.0
V4EXP_PAIR_039,NEWDEV2_084,V4_TARGET_EXPANSION_2026-08-16,PROJECT,0,3,TG5_GROUP_L2,0.0
V4EXP_PAIR_042,MLV2_DEV_011,V4_TARGET_EXPANSION_2026-08-16,PROJECT,0,3,TG5_GROUP_L2,1.0
V4EXP_PAIR_046,NEWDEV2_005,V4_TARGET_EXPANSION_2026-08-16,STATUS,0,3,TG5_GROUP_L2,0.5
V4EXP_PAIR_050,MLV2_DEV_032,V4_TARGET_EXPANSION_2026-08-16,STATUS,0,3,TG5_GROUP_L2,0.0
V4PRE_PAIR_002,NEWDEV2_010,PREEXISTING_414_SOURCE_REVIEW,COMPETITIVE,0,3,TG10_STEM_L2,1.0
V4PRE_PAIR_005,NEWDEV2_019,PREEXISTING_414_SOURCE_REVIEW,PROJECT,0,3,TG10_STEM_L2,1.0
V4PRE_PAIR_008,NEWDEV2_029,PREEXISTING_414_SOURCE_REVIEW,COMPETITIVE,0,3,TG10_STEM_L2,0.0
V4PRE_PAIR_022,NEWDEV2_075,PREEXISTING_414_SOURCE_REVIEW,COMPETITIVE,0,3,TG10_STEM_L2,1.0
V4PRE_PAIR_026,NEWDEV2_082,PREEXISTING_414_SOURCE_REVIEW,STATUS,0,3,TG10_STEM_L2,1.0
V4PRE_PAIR_033,MLV2_DEV_007,PREEXISTING_414_SOURCE_REVIEW,PROJECT,0,3,TG10_STEM_L2,1.0
V4PRE_PAIR_034,MLV2_DEV_007,PREEXISTING_414_SOURCE_REVIEW,PROJECT,0,3,TG10_STEM_L2,0.0
V4PRE_PAIR_044,MLV2_DEV_043,PREEXISTING_414_SOURCE_REVIEW,COMPETITIVE,0,3,TG10_STEM_L2,0.0
V4PRE_PAIR_045,MLV2_DEV_043,PREEXISTING_414_SOURCE_REVIEW,COMPETITIVE,0,3,TG10_STEM_L2,0.0
V4EXP_PAIR_001,NEWDEV2_005,V4_TARGET_EXPANSION_2026-08-16,COMPETITIVE,0,3,TG10_STEM_L2,1.0
V4EXP_PAIR_020,NEWDEV2_031,V4_TARGET_EXPANSION_2026-08-16,COMPETITIVE,0,3,TG10_STEM_L2,1.0
V4EXP_PAIR_024,NEWDEV2_029,V4_TARGET_EXPANSION_2026-08-16,COMPETITIVE,0,3,TG10_STEM_L2,1.0
V4EXP_PAIR_025,MLV2_DEV_043,V4_TARGET_EXPANSION_2026-08-16,COMPETITIVE,0,3,TG10_STEM_L2,0.0
V4EXP_PAIR_027,MLV2_DEV_007,V4_TARGET_EXPANSION_2026-08-16,PROJECT,0,3,TG10_STEM_L2,1.0
V4EXP_PAIR_029,MLV2_DEV_063,V4_TARGET_EXPANSION_2026-08-16,PROJECT,0,3,TG10_STEM_L2,1.0
V4EXP_PAIR_032,MLV2_DEV_040,V4_TARGET_EXPANSION_2026-08-16,PROJECT,0,3,TG10_STEM_L2,0.0
V4EXP_PAIR_039,NEWDEV2_084,V4_TARGET_EXPANSION_2026-08-16,PROJECT,0,3,TG10_STEM_L2,0.0
V4EXP_PAIR_042,MLV2_DEV_011,V4_TARGET_EXPANSION_2026-08-16,PROJECT,0,3,TG10_STEM_L2,1.0
V4EXP_PAIR_046,NEWDEV2_005,V4_TARGET_EXPANSION_2026-08-16,STATUS,0,3,TG10_STEM_L2,0.0
V4EXP_PAIR_050,MLV2_DEV_032,V4_TARGET_EXPANSION_2026-08-16,STATUS,0,3,TG10_STEM_L2,0.0
V4PRE_PAIR_002,NEWDEV2_010,PREEXISTING_414_SOURCE_REVIEW,COMPETITIVE,0,3,TG10_STEM_BRANCH_L2,1.0
V4PRE_PAIR_005,NEWDEV2_019,PREEXISTING_414_SOURCE_REVIEW,PROJECT,0,3,TG10_STEM_BRANCH_L2,1.0
V4PRE_PAIR_008,NEWDEV2_029,PREEXISTING_414_SOURCE_REVIEW,COMPETITIVE,0,3,TG10_STEM_BRANCH_L2,0.0
V4PRE_PAIR_022,NEWDEV2_075,PREEXISTING_414_SOURCE_REVIEW,COMPETITIVE,0,3,TG10_STEM_BRANCH_L2,1.0
V4PRE_PAIR_026,NEWDEV2_082,PREEXISTING_414_SOURCE_REVIEW,STATUS,0,3,TG10_STEM_BRANCH_L2,0.0
V4PRE_PAIR_033,MLV2_DEV_007,PREEXISTING_414_SOURCE_REVIEW,PROJECT,0,3,TG10_STEM_BRANCH_L2,1.0
V4PRE_PAIR_034,MLV2_DEV_007,PREEXISTING_414_SOURCE_REVIEW,PROJECT,0,3,TG10_STEM_BRANCH_L2,0.0
V4PRE_PAIR_044,MLV2_DEV_043,PREEXISTING_414_SOURCE_REVIEW,COMPETITIVE,0,3,TG10_STEM_BRANCH_L2,0.0
V4PRE_PAIR_045,MLV2_DEV_043,PREEXISTING_414_SOURCE_REVIEW,COMPETITIVE,0,3,TG10_STEM_BRANCH_L2,0.0
V4EXP_PAIR_001,NEWDEV2_005,V4_TARGET_EXPANSION_2026-08-16,COMPETITIVE,0,3,TG10_STEM_BRANCH_L2,1.0
V4EXP_PAIR_020,NEWDEV2_031,V4_TARGET_EXPANSION_2026-08-16,COMPETITIVE,0,3,TG10_STEM_BRANCH_L2,1.0
V4EXP_PAIR_024,NEWDEV2_029,V4_TARGET_EXPANSION_2026-08-16,COMPETITIVE,0,3,TG10_STEM_BRANCH_L2,0.0
V4EXP_PAIR_025,MLV2_DEV_043,V4_TARGET_EXPANSION_2026-08-16,COMPETITIVE,0,3,TG10_STEM_BRANCH_L2,0.0
V4EXP_PAIR_027,MLV2_DEV_007,V4_TARGET_EXPANSION_2026-08-16,PROJECT,0,3,TG10_STEM_BRANCH_L2,0.0
V4EXP_PAIR_029,MLV2_DEV_063,V4_TARGET_EXPANSION_2026-08-16,PROJECT,0,3,TG10_STEM_BRANCH_L2,1.0
V4EXP_PAIR_032,MLV2_DEV_040,V4_TARGET_EXPANSION_2026-08-16,PROJECT,0,3,TG10_STEM_BRANCH_L2,0.0
V4EXP_PAIR_039,NEWDEV2_084,V4_TARGET_EXPANSION_2026-08-16,PROJECT,0,3,TG10_STEM_BRANCH_L2,0.0
V4EXP_PAIR_042,MLV2_DEV_011,V4_TARGET_EXPANSION_2026-08-16,PROJECT,0,3,TG10_STEM_BRANCH_L2,1.0
V4EXP_PAIR_046,NEWDEV2_005,V4_TARGET_EXPANSION_2026-08-16,STATUS,0,3,TG10_STEM_BRANCH_L2,0.0
V4EXP_PAIR_050,MLV2_DEV_032,V4_TARGET_EXPANSION_2026-08-16,STATUS,0,3,TG10_STEM_BRANCH_L2,1.0
V4PRE_PAIR_002,NEWDEV2_010,PREEXISTING_414_SOURCE_REVIEW,COMPETITIVE,0,3,TG10_SB_STRENGTH_L2,0.0
V4PRE_PAIR_005,NEWDEV2_019,PREEXISTING_414_SOURCE_REVIEW,PROJECT,0,3,TG10_SB_STRENGTH_L2,1.0
V4PRE_PAIR_008,NEWDEV2_029,PREEXISTING_414_SOURCE_REVIEW,COMPETITIVE,0,3,TG10_SB_STRENGTH_L2,0.0
V4PRE_PAIR_022,NEWDEV2_075,PREEXISTING_414_SOURCE_REVIEW,COMPETITIVE,0,3,TG10_SB_STRENGTH_L2,1.0
V4PRE_PAIR_026,NEWDEV2_082,PREEXISTING_414_SOURCE_REVIEW,STATUS,0,3,TG10_SB_STRENGTH_L2,0.0
V4PRE_PAIR_033,MLV2_DEV_007,PREEXISTING_414_SOURCE_REVIEW,PROJECT,0,3,TG10_SB_STRENGTH_L2,0.0
V4PRE_PAIR_034,MLV2_DEV_007,PREEXISTING_414_SOURCE_REVIEW,PROJECT,0,3,TG10_SB_STRENGTH_L2,0.0
V4PRE_PAIR_044,MLV2_DEV_043,PREEXISTING_414_SOURCE_REVIEW,COMPETITIVE,0,3,TG10_SB_STRENGTH_L2,0.0
V4PRE_PAIR_045,MLV2_DEV_043,PREEXISTING_414_SOURCE_REVIEW,COMPETITIVE,0,3,TG10_SB_STRENGTH_L2,0.0
V4EXP_PAIR_001,NEWDEV2_005,V4_TARGET_EXPANSION_2026-08-16,COMPETITIVE,0,3,TG10_SB_STRENGTH_L2,0.0
V4EXP_PAIR_020,NEWDEV2_031,V4_TARGET_EXPANSION_2026-08-16,COMPETITIVE,0,3,TG10_SB_STRENGTH_L2,1.0
V4EXP_PAIR_024,NEWDEV2_029,V4_TARGET_EXPANSION_2026-08-16,COMPETITIVE,0,3,TG10_SB_STRENGTH_L2,1.0
V4EXP_PAIR_025,MLV2_DEV_043,V4_TARGET_EXPANSION_2026-08-16,COMPETITIVE,0,3,TG10_SB_STRENGTH_L2,0.0
V4EXP_PAIR_027,MLV2_DEV_007,V4_TARGET_EXPANSION_2026-08-16,PROJECT,0,3,TG10_SB_STRENGTH_L2,0.0
V4EXP_PAIR_029,MLV2_DEV_063,V4_TARGET_EXPANSION_2026-08-16,PROJECT,0,3,TG10_SB_STRENGTH_L2,1.0
V4EXP_PAIR_032,MLV2_DEV_040,V4_TARGET_EXPANSION_2026-08-16,PROJECT,0,3,TG10_SB_STRENGTH_L2,0.0
V4EXP_PAIR_039,NEWDEV2_084,V4_TARGET_EXPANSION_2026-08-16,PROJECT,0,3,TG10_SB_STRENGTH_L2,0.0
V4EXP_PAIR_042,MLV2_DEV_011,V4_TARGET_EXPANSION_2026-08-16,PROJECT,0,3,TG10_SB_STRENGTH_L2,1.0
V4EXP_PAIR_046,NEWDEV2_005,V4_TARGET_EXPANSION_2026-08-16,STATUS,0,3,TG10_SB_STRENGTH_L2,0.0
V4EXP_PAIR_050,MLV2_DEV_032,V4_TARGET_EXPANSION_2026-08-16,STATUS,0,3,TG10_SB_STRENGTH_L2,1.0
V4PRE_PAIR_002,NEWDEV2_010,PREEXISTING_414_SOURCE_REVIEW,COMPETITIVE,0,3,TG10_SB_RELATIONS_L2,1.0
V4PRE_PAIR_005,NEWDEV2_019,PREEXISTING_414_SOURCE_REVIEW,PROJECT,0,3,TG10_SB_RELATIONS_L2,1.0
V4PRE_PAIR_008,NEWDEV2_029,PREEXISTING_414_SOURCE_REVIEW,COMPETITIVE,0,3,TG10_SB_RELATIONS_L2,0.0
V4PRE_PAIR_022,NEWDEV2_075,PREEXISTING_414_SOURCE_REVIEW,COMPETITIVE,0,3,TG10_SB_RELATIONS_L2,1.0
V4PRE_PAIR_026,NEWDEV2_082,PREEXISTING_414_SOURCE_REVIEW,STATUS,0,3,TG10_SB_RELATIONS_L2,1.0
V4PRE_PAIR_033,MLV2_DEV_007,PREEXISTING_414_SOURCE_REVIEW,PROJECT,0,3,TG10_SB_RELATIONS_L2,0.0
V4PRE_PAIR_034,MLV2_DEV_007,PREEXISTING_414_SOURCE_REVIEW,PROJECT,0,3,TG10_SB_RELATIONS_L2,0.0
V4PRE_PAIR_044,MLV2_DEV_043,PREEXISTING_414_SOURCE_REVIEW,COMPETITIVE,0,3,TG10_SB_RELATIONS_L2,0.0
V4PRE_PAIR_045,MLV2_DEV_043,PREEXISTING_414_SOURCE_REVIEW,COMPETITIVE,0,3,TG10_SB_RELATIONS_L2,0.0
V4EXP_PAIR_001,NEWDEV2_005,V4_TARGET_EXPANSION_2026-08-16,COMPETITIVE,0,3,TG10_SB_RELATIONS_L2,0.0
V4EXP_PAIR_020,NEWDEV2_031,V4_TARGET_EXPANSION_2026-08-16,COMPETITIVE,0,3,TG10_SB_RELATIONS_L2,1.0
V4EXP_PAIR_024,NEWDEV2_029,V4_TARGET_EXPANSION_2026-08-16,COMPETITIVE,0,3,TG10_SB_RELATIONS_L2,0.0
V4EXP_PAIR_025,MLV2_DEV_043,V4_TARGET_EXPANSION_2026-08-16,COMPETITIVE,0,3,TG10_SB_RELATIONS_L2,0.0
V4EXP_PAIR_027,MLV2_DEV_007,V4_TARGET_EXPANSION_2026-08-16,PROJECT,0,3,TG10_SB_RELATIONS_L2,0.0
V4EXP_PAIR_029,MLV2_DEV_063,V4_TARGET_EXPANSION_2026-08-16,PROJECT,0,3,TG10_SB_RELATIONS_L2,1.0
V4EXP_PAIR_032,MLV2_DEV_040,V4_TARGET_EXPANSION_2026-08-16,PROJECT,0,3,TG10_SB_RELATIONS_L2,0.0
V4EXP_PAIR_039,NEWDEV2_084,V4_TARGET_EXPANSION_2026-08-16,PROJECT,0,3,TG10_SB_RELATIONS_L2,0.0
V4EXP_PAIR_042,MLV2_DEV_011,V4_TARGET_EXPANSION_2026-08-16,PROJECT,0,3,TG10_SB_RELATIONS_L2,1.0
V4EXP_PAIR_046,NEWDEV2_005,V4_TARGET_EXPANSION_2026-08-16,STATUS,0,3,TG10_SB_RELATIONS_L2,0.0
V4EXP_PAIR_050,MLV2_DEV_032,V4_TARGET_EXPANSION_2026-08-16,STATUS,0,3,TG10_SB_RELATIONS_L2,1.0
V4PRE_PAIR_002,NEWDEV2_010,PREEXISTING_414_SOURCE_REVIEW,COMPETITIVE,0,3,ALL_L2,1.0
V4PRE_PAIR_005,NEWDEV2_019,PREEXISTING_414_SOURCE_REVIEW,PROJECT,0,3,ALL_L2,1.0
V4PRE_PAIR_008,NEWDEV2_029,PREEXISTING_414_SOURCE_REVIEW,COMPETITIVE,0,3,ALL_L2,1.0
V4PRE_PAIR_022,NEWDEV2_075,PREEXISTING_414_SOURCE_REVIEW,COMPETITIVE,0,3,ALL_L2,1.0
V4PRE_PAIR_026,NEWDEV2_082,PREEXISTING_414_SOURCE_REVIEW,STATUS,0,3,ALL_L2,1.0
V4PRE_PAIR_033,MLV2_DEV_007,PREEXISTING_414_SOURCE_REVIEW,PROJECT,0,3,ALL_L2,0.0
V4PRE_PAIR_034,MLV2_DEV_007,PREEXISTING_414_SOURCE_REVIEW,PROJECT,0,3,ALL_L2,0.0
V4PRE_PAIR_044,MLV2_DEV_043,PREEXISTING_414_SOURCE_REVIEW,COMPETITIVE,0,3,ALL_L2,0.0
V4PRE_PAIR_045,MLV2_DEV_043,PREEXISTING_414_SOURCE_REVIEW,COMPETITIVE,0,3,ALL_L2,0.0
V4EXP_PAIR_001,NEWDEV2_005,V4_TARGET_EXPANSION_2026-08-16,COMPETITIVE,0,3,ALL_L2,1.0
V4EXP_PAIR_020,NEWDEV2_031,V4_TARGET_EXPANSION_2026-08-16,COMPETITIVE,0,3,ALL_L2,1.0
V4EXP_PAIR_024,NEWDEV2_029,V4_TARGET_EXPANSION_2026-08-16,COMPETITIVE,0,3,ALL_L2,0.0
V4EXP_PAIR_025,MLV2_DEV_043,V4_TARGET_EXPANSION_2026-08-16,COMPETITIVE,0,3,ALL_L2,0.0
V4EXP_PAIR_027,MLV2_DEV_007,V4_TARGET_EXPANSION_2026-08-16,PROJECT,0,3,ALL_L2,0.0
V4EXP_PAIR_029,MLV2_DEV_063,V4_TARGET_EXPANSION_2026-08-16,PROJECT,0,3,ALL_L2,1.0
V4EXP_PAIR_032,MLV2_DEV_040,V4_TARGET_EXPANSION_2026-08-16,PROJECT,0,3,ALL_L2,0.0
V4EXP_PAIR_039,NEWDEV2_084,V4_TARGET_EXPANSION_2026-08-16,PROJECT,0,3,ALL_L2,0.0
V4EXP_PAIR_042,MLV2_DEV_011,V4_TARGET_EXPANSION_2026-08-16,PROJECT,0,3,ALL_L2,1.0
V4EXP_PAIR_046,NEWDEV2_005,V4_TARGET_EXPANSION_2026-08-16,STATUS,0,3,ALL_L2,0.0
V4EXP_PAIR_050,MLV2_DEV_032,V4_TARGET_EXPANSION_2026-08-16,STATUS,0,3,ALL_L2,0.0
V4PRE_PAIR_002,NEWDEV2_010,PREEXISTING_414_SOURCE_REVIEW,COMPETITIVE,0,3,NUISANCE_AGE_AXIS,1.0
V4PRE_PAIR_005,NEWDEV2_019,PREEXISTING_414_SOURCE_REVIEW,PROJECT,0,3,NUISANCE_AGE_AXIS,1.0
V4PRE_PAIR_008,NEWDEV2_029,PREEXISTING_414_SOURCE_REVIEW,COMPETITIVE,0,3,NUISANCE_AGE_AXIS,0.0
V4PRE_PAIR_022,NEWDEV2_075,PREEXISTING_414_SOURCE_REVIEW,COMPETITIVE,0,3,NUISANCE_AGE_AXIS,0.0
V4PRE_PAIR_026,NEWDEV2_082,PREEXISTING_414_SOURCE_REVIEW,STATUS,0,3,NUISANCE_AGE_AXIS,1.0
V4PRE_PAIR_033,MLV2_DEV_007,PREEXISTING_414_SOURCE_REVIEW,PROJECT,0,3,NUISANCE_AGE_AXIS,1.0
V4PRE_PAIR_034,MLV2_DEV_007,PREEXISTING_414_SOURCE_REVIEW,PROJECT,0,3,NUISANCE_AGE_AXIS,1.0
V4PRE_PAIR_044,MLV2_DEV_043,PREEXISTING_414_SOURCE_REVIEW,COMPETITIVE,0,3,NUISANCE_AGE_AXIS,0.0
V4PRE_PAIR_045,MLV2_DEV_043,PREEXISTING_414_SOURCE_REVIEW,COMPETITIVE,0,3,NUISANCE_AGE_AXIS,0.0
V4EXP_PAIR_001,NEWDEV2_005,V4_TARGET_EXPANSION_2026-08-16,COMPETITIVE,0,3,NUISANCE_AGE_AXIS,1.0
V4EXP_PAIR_020,NEWDEV2_031,V4_TARGET_EXPANSION_2026-08-16,COMPETITIVE,0,3,NUISANCE_AGE_AXIS,1.0
V4EXP_PAIR_024,NEWDEV2_029,V4_TARGET_EXPANSION_2026-08-16,COMPETITIVE,0,3,NUISANCE_AGE_AXIS,1.0
V4EXP_PAIR_025,MLV2_DEV_043,V4_TARGET_EXPANSION_2026-08-16,COMPETITIVE,0,3,NUISANCE_AGE_AXIS,1.0
V4EXP_PAIR_027,MLV2_DEV_007,V4_TARGET_EXPANSION_2026-08-16,PROJECT,0,3,NUISANCE_AGE_AXIS,0.0
V4EXP_PAIR_029,MLV2_DEV_063,V4_TARGET_EXPANSION_2026-08-16,PROJECT,0,3,NUISANCE_AGE_AXIS,0.0
V4EXP_PAIR_032,MLV2_DEV_040,V4_TARGET_EXPANSION_2026-08-16,PROJECT,0,3,NUISANCE_AGE_AXIS,0.0
V4EXP_PAIR_039,NEWDEV2_084,V4_TARGET_EXPANSION_2026-08-16,PROJECT,0,3,NUISANCE_AGE_AXIS,0.0
V4EXP_PAIR_042,MLV2_DEV_011,V4_TARGET_EXPANSION_2026-08-16,PROJECT,0,3,NUISANCE_AGE_AXIS,0.0
V4EXP_PAIR_046,NEWDEV2_005,V4_TARGET_EXPANSION_2026-08-16,STATUS,0,3,NUISANCE_AGE_AXIS,0.0
V4EXP_PAIR_050,MLV2_DEV_032,V4_TARGET_EXPANSION_2026-08-16,STATUS,0,3,NUISANCE_AGE_AXIS,0.0
V4PRE_PAIR_002,NEWDEV2_010,PREEXISTING_414_SOURCE_REVIEW,COMPETITIVE,0,3,NUISANCE_WITH_ORIGIN_DIAGNOSTIC,0.0
V4PRE_PAIR_005,NEWDEV2_019,PREEXISTING_414_SOURCE_REVIEW,PROJECT,0,3,NUISANCE_WITH_ORIGIN_DIAGNOSTIC,1.0
V4PRE_PAIR_008,NEWDEV2_029,PREEXISTING_414_SOURCE_REVIEW,COMPETITIVE,0,3,NUISANCE_WITH_ORIGIN_DIAGNOSTIC,1.0
V4PRE_PAIR_022,NEWDEV2_075,PREEXISTING_414_SOURCE_REVIEW,COMPETITIVE,0,3,NUISANCE_WITH_ORIGIN_DIAGNOSTIC,1.0
V4PRE_PAIR_026,NEWDEV2_082,PREEXISTING_414_SOURCE_REVIEW,STATUS,0,3,NUISANCE_WITH_ORIGIN_DIAGNOSTIC,1.0
V4PRE_PAIR_033,MLV2_DEV_007,PREEXISTING_414_SOURCE_REVIEW,PROJECT,0,3,NUISANCE_WITH_ORIGIN_DIAGNOSTIC,1.0
V4PRE_PAIR_034,MLV2_DEV_007,PREEXISTING_414_SOURCE_REVIEW,PROJECT,0,3,NUISANCE_WITH_ORIGIN_DIAGNOSTIC,1.0
V4PRE_PAIR_044,MLV2_DEV_043,PREEXISTING_414_SOURCE_REVIEW,COMPETITIVE,0,3,NUISANCE_WITH_ORIGIN_DIAGNOSTIC,1.0
V4PRE_PAIR_045,MLV2_DEV_043,PREEXISTING_414_SOURCE_REVIEW,COMPETITIVE,0,3,NUISANCE_WITH_ORIGIN_DIAGNOSTIC,1.0
V4EXP_PAIR_001,NEWDEV2_005,V4_TARGET_EXPANSION_2026-08-16,COMPETITIVE,0,3,NUISANCE_WITH_ORIGIN_DIAGNOSTIC,1.0
V4EXP_PAIR_020,NEWDEV2_031,V4_TARGET_EXPANSION_2026-08-16,COMPETITIVE,0,3,NUISANCE_WITH_ORIGIN_DIAGNOSTIC,1.0
V4EXP_PAIR_024,NEWDEV2_029,V4_TARGET_EXPANSION_2026-08-16,COMPETITIVE,0,3,NUISANCE_WITH_ORIGIN_DIAGNOSTIC,1.0
V4EXP_PAIR_025,MLV2_DEV_043,V4_TARGET_EXPANSION_2026-08-16,COMPETITIVE,0,3,NUISANCE_WITH_ORIGIN_DIAGNOSTIC,1.0
V4EXP_PAIR_027,MLV2_DEV_007,V4_TARGET_EXPANSION_2026-08-16,PROJECT,0,3,NUISANCE_WITH_ORIGIN_DIAGNOSTIC,1.0
V4EXP_PAIR_029,MLV2_DEV_063,V4_TARGET_EXPANSION_2026-08-16,PROJECT,0,3,NUISANCE_WITH_ORIGIN_DIAGNOSTIC,1.0
V4EXP_PAIR_032,MLV2_DEV_040,V4_TARGET_EXPANSION_2026-08-16,PROJECT,0,3,NUISANCE_WITH_ORIGIN_DIAGNOSTIC,1.0
V4EXP_PAIR_039,NEWDEV2_084,V4_TARGET_EXPANSION_2026-08-16,PROJECT,0,3,NUISANCE_WITH_ORIGIN_DIAGNOSTIC,1.0
V4EXP_PAIR_042,MLV2_DEV_011,V4_TARGET_EXPANSION_2026-08-16,PROJECT,0,3,NUISANCE_WITH_ORIGIN_DIAGNOSTIC,1.0
V4EXP_PAIR_046,NEWDEV2_005,V4_TARGET_EXPANSION_2026-08-16,STATUS,0,3,NUISANCE_WITH_ORIGIN_DIAGNOSTIC,1.0
V4EXP_PAIR_050,MLV2_DEV_032,V4_TARGET_EXPANSION_2026-08-16,STATUS,0,3,NUISANCE_WITH_ORIGIN_DIAGNOSTIC,1.0
V4PRE_PAIR_002,NEWDEV2_010,PREEXISTING_414_SOURCE_REVIEW,COMPETITIVE,0,3,ALL_ELASTICNET_AUTO,1.0
V4PRE_PAIR_005,NEWDEV2_019,PREEXISTING_414_SOURCE_REVIEW,PROJECT,0,3,ALL_ELASTICNET_AUTO,0.0
V4PRE_PAIR_008,NEWDEV2_029,PREEXISTING_414_SOURCE_REVIEW,COMPETITIVE,0,3,ALL_ELASTICNET_AUTO,1.0
V4PRE_PAIR_022,NEWDEV2_075,PREEXISTING_414_SOURCE_REVIEW,COMPETITIVE,0,3,ALL_ELASTICNET_AUTO,1.0
V4PRE_PAIR_026,NEWDEV2_082,PREEXISTING_414_SOURCE_REVIEW,STATUS,0,3,ALL_ELASTICNET_AUTO,1.0
V4PRE_PAIR_033,MLV2_DEV_007,PREEXISTING_414_SOURCE_REVIEW,PROJECT,0,3,ALL_ELASTICNET_AUTO,0.0
V4PRE_PAIR_034,MLV2_DEV_007,PREEXISTING_414_SOURCE_REVIEW,PROJECT,0,3,ALL_ELASTICNET_AUTO,0.0
V4PRE_PAIR_044,MLV2_DEV_043,PREEXISTING_414_SOURCE_REVIEW,COMPETITIVE,0,3,ALL_ELASTICNET_AUTO,0.0
V4PRE_PAIR_045,MLV2_DEV_043,PREEXISTING_414_SOURCE_REVIEW,COMPETITIVE,0,3,ALL_ELASTICNET_AUTO,0.0
V4EXP_PAIR_001,NEWDEV2_005,V4_TARGET_EXPANSION_2026-08-16,COMPETITIVE,0,3,ALL_ELASTICNET_AUTO,1.0
V4EXP_PAIR_020,NEWDEV2_031,V4_TARGET_EXPANSION_2026-08-16,COMPETITIVE,0,3,ALL_ELASTICNET_AUTO,0.0
V4EXP_PAIR_024,NEWDEV2_029,V4_TARGET_EXPANSION_2026-08-16,COMPETITIVE,0,3,ALL_ELASTICNET_AUTO,1.0
V4EXP_PAIR_025,MLV2_DEV_043,V4_TARGET_EXPANSION_2026-08-16,COMPETITIVE,0,3,ALL_ELASTICNET_AUTO,0.0
V4EXP_PAIR_027,MLV2_DEV_007,V4_TARGET_EXPANSION_2026-08-16,PROJECT,0,3,ALL_ELASTICNET_AUTO,0.0
V4EXP_PAIR_029,MLV2_DEV_063,V4_TARGET_EXPANSION_2026-08-16,PROJECT,0,3,ALL_ELASTICNET_AUTO,1.0
V4EXP_PAIR_032,MLV2_DEV_040,V4_TARGET_EXPANSION_2026-08-16,PROJECT,0,3,ALL_ELASTICNET_AUTO,0.0
V4EXP_PAIR_039,NEWDEV2_084,V4_TARGET_EXPANSION_2026-08-16,PROJECT,0,3,ALL_ELASTICNET_AUTO,0.0
V4EXP_PAIR_042,MLV2_DEV_011,V4_TARGET_EXPANSION_2026-08-16,PROJECT,0,3,ALL_ELASTICNET_AUTO,0.0
V4EXP_PAIR_046,NEWDEV2_005,V4_TARGET_EXPANSION_2026-08-16,STATUS,0,3,ALL_ELASTICNET_AUTO,0.0
V4EXP_PAIR_050,MLV2_DEV_032,V4_TARGET_EXPANSION_2026-08-16,STATUS,0,3,ALL_ELASTICNET_AUTO,0.0
V4PRE_PAIR_002,NEWDEV2_010,PREEXISTING_414_SOURCE_REVIEW,COMPETITIVE,0,3,HGB_ALL_EXPLORATORY,1.0
V4PRE_PAIR_005,NEWDEV2_019,PREEXISTING_414_SOURCE_REVIEW,PROJECT,0,3,HGB_ALL_EXPLORATORY,0.0
V4PRE_PAIR_008,NEWDEV2_029,PREEXISTING_414_SOURCE_REVIEW,COMPETITIVE,0,3,HGB_ALL_EXPLORATORY,1.0
V4PRE_PAIR_022,NEWDEV2_075,PREEXISTING_414_SOURCE_REVIEW,COMPETITIVE,0,3,HGB_ALL_EXPLORATORY,1.0
V4PRE_PAIR_026,NEWDEV2_082,PREEXISTING_414_SOURCE_REVIEW,STATUS,0,3,HGB_ALL_EXPLORATORY,1.0
V4PRE_PAIR_033,MLV2_DEV_007,PREEXISTING_414_SOURCE_REVIEW,PROJECT,0,3,HGB_ALL_EXPLORATORY,0.0
V4PRE_PAIR_034,MLV2_DEV_007,PREEXISTING_414_SOURCE_REVIEW,PROJECT,0,3,HGB_ALL_EXPLORATORY,0.0
V4PRE_PAIR_044,MLV2_DEV_043,PREEXISTING_414_SOURCE_REVIEW,COMPETITIVE,0,3,HGB_ALL_EXPLORATORY,0.0
V4PRE_PAIR_045,MLV2_DEV_043,PREEXISTING_414_SOURCE_REVIEW,COMPETITIVE,0,3,HGB_ALL_EXPLORATORY,0.0
V4EXP_PAIR_001,NEWDEV2_005,V4_TARGET_EXPANSION_2026-08-16,COMPETITIVE,0,3,HGB_ALL_EXPLORATORY,1.0
V4EXP_PAIR_020,NEWDEV2_031,V4_TARGET_EXPANSION_2026-08-16,COMPETITIVE,0,3,HGB_ALL_EXPLORATORY,0.0
V4EXP_PAIR_024,NEWDEV2_029,V4_TARGET_EXPANSION_2026-08-16,COMPETITIVE,0,3,HGB_ALL_EXPLORATORY,1.0
V4EXP_PAIR_025,MLV2_DEV_043,V4_TARGET_EXPANSION_2026-08-16,COMPETITIVE,0,3,HGB_ALL_EXPLORATORY,1.0
V4EXP_PAIR_027,MLV2_DEV_007,V4_TARGET_EXPANSION_2026-08-16,PROJECT,0,3,HGB_ALL_EXPLORATORY,0.0
V4EXP_PAIR_029,MLV2_DEV_063,V4_TARGET_EXPANSION_2026-08-16,PROJECT,0,3,HGB_ALL_EXPLORATORY,1.0
V4EXP_PAIR_032,MLV2_DEV_040,V4_TARGET_EXPANSION_2026-08-16,PROJECT,0,3,HGB_ALL_EXPLORATORY,0.0
V4EXP_PAIR_039,NEWDEV2_084,V4_TARGET_EXPANSION_2026-08-16,PROJECT,0,3,HGB_ALL_EXPLORATORY,0.0
V4EXP_PAIR_042,MLV2_DEV_011,V4_TARGET_EXPANSION_2026-08-16,PROJECT,0,3,HGB_ALL_EXPLORATORY,1.0
V4EXP_PAIR_046,NEWDEV2_005,V4_TARGET_EXPANSION_2026-08-16,STATUS,0,3,HGB_ALL_EXPLORATORY,0.0
V4EXP_PAIR_050,MLV2_DEV_032,V4_TARGET_EXPANSION_2026-08-16,STATUS,0,3,HGB_ALL_EXPLORATORY,1.0
V4PRE_PAIR_007,NEWDEV2_028,PREEXISTING_414_SOURCE_REVIEW,COMPETITIVE,0,4,AGE_YOUNGER_FIXED,1.0
V4PRE_PAIR_011,NEWDEV2_039,PREEXISTING_414_SOURCE_REVIEW,STATUS,0,4,AGE_YOUNGER_FIXED,1.0
V4PRE_PAIR_013,NEWDEV2_043,PREEXISTING_414_SOURCE_REVIEW,COMPETITIVE,0,4,AGE_YOUNGER_FIXED,0.0
V4PRE_PAIR_020,NEWDEV2_070,PREEXISTING_414_SOURCE_REVIEW,PROJECT,0,4,AGE_YOUNGER_FIXED,1.0
V4PRE_PAIR_021,NEWDEV2_074,PREEXISTING_414_SOURCE_REVIEW,PROJECT,0,4,AGE_YOUNGER_FIXED,1.0
V4PRE_PAIR_030,NEWDEV2_093,PREEXISTING_414_SOURCE_REVIEW,COMPETITIVE,0,4,AGE_YOUNGER_FIXED,1.0
V4PRE_PAIR_037,MLV2_DEV_022,PREEXISTING_414_SOURCE_REVIEW,RECOGNITION,0,4,AGE_YOUNGER_FIXED,1.0
V4PRE_PAIR_038,MLV2_DEV_022,PREEXISTING_414_SOURCE_REVIEW,RECOGNITION,0,4,AGE_YOUNGER_FIXED,0.0
V4PRE_PAIR_042,MLV2_DEV_039,PREEXISTING_414_SOURCE_REVIEW,STATUS,0,4,AGE_YOUNGER_FIXED,1.0
V4PRE_PAIR_048,MLV2_DEV_057,PREEXISTING_414_SOURCE_REVIEW,PROJECT,0,4,AGE_YOUNGER_FIXED,1.0
V4EXP_PAIR_002,NEWDEV2_036,V4_TARGET_EXPANSION_2026-08-16,COMPETITIVE,0,4,AGE_YOUNGER_FIXED,0.0
V4EXP_PAIR_003,NEWDEV2_036,V4_TARGET_EXPANSION_2026-08-16,COMPETITIVE,0,4,AGE_YOUNGER_FIXED,0.0
V4EXP_PAIR_011,NEWDEV2_027,V4_TARGET_EXPANSION_2026-08-16,COMPETITIVE,0,4,AGE_YOUNGER_FIXED,0.0
V4EXP_PAIR_012,NEWDEV2_027,V4_TARGET_EXPANSION_2026-08-16,COMPETITIVE,0,4,AGE_YOUNGER_FIXED,0.0
V4EXP_PAIR_013,NEWDEV2_027,V4_TARGET_EXPANSION_2026-08-16,COMPETITIVE,0,4,AGE_YOUNGER_FIXED,0.0
V4EXP_PAIR_034,MLV2_DEV_051,V4_TARGET_EXPANSION_2026-08-16,PROJECT,0,4,AGE_YOUNGER_FIXED,0.0
V4EXP_PAIR_035,MLV2_DEV_036,V4_TARGET_EXPANSION_2026-08-16,PROJECT,0,4,AGE_YOUNGER_FIXED,0.0
V4EXP_PAIR_038,MLV2_DEV_012,V4_TARGET_EXPANSION_2026-08-16,PROJECT,0,4,AGE_YOUNGER_FIXED,0.0
V4EXP_PAIR_041,MLV2_DEV_044,V4_TARGET_EXPANSION_2026-08-16,PROJECT,0,4,AGE_YOUNGER_FIXED,0.0
V4EXP_PAIR_044,MLV2_DEV_057,V4_TARGET_EXPANSION_2026-08-16,PROJECT,0,4,AGE_YOUNGER_FIXED,0.0
V4PRE_PAIR_007,NEWDEV2_028,PREEXISTING_414_SOURCE_REVIEW,COMPETITIVE,0,4,AGE_LATER_FIXED,0.0
V4PRE_PAIR_011,NEWDEV2_039,PREEXISTING_414_SOURCE_REVIEW,STATUS,0,4,AGE_LATER_FIXED,0.0
V4PRE_PAIR_013,NEWDEV2_043,PREEXISTING_414_SOURCE_REVIEW,COMPETITIVE,0,4,AGE_LATER_FIXED,1.0
V4PRE_PAIR_020,NEWDEV2_070,PREEXISTING_414_SOURCE_REVIEW,PROJECT,0,4,AGE_LATER_FIXED,0.0
V4PRE_PAIR_021,NEWDEV2_074,PREEXISTING_414_SOURCE_REVIEW,PROJECT,0,4,AGE_LATER_FIXED,0.0
V4PRE_PAIR_030,NEWDEV2_093,PREEXISTING_414_SOURCE_REVIEW,COMPETITIVE,0,4,AGE_LATER_FIXED,0.0
V4PRE_PAIR_037,MLV2_DEV_022,PREEXISTING_414_SOURCE_REVIEW,RECOGNITION,0,4,AGE_LATER_FIXED,0.0
V4PRE_PAIR_038,MLV2_DEV_022,PREEXISTING_414_SOURCE_REVIEW,RECOGNITION,0,4,AGE_LATER_FIXED,1.0
V4PRE_PAIR_042,MLV2_DEV_039,PREEXISTING_414_SOURCE_REVIEW,STATUS,0,4,AGE_LATER_FIXED,0.0
V4PRE_PAIR_048,MLV2_DEV_057,PREEXISTING_414_SOURCE_REVIEW,PROJECT,0,4,AGE_LATER_FIXED,0.0
V4EXP_PAIR_002,NEWDEV2_036,V4_TARGET_EXPANSION_2026-08-16,COMPETITIVE,0,4,AGE_LATER_FIXED,1.0
V4EXP_PAIR_003,NEWDEV2_036,V4_TARGET_EXPANSION_2026-08-16,COMPETITIVE,0,4,AGE_LATER_FIXED,1.0
V4EXP_PAIR_011,NEWDEV2_027,V4_TARGET_EXPANSION_2026-08-16,COMPETITIVE,0,4,AGE_LATER_FIXED,1.0
V4EXP_PAIR_012,NEWDEV2_027,V4_TARGET_EXPANSION_2026-08-16,COMPETITIVE,0,4,AGE_LATER_FIXED,1.0
V4EXP_PAIR_013,NEWDEV2_027,V4_TARGET_EXPANSION_2026-08-16,COMPETITIVE,0,4,AGE_LATER_FIXED,1.0
V4EXP_PAIR_034,MLV2_DEV_051,V4_TARGET_EXPANSION_2026-08-16,PROJECT,0,4,AGE_LATER_FIXED,1.0
V4EXP_PAIR_035,MLV2_DEV_036,V4_TARGET_EXPANSION_2026-08-16,PROJECT,0,4,AGE_LATER_FIXED,1.0
V4EXP_PAIR_038,MLV2_DEV_012,V4_TARGET_EXPANSION_2026-08-16,PROJECT,0,4,AGE_LATER_FIXED,1.0
V4EXP_PAIR_041,MLV2_DEV_044,V4_TARGET_EXPANSION_2026-08-16,PROJECT,0,4,AGE_LATER_FIXED,1.0
V4EXP_PAIR_044,MLV2_DEV_057,V4_TARGET_EXPANSION_2026-08-16,PROJECT,0,4,AGE_LATER_FIXED,1.0
V4PRE_PAIR_007,NEWDEV2_028,PREEXISTING_414_SOURCE_REVIEW,COMPETITIVE,0,4,CONTROL_FIXED,1.0
V4PRE_PAIR_011,NEWDEV2_039,PREEXISTING_414_SOURCE_REVIEW,STATUS,0,4,CONTROL_FIXED,1.0
V4PRE_PAIR_013,NEWDEV2_043,PREEXISTING_414_SOURCE_REVIEW,COMPETITIVE,0,4,CONTROL_FIXED,1.0
V4PRE_PAIR_020,NEWDEV2_070,PREEXISTING_414_SOURCE_REVIEW,PROJECT,0,4,CONTROL_FIXED,1.0
V4PRE_PAIR_021,NEWDEV2_074,PREEXISTING_414_SOURCE_REVIEW,PROJECT,0,4,CONTROL_FIXED,0.0
V4PRE_PAIR_030,NEWDEV2_093,PREEXISTING_414_SOURCE_REVIEW,COMPETITIVE,0,4,CONTROL_FIXED,0.0
V4PRE_PAIR_037,MLV2_DEV_022,PREEXISTING_414_SOURCE_REVIEW,RECOGNITION,0,4,CONTROL_FIXED,0.0
V4PRE_PAIR_038,MLV2_DEV_022,PREEXISTING_414_SOURCE_REVIEW,RECOGNITION,0,4,CONTROL_FIXED,1.0
V4PRE_PAIR_042,MLV2_DEV_039,PREEXISTING_414_SOURCE_REVIEW,STATUS,0,4,CONTROL_FIXED,0.0
V4PRE_PAIR_048,MLV2_DEV_057,PREEXISTING_414_SOURCE_REVIEW,PROJECT,0,4,CONTROL_FIXED,0.0
V4EXP_PAIR_002,NEWDEV2_036,V4_TARGET_EXPANSION_2026-08-16,COMPETITIVE,0,4,CONTROL_FIXED,1.0
V4EXP_PAIR_003,NEWDEV2_036,V4_TARGET_EXPANSION_2026-08-16,COMPETITIVE,0,4,CONTROL_FIXED,0.0
V4EXP_PAIR_011,NEWDEV2_027,V4_TARGET_EXPANSION_2026-08-16,COMPETITIVE,0,4,CONTROL_FIXED,0.5
V4EXP_PAIR_012,NEWDEV2_027,V4_TARGET_EXPANSION_2026-08-16,COMPETITIVE,0,4,CONTROL_FIXED,0.0
V4EXP_PAIR_013,NEWDEV2_027,V4_TARGET_EXPANSION_2026-08-16,COMPETITIVE,0,4,CONTROL_FIXED,0.0
V4EXP_PAIR_034,MLV2_DEV_051,V4_TARGET_EXPANSION_2026-08-16,PROJECT,0,4,CONTROL_FIXED,0.0
V4EXP_PAIR_035,MLV2_DEV_036,V4_TARGET_EXPANSION_2026-08-16,PROJECT,0,4,CONTROL_FIXED,1.0
V4EXP_PAIR_038,MLV2_DEV_012,V4_TARGET_EXPANSION_2026-08-16,PROJECT,0,4,CONTROL_FIXED,0.0
V4EXP_PAIR_041,MLV2_DEV_044,V4_TARGET_EXPANSION_2026-08-16,PROJECT,0,4,CONTROL_FIXED,1.0
V4EXP_PAIR_044,MLV2_DEV_057,V4_TARGET_EXPANSION_2026-08-16,PROJECT,0,4,CONTROL_FIXED,0.0
V4PRE_PAIR_007,NEWDEV2_028,PREEXISTING_414_SOURCE_REVIEW,COMPETITIVE,0,4,TG5_GROUP_L2,0.5
V4PRE_PAIR_011,NEWDEV2_039,PREEXISTING_414_SOURCE_REVIEW,STATUS,0,4,TG5_GROUP_L2,0.5
V4PRE_PAIR_013,NEWDEV2_043,PREEXISTING_414_SOURCE_REVIEW,COMPETITIVE,0,4,TG5_GROUP_L2,1.0
V4PRE_PAIR_020,NEWDEV2_070,PREEXISTING_414_SOURCE_REVIEW,PROJECT,0,4,TG5_GROUP_L2,0.0
V4PRE_PAIR_021,NEWDEV2_074,PREEXISTING_414_SOURCE_REVIEW,PROJECT,0,4,TG5_GROUP_L2,0.0
V4PRE_PAIR_030,NEWDEV2_093,PREEXISTING_414_SOURCE_REVIEW,COMPETITIVE,0,4,TG5_GROUP_L2,1.0
V4PRE_PAIR_037,MLV2_DEV_022,PREEXISTING_414_SOURCE_REVIEW,RECOGNITION,0,4,TG5_GROUP_L2,0.0
V4PRE_PAIR_038,MLV2_DEV_022,PREEXISTING_414_SOURCE_REVIEW,RECOGNITION,0,4,TG5_GROUP_L2,0.5
V4PRE_PAIR_042,MLV2_DEV_039,PREEXISTING_414_SOURCE_REVIEW,STATUS,0,4,TG5_GROUP_L2,0.0
V4PRE_PAIR_048,MLV2_DEV_057,PREEXISTING_414_SOURCE_REVIEW,PROJECT,0,4,TG5_GROUP_L2,0.5
V4EXP_PAIR_002,NEWDEV2_036,V4_TARGET_EXPANSION_2026-08-16,COMPETITIVE,0,4,TG5_GROUP_L2,0.0
V4EXP_PAIR_003,NEWDEV2_036,V4_TARGET_EXPANSION_2026-08-16,COMPETITIVE,0,4,TG5_GROUP_L2,0.5
V4EXP_PAIR_011,NEWDEV2_027,V4_TARGET_EXPANSION_2026-08-16,COMPETITIVE,0,4,TG5_GROUP_L2,0.0
V4EXP_PAIR_012,NEWDEV2_027,V4_TARGET_EXPANSION_2026-08-16,COMPETITIVE,0,4,TG5_GROUP_L2,1.0
V4EXP_PAIR_013,NEWDEV2_027,V4_TARGET_EXPANSION_2026-08-16,COMPETITIVE,0,4,TG5_GROUP_L2,1.0
V4EXP_PAIR_034,MLV2_DEV_051,V4_TARGET_EXPANSION_2026-08-16,PROJECT,0,4,TG5_GROUP_L2,0.5
V4EXP_PAIR_035,MLV2_DEV_036,V4_TARGET_EXPANSION_2026-08-16,PROJECT,0,4,TG5_GROUP_L2,0.0
V4EXP_PAIR_038,MLV2_DEV_012,V4_TARGET_EXPANSION_2026-08-16,PROJECT,0,4,TG5_GROUP_L2,0.5
V4EXP_PAIR_041,MLV2_DEV_044,V4_TARGET_EXPANSION_2026-08-16,PROJECT,0,4,TG5_GROUP_L2,1.0
V4EXP_PAIR_044,MLV2_DEV_057,V4_TARGET_EXPANSION_2026-08-16,PROJECT,0,4,TG5_GROUP_L2,0.0
V4PRE_PAIR_007,NEWDEV2_028,PREEXISTING_414_SOURCE_REVIEW,COMPETITIVE,0,4,TG10_STEM_L2,1.0
V4PRE_PAIR_011,NEWDEV2_039,PREEXISTING_414_SOURCE_REVIEW,STATUS,0,4,TG10_STEM_L2,1.0
V4PRE_PAIR_013,NEWDEV2_043,PREEXISTING_414_SOURCE_REVIEW,COMPETITIVE,0,4,TG10_STEM_L2,1.0
V4PRE_PAIR_020,NEWDEV2_070,PREEXISTING_414_SOURCE_REVIEW,PROJECT,0,4,TG10_STEM_L2,0.0
V4PRE_PAIR_021,NEWDEV2_074,PREEXISTING_414_SOURCE_REVIEW,PROJECT,0,4,TG10_STEM_L2,0.0
V4PRE_PAIR_030,NEWDEV2_093,PREEXISTING_414_SOURCE_REVIEW,COMPETITIVE,0,4,TG10_STEM_L2,1.0
V4PRE_PAIR_037,MLV2_DEV_022,PREEXISTING_414_SOURCE_REVIEW,RECOGNITION,0,4,TG10_STEM_L2,0.0
V4PRE_PAIR_038,MLV2_DEV_022,PREEXISTING_414_SOURCE_REVIEW,RECOGNITION,0,4,TG10_STEM_L2,1.0
V4PRE_PAIR_042,MLV2_DEV_039,PREEXISTING_414_SOURCE_REVIEW,STATUS,0,4,TG10_STEM_L2,0.0
V4PRE_PAIR_048,MLV2_DEV_057,PREEXISTING_414_SOURCE_REVIEW,PROJECT,0,4,TG10_STEM_L2,0.0
V4EXP_PAIR_002,NEWDEV2_036,V4_TARGET_EXPANSION_2026-08-16,COMPETITIVE,0,4,TG10_STEM_L2,0.0
V4EXP_PAIR_003,NEWDEV2_036,V4_TARGET_EXPANSION_2026-08-16,COMPETITIVE,0,4,TG10_STEM_L2,1.0
V4EXP_PAIR_011,NEWDEV2_027,V4_TARGET_EXPANSION_2026-08-16,COMPETITIVE,0,4,TG10_STEM_L2,0.0
V4EXP_PAIR_012,NEWDEV2_027,V4_TARGET_EXPANSION_2026-08-16,COMPETITIVE,0,4,TG10_STEM_L2,1.0
V4EXP_PAIR_013,NEWDEV2_027,V4_TARGET_EXPANSION_2026-08-16,COMPETITIVE,0,4,TG10_STEM_L2,1.0
V4EXP_PAIR_034,MLV2_DEV_051,V4_TARGET_EXPANSION_2026-08-16,PROJECT,0,4,TG10_STEM_L2,0.0
V4EXP_PAIR_035,MLV2_DEV_036,V4_TARGET_EXPANSION_2026-08-16,PROJECT,0,4,TG10_STEM_L2,0.0
V4EXP_PAIR_038,MLV2_DEV_012,V4_TARGET_EXPANSION_2026-08-16,PROJECT,0,4,TG10_STEM_L2,1.0
V4EXP_PAIR_041,MLV2_DEV_044,V4_TARGET_EXPANSION_2026-08-16,PROJECT,0,4,TG10_STEM_L2,1.0
V4EXP_PAIR_044,MLV2_DEV_057,V4_TARGET_EXPANSION_2026-08-16,PROJECT,0,4,TG10_STEM_L2,1.0
V4PRE_PAIR_007,NEWDEV2_028,PREEXISTING_414_SOURCE_REVIEW,COMPETITIVE,0,4,TG10_STEM_BRANCH_L2,1.0
V4PRE_PAIR_011,NEWDEV2_039,PREEXISTING_414_SOURCE_REVIEW,STATUS,0,4,TG10_STEM_BRANCH_L2,1.0
V4PRE_PAIR_013,NEWDEV2_043,PREEXISTING_414_SOURCE_REVIEW,COMPETITIVE,0,4,TG10_STEM_BRANCH_L2,1.0
V4PRE_PAIR_020,NEWDEV2_070,PREEXISTING_414_SOURCE_REVIEW,PROJECT,0,4,TG10_STEM_BRANCH_L2,0.0
V4PRE_PAIR_021,NEWDEV2_074,PREEXISTING_414_SOURCE_REVIEW,PROJECT,0,4,TG10_STEM_BRANCH_L2,0.0
V4PRE_PAIR_030,NEWDEV2_093,PREEXISTING_414_SOURCE_REVIEW,COMPETITIVE,0,4,TG10_STEM_BRANCH_L2,1.0
V4PRE_PAIR_037,MLV2_DEV_022,PREEXISTING_414_SOURCE_REVIEW,RECOGNITION,0,4,TG10_STEM_BRANCH_L2,0.0
V4PRE_PAIR_038,MLV2_DEV_022,PREEXISTING_414_SOURCE_REVIEW,RECOGNITION,0,4,TG10_STEM_BRANCH_L2,1.0
V4PRE_PAIR_042,MLV2_DEV_039,PREEXISTING_414_SOURCE_REVIEW,STATUS,0,4,TG10_STEM_BRANCH_L2,1.0
V4PRE_PAIR_048,MLV2_DEV_057,PREEXISTING_414_SOURCE_REVIEW,PROJECT,0,4,TG10_STEM_BRANCH_L2,0.0
V4EXP_PAIR_002,NEWDEV2_036,V4_TARGET_EXPANSION_2026-08-16,COMPETITIVE,0,4,TG10_STEM_BRANCH_L2,0.0
V4EXP_PAIR_003,NEWDEV2_036,V4_TARGET_EXPANSION_2026-08-16,COMPETITIVE,0,4,TG10_STEM_BRANCH_L2,1.0
V4EXP_PAIR_011,NEWDEV2_027,V4_TARGET_EXPANSION_2026-08-16,COMPETITIVE,0,4,TG10_STEM_BRANCH_L2,1.0
V4EXP_PAIR_012,NEWDEV2_027,V4_TARGET_EXPANSION_2026-08-16,COMPETITIVE,0,4,TG10_STEM_BRANCH_L2,0.0
V4EXP_PAIR_013,NEWDEV2_027,V4_TARGET_EXPANSION_2026-08-16,COMPETITIVE,0,4,TG10_STEM_BRANCH_L2,1.0
V4EXP_PAIR_034,MLV2_DEV_051,V4_TARGET_EXPANSION_2026-08-16,PROJECT,0,4,TG10_STEM_BRANCH_L2,1.0
V4EXP_PAIR_035,MLV2_DEV_036,V4_TARGET_EXPANSION_2026-08-16,PROJECT,0,4,TG10_STEM_BRANCH_L2,0.0
V4EXP_PAIR_038,MLV2_DEV_012,V4_TARGET_EXPANSION_2026-08-16,PROJECT,0,4,TG10_STEM_BRANCH_L2,1.0
V4EXP_PAIR_041,MLV2_DEV_044,V4_TARGET_EXPANSION_2026-08-16,PROJECT,0,4,TG10_STEM_BRANCH_L2,1.0
V4EXP_PAIR_044,MLV2_DEV_057,V4_TARGET_EXPANSION_2026-08-16,PROJECT,0,4,TG10_STEM_BRANCH_L2,0.0
V4PRE_PAIR_007,NEWDEV2_028,PREEXISTING_414_SOURCE_REVIEW,COMPETITIVE,0,4,TG10_SB_STRENGTH_L2,1.0
V4PRE_PAIR_011,NEWDEV2_039,PREEXISTING_414_SOURCE_REVIEW,STATUS,0,4,TG10_SB_STRENGTH_L2,1.0
V4PRE_PAIR_013,NEWDEV2_043,PREEXISTING_414_SOURCE_REVIEW,COMPETITIVE,0,4,TG10_SB_STRENGTH_L2,1.0
V4PRE_PAIR_020,NEWDEV2_070,PREEXISTING_414_SOURCE_REVIEW,PROJECT,0,4,TG10_SB_STRENGTH_L2,0.0
V4PRE_PAIR_021,NEWDEV2_074,PREEXISTING_414_SOURCE_REVIEW,PROJECT,0,4,TG10_SB_STRENGTH_L2,0.0
V4PRE_PAIR_030,NEWDEV2_093,PREEXISTING_414_SOURCE_REVIEW,COMPETITIVE,0,4,TG10_SB_STRENGTH_L2,0.0
V4PRE_PAIR_037,MLV2_DEV_022,PREEXISTING_414_SOURCE_REVIEW,RECOGNITION,0,4,TG10_SB_STRENGTH_L2,0.0
V4PRE_PAIR_038,MLV2_DEV_022,PREEXISTING_414_SOURCE_REVIEW,RECOGNITION,0,4,TG10_SB_STRENGTH_L2,1.0
V4PRE_PAIR_042,MLV2_DEV_039,PREEXISTING_414_SOURCE_REVIEW,STATUS,0,4,TG10_SB_STRENGTH_L2,1.0
V4PRE_PAIR_048,MLV2_DEV_057,PREEXISTING_414_SOURCE_REVIEW,PROJECT,0,4,TG10_SB_STRENGTH_L2,0.0
V4EXP_PAIR_002,NEWDEV2_036,V4_TARGET_EXPANSION_2026-08-16,COMPETITIVE,0,4,TG10_SB_STRENGTH_L2,0.0
V4EXP_PAIR_003,NEWDEV2_036,V4_TARGET_EXPANSION_2026-08-16,COMPETITIVE,0,4,TG10_SB_STRENGTH_L2,1.0
V4EXP_PAIR_011,NEWDEV2_027,V4_TARGET_EXPANSION_2026-08-16,COMPETITIVE,0,4,TG10_SB_STRENGTH_L2,1.0
V4EXP_PAIR_012,NEWDEV2_027,V4_TARGET_EXPANSION_2026-08-16,COMPETITIVE,0,4,TG10_SB_STRENGTH_L2,0.0
V4EXP_PAIR_013,NEWDEV2_027,V4_TARGET_EXPANSION_2026-08-16,COMPETITIVE,0,4,TG10_SB_STRENGTH_L2,0.0
V4EXP_PAIR_034,MLV2_DEV_051,V4_TARGET_EXPANSION_2026-08-16,PROJECT,0,4,TG10_SB_STRENGTH_L2,1.0
V4EXP_PAIR_035,MLV2_DEV_036,V4_TARGET_EXPANSION_2026-08-16,PROJECT,0,4,TG10_SB_STRENGTH_L2,0.0
V4EXP_PAIR_038,MLV2_DEV_012,V4_TARGET_EXPANSION_2026-08-16,PROJECT,0,4,TG10_SB_STRENGTH_L2,1.0
V4EXP_PAIR_041,MLV2_DEV_044,V4_TARGET_EXPANSION_2026-08-16,PROJECT,0,4,TG10_SB_STRENGTH_L2,1.0
V4EXP_PAIR_044,MLV2_DEV_057,V4_TARGET_EXPANSION_2026-08-16,PROJECT,0,4,TG10_SB_STRENGTH_L2,0.0
V4PRE_PAIR_007,NEWDEV2_028,PREEXISTING_414_SOURCE_REVIEW,COMPETITIVE,0,4,TG10_SB_RELATIONS_L2,1.0
V4PRE_PAIR_011,NEWDEV2_039,PREEXISTING_414_SOURCE_REVIEW,STATUS,0,4,TG10_SB_RELATIONS_L2,1.0
V4PRE_PAIR_013,NEWDEV2_043,PREEXISTING_414_SOURCE_REVIEW,COMPETITIVE,0,4,TG10_SB_RELATIONS_L2,1.0
V4PRE_PAIR_020,NEWDEV2_070,PREEXISTING_414_SOURCE_REVIEW,PROJECT,0,4,TG10_SB_RELATIONS_L2,0.0
V4PRE_PAIR_021,NEWDEV2_074,PREEXISTING_414_SOURCE_REVIEW,PROJECT,0,4,TG10_SB_RELATIONS_L2,0.0
V4PRE_PAIR_030,NEWDEV2_093,PREEXISTING_414_SOURCE_REVIEW,COMPETITIVE,0,4,TG10_SB_RELATIONS_L2,1.0
V4PRE_PAIR_037,MLV2_DEV_022,PREEXISTING_414_SOURCE_REVIEW,RECOGNITION,0,4,TG10_SB_RELATIONS_L2,0.0
V4PRE_PAIR_038,MLV2_DEV_022,PREEXISTING_414_SOURCE_REVIEW,RECOGNITION,0,4,TG10_SB_RELATIONS_L2,1.0
V4PRE_PAIR_042,MLV2_DEV_039,PREEXISTING_414_SOURCE_REVIEW,STATUS,0,4,TG10_SB_RELATIONS_L2,1.0
V4PRE_PAIR_048,MLV2_DEV_057,PREEXISTING_414_SOURCE_REVIEW,PROJECT,0,4,TG10_SB_RELATIONS_L2,0.0
V4EXP_PAIR_002,NEWDEV2_036,V4_TARGET_EXPANSION_2026-08-16,COMPETITIVE,0,4,TG10_SB_RELATIONS_L2,0.0
V4EXP_PAIR_003,NEWDEV2_036,V4_TARGET_EXPANSION_2026-08-16,COMPETITIVE,0,4,TG10_SB_RELATIONS_L2,0.0
V4EXP_PAIR_011,NEWDEV2_027,V4_TARGET_EXPANSION_2026-08-16,COMPETITIVE,0,4,TG10_SB_RELATIONS_L2,1.0
V4EXP_PAIR_012,NEWDEV2_027,V4_TARGET_EXPANSION_2026-08-16,COMPETITIVE,0,4,TG10_SB_RELATIONS_L2,0.0
V4EXP_PAIR_013,NEWDEV2_027,V4_TARGET_EXPANSION_2026-08-16,COMPETITIVE,0,4,TG10_SB_RELATIONS_L2,0.0
V4EXP_PAIR_034,MLV2_DEV_051,V4_TARGET_EXPANSION_2026-08-16,PROJECT,0,4,TG10_SB_RELATIONS_L2,0.0
V4EXP_PAIR_035,MLV2_DEV_036,V4_TARGET_EXPANSION_2026-08-16,PROJECT,0,4,TG10_SB_RELATIONS_L2,0.0
V4EXP_PAIR_038,MLV2_DEV_012,V4_TARGET_EXPANSION_2026-08-16,PROJECT,0,4,TG10_SB_RELATIONS_L2,1.0
V4EXP_PAIR_041,MLV2_DEV_044,V4_TARGET_EXPANSION_2026-08-16,PROJECT,0,4,TG10_SB_RELATIONS_L2,1.0
V4EXP_PAIR_044,MLV2_DEV_057,V4_TARGET_EXPANSION_2026-08-16,PROJECT,0,4,TG10_SB_RELATIONS_L2,0.0
V4PRE_PAIR_007,NEWDEV2_028,PREEXISTING_414_SOURCE_REVIEW,COMPETITIVE,0,4,ALL_L2,1.0
V4PRE_PAIR_011,NEWDEV2_039,PREEXISTING_414_SOURCE_REVIEW,STATUS,0,4,ALL_L2,1.0
V4PRE_PAIR_013,NEWDEV2_043,PREEXISTING_414_SOURCE_REVIEW,COMPETITIVE,0,4,ALL_L2,1.0
V4PRE_PAIR_020,NEWDEV2_070,PREEXISTING_414_SOURCE_REVIEW,PROJECT,0,4,ALL_L2,0.0
V4PRE_PAIR_021,NEWDEV2_074,PREEXISTING_414_SOURCE_REVIEW,PROJECT,0,4,ALL_L2,0.0
V4PRE_PAIR_030,NEWDEV2_093,PREEXISTING_414_SOURCE_REVIEW,COMPETITIVE,0,4,ALL_L2,1.0
V4PRE_PAIR_037,MLV2_DEV_022,PREEXISTING_414_SOURCE_REVIEW,RECOGNITION,0,4,ALL_L2,0.0
V4PRE_PAIR_038,MLV2_DEV_022,PREEXISTING_414_SOURCE_REVIEW,RECOGNITION,0,4,ALL_L2,1.0
V4PRE_PAIR_042,MLV2_DEV_039,PREEXISTING_414_SOURCE_REVIEW,STATUS,0,4,ALL_L2,1.0
V4PRE_PAIR_048,MLV2_DEV_057,PREEXISTING_414_SOURCE_REVIEW,PROJECT,0,4,ALL_L2,0.0
V4EXP_PAIR_002,NEWDEV2_036,V4_TARGET_EXPANSION_2026-08-16,COMPETITIVE,0,4,ALL_L2,0.0
V4EXP_PAIR_003,NEWDEV2_036,V4_TARGET_EXPANSION_2026-08-16,COMPETITIVE,0,4,ALL_L2,1.0
V4EXP_PAIR_011,NEWDEV2_027,V4_TARGET_EXPANSION_2026-08-16,COMPETITIVE,0,4,ALL_L2,1.0
V4EXP_PAIR_012,NEWDEV2_027,V4_TARGET_EXPANSION_2026-08-16,COMPETITIVE,0,4,ALL_L2,0.0
V4EXP_PAIR_013,NEWDEV2_027,V4_TARGET_EXPANSION_2026-08-16,COMPETITIVE,0,4,ALL_L2,0.0
V4EXP_PAIR_034,MLV2_DEV_051,V4_TARGET_EXPANSION_2026-08-16,PROJECT,0,4,ALL_L2,0.0
V4EXP_PAIR_035,MLV2_DEV_036,V4_TARGET_EXPANSION_2026-08-16,PROJECT,0,4,ALL_L2,0.0
V4EXP_PAIR_038,MLV2_DEV_012,V4_TARGET_EXPANSION_2026-08-16,PROJECT,0,4,ALL_L2,1.0
V4EXP_PAIR_041,MLV2_DEV_044,V4_TARGET_EXPANSION_2026-08-16,PROJECT,0,4,ALL_L2,1.0
V4EXP_PAIR_044,MLV2_DEV_057,V4_TARGET_EXPANSION_2026-08-16,PROJECT,0,4,ALL_L2,0.0
V4PRE_PAIR_007,NEWDEV2_028,PREEXISTING_414_SOURCE_REVIEW,COMPETITIVE,0,4,NUISANCE_AGE_AXIS,1.0
V4PRE_PAIR_011,NEWDEV2_039,PREEXISTING_414_SOURCE_REVIEW,STATUS,0,4,NUISANCE_AGE_AXIS,1.0
V4PRE_PAIR_013,NEWDEV2_043,PREEXISTING_414_SOURCE_REVIEW,COMPETITIVE,0,4,NUISANCE_AGE_AXIS,0.0
V4PRE_PAIR_020,NEWDEV2_070,PREEXISTING_414_SOURCE_REVIEW,PROJECT,0,4,NUISANCE_AGE_AXIS,1.0
V4PRE_PAIR_021,NEWDEV2_074,PREEXISTING_414_SOURCE_REVIEW,PROJECT,0,4,NUISANCE_AGE_AXIS,1.0
V4PRE_PAIR_030,NEWDEV2_093,PREEXISTING_414_SOURCE_REVIEW,COMPETITIVE,0,4,NUISANCE_AGE_AXIS,1.0
V4PRE_PAIR_037,MLV2_DEV_022,PREEXISTING_414_SOURCE_REVIEW,RECOGNITION,0,4,NUISANCE_AGE_AXIS,0.0
V4PRE_PAIR_038,MLV2_DEV_022,PREEXISTING_414_SOURCE_REVIEW,RECOGNITION,0,4,NUISANCE_AGE_AXIS,1.0
V4PRE_PAIR_042,MLV2_DEV_039,PREEXISTING_414_SOURCE_REVIEW,STATUS,0,4,NUISANCE_AGE_AXIS,1.0
V4PRE_PAIR_048,MLV2_DEV_057,PREEXISTING_414_SOURCE_REVIEW,PROJECT,0,4,NUISANCE_AGE_AXIS,1.0
V4EXP_PAIR_002,NEWDEV2_036,V4_TARGET_EXPANSION_2026-08-16,COMPETITIVE,0,4,NUISANCE_AGE_AXIS,0.0
V4EXP_PAIR_003,NEWDEV2_036,V4_TARGET_EXPANSION_2026-08-16,COMPETITIVE,0,4,NUISANCE_AGE_AXIS,0.0
V4EXP_PAIR_011,NEWDEV2_027,V4_TARGET_EXPANSION_2026-08-16,COMPETITIVE,0,4,NUISANCE_AGE_AXIS,0.0
V4EXP_PAIR_012,NEWDEV2_027,V4_TARGET_EXPANSION_2026-08-16,COMPETITIVE,0,4,NUISANCE_AGE_AXIS,0.0
V4EXP_PAIR_013,NEWDEV2_027,V4_TARGET_EXPANSION_2026-08-16,COMPETITIVE,0,4,NUISANCE_AGE_AXIS,0.0
V4EXP_PAIR_034,MLV2_DEV_051,V4_TARGET_EXPANSION_2026-08-16,PROJECT,0,4,NUISANCE_AGE_AXIS,1.0
V4EXP_PAIR_035,MLV2_DEV_036,V4_TARGET_EXPANSION_2026-08-16,PROJECT,0,4,NUISANCE_AGE_AXIS,0.0
V4EXP_PAIR_038,MLV2_DEV_012,V4_TARGET_EXPANSION_2026-08-16,PROJECT,0,4,NUISANCE_AGE_AXIS,0.0
V4EXP_PAIR_041,MLV2_DEV_044,V4_TARGET_EXPANSION_2026-08-16,PROJECT,0,4,NUISANCE_AGE_AXIS,0.0
V4EXP_PAIR_044,MLV2_DEV_057,V4_TARGET_EXPANSION_2026-08-16,PROJECT,0,4,NUISANCE_AGE_AXIS,0.0
V4PRE_PAIR_007,NEWDEV2_028,PREEXISTING_414_SOURCE_REVIEW,COMPETITIVE,0,4,NUISANCE_WITH_ORIGIN_DIAGNOSTIC,1.0
V4PRE_PAIR_011,NEWDEV2_039,PREEXISTING_414_SOURCE_REVIEW,STATUS,0,4,NUISANCE_WITH_ORIGIN_DIAGNOSTIC,1.0
V4PRE_PAIR_013,NEWDEV2_043,PREEXISTING_414_SOURCE_REVIEW,COMPETITIVE,0,4,NUISANCE_WITH_ORIGIN_DIAGNOSTIC,0.0
V4PRE_PAIR_020,NEWDEV2_070,PREEXISTING_414_SOURCE_REVIEW,PROJECT,0,4,NUISANCE_WITH_ORIGIN_DIAGNOSTIC,1.0
V4PRE_PAIR_021,NEWDEV2_074,PREEXISTING_414_SOURCE_REVIEW,PROJECT,0,4,NUISANCE_WITH_ORIGIN_DIAGNOSTIC,1.0
V4PRE_PAIR_030,NEWDEV2_093,PREEXISTING_414_SOURCE_REVIEW,COMPETITIVE,0,4,NUISANCE_WITH_ORIGIN_DIAGNOSTIC,1.0
V4PRE_PAIR_037,MLV2_DEV_022,PREEXISTING_414_SOURCE_REVIEW,RECOGNITION,0,4,NUISANCE_WITH_ORIGIN_DIAGNOSTIC,0.0
V4PRE_PAIR_038,MLV2_DEV_022,PREEXISTING_414_SOURCE_REVIEW,RECOGNITION,0,4,NUISANCE_WITH_ORIGIN_DIAGNOSTIC,1.0
V4PRE_PAIR_042,MLV2_DEV_039,PREEXISTING_414_SOURCE_REVIEW,STATUS,0,4,NUISANCE_WITH_ORIGIN_DIAGNOSTIC,1.0
V4PRE_PAIR_048,MLV2_DEV_057,PREEXISTING_414_SOURCE_REVIEW,PROJECT,0,4,NUISANCE_WITH_ORIGIN_DIAGNOSTIC,1.0
V4EXP_PAIR_002,NEWDEV2_036,V4_TARGET_EXPANSION_2026-08-16,COMPETITIVE,0,4,NUISANCE_WITH_ORIGIN_DIAGNOSTIC,1.0
V4EXP_PAIR_003,NEWDEV2_036,V4_TARGET_EXPANSION_2026-08-16,COMPETITIVE,0,4,NUISANCE_WITH_ORIGIN_DIAGNOSTIC,1.0
V4EXP_PAIR_011,NEWDEV2_027,V4_TARGET_EXPANSION_2026-08-16,COMPETITIVE,0,4,NUISANCE_WITH_ORIGIN_DIAGNOSTIC,1.0
V4EXP_PAIR_012,NEWDEV2_027,V4_TARGET_EXPANSION_2026-08-16,COMPETITIVE,0,4,NUISANCE_WITH_ORIGIN_DIAGNOSTIC,1.0
V4EXP_PAIR_013,NEWDEV2_027,V4_TARGET_EXPANSION_2026-08-16,COMPETITIVE,0,4,NUISANCE_WITH_ORIGIN_DIAGNOSTIC,1.0
V4EXP_PAIR_034,MLV2_DEV_051,V4_TARGET_EXPANSION_2026-08-16,PROJECT,0,4,NUISANCE_WITH_ORIGIN_DIAGNOSTIC,1.0
V4EXP_PAIR_035,MLV2_DEV_036,V4_TARGET_EXPANSION_2026-08-16,PROJECT,0,4,NUISANCE_WITH_ORIGIN_DIAGNOSTIC,1.0
V4EXP_PAIR_038,MLV2_DEV_012,V4_TARGET_EXPANSION_2026-08-16,PROJECT,0,4,NUISANCE_WITH_ORIGIN_DIAGNOSTIC,1.0
V4EXP_PAIR_041,MLV2_DEV_044,V4_TARGET_EXPANSION_2026-08-16,PROJECT,0,4,NUISANCE_WITH_ORIGIN_DIAGNOSTIC,1.0
V4EXP_PAIR_044,MLV2_DEV_057,V4_TARGET_EXPANSION_2026-08-16,PROJECT,0,4,NUISANCE_WITH_ORIGIN_DIAGNOSTIC,1.0
V4PRE_PAIR_007,NEWDEV2_028,PREEXISTING_414_SOURCE_REVIEW,COMPETITIVE,0,4,ALL_ELASTICNET_AUTO,0.0
V4PRE_PAIR_011,NEWDEV2_039,PREEXISTING_414_SOURCE_REVIEW,STATUS,0,4,ALL_ELASTICNET_AUTO,0.0
V4PRE_PAIR_013,NEWDEV2_043,PREEXISTING_414_SOURCE_REVIEW,COMPETITIVE,0,4,ALL_ELASTICNET_AUTO,0.0
V4PRE_PAIR_020,NEWDEV2_070,PREEXISTING_414_SOURCE_REVIEW,PROJECT,0,4,ALL_ELASTICNET_AUTO,0.0
V4PRE_PAIR_021,NEWDEV2_074,PREEXISTING_414_SOURCE_REVIEW,PROJECT,0,4,ALL_ELASTICNET_AUTO,1.0
V4PRE_PAIR_030,NEWDEV2_093,PREEXISTING_414_SOURCE_REVIEW,COMPETITIVE,0,4,ALL_ELASTICNET_AUTO,1.0
V4PRE_PAIR_037,MLV2_DEV_022,PREEXISTING_414_SOURCE_REVIEW,RECOGNITION,0,4,ALL_ELASTICNET_AUTO,0.0
V4PRE_PAIR_038,MLV2_DEV_022,PREEXISTING_414_SOURCE_REVIEW,RECOGNITION,0,4,ALL_ELASTICNET_AUTO,1.0
V4PRE_PAIR_042,MLV2_DEV_039,PREEXISTING_414_SOURCE_REVIEW,STATUS,0,4,ALL_ELASTICNET_AUTO,0.0
V4PRE_PAIR_048,MLV2_DEV_057,PREEXISTING_414_SOURCE_REVIEW,PROJECT,0,4,ALL_ELASTICNET_AUTO,0.0
V4EXP_PAIR_002,NEWDEV2_036,V4_TARGET_EXPANSION_2026-08-16,COMPETITIVE,0,4,ALL_ELASTICNET_AUTO,0.0
V4EXP_PAIR_003,NEWDEV2_036,V4_TARGET_EXPANSION_2026-08-16,COMPETITIVE,0,4,ALL_ELASTICNET_AUTO,0.0
V4EXP_PAIR_011,NEWDEV2_027,V4_TARGET_EXPANSION_2026-08-16,COMPETITIVE,0,4,ALL_ELASTICNET_AUTO,0.0
V4EXP_PAIR_012,NEWDEV2_027,V4_TARGET_EXPANSION_2026-08-16,COMPETITIVE,0,4,ALL_ELASTICNET_AUTO,0.0
V4EXP_PAIR_013,NEWDEV2_027,V4_TARGET_EXPANSION_2026-08-16,COMPETITIVE,0,4,ALL_ELASTICNET_AUTO,0.0
V4EXP_PAIR_034,MLV2_DEV_051,V4_TARGET_EXPANSION_2026-08-16,PROJECT,0,4,ALL_ELASTICNET_AUTO,0.0
V4EXP_PAIR_035,MLV2_DEV_036,V4_TARGET_EXPANSION_2026-08-16,PROJECT,0,4,ALL_ELASTICNET_AUTO,0.0
V4EXP_PAIR_038,MLV2_DEV_012,V4_TARGET_EXPANSION_2026-08-16,PROJECT,0,4,ALL_ELASTICNET_AUTO,0.0
V4EXP_PAIR_041,MLV2_DEV_044,V4_TARGET_EXPANSION_2026-08-16,PROJECT,0,4,ALL_ELASTICNET_AUTO,0.0
V4EXP_PAIR_044,MLV2_DEV_057,V4_TARGET_EXPANSION_2026-08-16,PROJECT,0,4,ALL_ELASTICNET_AUTO,0.0
V4PRE_PAIR_007,NEWDEV2_028,PREEXISTING_414_SOURCE_REVIEW,COMPETITIVE,0,4,HGB_ALL_EXPLORATORY,0.0
V4PRE_PAIR_011,NEWDEV2_039,PREEXISTING_414_SOURCE_REVIEW,STATUS,0,4,HGB_ALL_EXPLORATORY,1.0
V4PRE_PAIR_013,NEWDEV2_043,PREEXISTING_414_SOURCE_REVIEW,COMPETITIVE,0,4,HGB_ALL_EXPLORATORY,0.0
V4PRE_PAIR_020,NEWDEV2_070,PREEXISTING_414_SOURCE_REVIEW,PROJECT,0,4,HGB_ALL_EXPLORATORY,0.0
V4PRE_PAIR_021,NEWDEV2_074,PREEXISTING_414_SOURCE_REVIEW,PROJECT,0,4,HGB_ALL_EXPLORATORY,0.0
V4PRE_PAIR_030,NEWDEV2_093,PREEXISTING_414_SOURCE_REVIEW,COMPETITIVE,0,4,HGB_ALL_EXPLORATORY,1.0
V4PRE_PAIR_037,MLV2_DEV_022,PREEXISTING_414_SOURCE_REVIEW,RECOGNITION,0,4,HGB_ALL_EXPLORATORY,1.0
V4PRE_PAIR_038,MLV2_DEV_022,PREEXISTING_414_SOURCE_REVIEW,RECOGNITION,0,4,HGB_ALL_EXPLORATORY,1.0
V4PRE_PAIR_042,MLV2_DEV_039,PREEXISTING_414_SOURCE_REVIEW,STATUS,0,4,HGB_ALL_EXPLORATORY,1.0
V4PRE_PAIR_048,MLV2_DEV_057,PREEXISTING_414_SOURCE_REVIEW,PROJECT,0,4,HGB_ALL_EXPLORATORY,1.0
V4EXP_PAIR_002,NEWDEV2_036,V4_TARGET_EXPANSION_2026-08-16,COMPETITIVE,0,4,HGB_ALL_EXPLORATORY,0.0
V4EXP_PAIR_003,NEWDEV2_036,V4_TARGET_EXPANSION_2026-08-16,COMPETITIVE,0,4,HGB_ALL_EXPLORATORY,1.0
V4EXP_PAIR_011,NEWDEV2_027,V4_TARGET_EXPANSION_2026-08-16,COMPETITIVE,0,4,HGB_ALL_EXPLORATORY,0.0
V4EXP_PAIR_012,NEWDEV2_027,V4_TARGET_EXPANSION_2026-08-16,COMPETITIVE,0,4,HGB_ALL_EXPLORATORY,1.0
V4EXP_PAIR_013,NEWDEV2_027,V4_TARGET_EXPANSION_2026-08-16,COMPETITIVE,0,4,HGB_ALL_EXPLORATORY,1.0
V4EXP_PAIR_034,MLV2_DEV_051,V4_TARGET_EXPANSION_2026-08-16,PROJECT,0,4,HGB_ALL_EXPLORATORY,0.0
V4EXP_PAIR_035,MLV2_DEV_036,V4_TARGET_EXPANSION_2026-08-16,PROJECT,0,4,HGB_ALL_EXPLORATORY,0.0
V4EXP_PAIR_038,MLV2_DEV_012,V4_TARGET_EXPANSION_2026-08-16,PROJECT,0,4,HGB_ALL_EXPLORATORY,1.0
V4EXP_PAIR_041,MLV2_DEV_044,V4_TARGET_EXPANSION_2026-08-16,PROJECT,0,4,HGB_ALL_EXPLORATORY,0.0
V4EXP_PAIR_044,MLV2_DEV_057,V4_TARGET_EXPANSION_2026-08-16,PROJECT,0,4,HGB_ALL_EXPLORATORY,0.0
V4PRE_PAIR_003,NEWDEV2_013,PREEXISTING_414_SOURCE_REVIEW,COMPETITIVE,1,0,AGE_YOUNGER_FIXED,1.0
V4PRE_PAIR_009,NEWDEV2_030,PREEXISTING_414_SOURCE_REVIEW,COMPETITIVE,1,0,AGE_YOUNGER_FIXED,1.0
V4PRE_PAIR_012,NEWDEV2_041,PREEXISTING_414_SOURCE_REVIEW,STATUS,1,0,AGE_YOUNGER_FIXED,1.0
V4PRE_PAIR_019,NEWDEV2_068,PREEXISTING_414_SOURCE_REVIEW,PROJECT,1,0,AGE_YOUNGER_FIXED,1.0
V4PRE_PAIR_028,NEWDEV2_090,PREEXISTING_414_SOURCE_REVIEW,COMPETITIVE,1,0,AGE_YOUNGER_FIXED,1.0
V4PRE_PAIR_030,NEWDEV2_093,PREEXISTING_414_SOURCE_REVIEW,COMPETITIVE,1,0,AGE_YOUNGER_FIXED,1.0
V4PRE_PAIR_037,MLV2_DEV_022,PREEXISTING_414_SOURCE_REVIEW,RECOGNITION,1,0,AGE_YOUNGER_FIXED,1.0
V4PRE_PAIR_038,MLV2_DEV_022,PREEXISTING_414_SOURCE_REVIEW,RECOGNITION,1,0,AGE_YOUNGER_FIXED,0.0
V4PRE_PAIR_048,MLV2_DEV_057,PREEXISTING_414_SOURCE_REVIEW,PROJECT,1,0,AGE_YOUNGER_FIXED,1.0
V4PRE_PAIR_049,MLV2_DEV_058,PREEXISTING_414_SOURCE_REVIEW,PROJECT,1,0,AGE_YOUNGER_FIXED,1.0
V4EXP_PAIR_006,MLV2_DEV_068,V4_TARGET_EXPANSION_2026-08-16,COMPETITIVE,1,0,AGE_YOUNGER_FIXED,0.0
V4EXP_PAIR_007,MLV2_DEV_068,V4_TARGET_EXPANSION_2026-08-16,COMPETITIVE,1,0,AGE_YOUNGER_FIXED,0.0
V4EXP_PAIR_008,MLV2_DEV_068,V4_TARGET_EXPANSION_2026-08-16,COMPETITIVE,1,0,AGE_YOUNGER_FIXED,0.0
V4EXP_PAIR_009,MLV2_DEV_068,V4_TARGET_EXPANSION_2026-08-16,COMPETITIVE,1,0,AGE_YOUNGER_FIXED,0.0
V4EXP_PAIR_010,MLV2_DEV_068,V4_TARGET_EXPANSION_2026-08-16,COMPETITIVE,1,0,AGE_YOUNGER_FIXED,0.0
V4EXP_PAIR_034,MLV2_DEV_051,V4_TARGET_EXPANSION_2026-08-16,PROJECT,1,0,AGE_YOUNGER_FIXED,0.0
V4EXP_PAIR_038,MLV2_DEV_012,V4_TARGET_EXPANSION_2026-08-16,PROJECT,1,0,AGE_YOUNGER_FIXED,0.0
V4EXP_PAIR_041,MLV2_DEV_044,V4_TARGET_EXPANSION_2026-08-16,PROJECT,1,0,AGE_YOUNGER_FIXED,0.0
V4EXP_PAIR_042,MLV2_DEV_011,V4_TARGET_EXPANSION_2026-08-16,PROJECT,1,0,AGE_YOUNGER_FIXED,0.0
V4EXP_PAIR_044,MLV2_DEV_057,V4_TARGET_EXPANSION_2026-08-16,PROJECT,1,0,AGE_YOUNGER_FIXED,0.0
V4EXP_PAIR_047,NEWDEV2_041,V4_TARGET_EXPANSION_2026-08-16,STATUS,1,0,AGE_YOUNGER_FIXED,0.0
V4PRE_PAIR_003,NEWDEV2_013,PREEXISTING_414_SOURCE_REVIEW,COMPETITIVE,1,0,AGE_LATER_FIXED,0.0
V4PRE_PAIR_009,NEWDEV2_030,PREEXISTING_414_SOURCE_REVIEW,COMPETITIVE,1,0,AGE_LATER_FIXED,0.0
V4PRE_PAIR_012,NEWDEV2_041,PREEXISTING_414_SOURCE_REVIEW,STATUS,1,0,AGE_LATER_FIXED,0.0
V4PRE_PAIR_019,NEWDEV2_068,PREEXISTING_414_SOURCE_REVIEW,PROJECT,1,0,AGE_LATER_FIXED,0.0
V4PRE_PAIR_028,NEWDEV2_090,PREEXISTING_414_SOURCE_REVIEW,COMPETITIVE,1,0,AGE_LATER_FIXED,0.0
V4PRE_PAIR_030,NEWDEV2_093,PREEXISTING_414_SOURCE_REVIEW,COMPETITIVE,1,0,AGE_LATER_FIXED,0.0
V4PRE_PAIR_037,MLV2_DEV_022,PREEXISTING_414_SOURCE_REVIEW,RECOGNITION,1,0,AGE_LATER_FIXED,0.0
V4PRE_PAIR_038,MLV2_DEV_022,PREEXISTING_414_SOURCE_REVIEW,RECOGNITION,1,0,AGE_LATER_FIXED,1.0
V4PRE_PAIR_048,MLV2_DEV_057,PREEXISTING_414_SOURCE_REVIEW,PROJECT,1,0,AGE_LATER_FIXED,0.0
V4PRE_PAIR_049,MLV2_DEV_058,PREEXISTING_414_SOURCE_REVIEW,PROJECT,1,0,AGE_LATER_FIXED,0.0
V4EXP_PAIR_006,MLV2_DEV_068,V4_TARGET_EXPANSION_2026-08-16,COMPETITIVE,1,0,AGE_LATER_FIXED,1.0
V4EXP_PAIR_007,MLV2_DEV_068,V4_TARGET_EXPANSION_2026-08-16,COMPETITIVE,1,0,AGE_LATER_FIXED,1.0
V4EXP_PAIR_008,MLV2_DEV_068,V4_TARGET_EXPANSION_2026-08-16,COMPETITIVE,1,0,AGE_LATER_FIXED,1.0
V4EXP_PAIR_009,MLV2_DEV_068,V4_TARGET_EXPANSION_2026-08-16,COMPETITIVE,1,0,AGE_LATER_FIXED,1.0
V4EXP_PAIR_010,MLV2_DEV_068,V4_TARGET_EXPANSION_2026-08-16,COMPETITIVE,1,0,AGE_LATER_FIXED,1.0
V4EXP_PAIR_034,MLV2_DEV_051,V4_TARGET_EXPANSION_2026-08-16,PROJECT,1,0,AGE_LATER_FIXED,1.0
V4EXP_PAIR_038,MLV2_DEV_012,V4_TARGET_EXPANSION_2026-08-16,PROJECT,1,0,AGE_LATER_FIXED,1.0
V4EXP_PAIR_041,MLV2_DEV_044,V4_TARGET_EXPANSION_2026-08-16,PROJECT,1,0,AGE_LATER_FIXED,1.0
V4EXP_PAIR_042,MLV2_DEV_011,V4_TARGET_EXPANSION_2026-08-16,PROJECT,1,0,AGE_LATER_FIXED,1.0
V4EXP_PAIR_044,MLV2_DEV_057,V4_TARGET_EXPANSION_2026-08-16,PROJECT,1,0,AGE_LATER_FIXED,1.0
V4EXP_PAIR_047,NEWDEV2_041,V4_TARGET_EXPANSION_2026-08-16,STATUS,1,0,AGE_LATER_FIXED,1.0
V4PRE_PAIR_003,NEWDEV2_013,PREEXISTING_414_SOURCE_REVIEW,COMPETITIVE,1,0,CONTROL_FIXED,0.0
V4PRE_PAIR_009,NEWDEV2_030,PREEXISTING_414_SOURCE_REVIEW,COMPETITIVE,1,0,CONTROL_FIXED,0.0
V4PRE_PAIR_012,NEWDEV2_041,PREEXISTING_414_SOURCE_REVIEW,STATUS,1,0,CONTROL_FIXED,1.0
V4PRE_PAIR_019,NEWDEV2_068,PREEXISTING_414_SOURCE_REVIEW,PROJECT,1,0,CONTROL_FIXED,0.0
V4PRE_PAIR_028,NEWDEV2_090,PREEXISTING_414_SOURCE_REVIEW,COMPETITIVE,1,0,CONTROL_FIXED,1.0
V4PRE_PAIR_030,NEWDEV2_093,PREEXISTING_414_SOURCE_REVIEW,COMPETITIVE,1,0,CONTROL_FIXED,0.0
V4PRE_PAIR_037,MLV2_DEV_022,PREEXISTING_414_SOURCE_REVIEW,RECOGNITION,1,0,CONTROL_FIXED,0.0
V4PRE_PAIR_038,MLV2_DEV_022,PREEXISTING_414_SOURCE_REVIEW,RECOGNITION,1,0,CONTROL_FIXED,1.0
V4PRE_PAIR_048,MLV2_DEV_057,PREEXISTING_414_SOURCE_REVIEW,PROJECT,1,0,CONTROL_FIXED,0.0
V4PRE_PAIR_049,MLV2_DEV_058,PREEXISTING_414_SOURCE_REVIEW,PROJECT,1,0,CONTROL_FIXED,0.0
V4EXP_PAIR_006,MLV2_DEV_068,V4_TARGET_EXPANSION_2026-08-16,COMPETITIVE,1,0,CONTROL_FIXED,0.0
V4EXP_PAIR_007,MLV2_DEV_068,V4_TARGET_EXPANSION_2026-08-16,COMPETITIVE,1,0,CONTROL_FIXED,0.0
V4EXP_PAIR_008,MLV2_DEV_068,V4_TARGET_EXPANSION_2026-08-16,COMPETITIVE,1,0,CONTROL_FIXED,0.0
V4EXP_PAIR_009,MLV2_DEV_068,V4_TARGET_EXPANSION_2026-08-16,COMPETITIVE,1,0,CONTROL_FIXED,1.0
V4EXP_PAIR_010,MLV2_DEV_068,V4_TARGET_EXPANSION_2026-08-16,COMPETITIVE,1,0,CONTROL_FIXED,1.0
V4EXP_PAIR_034,MLV2_DEV_051,V4_TARGET_EXPANSION_2026-08-16,PROJECT,1,0,CONTROL_FIXED,0.0
V4EXP_PAIR_038,MLV2_DEV_012,V4_TARGET_EXPANSION_2026-08-16,PROJECT,1,0,CONTROL_FIXED,0.0
V4EXP_PAIR_041,MLV2_DEV_044,V4_TARGET_EXPANSION_2026-08-16,PROJECT,1,0,CONTROL_FIXED,1.0
V4EXP_PAIR_042,MLV2_DEV_011,V4_TARGET_EXPANSION_2026-08-16,PROJECT,1,0,CONTROL_FIXED,1.0
V4EXP_PAIR_044,MLV2_DEV_057,V4_TARGET_EXPANSION_2026-08-16,PROJECT,1,0,CONTROL_FIXED,0.0
V4EXP_PAIR_047,NEWDEV2_041,V4_TARGET_EXPANSION_2026-08-16,STATUS,1,0,CONTROL_FIXED,0.0
V4PRE_PAIR_003,NEWDEV2_013,PREEXISTING_414_SOURCE_REVIEW,COMPETITIVE,1,0,TG5_GROUP_L2,0.0
V4PRE_PAIR_009,NEWDEV2_030,PREEXISTING_414_SOURCE_REVIEW,COMPETITIVE,1,0,TG5_GROUP_L2,0.0
V4PRE_PAIR_012,NEWDEV2_041,PREEXISTING_414_SOURCE_REVIEW,STATUS,1,0,TG5_GROUP_L2,1.0
V4PRE_PAIR_019,NEWDEV2_068,PREEXISTING_414_SOURCE_REVIEW,PROJECT,1,0,TG5_GROUP_L2,0.5
V4PRE_PAIR_028,NEWDEV2_090,PREEXISTING_414_SOURCE_REVIEW,COMPETITIVE,1,0,TG5_GROUP_L2,0.0
V4PRE_PAIR_030,NEWDEV2_093,PREEXISTING_414_SOURCE_REVIEW,COMPETITIVE,1,0,TG5_GROUP_L2,1.0
V4PRE_PAIR_037,MLV2_DEV_022,PREEXISTING_414_SOURCE_REVIEW,RECOGNITION,1,0,TG5_GROUP_L2,0.0
V4PRE_PAIR_038,MLV2_DEV_022,PREEXISTING_414_SOURCE_REVIEW,RECOGNITION,1,0,TG5_GROUP_L2,0.5
V4PRE_PAIR_048,MLV2_DEV_057,PREEXISTING_414_SOURCE_REVIEW,PROJECT,1,0,TG5_GROUP_L2,0.5
V4PRE_PAIR_049,MLV2_DEV_058,PREEXISTING_414_SOURCE_REVIEW,PROJECT,1,0,TG5_GROUP_L2,1.0
V4EXP_PAIR_006,MLV2_DEV_068,V4_TARGET_EXPANSION_2026-08-16,COMPETITIVE,1,0,TG5_GROUP_L2,0.0
V4EXP_PAIR_007,MLV2_DEV_068,V4_TARGET_EXPANSION_2026-08-16,COMPETITIVE,1,0,TG5_GROUP_L2,0.5
V4EXP_PAIR_008,MLV2_DEV_068,V4_TARGET_EXPANSION_2026-08-16,COMPETITIVE,1,0,TG5_GROUP_L2,0.0
V4EXP_PAIR_009,MLV2_DEV_068,V4_TARGET_EXPANSION_2026-08-16,COMPETITIVE,1,0,TG5_GROUP_L2,0.0
V4EXP_PAIR_010,MLV2_DEV_068,V4_TARGET_EXPANSION_2026-08-16,COMPETITIVE,1,0,TG5_GROUP_L2,0.0
V4EXP_PAIR_034,MLV2_DEV_051,V4_TARGET_EXPANSION_2026-08-16,PROJECT,1,0,TG5_GROUP_L2,0.5
V4EXP_PAIR_038,MLV2_DEV_012,V4_TARGET_EXPANSION_2026-08-16,PROJECT,1,0,TG5_GROUP_L2,0.5
V4EXP_PAIR_041,MLV2_DEV_044,V4_TARGET_EXPANSION_2026-08-16,PROJECT,1,0,TG5_GROUP_L2,1.0
V4EXP_PAIR_042,MLV2_DEV_011,V4_TARGET_EXPANSION_2026-08-16,PROJECT,1,0,TG5_GROUP_L2,1.0
V4EXP_PAIR_044,MLV2_DEV_057,V4_TARGET_EXPANSION_2026-08-16,PROJECT,1,0,TG5_GROUP_L2,0.0
V4EXP_PAIR_047,NEWDEV2_041,V4_TARGET_EXPANSION_2026-08-16,STATUS,1,0,TG5_GROUP_L2,0.0
V4PRE_PAIR_003,NEWDEV2_013,PREEXISTING_414_SOURCE_REVIEW,COMPETITIVE,1,0,TG10_STEM_L2,0.0
V4PRE_PAIR_009,NEWDEV2_030,PREEXISTING_414_SOURCE_REVIEW,COMPETITIVE,1,0,TG10_STEM_L2,0.0
V4PRE_PAIR_012,NEWDEV2_041,PREEXISTING_414_SOURCE_REVIEW,STATUS,1,0,TG10_STEM_L2,0.0
V4PRE_PAIR_019,NEWDEV2_068,PREEXISTING_414_SOURCE_REVIEW,PROJECT,1,0,TG10_STEM_L2,0.0
V4PRE_PAIR_028,NEWDEV2_090,PREEXISTING_414_SOURCE_REVIEW,COMPETITIVE,1,0,TG10_STEM_L2,0.0
V4PRE_PAIR_030,NEWDEV2_093,PREEXISTING_414_SOURCE_REVIEW,COMPETITIVE,1,0,TG10_STEM_L2,1.0
V4PRE_PAIR_037,MLV2_DEV_022,PREEXISTING_414_SOURCE_REVIEW,RECOGNITION,1,0,TG10_STEM_L2,0.0
V4PRE_PAIR_038,MLV2_DEV_022,PREEXISTING_414_SOURCE_REVIEW,RECOGNITION,1,0,TG10_STEM_L2,1.0
V4PRE_PAIR_048,MLV2_DEV_057,PREEXISTING_414_SOURCE_REVIEW,PROJECT,1,0,TG10_STEM_L2,0.0
V4PRE_PAIR_049,MLV2_DEV_058,PREEXISTING_414_SOURCE_REVIEW,PROJECT,1,0,TG10_STEM_L2,1.0
V4EXP_PAIR_006,MLV2_DEV_068,V4_TARGET_EXPANSION_2026-08-16,COMPETITIVE,1,0,TG10_STEM_L2,0.0
V4EXP_PAIR_007,MLV2_DEV_068,V4_TARGET_EXPANSION_2026-08-16,COMPETITIVE,1,0,TG10_STEM_L2,1.0
V4EXP_PAIR_008,MLV2_DEV_068,V4_TARGET_EXPANSION_2026-08-16,COMPETITIVE,1,0,TG10_STEM_L2,1.0
V4EXP_PAIR_009,MLV2_DEV_068,V4_TARGET_EXPANSION_2026-08-16,COMPETITIVE,1,0,TG10_STEM_L2,0.0
V4EXP_PAIR_010,MLV2_DEV_068,V4_TARGET_EXPANSION_2026-08-16,COMPETITIVE,1,0,TG10_STEM_L2,1.0
V4EXP_PAIR_034,MLV2_DEV_051,V4_TARGET_EXPANSION_2026-08-16,PROJECT,1,0,TG10_STEM_L2,0.0
V4EXP_PAIR_038,MLV2_DEV_012,V4_TARGET_EXPANSION_2026-08-16,PROJECT,1,0,TG10_STEM_L2,1.0
V4EXP_PAIR_041,MLV2_DEV_044,V4_TARGET_EXPANSION_2026-08-16,PROJECT,1,0,TG10_STEM_L2,0.0
V4EXP_PAIR_042,MLV2_DEV_011,V4_TARGET_EXPANSION_2026-08-16,PROJECT,1,0,TG10_STEM_L2,0.0
V4EXP_PAIR_044,MLV2_DEV_057,V4_TARGET_EXPANSION_2026-08-16,PROJECT,1,0,TG10_STEM_L2,0.0
V4EXP_PAIR_047,NEWDEV2_041,V4_TARGET_EXPANSION_2026-08-16,STATUS,1,0,TG10_STEM_L2,1.0
V4PRE_PAIR_003,NEWDEV2_013,PREEXISTING_414_SOURCE_REVIEW,COMPETITIVE,1,0,TG10_STEM_BRANCH_L2,0.0
V4PRE_PAIR_009,NEWDEV2_030,PREEXISTING_414_SOURCE_REVIEW,COMPETITIVE,1,0,TG10_STEM_BRANCH_L2,0.0
V4PRE_PAIR_012,NEWDEV2_041,PREEXISTING_414_SOURCE_REVIEW,STATUS,1,0,TG10_STEM_BRANCH_L2,0.0
V4PRE_PAIR_019,NEWDEV2_068,PREEXISTING_414_SOURCE_REVIEW,PROJECT,1,0,TG10_STEM_BRANCH_L2,0.0
V4PRE_PAIR_028,NEWDEV2_090,PREEXISTING_414_SOURCE_REVIEW,COMPETITIVE,1,0,TG10_STEM_BRANCH_L2,1.0
V4PRE_PAIR_030,NEWDEV2_093,PREEXISTING_414_SOURCE_REVIEW,COMPETITIVE,1,0,TG10_STEM_BRANCH_L2,1.0
V4PRE_PAIR_037,MLV2_DEV_022,PREEXISTING_414_SOURCE_REVIEW,RECOGNITION,1,0,TG10_STEM_BRANCH_L2,0.0
V4PRE_PAIR_038,MLV2_DEV_022,PREEXISTING_414_SOURCE_REVIEW,RECOGNITION,1,0,TG10_STEM_BRANCH_L2,1.0
V4PRE_PAIR_048,MLV2_DEV_057,PREEXISTING_414_SOURCE_REVIEW,PROJECT,1,0,TG10_STEM_BRANCH_L2,0.0
V4PRE_PAIR_049,MLV2_DEV_058,PREEXISTING_414_SOURCE_REVIEW,PROJECT,1,0,TG10_STEM_BRANCH_L2,0.0
V4EXP_PAIR_006,MLV2_DEV_068,V4_TARGET_EXPANSION_2026-08-16,COMPETITIVE,1,0,TG10_STEM_BRANCH_L2,1.0
V4EXP_PAIR_007,MLV2_DEV_068,V4_TARGET_EXPANSION_2026-08-16,COMPETITIVE,1,0,TG10_STEM_BRANCH_L2,1.0
V4EXP_PAIR_008,MLV2_DEV_068,V4_TARGET_EXPANSION_2026-08-16,COMPETITIVE,1,0,TG10_STEM_BRANCH_L2,1.0
V4EXP_PAIR_009,MLV2_DEV_068,V4_TARGET_EXPANSION_2026-08-16,COMPETITIVE,1,0,TG10_STEM_BRANCH_L2,0.0
V4EXP_PAIR_010,MLV2_DEV_068,V4_TARGET_EXPANSION_2026-08-16,COMPETITIVE,1,0,TG10_STEM_BRANCH_L2,0.0
V4EXP_PAIR_034,MLV2_DEV_051,V4_TARGET_EXPANSION_2026-08-16,PROJECT,1,0,TG10_STEM_BRANCH_L2,1.0
V4EXP_PAIR_038,MLV2_DEV_012,V4_TARGET_EXPANSION_2026-08-16,PROJECT,1,0,TG10_STEM_BRANCH_L2,1.0
V4EXP_PAIR_041,MLV2_DEV_044,V4_TARGET_EXPANSION_2026-08-16,PROJECT,1,0,TG10_STEM_BRANCH_L2,0.0
V4EXP_PAIR_042,MLV2_DEV_011,V4_TARGET_EXPANSION_2026-08-16,PROJECT,1,0,TG10_STEM_BRANCH_L2,1.0
V4EXP_PAIR_044,MLV2_DEV_057,V4_TARGET_EXPANSION_2026-08-16,PROJECT,1,0,TG10_STEM_BRANCH_L2,0.0
V4EXP_PAIR_047,NEWDEV2_041,V4_TARGET_EXPANSION_2026-08-16,STATUS,1,0,TG10_STEM_BRANCH_L2,1.0
V4PRE_PAIR_003,NEWDEV2_013,PREEXISTING_414_SOURCE_REVIEW,COMPETITIVE,1,0,TG10_SB_STRENGTH_L2,0.0
V4PRE_PAIR_009,NEWDEV2_030,PREEXISTING_414_SOURCE_REVIEW,COMPETITIVE,1,0,TG10_SB_STRENGTH_L2,0.0
V4PRE_PAIR_012,NEWDEV2_041,PREEXISTING_414_SOURCE_REVIEW,STATUS,1,0,TG10_SB_STRENGTH_L2,0.0
V4PRE_PAIR_019,NEWDEV2_068,PREEXISTING_414_SOURCE_REVIEW,PROJECT,1,0,TG10_SB_STRENGTH_L2,0.0
V4PRE_PAIR_028,NEWDEV2_090,PREEXISTING_414_SOURCE_REVIEW,COMPETITIVE,1,0,TG10_SB_STRENGTH_L2,1.0
V4PRE_PAIR_030,NEWDEV2_093,PREEXISTING_414_SOURCE_REVIEW,COMPETITIVE,1,0,TG10_SB_STRENGTH_L2,0.0
V4PRE_PAIR_037,MLV2_DEV_022,PREEXISTING_414_SOURCE_REVIEW,RECOGNITION,1,0,TG10_SB_STRENGTH_L2,0.0
V4PRE_PAIR_038,MLV2_DEV_022,PREEXISTING_414_SOURCE_REVIEW,RECOGNITION,1,0,TG10_SB_STRENGTH_L2,1.0
V4PRE_PAIR_048,MLV2_DEV_057,PREEXISTING_414_SOURCE_REVIEW,PROJECT,1,0,TG10_SB_STRENGTH_L2,0.0
V4PRE_PAIR_049,MLV2_DEV_058,PREEXISTING_414_SOURCE_REVIEW,PROJECT,1,0,TG10_SB_STRENGTH_L2,0.0
V4EXP_PAIR_006,MLV2_DEV_068,V4_TARGET_EXPANSION_2026-08-16,COMPETITIVE,1,0,TG10_SB_STRENGTH_L2,0.0
V4EXP_PAIR_007,MLV2_DEV_068,V4_TARGET_EXPANSION_2026-08-16,COMPETITIVE,1,0,TG10_SB_STRENGTH_L2,0.0
V4EXP_PAIR_008,MLV2_DEV_068,V4_TARGET_EXPANSION_2026-08-16,COMPETITIVE,1,0,TG10_SB_STRENGTH_L2,1.0
V4EXP_PAIR_009,MLV2_DEV_068,V4_TARGET_EXPANSION_2026-08-16,COMPETITIVE,1,0,TG10_SB_STRENGTH_L2,0.0
V4EXP_PAIR_010,MLV2_DEV_068,V4_TARGET_EXPANSION_2026-08-16,COMPETITIVE,1,0,TG10_SB_STRENGTH_L2,0.0
V4EXP_PAIR_034,MLV2_DEV_051,V4_TARGET_EXPANSION_2026-08-16,PROJECT,1,0,TG10_SB_STRENGTH_L2,1.0
V4EXP_PAIR_038,MLV2_DEV_012,V4_TARGET_EXPANSION_2026-08-16,PROJECT,1,0,TG10_SB_STRENGTH_L2,1.0
V4EXP_PAIR_041,MLV2_DEV_044,V4_TARGET_EXPANSION_2026-08-16,PROJECT,1,0,TG10_SB_STRENGTH_L2,0.0
V4EXP_PAIR_042,MLV2_DEV_011,V4_TARGET_EXPANSION_2026-08-16,PROJECT,1,0,TG10_SB_STRENGTH_L2,1.0
V4EXP_PAIR_044,MLV2_DEV_057,V4_TARGET_EXPANSION_2026-08-16,PROJECT,1,0,TG10_SB_STRENGTH_L2,0.0
V4EXP_PAIR_047,NEWDEV2_041,V4_TARGET_EXPANSION_2026-08-16,STATUS,1,0,TG10_SB_STRENGTH_L2,0.0
V4PRE_PAIR_003,NEWDEV2_013,PREEXISTING_414_SOURCE_REVIEW,COMPETITIVE,1,0,TG10_SB_RELATIONS_L2,0.0
V4PRE_PAIR_009,NEWDEV2_030,PREEXISTING_414_SOURCE_REVIEW,COMPETITIVE,1,0,TG10_SB_RELATIONS_L2,0.0
V4PRE_PAIR_012,NEWDEV2_041,PREEXISTING_414_SOURCE_REVIEW,STATUS,1,0,TG10_SB_RELATIONS_L2,0.0
V4PRE_PAIR_019,NEWDEV2_068,PREEXISTING_414_SOURCE_REVIEW,PROJECT,1,0,TG10_SB_RELATIONS_L2,0.0
V4PRE_PAIR_028,NEWDEV2_090,PREEXISTING_414_SOURCE_REVIEW,COMPETITIVE,1,0,TG10_SB_RELATIONS_L2,1.0
V4PRE_PAIR_030,NEWDEV2_093,PREEXISTING_414_SOURCE_REVIEW,COMPETITIVE,1,0,TG10_SB_RELATIONS_L2,1.0
V4PRE_PAIR_037,MLV2_DEV_022,PREEXISTING_414_SOURCE_REVIEW,RECOGNITION,1,0,TG10_SB_RELATIONS_L2,0.0
V4PRE_PAIR_038,MLV2_DEV_022,PREEXISTING_414_SOURCE_REVIEW,RECOGNITION,1,0,TG10_SB_RELATIONS_L2,1.0
V4PRE_PAIR_048,MLV2_DEV_057,PREEXISTING_414_SOURCE_REVIEW,PROJECT,1,0,TG10_SB_RELATIONS_L2,0.0
V4PRE_PAIR_049,MLV2_DEV_058,PREEXISTING_414_SOURCE_REVIEW,PROJECT,1,0,TG10_SB_RELATIONS_L2,0.0
V4EXP_PAIR_006,MLV2_DEV_068,V4_TARGET_EXPANSION_2026-08-16,COMPETITIVE,1,0,TG10_SB_RELATIONS_L2,1.0
V4EXP_PAIR_007,MLV2_DEV_068,V4_TARGET_EXPANSION_2026-08-16,COMPETITIVE,1,0,TG10_SB_RELATIONS_L2,1.0
V4EXP_PAIR_008,MLV2_DEV_068,V4_TARGET_EXPANSION_2026-08-16,COMPETITIVE,1,0,TG10_SB_RELATIONS_L2,1.0
V4EXP_PAIR_009,MLV2_DEV_068,V4_TARGET_EXPANSION_2026-08-16,COMPETITIVE,1,0,TG10_SB_RELATIONS_L2,0.0
V4EXP_PAIR_010,MLV2_DEV_068,V4_TARGET_EXPANSION_2026-08-16,COMPETITIVE,1,0,TG10_SB_RELATIONS_L2,0.0
V4EXP_PAIR_034,MLV2_DEV_051,V4_TARGET_EXPANSION_2026-08-16,PROJECT,1,0,TG10_SB_RELATIONS_L2,0.0
V4EXP_PAIR_038,MLV2_DEV_012,V4_TARGET_EXPANSION_2026-08-16,PROJECT,1,0,TG10_SB_RELATIONS_L2,0.0
V4EXP_PAIR_041,MLV2_DEV_044,V4_TARGET_EXPANSION_2026-08-16,PROJECT,1,0,TG10_SB_RELATIONS_L2,1.0
V4EXP_PAIR_042,MLV2_DEV_011,V4_TARGET_EXPANSION_2026-08-16,PROJECT,1,0,TG10_SB_RELATIONS_L2,1.0
V4EXP_PAIR_044,MLV2_DEV_057,V4_TARGET_EXPANSION_2026-08-16,PROJECT,1,0,TG10_SB_RELATIONS_L2,0.0
V4EXP_PAIR_047,NEWDEV2_041,V4_TARGET_EXPANSION_2026-08-16,STATUS,1,0,TG10_SB_RELATIONS_L2,1.0
V4PRE_PAIR_003,NEWDEV2_013,PREEXISTING_414_SOURCE_REVIEW,COMPETITIVE,1,0,ALL_L2,0.0
V4PRE_PAIR_009,NEWDEV2_030,PREEXISTING_414_SOURCE_REVIEW,COMPETITIVE,1,0,ALL_L2,0.0
V4PRE_PAIR_012,NEWDEV2_041,PREEXISTING_414_SOURCE_REVIEW,STATUS,1,0,ALL_L2,0.0
V4PRE_PAIR_019,NEWDEV2_068,PREEXISTING_414_SOURCE_REVIEW,PROJECT,1,0,ALL_L2,0.0
V4PRE_PAIR_028,NEWDEV2_090,PREEXISTING_414_SOURCE_REVIEW,COMPETITIVE,1,0,ALL_L2,1.0
V4PRE_PAIR_030,NEWDEV2_093,PREEXISTING_414_SOURCE_REVIEW,COMPETITIVE,1,0,ALL_L2,1.0
V4PRE_PAIR_037,MLV2_DEV_022,PREEXISTING_414_SOURCE_REVIEW,RECOGNITION,1,0,ALL_L2,1.0
V4PRE_PAIR_038,MLV2_DEV_022,PREEXISTING_414_SOURCE_REVIEW,RECOGNITION,1,0,ALL_L2,1.0
V4PRE_PAIR_048,MLV2_DEV_057,PREEXISTING_414_SOURCE_REVIEW,PROJECT,1,0,ALL_L2,0.0
V4PRE_PAIR_049,MLV2_DEV_058,PREEXISTING_414_SOURCE_REVIEW,PROJECT,1,0,ALL_L2,1.0
V4EXP_PAIR_006,MLV2_DEV_068,V4_TARGET_EXPANSION_2026-08-16,COMPETITIVE,1,0,ALL_L2,0.0
V4EXP_PAIR_007,MLV2_DEV_068,V4_TARGET_EXPANSION_2026-08-16,COMPETITIVE,1,0,ALL_L2,1.0
V4EXP_PAIR_008,MLV2_DEV_068,V4_TARGET_EXPANSION_2026-08-16,COMPETITIVE,1,0,ALL_L2,1.0
V4EXP_PAIR_009,MLV2_DEV_068,V4_TARGET_EXPANSION_2026-08-16,COMPETITIVE,1,0,ALL_L2,1.0
V4EXP_PAIR_010,MLV2_DEV_068,V4_TARGET_EXPANSION_2026-08-16,COMPETITIVE,1,0,ALL_L2,1.0
V4EXP_PAIR_034,MLV2_DEV_051,V4_TARGET_EXPANSION_2026-08-16,PROJECT,1,0,ALL_L2,1.0
V4EXP_PAIR_038,MLV2_DEV_012,V4_TARGET_EXPANSION_2026-08-16,PROJECT,1,0,ALL_L2,1.0
V4EXP_PAIR_041,MLV2_DEV_044,V4_TARGET_EXPANSION_2026-08-16,PROJECT,1,0,ALL_L2,0.0
V4EXP_PAIR_042,MLV2_DEV_011,V4_TARGET_EXPANSION_2026-08-16,PROJECT,1,0,ALL_L2,1.0
V4EXP_PAIR_044,MLV2_DEV_057,V4_TARGET_EXPANSION_2026-08-16,PROJECT,1,0,ALL_L2,0.0
V4EXP_PAIR_047,NEWDEV2_041,V4_TARGET_EXPANSION_2026-08-16,STATUS,1,0,ALL_L2,0.0
V4PRE_PAIR_003,NEWDEV2_013,PREEXISTING_414_SOURCE_REVIEW,COMPETITIVE,1,0,NUISANCE_AGE_AXIS,0.0
V4PRE_PAIR_009,NEWDEV2_030,PREEXISTING_414_SOURCE_REVIEW,COMPETITIVE,1,0,NUISANCE_AGE_AXIS,0.0
V4PRE_PAIR_012,NEWDEV2_041,PREEXISTING_414_SOURCE_REVIEW,STATUS,1,0,NUISANCE_AGE_AXIS,1.0
V4PRE_PAIR_019,NEWDEV2_068,PREEXISTING_414_SOURCE_REVIEW,PROJECT,1,0,NUISANCE_AGE_AXIS,1.0
V4PRE_PAIR_028,NEWDEV2_090,PREEXISTING_414_SOURCE_REVIEW,COMPETITIVE,1,0,NUISANCE_AGE_AXIS,0.0
V4PRE_PAIR_030,NEWDEV2_093,PREEXISTING_414_SOURCE_REVIEW,COMPETITIVE,1,0,NUISANCE_AGE_AXIS,0.0
V4PRE_PAIR_037,MLV2_DEV_022,PREEXISTING_414_SOURCE_REVIEW,RECOGNITION,1,0,NUISANCE_AGE_AXIS,0.0
V4PRE_PAIR_038,MLV2_DEV_022,PREEXISTING_414_SOURCE_REVIEW,RECOGNITION,1,0,NUISANCE_AGE_AXIS,1.0
V4PRE_PAIR_048,MLV2_DEV_057,PREEXISTING_414_SOURCE_REVIEW,PROJECT,1,0,NUISANCE_AGE_AXIS,1.0
V4PRE_PAIR_049,MLV2_DEV_058,PREEXISTING_414_SOURCE_REVIEW,PROJECT,1,0,NUISANCE_AGE_AXIS,1.0
V4EXP_PAIR_006,MLV2_DEV_068,V4_TARGET_EXPANSION_2026-08-16,COMPETITIVE,1,0,NUISANCE_AGE_AXIS,1.0
V4EXP_PAIR_007,MLV2_DEV_068,V4_TARGET_EXPANSION_2026-08-16,COMPETITIVE,1,0,NUISANCE_AGE_AXIS,1.0
V4EXP_PAIR_008,MLV2_DEV_068,V4_TARGET_EXPANSION_2026-08-16,COMPETITIVE,1,0,NUISANCE_AGE_AXIS,1.0
V4EXP_PAIR_009,MLV2_DEV_068,V4_TARGET_EXPANSION_2026-08-16,COMPETITIVE,1,0,NUISANCE_AGE_AXIS,1.0
V4EXP_PAIR_010,MLV2_DEV_068,V4_TARGET_EXPANSION_2026-08-16,COMPETITIVE,1,0,NUISANCE_AGE_AXIS,1.0
V4EXP_PAIR_034,MLV2_DEV_051,V4_TARGET_EXPANSION_2026-08-16,PROJECT,1,0,NUISANCE_AGE_AXIS,0.0
V4EXP_PAIR_038,MLV2_DEV_012,V4_TARGET_EXPANSION_2026-08-16,PROJECT,1,0,NUISANCE_AGE_AXIS,0.0
V4EXP_PAIR_041,MLV2_DEV_044,V4_TARGET_EXPANSION_2026-08-16,PROJECT,1,0,NUISANCE_AGE_AXIS,0.0
V4EXP_PAIR_042,MLV2_DEV_011,V4_TARGET_EXPANSION_2026-08-16,PROJECT,1,0,NUISANCE_AGE_AXIS,0.0
V4EXP_PAIR_044,MLV2_DEV_057,V4_TARGET_EXPANSION_2026-08-16,PROJECT,1,0,NUISANCE_AGE_AXIS,0.0
V4EXP_PAIR_047,NEWDEV2_041,V4_TARGET_EXPANSION_2026-08-16,STATUS,1,0,NUISANCE_AGE_AXIS,0.0
V4PRE_PAIR_003,NEWDEV2_013,PREEXISTING_414_SOURCE_REVIEW,COMPETITIVE,1,0,NUISANCE_WITH_ORIGIN_DIAGNOSTIC,1.0
V4PRE_PAIR_009,NEWDEV2_030,PREEXISTING_414_SOURCE_REVIEW,COMPETITIVE,1,0,NUISANCE_WITH_ORIGIN_DIAGNOSTIC,1.0
V4PRE_PAIR_012,NEWDEV2_041,PREEXISTING_414_SOURCE_REVIEW,STATUS,1,0,NUISANCE_WITH_ORIGIN_DIAGNOSTIC,1.0
V4PRE_PAIR_019,NEWDEV2_068,PREEXISTING_414_SOURCE_REVIEW,PROJECT,1,0,NUISANCE_WITH_ORIGIN_DIAGNOSTIC,1.0
V4PRE_PAIR_028,NEWDEV2_090,PREEXISTING_414_SOURCE_REVIEW,COMPETITIVE,1,0,NUISANCE_WITH_ORIGIN_DIAGNOSTIC,1.0
V4PRE_PAIR_030,NEWDEV2_093,PREEXISTING_414_SOURCE_REVIEW,COMPETITIVE,1,0,NUISANCE_WITH_ORIGIN_DIAGNOSTIC,1.0
V4PRE_PAIR_037,MLV2_DEV_022,PREEXISTING_414_SOURCE_REVIEW,RECOGNITION,1,0,NUISANCE_WITH_ORIGIN_DIAGNOSTIC,0.0
V4PRE_PAIR_038,MLV2_DEV_022,PREEXISTING_414_SOURCE_REVIEW,RECOGNITION,1,0,NUISANCE_WITH_ORIGIN_DIAGNOSTIC,1.0
V4PRE_PAIR_048,MLV2_DEV_057,PREEXISTING_414_SOURCE_REVIEW,PROJECT,1,0,NUISANCE_WITH_ORIGIN_DIAGNOSTIC,1.0
V4PRE_PAIR_049,MLV2_DEV_058,PREEXISTING_414_SOURCE_REVIEW,PROJECT,1,0,NUISANCE_WITH_ORIGIN_DIAGNOSTIC,1.0
V4EXP_PAIR_006,MLV2_DEV_068,V4_TARGET_EXPANSION_2026-08-16,COMPETITIVE,1,0,NUISANCE_WITH_ORIGIN_DIAGNOSTIC,1.0
V4EXP_PAIR_007,MLV2_DEV_068,V4_TARGET_EXPANSION_2026-08-16,COMPETITIVE,1,0,NUISANCE_WITH_ORIGIN_DIAGNOSTIC,1.0
V4EXP_PAIR_008,MLV2_DEV_068,V4_TARGET_EXPANSION_2026-08-16,COMPETITIVE,1,0,NUISANCE_WITH_ORIGIN_DIAGNOSTIC,1.0
V4EXP_PAIR_009,MLV2_DEV_068,V4_TARGET_EXPANSION_2026-08-16,COMPETITIVE,1,0,NUISANCE_WITH_ORIGIN_DIAGNOSTIC,1.0
V4EXP_PAIR_010,MLV2_DEV_068,V4_TARGET_EXPANSION_2026-08-16,COMPETITIVE,1,0,NUISANCE_WITH_ORIGIN_DIAGNOSTIC,1.0
V4EXP_PAIR_034,MLV2_DEV_051,V4_TARGET_EXPANSION_2026-08-16,PROJECT,1,0,NUISANCE_WITH_ORIGIN_DIAGNOSTIC,1.0
V4EXP_PAIR_038,MLV2_DEV_012,V4_TARGET_EXPANSION_2026-08-16,PROJECT,1,0,NUISANCE_WITH_ORIGIN_DIAGNOSTIC,1.0
V4EXP_PAIR_041,MLV2_DEV_044,V4_TARGET_EXPANSION_2026-08-16,PROJECT,1,0,NUISANCE_WITH_ORIGIN_DIAGNOSTIC,1.0
V4EXP_PAIR_042,MLV2_DEV_011,V4_TARGET_EXPANSION_2026-08-16,PROJECT,1,0,NUISANCE_WITH_ORIGIN_DIAGNOSTIC,1.0
V4EXP_PAIR_044,MLV2_DEV_057,V4_TARGET_EXPANSION_2026-08-16,PROJECT,1,0,NUISANCE_WITH_ORIGIN_DIAGNOSTIC,1.0
V4EXP_PAIR_047,NEWDEV2_041,V4_TARGET_EXPANSION_2026-08-16,STATUS,1,0,NUISANCE_WITH_ORIGIN_DIAGNOSTIC,1.0
V4PRE_PAIR_003,NEWDEV2_013,PREEXISTING_414_SOURCE_REVIEW,COMPETITIVE,1,0,ALL_ELASTICNET_AUTO,0.0
V4PRE_PAIR_009,NEWDEV2_030,PREEXISTING_414_SOURCE_REVIEW,COMPETITIVE,1,0,ALL_ELASTICNET_AUTO,1.0
V4PRE_PAIR_012,NEWDEV2_041,PREEXISTING_414_SOURCE_REVIEW,STATUS,1,0,ALL_ELASTICNET_AUTO,0.0
V4PRE_PAIR_019,NEWDEV2_068,PREEXISTING_414_SOURCE_REVIEW,PROJECT,1,0,ALL_ELASTICNET_AUTO,0.0
V4PRE_PAIR_028,NEWDEV2_090,PREEXISTING_414_SOURCE_REVIEW,COMPETITIVE,1,0,ALL_ELASTICNET_AUTO,1.0
V4PRE_PAIR_030,NEWDEV2_093,PREEXISTING_414_SOURCE_REVIEW,COMPETITIVE,1,0,ALL_ELASTICNET_AUTO,1.0
V4PRE_PAIR_037,MLV2_DEV_022,PREEXISTING_414_SOURCE_REVIEW,RECOGNITION,1,0,ALL_ELASTICNET_AUTO,0.0
V4PRE_PAIR_038,MLV2_DEV_022,PREEXISTING_414_SOURCE_REVIEW,RECOGNITION,1,0,ALL_ELASTICNET_AUTO,1.0
V4PRE_PAIR_048,MLV2_DEV_057,PREEXISTING_414_SOURCE_REVIEW,PROJECT,1,0,ALL_ELASTICNET_AUTO,0.0
V4PRE_PAIR_049,MLV2_DEV_058,PREEXISTING_414_SOURCE_REVIEW,PROJECT,1,0,ALL_ELASTICNET_AUTO,1.0
V4EXP_PAIR_006,MLV2_DEV_068,V4_TARGET_EXPANSION_2026-08-16,COMPETITIVE,1,0,ALL_ELASTICNET_AUTO,0.0
V4EXP_PAIR_007,MLV2_DEV_068,V4_TARGET_EXPANSION_2026-08-16,COMPETITIVE,1,0,ALL_ELASTICNET_AUTO,0.0
V4EXP_PAIR_008,MLV2_DEV_068,V4_TARGET_EXPANSION_2026-08-16,COMPETITIVE,1,0,ALL_ELASTICNET_AUTO,1.0
V4EXP_PAIR_009,MLV2_DEV_068,V4_TARGET_EXPANSION_2026-08-16,COMPETITIVE,1,0,ALL_ELASTICNET_AUTO,1.0
V4EXP_PAIR_010,MLV2_DEV_068,V4_TARGET_EXPANSION_2026-08-16,COMPETITIVE,1,0,ALL_ELASTICNET_AUTO,1.0
V4EXP_PAIR_034,MLV2_DEV_051,V4_TARGET_EXPANSION_2026-08-16,PROJECT,1,0,ALL_ELASTICNET_AUTO,1.0
V4EXP_PAIR_038,MLV2_DEV_012,V4_TARGET_EXPANSION_2026-08-16,PROJECT,1,0,ALL_ELASTICNET_AUTO,1.0
V4EXP_PAIR_041,MLV2_DEV_044,V4_TARGET_EXPANSION_2026-08-16,PROJECT,1,0,ALL_ELASTICNET_AUTO,0.0
V4EXP_PAIR_042,MLV2_DEV_011,V4_TARGET_EXPANSION_2026-08-16,PROJECT,1,0,ALL_ELASTICNET_AUTO,0.0
V4EXP_PAIR_044,MLV2_DEV_057,V4_TARGET_EXPANSION_2026-08-16,PROJECT,1,0,ALL_ELASTICNET_AUTO,0.0
V4EXP_PAIR_047,NEWDEV2_041,V4_TARGET_EXPANSION_2026-08-16,STATUS,1,0,ALL_ELASTICNET_AUTO,0.0
V4PRE_PAIR_003,NEWDEV2_013,PREEXISTING_414_SOURCE_REVIEW,COMPETITIVE,1,0,HGB_ALL_EXPLORATORY,0.0
V4PRE_PAIR_009,NEWDEV2_030,PREEXISTING_414_SOURCE_REVIEW,COMPETITIVE,1,0,HGB_ALL_EXPLORATORY,0.0
V4PRE_PAIR_012,NEWDEV2_041,PREEXISTING_414_SOURCE_REVIEW,STATUS,1,0,HGB_ALL_EXPLORATORY,0.0
V4PRE_PAIR_019,NEWDEV2_068,PREEXISTING_414_SOURCE_REVIEW,PROJECT,1,0,HGB_ALL_EXPLORATORY,0.0
V4PRE_PAIR_028,NEWDEV2_090,PREEXISTING_414_SOURCE_REVIEW,COMPETITIVE,1,0,HGB_ALL_EXPLORATORY,0.0
V4PRE_PAIR_030,NEWDEV2_093,PREEXISTING_414_SOURCE_REVIEW,COMPETITIVE,1,0,HGB_ALL_EXPLORATORY,1.0
V4PRE_PAIR_037,MLV2_DEV_022,PREEXISTING_414_SOURCE_REVIEW,RECOGNITION,1,0,HGB_ALL_EXPLORATORY,1.0
V4PRE_PAIR_038,MLV2_DEV_022,PREEXISTING_414_SOURCE_REVIEW,RECOGNITION,1,0,HGB_ALL_EXPLORATORY,1.0
V4PRE_PAIR_048,MLV2_DEV_057,PREEXISTING_414_SOURCE_REVIEW,PROJECT,1,0,HGB_ALL_EXPLORATORY,1.0
V4PRE_PAIR_049,MLV2_DEV_058,PREEXISTING_414_SOURCE_REVIEW,PROJECT,1,0,HGB_ALL_EXPLORATORY,0.0
V4EXP_PAIR_006,MLV2_DEV_068,V4_TARGET_EXPANSION_2026-08-16,COMPETITIVE,1,0,HGB_ALL_EXPLORATORY,1.0
V4EXP_PAIR_007,MLV2_DEV_068,V4_TARGET_EXPANSION_2026-08-16,COMPETITIVE,1,0,HGB_ALL_EXPLORATORY,0.0
V4EXP_PAIR_008,MLV2_DEV_068,V4_TARGET_EXPANSION_2026-08-16,COMPETITIVE,1,0,HGB_ALL_EXPLORATORY,0.0
V4EXP_PAIR_009,MLV2_DEV_068,V4_TARGET_EXPANSION_2026-08-16,COMPETITIVE,1,0,HGB_ALL_EXPLORATORY,1.0
V4EXP_PAIR_010,MLV2_DEV_068,V4_TARGET_EXPANSION_2026-08-16,COMPETITIVE,1,0,HGB_ALL_EXPLORATORY,1.0
V4EXP_PAIR_034,MLV2_DEV_051,V4_TARGET_EXPANSION_2026-08-16,PROJECT,1,0,HGB_ALL_EXPLORATORY,0.0
V4EXP_PAIR_038,MLV2_DEV_012,V4_TARGET_EXPANSION_2026-08-16,PROJECT,1,0,HGB_ALL_EXPLORATORY,1.0
V4EXP_PAIR_041,MLV2_DEV_044,V4_TARGET_EXPANSION_2026-08-16,PROJECT,1,0,HGB_ALL_EXPLORATORY,0.0
V4EXP_PAIR_042,MLV2_DEV_011,V4_TARGET_EXPANSION_2026-08-16,PROJECT,1,0,HGB_ALL_EXPLORATORY,1.0
V4EXP_PAIR_044,MLV2_DEV_057,V4_TARGET_EXPANSION_2026-08-16,PROJECT,1,0,HGB_ALL_EXPLORATORY,0.0
V4EXP_PAIR_047,NEWDEV2_041,V4_TARGET_EXPANSION_2026-08-16,STATUS,1,0,HGB_ALL_EXPLORATORY,1.0
V4PRE_PAIR_001,NEWDEV2_006,PREEXISTING_414_SOURCE_REVIEW,COMPETITIVE,1,1,AGE_YOUNGER_FIXED,0.0
V4PRE_PAIR_010,NEWDEV2_035,PREEXISTING_414_SOURCE_REVIEW,COMPETITIVE,1,1,AGE_YOUNGER_FIXED,1.0
V4PRE_PAIR_013,NEWDEV2_043,PREEXISTING_414_SOURCE_REVIEW,COMPETITIVE,1,1,AGE_YOUNGER_FIXED,0.0
V4PRE_PAIR_015,NEWDEV2_056,PREEXISTING_414_SOURCE_REVIEW,COMPETITIVE,1,1,AGE_YOUNGER_FIXED,1.0
V4PRE_PAIR_018,NEWDEV2_067,PREEXISTING_414_SOURCE_REVIEW,STATUS,1,1,AGE_YOUNGER_FIXED,1.0
V4PRE_PAIR_025,NEWDEV2_081,PREEXISTING_414_SOURCE_REVIEW,PROJECT,1,1,AGE_YOUNGER_FIXED,1.0
V4PRE_PAIR_031,MLV2_DEV_003,PREEXISTING_414_SOURCE_REVIEW,PROJECT,1,1,AGE_YOUNGER_FIXED,1.0
V4PRE_PAIR_036,MLV2_DEV_020,PREEXISTING_414_SOURCE_REVIEW,PROJECT,1,1,AGE_YOUNGER_FIXED,1.0
V4PRE_PAIR_042,MLV2_DEV_039,PREEXISTING_414_SOURCE_REVIEW,STATUS,1,1,AGE_YOUNGER_FIXED,1.0
V4PRE_PAIR_046,MLV2_DEV_050,PREEXISTING_414_SOURCE_REVIEW,PROJECT,1,1,AGE_YOUNGER_FIXED,1.0
V4EXP_PAIR_002,NEWDEV2_036,V4_TARGET_EXPANSION_2026-08-16,COMPETITIVE,1,1,AGE_YOUNGER_FIXED,0.0
V4EXP_PAIR_003,NEWDEV2_036,V4_TARGET_EXPANSION_2026-08-16,COMPETITIVE,1,1,AGE_YOUNGER_FIXED,0.0
V4EXP_PAIR_014,NEWDEV2_056,V4_TARGET_EXPANSION_2026-08-16,COMPETITIVE,1,1,AGE_YOUNGER_FIXED,0.0
V4EXP_PAIR_015,NEWDEV2_056,V4_TARGET_EXPANSION_2026-08-16,COMPETITIVE,1,1,AGE_YOUNGER_FIXED,0.0
V4EXP_PAIR_016,NEWDEV2_056,V4_TARGET_EXPANSION_2026-08-16,COMPETITIVE,1,1,AGE_YOUNGER_FIXED,0.0
V4EXP_PAIR_033,NEWDEV2_081,V4_TARGET_EXPANSION_2026-08-16,PROJECT,1,1,AGE_YOUNGER_FIXED,0.0
V4EXP_PAIR_035,MLV2_DEV_036,V4_TARGET_EXPANSION_2026-08-16,PROJECT,1,1,AGE_YOUNGER_FIXED,0.0
V4EXP_PAIR_039,NEWDEV2_084,V4_TARGET_EXPANSION_2026-08-16,PROJECT,1,1,AGE_YOUNGER_FIXED,0.0
V4EXP_PAIR_045,MLV2_DEV_003,V4_TARGET_EXPANSION_2026-08-16,PROJECT,1,1,AGE_YOUNGER_FIXED,0.0
V4EXP_PAIR_050,MLV2_DEV_032,V4_TARGET_EXPANSION_2026-08-16,STATUS,1,1,AGE_YOUNGER_FIXED,0.0
V4PRE_PAIR_001,NEWDEV2_006,PREEXISTING_414_SOURCE_REVIEW,COMPETITIVE,1,1,AGE_LATER_FIXED,1.0
V4PRE_PAIR_010,NEWDEV2_035,PREEXISTING_414_SOURCE_REVIEW,COMPETITIVE,1,1,AGE_LATER_FIXED,0.0
V4PRE_PAIR_013,NEWDEV2_043,PREEXISTING_414_SOURCE_REVIEW,COMPETITIVE,1,1,AGE_LATER_FIXED,1.0
V4PRE_PAIR_015,NEWDEV2_056,PREEXISTING_414_SOURCE_REVIEW,COMPETITIVE,1,1,AGE_LATER_FIXED,0.0
V4PRE_PAIR_018,NEWDEV2_067,PREEXISTING_414_SOURCE_REVIEW,STATUS,1,1,AGE_LATER_FIXED,0.0
V4PRE_PAIR_025,NEWDEV2_081,PREEXISTING_414_SOURCE_REVIEW,PROJECT,1,1,AGE_LATER_FIXED,0.0
V4PRE_PAIR_031,MLV2_DEV_003,PREEXISTING_414_SOURCE_REVIEW,PROJECT,1,1,AGE_LATER_FIXED,0.0
V4PRE_PAIR_036,MLV2_DEV_020,PREEXISTING_414_SOURCE_REVIEW,PROJECT,1,1,AGE_LATER_FIXED,0.0
V4PRE_PAIR_042,MLV2_DEV_039,PREEXISTING_414_SOURCE_REVIEW,STATUS,1,1,AGE_LATER_FIXED,0.0
V4PRE_PAIR_046,MLV2_DEV_050,PREEXISTING_414_SOURCE_REVIEW,PROJECT,1,1,AGE_LATER_FIXED,0.0
V4EXP_PAIR_002,NEWDEV2_036,V4_TARGET_EXPANSION_2026-08-16,COMPETITIVE,1,1,AGE_LATER_FIXED,1.0
V4EXP_PAIR_003,NEWDEV2_036,V4_TARGET_EXPANSION_2026-08-16,COMPETITIVE,1,1,AGE_LATER_FIXED,1.0
V4EXP_PAIR_014,NEWDEV2_056,V4_TARGET_EXPANSION_2026-08-16,COMPETITIVE,1,1,AGE_LATER_FIXED,1.0
V4EXP_PAIR_015,NEWDEV2_056,V4_TARGET_EXPANSION_2026-08-16,COMPETITIVE,1,1,AGE_LATER_FIXED,1.0
V4EXP_PAIR_016,NEWDEV2_056,V4_TARGET_EXPANSION_2026-08-16,COMPETITIVE,1,1,AGE_LATER_FIXED,1.0
V4EXP_PAIR_033,NEWDEV2_081,V4_TARGET_EXPANSION_2026-08-16,PROJECT,1,1,AGE_LATER_FIXED,1.0
V4EXP_PAIR_035,MLV2_DEV_036,V4_TARGET_EXPANSION_2026-08-16,PROJECT,1,1,AGE_LATER_FIXED,1.0
V4EXP_PAIR_039,NEWDEV2_084,V4_TARGET_EXPANSION_2026-08-16,PROJECT,1,1,AGE_LATER_FIXED,1.0
V4EXP_PAIR_045,MLV2_DEV_003,V4_TARGET_EXPANSION_2026-08-16,PROJECT,1,1,AGE_LATER_FIXED,1.0
V4EXP_PAIR_050,MLV2_DEV_032,V4_TARGET_EXPANSION_2026-08-16,STATUS,1,1,AGE_LATER_FIXED,1.0
V4PRE_PAIR_001,NEWDEV2_006,PREEXISTING_414_SOURCE_REVIEW,COMPETITIVE,1,1,CONTROL_FIXED,0.5
V4PRE_PAIR_010,NEWDEV2_035,PREEXISTING_414_SOURCE_REVIEW,COMPETITIVE,1,1,CONTROL_FIXED,0.5
V4PRE_PAIR_013,NEWDEV2_043,PREEXISTING_414_SOURCE_REVIEW,COMPETITIVE,1,1,CONTROL_FIXED,1.0
V4PRE_PAIR_015,NEWDEV2_056,PREEXISTING_414_SOURCE_REVIEW,COMPETITIVE,1,1,CONTROL_FIXED,0.0
V4PRE_PAIR_018,NEWDEV2_067,PREEXISTING_414_SOURCE_REVIEW,STATUS,1,1,CONTROL_FIXED,1.0
V4PRE_PAIR_025,NEWDEV2_081,PREEXISTING_414_SOURCE_REVIEW,PROJECT,1,1,CONTROL_FIXED,0.0
V4PRE_PAIR_031,MLV2_DEV_003,PREEXISTING_414_SOURCE_REVIEW,PROJECT,1,1,CONTROL_FIXED,1.0
V4PRE_PAIR_036,MLV2_DEV_020,PREEXISTING_414_SOURCE_REVIEW,PROJECT,1,1,CONTROL_FIXED,0.0
V4PRE_PAIR_042,MLV2_DEV_039,PREEXISTING_414_SOURCE_REVIEW,STATUS,1,1,CONTROL_FIXED,0.0
V4PRE_PAIR_046,MLV2_DEV_050,PREEXISTING_414_SOURCE_REVIEW,PROJECT,1,1,CONTROL_FIXED,0.0
V4EXP_PAIR_002,NEWDEV2_036,V4_TARGET_EXPANSION_2026-08-16,COMPETITIVE,1,1,CONTROL_FIXED,1.0
V4EXP_PAIR_003,NEWDEV2_036,V4_TARGET_EXPANSION_2026-08-16,COMPETITIVE,1,1,CONTROL_FIXED,0.0
V4EXP_PAIR_014,NEWDEV2_056,V4_TARGET_EXPANSION_2026-08-16,COMPETITIVE,1,1,CONTROL_FIXED,0.0
V4EXP_PAIR_015,NEWDEV2_056,V4_TARGET_EXPANSION_2026-08-16,COMPETITIVE,1,1,CONTROL_FIXED,0.0
V4EXP_PAIR_016,NEWDEV2_056,V4_TARGET_EXPANSION_2026-08-16,COMPETITIVE,1,1,CONTROL_FIXED,0.0
V4EXP_PAIR_033,NEWDEV2_081,V4_TARGET_EXPANSION_2026-08-16,PROJECT,1,1,CONTROL_FIXED,1.0
V4EXP_PAIR_035,MLV2_DEV_036,V4_TARGET_EXPANSION_2026-08-16,PROJECT,1,1,CONTROL_FIXED,1.0
V4EXP_PAIR_039,NEWDEV2_084,V4_TARGET_EXPANSION_2026-08-16,PROJECT,1,1,CONTROL_FIXED,0.5
V4EXP_PAIR_045,MLV2_DEV_003,V4_TARGET_EXPANSION_2026-08-16,PROJECT,1,1,CONTROL_FIXED,0.0
V4EXP_PAIR_050,MLV2_DEV_032,V4_TARGET_EXPANSION_2026-08-16,STATUS,1,1,CONTROL_FIXED,1.0
V4PRE_PAIR_001,NEWDEV2_006,PREEXISTING_414_SOURCE_REVIEW,COMPETITIVE,1,1,TG5_GROUP_L2,0.0
V4PRE_PAIR_010,NEWDEV2_035,PREEXISTING_414_SOURCE_REVIEW,COMPETITIVE,1,1,TG5_GROUP_L2,1.0
V4PRE_PAIR_013,NEWDEV2_043,PREEXISTING_414_SOURCE_REVIEW,COMPETITIVE,1,1,TG5_GROUP_L2,1.0
V4PRE_PAIR_015,NEWDEV2_056,PREEXISTING_414_SOURCE_REVIEW,COMPETITIVE,1,1,TG5_GROUP_L2,0.0
V4PRE_PAIR_018,NEWDEV2_067,PREEXISTING_414_SOURCE_REVIEW,STATUS,1,1,TG5_GROUP_L2,0.0
V4PRE_PAIR_025,NEWDEV2_081,PREEXISTING_414_SOURCE_REVIEW,PROJECT,1,1,TG5_GROUP_L2,1.0
V4PRE_PAIR_031,MLV2_DEV_003,PREEXISTING_414_SOURCE_REVIEW,PROJECT,1,1,TG5_GROUP_L2,1.0
V4PRE_PAIR_036,MLV2_DEV_020,PREEXISTING_414_SOURCE_REVIEW,PROJECT,1,1,TG5_GROUP_L2,1.0
V4PRE_PAIR_042,MLV2_DEV_039,PREEXISTING_414_SOURCE_REVIEW,STATUS,1,1,TG5_GROUP_L2,0.0
V4PRE_PAIR_046,MLV2_DEV_050,PREEXISTING_414_SOURCE_REVIEW,PROJECT,1,1,TG5_GROUP_L2,0.0
V4EXP_PAIR_002,NEWDEV2_036,V4_TARGET_EXPANSION_2026-08-16,COMPETITIVE,1,1,TG5_GROUP_L2,0.0
V4EXP_PAIR_003,NEWDEV2_036,V4_TARGET_EXPANSION_2026-08-16,COMPETITIVE,1,1,TG5_GROUP_L2,0.5
V4EXP_PAIR_014,NEWDEV2_056,V4_TARGET_EXPANSION_2026-08-16,COMPETITIVE,1,1,TG5_GROUP_L2,0.5
V4EXP_PAIR_015,NEWDEV2_056,V4_TARGET_EXPANSION_2026-08-16,COMPETITIVE,1,1,TG5_GROUP_L2,0.0
V4EXP_PAIR_016,NEWDEV2_056,V4_TARGET_EXPANSION_2026-08-16,COMPETITIVE,1,1,TG5_GROUP_L2,0.0
V4EXP_PAIR_033,NEWDEV2_081,V4_TARGET_EXPANSION_2026-08-16,PROJECT,1,1,TG5_GROUP_L2,1.0
V4EXP_PAIR_035,MLV2_DEV_036,V4_TARGET_EXPANSION_2026-08-16,PROJECT,1,1,TG5_GROUP_L2,0.0
V4EXP_PAIR_039,NEWDEV2_084,V4_TARGET_EXPANSION_2026-08-16,PROJECT,1,1,TG5_GROUP_L2,0.0
V4EXP_PAIR_045,MLV2_DEV_003,V4_TARGET_EXPANSION_2026-08-16,PROJECT,1,1,TG5_GROUP_L2,0.5
V4EXP_PAIR_050,MLV2_DEV_032,V4_TARGET_EXPANSION_2026-08-16,STATUS,1,1,TG5_GROUP_L2,0.0
V4PRE_PAIR_001,NEWDEV2_006,PREEXISTING_414_SOURCE_REVIEW,COMPETITIVE,1,1,TG10_STEM_L2,0.0
V4PRE_PAIR_010,NEWDEV2_035,PREEXISTING_414_SOURCE_REVIEW,COMPETITIVE,1,1,TG10_STEM_L2,1.0
V4PRE_PAIR_013,NEWDEV2_043,PREEXISTING_414_SOURCE_REVIEW,COMPETITIVE,1,1,TG10_STEM_L2,1.0
V4PRE_PAIR_015,NEWDEV2_056,PREEXISTING_414_SOURCE_REVIEW,COMPETITIVE,1,1,TG10_STEM_L2,0.0
V4PRE_PAIR_018,NEWDEV2_067,PREEXISTING_414_SOURCE_REVIEW,STATUS,1,1,TG10_STEM_L2,0.0
V4PRE_PAIR_025,NEWDEV2_081,PREEXISTING_414_SOURCE_REVIEW,PROJECT,1,1,TG10_STEM_L2,0.0
V4PRE_PAIR_031,MLV2_DEV_003,PREEXISTING_414_SOURCE_REVIEW,PROJECT,1,1,TG10_STEM_L2,1.0
V4PRE_PAIR_036,MLV2_DEV_020,PREEXISTING_414_SOURCE_REVIEW,PROJECT,1,1,TG10_STEM_L2,1.0
V4PRE_PAIR_042,MLV2_DEV_039,PREEXISTING_414_SOURCE_REVIEW,STATUS,1,1,TG10_STEM_L2,0.0
V4PRE_PAIR_046,MLV2_DEV_050,PREEXISTING_414_SOURCE_REVIEW,PROJECT,1,1,TG10_STEM_L2,0.0
V4EXP_PAIR_002,NEWDEV2_036,V4_TARGET_EXPANSION_2026-08-16,COMPETITIVE,1,1,TG10_STEM_L2,0.0
V4EXP_PAIR_003,NEWDEV2_036,V4_TARGET_EXPANSION_2026-08-16,COMPETITIVE,1,1,TG10_STEM_L2,1.0
V4EXP_PAIR_014,NEWDEV2_056,V4_TARGET_EXPANSION_2026-08-16,COMPETITIVE,1,1,TG10_STEM_L2,0.0
V4EXP_PAIR_015,NEWDEV2_056,V4_TARGET_EXPANSION_2026-08-16,COMPETITIVE,1,1,TG10_STEM_L2,0.0
V4EXP_PAIR_016,NEWDEV2_056,V4_TARGET_EXPANSION_2026-08-16,COMPETITIVE,1,1,TG10_STEM_L2,0.0
V4EXP_PAIR_033,NEWDEV2_081,V4_TARGET_EXPANSION_2026-08-16,PROJECT,1,1,TG10_STEM_L2,0.0
V4EXP_PAIR_035,MLV2_DEV_036,V4_TARGET_EXPANSION_2026-08-16,PROJECT,1,1,TG10_STEM_L2,0.0
V4EXP_PAIR_039,NEWDEV2_084,V4_TARGET_EXPANSION_2026-08-16,PROJECT,1,1,TG10_STEM_L2,0.0
V4EXP_PAIR_045,MLV2_DEV_003,V4_TARGET_EXPANSION_2026-08-16,PROJECT,1,1,TG10_STEM_L2,0.0
V4EXP_PAIR_050,MLV2_DEV_032,V4_TARGET_EXPANSION_2026-08-16,STATUS,1,1,TG10_STEM_L2,0.0
V4PRE_PAIR_001,NEWDEV2_006,PREEXISTING_414_SOURCE_REVIEW,COMPETITIVE,1,1,TG10_STEM_BRANCH_L2,0.0
V4PRE_PAIR_010,NEWDEV2_035,PREEXISTING_414_SOURCE_REVIEW,COMPETITIVE,1,1,TG10_STEM_BRANCH_L2,1.0
V4PRE_PAIR_013,NEWDEV2_043,PREEXISTING_414_SOURCE_REVIEW,COMPETITIVE,1,1,TG10_STEM_BRANCH_L2,1.0
V4PRE_PAIR_015,NEWDEV2_056,PREEXISTING_414_SOURCE_REVIEW,COMPETITIVE,1,1,TG10_STEM_BRANCH_L2,0.0
V4PRE_PAIR_018,NEWDEV2_067,PREEXISTING_414_SOURCE_REVIEW,STATUS,1,1,TG10_STEM_BRANCH_L2,1.0
V4PRE_PAIR_025,NEWDEV2_081,PREEXISTING_414_SOURCE_REVIEW,PROJECT,1,1,TG10_STEM_BRANCH_L2,0.0
V4PRE_PAIR_031,MLV2_DEV_003,PREEXISTING_414_SOURCE_REVIEW,PROJECT,1,1,TG10_STEM_BRANCH_L2,0.0
V4PRE_PAIR_036,MLV2_DEV_020,PREEXISTING_414_SOURCE_REVIEW,PROJECT,1,1,TG10_STEM_BRANCH_L2,1.0
V4PRE_PAIR_042,MLV2_DEV_039,PREEXISTING_414_SOURCE_REVIEW,STATUS,1,1,TG10_STEM_BRANCH_L2,1.0
V4PRE_PAIR_046,MLV2_DEV_050,PREEXISTING_414_SOURCE_REVIEW,PROJECT,1,1,TG10_STEM_BRANCH_L2,0.0
V4EXP_PAIR_002,NEWDEV2_036,V4_TARGET_EXPANSION_2026-08-16,COMPETITIVE,1,1,TG10_STEM_BRANCH_L2,1.0
V4EXP_PAIR_003,NEWDEV2_036,V4_TARGET_EXPANSION_2026-08-16,COMPETITIVE,1,1,TG10_STEM_BRANCH_L2,1.0
V4EXP_PAIR_014,NEWDEV2_056,V4_TARGET_EXPANSION_2026-08-16,COMPETITIVE,1,1,TG10_STEM_BRANCH_L2,0.0
V4EXP_PAIR_015,NEWDEV2_056,V4_TARGET_EXPANSION_2026-08-16,COMPETITIVE,1,1,TG10_STEM_BRANCH_L2,0.0
V4EXP_PAIR_016,NEWDEV2_056,V4_TARGET_EXPANSION_2026-08-16,COMPETITIVE,1,1,TG10_STEM_BRANCH_L2,0.0
V4EXP_PAIR_033,NEWDEV2_081,V4_TARGET_EXPANSION_2026-08-16,PROJECT,1,1,TG10_STEM_BRANCH_L2,1.0
V4EXP_PAIR_035,MLV2_DEV_036,V4_TARGET_EXPANSION_2026-08-16,PROJECT,1,1,TG10_STEM_BRANCH_L2,0.0
V4EXP_PAIR_039,NEWDEV2_084,V4_TARGET_EXPANSION_2026-08-16,PROJECT,1,1,TG10_STEM_BRANCH_L2,0.0
V4EXP_PAIR_045,MLV2_DEV_003,V4_TARGET_EXPANSION_2026-08-16,PROJECT,1,1,TG10_STEM_BRANCH_L2,0.0
V4EXP_PAIR_050,MLV2_DEV_032,V4_TARGET_EXPANSION_2026-08-16,STATUS,1,1,TG10_STEM_BRANCH_L2,1.0
V4PRE_PAIR_001,NEWDEV2_006,PREEXISTING_414_SOURCE_REVIEW,COMPETITIVE,1,1,TG10_SB_STRENGTH_L2,0.0
V4PRE_PAIR_010,NEWDEV2_035,PREEXISTING_414_SOURCE_REVIEW,COMPETITIVE,1,1,TG10_SB_STRENGTH_L2,1.0
V4PRE_PAIR_013,NEWDEV2_043,PREEXISTING_414_SOURCE_REVIEW,COMPETITIVE,1,1,TG10_SB_STRENGTH_L2,1.0
V4PRE_PAIR_015,NEWDEV2_056,PREEXISTING_414_SOURCE_REVIEW,COMPETITIVE,1,1,TG10_SB_STRENGTH_L2,0.0
V4PRE_PAIR_018,NEWDEV2_067,PREEXISTING_414_SOURCE_REVIEW,STATUS,1,1,TG10_SB_STRENGTH_L2,0.0
V4PRE_PAIR_025,NEWDEV2_081,PREEXISTING_414_SOURCE_REVIEW,PROJECT,1,1,TG10_SB_STRENGTH_L2,0.0
V4PRE_PAIR_031,MLV2_DEV_003,PREEXISTING_414_SOURCE_REVIEW,PROJECT,1,1,TG10_SB_STRENGTH_L2,0.0
V4PRE_PAIR_036,MLV2_DEV_020,PREEXISTING_414_SOURCE_REVIEW,PROJECT,1,1,TG10_SB_STRENGTH_L2,1.0
V4PRE_PAIR_042,MLV2_DEV_039,PREEXISTING_414_SOURCE_REVIEW,STATUS,1,1,TG10_SB_STRENGTH_L2,1.0
V4PRE_PAIR_046,MLV2_DEV_050,PREEXISTING_414_SOURCE_REVIEW,PROJECT,1,1,TG10_SB_STRENGTH_L2,1.0
V4EXP_PAIR_002,NEWDEV2_036,V4_TARGET_EXPANSION_2026-08-16,COMPETITIVE,1,1,TG10_SB_STRENGTH_L2,1.0
V4EXP_PAIR_003,NEWDEV2_036,V4_TARGET_EXPANSION_2026-08-16,COMPETITIVE,1,1,TG10_SB_STRENGTH_L2,1.0
V4EXP_PAIR_014,NEWDEV2_056,V4_TARGET_EXPANSION_2026-08-16,COMPETITIVE,1,1,TG10_SB_STRENGTH_L2,0.0
V4EXP_PAIR_015,NEWDEV2_056,V4_TARGET_EXPANSION_2026-08-16,COMPETITIVE,1,1,TG10_SB_STRENGTH_L2,0.0
V4EXP_PAIR_016,NEWDEV2_056,V4_TARGET_EXPANSION_2026-08-16,COMPETITIVE,1,1,TG10_SB_STRENGTH_L2,0.0
V4EXP_PAIR_033,NEWDEV2_081,V4_TARGET_EXPANSION_2026-08-16,PROJECT,1,1,TG10_SB_STRENGTH_L2,0.0
V4EXP_PAIR_035,MLV2_DEV_036,V4_TARGET_EXPANSION_2026-08-16,PROJECT,1,1,TG10_SB_STRENGTH_L2,0.0
V4EXP_PAIR_039,NEWDEV2_084,V4_TARGET_EXPANSION_2026-08-16,PROJECT,1,1,TG10_SB_STRENGTH_L2,0.0
V4EXP_PAIR_045,MLV2_DEV_003,V4_TARGET_EXPANSION_2026-08-16,PROJECT,1,1,TG10_SB_STRENGTH_L2,0.0
V4EXP_PAIR_050,MLV2_DEV_032,V4_TARGET_EXPANSION_2026-08-16,STATUS,1,1,TG10_SB_STRENGTH_L2,0.0
V4PRE_PAIR_001,NEWDEV2_006,PREEXISTING_414_SOURCE_REVIEW,COMPETITIVE,1,1,TG10_SB_RELATIONS_L2,0.0
V4PRE_PAIR_010,NEWDEV2_035,PREEXISTING_414_SOURCE_REVIEW,COMPETITIVE,1,1,TG10_SB_RELATIONS_L2,1.0
V4PRE_PAIR_013,NEWDEV2_043,PREEXISTING_414_SOURCE_REVIEW,COMPETITIVE,1,1,TG10_SB_RELATIONS_L2,1.0
V4PRE_PAIR_015,NEWDEV2_056,PREEXISTING_414_SOURCE_REVIEW,COMPETITIVE,1,1,TG10_SB_RELATIONS_L2,0.0
V4PRE_PAIR_018,NEWDEV2_067,PREEXISTING_414_SOURCE_REVIEW,STATUS,1,1,TG10_SB_RELATIONS_L2,1.0
V4PRE_PAIR_025,NEWDEV2_081,PREEXISTING_414_SOURCE_REVIEW,PROJECT,1,1,TG10_SB_RELATIONS_L2,0.0
V4PRE_PAIR_031,MLV2_DEV_003,PREEXISTING_414_SOURCE_REVIEW,PROJECT,1,1,TG10_SB_RELATIONS_L2,0.0
V4PRE_PAIR_036,MLV2_DEV_020,PREEXISTING_414_SOURCE_REVIEW,PROJECT,1,1,TG10_SB_RELATIONS_L2,1.0
V4PRE_PAIR_042,MLV2_DEV_039,PREEXISTING_414_SOURCE_REVIEW,STATUS,1,1,TG10_SB_RELATIONS_L2,1.0
V4PRE_PAIR_046,MLV2_DEV_050,PREEXISTING_414_SOURCE_REVIEW,PROJECT,1,1,TG10_SB_RELATIONS_L2,0.0
V4EXP_PAIR_002,NEWDEV2_036,V4_TARGET_EXPANSION_2026-08-16,COMPETITIVE,1,1,TG10_SB_RELATIONS_L2,1.0
V4EXP_PAIR_003,NEWDEV2_036,V4_TARGET_EXPANSION_2026-08-16,COMPETITIVE,1,1,TG10_SB_RELATIONS_L2,1.0
V4EXP_PAIR_014,NEWDEV2_056,V4_TARGET_EXPANSION_2026-08-16,COMPETITIVE,1,1,TG10_SB_RELATIONS_L2,0.0
V4EXP_PAIR_015,NEWDEV2_056,V4_TARGET_EXPANSION_2026-08-16,COMPETITIVE,1,1,TG10_SB_RELATIONS_L2,0.0
V4EXP_PAIR_016,NEWDEV2_056,V4_TARGET_EXPANSION_2026-08-16,COMPETITIVE,1,1,TG10_SB_RELATIONS_L2,0.0
V4EXP_PAIR_033,NEWDEV2_081,V4_TARGET_EXPANSION_2026-08-16,PROJECT,1,1,TG10_SB_RELATIONS_L2,0.0
V4EXP_PAIR_035,MLV2_DEV_036,V4_TARGET_EXPANSION_2026-08-16,PROJECT,1,1,TG10_SB_RELATIONS_L2,0.0
V4EXP_PAIR_039,NEWDEV2_084,V4_TARGET_EXPANSION_2026-08-16,PROJECT,1,1,TG10_SB_RELATIONS_L2,0.0
V4EXP_PAIR_045,MLV2_DEV_003,V4_TARGET_EXPANSION_2026-08-16,PROJECT,1,1,TG10_SB_RELATIONS_L2,0.0
V4EXP_PAIR_050,MLV2_DEV_032,V4_TARGET_EXPANSION_2026-08-16,STATUS,1,1,TG10_SB_RELATIONS_L2,1.0
V4PRE_PAIR_001,NEWDEV2_006,PREEXISTING_414_SOURCE_REVIEW,COMPETITIVE,1,1,ALL_L2,0.0
V4PRE_PAIR_010,NEWDEV2_035,PREEXISTING_414_SOURCE_REVIEW,COMPETITIVE,1,1,ALL_L2,1.0
V4PRE_PAIR_013,NEWDEV2_043,PREEXISTING_414_SOURCE_REVIEW,COMPETITIVE,1,1,ALL_L2,1.0
V4PRE_PAIR_015,NEWDEV2_056,PREEXISTING_414_SOURCE_REVIEW,COMPETITIVE,1,1,ALL_L2,0.0
V4PRE_PAIR_018,NEWDEV2_067,PREEXISTING_414_SOURCE_REVIEW,STATUS,1,1,ALL_L2,0.0
V4PRE_PAIR_025,NEWDEV2_081,PREEXISTING_414_SOURCE_REVIEW,PROJECT,1,1,ALL_L2,0.0
V4PRE_PAIR_031,MLV2_DEV_003,PREEXISTING_414_SOURCE_REVIEW,PROJECT,1,1,ALL_L2,1.0
V4PRE_PAIR_036,MLV2_DEV_020,PREEXISTING_414_SOURCE_REVIEW,PROJECT,1,1,ALL_L2,0.0
V4PRE_PAIR_042,MLV2_DEV_039,PREEXISTING_414_SOURCE_REVIEW,STATUS,1,1,ALL_L2,1.0
V4PRE_PAIR_046,MLV2_DEV_050,PREEXISTING_414_SOURCE_REVIEW,PROJECT,1,1,ALL_L2,0.0
V4EXP_PAIR_002,NEWDEV2_036,V4_TARGET_EXPANSION_2026-08-16,COMPETITIVE,1,1,ALL_L2,1.0
V4EXP_PAIR_003,NEWDEV2_036,V4_TARGET_EXPANSION_2026-08-16,COMPETITIVE,1,1,ALL_L2,1.0
V4EXP_PAIR_014,NEWDEV2_056,V4_TARGET_EXPANSION_2026-08-16,COMPETITIVE,1,1,ALL_L2,1.0
V4EXP_PAIR_015,NEWDEV2_056,V4_TARGET_EXPANSION_2026-08-16,COMPETITIVE,1,1,ALL_L2,0.0
V4EXP_PAIR_016,NEWDEV2_056,V4_TARGET_EXPANSION_2026-08-16,COMPETITIVE,1,1,ALL_L2,0.0
V4EXP_PAIR_033,NEWDEV2_081,V4_TARGET_EXPANSION_2026-08-16,PROJECT,1,1,ALL_L2,0.0
V4EXP_PAIR_035,MLV2_DEV_036,V4_TARGET_EXPANSION_2026-08-16,PROJECT,1,1,ALL_L2,0.0
V4EXP_PAIR_039,NEWDEV2_084,V4_TARGET_EXPANSION_2026-08-16,PROJECT,1,1,ALL_L2,0.0
V4EXP_PAIR_045,MLV2_DEV_003,V4_TARGET_EXPANSION_2026-08-16,PROJECT,1,1,ALL_L2,1.0
V4EXP_PAIR_050,MLV2_DEV_032,V4_TARGET_EXPANSION_2026-08-16,STATUS,1,1,ALL_L2,0.0
V4PRE_PAIR_001,NEWDEV2_006,PREEXISTING_414_SOURCE_REVIEW,COMPETITIVE,1,1,NUISANCE_AGE_AXIS,1.0
V4PRE_PAIR_010,NEWDEV2_035,PREEXISTING_414_SOURCE_REVIEW,COMPETITIVE,1,1,NUISANCE_AGE_AXIS,0.0
V4PRE_PAIR_013,NEWDEV2_043,PREEXISTING_414_SOURCE_REVIEW,COMPETITIVE,1,1,NUISANCE_AGE_AXIS,0.0
V4PRE_PAIR_015,NEWDEV2_056,PREEXISTING_414_SOURCE_REVIEW,COMPETITIVE,1,1,NUISANCE_AGE_AXIS,1.0
V4PRE_PAIR_018,NEWDEV2_067,PREEXISTING_414_SOURCE_REVIEW,STATUS,1,1,NUISANCE_AGE_AXIS,1.0
V4PRE_PAIR_025,NEWDEV2_081,PREEXISTING_414_SOURCE_REVIEW,PROJECT,1,1,NUISANCE_AGE_AXIS,1.0
V4PRE_PAIR_031,MLV2_DEV_003,PREEXISTING_414_SOURCE_REVIEW,PROJECT,1,1,NUISANCE_AGE_AXIS,1.0
V4PRE_PAIR_036,MLV2_DEV_020,PREEXISTING_414_SOURCE_REVIEW,PROJECT,1,1,NUISANCE_AGE_AXIS,1.0
V4PRE_PAIR_042,MLV2_DEV_039,PREEXISTING_414_SOURCE_REVIEW,STATUS,1,1,NUISANCE_AGE_AXIS,1.0
V4PRE_PAIR_046,MLV2_DEV_050,PREEXISTING_414_SOURCE_REVIEW,PROJECT,1,1,NUISANCE_AGE_AXIS,1.0
V4EXP_PAIR_002,NEWDEV2_036,V4_TARGET_EXPANSION_2026-08-16,COMPETITIVE,1,1,NUISANCE_AGE_AXIS,0.0
V4EXP_PAIR_003,NEWDEV2_036,V4_TARGET_EXPANSION_2026-08-16,COMPETITIVE,1,1,NUISANCE_AGE_AXIS,1.0
V4EXP_PAIR_014,NEWDEV2_056,V4_TARGET_EXPANSION_2026-08-16,COMPETITIVE,1,1,NUISANCE_AGE_AXIS,0.0
V4EXP_PAIR_015,NEWDEV2_056,V4_TARGET_EXPANSION_2026-08-16,COMPETITIVE,1,1,NUISANCE_AGE_AXIS,0.0
V4EXP_PAIR_016,NEWDEV2_056,V4_TARGET_EXPANSION_2026-08-16,COMPETITIVE,1,1,NUISANCE_AGE_AXIS,0.0
V4EXP_PAIR_033,NEWDEV2_081,V4_TARGET_EXPANSION_2026-08-16,PROJECT,1,1,NUISANCE_AGE_AXIS,1.0
V4EXP_PAIR_035,MLV2_DEV_036,V4_TARGET_EXPANSION_2026-08-16,PROJECT,1,1,NUISANCE_AGE_AXIS,1.0
V4EXP_PAIR_039,NEWDEV2_084,V4_TARGET_EXPANSION_2026-08-16,PROJECT,1,1,NUISANCE_AGE_AXIS,0.0
V4EXP_PAIR_045,MLV2_DEV_003,V4_TARGET_EXPANSION_2026-08-16,PROJECT,1,1,NUISANCE_AGE_AXIS,1.0
V4EXP_PAIR_050,MLV2_DEV_032,V4_TARGET_EXPANSION_2026-08-16,STATUS,1,1,NUISANCE_AGE_AXIS,0.0
V4PRE_PAIR_001,NEWDEV2_006,PREEXISTING_414_SOURCE_REVIEW,COMPETITIVE,1,1,NUISANCE_WITH_ORIGIN_DIAGNOSTIC,0.0
V4PRE_PAIR_010,NEWDEV2_035,PREEXISTING_414_SOURCE_REVIEW,COMPETITIVE,1,1,NUISANCE_WITH_ORIGIN_DIAGNOSTIC,1.0
V4PRE_PAIR_013,NEWDEV2_043,PREEXISTING_414_SOURCE_REVIEW,COMPETITIVE,1,1,NUISANCE_WITH_ORIGIN_DIAGNOSTIC,0.0
V4PRE_PAIR_015,NEWDEV2_056,PREEXISTING_414_SOURCE_REVIEW,COMPETITIVE,1,1,NUISANCE_WITH_ORIGIN_DIAGNOSTIC,1.0
V4PRE_PAIR_018,NEWDEV2_067,PREEXISTING_414_SOURCE_REVIEW,STATUS,1,1,NUISANCE_WITH_ORIGIN_DIAGNOSTIC,1.0
V4PRE_PAIR_025,NEWDEV2_081,PREEXISTING_414_SOURCE_REVIEW,PROJECT,1,1,NUISANCE_WITH_ORIGIN_DIAGNOSTIC,1.0
V4PRE_PAIR_031,MLV2_DEV_003,PREEXISTING_414_SOURCE_REVIEW,PROJECT,1,1,NUISANCE_WITH_ORIGIN_DIAGNOSTIC,1.0
V4PRE_PAIR_036,MLV2_DEV_020,PREEXISTING_414_SOURCE_REVIEW,PROJECT,1,1,NUISANCE_WITH_ORIGIN_DIAGNOSTIC,1.0
V4PRE_PAIR_042,MLV2_DEV_039,PREEXISTING_414_SOURCE_REVIEW,STATUS,1,1,NUISANCE_WITH_ORIGIN_DIAGNOSTIC,1.0
V4PRE_PAIR_046,MLV2_DEV_050,PREEXISTING_414_SOURCE_REVIEW,PROJECT,1,1,NUISANCE_WITH_ORIGIN_DIAGNOSTIC,1.0
V4EXP_PAIR_002,NEWDEV2_036,V4_TARGET_EXPANSION_2026-08-16,COMPETITIVE,1,1,NUISANCE_WITH_ORIGIN_DIAGNOSTIC,1.0
V4EXP_PAIR_003,NEWDEV2_036,V4_TARGET_EXPANSION_2026-08-16,COMPETITIVE,1,1,NUISANCE_WITH_ORIGIN_DIAGNOSTIC,1.0
V4EXP_PAIR_014,NEWDEV2_056,V4_TARGET_EXPANSION_2026-08-16,COMPETITIVE,1,1,NUISANCE_WITH_ORIGIN_DIAGNOSTIC,1.0
V4EXP_PAIR_015,NEWDEV2_056,V4_TARGET_EXPANSION_2026-08-16,COMPETITIVE,1,1,NUISANCE_WITH_ORIGIN_DIAGNOSTIC,1.0
V4EXP_PAIR_016,NEWDEV2_056,V4_TARGET_EXPANSION_2026-08-16,COMPETITIVE,1,1,NUISANCE_WITH_ORIGIN_DIAGNOSTIC,1.0
V4EXP_PAIR_033,NEWDEV2_081,V4_TARGET_EXPANSION_2026-08-16,PROJECT,1,1,NUISANCE_WITH_ORIGIN_DIAGNOSTIC,1.0
V4EXP_PAIR_035,MLV2_DEV_036,V4_TARGET_EXPANSION_2026-08-16,PROJECT,1,1,NUISANCE_WITH_ORIGIN_DIAGNOSTIC,1.0
V4EXP_PAIR_039,NEWDEV2_084,V4_TARGET_EXPANSION_2026-08-16,PROJECT,1,1,NUISANCE_WITH_ORIGIN_DIAGNOSTIC,1.0
V4EXP_PAIR_045,MLV2_DEV_003,V4_TARGET_EXPANSION_2026-08-16,PROJECT,1,1,NUISANCE_WITH_ORIGIN_DIAGNOSTIC,1.0
V4EXP_PAIR_050,MLV2_DEV_032,V4_TARGET_EXPANSION_2026-08-16,STATUS,1,1,NUISANCE_WITH_ORIGIN_DIAGNOSTIC,1.0
V4PRE_PAIR_001,NEWDEV2_006,PREEXISTING_414_SOURCE_REVIEW,COMPETITIVE,1,1,ALL_ELASTICNET_AUTO,0.0
V4PRE_PAIR_010,NEWDEV2_035,PREEXISTING_414_SOURCE_REVIEW,COMPETITIVE,1,1,ALL_ELASTICNET_AUTO,1.0
V4PRE_PAIR_013,NEWDEV2_043,PREEXISTING_414_SOURCE_REVIEW,COMPETITIVE,1,1,ALL_ELASTICNET_AUTO,1.0
V4PRE_PAIR_015,NEWDEV2_056,PREEXISTING_414_SOURCE_REVIEW,COMPETITIVE,1,1,ALL_ELASTICNET_AUTO,0.0
V4PRE_PAIR_018,NEWDEV2_067,PREEXISTING_414_SOURCE_REVIEW,STATUS,1,1,ALL_ELASTICNET_AUTO,0.0
V4PRE_PAIR_025,NEWDEV2_081,PREEXISTING_414_SOURCE_REVIEW,PROJECT,1,1,ALL_ELASTICNET_AUTO,0.0
V4PRE_PAIR_031,MLV2_DEV_003,PREEXISTING_414_SOURCE_REVIEW,PROJECT,1,1,ALL_ELASTICNET_AUTO,1.0
V4PRE_PAIR_036,MLV2_DEV_020,PREEXISTING_414_SOURCE_REVIEW,PROJECT,1,1,ALL_ELASTICNET_AUTO,0.0
V4PRE_PAIR_042,MLV2_DEV_039,PREEXISTING_414_SOURCE_REVIEW,STATUS,1,1,ALL_ELASTICNET_AUTO,1.0
V4PRE_PAIR_046,MLV2_DEV_050,PREEXISTING_414_SOURCE_REVIEW,PROJECT,1,1,ALL_ELASTICNET_AUTO,0.0
V4EXP_PAIR_002,NEWDEV2_036,V4_TARGET_EXPANSION_2026-08-16,COMPETITIVE,1,1,ALL_ELASTICNET_AUTO,1.0
V4EXP_PAIR_003,NEWDEV2_036,V4_TARGET_EXPANSION_2026-08-16,COMPETITIVE,1,1,ALL_ELASTICNET_AUTO,1.0
V4EXP_PAIR_014,NEWDEV2_056,V4_TARGET_EXPANSION_2026-08-16,COMPETITIVE,1,1,ALL_ELASTICNET_AUTO,1.0
V4EXP_PAIR_015,NEWDEV2_056,V4_TARGET_EXPANSION_2026-08-16,COMPETITIVE,1,1,ALL_ELASTICNET_AUTO,0.0
V4EXP_PAIR_016,NEWDEV2_056,V4_TARGET_EXPANSION_2026-08-16,COMPETITIVE,1,1,ALL_ELASTICNET_AUTO,0.0
V4EXP_PAIR_033,NEWDEV2_081,V4_TARGET_EXPANSION_2026-08-16,PROJECT,1,1,ALL_ELASTICNET_AUTO,0.0
V4EXP_PAIR_035,MLV2_DEV_036,V4_TARGET_EXPANSION_2026-08-16,PROJECT,1,1,ALL_ELASTICNET_AUTO,0.0
V4EXP_PAIR_039,NEWDEV2_084,V4_TARGET_EXPANSION_2026-08-16,PROJECT,1,1,ALL_ELASTICNET_AUTO,0.0
V4EXP_PAIR_045,MLV2_DEV_003,V4_TARGET_EXPANSION_2026-08-16,PROJECT,1,1,ALL_ELASTICNET_AUTO,1.0
V4EXP_PAIR_050,MLV2_DEV_032,V4_TARGET_EXPANSION_2026-08-16,STATUS,1,1,ALL_ELASTICNET_AUTO,0.0
V4PRE_PAIR_001,NEWDEV2_006,PREEXISTING_414_SOURCE_REVIEW,COMPETITIVE,1,1,HGB_ALL_EXPLORATORY,1.0
V4PRE_PAIR_010,NEWDEV2_035,PREEXISTING_414_SOURCE_REVIEW,COMPETITIVE,1,1,HGB_ALL_EXPLORATORY,1.0
V4PRE_PAIR_013,NEWDEV2_043,PREEXISTING_414_SOURCE_REVIEW,COMPETITIVE,1,1,HGB_ALL_EXPLORATORY,1.0
V4PRE_PAIR_015,NEWDEV2_056,PREEXISTING_414_SOURCE_REVIEW,COMPETITIVE,1,1,HGB_ALL_EXPLORATORY,0.0
V4PRE_PAIR_018,NEWDEV2_067,PREEXISTING_414_SOURCE_REVIEW,STATUS,1,1,HGB_ALL_EXPLORATORY,0.0
V4PRE_PAIR_025,NEWDEV2_081,PREEXISTING_414_SOURCE_REVIEW,PROJECT,1,1,HGB_ALL_EXPLORATORY,0.0
V4PRE_PAIR_031,MLV2_DEV_003,PREEXISTING_414_SOURCE_REVIEW,PROJECT,1,1,HGB_ALL_EXPLORATORY,1.0
V4PRE_PAIR_036,MLV2_DEV_020,PREEXISTING_414_SOURCE_REVIEW,PROJECT,1,1,HGB_ALL_EXPLORATORY,0.0
V4PRE_PAIR_042,MLV2_DEV_039,PREEXISTING_414_SOURCE_REVIEW,STATUS,1,1,HGB_ALL_EXPLORATORY,1.0
V4PRE_PAIR_046,MLV2_DEV_050,PREEXISTING_414_SOURCE_REVIEW,PROJECT,1,1,HGB_ALL_EXPLORATORY,1.0
V4EXP_PAIR_002,NEWDEV2_036,V4_TARGET_EXPANSION_2026-08-16,COMPETITIVE,1,1,HGB_ALL_EXPLORATORY,0.0
V4EXP_PAIR_003,NEWDEV2_036,V4_TARGET_EXPANSION_2026-08-16,COMPETITIVE,1,1,HGB_ALL_EXPLORATORY,0.0
V4EXP_PAIR_014,NEWDEV2_056,V4_TARGET_EXPANSION_2026-08-16,COMPETITIVE,1,1,HGB_ALL_EXPLORATORY,0.0
V4EXP_PAIR_015,NEWDEV2_056,V4_TARGET_EXPANSION_2026-08-16,COMPETITIVE,1,1,HGB_ALL_EXPLORATORY,0.0
V4EXP_PAIR_016,NEWDEV2_056,V4_TARGET_EXPANSION_2026-08-16,COMPETITIVE,1,1,HGB_ALL_EXPLORATORY,0.0
V4EXP_PAIR_033,NEWDEV2_081,V4_TARGET_EXPANSION_2026-08-16,PROJECT,1,1,HGB_ALL_EXPLORATORY,0.0
V4EXP_PAIR_035,MLV2_DEV_036,V4_TARGET_EXPANSION_2026-08-16,PROJECT,1,1,HGB_ALL_EXPLORATORY,0.0
V4EXP_PAIR_039,NEWDEV2_084,V4_TARGET_EXPANSION_2026-08-16,PROJECT,1,1,HGB_ALL_EXPLORATORY,0.0
V4EXP_PAIR_045,MLV2_DEV_003,V4_TARGET_EXPANSION_2026-08-16,PROJECT,1,1,HGB_ALL_EXPLORATORY,1.0
V4EXP_PAIR_050,MLV2_DEV_032,V4_TARGET_EXPANSION_2026-08-16,STATUS,1,1,HGB_ALL_EXPLORATORY,0.0
V4PRE_PAIR_007,NEWDEV2_028,PREEXISTING_414_SOURCE_REVIEW,COMPETITIVE,1,2,AGE_YOUNGER_FIXED,1.0
V4PRE_PAIR_008,NEWDEV2_029,PREEXISTING_414_SOURCE_REVIEW,COMPETITIVE,1,2,AGE_YOUNGER_FIXED,1.0
V4PRE_PAIR_011,NEWDEV2_039,PREEXISTING_414_SOURCE_REVIEW,STATUS,1,2,AGE_YOUNGER_FIXED,1.0
V4PRE_PAIR_016,NEWDEV2_065,PREEXISTING_414_SOURCE_REVIEW,COMPETITIVE,1,2,AGE_YOUNGER_FIXED,1.0
V4PRE_PAIR_020,NEWDEV2_070,PREEXISTING_414_SOURCE_REVIEW,PROJECT,1,2,AGE_YOUNGER_FIXED,1.0
V4PRE_PAIR_026,NEWDEV2_082,PREEXISTING_414_SOURCE_REVIEW,STATUS,1,2,AGE_YOUNGER_FIXED,1.0
V4PRE_PAIR_029,NEWDEV2_091,PREEXISTING_414_SOURCE_REVIEW,PROJECT,1,2,AGE_YOUNGER_FIXED,1.0
V4PRE_PAIR_033,MLV2_DEV_007,PREEXISTING_414_SOURCE_REVIEW,PROJECT,1,2,AGE_YOUNGER_FIXED,1.0
V4PRE_PAIR_034,MLV2_DEV_007,PREEXISTING_414_SOURCE_REVIEW,PROJECT,1,2,AGE_YOUNGER_FIXED,1.0
V4PRE_PAIR_043,MLV2_DEV_041,PREEXISTING_414_SOURCE_REVIEW,PROJECT,1,2,AGE_YOUNGER_FIXED,1.0
V4EXP_PAIR_001,NEWDEV2_005,V4_TARGET_EXPANSION_2026-08-16,COMPETITIVE,1,2,AGE_YOUNGER_FIXED,0.0
V4EXP_PAIR_017,NEWDEV2_060,V4_TARGET_EXPANSION_2026-08-16,COMPETITIVE,1,2,AGE_YOUNGER_FIXED,0.0
V4EXP_PAIR_018,NEWDEV2_065,V4_TARGET_EXPANSION_2026-08-16,COMPETITIVE,1,2,AGE_YOUNGER_FIXED,0.0
V4EXP_PAIR_019,NEWDEV2_065,V4_TARGET_EXPANSION_2026-08-16,COMPETITIVE,1,2,AGE_YOUNGER_FIXED,0.0
V4EXP_PAIR_021,NEWDEV2_092,V4_TARGET_EXPANSION_2026-08-16,COMPETITIVE,1,2,AGE_YOUNGER_FIXED,0.0
V4EXP_PAIR_024,NEWDEV2_029,V4_TARGET_EXPANSION_2026-08-16,COMPETITIVE,1,2,AGE_YOUNGER_FIXED,0.0
V4EXP_PAIR_027,MLV2_DEV_007,V4_TARGET_EXPANSION_2026-08-16,PROJECT,1,2,AGE_YOUNGER_FIXED,0.0
V4EXP_PAIR_036,NEWDEV2_100,V4_TARGET_EXPANSION_2026-08-16,PROJECT,1,2,AGE_YOUNGER_FIXED,0.0
V4EXP_PAIR_037,MLV2_DEV_028,V4_TARGET_EXPANSION_2026-08-16,PROJECT,1,2,AGE_YOUNGER_FIXED,0.0
V4EXP_PAIR_046,NEWDEV2_005,V4_TARGET_EXPANSION_2026-08-16,STATUS,1,2,AGE_YOUNGER_FIXED,0.0
V4PRE_PAIR_007,NEWDEV2_028,PREEXISTING_414_SOURCE_REVIEW,COMPETITIVE,1,2,AGE_LATER_FIXED,0.0
V4PRE_PAIR_008,NEWDEV2_029,PREEXISTING_414_SOURCE_REVIEW,COMPETITIVE,1,2,AGE_LATER_FIXED,0.0
V4PRE_PAIR_011,NEWDEV2_039,PREEXISTING_414_SOURCE_REVIEW,STATUS,1,2,AGE_LATER_FIXED,0.0
V4PRE_PAIR_016,NEWDEV2_065,PREEXISTING_414_SOURCE_REVIEW,COMPETITIVE,1,2,AGE_LATER_FIXED,0.0
V4PRE_PAIR_020,NEWDEV2_070,PREEXISTING_414_SOURCE_REVIEW,PROJECT,1,2,AGE_LATER_FIXED,0.0
V4PRE_PAIR_026,NEWDEV2_082,PREEXISTING_414_SOURCE_REVIEW,STATUS,1,2,AGE_LATER_FIXED,0.0
V4PRE_PAIR_029,NEWDEV2_091,PREEXISTING_414_SOURCE_REVIEW,PROJECT,1,2,AGE_LATER_FIXED,0.0
V4PRE_PAIR_033,MLV2_DEV_007,PREEXISTING_414_SOURCE_REVIEW,PROJECT,1,2,AGE_LATER_FIXED,0.0
V4PRE_PAIR_034,MLV2_DEV_007,PREEXISTING_414_SOURCE_REVIEW,PROJECT,1,2,AGE_LATER_FIXED,0.0
V4PRE_PAIR_043,MLV2_DEV_041,PREEXISTING_414_SOURCE_REVIEW,PROJECT,1,2,AGE_LATER_FIXED,0.0
V4EXP_PAIR_001,NEWDEV2_005,V4_TARGET_EXPANSION_2026-08-16,COMPETITIVE,1,2,AGE_LATER_FIXED,1.0
V4EXP_PAIR_017,NEWDEV2_060,V4_TARGET_EXPANSION_2026-08-16,COMPETITIVE,1,2,AGE_LATER_FIXED,1.0
V4EXP_PAIR_018,NEWDEV2_065,V4_TARGET_EXPANSION_2026-08-16,COMPETITIVE,1,2,AGE_LATER_FIXED,1.0
V4EXP_PAIR_019,NEWDEV2_065,V4_TARGET_EXPANSION_2026-08-16,COMPETITIVE,1,2,AGE_LATER_FIXED,1.0
V4EXP_PAIR_021,NEWDEV2_092,V4_TARGET_EXPANSION_2026-08-16,COMPETITIVE,1,2,AGE_LATER_FIXED,1.0
V4EXP_PAIR_024,NEWDEV2_029,V4_TARGET_EXPANSION_2026-08-16,COMPETITIVE,1,2,AGE_LATER_FIXED,1.0
V4EXP_PAIR_027,MLV2_DEV_007,V4_TARGET_EXPANSION_2026-08-16,PROJECT,1,2,AGE_LATER_FIXED,1.0
V4EXP_PAIR_036,NEWDEV2_100,V4_TARGET_EXPANSION_2026-08-16,PROJECT,1,2,AGE_LATER_FIXED,1.0
V4EXP_PAIR_037,MLV2_DEV_028,V4_TARGET_EXPANSION_2026-08-16,PROJECT,1,2,AGE_LATER_FIXED,1.0
V4EXP_PAIR_046,NEWDEV2_005,V4_TARGET_EXPANSION_2026-08-16,STATUS,1,2,AGE_LATER_FIXED,1.0
V4PRE_PAIR_007,NEWDEV2_028,PREEXISTING_414_SOURCE_REVIEW,COMPETITIVE,1,2,CONTROL_FIXED,1.0
V4PRE_PAIR_008,NEWDEV2_029,PREEXISTING_414_SOURCE_REVIEW,COMPETITIVE,1,2,CONTROL_FIXED,0.0
V4PRE_PAIR_011,NEWDEV2_039,PREEXISTING_414_SOURCE_REVIEW,STATUS,1,2,CONTROL_FIXED,1.0
V4PRE_PAIR_016,NEWDEV2_065,PREEXISTING_414_SOURCE_REVIEW,COMPETITIVE,1,2,CONTROL_FIXED,0.0
V4PRE_PAIR_020,NEWDEV2_070,PREEXISTING_414_SOURCE_REVIEW,PROJECT,1,2,CONTROL_FIXED,1.0
V4PRE_PAIR_026,NEWDEV2_082,PREEXISTING_414_SOURCE_REVIEW,STATUS,1,2,CONTROL_FIXED,1.0
V4PRE_PAIR_029,NEWDEV2_091,PREEXISTING_414_SOURCE_REVIEW,PROJECT,1,2,CONTROL_FIXED,1.0
V4PRE_PAIR_033,MLV2_DEV_007,PREEXISTING_414_SOURCE_REVIEW,PROJECT,1,2,CONTROL_FIXED,0.0
V4PRE_PAIR_034,MLV2_DEV_007,PREEXISTING_414_SOURCE_REVIEW,PROJECT,1,2,CONTROL_FIXED,0.0
V4PRE_PAIR_043,MLV2_DEV_041,PREEXISTING_414_SOURCE_REVIEW,PROJECT,1,2,CONTROL_FIXED,1.0
V4EXP_PAIR_001,NEWDEV2_005,V4_TARGET_EXPANSION_2026-08-16,COMPETITIVE,1,2,CONTROL_FIXED,0.0
V4EXP_PAIR_017,NEWDEV2_060,V4_TARGET_EXPANSION_2026-08-16,COMPETITIVE,1,2,CONTROL_FIXED,0.0
V4EXP_PAIR_018,NEWDEV2_065,V4_TARGET_EXPANSION_2026-08-16,COMPETITIVE,1,2,CONTROL_FIXED,1.0
V4EXP_PAIR_019,NEWDEV2_065,V4_TARGET_EXPANSION_2026-08-16,COMPETITIVE,1,2,CONTROL_FIXED,0.0
V4EXP_PAIR_021,NEWDEV2_092,V4_TARGET_EXPANSION_2026-08-16,COMPETITIVE,1,2,CONTROL_FIXED,0.0
V4EXP_PAIR_024,NEWDEV2_029,V4_TARGET_EXPANSION_2026-08-16,COMPETITIVE,1,2,CONTROL_FIXED,0.0
V4EXP_PAIR_027,MLV2_DEV_007,V4_TARGET_EXPANSION_2026-08-16,PROJECT,1,2,CONTROL_FIXED,0.0
V4EXP_PAIR_036,NEWDEV2_100,V4_TARGET_EXPANSION_2026-08-16,PROJECT,1,2,CONTROL_FIXED,0.0
V4EXP_PAIR_037,MLV2_DEV_028,V4_TARGET_EXPANSION_2026-08-16,PROJECT,1,2,CONTROL_FIXED,1.0
V4EXP_PAIR_046,NEWDEV2_005,V4_TARGET_EXPANSION_2026-08-16,STATUS,1,2,CONTROL_FIXED,1.0
V4PRE_PAIR_007,NEWDEV2_028,PREEXISTING_414_SOURCE_REVIEW,COMPETITIVE,1,2,TG5_GROUP_L2,0.5
V4PRE_PAIR_008,NEWDEV2_029,PREEXISTING_414_SOURCE_REVIEW,COMPETITIVE,1,2,TG5_GROUP_L2,0.0
V4PRE_PAIR_011,NEWDEV2_039,PREEXISTING_414_SOURCE_REVIEW,STATUS,1,2,TG5_GROUP_L2,0.5
V4PRE_PAIR_016,NEWDEV2_065,PREEXISTING_414_SOURCE_REVIEW,COMPETITIVE,1,2,TG5_GROUP_L2,1.0
V4PRE_PAIR_020,NEWDEV2_070,PREEXISTING_414_SOURCE_REVIEW,PROJECT,1,2,TG5_GROUP_L2,0.0
V4PRE_PAIR_026,NEWDEV2_082,PREEXISTING_414_SOURCE_REVIEW,STATUS,1,2,TG5_GROUP_L2,1.0
V4PRE_PAIR_029,NEWDEV2_091,PREEXISTING_414_SOURCE_REVIEW,PROJECT,1,2,TG5_GROUP_L2,0.0
V4PRE_PAIR_033,MLV2_DEV_007,PREEXISTING_414_SOURCE_REVIEW,PROJECT,1,2,TG5_GROUP_L2,0.0
V4PRE_PAIR_034,MLV2_DEV_007,PREEXISTING_414_SOURCE_REVIEW,PROJECT,1,2,TG5_GROUP_L2,0.0
V4PRE_PAIR_043,MLV2_DEV_041,PREEXISTING_414_SOURCE_REVIEW,PROJECT,1,2,TG5_GROUP_L2,0.0
V4EXP_PAIR_001,NEWDEV2_005,V4_TARGET_EXPANSION_2026-08-16,COMPETITIVE,1,2,TG5_GROUP_L2,0.0
V4EXP_PAIR_017,NEWDEV2_060,V4_TARGET_EXPANSION_2026-08-16,COMPETITIVE,1,2,TG5_GROUP_L2,0.0
V4EXP_PAIR_018,NEWDEV2_065,V4_TARGET_EXPANSION_2026-08-16,COMPETITIVE,1,2,TG5_GROUP_L2,1.0
V4EXP_PAIR_019,NEWDEV2_065,V4_TARGET_EXPANSION_2026-08-16,COMPETITIVE,1,2,TG5_GROUP_L2,0.0
V4EXP_PAIR_021,NEWDEV2_092,V4_TARGET_EXPANSION_2026-08-16,COMPETITIVE,1,2,TG5_GROUP_L2,0.5
V4EXP_PAIR_024,NEWDEV2_029,V4_TARGET_EXPANSION_2026-08-16,COMPETITIVE,1,2,TG5_GROUP_L2,1.0
V4EXP_PAIR_027,MLV2_DEV_007,V4_TARGET_EXPANSION_2026-08-16,PROJECT,1,2,TG5_GROUP_L2,0.0
V4EXP_PAIR_036,NEWDEV2_100,V4_TARGET_EXPANSION_2026-08-16,PROJECT,1,2,TG5_GROUP_L2,1.0
V4EXP_PAIR_037,MLV2_DEV_028,V4_TARGET_EXPANSION_2026-08-16,PROJECT,1,2,TG5_GROUP_L2,1.0
V4EXP_PAIR_046,NEWDEV2_005,V4_TARGET_EXPANSION_2026-08-16,STATUS,1,2,TG5_GROUP_L2,0.5
V4PRE_PAIR_007,NEWDEV2_028,PREEXISTING_414_SOURCE_REVIEW,COMPETITIVE,1,2,TG10_STEM_L2,0.0
V4PRE_PAIR_008,NEWDEV2_029,PREEXISTING_414_SOURCE_REVIEW,COMPETITIVE,1,2,TG10_STEM_L2,0.0
V4PRE_PAIR_011,NEWDEV2_039,PREEXISTING_414_SOURCE_REVIEW,STATUS,1,2,TG10_STEM_L2,1.0
V4PRE_PAIR_016,NEWDEV2_065,PREEXISTING_414_SOURCE_REVIEW,COMPETITIVE,1,2,TG10_STEM_L2,1.0
V4PRE_PAIR_020,NEWDEV2_070,PREEXISTING_414_SOURCE_REVIEW,PROJECT,1,2,TG10_STEM_L2,0.0
V4PRE_PAIR_026,NEWDEV2_082,PREEXISTING_414_SOURCE_REVIEW,STATUS,1,2,TG10_STEM_L2,1.0
V4PRE_PAIR_029,NEWDEV2_091,PREEXISTING_414_SOURCE_REVIEW,PROJECT,1,2,TG10_STEM_L2,0.0
V4PRE_PAIR_033,MLV2_DEV_007,PREEXISTING_414_SOURCE_REVIEW,PROJECT,1,2,TG10_STEM_L2,0.0
V4PRE_PAIR_034,MLV2_DEV_007,PREEXISTING_414_SOURCE_REVIEW,PROJECT,1,2,TG10_STEM_L2,0.0
V4PRE_PAIR_043,MLV2_DEV_041,PREEXISTING_414_SOURCE_REVIEW,PROJECT,1,2,TG10_STEM_L2,0.0
V4EXP_PAIR_001,NEWDEV2_005,V4_TARGET_EXPANSION_2026-08-16,COMPETITIVE,1,2,TG10_STEM_L2,0.0
V4EXP_PAIR_017,NEWDEV2_060,V4_TARGET_EXPANSION_2026-08-16,COMPETITIVE,1,2,TG10_STEM_L2,0.0
V4EXP_PAIR_018,NEWDEV2_065,V4_TARGET_EXPANSION_2026-08-16,COMPETITIVE,1,2,TG10_STEM_L2,0.0
V4EXP_PAIR_019,NEWDEV2_065,V4_TARGET_EXPANSION_2026-08-16,COMPETITIVE,1,2,TG10_STEM_L2,0.0
V4EXP_PAIR_021,NEWDEV2_092,V4_TARGET_EXPANSION_2026-08-16,COMPETITIVE,1,2,TG10_STEM_L2,0.0
V4EXP_PAIR_024,NEWDEV2_029,V4_TARGET_EXPANSION_2026-08-16,COMPETITIVE,1,2,TG10_STEM_L2,0.0
V4EXP_PAIR_027,MLV2_DEV_007,V4_TARGET_EXPANSION_2026-08-16,PROJECT,1,2,TG10_STEM_L2,1.0
V4EXP_PAIR_036,NEWDEV2_100,V4_TARGET_EXPANSION_2026-08-16,PROJECT,1,2,TG10_STEM_L2,1.0
V4EXP_PAIR_037,MLV2_DEV_028,V4_TARGET_EXPANSION_2026-08-16,PROJECT,1,2,TG10_STEM_L2,1.0
V4EXP_PAIR_046,NEWDEV2_005,V4_TARGET_EXPANSION_2026-08-16,STATUS,1,2,TG10_STEM_L2,0.0
V4PRE_PAIR_007,NEWDEV2_028,PREEXISTING_414_SOURCE_REVIEW,COMPETITIVE,1,2,TG10_STEM_BRANCH_L2,1.0
V4PRE_PAIR_008,NEWDEV2_029,PREEXISTING_414_SOURCE_REVIEW,COMPETITIVE,1,2,TG10_STEM_BRANCH_L2,0.0
V4PRE_PAIR_011,NEWDEV2_039,PREEXISTING_414_SOURCE_REVIEW,STATUS,1,2,TG10_STEM_BRANCH_L2,1.0
V4PRE_PAIR_016,NEWDEV2_065,PREEXISTING_414_SOURCE_REVIEW,COMPETITIVE,1,2,TG10_STEM_BRANCH_L2,1.0
V4PRE_PAIR_020,NEWDEV2_070,PREEXISTING_414_SOURCE_REVIEW,PROJECT,1,2,TG10_STEM_BRANCH_L2,0.0
V4PRE_PAIR_026,NEWDEV2_082,PREEXISTING_414_SOURCE_REVIEW,STATUS,1,2,TG10_STEM_BRANCH_L2,1.0
V4PRE_PAIR_029,NEWDEV2_091,PREEXISTING_414_SOURCE_REVIEW,PROJECT,1,2,TG10_STEM_BRANCH_L2,1.0
V4PRE_PAIR_033,MLV2_DEV_007,PREEXISTING_414_SOURCE_REVIEW,PROJECT,1,2,TG10_STEM_BRANCH_L2,0.0
V4PRE_PAIR_034,MLV2_DEV_007,PREEXISTING_414_SOURCE_REVIEW,PROJECT,1,2,TG10_STEM_BRANCH_L2,0.0
V4PRE_PAIR_043,MLV2_DEV_041,PREEXISTING_414_SOURCE_REVIEW,PROJECT,1,2,TG10_STEM_BRANCH_L2,0.0
V4EXP_PAIR_001,NEWDEV2_005,V4_TARGET_EXPANSION_2026-08-16,COMPETITIVE,1,2,TG10_STEM_BRANCH_L2,0.0
V4EXP_PAIR_017,NEWDEV2_060,V4_TARGET_EXPANSION_2026-08-16,COMPETITIVE,1,2,TG10_STEM_BRANCH_L2,0.0
V4EXP_PAIR_018,NEWDEV2_065,V4_TARGET_EXPANSION_2026-08-16,COMPETITIVE,1,2,TG10_STEM_BRANCH_L2,0.0
V4EXP_PAIR_019,NEWDEV2_065,V4_TARGET_EXPANSION_2026-08-16,COMPETITIVE,1,2,TG10_STEM_BRANCH_L2,0.0
V4EXP_PAIR_021,NEWDEV2_092,V4_TARGET_EXPANSION_2026-08-16,COMPETITIVE,1,2,TG10_STEM_BRANCH_L2,0.0
V4EXP_PAIR_024,NEWDEV2_029,V4_TARGET_EXPANSION_2026-08-16,COMPETITIVE,1,2,TG10_STEM_BRANCH_L2,0.0
V4EXP_PAIR_027,MLV2_DEV_007,V4_TARGET_EXPANSION_2026-08-16,PROJECT,1,2,TG10_STEM_BRANCH_L2,1.0
V4EXP_PAIR_036,NEWDEV2_100,V4_TARGET_EXPANSION_2026-08-16,PROJECT,1,2,TG10_STEM_BRANCH_L2,1.0
V4EXP_PAIR_037,MLV2_DEV_028,V4_TARGET_EXPANSION_2026-08-16,PROJECT,1,2,TG10_STEM_BRANCH_L2,1.0
V4EXP_PAIR_046,NEWDEV2_005,V4_TARGET_EXPANSION_2026-08-16,STATUS,1,2,TG10_STEM_BRANCH_L2,0.0
V4PRE_PAIR_007,NEWDEV2_028,PREEXISTING_414_SOURCE_REVIEW,COMPETITIVE,1,2,TG10_SB_STRENGTH_L2,1.0
V4PRE_PAIR_008,NEWDEV2_029,PREEXISTING_414_SOURCE_REVIEW,COMPETITIVE,1,2,TG10_SB_STRENGTH_L2,0.0
V4PRE_PAIR_011,NEWDEV2_039,PREEXISTING_414_SOURCE_REVIEW,STATUS,1,2,TG10_SB_STRENGTH_L2,1.0
V4PRE_PAIR_016,NEWDEV2_065,PREEXISTING_414_SOURCE_REVIEW,COMPETITIVE,1,2,TG10_SB_STRENGTH_L2,1.0
V4PRE_PAIR_020,NEWDEV2_070,PREEXISTING_414_SOURCE_REVIEW,PROJECT,1,2,TG10_SB_STRENGTH_L2,0.0
V4PRE_PAIR_026,NEWDEV2_082,PREEXISTING_414_SOURCE_REVIEW,STATUS,1,2,TG10_SB_STRENGTH_L2,1.0
V4PRE_PAIR_029,NEWDEV2_091,PREEXISTING_414_SOURCE_REVIEW,PROJECT,1,2,TG10_SB_STRENGTH_L2,1.0
V4PRE_PAIR_033,MLV2_DEV_007,PREEXISTING_414_SOURCE_REVIEW,PROJECT,1,2,TG10_SB_STRENGTH_L2,0.0
V4PRE_PAIR_034,MLV2_DEV_007,PREEXISTING_414_SOURCE_REVIEW,PROJECT,1,2,TG10_SB_STRENGTH_L2,0.0
V4PRE_PAIR_043,MLV2_DEV_041,PREEXISTING_414_SOURCE_REVIEW,PROJECT,1,2,TG10_SB_STRENGTH_L2,0.0
V4EXP_PAIR_001,NEWDEV2_005,V4_TARGET_EXPANSION_2026-08-16,COMPETITIVE,1,2,TG10_SB_STRENGTH_L2,0.0
V4EXP_PAIR_017,NEWDEV2_060,V4_TARGET_EXPANSION_2026-08-16,COMPETITIVE,1,2,TG10_SB_STRENGTH_L2,0.0
V4EXP_PAIR_018,NEWDEV2_065,V4_TARGET_EXPANSION_2026-08-16,COMPETITIVE,1,2,TG10_SB_STRENGTH_L2,1.0
V4EXP_PAIR_019,NEWDEV2_065,V4_TARGET_EXPANSION_2026-08-16,COMPETITIVE,1,2,TG10_SB_STRENGTH_L2,0.0
V4EXP_PAIR_021,NEWDEV2_092,V4_TARGET_EXPANSION_2026-08-16,COMPETITIVE,1,2,TG10_SB_STRENGTH_L2,0.0
V4EXP_PAIR_024,NEWDEV2_029,V4_TARGET_EXPANSION_2026-08-16,COMPETITIVE,1,2,TG10_SB_STRENGTH_L2,0.0
V4EXP_PAIR_027,MLV2_DEV_007,V4_TARGET_EXPANSION_2026-08-16,PROJECT,1,2,TG10_SB_STRENGTH_L2,0.0
V4EXP_PAIR_036,NEWDEV2_100,V4_TARGET_EXPANSION_2026-08-16,PROJECT,1,2,TG10_SB_STRENGTH_L2,1.0
V4EXP_PAIR_037,MLV2_DEV_028,V4_TARGET_EXPANSION_2026-08-16,PROJECT,1,2,TG10_SB_STRENGTH_L2,1.0
V4EXP_PAIR_046,NEWDEV2_005,V4_TARGET_EXPANSION_2026-08-16,STATUS,1,2,TG10_SB_STRENGTH_L2,0.0
V4PRE_PAIR_007,NEWDEV2_028,PREEXISTING_414_SOURCE_REVIEW,COMPETITIVE,1,2,TG10_SB_RELATIONS_L2,1.0
V4PRE_PAIR_008,NEWDEV2_029,PREEXISTING_414_SOURCE_REVIEW,COMPETITIVE,1,2,TG10_SB_RELATIONS_L2,0.0
V4PRE_PAIR_011,NEWDEV2_039,PREEXISTING_414_SOURCE_REVIEW,STATUS,1,2,TG10_SB_RELATIONS_L2,1.0
V4PRE_PAIR_016,NEWDEV2_065,PREEXISTING_414_SOURCE_REVIEW,COMPETITIVE,1,2,TG10_SB_RELATIONS_L2,1.0
V4PRE_PAIR_020,NEWDEV2_070,PREEXISTING_414_SOURCE_REVIEW,PROJECT,1,2,TG10_SB_RELATIONS_L2,0.0
V4PRE_PAIR_026,NEWDEV2_082,PREEXISTING_414_SOURCE_REVIEW,STATUS,1,2,TG10_SB_RELATIONS_L2,1.0
V4PRE_PAIR_029,NEWDEV2_091,PREEXISTING_414_SOURCE_REVIEW,PROJECT,1,2,TG10_SB_RELATIONS_L2,1.0
V4PRE_PAIR_033,MLV2_DEV_007,PREEXISTING_414_SOURCE_REVIEW,PROJECT,1,2,TG10_SB_RELATIONS_L2,0.0
V4PRE_PAIR_034,MLV2_DEV_007,PREEXISTING_414_SOURCE_REVIEW,PROJECT,1,2,TG10_SB_RELATIONS_L2,0.0
V4PRE_PAIR_043,MLV2_DEV_041,PREEXISTING_414_SOURCE_REVIEW,PROJECT,1,2,TG10_SB_RELATIONS_L2,0.0
V4EXP_PAIR_001,NEWDEV2_005,V4_TARGET_EXPANSION_2026-08-16,COMPETITIVE,1,2,TG10_SB_RELATIONS_L2,0.0
V4EXP_PAIR_017,NEWDEV2_060,V4_TARGET_EXPANSION_2026-08-16,COMPETITIVE,1,2,TG10_SB_RELATIONS_L2,0.0
V4EXP_PAIR_018,NEWDEV2_065,V4_TARGET_EXPANSION_2026-08-16,COMPETITIVE,1,2,TG10_SB_RELATIONS_L2,1.0
V4EXP_PAIR_019,NEWDEV2_065,V4_TARGET_EXPANSION_2026-08-16,COMPETITIVE,1,2,TG10_SB_RELATIONS_L2,0.0
V4EXP_PAIR_021,NEWDEV2_092,V4_TARGET_EXPANSION_2026-08-16,COMPETITIVE,1,2,TG10_SB_RELATIONS_L2,0.0
V4EXP_PAIR_024,NEWDEV2_029,V4_TARGET_EXPANSION_2026-08-16,COMPETITIVE,1,2,TG10_SB_RELATIONS_L2,0.0
V4EXP_PAIR_027,MLV2_DEV_007,V4_TARGET_EXPANSION_2026-08-16,PROJECT,1,2,TG10_SB_RELATIONS_L2,1.0
V4EXP_PAIR_036,NEWDEV2_100,V4_TARGET_EXPANSION_2026-08-16,PROJECT,1,2,TG10_SB_RELATIONS_L2,1.0
V4EXP_PAIR_037,MLV2_DEV_028,V4_TARGET_EXPANSION_2026-08-16,PROJECT,1,2,TG10_SB_RELATIONS_L2,1.0
V4EXP_PAIR_046,NEWDEV2_005,V4_TARGET_EXPANSION_2026-08-16,STATUS,1,2,TG10_SB_RELATIONS_L2,0.0
V4PRE_PAIR_007,NEWDEV2_028,PREEXISTING_414_SOURCE_REVIEW,COMPETITIVE,1,2,ALL_L2,1.0
V4PRE_PAIR_008,NEWDEV2_029,PREEXISTING_414_SOURCE_REVIEW,COMPETITIVE,1,2,ALL_L2,0.0
V4PRE_PAIR_011,NEWDEV2_039,PREEXISTING_414_SOURCE_REVIEW,STATUS,1,2,ALL_L2,1.0
V4PRE_PAIR_016,NEWDEV2_065,PREEXISTING_414_SOURCE_REVIEW,COMPETITIVE,1,2,ALL_L2,1.0
V4PRE_PAIR_020,NEWDEV2_070,PREEXISTING_414_SOURCE_REVIEW,PROJECT,1,2,ALL_L2,0.0
V4PRE_PAIR_026,NEWDEV2_082,PREEXISTING_414_SOURCE_REVIEW,STATUS,1,2,ALL_L2,1.0
V4PRE_PAIR_029,NEWDEV2_091,PREEXISTING_414_SOURCE_REVIEW,PROJECT,1,2,ALL_L2,0.0
V4PRE_PAIR_033,MLV2_DEV_007,PREEXISTING_414_SOURCE_REVIEW,PROJECT,1,2,ALL_L2,0.0
V4PRE_PAIR_034,MLV2_DEV_007,PREEXISTING_414_SOURCE_REVIEW,PROJECT,1,2,ALL_L2,0.0
V4PRE_PAIR_043,MLV2_DEV_041,PREEXISTING_414_SOURCE_REVIEW,PROJECT,1,2,ALL_L2,0.0
V4EXP_PAIR_001,NEWDEV2_005,V4_TARGET_EXPANSION_2026-08-16,COMPETITIVE,1,2,ALL_L2,0.0
V4EXP_PAIR_017,NEWDEV2_060,V4_TARGET_EXPANSION_2026-08-16,COMPETITIVE,1,2,ALL_L2,0.0
V4EXP_PAIR_018,NEWDEV2_065,V4_TARGET_EXPANSION_2026-08-16,COMPETITIVE,1,2,ALL_L2,0.0
V4EXP_PAIR_019,NEWDEV2_065,V4_TARGET_EXPANSION_2026-08-16,COMPETITIVE,1,2,ALL_L2,1.0
V4EXP_PAIR_021,NEWDEV2_092,V4_TARGET_EXPANSION_2026-08-16,COMPETITIVE,1,2,ALL_L2,1.0
V4EXP_PAIR_024,NEWDEV2_029,V4_TARGET_EXPANSION_2026-08-16,COMPETITIVE,1,2,ALL_L2,0.0
V4EXP_PAIR_027,MLV2_DEV_007,V4_TARGET_EXPANSION_2026-08-16,PROJECT,1,2,ALL_L2,0.0
V4EXP_PAIR_036,NEWDEV2_100,V4_TARGET_EXPANSION_2026-08-16,PROJECT,1,2,ALL_L2,1.0
V4EXP_PAIR_037,MLV2_DEV_028,V4_TARGET_EXPANSION_2026-08-16,PROJECT,1,2,ALL_L2,1.0
V4EXP_PAIR_046,NEWDEV2_005,V4_TARGET_EXPANSION_2026-08-16,STATUS,1,2,ALL_L2,0.0
V4PRE_PAIR_007,NEWDEV2_028,PREEXISTING_414_SOURCE_REVIEW,COMPETITIVE,1,2,NUISANCE_AGE_AXIS,1.0
V4PRE_PAIR_008,NEWDEV2_029,PREEXISTING_414_SOURCE_REVIEW,COMPETITIVE,1,2,NUISANCE_AGE_AXIS,1.0
V4PRE_PAIR_011,NEWDEV2_039,PREEXISTING_414_SOURCE_REVIEW,STATUS,1,2,NUISANCE_AGE_AXIS,1.0
V4PRE_PAIR_016,NEWDEV2_065,PREEXISTING_414_SOURCE_REVIEW,COMPETITIVE,1,2,NUISANCE_AGE_AXIS,1.0
V4PRE_PAIR_020,NEWDEV2_070,PREEXISTING_414_SOURCE_REVIEW,PROJECT,1,2,NUISANCE_AGE_AXIS,1.0
V4PRE_PAIR_026,NEWDEV2_082,PREEXISTING_414_SOURCE_REVIEW,STATUS,1,2,NUISANCE_AGE_AXIS,0.0
V4PRE_PAIR_029,NEWDEV2_091,PREEXISTING_414_SOURCE_REVIEW,PROJECT,1,2,NUISANCE_AGE_AXIS,1.0
V4PRE_PAIR_033,MLV2_DEV_007,PREEXISTING_414_SOURCE_REVIEW,PROJECT,1,2,NUISANCE_AGE_AXIS,1.0
V4PRE_PAIR_034,MLV2_DEV_007,PREEXISTING_414_SOURCE_REVIEW,PROJECT,1,2,NUISANCE_AGE_AXIS,0.0
V4PRE_PAIR_043,MLV2_DEV_041,PREEXISTING_414_SOURCE_REVIEW,PROJECT,1,2,NUISANCE_AGE_AXIS,0.0
V4EXP_PAIR_001,NEWDEV2_005,V4_TARGET_EXPANSION_2026-08-16,COMPETITIVE,1,2,NUISANCE_AGE_AXIS,0.0
V4EXP_PAIR_017,NEWDEV2_060,V4_TARGET_EXPANSION_2026-08-16,COMPETITIVE,1,2,NUISANCE_AGE_AXIS,0.0
V4EXP_PAIR_018,NEWDEV2_065,V4_TARGET_EXPANSION_2026-08-16,COMPETITIVE,1,2,NUISANCE_AGE_AXIS,0.0
V4EXP_PAIR_019,NEWDEV2_065,V4_TARGET_EXPANSION_2026-08-16,COMPETITIVE,1,2,NUISANCE_AGE_AXIS,0.0
V4EXP_PAIR_021,NEWDEV2_092,V4_TARGET_EXPANSION_2026-08-16,COMPETITIVE,1,2,NUISANCE_AGE_AXIS,0.0
V4EXP_PAIR_024,NEWDEV2_029,V4_TARGET_EXPANSION_2026-08-16,COMPETITIVE,1,2,NUISANCE_AGE_AXIS,0.0
V4EXP_PAIR_027,MLV2_DEV_007,V4_TARGET_EXPANSION_2026-08-16,PROJECT,1,2,NUISANCE_AGE_AXIS,1.0
V4EXP_PAIR_036,NEWDEV2_100,V4_TARGET_EXPANSION_2026-08-16,PROJECT,1,2,NUISANCE_AGE_AXIS,1.0
V4EXP_PAIR_037,MLV2_DEV_028,V4_TARGET_EXPANSION_2026-08-16,PROJECT,1,2,NUISANCE_AGE_AXIS,1.0
V4EXP_PAIR_046,NEWDEV2_005,V4_TARGET_EXPANSION_2026-08-16,STATUS,1,2,NUISANCE_AGE_AXIS,1.0
V4PRE_PAIR_007,NEWDEV2_028,PREEXISTING_414_SOURCE_REVIEW,COMPETITIVE,1,2,NUISANCE_WITH_ORIGIN_DIAGNOSTIC,1.0
V4PRE_PAIR_008,NEWDEV2_029,PREEXISTING_414_SOURCE_REVIEW,COMPETITIVE,1,2,NUISANCE_WITH_ORIGIN_DIAGNOSTIC,1.0
V4PRE_PAIR_011,NEWDEV2_039,PREEXISTING_414_SOURCE_REVIEW,STATUS,1,2,NUISANCE_WITH_ORIGIN_DIAGNOSTIC,1.0
V4PRE_PAIR_016,NEWDEV2_065,PREEXISTING_414_SOURCE_REVIEW,COMPETITIVE,1,2,NUISANCE_WITH_ORIGIN_DIAGNOSTIC,1.0
V4PRE_PAIR_020,NEWDEV2_070,PREEXISTING_414_SOURCE_REVIEW,PROJECT,1,2,NUISANCE_WITH_ORIGIN_DIAGNOSTIC,1.0
V4PRE_PAIR_026,NEWDEV2_082,PREEXISTING_414_SOURCE_REVIEW,STATUS,1,2,NUISANCE_WITH_ORIGIN_DIAGNOSTIC,1.0
V4PRE_PAIR_029,NEWDEV2_091,PREEXISTING_414_SOURCE_REVIEW,PROJECT,1,2,NUISANCE_WITH_ORIGIN_DIAGNOSTIC,1.0
V4PRE_PAIR_033,MLV2_DEV_007,PREEXISTING_414_SOURCE_REVIEW,PROJECT,1,2,NUISANCE_WITH_ORIGIN_DIAGNOSTIC,1.0
V4PRE_PAIR_034,MLV2_DEV_007,PREEXISTING_414_SOURCE_REVIEW,PROJECT,1,2,NUISANCE_WITH_ORIGIN_DIAGNOSTIC,1.0
V4PRE_PAIR_043,MLV2_DEV_041,PREEXISTING_414_SOURCE_REVIEW,PROJECT,1,2,NUISANCE_WITH_ORIGIN_DIAGNOSTIC,1.0
V4EXP_PAIR_001,NEWDEV2_005,V4_TARGET_EXPANSION_2026-08-16,COMPETITIVE,1,2,NUISANCE_WITH_ORIGIN_DIAGNOSTIC,1.0
V4EXP_PAIR_017,NEWDEV2_060,V4_TARGET_EXPANSION_2026-08-16,COMPETITIVE,1,2,NUISANCE_WITH_ORIGIN_DIAGNOSTIC,1.0
V4EXP_PAIR_018,NEWDEV2_065,V4_TARGET_EXPANSION_2026-08-16,COMPETITIVE,1,2,NUISANCE_WITH_ORIGIN_DIAGNOSTIC,1.0
V4EXP_PAIR_019,NEWDEV2_065,V4_TARGET_EXPANSION_2026-08-16,COMPETITIVE,1,2,NUISANCE_WITH_ORIGIN_DIAGNOSTIC,1.0
V4EXP_PAIR_021,NEWDEV2_092,V4_TARGET_EXPANSION_2026-08-16,COMPETITIVE,1,2,NUISANCE_WITH_ORIGIN_DIAGNOSTIC,1.0
V4EXP_PAIR_024,NEWDEV2_029,V4_TARGET_EXPANSION_2026-08-16,COMPETITIVE,1,2,NUISANCE_WITH_ORIGIN_DIAGNOSTIC,1.0
V4EXP_PAIR_027,MLV2_DEV_007,V4_TARGET_EXPANSION_2026-08-16,PROJECT,1,2,NUISANCE_WITH_ORIGIN_DIAGNOSTIC,1.0
V4EXP_PAIR_036,NEWDEV2_100,V4_TARGET_EXPANSION_2026-08-16,PROJECT,1,2,NUISANCE_WITH_ORIGIN_DIAGNOSTIC,1.0
V4EXP_PAIR_037,MLV2_DEV_028,V4_TARGET_EXPANSION_2026-08-16,PROJECT,1,2,NUISANCE_WITH_ORIGIN_DIAGNOSTIC,1.0
V4EXP_PAIR_046,NEWDEV2_005,V4_TARGET_EXPANSION_2026-08-16,STATUS,1,2,NUISANCE_WITH_ORIGIN_DIAGNOSTIC,1.0
V4PRE_PAIR_007,NEWDEV2_028,PREEXISTING_414_SOURCE_REVIEW,COMPETITIVE,1,2,ALL_ELASTICNET_AUTO,1.0
V4PRE_PAIR_008,NEWDEV2_029,PREEXISTING_414_SOURCE_REVIEW,COMPETITIVE,1,2,ALL_ELASTICNET_AUTO,1.0
V4PRE_PAIR_011,NEWDEV2_039,PREEXISTING_414_SOURCE_REVIEW,STATUS,1,2,ALL_ELASTICNET_AUTO,1.0
V4PRE_PAIR_016,NEWDEV2_065,PREEXISTING_414_SOURCE_REVIEW,COMPETITIVE,1,2,ALL_ELASTICNET_AUTO,1.0
V4PRE_PAIR_020,NEWDEV2_070,PREEXISTING_414_SOURCE_REVIEW,PROJECT,1,2,ALL_ELASTICNET_AUTO,1.0
V4PRE_PAIR_026,NEWDEV2_082,PREEXISTING_414_SOURCE_REVIEW,STATUS,1,2,ALL_ELASTICNET_AUTO,1.0
V4PRE_PAIR_029,NEWDEV2_091,PREEXISTING_414_SOURCE_REVIEW,PROJECT,1,2,ALL_ELASTICNET_AUTO,1.0
V4PRE_PAIR_033,MLV2_DEV_007,PREEXISTING_414_SOURCE_REVIEW,PROJECT,1,2,ALL_ELASTICNET_AUTO,1.0
V4PRE_PAIR_034,MLV2_DEV_007,PREEXISTING_414_SOURCE_REVIEW,PROJECT,1,2,ALL_ELASTICNET_AUTO,1.0
V4PRE_PAIR_043,MLV2_DEV_041,PREEXISTING_414_SOURCE_REVIEW,PROJECT,1,2,ALL_ELASTICNET_AUTO,1.0
V4EXP_PAIR_001,NEWDEV2_005,V4_TARGET_EXPANSION_2026-08-16,COMPETITIVE,1,2,ALL_ELASTICNET_AUTO,1.0
V4EXP_PAIR_017,NEWDEV2_060,V4_TARGET_EXPANSION_2026-08-16,COMPETITIVE,1,2,ALL_ELASTICNET_AUTO,1.0
V4EXP_PAIR_018,NEWDEV2_065,V4_TARGET_EXPANSION_2026-08-16,COMPETITIVE,1,2,ALL_ELASTICNET_AUTO,1.0
V4EXP_PAIR_019,NEWDEV2_065,V4_TARGET_EXPANSION_2026-08-16,COMPETITIVE,1,2,ALL_ELASTICNET_AUTO,1.0
V4EXP_PAIR_021,NEWDEV2_092,V4_TARGET_EXPANSION_2026-08-16,COMPETITIVE,1,2,ALL_ELASTICNET_AUTO,1.0
V4EXP_PAIR_024,NEWDEV2_029,V4_TARGET_EXPANSION_2026-08-16,COMPETITIVE,1,2,ALL_ELASTICNET_AUTO,1.0
V4EXP_PAIR_027,MLV2_DEV_007,V4_TARGET_EXPANSION_2026-08-16,PROJECT,1,2,ALL_ELASTICNET_AUTO,1.0
V4EXP_PAIR_036,NEWDEV2_100,V4_TARGET_EXPANSION_2026-08-16,PROJECT,1,2,ALL_ELASTICNET_AUTO,1.0
V4EXP_PAIR_037,MLV2_DEV_028,V4_TARGET_EXPANSION_2026-08-16,PROJECT,1,2,ALL_ELASTICNET_AUTO,1.0
V4EXP_PAIR_046,NEWDEV2_005,V4_TARGET_EXPANSION_2026-08-16,STATUS,1,2,ALL_ELASTICNET_AUTO,1.0
V4PRE_PAIR_007,NEWDEV2_028,PREEXISTING_414_SOURCE_REVIEW,COMPETITIVE,1,2,HGB_ALL_EXPLORATORY,0.0
V4PRE_PAIR_008,NEWDEV2_029,PREEXISTING_414_SOURCE_REVIEW,COMPETITIVE,1,2,HGB_ALL_EXPLORATORY,0.0
V4PRE_PAIR_011,NEWDEV2_039,PREEXISTING_414_SOURCE_REVIEW,STATUS,1,2,HGB_ALL_EXPLORATORY,1.0
V4PRE_PAIR_016,NEWDEV2_065,PREEXISTING_414_SOURCE_REVIEW,COMPETITIVE,1,2,HGB_ALL_EXPLORATORY,0.0
V4PRE_PAIR_020,NEWDEV2_070,PREEXISTING_414_SOURCE_REVIEW,PROJECT,1,2,HGB_ALL_EXPLORATORY,0.0
V4PRE_PAIR_026,NEWDEV2_082,PREEXISTING_414_SOURCE_REVIEW,STATUS,1,2,HGB_ALL_EXPLORATORY,1.0
V4PRE_PAIR_029,NEWDEV2_091,PREEXISTING_414_SOURCE_REVIEW,PROJECT,1,2,HGB_ALL_EXPLORATORY,1.0
V4PRE_PAIR_033,MLV2_DEV_007,PREEXISTING_414_SOURCE_REVIEW,PROJECT,1,2,HGB_ALL_EXPLORATORY,0.0
V4PRE_PAIR_034,MLV2_DEV_007,PREEXISTING_414_SOURCE_REVIEW,PROJECT,1,2,HGB_ALL_EXPLORATORY,0.0
V4PRE_PAIR_043,MLV2_DEV_041,PREEXISTING_414_SOURCE_REVIEW,PROJECT,1,2,HGB_ALL_EXPLORATORY,0.0
V4EXP_PAIR_001,NEWDEV2_005,V4_TARGET_EXPANSION_2026-08-16,COMPETITIVE,1,2,HGB_ALL_EXPLORATORY,1.0
V4EXP_PAIR_017,NEWDEV2_060,V4_TARGET_EXPANSION_2026-08-16,COMPETITIVE,1,2,HGB_ALL_EXPLORATORY,0.0
V4EXP_PAIR_018,NEWDEV2_065,V4_TARGET_EXPANSION_2026-08-16,COMPETITIVE,1,2,HGB_ALL_EXPLORATORY,0.0
V4EXP_PAIR_019,NEWDEV2_065,V4_TARGET_EXPANSION_2026-08-16,COMPETITIVE,1,2,HGB_ALL_EXPLORATORY,1.0
V4EXP_PAIR_021,NEWDEV2_092,V4_TARGET_EXPANSION_2026-08-16,COMPETITIVE,1,2,HGB_ALL_EXPLORATORY,1.0
V4EXP_PAIR_024,NEWDEV2_029,V4_TARGET_EXPANSION_2026-08-16,COMPETITIVE,1,2,HGB_ALL_EXPLORATORY,1.0
V4EXP_PAIR_027,MLV2_DEV_007,V4_TARGET_EXPANSION_2026-08-16,PROJECT,1,2,HGB_ALL_EXPLORATORY,1.0
V4EXP_PAIR_036,NEWDEV2_100,V4_TARGET_EXPANSION_2026-08-16,PROJECT,1,2,HGB_ALL_EXPLORATORY,1.0
V4EXP_PAIR_037,MLV2_DEV_028,V4_TARGET_EXPANSION_2026-08-16,PROJECT,1,2,HGB_ALL_EXPLORATORY,1.0
V4EXP_PAIR_046,NEWDEV2_005,V4_TARGET_EXPANSION_2026-08-16,STATUS,1,2,HGB_ALL_EXPLORATORY,0.0
V4PRE_PAIR_002,NEWDEV2_010,PREEXISTING_414_SOURCE_REVIEW,COMPETITIVE,1,3,AGE_YOUNGER_FIXED,0.0
V4PRE_PAIR_004,NEWDEV2_016,PREEXISTING_414_SOURCE_REVIEW,COMPETITIVE,1,3,AGE_YOUNGER_FIXED,0.0
V4PRE_PAIR_005,NEWDEV2_019,PREEXISTING_414_SOURCE_REVIEW,PROJECT,1,3,AGE_YOUNGER_FIXED,1.0
V4PRE_PAIR_014,NEWDEV2_053,PREEXISTING_414_SOURCE_REVIEW,COMPETITIVE,1,3,AGE_YOUNGER_FIXED,0.0
V4PRE_PAIR_017,NEWDEV2_066,PREEXISTING_414_SOURCE_REVIEW,STATUS,1,3,AGE_YOUNGER_FIXED,1.0
V4PRE_PAIR_032,MLV2_DEV_005,PREEXISTING_414_SOURCE_REVIEW,PROJECT,1,3,AGE_YOUNGER_FIXED,1.0
V4PRE_PAIR_044,MLV2_DEV_043,PREEXISTING_414_SOURCE_REVIEW,COMPETITIVE,1,3,AGE_YOUNGER_FIXED,1.0
V4PRE_PAIR_045,MLV2_DEV_043,PREEXISTING_414_SOURCE_REVIEW,COMPETITIVE,1,3,AGE_YOUNGER_FIXED,1.0
V4PRE_PAIR_047,MLV2_DEV_054,PREEXISTING_414_SOURCE_REVIEW,RECOGNITION,1,3,AGE_YOUNGER_FIXED,1.0
V4EXP_PAIR_004,NEWDEV2_042,V4_TARGET_EXPANSION_2026-08-16,COMPETITIVE,1,3,AGE_YOUNGER_FIXED,0.0
V4EXP_PAIR_005,NEWDEV2_042,V4_TARGET_EXPANSION_2026-08-16,COMPETITIVE,1,3,AGE_YOUNGER_FIXED,0.0
V4EXP_PAIR_025,MLV2_DEV_043,V4_TARGET_EXPANSION_2026-08-16,COMPETITIVE,1,3,AGE_YOUNGER_FIXED,0.0
V4EXP_PAIR_026,MLV2_DEV_005,V4_TARGET_EXPANSION_2026-08-16,PROJECT,1,3,AGE_YOUNGER_FIXED,0.0
V4EXP_PAIR_030,NEWDEV2_002,V4_TARGET_EXPANSION_2026-08-16,PROJECT,1,3,AGE_YOUNGER_FIXED,0.0
V4EXP_PAIR_031,NEWDEV2_054,V4_TARGET_EXPANSION_2026-08-16,PROJECT,1,3,AGE_YOUNGER_FIXED,0.0
V4EXP_PAIR_032,MLV2_DEV_040,V4_TARGET_EXPANSION_2026-08-16,PROJECT,1,3,AGE_YOUNGER_FIXED,0.0
V4EXP_PAIR_040,MLV2_DEV_054,V4_TARGET_EXPANSION_2026-08-16,PROJECT,1,3,AGE_YOUNGER_FIXED,0.0
V4EXP_PAIR_043,MLV2_DEV_001,V4_TARGET_EXPANSION_2026-08-16,PROJECT,1,3,AGE_YOUNGER_FIXED,0.0
V4EXP_PAIR_048,NEWDEV2_066,V4_TARGET_EXPANSION_2026-08-16,STATUS,1,3,AGE_YOUNGER_FIXED,0.0
V4EXP_PAIR_051,NEWDEV2_066,V4_TARGET_EXPANSION_2026-08-16,STATUS,1,3,AGE_YOUNGER_FIXED,0.0
V4PRE_PAIR_002,NEWDEV2_010,PREEXISTING_414_SOURCE_REVIEW,COMPETITIVE,1,3,AGE_LATER_FIXED,1.0
V4PRE_PAIR_004,NEWDEV2_016,PREEXISTING_414_SOURCE_REVIEW,COMPETITIVE,1,3,AGE_LATER_FIXED,1.0
V4PRE_PAIR_005,NEWDEV2_019,PREEXISTING_414_SOURCE_REVIEW,PROJECT,1,3,AGE_LATER_FIXED,0.0
V4PRE_PAIR_014,NEWDEV2_053,PREEXISTING_414_SOURCE_REVIEW,COMPETITIVE,1,3,AGE_LATER_FIXED,1.0
V4PRE_PAIR_017,NEWDEV2_066,PREEXISTING_414_SOURCE_REVIEW,STATUS,1,3,AGE_LATER_FIXED,0.0
V4PRE_PAIR_032,MLV2_DEV_005,PREEXISTING_414_SOURCE_REVIEW,PROJECT,1,3,AGE_LATER_FIXED,0.0
V4PRE_PAIR_044,MLV2_DEV_043,PREEXISTING_414_SOURCE_REVIEW,COMPETITIVE,1,3,AGE_LATER_FIXED,0.0
V4PRE_PAIR_045,MLV2_DEV_043,PREEXISTING_414_SOURCE_REVIEW,COMPETITIVE,1,3,AGE_LATER_FIXED,0.0
V4PRE_PAIR_047,MLV2_DEV_054,PREEXISTING_414_SOURCE_REVIEW,RECOGNITION,1,3,AGE_LATER_FIXED,0.0
V4EXP_PAIR_004,NEWDEV2_042,V4_TARGET_EXPANSION_2026-08-16,COMPETITIVE,1,3,AGE_LATER_FIXED,1.0
V4EXP_PAIR_005,NEWDEV2_042,V4_TARGET_EXPANSION_2026-08-16,COMPETITIVE,1,3,AGE_LATER_FIXED,1.0
V4EXP_PAIR_025,MLV2_DEV_043,V4_TARGET_EXPANSION_2026-08-16,COMPETITIVE,1,3,AGE_LATER_FIXED,1.0
V4EXP_PAIR_026,MLV2_DEV_005,V4_TARGET_EXPANSION_2026-08-16,PROJECT,1,3,AGE_LATER_FIXED,1.0
V4EXP_PAIR_030,NEWDEV2_002,V4_TARGET_EXPANSION_2026-08-16,PROJECT,1,3,AGE_LATER_FIXED,1.0
V4EXP_PAIR_031,NEWDEV2_054,V4_TARGET_EXPANSION_2026-08-16,PROJECT,1,3,AGE_LATER_FIXED,1.0
V4EXP_PAIR_032,MLV2_DEV_040,V4_TARGET_EXPANSION_2026-08-16,PROJECT,1,3,AGE_LATER_FIXED,1.0
V4EXP_PAIR_040,MLV2_DEV_054,V4_TARGET_EXPANSION_2026-08-16,PROJECT,1,3,AGE_LATER_FIXED,1.0
V4EXP_PAIR_043,MLV2_DEV_001,V4_TARGET_EXPANSION_2026-08-16,PROJECT,1,3,AGE_LATER_FIXED,1.0
V4EXP_PAIR_048,NEWDEV2_066,V4_TARGET_EXPANSION_2026-08-16,STATUS,1,3,AGE_LATER_FIXED,1.0
V4EXP_PAIR_051,NEWDEV2_066,V4_TARGET_EXPANSION_2026-08-16,STATUS,1,3,AGE_LATER_FIXED,1.0
V4PRE_PAIR_002,NEWDEV2_010,PREEXISTING_414_SOURCE_REVIEW,COMPETITIVE,1,3,CONTROL_FIXED,0.5
V4PRE_PAIR_004,NEWDEV2_016,PREEXISTING_414_SOURCE_REVIEW,COMPETITIVE,1,3,CONTROL_FIXED,0.0
V4PRE_PAIR_005,NEWDEV2_019,PREEXISTING_414_SOURCE_REVIEW,PROJECT,1,3,CONTROL_FIXED,1.0
V4PRE_PAIR_014,NEWDEV2_053,PREEXISTING_414_SOURCE_REVIEW,COMPETITIVE,1,3,CONTROL_FIXED,0.0
V4PRE_PAIR_017,NEWDEV2_066,PREEXISTING_414_SOURCE_REVIEW,STATUS,1,3,CONTROL_FIXED,0.0
V4PRE_PAIR_032,MLV2_DEV_005,PREEXISTING_414_SOURCE_REVIEW,PROJECT,1,3,CONTROL_FIXED,1.0
V4PRE_PAIR_044,MLV2_DEV_043,PREEXISTING_414_SOURCE_REVIEW,COMPETITIVE,1,3,CONTROL_FIXED,1.0
V4PRE_PAIR_045,MLV2_DEV_043,PREEXISTING_414_SOURCE_REVIEW,COMPETITIVE,1,3,CONTROL_FIXED,1.0
V4PRE_PAIR_047,MLV2_DEV_054,PREEXISTING_414_SOURCE_REVIEW,RECOGNITION,1,3,CONTROL_FIXED,1.0
V4EXP_PAIR_004,NEWDEV2_042,V4_TARGET_EXPANSION_2026-08-16,COMPETITIVE,1,3,CONTROL_FIXED,1.0
V4EXP_PAIR_005,NEWDEV2_042,V4_TARGET_EXPANSION_2026-08-16,COMPETITIVE,1,3,CONTROL_FIXED,1.0
V4EXP_PAIR_025,MLV2_DEV_043,V4_TARGET_EXPANSION_2026-08-16,COMPETITIVE,1,3,CONTROL_FIXED,1.0
V4EXP_PAIR_026,MLV2_DEV_005,V4_TARGET_EXPANSION_2026-08-16,PROJECT,1,3,CONTROL_FIXED,1.0
V4EXP_PAIR_030,NEWDEV2_002,V4_TARGET_EXPANSION_2026-08-16,PROJECT,1,3,CONTROL_FIXED,0.0
V4EXP_PAIR_031,NEWDEV2_054,V4_TARGET_EXPANSION_2026-08-16,PROJECT,1,3,CONTROL_FIXED,0.5
V4EXP_PAIR_032,MLV2_DEV_040,V4_TARGET_EXPANSION_2026-08-16,PROJECT,1,3,CONTROL_FIXED,0.0
V4EXP_PAIR_040,MLV2_DEV_054,V4_TARGET_EXPANSION_2026-08-16,PROJECT,1,3,CONTROL_FIXED,0.0
V4EXP_PAIR_043,MLV2_DEV_001,V4_TARGET_EXPANSION_2026-08-16,PROJECT,1,3,CONTROL_FIXED,0.0
V4EXP_PAIR_048,NEWDEV2_066,V4_TARGET_EXPANSION_2026-08-16,STATUS,1,3,CONTROL_FIXED,0.0
V4EXP_PAIR_051,NEWDEV2_066,V4_TARGET_EXPANSION_2026-08-16,STATUS,1,3,CONTROL_FIXED,0.0
V4PRE_PAIR_002,NEWDEV2_010,PREEXISTING_414_SOURCE_REVIEW,COMPETITIVE,1,3,TG5_GROUP_L2,0.0
V4PRE_PAIR_004,NEWDEV2_016,PREEXISTING_414_SOURCE_REVIEW,COMPETITIVE,1,3,TG5_GROUP_L2,1.0
V4PRE_PAIR_005,NEWDEV2_019,PREEXISTING_414_SOURCE_REVIEW,PROJECT,1,3,TG5_GROUP_L2,1.0
V4PRE_PAIR_014,NEWDEV2_053,PREEXISTING_414_SOURCE_REVIEW,COMPETITIVE,1,3,TG5_GROUP_L2,0.0
V4PRE_PAIR_017,NEWDEV2_066,PREEXISTING_414_SOURCE_REVIEW,STATUS,1,3,TG5_GROUP_L2,1.0
V4PRE_PAIR_032,MLV2_DEV_005,PREEXISTING_414_SOURCE_REVIEW,PROJECT,1,3,TG5_GROUP_L2,1.0
V4PRE_PAIR_044,MLV2_DEV_043,PREEXISTING_414_SOURCE_REVIEW,COMPETITIVE,1,3,TG5_GROUP_L2,0.0
V4PRE_PAIR_045,MLV2_DEV_043,PREEXISTING_414_SOURCE_REVIEW,COMPETITIVE,1,3,TG5_GROUP_L2,0.0
V4PRE_PAIR_047,MLV2_DEV_054,PREEXISTING_414_SOURCE_REVIEW,RECOGNITION,1,3,TG5_GROUP_L2,0.0
V4EXP_PAIR_004,NEWDEV2_042,V4_TARGET_EXPANSION_2026-08-16,COMPETITIVE,1,3,TG5_GROUP_L2,0.0
V4EXP_PAIR_005,NEWDEV2_042,V4_TARGET_EXPANSION_2026-08-16,COMPETITIVE,1,3,TG5_GROUP_L2,0.0
V4EXP_PAIR_025,MLV2_DEV_043,V4_TARGET_EXPANSION_2026-08-16,COMPETITIVE,1,3,TG5_GROUP_L2,1.0
V4EXP_PAIR_026,MLV2_DEV_005,V4_TARGET_EXPANSION_2026-08-16,PROJECT,1,3,TG5_GROUP_L2,0.5
V4EXP_PAIR_030,NEWDEV2_002,V4_TARGET_EXPANSION_2026-08-16,PROJECT,1,3,TG5_GROUP_L2,0.0
V4EXP_PAIR_031,NEWDEV2_054,V4_TARGET_EXPANSION_2026-08-16,PROJECT,1,3,TG5_GROUP_L2,0.0
V4EXP_PAIR_032,MLV2_DEV_040,V4_TARGET_EXPANSION_2026-08-16,PROJECT,1,3,TG5_GROUP_L2,0.0
V4EXP_PAIR_040,MLV2_DEV_054,V4_TARGET_EXPANSION_2026-08-16,PROJECT,1,3,TG5_GROUP_L2,0.0
V4EXP_PAIR_043,MLV2_DEV_001,V4_TARGET_EXPANSION_2026-08-16,PROJECT,1,3,TG5_GROUP_L2,0.0
V4EXP_PAIR_048,NEWDEV2_066,V4_TARGET_EXPANSION_2026-08-16,STATUS,1,3,TG5_GROUP_L2,1.0
V4EXP_PAIR_051,NEWDEV2_066,V4_TARGET_EXPANSION_2026-08-16,STATUS,1,3,TG5_GROUP_L2,0.5
V4PRE_PAIR_002,NEWDEV2_010,PREEXISTING_414_SOURCE_REVIEW,COMPETITIVE,1,3,TG10_STEM_L2,0.0
V4PRE_PAIR_004,NEWDEV2_016,PREEXISTING_414_SOURCE_REVIEW,COMPETITIVE,1,3,TG10_STEM_L2,1.0
V4PRE_PAIR_005,NEWDEV2_019,PREEXISTING_414_SOURCE_REVIEW,PROJECT,1,3,TG10_STEM_L2,1.0
V4PRE_PAIR_014,NEWDEV2_053,PREEXISTING_414_SOURCE_REVIEW,COMPETITIVE,1,3,TG10_STEM_L2,1.0
V4PRE_PAIR_017,NEWDEV2_066,PREEXISTING_414_SOURCE_REVIEW,STATUS,1,3,TG10_STEM_L2,1.0
V4PRE_PAIR_032,MLV2_DEV_005,PREEXISTING_414_SOURCE_REVIEW,PROJECT,1,3,TG10_STEM_L2,0.0
V4PRE_PAIR_044,MLV2_DEV_043,PREEXISTING_414_SOURCE_REVIEW,COMPETITIVE,1,3,TG10_STEM_L2,0.0
V4PRE_PAIR_045,MLV2_DEV_043,PREEXISTING_414_SOURCE_REVIEW,COMPETITIVE,1,3,TG10_STEM_L2,0.0
V4PRE_PAIR_047,MLV2_DEV_054,PREEXISTING_414_SOURCE_REVIEW,RECOGNITION,1,3,TG10_STEM_L2,0.0
V4EXP_PAIR_004,NEWDEV2_042,V4_TARGET_EXPANSION_2026-08-16,COMPETITIVE,1,3,TG10_STEM_L2,0.0
V4EXP_PAIR_005,NEWDEV2_042,V4_TARGET_EXPANSION_2026-08-16,COMPETITIVE,1,3,TG10_STEM_L2,0.0
V4EXP_PAIR_025,MLV2_DEV_043,V4_TARGET_EXPANSION_2026-08-16,COMPETITIVE,1,3,TG10_STEM_L2,0.0
V4EXP_PAIR_026,MLV2_DEV_005,V4_TARGET_EXPANSION_2026-08-16,PROJECT,1,3,TG10_STEM_L2,1.0
V4EXP_PAIR_030,NEWDEV2_002,V4_TARGET_EXPANSION_2026-08-16,PROJECT,1,3,TG10_STEM_L2,0.0
V4EXP_PAIR_031,NEWDEV2_054,V4_TARGET_EXPANSION_2026-08-16,PROJECT,1,3,TG10_STEM_L2,0.0
V4EXP_PAIR_032,MLV2_DEV_040,V4_TARGET_EXPANSION_2026-08-16,PROJECT,1,3,TG10_STEM_L2,0.0
V4EXP_PAIR_040,MLV2_DEV_054,V4_TARGET_EXPANSION_2026-08-16,PROJECT,1,3,TG10_STEM_L2,0.0
V4EXP_PAIR_043,MLV2_DEV_001,V4_TARGET_EXPANSION_2026-08-16,PROJECT,1,3,TG10_STEM_L2,0.0
V4EXP_PAIR_048,NEWDEV2_066,V4_TARGET_EXPANSION_2026-08-16,STATUS,1,3,TG10_STEM_L2,1.0
V4EXP_PAIR_051,NEWDEV2_066,V4_TARGET_EXPANSION_2026-08-16,STATUS,1,3,TG10_STEM_L2,1.0
V4PRE_PAIR_002,NEWDEV2_010,PREEXISTING_414_SOURCE_REVIEW,COMPETITIVE,1,3,TG10_STEM_BRANCH_L2,0.0
V4PRE_PAIR_004,NEWDEV2_016,PREEXISTING_414_SOURCE_REVIEW,COMPETITIVE,1,3,TG10_STEM_BRANCH_L2,1.0
V4PRE_PAIR_005,NEWDEV2_019,PREEXISTING_414_SOURCE_REVIEW,PROJECT,1,3,TG10_STEM_BRANCH_L2,1.0
V4PRE_PAIR_014,NEWDEV2_053,PREEXISTING_414_SOURCE_REVIEW,COMPETITIVE,1,3,TG10_STEM_BRANCH_L2,1.0
V4PRE_PAIR_017,NEWDEV2_066,PREEXISTING_414_SOURCE_REVIEW,STATUS,1,3,TG10_STEM_BRANCH_L2,1.0
V4PRE_PAIR_032,MLV2_DEV_005,PREEXISTING_414_SOURCE_REVIEW,PROJECT,1,3,TG10_STEM_BRANCH_L2,1.0
V4PRE_PAIR_044,MLV2_DEV_043,PREEXISTING_414_SOURCE_REVIEW,COMPETITIVE,1,3,TG10_STEM_BRANCH_L2,0.0
V4PRE_PAIR_045,MLV2_DEV_043,PREEXISTING_414_SOURCE_REVIEW,COMPETITIVE,1,3,TG10_STEM_BRANCH_L2,0.0
V4PRE_PAIR_047,MLV2_DEV_054,PREEXISTING_414_SOURCE_REVIEW,RECOGNITION,1,3,TG10_STEM_BRANCH_L2,0.0
V4EXP_PAIR_004,NEWDEV2_042,V4_TARGET_EXPANSION_2026-08-16,COMPETITIVE,1,3,TG10_STEM_BRANCH_L2,0.0
V4EXP_PAIR_005,NEWDEV2_042,V4_TARGET_EXPANSION_2026-08-16,COMPETITIVE,1,3,TG10_STEM_BRANCH_L2,0.0
V4EXP_PAIR_025,MLV2_DEV_043,V4_TARGET_EXPANSION_2026-08-16,COMPETITIVE,1,3,TG10_STEM_BRANCH_L2,1.0
V4EXP_PAIR_026,MLV2_DEV_005,V4_TARGET_EXPANSION_2026-08-16,PROJECT,1,3,TG10_STEM_BRANCH_L2,1.0
V4EXP_PAIR_030,NEWDEV2_002,V4_TARGET_EXPANSION_2026-08-16,PROJECT,1,3,TG10_STEM_BRANCH_L2,0.0
V4EXP_PAIR_031,NEWDEV2_054,V4_TARGET_EXPANSION_2026-08-16,PROJECT,1,3,TG10_STEM_BRANCH_L2,0.0
V4EXP_PAIR_032,MLV2_DEV_040,V4_TARGET_EXPANSION_2026-08-16,PROJECT,1,3,TG10_STEM_BRANCH_L2,0.0
V4EXP_PAIR_040,MLV2_DEV_054,V4_TARGET_EXPANSION_2026-08-16,PROJECT,1,3,TG10_STEM_BRANCH_L2,0.0
V4EXP_PAIR_043,MLV2_DEV_001,V4_TARGET_EXPANSION_2026-08-16,PROJECT,1,3,TG10_STEM_BRANCH_L2,1.0
V4EXP_PAIR_048,NEWDEV2_066,V4_TARGET_EXPANSION_2026-08-16,STATUS,1,3,TG10_STEM_BRANCH_L2,0.0
V4EXP_PAIR_051,NEWDEV2_066,V4_TARGET_EXPANSION_2026-08-16,STATUS,1,3,TG10_STEM_BRANCH_L2,1.0
V4PRE_PAIR_002,NEWDEV2_010,PREEXISTING_414_SOURCE_REVIEW,COMPETITIVE,1,3,TG10_SB_STRENGTH_L2,0.0
V4PRE_PAIR_004,NEWDEV2_016,PREEXISTING_414_SOURCE_REVIEW,COMPETITIVE,1,3,TG10_SB_STRENGTH_L2,1.0
V4PRE_PAIR_005,NEWDEV2_019,PREEXISTING_414_SOURCE_REVIEW,PROJECT,1,3,TG10_SB_STRENGTH_L2,1.0
V4PRE_PAIR_014,NEWDEV2_053,PREEXISTING_414_SOURCE_REVIEW,COMPETITIVE,1,3,TG10_SB_STRENGTH_L2,1.0
V4PRE_PAIR_017,NEWDEV2_066,PREEXISTING_414_SOURCE_REVIEW,STATUS,1,3,TG10_SB_STRENGTH_L2,1.0
V4PRE_PAIR_032,MLV2_DEV_005,PREEXISTING_414_SOURCE_REVIEW,PROJECT,1,3,TG10_SB_STRENGTH_L2,1.0
V4PRE_PAIR_044,MLV2_DEV_043,PREEXISTING_414_SOURCE_REVIEW,COMPETITIVE,1,3,TG10_SB_STRENGTH_L2,0.0
V4PRE_PAIR_045,MLV2_DEV_043,PREEXISTING_414_SOURCE_REVIEW,COMPETITIVE,1,3,TG10_SB_STRENGTH_L2,0.0
V4PRE_PAIR_047,MLV2_DEV_054,PREEXISTING_414_SOURCE_REVIEW,RECOGNITION,1,3,TG10_SB_STRENGTH_L2,1.0
V4EXP_PAIR_004,NEWDEV2_042,V4_TARGET_EXPANSION_2026-08-16,COMPETITIVE,1,3,TG10_SB_STRENGTH_L2,1.0
V4EXP_PAIR_005,NEWDEV2_042,V4_TARGET_EXPANSION_2026-08-16,COMPETITIVE,1,3,TG10_SB_STRENGTH_L2,0.0
V4EXP_PAIR_025,MLV2_DEV_043,V4_TARGET_EXPANSION_2026-08-16,COMPETITIVE,1,3,TG10_SB_STRENGTH_L2,1.0
V4EXP_PAIR_026,MLV2_DEV_005,V4_TARGET_EXPANSION_2026-08-16,PROJECT,1,3,TG10_SB_STRENGTH_L2,1.0
V4EXP_PAIR_030,NEWDEV2_002,V4_TARGET_EXPANSION_2026-08-16,PROJECT,1,3,TG10_SB_STRENGTH_L2,0.0
V4EXP_PAIR_031,NEWDEV2_054,V4_TARGET_EXPANSION_2026-08-16,PROJECT,1,3,TG10_SB_STRENGTH_L2,0.0
V4EXP_PAIR_032,MLV2_DEV_040,V4_TARGET_EXPANSION_2026-08-16,PROJECT,1,3,TG10_SB_STRENGTH_L2,0.0
V4EXP_PAIR_040,MLV2_DEV_054,V4_TARGET_EXPANSION_2026-08-16,PROJECT,1,3,TG10_SB_STRENGTH_L2,0.0
V4EXP_PAIR_043,MLV2_DEV_001,V4_TARGET_EXPANSION_2026-08-16,PROJECT,1,3,TG10_SB_STRENGTH_L2,0.0
V4EXP_PAIR_048,NEWDEV2_066,V4_TARGET_EXPANSION_2026-08-16,STATUS,1,3,TG10_SB_STRENGTH_L2,1.0
V4EXP_PAIR_051,NEWDEV2_066,V4_TARGET_EXPANSION_2026-08-16,STATUS,1,3,TG10_SB_STRENGTH_L2,0.0
V4PRE_PAIR_002,NEWDEV2_010,PREEXISTING_414_SOURCE_REVIEW,COMPETITIVE,1,3,TG10_SB_RELATIONS_L2,1.0
V4PRE_PAIR_004,NEWDEV2_016,PREEXISTING_414_SOURCE_REVIEW,COMPETITIVE,1,3,TG10_SB_RELATIONS_L2,1.0
V4PRE_PAIR_005,NEWDEV2_019,PREEXISTING_414_SOURCE_REVIEW,PROJECT,1,3,TG10_SB_RELATIONS_L2,1.0
V4PRE_PAIR_014,NEWDEV2_053,PREEXISTING_414_SOURCE_REVIEW,COMPETITIVE,1,3,TG10_SB_RELATIONS_L2,1.0
V4PRE_PAIR_017,NEWDEV2_066,PREEXISTING_414_SOURCE_REVIEW,STATUS,1,3,TG10_SB_RELATIONS_L2,1.0
V4PRE_PAIR_032,MLV2_DEV_005,PREEXISTING_414_SOURCE_REVIEW,PROJECT,1,3,TG10_SB_RELATIONS_L2,1.0
V4PRE_PAIR_044,MLV2_DEV_043,PREEXISTING_414_SOURCE_REVIEW,COMPETITIVE,1,3,TG10_SB_RELATIONS_L2,0.0
V4PRE_PAIR_045,MLV2_DEV_043,PREEXISTING_414_SOURCE_REVIEW,COMPETITIVE,1,3,TG10_SB_RELATIONS_L2,0.0
V4PRE_PAIR_047,MLV2_DEV_054,PREEXISTING_414_SOURCE_REVIEW,RECOGNITION,1,3,TG10_SB_RELATIONS_L2,1.0
V4EXP_PAIR_004,NEWDEV2_042,V4_TARGET_EXPANSION_2026-08-16,COMPETITIVE,1,3,TG10_SB_RELATIONS_L2,0.0
V4EXP_PAIR_005,NEWDEV2_042,V4_TARGET_EXPANSION_2026-08-16,COMPETITIVE,1,3,TG10_SB_RELATIONS_L2,0.0
V4EXP_PAIR_025,MLV2_DEV_043,V4_TARGET_EXPANSION_2026-08-16,COMPETITIVE,1,3,TG10_SB_RELATIONS_L2,0.0
V4EXP_PAIR_026,MLV2_DEV_005,V4_TARGET_EXPANSION_2026-08-16,PROJECT,1,3,TG10_SB_RELATIONS_L2,1.0
V4EXP_PAIR_030,NEWDEV2_002,V4_TARGET_EXPANSION_2026-08-16,PROJECT,1,3,TG10_SB_RELATIONS_L2,0.0
V4EXP_PAIR_031,NEWDEV2_054,V4_TARGET_EXPANSION_2026-08-16,PROJECT,1,3,TG10_SB_RELATIONS_L2,0.0
V4EXP_PAIR_032,MLV2_DEV_040,V4_TARGET_EXPANSION_2026-08-16,PROJECT,1,3,TG10_SB_RELATIONS_L2,0.0
V4EXP_PAIR_040,MLV2_DEV_054,V4_TARGET_EXPANSION_2026-08-16,PROJECT,1,3,TG10_SB_RELATIONS_L2,0.0
V4EXP_PAIR_043,MLV2_DEV_001,V4_TARGET_EXPANSION_2026-08-16,PROJECT,1,3,TG10_SB_RELATIONS_L2,1.0
V4EXP_PAIR_048,NEWDEV2_066,V4_TARGET_EXPANSION_2026-08-16,STATUS,1,3,TG10_SB_RELATIONS_L2,0.0
V4EXP_PAIR_051,NEWDEV2_066,V4_TARGET_EXPANSION_2026-08-16,STATUS,1,3,TG10_SB_RELATIONS_L2,1.0
V4PRE_PAIR_002,NEWDEV2_010,PREEXISTING_414_SOURCE_REVIEW,COMPETITIVE,1,3,ALL_L2,1.0
V4PRE_PAIR_004,NEWDEV2_016,PREEXISTING_414_SOURCE_REVIEW,COMPETITIVE,1,3,ALL_L2,1.0
V4PRE_PAIR_005,NEWDEV2_019,PREEXISTING_414_SOURCE_REVIEW,PROJECT,1,3,ALL_L2,1.0
V4PRE_PAIR_014,NEWDEV2_053,PREEXISTING_414_SOURCE_REVIEW,COMPETITIVE,1,3,ALL_L2,1.0
V4PRE_PAIR_017,NEWDEV2_066,PREEXISTING_414_SOURCE_REVIEW,STATUS,1,3,ALL_L2,1.0
V4PRE_PAIR_032,MLV2_DEV_005,PREEXISTING_414_SOURCE_REVIEW,PROJECT,1,3,ALL_L2,0.0
V4PRE_PAIR_044,MLV2_DEV_043,PREEXISTING_414_SOURCE_REVIEW,COMPETITIVE,1,3,ALL_L2,0.0
V4PRE_PAIR_045,MLV2_DEV_043,PREEXISTING_414_SOURCE_REVIEW,COMPETITIVE,1,3,ALL_L2,0.0
V4PRE_PAIR_047,MLV2_DEV_054,PREEXISTING_414_SOURCE_REVIEW,RECOGNITION,1,3,ALL_L2,0.0
V4EXP_PAIR_004,NEWDEV2_042,V4_TARGET_EXPANSION_2026-08-16,COMPETITIVE,1,3,ALL_L2,0.0
V4EXP_PAIR_005,NEWDEV2_042,V4_TARGET_EXPANSION_2026-08-16,COMPETITIVE,1,3,ALL_L2,0.0
V4EXP_PAIR_025,MLV2_DEV_043,V4_TARGET_EXPANSION_2026-08-16,COMPETITIVE,1,3,ALL_L2,0.0
V4EXP_PAIR_026,MLV2_DEV_005,V4_TARGET_EXPANSION_2026-08-16,PROJECT,1,3,ALL_L2,1.0
V4EXP_PAIR_030,NEWDEV2_002,V4_TARGET_EXPANSION_2026-08-16,PROJECT,1,3,ALL_L2,0.0
V4EXP_PAIR_031,NEWDEV2_054,V4_TARGET_EXPANSION_2026-08-16,PROJECT,1,3,ALL_L2,0.0
V4EXP_PAIR_032,MLV2_DEV_040,V4_TARGET_EXPANSION_2026-08-16,PROJECT,1,3,ALL_L2,0.0
V4EXP_PAIR_040,MLV2_DEV_054,V4_TARGET_EXPANSION_2026-08-16,PROJECT,1,3,ALL_L2,1.0
V4EXP_PAIR_043,MLV2_DEV_001,V4_TARGET_EXPANSION_2026-08-16,PROJECT,1,3,ALL_L2,0.0
V4EXP_PAIR_048,NEWDEV2_066,V4_TARGET_EXPANSION_2026-08-16,STATUS,1,3,ALL_L2,1.0
V4EXP_PAIR_051,NEWDEV2_066,V4_TARGET_EXPANSION_2026-08-16,STATUS,1,3,ALL_L2,1.0
V4PRE_PAIR_002,NEWDEV2_010,PREEXISTING_414_SOURCE_REVIEW,COMPETITIVE,1,3,NUISANCE_AGE_AXIS,0.0
V4PRE_PAIR_004,NEWDEV2_016,PREEXISTING_414_SOURCE_REVIEW,COMPETITIVE,1,3,NUISANCE_AGE_AXIS,0.0
V4PRE_PAIR_005,NEWDEV2_019,PREEXISTING_414_SOURCE_REVIEW,PROJECT,1,3,NUISANCE_AGE_AXIS,1.0
V4PRE_PAIR_014,NEWDEV2_053,PREEXISTING_414_SOURCE_REVIEW,COMPETITIVE,1,3,NUISANCE_AGE_AXIS,0.0
V4PRE_PAIR_017,NEWDEV2_066,PREEXISTING_414_SOURCE_REVIEW,STATUS,1,3,NUISANCE_AGE_AXIS,1.0
V4PRE_PAIR_032,MLV2_DEV_005,PREEXISTING_414_SOURCE_REVIEW,PROJECT,1,3,NUISANCE_AGE_AXIS,1.0
V4PRE_PAIR_044,MLV2_DEV_043,PREEXISTING_414_SOURCE_REVIEW,COMPETITIVE,1,3,NUISANCE_AGE_AXIS,1.0
V4PRE_PAIR_045,MLV2_DEV_043,PREEXISTING_414_SOURCE_REVIEW,COMPETITIVE,1,3,NUISANCE_AGE_AXIS,1.0
V4PRE_PAIR_047,MLV2_DEV_054,PREEXISTING_414_SOURCE_REVIEW,RECOGNITION,1,3,NUISANCE_AGE_AXIS,0.0
V4EXP_PAIR_004,NEWDEV2_042,V4_TARGET_EXPANSION_2026-08-16,COMPETITIVE,1,3,NUISANCE_AGE_AXIS,0.0
V4EXP_PAIR_005,NEWDEV2_042,V4_TARGET_EXPANSION_2026-08-16,COMPETITIVE,1,3,NUISANCE_AGE_AXIS,0.0
V4EXP_PAIR_025,MLV2_DEV_043,V4_TARGET_EXPANSION_2026-08-16,COMPETITIVE,1,3,NUISANCE_AGE_AXIS,0.0
V4EXP_PAIR_026,MLV2_DEV_005,V4_TARGET_EXPANSION_2026-08-16,PROJECT,1,3,NUISANCE_AGE_AXIS,0.0
V4EXP_PAIR_030,NEWDEV2_002,V4_TARGET_EXPANSION_2026-08-16,PROJECT,1,3,NUISANCE_AGE_AXIS,0.0
V4EXP_PAIR_031,NEWDEV2_054,V4_TARGET_EXPANSION_2026-08-16,PROJECT,1,3,NUISANCE_AGE_AXIS,0.0
V4EXP_PAIR_032,MLV2_DEV_040,V4_TARGET_EXPANSION_2026-08-16,PROJECT,1,3,NUISANCE_AGE_AXIS,0.0
V4EXP_PAIR_040,MLV2_DEV_054,V4_TARGET_EXPANSION_2026-08-16,PROJECT,1,3,NUISANCE_AGE_AXIS,0.0
V4EXP_PAIR_043,MLV2_DEV_001,V4_TARGET_EXPANSION_2026-08-16,PROJECT,1,3,NUISANCE_AGE_AXIS,0.0
V4EXP_PAIR_048,NEWDEV2_066,V4_TARGET_EXPANSION_2026-08-16,STATUS,1,3,NUISANCE_AGE_AXIS,0.0
V4EXP_PAIR_051,NEWDEV2_066,V4_TARGET_EXPANSION_2026-08-16,STATUS,1,3,NUISANCE_AGE_AXIS,0.0
V4PRE_PAIR_002,NEWDEV2_010,PREEXISTING_414_SOURCE_REVIEW,COMPETITIVE,1,3,NUISANCE_WITH_ORIGIN_DIAGNOSTIC,0.0
V4PRE_PAIR_004,NEWDEV2_016,PREEXISTING_414_SOURCE_REVIEW,COMPETITIVE,1,3,NUISANCE_WITH_ORIGIN_DIAGNOSTIC,0.0
V4PRE_PAIR_005,NEWDEV2_019,PREEXISTING_414_SOURCE_REVIEW,PROJECT,1,3,NUISANCE_WITH_ORIGIN_DIAGNOSTIC,1.0
V4PRE_PAIR_014,NEWDEV2_053,PREEXISTING_414_SOURCE_REVIEW,COMPETITIVE,1,3,NUISANCE_WITH_ORIGIN_DIAGNOSTIC,0.0
V4PRE_PAIR_017,NEWDEV2_066,PREEXISTING_414_SOURCE_REVIEW,STATUS,1,3,NUISANCE_WITH_ORIGIN_DIAGNOSTIC,1.0
V4PRE_PAIR_032,MLV2_DEV_005,PREEXISTING_414_SOURCE_REVIEW,PROJECT,1,3,NUISANCE_WITH_ORIGIN_DIAGNOSTIC,1.0
V4PRE_PAIR_044,MLV2_DEV_043,PREEXISTING_414_SOURCE_REVIEW,COMPETITIVE,1,3,NUISANCE_WITH_ORIGIN_DIAGNOSTIC,1.0
V4PRE_PAIR_045,MLV2_DEV_043,PREEXISTING_414_SOURCE_REVIEW,COMPETITIVE,1,3,NUISANCE_WITH_ORIGIN_DIAGNOSTIC,1.0
V4PRE_PAIR_047,MLV2_DEV_054,PREEXISTING_414_SOURCE_REVIEW,RECOGNITION,1,3,NUISANCE_WITH_ORIGIN_DIAGNOSTIC,1.0
V4EXP_PAIR_004,NEWDEV2_042,V4_TARGET_EXPANSION_2026-08-16,COMPETITIVE,1,3,NUISANCE_WITH_ORIGIN_DIAGNOSTIC,1.0
V4EXP_PAIR_005,NEWDEV2_042,V4_TARGET_EXPANSION_2026-08-16,COMPETITIVE,1,3,NUISANCE_WITH_ORIGIN_DIAGNOSTIC,1.0
V4EXP_PAIR_025,MLV2_DEV_043,V4_TARGET_EXPANSION_2026-08-16,COMPETITIVE,1,3,NUISANCE_WITH_ORIGIN_DIAGNOSTIC,1.0
V4EXP_PAIR_026,MLV2_DEV_005,V4_TARGET_EXPANSION_2026-08-16,PROJECT,1,3,NUISANCE_WITH_ORIGIN_DIAGNOSTIC,1.0
V4EXP_PAIR_030,NEWDEV2_002,V4_TARGET_EXPANSION_2026-08-16,PROJECT,1,3,NUISANCE_WITH_ORIGIN_DIAGNOSTIC,1.0
V4EXP_PAIR_031,NEWDEV2_054,V4_TARGET_EXPANSION_2026-08-16,PROJECT,1,3,NUISANCE_WITH_ORIGIN_DIAGNOSTIC,1.0
V4EXP_PAIR_032,MLV2_DEV_040,V4_TARGET_EXPANSION_2026-08-16,PROJECT,1,3,NUISANCE_WITH_ORIGIN_DIAGNOSTIC,1.0
V4EXP_PAIR_040,MLV2_DEV_054,V4_TARGET_EXPANSION_2026-08-16,PROJECT,1,3,NUISANCE_WITH_ORIGIN_DIAGNOSTIC,1.0
V4EXP_PAIR_043,MLV2_DEV_001,V4_TARGET_EXPANSION_2026-08-16,PROJECT,1,3,NUISANCE_WITH_ORIGIN_DIAGNOSTIC,1.0
V4EXP_PAIR_048,NEWDEV2_066,V4_TARGET_EXPANSION_2026-08-16,STATUS,1,3,NUISANCE_WITH_ORIGIN_DIAGNOSTIC,1.0
V4EXP_PAIR_051,NEWDEV2_066,V4_TARGET_EXPANSION_2026-08-16,STATUS,1,3,NUISANCE_WITH_ORIGIN_DIAGNOSTIC,1.0
V4PRE_PAIR_002,NEWDEV2_010,PREEXISTING_414_SOURCE_REVIEW,COMPETITIVE,1,3,ALL_ELASTICNET_AUTO,1.0
V4PRE_PAIR_004,NEWDEV2_016,PREEXISTING_414_SOURCE_REVIEW,COMPETITIVE,1,3,ALL_ELASTICNET_AUTO,0.0
V4PRE_PAIR_005,NEWDEV2_019,PREEXISTING_414_SOURCE_REVIEW,PROJECT,1,3,ALL_ELASTICNET_AUTO,1.0
V4PRE_PAIR_014,NEWDEV2_053,PREEXISTING_414_SOURCE_REVIEW,COMPETITIVE,1,3,ALL_ELASTICNET_AUTO,1.0
V4PRE_PAIR_017,NEWDEV2_066,PREEXISTING_414_SOURCE_REVIEW,STATUS,1,3,ALL_ELASTICNET_AUTO,1.0
V4PRE_PAIR_032,MLV2_DEV_005,PREEXISTING_414_SOURCE_REVIEW,PROJECT,1,3,ALL_ELASTICNET_AUTO,1.0
V4PRE_PAIR_044,MLV2_DEV_043,PREEXISTING_414_SOURCE_REVIEW,COMPETITIVE,1,3,ALL_ELASTICNET_AUTO,0.0
V4PRE_PAIR_045,MLV2_DEV_043,PREEXISTING_414_SOURCE_REVIEW,COMPETITIVE,1,3,ALL_ELASTICNET_AUTO,0.0
V4PRE_PAIR_047,MLV2_DEV_054,PREEXISTING_414_SOURCE_REVIEW,RECOGNITION,1,3,ALL_ELASTICNET_AUTO,1.0
V4EXP_PAIR_004,NEWDEV2_042,V4_TARGET_EXPANSION_2026-08-16,COMPETITIVE,1,3,ALL_ELASTICNET_AUTO,0.0
V4EXP_PAIR_005,NEWDEV2_042,V4_TARGET_EXPANSION_2026-08-16,COMPETITIVE,1,3,ALL_ELASTICNET_AUTO,0.0
V4EXP_PAIR_025,MLV2_DEV_043,V4_TARGET_EXPANSION_2026-08-16,COMPETITIVE,1,3,ALL_ELASTICNET_AUTO,1.0
V4EXP_PAIR_026,MLV2_DEV_005,V4_TARGET_EXPANSION_2026-08-16,PROJECT,1,3,ALL_ELASTICNET_AUTO,1.0
V4EXP_PAIR_030,NEWDEV2_002,V4_TARGET_EXPANSION_2026-08-16,PROJECT,1,3,ALL_ELASTICNET_AUTO,0.0
V4EXP_PAIR_031,NEWDEV2_054,V4_TARGET_EXPANSION_2026-08-16,PROJECT,1,3,ALL_ELASTICNET_AUTO,0.0
V4EXP_PAIR_032,MLV2_DEV_040,V4_TARGET_EXPANSION_2026-08-16,PROJECT,1,3,ALL_ELASTICNET_AUTO,0.0
V4EXP_PAIR_040,MLV2_DEV_054,V4_TARGET_EXPANSION_2026-08-16,PROJECT,1,3,ALL_ELASTICNET_AUTO,0.0
V4EXP_PAIR_043,MLV2_DEV_001,V4_TARGET_EXPANSION_2026-08-16,PROJECT,1,3,ALL_ELASTICNET_AUTO,0.0
V4EXP_PAIR_048,NEWDEV2_066,V4_TARGET_EXPANSION_2026-08-16,STATUS,1,3,ALL_ELASTICNET_AUTO,1.0
V4EXP_PAIR_051,NEWDEV2_066,V4_TARGET_EXPANSION_2026-08-16,STATUS,1,3,ALL_ELASTICNET_AUTO,1.0
V4PRE_PAIR_002,NEWDEV2_010,PREEXISTING_414_SOURCE_REVIEW,COMPETITIVE,1,3,HGB_ALL_EXPLORATORY,1.0
V4PRE_PAIR_004,NEWDEV2_016,PREEXISTING_414_SOURCE_REVIEW,COMPETITIVE,1,3,HGB_ALL_EXPLORATORY,1.0
V4PRE_PAIR_005,NEWDEV2_019,PREEXISTING_414_SOURCE_REVIEW,PROJECT,1,3,HGB_ALL_EXPLORATORY,1.0
V4PRE_PAIR_014,NEWDEV2_053,PREEXISTING_414_SOURCE_REVIEW,COMPETITIVE,1,3,HGB_ALL_EXPLORATORY,0.0
V4PRE_PAIR_017,NEWDEV2_066,PREEXISTING_414_SOURCE_REVIEW,STATUS,1,3,HGB_ALL_EXPLORATORY,1.0
V4PRE_PAIR_032,MLV2_DEV_005,PREEXISTING_414_SOURCE_REVIEW,PROJECT,1,3,HGB_ALL_EXPLORATORY,1.0
V4PRE_PAIR_044,MLV2_DEV_043,PREEXISTING_414_SOURCE_REVIEW,COMPETITIVE,1,3,HGB_ALL_EXPLORATORY,0.0
V4PRE_PAIR_045,MLV2_DEV_043,PREEXISTING_414_SOURCE_REVIEW,COMPETITIVE,1,3,HGB_ALL_EXPLORATORY,0.0
V4PRE_PAIR_047,MLV2_DEV_054,PREEXISTING_414_SOURCE_REVIEW,RECOGNITION,1,3,HGB_ALL_EXPLORATORY,0.0
V4EXP_PAIR_004,NEWDEV2_042,V4_TARGET_EXPANSION_2026-08-16,COMPETITIVE,1,3,HGB_ALL_EXPLORATORY,0.0
V4EXP_PAIR_005,NEWDEV2_042,V4_TARGET_EXPANSION_2026-08-16,COMPETITIVE,1,3,HGB_ALL_EXPLORATORY,0.0
V4EXP_PAIR_025,MLV2_DEV_043,V4_TARGET_EXPANSION_2026-08-16,COMPETITIVE,1,3,HGB_ALL_EXPLORATORY,0.0
V4EXP_PAIR_026,MLV2_DEV_005,V4_TARGET_EXPANSION_2026-08-16,PROJECT,1,3,HGB_ALL_EXPLORATORY,0.0
V4EXP_PAIR_030,NEWDEV2_002,V4_TARGET_EXPANSION_2026-08-16,PROJECT,1,3,HGB_ALL_EXPLORATORY,0.0
V4EXP_PAIR_031,NEWDEV2_054,V4_TARGET_EXPANSION_2026-08-16,PROJECT,1,3,HGB_ALL_EXPLORATORY,0.0
V4EXP_PAIR_032,MLV2_DEV_040,V4_TARGET_EXPANSION_2026-08-16,PROJECT,1,3,HGB_ALL_EXPLORATORY,0.0
V4EXP_PAIR_040,MLV2_DEV_054,V4_TARGET_EXPANSION_2026-08-16,PROJECT,1,3,HGB_ALL_EXPLORATORY,1.0
V4EXP_PAIR_043,MLV2_DEV_001,V4_TARGET_EXPANSION_2026-08-16,PROJECT,1,3,HGB_ALL_EXPLORATORY,1.0
V4EXP_PAIR_048,NEWDEV2_066,V4_TARGET_EXPANSION_2026-08-16,STATUS,1,3,HGB_ALL_EXPLORATORY,1.0
V4EXP_PAIR_051,NEWDEV2_066,V4_TARGET_EXPANSION_2026-08-16,STATUS,1,3,HGB_ALL_EXPLORATORY,0.0
V4PRE_PAIR_006,NEWDEV2_024,PREEXISTING_414_SOURCE_REVIEW,PROJECT,1,4,AGE_YOUNGER_FIXED,1.0
V4PRE_PAIR_021,NEWDEV2_074,PREEXISTING_414_SOURCE_REVIEW,PROJECT,1,4,AGE_YOUNGER_FIXED,1.0
V4PRE_PAIR_022,NEWDEV2_075,PREEXISTING_414_SOURCE_REVIEW,COMPETITIVE,1,4,AGE_YOUNGER_FIXED,1.0
V4PRE_PAIR_023,NEWDEV2_077,PREEXISTING_414_SOURCE_REVIEW,PROJECT,1,4,AGE_YOUNGER_FIXED,1.0
V4PRE_PAIR_024,NEWDEV2_078,PREEXISTING_414_SOURCE_REVIEW,COMPETITIVE,1,4,AGE_YOUNGER_FIXED,1.0
V4PRE_PAIR_027,NEWDEV2_089,PREEXISTING_414_SOURCE_REVIEW,STATUS,1,4,AGE_YOUNGER_FIXED,1.0
V4PRE_PAIR_035,MLV2_DEV_008,PREEXISTING_414_SOURCE_REVIEW,PROJECT,1,4,AGE_YOUNGER_FIXED,1.0
V4PRE_PAIR_039,MLV2_DEV_027,PREEXISTING_414_SOURCE_REVIEW,PROJECT,1,4,AGE_YOUNGER_FIXED,1.0
V4PRE_PAIR_040,MLV2_DEV_033,PREEXISTING_414_SOURCE_REVIEW,PROJECT,1,4,AGE_YOUNGER_FIXED,0.0
V4PRE_PAIR_041,MLV2_DEV_038,PREEXISTING_414_SOURCE_REVIEW,RECOGNITION,1,4,AGE_YOUNGER_FIXED,0.0
V4EXP_PAIR_011,NEWDEV2_027,V4_TARGET_EXPANSION_2026-08-16,COMPETITIVE,1,4,AGE_YOUNGER_FIXED,0.0
V4EXP_PAIR_012,NEWDEV2_027,V4_TARGET_EXPANSION_2026-08-16,COMPETITIVE,1,4,AGE_YOUNGER_FIXED,0.0
V4EXP_PAIR_013,NEWDEV2_027,V4_TARGET_EXPANSION_2026-08-16,COMPETITIVE,1,4,AGE_YOUNGER_FIXED,0.0
V4EXP_PAIR_020,NEWDEV2_031,V4_TARGET_EXPANSION_2026-08-16,COMPETITIVE,1,4,AGE_YOUNGER_FIXED,0.0
V4EXP_PAIR_022,NEWDEV2_059,V4_TARGET_EXPANSION_2026-08-16,COMPETITIVE,1,4,AGE_YOUNGER_FIXED,0.0
V4EXP_PAIR_023,NEWDEV2_059,V4_TARGET_EXPANSION_2026-08-16,COMPETITIVE,1,4,AGE_YOUNGER_FIXED,0.0
V4EXP_PAIR_028,MLV2_DEV_027,V4_TARGET_EXPANSION_2026-08-16,PROJECT,1,4,AGE_YOUNGER_FIXED,0.0
V4EXP_PAIR_029,MLV2_DEV_063,V4_TARGET_EXPANSION_2026-08-16,PROJECT,1,4,AGE_YOUNGER_FIXED,0.0
V4EXP_PAIR_049,NEWDEV2_089,V4_TARGET_EXPANSION_2026-08-16,STATUS,1,4,AGE_YOUNGER_FIXED,0.0
V4PRE_PAIR_006,NEWDEV2_024,PREEXISTING_414_SOURCE_REVIEW,PROJECT,1,4,AGE_LATER_FIXED,0.0
V4PRE_PAIR_021,NEWDEV2_074,PREEXISTING_414_SOURCE_REVIEW,PROJECT,1,4,AGE_LATER_FIXED,0.0
V4PRE_PAIR_022,NEWDEV2_075,PREEXISTING_414_SOURCE_REVIEW,COMPETITIVE,1,4,AGE_LATER_FIXED,0.0
V4PRE_PAIR_023,NEWDEV2_077,PREEXISTING_414_SOURCE_REVIEW,PROJECT,1,4,AGE_LATER_FIXED,0.0
V4PRE_PAIR_024,NEWDEV2_078,PREEXISTING_414_SOURCE_REVIEW,COMPETITIVE,1,4,AGE_LATER_FIXED,0.0
V4PRE_PAIR_027,NEWDEV2_089,PREEXISTING_414_SOURCE_REVIEW,STATUS,1,4,AGE_LATER_FIXED,0.0
V4PRE_PAIR_035,MLV2_DEV_008,PREEXISTING_414_SOURCE_REVIEW,PROJECT,1,4,AGE_LATER_FIXED,0.0
V4PRE_PAIR_039,MLV2_DEV_027,PREEXISTING_414_SOURCE_REVIEW,PROJECT,1,4,AGE_LATER_FIXED,0.0
V4PRE_PAIR_040,MLV2_DEV_033,PREEXISTING_414_SOURCE_REVIEW,PROJECT,1,4,AGE_LATER_FIXED,1.0
V4PRE_PAIR_041,MLV2_DEV_038,PREEXISTING_414_SOURCE_REVIEW,RECOGNITION,1,4,AGE_LATER_FIXED,1.0
V4EXP_PAIR_011,NEWDEV2_027,V4_TARGET_EXPANSION_2026-08-16,COMPETITIVE,1,4,AGE_LATER_FIXED,1.0
V4EXP_PAIR_012,NEWDEV2_027,V4_TARGET_EXPANSION_2026-08-16,COMPETITIVE,1,4,AGE_LATER_FIXED,1.0
V4EXP_PAIR_013,NEWDEV2_027,V4_TARGET_EXPANSION_2026-08-16,COMPETITIVE,1,4,AGE_LATER_FIXED,1.0
V4EXP_PAIR_020,NEWDEV2_031,V4_TARGET_EXPANSION_2026-08-16,COMPETITIVE,1,4,AGE_LATER_FIXED,1.0
V4EXP_PAIR_022,NEWDEV2_059,V4_TARGET_EXPANSION_2026-08-16,COMPETITIVE,1,4,AGE_LATER_FIXED,1.0
V4EXP_PAIR_023,NEWDEV2_059,V4_TARGET_EXPANSION_2026-08-16,COMPETITIVE,1,4,AGE_LATER_FIXED,1.0
V4EXP_PAIR_028,MLV2_DEV_027,V4_TARGET_EXPANSION_2026-08-16,PROJECT,1,4,AGE_LATER_FIXED,1.0
V4EXP_PAIR_029,MLV2_DEV_063,V4_TARGET_EXPANSION_2026-08-16,PROJECT,1,4,AGE_LATER_FIXED,1.0
V4EXP_PAIR_049,NEWDEV2_089,V4_TARGET_EXPANSION_2026-08-16,STATUS,1,4,AGE_LATER_FIXED,1.0
V4PRE_PAIR_006,NEWDEV2_024,PREEXISTING_414_SOURCE_REVIEW,PROJECT,1,4,CONTROL_FIXED,1.0
V4PRE_PAIR_021,NEWDEV2_074,PREEXISTING_414_SOURCE_REVIEW,PROJECT,1,4,CONTROL_FIXED,0.0
V4PRE_PAIR_022,NEWDEV2_075,PREEXISTING_414_SOURCE_REVIEW,COMPETITIVE,1,4,CONTROL_FIXED,1.0
V4PRE_PAIR_023,NEWDEV2_077,PREEXISTING_414_SOURCE_REVIEW,PROJECT,1,4,CONTROL_FIXED,1.0
V4PRE_PAIR_024,NEWDEV2_078,PREEXISTING_414_SOURCE_REVIEW,COMPETITIVE,1,4,CONTROL_FIXED,1.0
V4PRE_PAIR_027,NEWDEV2_089,PREEXISTING_414_SOURCE_REVIEW,STATUS,1,4,CONTROL_FIXED,1.0
V4PRE_PAIR_035,MLV2_DEV_008,PREEXISTING_414_SOURCE_REVIEW,PROJECT,1,4,CONTROL_FIXED,0.0
V4PRE_PAIR_039,MLV2_DEV_027,PREEXISTING_414_SOURCE_REVIEW,PROJECT,1,4,CONTROL_FIXED,1.0
V4PRE_PAIR_040,MLV2_DEV_033,PREEXISTING_414_SOURCE_REVIEW,PROJECT,1,4,CONTROL_FIXED,1.0
V4PRE_PAIR_041,MLV2_DEV_038,PREEXISTING_414_SOURCE_REVIEW,RECOGNITION,1,4,CONTROL_FIXED,0.0
V4EXP_PAIR_011,NEWDEV2_027,V4_TARGET_EXPANSION_2026-08-16,COMPETITIVE,1,4,CONTROL_FIXED,0.5
V4EXP_PAIR_012,NEWDEV2_027,V4_TARGET_EXPANSION_2026-08-16,COMPETITIVE,1,4,CONTROL_FIXED,0.0
V4EXP_PAIR_013,NEWDEV2_027,V4_TARGET_EXPANSION_2026-08-16,COMPETITIVE,1,4,CONTROL_FIXED,0.0
V4EXP_PAIR_020,NEWDEV2_031,V4_TARGET_EXPANSION_2026-08-16,COMPETITIVE,1,4,CONTROL_FIXED,0.0
V4EXP_PAIR_022,NEWDEV2_059,V4_TARGET_EXPANSION_2026-08-16,COMPETITIVE,1,4,CONTROL_FIXED,0.0
V4EXP_PAIR_023,NEWDEV2_059,V4_TARGET_EXPANSION_2026-08-16,COMPETITIVE,1,4,CONTROL_FIXED,0.0
V4EXP_PAIR_028,MLV2_DEV_027,V4_TARGET_EXPANSION_2026-08-16,PROJECT,1,4,CONTROL_FIXED,1.0
V4EXP_PAIR_029,MLV2_DEV_063,V4_TARGET_EXPANSION_2026-08-16,PROJECT,1,4,CONTROL_FIXED,1.0
V4EXP_PAIR_049,NEWDEV2_089,V4_TARGET_EXPANSION_2026-08-16,STATUS,1,4,CONTROL_FIXED,1.0
V4PRE_PAIR_006,NEWDEV2_024,PREEXISTING_414_SOURCE_REVIEW,PROJECT,1,4,TG5_GROUP_L2,0.0
V4PRE_PAIR_021,NEWDEV2_074,PREEXISTING_414_SOURCE_REVIEW,PROJECT,1,4,TG5_GROUP_L2,0.0
V4PRE_PAIR_022,NEWDEV2_075,PREEXISTING_414_SOURCE_REVIEW,COMPETITIVE,1,4,TG5_GROUP_L2,1.0
V4PRE_PAIR_023,NEWDEV2_077,PREEXISTING_414_SOURCE_REVIEW,PROJECT,1,4,TG5_GROUP_L2,1.0
V4PRE_PAIR_024,NEWDEV2_078,PREEXISTING_414_SOURCE_REVIEW,COMPETITIVE,1,4,TG5_GROUP_L2,0.0
V4PRE_PAIR_027,NEWDEV2_089,PREEXISTING_414_SOURCE_REVIEW,STATUS,1,4,TG5_GROUP_L2,1.0
V4PRE_PAIR_035,MLV2_DEV_008,PREEXISTING_414_SOURCE_REVIEW,PROJECT,1,4,TG5_GROUP_L2,0.0
V4PRE_PAIR_039,MLV2_DEV_027,PREEXISTING_414_SOURCE_REVIEW,PROJECT,1,4,TG5_GROUP_L2,0.0
V4PRE_PAIR_040,MLV2_DEV_033,PREEXISTING_414_SOURCE_REVIEW,PROJECT,1,4,TG5_GROUP_L2,0.0
V4PRE_PAIR_041,MLV2_DEV_038,PREEXISTING_414_SOURCE_REVIEW,RECOGNITION,1,4,TG5_GROUP_L2,0.0
V4EXP_PAIR_011,NEWDEV2_027,V4_TARGET_EXPANSION_2026-08-16,COMPETITIVE,1,4,TG5_GROUP_L2,0.0
V4EXP_PAIR_012,NEWDEV2_027,V4_TARGET_EXPANSION_2026-08-16,COMPETITIVE,1,4,TG5_GROUP_L2,0.0
V4EXP_PAIR_013,NEWDEV2_027,V4_TARGET_EXPANSION_2026-08-16,COMPETITIVE,1,4,TG5_GROUP_L2,0.0
V4EXP_PAIR_020,NEWDEV2_031,V4_TARGET_EXPANSION_2026-08-16,COMPETITIVE,1,4,TG5_GROUP_L2,0.5
V4EXP_PAIR_022,NEWDEV2_059,V4_TARGET_EXPANSION_2026-08-16,COMPETITIVE,1,4,TG5_GROUP_L2,0.0
V4EXP_PAIR_023,NEWDEV2_059,V4_TARGET_EXPANSION_2026-08-16,COMPETITIVE,1,4,TG5_GROUP_L2,0.5
V4EXP_PAIR_028,MLV2_DEV_027,V4_TARGET_EXPANSION_2026-08-16,PROJECT,1,4,TG5_GROUP_L2,1.0
V4EXP_PAIR_029,MLV2_DEV_063,V4_TARGET_EXPANSION_2026-08-16,PROJECT,1,4,TG5_GROUP_L2,0.0
V4EXP_PAIR_049,NEWDEV2_089,V4_TARGET_EXPANSION_2026-08-16,STATUS,1,4,TG5_GROUP_L2,0.5
V4PRE_PAIR_006,NEWDEV2_024,PREEXISTING_414_SOURCE_REVIEW,PROJECT,1,4,TG10_STEM_L2,0.0
V4PRE_PAIR_021,NEWDEV2_074,PREEXISTING_414_SOURCE_REVIEW,PROJECT,1,4,TG10_STEM_L2,0.0
V4PRE_PAIR_022,NEWDEV2_075,PREEXISTING_414_SOURCE_REVIEW,COMPETITIVE,1,4,TG10_STEM_L2,1.0
V4PRE_PAIR_023,NEWDEV2_077,PREEXISTING_414_SOURCE_REVIEW,PROJECT,1,4,TG10_STEM_L2,0.0
V4PRE_PAIR_024,NEWDEV2_078,PREEXISTING_414_SOURCE_REVIEW,COMPETITIVE,1,4,TG10_STEM_L2,0.0
V4PRE_PAIR_027,NEWDEV2_089,PREEXISTING_414_SOURCE_REVIEW,STATUS,1,4,TG10_STEM_L2,1.0
V4PRE_PAIR_035,MLV2_DEV_008,PREEXISTING_414_SOURCE_REVIEW,PROJECT,1,4,TG10_STEM_L2,0.0
V4PRE_PAIR_039,MLV2_DEV_027,PREEXISTING_414_SOURCE_REVIEW,PROJECT,1,4,TG10_STEM_L2,1.0
V4PRE_PAIR_040,MLV2_DEV_033,PREEXISTING_414_SOURCE_REVIEW,PROJECT,1,4,TG10_STEM_L2,0.0
V4PRE_PAIR_041,MLV2_DEV_038,PREEXISTING_414_SOURCE_REVIEW,RECOGNITION,1,4,TG10_STEM_L2,0.0
V4EXP_PAIR_011,NEWDEV2_027,V4_TARGET_EXPANSION_2026-08-16,COMPETITIVE,1,4,TG10_STEM_L2,1.0
V4EXP_PAIR_012,NEWDEV2_027,V4_TARGET_EXPANSION_2026-08-16,COMPETITIVE,1,4,TG10_STEM_L2,1.0
V4EXP_PAIR_013,NEWDEV2_027,V4_TARGET_EXPANSION_2026-08-16,COMPETITIVE,1,4,TG10_STEM_L2,1.0
V4EXP_PAIR_020,NEWDEV2_031,V4_TARGET_EXPANSION_2026-08-16,COMPETITIVE,1,4,TG10_STEM_L2,1.0
V4EXP_PAIR_022,NEWDEV2_059,V4_TARGET_EXPANSION_2026-08-16,COMPETITIVE,1,4,TG10_STEM_L2,0.0
V4EXP_PAIR_023,NEWDEV2_059,V4_TARGET_EXPANSION_2026-08-16,COMPETITIVE,1,4,TG10_STEM_L2,0.0
V4EXP_PAIR_028,MLV2_DEV_027,V4_TARGET_EXPANSION_2026-08-16,PROJECT,1,4,TG10_STEM_L2,1.0
V4EXP_PAIR_029,MLV2_DEV_063,V4_TARGET_EXPANSION_2026-08-16,PROJECT,1,4,TG10_STEM_L2,1.0
V4EXP_PAIR_049,NEWDEV2_089,V4_TARGET_EXPANSION_2026-08-16,STATUS,1,4,TG10_STEM_L2,1.0
V4PRE_PAIR_006,NEWDEV2_024,PREEXISTING_414_SOURCE_REVIEW,PROJECT,1,4,TG10_STEM_BRANCH_L2,1.0
V4PRE_PAIR_021,NEWDEV2_074,PREEXISTING_414_SOURCE_REVIEW,PROJECT,1,4,TG10_STEM_BRANCH_L2,0.0
V4PRE_PAIR_022,NEWDEV2_075,PREEXISTING_414_SOURCE_REVIEW,COMPETITIVE,1,4,TG10_STEM_BRANCH_L2,1.0
V4PRE_PAIR_023,NEWDEV2_077,PREEXISTING_414_SOURCE_REVIEW,PROJECT,1,4,TG10_STEM_BRANCH_L2,0.0
V4PRE_PAIR_024,NEWDEV2_078,PREEXISTING_414_SOURCE_REVIEW,COMPETITIVE,1,4,TG10_STEM_BRANCH_L2,0.0
V4PRE_PAIR_027,NEWDEV2_089,PREEXISTING_414_SOURCE_REVIEW,STATUS,1,4,TG10_STEM_BRANCH_L2,0.0
V4PRE_PAIR_035,MLV2_DEV_008,PREEXISTING_414_SOURCE_REVIEW,PROJECT,1,4,TG10_STEM_BRANCH_L2,0.0
V4PRE_PAIR_039,MLV2_DEV_027,PREEXISTING_414_SOURCE_REVIEW,PROJECT,1,4,TG10_STEM_BRANCH_L2,1.0
V4PRE_PAIR_040,MLV2_DEV_033,PREEXISTING_414_SOURCE_REVIEW,PROJECT,1,4,TG10_STEM_BRANCH_L2,0.0
V4PRE_PAIR_041,MLV2_DEV_038,PREEXISTING_414_SOURCE_REVIEW,RECOGNITION,1,4,TG10_STEM_BRANCH_L2,0.0
V4EXP_PAIR_011,NEWDEV2_027,V4_TARGET_EXPANSION_2026-08-16,COMPETITIVE,1,4,TG10_STEM_BRANCH_L2,1.0
V4EXP_PAIR_012,NEWDEV2_027,V4_TARGET_EXPANSION_2026-08-16,COMPETITIVE,1,4,TG10_STEM_BRANCH_L2,0.0
V4EXP_PAIR_013,NEWDEV2_027,V4_TARGET_EXPANSION_2026-08-16,COMPETITIVE,1,4,TG10_STEM_BRANCH_L2,1.0
V4EXP_PAIR_020,NEWDEV2_031,V4_TARGET_EXPANSION_2026-08-16,COMPETITIVE,1,4,TG10_STEM_BRANCH_L2,0.0
V4EXP_PAIR_022,NEWDEV2_059,V4_TARGET_EXPANSION_2026-08-16,COMPETITIVE,1,4,TG10_STEM_BRANCH_L2,0.0
V4EXP_PAIR_023,NEWDEV2_059,V4_TARGET_EXPANSION_2026-08-16,COMPETITIVE,1,4,TG10_STEM_BRANCH_L2,0.0
V4EXP_PAIR_028,MLV2_DEV_027,V4_TARGET_EXPANSION_2026-08-16,PROJECT,1,4,TG10_STEM_BRANCH_L2,1.0
V4EXP_PAIR_029,MLV2_DEV_063,V4_TARGET_EXPANSION_2026-08-16,PROJECT,1,4,TG10_STEM_BRANCH_L2,1.0
V4EXP_PAIR_049,NEWDEV2_089,V4_TARGET_EXPANSION_2026-08-16,STATUS,1,4,TG10_STEM_BRANCH_L2,0.0
V4PRE_PAIR_006,NEWDEV2_024,PREEXISTING_414_SOURCE_REVIEW,PROJECT,1,4,TG10_SB_STRENGTH_L2,1.0
V4PRE_PAIR_021,NEWDEV2_074,PREEXISTING_414_SOURCE_REVIEW,PROJECT,1,4,TG10_SB_STRENGTH_L2,0.0
V4PRE_PAIR_022,NEWDEV2_075,PREEXISTING_414_SOURCE_REVIEW,COMPETITIVE,1,4,TG10_SB_STRENGTH_L2,1.0
V4PRE_PAIR_023,NEWDEV2_077,PREEXISTING_414_SOURCE_REVIEW,PROJECT,1,4,TG10_SB_STRENGTH_L2,0.0
V4PRE_PAIR_024,NEWDEV2_078,PREEXISTING_414_SOURCE_REVIEW,COMPETITIVE,1,4,TG10_SB_STRENGTH_L2,1.0
V4PRE_PAIR_027,NEWDEV2_089,PREEXISTING_414_SOURCE_REVIEW,STATUS,1,4,TG10_SB_STRENGTH_L2,0.0
V4PRE_PAIR_035,MLV2_DEV_008,PREEXISTING_414_SOURCE_REVIEW,PROJECT,1,4,TG10_SB_STRENGTH_L2,0.0
V4PRE_PAIR_039,MLV2_DEV_027,PREEXISTING_414_SOURCE_REVIEW,PROJECT,1,4,TG10_SB_STRENGTH_L2,1.0
V4PRE_PAIR_040,MLV2_DEV_033,PREEXISTING_414_SOURCE_REVIEW,PROJECT,1,4,TG10_SB_STRENGTH_L2,0.0
V4PRE_PAIR_041,MLV2_DEV_038,PREEXISTING_414_SOURCE_REVIEW,RECOGNITION,1,4,TG10_SB_STRENGTH_L2,0.0
V4EXP_PAIR_011,NEWDEV2_027,V4_TARGET_EXPANSION_2026-08-16,COMPETITIVE,1,4,TG10_SB_STRENGTH_L2,1.0
V4EXP_PAIR_012,NEWDEV2_027,V4_TARGET_EXPANSION_2026-08-16,COMPETITIVE,1,4,TG10_SB_STRENGTH_L2,0.0
V4EXP_PAIR_013,NEWDEV2_027,V4_TARGET_EXPANSION_2026-08-16,COMPETITIVE,1,4,TG10_SB_STRENGTH_L2,0.0
V4EXP_PAIR_020,NEWDEV2_031,V4_TARGET_EXPANSION_2026-08-16,COMPETITIVE,1,4,TG10_SB_STRENGTH_L2,0.0
V4EXP_PAIR_022,NEWDEV2_059,V4_TARGET_EXPANSION_2026-08-16,COMPETITIVE,1,4,TG10_SB_STRENGTH_L2,0.0
V4EXP_PAIR_023,NEWDEV2_059,V4_TARGET_EXPANSION_2026-08-16,COMPETITIVE,1,4,TG10_SB_STRENGTH_L2,1.0
V4EXP_PAIR_028,MLV2_DEV_027,V4_TARGET_EXPANSION_2026-08-16,PROJECT,1,4,TG10_SB_STRENGTH_L2,1.0
V4EXP_PAIR_029,MLV2_DEV_063,V4_TARGET_EXPANSION_2026-08-16,PROJECT,1,4,TG10_SB_STRENGTH_L2,1.0
V4EXP_PAIR_049,NEWDEV2_089,V4_TARGET_EXPANSION_2026-08-16,STATUS,1,4,TG10_SB_STRENGTH_L2,1.0
V4PRE_PAIR_006,NEWDEV2_024,PREEXISTING_414_SOURCE_REVIEW,PROJECT,1,4,TG10_SB_RELATIONS_L2,1.0
V4PRE_PAIR_021,NEWDEV2_074,PREEXISTING_414_SOURCE_REVIEW,PROJECT,1,4,TG10_SB_RELATIONS_L2,1.0
V4PRE_PAIR_022,NEWDEV2_075,PREEXISTING_414_SOURCE_REVIEW,COMPETITIVE,1,4,TG10_SB_RELATIONS_L2,1.0
V4PRE_PAIR_023,NEWDEV2_077,PREEXISTING_414_SOURCE_REVIEW,PROJECT,1,4,TG10_SB_RELATIONS_L2,0.0
V4PRE_PAIR_024,NEWDEV2_078,PREEXISTING_414_SOURCE_REVIEW,COMPETITIVE,1,4,TG10_SB_RELATIONS_L2,0.0
V4PRE_PAIR_027,NEWDEV2_089,PREEXISTING_414_SOURCE_REVIEW,STATUS,1,4,TG10_SB_RELATIONS_L2,1.0
V4PRE_PAIR_035,MLV2_DEV_008,PREEXISTING_414_SOURCE_REVIEW,PROJECT,1,4,TG10_SB_RELATIONS_L2,0.0
V4PRE_PAIR_039,MLV2_DEV_027,PREEXISTING_414_SOURCE_REVIEW,PROJECT,1,4,TG10_SB_RELATIONS_L2,1.0
V4PRE_PAIR_040,MLV2_DEV_033,PREEXISTING_414_SOURCE_REVIEW,PROJECT,1,4,TG10_SB_RELATIONS_L2,0.0
V4PRE_PAIR_041,MLV2_DEV_038,PREEXISTING_414_SOURCE_REVIEW,RECOGNITION,1,4,TG10_SB_RELATIONS_L2,0.0
V4EXP_PAIR_011,NEWDEV2_027,V4_TARGET_EXPANSION_2026-08-16,COMPETITIVE,1,4,TG10_SB_RELATIONS_L2,1.0
V4EXP_PAIR_012,NEWDEV2_027,V4_TARGET_EXPANSION_2026-08-16,COMPETITIVE,1,4,TG10_SB_RELATIONS_L2,0.0
V4EXP_PAIR_013,NEWDEV2_027,V4_TARGET_EXPANSION_2026-08-16,COMPETITIVE,1,4,TG10_SB_RELATIONS_L2,0.0
V4EXP_PAIR_020,NEWDEV2_031,V4_TARGET_EXPANSION_2026-08-16,COMPETITIVE,1,4,TG10_SB_RELATIONS_L2,0.0
V4EXP_PAIR_022,NEWDEV2_059,V4_TARGET_EXPANSION_2026-08-16,COMPETITIVE,1,4,TG10_SB_RELATIONS_L2,1.0
V4EXP_PAIR_023,NEWDEV2_059,V4_TARGET_EXPANSION_2026-08-16,COMPETITIVE,1,4,TG10_SB_RELATIONS_L2,1.0
V4EXP_PAIR_028,MLV2_DEV_027,V4_TARGET_EXPANSION_2026-08-16,PROJECT,1,4,TG10_SB_RELATIONS_L2,1.0
V4EXP_PAIR_029,MLV2_DEV_063,V4_TARGET_EXPANSION_2026-08-16,PROJECT,1,4,TG10_SB_RELATIONS_L2,1.0
V4EXP_PAIR_049,NEWDEV2_089,V4_TARGET_EXPANSION_2026-08-16,STATUS,1,4,TG10_SB_RELATIONS_L2,0.0
V4PRE_PAIR_006,NEWDEV2_024,PREEXISTING_414_SOURCE_REVIEW,PROJECT,1,4,ALL_L2,1.0
V4PRE_PAIR_021,NEWDEV2_074,PREEXISTING_414_SOURCE_REVIEW,PROJECT,1,4,ALL_L2,0.0
V4PRE_PAIR_022,NEWDEV2_075,PREEXISTING_414_SOURCE_REVIEW,COMPETITIVE,1,4,ALL_L2,1.0
V4PRE_PAIR_023,NEWDEV2_077,PREEXISTING_414_SOURCE_REVIEW,PROJECT,1,4,ALL_L2,0.0
V4PRE_PAIR_024,NEWDEV2_078,PREEXISTING_414_SOURCE_REVIEW,COMPETITIVE,1,4,ALL_L2,1.0
V4PRE_PAIR_027,NEWDEV2_089,PREEXISTING_414_SOURCE_REVIEW,STATUS,1,4,ALL_L2,0.0
V4PRE_PAIR_035,MLV2_DEV_008,PREEXISTING_414_SOURCE_REVIEW,PROJECT,1,4,ALL_L2,0.0
V4PRE_PAIR_039,MLV2_DEV_027,PREEXISTING_414_SOURCE_REVIEW,PROJECT,1,4,ALL_L2,1.0
V4PRE_PAIR_040,MLV2_DEV_033,PREEXISTING_414_SOURCE_REVIEW,PROJECT,1,4,ALL_L2,0.0
V4PRE_PAIR_041,MLV2_DEV_038,PREEXISTING_414_SOURCE_REVIEW,RECOGNITION,1,4,ALL_L2,0.0
V4EXP_PAIR_011,NEWDEV2_027,V4_TARGET_EXPANSION_2026-08-16,COMPETITIVE,1,4,ALL_L2,1.0
V4EXP_PAIR_012,NEWDEV2_027,V4_TARGET_EXPANSION_2026-08-16,COMPETITIVE,1,4,ALL_L2,0.0
V4EXP_PAIR_013,NEWDEV2_027,V4_TARGET_EXPANSION_2026-08-16,COMPETITIVE,1,4,ALL_L2,0.0
V4EXP_PAIR_020,NEWDEV2_031,V4_TARGET_EXPANSION_2026-08-16,COMPETITIVE,1,4,ALL_L2,0.0
V4EXP_PAIR_022,NEWDEV2_059,V4_TARGET_EXPANSION_2026-08-16,COMPETITIVE,1,4,ALL_L2,1.0
V4EXP_PAIR_023,NEWDEV2_059,V4_TARGET_EXPANSION_2026-08-16,COMPETITIVE,1,4,ALL_L2,1.0
V4EXP_PAIR_028,MLV2_DEV_027,V4_TARGET_EXPANSION_2026-08-16,PROJECT,1,4,ALL_L2,1.0
V4EXP_PAIR_029,MLV2_DEV_063,V4_TARGET_EXPANSION_2026-08-16,PROJECT,1,4,ALL_L2,1.0
V4EXP_PAIR_049,NEWDEV2_089,V4_TARGET_EXPANSION_2026-08-16,STATUS,1,4,ALL_L2,1.0
V4PRE_PAIR_006,NEWDEV2_024,PREEXISTING_414_SOURCE_REVIEW,PROJECT,1,4,NUISANCE_AGE_AXIS,1.0
V4PRE_PAIR_021,NEWDEV2_074,PREEXISTING_414_SOURCE_REVIEW,PROJECT,1,4,NUISANCE_AGE_AXIS,1.0
V4PRE_PAIR_022,NEWDEV2_075,PREEXISTING_414_SOURCE_REVIEW,COMPETITIVE,1,4,NUISANCE_AGE_AXIS,1.0
V4PRE_PAIR_023,NEWDEV2_077,PREEXISTING_414_SOURCE_REVIEW,PROJECT,1,4,NUISANCE_AGE_AXIS,1.0
V4PRE_PAIR_024,NEWDEV2_078,PREEXISTING_414_SOURCE_REVIEW,COMPETITIVE,1,4,NUISANCE_AGE_AXIS,1.0
V4PRE_PAIR_027,NEWDEV2_089,PREEXISTING_414_SOURCE_REVIEW,STATUS,1,4,NUISANCE_AGE_AXIS,1.0
V4PRE_PAIR_035,MLV2_DEV_008,PREEXISTING_414_SOURCE_REVIEW,PROJECT,1,4,NUISANCE_AGE_AXIS,1.0
V4PRE_PAIR_039,MLV2_DEV_027,PREEXISTING_414_SOURCE_REVIEW,PROJECT,1,4,NUISANCE_AGE_AXIS,1.0
V4PRE_PAIR_040,MLV2_DEV_033,PREEXISTING_414_SOURCE_REVIEW,PROJECT,1,4,NUISANCE_AGE_AXIS,0.0
V4PRE_PAIR_041,MLV2_DEV_038,PREEXISTING_414_SOURCE_REVIEW,RECOGNITION,1,4,NUISANCE_AGE_AXIS,0.0
V4EXP_PAIR_011,NEWDEV2_027,V4_TARGET_EXPANSION_2026-08-16,COMPETITIVE,1,4,NUISANCE_AGE_AXIS,0.0
V4EXP_PAIR_012,NEWDEV2_027,V4_TARGET_EXPANSION_2026-08-16,COMPETITIVE,1,4,NUISANCE_AGE_AXIS,0.0
V4EXP_PAIR_013,NEWDEV2_027,V4_TARGET_EXPANSION_2026-08-16,COMPETITIVE,1,4,NUISANCE_AGE_AXIS,0.0
V4EXP_PAIR_020,NEWDEV2_031,V4_TARGET_EXPANSION_2026-08-16,COMPETITIVE,1,4,NUISANCE_AGE_AXIS,0.0
V4EXP_PAIR_022,NEWDEV2_059,V4_TARGET_EXPANSION_2026-08-16,COMPETITIVE,1,4,NUISANCE_AGE_AXIS,0.0
V4EXP_PAIR_023,NEWDEV2_059,V4_TARGET_EXPANSION_2026-08-16,COMPETITIVE,1,4,NUISANCE_AGE_AXIS,0.0
V4EXP_PAIR_028,MLV2_DEV_027,V4_TARGET_EXPANSION_2026-08-16,PROJECT,1,4,NUISANCE_AGE_AXIS,0.0
V4EXP_PAIR_029,MLV2_DEV_063,V4_TARGET_EXPANSION_2026-08-16,PROJECT,1,4,NUISANCE_AGE_AXIS,0.0
V4EXP_PAIR_049,NEWDEV2_089,V4_TARGET_EXPANSION_2026-08-16,STATUS,1,4,NUISANCE_AGE_AXIS,0.0
V4PRE_PAIR_006,NEWDEV2_024,PREEXISTING_414_SOURCE_REVIEW,PROJECT,1,4,NUISANCE_WITH_ORIGIN_DIAGNOSTIC,1.0
V4PRE_PAIR_021,NEWDEV2_074,PREEXISTING_414_SOURCE_REVIEW,PROJECT,1,4,NUISANCE_WITH_ORIGIN_DIAGNOSTIC,1.0
V4PRE_PAIR_022,NEWDEV2_075,PREEXISTING_414_SOURCE_REVIEW,COMPETITIVE,1,4,NUISANCE_WITH_ORIGIN_DIAGNOSTIC,1.0
V4PRE_PAIR_023,NEWDEV2_077,PREEXISTING_414_SOURCE_REVIEW,PROJECT,1,4,NUISANCE_WITH_ORIGIN_DIAGNOSTIC,1.0
V4PRE_PAIR_024,NEWDEV2_078,PREEXISTING_414_SOURCE_REVIEW,COMPETITIVE,1,4,NUISANCE_WITH_ORIGIN_DIAGNOSTIC,1.0
V4PRE_PAIR_027,NEWDEV2_089,PREEXISTING_414_SOURCE_REVIEW,STATUS,1,4,NUISANCE_WITH_ORIGIN_DIAGNOSTIC,1.0
V4PRE_PAIR_035,MLV2_DEV_008,PREEXISTING_414_SOURCE_REVIEW,PROJECT,1,4,NUISANCE_WITH_ORIGIN_DIAGNOSTIC,1.0
V4PRE_PAIR_039,MLV2_DEV_027,PREEXISTING_414_SOURCE_REVIEW,PROJECT,1,4,NUISANCE_WITH_ORIGIN_DIAGNOSTIC,1.0
V4PRE_PAIR_040,MLV2_DEV_033,PREEXISTING_414_SOURCE_REVIEW,PROJECT,1,4,NUISANCE_WITH_ORIGIN_DIAGNOSTIC,0.0
V4PRE_PAIR_041,MLV2_DEV_038,PREEXISTING_414_SOURCE_REVIEW,RECOGNITION,1,4,NUISANCE_WITH_ORIGIN_DIAGNOSTIC,0.0
V4EXP_PAIR_011,NEWDEV2_027,V4_TARGET_EXPANSION_2026-08-16,COMPETITIVE,1,4,NUISANCE_WITH_ORIGIN_DIAGNOSTIC,1.0
V4EXP_PAIR_012,NEWDEV2_027,V4_TARGET_EXPANSION_2026-08-16,COMPETITIVE,1,4,NUISANCE_WITH_ORIGIN_DIAGNOSTIC,1.0
V4EXP_PAIR_013,NEWDEV2_027,V4_TARGET_EXPANSION_2026-08-16,COMPETITIVE,1,4,NUISANCE_WITH_ORIGIN_DIAGNOSTIC,1.0
V4EXP_PAIR_020,NEWDEV2_031,V4_TARGET_EXPANSION_2026-08-16,COMPETITIVE,1,4,NUISANCE_WITH_ORIGIN_DIAGNOSTIC,1.0
V4EXP_PAIR_022,NEWDEV2_059,V4_TARGET_EXPANSION_2026-08-16,COMPETITIVE,1,4,NUISANCE_WITH_ORIGIN_DIAGNOSTIC,1.0
V4EXP_PAIR_023,NEWDEV2_059,V4_TARGET_EXPANSION_2026-08-16,COMPETITIVE,1,4,NUISANCE_WITH_ORIGIN_DIAGNOSTIC,1.0
V4EXP_PAIR_028,MLV2_DEV_027,V4_TARGET_EXPANSION_2026-08-16,PROJECT,1,4,NUISANCE_WITH_ORIGIN_DIAGNOSTIC,1.0
V4EXP_PAIR_029,MLV2_DEV_063,V4_TARGET_EXPANSION_2026-08-16,PROJECT,1,4,NUISANCE_WITH_ORIGIN_DIAGNOSTIC,1.0
V4EXP_PAIR_049,NEWDEV2_089,V4_TARGET_EXPANSION_2026-08-16,STATUS,1,4,NUISANCE_WITH_ORIGIN_DIAGNOSTIC,1.0
V4PRE_PAIR_006,NEWDEV2_024,PREEXISTING_414_SOURCE_REVIEW,PROJECT,1,4,ALL_ELASTICNET_AUTO,1.0
V4PRE_PAIR_021,NEWDEV2_074,PREEXISTING_414_SOURCE_REVIEW,PROJECT,1,4,ALL_ELASTICNET_AUTO,1.0
V4PRE_PAIR_022,NEWDEV2_075,PREEXISTING_414_SOURCE_REVIEW,COMPETITIVE,1,4,ALL_ELASTICNET_AUTO,1.0
V4PRE_PAIR_023,NEWDEV2_077,PREEXISTING_414_SOURCE_REVIEW,PROJECT,1,4,ALL_ELASTICNET_AUTO,1.0
V4PRE_PAIR_024,NEWDEV2_078,PREEXISTING_414_SOURCE_REVIEW,COMPETITIVE,1,4,ALL_ELASTICNET_AUTO,1.0
V4PRE_PAIR_027,NEWDEV2_089,PREEXISTING_414_SOURCE_REVIEW,STATUS,1,4,ALL_ELASTICNET_AUTO,1.0
V4PRE_PAIR_035,MLV2_DEV_008,PREEXISTING_414_SOURCE_REVIEW,PROJECT,1,4,ALL_ELASTICNET_AUTO,1.0
V4PRE_PAIR_039,MLV2_DEV_027,PREEXISTING_414_SOURCE_REVIEW,PROJECT,1,4,ALL_ELASTICNET_AUTO,1.0
V4PRE_PAIR_040,MLV2_DEV_033,PREEXISTING_414_SOURCE_REVIEW,PROJECT,1,4,ALL_ELASTICNET_AUTO,1.0
V4PRE_PAIR_041,MLV2_DEV_038,PREEXISTING_414_SOURCE_REVIEW,RECOGNITION,1,4,ALL_ELASTICNET_AUTO,1.0
V4EXP_PAIR_011,NEWDEV2_027,V4_TARGET_EXPANSION_2026-08-16,COMPETITIVE,1,4,ALL_ELASTICNET_AUTO,1.0
V4EXP_PAIR_012,NEWDEV2_027,V4_TARGET_EXPANSION_2026-08-16,COMPETITIVE,1,4,ALL_ELASTICNET_AUTO,1.0
V4EXP_PAIR_013,NEWDEV2_027,V4_TARGET_EXPANSION_2026-08-16,COMPETITIVE,1,4,ALL_ELASTICNET_AUTO,1.0
V4EXP_PAIR_020,NEWDEV2_031,V4_TARGET_EXPANSION_2026-08-16,COMPETITIVE,1,4,ALL_ELASTICNET_AUTO,1.0
V4EXP_PAIR_022,NEWDEV2_059,V4_TARGET_EXPANSION_2026-08-16,COMPETITIVE,1,4,ALL_ELASTICNET_AUTO,1.0
V4EXP_PAIR_023,NEWDEV2_059,V4_TARGET_EXPANSION_2026-08-16,COMPETITIVE,1,4,ALL_ELASTICNET_AUTO,1.0
V4EXP_PAIR_028,MLV2_DEV_027,V4_TARGET_EXPANSION_2026-08-16,PROJECT,1,4,ALL_ELASTICNET_AUTO,1.0
V4EXP_PAIR_029,MLV2_DEV_063,V4_TARGET_EXPANSION_2026-08-16,PROJECT,1,4,ALL_ELASTICNET_AUTO,1.0
V4EXP_PAIR_049,NEWDEV2_089,V4_TARGET_EXPANSION_2026-08-16,STATUS,1,4,ALL_ELASTICNET_AUTO,1.0
V4PRE_PAIR_006,NEWDEV2_024,PREEXISTING_414_SOURCE_REVIEW,PROJECT,1,4,HGB_ALL_EXPLORATORY,0.0
V4PRE_PAIR_021,NEWDEV2_074,PREEXISTING_414_SOURCE_REVIEW,PROJECT,1,4,HGB_ALL_EXPLORATORY,0.0
V4PRE_PAIR_022,NEWDEV2_075,PREEXISTING_414_SOURCE_REVIEW,COMPETITIVE,1,4,HGB_ALL_EXPLORATORY,0.0
V4PRE_PAIR_023,NEWDEV2_077,PREEXISTING_414_SOURCE_REVIEW,PROJECT,1,4,HGB_ALL_EXPLORATORY,1.0
V4PRE_PAIR_024,NEWDEV2_078,PREEXISTING_414_SOURCE_REVIEW,COMPETITIVE,1,4,HGB_ALL_EXPLORATORY,1.0
V4PRE_PAIR_027,NEWDEV2_089,PREEXISTING_414_SOURCE_REVIEW,STATUS,1,4,HGB_ALL_EXPLORATORY,1.0
V4PRE_PAIR_035,MLV2_DEV_008,PREEXISTING_414_SOURCE_REVIEW,PROJECT,1,4,HGB_ALL_EXPLORATORY,1.0
V4PRE_PAIR_039,MLV2_DEV_027,PREEXISTING_414_SOURCE_REVIEW,PROJECT,1,4,HGB_ALL_EXPLORATORY,0.0
V4PRE_PAIR_040,MLV2_DEV_033,PREEXISTING_414_SOURCE_REVIEW,PROJECT,1,4,HGB_ALL_EXPLORATORY,0.0
V4PRE_PAIR_041,MLV2_DEV_038,PREEXISTING_414_SOURCE_REVIEW,RECOGNITION,1,4,HGB_ALL_EXPLORATORY,0.0
V4EXP_PAIR_011,NEWDEV2_027,V4_TARGET_EXPANSION_2026-08-16,COMPETITIVE,1,4,HGB_ALL_EXPLORATORY,1.0
V4EXP_PAIR_012,NEWDEV2_027,V4_TARGET_EXPANSION_2026-08-16,COMPETITIVE,1,4,HGB_ALL_EXPLORATORY,0.0
V4EXP_PAIR_013,NEWDEV2_027,V4_TARGET_EXPANSION_2026-08-16,COMPETITIVE,1,4,HGB_ALL_EXPLORATORY,0.0
V4EXP_PAIR_020,NEWDEV2_031,V4_TARGET_EXPANSION_2026-08-16,COMPETITIVE,1,4,HGB_ALL_EXPLORATORY,0.0
V4EXP_PAIR_022,NEWDEV2_059,V4_TARGET_EXPANSION_2026-08-16,COMPETITIVE,1,4,HGB_ALL_EXPLORATORY,0.0
V4EXP_PAIR_023,NEWDEV2_059,V4_TARGET_EXPANSION_2026-08-16,COMPETITIVE,1,4,HGB_ALL_EXPLORATORY,1.0
V4EXP_PAIR_028,MLV2_DEV_027,V4_TARGET_EXPANSION_2026-08-16,PROJECT,1,4,HGB_ALL_EXPLORATORY,0.0
V4EXP_PAIR_029,MLV2_DEV_063,V4_TARGET_EXPANSION_2026-08-16,PROJECT,1,4,HGB_ALL_EXPLORATORY,1.0
V4EXP_PAIR_049,NEWDEV2_089,V4_TARGET_EXPANSION_2026-08-16,STATUS,1,4,HGB_ALL_EXPLORATORY,1.0
V4PRE_PAIR_004,NEWDEV2_016,PREEXISTING_414_SOURCE_REVIEW,COMPETITIVE,2,0,AGE_YOUNGER_FIXED,0.0
V4PRE_PAIR_009,NEWDEV2_030,PREEXISTING_414_SOURCE_REVIEW,COMPETITIVE,2,0,AGE_YOUNGER_FIXED,1.0
V4PRE_PAIR_011,NEWDEV2_039,PREEXISTING_414_SOURCE_REVIEW,STATUS,2,0,AGE_YOUNGER_FIXED,1.0
V4PRE_PAIR_018,NEWDEV2_067,PREEXISTING_414_SOURCE_REVIEW,STATUS,2,0,AGE_YOUNGER_FIXED,1.0
V4PRE_PAIR_025,NEWDEV2_081,PREEXISTING_414_SOURCE_REVIEW,PROJECT,2,0,AGE_YOUNGER_FIXED,1.0
V4PRE_PAIR_029,NEWDEV2_091,PREEXISTING_414_SOURCE_REVIEW,PROJECT,2,0,AGE_YOUNGER_FIXED,1.0
V4PRE_PAIR_036,MLV2_DEV_020,PREEXISTING_414_SOURCE_REVIEW,PROJECT,2,0,AGE_YOUNGER_FIXED,1.0
V4PRE_PAIR_037,MLV2_DEV_022,PREEXISTING_414_SOURCE_REVIEW,RECOGNITION,2,0,AGE_YOUNGER_FIXED,1.0
V4PRE_PAIR_038,MLV2_DEV_022,PREEXISTING_414_SOURCE_REVIEW,RECOGNITION,2,0,AGE_YOUNGER_FIXED,0.0
V4PRE_PAIR_048,MLV2_DEV_057,PREEXISTING_414_SOURCE_REVIEW,PROJECT,2,0,AGE_YOUNGER_FIXED,1.0
V4EXP_PAIR_006,MLV2_DEV_068,V4_TARGET_EXPANSION_2026-08-16,COMPETITIVE,2,0,AGE_YOUNGER_FIXED,0.0
V4EXP_PAIR_007,MLV2_DEV_068,V4_TARGET_EXPANSION_2026-08-16,COMPETITIVE,2,0,AGE_YOUNGER_FIXED,0.0
V4EXP_PAIR_008,MLV2_DEV_068,V4_TARGET_EXPANSION_2026-08-16,COMPETITIVE,2,0,AGE_YOUNGER_FIXED,0.0
V4EXP_PAIR_009,MLV2_DEV_068,V4_TARGET_EXPANSION_2026-08-16,COMPETITIVE,2,0,AGE_YOUNGER_FIXED,0.0
V4EXP_PAIR_010,MLV2_DEV_068,V4_TARGET_EXPANSION_2026-08-16,COMPETITIVE,2,0,AGE_YOUNGER_FIXED,0.0
V4EXP_PAIR_021,NEWDEV2_092,V4_TARGET_EXPANSION_2026-08-16,COMPETITIVE,2,0,AGE_YOUNGER_FIXED,0.0
V4EXP_PAIR_031,NEWDEV2_054,V4_TARGET_EXPANSION_2026-08-16,PROJECT,2,0,AGE_YOUNGER_FIXED,0.0
V4EXP_PAIR_033,NEWDEV2_081,V4_TARGET_EXPANSION_2026-08-16,PROJECT,2,0,AGE_YOUNGER_FIXED,0.0
V4EXP_PAIR_038,MLV2_DEV_012,V4_TARGET_EXPANSION_2026-08-16,PROJECT,2,0,AGE_YOUNGER_FIXED,0.0
V4EXP_PAIR_044,MLV2_DEV_057,V4_TARGET_EXPANSION_2026-08-16,PROJECT,2,0,AGE_YOUNGER_FIXED,0.0
V4PRE_PAIR_004,NEWDEV2_016,PREEXISTING_414_SOURCE_REVIEW,COMPETITIVE,2,0,AGE_LATER_FIXED,1.0
V4PRE_PAIR_009,NEWDEV2_030,PREEXISTING_414_SOURCE_REVIEW,COMPETITIVE,2,0,AGE_LATER_FIXED,0.0
V4PRE_PAIR_011,NEWDEV2_039,PREEXISTING_414_SOURCE_REVIEW,STATUS,2,0,AGE_LATER_FIXED,0.0
V4PRE_PAIR_018,NEWDEV2_067,PREEXISTING_414_SOURCE_REVIEW,STATUS,2,0,AGE_LATER_FIXED,0.0
V4PRE_PAIR_025,NEWDEV2_081,PREEXISTING_414_SOURCE_REVIEW,PROJECT,2,0,AGE_LATER_FIXED,0.0
V4PRE_PAIR_029,NEWDEV2_091,PREEXISTING_414_SOURCE_REVIEW,PROJECT,2,0,AGE_LATER_FIXED,0.0
V4PRE_PAIR_036,MLV2_DEV_020,PREEXISTING_414_SOURCE_REVIEW,PROJECT,2,0,AGE_LATER_FIXED,0.0
V4PRE_PAIR_037,MLV2_DEV_022,PREEXISTING_414_SOURCE_REVIEW,RECOGNITION,2,0,AGE_LATER_FIXED,0.0
V4PRE_PAIR_038,MLV2_DEV_022,PREEXISTING_414_SOURCE_REVIEW,RECOGNITION,2,0,AGE_LATER_FIXED,1.0
V4PRE_PAIR_048,MLV2_DEV_057,PREEXISTING_414_SOURCE_REVIEW,PROJECT,2,0,AGE_LATER_FIXED,0.0
V4EXP_PAIR_006,MLV2_DEV_068,V4_TARGET_EXPANSION_2026-08-16,COMPETITIVE,2,0,AGE_LATER_FIXED,1.0
V4EXP_PAIR_007,MLV2_DEV_068,V4_TARGET_EXPANSION_2026-08-16,COMPETITIVE,2,0,AGE_LATER_FIXED,1.0
V4EXP_PAIR_008,MLV2_DEV_068,V4_TARGET_EXPANSION_2026-08-16,COMPETITIVE,2,0,AGE_LATER_FIXED,1.0
V4EXP_PAIR_009,MLV2_DEV_068,V4_TARGET_EXPANSION_2026-08-16,COMPETITIVE,2,0,AGE_LATER_FIXED,1.0
V4EXP_PAIR_010,MLV2_DEV_068,V4_TARGET_EXPANSION_2026-08-16,COMPETITIVE,2,0,AGE_LATER_FIXED,1.0
V4EXP_PAIR_021,NEWDEV2_092,V4_TARGET_EXPANSION_2026-08-16,COMPETITIVE,2,0,AGE_LATER_FIXED,1.0
V4EXP_PAIR_031,NEWDEV2_054,V4_TARGET_EXPANSION_2026-08-16,PROJECT,2,0,AGE_LATER_FIXED,1.0
V4EXP_PAIR_033,NEWDEV2_081,V4_TARGET_EXPANSION_2026-08-16,PROJECT,2,0,AGE_LATER_FIXED,1.0
V4EXP_PAIR_038,MLV2_DEV_012,V4_TARGET_EXPANSION_2026-08-16,PROJECT,2,0,AGE_LATER_FIXED,1.0
V4EXP_PAIR_044,MLV2_DEV_057,V4_TARGET_EXPANSION_2026-08-16,PROJECT,2,0,AGE_LATER_FIXED,1.0
V4PRE_PAIR_004,NEWDEV2_016,PREEXISTING_414_SOURCE_REVIEW,COMPETITIVE,2,0,CONTROL_FIXED,0.0
V4PRE_PAIR_009,NEWDEV2_030,PREEXISTING_414_SOURCE_REVIEW,COMPETITIVE,2,0,CONTROL_FIXED,0.0
V4PRE_PAIR_011,NEWDEV2_039,PREEXISTING_414_SOURCE_REVIEW,STATUS,2,0,CONTROL_FIXED,1.0
V4PRE_PAIR_018,NEWDEV2_067,PREEXISTING_414_SOURCE_REVIEW,STATUS,2,0,CONTROL_FIXED,1.0
V4PRE_PAIR_025,NEWDEV2_081,PREEXISTING_414_SOURCE_REVIEW,PROJECT,2,0,CONTROL_FIXED,0.0
V4PRE_PAIR_029,NEWDEV2_091,PREEXISTING_414_SOURCE_REVIEW,PROJECT,2,0,CONTROL_FIXED,1.0
V4PRE_PAIR_036,MLV2_DEV_020,PREEXISTING_414_SOURCE_REVIEW,PROJECT,2,0,CONTROL_FIXED,0.0
V4PRE_PAIR_037,MLV2_DEV_022,PREEXISTING_414_SOURCE_REVIEW,RECOGNITION,2,0,CONTROL_FIXED,0.0
V4PRE_PAIR_038,MLV2_DEV_022,PREEXISTING_414_SOURCE_REVIEW,RECOGNITION,2,0,CONTROL_FIXED,1.0
V4PRE_PAIR_048,MLV2_DEV_057,PREEXISTING_414_SOURCE_REVIEW,PROJECT,2,0,CONTROL_FIXED,0.0
V4EXP_PAIR_006,MLV2_DEV_068,V4_TARGET_EXPANSION_2026-08-16,COMPETITIVE,2,0,CONTROL_FIXED,0.0
V4EXP_PAIR_007,MLV2_DEV_068,V4_TARGET_EXPANSION_2026-08-16,COMPETITIVE,2,0,CONTROL_FIXED,0.0
V4EXP_PAIR_008,MLV2_DEV_068,V4_TARGET_EXPANSION_2026-08-16,COMPETITIVE,2,0,CONTROL_FIXED,0.0
V4EXP_PAIR_009,MLV2_DEV_068,V4_TARGET_EXPANSION_2026-08-16,COMPETITIVE,2,0,CONTROL_FIXED,1.0
V4EXP_PAIR_010,MLV2_DEV_068,V4_TARGET_EXPANSION_2026-08-16,COMPETITIVE,2,0,CONTROL_FIXED,1.0
V4EXP_PAIR_021,NEWDEV2_092,V4_TARGET_EXPANSION_2026-08-16,COMPETITIVE,2,0,CONTROL_FIXED,0.0
V4EXP_PAIR_031,NEWDEV2_054,V4_TARGET_EXPANSION_2026-08-16,PROJECT,2,0,CONTROL_FIXED,0.5
V4EXP_PAIR_033,NEWDEV2_081,V4_TARGET_EXPANSION_2026-08-16,PROJECT,2,0,CONTROL_FIXED,1.0
V4EXP_PAIR_038,MLV2_DEV_012,V4_TARGET_EXPANSION_2026-08-16,PROJECT,2,0,CONTROL_FIXED,0.0
V4EXP_PAIR_044,MLV2_DEV_057,V4_TARGET_EXPANSION_2026-08-16,PROJECT,2,0,CONTROL_FIXED,0.0
V4PRE_PAIR_004,NEWDEV2_016,PREEXISTING_414_SOURCE_REVIEW,COMPETITIVE,2,0,TG5_GROUP_L2,1.0
V4PRE_PAIR_009,NEWDEV2_030,PREEXISTING_414_SOURCE_REVIEW,COMPETITIVE,2,0,TG5_GROUP_L2,0.0
V4PRE_PAIR_011,NEWDEV2_039,PREEXISTING_414_SOURCE_REVIEW,STATUS,2,0,TG5_GROUP_L2,0.5
V4PRE_PAIR_018,NEWDEV2_067,PREEXISTING_414_SOURCE_REVIEW,STATUS,2,0,TG5_GROUP_L2,0.0
V4PRE_PAIR_025,NEWDEV2_081,PREEXISTING_414_SOURCE_REVIEW,PROJECT,2,0,TG5_GROUP_L2,1.0
V4PRE_PAIR_029,NEWDEV2_091,PREEXISTING_414_SOURCE_REVIEW,PROJECT,2,0,TG5_GROUP_L2,0.0
V4PRE_PAIR_036,MLV2_DEV_020,PREEXISTING_414_SOURCE_REVIEW,PROJECT,2,0,TG5_GROUP_L2,0.0
V4PRE_PAIR_037,MLV2_DEV_022,PREEXISTING_414_SOURCE_REVIEW,RECOGNITION,2,0,TG5_GROUP_L2,1.0
V4PRE_PAIR_038,MLV2_DEV_022,PREEXISTING_414_SOURCE_REVIEW,RECOGNITION,2,0,TG5_GROUP_L2,0.5
V4PRE_PAIR_048,MLV2_DEV_057,PREEXISTING_414_SOURCE_REVIEW,PROJECT,2,0,TG5_GROUP_L2,0.5
V4EXP_PAIR_006,MLV2_DEV_068,V4_TARGET_EXPANSION_2026-08-16,COMPETITIVE,2,0,TG5_GROUP_L2,0.0
V4EXP_PAIR_007,MLV2_DEV_068,V4_TARGET_EXPANSION_2026-08-16,COMPETITIVE,2,0,TG5_GROUP_L2,0.5
V4EXP_PAIR_008,MLV2_DEV_068,V4_TARGET_EXPANSION_2026-08-16,COMPETITIVE,2,0,TG5_GROUP_L2,0.0
V4EXP_PAIR_009,MLV2_DEV_068,V4_TARGET_EXPANSION_2026-08-16,COMPETITIVE,2,0,TG5_GROUP_L2,1.0
V4EXP_PAIR_010,MLV2_DEV_068,V4_TARGET_EXPANSION_2026-08-16,COMPETITIVE,2,0,TG5_GROUP_L2,1.0
V4EXP_PAIR_021,NEWDEV2_092,V4_TARGET_EXPANSION_2026-08-16,COMPETITIVE,2,0,TG5_GROUP_L2,0.5
V4EXP_PAIR_031,NEWDEV2_054,V4_TARGET_EXPANSION_2026-08-16,PROJECT,2,0,TG5_GROUP_L2,1.0
V4EXP_PAIR_033,NEWDEV2_081,V4_TARGET_EXPANSION_2026-08-16,PROJECT,2,0,TG5_GROUP_L2,1.0
V4EXP_PAIR_038,MLV2_DEV_012,V4_TARGET_EXPANSION_2026-08-16,PROJECT,2,0,TG5_GROUP_L2,0.5
V4EXP_PAIR_044,MLV2_DEV_057,V4_TARGET_EXPANSION_2026-08-16,PROJECT,2,0,TG5_GROUP_L2,1.0
V4PRE_PAIR_004,NEWDEV2_016,PREEXISTING_414_SOURCE_REVIEW,COMPETITIVE,2,0,TG10_STEM_L2,1.0
V4PRE_PAIR_009,NEWDEV2_030,PREEXISTING_414_SOURCE_REVIEW,COMPETITIVE,2,0,TG10_STEM_L2,0.0
V4PRE_PAIR_011,NEWDEV2_039,PREEXISTING_414_SOURCE_REVIEW,STATUS,2,0,TG10_STEM_L2,1.0
V4PRE_PAIR_018,NEWDEV2_067,PREEXISTING_414_SOURCE_REVIEW,STATUS,2,0,TG10_STEM_L2,0.0
V4PRE_PAIR_025,NEWDEV2_081,PREEXISTING_414_SOURCE_REVIEW,PROJECT,2,0,TG10_STEM_L2,0.0
V4PRE_PAIR_029,NEWDEV2_091,PREEXISTING_414_SOURCE_REVIEW,PROJECT,2,0,TG10_STEM_L2,0.0
V4PRE_PAIR_036,MLV2_DEV_020,PREEXISTING_414_SOURCE_REVIEW,PROJECT,2,0,TG10_STEM_L2,0.0
V4PRE_PAIR_037,MLV2_DEV_022,PREEXISTING_414_SOURCE_REVIEW,RECOGNITION,2,0,TG10_STEM_L2,0.0
V4PRE_PAIR_038,MLV2_DEV_022,PREEXISTING_414_SOURCE_REVIEW,RECOGNITION,2,0,TG10_STEM_L2,1.0
V4PRE_PAIR_048,MLV2_DEV_057,PREEXISTING_414_SOURCE_REVIEW,PROJECT,2,0,TG10_STEM_L2,0.0
V4EXP_PAIR_006,MLV2_DEV_068,V4_TARGET_EXPANSION_2026-08-16,COMPETITIVE,2,0,TG10_STEM_L2,0.0
V4EXP_PAIR_007,MLV2_DEV_068,V4_TARGET_EXPANSION_2026-08-16,COMPETITIVE,2,0,TG10_STEM_L2,1.0
V4EXP_PAIR_008,MLV2_DEV_068,V4_TARGET_EXPANSION_2026-08-16,COMPETITIVE,2,0,TG10_STEM_L2,1.0
V4EXP_PAIR_009,MLV2_DEV_068,V4_TARGET_EXPANSION_2026-08-16,COMPETITIVE,2,0,TG10_STEM_L2,1.0
V4EXP_PAIR_010,MLV2_DEV_068,V4_TARGET_EXPANSION_2026-08-16,COMPETITIVE,2,0,TG10_STEM_L2,1.0
V4EXP_PAIR_021,NEWDEV2_092,V4_TARGET_EXPANSION_2026-08-16,COMPETITIVE,2,0,TG10_STEM_L2,0.0
V4EXP_PAIR_031,NEWDEV2_054,V4_TARGET_EXPANSION_2026-08-16,PROJECT,2,0,TG10_STEM_L2,1.0
V4EXP_PAIR_033,NEWDEV2_081,V4_TARGET_EXPANSION_2026-08-16,PROJECT,2,0,TG10_STEM_L2,0.0
V4EXP_PAIR_038,MLV2_DEV_012,V4_TARGET_EXPANSION_2026-08-16,PROJECT,2,0,TG10_STEM_L2,0.0
V4EXP_PAIR_044,MLV2_DEV_057,V4_TARGET_EXPANSION_2026-08-16,PROJECT,2,0,TG10_STEM_L2,1.0
V4PRE_PAIR_004,NEWDEV2_016,PREEXISTING_414_SOURCE_REVIEW,COMPETITIVE,2,0,TG10_STEM_BRANCH_L2,1.0
V4PRE_PAIR_009,NEWDEV2_030,PREEXISTING_414_SOURCE_REVIEW,COMPETITIVE,2,0,TG10_STEM_BRANCH_L2,0.0
V4PRE_PAIR_011,NEWDEV2_039,PREEXISTING_414_SOURCE_REVIEW,STATUS,2,0,TG10_STEM_BRANCH_L2,0.0
V4PRE_PAIR_018,NEWDEV2_067,PREEXISTING_414_SOURCE_REVIEW,STATUS,2,0,TG10_STEM_BRANCH_L2,1.0
V4PRE_PAIR_025,NEWDEV2_081,PREEXISTING_414_SOURCE_REVIEW,PROJECT,2,0,TG10_STEM_BRANCH_L2,0.0
V4PRE_PAIR_029,NEWDEV2_091,PREEXISTING_414_SOURCE_REVIEW,PROJECT,2,0,TG10_STEM_BRANCH_L2,1.0
V4PRE_PAIR_036,MLV2_DEV_020,PREEXISTING_414_SOURCE_REVIEW,PROJECT,2,0,TG10_STEM_BRANCH_L2,1.0
V4PRE_PAIR_037,MLV2_DEV_022,PREEXISTING_414_SOURCE_REVIEW,RECOGNITION,2,0,TG10_STEM_BRANCH_L2,0.0
V4PRE_PAIR_038,MLV2_DEV_022,PREEXISTING_414_SOURCE_REVIEW,RECOGNITION,2,0,TG10_STEM_BRANCH_L2,1.0
V4PRE_PAIR_048,MLV2_DEV_057,PREEXISTING_414_SOURCE_REVIEW,PROJECT,2,0,TG10_STEM_BRANCH_L2,0.0
V4EXP_PAIR_006,MLV2_DEV_068,V4_TARGET_EXPANSION_2026-08-16,COMPETITIVE,2,0,TG10_STEM_BRANCH_L2,1.0
V4EXP_PAIR_007,MLV2_DEV_068,V4_TARGET_EXPANSION_2026-08-16,COMPETITIVE,2,0,TG10_STEM_BRANCH_L2,1.0
V4EXP_PAIR_008,MLV2_DEV_068,V4_TARGET_EXPANSION_2026-08-16,COMPETITIVE,2,0,TG10_STEM_BRANCH_L2,1.0
V4EXP_PAIR_009,MLV2_DEV_068,V4_TARGET_EXPANSION_2026-08-16,COMPETITIVE,2,0,TG10_STEM_BRANCH_L2,0.0
V4EXP_PAIR_010,MLV2_DEV_068,V4_TARGET_EXPANSION_2026-08-16,COMPETITIVE,2,0,TG10_STEM_BRANCH_L2,0.0
V4EXP_PAIR_021,NEWDEV2_092,V4_TARGET_EXPANSION_2026-08-16,COMPETITIVE,2,0,TG10_STEM_BRANCH_L2,0.0
V4EXP_PAIR_031,NEWDEV2_054,V4_TARGET_EXPANSION_2026-08-16,PROJECT,2,0,TG10_STEM_BRANCH_L2,0.0
V4EXP_PAIR_033,NEWDEV2_081,V4_TARGET_EXPANSION_2026-08-16,PROJECT,2,0,TG10_STEM_BRANCH_L2,1.0
V4EXP_PAIR_038,MLV2_DEV_012,V4_TARGET_EXPANSION_2026-08-16,PROJECT,2,0,TG10_STEM_BRANCH_L2,1.0
V4EXP_PAIR_044,MLV2_DEV_057,V4_TARGET_EXPANSION_2026-08-16,PROJECT,2,0,TG10_STEM_BRANCH_L2,0.0
V4PRE_PAIR_004,NEWDEV2_016,PREEXISTING_414_SOURCE_REVIEW,COMPETITIVE,2,0,TG10_SB_STRENGTH_L2,1.0
V4PRE_PAIR_009,NEWDEV2_030,PREEXISTING_414_SOURCE_REVIEW,COMPETITIVE,2,0,TG10_SB_STRENGTH_L2,0.0
V4PRE_PAIR_011,NEWDEV2_039,PREEXISTING_414_SOURCE_REVIEW,STATUS,2,0,TG10_SB_STRENGTH_L2,0.0
V4PRE_PAIR_018,NEWDEV2_067,PREEXISTING_414_SOURCE_REVIEW,STATUS,2,0,TG10_SB_STRENGTH_L2,0.0
V4PRE_PAIR_025,NEWDEV2_081,PREEXISTING_414_SOURCE_REVIEW,PROJECT,2,0,TG10_SB_STRENGTH_L2,0.0
V4PRE_PAIR_029,NEWDEV2_091,PREEXISTING_414_SOURCE_REVIEW,PROJECT,2,0,TG10_SB_STRENGTH_L2,1.0
V4PRE_PAIR_036,MLV2_DEV_020,PREEXISTING_414_SOURCE_REVIEW,PROJECT,2,0,TG10_SB_STRENGTH_L2,0.0
V4PRE_PAIR_037,MLV2_DEV_022,PREEXISTING_414_SOURCE_REVIEW,RECOGNITION,2,0,TG10_SB_STRENGTH_L2,1.0
V4PRE_PAIR_038,MLV2_DEV_022,PREEXISTING_414_SOURCE_REVIEW,RECOGNITION,2,0,TG10_SB_STRENGTH_L2,0.0
V4PRE_PAIR_048,MLV2_DEV_057,PREEXISTING_414_SOURCE_REVIEW,PROJECT,2,0,TG10_SB_STRENGTH_L2,0.0
V4EXP_PAIR_006,MLV2_DEV_068,V4_TARGET_EXPANSION_2026-08-16,COMPETITIVE,2,0,TG10_SB_STRENGTH_L2,1.0
V4EXP_PAIR_007,MLV2_DEV_068,V4_TARGET_EXPANSION_2026-08-16,COMPETITIVE,2,0,TG10_SB_STRENGTH_L2,0.0
V4EXP_PAIR_008,MLV2_DEV_068,V4_TARGET_EXPANSION_2026-08-16,COMPETITIVE,2,0,TG10_SB_STRENGTH_L2,1.0
V4EXP_PAIR_009,MLV2_DEV_068,V4_TARGET_EXPANSION_2026-08-16,COMPETITIVE,2,0,TG10_SB_STRENGTH_L2,1.0
V4EXP_PAIR_010,MLV2_DEV_068,V4_TARGET_EXPANSION_2026-08-16,COMPETITIVE,2,0,TG10_SB_STRENGTH_L2,1.0
V4EXP_PAIR_021,NEWDEV2_092,V4_TARGET_EXPANSION_2026-08-16,COMPETITIVE,2,0,TG10_SB_STRENGTH_L2,0.0
V4EXP_PAIR_031,NEWDEV2_054,V4_TARGET_EXPANSION_2026-08-16,PROJECT,2,0,TG10_SB_STRENGTH_L2,0.0
V4EXP_PAIR_033,NEWDEV2_081,V4_TARGET_EXPANSION_2026-08-16,PROJECT,2,0,TG10_SB_STRENGTH_L2,1.0
V4EXP_PAIR_038,MLV2_DEV_012,V4_TARGET_EXPANSION_2026-08-16,PROJECT,2,0,TG10_SB_STRENGTH_L2,0.0
V4EXP_PAIR_044,MLV2_DEV_057,V4_TARGET_EXPANSION_2026-08-16,PROJECT,2,0,TG10_SB_STRENGTH_L2,0.0
V4PRE_PAIR_004,NEWDEV2_016,PREEXISTING_414_SOURCE_REVIEW,COMPETITIVE,2,0,TG10_SB_RELATIONS_L2,1.0
V4PRE_PAIR_009,NEWDEV2_030,PREEXISTING_414_SOURCE_REVIEW,COMPETITIVE,2,0,TG10_SB_RELATIONS_L2,0.0
V4PRE_PAIR_011,NEWDEV2_039,PREEXISTING_414_SOURCE_REVIEW,STATUS,2,0,TG10_SB_RELATIONS_L2,1.0
V4PRE_PAIR_018,NEWDEV2_067,PREEXISTING_414_SOURCE_REVIEW,STATUS,2,0,TG10_SB_RELATIONS_L2,1.0
V4PRE_PAIR_025,NEWDEV2_081,PREEXISTING_414_SOURCE_REVIEW,PROJECT,2,0,TG10_SB_RELATIONS_L2,0.0
V4PRE_PAIR_029,NEWDEV2_091,PREEXISTING_414_SOURCE_REVIEW,PROJECT,2,0,TG10_SB_RELATIONS_L2,1.0
V4PRE_PAIR_036,MLV2_DEV_020,PREEXISTING_414_SOURCE_REVIEW,PROJECT,2,0,TG10_SB_RELATIONS_L2,0.0
V4PRE_PAIR_037,MLV2_DEV_022,PREEXISTING_414_SOURCE_REVIEW,RECOGNITION,2,0,TG10_SB_RELATIONS_L2,0.0
V4PRE_PAIR_038,MLV2_DEV_022,PREEXISTING_414_SOURCE_REVIEW,RECOGNITION,2,0,TG10_SB_RELATIONS_L2,1.0
V4PRE_PAIR_048,MLV2_DEV_057,PREEXISTING_414_SOURCE_REVIEW,PROJECT,2,0,TG10_SB_RELATIONS_L2,0.0
V4EXP_PAIR_006,MLV2_DEV_068,V4_TARGET_EXPANSION_2026-08-16,COMPETITIVE,2,0,TG10_SB_RELATIONS_L2,1.0
V4EXP_PAIR_007,MLV2_DEV_068,V4_TARGET_EXPANSION_2026-08-16,COMPETITIVE,2,0,TG10_SB_RELATIONS_L2,1.0
V4EXP_PAIR_008,MLV2_DEV_068,V4_TARGET_EXPANSION_2026-08-16,COMPETITIVE,2,0,TG10_SB_RELATIONS_L2,1.0
V4EXP_PAIR_009,MLV2_DEV_068,V4_TARGET_EXPANSION_2026-08-16,COMPETITIVE,2,0,TG10_SB_RELATIONS_L2,0.0
V4EXP_PAIR_010,MLV2_DEV_068,V4_TARGET_EXPANSION_2026-08-16,COMPETITIVE,2,0,TG10_SB_RELATIONS_L2,0.0
V4EXP_PAIR_021,NEWDEV2_092,V4_TARGET_EXPANSION_2026-08-16,COMPETITIVE,2,0,TG10_SB_RELATIONS_L2,0.0
V4EXP_PAIR_031,NEWDEV2_054,V4_TARGET_EXPANSION_2026-08-16,PROJECT,2,0,TG10_SB_RELATIONS_L2,0.0
V4EXP_PAIR_033,NEWDEV2_081,V4_TARGET_EXPANSION_2026-08-16,PROJECT,2,0,TG10_SB_RELATIONS_L2,1.0
V4EXP_PAIR_038,MLV2_DEV_012,V4_TARGET_EXPANSION_2026-08-16,PROJECT,2,0,TG10_SB_RELATIONS_L2,0.0
V4EXP_PAIR_044,MLV2_DEV_057,V4_TARGET_EXPANSION_2026-08-16,PROJECT,2,0,TG10_SB_RELATIONS_L2,0.0
V4PRE_PAIR_004,NEWDEV2_016,PREEXISTING_414_SOURCE_REVIEW,COMPETITIVE,2,0,ALL_L2,0.0
V4PRE_PAIR_009,NEWDEV2_030,PREEXISTING_414_SOURCE_REVIEW,COMPETITIVE,2,0,ALL_L2,0.0
V4PRE_PAIR_011,NEWDEV2_039,PREEXISTING_414_SOURCE_REVIEW,STATUS,2,0,ALL_L2,1.0
V4PRE_PAIR_018,NEWDEV2_067,PREEXISTING_414_SOURCE_REVIEW,STATUS,2,0,ALL_L2,0.0
V4PRE_PAIR_025,NEWDEV2_081,PREEXISTING_414_SOURCE_REVIEW,PROJECT,2,0,ALL_L2,0.0
V4PRE_PAIR_029,NEWDEV2_091,PREEXISTING_414_SOURCE_REVIEW,PROJECT,2,0,ALL_L2,0.0
V4PRE_PAIR_036,MLV2_DEV_020,PREEXISTING_414_SOURCE_REVIEW,PROJECT,2,0,ALL_L2,0.0
V4PRE_PAIR_037,MLV2_DEV_022,PREEXISTING_414_SOURCE_REVIEW,RECOGNITION,2,0,ALL_L2,1.0
V4PRE_PAIR_038,MLV2_DEV_022,PREEXISTING_414_SOURCE_REVIEW,RECOGNITION,2,0,ALL_L2,1.0
V4PRE_PAIR_048,MLV2_DEV_057,PREEXISTING_414_SOURCE_REVIEW,PROJECT,2,0,ALL_L2,0.0
V4EXP_PAIR_006,MLV2_DEV_068,V4_TARGET_EXPANSION_2026-08-16,COMPETITIVE,2,0,ALL_L2,0.0
V4EXP_PAIR_007,MLV2_DEV_068,V4_TARGET_EXPANSION_2026-08-16,COMPETITIVE,2,0,ALL_L2,1.0
V4EXP_PAIR_008,MLV2_DEV_068,V4_TARGET_EXPANSION_2026-08-16,COMPETITIVE,2,0,ALL_L2,1.0
V4EXP_PAIR_009,MLV2_DEV_068,V4_TARGET_EXPANSION_2026-08-16,COMPETITIVE,2,0,ALL_L2,0.0
V4EXP_PAIR_010,MLV2_DEV_068,V4_TARGET_EXPANSION_2026-08-16,COMPETITIVE,2,0,ALL_L2,0.0
V4EXP_PAIR_021,NEWDEV2_092,V4_TARGET_EXPANSION_2026-08-16,COMPETITIVE,2,0,ALL_L2,1.0
V4EXP_PAIR_031,NEWDEV2_054,V4_TARGET_EXPANSION_2026-08-16,PROJECT,2,0,ALL_L2,0.0
V4EXP_PAIR_033,NEWDEV2_081,V4_TARGET_EXPANSION_2026-08-16,PROJECT,2,0,ALL_L2,1.0
V4EXP_PAIR_038,MLV2_DEV_012,V4_TARGET_EXPANSION_2026-08-16,PROJECT,2,0,ALL_L2,1.0
V4EXP_PAIR_044,MLV2_DEV_057,V4_TARGET_EXPANSION_2026-08-16,PROJECT,2,0,ALL_L2,0.0
V4PRE_PAIR_004,NEWDEV2_016,PREEXISTING_414_SOURCE_REVIEW,COMPETITIVE,2,0,NUISANCE_AGE_AXIS,0.0
V4PRE_PAIR_009,NEWDEV2_030,PREEXISTING_414_SOURCE_REVIEW,COMPETITIVE,2,0,NUISANCE_AGE_AXIS,1.0
V4PRE_PAIR_011,NEWDEV2_039,PREEXISTING_414_SOURCE_REVIEW,STATUS,2,0,NUISANCE_AGE_AXIS,1.0
V4PRE_PAIR_018,NEWDEV2_067,PREEXISTING_414_SOURCE_REVIEW,STATUS,2,0,NUISANCE_AGE_AXIS,1.0
V4PRE_PAIR_025,NEWDEV2_081,PREEXISTING_414_SOURCE_REVIEW,PROJECT,2,0,NUISANCE_AGE_AXIS,1.0
V4PRE_PAIR_029,NEWDEV2_091,PREEXISTING_414_SOURCE_REVIEW,PROJECT,2,0,NUISANCE_AGE_AXIS,1.0
V4PRE_PAIR_036,MLV2_DEV_020,PREEXISTING_414_SOURCE_REVIEW,PROJECT,2,0,NUISANCE_AGE_AXIS,1.0
V4PRE_PAIR_037,MLV2_DEV_022,PREEXISTING_414_SOURCE_REVIEW,RECOGNITION,2,0,NUISANCE_AGE_AXIS,0.0
V4PRE_PAIR_038,MLV2_DEV_022,PREEXISTING_414_SOURCE_REVIEW,RECOGNITION,2,0,NUISANCE_AGE_AXIS,1.0
V4PRE_PAIR_048,MLV2_DEV_057,PREEXISTING_414_SOURCE_REVIEW,PROJECT,2,0,NUISANCE_AGE_AXIS,1.0
V4EXP_PAIR_006,MLV2_DEV_068,V4_TARGET_EXPANSION_2026-08-16,COMPETITIVE,2,0,NUISANCE_AGE_AXIS,0.0
V4EXP_PAIR_007,MLV2_DEV_068,V4_TARGET_EXPANSION_2026-08-16,COMPETITIVE,2,0,NUISANCE_AGE_AXIS,0.0
V4EXP_PAIR_008,MLV2_DEV_068,V4_TARGET_EXPANSION_2026-08-16,COMPETITIVE,2,0,NUISANCE_AGE_AXIS,0.0
V4EXP_PAIR_009,MLV2_DEV_068,V4_TARGET_EXPANSION_2026-08-16,COMPETITIVE,2,0,NUISANCE_AGE_AXIS,0.0
V4EXP_PAIR_010,MLV2_DEV_068,V4_TARGET_EXPANSION_2026-08-16,COMPETITIVE,2,0,NUISANCE_AGE_AXIS,0.0
V4EXP_PAIR_021,NEWDEV2_092,V4_TARGET_EXPANSION_2026-08-16,COMPETITIVE,2,0,NUISANCE_AGE_AXIS,0.0
V4EXP_PAIR_031,NEWDEV2_054,V4_TARGET_EXPANSION_2026-08-16,PROJECT,2,0,NUISANCE_AGE_AXIS,0.0
V4EXP_PAIR_033,NEWDEV2_081,V4_TARGET_EXPANSION_2026-08-16,PROJECT,2,0,NUISANCE_AGE_AXIS,0.0
V4EXP_PAIR_038,MLV2_DEV_012,V4_TARGET_EXPANSION_2026-08-16,PROJECT,2,0,NUISANCE_AGE_AXIS,0.0
V4EXP_PAIR_044,MLV2_DEV_057,V4_TARGET_EXPANSION_2026-08-16,PROJECT,2,0,NUISANCE_AGE_AXIS,0.0
V4PRE_PAIR_004,NEWDEV2_016,PREEXISTING_414_SOURCE_REVIEW,COMPETITIVE,2,0,NUISANCE_WITH_ORIGIN_DIAGNOSTIC,0.0
V4PRE_PAIR_009,NEWDEV2_030,PREEXISTING_414_SOURCE_REVIEW,COMPETITIVE,2,0,NUISANCE_WITH_ORIGIN_DIAGNOSTIC,1.0
V4PRE_PAIR_011,NEWDEV2_039,PREEXISTING_414_SOURCE_REVIEW,STATUS,2,0,NUISANCE_WITH_ORIGIN_DIAGNOSTIC,1.0
V4PRE_PAIR_018,NEWDEV2_067,PREEXISTING_414_SOURCE_REVIEW,STATUS,2,0,NUISANCE_WITH_ORIGIN_DIAGNOSTIC,1.0
V4PRE_PAIR_025,NEWDEV2_081,PREEXISTING_414_SOURCE_REVIEW,PROJECT,2,0,NUISANCE_WITH_ORIGIN_DIAGNOSTIC,1.0
V4PRE_PAIR_029,NEWDEV2_091,PREEXISTING_414_SOURCE_REVIEW,PROJECT,2,0,NUISANCE_WITH_ORIGIN_DIAGNOSTIC,1.0
V4PRE_PAIR_036,MLV2_DEV_020,PREEXISTING_414_SOURCE_REVIEW,PROJECT,2,0,NUISANCE_WITH_ORIGIN_DIAGNOSTIC,1.0
V4PRE_PAIR_037,MLV2_DEV_022,PREEXISTING_414_SOURCE_REVIEW,RECOGNITION,2,0,NUISANCE_WITH_ORIGIN_DIAGNOSTIC,0.0
V4PRE_PAIR_038,MLV2_DEV_022,PREEXISTING_414_SOURCE_REVIEW,RECOGNITION,2,0,NUISANCE_WITH_ORIGIN_DIAGNOSTIC,1.0
V4PRE_PAIR_048,MLV2_DEV_057,PREEXISTING_414_SOURCE_REVIEW,PROJECT,2,0,NUISANCE_WITH_ORIGIN_DIAGNOSTIC,1.0
V4EXP_PAIR_006,MLV2_DEV_068,V4_TARGET_EXPANSION_2026-08-16,COMPETITIVE,2,0,NUISANCE_WITH_ORIGIN_DIAGNOSTIC,1.0
V4EXP_PAIR_007,MLV2_DEV_068,V4_TARGET_EXPANSION_2026-08-16,COMPETITIVE,2,0,NUISANCE_WITH_ORIGIN_DIAGNOSTIC,1.0
V4EXP_PAIR_008,MLV2_DEV_068,V4_TARGET_EXPANSION_2026-08-16,COMPETITIVE,2,0,NUISANCE_WITH_ORIGIN_DIAGNOSTIC,1.0
V4EXP_PAIR_009,MLV2_DEV_068,V4_TARGET_EXPANSION_2026-08-16,COMPETITIVE,2,0,NUISANCE_WITH_ORIGIN_DIAGNOSTIC,1.0
V4EXP_PAIR_010,MLV2_DEV_068,V4_TARGET_EXPANSION_2026-08-16,COMPETITIVE,2,0,NUISANCE_WITH_ORIGIN_DIAGNOSTIC,1.0
V4EXP_PAIR_021,NEWDEV2_092,V4_TARGET_EXPANSION_2026-08-16,COMPETITIVE,2,0,NUISANCE_WITH_ORIGIN_DIAGNOSTIC,1.0
V4EXP_PAIR_031,NEWDEV2_054,V4_TARGET_EXPANSION_2026-08-16,PROJECT,2,0,NUISANCE_WITH_ORIGIN_DIAGNOSTIC,1.0
V4EXP_PAIR_033,NEWDEV2_081,V4_TARGET_EXPANSION_2026-08-16,PROJECT,2,0,NUISANCE_WITH_ORIGIN_DIAGNOSTIC,1.0
V4EXP_PAIR_038,MLV2_DEV_012,V4_TARGET_EXPANSION_2026-08-16,PROJECT,2,0,NUISANCE_WITH_ORIGIN_DIAGNOSTIC,1.0
V4EXP_PAIR_044,MLV2_DEV_057,V4_TARGET_EXPANSION_2026-08-16,PROJECT,2,0,NUISANCE_WITH_ORIGIN_DIAGNOSTIC,1.0
V4PRE_PAIR_004,NEWDEV2_016,PREEXISTING_414_SOURCE_REVIEW,COMPETITIVE,2,0,ALL_ELASTICNET_AUTO,0.0
V4PRE_PAIR_009,NEWDEV2_030,PREEXISTING_414_SOURCE_REVIEW,COMPETITIVE,2,0,ALL_ELASTICNET_AUTO,0.0
V4PRE_PAIR_011,NEWDEV2_039,PREEXISTING_414_SOURCE_REVIEW,STATUS,2,0,ALL_ELASTICNET_AUTO,0.0
V4PRE_PAIR_018,NEWDEV2_067,PREEXISTING_414_SOURCE_REVIEW,STATUS,2,0,ALL_ELASTICNET_AUTO,0.0
V4PRE_PAIR_025,NEWDEV2_081,PREEXISTING_414_SOURCE_REVIEW,PROJECT,2,0,ALL_ELASTICNET_AUTO,0.0
V4PRE_PAIR_029,NEWDEV2_091,PREEXISTING_414_SOURCE_REVIEW,PROJECT,2,0,ALL_ELASTICNET_AUTO,0.0
V4PRE_PAIR_036,MLV2_DEV_020,PREEXISTING_414_SOURCE_REVIEW,PROJECT,2,0,ALL_ELASTICNET_AUTO,0.0
V4PRE_PAIR_037,MLV2_DEV_022,PREEXISTING_414_SOURCE_REVIEW,RECOGNITION,2,0,ALL_ELASTICNET_AUTO,0.0
V4PRE_PAIR_038,MLV2_DEV_022,PREEXISTING_414_SOURCE_REVIEW,RECOGNITION,2,0,ALL_ELASTICNET_AUTO,0.0
V4PRE_PAIR_048,MLV2_DEV_057,PREEXISTING_414_SOURCE_REVIEW,PROJECT,2,0,ALL_ELASTICNET_AUTO,0.0
V4EXP_PAIR_006,MLV2_DEV_068,V4_TARGET_EXPANSION_2026-08-16,COMPETITIVE,2,0,ALL_ELASTICNET_AUTO,0.0
V4EXP_PAIR_007,MLV2_DEV_068,V4_TARGET_EXPANSION_2026-08-16,COMPETITIVE,2,0,ALL_ELASTICNET_AUTO,0.0
V4EXP_PAIR_008,MLV2_DEV_068,V4_TARGET_EXPANSION_2026-08-16,COMPETITIVE,2,0,ALL_ELASTICNET_AUTO,0.0
V4EXP_PAIR_009,MLV2_DEV_068,V4_TARGET_EXPANSION_2026-08-16,COMPETITIVE,2,0,ALL_ELASTICNET_AUTO,0.0
V4EXP_PAIR_010,MLV2_DEV_068,V4_TARGET_EXPANSION_2026-08-16,COMPETITIVE,2,0,ALL_ELASTICNET_AUTO,0.0
V4EXP_PAIR_021,NEWDEV2_092,V4_TARGET_EXPANSION_2026-08-16,COMPETITIVE,2,0,ALL_ELASTICNET_AUTO,0.0
V4EXP_PAIR_031,NEWDEV2_054,V4_TARGET_EXPANSION_2026-08-16,PROJECT,2,0,ALL_ELASTICNET_AUTO,0.0
V4EXP_PAIR_033,NEWDEV2_081,V4_TARGET_EXPANSION_2026-08-16,PROJECT,2,0,ALL_ELASTICNET_AUTO,0.0
V4EXP_PAIR_038,MLV2_DEV_012,V4_TARGET_EXPANSION_2026-08-16,PROJECT,2,0,ALL_ELASTICNET_AUTO,0.0
V4EXP_PAIR_044,MLV2_DEV_057,V4_TARGET_EXPANSION_2026-08-16,PROJECT,2,0,ALL_ELASTICNET_AUTO,0.0
V4PRE_PAIR_004,NEWDEV2_016,PREEXISTING_414_SOURCE_REVIEW,COMPETITIVE,2,0,HGB_ALL_EXPLORATORY,0.0
V4PRE_PAIR_009,NEWDEV2_030,PREEXISTING_414_SOURCE_REVIEW,COMPETITIVE,2,0,HGB_ALL_EXPLORATORY,1.0
V4PRE_PAIR_011,NEWDEV2_039,PREEXISTING_414_SOURCE_REVIEW,STATUS,2,0,HGB_ALL_EXPLORATORY,1.0
V4PRE_PAIR_018,NEWDEV2_067,PREEXISTING_414_SOURCE_REVIEW,STATUS,2,0,HGB_ALL_EXPLORATORY,0.0
V4PRE_PAIR_025,NEWDEV2_081,PREEXISTING_414_SOURCE_REVIEW,PROJECT,2,0,HGB_ALL_EXPLORATORY,0.0
V4PRE_PAIR_029,NEWDEV2_091,PREEXISTING_414_SOURCE_REVIEW,PROJECT,2,0,HGB_ALL_EXPLORATORY,0.0
V4PRE_PAIR_036,MLV2_DEV_020,PREEXISTING_414_SOURCE_REVIEW,PROJECT,2,0,HGB_ALL_EXPLORATORY,0.0
V4PRE_PAIR_037,MLV2_DEV_022,PREEXISTING_414_SOURCE_REVIEW,RECOGNITION,2,0,HGB_ALL_EXPLORATORY,1.0
V4PRE_PAIR_038,MLV2_DEV_022,PREEXISTING_414_SOURCE_REVIEW,RECOGNITION,2,0,HGB_ALL_EXPLORATORY,1.0
V4PRE_PAIR_048,MLV2_DEV_057,PREEXISTING_414_SOURCE_REVIEW,PROJECT,2,0,HGB_ALL_EXPLORATORY,1.0
V4EXP_PAIR_006,MLV2_DEV_068,V4_TARGET_EXPANSION_2026-08-16,COMPETITIVE,2,0,HGB_ALL_EXPLORATORY,1.0
V4EXP_PAIR_007,MLV2_DEV_068,V4_TARGET_EXPANSION_2026-08-16,COMPETITIVE,2,0,HGB_ALL_EXPLORATORY,1.0
V4EXP_PAIR_008,MLV2_DEV_068,V4_TARGET_EXPANSION_2026-08-16,COMPETITIVE,2,0,HGB_ALL_EXPLORATORY,1.0
V4EXP_PAIR_009,MLV2_DEV_068,V4_TARGET_EXPANSION_2026-08-16,COMPETITIVE,2,0,HGB_ALL_EXPLORATORY,0.0
V4EXP_PAIR_010,MLV2_DEV_068,V4_TARGET_EXPANSION_2026-08-16,COMPETITIVE,2,0,HGB_ALL_EXPLORATORY,0.0
V4EXP_PAIR_021,NEWDEV2_092,V4_TARGET_EXPANSION_2026-08-16,COMPETITIVE,2,0,HGB_ALL_EXPLORATORY,1.0
V4EXP_PAIR_031,NEWDEV2_054,V4_TARGET_EXPANSION_2026-08-16,PROJECT,2,0,HGB_ALL_EXPLORATORY,0.0
V4EXP_PAIR_033,NEWDEV2_081,V4_TARGET_EXPANSION_2026-08-16,PROJECT,2,0,HGB_ALL_EXPLORATORY,0.0
V4EXP_PAIR_038,MLV2_DEV_012,V4_TARGET_EXPANSION_2026-08-16,PROJECT,2,0,HGB_ALL_EXPLORATORY,1.0
V4EXP_PAIR_044,MLV2_DEV_057,V4_TARGET_EXPANSION_2026-08-16,PROJECT,2,0,HGB_ALL_EXPLORATORY,1.0
V4PRE_PAIR_001,NEWDEV2_006,PREEXISTING_414_SOURCE_REVIEW,COMPETITIVE,2,1,AGE_YOUNGER_FIXED,0.0
V4PRE_PAIR_003,NEWDEV2_013,PREEXISTING_414_SOURCE_REVIEW,COMPETITIVE,2,1,AGE_YOUNGER_FIXED,1.0
V4PRE_PAIR_015,NEWDEV2_056,PREEXISTING_414_SOURCE_REVIEW,COMPETITIVE,2,1,AGE_YOUNGER_FIXED,1.0
V4PRE_PAIR_020,NEWDEV2_070,PREEXISTING_414_SOURCE_REVIEW,PROJECT,2,1,AGE_YOUNGER_FIXED,1.0
V4PRE_PAIR_021,NEWDEV2_074,PREEXISTING_414_SOURCE_REVIEW,PROJECT,2,1,AGE_YOUNGER_FIXED,1.0
V4PRE_PAIR_023,NEWDEV2_077,PREEXISTING_414_SOURCE_REVIEW,PROJECT,2,1,AGE_YOUNGER_FIXED,1.0
V4PRE_PAIR_027,NEWDEV2_089,PREEXISTING_414_SOURCE_REVIEW,STATUS,2,1,AGE_YOUNGER_FIXED,1.0
V4PRE_PAIR_039,MLV2_DEV_027,PREEXISTING_414_SOURCE_REVIEW,PROJECT,2,1,AGE_YOUNGER_FIXED,1.0
V4PRE_PAIR_042,MLV2_DEV_039,PREEXISTING_414_SOURCE_REVIEW,STATUS,2,1,AGE_YOUNGER_FIXED,1.0
V4PRE_PAIR_047,MLV2_DEV_054,PREEXISTING_414_SOURCE_REVIEW,RECOGNITION,2,1,AGE_YOUNGER_FIXED,1.0
V4EXP_PAIR_014,NEWDEV2_056,V4_TARGET_EXPANSION_2026-08-16,COMPETITIVE,2,1,AGE_YOUNGER_FIXED,0.0
V4EXP_PAIR_015,NEWDEV2_056,V4_TARGET_EXPANSION_2026-08-16,COMPETITIVE,2,1,AGE_YOUNGER_FIXED,0.0
V4EXP_PAIR_016,NEWDEV2_056,V4_TARGET_EXPANSION_2026-08-16,COMPETITIVE,2,1,AGE_YOUNGER_FIXED,0.0
V4EXP_PAIR_017,NEWDEV2_060,V4_TARGET_EXPANSION_2026-08-16,COMPETITIVE,2,1,AGE_YOUNGER_FIXED,0.0
V4EXP_PAIR_020,NEWDEV2_031,V4_TARGET_EXPANSION_2026-08-16,COMPETITIVE,2,1,AGE_YOUNGER_FIXED,0.0
V4EXP_PAIR_028,MLV2_DEV_027,V4_TARGET_EXPANSION_2026-08-16,PROJECT,2,1,AGE_YOUNGER_FIXED,0.0
V4EXP_PAIR_037,MLV2_DEV_028,V4_TARGET_EXPANSION_2026-08-16,PROJECT,2,1,AGE_YOUNGER_FIXED,0.0
V4EXP_PAIR_039,NEWDEV2_084,V4_TARGET_EXPANSION_2026-08-16,PROJECT,2,1,AGE_YOUNGER_FIXED,0.0
V4EXP_PAIR_040,MLV2_DEV_054,V4_TARGET_EXPANSION_2026-08-16,PROJECT,2,1,AGE_YOUNGER_FIXED,0.0
V4EXP_PAIR_049,NEWDEV2_089,V4_TARGET_EXPANSION_2026-08-16,STATUS,2,1,AGE_YOUNGER_FIXED,0.0
V4PRE_PAIR_001,NEWDEV2_006,PREEXISTING_414_SOURCE_REVIEW,COMPETITIVE,2,1,AGE_LATER_FIXED,1.0
V4PRE_PAIR_003,NEWDEV2_013,PREEXISTING_414_SOURCE_REVIEW,COMPETITIVE,2,1,AGE_LATER_FIXED,0.0
V4PRE_PAIR_015,NEWDEV2_056,PREEXISTING_414_SOURCE_REVIEW,COMPETITIVE,2,1,AGE_LATER_FIXED,0.0
V4PRE_PAIR_020,NEWDEV2_070,PREEXISTING_414_SOURCE_REVIEW,PROJECT,2,1,AGE_LATER_FIXED,0.0
V4PRE_PAIR_021,NEWDEV2_074,PREEXISTING_414_SOURCE_REVIEW,PROJECT,2,1,AGE_LATER_FIXED,0.0
V4PRE_PAIR_023,NEWDEV2_077,PREEXISTING_414_SOURCE_REVIEW,PROJECT,2,1,AGE_LATER_FIXED,0.0
V4PRE_PAIR_027,NEWDEV2_089,PREEXISTING_414_SOURCE_REVIEW,STATUS,2,1,AGE_LATER_FIXED,0.0
V4PRE_PAIR_039,MLV2_DEV_027,PREEXISTING_414_SOURCE_REVIEW,PROJECT,2,1,AGE_LATER_FIXED,0.0
V4PRE_PAIR_042,MLV2_DEV_039,PREEXISTING_414_SOURCE_REVIEW,STATUS,2,1,AGE_LATER_FIXED,0.0
V4PRE_PAIR_047,MLV2_DEV_054,PREEXISTING_414_SOURCE_REVIEW,RECOGNITION,2,1,AGE_LATER_FIXED,0.0
V4EXP_PAIR_014,NEWDEV2_056,V4_TARGET_EXPANSION_2026-08-16,COMPETITIVE,2,1,AGE_LATER_FIXED,1.0
V4EXP_PAIR_015,NEWDEV2_056,V4_TARGET_EXPANSION_2026-08-16,COMPETITIVE,2,1,AGE_LATER_FIXED,1.0
V4EXP_PAIR_016,NEWDEV2_056,V4_TARGET_EXPANSION_2026-08-16,COMPETITIVE,2,1,AGE_LATER_FIXED,1.0
V4EXP_PAIR_017,NEWDEV2_060,V4_TARGET_EXPANSION_2026-08-16,COMPETITIVE,2,1,AGE_LATER_FIXED,1.0
V4EXP_PAIR_020,NEWDEV2_031,V4_TARGET_EXPANSION_2026-08-16,COMPETITIVE,2,1,AGE_LATER_FIXED,1.0
V4EXP_PAIR_028,MLV2_DEV_027,V4_TARGET_EXPANSION_2026-08-16,PROJECT,2,1,AGE_LATER_FIXED,1.0
V4EXP_PAIR_037,MLV2_DEV_028,V4_TARGET_EXPANSION_2026-08-16,PROJECT,2,1,AGE_LATER_FIXED,1.0
V4EXP_PAIR_039,NEWDEV2_084,V4_TARGET_EXPANSION_2026-08-16,PROJECT,2,1,AGE_LATER_FIXED,1.0
V4EXP_PAIR_040,MLV2_DEV_054,V4_TARGET_EXPANSION_2026-08-16,PROJECT,2,1,AGE_LATER_FIXED,1.0
V4EXP_PAIR_049,NEWDEV2_089,V4_TARGET_EXPANSION_2026-08-16,STATUS,2,1,AGE_LATER_FIXED,1.0
V4PRE_PAIR_001,NEWDEV2_006,PREEXISTING_414_SOURCE_REVIEW,COMPETITIVE,2,1,CONTROL_FIXED,0.5
V4PRE_PAIR_003,NEWDEV2_013,PREEXISTING_414_SOURCE_REVIEW,COMPETITIVE,2,1,CONTROL_FIXED,0.0
V4PRE_PAIR_015,NEWDEV2_056,PREEXISTING_414_SOURCE_REVIEW,COMPETITIVE,2,1,CONTROL_FIXED,0.0
V4PRE_PAIR_020,NEWDEV2_070,PREEXISTING_414_SOURCE_REVIEW,PROJECT,2,1,CONTROL_FIXED,1.0
V4PRE_PAIR_021,NEWDEV2_074,PREEXISTING_414_SOURCE_REVIEW,PROJECT,2,1,CONTROL_FIXED,0.0
V4PRE_PAIR_023,NEWDEV2_077,PREEXISTING_414_SOURCE_REVIEW,PROJECT,2,1,CONTROL_FIXED,1.0
V4PRE_PAIR_027,NEWDEV2_089,PREEXISTING_414_SOURCE_REVIEW,STATUS,2,1,CONTROL_FIXED,1.0
V4PRE_PAIR_039,MLV2_DEV_027,PREEXISTING_414_SOURCE_REVIEW,PROJECT,2,1,CONTROL_FIXED,1.0
V4PRE_PAIR_042,MLV2_DEV_039,PREEXISTING_414_SOURCE_REVIEW,STATUS,2,1,CONTROL_FIXED,0.0
V4PRE_PAIR_047,MLV2_DEV_054,PREEXISTING_414_SOURCE_REVIEW,RECOGNITION,2,1,CONTROL_FIXED,1.0
V4EXP_PAIR_014,NEWDEV2_056,V4_TARGET_EXPANSION_2026-08-16,COMPETITIVE,2,1,CONTROL_FIXED,0.0
V4EXP_PAIR_015,NEWDEV2_056,V4_TARGET_EXPANSION_2026-08-16,COMPETITIVE,2,1,CONTROL_FIXED,0.0
V4EXP_PAIR_016,NEWDEV2_056,V4_TARGET_EXPANSION_2026-08-16,COMPETITIVE,2,1,CONTROL_FIXED,0.0
V4EXP_PAIR_017,NEWDEV2_060,V4_TARGET_EXPANSION_2026-08-16,COMPETITIVE,2,1,CONTROL_FIXED,0.0
V4EXP_PAIR_020,NEWDEV2_031,V4_TARGET_EXPANSION_2026-08-16,COMPETITIVE,2,1,CONTROL_FIXED,0.0
V4EXP_PAIR_028,MLV2_DEV_027,V4_TARGET_EXPANSION_2026-08-16,PROJECT,2,1,CONTROL_FIXED,1.0
V4EXP_PAIR_037,MLV2_DEV_028,V4_TARGET_EXPANSION_2026-08-16,PROJECT,2,1,CONTROL_FIXED,1.0
V4EXP_PAIR_039,NEWDEV2_084,V4_TARGET_EXPANSION_2026-08-16,PROJECT,2,1,CONTROL_FIXED,0.5
V4EXP_PAIR_040,MLV2_DEV_054,V4_TARGET_EXPANSION_2026-08-16,PROJECT,2,1,CONTROL_FIXED,0.0
V4EXP_PAIR_049,NEWDEV2_089,V4_TARGET_EXPANSION_2026-08-16,STATUS,2,1,CONTROL_FIXED,1.0
V4PRE_PAIR_001,NEWDEV2_006,PREEXISTING_414_SOURCE_REVIEW,COMPETITIVE,2,1,TG5_GROUP_L2,1.0
V4PRE_PAIR_003,NEWDEV2_013,PREEXISTING_414_SOURCE_REVIEW,COMPETITIVE,2,1,TG5_GROUP_L2,0.0
V4PRE_PAIR_015,NEWDEV2_056,PREEXISTING_414_SOURCE_REVIEW,COMPETITIVE,2,1,TG5_GROUP_L2,0.0
V4PRE_PAIR_020,NEWDEV2_070,PREEXISTING_414_SOURCE_REVIEW,PROJECT,2,1,TG5_GROUP_L2,0.0
V4PRE_PAIR_021,NEWDEV2_074,PREEXISTING_414_SOURCE_REVIEW,PROJECT,2,1,TG5_GROUP_L2,1.0
V4PRE_PAIR_023,NEWDEV2_077,PREEXISTING_414_SOURCE_REVIEW,PROJECT,2,1,TG5_GROUP_L2,0.0
V4PRE_PAIR_027,NEWDEV2_089,PREEXISTING_414_SOURCE_REVIEW,STATUS,2,1,TG5_GROUP_L2,1.0
V4PRE_PAIR_039,MLV2_DEV_027,PREEXISTING_414_SOURCE_REVIEW,PROJECT,2,1,TG5_GROUP_L2,0.0
V4PRE_PAIR_042,MLV2_DEV_039,PREEXISTING_414_SOURCE_REVIEW,STATUS,2,1,TG5_GROUP_L2,0.0
V4PRE_PAIR_047,MLV2_DEV_054,PREEXISTING_414_SOURCE_REVIEW,RECOGNITION,2,1,TG5_GROUP_L2,0.0
V4EXP_PAIR_014,NEWDEV2_056,V4_TARGET_EXPANSION_2026-08-16,COMPETITIVE,2,1,TG5_GROUP_L2,0.5
V4EXP_PAIR_015,NEWDEV2_056,V4_TARGET_EXPANSION_2026-08-16,COMPETITIVE,2,1,TG5_GROUP_L2,0.0
V4EXP_PAIR_016,NEWDEV2_056,V4_TARGET_EXPANSION_2026-08-16,COMPETITIVE,2,1,TG5_GROUP_L2,0.0
V4EXP_PAIR_017,NEWDEV2_060,V4_TARGET_EXPANSION_2026-08-16,COMPETITIVE,2,1,TG5_GROUP_L2,0.0
V4EXP_PAIR_020,NEWDEV2_031,V4_TARGET_EXPANSION_2026-08-16,COMPETITIVE,2,1,TG5_GROUP_L2,0.5
V4EXP_PAIR_028,MLV2_DEV_027,V4_TARGET_EXPANSION_2026-08-16,PROJECT,2,1,TG5_GROUP_L2,1.0
V4EXP_PAIR_037,MLV2_DEV_028,V4_TARGET_EXPANSION_2026-08-16,PROJECT,2,1,TG5_GROUP_L2,1.0
V4EXP_PAIR_039,NEWDEV2_084,V4_TARGET_EXPANSION_2026-08-16,PROJECT,2,1,TG5_GROUP_L2,0.0
V4EXP_PAIR_040,MLV2_DEV_054,V4_TARGET_EXPANSION_2026-08-16,PROJECT,2,1,TG5_GROUP_L2,0.0
V4EXP_PAIR_049,NEWDEV2_089,V4_TARGET_EXPANSION_2026-08-16,STATUS,2,1,TG5_GROUP_L2,0.5
V4PRE_PAIR_001,NEWDEV2_006,PREEXISTING_414_SOURCE_REVIEW,COMPETITIVE,2,1,TG10_STEM_L2,1.0
V4PRE_PAIR_003,NEWDEV2_013,PREEXISTING_414_SOURCE_REVIEW,COMPETITIVE,2,1,TG10_STEM_L2,0.0
V4PRE_PAIR_015,NEWDEV2_056,PREEXISTING_414_SOURCE_REVIEW,COMPETITIVE,2,1,TG10_STEM_L2,0.0
V4PRE_PAIR_020,NEWDEV2_070,PREEXISTING_414_SOURCE_REVIEW,PROJECT,2,1,TG10_STEM_L2,0.0
V4PRE_PAIR_021,NEWDEV2_074,PREEXISTING_414_SOURCE_REVIEW,PROJECT,2,1,TG10_STEM_L2,0.0
V4PRE_PAIR_023,NEWDEV2_077,PREEXISTING_414_SOURCE_REVIEW,PROJECT,2,1,TG10_STEM_L2,0.0
V4PRE_PAIR_027,NEWDEV2_089,PREEXISTING_414_SOURCE_REVIEW,STATUS,2,1,TG10_STEM_L2,1.0
V4PRE_PAIR_039,MLV2_DEV_027,PREEXISTING_414_SOURCE_REVIEW,PROJECT,2,1,TG10_STEM_L2,1.0
V4PRE_PAIR_042,MLV2_DEV_039,PREEXISTING_414_SOURCE_REVIEW,STATUS,2,1,TG10_STEM_L2,1.0
V4PRE_PAIR_047,MLV2_DEV_054,PREEXISTING_414_SOURCE_REVIEW,RECOGNITION,2,1,TG10_STEM_L2,0.0
V4EXP_PAIR_014,NEWDEV2_056,V4_TARGET_EXPANSION_2026-08-16,COMPETITIVE,2,1,TG10_STEM_L2,1.0
V4EXP_PAIR_015,NEWDEV2_056,V4_TARGET_EXPANSION_2026-08-16,COMPETITIVE,2,1,TG10_STEM_L2,0.0
V4EXP_PAIR_016,NEWDEV2_056,V4_TARGET_EXPANSION_2026-08-16,COMPETITIVE,2,1,TG10_STEM_L2,0.0
V4EXP_PAIR_017,NEWDEV2_060,V4_TARGET_EXPANSION_2026-08-16,COMPETITIVE,2,1,TG10_STEM_L2,0.0
V4EXP_PAIR_020,NEWDEV2_031,V4_TARGET_EXPANSION_2026-08-16,COMPETITIVE,2,1,TG10_STEM_L2,1.0
V4EXP_PAIR_028,MLV2_DEV_027,V4_TARGET_EXPANSION_2026-08-16,PROJECT,2,1,TG10_STEM_L2,1.0
V4EXP_PAIR_037,MLV2_DEV_028,V4_TARGET_EXPANSION_2026-08-16,PROJECT,2,1,TG10_STEM_L2,1.0
V4EXP_PAIR_039,NEWDEV2_084,V4_TARGET_EXPANSION_2026-08-16,PROJECT,2,1,TG10_STEM_L2,1.0
V4EXP_PAIR_040,MLV2_DEV_054,V4_TARGET_EXPANSION_2026-08-16,PROJECT,2,1,TG10_STEM_L2,0.0
V4EXP_PAIR_049,NEWDEV2_089,V4_TARGET_EXPANSION_2026-08-16,STATUS,2,1,TG10_STEM_L2,1.0
V4PRE_PAIR_001,NEWDEV2_006,PREEXISTING_414_SOURCE_REVIEW,COMPETITIVE,2,1,TG10_STEM_BRANCH_L2,0.0
V4PRE_PAIR_003,NEWDEV2_013,PREEXISTING_414_SOURCE_REVIEW,COMPETITIVE,2,1,TG10_STEM_BRANCH_L2,0.0
V4PRE_PAIR_015,NEWDEV2_056,PREEXISTING_414_SOURCE_REVIEW,COMPETITIVE,2,1,TG10_STEM_BRANCH_L2,0.0
V4PRE_PAIR_020,NEWDEV2_070,PREEXISTING_414_SOURCE_REVIEW,PROJECT,2,1,TG10_STEM_BRANCH_L2,0.0
V4PRE_PAIR_021,NEWDEV2_074,PREEXISTING_414_SOURCE_REVIEW,PROJECT,2,1,TG10_STEM_BRANCH_L2,0.0
V4PRE_PAIR_023,NEWDEV2_077,PREEXISTING_414_SOURCE_REVIEW,PROJECT,2,1,TG10_STEM_BRANCH_L2,0.0
V4PRE_PAIR_027,NEWDEV2_089,PREEXISTING_414_SOURCE_REVIEW,STATUS,2,1,TG10_STEM_BRANCH_L2,1.0
V4PRE_PAIR_039,MLV2_DEV_027,PREEXISTING_414_SOURCE_REVIEW,PROJECT,2,1,TG10_STEM_BRANCH_L2,1.0
V4PRE_PAIR_042,MLV2_DEV_039,PREEXISTING_414_SOURCE_REVIEW,STATUS,2,1,TG10_STEM_BRANCH_L2,1.0
V4PRE_PAIR_047,MLV2_DEV_054,PREEXISTING_414_SOURCE_REVIEW,RECOGNITION,2,1,TG10_STEM_BRANCH_L2,1.0
V4EXP_PAIR_014,NEWDEV2_056,V4_TARGET_EXPANSION_2026-08-16,COMPETITIVE,2,1,TG10_STEM_BRANCH_L2,0.0
V4EXP_PAIR_015,NEWDEV2_056,V4_TARGET_EXPANSION_2026-08-16,COMPETITIVE,2,1,TG10_STEM_BRANCH_L2,0.0
V4EXP_PAIR_016,NEWDEV2_056,V4_TARGET_EXPANSION_2026-08-16,COMPETITIVE,2,1,TG10_STEM_BRANCH_L2,0.0
V4EXP_PAIR_017,NEWDEV2_060,V4_TARGET_EXPANSION_2026-08-16,COMPETITIVE,2,1,TG10_STEM_BRANCH_L2,0.0
V4EXP_PAIR_020,NEWDEV2_031,V4_TARGET_EXPANSION_2026-08-16,COMPETITIVE,2,1,TG10_STEM_BRANCH_L2,0.0
V4EXP_PAIR_028,MLV2_DEV_027,V4_TARGET_EXPANSION_2026-08-16,PROJECT,2,1,TG10_STEM_BRANCH_L2,1.0
V4EXP_PAIR_037,MLV2_DEV_028,V4_TARGET_EXPANSION_2026-08-16,PROJECT,2,1,TG10_STEM_BRANCH_L2,1.0
V4EXP_PAIR_039,NEWDEV2_084,V4_TARGET_EXPANSION_2026-08-16,PROJECT,2,1,TG10_STEM_BRANCH_L2,0.0
V4EXP_PAIR_040,MLV2_DEV_054,V4_TARGET_EXPANSION_2026-08-16,PROJECT,2,1,TG10_STEM_BRANCH_L2,0.0
V4EXP_PAIR_049,NEWDEV2_089,V4_TARGET_EXPANSION_2026-08-16,STATUS,2,1,TG10_STEM_BRANCH_L2,1.0
V4PRE_PAIR_001,NEWDEV2_006,PREEXISTING_414_SOURCE_REVIEW,COMPETITIVE,2,1,TG10_SB_STRENGTH_L2,1.0
V4PRE_PAIR_003,NEWDEV2_013,PREEXISTING_414_SOURCE_REVIEW,COMPETITIVE,2,1,TG10_SB_STRENGTH_L2,0.0
V4PRE_PAIR_015,NEWDEV2_056,PREEXISTING_414_SOURCE_REVIEW,COMPETITIVE,2,1,TG10_SB_STRENGTH_L2,0.0
V4PRE_PAIR_020,NEWDEV2_070,PREEXISTING_414_SOURCE_REVIEW,PROJECT,2,1,TG10_SB_STRENGTH_L2,0.0
V4PRE_PAIR_021,NEWDEV2_074,PREEXISTING_414_SOURCE_REVIEW,PROJECT,2,1,TG10_SB_STRENGTH_L2,0.0
V4PRE_PAIR_023,NEWDEV2_077,PREEXISTING_414_SOURCE_REVIEW,PROJECT,2,1,TG10_SB_STRENGTH_L2,0.0
V4PRE_PAIR_027,NEWDEV2_089,PREEXISTING_414_SOURCE_REVIEW,STATUS,2,1,TG10_SB_STRENGTH_L2,1.0
V4PRE_PAIR_039,MLV2_DEV_027,PREEXISTING_414_SOURCE_REVIEW,PROJECT,2,1,TG10_SB_STRENGTH_L2,1.0
V4PRE_PAIR_042,MLV2_DEV_039,PREEXISTING_414_SOURCE_REVIEW,STATUS,2,1,TG10_SB_STRENGTH_L2,1.0
V4PRE_PAIR_047,MLV2_DEV_054,PREEXISTING_414_SOURCE_REVIEW,RECOGNITION,2,1,TG10_SB_STRENGTH_L2,1.0
V4EXP_PAIR_014,NEWDEV2_056,V4_TARGET_EXPANSION_2026-08-16,COMPETITIVE,2,1,TG10_SB_STRENGTH_L2,0.0
V4EXP_PAIR_015,NEWDEV2_056,V4_TARGET_EXPANSION_2026-08-16,COMPETITIVE,2,1,TG10_SB_STRENGTH_L2,0.0
V4EXP_PAIR_016,NEWDEV2_056,V4_TARGET_EXPANSION_2026-08-16,COMPETITIVE,2,1,TG10_SB_STRENGTH_L2,0.0
V4EXP_PAIR_017,NEWDEV2_060,V4_TARGET_EXPANSION_2026-08-16,COMPETITIVE,2,1,TG10_SB_STRENGTH_L2,0.0
V4EXP_PAIR_020,NEWDEV2_031,V4_TARGET_EXPANSION_2026-08-16,COMPETITIVE,2,1,TG10_SB_STRENGTH_L2,0.0
V4EXP_PAIR_028,MLV2_DEV_027,V4_TARGET_EXPANSION_2026-08-16,PROJECT,2,1,TG10_SB_STRENGTH_L2,1.0
V4EXP_PAIR_037,MLV2_DEV_028,V4_TARGET_EXPANSION_2026-08-16,PROJECT,2,1,TG10_SB_STRENGTH_L2,1.0
V4EXP_PAIR_039,NEWDEV2_084,V4_TARGET_EXPANSION_2026-08-16,PROJECT,2,1,TG10_SB_STRENGTH_L2,0.0
V4EXP_PAIR_040,MLV2_DEV_054,V4_TARGET_EXPANSION_2026-08-16,PROJECT,2,1,TG10_SB_STRENGTH_L2,0.0
V4EXP_PAIR_049,NEWDEV2_089,V4_TARGET_EXPANSION_2026-08-16,STATUS,2,1,TG10_SB_STRENGTH_L2,1.0
V4PRE_PAIR_001,NEWDEV2_006,PREEXISTING_414_SOURCE_REVIEW,COMPETITIVE,2,1,TG10_SB_RELATIONS_L2,0.0
V4PRE_PAIR_003,NEWDEV2_013,PREEXISTING_414_SOURCE_REVIEW,COMPETITIVE,2,1,TG10_SB_RELATIONS_L2,0.0
V4PRE_PAIR_015,NEWDEV2_056,PREEXISTING_414_SOURCE_REVIEW,COMPETITIVE,2,1,TG10_SB_RELATIONS_L2,0.0
V4PRE_PAIR_020,NEWDEV2_070,PREEXISTING_414_SOURCE_REVIEW,PROJECT,2,1,TG10_SB_RELATIONS_L2,0.0
V4PRE_PAIR_021,NEWDEV2_074,PREEXISTING_414_SOURCE_REVIEW,PROJECT,2,1,TG10_SB_RELATIONS_L2,1.0
V4PRE_PAIR_023,NEWDEV2_077,PREEXISTING_414_SOURCE_REVIEW,PROJECT,2,1,TG10_SB_RELATIONS_L2,0.0
V4PRE_PAIR_027,NEWDEV2_089,PREEXISTING_414_SOURCE_REVIEW,STATUS,2,1,TG10_SB_RELATIONS_L2,1.0
V4PRE_PAIR_039,MLV2_DEV_027,PREEXISTING_414_SOURCE_REVIEW,PROJECT,2,1,TG10_SB_RELATIONS_L2,1.0
V4PRE_PAIR_042,MLV2_DEV_039,PREEXISTING_414_SOURCE_REVIEW,STATUS,2,1,TG10_SB_RELATIONS_L2,1.0
V4PRE_PAIR_047,MLV2_DEV_054,PREEXISTING_414_SOURCE_REVIEW,RECOGNITION,2,1,TG10_SB_RELATIONS_L2,1.0
V4EXP_PAIR_014,NEWDEV2_056,V4_TARGET_EXPANSION_2026-08-16,COMPETITIVE,2,1,TG10_SB_RELATIONS_L2,0.0
V4EXP_PAIR_015,NEWDEV2_056,V4_TARGET_EXPANSION_2026-08-16,COMPETITIVE,2,1,TG10_SB_RELATIONS_L2,0.0
V4EXP_PAIR_016,NEWDEV2_056,V4_TARGET_EXPANSION_2026-08-16,COMPETITIVE,2,1,TG10_SB_RELATIONS_L2,0.0
V4EXP_PAIR_017,NEWDEV2_060,V4_TARGET_EXPANSION_2026-08-16,COMPETITIVE,2,1,TG10_SB_RELATIONS_L2,0.0
V4EXP_PAIR_020,NEWDEV2_031,V4_TARGET_EXPANSION_2026-08-16,COMPETITIVE,2,1,TG10_SB_RELATIONS_L2,0.0
V4EXP_PAIR_028,MLV2_DEV_027,V4_TARGET_EXPANSION_2026-08-16,PROJECT,2,1,TG10_SB_RELATIONS_L2,1.0
V4EXP_PAIR_037,MLV2_DEV_028,V4_TARGET_EXPANSION_2026-08-16,PROJECT,2,1,TG10_SB_RELATIONS_L2,1.0
V4EXP_PAIR_039,NEWDEV2_084,V4_TARGET_EXPANSION_2026-08-16,PROJECT,2,1,TG10_SB_RELATIONS_L2,0.0
V4EXP_PAIR_040,MLV2_DEV_054,V4_TARGET_EXPANSION_2026-08-16,PROJECT,2,1,TG10_SB_RELATIONS_L2,0.0
V4EXP_PAIR_049,NEWDEV2_089,V4_TARGET_EXPANSION_2026-08-16,STATUS,2,1,TG10_SB_RELATIONS_L2,0.0
V4PRE_PAIR_001,NEWDEV2_006,PREEXISTING_414_SOURCE_REVIEW,COMPETITIVE,2,1,ALL_L2,0.0
V4PRE_PAIR_003,NEWDEV2_013,PREEXISTING_414_SOURCE_REVIEW,COMPETITIVE,2,1,ALL_L2,0.0
V4PRE_PAIR_015,NEWDEV2_056,PREEXISTING_414_SOURCE_REVIEW,COMPETITIVE,2,1,ALL_L2,0.0
V4PRE_PAIR_020,NEWDEV2_070,PREEXISTING_414_SOURCE_REVIEW,PROJECT,2,1,ALL_L2,0.0
V4PRE_PAIR_021,NEWDEV2_074,PREEXISTING_414_SOURCE_REVIEW,PROJECT,2,1,ALL_L2,1.0
V4PRE_PAIR_023,NEWDEV2_077,PREEXISTING_414_SOURCE_REVIEW,PROJECT,2,1,ALL_L2,0.0
V4PRE_PAIR_027,NEWDEV2_089,PREEXISTING_414_SOURCE_REVIEW,STATUS,2,1,ALL_L2,1.0
V4PRE_PAIR_039,MLV2_DEV_027,PREEXISTING_414_SOURCE_REVIEW,PROJECT,2,1,ALL_L2,1.0
V4PRE_PAIR_042,MLV2_DEV_039,PREEXISTING_414_SOURCE_REVIEW,STATUS,2,1,ALL_L2,1.0
V4PRE_PAIR_047,MLV2_DEV_054,PREEXISTING_414_SOURCE_REVIEW,RECOGNITION,2,1,ALL_L2,1.0
V4EXP_PAIR_014,NEWDEV2_056,V4_TARGET_EXPANSION_2026-08-16,COMPETITIVE,2,1,ALL_L2,0.0
V4EXP_PAIR_015,NEWDEV2_056,V4_TARGET_EXPANSION_2026-08-16,COMPETITIVE,2,1,ALL_L2,0.0
V4EXP_PAIR_016,NEWDEV2_056,V4_TARGET_EXPANSION_2026-08-16,COMPETITIVE,2,1,ALL_L2,0.0
V4EXP_PAIR_017,NEWDEV2_060,V4_TARGET_EXPANSION_2026-08-16,COMPETITIVE,2,1,ALL_L2,0.0
V4EXP_PAIR_020,NEWDEV2_031,V4_TARGET_EXPANSION_2026-08-16,COMPETITIVE,2,1,ALL_L2,0.0
V4EXP_PAIR_028,MLV2_DEV_027,V4_TARGET_EXPANSION_2026-08-16,PROJECT,2,1,ALL_L2,1.0
V4EXP_PAIR_037,MLV2_DEV_028,V4_TARGET_EXPANSION_2026-08-16,PROJECT,2,1,ALL_L2,1.0
V4EXP_PAIR_039,NEWDEV2_084,V4_TARGET_EXPANSION_2026-08-16,PROJECT,2,1,ALL_L2,0.0
V4EXP_PAIR_040,MLV2_DEV_054,V4_TARGET_EXPANSION_2026-08-16,PROJECT,2,1,ALL_L2,1.0
V4EXP_PAIR_049,NEWDEV2_089,V4_TARGET_EXPANSION_2026-08-16,STATUS,2,1,ALL_L2,1.0
V4PRE_PAIR_001,NEWDEV2_006,PREEXISTING_414_SOURCE_REVIEW,COMPETITIVE,2,1,NUISANCE_AGE_AXIS,1.0
V4PRE_PAIR_003,NEWDEV2_013,PREEXISTING_414_SOURCE_REVIEW,COMPETITIVE,2,1,NUISANCE_AGE_AXIS,0.0
V4PRE_PAIR_015,NEWDEV2_056,PREEXISTING_414_SOURCE_REVIEW,COMPETITIVE,2,1,NUISANCE_AGE_AXIS,1.0
V4PRE_PAIR_020,NEWDEV2_070,PREEXISTING_414_SOURCE_REVIEW,PROJECT,2,1,NUISANCE_AGE_AXIS,1.0
V4PRE_PAIR_021,NEWDEV2_074,PREEXISTING_414_SOURCE_REVIEW,PROJECT,2,1,NUISANCE_AGE_AXIS,1.0
V4PRE_PAIR_023,NEWDEV2_077,PREEXISTING_414_SOURCE_REVIEW,PROJECT,2,1,NUISANCE_AGE_AXIS,1.0
V4PRE_PAIR_027,NEWDEV2_089,PREEXISTING_414_SOURCE_REVIEW,STATUS,2,1,NUISANCE_AGE_AXIS,1.0
V4PRE_PAIR_039,MLV2_DEV_027,PREEXISTING_414_SOURCE_REVIEW,PROJECT,2,1,NUISANCE_AGE_AXIS,1.0
V4PRE_PAIR_042,MLV2_DEV_039,PREEXISTING_414_SOURCE_REVIEW,STATUS,2,1,NUISANCE_AGE_AXIS,1.0
V4PRE_PAIR_047,MLV2_DEV_054,PREEXISTING_414_SOURCE_REVIEW,RECOGNITION,2,1,NUISANCE_AGE_AXIS,0.0
V4EXP_PAIR_014,NEWDEV2_056,V4_TARGET_EXPANSION_2026-08-16,COMPETITIVE,2,1,NUISANCE_AGE_AXIS,1.0
V4EXP_PAIR_015,NEWDEV2_056,V4_TARGET_EXPANSION_2026-08-16,COMPETITIVE,2,1,NUISANCE_AGE_AXIS,1.0
V4EXP_PAIR_016,NEWDEV2_056,V4_TARGET_EXPANSION_2026-08-16,COMPETITIVE,2,1,NUISANCE_AGE_AXIS,1.0
V4EXP_PAIR_017,NEWDEV2_060,V4_TARGET_EXPANSION_2026-08-16,COMPETITIVE,2,1,NUISANCE_AGE_AXIS,1.0
V4EXP_PAIR_020,NEWDEV2_031,V4_TARGET_EXPANSION_2026-08-16,COMPETITIVE,2,1,NUISANCE_AGE_AXIS,1.0
V4EXP_PAIR_028,MLV2_DEV_027,V4_TARGET_EXPANSION_2026-08-16,PROJECT,2,1,NUISANCE_AGE_AXIS,1.0
V4EXP_PAIR_037,MLV2_DEV_028,V4_TARGET_EXPANSION_2026-08-16,PROJECT,2,1,NUISANCE_AGE_AXIS,0.0
V4EXP_PAIR_039,NEWDEV2_084,V4_TARGET_EXPANSION_2026-08-16,PROJECT,2,1,NUISANCE_AGE_AXIS,0.0
V4EXP_PAIR_040,MLV2_DEV_054,V4_TARGET_EXPANSION_2026-08-16,PROJECT,2,1,NUISANCE_AGE_AXIS,0.0
V4EXP_PAIR_049,NEWDEV2_089,V4_TARGET_EXPANSION_2026-08-16,STATUS,2,1,NUISANCE_AGE_AXIS,0.0
V4PRE_PAIR_001,NEWDEV2_006,PREEXISTING_414_SOURCE_REVIEW,COMPETITIVE,2,1,NUISANCE_WITH_ORIGIN_DIAGNOSTIC,0.0
V4PRE_PAIR_003,NEWDEV2_013,PREEXISTING_414_SOURCE_REVIEW,COMPETITIVE,2,1,NUISANCE_WITH_ORIGIN_DIAGNOSTIC,1.0
V4PRE_PAIR_015,NEWDEV2_056,PREEXISTING_414_SOURCE_REVIEW,COMPETITIVE,2,1,NUISANCE_WITH_ORIGIN_DIAGNOSTIC,1.0
V4PRE_PAIR_020,NEWDEV2_070,PREEXISTING_414_SOURCE_REVIEW,PROJECT,2,1,NUISANCE_WITH_ORIGIN_DIAGNOSTIC,1.0
V4PRE_PAIR_021,NEWDEV2_074,PREEXISTING_414_SOURCE_REVIEW,PROJECT,2,1,NUISANCE_WITH_ORIGIN_DIAGNOSTIC,1.0
V4PRE_PAIR_023,NEWDEV2_077,PREEXISTING_414_SOURCE_REVIEW,PROJECT,2,1,NUISANCE_WITH_ORIGIN_DIAGNOSTIC,1.0
V4PRE_PAIR_027,NEWDEV2_089,PREEXISTING_414_SOURCE_REVIEW,STATUS,2,1,NUISANCE_WITH_ORIGIN_DIAGNOSTIC,1.0
V4PRE_PAIR_039,MLV2_DEV_027,PREEXISTING_414_SOURCE_REVIEW,PROJECT,2,1,NUISANCE_WITH_ORIGIN_DIAGNOSTIC,1.0
V4PRE_PAIR_042,MLV2_DEV_039,PREEXISTING_414_SOURCE_REVIEW,STATUS,2,1,NUISANCE_WITH_ORIGIN_DIAGNOSTIC,1.0
V4PRE_PAIR_047,MLV2_DEV_054,PREEXISTING_414_SOURCE_REVIEW,RECOGNITION,2,1,NUISANCE_WITH_ORIGIN_DIAGNOSTIC,1.0
V4EXP_PAIR_014,NEWDEV2_056,V4_TARGET_EXPANSION_2026-08-16,COMPETITIVE,2,1,NUISANCE_WITH_ORIGIN_DIAGNOSTIC,1.0
V4EXP_PAIR_015,NEWDEV2_056,V4_TARGET_EXPANSION_2026-08-16,COMPETITIVE,2,1,NUISANCE_WITH_ORIGIN_DIAGNOSTIC,1.0
V4EXP_PAIR_016,NEWDEV2_056,V4_TARGET_EXPANSION_2026-08-16,COMPETITIVE,2,1,NUISANCE_WITH_ORIGIN_DIAGNOSTIC,1.0
V4EXP_PAIR_017,NEWDEV2_060,V4_TARGET_EXPANSION_2026-08-16,COMPETITIVE,2,1,NUISANCE_WITH_ORIGIN_DIAGNOSTIC,1.0
V4EXP_PAIR_020,NEWDEV2_031,V4_TARGET_EXPANSION_2026-08-16,COMPETITIVE,2,1,NUISANCE_WITH_ORIGIN_DIAGNOSTIC,1.0
V4EXP_PAIR_028,MLV2_DEV_027,V4_TARGET_EXPANSION_2026-08-16,PROJECT,2,1,NUISANCE_WITH_ORIGIN_DIAGNOSTIC,1.0
V4EXP_PAIR_037,MLV2_DEV_028,V4_TARGET_EXPANSION_2026-08-16,PROJECT,2,1,NUISANCE_WITH_ORIGIN_DIAGNOSTIC,1.0
V4EXP_PAIR_039,NEWDEV2_084,V4_TARGET_EXPANSION_2026-08-16,PROJECT,2,1,NUISANCE_WITH_ORIGIN_DIAGNOSTIC,1.0
V4EXP_PAIR_040,MLV2_DEV_054,V4_TARGET_EXPANSION_2026-08-16,PROJECT,2,1,NUISANCE_WITH_ORIGIN_DIAGNOSTIC,1.0
V4EXP_PAIR_049,NEWDEV2_089,V4_TARGET_EXPANSION_2026-08-16,STATUS,2,1,NUISANCE_WITH_ORIGIN_DIAGNOSTIC,1.0
V4PRE_PAIR_001,NEWDEV2_006,PREEXISTING_414_SOURCE_REVIEW,COMPETITIVE,2,1,ALL_ELASTICNET_AUTO,1.0
V4PRE_PAIR_003,NEWDEV2_013,PREEXISTING_414_SOURCE_REVIEW,COMPETITIVE,2,1,ALL_ELASTICNET_AUTO,1.0
V4PRE_PAIR_015,NEWDEV2_056,PREEXISTING_414_SOURCE_REVIEW,COMPETITIVE,2,1,ALL_ELASTICNET_AUTO,0.0
V4PRE_PAIR_020,NEWDEV2_070,PREEXISTING_414_SOURCE_REVIEW,PROJECT,2,1,ALL_ELASTICNET_AUTO,0.0
V4PRE_PAIR_021,NEWDEV2_074,PREEXISTING_414_SOURCE_REVIEW,PROJECT,2,1,ALL_ELASTICNET_AUTO,1.0
V4PRE_PAIR_023,NEWDEV2_077,PREEXISTING_414_SOURCE_REVIEW,PROJECT,2,1,ALL_ELASTICNET_AUTO,1.0
V4PRE_PAIR_027,NEWDEV2_089,PREEXISTING_414_SOURCE_REVIEW,STATUS,2,1,ALL_ELASTICNET_AUTO,0.0
V4PRE_PAIR_039,MLV2_DEV_027,PREEXISTING_414_SOURCE_REVIEW,PROJECT,2,1,ALL_ELASTICNET_AUTO,0.0
V4PRE_PAIR_042,MLV2_DEV_039,PREEXISTING_414_SOURCE_REVIEW,STATUS,2,1,ALL_ELASTICNET_AUTO,1.0
V4PRE_PAIR_047,MLV2_DEV_054,PREEXISTING_414_SOURCE_REVIEW,RECOGNITION,2,1,ALL_ELASTICNET_AUTO,1.0
V4EXP_PAIR_014,NEWDEV2_056,V4_TARGET_EXPANSION_2026-08-16,COMPETITIVE,2,1,ALL_ELASTICNET_AUTO,0.0
V4EXP_PAIR_015,NEWDEV2_056,V4_TARGET_EXPANSION_2026-08-16,COMPETITIVE,2,1,ALL_ELASTICNET_AUTO,0.0
V4EXP_PAIR_016,NEWDEV2_056,V4_TARGET_EXPANSION_2026-08-16,COMPETITIVE,2,1,ALL_ELASTICNET_AUTO,0.0
V4EXP_PAIR_017,NEWDEV2_060,V4_TARGET_EXPANSION_2026-08-16,COMPETITIVE,2,1,ALL_ELASTICNET_AUTO,0.0
V4EXP_PAIR_020,NEWDEV2_031,V4_TARGET_EXPANSION_2026-08-16,COMPETITIVE,2,1,ALL_ELASTICNET_AUTO,1.0
V4EXP_PAIR_028,MLV2_DEV_027,V4_TARGET_EXPANSION_2026-08-16,PROJECT,2,1,ALL_ELASTICNET_AUTO,0.0
V4EXP_PAIR_037,MLV2_DEV_028,V4_TARGET_EXPANSION_2026-08-16,PROJECT,2,1,ALL_ELASTICNET_AUTO,1.0
V4EXP_PAIR_039,NEWDEV2_084,V4_TARGET_EXPANSION_2026-08-16,PROJECT,2,1,ALL_ELASTICNET_AUTO,0.0
V4EXP_PAIR_040,MLV2_DEV_054,V4_TARGET_EXPANSION_2026-08-16,PROJECT,2,1,ALL_ELASTICNET_AUTO,1.0
V4EXP_PAIR_049,NEWDEV2_089,V4_TARGET_EXPANSION_2026-08-16,STATUS,2,1,ALL_ELASTICNET_AUTO,0.0
V4PRE_PAIR_001,NEWDEV2_006,PREEXISTING_414_SOURCE_REVIEW,COMPETITIVE,2,1,HGB_ALL_EXPLORATORY,1.0
V4PRE_PAIR_003,NEWDEV2_013,PREEXISTING_414_SOURCE_REVIEW,COMPETITIVE,2,1,HGB_ALL_EXPLORATORY,0.0
V4PRE_PAIR_015,NEWDEV2_056,PREEXISTING_414_SOURCE_REVIEW,COMPETITIVE,2,1,HGB_ALL_EXPLORATORY,0.0
V4PRE_PAIR_020,NEWDEV2_070,PREEXISTING_414_SOURCE_REVIEW,PROJECT,2,1,HGB_ALL_EXPLORATORY,0.0
V4PRE_PAIR_021,NEWDEV2_074,PREEXISTING_414_SOURCE_REVIEW,PROJECT,2,1,HGB_ALL_EXPLORATORY,1.0
V4PRE_PAIR_023,NEWDEV2_077,PREEXISTING_414_SOURCE_REVIEW,PROJECT,2,1,HGB_ALL_EXPLORATORY,1.0
V4PRE_PAIR_027,NEWDEV2_089,PREEXISTING_414_SOURCE_REVIEW,STATUS,2,1,HGB_ALL_EXPLORATORY,0.0
V4PRE_PAIR_039,MLV2_DEV_027,PREEXISTING_414_SOURCE_REVIEW,PROJECT,2,1,HGB_ALL_EXPLORATORY,0.0
V4PRE_PAIR_042,MLV2_DEV_039,PREEXISTING_414_SOURCE_REVIEW,STATUS,2,1,HGB_ALL_EXPLORATORY,0.0
V4PRE_PAIR_047,MLV2_DEV_054,PREEXISTING_414_SOURCE_REVIEW,RECOGNITION,2,1,HGB_ALL_EXPLORATORY,1.0
V4EXP_PAIR_014,NEWDEV2_056,V4_TARGET_EXPANSION_2026-08-16,COMPETITIVE,2,1,HGB_ALL_EXPLORATORY,0.0
V4EXP_PAIR_015,NEWDEV2_056,V4_TARGET_EXPANSION_2026-08-16,COMPETITIVE,2,1,HGB_ALL_EXPLORATORY,0.0
V4EXP_PAIR_016,NEWDEV2_056,V4_TARGET_EXPANSION_2026-08-16,COMPETITIVE,2,1,HGB_ALL_EXPLORATORY,0.0
V4EXP_PAIR_017,NEWDEV2_060,V4_TARGET_EXPANSION_2026-08-16,COMPETITIVE,2,1,HGB_ALL_EXPLORATORY,0.0
V4EXP_PAIR_020,NEWDEV2_031,V4_TARGET_EXPANSION_2026-08-16,COMPETITIVE,2,1,HGB_ALL_EXPLORATORY,0.0
V4EXP_PAIR_028,MLV2_DEV_027,V4_TARGET_EXPANSION_2026-08-16,PROJECT,2,1,HGB_ALL_EXPLORATORY,0.0
V4EXP_PAIR_037,MLV2_DEV_028,V4_TARGET_EXPANSION_2026-08-16,PROJECT,2,1,HGB_ALL_EXPLORATORY,1.0
V4EXP_PAIR_039,NEWDEV2_084,V4_TARGET_EXPANSION_2026-08-16,PROJECT,2,1,HGB_ALL_EXPLORATORY,0.0
V4EXP_PAIR_040,MLV2_DEV_054,V4_TARGET_EXPANSION_2026-08-16,PROJECT,2,1,HGB_ALL_EXPLORATORY,1.0
V4EXP_PAIR_049,NEWDEV2_089,V4_TARGET_EXPANSION_2026-08-16,STATUS,2,1,HGB_ALL_EXPLORATORY,0.0
V4PRE_PAIR_006,NEWDEV2_024,PREEXISTING_414_SOURCE_REVIEW,PROJECT,2,2,AGE_YOUNGER_FIXED,1.0
V4PRE_PAIR_013,NEWDEV2_043,PREEXISTING_414_SOURCE_REVIEW,COMPETITIVE,2,2,AGE_YOUNGER_FIXED,0.0
V4PRE_PAIR_014,NEWDEV2_053,PREEXISTING_414_SOURCE_REVIEW,COMPETITIVE,2,2,AGE_YOUNGER_FIXED,0.0
V4PRE_PAIR_016,NEWDEV2_065,PREEXISTING_414_SOURCE_REVIEW,COMPETITIVE,2,2,AGE_YOUNGER_FIXED,1.0
V4PRE_PAIR_024,NEWDEV2_078,PREEXISTING_414_SOURCE_REVIEW,COMPETITIVE,2,2,AGE_YOUNGER_FIXED,1.0
V4PRE_PAIR_026,NEWDEV2_082,PREEXISTING_414_SOURCE_REVIEW,STATUS,2,2,AGE_YOUNGER_FIXED,1.0
V4PRE_PAIR_033,MLV2_DEV_007,PREEXISTING_414_SOURCE_REVIEW,PROJECT,2,2,AGE_YOUNGER_FIXED,1.0
V4PRE_PAIR_034,MLV2_DEV_007,PREEXISTING_414_SOURCE_REVIEW,PROJECT,2,2,AGE_YOUNGER_FIXED,1.0
V4PRE_PAIR_035,MLV2_DEV_008,PREEXISTING_414_SOURCE_REVIEW,PROJECT,2,2,AGE_YOUNGER_FIXED,1.0
V4PRE_PAIR_040,MLV2_DEV_033,PREEXISTING_414_SOURCE_REVIEW,PROJECT,2,2,AGE_YOUNGER_FIXED,0.0
V4EXP_PAIR_001,NEWDEV2_005,V4_TARGET_EXPANSION_2026-08-16,COMPETITIVE,2,2,AGE_YOUNGER_FIXED,0.0
V4EXP_PAIR_018,NEWDEV2_065,V4_TARGET_EXPANSION_2026-08-16,COMPETITIVE,2,2,AGE_YOUNGER_FIXED,0.0
V4EXP_PAIR_019,NEWDEV2_065,V4_TARGET_EXPANSION_2026-08-16,COMPETITIVE,2,2,AGE_YOUNGER_FIXED,0.0
V4EXP_PAIR_022,NEWDEV2_059,V4_TARGET_EXPANSION_2026-08-16,COMPETITIVE,2,2,AGE_YOUNGER_FIXED,0.0
V4EXP_PAIR_023,NEWDEV2_059,V4_TARGET_EXPANSION_2026-08-16,COMPETITIVE,2,2,AGE_YOUNGER_FIXED,0.0
V4EXP_PAIR_027,MLV2_DEV_007,V4_TARGET_EXPANSION_2026-08-16,PROJECT,2,2,AGE_YOUNGER_FIXED,0.0
V4EXP_PAIR_034,MLV2_DEV_051,V4_TARGET_EXPANSION_2026-08-16,PROJECT,2,2,AGE_YOUNGER_FIXED,0.0
V4EXP_PAIR_043,MLV2_DEV_001,V4_TARGET_EXPANSION_2026-08-16,PROJECT,2,2,AGE_YOUNGER_FIXED,0.0
V4EXP_PAIR_046,NEWDEV2_005,V4_TARGET_EXPANSION_2026-08-16,STATUS,2,2,AGE_YOUNGER_FIXED,0.0
V4EXP_PAIR_050,MLV2_DEV_032,V4_TARGET_EXPANSION_2026-08-16,STATUS,2,2,AGE_YOUNGER_FIXED,0.0
V4PRE_PAIR_006,NEWDEV2_024,PREEXISTING_414_SOURCE_REVIEW,PROJECT,2,2,AGE_LATER_FIXED,0.0
V4PRE_PAIR_013,NEWDEV2_043,PREEXISTING_414_SOURCE_REVIEW,COMPETITIVE,2,2,AGE_LATER_FIXED,1.0
V4PRE_PAIR_014,NEWDEV2_053,PREEXISTING_414_SOURCE_REVIEW,COMPETITIVE,2,2,AGE_LATER_FIXED,1.0
V4PRE_PAIR_016,NEWDEV2_065,PREEXISTING_414_SOURCE_REVIEW,COMPETITIVE,2,2,AGE_LATER_FIXED,0.0
V4PRE_PAIR_024,NEWDEV2_078,PREEXISTING_414_SOURCE_REVIEW,COMPETITIVE,2,2,AGE_LATER_FIXED,0.0
V4PRE_PAIR_026,NEWDEV2_082,PREEXISTING_414_SOURCE_REVIEW,STATUS,2,2,AGE_LATER_FIXED,0.0
V4PRE_PAIR_033,MLV2_DEV_007,PREEXISTING_414_SOURCE_REVIEW,PROJECT,2,2,AGE_LATER_FIXED,0.0
V4PRE_PAIR_034,MLV2_DEV_007,PREEXISTING_414_SOURCE_REVIEW,PROJECT,2,2,AGE_LATER_FIXED,0.0
V4PRE_PAIR_035,MLV2_DEV_008,PREEXISTING_414_SOURCE_REVIEW,PROJECT,2,2,AGE_LATER_FIXED,0.0
V4PRE_PAIR_040,MLV2_DEV_033,PREEXISTING_414_SOURCE_REVIEW,PROJECT,2,2,AGE_LATER_FIXED,1.0
V4EXP_PAIR_001,NEWDEV2_005,V4_TARGET_EXPANSION_2026-08-16,COMPETITIVE,2,2,AGE_LATER_FIXED,1.0
V4EXP_PAIR_018,NEWDEV2_065,V4_TARGET_EXPANSION_2026-08-16,COMPETITIVE,2,2,AGE_LATER_FIXED,1.0
V4EXP_PAIR_019,NEWDEV2_065,V4_TARGET_EXPANSION_2026-08-16,COMPETITIVE,2,2,AGE_LATER_FIXED,1.0
V4EXP_PAIR_022,NEWDEV2_059,V4_TARGET_EXPANSION_2026-08-16,COMPETITIVE,2,2,AGE_LATER_FIXED,1.0
V4EXP_PAIR_023,NEWDEV2_059,V4_TARGET_EXPANSION_2026-08-16,COMPETITIVE,2,2,AGE_LATER_FIXED,1.0
V4EXP_PAIR_027,MLV2_DEV_007,V4_TARGET_EXPANSION_2026-08-16,PROJECT,2,2,AGE_LATER_FIXED,1.0
V4EXP_PAIR_034,MLV2_DEV_051,V4_TARGET_EXPANSION_2026-08-16,PROJECT,2,2,AGE_LATER_FIXED,1.0
V4EXP_PAIR_043,MLV2_DEV_001,V4_TARGET_EXPANSION_2026-08-16,PROJECT,2,2,AGE_LATER_FIXED,1.0
V4EXP_PAIR_046,NEWDEV2_005,V4_TARGET_EXPANSION_2026-08-16,STATUS,2,2,AGE_LATER_FIXED,1.0
V4EXP_PAIR_050,MLV2_DEV_032,V4_TARGET_EXPANSION_2026-08-16,STATUS,2,2,AGE_LATER_FIXED,1.0
V4PRE_PAIR_006,NEWDEV2_024,PREEXISTING_414_SOURCE_REVIEW,PROJECT,2,2,CONTROL_FIXED,1.0
V4PRE_PAIR_013,NEWDEV2_043,PREEXISTING_414_SOURCE_REVIEW,COMPETITIVE,2,2,CONTROL_FIXED,1.0
V4PRE_PAIR_014,NEWDEV2_053,PREEXISTING_414_SOURCE_REVIEW,COMPETITIVE,2,2,CONTROL_FIXED,0.0
V4PRE_PAIR_016,NEWDEV2_065,PREEXISTING_414_SOURCE_REVIEW,COMPETITIVE,2,2,CONTROL_FIXED,0.0
V4PRE_PAIR_024,NEWDEV2_078,PREEXISTING_414_SOURCE_REVIEW,COMPETITIVE,2,2,CONTROL_FIXED,1.0
V4PRE_PAIR_026,NEWDEV2_082,PREEXISTING_414_SOURCE_REVIEW,STATUS,2,2,CONTROL_FIXED,1.0
V4PRE_PAIR_033,MLV2_DEV_007,PREEXISTING_414_SOURCE_REVIEW,PROJECT,2,2,CONTROL_FIXED,0.0
V4PRE_PAIR_034,MLV2_DEV_007,PREEXISTING_414_SOURCE_REVIEW,PROJECT,2,2,CONTROL_FIXED,0.0
V4PRE_PAIR_035,MLV2_DEV_008,PREEXISTING_414_SOURCE_REVIEW,PROJECT,2,2,CONTROL_FIXED,0.0
V4PRE_PAIR_040,MLV2_DEV_033,PREEXISTING_414_SOURCE_REVIEW,PROJECT,2,2,CONTROL_FIXED,1.0
V4EXP_PAIR_001,NEWDEV2_005,V4_TARGET_EXPANSION_2026-08-16,COMPETITIVE,2,2,CONTROL_FIXED,0.0
V4EXP_PAIR_018,NEWDEV2_065,V4_TARGET_EXPANSION_2026-08-16,COMPETITIVE,2,2,CONTROL_FIXED,1.0
V4EXP_PAIR_019,NEWDEV2_065,V4_TARGET_EXPANSION_2026-08-16,COMPETITIVE,2,2,CONTROL_FIXED,0.0
V4EXP_PAIR_022,NEWDEV2_059,V4_TARGET_EXPANSION_2026-08-16,COMPETITIVE,2,2,CONTROL_FIXED,0.0
V4EXP_PAIR_023,NEWDEV2_059,V4_TARGET_EXPANSION_2026-08-16,COMPETITIVE,2,2,CONTROL_FIXED,0.0
V4EXP_PAIR_027,MLV2_DEV_007,V4_TARGET_EXPANSION_2026-08-16,PROJECT,2,2,CONTROL_FIXED,0.0
V4EXP_PAIR_034,MLV2_DEV_051,V4_TARGET_EXPANSION_2026-08-16,PROJECT,2,2,CONTROL_FIXED,0.0
V4EXP_PAIR_043,MLV2_DEV_001,V4_TARGET_EXPANSION_2026-08-16,PROJECT,2,2,CONTROL_FIXED,0.0
V4EXP_PAIR_046,NEWDEV2_005,V4_TARGET_EXPANSION_2026-08-16,STATUS,2,2,CONTROL_FIXED,1.0
V4EXP_PAIR_050,MLV2_DEV_032,V4_TARGET_EXPANSION_2026-08-16,STATUS,2,2,CONTROL_FIXED,1.0
V4PRE_PAIR_006,NEWDEV2_024,PREEXISTING_414_SOURCE_REVIEW,PROJECT,2,2,TG5_GROUP_L2,0.0
V4PRE_PAIR_013,NEWDEV2_043,PREEXISTING_414_SOURCE_REVIEW,COMPETITIVE,2,2,TG5_GROUP_L2,0.0
V4PRE_PAIR_014,NEWDEV2_053,PREEXISTING_414_SOURCE_REVIEW,COMPETITIVE,2,2,TG5_GROUP_L2,0.0
V4PRE_PAIR_016,NEWDEV2_065,PREEXISTING_414_SOURCE_REVIEW,COMPETITIVE,2,2,TG5_GROUP_L2,0.0
V4PRE_PAIR_024,NEWDEV2_078,PREEXISTING_414_SOURCE_REVIEW,COMPETITIVE,2,2,TG5_GROUP_L2,0.0
V4PRE_PAIR_026,NEWDEV2_082,PREEXISTING_414_SOURCE_REVIEW,STATUS,2,2,TG5_GROUP_L2,1.0
V4PRE_PAIR_033,MLV2_DEV_007,PREEXISTING_414_SOURCE_REVIEW,PROJECT,2,2,TG5_GROUP_L2,0.0
V4PRE_PAIR_034,MLV2_DEV_007,PREEXISTING_414_SOURCE_REVIEW,PROJECT,2,2,TG5_GROUP_L2,1.0
V4PRE_PAIR_035,MLV2_DEV_008,PREEXISTING_414_SOURCE_REVIEW,PROJECT,2,2,TG5_GROUP_L2,0.0
V4PRE_PAIR_040,MLV2_DEV_033,PREEXISTING_414_SOURCE_REVIEW,PROJECT,2,2,TG5_GROUP_L2,1.0
V4EXP_PAIR_001,NEWDEV2_005,V4_TARGET_EXPANSION_2026-08-16,COMPETITIVE,2,2,TG5_GROUP_L2,0.0
V4EXP_PAIR_018,NEWDEV2_065,V4_TARGET_EXPANSION_2026-08-16,COMPETITIVE,2,2,TG5_GROUP_L2,0.0
V4EXP_PAIR_019,NEWDEV2_065,V4_TARGET_EXPANSION_2026-08-16,COMPETITIVE,2,2,TG5_GROUP_L2,0.0
V4EXP_PAIR_022,NEWDEV2_059,V4_TARGET_EXPANSION_2026-08-16,COMPETITIVE,2,2,TG5_GROUP_L2,1.0
V4EXP_PAIR_023,NEWDEV2_059,V4_TARGET_EXPANSION_2026-08-16,COMPETITIVE,2,2,TG5_GROUP_L2,0.5
V4EXP_PAIR_027,MLV2_DEV_007,V4_TARGET_EXPANSION_2026-08-16,PROJECT,2,2,TG5_GROUP_L2,0.0
V4EXP_PAIR_034,MLV2_DEV_051,V4_TARGET_EXPANSION_2026-08-16,PROJECT,2,2,TG5_GROUP_L2,0.5
V4EXP_PAIR_043,MLV2_DEV_001,V4_TARGET_EXPANSION_2026-08-16,PROJECT,2,2,TG5_GROUP_L2,1.0
V4EXP_PAIR_046,NEWDEV2_005,V4_TARGET_EXPANSION_2026-08-16,STATUS,2,2,TG5_GROUP_L2,0.5
V4EXP_PAIR_050,MLV2_DEV_032,V4_TARGET_EXPANSION_2026-08-16,STATUS,2,2,TG5_GROUP_L2,0.0
V4PRE_PAIR_006,NEWDEV2_024,PREEXISTING_414_SOURCE_REVIEW,PROJECT,2,2,TG10_STEM_L2,0.0
V4PRE_PAIR_013,NEWDEV2_043,PREEXISTING_414_SOURCE_REVIEW,COMPETITIVE,2,2,TG10_STEM_L2,1.0
V4PRE_PAIR_014,NEWDEV2_053,PREEXISTING_414_SOURCE_REVIEW,COMPETITIVE,2,2,TG10_STEM_L2,1.0
V4PRE_PAIR_016,NEWDEV2_065,PREEXISTING_414_SOURCE_REVIEW,COMPETITIVE,2,2,TG10_STEM_L2,1.0
V4PRE_PAIR_024,NEWDEV2_078,PREEXISTING_414_SOURCE_REVIEW,COMPETITIVE,2,2,TG10_STEM_L2,0.0
V4PRE_PAIR_026,NEWDEV2_082,PREEXISTING_414_SOURCE_REVIEW,STATUS,2,2,TG10_STEM_L2,1.0
V4PRE_PAIR_033,MLV2_DEV_007,PREEXISTING_414_SOURCE_REVIEW,PROJECT,2,2,TG10_STEM_L2,1.0
V4PRE_PAIR_034,MLV2_DEV_007,PREEXISTING_414_SOURCE_REVIEW,PROJECT,2,2,TG10_STEM_L2,1.0
V4PRE_PAIR_035,MLV2_DEV_008,PREEXISTING_414_SOURCE_REVIEW,PROJECT,2,2,TG10_STEM_L2,0.0
V4PRE_PAIR_040,MLV2_DEV_033,PREEXISTING_414_SOURCE_REVIEW,PROJECT,2,2,TG10_STEM_L2,0.0
V4EXP_PAIR_001,NEWDEV2_005,V4_TARGET_EXPANSION_2026-08-16,COMPETITIVE,2,2,TG10_STEM_L2,1.0
V4EXP_PAIR_018,NEWDEV2_065,V4_TARGET_EXPANSION_2026-08-16,COMPETITIVE,2,2,TG10_STEM_L2,1.0
V4EXP_PAIR_019,NEWDEV2_065,V4_TARGET_EXPANSION_2026-08-16,COMPETITIVE,2,2,TG10_STEM_L2,0.0
V4EXP_PAIR_022,NEWDEV2_059,V4_TARGET_EXPANSION_2026-08-16,COMPETITIVE,2,2,TG10_STEM_L2,0.0
V4EXP_PAIR_023,NEWDEV2_059,V4_TARGET_EXPANSION_2026-08-16,COMPETITIVE,2,2,TG10_STEM_L2,0.0
V4EXP_PAIR_027,MLV2_DEV_007,V4_TARGET_EXPANSION_2026-08-16,PROJECT,2,2,TG10_STEM_L2,1.0
V4EXP_PAIR_034,MLV2_DEV_051,V4_TARGET_EXPANSION_2026-08-16,PROJECT,2,2,TG10_STEM_L2,0.0
V4EXP_PAIR_043,MLV2_DEV_001,V4_TARGET_EXPANSION_2026-08-16,PROJECT,2,2,TG10_STEM_L2,1.0
V4EXP_PAIR_046,NEWDEV2_005,V4_TARGET_EXPANSION_2026-08-16,STATUS,2,2,TG10_STEM_L2,0.0
V4EXP_PAIR_050,MLV2_DEV_032,V4_TARGET_EXPANSION_2026-08-16,STATUS,2,2,TG10_STEM_L2,0.0
V4PRE_PAIR_006,NEWDEV2_024,PREEXISTING_414_SOURCE_REVIEW,PROJECT,2,2,TG10_STEM_BRANCH_L2,1.0
V4PRE_PAIR_013,NEWDEV2_043,PREEXISTING_414_SOURCE_REVIEW,COMPETITIVE,2,2,TG10_STEM_BRANCH_L2,1.0
V4PRE_PAIR_014,NEWDEV2_053,PREEXISTING_414_SOURCE_REVIEW,COMPETITIVE,2,2,TG10_STEM_BRANCH_L2,0.0
V4PRE_PAIR_016,NEWDEV2_065,PREEXISTING_414_SOURCE_REVIEW,COMPETITIVE,2,2,TG10_STEM_BRANCH_L2,1.0
V4PRE_PAIR_024,NEWDEV2_078,PREEXISTING_414_SOURCE_REVIEW,COMPETITIVE,2,2,TG10_STEM_BRANCH_L2,0.0
V4PRE_PAIR_026,NEWDEV2_082,PREEXISTING_414_SOURCE_REVIEW,STATUS,2,2,TG10_STEM_BRANCH_L2,1.0
V4PRE_PAIR_033,MLV2_DEV_007,PREEXISTING_414_SOURCE_REVIEW,PROJECT,2,2,TG10_STEM_BRANCH_L2,1.0
V4PRE_PAIR_034,MLV2_DEV_007,PREEXISTING_414_SOURCE_REVIEW,PROJECT,2,2,TG10_STEM_BRANCH_L2,1.0
V4PRE_PAIR_035,MLV2_DEV_008,PREEXISTING_414_SOURCE_REVIEW,PROJECT,2,2,TG10_STEM_BRANCH_L2,0.0
V4PRE_PAIR_040,MLV2_DEV_033,PREEXISTING_414_SOURCE_REVIEW,PROJECT,2,2,TG10_STEM_BRANCH_L2,0.0
V4EXP_PAIR_001,NEWDEV2_005,V4_TARGET_EXPANSION_2026-08-16,COMPETITIVE,2,2,TG10_STEM_BRANCH_L2,0.0
V4EXP_PAIR_018,NEWDEV2_065,V4_TARGET_EXPANSION_2026-08-16,COMPETITIVE,2,2,TG10_STEM_BRANCH_L2,0.0
V4EXP_PAIR_019,NEWDEV2_065,V4_TARGET_EXPANSION_2026-08-16,COMPETITIVE,2,2,TG10_STEM_BRANCH_L2,0.0
V4EXP_PAIR_022,NEWDEV2_059,V4_TARGET_EXPANSION_2026-08-16,COMPETITIVE,2,2,TG10_STEM_BRANCH_L2,0.0
V4EXP_PAIR_023,NEWDEV2_059,V4_TARGET_EXPANSION_2026-08-16,COMPETITIVE,2,2,TG10_STEM_BRANCH_L2,0.0
V4EXP_PAIR_027,MLV2_DEV_007,V4_TARGET_EXPANSION_2026-08-16,PROJECT,2,2,TG10_STEM_BRANCH_L2,1.0
V4EXP_PAIR_034,MLV2_DEV_051,V4_TARGET_EXPANSION_2026-08-16,PROJECT,2,2,TG10_STEM_BRANCH_L2,1.0
V4EXP_PAIR_043,MLV2_DEV_001,V4_TARGET_EXPANSION_2026-08-16,PROJECT,2,2,TG10_STEM_BRANCH_L2,1.0
V4EXP_PAIR_046,NEWDEV2_005,V4_TARGET_EXPANSION_2026-08-16,STATUS,2,2,TG10_STEM_BRANCH_L2,0.0
V4EXP_PAIR_050,MLV2_DEV_032,V4_TARGET_EXPANSION_2026-08-16,STATUS,2,2,TG10_STEM_BRANCH_L2,1.0
V4PRE_PAIR_006,NEWDEV2_024,PREEXISTING_414_SOURCE_REVIEW,PROJECT,2,2,TG10_SB_STRENGTH_L2,1.0
V4PRE_PAIR_013,NEWDEV2_043,PREEXISTING_414_SOURCE_REVIEW,COMPETITIVE,2,2,TG10_SB_STRENGTH_L2,1.0
V4PRE_PAIR_014,NEWDEV2_053,PREEXISTING_414_SOURCE_REVIEW,COMPETITIVE,2,2,TG10_SB_STRENGTH_L2,0.0
V4PRE_PAIR_016,NEWDEV2_065,PREEXISTING_414_SOURCE_REVIEW,COMPETITIVE,2,2,TG10_SB_STRENGTH_L2,1.0
V4PRE_PAIR_024,NEWDEV2_078,PREEXISTING_414_SOURCE_REVIEW,COMPETITIVE,2,2,TG10_SB_STRENGTH_L2,1.0
V4PRE_PAIR_026,NEWDEV2_082,PREEXISTING_414_SOURCE_REVIEW,STATUS,2,2,TG10_SB_STRENGTH_L2,1.0
V4PRE_PAIR_033,MLV2_DEV_007,PREEXISTING_414_SOURCE_REVIEW,PROJECT,2,2,TG10_SB_STRENGTH_L2,0.0
V4PRE_PAIR_034,MLV2_DEV_007,PREEXISTING_414_SOURCE_REVIEW,PROJECT,2,2,TG10_SB_STRENGTH_L2,0.0
V4PRE_PAIR_035,MLV2_DEV_008,PREEXISTING_414_SOURCE_REVIEW,PROJECT,2,2,TG10_SB_STRENGTH_L2,0.0
V4PRE_PAIR_040,MLV2_DEV_033,PREEXISTING_414_SOURCE_REVIEW,PROJECT,2,2,TG10_SB_STRENGTH_L2,0.0
V4EXP_PAIR_001,NEWDEV2_005,V4_TARGET_EXPANSION_2026-08-16,COMPETITIVE,2,2,TG10_SB_STRENGTH_L2,0.0
V4EXP_PAIR_018,NEWDEV2_065,V4_TARGET_EXPANSION_2026-08-16,COMPETITIVE,2,2,TG10_SB_STRENGTH_L2,1.0
V4EXP_PAIR_019,NEWDEV2_065,V4_TARGET_EXPANSION_2026-08-16,COMPETITIVE,2,2,TG10_SB_STRENGTH_L2,0.0
V4EXP_PAIR_022,NEWDEV2_059,V4_TARGET_EXPANSION_2026-08-16,COMPETITIVE,2,2,TG10_SB_STRENGTH_L2,0.0
V4EXP_PAIR_023,NEWDEV2_059,V4_TARGET_EXPANSION_2026-08-16,COMPETITIVE,2,2,TG10_SB_STRENGTH_L2,0.0
V4EXP_PAIR_027,MLV2_DEV_007,V4_TARGET_EXPANSION_2026-08-16,PROJECT,2,2,TG10_SB_STRENGTH_L2,0.0
V4EXP_PAIR_034,MLV2_DEV_051,V4_TARGET_EXPANSION_2026-08-16,PROJECT,2,2,TG10_SB_STRENGTH_L2,1.0
V4EXP_PAIR_043,MLV2_DEV_001,V4_TARGET_EXPANSION_2026-08-16,PROJECT,2,2,TG10_SB_STRENGTH_L2,0.0
V4EXP_PAIR_046,NEWDEV2_005,V4_TARGET_EXPANSION_2026-08-16,STATUS,2,2,TG10_SB_STRENGTH_L2,0.0
V4EXP_PAIR_050,MLV2_DEV_032,V4_TARGET_EXPANSION_2026-08-16,STATUS,2,2,TG10_SB_STRENGTH_L2,1.0
V4PRE_PAIR_006,NEWDEV2_024,PREEXISTING_414_SOURCE_REVIEW,PROJECT,2,2,TG10_SB_RELATIONS_L2,1.0
V4PRE_PAIR_013,NEWDEV2_043,PREEXISTING_414_SOURCE_REVIEW,COMPETITIVE,2,2,TG10_SB_RELATIONS_L2,1.0
V4PRE_PAIR_014,NEWDEV2_053,PREEXISTING_414_SOURCE_REVIEW,COMPETITIVE,2,2,TG10_SB_RELATIONS_L2,0.0
V4PRE_PAIR_016,NEWDEV2_065,PREEXISTING_414_SOURCE_REVIEW,COMPETITIVE,2,2,TG10_SB_RELATIONS_L2,1.0
V4PRE_PAIR_024,NEWDEV2_078,PREEXISTING_414_SOURCE_REVIEW,COMPETITIVE,2,2,TG10_SB_RELATIONS_L2,1.0
V4PRE_PAIR_026,NEWDEV2_082,PREEXISTING_414_SOURCE_REVIEW,STATUS,2,2,TG10_SB_RELATIONS_L2,1.0
V4PRE_PAIR_033,MLV2_DEV_007,PREEXISTING_414_SOURCE_REVIEW,PROJECT,2,2,TG10_SB_RELATIONS_L2,0.0
V4PRE_PAIR_034,MLV2_DEV_007,PREEXISTING_414_SOURCE_REVIEW,PROJECT,2,2,TG10_SB_RELATIONS_L2,0.0
V4PRE_PAIR_035,MLV2_DEV_008,PREEXISTING_414_SOURCE_REVIEW,PROJECT,2,2,TG10_SB_RELATIONS_L2,0.0
V4PRE_PAIR_040,MLV2_DEV_033,PREEXISTING_414_SOURCE_REVIEW,PROJECT,2,2,TG10_SB_RELATIONS_L2,0.0
V4EXP_PAIR_001,NEWDEV2_005,V4_TARGET_EXPANSION_2026-08-16,COMPETITIVE,2,2,TG10_SB_RELATIONS_L2,0.0
V4EXP_PAIR_018,NEWDEV2_065,V4_TARGET_EXPANSION_2026-08-16,COMPETITIVE,2,2,TG10_SB_RELATIONS_L2,1.0
V4EXP_PAIR_019,NEWDEV2_065,V4_TARGET_EXPANSION_2026-08-16,COMPETITIVE,2,2,TG10_SB_RELATIONS_L2,0.0
V4EXP_PAIR_022,NEWDEV2_059,V4_TARGET_EXPANSION_2026-08-16,COMPETITIVE,2,2,TG10_SB_RELATIONS_L2,1.0
V4EXP_PAIR_023,NEWDEV2_059,V4_TARGET_EXPANSION_2026-08-16,COMPETITIVE,2,2,TG10_SB_RELATIONS_L2,1.0
V4EXP_PAIR_027,MLV2_DEV_007,V4_TARGET_EXPANSION_2026-08-16,PROJECT,2,2,TG10_SB_RELATIONS_L2,1.0
V4EXP_PAIR_034,MLV2_DEV_051,V4_TARGET_EXPANSION_2026-08-16,PROJECT,2,2,TG10_SB_RELATIONS_L2,0.0
V4EXP_PAIR_043,MLV2_DEV_001,V4_TARGET_EXPANSION_2026-08-16,PROJECT,2,2,TG10_SB_RELATIONS_L2,1.0
V4EXP_PAIR_046,NEWDEV2_005,V4_TARGET_EXPANSION_2026-08-16,STATUS,2,2,TG10_SB_RELATIONS_L2,0.0
V4EXP_PAIR_050,MLV2_DEV_032,V4_TARGET_EXPANSION_2026-08-16,STATUS,2,2,TG10_SB_RELATIONS_L2,1.0
V4PRE_PAIR_006,NEWDEV2_024,PREEXISTING_414_SOURCE_REVIEW,PROJECT,2,2,ALL_L2,1.0
V4PRE_PAIR_013,NEWDEV2_043,PREEXISTING_414_SOURCE_REVIEW,COMPETITIVE,2,2,ALL_L2,1.0
V4PRE_PAIR_014,NEWDEV2_053,PREEXISTING_414_SOURCE_REVIEW,COMPETITIVE,2,2,ALL_L2,1.0
V4PRE_PAIR_016,NEWDEV2_065,PREEXISTING_414_SOURCE_REVIEW,COMPETITIVE,2,2,ALL_L2,0.0
V4PRE_PAIR_024,NEWDEV2_078,PREEXISTING_414_SOURCE_REVIEW,COMPETITIVE,2,2,ALL_L2,1.0
V4PRE_PAIR_026,NEWDEV2_082,PREEXISTING_414_SOURCE_REVIEW,STATUS,2,2,ALL_L2,1.0
V4PRE_PAIR_033,MLV2_DEV_007,PREEXISTING_414_SOURCE_REVIEW,PROJECT,2,2,ALL_L2,0.0
V4PRE_PAIR_034,MLV2_DEV_007,PREEXISTING_414_SOURCE_REVIEW,PROJECT,2,2,ALL_L2,0.0
V4PRE_PAIR_035,MLV2_DEV_008,PREEXISTING_414_SOURCE_REVIEW,PROJECT,2,2,ALL_L2,1.0
V4PRE_PAIR_040,MLV2_DEV_033,PREEXISTING_414_SOURCE_REVIEW,PROJECT,2,2,ALL_L2,0.0
V4EXP_PAIR_001,NEWDEV2_005,V4_TARGET_EXPANSION_2026-08-16,COMPETITIVE,2,2,ALL_L2,0.0
V4EXP_PAIR_018,NEWDEV2_065,V4_TARGET_EXPANSION_2026-08-16,COMPETITIVE,2,2,ALL_L2,0.0
V4EXP_PAIR_019,NEWDEV2_065,V4_TARGET_EXPANSION_2026-08-16,COMPETITIVE,2,2,ALL_L2,1.0
V4EXP_PAIR_022,NEWDEV2_059,V4_TARGET_EXPANSION_2026-08-16,COMPETITIVE,2,2,ALL_L2,1.0
V4EXP_PAIR_023,NEWDEV2_059,V4_TARGET_EXPANSION_2026-08-16,COMPETITIVE,2,2,ALL_L2,1.0
V4EXP_PAIR_027,MLV2_DEV_007,V4_TARGET_EXPANSION_2026-08-16,PROJECT,2,2,ALL_L2,0.0
V4EXP_PAIR_034,MLV2_DEV_051,V4_TARGET_EXPANSION_2026-08-16,PROJECT,2,2,ALL_L2,0.0
V4EXP_PAIR_043,MLV2_DEV_001,V4_TARGET_EXPANSION_2026-08-16,PROJECT,2,2,ALL_L2,1.0
V4EXP_PAIR_046,NEWDEV2_005,V4_TARGET_EXPANSION_2026-08-16,STATUS,2,2,ALL_L2,0.0
V4EXP_PAIR_050,MLV2_DEV_032,V4_TARGET_EXPANSION_2026-08-16,STATUS,2,2,ALL_L2,0.0
V4PRE_PAIR_006,NEWDEV2_024,PREEXISTING_414_SOURCE_REVIEW,PROJECT,2,2,NUISANCE_AGE_AXIS,1.0
V4PRE_PAIR_013,NEWDEV2_043,PREEXISTING_414_SOURCE_REVIEW,COMPETITIVE,2,2,NUISANCE_AGE_AXIS,0.0
V4PRE_PAIR_014,NEWDEV2_053,PREEXISTING_414_SOURCE_REVIEW,COMPETITIVE,2,2,NUISANCE_AGE_AXIS,0.0
V4PRE_PAIR_016,NEWDEV2_065,PREEXISTING_414_SOURCE_REVIEW,COMPETITIVE,2,2,NUISANCE_AGE_AXIS,1.0
V4PRE_PAIR_024,NEWDEV2_078,PREEXISTING_414_SOURCE_REVIEW,COMPETITIVE,2,2,NUISANCE_AGE_AXIS,1.0
V4PRE_PAIR_026,NEWDEV2_082,PREEXISTING_414_SOURCE_REVIEW,STATUS,2,2,NUISANCE_AGE_AXIS,1.0
V4PRE_PAIR_033,MLV2_DEV_007,PREEXISTING_414_SOURCE_REVIEW,PROJECT,2,2,NUISANCE_AGE_AXIS,1.0
V4PRE_PAIR_034,MLV2_DEV_007,PREEXISTING_414_SOURCE_REVIEW,PROJECT,2,2,NUISANCE_AGE_AXIS,1.0
V4PRE_PAIR_035,MLV2_DEV_008,PREEXISTING_414_SOURCE_REVIEW,PROJECT,2,2,NUISANCE_AGE_AXIS,1.0
V4PRE_PAIR_040,MLV2_DEV_033,PREEXISTING_414_SOURCE_REVIEW,PROJECT,2,2,NUISANCE_AGE_AXIS,0.0
V4EXP_PAIR_001,NEWDEV2_005,V4_TARGET_EXPANSION_2026-08-16,COMPETITIVE,2,2,NUISANCE_AGE_AXIS,0.0
V4EXP_PAIR_018,NEWDEV2_065,V4_TARGET_EXPANSION_2026-08-16,COMPETITIVE,2,2,NUISANCE_AGE_AXIS,0.0
V4EXP_PAIR_019,NEWDEV2_065,V4_TARGET_EXPANSION_2026-08-16,COMPETITIVE,2,2,NUISANCE_AGE_AXIS,0.0
V4EXP_PAIR_022,NEWDEV2_059,V4_TARGET_EXPANSION_2026-08-16,COMPETITIVE,2,2,NUISANCE_AGE_AXIS,0.0
V4EXP_PAIR_023,NEWDEV2_059,V4_TARGET_EXPANSION_2026-08-16,COMPETITIVE,2,2,NUISANCE_AGE_AXIS,0.0
V4EXP_PAIR_027,MLV2_DEV_007,V4_TARGET_EXPANSION_2026-08-16,PROJECT,2,2,NUISANCE_AGE_AXIS,0.0
V4EXP_PAIR_034,MLV2_DEV_051,V4_TARGET_EXPANSION_2026-08-16,PROJECT,2,2,NUISANCE_AGE_AXIS,0.0
V4EXP_PAIR_043,MLV2_DEV_001,V4_TARGET_EXPANSION_2026-08-16,PROJECT,2,2,NUISANCE_AGE_AXIS,0.0
V4EXP_PAIR_046,NEWDEV2_005,V4_TARGET_EXPANSION_2026-08-16,STATUS,2,2,NUISANCE_AGE_AXIS,0.0
V4EXP_PAIR_050,MLV2_DEV_032,V4_TARGET_EXPANSION_2026-08-16,STATUS,2,2,NUISANCE_AGE_AXIS,0.0
V4PRE_PAIR_006,NEWDEV2_024,PREEXISTING_414_SOURCE_REVIEW,PROJECT,2,2,NUISANCE_WITH_ORIGIN_DIAGNOSTIC,1.0
V4PRE_PAIR_013,NEWDEV2_043,PREEXISTING_414_SOURCE_REVIEW,COMPETITIVE,2,2,NUISANCE_WITH_ORIGIN_DIAGNOSTIC,0.0
V4PRE_PAIR_014,NEWDEV2_053,PREEXISTING_414_SOURCE_REVIEW,COMPETITIVE,2,2,NUISANCE_WITH_ORIGIN_DIAGNOSTIC,0.0
V4PRE_PAIR_016,NEWDEV2_065,PREEXISTING_414_SOURCE_REVIEW,COMPETITIVE,2,2,NUISANCE_WITH_ORIGIN_DIAGNOSTIC,1.0
V4PRE_PAIR_024,NEWDEV2_078,PREEXISTING_414_SOURCE_REVIEW,COMPETITIVE,2,2,NUISANCE_WITH_ORIGIN_DIAGNOSTIC,1.0
V4PRE_PAIR_026,NEWDEV2_082,PREEXISTING_414_SOURCE_REVIEW,STATUS,2,2,NUISANCE_WITH_ORIGIN_DIAGNOSTIC,1.0
V4PRE_PAIR_033,MLV2_DEV_007,PREEXISTING_414_SOURCE_REVIEW,PROJECT,2,2,NUISANCE_WITH_ORIGIN_DIAGNOSTIC,1.0
V4PRE_PAIR_034,MLV2_DEV_007,PREEXISTING_414_SOURCE_REVIEW,PROJECT,2,2,NUISANCE_WITH_ORIGIN_DIAGNOSTIC,1.0
V4PRE_PAIR_035,MLV2_DEV_008,PREEXISTING_414_SOURCE_REVIEW,PROJECT,2,2,NUISANCE_WITH_ORIGIN_DIAGNOSTIC,1.0
V4PRE_PAIR_040,MLV2_DEV_033,PREEXISTING_414_SOURCE_REVIEW,PROJECT,2,2,NUISANCE_WITH_ORIGIN_DIAGNOSTIC,0.0
V4EXP_PAIR_001,NEWDEV2_005,V4_TARGET_EXPANSION_2026-08-16,COMPETITIVE,2,2,NUISANCE_WITH_ORIGIN_DIAGNOSTIC,1.0
V4EXP_PAIR_018,NEWDEV2_065,V4_TARGET_EXPANSION_2026-08-16,COMPETITIVE,2,2,NUISANCE_WITH_ORIGIN_DIAGNOSTIC,1.0
V4EXP_PAIR_019,NEWDEV2_065,V4_TARGET_EXPANSION_2026-08-16,COMPETITIVE,2,2,NUISANCE_WITH_ORIGIN_DIAGNOSTIC,1.0
V4EXP_PAIR_022,NEWDEV2_059,V4_TARGET_EXPANSION_2026-08-16,COMPETITIVE,2,2,NUISANCE_WITH_ORIGIN_DIAGNOSTIC,1.0
V4EXP_PAIR_023,NEWDEV2_059,V4_TARGET_EXPANSION_2026-08-16,COMPETITIVE,2,2,NUISANCE_WITH_ORIGIN_DIAGNOSTIC,1.0
V4EXP_PAIR_027,MLV2_DEV_007,V4_TARGET_EXPANSION_2026-08-16,PROJECT,2,2,NUISANCE_WITH_ORIGIN_DIAGNOSTIC,1.0
V4EXP_PAIR_034,MLV2_DEV_051,V4_TARGET_EXPANSION_2026-08-16,PROJECT,2,2,NUISANCE_WITH_ORIGIN_DIAGNOSTIC,1.0
V4EXP_PAIR_043,MLV2_DEV_001,V4_TARGET_EXPANSION_2026-08-16,PROJECT,2,2,NUISANCE_WITH_ORIGIN_DIAGNOSTIC,1.0
V4EXP_PAIR_046,NEWDEV2_005,V4_TARGET_EXPANSION_2026-08-16,STATUS,2,2,NUISANCE_WITH_ORIGIN_DIAGNOSTIC,1.0
V4EXP_PAIR_050,MLV2_DEV_032,V4_TARGET_EXPANSION_2026-08-16,STATUS,2,2,NUISANCE_WITH_ORIGIN_DIAGNOSTIC,1.0
V4PRE_PAIR_006,NEWDEV2_024,PREEXISTING_414_SOURCE_REVIEW,PROJECT,2,2,ALL_ELASTICNET_AUTO,1.0
V4PRE_PAIR_013,NEWDEV2_043,PREEXISTING_414_SOURCE_REVIEW,COMPETITIVE,2,2,ALL_ELASTICNET_AUTO,1.0
V4PRE_PAIR_014,NEWDEV2_053,PREEXISTING_414_SOURCE_REVIEW,COMPETITIVE,2,2,ALL_ELASTICNET_AUTO,1.0
V4PRE_PAIR_016,NEWDEV2_065,PREEXISTING_414_SOURCE_REVIEW,COMPETITIVE,2,2,ALL_ELASTICNET_AUTO,0.0
V4PRE_PAIR_024,NEWDEV2_078,PREEXISTING_414_SOURCE_REVIEW,COMPETITIVE,2,2,ALL_ELASTICNET_AUTO,1.0
V4PRE_PAIR_026,NEWDEV2_082,PREEXISTING_414_SOURCE_REVIEW,STATUS,2,2,ALL_ELASTICNET_AUTO,1.0
V4PRE_PAIR_033,MLV2_DEV_007,PREEXISTING_414_SOURCE_REVIEW,PROJECT,2,2,ALL_ELASTICNET_AUTO,1.0
V4PRE_PAIR_034,MLV2_DEV_007,PREEXISTING_414_SOURCE_REVIEW,PROJECT,2,2,ALL_ELASTICNET_AUTO,0.0
V4PRE_PAIR_035,MLV2_DEV_008,PREEXISTING_414_SOURCE_REVIEW,PROJECT,2,2,ALL_ELASTICNET_AUTO,1.0
V4PRE_PAIR_040,MLV2_DEV_033,PREEXISTING_414_SOURCE_REVIEW,PROJECT,2,2,ALL_ELASTICNET_AUTO,1.0
V4EXP_PAIR_001,NEWDEV2_005,V4_TARGET_EXPANSION_2026-08-16,COMPETITIVE,2,2,ALL_ELASTICNET_AUTO,1.0
V4EXP_PAIR_018,NEWDEV2_065,V4_TARGET_EXPANSION_2026-08-16,COMPETITIVE,2,2,ALL_ELASTICNET_AUTO,0.0
V4EXP_PAIR_019,NEWDEV2_065,V4_TARGET_EXPANSION_2026-08-16,COMPETITIVE,2,2,ALL_ELASTICNET_AUTO,0.0
V4EXP_PAIR_022,NEWDEV2_059,V4_TARGET_EXPANSION_2026-08-16,COMPETITIVE,2,2,ALL_ELASTICNET_AUTO,1.0
V4EXP_PAIR_023,NEWDEV2_059,V4_TARGET_EXPANSION_2026-08-16,COMPETITIVE,2,2,ALL_ELASTICNET_AUTO,1.0
V4EXP_PAIR_027,MLV2_DEV_007,V4_TARGET_EXPANSION_2026-08-16,PROJECT,2,2,ALL_ELASTICNET_AUTO,0.0
V4EXP_PAIR_034,MLV2_DEV_051,V4_TARGET_EXPANSION_2026-08-16,PROJECT,2,2,ALL_ELASTICNET_AUTO,0.0
V4EXP_PAIR_043,MLV2_DEV_001,V4_TARGET_EXPANSION_2026-08-16,PROJECT,2,2,ALL_ELASTICNET_AUTO,1.0
V4EXP_PAIR_046,NEWDEV2_005,V4_TARGET_EXPANSION_2026-08-16,STATUS,2,2,ALL_ELASTICNET_AUTO,0.0
V4EXP_PAIR_050,MLV2_DEV_032,V4_TARGET_EXPANSION_2026-08-16,STATUS,2,2,ALL_ELASTICNET_AUTO,0.0
V4PRE_PAIR_006,NEWDEV2_024,PREEXISTING_414_SOURCE_REVIEW,PROJECT,2,2,HGB_ALL_EXPLORATORY,1.0
V4PRE_PAIR_013,NEWDEV2_043,PREEXISTING_414_SOURCE_REVIEW,COMPETITIVE,2,2,HGB_ALL_EXPLORATORY,0.0
V4PRE_PAIR_014,NEWDEV2_053,PREEXISTING_414_SOURCE_REVIEW,COMPETITIVE,2,2,HGB_ALL_EXPLORATORY,1.0
V4PRE_PAIR_016,NEWDEV2_065,PREEXISTING_414_SOURCE_REVIEW,COMPETITIVE,2,2,HGB_ALL_EXPLORATORY,0.0
V4PRE_PAIR_024,NEWDEV2_078,PREEXISTING_414_SOURCE_REVIEW,COMPETITIVE,2,2,HGB_ALL_EXPLORATORY,1.0
V4PRE_PAIR_026,NEWDEV2_082,PREEXISTING_414_SOURCE_REVIEW,STATUS,2,2,HGB_ALL_EXPLORATORY,1.0
V4PRE_PAIR_033,MLV2_DEV_007,PREEXISTING_414_SOURCE_REVIEW,PROJECT,2,2,HGB_ALL_EXPLORATORY,0.0
V4PRE_PAIR_034,MLV2_DEV_007,PREEXISTING_414_SOURCE_REVIEW,PROJECT,2,2,HGB_ALL_EXPLORATORY,0.0
V4PRE_PAIR_035,MLV2_DEV_008,PREEXISTING_414_SOURCE_REVIEW,PROJECT,2,2,HGB_ALL_EXPLORATORY,1.0
V4PRE_PAIR_040,MLV2_DEV_033,PREEXISTING_414_SOURCE_REVIEW,PROJECT,2,2,HGB_ALL_EXPLORATORY,0.0
V4EXP_PAIR_001,NEWDEV2_005,V4_TARGET_EXPANSION_2026-08-16,COMPETITIVE,2,2,HGB_ALL_EXPLORATORY,0.0
V4EXP_PAIR_018,NEWDEV2_065,V4_TARGET_EXPANSION_2026-08-16,COMPETITIVE,2,2,HGB_ALL_EXPLORATORY,0.0
V4EXP_PAIR_019,NEWDEV2_065,V4_TARGET_EXPANSION_2026-08-16,COMPETITIVE,2,2,HGB_ALL_EXPLORATORY,0.0
V4EXP_PAIR_022,NEWDEV2_059,V4_TARGET_EXPANSION_2026-08-16,COMPETITIVE,2,2,HGB_ALL_EXPLORATORY,1.0
V4EXP_PAIR_023,NEWDEV2_059,V4_TARGET_EXPANSION_2026-08-16,COMPETITIVE,2,2,HGB_ALL_EXPLORATORY,1.0
V4EXP_PAIR_027,MLV2_DEV_007,V4_TARGET_EXPANSION_2026-08-16,PROJECT,2,2,HGB_ALL_EXPLORATORY,0.0
V4EXP_PAIR_034,MLV2_DEV_051,V4_TARGET_EXPANSION_2026-08-16,PROJECT,2,2,HGB_ALL_EXPLORATORY,0.0
V4EXP_PAIR_043,MLV2_DEV_001,V4_TARGET_EXPANSION_2026-08-16,PROJECT,2,2,HGB_ALL_EXPLORATORY,0.0
V4EXP_PAIR_046,NEWDEV2_005,V4_TARGET_EXPANSION_2026-08-16,STATUS,2,2,HGB_ALL_EXPLORATORY,1.0
V4EXP_PAIR_050,MLV2_DEV_032,V4_TARGET_EXPANSION_2026-08-16,STATUS,2,2,HGB_ALL_EXPLORATORY,1.0
V4PRE_PAIR_002,NEWDEV2_010,PREEXISTING_414_SOURCE_REVIEW,COMPETITIVE,2,3,AGE_YOUNGER_FIXED,0.0
V4PRE_PAIR_008,NEWDEV2_029,PREEXISTING_414_SOURCE_REVIEW,COMPETITIVE,2,3,AGE_YOUNGER_FIXED,1.0
V4PRE_PAIR_010,NEWDEV2_035,PREEXISTING_414_SOURCE_REVIEW,COMPETITIVE,2,3,AGE_YOUNGER_FIXED,1.0
V4PRE_PAIR_012,NEWDEV2_041,PREEXISTING_414_SOURCE_REVIEW,STATUS,2,3,AGE_YOUNGER_FIXED,1.0
V4PRE_PAIR_019,NEWDEV2_068,PREEXISTING_414_SOURCE_REVIEW,PROJECT,2,3,AGE_YOUNGER_FIXED,1.0
V4PRE_PAIR_031,MLV2_DEV_003,PREEXISTING_414_SOURCE_REVIEW,PROJECT,2,3,AGE_YOUNGER_FIXED,1.0
V4PRE_PAIR_041,MLV2_DEV_038,PREEXISTING_414_SOURCE_REVIEW,RECOGNITION,2,3,AGE_YOUNGER_FIXED,0.0
V4PRE_PAIR_043,MLV2_DEV_041,PREEXISTING_414_SOURCE_REVIEW,PROJECT,2,3,AGE_YOUNGER_FIXED,1.0
V4PRE_PAIR_044,MLV2_DEV_043,PREEXISTING_414_SOURCE_REVIEW,COMPETITIVE,2,3,AGE_YOUNGER_FIXED,1.0
V4PRE_PAIR_045,MLV2_DEV_043,PREEXISTING_414_SOURCE_REVIEW,COMPETITIVE,2,3,AGE_YOUNGER_FIXED,1.0
V4EXP_PAIR_002,NEWDEV2_036,V4_TARGET_EXPANSION_2026-08-16,COMPETITIVE,2,3,AGE_YOUNGER_FIXED,0.0
V4EXP_PAIR_003,NEWDEV2_036,V4_TARGET_EXPANSION_2026-08-16,COMPETITIVE,2,3,AGE_YOUNGER_FIXED,0.0
V4EXP_PAIR_024,NEWDEV2_029,V4_TARGET_EXPANSION_2026-08-16,COMPETITIVE,2,3,AGE_YOUNGER_FIXED,0.0
V4EXP_PAIR_025,MLV2_DEV_043,V4_TARGET_EXPANSION_2026-08-16,COMPETITIVE,2,3,AGE_YOUNGER_FIXED,0.0
V4EXP_PAIR_029,MLV2_DEV_063,V4_TARGET_EXPANSION_2026-08-16,PROJECT,2,3,AGE_YOUNGER_FIXED,0.0
V4EXP_PAIR_030,NEWDEV2_002,V4_TARGET_EXPANSION_2026-08-16,PROJECT,2,3,AGE_YOUNGER_FIXED,0.0
V4EXP_PAIR_032,MLV2_DEV_040,V4_TARGET_EXPANSION_2026-08-16,PROJECT,2,3,AGE_YOUNGER_FIXED,0.0
V4EXP_PAIR_042,MLV2_DEV_011,V4_TARGET_EXPANSION_2026-08-16,PROJECT,2,3,AGE_YOUNGER_FIXED,0.0
V4EXP_PAIR_045,MLV2_DEV_003,V4_TARGET_EXPANSION_2026-08-16,PROJECT,2,3,AGE_YOUNGER_FIXED,0.0
V4EXP_PAIR_047,NEWDEV2_041,V4_TARGET_EXPANSION_2026-08-16,STATUS,2,3,AGE_YOUNGER_FIXED,0.0
V4PRE_PAIR_002,NEWDEV2_010,PREEXISTING_414_SOURCE_REVIEW,COMPETITIVE,2,3,AGE_LATER_FIXED,1.0
V4PRE_PAIR_008,NEWDEV2_029,PREEXISTING_414_SOURCE_REVIEW,COMPETITIVE,2,3,AGE_LATER_FIXED,0.0
V4PRE_PAIR_010,NEWDEV2_035,PREEXISTING_414_SOURCE_REVIEW,COMPETITIVE,2,3,AGE_LATER_FIXED,0.0
V4PRE_PAIR_012,NEWDEV2_041,PREEXISTING_414_SOURCE_REVIEW,STATUS,2,3,AGE_LATER_FIXED,0.0
V4PRE_PAIR_019,NEWDEV2_068,PREEXISTING_414_SOURCE_REVIEW,PROJECT,2,3,AGE_LATER_FIXED,0.0
V4PRE_PAIR_031,MLV2_DEV_003,PREEXISTING_414_SOURCE_REVIEW,PROJECT,2,3,AGE_LATER_FIXED,0.0
V4PRE_PAIR_041,MLV2_DEV_038,PREEXISTING_414_SOURCE_REVIEW,RECOGNITION,2,3,AGE_LATER_FIXED,1.0
V4PRE_PAIR_043,MLV2_DEV_041,PREEXISTING_414_SOURCE_REVIEW,PROJECT,2,3,AGE_LATER_FIXED,0.0
V4PRE_PAIR_044,MLV2_DEV_043,PREEXISTING_414_SOURCE_REVIEW,COMPETITIVE,2,3,AGE_LATER_FIXED,0.0
V4PRE_PAIR_045,MLV2_DEV_043,PREEXISTING_414_SOURCE_REVIEW,COMPETITIVE,2,3,AGE_LATER_FIXED,0.0
V4EXP_PAIR_002,NEWDEV2_036,V4_TARGET_EXPANSION_2026-08-16,COMPETITIVE,2,3,AGE_LATER_FIXED,1.0
V4EXP_PAIR_003,NEWDEV2_036,V4_TARGET_EXPANSION_2026-08-16,COMPETITIVE,2,3,AGE_LATER_FIXED,1.0
V4EXP_PAIR_024,NEWDEV2_029,V4_TARGET_EXPANSION_2026-08-16,COMPETITIVE,2,3,AGE_LATER_FIXED,1.0
V4EXP_PAIR_025,MLV2_DEV_043,V4_TARGET_EXPANSION_2026-08-16,COMPETITIVE,2,3,AGE_LATER_FIXED,1.0
V4EXP_PAIR_029,MLV2_DEV_063,V4_TARGET_EXPANSION_2026-08-16,PROJECT,2,3,AGE_LATER_FIXED,1.0
V4EXP_PAIR_030,NEWDEV2_002,V4_TARGET_EXPANSION_2026-08-16,PROJECT,2,3,AGE_LATER_FIXED,1.0
V4EXP_PAIR_032,MLV2_DEV_040,V4_TARGET_EXPANSION_2026-08-16,PROJECT,2,3,AGE_LATER_FIXED,1.0
V4EXP_PAIR_042,MLV2_DEV_011,V4_TARGET_EXPANSION_2026-08-16,PROJECT,2,3,AGE_LATER_FIXED,1.0
V4EXP_PAIR_045,MLV2_DEV_003,V4_TARGET_EXPANSION_2026-08-16,PROJECT,2,3,AGE_LATER_FIXED,1.0
V4EXP_PAIR_047,NEWDEV2_041,V4_TARGET_EXPANSION_2026-08-16,STATUS,2,3,AGE_LATER_FIXED,1.0
V4PRE_PAIR_002,NEWDEV2_010,PREEXISTING_414_SOURCE_REVIEW,COMPETITIVE,2,3,CONTROL_FIXED,0.5
V4PRE_PAIR_008,NEWDEV2_029,PREEXISTING_414_SOURCE_REVIEW,COMPETITIVE,2,3,CONTROL_FIXED,0.0
V4PRE_PAIR_010,NEWDEV2_035,PREEXISTING_414_SOURCE_REVIEW,COMPETITIVE,2,3,CONTROL_FIXED,0.5
V4PRE_PAIR_012,NEWDEV2_041,PREEXISTING_414_SOURCE_REVIEW,STATUS,2,3,CONTROL_FIXED,1.0
V4PRE_PAIR_019,NEWDEV2_068,PREEXISTING_414_SOURCE_REVIEW,PROJECT,2,3,CONTROL_FIXED,0.0
V4PRE_PAIR_031,MLV2_DEV_003,PREEXISTING_414_SOURCE_REVIEW,PROJECT,2,3,CONTROL_FIXED,1.0
V4PRE_PAIR_041,MLV2_DEV_038,PREEXISTING_414_SOURCE_REVIEW,RECOGNITION,2,3,CONTROL_FIXED,0.0
V4PRE_PAIR_043,MLV2_DEV_041,PREEXISTING_414_SOURCE_REVIEW,PROJECT,2,3,CONTROL_FIXED,1.0
V4PRE_PAIR_044,MLV2_DEV_043,PREEXISTING_414_SOURCE_REVIEW,COMPETITIVE,2,3,CONTROL_FIXED,1.0
V4PRE_PAIR_045,MLV2_DEV_043,PREEXISTING_414_SOURCE_REVIEW,COMPETITIVE,2,3,CONTROL_FIXED,1.0
V4EXP_PAIR_002,NEWDEV2_036,V4_TARGET_EXPANSION_2026-08-16,COMPETITIVE,2,3,CONTROL_FIXED,1.0
V4EXP_PAIR_003,NEWDEV2_036,V4_TARGET_EXPANSION_2026-08-16,COMPETITIVE,2,3,CONTROL_FIXED,0.0
V4EXP_PAIR_024,NEWDEV2_029,V4_TARGET_EXPANSION_2026-08-16,COMPETITIVE,2,3,CONTROL_FIXED,0.0
V4EXP_PAIR_025,MLV2_DEV_043,V4_TARGET_EXPANSION_2026-08-16,COMPETITIVE,2,3,CONTROL_FIXED,1.0
V4EXP_PAIR_029,MLV2_DEV_063,V4_TARGET_EXPANSION_2026-08-16,PROJECT,2,3,CONTROL_FIXED,1.0
V4EXP_PAIR_030,NEWDEV2_002,V4_TARGET_EXPANSION_2026-08-16,PROJECT,2,3,CONTROL_FIXED,0.0
V4EXP_PAIR_032,MLV2_DEV_040,V4_TARGET_EXPANSION_2026-08-16,PROJECT,2,3,CONTROL_FIXED,0.0
V4EXP_PAIR_042,MLV2_DEV_011,V4_TARGET_EXPANSION_2026-08-16,PROJECT,2,3,CONTROL_FIXED,1.0
V4EXP_PAIR_045,MLV2_DEV_003,V4_TARGET_EXPANSION_2026-08-16,PROJECT,2,3,CONTROL_FIXED,0.0
V4EXP_PAIR_047,NEWDEV2_041,V4_TARGET_EXPANSION_2026-08-16,STATUS,2,3,CONTROL_FIXED,0.0
V4PRE_PAIR_002,NEWDEV2_010,PREEXISTING_414_SOURCE_REVIEW,COMPETITIVE,2,3,TG5_GROUP_L2,0.0
V4PRE_PAIR_008,NEWDEV2_029,PREEXISTING_414_SOURCE_REVIEW,COMPETITIVE,2,3,TG5_GROUP_L2,0.0
V4PRE_PAIR_010,NEWDEV2_035,PREEXISTING_414_SOURCE_REVIEW,COMPETITIVE,2,3,TG5_GROUP_L2,1.0
V4PRE_PAIR_012,NEWDEV2_041,PREEXISTING_414_SOURCE_REVIEW,STATUS,2,3,TG5_GROUP_L2,1.0
V4PRE_PAIR_019,NEWDEV2_068,PREEXISTING_414_SOURCE_REVIEW,PROJECT,2,3,TG5_GROUP_L2,0.5
V4PRE_PAIR_031,MLV2_DEV_003,PREEXISTING_414_SOURCE_REVIEW,PROJECT,2,3,TG5_GROUP_L2,0.0
V4PRE_PAIR_041,MLV2_DEV_038,PREEXISTING_414_SOURCE_REVIEW,RECOGNITION,2,3,TG5_GROUP_L2,0.0
V4PRE_PAIR_043,MLV2_DEV_041,PREEXISTING_414_SOURCE_REVIEW,PROJECT,2,3,TG5_GROUP_L2,0.0
V4PRE_PAIR_044,MLV2_DEV_043,PREEXISTING_414_SOURCE_REVIEW,COMPETITIVE,2,3,TG5_GROUP_L2,1.0
V4PRE_PAIR_045,MLV2_DEV_043,PREEXISTING_414_SOURCE_REVIEW,COMPETITIVE,2,3,TG5_GROUP_L2,1.0
V4EXP_PAIR_002,NEWDEV2_036,V4_TARGET_EXPANSION_2026-08-16,COMPETITIVE,2,3,TG5_GROUP_L2,0.0
V4EXP_PAIR_003,NEWDEV2_036,V4_TARGET_EXPANSION_2026-08-16,COMPETITIVE,2,3,TG5_GROUP_L2,0.5
V4EXP_PAIR_024,NEWDEV2_029,V4_TARGET_EXPANSION_2026-08-16,COMPETITIVE,2,3,TG5_GROUP_L2,1.0
V4EXP_PAIR_025,MLV2_DEV_043,V4_TARGET_EXPANSION_2026-08-16,COMPETITIVE,2,3,TG5_GROUP_L2,0.0
V4EXP_PAIR_029,MLV2_DEV_063,V4_TARGET_EXPANSION_2026-08-16,PROJECT,2,3,TG5_GROUP_L2,1.0
V4EXP_PAIR_030,NEWDEV2_002,V4_TARGET_EXPANSION_2026-08-16,PROJECT,2,3,TG5_GROUP_L2,0.0
V4EXP_PAIR_032,MLV2_DEV_040,V4_TARGET_EXPANSION_2026-08-16,PROJECT,2,3,TG5_GROUP_L2,0.0
V4EXP_PAIR_042,MLV2_DEV_011,V4_TARGET_EXPANSION_2026-08-16,PROJECT,2,3,TG5_GROUP_L2,1.0
V4EXP_PAIR_045,MLV2_DEV_003,V4_TARGET_EXPANSION_2026-08-16,PROJECT,2,3,TG5_GROUP_L2,0.5
V4EXP_PAIR_047,NEWDEV2_041,V4_TARGET_EXPANSION_2026-08-16,STATUS,2,3,TG5_GROUP_L2,0.0
V4PRE_PAIR_002,NEWDEV2_010,PREEXISTING_414_SOURCE_REVIEW,COMPETITIVE,2,3,TG10_STEM_L2,0.0
V4PRE_PAIR_008,NEWDEV2_029,PREEXISTING_414_SOURCE_REVIEW,COMPETITIVE,2,3,TG10_STEM_L2,0.0
V4PRE_PAIR_010,NEWDEV2_035,PREEXISTING_414_SOURCE_REVIEW,COMPETITIVE,2,3,TG10_STEM_L2,1.0
V4PRE_PAIR_012,NEWDEV2_041,PREEXISTING_414_SOURCE_REVIEW,STATUS,2,3,TG10_STEM_L2,0.0
V4PRE_PAIR_019,NEWDEV2_068,PREEXISTING_414_SOURCE_REVIEW,PROJECT,2,3,TG10_STEM_L2,1.0
V4PRE_PAIR_031,MLV2_DEV_003,PREEXISTING_414_SOURCE_REVIEW,PROJECT,2,3,TG10_STEM_L2,0.0
V4PRE_PAIR_041,MLV2_DEV_038,PREEXISTING_414_SOURCE_REVIEW,RECOGNITION,2,3,TG10_STEM_L2,0.0
V4PRE_PAIR_043,MLV2_DEV_041,PREEXISTING_414_SOURCE_REVIEW,PROJECT,2,3,TG10_STEM_L2,0.0
V4PRE_PAIR_044,MLV2_DEV_043,PREEXISTING_414_SOURCE_REVIEW,COMPETITIVE,2,3,TG10_STEM_L2,0.0
V4PRE_PAIR_045,MLV2_DEV_043,PREEXISTING_414_SOURCE_REVIEW,COMPETITIVE,2,3,TG10_STEM_L2,0.0
V4EXP_PAIR_002,NEWDEV2_036,V4_TARGET_EXPANSION_2026-08-16,COMPETITIVE,2,3,TG10_STEM_L2,0.0
V4EXP_PAIR_003,NEWDEV2_036,V4_TARGET_EXPANSION_2026-08-16,COMPETITIVE,2,3,TG10_STEM_L2,1.0
V4EXP_PAIR_024,NEWDEV2_029,V4_TARGET_EXPANSION_2026-08-16,COMPETITIVE,2,3,TG10_STEM_L2,1.0
V4EXP_PAIR_025,MLV2_DEV_043,V4_TARGET_EXPANSION_2026-08-16,COMPETITIVE,2,3,TG10_STEM_L2,0.0
V4EXP_PAIR_029,MLV2_DEV_063,V4_TARGET_EXPANSION_2026-08-16,PROJECT,2,3,TG10_STEM_L2,1.0
V4EXP_PAIR_030,NEWDEV2_002,V4_TARGET_EXPANSION_2026-08-16,PROJECT,2,3,TG10_STEM_L2,0.0
V4EXP_PAIR_032,MLV2_DEV_040,V4_TARGET_EXPANSION_2026-08-16,PROJECT,2,3,TG10_STEM_L2,0.0
V4EXP_PAIR_042,MLV2_DEV_011,V4_TARGET_EXPANSION_2026-08-16,PROJECT,2,3,TG10_STEM_L2,1.0
V4EXP_PAIR_045,MLV2_DEV_003,V4_TARGET_EXPANSION_2026-08-16,PROJECT,2,3,TG10_STEM_L2,0.0
V4EXP_PAIR_047,NEWDEV2_041,V4_TARGET_EXPANSION_2026-08-16,STATUS,2,3,TG10_STEM_L2,1.0
V4PRE_PAIR_002,NEWDEV2_010,PREEXISTING_414_SOURCE_REVIEW,COMPETITIVE,2,3,TG10_STEM_BRANCH_L2,1.0
V4PRE_PAIR_008,NEWDEV2_029,PREEXISTING_414_SOURCE_REVIEW,COMPETITIVE,2,3,TG10_STEM_BRANCH_L2,1.0
V4PRE_PAIR_010,NEWDEV2_035,PREEXISTING_414_SOURCE_REVIEW,COMPETITIVE,2,3,TG10_STEM_BRANCH_L2,1.0
V4PRE_PAIR_012,NEWDEV2_041,PREEXISTING_414_SOURCE_REVIEW,STATUS,2,3,TG10_STEM_BRANCH_L2,0.0
V4PRE_PAIR_019,NEWDEV2_068,PREEXISTING_414_SOURCE_REVIEW,PROJECT,2,3,TG10_STEM_BRANCH_L2,0.0
V4PRE_PAIR_031,MLV2_DEV_003,PREEXISTING_414_SOURCE_REVIEW,PROJECT,2,3,TG10_STEM_BRANCH_L2,0.0
V4PRE_PAIR_041,MLV2_DEV_038,PREEXISTING_414_SOURCE_REVIEW,RECOGNITION,2,3,TG10_STEM_BRANCH_L2,0.0
V4PRE_PAIR_043,MLV2_DEV_041,PREEXISTING_414_SOURCE_REVIEW,PROJECT,2,3,TG10_STEM_BRANCH_L2,0.0
V4PRE_PAIR_044,MLV2_DEV_043,PREEXISTING_414_SOURCE_REVIEW,COMPETITIVE,2,3,TG10_STEM_BRANCH_L2,0.0
V4PRE_PAIR_045,MLV2_DEV_043,PREEXISTING_414_SOURCE_REVIEW,COMPETITIVE,2,3,TG10_STEM_BRANCH_L2,0.0
V4EXP_PAIR_002,NEWDEV2_036,V4_TARGET_EXPANSION_2026-08-16,COMPETITIVE,2,3,TG10_STEM_BRANCH_L2,0.0
V4EXP_PAIR_003,NEWDEV2_036,V4_TARGET_EXPANSION_2026-08-16,COMPETITIVE,2,3,TG10_STEM_BRANCH_L2,1.0
V4EXP_PAIR_024,NEWDEV2_029,V4_TARGET_EXPANSION_2026-08-16,COMPETITIVE,2,3,TG10_STEM_BRANCH_L2,1.0
V4EXP_PAIR_025,MLV2_DEV_043,V4_TARGET_EXPANSION_2026-08-16,COMPETITIVE,2,3,TG10_STEM_BRANCH_L2,0.0
V4EXP_PAIR_029,MLV2_DEV_063,V4_TARGET_EXPANSION_2026-08-16,PROJECT,2,3,TG10_STEM_BRANCH_L2,1.0
V4EXP_PAIR_030,NEWDEV2_002,V4_TARGET_EXPANSION_2026-08-16,PROJECT,2,3,TG10_STEM_BRANCH_L2,0.0
V4EXP_PAIR_032,MLV2_DEV_040,V4_TARGET_EXPANSION_2026-08-16,PROJECT,2,3,TG10_STEM_BRANCH_L2,0.0
V4EXP_PAIR_042,MLV2_DEV_011,V4_TARGET_EXPANSION_2026-08-16,PROJECT,2,3,TG10_STEM_BRANCH_L2,1.0
V4EXP_PAIR_045,MLV2_DEV_003,V4_TARGET_EXPANSION_2026-08-16,PROJECT,2,3,TG10_STEM_BRANCH_L2,0.0
V4EXP_PAIR_047,NEWDEV2_041,V4_TARGET_EXPANSION_2026-08-16,STATUS,2,3,TG10_STEM_BRANCH_L2,1.0
V4PRE_PAIR_002,NEWDEV2_010,PREEXISTING_414_SOURCE_REVIEW,COMPETITIVE,2,3,TG10_SB_STRENGTH_L2,1.0
V4PRE_PAIR_008,NEWDEV2_029,PREEXISTING_414_SOURCE_REVIEW,COMPETITIVE,2,3,TG10_SB_STRENGTH_L2,1.0
V4PRE_PAIR_010,NEWDEV2_035,PREEXISTING_414_SOURCE_REVIEW,COMPETITIVE,2,3,TG10_SB_STRENGTH_L2,1.0
V4PRE_PAIR_012,NEWDEV2_041,PREEXISTING_414_SOURCE_REVIEW,STATUS,2,3,TG10_SB_STRENGTH_L2,0.0
V4PRE_PAIR_019,NEWDEV2_068,PREEXISTING_414_SOURCE_REVIEW,PROJECT,2,3,TG10_SB_STRENGTH_L2,0.0
V4PRE_PAIR_031,MLV2_DEV_003,PREEXISTING_414_SOURCE_REVIEW,PROJECT,2,3,TG10_SB_STRENGTH_L2,0.0
V4PRE_PAIR_041,MLV2_DEV_038,PREEXISTING_414_SOURCE_REVIEW,RECOGNITION,2,3,TG10_SB_STRENGTH_L2,0.0
V4PRE_PAIR_043,MLV2_DEV_041,PREEXISTING_414_SOURCE_REVIEW,PROJECT,2,3,TG10_SB_STRENGTH_L2,0.0
V4PRE_PAIR_044,MLV2_DEV_043,PREEXISTING_414_SOURCE_REVIEW,COMPETITIVE,2,3,TG10_SB_STRENGTH_L2,0.0
V4PRE_PAIR_045,MLV2_DEV_043,PREEXISTING_414_SOURCE_REVIEW,COMPETITIVE,2,3,TG10_SB_STRENGTH_L2,1.0
V4EXP_PAIR_002,NEWDEV2_036,V4_TARGET_EXPANSION_2026-08-16,COMPETITIVE,2,3,TG10_SB_STRENGTH_L2,1.0
V4EXP_PAIR_003,NEWDEV2_036,V4_TARGET_EXPANSION_2026-08-16,COMPETITIVE,2,3,TG10_SB_STRENGTH_L2,1.0
V4EXP_PAIR_024,NEWDEV2_029,V4_TARGET_EXPANSION_2026-08-16,COMPETITIVE,2,3,TG10_SB_STRENGTH_L2,1.0
V4EXP_PAIR_025,MLV2_DEV_043,V4_TARGET_EXPANSION_2026-08-16,COMPETITIVE,2,3,TG10_SB_STRENGTH_L2,1.0
V4EXP_PAIR_029,MLV2_DEV_063,V4_TARGET_EXPANSION_2026-08-16,PROJECT,2,3,TG10_SB_STRENGTH_L2,1.0
V4EXP_PAIR_030,NEWDEV2_002,V4_TARGET_EXPANSION_2026-08-16,PROJECT,2,3,TG10_SB_STRENGTH_L2,0.0
V4EXP_PAIR_032,MLV2_DEV_040,V4_TARGET_EXPANSION_2026-08-16,PROJECT,2,3,TG10_SB_STRENGTH_L2,0.0
V4EXP_PAIR_042,MLV2_DEV_011,V4_TARGET_EXPANSION_2026-08-16,PROJECT,2,3,TG10_SB_STRENGTH_L2,1.0
V4EXP_PAIR_045,MLV2_DEV_003,V4_TARGET_EXPANSION_2026-08-16,PROJECT,2,3,TG10_SB_STRENGTH_L2,0.0
V4EXP_PAIR_047,NEWDEV2_041,V4_TARGET_EXPANSION_2026-08-16,STATUS,2,3,TG10_SB_STRENGTH_L2,0.0
V4PRE_PAIR_002,NEWDEV2_010,PREEXISTING_414_SOURCE_REVIEW,COMPETITIVE,2,3,TG10_SB_RELATIONS_L2,1.0
V4PRE_PAIR_008,NEWDEV2_029,PREEXISTING_414_SOURCE_REVIEW,COMPETITIVE,2,3,TG10_SB_RELATIONS_L2,1.0
V4PRE_PAIR_010,NEWDEV2_035,PREEXISTING_414_SOURCE_REVIEW,COMPETITIVE,2,3,TG10_SB_RELATIONS_L2,1.0
V4PRE_PAIR_012,NEWDEV2_041,PREEXISTING_414_SOURCE_REVIEW,STATUS,2,3,TG10_SB_RELATIONS_L2,0.0
V4PRE_PAIR_019,NEWDEV2_068,PREEXISTING_414_SOURCE_REVIEW,PROJECT,2,3,TG10_SB_RELATIONS_L2,0.0
V4PRE_PAIR_031,MLV2_DEV_003,PREEXISTING_414_SOURCE_REVIEW,PROJECT,2,3,TG10_SB_RELATIONS_L2,0.0
V4PRE_PAIR_041,MLV2_DEV_038,PREEXISTING_414_SOURCE_REVIEW,RECOGNITION,2,3,TG10_SB_RELATIONS_L2,0.0
V4PRE_PAIR_043,MLV2_DEV_041,PREEXISTING_414_SOURCE_REVIEW,PROJECT,2,3,TG10_SB_RELATIONS_L2,0.0
V4PRE_PAIR_044,MLV2_DEV_043,PREEXISTING_414_SOURCE_REVIEW,COMPETITIVE,2,3,TG10_SB_RELATIONS_L2,0.0
V4PRE_PAIR_045,MLV2_DEV_043,PREEXISTING_414_SOURCE_REVIEW,COMPETITIVE,2,3,TG10_SB_RELATIONS_L2,0.0
V4EXP_PAIR_002,NEWDEV2_036,V4_TARGET_EXPANSION_2026-08-16,COMPETITIVE,2,3,TG10_SB_RELATIONS_L2,0.0
V4EXP_PAIR_003,NEWDEV2_036,V4_TARGET_EXPANSION_2026-08-16,COMPETITIVE,2,3,TG10_SB_RELATIONS_L2,1.0
V4EXP_PAIR_024,NEWDEV2_029,V4_TARGET_EXPANSION_2026-08-16,COMPETITIVE,2,3,TG10_SB_RELATIONS_L2,1.0
V4EXP_PAIR_025,MLV2_DEV_043,V4_TARGET_EXPANSION_2026-08-16,COMPETITIVE,2,3,TG10_SB_RELATIONS_L2,0.0
V4EXP_PAIR_029,MLV2_DEV_063,V4_TARGET_EXPANSION_2026-08-16,PROJECT,2,3,TG10_SB_RELATIONS_L2,1.0
V4EXP_PAIR_030,NEWDEV2_002,V4_TARGET_EXPANSION_2026-08-16,PROJECT,2,3,TG10_SB_RELATIONS_L2,0.0
V4EXP_PAIR_032,MLV2_DEV_040,V4_TARGET_EXPANSION_2026-08-16,PROJECT,2,3,TG10_SB_RELATIONS_L2,0.0
V4EXP_PAIR_042,MLV2_DEV_011,V4_TARGET_EXPANSION_2026-08-16,PROJECT,2,3,TG10_SB_RELATIONS_L2,1.0
V4EXP_PAIR_045,MLV2_DEV_003,V4_TARGET_EXPANSION_2026-08-16,PROJECT,2,3,TG10_SB_RELATIONS_L2,0.0
V4EXP_PAIR_047,NEWDEV2_041,V4_TARGET_EXPANSION_2026-08-16,STATUS,2,3,TG10_SB_RELATIONS_L2,1.0
V4PRE_PAIR_002,NEWDEV2_010,PREEXISTING_414_SOURCE_REVIEW,COMPETITIVE,2,3,ALL_L2,1.0
V4PRE_PAIR_008,NEWDEV2_029,PREEXISTING_414_SOURCE_REVIEW,COMPETITIVE,2,3,ALL_L2,1.0
V4PRE_PAIR_010,NEWDEV2_035,PREEXISTING_414_SOURCE_REVIEW,COMPETITIVE,2,3,ALL_L2,1.0
V4PRE_PAIR_012,NEWDEV2_041,PREEXISTING_414_SOURCE_REVIEW,STATUS,2,3,ALL_L2,0.0
V4PRE_PAIR_019,NEWDEV2_068,PREEXISTING_414_SOURCE_REVIEW,PROJECT,2,3,ALL_L2,0.0
V4PRE_PAIR_031,MLV2_DEV_003,PREEXISTING_414_SOURCE_REVIEW,PROJECT,2,3,ALL_L2,0.0
V4PRE_PAIR_041,MLV2_DEV_038,PREEXISTING_414_SOURCE_REVIEW,RECOGNITION,2,3,ALL_L2,0.0
V4PRE_PAIR_043,MLV2_DEV_041,PREEXISTING_414_SOURCE_REVIEW,PROJECT,2,3,ALL_L2,0.0
V4PRE_PAIR_044,MLV2_DEV_043,PREEXISTING_414_SOURCE_REVIEW,COMPETITIVE,2,3,ALL_L2,0.0
V4PRE_PAIR_045,MLV2_DEV_043,PREEXISTING_414_SOURCE_REVIEW,COMPETITIVE,2,3,ALL_L2,0.0
V4EXP_PAIR_002,NEWDEV2_036,V4_TARGET_EXPANSION_2026-08-16,COMPETITIVE,2,3,ALL_L2,1.0
V4EXP_PAIR_003,NEWDEV2_036,V4_TARGET_EXPANSION_2026-08-16,COMPETITIVE,2,3,ALL_L2,1.0
V4EXP_PAIR_024,NEWDEV2_029,V4_TARGET_EXPANSION_2026-08-16,COMPETITIVE,2,3,ALL_L2,1.0
V4EXP_PAIR_025,MLV2_DEV_043,V4_TARGET_EXPANSION_2026-08-16,COMPETITIVE,2,3,ALL_L2,0.0
V4EXP_PAIR_029,MLV2_DEV_063,V4_TARGET_EXPANSION_2026-08-16,PROJECT,2,3,ALL_L2,1.0
V4EXP_PAIR_030,NEWDEV2_002,V4_TARGET_EXPANSION_2026-08-16,PROJECT,2,3,ALL_L2,0.0
V4EXP_PAIR_032,MLV2_DEV_040,V4_TARGET_EXPANSION_2026-08-16,PROJECT,2,3,ALL_L2,0.0
V4EXP_PAIR_042,MLV2_DEV_011,V4_TARGET_EXPANSION_2026-08-16,PROJECT,2,3,ALL_L2,1.0
V4EXP_PAIR_045,MLV2_DEV_003,V4_TARGET_EXPANSION_2026-08-16,PROJECT,2,3,ALL_L2,1.0
V4EXP_PAIR_047,NEWDEV2_041,V4_TARGET_EXPANSION_2026-08-16,STATUS,2,3,ALL_L2,0.0
V4PRE_PAIR_002,NEWDEV2_010,PREEXISTING_414_SOURCE_REVIEW,COMPETITIVE,2,3,NUISANCE_AGE_AXIS,1.0
V4PRE_PAIR_008,NEWDEV2_029,PREEXISTING_414_SOURCE_REVIEW,COMPETITIVE,2,3,NUISANCE_AGE_AXIS,0.0
V4PRE_PAIR_010,NEWDEV2_035,PREEXISTING_414_SOURCE_REVIEW,COMPETITIVE,2,3,NUISANCE_AGE_AXIS,0.0
V4PRE_PAIR_012,NEWDEV2_041,PREEXISTING_414_SOURCE_REVIEW,STATUS,2,3,NUISANCE_AGE_AXIS,1.0
V4PRE_PAIR_019,NEWDEV2_068,PREEXISTING_414_SOURCE_REVIEW,PROJECT,2,3,NUISANCE_AGE_AXIS,1.0
V4PRE_PAIR_031,MLV2_DEV_003,PREEXISTING_414_SOURCE_REVIEW,PROJECT,2,3,NUISANCE_AGE_AXIS,1.0
V4PRE_PAIR_041,MLV2_DEV_038,PREEXISTING_414_SOURCE_REVIEW,RECOGNITION,2,3,NUISANCE_AGE_AXIS,0.0
V4PRE_PAIR_043,MLV2_DEV_041,PREEXISTING_414_SOURCE_REVIEW,PROJECT,2,3,NUISANCE_AGE_AXIS,1.0
V4PRE_PAIR_044,MLV2_DEV_043,PREEXISTING_414_SOURCE_REVIEW,COMPETITIVE,2,3,NUISANCE_AGE_AXIS,0.0
V4PRE_PAIR_045,MLV2_DEV_043,PREEXISTING_414_SOURCE_REVIEW,COMPETITIVE,2,3,NUISANCE_AGE_AXIS,0.0
V4EXP_PAIR_002,NEWDEV2_036,V4_TARGET_EXPANSION_2026-08-16,COMPETITIVE,2,3,NUISANCE_AGE_AXIS,1.0
V4EXP_PAIR_003,NEWDEV2_036,V4_TARGET_EXPANSION_2026-08-16,COMPETITIVE,2,3,NUISANCE_AGE_AXIS,1.0
V4EXP_PAIR_024,NEWDEV2_029,V4_TARGET_EXPANSION_2026-08-16,COMPETITIVE,2,3,NUISANCE_AGE_AXIS,1.0
V4EXP_PAIR_025,MLV2_DEV_043,V4_TARGET_EXPANSION_2026-08-16,COMPETITIVE,2,3,NUISANCE_AGE_AXIS,1.0
V4EXP_PAIR_029,MLV2_DEV_063,V4_TARGET_EXPANSION_2026-08-16,PROJECT,2,3,NUISANCE_AGE_AXIS,0.0
V4EXP_PAIR_030,NEWDEV2_002,V4_TARGET_EXPANSION_2026-08-16,PROJECT,2,3,NUISANCE_AGE_AXIS,0.0
V4EXP_PAIR_032,MLV2_DEV_040,V4_TARGET_EXPANSION_2026-08-16,PROJECT,2,3,NUISANCE_AGE_AXIS,0.0
V4EXP_PAIR_042,MLV2_DEV_011,V4_TARGET_EXPANSION_2026-08-16,PROJECT,2,3,NUISANCE_AGE_AXIS,0.0
V4EXP_PAIR_045,MLV2_DEV_003,V4_TARGET_EXPANSION_2026-08-16,PROJECT,2,3,NUISANCE_AGE_AXIS,0.0
V4EXP_PAIR_047,NEWDEV2_041,V4_TARGET_EXPANSION_2026-08-16,STATUS,2,3,NUISANCE_AGE_AXIS,0.0
V4PRE_PAIR_002,NEWDEV2_010,PREEXISTING_414_SOURCE_REVIEW,COMPETITIVE,2,3,NUISANCE_WITH_ORIGIN_DIAGNOSTIC,0.0
V4PRE_PAIR_008,NEWDEV2_029,PREEXISTING_414_SOURCE_REVIEW,COMPETITIVE,2,3,NUISANCE_WITH_ORIGIN_DIAGNOSTIC,1.0
V4PRE_PAIR_010,NEWDEV2_035,PREEXISTING_414_SOURCE_REVIEW,COMPETITIVE,2,3,NUISANCE_WITH_ORIGIN_DIAGNOSTIC,1.0
V4PRE_PAIR_012,NEWDEV2_041,PREEXISTING_414_SOURCE_REVIEW,STATUS,2,3,NUISANCE_WITH_ORIGIN_DIAGNOSTIC,1.0
V4PRE_PAIR_019,NEWDEV2_068,PREEXISTING_414_SOURCE_REVIEW,PROJECT,2,3,NUISANCE_WITH_ORIGIN_DIAGNOSTIC,1.0
V4PRE_PAIR_031,MLV2_DEV_003,PREEXISTING_414_SOURCE_REVIEW,PROJECT,2,3,NUISANCE_WITH_ORIGIN_DIAGNOSTIC,1.0
V4PRE_PAIR_041,MLV2_DEV_038,PREEXISTING_414_SOURCE_REVIEW,RECOGNITION,2,3,NUISANCE_WITH_ORIGIN_DIAGNOSTIC,0.0
V4PRE_PAIR_043,MLV2_DEV_041,PREEXISTING_414_SOURCE_REVIEW,PROJECT,2,3,NUISANCE_WITH_ORIGIN_DIAGNOSTIC,1.0
V4PRE_PAIR_044,MLV2_DEV_043,PREEXISTING_414_SOURCE_REVIEW,COMPETITIVE,2,3,NUISANCE_WITH_ORIGIN_DIAGNOSTIC,1.0
V4PRE_PAIR_045,MLV2_DEV_043,PREEXISTING_414_SOURCE_REVIEW,COMPETITIVE,2,3,NUISANCE_WITH_ORIGIN_DIAGNOSTIC,1.0
V4EXP_PAIR_002,NEWDEV2_036,V4_TARGET_EXPANSION_2026-08-16,COMPETITIVE,2,3,NUISANCE_WITH_ORIGIN_DIAGNOSTIC,1.0
V4EXP_PAIR_003,NEWDEV2_036,V4_TARGET_EXPANSION_2026-08-16,COMPETITIVE,2,3,NUISANCE_WITH_ORIGIN_DIAGNOSTIC,1.0
V4EXP_PAIR_024,NEWDEV2_029,V4_TARGET_EXPANSION_2026-08-16,COMPETITIVE,2,3,NUISANCE_WITH_ORIGIN_DIAGNOSTIC,1.0
V4EXP_PAIR_025,MLV2_DEV_043,V4_TARGET_EXPANSION_2026-08-16,COMPETITIVE,2,3,NUISANCE_WITH_ORIGIN_DIAGNOSTIC,1.0
V4EXP_PAIR_029,MLV2_DEV_063,V4_TARGET_EXPANSION_2026-08-16,PROJECT,2,3,NUISANCE_WITH_ORIGIN_DIAGNOSTIC,1.0
V4EXP_PAIR_030,NEWDEV2_002,V4_TARGET_EXPANSION_2026-08-16,PROJECT,2,3,NUISANCE_WITH_ORIGIN_DIAGNOSTIC,1.0
V4EXP_PAIR_032,MLV2_DEV_040,V4_TARGET_EXPANSION_2026-08-16,PROJECT,2,3,NUISANCE_WITH_ORIGIN_DIAGNOSTIC,1.0
V4EXP_PAIR_042,MLV2_DEV_011,V4_TARGET_EXPANSION_2026-08-16,PROJECT,2,3,NUISANCE_WITH_ORIGIN_DIAGNOSTIC,1.0
V4EXP_PAIR_045,MLV2_DEV_003,V4_TARGET_EXPANSION_2026-08-16,PROJECT,2,3,NUISANCE_WITH_ORIGIN_DIAGNOSTIC,1.0
V4EXP_PAIR_047,NEWDEV2_041,V4_TARGET_EXPANSION_2026-08-16,STATUS,2,3,NUISANCE_WITH_ORIGIN_DIAGNOSTIC,1.0
V4PRE_PAIR_002,NEWDEV2_010,PREEXISTING_414_SOURCE_REVIEW,COMPETITIVE,2,3,ALL_ELASTICNET_AUTO,1.0
V4PRE_PAIR_008,NEWDEV2_029,PREEXISTING_414_SOURCE_REVIEW,COMPETITIVE,2,3,ALL_ELASTICNET_AUTO,1.0
V4PRE_PAIR_010,NEWDEV2_035,PREEXISTING_414_SOURCE_REVIEW,COMPETITIVE,2,3,ALL_ELASTICNET_AUTO,0.0
V4PRE_PAIR_012,NEWDEV2_041,PREEXISTING_414_SOURCE_REVIEW,STATUS,2,3,ALL_ELASTICNET_AUTO,0.0
V4PRE_PAIR_019,NEWDEV2_068,PREEXISTING_414_SOURCE_REVIEW,PROJECT,2,3,ALL_ELASTICNET_AUTO,0.0
V4PRE_PAIR_031,MLV2_DEV_003,PREEXISTING_414_SOURCE_REVIEW,PROJECT,2,3,ALL_ELASTICNET_AUTO,0.0
V4PRE_PAIR_041,MLV2_DEV_038,PREEXISTING_414_SOURCE_REVIEW,RECOGNITION,2,3,ALL_ELASTICNET_AUTO,0.0
V4PRE_PAIR_043,MLV2_DEV_041,PREEXISTING_414_SOURCE_REVIEW,PROJECT,2,3,ALL_ELASTICNET_AUTO,0.0
V4PRE_PAIR_044,MLV2_DEV_043,PREEXISTING_414_SOURCE_REVIEW,COMPETITIVE,2,3,ALL_ELASTICNET_AUTO,0.0
V4PRE_PAIR_045,MLV2_DEV_043,PREEXISTING_414_SOURCE_REVIEW,COMPETITIVE,2,3,ALL_ELASTICNET_AUTO,0.0
V4EXP_PAIR_002,NEWDEV2_036,V4_TARGET_EXPANSION_2026-08-16,COMPETITIVE,2,3,ALL_ELASTICNET_AUTO,0.0
V4EXP_PAIR_003,NEWDEV2_036,V4_TARGET_EXPANSION_2026-08-16,COMPETITIVE,2,3,ALL_ELASTICNET_AUTO,1.0
V4EXP_PAIR_024,NEWDEV2_029,V4_TARGET_EXPANSION_2026-08-16,COMPETITIVE,2,3,ALL_ELASTICNET_AUTO,1.0
V4EXP_PAIR_025,MLV2_DEV_043,V4_TARGET_EXPANSION_2026-08-16,COMPETITIVE,2,3,ALL_ELASTICNET_AUTO,1.0
V4EXP_PAIR_029,MLV2_DEV_063,V4_TARGET_EXPANSION_2026-08-16,PROJECT,2,3,ALL_ELASTICNET_AUTO,1.0
V4EXP_PAIR_030,NEWDEV2_002,V4_TARGET_EXPANSION_2026-08-16,PROJECT,2,3,ALL_ELASTICNET_AUTO,0.0
V4EXP_PAIR_032,MLV2_DEV_040,V4_TARGET_EXPANSION_2026-08-16,PROJECT,2,3,ALL_ELASTICNET_AUTO,0.0
V4EXP_PAIR_042,MLV2_DEV_011,V4_TARGET_EXPANSION_2026-08-16,PROJECT,2,3,ALL_ELASTICNET_AUTO,1.0
V4EXP_PAIR_045,MLV2_DEV_003,V4_TARGET_EXPANSION_2026-08-16,PROJECT,2,3,ALL_ELASTICNET_AUTO,1.0
V4EXP_PAIR_047,NEWDEV2_041,V4_TARGET_EXPANSION_2026-08-16,STATUS,2,3,ALL_ELASTICNET_AUTO,1.0
V4PRE_PAIR_002,NEWDEV2_010,PREEXISTING_414_SOURCE_REVIEW,COMPETITIVE,2,3,HGB_ALL_EXPLORATORY,0.0
V4PRE_PAIR_008,NEWDEV2_029,PREEXISTING_414_SOURCE_REVIEW,COMPETITIVE,2,3,HGB_ALL_EXPLORATORY,1.0
V4PRE_PAIR_010,NEWDEV2_035,PREEXISTING_414_SOURCE_REVIEW,COMPETITIVE,2,3,HGB_ALL_EXPLORATORY,0.0
V4PRE_PAIR_012,NEWDEV2_041,PREEXISTING_414_SOURCE_REVIEW,STATUS,2,3,HGB_ALL_EXPLORATORY,0.0
V4PRE_PAIR_019,NEWDEV2_068,PREEXISTING_414_SOURCE_REVIEW,PROJECT,2,3,HGB_ALL_EXPLORATORY,0.0
V4PRE_PAIR_031,MLV2_DEV_003,PREEXISTING_414_SOURCE_REVIEW,PROJECT,2,3,HGB_ALL_EXPLORATORY,0.0
V4PRE_PAIR_041,MLV2_DEV_038,PREEXISTING_414_SOURCE_REVIEW,RECOGNITION,2,3,HGB_ALL_EXPLORATORY,0.0
V4PRE_PAIR_043,MLV2_DEV_041,PREEXISTING_414_SOURCE_REVIEW,PROJECT,2,3,HGB_ALL_EXPLORATORY,0.0
V4PRE_PAIR_044,MLV2_DEV_043,PREEXISTING_414_SOURCE_REVIEW,COMPETITIVE,2,3,HGB_ALL_EXPLORATORY,0.0
V4PRE_PAIR_045,MLV2_DEV_043,PREEXISTING_414_SOURCE_REVIEW,COMPETITIVE,2,3,HGB_ALL_EXPLORATORY,0.0
V4EXP_PAIR_002,NEWDEV2_036,V4_TARGET_EXPANSION_2026-08-16,COMPETITIVE,2,3,HGB_ALL_EXPLORATORY,0.0
V4EXP_PAIR_003,NEWDEV2_036,V4_TARGET_EXPANSION_2026-08-16,COMPETITIVE,2,3,HGB_ALL_EXPLORATORY,1.0
V4EXP_PAIR_024,NEWDEV2_029,V4_TARGET_EXPANSION_2026-08-16,COMPETITIVE,2,3,HGB_ALL_EXPLORATORY,1.0
V4EXP_PAIR_025,MLV2_DEV_043,V4_TARGET_EXPANSION_2026-08-16,COMPETITIVE,2,3,HGB_ALL_EXPLORATORY,1.0
V4EXP_PAIR_029,MLV2_DEV_063,V4_TARGET_EXPANSION_2026-08-16,PROJECT,2,3,HGB_ALL_EXPLORATORY,1.0
V4EXP_PAIR_030,NEWDEV2_002,V4_TARGET_EXPANSION_2026-08-16,PROJECT,2,3,HGB_ALL_EXPLORATORY,0.0
V4EXP_PAIR_032,MLV2_DEV_040,V4_TARGET_EXPANSION_2026-08-16,PROJECT,2,3,HGB_ALL_EXPLORATORY,0.0
V4EXP_PAIR_042,MLV2_DEV_011,V4_TARGET_EXPANSION_2026-08-16,PROJECT,2,3,HGB_ALL_EXPLORATORY,1.0
V4EXP_PAIR_045,MLV2_DEV_003,V4_TARGET_EXPANSION_2026-08-16,PROJECT,2,3,HGB_ALL_EXPLORATORY,0.0
V4EXP_PAIR_047,NEWDEV2_041,V4_TARGET_EXPANSION_2026-08-16,STATUS,2,3,HGB_ALL_EXPLORATORY,1.0
V4PRE_PAIR_005,NEWDEV2_019,PREEXISTING_414_SOURCE_REVIEW,PROJECT,2,4,AGE_YOUNGER_FIXED,1.0
V4PRE_PAIR_007,NEWDEV2_028,PREEXISTING_414_SOURCE_REVIEW,COMPETITIVE,2,4,AGE_YOUNGER_FIXED,1.0
V4PRE_PAIR_017,NEWDEV2_066,PREEXISTING_414_SOURCE_REVIEW,STATUS,2,4,AGE_YOUNGER_FIXED,1.0
V4PRE_PAIR_022,NEWDEV2_075,PREEXISTING_414_SOURCE_REVIEW,COMPETITIVE,2,4,AGE_YOUNGER_FIXED,1.0
V4PRE_PAIR_028,NEWDEV2_090,PREEXISTING_414_SOURCE_REVIEW,COMPETITIVE,2,4,AGE_YOUNGER_FIXED,1.0
V4PRE_PAIR_030,NEWDEV2_093,PREEXISTING_414_SOURCE_REVIEW,COMPETITIVE,2,4,AGE_YOUNGER_FIXED,1.0
V4PRE_PAIR_032,MLV2_DEV_005,PREEXISTING_414_SOURCE_REVIEW,PROJECT,2,4,AGE_YOUNGER_FIXED,1.0
V4PRE_PAIR_046,MLV2_DEV_050,PREEXISTING_414_SOURCE_REVIEW,PROJECT,2,4,AGE_YOUNGER_FIXED,1.0
V4PRE_PAIR_049,MLV2_DEV_058,PREEXISTING_414_SOURCE_REVIEW,PROJECT,2,4,AGE_YOUNGER_FIXED,1.0
V4EXP_PAIR_004,NEWDEV2_042,V4_TARGET_EXPANSION_2026-08-16,COMPETITIVE,2,4,AGE_YOUNGER_FIXED,0.0
V4EXP_PAIR_005,NEWDEV2_042,V4_TARGET_EXPANSION_2026-08-16,COMPETITIVE,2,4,AGE_YOUNGER_FIXED,0.0
V4EXP_PAIR_011,NEWDEV2_027,V4_TARGET_EXPANSION_2026-08-16,COMPETITIVE,2,4,AGE_YOUNGER_FIXED,0.0
V4EXP_PAIR_012,NEWDEV2_027,V4_TARGET_EXPANSION_2026-08-16,COMPETITIVE,2,4,AGE_YOUNGER_FIXED,0.0
V4EXP_PAIR_013,NEWDEV2_027,V4_TARGET_EXPANSION_2026-08-16,COMPETITIVE,2,4,AGE_YOUNGER_FIXED,0.0
V4EXP_PAIR_026,MLV2_DEV_005,V4_TARGET_EXPANSION_2026-08-16,PROJECT,2,4,AGE_YOUNGER_FIXED,0.0
V4EXP_PAIR_035,MLV2_DEV_036,V4_TARGET_EXPANSION_2026-08-16,PROJECT,2,4,AGE_YOUNGER_FIXED,0.0
V4EXP_PAIR_036,NEWDEV2_100,V4_TARGET_EXPANSION_2026-08-16,PROJECT,2,4,AGE_YOUNGER_FIXED,0.0
V4EXP_PAIR_041,MLV2_DEV_044,V4_TARGET_EXPANSION_2026-08-16,PROJECT,2,4,AGE_YOUNGER_FIXED,0.0
V4EXP_PAIR_048,NEWDEV2_066,V4_TARGET_EXPANSION_2026-08-16,STATUS,2,4,AGE_YOUNGER_FIXED,0.0
V4EXP_PAIR_051,NEWDEV2_066,V4_TARGET_EXPANSION_2026-08-16,STATUS,2,4,AGE_YOUNGER_FIXED,0.0
V4PRE_PAIR_005,NEWDEV2_019,PREEXISTING_414_SOURCE_REVIEW,PROJECT,2,4,AGE_LATER_FIXED,0.0
V4PRE_PAIR_007,NEWDEV2_028,PREEXISTING_414_SOURCE_REVIEW,COMPETITIVE,2,4,AGE_LATER_FIXED,0.0
V4PRE_PAIR_017,NEWDEV2_066,PREEXISTING_414_SOURCE_REVIEW,STATUS,2,4,AGE_LATER_FIXED,0.0
V4PRE_PAIR_022,NEWDEV2_075,PREEXISTING_414_SOURCE_REVIEW,COMPETITIVE,2,4,AGE_LATER_FIXED,0.0
V4PRE_PAIR_028,NEWDEV2_090,PREEXISTING_414_SOURCE_REVIEW,COMPETITIVE,2,4,AGE_LATER_FIXED,0.0
V4PRE_PAIR_030,NEWDEV2_093,PREEXISTING_414_SOURCE_REVIEW,COMPETITIVE,2,4,AGE_LATER_FIXED,0.0
V4PRE_PAIR_032,MLV2_DEV_005,PREEXISTING_414_SOURCE_REVIEW,PROJECT,2,4,AGE_LATER_FIXED,0.0
V4PRE_PAIR_046,MLV2_DEV_050,PREEXISTING_414_SOURCE_REVIEW,PROJECT,2,4,AGE_LATER_FIXED,0.0
V4PRE_PAIR_049,MLV2_DEV_058,PREEXISTING_414_SOURCE_REVIEW,PROJECT,2,4,AGE_LATER_FIXED,0.0
V4EXP_PAIR_004,NEWDEV2_042,V4_TARGET_EXPANSION_2026-08-16,COMPETITIVE,2,4,AGE_LATER_FIXED,1.0
V4EXP_PAIR_005,NEWDEV2_042,V4_TARGET_EXPANSION_2026-08-16,COMPETITIVE,2,4,AGE_LATER_FIXED,1.0
V4EXP_PAIR_011,NEWDEV2_027,V4_TARGET_EXPANSION_2026-08-16,COMPETITIVE,2,4,AGE_LATER_FIXED,1.0
V4EXP_PAIR_012,NEWDEV2_027,V4_TARGET_EXPANSION_2026-08-16,COMPETITIVE,2,4,AGE_LATER_FIXED,1.0
V4EXP_PAIR_013,NEWDEV2_027,V4_TARGET_EXPANSION_2026-08-16,COMPETITIVE,2,4,AGE_LATER_FIXED,1.0
V4EXP_PAIR_026,MLV2_DEV_005,V4_TARGET_EXPANSION_2026-08-16,PROJECT,2,4,AGE_LATER_FIXED,1.0
V4EXP_PAIR_035,MLV2_DEV_036,V4_TARGET_EXPANSION_2026-08-16,PROJECT,2,4,AGE_LATER_FIXED,1.0
V4EXP_PAIR_036,NEWDEV2_100,V4_TARGET_EXPANSION_2026-08-16,PROJECT,2,4,AGE_LATER_FIXED,1.0
V4EXP_PAIR_041,MLV2_DEV_044,V4_TARGET_EXPANSION_2026-08-16,PROJECT,2,4,AGE_LATER_FIXED,1.0
V4EXP_PAIR_048,NEWDEV2_066,V4_TARGET_EXPANSION_2026-08-16,STATUS,2,4,AGE_LATER_FIXED,1.0
V4EXP_PAIR_051,NEWDEV2_066,V4_TARGET_EXPANSION_2026-08-16,STATUS,2,4,AGE_LATER_FIXED,1.0
V4PRE_PAIR_005,NEWDEV2_019,PREEXISTING_414_SOURCE_REVIEW,PROJECT,2,4,CONTROL_FIXED,1.0
V4PRE_PAIR_007,NEWDEV2_028,PREEXISTING_414_SOURCE_REVIEW,COMPETITIVE,2,4,CONTROL_FIXED,1.0
V4PRE_PAIR_017,NEWDEV2_066,PREEXISTING_414_SOURCE_REVIEW,STATUS,2,4,CONTROL_FIXED,0.0
V4PRE_PAIR_022,NEWDEV2_075,PREEXISTING_414_SOURCE_REVIEW,COMPETITIVE,2,4,CONTROL_FIXED,1.0
V4PRE_PAIR_028,NEWDEV2_090,PREEXISTING_414_SOURCE_REVIEW,COMPETITIVE,2,4,CONTROL_FIXED,1.0
V4PRE_PAIR_030,NEWDEV2_093,PREEXISTING_414_SOURCE_REVIEW,COMPETITIVE,2,4,CONTROL_FIXED,0.0
V4PRE_PAIR_032,MLV2_DEV_005,PREEXISTING_414_SOURCE_REVIEW,PROJECT,2,4,CONTROL_FIXED,1.0
V4PRE_PAIR_046,MLV2_DEV_050,PREEXISTING_414_SOURCE_REVIEW,PROJECT,2,4,CONTROL_FIXED,0.0
V4PRE_PAIR_049,MLV2_DEV_058,PREEXISTING_414_SOURCE_REVIEW,PROJECT,2,4,CONTROL_FIXED,0.0
V4EXP_PAIR_004,NEWDEV2_042,V4_TARGET_EXPANSION_2026-08-16,COMPETITIVE,2,4,CONTROL_FIXED,1.0
V4EXP_PAIR_005,NEWDEV2_042,V4_TARGET_EXPANSION_2026-08-16,COMPETITIVE,2,4,CONTROL_FIXED,1.0
V4EXP_PAIR_011,NEWDEV2_027,V4_TARGET_EXPANSION_2026-08-16,COMPETITIVE,2,4,CONTROL_FIXED,0.5
V4EXP_PAIR_012,NEWDEV2_027,V4_TARGET_EXPANSION_2026-08-16,COMPETITIVE,2,4,CONTROL_FIXED,0.0
V4EXP_PAIR_013,NEWDEV2_027,V4_TARGET_EXPANSION_2026-08-16,COMPETITIVE,2,4,CONTROL_FIXED,0.0
V4EXP_PAIR_026,MLV2_DEV_005,V4_TARGET_EXPANSION_2026-08-16,PROJECT,2,4,CONTROL_FIXED,1.0
V4EXP_PAIR_035,MLV2_DEV_036,V4_TARGET_EXPANSION_2026-08-16,PROJECT,2,4,CONTROL_FIXED,1.0
V4EXP_PAIR_036,NEWDEV2_100,V4_TARGET_EXPANSION_2026-08-16,PROJECT,2,4,CONTROL_FIXED,0.0
V4EXP_PAIR_041,MLV2_DEV_044,V4_TARGET_EXPANSION_2026-08-16,PROJECT,2,4,CONTROL_FIXED,1.0
V4EXP_PAIR_048,NEWDEV2_066,V4_TARGET_EXPANSION_2026-08-16,STATUS,2,4,CONTROL_FIXED,0.0
V4EXP_PAIR_051,NEWDEV2_066,V4_TARGET_EXPANSION_2026-08-16,STATUS,2,4,CONTROL_FIXED,0.0
V4PRE_PAIR_005,NEWDEV2_019,PREEXISTING_414_SOURCE_REVIEW,PROJECT,2,4,TG5_GROUP_L2,1.0
V4PRE_PAIR_007,NEWDEV2_028,PREEXISTING_414_SOURCE_REVIEW,COMPETITIVE,2,4,TG5_GROUP_L2,0.5
V4PRE_PAIR_017,NEWDEV2_066,PREEXISTING_414_SOURCE_REVIEW,STATUS,2,4,TG5_GROUP_L2,1.0
V4PRE_PAIR_022,NEWDEV2_075,PREEXISTING_414_SOURCE_REVIEW,COMPETITIVE,2,4,TG5_GROUP_L2,1.0
V4PRE_PAIR_028,NEWDEV2_090,PREEXISTING_414_SOURCE_REVIEW,COMPETITIVE,2,4,TG5_GROUP_L2,0.0
V4PRE_PAIR_030,NEWDEV2_093,PREEXISTING_414_SOURCE_REVIEW,COMPETITIVE,2,4,TG5_GROUP_L2,1.0
V4PRE_PAIR_032,MLV2_DEV_005,PREEXISTING_414_SOURCE_REVIEW,PROJECT,2,4,TG5_GROUP_L2,0.0
V4PRE_PAIR_046,MLV2_DEV_050,PREEXISTING_414_SOURCE_REVIEW,PROJECT,2,4,TG5_GROUP_L2,0.0
V4PRE_PAIR_049,MLV2_DEV_058,PREEXISTING_414_SOURCE_REVIEW,PROJECT,2,4,TG5_GROUP_L2,1.0
V4EXP_PAIR_004,NEWDEV2_042,V4_TARGET_EXPANSION_2026-08-16,COMPETITIVE,2,4,TG5_GROUP_L2,0.0
V4EXP_PAIR_005,NEWDEV2_042,V4_TARGET_EXPANSION_2026-08-16,COMPETITIVE,2,4,TG5_GROUP_L2,0.0
V4EXP_PAIR_011,NEWDEV2_027,V4_TARGET_EXPANSION_2026-08-16,COMPETITIVE,2,4,TG5_GROUP_L2,0.0
V4EXP_PAIR_012,NEWDEV2_027,V4_TARGET_EXPANSION_2026-08-16,COMPETITIVE,2,4,TG5_GROUP_L2,1.0
V4EXP_PAIR_013,NEWDEV2_027,V4_TARGET_EXPANSION_2026-08-16,COMPETITIVE,2,4,TG5_GROUP_L2,1.0
V4EXP_PAIR_026,MLV2_DEV_005,V4_TARGET_EXPANSION_2026-08-16,PROJECT,2,4,TG5_GROUP_L2,0.5
V4EXP_PAIR_035,MLV2_DEV_036,V4_TARGET_EXPANSION_2026-08-16,PROJECT,2,4,TG5_GROUP_L2,0.0
V4EXP_PAIR_036,NEWDEV2_100,V4_TARGET_EXPANSION_2026-08-16,PROJECT,2,4,TG5_GROUP_L2,1.0
V4EXP_PAIR_041,MLV2_DEV_044,V4_TARGET_EXPANSION_2026-08-16,PROJECT,2,4,TG5_GROUP_L2,1.0
V4EXP_PAIR_048,NEWDEV2_066,V4_TARGET_EXPANSION_2026-08-16,STATUS,2,4,TG5_GROUP_L2,1.0
V4EXP_PAIR_051,NEWDEV2_066,V4_TARGET_EXPANSION_2026-08-16,STATUS,2,4,TG5_GROUP_L2,0.5
V4PRE_PAIR_005,NEWDEV2_019,PREEXISTING_414_SOURCE_REVIEW,PROJECT,2,4,TG10_STEM_L2,1.0
V4PRE_PAIR_007,NEWDEV2_028,PREEXISTING_414_SOURCE_REVIEW,COMPETITIVE,2,4,TG10_STEM_L2,1.0
V4PRE_PAIR_017,NEWDEV2_066,PREEXISTING_414_SOURCE_REVIEW,STATUS,2,4,TG10_STEM_L2,1.0
V4PRE_PAIR_022,NEWDEV2_075,PREEXISTING_414_SOURCE_REVIEW,COMPETITIVE,2,4,TG10_STEM_L2,1.0
V4PRE_PAIR_028,NEWDEV2_090,PREEXISTING_414_SOURCE_REVIEW,COMPETITIVE,2,4,TG10_STEM_L2,0.0
V4PRE_PAIR_030,NEWDEV2_093,PREEXISTING_414_SOURCE_REVIEW,COMPETITIVE,2,4,TG10_STEM_L2,0.0
V4PRE_PAIR_032,MLV2_DEV_005,PREEXISTING_414_SOURCE_REVIEW,PROJECT,2,4,TG10_STEM_L2,0.0
V4PRE_PAIR_046,MLV2_DEV_050,PREEXISTING_414_SOURCE_REVIEW,PROJECT,2,4,TG10_STEM_L2,0.0
V4PRE_PAIR_049,MLV2_DEV_058,PREEXISTING_414_SOURCE_REVIEW,PROJECT,2,4,TG10_STEM_L2,1.0
V4EXP_PAIR_004,NEWDEV2_042,V4_TARGET_EXPANSION_2026-08-16,COMPETITIVE,2,4,TG10_STEM_L2,0.0
V4EXP_PAIR_005,NEWDEV2_042,V4_TARGET_EXPANSION_2026-08-16,COMPETITIVE,2,4,TG10_STEM_L2,0.0
V4EXP_PAIR_011,NEWDEV2_027,V4_TARGET_EXPANSION_2026-08-16,COMPETITIVE,2,4,TG10_STEM_L2,0.0
V4EXP_PAIR_012,NEWDEV2_027,V4_TARGET_EXPANSION_2026-08-16,COMPETITIVE,2,4,TG10_STEM_L2,1.0
V4EXP_PAIR_013,NEWDEV2_027,V4_TARGET_EXPANSION_2026-08-16,COMPETITIVE,2,4,TG10_STEM_L2,1.0
V4EXP_PAIR_026,MLV2_DEV_005,V4_TARGET_EXPANSION_2026-08-16,PROJECT,2,4,TG10_STEM_L2,1.0
V4EXP_PAIR_035,MLV2_DEV_036,V4_TARGET_EXPANSION_2026-08-16,PROJECT,2,4,TG10_STEM_L2,0.0
V4EXP_PAIR_036,NEWDEV2_100,V4_TARGET_EXPANSION_2026-08-16,PROJECT,2,4,TG10_STEM_L2,1.0
V4EXP_PAIR_041,MLV2_DEV_044,V4_TARGET_EXPANSION_2026-08-16,PROJECT,2,4,TG10_STEM_L2,1.0
V4EXP_PAIR_048,NEWDEV2_066,V4_TARGET_EXPANSION_2026-08-16,STATUS,2,4,TG10_STEM_L2,0.0
V4EXP_PAIR_051,NEWDEV2_066,V4_TARGET_EXPANSION_2026-08-16,STATUS,2,4,TG10_STEM_L2,1.0
V4PRE_PAIR_005,NEWDEV2_019,PREEXISTING_414_SOURCE_REVIEW,PROJECT,2,4,TG10_STEM_BRANCH_L2,1.0
V4PRE_PAIR_007,NEWDEV2_028,PREEXISTING_414_SOURCE_REVIEW,COMPETITIVE,2,4,TG10_STEM_BRANCH_L2,1.0
V4PRE_PAIR_017,NEWDEV2_066,PREEXISTING_414_SOURCE_REVIEW,STATUS,2,4,TG10_STEM_BRANCH_L2,1.0
V4PRE_PAIR_022,NEWDEV2_075,PREEXISTING_414_SOURCE_REVIEW,COMPETITIVE,2,4,TG10_STEM_BRANCH_L2,1.0
V4PRE_PAIR_028,NEWDEV2_090,PREEXISTING_414_SOURCE_REVIEW,COMPETITIVE,2,4,TG10_STEM_BRANCH_L2,1.0
V4PRE_PAIR_030,NEWDEV2_093,PREEXISTING_414_SOURCE_REVIEW,COMPETITIVE,2,4,TG10_STEM_BRANCH_L2,1.0
V4PRE_PAIR_032,MLV2_DEV_005,PREEXISTING_414_SOURCE_REVIEW,PROJECT,2,4,TG10_STEM_BRANCH_L2,1.0
V4PRE_PAIR_046,MLV2_DEV_050,PREEXISTING_414_SOURCE_REVIEW,PROJECT,2,4,TG10_STEM_BRANCH_L2,0.0
V4PRE_PAIR_049,MLV2_DEV_058,PREEXISTING_414_SOURCE_REVIEW,PROJECT,2,4,TG10_STEM_BRANCH_L2,1.0
V4EXP_PAIR_004,NEWDEV2_042,V4_TARGET_EXPANSION_2026-08-16,COMPETITIVE,2,4,TG10_STEM_BRANCH_L2,1.0
V4EXP_PAIR_005,NEWDEV2_042,V4_TARGET_EXPANSION_2026-08-16,COMPETITIVE,2,4,TG10_STEM_BRANCH_L2,1.0
V4EXP_PAIR_011,NEWDEV2_027,V4_TARGET_EXPANSION_2026-08-16,COMPETITIVE,2,4,TG10_STEM_BRANCH_L2,1.0
V4EXP_PAIR_012,NEWDEV2_027,V4_TARGET_EXPANSION_2026-08-16,COMPETITIVE,2,4,TG10_STEM_BRANCH_L2,0.0
V4EXP_PAIR_013,NEWDEV2_027,V4_TARGET_EXPANSION_2026-08-16,COMPETITIVE,2,4,TG10_STEM_BRANCH_L2,1.0
V4EXP_PAIR_026,MLV2_DEV_005,V4_TARGET_EXPANSION_2026-08-16,PROJECT,2,4,TG10_STEM_BRANCH_L2,1.0
V4EXP_PAIR_035,MLV2_DEV_036,V4_TARGET_EXPANSION_2026-08-16,PROJECT,2,4,TG10_STEM_BRANCH_L2,0.0
V4EXP_PAIR_036,NEWDEV2_100,V4_TARGET_EXPANSION_2026-08-16,PROJECT,2,4,TG10_STEM_BRANCH_L2,1.0
V4EXP_PAIR_041,MLV2_DEV_044,V4_TARGET_EXPANSION_2026-08-16,PROJECT,2,4,TG10_STEM_BRANCH_L2,1.0
V4EXP_PAIR_048,NEWDEV2_066,V4_TARGET_EXPANSION_2026-08-16,STATUS,2,4,TG10_STEM_BRANCH_L2,0.0
V4EXP_PAIR_051,NEWDEV2_066,V4_TARGET_EXPANSION_2026-08-16,STATUS,2,4,TG10_STEM_BRANCH_L2,1.0
V4PRE_PAIR_005,NEWDEV2_019,PREEXISTING_414_SOURCE_REVIEW,PROJECT,2,4,TG10_SB_STRENGTH_L2,0.0
V4PRE_PAIR_007,NEWDEV2_028,PREEXISTING_414_SOURCE_REVIEW,COMPETITIVE,2,4,TG10_SB_STRENGTH_L2,1.0
V4PRE_PAIR_017,NEWDEV2_066,PREEXISTING_414_SOURCE_REVIEW,STATUS,2,4,TG10_SB_STRENGTH_L2,1.0
V4PRE_PAIR_022,NEWDEV2_075,PREEXISTING_414_SOURCE_REVIEW,COMPETITIVE,2,4,TG10_SB_STRENGTH_L2,1.0
V4PRE_PAIR_028,NEWDEV2_090,PREEXISTING_414_SOURCE_REVIEW,COMPETITIVE,2,4,TG10_SB_STRENGTH_L2,1.0
V4PRE_PAIR_030,NEWDEV2_093,PREEXISTING_414_SOURCE_REVIEW,COMPETITIVE,2,4,TG10_SB_STRENGTH_L2,0.0
V4PRE_PAIR_032,MLV2_DEV_005,PREEXISTING_414_SOURCE_REVIEW,PROJECT,2,4,TG10_SB_STRENGTH_L2,1.0
V4PRE_PAIR_046,MLV2_DEV_050,PREEXISTING_414_SOURCE_REVIEW,PROJECT,2,4,TG10_SB_STRENGTH_L2,0.0
V4PRE_PAIR_049,MLV2_DEV_058,PREEXISTING_414_SOURCE_REVIEW,PROJECT,2,4,TG10_SB_STRENGTH_L2,1.0
V4EXP_PAIR_004,NEWDEV2_042,V4_TARGET_EXPANSION_2026-08-16,COMPETITIVE,2,4,TG10_SB_STRENGTH_L2,1.0
V4EXP_PAIR_005,NEWDEV2_042,V4_TARGET_EXPANSION_2026-08-16,COMPETITIVE,2,4,TG10_SB_STRENGTH_L2,1.0
V4EXP_PAIR_011,NEWDEV2_027,V4_TARGET_EXPANSION_2026-08-16,COMPETITIVE,2,4,TG10_SB_STRENGTH_L2,1.0
V4EXP_PAIR_012,NEWDEV2_027,V4_TARGET_EXPANSION_2026-08-16,COMPETITIVE,2,4,TG10_SB_STRENGTH_L2,1.0
V4EXP_PAIR_013,NEWDEV2_027,V4_TARGET_EXPANSION_2026-08-16,COMPETITIVE,2,4,TG10_SB_STRENGTH_L2,1.0
V4EXP_PAIR_026,MLV2_DEV_005,V4_TARGET_EXPANSION_2026-08-16,PROJECT,2,4,TG10_SB_STRENGTH_L2,1.0
V4EXP_PAIR_035,MLV2_DEV_036,V4_TARGET_EXPANSION_2026-08-16,PROJECT,2,4,TG10_SB_STRENGTH_L2,0.0
V4EXP_PAIR_036,NEWDEV2_100,V4_TARGET_EXPANSION_2026-08-16,PROJECT,2,4,TG10_SB_STRENGTH_L2,1.0
V4EXP_PAIR_041,MLV2_DEV_044,V4_TARGET_EXPANSION_2026-08-16,PROJECT,2,4,TG10_SB_STRENGTH_L2,0.0
V4EXP_PAIR_048,NEWDEV2_066,V4_TARGET_EXPANSION_2026-08-16,STATUS,2,4,TG10_SB_STRENGTH_L2,0.0
V4EXP_PAIR_051,NEWDEV2_066,V4_TARGET_EXPANSION_2026-08-16,STATUS,2,4,TG10_SB_STRENGTH_L2,1.0
V4PRE_PAIR_005,NEWDEV2_019,PREEXISTING_414_SOURCE_REVIEW,PROJECT,2,4,TG10_SB_RELATIONS_L2,0.0
V4PRE_PAIR_007,NEWDEV2_028,PREEXISTING_414_SOURCE_REVIEW,COMPETITIVE,2,4,TG10_SB_RELATIONS_L2,0.0
V4PRE_PAIR_017,NEWDEV2_066,PREEXISTING_414_SOURCE_REVIEW,STATUS,2,4,TG10_SB_RELATIONS_L2,1.0
V4PRE_PAIR_022,NEWDEV2_075,PREEXISTING_414_SOURCE_REVIEW,COMPETITIVE,2,4,TG10_SB_RELATIONS_L2,0.0
V4PRE_PAIR_028,NEWDEV2_090,PREEXISTING_414_SOURCE_REVIEW,COMPETITIVE,2,4,TG10_SB_RELATIONS_L2,1.0
V4PRE_PAIR_030,NEWDEV2_093,PREEXISTING_414_SOURCE_REVIEW,COMPETITIVE,2,4,TG10_SB_RELATIONS_L2,1.0
V4PRE_PAIR_032,MLV2_DEV_005,PREEXISTING_414_SOURCE_REVIEW,PROJECT,2,4,TG10_SB_RELATIONS_L2,1.0
V4PRE_PAIR_046,MLV2_DEV_050,PREEXISTING_414_SOURCE_REVIEW,PROJECT,2,4,TG10_SB_RELATIONS_L2,0.0
V4PRE_PAIR_049,MLV2_DEV_058,PREEXISTING_414_SOURCE_REVIEW,PROJECT,2,4,TG10_SB_RELATIONS_L2,1.0
V4EXP_PAIR_004,NEWDEV2_042,V4_TARGET_EXPANSION_2026-08-16,COMPETITIVE,2,4,TG10_SB_RELATIONS_L2,0.0
V4EXP_PAIR_005,NEWDEV2_042,V4_TARGET_EXPANSION_2026-08-16,COMPETITIVE,2,4,TG10_SB_RELATIONS_L2,0.0
V4EXP_PAIR_011,NEWDEV2_027,V4_TARGET_EXPANSION_2026-08-16,COMPETITIVE,2,4,TG10_SB_RELATIONS_L2,1.0
V4EXP_PAIR_012,NEWDEV2_027,V4_TARGET_EXPANSION_2026-08-16,COMPETITIVE,2,4,TG10_SB_RELATIONS_L2,0.0
V4EXP_PAIR_013,NEWDEV2_027,V4_TARGET_EXPANSION_2026-08-16,COMPETITIVE,2,4,TG10_SB_RELATIONS_L2,0.0
V4EXP_PAIR_026,MLV2_DEV_005,V4_TARGET_EXPANSION_2026-08-16,PROJECT,2,4,TG10_SB_RELATIONS_L2,1.0
V4EXP_PAIR_035,MLV2_DEV_036,V4_TARGET_EXPANSION_2026-08-16,PROJECT,2,4,TG10_SB_RELATIONS_L2,0.0
V4EXP_PAIR_036,NEWDEV2_100,V4_TARGET_EXPANSION_2026-08-16,PROJECT,2,4,TG10_SB_RELATIONS_L2,1.0
V4EXP_PAIR_041,MLV2_DEV_044,V4_TARGET_EXPANSION_2026-08-16,PROJECT,2,4,TG10_SB_RELATIONS_L2,1.0
V4EXP_PAIR_048,NEWDEV2_066,V4_TARGET_EXPANSION_2026-08-16,STATUS,2,4,TG10_SB_RELATIONS_L2,0.0
V4EXP_PAIR_051,NEWDEV2_066,V4_TARGET_EXPANSION_2026-08-16,STATUS,2,4,TG10_SB_RELATIONS_L2,1.0
V4PRE_PAIR_005,NEWDEV2_019,PREEXISTING_414_SOURCE_REVIEW,PROJECT,2,4,ALL_L2,0.0
V4PRE_PAIR_007,NEWDEV2_028,PREEXISTING_414_SOURCE_REVIEW,COMPETITIVE,2,4,ALL_L2,1.0
V4PRE_PAIR_017,NEWDEV2_066,PREEXISTING_414_SOURCE_REVIEW,STATUS,2,4,ALL_L2,1.0
V4PRE_PAIR_022,NEWDEV2_075,PREEXISTING_414_SOURCE_REVIEW,COMPETITIVE,2,4,ALL_L2,0.0
V4PRE_PAIR_028,NEWDEV2_090,PREEXISTING_414_SOURCE_REVIEW,COMPETITIVE,2,4,ALL_L2,1.0
V4PRE_PAIR_030,NEWDEV2_093,PREEXISTING_414_SOURCE_REVIEW,COMPETITIVE,2,4,ALL_L2,1.0
V4PRE_PAIR_032,MLV2_DEV_005,PREEXISTING_414_SOURCE_REVIEW,PROJECT,2,4,ALL_L2,1.0
V4PRE_PAIR_046,MLV2_DEV_050,PREEXISTING_414_SOURCE_REVIEW,PROJECT,2,4,ALL_L2,0.0
V4PRE_PAIR_049,MLV2_DEV_058,PREEXISTING_414_SOURCE_REVIEW,PROJECT,2,4,ALL_L2,1.0
V4EXP_PAIR_004,NEWDEV2_042,V4_TARGET_EXPANSION_2026-08-16,COMPETITIVE,2,4,ALL_L2,0.0
V4EXP_PAIR_005,NEWDEV2_042,V4_TARGET_EXPANSION_2026-08-16,COMPETITIVE,2,4,ALL_L2,0.0
V4EXP_PAIR_011,NEWDEV2_027,V4_TARGET_EXPANSION_2026-08-16,COMPETITIVE,2,4,ALL_L2,0.0
V4EXP_PAIR_012,NEWDEV2_027,V4_TARGET_EXPANSION_2026-08-16,COMPETITIVE,2,4,ALL_L2,0.0
V4EXP_PAIR_013,NEWDEV2_027,V4_TARGET_EXPANSION_2026-08-16,COMPETITIVE,2,4,ALL_L2,0.0
V4EXP_PAIR_026,MLV2_DEV_005,V4_TARGET_EXPANSION_2026-08-16,PROJECT,2,4,ALL_L2,1.0
V4EXP_PAIR_035,MLV2_DEV_036,V4_TARGET_EXPANSION_2026-08-16,PROJECT,2,4,ALL_L2,0.0
V4EXP_PAIR_036,NEWDEV2_100,V4_TARGET_EXPANSION_2026-08-16,PROJECT,2,4,ALL_L2,1.0
V4EXP_PAIR_041,MLV2_DEV_044,V4_TARGET_EXPANSION_2026-08-16,PROJECT,2,4,ALL_L2,1.0
V4EXP_PAIR_048,NEWDEV2_066,V4_TARGET_EXPANSION_2026-08-16,STATUS,2,4,ALL_L2,0.0
V4EXP_PAIR_051,NEWDEV2_066,V4_TARGET_EXPANSION_2026-08-16,STATUS,2,4,ALL_L2,1.0
V4PRE_PAIR_005,NEWDEV2_019,PREEXISTING_414_SOURCE_REVIEW,PROJECT,2,4,NUISANCE_AGE_AXIS,1.0
V4PRE_PAIR_007,NEWDEV2_028,PREEXISTING_414_SOURCE_REVIEW,COMPETITIVE,2,4,NUISANCE_AGE_AXIS,0.0
V4PRE_PAIR_017,NEWDEV2_066,PREEXISTING_414_SOURCE_REVIEW,STATUS,2,4,NUISANCE_AGE_AXIS,1.0
V4PRE_PAIR_022,NEWDEV2_075,PREEXISTING_414_SOURCE_REVIEW,COMPETITIVE,2,4,NUISANCE_AGE_AXIS,0.0
V4PRE_PAIR_028,NEWDEV2_090,PREEXISTING_414_SOURCE_REVIEW,COMPETITIVE,2,4,NUISANCE_AGE_AXIS,0.0
V4PRE_PAIR_030,NEWDEV2_093,PREEXISTING_414_SOURCE_REVIEW,COMPETITIVE,2,4,NUISANCE_AGE_AXIS,1.0
V4PRE_PAIR_032,MLV2_DEV_005,PREEXISTING_414_SOURCE_REVIEW,PROJECT,2,4,NUISANCE_AGE_AXIS,1.0
V4PRE_PAIR_046,MLV2_DEV_050,PREEXISTING_414_SOURCE_REVIEW,PROJECT,2,4,NUISANCE_AGE_AXIS,1.0
V4PRE_PAIR_049,MLV2_DEV_058,PREEXISTING_414_SOURCE_REVIEW,PROJECT,2,4,NUISANCE_AGE_AXIS,1.0
V4EXP_PAIR_004,NEWDEV2_042,V4_TARGET_EXPANSION_2026-08-16,COMPETITIVE,2,4,NUISANCE_AGE_AXIS,0.0
V4EXP_PAIR_005,NEWDEV2_042,V4_TARGET_EXPANSION_2026-08-16,COMPETITIVE,2,4,NUISANCE_AGE_AXIS,0.0
V4EXP_PAIR_011,NEWDEV2_027,V4_TARGET_EXPANSION_2026-08-16,COMPETITIVE,2,4,NUISANCE_AGE_AXIS,0.0
V4EXP_PAIR_012,NEWDEV2_027,V4_TARGET_EXPANSION_2026-08-16,COMPETITIVE,2,4,NUISANCE_AGE_AXIS,0.0
V4EXP_PAIR_013,NEWDEV2_027,V4_TARGET_EXPANSION_2026-08-16,COMPETITIVE,2,4,NUISANCE_AGE_AXIS,1.0
V4EXP_PAIR_026,MLV2_DEV_005,V4_TARGET_EXPANSION_2026-08-16,PROJECT,2,4,NUISANCE_AGE_AXIS,0.0
V4EXP_PAIR_035,MLV2_DEV_036,V4_TARGET_EXPANSION_2026-08-16,PROJECT,2,4,NUISANCE_AGE_AXIS,0.0
V4EXP_PAIR_036,NEWDEV2_100,V4_TARGET_EXPANSION_2026-08-16,PROJECT,2,4,NUISANCE_AGE_AXIS,0.0
V4EXP_PAIR_041,MLV2_DEV_044,V4_TARGET_EXPANSION_2026-08-16,PROJECT,2,4,NUISANCE_AGE_AXIS,0.0
V4EXP_PAIR_048,NEWDEV2_066,V4_TARGET_EXPANSION_2026-08-16,STATUS,2,4,NUISANCE_AGE_AXIS,0.0
V4EXP_PAIR_051,NEWDEV2_066,V4_TARGET_EXPANSION_2026-08-16,STATUS,2,4,NUISANCE_AGE_AXIS,0.0
V4PRE_PAIR_005,NEWDEV2_019,PREEXISTING_414_SOURCE_REVIEW,PROJECT,2,4,NUISANCE_WITH_ORIGIN_DIAGNOSTIC,1.0
V4PRE_PAIR_007,NEWDEV2_028,PREEXISTING_414_SOURCE_REVIEW,COMPETITIVE,2,4,NUISANCE_WITH_ORIGIN_DIAGNOSTIC,1.0
V4PRE_PAIR_017,NEWDEV2_066,PREEXISTING_414_SOURCE_REVIEW,STATUS,2,4,NUISANCE_WITH_ORIGIN_DIAGNOSTIC,1.0
V4PRE_PAIR_022,NEWDEV2_075,PREEXISTING_414_SOURCE_REVIEW,COMPETITIVE,2,4,NUISANCE_WITH_ORIGIN_DIAGNOSTIC,1.0
V4PRE_PAIR_028,NEWDEV2_090,PREEXISTING_414_SOURCE_REVIEW,COMPETITIVE,2,4,NUISANCE_WITH_ORIGIN_DIAGNOSTIC,1.0
V4PRE_PAIR_030,NEWDEV2_093,PREEXISTING_414_SOURCE_REVIEW,COMPETITIVE,2,4,NUISANCE_WITH_ORIGIN_DIAGNOSTIC,1.0
V4PRE_PAIR_032,MLV2_DEV_005,PREEXISTING_414_SOURCE_REVIEW,PROJECT,2,4,NUISANCE_WITH_ORIGIN_DIAGNOSTIC,1.0
V4PRE_PAIR_046,MLV2_DEV_050,PREEXISTING_414_SOURCE_REVIEW,PROJECT,2,4,NUISANCE_WITH_ORIGIN_DIAGNOSTIC,1.0
V4PRE_PAIR_049,MLV2_DEV_058,PREEXISTING_414_SOURCE_REVIEW,PROJECT,2,4,NUISANCE_WITH_ORIGIN_DIAGNOSTIC,1.0
V4EXP_PAIR_004,NEWDEV2_042,V4_TARGET_EXPANSION_2026-08-16,COMPETITIVE,2,4,NUISANCE_WITH_ORIGIN_DIAGNOSTIC,1.0
V4EXP_PAIR_005,NEWDEV2_042,V4_TARGET_EXPANSION_2026-08-16,COMPETITIVE,2,4,NUISANCE_WITH_ORIGIN_DIAGNOSTIC,1.0
V4EXP_PAIR_011,NEWDEV2_027,V4_TARGET_EXPANSION_2026-08-16,COMPETITIVE,2,4,NUISANCE_WITH_ORIGIN_DIAGNOSTIC,1.0
V4EXP_PAIR_012,NEWDEV2_027,V4_TARGET_EXPANSION_2026-08-16,COMPETITIVE,2,4,NUISANCE_WITH_ORIGIN_DIAGNOSTIC,1.0
V4EXP_PAIR_013,NEWDEV2_027,V4_TARGET_EXPANSION_2026-08-16,COMPETITIVE,2,4,NUISANCE_WITH_ORIGIN_DIAGNOSTIC,1.0
V4EXP_PAIR_026,MLV2_DEV_005,V4_TARGET_EXPANSION_2026-08-16,PROJECT,2,4,NUISANCE_WITH_ORIGIN_DIAGNOSTIC,1.0
V4EXP_PAIR_035,MLV2_DEV_036,V4_TARGET_EXPANSION_2026-08-16,PROJECT,2,4,NUISANCE_WITH_ORIGIN_DIAGNOSTIC,1.0
V4EXP_PAIR_036,NEWDEV2_100,V4_TARGET_EXPANSION_2026-08-16,PROJECT,2,4,NUISANCE_WITH_ORIGIN_DIAGNOSTIC,1.0
V4EXP_PAIR_041,MLV2_DEV_044,V4_TARGET_EXPANSION_2026-08-16,PROJECT,2,4,NUISANCE_WITH_ORIGIN_DIAGNOSTIC,1.0
V4EXP_PAIR_048,NEWDEV2_066,V4_TARGET_EXPANSION_2026-08-16,STATUS,2,4,NUISANCE_WITH_ORIGIN_DIAGNOSTIC,1.0
V4EXP_PAIR_051,NEWDEV2_066,V4_TARGET_EXPANSION_2026-08-16,STATUS,2,4,NUISANCE_WITH_ORIGIN_DIAGNOSTIC,1.0
V4PRE_PAIR_005,NEWDEV2_019,PREEXISTING_414_SOURCE_REVIEW,PROJECT,2,4,ALL_ELASTICNET_AUTO,0.0
V4PRE_PAIR_007,NEWDEV2_028,PREEXISTING_414_SOURCE_REVIEW,COMPETITIVE,2,4,ALL_ELASTICNET_AUTO,0.0
V4PRE_PAIR_017,NEWDEV2_066,PREEXISTING_414_SOURCE_REVIEW,STATUS,2,4,ALL_ELASTICNET_AUTO,0.0
V4PRE_PAIR_022,NEWDEV2_075,PREEXISTING_414_SOURCE_REVIEW,COMPETITIVE,2,4,ALL_ELASTICNET_AUTO,0.0
V4PRE_PAIR_028,NEWDEV2_090,PREEXISTING_414_SOURCE_REVIEW,COMPETITIVE,2,4,ALL_ELASTICNET_AUTO,0.0
V4PRE_PAIR_030,NEWDEV2_093,PREEXISTING_414_SOURCE_REVIEW,COMPETITIVE,2,4,ALL_ELASTICNET_AUTO,0.0
V4PRE_PAIR_032,MLV2_DEV_005,PREEXISTING_414_SOURCE_REVIEW,PROJECT,2,4,ALL_ELASTICNET_AUTO,0.0
V4PRE_PAIR_046,MLV2_DEV_050,PREEXISTING_414_SOURCE_REVIEW,PROJECT,2,4,ALL_ELASTICNET_AUTO,0.0
V4PRE_PAIR_049,MLV2_DEV_058,PREEXISTING_414_SOURCE_REVIEW,PROJECT,2,4,ALL_ELASTICNET_AUTO,0.0
V4EXP_PAIR_004,NEWDEV2_042,V4_TARGET_EXPANSION_2026-08-16,COMPETITIVE,2,4,ALL_ELASTICNET_AUTO,0.0
V4EXP_PAIR_005,NEWDEV2_042,V4_TARGET_EXPANSION_2026-08-16,COMPETITIVE,2,4,ALL_ELASTICNET_AUTO,0.0
V4EXP_PAIR_011,NEWDEV2_027,V4_TARGET_EXPANSION_2026-08-16,COMPETITIVE,2,4,ALL_ELASTICNET_AUTO,0.0
V4EXP_PAIR_012,NEWDEV2_027,V4_TARGET_EXPANSION_2026-08-16,COMPETITIVE,2,4,ALL_ELASTICNET_AUTO,0.0
V4EXP_PAIR_013,NEWDEV2_027,V4_TARGET_EXPANSION_2026-08-16,COMPETITIVE,2,4,ALL_ELASTICNET_AUTO,0.0
V4EXP_PAIR_026,MLV2_DEV_005,V4_TARGET_EXPANSION_2026-08-16,PROJECT,2,4,ALL_ELASTICNET_AUTO,0.0
V4EXP_PAIR_035,MLV2_DEV_036,V4_TARGET_EXPANSION_2026-08-16,PROJECT,2,4,ALL_ELASTICNET_AUTO,0.0
V4EXP_PAIR_036,NEWDEV2_100,V4_TARGET_EXPANSION_2026-08-16,PROJECT,2,4,ALL_ELASTICNET_AUTO,0.0
V4EXP_PAIR_041,MLV2_DEV_044,V4_TARGET_EXPANSION_2026-08-16,PROJECT,2,4,ALL_ELASTICNET_AUTO,0.0
V4EXP_PAIR_048,NEWDEV2_066,V4_TARGET_EXPANSION_2026-08-16,STATUS,2,4,ALL_ELASTICNET_AUTO,0.0
V4EXP_PAIR_051,NEWDEV2_066,V4_TARGET_EXPANSION_2026-08-16,STATUS,2,4,ALL_ELASTICNET_AUTO,0.0
V4PRE_PAIR_005,NEWDEV2_019,PREEXISTING_414_SOURCE_REVIEW,PROJECT,2,4,HGB_ALL_EXPLORATORY,0.0
V4PRE_PAIR_007,NEWDEV2_028,PREEXISTING_414_SOURCE_REVIEW,COMPETITIVE,2,4,HGB_ALL_EXPLORATORY,1.0
V4PRE_PAIR_017,NEWDEV2_066,PREEXISTING_414_SOURCE_REVIEW,STATUS,2,4,HGB_ALL_EXPLORATORY,0.0
V4PRE_PAIR_022,NEWDEV2_075,PREEXISTING_414_SOURCE_REVIEW,COMPETITIVE,2,4,HGB_ALL_EXPLORATORY,1.0
V4PRE_PAIR_028,NEWDEV2_090,PREEXISTING_414_SOURCE_REVIEW,COMPETITIVE,2,4,HGB_ALL_EXPLORATORY,0.0
V4PRE_PAIR_030,NEWDEV2_093,PREEXISTING_414_SOURCE_REVIEW,COMPETITIVE,2,4,HGB_ALL_EXPLORATORY,1.0
V4PRE_PAIR_032,MLV2_DEV_005,PREEXISTING_414_SOURCE_REVIEW,PROJECT,2,4,HGB_ALL_EXPLORATORY,1.0
V4PRE_PAIR_046,MLV2_DEV_050,PREEXISTING_414_SOURCE_REVIEW,PROJECT,2,4,HGB_ALL_EXPLORATORY,1.0
V4PRE_PAIR_049,MLV2_DEV_058,PREEXISTING_414_SOURCE_REVIEW,PROJECT,2,4,HGB_ALL_EXPLORATORY,0.0
V4EXP_PAIR_004,NEWDEV2_042,V4_TARGET_EXPANSION_2026-08-16,COMPETITIVE,2,4,HGB_ALL_EXPLORATORY,0.0
V4EXP_PAIR_005,NEWDEV2_042,V4_TARGET_EXPANSION_2026-08-16,COMPETITIVE,2,4,HGB_ALL_EXPLORATORY,1.0
V4EXP_PAIR_011,NEWDEV2_027,V4_TARGET_EXPANSION_2026-08-16,COMPETITIVE,2,4,HGB_ALL_EXPLORATORY,1.0
V4EXP_PAIR_012,NEWDEV2_027,V4_TARGET_EXPANSION_2026-08-16,COMPETITIVE,2,4,HGB_ALL_EXPLORATORY,1.0
V4EXP_PAIR_013,NEWDEV2_027,V4_TARGET_EXPANSION_2026-08-16,COMPETITIVE,2,4,HGB_ALL_EXPLORATORY,0.0
V4EXP_PAIR_026,MLV2_DEV_005,V4_TARGET_EXPANSION_2026-08-16,PROJECT,2,4,HGB_ALL_EXPLORATORY,0.0
V4EXP_PAIR_035,MLV2_DEV_036,V4_TARGET_EXPANSION_2026-08-16,PROJECT,2,4,HGB_ALL_EXPLORATORY,0.0
V4EXP_PAIR_036,NEWDEV2_100,V4_TARGET_EXPANSION_2026-08-16,PROJECT,2,4,HGB_ALL_EXPLORATORY,0.0
V4EXP_PAIR_041,MLV2_DEV_044,V4_TARGET_EXPANSION_2026-08-16,PROJECT,2,4,HGB_ALL_EXPLORATORY,1.0
V4EXP_PAIR_048,NEWDEV2_066,V4_TARGET_EXPANSION_2026-08-16,STATUS,2,4,HGB_ALL_EXPLORATORY,1.0
V4EXP_PAIR_051,NEWDEV2_066,V4_TARGET_EXPANSION_2026-08-16,STATUS,2,4,HGB_ALL_EXPLORATORY,0.0
V4PRE_PAIR_006,NEWDEV2_024,PREEXISTING_414_SOURCE_REVIEW,PROJECT,3,0,AGE_YOUNGER_FIXED,1.0
V4PRE_PAIR_010,NEWDEV2_035,PREEXISTING_414_SOURCE_REVIEW,COMPETITIVE,3,0,AGE_YOUNGER_FIXED,1.0
V4PRE_PAIR_018,NEWDEV2_067,PREEXISTING_414_SOURCE_REVIEW,STATUS,3,0,AGE_YOUNGER_FIXED,1.0
V4PRE_PAIR_023,NEWDEV2_077,PREEXISTING_414_SOURCE_REVIEW,PROJECT,3,0,AGE_YOUNGER_FIXED,1.0
V4PRE_PAIR_025,NEWDEV2_081,PREEXISTING_414_SOURCE_REVIEW,PROJECT,3,0,AGE_YOUNGER_FIXED,1.0
V4PRE_PAIR_028,NEWDEV2_090,PREEXISTING_414_SOURCE_REVIEW,COMPETITIVE,3,0,AGE_YOUNGER_FIXED,1.0
V4PRE_PAIR_036,MLV2_DEV_020,PREEXISTING_414_SOURCE_REVIEW,PROJECT,3,0,AGE_YOUNGER_FIXED,1.0
V4PRE_PAIR_042,MLV2_DEV_039,PREEXISTING_414_SOURCE_REVIEW,STATUS,3,0,AGE_YOUNGER_FIXED,1.0
V4PRE_PAIR_047,MLV2_DEV_054,PREEXISTING_414_SOURCE_REVIEW,RECOGNITION,3,0,AGE_YOUNGER_FIXED,1.0
V4EXP_PAIR_006,MLV2_DEV_068,V4_TARGET_EXPANSION_2026-08-16,COMPETITIVE,3,0,AGE_YOUNGER_FIXED,0.0
V4EXP_PAIR_007,MLV2_DEV_068,V4_TARGET_EXPANSION_2026-08-16,COMPETITIVE,3,0,AGE_YOUNGER_FIXED,0.0
V4EXP_PAIR_008,MLV2_DEV_068,V4_TARGET_EXPANSION_2026-08-16,COMPETITIVE,3,0,AGE_YOUNGER_FIXED,0.0
V4EXP_PAIR_009,MLV2_DEV_068,V4_TARGET_EXPANSION_2026-08-16,COMPETITIVE,3,0,AGE_YOUNGER_FIXED,0.0
V4EXP_PAIR_010,MLV2_DEV_068,V4_TARGET_EXPANSION_2026-08-16,COMPETITIVE,3,0,AGE_YOUNGER_FIXED,0.0
V4EXP_PAIR_017,NEWDEV2_060,V4_TARGET_EXPANSION_2026-08-16,COMPETITIVE,3,0,AGE_YOUNGER_FIXED,0.0
V4EXP_PAIR_030,NEWDEV2_002,V4_TARGET_EXPANSION_2026-08-16,PROJECT,3,0,AGE_YOUNGER_FIXED,0.0
V4EXP_PAIR_033,NEWDEV2_081,V4_TARGET_EXPANSION_2026-08-16,PROJECT,3,0,AGE_YOUNGER_FIXED,0.0
V4EXP_PAIR_040,MLV2_DEV_054,V4_TARGET_EXPANSION_2026-08-16,PROJECT,3,0,AGE_YOUNGER_FIXED,0.0
V4EXP_PAIR_043,MLV2_DEV_001,V4_TARGET_EXPANSION_2026-08-16,PROJECT,3,0,AGE_YOUNGER_FIXED,0.0
V4PRE_PAIR_006,NEWDEV2_024,PREEXISTING_414_SOURCE_REVIEW,PROJECT,3,0,AGE_LATER_FIXED,0.0
V4PRE_PAIR_010,NEWDEV2_035,PREEXISTING_414_SOURCE_REVIEW,COMPETITIVE,3,0,AGE_LATER_FIXED,0.0
V4PRE_PAIR_018,NEWDEV2_067,PREEXISTING_414_SOURCE_REVIEW,STATUS,3,0,AGE_LATER_FIXED,0.0
V4PRE_PAIR_023,NEWDEV2_077,PREEXISTING_414_SOURCE_REVIEW,PROJECT,3,0,AGE_LATER_FIXED,0.0
V4PRE_PAIR_025,NEWDEV2_081,PREEXISTING_414_SOURCE_REVIEW,PROJECT,3,0,AGE_LATER_FIXED,0.0
V4PRE_PAIR_028,NEWDEV2_090,PREEXISTING_414_SOURCE_REVIEW,COMPETITIVE,3,0,AGE_LATER_FIXED,0.0
V4PRE_PAIR_036,MLV2_DEV_020,PREEXISTING_414_SOURCE_REVIEW,PROJECT,3,0,AGE_LATER_FIXED,0.0
V4PRE_PAIR_042,MLV2_DEV_039,PREEXISTING_414_SOURCE_REVIEW,STATUS,3,0,AGE_LATER_FIXED,0.0
V4PRE_PAIR_047,MLV2_DEV_054,PREEXISTING_414_SOURCE_REVIEW,RECOGNITION,3,0,AGE_LATER_FIXED,0.0
V4EXP_PAIR_006,MLV2_DEV_068,V4_TARGET_EXPANSION_2026-08-16,COMPETITIVE,3,0,AGE_LATER_FIXED,1.0
V4EXP_PAIR_007,MLV2_DEV_068,V4_TARGET_EXPANSION_2026-08-16,COMPETITIVE,3,0,AGE_LATER_FIXED,1.0
V4EXP_PAIR_008,MLV2_DEV_068,V4_TARGET_EXPANSION_2026-08-16,COMPETITIVE,3,0,AGE_LATER_FIXED,1.0
V4EXP_PAIR_009,MLV2_DEV_068,V4_TARGET_EXPANSION_2026-08-16,COMPETITIVE,3,0,AGE_LATER_FIXED,1.0
V4EXP_PAIR_010,MLV2_DEV_068,V4_TARGET_EXPANSION_2026-08-16,COMPETITIVE,3,0,AGE_LATER_FIXED,1.0
V4EXP_PAIR_017,NEWDEV2_060,V4_TARGET_EXPANSION_2026-08-16,COMPETITIVE,3,0,AGE_LATER_FIXED,1.0
V4EXP_PAIR_030,NEWDEV2_002,V4_TARGET_EXPANSION_2026-08-16,PROJECT,3,0,AGE_LATER_FIXED,1.0
V4EXP_PAIR_033,NEWDEV2_081,V4_TARGET_EXPANSION_2026-08-16,PROJECT,3,0,AGE_LATER_FIXED,1.0
V4EXP_PAIR_040,MLV2_DEV_054,V4_TARGET_EXPANSION_2026-08-16,PROJECT,3,0,AGE_LATER_FIXED,1.0
V4EXP_PAIR_043,MLV2_DEV_001,V4_TARGET_EXPANSION_2026-08-16,PROJECT,3,0,AGE_LATER_FIXED,1.0
V4PRE_PAIR_006,NEWDEV2_024,PREEXISTING_414_SOURCE_REVIEW,PROJECT,3,0,CONTROL_FIXED,1.0
V4PRE_PAIR_010,NEWDEV2_035,PREEXISTING_414_SOURCE_REVIEW,COMPETITIVE,3,0,CONTROL_FIXED,0.5
V4PRE_PAIR_018,NEWDEV2_067,PREEXISTING_414_SOURCE_REVIEW,STATUS,3,0,CONTROL_FIXED,1.0
V4PRE_PAIR_023,NEWDEV2_077,PREEXISTING_414_SOURCE_REVIEW,PROJECT,3,0,CONTROL_FIXED,1.0
V4PRE_PAIR_025,NEWDEV2_081,PREEXISTING_414_SOURCE_REVIEW,PROJECT,3,0,CONTROL_FIXED,0.0
V4PRE_PAIR_028,NEWDEV2_090,PREEXISTING_414_SOURCE_REVIEW,COMPETITIVE,3,0,CONTROL_FIXED,1.0
V4PRE_PAIR_036,MLV2_DEV_020,PREEXISTING_414_SOURCE_REVIEW,PROJECT,3,0,CONTROL_FIXED,0.0
V4PRE_PAIR_042,MLV2_DEV_039,PREEXISTING_414_SOURCE_REVIEW,STATUS,3,0,CONTROL_FIXED,0.0
V4PRE_PAIR_047,MLV2_DEV_054,PREEXISTING_414_SOURCE_REVIEW,RECOGNITION,3,0,CONTROL_FIXED,1.0
V4EXP_PAIR_006,MLV2_DEV_068,V4_TARGET_EXPANSION_2026-08-16,COMPETITIVE,3,0,CONTROL_FIXED,0.0
V4EXP_PAIR_007,MLV2_DEV_068,V4_TARGET_EXPANSION_2026-08-16,COMPETITIVE,3,0,CONTROL_FIXED,0.0
V4EXP_PAIR_008,MLV2_DEV_068,V4_TARGET_EXPANSION_2026-08-16,COMPETITIVE,3,0,CONTROL_FIXED,0.0
V4EXP_PAIR_009,MLV2_DEV_068,V4_TARGET_EXPANSION_2026-08-16,COMPETITIVE,3,0,CONTROL_FIXED,1.0
V4EXP_PAIR_010,MLV2_DEV_068,V4_TARGET_EXPANSION_2026-08-16,COMPETITIVE,3,0,CONTROL_FIXED,1.0
V4EXP_PAIR_017,NEWDEV2_060,V4_TARGET_EXPANSION_2026-08-16,COMPETITIVE,3,0,CONTROL_FIXED,0.0
V4EXP_PAIR_030,NEWDEV2_002,V4_TARGET_EXPANSION_2026-08-16,PROJECT,3,0,CONTROL_FIXED,0.0
V4EXP_PAIR_033,NEWDEV2_081,V4_TARGET_EXPANSION_2026-08-16,PROJECT,3,0,CONTROL_FIXED,1.0
V4EXP_PAIR_040,MLV2_DEV_054,V4_TARGET_EXPANSION_2026-08-16,PROJECT,3,0,CONTROL_FIXED,0.0
V4EXP_PAIR_043,MLV2_DEV_001,V4_TARGET_EXPANSION_2026-08-16,PROJECT,3,0,CONTROL_FIXED,0.0
V4PRE_PAIR_006,NEWDEV2_024,PREEXISTING_414_SOURCE_REVIEW,PROJECT,3,0,TG5_GROUP_L2,1.0
V4PRE_PAIR_010,NEWDEV2_035,PREEXISTING_414_SOURCE_REVIEW,COMPETITIVE,3,0,TG5_GROUP_L2,1.0
V4PRE_PAIR_018,NEWDEV2_067,PREEXISTING_414_SOURCE_REVIEW,STATUS,3,0,TG5_GROUP_L2,0.0
V4PRE_PAIR_023,NEWDEV2_077,PREEXISTING_414_SOURCE_REVIEW,PROJECT,3,0,TG5_GROUP_L2,0.0
V4PRE_PAIR_025,NEWDEV2_081,PREEXISTING_414_SOURCE_REVIEW,PROJECT,3,0,TG5_GROUP_L2,1.0
V4PRE_PAIR_028,NEWDEV2_090,PREEXISTING_414_SOURCE_REVIEW,COMPETITIVE,3,0,TG5_GROUP_L2,0.0
V4PRE_PAIR_036,MLV2_DEV_020,PREEXISTING_414_SOURCE_REVIEW,PROJECT,3,0,TG5_GROUP_L2,0.0
V4PRE_PAIR_042,MLV2_DEV_039,PREEXISTING_414_SOURCE_REVIEW,STATUS,3,0,TG5_GROUP_L2,0.0
V4PRE_PAIR_047,MLV2_DEV_054,PREEXISTING_414_SOURCE_REVIEW,RECOGNITION,3,0,TG5_GROUP_L2,0.0
V4EXP_PAIR_006,MLV2_DEV_068,V4_TARGET_EXPANSION_2026-08-16,COMPETITIVE,3,0,TG5_GROUP_L2,0.0
V4EXP_PAIR_007,MLV2_DEV_068,V4_TARGET_EXPANSION_2026-08-16,COMPETITIVE,3,0,TG5_GROUP_L2,0.5
V4EXP_PAIR_008,MLV2_DEV_068,V4_TARGET_EXPANSION_2026-08-16,COMPETITIVE,3,0,TG5_GROUP_L2,0.0
V4EXP_PAIR_009,MLV2_DEV_068,V4_TARGET_EXPANSION_2026-08-16,COMPETITIVE,3,0,TG5_GROUP_L2,1.0
V4EXP_PAIR_010,MLV2_DEV_068,V4_TARGET_EXPANSION_2026-08-16,COMPETITIVE,3,0,TG5_GROUP_L2,1.0
V4EXP_PAIR_017,NEWDEV2_060,V4_TARGET_EXPANSION_2026-08-16,COMPETITIVE,3,0,TG5_GROUP_L2,0.0
V4EXP_PAIR_030,NEWDEV2_002,V4_TARGET_EXPANSION_2026-08-16,PROJECT,3,0,TG5_GROUP_L2,0.0
V4EXP_PAIR_033,NEWDEV2_081,V4_TARGET_EXPANSION_2026-08-16,PROJECT,3,0,TG5_GROUP_L2,1.0
V4EXP_PAIR_040,MLV2_DEV_054,V4_TARGET_EXPANSION_2026-08-16,PROJECT,3,0,TG5_GROUP_L2,0.0
V4EXP_PAIR_043,MLV2_DEV_001,V4_TARGET_EXPANSION_2026-08-16,PROJECT,3,0,TG5_GROUP_L2,0.0
V4PRE_PAIR_006,NEWDEV2_024,PREEXISTING_414_SOURCE_REVIEW,PROJECT,3,0,TG10_STEM_L2,1.0
V4PRE_PAIR_010,NEWDEV2_035,PREEXISTING_414_SOURCE_REVIEW,COMPETITIVE,3,0,TG10_STEM_L2,1.0
V4PRE_PAIR_018,NEWDEV2_067,PREEXISTING_414_SOURCE_REVIEW,STATUS,3,0,TG10_STEM_L2,1.0
V4PRE_PAIR_023,NEWDEV2_077,PREEXISTING_414_SOURCE_REVIEW,PROJECT,3,0,TG10_STEM_L2,0.0
V4PRE_PAIR_025,NEWDEV2_081,PREEXISTING_414_SOURCE_REVIEW,PROJECT,3,0,TG10_STEM_L2,0.0
V4PRE_PAIR_028,NEWDEV2_090,PREEXISTING_414_SOURCE_REVIEW,COMPETITIVE,3,0,TG10_STEM_L2,0.0
V4PRE_PAIR_036,MLV2_DEV_020,PREEXISTING_414_SOURCE_REVIEW,PROJECT,3,0,TG10_STEM_L2,0.0
V4PRE_PAIR_042,MLV2_DEV_039,PREEXISTING_414_SOURCE_REVIEW,STATUS,3,0,TG10_STEM_L2,1.0
V4PRE_PAIR_047,MLV2_DEV_054,PREEXISTING_414_SOURCE_REVIEW,RECOGNITION,3,0,TG10_STEM_L2,0.0
V4EXP_PAIR_006,MLV2_DEV_068,V4_TARGET_EXPANSION_2026-08-16,COMPETITIVE,3,0,TG10_STEM_L2,0.0
V4EXP_PAIR_007,MLV2_DEV_068,V4_TARGET_EXPANSION_2026-08-16,COMPETITIVE,3,0,TG10_STEM_L2,1.0
V4EXP_PAIR_008,MLV2_DEV_068,V4_TARGET_EXPANSION_2026-08-16,COMPETITIVE,3,0,TG10_STEM_L2,1.0
V4EXP_PAIR_009,MLV2_DEV_068,V4_TARGET_EXPANSION_2026-08-16,COMPETITIVE,3,0,TG10_STEM_L2,0.0
V4EXP_PAIR_010,MLV2_DEV_068,V4_TARGET_EXPANSION_2026-08-16,COMPETITIVE,3,0,TG10_STEM_L2,1.0
V4EXP_PAIR_017,NEWDEV2_060,V4_TARGET_EXPANSION_2026-08-16,COMPETITIVE,3,0,TG10_STEM_L2,0.0
V4EXP_PAIR_030,NEWDEV2_002,V4_TARGET_EXPANSION_2026-08-16,PROJECT,3,0,TG10_STEM_L2,0.0
V4EXP_PAIR_033,NEWDEV2_081,V4_TARGET_EXPANSION_2026-08-16,PROJECT,3,0,TG10_STEM_L2,1.0
V4EXP_PAIR_040,MLV2_DEV_054,V4_TARGET_EXPANSION_2026-08-16,PROJECT,3,0,TG10_STEM_L2,0.0
V4EXP_PAIR_043,MLV2_DEV_001,V4_TARGET_EXPANSION_2026-08-16,PROJECT,3,0,TG10_STEM_L2,1.0
V4PRE_PAIR_006,NEWDEV2_024,PREEXISTING_414_SOURCE_REVIEW,PROJECT,3,0,TG10_STEM_BRANCH_L2,1.0
V4PRE_PAIR_010,NEWDEV2_035,PREEXISTING_414_SOURCE_REVIEW,COMPETITIVE,3,0,TG10_STEM_BRANCH_L2,1.0
V4PRE_PAIR_018,NEWDEV2_067,PREEXISTING_414_SOURCE_REVIEW,STATUS,3,0,TG10_STEM_BRANCH_L2,1.0
V4PRE_PAIR_023,NEWDEV2_077,PREEXISTING_414_SOURCE_REVIEW,PROJECT,3,0,TG10_STEM_BRANCH_L2,0.0
V4PRE_PAIR_025,NEWDEV2_081,PREEXISTING_414_SOURCE_REVIEW,PROJECT,3,0,TG10_STEM_BRANCH_L2,0.0
V4PRE_PAIR_028,NEWDEV2_090,PREEXISTING_414_SOURCE_REVIEW,COMPETITIVE,3,0,TG10_STEM_BRANCH_L2,0.0
V4PRE_PAIR_036,MLV2_DEV_020,PREEXISTING_414_SOURCE_REVIEW,PROJECT,3,0,TG10_STEM_BRANCH_L2,1.0
V4PRE_PAIR_042,MLV2_DEV_039,PREEXISTING_414_SOURCE_REVIEW,STATUS,3,0,TG10_STEM_BRANCH_L2,1.0
V4PRE_PAIR_047,MLV2_DEV_054,PREEXISTING_414_SOURCE_REVIEW,RECOGNITION,3,0,TG10_STEM_BRANCH_L2,0.0
V4EXP_PAIR_006,MLV2_DEV_068,V4_TARGET_EXPANSION_2026-08-16,COMPETITIVE,3,0,TG10_STEM_BRANCH_L2,0.0
V4EXP_PAIR_007,MLV2_DEV_068,V4_TARGET_EXPANSION_2026-08-16,COMPETITIVE,3,0,TG10_STEM_BRANCH_L2,1.0
V4EXP_PAIR_008,MLV2_DEV_068,V4_TARGET_EXPANSION_2026-08-16,COMPETITIVE,3,0,TG10_STEM_BRANCH_L2,1.0
V4EXP_PAIR_009,MLV2_DEV_068,V4_TARGET_EXPANSION_2026-08-16,COMPETITIVE,3,0,TG10_STEM_BRANCH_L2,0.0
V4EXP_PAIR_010,MLV2_DEV_068,V4_TARGET_EXPANSION_2026-08-16,COMPETITIVE,3,0,TG10_STEM_BRANCH_L2,1.0
V4EXP_PAIR_017,NEWDEV2_060,V4_TARGET_EXPANSION_2026-08-16,COMPETITIVE,3,0,TG10_STEM_BRANCH_L2,0.0
V4EXP_PAIR_030,NEWDEV2_002,V4_TARGET_EXPANSION_2026-08-16,PROJECT,3,0,TG10_STEM_BRANCH_L2,0.0
V4EXP_PAIR_033,NEWDEV2_081,V4_TARGET_EXPANSION_2026-08-16,PROJECT,3,0,TG10_STEM_BRANCH_L2,1.0
V4EXP_PAIR_040,MLV2_DEV_054,V4_TARGET_EXPANSION_2026-08-16,PROJECT,3,0,TG10_STEM_BRANCH_L2,0.0
V4EXP_PAIR_043,MLV2_DEV_001,V4_TARGET_EXPANSION_2026-08-16,PROJECT,3,0,TG10_STEM_BRANCH_L2,1.0
V4PRE_PAIR_006,NEWDEV2_024,PREEXISTING_414_SOURCE_REVIEW,PROJECT,3,0,TG10_SB_STRENGTH_L2,1.0
V4PRE_PAIR_010,NEWDEV2_035,PREEXISTING_414_SOURCE_REVIEW,COMPETITIVE,3,0,TG10_SB_STRENGTH_L2,1.0
V4PRE_PAIR_018,NEWDEV2_067,PREEXISTING_414_SOURCE_REVIEW,STATUS,3,0,TG10_SB_STRENGTH_L2,0.0
V4PRE_PAIR_023,NEWDEV2_077,PREEXISTING_414_SOURCE_REVIEW,PROJECT,3,0,TG10_SB_STRENGTH_L2,0.0
V4PRE_PAIR_025,NEWDEV2_081,PREEXISTING_414_SOURCE_REVIEW,PROJECT,3,0,TG10_SB_STRENGTH_L2,0.0
V4PRE_PAIR_028,NEWDEV2_090,PREEXISTING_414_SOURCE_REVIEW,COMPETITIVE,3,0,TG10_SB_STRENGTH_L2,0.0
V4PRE_PAIR_036,MLV2_DEV_020,PREEXISTING_414_SOURCE_REVIEW,PROJECT,3,0,TG10_SB_STRENGTH_L2,1.0
V4PRE_PAIR_042,MLV2_DEV_039,PREEXISTING_414_SOURCE_REVIEW,STATUS,3,0,TG10_SB_STRENGTH_L2,1.0
V4PRE_PAIR_047,MLV2_DEV_054,PREEXISTING_414_SOURCE_REVIEW,RECOGNITION,3,0,TG10_SB_STRENGTH_L2,0.0
V4EXP_PAIR_006,MLV2_DEV_068,V4_TARGET_EXPANSION_2026-08-16,COMPETITIVE,3,0,TG10_SB_STRENGTH_L2,0.0
V4EXP_PAIR_007,MLV2_DEV_068,V4_TARGET_EXPANSION_2026-08-16,COMPETITIVE,3,0,TG10_SB_STRENGTH_L2,0.0
V4EXP_PAIR_008,MLV2_DEV_068,V4_TARGET_EXPANSION_2026-08-16,COMPETITIVE,3,0,TG10_SB_STRENGTH_L2,1.0
V4EXP_PAIR_009,MLV2_DEV_068,V4_TARGET_EXPANSION_2026-08-16,COMPETITIVE,3,0,TG10_SB_STRENGTH_L2,0.0
V4EXP_PAIR_010,MLV2_DEV_068,V4_TARGET_EXPANSION_2026-08-16,COMPETITIVE,3,0,TG10_SB_STRENGTH_L2,1.0
V4EXP_PAIR_017,NEWDEV2_060,V4_TARGET_EXPANSION_2026-08-16,COMPETITIVE,3,0,TG10_SB_STRENGTH_L2,0.0
V4EXP_PAIR_030,NEWDEV2_002,V4_TARGET_EXPANSION_2026-08-16,PROJECT,3,0,TG10_SB_STRENGTH_L2,0.0
V4EXP_PAIR_033,NEWDEV2_081,V4_TARGET_EXPANSION_2026-08-16,PROJECT,3,0,TG10_SB_STRENGTH_L2,1.0
V4EXP_PAIR_040,MLV2_DEV_054,V4_TARGET_EXPANSION_2026-08-16,PROJECT,3,0,TG10_SB_STRENGTH_L2,1.0
V4EXP_PAIR_043,MLV2_DEV_001,V4_TARGET_EXPANSION_2026-08-16,PROJECT,3,0,TG10_SB_STRENGTH_L2,1.0
V4PRE_PAIR_006,NEWDEV2_024,PREEXISTING_414_SOURCE_REVIEW,PROJECT,3,0,TG10_SB_RELATIONS_L2,1.0
V4PRE_PAIR_010,NEWDEV2_035,PREEXISTING_414_SOURCE_REVIEW,COMPETITIVE,3,0,TG10_SB_RELATIONS_L2,1.0
V4PRE_PAIR_018,NEWDEV2_067,PREEXISTING_414_SOURCE_REVIEW,STATUS,3,0,TG10_SB_RELATIONS_L2,1.0
V4PRE_PAIR_023,NEWDEV2_077,PREEXISTING_414_SOURCE_REVIEW,PROJECT,3,0,TG10_SB_RELATIONS_L2,0.0
V4PRE_PAIR_025,NEWDEV2_081,PREEXISTING_414_SOURCE_REVIEW,PROJECT,3,0,TG10_SB_RELATIONS_L2,0.0
V4PRE_PAIR_028,NEWDEV2_090,PREEXISTING_414_SOURCE_REVIEW,COMPETITIVE,3,0,TG10_SB_RELATIONS_L2,0.0
V4PRE_PAIR_036,MLV2_DEV_020,PREEXISTING_414_SOURCE_REVIEW,PROJECT,3,0,TG10_SB_RELATIONS_L2,1.0
V4PRE_PAIR_042,MLV2_DEV_039,PREEXISTING_414_SOURCE_REVIEW,STATUS,3,0,TG10_SB_RELATIONS_L2,1.0
V4PRE_PAIR_047,MLV2_DEV_054,PREEXISTING_414_SOURCE_REVIEW,RECOGNITION,3,0,TG10_SB_RELATIONS_L2,0.0
V4EXP_PAIR_006,MLV2_DEV_068,V4_TARGET_EXPANSION_2026-08-16,COMPETITIVE,3,0,TG10_SB_RELATIONS_L2,0.0
V4EXP_PAIR_007,MLV2_DEV_068,V4_TARGET_EXPANSION_2026-08-16,COMPETITIVE,3,0,TG10_SB_RELATIONS_L2,1.0
V4EXP_PAIR_008,MLV2_DEV_068,V4_TARGET_EXPANSION_2026-08-16,COMPETITIVE,3,0,TG10_SB_RELATIONS_L2,1.0
V4EXP_PAIR_009,MLV2_DEV_068,V4_TARGET_EXPANSION_2026-08-16,COMPETITIVE,3,0,TG10_SB_RELATIONS_L2,0.0
V4EXP_PAIR_010,MLV2_DEV_068,V4_TARGET_EXPANSION_2026-08-16,COMPETITIVE,3,0,TG10_SB_RELATIONS_L2,1.0
V4EXP_PAIR_017,NEWDEV2_060,V4_TARGET_EXPANSION_2026-08-16,COMPETITIVE,3,0,TG10_SB_RELATIONS_L2,0.0
V4EXP_PAIR_030,NEWDEV2_002,V4_TARGET_EXPANSION_2026-08-16,PROJECT,3,0,TG10_SB_RELATIONS_L2,0.0
V4EXP_PAIR_033,NEWDEV2_081,V4_TARGET_EXPANSION_2026-08-16,PROJECT,3,0,TG10_SB_RELATIONS_L2,1.0
V4EXP_PAIR_040,MLV2_DEV_054,V4_TARGET_EXPANSION_2026-08-16,PROJECT,3,0,TG10_SB_RELATIONS_L2,0.0
V4EXP_PAIR_043,MLV2_DEV_001,V4_TARGET_EXPANSION_2026-08-16,PROJECT,3,0,TG10_SB_RELATIONS_L2,1.0
V4PRE_PAIR_006,NEWDEV2_024,PREEXISTING_414_SOURCE_REVIEW,PROJECT,3,0,ALL_L2,1.0
V4PRE_PAIR_010,NEWDEV2_035,PREEXISTING_414_SOURCE_REVIEW,COMPETITIVE,3,0,ALL_L2,1.0
V4PRE_PAIR_018,NEWDEV2_067,PREEXISTING_414_SOURCE_REVIEW,STATUS,3,0,ALL_L2,0.0
V4PRE_PAIR_023,NEWDEV2_077,PREEXISTING_414_SOURCE_REVIEW,PROJECT,3,0,ALL_L2,1.0
V4PRE_PAIR_025,NEWDEV2_081,PREEXISTING_414_SOURCE_REVIEW,PROJECT,3,0,ALL_L2,0.0
V4PRE_PAIR_028,NEWDEV2_090,PREEXISTING_414_SOURCE_REVIEW,COMPETITIVE,3,0,ALL_L2,0.0
V4PRE_PAIR_036,MLV2_DEV_020,PREEXISTING_414_SOURCE_REVIEW,PROJECT,3,0,ALL_L2,0.0
V4PRE_PAIR_042,MLV2_DEV_039,PREEXISTING_414_SOURCE_REVIEW,STATUS,3,0,ALL_L2,1.0
V4PRE_PAIR_047,MLV2_DEV_054,PREEXISTING_414_SOURCE_REVIEW,RECOGNITION,3,0,ALL_L2,0.0
V4EXP_PAIR_006,MLV2_DEV_068,V4_TARGET_EXPANSION_2026-08-16,COMPETITIVE,3,0,ALL_L2,0.0
V4EXP_PAIR_007,MLV2_DEV_068,V4_TARGET_EXPANSION_2026-08-16,COMPETITIVE,3,0,ALL_L2,1.0
V4EXP_PAIR_008,MLV2_DEV_068,V4_TARGET_EXPANSION_2026-08-16,COMPETITIVE,3,0,ALL_L2,1.0
V4EXP_PAIR_009,MLV2_DEV_068,V4_TARGET_EXPANSION_2026-08-16,COMPETITIVE,3,0,ALL_L2,0.0
V4EXP_PAIR_010,MLV2_DEV_068,V4_TARGET_EXPANSION_2026-08-16,COMPETITIVE,3,0,ALL_L2,0.0
V4EXP_PAIR_017,NEWDEV2_060,V4_TARGET_EXPANSION_2026-08-16,COMPETITIVE,3,0,ALL_L2,0.0
V4EXP_PAIR_030,NEWDEV2_002,V4_TARGET_EXPANSION_2026-08-16,PROJECT,3,0,ALL_L2,0.0
V4EXP_PAIR_033,NEWDEV2_081,V4_TARGET_EXPANSION_2026-08-16,PROJECT,3,0,ALL_L2,1.0
V4EXP_PAIR_040,MLV2_DEV_054,V4_TARGET_EXPANSION_2026-08-16,PROJECT,3,0,ALL_L2,1.0
V4EXP_PAIR_043,MLV2_DEV_001,V4_TARGET_EXPANSION_2026-08-16,PROJECT,3,0,ALL_L2,1.0
V4PRE_PAIR_006,NEWDEV2_024,PREEXISTING_414_SOURCE_REVIEW,PROJECT,3,0,NUISANCE_AGE_AXIS,1.0
V4PRE_PAIR_010,NEWDEV2_035,PREEXISTING_414_SOURCE_REVIEW,COMPETITIVE,3,0,NUISANCE_AGE_AXIS,0.0
V4PRE_PAIR_018,NEWDEV2_067,PREEXISTING_414_SOURCE_REVIEW,STATUS,3,0,NUISANCE_AGE_AXIS,1.0
V4PRE_PAIR_023,NEWDEV2_077,PREEXISTING_414_SOURCE_REVIEW,PROJECT,3,0,NUISANCE_AGE_AXIS,0.0
V4PRE_PAIR_025,NEWDEV2_081,PREEXISTING_414_SOURCE_REVIEW,PROJECT,3,0,NUISANCE_AGE_AXIS,0.0
V4PRE_PAIR_028,NEWDEV2_090,PREEXISTING_414_SOURCE_REVIEW,COMPETITIVE,3,0,NUISANCE_AGE_AXIS,0.0
V4PRE_PAIR_036,MLV2_DEV_020,PREEXISTING_414_SOURCE_REVIEW,PROJECT,3,0,NUISANCE_AGE_AXIS,1.0
V4PRE_PAIR_042,MLV2_DEV_039,PREEXISTING_414_SOURCE_REVIEW,STATUS,3,0,NUISANCE_AGE_AXIS,1.0
V4PRE_PAIR_047,MLV2_DEV_054,PREEXISTING_414_SOURCE_REVIEW,RECOGNITION,3,0,NUISANCE_AGE_AXIS,0.0
V4EXP_PAIR_006,MLV2_DEV_068,V4_TARGET_EXPANSION_2026-08-16,COMPETITIVE,3,0,NUISANCE_AGE_AXIS,1.0
V4EXP_PAIR_007,MLV2_DEV_068,V4_TARGET_EXPANSION_2026-08-16,COMPETITIVE,3,0,NUISANCE_AGE_AXIS,1.0
V4EXP_PAIR_008,MLV2_DEV_068,V4_TARGET_EXPANSION_2026-08-16,COMPETITIVE,3,0,NUISANCE_AGE_AXIS,1.0
V4EXP_PAIR_009,MLV2_DEV_068,V4_TARGET_EXPANSION_2026-08-16,COMPETITIVE,3,0,NUISANCE_AGE_AXIS,1.0
V4EXP_PAIR_010,MLV2_DEV_068,V4_TARGET_EXPANSION_2026-08-16,COMPETITIVE,3,0,NUISANCE_AGE_AXIS,1.0
V4EXP_PAIR_017,NEWDEV2_060,V4_TARGET_EXPANSION_2026-08-16,COMPETITIVE,3,0,NUISANCE_AGE_AXIS,1.0
V4EXP_PAIR_030,NEWDEV2_002,V4_TARGET_EXPANSION_2026-08-16,PROJECT,3,0,NUISANCE_AGE_AXIS,1.0
V4EXP_PAIR_033,NEWDEV2_081,V4_TARGET_EXPANSION_2026-08-16,PROJECT,3,0,NUISANCE_AGE_AXIS,1.0
V4EXP_PAIR_040,MLV2_DEV_054,V4_TARGET_EXPANSION_2026-08-16,PROJECT,3,0,NUISANCE_AGE_AXIS,1.0
V4EXP_PAIR_043,MLV2_DEV_001,V4_TARGET_EXPANSION_2026-08-16,PROJECT,3,0,NUISANCE_AGE_AXIS,1.0
V4PRE_PAIR_006,NEWDEV2_024,PREEXISTING_414_SOURCE_REVIEW,PROJECT,3,0,NUISANCE_WITH_ORIGIN_DIAGNOSTIC,1.0
V4PRE_PAIR_010,NEWDEV2_035,PREEXISTING_414_SOURCE_REVIEW,COMPETITIVE,3,0,NUISANCE_WITH_ORIGIN_DIAGNOSTIC,1.0
V4PRE_PAIR_018,NEWDEV2_067,PREEXISTING_414_SOURCE_REVIEW,STATUS,3,0,NUISANCE_WITH_ORIGIN_DIAGNOSTIC,1.0
V4PRE_PAIR_023,NEWDEV2_077,PREEXISTING_414_SOURCE_REVIEW,PROJECT,3,0,NUISANCE_WITH_ORIGIN_DIAGNOSTIC,1.0
V4PRE_PAIR_025,NEWDEV2_081,PREEXISTING_414_SOURCE_REVIEW,PROJECT,3,0,NUISANCE_WITH_ORIGIN_DIAGNOSTIC,1.0
V4PRE_PAIR_028,NEWDEV2_090,PREEXISTING_414_SOURCE_REVIEW,COMPETITIVE,3,0,NUISANCE_WITH_ORIGIN_DIAGNOSTIC,1.0
V4PRE_PAIR_036,MLV2_DEV_020,PREEXISTING_414_SOURCE_REVIEW,PROJECT,3,0,NUISANCE_WITH_ORIGIN_DIAGNOSTIC,1.0
V4PRE_PAIR_042,MLV2_DEV_039,PREEXISTING_414_SOURCE_REVIEW,STATUS,3,0,NUISANCE_WITH_ORIGIN_DIAGNOSTIC,1.0
V4PRE_PAIR_047,MLV2_DEV_054,PREEXISTING_414_SOURCE_REVIEW,RECOGNITION,3,0,NUISANCE_WITH_ORIGIN_DIAGNOSTIC,1.0
V4EXP_PAIR_006,MLV2_DEV_068,V4_TARGET_EXPANSION_2026-08-16,COMPETITIVE,3,0,NUISANCE_WITH_ORIGIN_DIAGNOSTIC,1.0
V4EXP_PAIR_007,MLV2_DEV_068,V4_TARGET_EXPANSION_2026-08-16,COMPETITIVE,3,0,NUISANCE_WITH_ORIGIN_DIAGNOSTIC,1.0
V4EXP_PAIR_008,MLV2_DEV_068,V4_TARGET_EXPANSION_2026-08-16,COMPETITIVE,3,0,NUISANCE_WITH_ORIGIN_DIAGNOSTIC,1.0
V4EXP_PAIR_009,MLV2_DEV_068,V4_TARGET_EXPANSION_2026-08-16,COMPETITIVE,3,0,NUISANCE_WITH_ORIGIN_DIAGNOSTIC,1.0
V4EXP_PAIR_010,MLV2_DEV_068,V4_TARGET_EXPANSION_2026-08-16,COMPETITIVE,3,0,NUISANCE_WITH_ORIGIN_DIAGNOSTIC,1.0
V4EXP_PAIR_017,NEWDEV2_060,V4_TARGET_EXPANSION_2026-08-16,COMPETITIVE,3,0,NUISANCE_WITH_ORIGIN_DIAGNOSTIC,1.0
V4EXP_PAIR_030,NEWDEV2_002,V4_TARGET_EXPANSION_2026-08-16,PROJECT,3,0,NUISANCE_WITH_ORIGIN_DIAGNOSTIC,1.0
V4EXP_PAIR_033,NEWDEV2_081,V4_TARGET_EXPANSION_2026-08-16,PROJECT,3,0,NUISANCE_WITH_ORIGIN_DIAGNOSTIC,1.0
V4EXP_PAIR_040,MLV2_DEV_054,V4_TARGET_EXPANSION_2026-08-16,PROJECT,3,0,NUISANCE_WITH_ORIGIN_DIAGNOSTIC,1.0
V4EXP_PAIR_043,MLV2_DEV_001,V4_TARGET_EXPANSION_2026-08-16,PROJECT,3,0,NUISANCE_WITH_ORIGIN_DIAGNOSTIC,1.0
V4PRE_PAIR_006,NEWDEV2_024,PREEXISTING_414_SOURCE_REVIEW,PROJECT,3,0,ALL_ELASTICNET_AUTO,1.0
V4PRE_PAIR_010,NEWDEV2_035,PREEXISTING_414_SOURCE_REVIEW,COMPETITIVE,3,0,ALL_ELASTICNET_AUTO,1.0
V4PRE_PAIR_018,NEWDEV2_067,PREEXISTING_414_SOURCE_REVIEW,STATUS,3,0,ALL_ELASTICNET_AUTO,0.0
V4PRE_PAIR_023,NEWDEV2_077,PREEXISTING_414_SOURCE_REVIEW,PROJECT,3,0,ALL_ELASTICNET_AUTO,0.0
V4PRE_PAIR_025,NEWDEV2_081,PREEXISTING_414_SOURCE_REVIEW,PROJECT,3,0,ALL_ELASTICNET_AUTO,0.0
V4PRE_PAIR_028,NEWDEV2_090,PREEXISTING_414_SOURCE_REVIEW,COMPETITIVE,3,0,ALL_ELASTICNET_AUTO,0.0
V4PRE_PAIR_036,MLV2_DEV_020,PREEXISTING_414_SOURCE_REVIEW,PROJECT,3,0,ALL_ELASTICNET_AUTO,0.0
V4PRE_PAIR_042,MLV2_DEV_039,PREEXISTING_414_SOURCE_REVIEW,STATUS,3,0,ALL_ELASTICNET_AUTO,1.0
V4PRE_PAIR_047,MLV2_DEV_054,PREEXISTING_414_SOURCE_REVIEW,RECOGNITION,3,0,ALL_ELASTICNET_AUTO,0.0
V4EXP_PAIR_006,MLV2_DEV_068,V4_TARGET_EXPANSION_2026-08-16,COMPETITIVE,3,0,ALL_ELASTICNET_AUTO,0.0
V4EXP_PAIR_007,MLV2_DEV_068,V4_TARGET_EXPANSION_2026-08-16,COMPETITIVE,3,0,ALL_ELASTICNET_AUTO,1.0
V4EXP_PAIR_008,MLV2_DEV_068,V4_TARGET_EXPANSION_2026-08-16,COMPETITIVE,3,0,ALL_ELASTICNET_AUTO,0.0
V4EXP_PAIR_009,MLV2_DEV_068,V4_TARGET_EXPANSION_2026-08-16,COMPETITIVE,3,0,ALL_ELASTICNET_AUTO,1.0
V4EXP_PAIR_010,MLV2_DEV_068,V4_TARGET_EXPANSION_2026-08-16,COMPETITIVE,3,0,ALL_ELASTICNET_AUTO,1.0
V4EXP_PAIR_017,NEWDEV2_060,V4_TARGET_EXPANSION_2026-08-16,COMPETITIVE,3,0,ALL_ELASTICNET_AUTO,1.0
V4EXP_PAIR_030,NEWDEV2_002,V4_TARGET_EXPANSION_2026-08-16,PROJECT,3,0,ALL_ELASTICNET_AUTO,0.0
V4EXP_PAIR_033,NEWDEV2_081,V4_TARGET_EXPANSION_2026-08-16,PROJECT,3,0,ALL_ELASTICNET_AUTO,1.0
V4EXP_PAIR_040,MLV2_DEV_054,V4_TARGET_EXPANSION_2026-08-16,PROJECT,3,0,ALL_ELASTICNET_AUTO,1.0
V4EXP_PAIR_043,MLV2_DEV_001,V4_TARGET_EXPANSION_2026-08-16,PROJECT,3,0,ALL_ELASTICNET_AUTO,1.0
V4PRE_PAIR_006,NEWDEV2_024,PREEXISTING_414_SOURCE_REVIEW,PROJECT,3,0,HGB_ALL_EXPLORATORY,1.0
V4PRE_PAIR_010,NEWDEV2_035,PREEXISTING_414_SOURCE_REVIEW,COMPETITIVE,3,0,HGB_ALL_EXPLORATORY,1.0
V4PRE_PAIR_018,NEWDEV2_067,PREEXISTING_414_SOURCE_REVIEW,STATUS,3,0,HGB_ALL_EXPLORATORY,0.0
V4PRE_PAIR_023,NEWDEV2_077,PREEXISTING_414_SOURCE_REVIEW,PROJECT,3,0,HGB_ALL_EXPLORATORY,1.0
V4PRE_PAIR_025,NEWDEV2_081,PREEXISTING_414_SOURCE_REVIEW,PROJECT,3,0,HGB_ALL_EXPLORATORY,0.0
V4PRE_PAIR_028,NEWDEV2_090,PREEXISTING_414_SOURCE_REVIEW,COMPETITIVE,3,0,HGB_ALL_EXPLORATORY,0.0
V4PRE_PAIR_036,MLV2_DEV_020,PREEXISTING_414_SOURCE_REVIEW,PROJECT,3,0,HGB_ALL_EXPLORATORY,0.0
V4PRE_PAIR_042,MLV2_DEV_039,PREEXISTING_414_SOURCE_REVIEW,STATUS,3,0,HGB_ALL_EXPLORATORY,1.0
V4PRE_PAIR_047,MLV2_DEV_054,PREEXISTING_414_SOURCE_REVIEW,RECOGNITION,3,0,HGB_ALL_EXPLORATORY,0.0
V4EXP_PAIR_006,MLV2_DEV_068,V4_TARGET_EXPANSION_2026-08-16,COMPETITIVE,3,0,HGB_ALL_EXPLORATORY,1.0
V4EXP_PAIR_007,MLV2_DEV_068,V4_TARGET_EXPANSION_2026-08-16,COMPETITIVE,3,0,HGB_ALL_EXPLORATORY,1.0
V4EXP_PAIR_008,MLV2_DEV_068,V4_TARGET_EXPANSION_2026-08-16,COMPETITIVE,3,0,HGB_ALL_EXPLORATORY,0.0
V4EXP_PAIR_009,MLV2_DEV_068,V4_TARGET_EXPANSION_2026-08-16,COMPETITIVE,3,0,HGB_ALL_EXPLORATORY,1.0
V4EXP_PAIR_010,MLV2_DEV_068,V4_TARGET_EXPANSION_2026-08-16,COMPETITIVE,3,0,HGB_ALL_EXPLORATORY,1.0
V4EXP_PAIR_017,NEWDEV2_060,V4_TARGET_EXPANSION_2026-08-16,COMPETITIVE,3,0,HGB_ALL_EXPLORATORY,1.0
V4EXP_PAIR_030,NEWDEV2_002,V4_TARGET_EXPANSION_2026-08-16,PROJECT,3,0,HGB_ALL_EXPLORATORY,0.0
V4EXP_PAIR_033,NEWDEV2_081,V4_TARGET_EXPANSION_2026-08-16,PROJECT,3,0,HGB_ALL_EXPLORATORY,1.0
V4EXP_PAIR_040,MLV2_DEV_054,V4_TARGET_EXPANSION_2026-08-16,PROJECT,3,0,HGB_ALL_EXPLORATORY,1.0
V4EXP_PAIR_043,MLV2_DEV_001,V4_TARGET_EXPANSION_2026-08-16,PROJECT,3,0,HGB_ALL_EXPLORATORY,1.0
V4PRE_PAIR_003,NEWDEV2_013,PREEXISTING_414_SOURCE_REVIEW,COMPETITIVE,3,1,AGE_YOUNGER_FIXED,1.0
V4PRE_PAIR_012,NEWDEV2_041,PREEXISTING_414_SOURCE_REVIEW,STATUS,3,1,AGE_YOUNGER_FIXED,1.0
V4PRE_PAIR_013,NEWDEV2_043,PREEXISTING_414_SOURCE_REVIEW,COMPETITIVE,3,1,AGE_YOUNGER_FIXED,0.0
V4PRE_PAIR_014,NEWDEV2_053,PREEXISTING_414_SOURCE_REVIEW,COMPETITIVE,3,1,AGE_YOUNGER_FIXED,0.0
V4PRE_PAIR_015,NEWDEV2_056,PREEXISTING_414_SOURCE_REVIEW,COMPETITIVE,3,1,AGE_YOUNGER_FIXED,1.0
V4PRE_PAIR_021,NEWDEV2_074,PREEXISTING_414_SOURCE_REVIEW,PROJECT,3,1,AGE_YOUNGER_FIXED,1.0
V4PRE_PAIR_032,MLV2_DEV_005,PREEXISTING_414_SOURCE_REVIEW,PROJECT,3,1,AGE_YOUNGER_FIXED,1.0
V4PRE_PAIR_035,MLV2_DEV_008,PREEXISTING_414_SOURCE_REVIEW,PROJECT,3,1,AGE_YOUNGER_FIXED,1.0
V4PRE_PAIR_039,MLV2_DEV_027,PREEXISTING_414_SOURCE_REVIEW,PROJECT,3,1,AGE_YOUNGER_FIXED,1.0
V4PRE_PAIR_043,MLV2_DEV_041,PREEXISTING_414_SOURCE_REVIEW,PROJECT,3,1,AGE_YOUNGER_FIXED,1.0
V4EXP_PAIR_004,NEWDEV2_042,V4_TARGET_EXPANSION_2026-08-16,COMPETITIVE,3,1,AGE_YOUNGER_FIXED,0.0
V4EXP_PAIR_005,NEWDEV2_042,V4_TARGET_EXPANSION_2026-08-16,COMPETITIVE,3,1,AGE_YOUNGER_FIXED,0.0
V4EXP_PAIR_014,NEWDEV2_056,V4_TARGET_EXPANSION_2026-08-16,COMPETITIVE,3,1,AGE_YOUNGER_FIXED,0.0
V4EXP_PAIR_015,NEWDEV2_056,V4_TARGET_EXPANSION_2026-08-16,COMPETITIVE,3,1,AGE_YOUNGER_FIXED,0.0
V4EXP_PAIR_016,NEWDEV2_056,V4_TARGET_EXPANSION_2026-08-16,COMPETITIVE,3,1,AGE_YOUNGER_FIXED,0.0
V4EXP_PAIR_026,MLV2_DEV_005,V4_TARGET_EXPANSION_2026-08-16,PROJECT,3,1,AGE_YOUNGER_FIXED,0.0
V4EXP_PAIR_028,MLV2_DEV_027,V4_TARGET_EXPANSION_2026-08-16,PROJECT,3,1,AGE_YOUNGER_FIXED,0.0
V4EXP_PAIR_032,MLV2_DEV_040,V4_TARGET_EXPANSION_2026-08-16,PROJECT,3,1,AGE_YOUNGER_FIXED,0.0
V4EXP_PAIR_035,MLV2_DEV_036,V4_TARGET_EXPANSION_2026-08-16,PROJECT,3,1,AGE_YOUNGER_FIXED,0.0
V4EXP_PAIR_047,NEWDEV2_041,V4_TARGET_EXPANSION_2026-08-16,STATUS,3,1,AGE_YOUNGER_FIXED,0.0
V4PRE_PAIR_003,NEWDEV2_013,PREEXISTING_414_SOURCE_REVIEW,COMPETITIVE,3,1,AGE_LATER_FIXED,0.0
V4PRE_PAIR_012,NEWDEV2_041,PREEXISTING_414_SOURCE_REVIEW,STATUS,3,1,AGE_LATER_FIXED,0.0
V4PRE_PAIR_013,NEWDEV2_043,PREEXISTING_414_SOURCE_REVIEW,COMPETITIVE,3,1,AGE_LATER_FIXED,1.0
V4PRE_PAIR_014,NEWDEV2_053,PREEXISTING_414_SOURCE_REVIEW,COMPETITIVE,3,1,AGE_LATER_FIXED,1.0
V4PRE_PAIR_015,NEWDEV2_056,PREEXISTING_414_SOURCE_REVIEW,COMPETITIVE,3,1,AGE_LATER_FIXED,0.0
V4PRE_PAIR_021,NEWDEV2_074,PREEXISTING_414_SOURCE_REVIEW,PROJECT,3,1,AGE_LATER_FIXED,0.0
V4PRE_PAIR_032,MLV2_DEV_005,PREEXISTING_414_SOURCE_REVIEW,PROJECT,3,1,AGE_LATER_FIXED,0.0
V4PRE_PAIR_035,MLV2_DEV_008,PREEXISTING_414_SOURCE_REVIEW,PROJECT,3,1,AGE_LATER_FIXED,0.0
V4PRE_PAIR_039,MLV2_DEV_027,PREEXISTING_414_SOURCE_REVIEW,PROJECT,3,1,AGE_LATER_FIXED,0.0
V4PRE_PAIR_043,MLV2_DEV_041,PREEXISTING_414_SOURCE_REVIEW,PROJECT,3,1,AGE_LATER_FIXED,0.0
V4EXP_PAIR_004,NEWDEV2_042,V4_TARGET_EXPANSION_2026-08-16,COMPETITIVE,3,1,AGE_LATER_FIXED,1.0
V4EXP_PAIR_005,NEWDEV2_042,V4_TARGET_EXPANSION_2026-08-16,COMPETITIVE,3,1,AGE_LATER_FIXED,1.0
V4EXP_PAIR_014,NEWDEV2_056,V4_TARGET_EXPANSION_2026-08-16,COMPETITIVE,3,1,AGE_LATER_FIXED,1.0
V4EXP_PAIR_015,NEWDEV2_056,V4_TARGET_EXPANSION_2026-08-16,COMPETITIVE,3,1,AGE_LATER_FIXED,1.0
V4EXP_PAIR_016,NEWDEV2_056,V4_TARGET_EXPANSION_2026-08-16,COMPETITIVE,3,1,AGE_LATER_FIXED,1.0
V4EXP_PAIR_026,MLV2_DEV_005,V4_TARGET_EXPANSION_2026-08-16,PROJECT,3,1,AGE_LATER_FIXED,1.0
V4EXP_PAIR_028,MLV2_DEV_027,V4_TARGET_EXPANSION_2026-08-16,PROJECT,3,1,AGE_LATER_FIXED,1.0
V4EXP_PAIR_032,MLV2_DEV_040,V4_TARGET_EXPANSION_2026-08-16,PROJECT,3,1,AGE_LATER_FIXED,1.0
V4EXP_PAIR_035,MLV2_DEV_036,V4_TARGET_EXPANSION_2026-08-16,PROJECT,3,1,AGE_LATER_FIXED,1.0
V4EXP_PAIR_047,NEWDEV2_041,V4_TARGET_EXPANSION_2026-08-16,STATUS,3,1,AGE_LATER_FIXED,1.0
V4PRE_PAIR_003,NEWDEV2_013,PREEXISTING_414_SOURCE_REVIEW,COMPETITIVE,3,1,CONTROL_FIXED,0.0
V4PRE_PAIR_012,NEWDEV2_041,PREEXISTING_414_SOURCE_REVIEW,STATUS,3,1,CONTROL_FIXED,1.0
V4PRE_PAIR_013,NEWDEV2_043,PREEXISTING_414_SOURCE_REVIEW,COMPETITIVE,3,1,CONTROL_FIXED,1.0
V4PRE_PAIR_014,NEWDEV2_053,PREEXISTING_414_SOURCE_REVIEW,COMPETITIVE,3,1,CONTROL_FIXED,0.0
V4PRE_PAIR_015,NEWDEV2_056,PREEXISTING_414_SOURCE_REVIEW,COMPETITIVE,3,1,CONTROL_FIXED,0.0
V4PRE_PAIR_021,NEWDEV2_074,PREEXISTING_414_SOURCE_REVIEW,PROJECT,3,1,CONTROL_FIXED,0.0
V4PRE_PAIR_032,MLV2_DEV_005,PREEXISTING_414_SOURCE_REVIEW,PROJECT,3,1,CONTROL_FIXED,1.0
V4PRE_PAIR_035,MLV2_DEV_008,PREEXISTING_414_SOURCE_REVIEW,PROJECT,3,1,CONTROL_FIXED,0.0
V4PRE_PAIR_039,MLV2_DEV_027,PREEXISTING_414_SOURCE_REVIEW,PROJECT,3,1,CONTROL_FIXED,1.0
V4PRE_PAIR_043,MLV2_DEV_041,PREEXISTING_414_SOURCE_REVIEW,PROJECT,3,1,CONTROL_FIXED,1.0
V4EXP_PAIR_004,NEWDEV2_042,V4_TARGET_EXPANSION_2026-08-16,COMPETITIVE,3,1,CONTROL_FIXED,1.0
V4EXP_PAIR_005,NEWDEV2_042,V4_TARGET_EXPANSION_2026-08-16,COMPETITIVE,3,1,CONTROL_FIXED,1.0
V4EXP_PAIR_014,NEWDEV2_056,V4_TARGET_EXPANSION_2026-08-16,COMPETITIVE,3,1,CONTROL_FIXED,0.0
V4EXP_PAIR_015,NEWDEV2_056,V4_TARGET_EXPANSION_2026-08-16,COMPETITIVE,3,1,CONTROL_FIXED,0.0
V4EXP_PAIR_016,NEWDEV2_056,V4_TARGET_EXPANSION_2026-08-16,COMPETITIVE,3,1,CONTROL_FIXED,0.0
V4EXP_PAIR_026,MLV2_DEV_005,V4_TARGET_EXPANSION_2026-08-16,PROJECT,3,1,CONTROL_FIXED,1.0
V4EXP_PAIR_028,MLV2_DEV_027,V4_TARGET_EXPANSION_2026-08-16,PROJECT,3,1,CONTROL_FIXED,1.0
V4EXP_PAIR_032,MLV2_DEV_040,V4_TARGET_EXPANSION_2026-08-16,PROJECT,3,1,CONTROL_FIXED,0.0
V4EXP_PAIR_035,MLV2_DEV_036,V4_TARGET_EXPANSION_2026-08-16,PROJECT,3,1,CONTROL_FIXED,1.0
V4EXP_PAIR_047,NEWDEV2_041,V4_TARGET_EXPANSION_2026-08-16,STATUS,3,1,CONTROL_FIXED,0.0
V4PRE_PAIR_003,NEWDEV2_013,PREEXISTING_414_SOURCE_REVIEW,COMPETITIVE,3,1,TG5_GROUP_L2,1.0
V4PRE_PAIR_012,NEWDEV2_041,PREEXISTING_414_SOURCE_REVIEW,STATUS,3,1,TG5_GROUP_L2,0.0
V4PRE_PAIR_013,NEWDEV2_043,PREEXISTING_414_SOURCE_REVIEW,COMPETITIVE,3,1,TG5_GROUP_L2,0.0
V4PRE_PAIR_014,NEWDEV2_053,PREEXISTING_414_SOURCE_REVIEW,COMPETITIVE,3,1,TG5_GROUP_L2,0.0
V4PRE_PAIR_015,NEWDEV2_056,PREEXISTING_414_SOURCE_REVIEW,COMPETITIVE,3,1,TG5_GROUP_L2,0.0
V4PRE_PAIR_021,NEWDEV2_074,PREEXISTING_414_SOURCE_REVIEW,PROJECT,3,1,TG5_GROUP_L2,0.0
V4PRE_PAIR_032,MLV2_DEV_005,PREEXISTING_414_SOURCE_REVIEW,PROJECT,3,1,TG5_GROUP_L2,0.0
V4PRE_PAIR_035,MLV2_DEV_008,PREEXISTING_414_SOURCE_REVIEW,PROJECT,3,1,TG5_GROUP_L2,0.0
V4PRE_PAIR_039,MLV2_DEV_027,PREEXISTING_414_SOURCE_REVIEW,PROJECT,3,1,TG5_GROUP_L2,1.0
V4PRE_PAIR_043,MLV2_DEV_041,PREEXISTING_414_SOURCE_REVIEW,PROJECT,3,1,TG5_GROUP_L2,0.0
V4EXP_PAIR_004,NEWDEV2_042,V4_TARGET_EXPANSION_2026-08-16,COMPETITIVE,3,1,TG5_GROUP_L2,0.0
V4EXP_PAIR_005,NEWDEV2_042,V4_TARGET_EXPANSION_2026-08-16,COMPETITIVE,3,1,TG5_GROUP_L2,0.0
V4EXP_PAIR_014,NEWDEV2_056,V4_TARGET_EXPANSION_2026-08-16,COMPETITIVE,3,1,TG5_GROUP_L2,0.5
V4EXP_PAIR_015,NEWDEV2_056,V4_TARGET_EXPANSION_2026-08-16,COMPETITIVE,3,1,TG5_GROUP_L2,0.0
V4EXP_PAIR_016,NEWDEV2_056,V4_TARGET_EXPANSION_2026-08-16,COMPETITIVE,3,1,TG5_GROUP_L2,0.0
V4EXP_PAIR_026,MLV2_DEV_005,V4_TARGET_EXPANSION_2026-08-16,PROJECT,3,1,TG5_GROUP_L2,0.5
V4EXP_PAIR_028,MLV2_DEV_027,V4_TARGET_EXPANSION_2026-08-16,PROJECT,3,1,TG5_GROUP_L2,1.0
V4EXP_PAIR_032,MLV2_DEV_040,V4_TARGET_EXPANSION_2026-08-16,PROJECT,3,1,TG5_GROUP_L2,1.0
V4EXP_PAIR_035,MLV2_DEV_036,V4_TARGET_EXPANSION_2026-08-16,PROJECT,3,1,TG5_GROUP_L2,0.0
V4EXP_PAIR_047,NEWDEV2_041,V4_TARGET_EXPANSION_2026-08-16,STATUS,3,1,TG5_GROUP_L2,0.0
V4PRE_PAIR_003,NEWDEV2_013,PREEXISTING_414_SOURCE_REVIEW,COMPETITIVE,3,1,TG10_STEM_L2,1.0
V4PRE_PAIR_012,NEWDEV2_041,PREEXISTING_414_SOURCE_REVIEW,STATUS,3,1,TG10_STEM_L2,0.0
V4PRE_PAIR_013,NEWDEV2_043,PREEXISTING_414_SOURCE_REVIEW,COMPETITIVE,3,1,TG10_STEM_L2,1.0
V4PRE_PAIR_014,NEWDEV2_053,PREEXISTING_414_SOURCE_REVIEW,COMPETITIVE,3,1,TG10_STEM_L2,1.0
V4PRE_PAIR_015,NEWDEV2_056,PREEXISTING_414_SOURCE_REVIEW,COMPETITIVE,3,1,TG10_STEM_L2,0.0
V4PRE_PAIR_021,NEWDEV2_074,PREEXISTING_414_SOURCE_REVIEW,PROJECT,3,1,TG10_STEM_L2,0.0
V4PRE_PAIR_032,MLV2_DEV_005,PREEXISTING_414_SOURCE_REVIEW,PROJECT,3,1,TG10_STEM_L2,0.0
V4PRE_PAIR_035,MLV2_DEV_008,PREEXISTING_414_SOURCE_REVIEW,PROJECT,3,1,TG10_STEM_L2,0.0
V4PRE_PAIR_039,MLV2_DEV_027,PREEXISTING_414_SOURCE_REVIEW,PROJECT,3,1,TG10_STEM_L2,1.0
V4PRE_PAIR_043,MLV2_DEV_041,PREEXISTING_414_SOURCE_REVIEW,PROJECT,3,1,TG10_STEM_L2,0.0
V4EXP_PAIR_004,NEWDEV2_042,V4_TARGET_EXPANSION_2026-08-16,COMPETITIVE,3,1,TG10_STEM_L2,0.0
V4EXP_PAIR_005,NEWDEV2_042,V4_TARGET_EXPANSION_2026-08-16,COMPETITIVE,3,1,TG10_STEM_L2,0.0
V4EXP_PAIR_014,NEWDEV2_056,V4_TARGET_EXPANSION_2026-08-16,COMPETITIVE,3,1,TG10_STEM_L2,1.0
V4EXP_PAIR_015,NEWDEV2_056,V4_TARGET_EXPANSION_2026-08-16,COMPETITIVE,3,1,TG10_STEM_L2,0.0
V4EXP_PAIR_016,NEWDEV2_056,V4_TARGET_EXPANSION_2026-08-16,COMPETITIVE,3,1,TG10_STEM_L2,1.0
V4EXP_PAIR_026,MLV2_DEV_005,V4_TARGET_EXPANSION_2026-08-16,PROJECT,3,1,TG10_STEM_L2,1.0
V4EXP_PAIR_028,MLV2_DEV_027,V4_TARGET_EXPANSION_2026-08-16,PROJECT,3,1,TG10_STEM_L2,1.0
V4EXP_PAIR_032,MLV2_DEV_040,V4_TARGET_EXPANSION_2026-08-16,PROJECT,3,1,TG10_STEM_L2,0.0
V4EXP_PAIR_035,MLV2_DEV_036,V4_TARGET_EXPANSION_2026-08-16,PROJECT,3,1,TG10_STEM_L2,0.0
V4EXP_PAIR_047,NEWDEV2_041,V4_TARGET_EXPANSION_2026-08-16,STATUS,3,1,TG10_STEM_L2,0.0
V4PRE_PAIR_003,NEWDEV2_013,PREEXISTING_414_SOURCE_REVIEW,COMPETITIVE,3,1,TG10_STEM_BRANCH_L2,0.0
V4PRE_PAIR_012,NEWDEV2_041,PREEXISTING_414_SOURCE_REVIEW,STATUS,3,1,TG10_STEM_BRANCH_L2,0.0
V4PRE_PAIR_013,NEWDEV2_043,PREEXISTING_414_SOURCE_REVIEW,COMPETITIVE,3,1,TG10_STEM_BRANCH_L2,1.0
V4PRE_PAIR_014,NEWDEV2_053,PREEXISTING_414_SOURCE_REVIEW,COMPETITIVE,3,1,TG10_STEM_BRANCH_L2,1.0
V4PRE_PAIR_015,NEWDEV2_056,PREEXISTING_414_SOURCE_REVIEW,COMPETITIVE,3,1,TG10_STEM_BRANCH_L2,0.0
V4PRE_PAIR_021,NEWDEV2_074,PREEXISTING_414_SOURCE_REVIEW,PROJECT,3,1,TG10_STEM_BRANCH_L2,0.0
V4PRE_PAIR_032,MLV2_DEV_005,PREEXISTING_414_SOURCE_REVIEW,PROJECT,3,1,TG10_STEM_BRANCH_L2,0.0
V4PRE_PAIR_035,MLV2_DEV_008,PREEXISTING_414_SOURCE_REVIEW,PROJECT,3,1,TG10_STEM_BRANCH_L2,0.0
V4PRE_PAIR_039,MLV2_DEV_027,PREEXISTING_414_SOURCE_REVIEW,PROJECT,3,1,TG10_STEM_BRANCH_L2,1.0
V4PRE_PAIR_043,MLV2_DEV_041,PREEXISTING_414_SOURCE_REVIEW,PROJECT,3,1,TG10_STEM_BRANCH_L2,0.0
V4EXP_PAIR_004,NEWDEV2_042,V4_TARGET_EXPANSION_2026-08-16,COMPETITIVE,3,1,TG10_STEM_BRANCH_L2,0.0
V4EXP_PAIR_005,NEWDEV2_042,V4_TARGET_EXPANSION_2026-08-16,COMPETITIVE,3,1,TG10_STEM_BRANCH_L2,0.0
V4EXP_PAIR_014,NEWDEV2_056,V4_TARGET_EXPANSION_2026-08-16,COMPETITIVE,3,1,TG10_STEM_BRANCH_L2,0.0
V4EXP_PAIR_015,NEWDEV2_056,V4_TARGET_EXPANSION_2026-08-16,COMPETITIVE,3,1,TG10_STEM_BRANCH_L2,0.0
V4EXP_PAIR_016,NEWDEV2_056,V4_TARGET_EXPANSION_2026-08-16,COMPETITIVE,3,1,TG10_STEM_BRANCH_L2,1.0
V4EXP_PAIR_026,MLV2_DEV_005,V4_TARGET_EXPANSION_2026-08-16,PROJECT,3,1,TG10_STEM_BRANCH_L2,1.0
V4EXP_PAIR_028,MLV2_DEV_027,V4_TARGET_EXPANSION_2026-08-16,PROJECT,3,1,TG10_STEM_BRANCH_L2,1.0
V4EXP_PAIR_032,MLV2_DEV_040,V4_TARGET_EXPANSION_2026-08-16,PROJECT,3,1,TG10_STEM_BRANCH_L2,0.0
V4EXP_PAIR_035,MLV2_DEV_036,V4_TARGET_EXPANSION_2026-08-16,PROJECT,3,1,TG10_STEM_BRANCH_L2,0.0
V4EXP_PAIR_047,NEWDEV2_041,V4_TARGET_EXPANSION_2026-08-16,STATUS,3,1,TG10_STEM_BRANCH_L2,0.0
V4PRE_PAIR_003,NEWDEV2_013,PREEXISTING_414_SOURCE_REVIEW,COMPETITIVE,3,1,TG10_SB_STRENGTH_L2,0.0
V4PRE_PAIR_012,NEWDEV2_041,PREEXISTING_414_SOURCE_REVIEW,STATUS,3,1,TG10_SB_STRENGTH_L2,0.0
V4PRE_PAIR_013,NEWDEV2_043,PREEXISTING_414_SOURCE_REVIEW,COMPETITIVE,3,1,TG10_SB_STRENGTH_L2,1.0
V4PRE_PAIR_014,NEWDEV2_053,PREEXISTING_414_SOURCE_REVIEW,COMPETITIVE,3,1,TG10_SB_STRENGTH_L2,1.0
V4PRE_PAIR_015,NEWDEV2_056,PREEXISTING_414_SOURCE_REVIEW,COMPETITIVE,3,1,TG10_SB_STRENGTH_L2,0.0
V4PRE_PAIR_021,NEWDEV2_074,PREEXISTING_414_SOURCE_REVIEW,PROJECT,3,1,TG10_SB_STRENGTH_L2,0.0
V4PRE_PAIR_032,MLV2_DEV_005,PREEXISTING_414_SOURCE_REVIEW,PROJECT,3,1,TG10_SB_STRENGTH_L2,0.0
V4PRE_PAIR_035,MLV2_DEV_008,PREEXISTING_414_SOURCE_REVIEW,PROJECT,3,1,TG10_SB_STRENGTH_L2,0.0
V4PRE_PAIR_039,MLV2_DEV_027,PREEXISTING_414_SOURCE_REVIEW,PROJECT,3,1,TG10_SB_STRENGTH_L2,1.0
V4PRE_PAIR_043,MLV2_DEV_041,PREEXISTING_414_SOURCE_REVIEW,PROJECT,3,1,TG10_SB_STRENGTH_L2,0.0
V4EXP_PAIR_004,NEWDEV2_042,V4_TARGET_EXPANSION_2026-08-16,COMPETITIVE,3,1,TG10_SB_STRENGTH_L2,1.0
V4EXP_PAIR_005,NEWDEV2_042,V4_TARGET_EXPANSION_2026-08-16,COMPETITIVE,3,1,TG10_SB_STRENGTH_L2,0.0
V4EXP_PAIR_014,NEWDEV2_056,V4_TARGET_EXPANSION_2026-08-16,COMPETITIVE,3,1,TG10_SB_STRENGTH_L2,0.0
V4EXP_PAIR_015,NEWDEV2_056,V4_TARGET_EXPANSION_2026-08-16,COMPETITIVE,3,1,TG10_SB_STRENGTH_L2,0.0
V4EXP_PAIR_016,NEWDEV2_056,V4_TARGET_EXPANSION_2026-08-16,COMPETITIVE,3,1,TG10_SB_STRENGTH_L2,1.0
V4EXP_PAIR_026,MLV2_DEV_005,V4_TARGET_EXPANSION_2026-08-16,PROJECT,3,1,TG10_SB_STRENGTH_L2,1.0
V4EXP_PAIR_028,MLV2_DEV_027,V4_TARGET_EXPANSION_2026-08-16,PROJECT,3,1,TG10_SB_STRENGTH_L2,1.0
V4EXP_PAIR_032,MLV2_DEV_040,V4_TARGET_EXPANSION_2026-08-16,PROJECT,3,1,TG10_SB_STRENGTH_L2,0.0
V4EXP_PAIR_035,MLV2_DEV_036,V4_TARGET_EXPANSION_2026-08-16,PROJECT,3,1,TG10_SB_STRENGTH_L2,0.0
V4EXP_PAIR_047,NEWDEV2_041,V4_TARGET_EXPANSION_2026-08-16,STATUS,3,1,TG10_SB_STRENGTH_L2,0.0
V4PRE_PAIR_003,NEWDEV2_013,PREEXISTING_414_SOURCE_REVIEW,COMPETITIVE,3,1,TG10_SB_RELATIONS_L2,0.0
V4PRE_PAIR_012,NEWDEV2_041,PREEXISTING_414_SOURCE_REVIEW,STATUS,3,1,TG10_SB_RELATIONS_L2,0.0
V4PRE_PAIR_013,NEWDEV2_043,PREEXISTING_414_SOURCE_REVIEW,COMPETITIVE,3,1,TG10_SB_RELATIONS_L2,1.0
V4PRE_PAIR_014,NEWDEV2_053,PREEXISTING_414_SOURCE_REVIEW,COMPETITIVE,3,1,TG10_SB_RELATIONS_L2,0.0
V4PRE_PAIR_015,NEWDEV2_056,PREEXISTING_414_SOURCE_REVIEW,COMPETITIVE,3,1,TG10_SB_RELATIONS_L2,0.0
V4PRE_PAIR_021,NEWDEV2_074,PREEXISTING_414_SOURCE_REVIEW,PROJECT,3,1,TG10_SB_RELATIONS_L2,0.0
V4PRE_PAIR_032,MLV2_DEV_005,PREEXISTING_414_SOURCE_REVIEW,PROJECT,3,1,TG10_SB_RELATIONS_L2,1.0
V4PRE_PAIR_035,MLV2_DEV_008,PREEXISTING_414_SOURCE_REVIEW,PROJECT,3,1,TG10_SB_RELATIONS_L2,0.0
V4PRE_PAIR_039,MLV2_DEV_027,PREEXISTING_414_SOURCE_REVIEW,PROJECT,3,1,TG10_SB_RELATIONS_L2,1.0
V4PRE_PAIR_043,MLV2_DEV_041,PREEXISTING_414_SOURCE_REVIEW,PROJECT,3,1,TG10_SB_RELATIONS_L2,0.0
V4EXP_PAIR_004,NEWDEV2_042,V4_TARGET_EXPANSION_2026-08-16,COMPETITIVE,3,1,TG10_SB_RELATIONS_L2,0.0
V4EXP_PAIR_005,NEWDEV2_042,V4_TARGET_EXPANSION_2026-08-16,COMPETITIVE,3,1,TG10_SB_RELATIONS_L2,0.0
V4EXP_PAIR_014,NEWDEV2_056,V4_TARGET_EXPANSION_2026-08-16,COMPETITIVE,3,1,TG10_SB_RELATIONS_L2,0.0
V4EXP_PAIR_015,NEWDEV2_056,V4_TARGET_EXPANSION_2026-08-16,COMPETITIVE,3,1,TG10_SB_RELATIONS_L2,0.0
V4EXP_PAIR_016,NEWDEV2_056,V4_TARGET_EXPANSION_2026-08-16,COMPETITIVE,3,1,TG10_SB_RELATIONS_L2,0.0
V4EXP_PAIR_026,MLV2_DEV_005,V4_TARGET_EXPANSION_2026-08-16,PROJECT,3,1,TG10_SB_RELATIONS_L2,1.0
V4EXP_PAIR_028,MLV2_DEV_027,V4_TARGET_EXPANSION_2026-08-16,PROJECT,3,1,TG10_SB_RELATIONS_L2,1.0
V4EXP_PAIR_032,MLV2_DEV_040,V4_TARGET_EXPANSION_2026-08-16,PROJECT,3,1,TG10_SB_RELATIONS_L2,0.0
V4EXP_PAIR_035,MLV2_DEV_036,V4_TARGET_EXPANSION_2026-08-16,PROJECT,3,1,TG10_SB_RELATIONS_L2,0.0
V4EXP_PAIR_047,NEWDEV2_041,V4_TARGET_EXPANSION_2026-08-16,STATUS,3,1,TG10_SB_RELATIONS_L2,1.0
V4PRE_PAIR_003,NEWDEV2_013,PREEXISTING_414_SOURCE_REVIEW,COMPETITIVE,3,1,ALL_L2,0.0
V4PRE_PAIR_012,NEWDEV2_041,PREEXISTING_414_SOURCE_REVIEW,STATUS,3,1,ALL_L2,0.0
V4PRE_PAIR_013,NEWDEV2_043,PREEXISTING_414_SOURCE_REVIEW,COMPETITIVE,3,1,ALL_L2,1.0
V4PRE_PAIR_014,NEWDEV2_053,PREEXISTING_414_SOURCE_REVIEW,COMPETITIVE,3,1,ALL_L2,1.0
V4PRE_PAIR_015,NEWDEV2_056,PREEXISTING_414_SOURCE_REVIEW,COMPETITIVE,3,1,ALL_L2,0.0
V4PRE_PAIR_021,NEWDEV2_074,PREEXISTING_414_SOURCE_REVIEW,PROJECT,3,1,ALL_L2,0.0
V4PRE_PAIR_032,MLV2_DEV_005,PREEXISTING_414_SOURCE_REVIEW,PROJECT,3,1,ALL_L2,1.0
V4PRE_PAIR_035,MLV2_DEV_008,PREEXISTING_414_SOURCE_REVIEW,PROJECT,3,1,ALL_L2,0.0
V4PRE_PAIR_039,MLV2_DEV_027,PREEXISTING_414_SOURCE_REVIEW,PROJECT,3,1,ALL_L2,1.0
V4PRE_PAIR_043,MLV2_DEV_041,PREEXISTING_414_SOURCE_REVIEW,PROJECT,3,1,ALL_L2,0.0
V4EXP_PAIR_004,NEWDEV2_042,V4_TARGET_EXPANSION_2026-08-16,COMPETITIVE,3,1,ALL_L2,0.0
V4EXP_PAIR_005,NEWDEV2_042,V4_TARGET_EXPANSION_2026-08-16,COMPETITIVE,3,1,ALL_L2,0.0
V4EXP_PAIR_014,NEWDEV2_056,V4_TARGET_EXPANSION_2026-08-16,COMPETITIVE,3,1,ALL_L2,1.0
V4EXP_PAIR_015,NEWDEV2_056,V4_TARGET_EXPANSION_2026-08-16,COMPETITIVE,3,1,ALL_L2,0.0
V4EXP_PAIR_016,NEWDEV2_056,V4_TARGET_EXPANSION_2026-08-16,COMPETITIVE,3,1,ALL_L2,0.0
V4EXP_PAIR_026,MLV2_DEV_005,V4_TARGET_EXPANSION_2026-08-16,PROJECT,3,1,ALL_L2,1.0
V4EXP_PAIR_028,MLV2_DEV_027,V4_TARGET_EXPANSION_2026-08-16,PROJECT,3,1,ALL_L2,1.0
V4EXP_PAIR_032,MLV2_DEV_040,V4_TARGET_EXPANSION_2026-08-16,PROJECT,3,1,ALL_L2,0.0
V4EXP_PAIR_035,MLV2_DEV_036,V4_TARGET_EXPANSION_2026-08-16,PROJECT,3,1,ALL_L2,0.0
V4EXP_PAIR_047,NEWDEV2_041,V4_TARGET_EXPANSION_2026-08-16,STATUS,3,1,ALL_L2,0.0
V4PRE_PAIR_003,NEWDEV2_013,PREEXISTING_414_SOURCE_REVIEW,COMPETITIVE,3,1,NUISANCE_AGE_AXIS,1.0
V4PRE_PAIR_012,NEWDEV2_041,PREEXISTING_414_SOURCE_REVIEW,STATUS,3,1,NUISANCE_AGE_AXIS,1.0
V4PRE_PAIR_013,NEWDEV2_043,PREEXISTING_414_SOURCE_REVIEW,COMPETITIVE,3,1,NUISANCE_AGE_AXIS,0.0
V4PRE_PAIR_014,NEWDEV2_053,PREEXISTING_414_SOURCE_REVIEW,COMPETITIVE,3,1,NUISANCE_AGE_AXIS,0.0
V4PRE_PAIR_015,NEWDEV2_056,PREEXISTING_414_SOURCE_REVIEW,COMPETITIVE,3,1,NUISANCE_AGE_AXIS,1.0
V4PRE_PAIR_021,NEWDEV2_074,PREEXISTING_414_SOURCE_REVIEW,PROJECT,3,1,NUISANCE_AGE_AXIS,1.0
V4PRE_PAIR_032,MLV2_DEV_005,PREEXISTING_414_SOURCE_REVIEW,PROJECT,3,1,NUISANCE_AGE_AXIS,1.0
V4PRE_PAIR_035,MLV2_DEV_008,PREEXISTING_414_SOURCE_REVIEW,PROJECT,3,1,NUISANCE_AGE_AXIS,1.0
V4PRE_PAIR_039,MLV2_DEV_027,PREEXISTING_414_SOURCE_REVIEW,PROJECT,3,1,NUISANCE_AGE_AXIS,1.0
V4PRE_PAIR_043,MLV2_DEV_041,PREEXISTING_414_SOURCE_REVIEW,PROJECT,3,1,NUISANCE_AGE_AXIS,1.0
V4EXP_PAIR_004,NEWDEV2_042,V4_TARGET_EXPANSION_2026-08-16,COMPETITIVE,3,1,NUISANCE_AGE_AXIS,0.0
V4EXP_PAIR_005,NEWDEV2_042,V4_TARGET_EXPANSION_2026-08-16,COMPETITIVE,3,1,NUISANCE_AGE_AXIS,0.0
V4EXP_PAIR_014,NEWDEV2_056,V4_TARGET_EXPANSION_2026-08-16,COMPETITIVE,3,1,NUISANCE_AGE_AXIS,0.0
V4EXP_PAIR_015,NEWDEV2_056,V4_TARGET_EXPANSION_2026-08-16,COMPETITIVE,3,1,NUISANCE_AGE_AXIS,0.0
V4EXP_PAIR_016,NEWDEV2_056,V4_TARGET_EXPANSION_2026-08-16,COMPETITIVE,3,1,NUISANCE_AGE_AXIS,0.0
V4EXP_PAIR_026,MLV2_DEV_005,V4_TARGET_EXPANSION_2026-08-16,PROJECT,3,1,NUISANCE_AGE_AXIS,0.0
V4EXP_PAIR_028,MLV2_DEV_027,V4_TARGET_EXPANSION_2026-08-16,PROJECT,3,1,NUISANCE_AGE_AXIS,0.0
V4EXP_PAIR_032,MLV2_DEV_040,V4_TARGET_EXPANSION_2026-08-16,PROJECT,3,1,NUISANCE_AGE_AXIS,0.0
V4EXP_PAIR_035,MLV2_DEV_036,V4_TARGET_EXPANSION_2026-08-16,PROJECT,3,1,NUISANCE_AGE_AXIS,0.0
V4EXP_PAIR_047,NEWDEV2_041,V4_TARGET_EXPANSION_2026-08-16,STATUS,3,1,NUISANCE_AGE_AXIS,0.0
V4PRE_PAIR_003,NEWDEV2_013,PREEXISTING_414_SOURCE_REVIEW,COMPETITIVE,3,1,NUISANCE_WITH_ORIGIN_DIAGNOSTIC,1.0
V4PRE_PAIR_012,NEWDEV2_041,PREEXISTING_414_SOURCE_REVIEW,STATUS,3,1,NUISANCE_WITH_ORIGIN_DIAGNOSTIC,1.0
V4PRE_PAIR_013,NEWDEV2_043,PREEXISTING_414_SOURCE_REVIEW,COMPETITIVE,3,1,NUISANCE_WITH_ORIGIN_DIAGNOSTIC,0.0
V4PRE_PAIR_014,NEWDEV2_053,PREEXISTING_414_SOURCE_REVIEW,COMPETITIVE,3,1,NUISANCE_WITH_ORIGIN_DIAGNOSTIC,0.0
V4PRE_PAIR_015,NEWDEV2_056,PREEXISTING_414_SOURCE_REVIEW,COMPETITIVE,3,1,NUISANCE_WITH_ORIGIN_DIAGNOSTIC,1.0
V4PRE_PAIR_021,NEWDEV2_074,PREEXISTING_414_SOURCE_REVIEW,PROJECT,3,1,NUISANCE_WITH_ORIGIN_DIAGNOSTIC,1.0
V4PRE_PAIR_032,MLV2_DEV_005,PREEXISTING_414_SOURCE_REVIEW,PROJECT,3,1,NUISANCE_WITH_ORIGIN_DIAGNOSTIC,1.0
V4PRE_PAIR_035,MLV2_DEV_008,PREEXISTING_414_SOURCE_REVIEW,PROJECT,3,1,NUISANCE_WITH_ORIGIN_DIAGNOSTIC,1.0
V4PRE_PAIR_039,MLV2_DEV_027,PREEXISTING_414_SOURCE_REVIEW,PROJECT,3,1,NUISANCE_WITH_ORIGIN_DIAGNOSTIC,1.0
V4PRE_PAIR_043,MLV2_DEV_041,PREEXISTING_414_SOURCE_REVIEW,PROJECT,3,1,NUISANCE_WITH_ORIGIN_DIAGNOSTIC,1.0
V4EXP_PAIR_004,NEWDEV2_042,V4_TARGET_EXPANSION_2026-08-16,COMPETITIVE,3,1,NUISANCE_WITH_ORIGIN_DIAGNOSTIC,1.0
V4EXP_PAIR_005,NEWDEV2_042,V4_TARGET_EXPANSION_2026-08-16,COMPETITIVE,3,1,NUISANCE_WITH_ORIGIN_DIAGNOSTIC,1.0
V4EXP_PAIR_014,NEWDEV2_056,V4_TARGET_EXPANSION_2026-08-16,COMPETITIVE,3,1,NUISANCE_WITH_ORIGIN_DIAGNOSTIC,1.0
V4EXP_PAIR_015,NEWDEV2_056,V4_TARGET_EXPANSION_2026-08-16,COMPETITIVE,3,1,NUISANCE_WITH_ORIGIN_DIAGNOSTIC,1.0
V4EXP_PAIR_016,NEWDEV2_056,V4_TARGET_EXPANSION_2026-08-16,COMPETITIVE,3,1,NUISANCE_WITH_ORIGIN_DIAGNOSTIC,1.0
V4EXP_PAIR_026,MLV2_DEV_005,V4_TARGET_EXPANSION_2026-08-16,PROJECT,3,1,NUISANCE_WITH_ORIGIN_DIAGNOSTIC,1.0
V4EXP_PAIR_028,MLV2_DEV_027,V4_TARGET_EXPANSION_2026-08-16,PROJECT,3,1,NUISANCE_WITH_ORIGIN_DIAGNOSTIC,1.0
V4EXP_PAIR_032,MLV2_DEV_040,V4_TARGET_EXPANSION_2026-08-16,PROJECT,3,1,NUISANCE_WITH_ORIGIN_DIAGNOSTIC,1.0
V4EXP_PAIR_035,MLV2_DEV_036,V4_TARGET_EXPANSION_2026-08-16,PROJECT,3,1,NUISANCE_WITH_ORIGIN_DIAGNOSTIC,1.0
V4EXP_PAIR_047,NEWDEV2_041,V4_TARGET_EXPANSION_2026-08-16,STATUS,3,1,NUISANCE_WITH_ORIGIN_DIAGNOSTIC,1.0
V4PRE_PAIR_003,NEWDEV2_013,PREEXISTING_414_SOURCE_REVIEW,COMPETITIVE,3,1,ALL_ELASTICNET_AUTO,1.0
V4PRE_PAIR_012,NEWDEV2_041,PREEXISTING_414_SOURCE_REVIEW,STATUS,3,1,ALL_ELASTICNET_AUTO,1.0
V4PRE_PAIR_013,NEWDEV2_043,PREEXISTING_414_SOURCE_REVIEW,COMPETITIVE,3,1,ALL_ELASTICNET_AUTO,1.0
V4PRE_PAIR_014,NEWDEV2_053,PREEXISTING_414_SOURCE_REVIEW,COMPETITIVE,3,1,ALL_ELASTICNET_AUTO,1.0
V4PRE_PAIR_015,NEWDEV2_056,PREEXISTING_414_SOURCE_REVIEW,COMPETITIVE,3,1,ALL_ELASTICNET_AUTO,1.0
V4PRE_PAIR_021,NEWDEV2_074,PREEXISTING_414_SOURCE_REVIEW,PROJECT,3,1,ALL_ELASTICNET_AUTO,1.0
V4PRE_PAIR_032,MLV2_DEV_005,PREEXISTING_414_SOURCE_REVIEW,PROJECT,3,1,ALL_ELASTICNET_AUTO,1.0
V4PRE_PAIR_035,MLV2_DEV_008,PREEXISTING_414_SOURCE_REVIEW,PROJECT,3,1,ALL_ELASTICNET_AUTO,1.0
V4PRE_PAIR_039,MLV2_DEV_027,PREEXISTING_414_SOURCE_REVIEW,PROJECT,3,1,ALL_ELASTICNET_AUTO,1.0
V4PRE_PAIR_043,MLV2_DEV_041,PREEXISTING_414_SOURCE_REVIEW,PROJECT,3,1,ALL_ELASTICNET_AUTO,1.0
V4EXP_PAIR_004,NEWDEV2_042,V4_TARGET_EXPANSION_2026-08-16,COMPETITIVE,3,1,ALL_ELASTICNET_AUTO,1.0
V4EXP_PAIR_005,NEWDEV2_042,V4_TARGET_EXPANSION_2026-08-16,COMPETITIVE,3,1,ALL_ELASTICNET_AUTO,1.0
V4EXP_PAIR_014,NEWDEV2_056,V4_TARGET_EXPANSION_2026-08-16,COMPETITIVE,3,1,ALL_ELASTICNET_AUTO,1.0
V4EXP_PAIR_015,NEWDEV2_056,V4_TARGET_EXPANSION_2026-08-16,COMPETITIVE,3,1,ALL_ELASTICNET_AUTO,1.0
V4EXP_PAIR_016,NEWDEV2_056,V4_TARGET_EXPANSION_2026-08-16,COMPETITIVE,3,1,ALL_ELASTICNET_AUTO,1.0
V4EXP_PAIR_026,MLV2_DEV_005,V4_TARGET_EXPANSION_2026-08-16,PROJECT,3,1,ALL_ELASTICNET_AUTO,1.0
V4EXP_PAIR_028,MLV2_DEV_027,V4_TARGET_EXPANSION_2026-08-16,PROJECT,3,1,ALL_ELASTICNET_AUTO,1.0
V4EXP_PAIR_032,MLV2_DEV_040,V4_TARGET_EXPANSION_2026-08-16,PROJECT,3,1,ALL_ELASTICNET_AUTO,1.0
V4EXP_PAIR_035,MLV2_DEV_036,V4_TARGET_EXPANSION_2026-08-16,PROJECT,3,1,ALL_ELASTICNET_AUTO,1.0
V4EXP_PAIR_047,NEWDEV2_041,V4_TARGET_EXPANSION_2026-08-16,STATUS,3,1,ALL_ELASTICNET_AUTO,1.0
V4PRE_PAIR_003,NEWDEV2_013,PREEXISTING_414_SOURCE_REVIEW,COMPETITIVE,3,1,HGB_ALL_EXPLORATORY,0.0
V4PRE_PAIR_012,NEWDEV2_041,PREEXISTING_414_SOURCE_REVIEW,STATUS,3,1,HGB_ALL_EXPLORATORY,0.0
V4PRE_PAIR_013,NEWDEV2_043,PREEXISTING_414_SOURCE_REVIEW,COMPETITIVE,3,1,HGB_ALL_EXPLORATORY,1.0
V4PRE_PAIR_014,NEWDEV2_053,PREEXISTING_414_SOURCE_REVIEW,COMPETITIVE,3,1,HGB_ALL_EXPLORATORY,1.0
V4PRE_PAIR_015,NEWDEV2_056,PREEXISTING_414_SOURCE_REVIEW,COMPETITIVE,3,1,HGB_ALL_EXPLORATORY,0.0
V4PRE_PAIR_021,NEWDEV2_074,PREEXISTING_414_SOURCE_REVIEW,PROJECT,3,1,HGB_ALL_EXPLORATORY,0.0
V4PRE_PAIR_032,MLV2_DEV_005,PREEXISTING_414_SOURCE_REVIEW,PROJECT,3,1,HGB_ALL_EXPLORATORY,0.0
V4PRE_PAIR_035,MLV2_DEV_008,PREEXISTING_414_SOURCE_REVIEW,PROJECT,3,1,HGB_ALL_EXPLORATORY,1.0
V4PRE_PAIR_039,MLV2_DEV_027,PREEXISTING_414_SOURCE_REVIEW,PROJECT,3,1,HGB_ALL_EXPLORATORY,1.0
V4PRE_PAIR_043,MLV2_DEV_041,PREEXISTING_414_SOURCE_REVIEW,PROJECT,3,1,HGB_ALL_EXPLORATORY,0.0
V4EXP_PAIR_004,NEWDEV2_042,V4_TARGET_EXPANSION_2026-08-16,COMPETITIVE,3,1,HGB_ALL_EXPLORATORY,0.0
V4EXP_PAIR_005,NEWDEV2_042,V4_TARGET_EXPANSION_2026-08-16,COMPETITIVE,3,1,HGB_ALL_EXPLORATORY,0.0
V4EXP_PAIR_014,NEWDEV2_056,V4_TARGET_EXPANSION_2026-08-16,COMPETITIVE,3,1,HGB_ALL_EXPLORATORY,1.0
V4EXP_PAIR_015,NEWDEV2_056,V4_TARGET_EXPANSION_2026-08-16,COMPETITIVE,3,1,HGB_ALL_EXPLORATORY,0.0
V4EXP_PAIR_016,NEWDEV2_056,V4_TARGET_EXPANSION_2026-08-16,COMPETITIVE,3,1,HGB_ALL_EXPLORATORY,0.0
V4EXP_PAIR_026,MLV2_DEV_005,V4_TARGET_EXPANSION_2026-08-16,PROJECT,3,1,HGB_ALL_EXPLORATORY,1.0
V4EXP_PAIR_028,MLV2_DEV_027,V4_TARGET_EXPANSION_2026-08-16,PROJECT,3,1,HGB_ALL_EXPLORATORY,1.0
V4EXP_PAIR_032,MLV2_DEV_040,V4_TARGET_EXPANSION_2026-08-16,PROJECT,3,1,HGB_ALL_EXPLORATORY,1.0
V4EXP_PAIR_035,MLV2_DEV_036,V4_TARGET_EXPANSION_2026-08-16,PROJECT,3,1,HGB_ALL_EXPLORATORY,0.0
V4EXP_PAIR_047,NEWDEV2_041,V4_TARGET_EXPANSION_2026-08-16,STATUS,3,1,HGB_ALL_EXPLORATORY,1.0
V4PRE_PAIR_001,NEWDEV2_006,PREEXISTING_414_SOURCE_REVIEW,COMPETITIVE,3,2,AGE_YOUNGER_FIXED,0.0
V4PRE_PAIR_008,NEWDEV2_029,PREEXISTING_414_SOURCE_REVIEW,COMPETITIVE,3,2,AGE_YOUNGER_FIXED,1.0
V4PRE_PAIR_011,NEWDEV2_039,PREEXISTING_414_SOURCE_REVIEW,STATUS,3,2,AGE_YOUNGER_FIXED,1.0
V4PRE_PAIR_019,NEWDEV2_068,PREEXISTING_414_SOURCE_REVIEW,PROJECT,3,2,AGE_YOUNGER_FIXED,1.0
V4PRE_PAIR_031,MLV2_DEV_003,PREEXISTING_414_SOURCE_REVIEW,PROJECT,3,2,AGE_YOUNGER_FIXED,1.0
V4PRE_PAIR_041,MLV2_DEV_038,PREEXISTING_414_SOURCE_REVIEW,RECOGNITION,3,2,AGE_YOUNGER_FIXED,0.0
V4PRE_PAIR_044,MLV2_DEV_043,PREEXISTING_414_SOURCE_REVIEW,COMPETITIVE,3,2,AGE_YOUNGER_FIXED,1.0
V4PRE_PAIR_045,MLV2_DEV_043,PREEXISTING_414_SOURCE_REVIEW,COMPETITIVE,3,2,AGE_YOUNGER_FIXED,1.0
V4PRE_PAIR_046,MLV2_DEV_050,PREEXISTING_414_SOURCE_REVIEW,PROJECT,3,2,AGE_YOUNGER_FIXED,1.0
V4PRE_PAIR_049,MLV2_DEV_058,PREEXISTING_414_SOURCE_REVIEW,PROJECT,3,2,AGE_YOUNGER_FIXED,1.0
V4EXP_PAIR_001,NEWDEV2_005,V4_TARGET_EXPANSION_2026-08-16,COMPETITIVE,3,2,AGE_YOUNGER_FIXED,0.0
V4EXP_PAIR_020,NEWDEV2_031,V4_TARGET_EXPANSION_2026-08-16,COMPETITIVE,3,2,AGE_YOUNGER_FIXED,0.0
V4EXP_PAIR_024,NEWDEV2_029,V4_TARGET_EXPANSION_2026-08-16,COMPETITIVE,3,2,AGE_YOUNGER_FIXED,0.0
V4EXP_PAIR_025,MLV2_DEV_043,V4_TARGET_EXPANSION_2026-08-16,COMPETITIVE,3,2,AGE_YOUNGER_FIXED,0.0
V4EXP_PAIR_029,MLV2_DEV_063,V4_TARGET_EXPANSION_2026-08-16,PROJECT,3,2,AGE_YOUNGER_FIXED,0.0
V4EXP_PAIR_036,NEWDEV2_100,V4_TARGET_EXPANSION_2026-08-16,PROJECT,3,2,AGE_YOUNGER_FIXED,0.0
V4EXP_PAIR_038,MLV2_DEV_012,V4_TARGET_EXPANSION_2026-08-16,PROJECT,3,2,AGE_YOUNGER_FIXED,0.0
V4EXP_PAIR_045,MLV2_DEV_003,V4_TARGET_EXPANSION_2026-08-16,PROJECT,3,2,AGE_YOUNGER_FIXED,0.0
V4EXP_PAIR_046,NEWDEV2_005,V4_TARGET_EXPANSION_2026-08-16,STATUS,3,2,AGE_YOUNGER_FIXED,0.0
V4EXP_PAIR_050,MLV2_DEV_032,V4_TARGET_EXPANSION_2026-08-16,STATUS,3,2,AGE_YOUNGER_FIXED,0.0
V4PRE_PAIR_001,NEWDEV2_006,PREEXISTING_414_SOURCE_REVIEW,COMPETITIVE,3,2,AGE_LATER_FIXED,1.0
V4PRE_PAIR_008,NEWDEV2_029,PREEXISTING_414_SOURCE_REVIEW,COMPETITIVE,3,2,AGE_LATER_FIXED,0.0
V4PRE_PAIR_011,NEWDEV2_039,PREEXISTING_414_SOURCE_REVIEW,STATUS,3,2,AGE_LATER_FIXED,0.0
V4PRE_PAIR_019,NEWDEV2_068,PREEXISTING_414_SOURCE_REVIEW,PROJECT,3,2,AGE_LATER_FIXED,0.0
V4PRE_PAIR_031,MLV2_DEV_003,PREEXISTING_414_SOURCE_REVIEW,PROJECT,3,2,AGE_LATER_FIXED,0.0
V4PRE_PAIR_041,MLV2_DEV_038,PREEXISTING_414_SOURCE_REVIEW,RECOGNITION,3,2,AGE_LATER_FIXED,1.0
V4PRE_PAIR_044,MLV2_DEV_043,PREEXISTING_414_SOURCE_REVIEW,COMPETITIVE,3,2,AGE_LATER_FIXED,0.0
V4PRE_PAIR_045,MLV2_DEV_043,PREEXISTING_414_SOURCE_REVIEW,COMPETITIVE,3,2,AGE_LATER_FIXED,0.0
V4PRE_PAIR_046,MLV2_DEV_050,PREEXISTING_414_SOURCE_REVIEW,PROJECT,3,2,AGE_LATER_FIXED,0.0
V4PRE_PAIR_049,MLV2_DEV_058,PREEXISTING_414_SOURCE_REVIEW,PROJECT,3,2,AGE_LATER_FIXED,0.0
V4EXP_PAIR_001,NEWDEV2_005,V4_TARGET_EXPANSION_2026-08-16,COMPETITIVE,3,2,AGE_LATER_FIXED,1.0
V4EXP_PAIR_020,NEWDEV2_031,V4_TARGET_EXPANSION_2026-08-16,COMPETITIVE,3,2,AGE_LATER_FIXED,1.0
V4EXP_PAIR_024,NEWDEV2_029,V4_TARGET_EXPANSION_2026-08-16,COMPETITIVE,3,2,AGE_LATER_FIXED,1.0
V4EXP_PAIR_025,MLV2_DEV_043,V4_TARGET_EXPANSION_2026-08-16,COMPETITIVE,3,2,AGE_LATER_FIXED,1.0
V4EXP_PAIR_029,MLV2_DEV_063,V4_TARGET_EXPANSION_2026-08-16,PROJECT,3,2,AGE_LATER_FIXED,1.0
V4EXP_PAIR_036,NEWDEV2_100,V4_TARGET_EXPANSION_2026-08-16,PROJECT,3,2,AGE_LATER_FIXED,1.0
V4EXP_PAIR_038,MLV2_DEV_012,V4_TARGET_EXPANSION_2026-08-16,PROJECT,3,2,AGE_LATER_FIXED,1.0
V4EXP_PAIR_045,MLV2_DEV_003,V4_TARGET_EXPANSION_2026-08-16,PROJECT,3,2,AGE_LATER_FIXED,1.0
V4EXP_PAIR_046,NEWDEV2_005,V4_TARGET_EXPANSION_2026-08-16,STATUS,3,2,AGE_LATER_FIXED,1.0
V4EXP_PAIR_050,MLV2_DEV_032,V4_TARGET_EXPANSION_2026-08-16,STATUS,3,2,AGE_LATER_FIXED,1.0
V4PRE_PAIR_001,NEWDEV2_006,PREEXISTING_414_SOURCE_REVIEW,COMPETITIVE,3,2,CONTROL_FIXED,0.5
V4PRE_PAIR_008,NEWDEV2_029,PREEXISTING_414_SOURCE_REVIEW,COMPETITIVE,3,2,CONTROL_FIXED,0.0
V4PRE_PAIR_011,NEWDEV2_039,PREEXISTING_414_SOURCE_REVIEW,STATUS,3,2,CONTROL_FIXED,1.0
V4PRE_PAIR_019,NEWDEV2_068,PREEXISTING_414_SOURCE_REVIEW,PROJECT,3,2,CONTROL_FIXED,0.0
V4PRE_PAIR_031,MLV2_DEV_003,PREEXISTING_414_SOURCE_REVIEW,PROJECT,3,2,CONTROL_FIXED,1.0
V4PRE_PAIR_041,MLV2_DEV_038,PREEXISTING_414_SOURCE_REVIEW,RECOGNITION,3,2,CONTROL_FIXED,0.0
V4PRE_PAIR_044,MLV2_DEV_043,PREEXISTING_414_SOURCE_REVIEW,COMPETITIVE,3,2,CONTROL_FIXED,1.0
V4PRE_PAIR_045,MLV2_DEV_043,PREEXISTING_414_SOURCE_REVIEW,COMPETITIVE,3,2,CONTROL_FIXED,1.0
V4PRE_PAIR_046,MLV2_DEV_050,PREEXISTING_414_SOURCE_REVIEW,PROJECT,3,2,CONTROL_FIXED,0.0
V4PRE_PAIR_049,MLV2_DEV_058,PREEXISTING_414_SOURCE_REVIEW,PROJECT,3,2,CONTROL_FIXED,0.0
V4EXP_PAIR_001,NEWDEV2_005,V4_TARGET_EXPANSION_2026-08-16,COMPETITIVE,3,2,CONTROL_FIXED,0.0
V4EXP_PAIR_020,NEWDEV2_031,V4_TARGET_EXPANSION_2026-08-16,COMPETITIVE,3,2,CONTROL_FIXED,0.0
V4EXP_PAIR_024,NEWDEV2_029,V4_TARGET_EXPANSION_2026-08-16,COMPETITIVE,3,2,CONTROL_FIXED,0.0
V4EXP_PAIR_025,MLV2_DEV_043,V4_TARGET_EXPANSION_2026-08-16,COMPETITIVE,3,2,CONTROL_FIXED,1.0
V4EXP_PAIR_029,MLV2_DEV_063,V4_TARGET_EXPANSION_2026-08-16,PROJECT,3,2,CONTROL_FIXED,1.0
V4EXP_PAIR_036,NEWDEV2_100,V4_TARGET_EXPANSION_2026-08-16,PROJECT,3,2,CONTROL_FIXED,0.0
V4EXP_PAIR_038,MLV2_DEV_012,V4_TARGET_EXPANSION_2026-08-16,PROJECT,3,2,CONTROL_FIXED,0.0
V4EXP_PAIR_045,MLV2_DEV_003,V4_TARGET_EXPANSION_2026-08-16,PROJECT,3,2,CONTROL_FIXED,0.0
V4EXP_PAIR_046,NEWDEV2_005,V4_TARGET_EXPANSION_2026-08-16,STATUS,3,2,CONTROL_FIXED,1.0
V4EXP_PAIR_050,MLV2_DEV_032,V4_TARGET_EXPANSION_2026-08-16,STATUS,3,2,CONTROL_FIXED,1.0
V4PRE_PAIR_001,NEWDEV2_006,PREEXISTING_414_SOURCE_REVIEW,COMPETITIVE,3,2,TG5_GROUP_L2,1.0
V4PRE_PAIR_008,NEWDEV2_029,PREEXISTING_414_SOURCE_REVIEW,COMPETITIVE,3,2,TG5_GROUP_L2,0.0
V4PRE_PAIR_011,NEWDEV2_039,PREEXISTING_414_SOURCE_REVIEW,STATUS,3,2,TG5_GROUP_L2,0.5
V4PRE_PAIR_019,NEWDEV2_068,PREEXISTING_414_SOURCE_REVIEW,PROJECT,3,2,TG5_GROUP_L2,0.5
V4PRE_PAIR_031,MLV2_DEV_003,PREEXISTING_414_SOURCE_REVIEW,PROJECT,3,2,TG5_GROUP_L2,0.0
V4PRE_PAIR_041,MLV2_DEV_038,PREEXISTING_414_SOURCE_REVIEW,RECOGNITION,3,2,TG5_GROUP_L2,0.0
V4PRE_PAIR_044,MLV2_DEV_043,PREEXISTING_414_SOURCE_REVIEW,COMPETITIVE,3,2,TG5_GROUP_L2,1.0
V4PRE_PAIR_045,MLV2_DEV_043,PREEXISTING_414_SOURCE_REVIEW,COMPETITIVE,3,2,TG5_GROUP_L2,1.0
V4PRE_PAIR_046,MLV2_DEV_050,PREEXISTING_414_SOURCE_REVIEW,PROJECT,3,2,TG5_GROUP_L2,0.0
V4PRE_PAIR_049,MLV2_DEV_058,PREEXISTING_414_SOURCE_REVIEW,PROJECT,3,2,TG5_GROUP_L2,1.0
V4EXP_PAIR_001,NEWDEV2_005,V4_TARGET_EXPANSION_2026-08-16,COMPETITIVE,3,2,TG5_GROUP_L2,0.0
V4EXP_PAIR_020,NEWDEV2_031,V4_TARGET_EXPANSION_2026-08-16,COMPETITIVE,3,2,TG5_GROUP_L2,0.5
V4EXP_PAIR_024,NEWDEV2_029,V4_TARGET_EXPANSION_2026-08-16,COMPETITIVE,3,2,TG5_GROUP_L2,1.0
V4EXP_PAIR_025,MLV2_DEV_043,V4_TARGET_EXPANSION_2026-08-16,COMPETITIVE,3,2,TG5_GROUP_L2,1.0
V4EXP_PAIR_029,MLV2_DEV_063,V4_TARGET_EXPANSION_2026-08-16,PROJECT,3,2,TG5_GROUP_L2,1.0
V4EXP_PAIR_036,NEWDEV2_100,V4_TARGET_EXPANSION_2026-08-16,PROJECT,3,2,TG5_GROUP_L2,1.0
V4EXP_PAIR_038,MLV2_DEV_012,V4_TARGET_EXPANSION_2026-08-16,PROJECT,3,2,TG5_GROUP_L2,0.5
V4EXP_PAIR_045,MLV2_DEV_003,V4_TARGET_EXPANSION_2026-08-16,PROJECT,3,2,TG5_GROUP_L2,0.5
V4EXP_PAIR_046,NEWDEV2_005,V4_TARGET_EXPANSION_2026-08-16,STATUS,3,2,TG5_GROUP_L2,0.5
V4EXP_PAIR_050,MLV2_DEV_032,V4_TARGET_EXPANSION_2026-08-16,STATUS,3,2,TG5_GROUP_L2,0.0
V4PRE_PAIR_001,NEWDEV2_006,PREEXISTING_414_SOURCE_REVIEW,COMPETITIVE,3,2,TG10_STEM_L2,0.0
V4PRE_PAIR_008,NEWDEV2_029,PREEXISTING_414_SOURCE_REVIEW,COMPETITIVE,3,2,TG10_STEM_L2,0.0
V4PRE_PAIR_011,NEWDEV2_039,PREEXISTING_414_SOURCE_REVIEW,STATUS,3,2,TG10_STEM_L2,1.0
V4PRE_PAIR_019,NEWDEV2_068,PREEXISTING_414_SOURCE_REVIEW,PROJECT,3,2,TG10_STEM_L2,1.0
V4PRE_PAIR_031,MLV2_DEV_003,PREEXISTING_414_SOURCE_REVIEW,PROJECT,3,2,TG10_STEM_L2,0.0
V4PRE_PAIR_041,MLV2_DEV_038,PREEXISTING_414_SOURCE_REVIEW,RECOGNITION,3,2,TG10_STEM_L2,0.0
V4PRE_PAIR_044,MLV2_DEV_043,PREEXISTING_414_SOURCE_REVIEW,COMPETITIVE,3,2,TG10_STEM_L2,0.0
V4PRE_PAIR_045,MLV2_DEV_043,PREEXISTING_414_SOURCE_REVIEW,COMPETITIVE,3,2,TG10_STEM_L2,0.0
V4PRE_PAIR_046,MLV2_DEV_050,PREEXISTING_414_SOURCE_REVIEW,PROJECT,3,2,TG10_STEM_L2,1.0
V4PRE_PAIR_049,MLV2_DEV_058,PREEXISTING_414_SOURCE_REVIEW,PROJECT,3,2,TG10_STEM_L2,1.0
V4EXP_PAIR_001,NEWDEV2_005,V4_TARGET_EXPANSION_2026-08-16,COMPETITIVE,3,2,TG10_STEM_L2,1.0
V4EXP_PAIR_020,NEWDEV2_031,V4_TARGET_EXPANSION_2026-08-16,COMPETITIVE,3,2,TG10_STEM_L2,1.0
V4EXP_PAIR_024,NEWDEV2_029,V4_TARGET_EXPANSION_2026-08-16,COMPETITIVE,3,2,TG10_STEM_L2,1.0
V4EXP_PAIR_025,MLV2_DEV_043,V4_TARGET_EXPANSION_2026-08-16,COMPETITIVE,3,2,TG10_STEM_L2,0.0
V4EXP_PAIR_029,MLV2_DEV_063,V4_TARGET_EXPANSION_2026-08-16,PROJECT,3,2,TG10_STEM_L2,1.0
V4EXP_PAIR_036,NEWDEV2_100,V4_TARGET_EXPANSION_2026-08-16,PROJECT,3,2,TG10_STEM_L2,1.0
V4EXP_PAIR_038,MLV2_DEV_012,V4_TARGET_EXPANSION_2026-08-16,PROJECT,3,2,TG10_STEM_L2,1.0
V4EXP_PAIR_045,MLV2_DEV_003,V4_TARGET_EXPANSION_2026-08-16,PROJECT,3,2,TG10_STEM_L2,0.0
V4EXP_PAIR_046,NEWDEV2_005,V4_TARGET_EXPANSION_2026-08-16,STATUS,3,2,TG10_STEM_L2,0.0
V4EXP_PAIR_050,MLV2_DEV_032,V4_TARGET_EXPANSION_2026-08-16,STATUS,3,2,TG10_STEM_L2,0.0
V4PRE_PAIR_001,NEWDEV2_006,PREEXISTING_414_SOURCE_REVIEW,COMPETITIVE,3,2,TG10_STEM_BRANCH_L2,0.0
V4PRE_PAIR_008,NEWDEV2_029,PREEXISTING_414_SOURCE_REVIEW,COMPETITIVE,3,2,TG10_STEM_BRANCH_L2,0.0
V4PRE_PAIR_011,NEWDEV2_039,PREEXISTING_414_SOURCE_REVIEW,STATUS,3,2,TG10_STEM_BRANCH_L2,1.0
V4PRE_PAIR_019,NEWDEV2_068,PREEXISTING_414_SOURCE_REVIEW,PROJECT,3,2,TG10_STEM_BRANCH_L2,0.0
V4PRE_PAIR_031,MLV2_DEV_003,PREEXISTING_414_SOURCE_REVIEW,PROJECT,3,2,TG10_STEM_BRANCH_L2,0.0
V4PRE_PAIR_041,MLV2_DEV_038,PREEXISTING_414_SOURCE_REVIEW,RECOGNITION,3,2,TG10_STEM_BRANCH_L2,0.0
V4PRE_PAIR_044,MLV2_DEV_043,PREEXISTING_414_SOURCE_REVIEW,COMPETITIVE,3,2,TG10_STEM_BRANCH_L2,0.0
V4PRE_PAIR_045,MLV2_DEV_043,PREEXISTING_414_SOURCE_REVIEW,COMPETITIVE,3,2,TG10_STEM_BRANCH_L2,0.0
V4PRE_PAIR_046,MLV2_DEV_050,PREEXISTING_414_SOURCE_REVIEW,PROJECT,3,2,TG10_STEM_BRANCH_L2,0.0
V4PRE_PAIR_049,MLV2_DEV_058,PREEXISTING_414_SOURCE_REVIEW,PROJECT,3,2,TG10_STEM_BRANCH_L2,0.0
V4EXP_PAIR_001,NEWDEV2_005,V4_TARGET_EXPANSION_2026-08-16,COMPETITIVE,3,2,TG10_STEM_BRANCH_L2,1.0
V4EXP_PAIR_020,NEWDEV2_031,V4_TARGET_EXPANSION_2026-08-16,COMPETITIVE,3,2,TG10_STEM_BRANCH_L2,1.0
V4EXP_PAIR_024,NEWDEV2_029,V4_TARGET_EXPANSION_2026-08-16,COMPETITIVE,3,2,TG10_STEM_BRANCH_L2,1.0
V4EXP_PAIR_025,MLV2_DEV_043,V4_TARGET_EXPANSION_2026-08-16,COMPETITIVE,3,2,TG10_STEM_BRANCH_L2,0.0
V4EXP_PAIR_029,MLV2_DEV_063,V4_TARGET_EXPANSION_2026-08-16,PROJECT,3,2,TG10_STEM_BRANCH_L2,1.0
V4EXP_PAIR_036,NEWDEV2_100,V4_TARGET_EXPANSION_2026-08-16,PROJECT,3,2,TG10_STEM_BRANCH_L2,1.0
V4EXP_PAIR_038,MLV2_DEV_012,V4_TARGET_EXPANSION_2026-08-16,PROJECT,3,2,TG10_STEM_BRANCH_L2,0.0
V4EXP_PAIR_045,MLV2_DEV_003,V4_TARGET_EXPANSION_2026-08-16,PROJECT,3,2,TG10_STEM_BRANCH_L2,0.0
V4EXP_PAIR_046,NEWDEV2_005,V4_TARGET_EXPANSION_2026-08-16,STATUS,3,2,TG10_STEM_BRANCH_L2,0.0
V4EXP_PAIR_050,MLV2_DEV_032,V4_TARGET_EXPANSION_2026-08-16,STATUS,3,2,TG10_STEM_BRANCH_L2,1.0
V4PRE_PAIR_001,NEWDEV2_006,PREEXISTING_414_SOURCE_REVIEW,COMPETITIVE,3,2,TG10_SB_STRENGTH_L2,0.0
V4PRE_PAIR_008,NEWDEV2_029,PREEXISTING_414_SOURCE_REVIEW,COMPETITIVE,3,2,TG10_SB_STRENGTH_L2,0.0
V4PRE_PAIR_011,NEWDEV2_039,PREEXISTING_414_SOURCE_REVIEW,STATUS,3,2,TG10_SB_STRENGTH_L2,1.0
V4PRE_PAIR_019,NEWDEV2_068,PREEXISTING_414_SOURCE_REVIEW,PROJECT,3,2,TG10_SB_STRENGTH_L2,0.0
V4PRE_PAIR_031,MLV2_DEV_003,PREEXISTING_414_SOURCE_REVIEW,PROJECT,3,2,TG10_SB_STRENGTH_L2,0.0
V4PRE_PAIR_041,MLV2_DEV_038,PREEXISTING_414_SOURCE_REVIEW,RECOGNITION,3,2,TG10_SB_STRENGTH_L2,0.0
V4PRE_PAIR_044,MLV2_DEV_043,PREEXISTING_414_SOURCE_REVIEW,COMPETITIVE,3,2,TG10_SB_STRENGTH_L2,0.0
V4PRE_PAIR_045,MLV2_DEV_043,PREEXISTING_414_SOURCE_REVIEW,COMPETITIVE,3,2,TG10_SB_STRENGTH_L2,0.0
V4PRE_PAIR_046,MLV2_DEV_050,PREEXISTING_414_SOURCE_REVIEW,PROJECT,3,2,TG10_SB_STRENGTH_L2,1.0
V4PRE_PAIR_049,MLV2_DEV_058,PREEXISTING_414_SOURCE_REVIEW,PROJECT,3,2,TG10_SB_STRENGTH_L2,0.0
V4EXP_PAIR_001,NEWDEV2_005,V4_TARGET_EXPANSION_2026-08-16,COMPETITIVE,3,2,TG10_SB_STRENGTH_L2,0.0
V4EXP_PAIR_020,NEWDEV2_031,V4_TARGET_EXPANSION_2026-08-16,COMPETITIVE,3,2,TG10_SB_STRENGTH_L2,1.0
V4EXP_PAIR_024,NEWDEV2_029,V4_TARGET_EXPANSION_2026-08-16,COMPETITIVE,3,2,TG10_SB_STRENGTH_L2,1.0
V4EXP_PAIR_025,MLV2_DEV_043,V4_TARGET_EXPANSION_2026-08-16,COMPETITIVE,3,2,TG10_SB_STRENGTH_L2,0.0
V4EXP_PAIR_029,MLV2_DEV_063,V4_TARGET_EXPANSION_2026-08-16,PROJECT,3,2,TG10_SB_STRENGTH_L2,1.0
V4EXP_PAIR_036,NEWDEV2_100,V4_TARGET_EXPANSION_2026-08-16,PROJECT,3,2,TG10_SB_STRENGTH_L2,1.0
V4EXP_PAIR_038,MLV2_DEV_012,V4_TARGET_EXPANSION_2026-08-16,PROJECT,3,2,TG10_SB_STRENGTH_L2,0.0
V4EXP_PAIR_045,MLV2_DEV_003,V4_TARGET_EXPANSION_2026-08-16,PROJECT,3,2,TG10_SB_STRENGTH_L2,0.0
V4EXP_PAIR_046,NEWDEV2_005,V4_TARGET_EXPANSION_2026-08-16,STATUS,3,2,TG10_SB_STRENGTH_L2,0.0
V4EXP_PAIR_050,MLV2_DEV_032,V4_TARGET_EXPANSION_2026-08-16,STATUS,3,2,TG10_SB_STRENGTH_L2,1.0
V4PRE_PAIR_001,NEWDEV2_006,PREEXISTING_414_SOURCE_REVIEW,COMPETITIVE,3,2,TG10_SB_RELATIONS_L2,0.0
V4PRE_PAIR_008,NEWDEV2_029,PREEXISTING_414_SOURCE_REVIEW,COMPETITIVE,3,2,TG10_SB_RELATIONS_L2,0.0
V4PRE_PAIR_011,NEWDEV2_039,PREEXISTING_414_SOURCE_REVIEW,STATUS,3,2,TG10_SB_RELATIONS_L2,1.0
V4PRE_PAIR_019,NEWDEV2_068,PREEXISTING_414_SOURCE_REVIEW,PROJECT,3,2,TG10_SB_RELATIONS_L2,0.0
V4PRE_PAIR_031,MLV2_DEV_003,PREEXISTING_414_SOURCE_REVIEW,PROJECT,3,2,TG10_SB_RELATIONS_L2,0.0
V4PRE_PAIR_041,MLV2_DEV_038,PREEXISTING_414_SOURCE_REVIEW,RECOGNITION,3,2,TG10_SB_RELATIONS_L2,1.0
V4PRE_PAIR_044,MLV2_DEV_043,PREEXISTING_414_SOURCE_REVIEW,COMPETITIVE,3,2,TG10_SB_RELATIONS_L2,0.0
V4PRE_PAIR_045,MLV2_DEV_043,PREEXISTING_414_SOURCE_REVIEW,COMPETITIVE,3,2,TG10_SB_RELATIONS_L2,0.0
V4PRE_PAIR_046,MLV2_DEV_050,PREEXISTING_414_SOURCE_REVIEW,PROJECT,3,2,TG10_SB_RELATIONS_L2,1.0
V4PRE_PAIR_049,MLV2_DEV_058,PREEXISTING_414_SOURCE_REVIEW,PROJECT,3,2,TG10_SB_RELATIONS_L2,0.0
V4EXP_PAIR_001,NEWDEV2_005,V4_TARGET_EXPANSION_2026-08-16,COMPETITIVE,3,2,TG10_SB_RELATIONS_L2,1.0
V4EXP_PAIR_020,NEWDEV2_031,V4_TARGET_EXPANSION_2026-08-16,COMPETITIVE,3,2,TG10_SB_RELATIONS_L2,1.0
V4EXP_PAIR_024,NEWDEV2_029,V4_TARGET_EXPANSION_2026-08-16,COMPETITIVE,3,2,TG10_SB_RELATIONS_L2,1.0
V4EXP_PAIR_025,MLV2_DEV_043,V4_TARGET_EXPANSION_2026-08-16,COMPETITIVE,3,2,TG10_SB_RELATIONS_L2,0.0
V4EXP_PAIR_029,MLV2_DEV_063,V4_TARGET_EXPANSION_2026-08-16,PROJECT,3,2,TG10_SB_RELATIONS_L2,1.0
V4EXP_PAIR_036,NEWDEV2_100,V4_TARGET_EXPANSION_2026-08-16,PROJECT,3,2,TG10_SB_RELATIONS_L2,1.0
V4EXP_PAIR_038,MLV2_DEV_012,V4_TARGET_EXPANSION_2026-08-16,PROJECT,3,2,TG10_SB_RELATIONS_L2,0.0
V4EXP_PAIR_045,MLV2_DEV_003,V4_TARGET_EXPANSION_2026-08-16,PROJECT,3,2,TG10_SB_RELATIONS_L2,0.0
V4EXP_PAIR_046,NEWDEV2_005,V4_TARGET_EXPANSION_2026-08-16,STATUS,3,2,TG10_SB_RELATIONS_L2,0.0
V4EXP_PAIR_050,MLV2_DEV_032,V4_TARGET_EXPANSION_2026-08-16,STATUS,3,2,TG10_SB_RELATIONS_L2,1.0
V4PRE_PAIR_001,NEWDEV2_006,PREEXISTING_414_SOURCE_REVIEW,COMPETITIVE,3,2,ALL_L2,0.0
V4PRE_PAIR_008,NEWDEV2_029,PREEXISTING_414_SOURCE_REVIEW,COMPETITIVE,3,2,ALL_L2,1.0
V4PRE_PAIR_011,NEWDEV2_039,PREEXISTING_414_SOURCE_REVIEW,STATUS,3,2,ALL_L2,1.0
V4PRE_PAIR_019,NEWDEV2_068,PREEXISTING_414_SOURCE_REVIEW,PROJECT,3,2,ALL_L2,0.0
V4PRE_PAIR_031,MLV2_DEV_003,PREEXISTING_414_SOURCE_REVIEW,PROJECT,3,2,ALL_L2,1.0
V4PRE_PAIR_041,MLV2_DEV_038,PREEXISTING_414_SOURCE_REVIEW,RECOGNITION,3,2,ALL_L2,0.0
V4PRE_PAIR_044,MLV2_DEV_043,PREEXISTING_414_SOURCE_REVIEW,COMPETITIVE,3,2,ALL_L2,0.0
V4PRE_PAIR_045,MLV2_DEV_043,PREEXISTING_414_SOURCE_REVIEW,COMPETITIVE,3,2,ALL_L2,0.0
V4PRE_PAIR_046,MLV2_DEV_050,PREEXISTING_414_SOURCE_REVIEW,PROJECT,3,2,ALL_L2,0.0
V4PRE_PAIR_049,MLV2_DEV_058,PREEXISTING_414_SOURCE_REVIEW,PROJECT,3,2,ALL_L2,1.0
V4EXP_PAIR_001,NEWDEV2_005,V4_TARGET_EXPANSION_2026-08-16,COMPETITIVE,3,2,ALL_L2,1.0
V4EXP_PAIR_020,NEWDEV2_031,V4_TARGET_EXPANSION_2026-08-16,COMPETITIVE,3,2,ALL_L2,0.0
V4EXP_PAIR_024,NEWDEV2_029,V4_TARGET_EXPANSION_2026-08-16,COMPETITIVE,3,2,ALL_L2,1.0
V4EXP_PAIR_025,MLV2_DEV_043,V4_TARGET_EXPANSION_2026-08-16,COMPETITIVE,3,2,ALL_L2,0.0
V4EXP_PAIR_029,MLV2_DEV_063,V4_TARGET_EXPANSION_2026-08-16,PROJECT,3,2,ALL_L2,1.0
V4EXP_PAIR_036,NEWDEV2_100,V4_TARGET_EXPANSION_2026-08-16,PROJECT,3,2,ALL_L2,1.0
V4EXP_PAIR_038,MLV2_DEV_012,V4_TARGET_EXPANSION_2026-08-16,PROJECT,3,2,ALL_L2,1.0
V4EXP_PAIR_045,MLV2_DEV_003,V4_TARGET_EXPANSION_2026-08-16,PROJECT,3,2,ALL_L2,1.0
V4EXP_PAIR_046,NEWDEV2_005,V4_TARGET_EXPANSION_2026-08-16,STATUS,3,2,ALL_L2,0.0
V4EXP_PAIR_050,MLV2_DEV_032,V4_TARGET_EXPANSION_2026-08-16,STATUS,3,2,ALL_L2,0.0
V4PRE_PAIR_001,NEWDEV2_006,PREEXISTING_414_SOURCE_REVIEW,COMPETITIVE,3,2,NUISANCE_AGE_AXIS,1.0
V4PRE_PAIR_008,NEWDEV2_029,PREEXISTING_414_SOURCE_REVIEW,COMPETITIVE,3,2,NUISANCE_AGE_AXIS,0.0
V4PRE_PAIR_011,NEWDEV2_039,PREEXISTING_414_SOURCE_REVIEW,STATUS,3,2,NUISANCE_AGE_AXIS,1.0
V4PRE_PAIR_019,NEWDEV2_068,PREEXISTING_414_SOURCE_REVIEW,PROJECT,3,2,NUISANCE_AGE_AXIS,1.0
V4PRE_PAIR_031,MLV2_DEV_003,PREEXISTING_414_SOURCE_REVIEW,PROJECT,3,2,NUISANCE_AGE_AXIS,1.0
V4PRE_PAIR_041,MLV2_DEV_038,PREEXISTING_414_SOURCE_REVIEW,RECOGNITION,3,2,NUISANCE_AGE_AXIS,0.0
V4PRE_PAIR_044,MLV2_DEV_043,PREEXISTING_414_SOURCE_REVIEW,COMPETITIVE,3,2,NUISANCE_AGE_AXIS,0.0
V4PRE_PAIR_045,MLV2_DEV_043,PREEXISTING_414_SOURCE_REVIEW,COMPETITIVE,3,2,NUISANCE_AGE_AXIS,0.0
V4PRE_PAIR_046,MLV2_DEV_050,PREEXISTING_414_SOURCE_REVIEW,PROJECT,3,2,NUISANCE_AGE_AXIS,1.0
V4PRE_PAIR_049,MLV2_DEV_058,PREEXISTING_414_SOURCE_REVIEW,PROJECT,3,2,NUISANCE_AGE_AXIS,1.0
V4EXP_PAIR_001,NEWDEV2_005,V4_TARGET_EXPANSION_2026-08-16,COMPETITIVE,3,2,NUISANCE_AGE_AXIS,1.0
V4EXP_PAIR_020,NEWDEV2_031,V4_TARGET_EXPANSION_2026-08-16,COMPETITIVE,3,2,NUISANCE_AGE_AXIS,1.0
V4EXP_PAIR_024,NEWDEV2_029,V4_TARGET_EXPANSION_2026-08-16,COMPETITIVE,3,2,NUISANCE_AGE_AXIS,1.0
V4EXP_PAIR_025,MLV2_DEV_043,V4_TARGET_EXPANSION_2026-08-16,COMPETITIVE,3,2,NUISANCE_AGE_AXIS,1.0
V4EXP_PAIR_029,MLV2_DEV_063,V4_TARGET_EXPANSION_2026-08-16,PROJECT,3,2,NUISANCE_AGE_AXIS,0.0
V4EXP_PAIR_036,NEWDEV2_100,V4_TARGET_EXPANSION_2026-08-16,PROJECT,3,2,NUISANCE_AGE_AXIS,0.0
V4EXP_PAIR_038,MLV2_DEV_012,V4_TARGET_EXPANSION_2026-08-16,PROJECT,3,2,NUISANCE_AGE_AXIS,0.0
V4EXP_PAIR_045,MLV2_DEV_003,V4_TARGET_EXPANSION_2026-08-16,PROJECT,3,2,NUISANCE_AGE_AXIS,0.0
V4EXP_PAIR_046,NEWDEV2_005,V4_TARGET_EXPANSION_2026-08-16,STATUS,3,2,NUISANCE_AGE_AXIS,0.0
V4EXP_PAIR_050,MLV2_DEV_032,V4_TARGET_EXPANSION_2026-08-16,STATUS,3,2,NUISANCE_AGE_AXIS,0.0
V4PRE_PAIR_001,NEWDEV2_006,PREEXISTING_414_SOURCE_REVIEW,COMPETITIVE,3,2,NUISANCE_WITH_ORIGIN_DIAGNOSTIC,0.0
V4PRE_PAIR_008,NEWDEV2_029,PREEXISTING_414_SOURCE_REVIEW,COMPETITIVE,3,2,NUISANCE_WITH_ORIGIN_DIAGNOSTIC,1.0
V4PRE_PAIR_011,NEWDEV2_039,PREEXISTING_414_SOURCE_REVIEW,STATUS,3,2,NUISANCE_WITH_ORIGIN_DIAGNOSTIC,1.0
V4PRE_PAIR_019,NEWDEV2_068,PREEXISTING_414_SOURCE_REVIEW,PROJECT,3,2,NUISANCE_WITH_ORIGIN_DIAGNOSTIC,1.0
V4PRE_PAIR_031,MLV2_DEV_003,PREEXISTING_414_SOURCE_REVIEW,PROJECT,3,2,NUISANCE_WITH_ORIGIN_DIAGNOSTIC,1.0
V4PRE_PAIR_041,MLV2_DEV_038,PREEXISTING_414_SOURCE_REVIEW,RECOGNITION,3,2,NUISANCE_WITH_ORIGIN_DIAGNOSTIC,0.0
V4PRE_PAIR_044,MLV2_DEV_043,PREEXISTING_414_SOURCE_REVIEW,COMPETITIVE,3,2,NUISANCE_WITH_ORIGIN_DIAGNOSTIC,1.0
V4PRE_PAIR_045,MLV2_DEV_043,PREEXISTING_414_SOURCE_REVIEW,COMPETITIVE,3,2,NUISANCE_WITH_ORIGIN_DIAGNOSTIC,1.0
V4PRE_PAIR_046,MLV2_DEV_050,PREEXISTING_414_SOURCE_REVIEW,PROJECT,3,2,NUISANCE_WITH_ORIGIN_DIAGNOSTIC,1.0
V4PRE_PAIR_049,MLV2_DEV_058,PREEXISTING_414_SOURCE_REVIEW,PROJECT,3,2,NUISANCE_WITH_ORIGIN_DIAGNOSTIC,1.0
V4EXP_PAIR_001,NEWDEV2_005,V4_TARGET_EXPANSION_2026-08-16,COMPETITIVE,3,2,NUISANCE_WITH_ORIGIN_DIAGNOSTIC,1.0
V4EXP_PAIR_020,NEWDEV2_031,V4_TARGET_EXPANSION_2026-08-16,COMPETITIVE,3,2,NUISANCE_WITH_ORIGIN_DIAGNOSTIC,1.0
V4EXP_PAIR_024,NEWDEV2_029,V4_TARGET_EXPANSION_2026-08-16,COMPETITIVE,3,2,NUISANCE_WITH_ORIGIN_DIAGNOSTIC,1.0
V4EXP_PAIR_025,MLV2_DEV_043,V4_TARGET_EXPANSION_2026-08-16,COMPETITIVE,3,2,NUISANCE_WITH_ORIGIN_DIAGNOSTIC,1.0
V4EXP_PAIR_029,MLV2_DEV_063,V4_TARGET_EXPANSION_2026-08-16,PROJECT,3,2,NUISANCE_WITH_ORIGIN_DIAGNOSTIC,1.0
V4EXP_PAIR_036,NEWDEV2_100,V4_TARGET_EXPANSION_2026-08-16,PROJECT,3,2,NUISANCE_WITH_ORIGIN_DIAGNOSTIC,1.0
V4EXP_PAIR_038,MLV2_DEV_012,V4_TARGET_EXPANSION_2026-08-16,PROJECT,3,2,NUISANCE_WITH_ORIGIN_DIAGNOSTIC,1.0
V4EXP_PAIR_045,MLV2_DEV_003,V4_TARGET_EXPANSION_2026-08-16,PROJECT,3,2,NUISANCE_WITH_ORIGIN_DIAGNOSTIC,1.0
V4EXP_PAIR_046,NEWDEV2_005,V4_TARGET_EXPANSION_2026-08-16,STATUS,3,2,NUISANCE_WITH_ORIGIN_DIAGNOSTIC,1.0
V4EXP_PAIR_050,MLV2_DEV_032,V4_TARGET_EXPANSION_2026-08-16,STATUS,3,2,NUISANCE_WITH_ORIGIN_DIAGNOSTIC,1.0
V4PRE_PAIR_001,NEWDEV2_006,PREEXISTING_414_SOURCE_REVIEW,COMPETITIVE,3,2,ALL_ELASTICNET_AUTO,1.0
V4PRE_PAIR_008,NEWDEV2_029,PREEXISTING_414_SOURCE_REVIEW,COMPETITIVE,3,2,ALL_ELASTICNET_AUTO,1.0
V4PRE_PAIR_011,NEWDEV2_039,PREEXISTING_414_SOURCE_REVIEW,STATUS,3,2,ALL_ELASTICNET_AUTO,1.0
V4PRE_PAIR_019,NEWDEV2_068,PREEXISTING_414_SOURCE_REVIEW,PROJECT,3,2,ALL_ELASTICNET_AUTO,1.0
V4PRE_PAIR_031,MLV2_DEV_003,PREEXISTING_414_SOURCE_REVIEW,PROJECT,3,2,ALL_ELASTICNET_AUTO,1.0
V4PRE_PAIR_041,MLV2_DEV_038,PREEXISTING_414_SOURCE_REVIEW,RECOGNITION,3,2,ALL_ELASTICNET_AUTO,1.0
V4PRE_PAIR_044,MLV2_DEV_043,PREEXISTING_414_SOURCE_REVIEW,COMPETITIVE,3,2,ALL_ELASTICNET_AUTO,1.0
V4PRE_PAIR_045,MLV2_DEV_043,PREEXISTING_414_SOURCE_REVIEW,COMPETITIVE,3,2,ALL_ELASTICNET_AUTO,1.0
V4PRE_PAIR_046,MLV2_DEV_050,PREEXISTING_414_SOURCE_REVIEW,PROJECT,3,2,ALL_ELASTICNET_AUTO,1.0
V4PRE_PAIR_049,MLV2_DEV_058,PREEXISTING_414_SOURCE_REVIEW,PROJECT,3,2,ALL_ELASTICNET_AUTO,1.0
V4EXP_PAIR_001,NEWDEV2_005,V4_TARGET_EXPANSION_2026-08-16,COMPETITIVE,3,2,ALL_ELASTICNET_AUTO,1.0
V4EXP_PAIR_020,NEWDEV2_031,V4_TARGET_EXPANSION_2026-08-16,COMPETITIVE,3,2,ALL_ELASTICNET_AUTO,1.0
V4EXP_PAIR_024,NEWDEV2_029,V4_TARGET_EXPANSION_2026-08-16,COMPETITIVE,3,2,ALL_ELASTICNET_AUTO,1.0
V4EXP_PAIR_025,MLV2_DEV_043,V4_TARGET_EXPANSION_2026-08-16,COMPETITIVE,3,2,ALL_ELASTICNET_AUTO,1.0
V4EXP_PAIR_029,MLV2_DEV_063,V4_TARGET_EXPANSION_2026-08-16,PROJECT,3,2,ALL_ELASTICNET_AUTO,1.0
V4EXP_PAIR_036,NEWDEV2_100,V4_TARGET_EXPANSION_2026-08-16,PROJECT,3,2,ALL_ELASTICNET_AUTO,1.0
V4EXP_PAIR_038,MLV2_DEV_012,V4_TARGET_EXPANSION_2026-08-16,PROJECT,3,2,ALL_ELASTICNET_AUTO,1.0
V4EXP_PAIR_045,MLV2_DEV_003,V4_TARGET_EXPANSION_2026-08-16,PROJECT,3,2,ALL_ELASTICNET_AUTO,1.0
V4EXP_PAIR_046,NEWDEV2_005,V4_TARGET_EXPANSION_2026-08-16,STATUS,3,2,ALL_ELASTICNET_AUTO,1.0
V4EXP_PAIR_050,MLV2_DEV_032,V4_TARGET_EXPANSION_2026-08-16,STATUS,3,2,ALL_ELASTICNET_AUTO,1.0
V4PRE_PAIR_001,NEWDEV2_006,PREEXISTING_414_SOURCE_REVIEW,COMPETITIVE,3,2,HGB_ALL_EXPLORATORY,0.0
V4PRE_PAIR_008,NEWDEV2_029,PREEXISTING_414_SOURCE_REVIEW,COMPETITIVE,3,2,HGB_ALL_EXPLORATORY,0.0
V4PRE_PAIR_011,NEWDEV2_039,PREEXISTING_414_SOURCE_REVIEW,STATUS,3,2,HGB_ALL_EXPLORATORY,0.0
V4PRE_PAIR_019,NEWDEV2_068,PREEXISTING_414_SOURCE_REVIEW,PROJECT,3,2,HGB_ALL_EXPLORATORY,0.0
V4PRE_PAIR_031,MLV2_DEV_003,PREEXISTING_414_SOURCE_REVIEW,PROJECT,3,2,HGB_ALL_EXPLORATORY,1.0
V4PRE_PAIR_041,MLV2_DEV_038,PREEXISTING_414_SOURCE_REVIEW,RECOGNITION,3,2,HGB_ALL_EXPLORATORY,0.0
V4PRE_PAIR_044,MLV2_DEV_043,PREEXISTING_414_SOURCE_REVIEW,COMPETITIVE,3,2,HGB_ALL_EXPLORATORY,0.0
V4PRE_PAIR_045,MLV2_DEV_043,PREEXISTING_414_SOURCE_REVIEW,COMPETITIVE,3,2,HGB_ALL_EXPLORATORY,0.0
V4PRE_PAIR_046,MLV2_DEV_050,PREEXISTING_414_SOURCE_REVIEW,PROJECT,3,2,HGB_ALL_EXPLORATORY,0.0
V4PRE_PAIR_049,MLV2_DEV_058,PREEXISTING_414_SOURCE_REVIEW,PROJECT,3,2,HGB_ALL_EXPLORATORY,0.0
V4EXP_PAIR_001,NEWDEV2_005,V4_TARGET_EXPANSION_2026-08-16,COMPETITIVE,3,2,HGB_ALL_EXPLORATORY,1.0
V4EXP_PAIR_020,NEWDEV2_031,V4_TARGET_EXPANSION_2026-08-16,COMPETITIVE,3,2,HGB_ALL_EXPLORATORY,0.0
V4EXP_PAIR_024,NEWDEV2_029,V4_TARGET_EXPANSION_2026-08-16,COMPETITIVE,3,2,HGB_ALL_EXPLORATORY,1.0
V4EXP_PAIR_025,MLV2_DEV_043,V4_TARGET_EXPANSION_2026-08-16,COMPETITIVE,3,2,HGB_ALL_EXPLORATORY,1.0
V4EXP_PAIR_029,MLV2_DEV_063,V4_TARGET_EXPANSION_2026-08-16,PROJECT,3,2,HGB_ALL_EXPLORATORY,1.0
V4EXP_PAIR_036,NEWDEV2_100,V4_TARGET_EXPANSION_2026-08-16,PROJECT,3,2,HGB_ALL_EXPLORATORY,1.0
V4EXP_PAIR_038,MLV2_DEV_012,V4_TARGET_EXPANSION_2026-08-16,PROJECT,3,2,HGB_ALL_EXPLORATORY,1.0
V4EXP_PAIR_045,MLV2_DEV_003,V4_TARGET_EXPANSION_2026-08-16,PROJECT,3,2,HGB_ALL_EXPLORATORY,0.0
V4EXP_PAIR_046,NEWDEV2_005,V4_TARGET_EXPANSION_2026-08-16,STATUS,3,2,HGB_ALL_EXPLORATORY,0.0
V4EXP_PAIR_050,MLV2_DEV_032,V4_TARGET_EXPANSION_2026-08-16,STATUS,3,2,HGB_ALL_EXPLORATORY,0.0
V4PRE_PAIR_002,NEWDEV2_010,PREEXISTING_414_SOURCE_REVIEW,COMPETITIVE,3,3,AGE_YOUNGER_FIXED,0.0
V4PRE_PAIR_007,NEWDEV2_028,PREEXISTING_414_SOURCE_REVIEW,COMPETITIVE,3,3,AGE_YOUNGER_FIXED,1.0
V4PRE_PAIR_009,NEWDEV2_030,PREEXISTING_414_SOURCE_REVIEW,COMPETITIVE,3,3,AGE_YOUNGER_FIXED,1.0
V4PRE_PAIR_016,NEWDEV2_065,PREEXISTING_414_SOURCE_REVIEW,COMPETITIVE,3,3,AGE_YOUNGER_FIXED,1.0
V4PRE_PAIR_017,NEWDEV2_066,PREEXISTING_414_SOURCE_REVIEW,STATUS,3,3,AGE_YOUNGER_FIXED,1.0
V4PRE_PAIR_024,NEWDEV2_078,PREEXISTING_414_SOURCE_REVIEW,COMPETITIVE,3,3,AGE_YOUNGER_FIXED,1.0
V4PRE_PAIR_029,NEWDEV2_091,PREEXISTING_414_SOURCE_REVIEW,PROJECT,3,3,AGE_YOUNGER_FIXED,1.0
V4PRE_PAIR_037,MLV2_DEV_022,PREEXISTING_414_SOURCE_REVIEW,RECOGNITION,3,3,AGE_YOUNGER_FIXED,1.0
V4PRE_PAIR_038,MLV2_DEV_022,PREEXISTING_414_SOURCE_REVIEW,RECOGNITION,3,3,AGE_YOUNGER_FIXED,0.0
V4PRE_PAIR_048,MLV2_DEV_057,PREEXISTING_414_SOURCE_REVIEW,PROJECT,3,3,AGE_YOUNGER_FIXED,1.0
V4EXP_PAIR_018,NEWDEV2_065,V4_TARGET_EXPANSION_2026-08-16,COMPETITIVE,3,3,AGE_YOUNGER_FIXED,0.0
V4EXP_PAIR_019,NEWDEV2_065,V4_TARGET_EXPANSION_2026-08-16,COMPETITIVE,3,3,AGE_YOUNGER_FIXED,0.0
V4EXP_PAIR_022,NEWDEV2_059,V4_TARGET_EXPANSION_2026-08-16,COMPETITIVE,3,3,AGE_YOUNGER_FIXED,0.0
V4EXP_PAIR_023,NEWDEV2_059,V4_TARGET_EXPANSION_2026-08-16,COMPETITIVE,3,3,AGE_YOUNGER_FIXED,0.0
V4EXP_PAIR_031,NEWDEV2_054,V4_TARGET_EXPANSION_2026-08-16,PROJECT,3,3,AGE_YOUNGER_FIXED,0.0
V4EXP_PAIR_039,NEWDEV2_084,V4_TARGET_EXPANSION_2026-08-16,PROJECT,3,3,AGE_YOUNGER_FIXED,0.0
V4EXP_PAIR_041,MLV2_DEV_044,V4_TARGET_EXPANSION_2026-08-16,PROJECT,3,3,AGE_YOUNGER_FIXED,0.0
V4EXP_PAIR_042,MLV2_DEV_011,V4_TARGET_EXPANSION_2026-08-16,PROJECT,3,3,AGE_YOUNGER_FIXED,0.0
V4EXP_PAIR_044,MLV2_DEV_057,V4_TARGET_EXPANSION_2026-08-16,PROJECT,3,3,AGE_YOUNGER_FIXED,0.0
V4EXP_PAIR_048,NEWDEV2_066,V4_TARGET_EXPANSION_2026-08-16,STATUS,3,3,AGE_YOUNGER_FIXED,0.0
V4EXP_PAIR_051,NEWDEV2_066,V4_TARGET_EXPANSION_2026-08-16,STATUS,3,3,AGE_YOUNGER_FIXED,0.0
V4PRE_PAIR_002,NEWDEV2_010,PREEXISTING_414_SOURCE_REVIEW,COMPETITIVE,3,3,AGE_LATER_FIXED,1.0
V4PRE_PAIR_007,NEWDEV2_028,PREEXISTING_414_SOURCE_REVIEW,COMPETITIVE,3,3,AGE_LATER_FIXED,0.0
V4PRE_PAIR_009,NEWDEV2_030,PREEXISTING_414_SOURCE_REVIEW,COMPETITIVE,3,3,AGE_LATER_FIXED,0.0
V4PRE_PAIR_016,NEWDEV2_065,PREEXISTING_414_SOURCE_REVIEW,COMPETITIVE,3,3,AGE_LATER_FIXED,0.0
V4PRE_PAIR_017,NEWDEV2_066,PREEXISTING_414_SOURCE_REVIEW,STATUS,3,3,AGE_LATER_FIXED,0.0
V4PRE_PAIR_024,NEWDEV2_078,PREEXISTING_414_SOURCE_REVIEW,COMPETITIVE,3,3,AGE_LATER_FIXED,0.0
V4PRE_PAIR_029,NEWDEV2_091,PREEXISTING_414_SOURCE_REVIEW,PROJECT,3,3,AGE_LATER_FIXED,0.0
V4PRE_PAIR_037,MLV2_DEV_022,PREEXISTING_414_SOURCE_REVIEW,RECOGNITION,3,3,AGE_LATER_FIXED,0.0
V4PRE_PAIR_038,MLV2_DEV_022,PREEXISTING_414_SOURCE_REVIEW,RECOGNITION,3,3,AGE_LATER_FIXED,1.0
V4PRE_PAIR_048,MLV2_DEV_057,PREEXISTING_414_SOURCE_REVIEW,PROJECT,3,3,AGE_LATER_FIXED,0.0
V4EXP_PAIR_018,NEWDEV2_065,V4_TARGET_EXPANSION_2026-08-16,COMPETITIVE,3,3,AGE_LATER_FIXED,1.0
V4EXP_PAIR_019,NEWDEV2_065,V4_TARGET_EXPANSION_2026-08-16,COMPETITIVE,3,3,AGE_LATER_FIXED,1.0
V4EXP_PAIR_022,NEWDEV2_059,V4_TARGET_EXPANSION_2026-08-16,COMPETITIVE,3,3,AGE_LATER_FIXED,1.0
V4EXP_PAIR_023,NEWDEV2_059,V4_TARGET_EXPANSION_2026-08-16,COMPETITIVE,3,3,AGE_LATER_FIXED,1.0
V4EXP_PAIR_031,NEWDEV2_054,V4_TARGET_EXPANSION_2026-08-16,PROJECT,3,3,AGE_LATER_FIXED,1.0
V4EXP_PAIR_039,NEWDEV2_084,V4_TARGET_EXPANSION_2026-08-16,PROJECT,3,3,AGE_LATER_FIXED,1.0
V4EXP_PAIR_041,MLV2_DEV_044,V4_TARGET_EXPANSION_2026-08-16,PROJECT,3,3,AGE_LATER_FIXED,1.0
V4EXP_PAIR_042,MLV2_DEV_011,V4_TARGET_EXPANSION_2026-08-16,PROJECT,3,3,AGE_LATER_FIXED,1.0
V4EXP_PAIR_044,MLV2_DEV_057,V4_TARGET_EXPANSION_2026-08-16,PROJECT,3,3,AGE_LATER_FIXED,1.0
V4EXP_PAIR_048,NEWDEV2_066,V4_TARGET_EXPANSION_2026-08-16,STATUS,3,3,AGE_LATER_FIXED,1.0
V4EXP_PAIR_051,NEWDEV2_066,V4_TARGET_EXPANSION_2026-08-16,STATUS,3,3,AGE_LATER_FIXED,1.0
V4PRE_PAIR_002,NEWDEV2_010,PREEXISTING_414_SOURCE_REVIEW,COMPETITIVE,3,3,CONTROL_FIXED,0.5
V4PRE_PAIR_007,NEWDEV2_028,PREEXISTING_414_SOURCE_REVIEW,COMPETITIVE,3,3,CONTROL_FIXED,1.0
V4PRE_PAIR_009,NEWDEV2_030,PREEXISTING_414_SOURCE_REVIEW,COMPETITIVE,3,3,CONTROL_FIXED,0.0
V4PRE_PAIR_016,NEWDEV2_065,PREEXISTING_414_SOURCE_REVIEW,COMPETITIVE,3,3,CONTROL_FIXED,0.0
V4PRE_PAIR_017,NEWDEV2_066,PREEXISTING_414_SOURCE_REVIEW,STATUS,3,3,CONTROL_FIXED,0.0
V4PRE_PAIR_024,NEWDEV2_078,PREEXISTING_414_SOURCE_REVIEW,COMPETITIVE,3,3,CONTROL_FIXED,1.0
V4PRE_PAIR_029,NEWDEV2_091,PREEXISTING_414_SOURCE_REVIEW,PROJECT,3,3,CONTROL_FIXED,1.0
V4PRE_PAIR_037,MLV2_DEV_022,PREEXISTING_414_SOURCE_REVIEW,RECOGNITION,3,3,CONTROL_FIXED,0.0
V4PRE_PAIR_038,MLV2_DEV_022,PREEXISTING_414_SOURCE_REVIEW,RECOGNITION,3,3,CONTROL_FIXED,1.0
V4PRE_PAIR_048,MLV2_DEV_057,PREEXISTING_414_SOURCE_REVIEW,PROJECT,3,3,CONTROL_FIXED,0.0
V4EXP_PAIR_018,NEWDEV2_065,V4_TARGET_EXPANSION_2026-08-16,COMPETITIVE,3,3,CONTROL_FIXED,1.0
V4EXP_PAIR_019,NEWDEV2_065,V4_TARGET_EXPANSION_2026-08-16,COMPETITIVE,3,3,CONTROL_FIXED,0.0
V4EXP_PAIR_022,NEWDEV2_059,V4_TARGET_EXPANSION_2026-08-16,COMPETITIVE,3,3,CONTROL_FIXED,0.0
V4EXP_PAIR_023,NEWDEV2_059,V4_TARGET_EXPANSION_2026-08-16,COMPETITIVE,3,3,CONTROL_FIXED,0.0
V4EXP_PAIR_031,NEWDEV2_054,V4_TARGET_EXPANSION_2026-08-16,PROJECT,3,3,CONTROL_FIXED,0.5
V4EXP_PAIR_039,NEWDEV2_084,V4_TARGET_EXPANSION_2026-08-16,PROJECT,3,3,CONTROL_FIXED,0.5
V4EXP_PAIR_041,MLV2_DEV_044,V4_TARGET_EXPANSION_2026-08-16,PROJECT,3,3,CONTROL_FIXED,1.0
V4EXP_PAIR_042,MLV2_DEV_011,V4_TARGET_EXPANSION_2026-08-16,PROJECT,3,3,CONTROL_FIXED,1.0
V4EXP_PAIR_044,MLV2_DEV_057,V4_TARGET_EXPANSION_2026-08-16,PROJECT,3,3,CONTROL_FIXED,0.0
V4EXP_PAIR_048,NEWDEV2_066,V4_TARGET_EXPANSION_2026-08-16,STATUS,3,3,CONTROL_FIXED,0.0
V4EXP_PAIR_051,NEWDEV2_066,V4_TARGET_EXPANSION_2026-08-16,STATUS,3,3,CONTROL_FIXED,0.0
V4PRE_PAIR_002,NEWDEV2_010,PREEXISTING_414_SOURCE_REVIEW,COMPETITIVE,3,3,TG5_GROUP_L2,0.0
V4PRE_PAIR_007,NEWDEV2_028,PREEXISTING_414_SOURCE_REVIEW,COMPETITIVE,3,3,TG5_GROUP_L2,0.5
V4PRE_PAIR_009,NEWDEV2_030,PREEXISTING_414_SOURCE_REVIEW,COMPETITIVE,3,3,TG5_GROUP_L2,0.0
V4PRE_PAIR_016,NEWDEV2_065,PREEXISTING_414_SOURCE_REVIEW,COMPETITIVE,3,3,TG5_GROUP_L2,0.0
V4PRE_PAIR_017,NEWDEV2_066,PREEXISTING_414_SOURCE_REVIEW,STATUS,3,3,TG5_GROUP_L2,1.0
V4PRE_PAIR_024,NEWDEV2_078,PREEXISTING_414_SOURCE_REVIEW,COMPETITIVE,3,3,TG5_GROUP_L2,0.0
V4PRE_PAIR_029,NEWDEV2_091,PREEXISTING_414_SOURCE_REVIEW,PROJECT,3,3,TG5_GROUP_L2,0.0
V4PRE_PAIR_037,MLV2_DEV_022,PREEXISTING_414_SOURCE_REVIEW,RECOGNITION,3,3,TG5_GROUP_L2,1.0
V4PRE_PAIR_038,MLV2_DEV_022,PREEXISTING_414_SOURCE_REVIEW,RECOGNITION,3,3,TG5_GROUP_L2,0.5
V4PRE_PAIR_048,MLV2_DEV_057,PREEXISTING_414_SOURCE_REVIEW,PROJECT,3,3,TG5_GROUP_L2,0.5
V4EXP_PAIR_018,NEWDEV2_065,V4_TARGET_EXPANSION_2026-08-16,COMPETITIVE,3,3,TG5_GROUP_L2,1.0
V4EXP_PAIR_019,NEWDEV2_065,V4_TARGET_EXPANSION_2026-08-16,COMPETITIVE,3,3,TG5_GROUP_L2,0.0
V4EXP_PAIR_022,NEWDEV2_059,V4_TARGET_EXPANSION_2026-08-16,COMPETITIVE,3,3,TG5_GROUP_L2,1.0
V4EXP_PAIR_023,NEWDEV2_059,V4_TARGET_EXPANSION_2026-08-16,COMPETITIVE,3,3,TG5_GROUP_L2,0.5
V4EXP_PAIR_031,NEWDEV2_054,V4_TARGET_EXPANSION_2026-08-16,PROJECT,3,3,TG5_GROUP_L2,0.0
V4EXP_PAIR_039,NEWDEV2_084,V4_TARGET_EXPANSION_2026-08-16,PROJECT,3,3,TG5_GROUP_L2,0.0
V4EXP_PAIR_041,MLV2_DEV_044,V4_TARGET_EXPANSION_2026-08-16,PROJECT,3,3,TG5_GROUP_L2,1.0
V4EXP_PAIR_042,MLV2_DEV_011,V4_TARGET_EXPANSION_2026-08-16,PROJECT,3,3,TG5_GROUP_L2,1.0
V4EXP_PAIR_044,MLV2_DEV_057,V4_TARGET_EXPANSION_2026-08-16,PROJECT,3,3,TG5_GROUP_L2,1.0
V4EXP_PAIR_048,NEWDEV2_066,V4_TARGET_EXPANSION_2026-08-16,STATUS,3,3,TG5_GROUP_L2,0.0
V4EXP_PAIR_051,NEWDEV2_066,V4_TARGET_EXPANSION_2026-08-16,STATUS,3,3,TG5_GROUP_L2,0.5
V4PRE_PAIR_002,NEWDEV2_010,PREEXISTING_414_SOURCE_REVIEW,COMPETITIVE,3,3,TG10_STEM_L2,0.0
V4PRE_PAIR_007,NEWDEV2_028,PREEXISTING_414_SOURCE_REVIEW,COMPETITIVE,3,3,TG10_STEM_L2,1.0
V4PRE_PAIR_009,NEWDEV2_030,PREEXISTING_414_SOURCE_REVIEW,COMPETITIVE,3,3,TG10_STEM_L2,1.0
V4PRE_PAIR_016,NEWDEV2_065,PREEXISTING_414_SOURCE_REVIEW,COMPETITIVE,3,3,TG10_STEM_L2,1.0
V4PRE_PAIR_017,NEWDEV2_066,PREEXISTING_414_SOURCE_REVIEW,STATUS,3,3,TG10_STEM_L2,1.0
V4PRE_PAIR_024,NEWDEV2_078,PREEXISTING_414_SOURCE_REVIEW,COMPETITIVE,3,3,TG10_STEM_L2,0.0
V4PRE_PAIR_029,NEWDEV2_091,PREEXISTING_414_SOURCE_REVIEW,PROJECT,3,3,TG10_STEM_L2,0.0
V4PRE_PAIR_037,MLV2_DEV_022,PREEXISTING_414_SOURCE_REVIEW,RECOGNITION,3,3,TG10_STEM_L2,0.0
V4PRE_PAIR_038,MLV2_DEV_022,PREEXISTING_414_SOURCE_REVIEW,RECOGNITION,3,3,TG10_STEM_L2,1.0
V4PRE_PAIR_048,MLV2_DEV_057,PREEXISTING_414_SOURCE_REVIEW,PROJECT,3,3,TG10_STEM_L2,0.0
V4EXP_PAIR_018,NEWDEV2_065,V4_TARGET_EXPANSION_2026-08-16,COMPETITIVE,3,3,TG10_STEM_L2,1.0
V4EXP_PAIR_019,NEWDEV2_065,V4_TARGET_EXPANSION_2026-08-16,COMPETITIVE,3,3,TG10_STEM_L2,0.0
V4EXP_PAIR_022,NEWDEV2_059,V4_TARGET_EXPANSION_2026-08-16,COMPETITIVE,3,3,TG10_STEM_L2,0.0
V4EXP_PAIR_023,NEWDEV2_059,V4_TARGET_EXPANSION_2026-08-16,COMPETITIVE,3,3,TG10_STEM_L2,0.0
V4EXP_PAIR_031,NEWDEV2_054,V4_TARGET_EXPANSION_2026-08-16,PROJECT,3,3,TG10_STEM_L2,1.0
V4EXP_PAIR_039,NEWDEV2_084,V4_TARGET_EXPANSION_2026-08-16,PROJECT,3,3,TG10_STEM_L2,1.0
V4EXP_PAIR_041,MLV2_DEV_044,V4_TARGET_EXPANSION_2026-08-16,PROJECT,3,3,TG10_STEM_L2,1.0
V4EXP_PAIR_042,MLV2_DEV_011,V4_TARGET_EXPANSION_2026-08-16,PROJECT,3,3,TG10_STEM_L2,1.0
V4EXP_PAIR_044,MLV2_DEV_057,V4_TARGET_EXPANSION_2026-08-16,PROJECT,3,3,TG10_STEM_L2,1.0
V4EXP_PAIR_048,NEWDEV2_066,V4_TARGET_EXPANSION_2026-08-16,STATUS,3,3,TG10_STEM_L2,0.0
V4EXP_PAIR_051,NEWDEV2_066,V4_TARGET_EXPANSION_2026-08-16,STATUS,3,3,TG10_STEM_L2,1.0
V4PRE_PAIR_002,NEWDEV2_010,PREEXISTING_414_SOURCE_REVIEW,COMPETITIVE,3,3,TG10_STEM_BRANCH_L2,1.0
V4PRE_PAIR_007,NEWDEV2_028,PREEXISTING_414_SOURCE_REVIEW,COMPETITIVE,3,3,TG10_STEM_BRANCH_L2,1.0
V4PRE_PAIR_009,NEWDEV2_030,PREEXISTING_414_SOURCE_REVIEW,COMPETITIVE,3,3,TG10_STEM_BRANCH_L2,1.0
V4PRE_PAIR_016,NEWDEV2_065,PREEXISTING_414_SOURCE_REVIEW,COMPETITIVE,3,3,TG10_STEM_BRANCH_L2,0.0
V4PRE_PAIR_017,NEWDEV2_066,PREEXISTING_414_SOURCE_REVIEW,STATUS,3,3,TG10_STEM_BRANCH_L2,1.0
V4PRE_PAIR_024,NEWDEV2_078,PREEXISTING_414_SOURCE_REVIEW,COMPETITIVE,3,3,TG10_STEM_BRANCH_L2,0.0
V4PRE_PAIR_029,NEWDEV2_091,PREEXISTING_414_SOURCE_REVIEW,PROJECT,3,3,TG10_STEM_BRANCH_L2,1.0
V4PRE_PAIR_037,MLV2_DEV_022,PREEXISTING_414_SOURCE_REVIEW,RECOGNITION,3,3,TG10_STEM_BRANCH_L2,1.0
V4PRE_PAIR_038,MLV2_DEV_022,PREEXISTING_414_SOURCE_REVIEW,RECOGNITION,3,3,TG10_STEM_BRANCH_L2,0.0
V4PRE_PAIR_048,MLV2_DEV_057,PREEXISTING_414_SOURCE_REVIEW,PROJECT,3,3,TG10_STEM_BRANCH_L2,0.0
V4EXP_PAIR_018,NEWDEV2_065,V4_TARGET_EXPANSION_2026-08-16,COMPETITIVE,3,3,TG10_STEM_BRANCH_L2,0.0
V4EXP_PAIR_019,NEWDEV2_065,V4_TARGET_EXPANSION_2026-08-16,COMPETITIVE,3,3,TG10_STEM_BRANCH_L2,0.0
V4EXP_PAIR_022,NEWDEV2_059,V4_TARGET_EXPANSION_2026-08-16,COMPETITIVE,3,3,TG10_STEM_BRANCH_L2,1.0
V4EXP_PAIR_023,NEWDEV2_059,V4_TARGET_EXPANSION_2026-08-16,COMPETITIVE,3,3,TG10_STEM_BRANCH_L2,0.0
V4EXP_PAIR_031,NEWDEV2_054,V4_TARGET_EXPANSION_2026-08-16,PROJECT,3,3,TG10_STEM_BRANCH_L2,0.0
V4EXP_PAIR_039,NEWDEV2_084,V4_TARGET_EXPANSION_2026-08-16,PROJECT,3,3,TG10_STEM_BRANCH_L2,0.0
V4EXP_PAIR_041,MLV2_DEV_044,V4_TARGET_EXPANSION_2026-08-16,PROJECT,3,3,TG10_STEM_BRANCH_L2,1.0
V4EXP_PAIR_042,MLV2_DEV_011,V4_TARGET_EXPANSION_2026-08-16,PROJECT,3,3,TG10_STEM_BRANCH_L2,1.0
V4EXP_PAIR_044,MLV2_DEV_057,V4_TARGET_EXPANSION_2026-08-16,PROJECT,3,3,TG10_STEM_BRANCH_L2,0.0
V4EXP_PAIR_048,NEWDEV2_066,V4_TARGET_EXPANSION_2026-08-16,STATUS,3,3,TG10_STEM_BRANCH_L2,0.0
V4EXP_PAIR_051,NEWDEV2_066,V4_TARGET_EXPANSION_2026-08-16,STATUS,3,3,TG10_STEM_BRANCH_L2,0.0
V4PRE_PAIR_002,NEWDEV2_010,PREEXISTING_414_SOURCE_REVIEW,COMPETITIVE,3,3,TG10_SB_STRENGTH_L2,1.0
V4PRE_PAIR_007,NEWDEV2_028,PREEXISTING_414_SOURCE_REVIEW,COMPETITIVE,3,3,TG10_SB_STRENGTH_L2,1.0
V4PRE_PAIR_009,NEWDEV2_030,PREEXISTING_414_SOURCE_REVIEW,COMPETITIVE,3,3,TG10_SB_STRENGTH_L2,0.0
V4PRE_PAIR_016,NEWDEV2_065,PREEXISTING_414_SOURCE_REVIEW,COMPETITIVE,3,3,TG10_SB_STRENGTH_L2,0.0
V4PRE_PAIR_017,NEWDEV2_066,PREEXISTING_414_SOURCE_REVIEW,STATUS,3,3,TG10_SB_STRENGTH_L2,1.0
V4PRE_PAIR_024,NEWDEV2_078,PREEXISTING_414_SOURCE_REVIEW,COMPETITIVE,3,3,TG10_SB_STRENGTH_L2,1.0
V4PRE_PAIR_029,NEWDEV2_091,PREEXISTING_414_SOURCE_REVIEW,PROJECT,3,3,TG10_SB_STRENGTH_L2,1.0
V4PRE_PAIR_037,MLV2_DEV_022,PREEXISTING_414_SOURCE_REVIEW,RECOGNITION,3,3,TG10_SB_STRENGTH_L2,1.0
V4PRE_PAIR_038,MLV2_DEV_022,PREEXISTING_414_SOURCE_REVIEW,RECOGNITION,3,3,TG10_SB_STRENGTH_L2,0.0
V4PRE_PAIR_048,MLV2_DEV_057,PREEXISTING_414_SOURCE_REVIEW,PROJECT,3,3,TG10_SB_STRENGTH_L2,0.0
V4EXP_PAIR_018,NEWDEV2_065,V4_TARGET_EXPANSION_2026-08-16,COMPETITIVE,3,3,TG10_SB_STRENGTH_L2,0.0
V4EXP_PAIR_019,NEWDEV2_065,V4_TARGET_EXPANSION_2026-08-16,COMPETITIVE,3,3,TG10_SB_STRENGTH_L2,0.0
V4EXP_PAIR_022,NEWDEV2_059,V4_TARGET_EXPANSION_2026-08-16,COMPETITIVE,3,3,TG10_SB_STRENGTH_L2,1.0
V4EXP_PAIR_023,NEWDEV2_059,V4_TARGET_EXPANSION_2026-08-16,COMPETITIVE,3,3,TG10_SB_STRENGTH_L2,0.0
V4EXP_PAIR_031,NEWDEV2_054,V4_TARGET_EXPANSION_2026-08-16,PROJECT,3,3,TG10_SB_STRENGTH_L2,0.0
V4EXP_PAIR_039,NEWDEV2_084,V4_TARGET_EXPANSION_2026-08-16,PROJECT,3,3,TG10_SB_STRENGTH_L2,0.0
V4EXP_PAIR_041,MLV2_DEV_044,V4_TARGET_EXPANSION_2026-08-16,PROJECT,3,3,TG10_SB_STRENGTH_L2,0.0
V4EXP_PAIR_042,MLV2_DEV_011,V4_TARGET_EXPANSION_2026-08-16,PROJECT,3,3,TG10_SB_STRENGTH_L2,1.0
V4EXP_PAIR_044,MLV2_DEV_057,V4_TARGET_EXPANSION_2026-08-16,PROJECT,3,3,TG10_SB_STRENGTH_L2,0.0
V4EXP_PAIR_048,NEWDEV2_066,V4_TARGET_EXPANSION_2026-08-16,STATUS,3,3,TG10_SB_STRENGTH_L2,0.0
V4EXP_PAIR_051,NEWDEV2_066,V4_TARGET_EXPANSION_2026-08-16,STATUS,3,3,TG10_SB_STRENGTH_L2,1.0
V4PRE_PAIR_002,NEWDEV2_010,PREEXISTING_414_SOURCE_REVIEW,COMPETITIVE,3,3,TG10_SB_RELATIONS_L2,1.0
V4PRE_PAIR_007,NEWDEV2_028,PREEXISTING_414_SOURCE_REVIEW,COMPETITIVE,3,3,TG10_SB_RELATIONS_L2,1.0
V4PRE_PAIR_009,NEWDEV2_030,PREEXISTING_414_SOURCE_REVIEW,COMPETITIVE,3,3,TG10_SB_RELATIONS_L2,0.0
V4PRE_PAIR_016,NEWDEV2_065,PREEXISTING_414_SOURCE_REVIEW,COMPETITIVE,3,3,TG10_SB_RELATIONS_L2,1.0
V4PRE_PAIR_017,NEWDEV2_066,PREEXISTING_414_SOURCE_REVIEW,STATUS,3,3,TG10_SB_RELATIONS_L2,1.0
V4PRE_PAIR_024,NEWDEV2_078,PREEXISTING_414_SOURCE_REVIEW,COMPETITIVE,3,3,TG10_SB_RELATIONS_L2,0.0
V4PRE_PAIR_029,NEWDEV2_091,PREEXISTING_414_SOURCE_REVIEW,PROJECT,3,3,TG10_SB_RELATIONS_L2,1.0
V4PRE_PAIR_037,MLV2_DEV_022,PREEXISTING_414_SOURCE_REVIEW,RECOGNITION,3,3,TG10_SB_RELATIONS_L2,0.0
V4PRE_PAIR_038,MLV2_DEV_022,PREEXISTING_414_SOURCE_REVIEW,RECOGNITION,3,3,TG10_SB_RELATIONS_L2,0.0
V4PRE_PAIR_048,MLV2_DEV_057,PREEXISTING_414_SOURCE_REVIEW,PROJECT,3,3,TG10_SB_RELATIONS_L2,0.0
V4EXP_PAIR_018,NEWDEV2_065,V4_TARGET_EXPANSION_2026-08-16,COMPETITIVE,3,3,TG10_SB_RELATIONS_L2,1.0
V4EXP_PAIR_019,NEWDEV2_065,V4_TARGET_EXPANSION_2026-08-16,COMPETITIVE,3,3,TG10_SB_RELATIONS_L2,0.0
V4EXP_PAIR_022,NEWDEV2_059,V4_TARGET_EXPANSION_2026-08-16,COMPETITIVE,3,3,TG10_SB_RELATIONS_L2,1.0
V4EXP_PAIR_023,NEWDEV2_059,V4_TARGET_EXPANSION_2026-08-16,COMPETITIVE,3,3,TG10_SB_RELATIONS_L2,0.0
V4EXP_PAIR_031,NEWDEV2_054,V4_TARGET_EXPANSION_2026-08-16,PROJECT,3,3,TG10_SB_RELATIONS_L2,0.0
V4EXP_PAIR_039,NEWDEV2_084,V4_TARGET_EXPANSION_2026-08-16,PROJECT,3,3,TG10_SB_RELATIONS_L2,0.0
V4EXP_PAIR_041,MLV2_DEV_044,V4_TARGET_EXPANSION_2026-08-16,PROJECT,3,3,TG10_SB_RELATIONS_L2,1.0
V4EXP_PAIR_042,MLV2_DEV_011,V4_TARGET_EXPANSION_2026-08-16,PROJECT,3,3,TG10_SB_RELATIONS_L2,1.0
V4EXP_PAIR_044,MLV2_DEV_057,V4_TARGET_EXPANSION_2026-08-16,PROJECT,3,3,TG10_SB_RELATIONS_L2,0.0
V4EXP_PAIR_048,NEWDEV2_066,V4_TARGET_EXPANSION_2026-08-16,STATUS,3,3,TG10_SB_RELATIONS_L2,0.0
V4EXP_PAIR_051,NEWDEV2_066,V4_TARGET_EXPANSION_2026-08-16,STATUS,3,3,TG10_SB_RELATIONS_L2,0.0
V4PRE_PAIR_002,NEWDEV2_010,PREEXISTING_414_SOURCE_REVIEW,COMPETITIVE,3,3,ALL_L2,1.0
V4PRE_PAIR_007,NEWDEV2_028,PREEXISTING_414_SOURCE_REVIEW,COMPETITIVE,3,3,ALL_L2,1.0
V4PRE_PAIR_009,NEWDEV2_030,PREEXISTING_414_SOURCE_REVIEW,COMPETITIVE,3,3,ALL_L2,0.0
V4PRE_PAIR_016,NEWDEV2_065,PREEXISTING_414_SOURCE_REVIEW,COMPETITIVE,3,3,ALL_L2,0.0
V4PRE_PAIR_017,NEWDEV2_066,PREEXISTING_414_SOURCE_REVIEW,STATUS,3,3,ALL_L2,1.0
V4PRE_PAIR_024,NEWDEV2_078,PREEXISTING_414_SOURCE_REVIEW,COMPETITIVE,3,3,ALL_L2,1.0
V4PRE_PAIR_029,NEWDEV2_091,PREEXISTING_414_SOURCE_REVIEW,PROJECT,3,3,ALL_L2,0.0
V4PRE_PAIR_037,MLV2_DEV_022,PREEXISTING_414_SOURCE_REVIEW,RECOGNITION,3,3,ALL_L2,1.0
V4PRE_PAIR_038,MLV2_DEV_022,PREEXISTING_414_SOURCE_REVIEW,RECOGNITION,3,3,ALL_L2,0.0
V4PRE_PAIR_048,MLV2_DEV_057,PREEXISTING_414_SOURCE_REVIEW,PROJECT,3,3,ALL_L2,0.0
V4EXP_PAIR_018,NEWDEV2_065,V4_TARGET_EXPANSION_2026-08-16,COMPETITIVE,3,3,ALL_L2,0.0
V4EXP_PAIR_019,NEWDEV2_065,V4_TARGET_EXPANSION_2026-08-16,COMPETITIVE,3,3,ALL_L2,1.0
V4EXP_PAIR_022,NEWDEV2_059,V4_TARGET_EXPANSION_2026-08-16,COMPETITIVE,3,3,ALL_L2,1.0
V4EXP_PAIR_023,NEWDEV2_059,V4_TARGET_EXPANSION_2026-08-16,COMPETITIVE,3,3,ALL_L2,1.0
V4EXP_PAIR_031,NEWDEV2_054,V4_TARGET_EXPANSION_2026-08-16,PROJECT,3,3,ALL_L2,0.0
V4EXP_PAIR_039,NEWDEV2_084,V4_TARGET_EXPANSION_2026-08-16,PROJECT,3,3,ALL_L2,0.0
V4EXP_PAIR_041,MLV2_DEV_044,V4_TARGET_EXPANSION_2026-08-16,PROJECT,3,3,ALL_L2,1.0
V4EXP_PAIR_042,MLV2_DEV_011,V4_TARGET_EXPANSION_2026-08-16,PROJECT,3,3,ALL_L2,0.0
V4EXP_PAIR_044,MLV2_DEV_057,V4_TARGET_EXPANSION_2026-08-16,PROJECT,3,3,ALL_L2,0.0
V4EXP_PAIR_048,NEWDEV2_066,V4_TARGET_EXPANSION_2026-08-16,STATUS,3,3,ALL_L2,0.0
V4EXP_PAIR_051,NEWDEV2_066,V4_TARGET_EXPANSION_2026-08-16,STATUS,3,3,ALL_L2,1.0
V4PRE_PAIR_002,NEWDEV2_010,PREEXISTING_414_SOURCE_REVIEW,COMPETITIVE,3,3,NUISANCE_AGE_AXIS,0.0
V4PRE_PAIR_007,NEWDEV2_028,PREEXISTING_414_SOURCE_REVIEW,COMPETITIVE,3,3,NUISANCE_AGE_AXIS,1.0
V4PRE_PAIR_009,NEWDEV2_030,PREEXISTING_414_SOURCE_REVIEW,COMPETITIVE,3,3,NUISANCE_AGE_AXIS,1.0
V4PRE_PAIR_016,NEWDEV2_065,PREEXISTING_414_SOURCE_REVIEW,COMPETITIVE,3,3,NUISANCE_AGE_AXIS,1.0
V4PRE_PAIR_017,NEWDEV2_066,PREEXISTING_414_SOURCE_REVIEW,STATUS,3,3,NUISANCE_AGE_AXIS,1.0
V4PRE_PAIR_024,NEWDEV2_078,PREEXISTING_414_SOURCE_REVIEW,COMPETITIVE,3,3,NUISANCE_AGE_AXIS,1.0
V4PRE_PAIR_029,NEWDEV2_091,PREEXISTING_414_SOURCE_REVIEW,PROJECT,3,3,NUISANCE_AGE_AXIS,1.0
V4PRE_PAIR_037,MLV2_DEV_022,PREEXISTING_414_SOURCE_REVIEW,RECOGNITION,3,3,NUISANCE_AGE_AXIS,0.0
V4PRE_PAIR_038,MLV2_DEV_022,PREEXISTING_414_SOURCE_REVIEW,RECOGNITION,3,3,NUISANCE_AGE_AXIS,1.0
V4PRE_PAIR_048,MLV2_DEV_057,PREEXISTING_414_SOURCE_REVIEW,PROJECT,3,3,NUISANCE_AGE_AXIS,1.0
V4EXP_PAIR_018,NEWDEV2_065,V4_TARGET_EXPANSION_2026-08-16,COMPETITIVE,3,3,NUISANCE_AGE_AXIS,0.0
V4EXP_PAIR_019,NEWDEV2_065,V4_TARGET_EXPANSION_2026-08-16,COMPETITIVE,3,3,NUISANCE_AGE_AXIS,0.0
V4EXP_PAIR_022,NEWDEV2_059,V4_TARGET_EXPANSION_2026-08-16,COMPETITIVE,3,3,NUISANCE_AGE_AXIS,0.0
V4EXP_PAIR_023,NEWDEV2_059,V4_TARGET_EXPANSION_2026-08-16,COMPETITIVE,3,3,NUISANCE_AGE_AXIS,0.0
V4EXP_PAIR_031,NEWDEV2_054,V4_TARGET_EXPANSION_2026-08-16,PROJECT,3,3,NUISANCE_AGE_AXIS,0.0
V4EXP_PAIR_039,NEWDEV2_084,V4_TARGET_EXPANSION_2026-08-16,PROJECT,3,3,NUISANCE_AGE_AXIS,0.0
V4EXP_PAIR_041,MLV2_DEV_044,V4_TARGET_EXPANSION_2026-08-16,PROJECT,3,3,NUISANCE_AGE_AXIS,0.0
V4EXP_PAIR_042,MLV2_DEV_011,V4_TARGET_EXPANSION_2026-08-16,PROJECT,3,3,NUISANCE_AGE_AXIS,0.0
V4EXP_PAIR_044,MLV2_DEV_057,V4_TARGET_EXPANSION_2026-08-16,PROJECT,3,3,NUISANCE_AGE_AXIS,0.0
V4EXP_PAIR_048,NEWDEV2_066,V4_TARGET_EXPANSION_2026-08-16,STATUS,3,3,NUISANCE_AGE_AXIS,0.0
V4EXP_PAIR_051,NEWDEV2_066,V4_TARGET_EXPANSION_2026-08-16,STATUS,3,3,NUISANCE_AGE_AXIS,0.0
V4PRE_PAIR_002,NEWDEV2_010,PREEXISTING_414_SOURCE_REVIEW,COMPETITIVE,3,3,NUISANCE_WITH_ORIGIN_DIAGNOSTIC,0.0
V4PRE_PAIR_007,NEWDEV2_028,PREEXISTING_414_SOURCE_REVIEW,COMPETITIVE,3,3,NUISANCE_WITH_ORIGIN_DIAGNOSTIC,1.0
V4PRE_PAIR_009,NEWDEV2_030,PREEXISTING_414_SOURCE_REVIEW,COMPETITIVE,3,3,NUISANCE_WITH_ORIGIN_DIAGNOSTIC,1.0
V4PRE_PAIR_016,NEWDEV2_065,PREEXISTING_414_SOURCE_REVIEW,COMPETITIVE,3,3,NUISANCE_WITH_ORIGIN_DIAGNOSTIC,1.0
V4PRE_PAIR_017,NEWDEV2_066,PREEXISTING_414_SOURCE_REVIEW,STATUS,3,3,NUISANCE_WITH_ORIGIN_DIAGNOSTIC,1.0
V4PRE_PAIR_024,NEWDEV2_078,PREEXISTING_414_SOURCE_REVIEW,COMPETITIVE,3,3,NUISANCE_WITH_ORIGIN_DIAGNOSTIC,1.0
V4PRE_PAIR_029,NEWDEV2_091,PREEXISTING_414_SOURCE_REVIEW,PROJECT,3,3,NUISANCE_WITH_ORIGIN_DIAGNOSTIC,1.0
V4PRE_PAIR_037,MLV2_DEV_022,PREEXISTING_414_SOURCE_REVIEW,RECOGNITION,3,3,NUISANCE_WITH_ORIGIN_DIAGNOSTIC,0.0
V4PRE_PAIR_038,MLV2_DEV_022,PREEXISTING_414_SOURCE_REVIEW,RECOGNITION,3,3,NUISANCE_WITH_ORIGIN_DIAGNOSTIC,1.0
V4PRE_PAIR_048,MLV2_DEV_057,PREEXISTING_414_SOURCE_REVIEW,PROJECT,3,3,NUISANCE_WITH_ORIGIN_DIAGNOSTIC,1.0
V4EXP_PAIR_018,NEWDEV2_065,V4_TARGET_EXPANSION_2026-08-16,COMPETITIVE,3,3,NUISANCE_WITH_ORIGIN_DIAGNOSTIC,1.0
V4EXP_PAIR_019,NEWDEV2_065,V4_TARGET_EXPANSION_2026-08-16,COMPETITIVE,3,3,NUISANCE_WITH_ORIGIN_DIAGNOSTIC,1.0
V4EXP_PAIR_022,NEWDEV2_059,V4_TARGET_EXPANSION_2026-08-16,COMPETITIVE,3,3,NUISANCE_WITH_ORIGIN_DIAGNOSTIC,1.0
V4EXP_PAIR_023,NEWDEV2_059,V4_TARGET_EXPANSION_2026-08-16,COMPETITIVE,3,3,NUISANCE_WITH_ORIGIN_DIAGNOSTIC,1.0
V4EXP_PAIR_031,NEWDEV2_054,V4_TARGET_EXPANSION_2026-08-16,PROJECT,3,3,NUISANCE_WITH_ORIGIN_DIAGNOSTIC,1.0
V4EXP_PAIR_039,NEWDEV2_084,V4_TARGET_EXPANSION_2026-08-16,PROJECT,3,3,NUISANCE_WITH_ORIGIN_DIAGNOSTIC,1.0
V4EXP_PAIR_041,MLV2_DEV_044,V4_TARGET_EXPANSION_2026-08-16,PROJECT,3,3,NUISANCE_WITH_ORIGIN_DIAGNOSTIC,1.0
V4EXP_PAIR_042,MLV2_DEV_011,V4_TARGET_EXPANSION_2026-08-16,PROJECT,3,3,NUISANCE_WITH_ORIGIN_DIAGNOSTIC,1.0
V4EXP_PAIR_044,MLV2_DEV_057,V4_TARGET_EXPANSION_2026-08-16,PROJECT,3,3,NUISANCE_WITH_ORIGIN_DIAGNOSTIC,1.0
V4EXP_PAIR_048,NEWDEV2_066,V4_TARGET_EXPANSION_2026-08-16,STATUS,3,3,NUISANCE_WITH_ORIGIN_DIAGNOSTIC,1.0
V4EXP_PAIR_051,NEWDEV2_066,V4_TARGET_EXPANSION_2026-08-16,STATUS,3,3,NUISANCE_WITH_ORIGIN_DIAGNOSTIC,1.0
V4PRE_PAIR_002,NEWDEV2_010,PREEXISTING_414_SOURCE_REVIEW,COMPETITIVE,3,3,ALL_ELASTICNET_AUTO,1.0
V4PRE_PAIR_007,NEWDEV2_028,PREEXISTING_414_SOURCE_REVIEW,COMPETITIVE,3,3,ALL_ELASTICNET_AUTO,1.0
V4PRE_PAIR_009,NEWDEV2_030,PREEXISTING_414_SOURCE_REVIEW,COMPETITIVE,3,3,ALL_ELASTICNET_AUTO,1.0
V4PRE_PAIR_016,NEWDEV2_065,PREEXISTING_414_SOURCE_REVIEW,COMPETITIVE,3,3,ALL_ELASTICNET_AUTO,1.0
V4PRE_PAIR_017,NEWDEV2_066,PREEXISTING_414_SOURCE_REVIEW,STATUS,3,3,ALL_ELASTICNET_AUTO,1.0
V4PRE_PAIR_024,NEWDEV2_078,PREEXISTING_414_SOURCE_REVIEW,COMPETITIVE,3,3,ALL_ELASTICNET_AUTO,1.0
V4PRE_PAIR_029,NEWDEV2_091,PREEXISTING_414_SOURCE_REVIEW,PROJECT,3,3,ALL_ELASTICNET_AUTO,1.0
V4PRE_PAIR_037,MLV2_DEV_022,PREEXISTING_414_SOURCE_REVIEW,RECOGNITION,3,3,ALL_ELASTICNET_AUTO,1.0
V4PRE_PAIR_038,MLV2_DEV_022,PREEXISTING_414_SOURCE_REVIEW,RECOGNITION,3,3,ALL_ELASTICNET_AUTO,1.0
V4PRE_PAIR_048,MLV2_DEV_057,PREEXISTING_414_SOURCE_REVIEW,PROJECT,3,3,ALL_ELASTICNET_AUTO,1.0
V4EXP_PAIR_018,NEWDEV2_065,V4_TARGET_EXPANSION_2026-08-16,COMPETITIVE,3,3,ALL_ELASTICNET_AUTO,1.0
V4EXP_PAIR_019,NEWDEV2_065,V4_TARGET_EXPANSION_2026-08-16,COMPETITIVE,3,3,ALL_ELASTICNET_AUTO,1.0
V4EXP_PAIR_022,NEWDEV2_059,V4_TARGET_EXPANSION_2026-08-16,COMPETITIVE,3,3,ALL_ELASTICNET_AUTO,1.0
V4EXP_PAIR_023,NEWDEV2_059,V4_TARGET_EXPANSION_2026-08-16,COMPETITIVE,3,3,ALL_ELASTICNET_AUTO,1.0
V4EXP_PAIR_031,NEWDEV2_054,V4_TARGET_EXPANSION_2026-08-16,PROJECT,3,3,ALL_ELASTICNET_AUTO,1.0
V4EXP_PAIR_039,NEWDEV2_084,V4_TARGET_EXPANSION_2026-08-16,PROJECT,3,3,ALL_ELASTICNET_AUTO,1.0
V4EXP_PAIR_041,MLV2_DEV_044,V4_TARGET_EXPANSION_2026-08-16,PROJECT,3,3,ALL_ELASTICNET_AUTO,1.0
V4EXP_PAIR_042,MLV2_DEV_011,V4_TARGET_EXPANSION_2026-08-16,PROJECT,3,3,ALL_ELASTICNET_AUTO,1.0
V4EXP_PAIR_044,MLV2_DEV_057,V4_TARGET_EXPANSION_2026-08-16,PROJECT,3,3,ALL_ELASTICNET_AUTO,1.0
V4EXP_PAIR_048,NEWDEV2_066,V4_TARGET_EXPANSION_2026-08-16,STATUS,3,3,ALL_ELASTICNET_AUTO,1.0
V4EXP_PAIR_051,NEWDEV2_066,V4_TARGET_EXPANSION_2026-08-16,STATUS,3,3,ALL_ELASTICNET_AUTO,1.0
V4PRE_PAIR_002,NEWDEV2_010,PREEXISTING_414_SOURCE_REVIEW,COMPETITIVE,3,3,HGB_ALL_EXPLORATORY,1.0
V4PRE_PAIR_007,NEWDEV2_028,PREEXISTING_414_SOURCE_REVIEW,COMPETITIVE,3,3,HGB_ALL_EXPLORATORY,1.0
V4PRE_PAIR_009,NEWDEV2_030,PREEXISTING_414_SOURCE_REVIEW,COMPETITIVE,3,3,HGB_ALL_EXPLORATORY,0.0
V4PRE_PAIR_016,NEWDEV2_065,PREEXISTING_414_SOURCE_REVIEW,COMPETITIVE,3,3,HGB_ALL_EXPLORATORY,0.0
V4PRE_PAIR_017,NEWDEV2_066,PREEXISTING_414_SOURCE_REVIEW,STATUS,3,3,HGB_ALL_EXPLORATORY,0.0
V4PRE_PAIR_024,NEWDEV2_078,PREEXISTING_414_SOURCE_REVIEW,COMPETITIVE,3,3,HGB_ALL_EXPLORATORY,1.0
V4PRE_PAIR_029,NEWDEV2_091,PREEXISTING_414_SOURCE_REVIEW,PROJECT,3,3,HGB_ALL_EXPLORATORY,0.0
V4PRE_PAIR_037,MLV2_DEV_022,PREEXISTING_414_SOURCE_REVIEW,RECOGNITION,3,3,HGB_ALL_EXPLORATORY,1.0
V4PRE_PAIR_038,MLV2_DEV_022,PREEXISTING_414_SOURCE_REVIEW,RECOGNITION,3,3,HGB_ALL_EXPLORATORY,1.0
V4PRE_PAIR_048,MLV2_DEV_057,PREEXISTING_414_SOURCE_REVIEW,PROJECT,3,3,HGB_ALL_EXPLORATORY,1.0
V4EXP_PAIR_018,NEWDEV2_065,V4_TARGET_EXPANSION_2026-08-16,COMPETITIVE,3,3,HGB_ALL_EXPLORATORY,0.0
V4EXP_PAIR_019,NEWDEV2_065,V4_TARGET_EXPANSION_2026-08-16,COMPETITIVE,3,3,HGB_ALL_EXPLORATORY,0.0
V4EXP_PAIR_022,NEWDEV2_059,V4_TARGET_EXPANSION_2026-08-16,COMPETITIVE,3,3,HGB_ALL_EXPLORATORY,0.0
V4EXP_PAIR_023,NEWDEV2_059,V4_TARGET_EXPANSION_2026-08-16,COMPETITIVE,3,3,HGB_ALL_EXPLORATORY,1.0
V4EXP_PAIR_031,NEWDEV2_054,V4_TARGET_EXPANSION_2026-08-16,PROJECT,3,3,HGB_ALL_EXPLORATORY,0.0
V4EXP_PAIR_039,NEWDEV2_084,V4_TARGET_EXPANSION_2026-08-16,PROJECT,3,3,HGB_ALL_EXPLORATORY,0.0
V4EXP_PAIR_041,MLV2_DEV_044,V4_TARGET_EXPANSION_2026-08-16,PROJECT,3,3,HGB_ALL_EXPLORATORY,0.0
V4EXP_PAIR_042,MLV2_DEV_011,V4_TARGET_EXPANSION_2026-08-16,PROJECT,3,3,HGB_ALL_EXPLORATORY,0.0
V4EXP_PAIR_044,MLV2_DEV_057,V4_TARGET_EXPANSION_2026-08-16,PROJECT,3,3,HGB_ALL_EXPLORATORY,0.0
V4EXP_PAIR_048,NEWDEV2_066,V4_TARGET_EXPANSION_2026-08-16,STATUS,3,3,HGB_ALL_EXPLORATORY,0.0
V4EXP_PAIR_051,NEWDEV2_066,V4_TARGET_EXPANSION_2026-08-16,STATUS,3,3,HGB_ALL_EXPLORATORY,0.0
V4PRE_PAIR_004,NEWDEV2_016,PREEXISTING_414_SOURCE_REVIEW,COMPETITIVE,3,4,AGE_YOUNGER_FIXED,0.0
V4PRE_PAIR_005,NEWDEV2_019,PREEXISTING_414_SOURCE_REVIEW,PROJECT,3,4,AGE_YOUNGER_FIXED,1.0
V4PRE_PAIR_020,NEWDEV2_070,PREEXISTING_414_SOURCE_REVIEW,PROJECT,3,4,AGE_YOUNGER_FIXED,1.0
V4PRE_PAIR_022,NEWDEV2_075,PREEXISTING_414_SOURCE_REVIEW,COMPETITIVE,3,4,AGE_YOUNGER_FIXED,1.0
V4PRE_PAIR_026,NEWDEV2_082,PREEXISTING_414_SOURCE_REVIEW,STATUS,3,4,AGE_YOUNGER_FIXED,1.0
V4PRE_PAIR_027,NEWDEV2_089,PREEXISTING_414_SOURCE_REVIEW,STATUS,3,4,AGE_YOUNGER_FIXED,1.0
V4PRE_PAIR_030,NEWDEV2_093,PREEXISTING_414_SOURCE_REVIEW,COMPETITIVE,3,4,AGE_YOUNGER_FIXED,1.0
V4PRE_PAIR_033,MLV2_DEV_007,PREEXISTING_414_SOURCE_REVIEW,PROJECT,3,4,AGE_YOUNGER_FIXED,1.0
V4PRE_PAIR_034,MLV2_DEV_007,PREEXISTING_414_SOURCE_REVIEW,PROJECT,3,4,AGE_YOUNGER_FIXED,1.0
V4PRE_PAIR_040,MLV2_DEV_033,PREEXISTING_414_SOURCE_REVIEW,PROJECT,3,4,AGE_YOUNGER_FIXED,0.0
V4EXP_PAIR_002,NEWDEV2_036,V4_TARGET_EXPANSION_2026-08-16,COMPETITIVE,3,4,AGE_YOUNGER_FIXED,0.0
V4EXP_PAIR_003,NEWDEV2_036,V4_TARGET_EXPANSION_2026-08-16,COMPETITIVE,3,4,AGE_YOUNGER_FIXED,0.0
V4EXP_PAIR_011,NEWDEV2_027,V4_TARGET_EXPANSION_2026-08-16,COMPETITIVE,3,4,AGE_YOUNGER_FIXED,0.0
V4EXP_PAIR_012,NEWDEV2_027,V4_TARGET_EXPANSION_2026-08-16,COMPETITIVE,3,4,AGE_YOUNGER_FIXED,0.0
V4EXP_PAIR_013,NEWDEV2_027,V4_TARGET_EXPANSION_2026-08-16,COMPETITIVE,3,4,AGE_YOUNGER_FIXED,0.0
V4EXP_PAIR_021,NEWDEV2_092,V4_TARGET_EXPANSION_2026-08-16,COMPETITIVE,3,4,AGE_YOUNGER_FIXED,0.0
V4EXP_PAIR_027,MLV2_DEV_007,V4_TARGET_EXPANSION_2026-08-16,PROJECT,3,4,AGE_YOUNGER_FIXED,0.0
V4EXP_PAIR_034,MLV2_DEV_051,V4_TARGET_EXPANSION_2026-08-16,PROJECT,3,4,AGE_YOUNGER_FIXED,0.0
V4EXP_PAIR_037,MLV2_DEV_028,V4_TARGET_EXPANSION_2026-08-16,PROJECT,3,4,AGE_YOUNGER_FIXED,0.0
V4EXP_PAIR_049,NEWDEV2_089,V4_TARGET_EXPANSION_2026-08-16,STATUS,3,4,AGE_YOUNGER_FIXED,0.0
V4PRE_PAIR_004,NEWDEV2_016,PREEXISTING_414_SOURCE_REVIEW,COMPETITIVE,3,4,AGE_LATER_FIXED,1.0
V4PRE_PAIR_005,NEWDEV2_019,PREEXISTING_414_SOURCE_REVIEW,PROJECT,3,4,AGE_LATER_FIXED,0.0
V4PRE_PAIR_020,NEWDEV2_070,PREEXISTING_414_SOURCE_REVIEW,PROJECT,3,4,AGE_LATER_FIXED,0.0
V4PRE_PAIR_022,NEWDEV2_075,PREEXISTING_414_SOURCE_REVIEW,COMPETITIVE,3,4,AGE_LATER_FIXED,0.0
V4PRE_PAIR_026,NEWDEV2_082,PREEXISTING_414_SOURCE_REVIEW,STATUS,3,4,AGE_LATER_FIXED,0.0
V4PRE_PAIR_027,NEWDEV2_089,PREEXISTING_414_SOURCE_REVIEW,STATUS,3,4,AGE_LATER_FIXED,0.0
V4PRE_PAIR_030,NEWDEV2_093,PREEXISTING_414_SOURCE_REVIEW,COMPETITIVE,3,4,AGE_LATER_FIXED,0.0
V4PRE_PAIR_033,MLV2_DEV_007,PREEXISTING_414_SOURCE_REVIEW,PROJECT,3,4,AGE_LATER_FIXED,0.0
V4PRE_PAIR_034,MLV2_DEV_007,PREEXISTING_414_SOURCE_REVIEW,PROJECT,3,4,AGE_LATER_FIXED,0.0
V4PRE_PAIR_040,MLV2_DEV_033,PREEXISTING_414_SOURCE_REVIEW,PROJECT,3,4,AGE_LATER_FIXED,1.0
V4EXP_PAIR_002,NEWDEV2_036,V4_TARGET_EXPANSION_2026-08-16,COMPETITIVE,3,4,AGE_LATER_FIXED,1.0
V4EXP_PAIR_003,NEWDEV2_036,V4_TARGET_EXPANSION_2026-08-16,COMPETITIVE,3,4,AGE_LATER_FIXED,1.0
V4EXP_PAIR_011,NEWDEV2_027,V4_TARGET_EXPANSION_2026-08-16,COMPETITIVE,3,4,AGE_LATER_FIXED,1.0
V4EXP_PAIR_012,NEWDEV2_027,V4_TARGET_EXPANSION_2026-08-16,COMPETITIVE,3,4,AGE_LATER_FIXED,1.0
V4EXP_PAIR_013,NEWDEV2_027,V4_TARGET_EXPANSION_2026-08-16,COMPETITIVE,3,4,AGE_LATER_FIXED,1.0
V4EXP_PAIR_021,NEWDEV2_092,V4_TARGET_EXPANSION_2026-08-16,COMPETITIVE,3,4,AGE_LATER_FIXED,1.0
V4EXP_PAIR_027,MLV2_DEV_007,V4_TARGET_EXPANSION_2026-08-16,PROJECT,3,4,AGE_LATER_FIXED,1.0
V4EXP_PAIR_034,MLV2_DEV_051,V4_TARGET_EXPANSION_2026-08-16,PROJECT,3,4,AGE_LATER_FIXED,1.0
V4EXP_PAIR_037,MLV2_DEV_028,V4_TARGET_EXPANSION_2026-08-16,PROJECT,3,4,AGE_LATER_FIXED,1.0
V4EXP_PAIR_049,NEWDEV2_089,V4_TARGET_EXPANSION_2026-08-16,STATUS,3,4,AGE_LATER_FIXED,1.0
V4PRE_PAIR_004,NEWDEV2_016,PREEXISTING_414_SOURCE_REVIEW,COMPETITIVE,3,4,CONTROL_FIXED,0.0
V4PRE_PAIR_005,NEWDEV2_019,PREEXISTING_414_SOURCE_REVIEW,PROJECT,3,4,CONTROL_FIXED,1.0
V4PRE_PAIR_020,NEWDEV2_070,PREEXISTING_414_SOURCE_REVIEW,PROJECT,3,4,CONTROL_FIXED,1.0
V4PRE_PAIR_022,NEWDEV2_075,PREEXISTING_414_SOURCE_REVIEW,COMPETITIVE,3,4,CONTROL_FIXED,1.0
V4PRE_PAIR_026,NEWDEV2_082,PREEXISTING_414_SOURCE_REVIEW,STATUS,3,4,CONTROL_FIXED,1.0
V4PRE_PAIR_027,NEWDEV2_089,PREEXISTING_414_SOURCE_REVIEW,STATUS,3,4,CONTROL_FIXED,1.0
V4PRE_PAIR_030,NEWDEV2_093,PREEXISTING_414_SOURCE_REVIEW,COMPETITIVE,3,4,CONTROL_FIXED,0.0
V4PRE_PAIR_033,MLV2_DEV_007,PREEXISTING_414_SOURCE_REVIEW,PROJECT,3,4,CONTROL_FIXED,0.0
V4PRE_PAIR_034,MLV2_DEV_007,PREEXISTING_414_SOURCE_REVIEW,PROJECT,3,4,CONTROL_FIXED,0.0
V4PRE_PAIR_040,MLV2_DEV_033,PREEXISTING_414_SOURCE_REVIEW,PROJECT,3,4,CONTROL_FIXED,1.0
V4EXP_PAIR_002,NEWDEV2_036,V4_TARGET_EXPANSION_2026-08-16,COMPETITIVE,3,4,CONTROL_FIXED,1.0
V4EXP_PAIR_003,NEWDEV2_036,V4_TARGET_EXPANSION_2026-08-16,COMPETITIVE,3,4,CONTROL_FIXED,0.0
V4EXP_PAIR_011,NEWDEV2_027,V4_TARGET_EXPANSION_2026-08-16,COMPETITIVE,3,4,CONTROL_FIXED,0.5
V4EXP_PAIR_012,NEWDEV2_027,V4_TARGET_EXPANSION_2026-08-16,COMPETITIVE,3,4,CONTROL_FIXED,0.0
V4EXP_PAIR_013,NEWDEV2_027,V4_TARGET_EXPANSION_2026-08-16,COMPETITIVE,3,4,CONTROL_FIXED,0.0
V4EXP_PAIR_021,NEWDEV2_092,V4_TARGET_EXPANSION_2026-08-16,COMPETITIVE,3,4,CONTROL_FIXED,0.0
V4EXP_PAIR_027,MLV2_DEV_007,V4_TARGET_EXPANSION_2026-08-16,PROJECT,3,4,CONTROL_FIXED,0.0
V4EXP_PAIR_034,MLV2_DEV_051,V4_TARGET_EXPANSION_2026-08-16,PROJECT,3,4,CONTROL_FIXED,0.0
V4EXP_PAIR_037,MLV2_DEV_028,V4_TARGET_EXPANSION_2026-08-16,PROJECT,3,4,CONTROL_FIXED,1.0
V4EXP_PAIR_049,NEWDEV2_089,V4_TARGET_EXPANSION_2026-08-16,STATUS,3,4,CONTROL_FIXED,1.0
V4PRE_PAIR_004,NEWDEV2_016,PREEXISTING_414_SOURCE_REVIEW,COMPETITIVE,3,4,TG5_GROUP_L2,1.0
V4PRE_PAIR_005,NEWDEV2_019,PREEXISTING_414_SOURCE_REVIEW,PROJECT,3,4,TG5_GROUP_L2,1.0
V4PRE_PAIR_020,NEWDEV2_070,PREEXISTING_414_SOURCE_REVIEW,PROJECT,3,4,TG5_GROUP_L2,0.0
V4PRE_PAIR_022,NEWDEV2_075,PREEXISTING_414_SOURCE_REVIEW,COMPETITIVE,3,4,TG5_GROUP_L2,1.0
V4PRE_PAIR_026,NEWDEV2_082,PREEXISTING_414_SOURCE_REVIEW,STATUS,3,4,TG5_GROUP_L2,1.0
V4PRE_PAIR_027,NEWDEV2_089,PREEXISTING_414_SOURCE_REVIEW,STATUS,3,4,TG5_GROUP_L2,1.0
V4PRE_PAIR_030,NEWDEV2_093,PREEXISTING_414_SOURCE_REVIEW,COMPETITIVE,3,4,TG5_GROUP_L2,1.0
V4PRE_PAIR_033,MLV2_DEV_007,PREEXISTING_414_SOURCE_REVIEW,PROJECT,3,4,TG5_GROUP_L2,0.0
V4PRE_PAIR_034,MLV2_DEV_007,PREEXISTING_414_SOURCE_REVIEW,PROJECT,3,4,TG5_GROUP_L2,0.0
V4PRE_PAIR_040,MLV2_DEV_033,PREEXISTING_414_SOURCE_REVIEW,PROJECT,3,4,TG5_GROUP_L2,0.0
V4EXP_PAIR_002,NEWDEV2_036,V4_TARGET_EXPANSION_2026-08-16,COMPETITIVE,3,4,TG5_GROUP_L2,0.0
V4EXP_PAIR_003,NEWDEV2_036,V4_TARGET_EXPANSION_2026-08-16,COMPETITIVE,3,4,TG5_GROUP_L2,0.5
V4EXP_PAIR_011,NEWDEV2_027,V4_TARGET_EXPANSION_2026-08-16,COMPETITIVE,3,4,TG5_GROUP_L2,0.0
V4EXP_PAIR_012,NEWDEV2_027,V4_TARGET_EXPANSION_2026-08-16,COMPETITIVE,3,4,TG5_GROUP_L2,1.0
V4EXP_PAIR_013,NEWDEV2_027,V4_TARGET_EXPANSION_2026-08-16,COMPETITIVE,3,4,TG5_GROUP_L2,1.0
V4EXP_PAIR_021,NEWDEV2_092,V4_TARGET_EXPANSION_2026-08-16,COMPETITIVE,3,4,TG5_GROUP_L2,0.5
V4EXP_PAIR_027,MLV2_DEV_007,V4_TARGET_EXPANSION_2026-08-16,PROJECT,3,4,TG5_GROUP_L2,0.0
V4EXP_PAIR_034,MLV2_DEV_051,V4_TARGET_EXPANSION_2026-08-16,PROJECT,3,4,TG5_GROUP_L2,0.5
V4EXP_PAIR_037,MLV2_DEV_028,V4_TARGET_EXPANSION_2026-08-16,PROJECT,3,4,TG5_GROUP_L2,1.0
V4EXP_PAIR_049,NEWDEV2_089,V4_TARGET_EXPANSION_2026-08-16,STATUS,3,4,TG5_GROUP_L2,0.5
V4PRE_PAIR_004,NEWDEV2_016,PREEXISTING_414_SOURCE_REVIEW,COMPETITIVE,3,4,TG10_STEM_L2,1.0
V4PRE_PAIR_005,NEWDEV2_019,PREEXISTING_414_SOURCE_REVIEW,PROJECT,3,4,TG10_STEM_L2,1.0
V4PRE_PAIR_020,NEWDEV2_070,PREEXISTING_414_SOURCE_REVIEW,PROJECT,3,4,TG10_STEM_L2,0.0
V4PRE_PAIR_022,NEWDEV2_075,PREEXISTING_414_SOURCE_REVIEW,COMPETITIVE,3,4,TG10_STEM_L2,1.0
V4PRE_PAIR_026,NEWDEV2_082,PREEXISTING_414_SOURCE_REVIEW,STATUS,3,4,TG10_STEM_L2,1.0
V4PRE_PAIR_027,NEWDEV2_089,PREEXISTING_414_SOURCE_REVIEW,STATUS,3,4,TG10_STEM_L2,1.0
V4PRE_PAIR_030,NEWDEV2_093,PREEXISTING_414_SOURCE_REVIEW,COMPETITIVE,3,4,TG10_STEM_L2,0.0
V4PRE_PAIR_033,MLV2_DEV_007,PREEXISTING_414_SOURCE_REVIEW,PROJECT,3,4,TG10_STEM_L2,0.0
V4PRE_PAIR_034,MLV2_DEV_007,PREEXISTING_414_SOURCE_REVIEW,PROJECT,3,4,TG10_STEM_L2,1.0
V4PRE_PAIR_040,MLV2_DEV_033,PREEXISTING_414_SOURCE_REVIEW,PROJECT,3,4,TG10_STEM_L2,0.0
V4EXP_PAIR_002,NEWDEV2_036,V4_TARGET_EXPANSION_2026-08-16,COMPETITIVE,3,4,TG10_STEM_L2,0.0
V4EXP_PAIR_003,NEWDEV2_036,V4_TARGET_EXPANSION_2026-08-16,COMPETITIVE,3,4,TG10_STEM_L2,1.0
V4EXP_PAIR_011,NEWDEV2_027,V4_TARGET_EXPANSION_2026-08-16,COMPETITIVE,3,4,TG10_STEM_L2,0.0
V4EXP_PAIR_012,NEWDEV2_027,V4_TARGET_EXPANSION_2026-08-16,COMPETITIVE,3,4,TG10_STEM_L2,1.0
V4EXP_PAIR_013,NEWDEV2_027,V4_TARGET_EXPANSION_2026-08-16,COMPETITIVE,3,4,TG10_STEM_L2,1.0
V4EXP_PAIR_021,NEWDEV2_092,V4_TARGET_EXPANSION_2026-08-16,COMPETITIVE,3,4,TG10_STEM_L2,0.0
V4EXP_PAIR_027,MLV2_DEV_007,V4_TARGET_EXPANSION_2026-08-16,PROJECT,3,4,TG10_STEM_L2,1.0
V4EXP_PAIR_034,MLV2_DEV_051,V4_TARGET_EXPANSION_2026-08-16,PROJECT,3,4,TG10_STEM_L2,0.0
V4EXP_PAIR_037,MLV2_DEV_028,V4_TARGET_EXPANSION_2026-08-16,PROJECT,3,4,TG10_STEM_L2,1.0
V4EXP_PAIR_049,NEWDEV2_089,V4_TARGET_EXPANSION_2026-08-16,STATUS,3,4,TG10_STEM_L2,1.0
V4PRE_PAIR_004,NEWDEV2_016,PREEXISTING_414_SOURCE_REVIEW,COMPETITIVE,3,4,TG10_STEM_BRANCH_L2,1.0
V4PRE_PAIR_005,NEWDEV2_019,PREEXISTING_414_SOURCE_REVIEW,PROJECT,3,4,TG10_STEM_BRANCH_L2,1.0
V4PRE_PAIR_020,NEWDEV2_070,PREEXISTING_414_SOURCE_REVIEW,PROJECT,3,4,TG10_STEM_BRANCH_L2,0.0
V4PRE_PAIR_022,NEWDEV2_075,PREEXISTING_414_SOURCE_REVIEW,COMPETITIVE,3,4,TG10_STEM_BRANCH_L2,1.0
V4PRE_PAIR_026,NEWDEV2_082,PREEXISTING_414_SOURCE_REVIEW,STATUS,3,4,TG10_STEM_BRANCH_L2,0.0
V4PRE_PAIR_027,NEWDEV2_089,PREEXISTING_414_SOURCE_REVIEW,STATUS,3,4,TG10_STEM_BRANCH_L2,0.0
V4PRE_PAIR_030,NEWDEV2_093,PREEXISTING_414_SOURCE_REVIEW,COMPETITIVE,3,4,TG10_STEM_BRANCH_L2,0.0
V4PRE_PAIR_033,MLV2_DEV_007,PREEXISTING_414_SOURCE_REVIEW,PROJECT,3,4,TG10_STEM_BRANCH_L2,0.0
V4PRE_PAIR_034,MLV2_DEV_007,PREEXISTING_414_SOURCE_REVIEW,PROJECT,3,4,TG10_STEM_BRANCH_L2,0.0
V4PRE_PAIR_040,MLV2_DEV_033,PREEXISTING_414_SOURCE_REVIEW,PROJECT,3,4,TG10_STEM_BRANCH_L2,0.0
V4EXP_PAIR_002,NEWDEV2_036,V4_TARGET_EXPANSION_2026-08-16,COMPETITIVE,3,4,TG10_STEM_BRANCH_L2,0.0
V4EXP_PAIR_003,NEWDEV2_036,V4_TARGET_EXPANSION_2026-08-16,COMPETITIVE,3,4,TG10_STEM_BRANCH_L2,0.0
V4EXP_PAIR_011,NEWDEV2_027,V4_TARGET_EXPANSION_2026-08-16,COMPETITIVE,3,4,TG10_STEM_BRANCH_L2,1.0
V4EXP_PAIR_012,NEWDEV2_027,V4_TARGET_EXPANSION_2026-08-16,COMPETITIVE,3,4,TG10_STEM_BRANCH_L2,0.0
V4EXP_PAIR_013,NEWDEV2_027,V4_TARGET_EXPANSION_2026-08-16,COMPETITIVE,3,4,TG10_STEM_BRANCH_L2,0.0
V4EXP_PAIR_021,NEWDEV2_092,V4_TARGET_EXPANSION_2026-08-16,COMPETITIVE,3,4,TG10_STEM_BRANCH_L2,0.0
V4EXP_PAIR_027,MLV2_DEV_007,V4_TARGET_EXPANSION_2026-08-16,PROJECT,3,4,TG10_STEM_BRANCH_L2,1.0
V4EXP_PAIR_034,MLV2_DEV_051,V4_TARGET_EXPANSION_2026-08-16,PROJECT,3,4,TG10_STEM_BRANCH_L2,1.0
V4EXP_PAIR_037,MLV2_DEV_028,V4_TARGET_EXPANSION_2026-08-16,PROJECT,3,4,TG10_STEM_BRANCH_L2,1.0
V4EXP_PAIR_049,NEWDEV2_089,V4_TARGET_EXPANSION_2026-08-16,STATUS,3,4,TG10_STEM_BRANCH_L2,1.0
V4PRE_PAIR_004,NEWDEV2_016,PREEXISTING_414_SOURCE_REVIEW,COMPETITIVE,3,4,TG10_SB_STRENGTH_L2,1.0
V4PRE_PAIR_005,NEWDEV2_019,PREEXISTING_414_SOURCE_REVIEW,PROJECT,3,4,TG10_SB_STRENGTH_L2,1.0
V4PRE_PAIR_020,NEWDEV2_070,PREEXISTING_414_SOURCE_REVIEW,PROJECT,3,4,TG10_SB_STRENGTH_L2,0.0
V4PRE_PAIR_022,NEWDEV2_075,PREEXISTING_414_SOURCE_REVIEW,COMPETITIVE,3,4,TG10_SB_STRENGTH_L2,1.0
V4PRE_PAIR_026,NEWDEV2_082,PREEXISTING_414_SOURCE_REVIEW,STATUS,3,4,TG10_SB_STRENGTH_L2,1.0
V4PRE_PAIR_027,NEWDEV2_089,PREEXISTING_414_SOURCE_REVIEW,STATUS,3,4,TG10_SB_STRENGTH_L2,0.0
V4PRE_PAIR_030,NEWDEV2_093,PREEXISTING_414_SOURCE_REVIEW,COMPETITIVE,3,4,TG10_SB_STRENGTH_L2,0.0
V4PRE_PAIR_033,MLV2_DEV_007,PREEXISTING_414_SOURCE_REVIEW,PROJECT,3,4,TG10_SB_STRENGTH_L2,0.0
V4PRE_PAIR_034,MLV2_DEV_007,PREEXISTING_414_SOURCE_REVIEW,PROJECT,3,4,TG10_SB_STRENGTH_L2,0.0
V4PRE_PAIR_040,MLV2_DEV_033,PREEXISTING_414_SOURCE_REVIEW,PROJECT,3,4,TG10_SB_STRENGTH_L2,0.0
V4EXP_PAIR_002,NEWDEV2_036,V4_TARGET_EXPANSION_2026-08-16,COMPETITIVE,3,4,TG10_SB_STRENGTH_L2,0.0
V4EXP_PAIR_003,NEWDEV2_036,V4_TARGET_EXPANSION_2026-08-16,COMPETITIVE,3,4,TG10_SB_STRENGTH_L2,1.0
V4EXP_PAIR_011,NEWDEV2_027,V4_TARGET_EXPANSION_2026-08-16,COMPETITIVE,3,4,TG10_SB_STRENGTH_L2,1.0
V4EXP_PAIR_012,NEWDEV2_027,V4_TARGET_EXPANSION_2026-08-16,COMPETITIVE,3,4,TG10_SB_STRENGTH_L2,0.0
V4EXP_PAIR_013,NEWDEV2_027,V4_TARGET_EXPANSION_2026-08-16,COMPETITIVE,3,4,TG10_SB_STRENGTH_L2,0.0
V4EXP_PAIR_021,NEWDEV2_092,V4_TARGET_EXPANSION_2026-08-16,COMPETITIVE,3,4,TG10_SB_STRENGTH_L2,0.0
V4EXP_PAIR_027,MLV2_DEV_007,V4_TARGET_EXPANSION_2026-08-16,PROJECT,3,4,TG10_SB_STRENGTH_L2,0.0
V4EXP_PAIR_034,MLV2_DEV_051,V4_TARGET_EXPANSION_2026-08-16,PROJECT,3,4,TG10_SB_STRENGTH_L2,1.0
V4EXP_PAIR_037,MLV2_DEV_028,V4_TARGET_EXPANSION_2026-08-16,PROJECT,3,4,TG10_SB_STRENGTH_L2,1.0
V4EXP_PAIR_049,NEWDEV2_089,V4_TARGET_EXPANSION_2026-08-16,STATUS,3,4,TG10_SB_STRENGTH_L2,0.0
V4PRE_PAIR_004,NEWDEV2_016,PREEXISTING_414_SOURCE_REVIEW,COMPETITIVE,3,4,TG10_SB_RELATIONS_L2,1.0
V4PRE_PAIR_005,NEWDEV2_019,PREEXISTING_414_SOURCE_REVIEW,PROJECT,3,4,TG10_SB_RELATIONS_L2,0.0
V4PRE_PAIR_020,NEWDEV2_070,PREEXISTING_414_SOURCE_REVIEW,PROJECT,3,4,TG10_SB_RELATIONS_L2,0.0
V4PRE_PAIR_022,NEWDEV2_075,PREEXISTING_414_SOURCE_REVIEW,COMPETITIVE,3,4,TG10_SB_RELATIONS_L2,0.0
V4PRE_PAIR_026,NEWDEV2_082,PREEXISTING_414_SOURCE_REVIEW,STATUS,3,4,TG10_SB_RELATIONS_L2,1.0
V4PRE_PAIR_027,NEWDEV2_089,PREEXISTING_414_SOURCE_REVIEW,STATUS,3,4,TG10_SB_RELATIONS_L2,1.0
V4PRE_PAIR_030,NEWDEV2_093,PREEXISTING_414_SOURCE_REVIEW,COMPETITIVE,3,4,TG10_SB_RELATIONS_L2,1.0
V4PRE_PAIR_033,MLV2_DEV_007,PREEXISTING_414_SOURCE_REVIEW,PROJECT,3,4,TG10_SB_RELATIONS_L2,0.0
V4PRE_PAIR_034,MLV2_DEV_007,PREEXISTING_414_SOURCE_REVIEW,PROJECT,3,4,TG10_SB_RELATIONS_L2,0.0
V4PRE_PAIR_040,MLV2_DEV_033,PREEXISTING_414_SOURCE_REVIEW,PROJECT,3,4,TG10_SB_RELATIONS_L2,0.0
V4EXP_PAIR_002,NEWDEV2_036,V4_TARGET_EXPANSION_2026-08-16,COMPETITIVE,3,4,TG10_SB_RELATIONS_L2,0.0
V4EXP_PAIR_003,NEWDEV2_036,V4_TARGET_EXPANSION_2026-08-16,COMPETITIVE,3,4,TG10_SB_RELATIONS_L2,0.0
V4EXP_PAIR_011,NEWDEV2_027,V4_TARGET_EXPANSION_2026-08-16,COMPETITIVE,3,4,TG10_SB_RELATIONS_L2,1.0
V4EXP_PAIR_012,NEWDEV2_027,V4_TARGET_EXPANSION_2026-08-16,COMPETITIVE,3,4,TG10_SB_RELATIONS_L2,0.0
V4EXP_PAIR_013,NEWDEV2_027,V4_TARGET_EXPANSION_2026-08-16,COMPETITIVE,3,4,TG10_SB_RELATIONS_L2,0.0
V4EXP_PAIR_021,NEWDEV2_092,V4_TARGET_EXPANSION_2026-08-16,COMPETITIVE,3,4,TG10_SB_RELATIONS_L2,0.0
V4EXP_PAIR_027,MLV2_DEV_007,V4_TARGET_EXPANSION_2026-08-16,PROJECT,3,4,TG10_SB_RELATIONS_L2,1.0
V4EXP_PAIR_034,MLV2_DEV_051,V4_TARGET_EXPANSION_2026-08-16,PROJECT,3,4,TG10_SB_RELATIONS_L2,0.0
V4EXP_PAIR_037,MLV2_DEV_028,V4_TARGET_EXPANSION_2026-08-16,PROJECT,3,4,TG10_SB_RELATIONS_L2,0.0
V4EXP_PAIR_049,NEWDEV2_089,V4_TARGET_EXPANSION_2026-08-16,STATUS,3,4,TG10_SB_RELATIONS_L2,1.0
V4PRE_PAIR_004,NEWDEV2_016,PREEXISTING_414_SOURCE_REVIEW,COMPETITIVE,3,4,ALL_L2,1.0
V4PRE_PAIR_005,NEWDEV2_019,PREEXISTING_414_SOURCE_REVIEW,PROJECT,3,4,ALL_L2,1.0
V4PRE_PAIR_020,NEWDEV2_070,PREEXISTING_414_SOURCE_REVIEW,PROJECT,3,4,ALL_L2,0.0
V4PRE_PAIR_022,NEWDEV2_075,PREEXISTING_414_SOURCE_REVIEW,COMPETITIVE,3,4,ALL_L2,0.0
V4PRE_PAIR_026,NEWDEV2_082,PREEXISTING_414_SOURCE_REVIEW,STATUS,3,4,ALL_L2,1.0
V4PRE_PAIR_027,NEWDEV2_089,PREEXISTING_414_SOURCE_REVIEW,STATUS,3,4,ALL_L2,1.0
V4PRE_PAIR_030,NEWDEV2_093,PREEXISTING_414_SOURCE_REVIEW,COMPETITIVE,3,4,ALL_L2,1.0
V4PRE_PAIR_033,MLV2_DEV_007,PREEXISTING_414_SOURCE_REVIEW,PROJECT,3,4,ALL_L2,0.0
V4PRE_PAIR_034,MLV2_DEV_007,PREEXISTING_414_SOURCE_REVIEW,PROJECT,3,4,ALL_L2,0.0
V4PRE_PAIR_040,MLV2_DEV_033,PREEXISTING_414_SOURCE_REVIEW,PROJECT,3,4,ALL_L2,0.0
V4EXP_PAIR_002,NEWDEV2_036,V4_TARGET_EXPANSION_2026-08-16,COMPETITIVE,3,4,ALL_L2,0.0
V4EXP_PAIR_003,NEWDEV2_036,V4_TARGET_EXPANSION_2026-08-16,COMPETITIVE,3,4,ALL_L2,0.0
V4EXP_PAIR_011,NEWDEV2_027,V4_TARGET_EXPANSION_2026-08-16,COMPETITIVE,3,4,ALL_L2,1.0
V4EXP_PAIR_012,NEWDEV2_027,V4_TARGET_EXPANSION_2026-08-16,COMPETITIVE,3,4,ALL_L2,0.0
V4EXP_PAIR_013,NEWDEV2_027,V4_TARGET_EXPANSION_2026-08-16,COMPETITIVE,3,4,ALL_L2,0.0
V4EXP_PAIR_021,NEWDEV2_092,V4_TARGET_EXPANSION_2026-08-16,COMPETITIVE,3,4,ALL_L2,1.0
V4EXP_PAIR_027,MLV2_DEV_007,V4_TARGET_EXPANSION_2026-08-16,PROJECT,3,4,ALL_L2,0.0
V4EXP_PAIR_034,MLV2_DEV_051,V4_TARGET_EXPANSION_2026-08-16,PROJECT,3,4,ALL_L2,0.0
V4EXP_PAIR_037,MLV2_DEV_028,V4_TARGET_EXPANSION_2026-08-16,PROJECT,3,4,ALL_L2,1.0
V4EXP_PAIR_049,NEWDEV2_089,V4_TARGET_EXPANSION_2026-08-16,STATUS,3,4,ALL_L2,0.0
V4PRE_PAIR_004,NEWDEV2_016,PREEXISTING_414_SOURCE_REVIEW,COMPETITIVE,3,4,NUISANCE_AGE_AXIS,0.0
V4PRE_PAIR_005,NEWDEV2_019,PREEXISTING_414_SOURCE_REVIEW,PROJECT,3,4,NUISANCE_AGE_AXIS,1.0
V4PRE_PAIR_020,NEWDEV2_070,PREEXISTING_414_SOURCE_REVIEW,PROJECT,3,4,NUISANCE_AGE_AXIS,1.0
V4PRE_PAIR_022,NEWDEV2_075,PREEXISTING_414_SOURCE_REVIEW,COMPETITIVE,3,4,NUISANCE_AGE_AXIS,1.0
V4PRE_PAIR_026,NEWDEV2_082,PREEXISTING_414_SOURCE_REVIEW,STATUS,3,4,NUISANCE_AGE_AXIS,1.0
V4PRE_PAIR_027,NEWDEV2_089,PREEXISTING_414_SOURCE_REVIEW,STATUS,3,4,NUISANCE_AGE_AXIS,1.0
V4PRE_PAIR_030,NEWDEV2_093,PREEXISTING_414_SOURCE_REVIEW,COMPETITIVE,3,4,NUISANCE_AGE_AXIS,1.0
V4PRE_PAIR_033,MLV2_DEV_007,PREEXISTING_414_SOURCE_REVIEW,PROJECT,3,4,NUISANCE_AGE_AXIS,1.0
V4PRE_PAIR_034,MLV2_DEV_007,PREEXISTING_414_SOURCE_REVIEW,PROJECT,3,4,NUISANCE_AGE_AXIS,1.0
V4PRE_PAIR_040,MLV2_DEV_033,PREEXISTING_414_SOURCE_REVIEW,PROJECT,3,4,NUISANCE_AGE_AXIS,0.0
V4EXP_PAIR_002,NEWDEV2_036,V4_TARGET_EXPANSION_2026-08-16,COMPETITIVE,3,4,NUISANCE_AGE_AXIS,0.0
V4EXP_PAIR_003,NEWDEV2_036,V4_TARGET_EXPANSION_2026-08-16,COMPETITIVE,3,4,NUISANCE_AGE_AXIS,0.0
V4EXP_PAIR_011,NEWDEV2_027,V4_TARGET_EXPANSION_2026-08-16,COMPETITIVE,3,4,NUISANCE_AGE_AXIS,0.0
V4EXP_PAIR_012,NEWDEV2_027,V4_TARGET_EXPANSION_2026-08-16,COMPETITIVE,3,4,NUISANCE_AGE_AXIS,0.0
V4EXP_PAIR_013,NEWDEV2_027,V4_TARGET_EXPANSION_2026-08-16,COMPETITIVE,3,4,NUISANCE_AGE_AXIS,0.0
V4EXP_PAIR_021,NEWDEV2_092,V4_TARGET_EXPANSION_2026-08-16,COMPETITIVE,3,4,NUISANCE_AGE_AXIS,0.0
V4EXP_PAIR_027,MLV2_DEV_007,V4_TARGET_EXPANSION_2026-08-16,PROJECT,3,4,NUISANCE_AGE_AXIS,0.0
V4EXP_PAIR_034,MLV2_DEV_051,V4_TARGET_EXPANSION_2026-08-16,PROJECT,3,4,NUISANCE_AGE_AXIS,0.0
V4EXP_PAIR_037,MLV2_DEV_028,V4_TARGET_EXPANSION_2026-08-16,PROJECT,3,4,NUISANCE_AGE_AXIS,0.0
V4EXP_PAIR_049,NEWDEV2_089,V4_TARGET_EXPANSION_2026-08-16,STATUS,3,4,NUISANCE_AGE_AXIS,0.0
V4PRE_PAIR_004,NEWDEV2_016,PREEXISTING_414_SOURCE_REVIEW,COMPETITIVE,3,4,NUISANCE_WITH_ORIGIN_DIAGNOSTIC,0.0
V4PRE_PAIR_005,NEWDEV2_019,PREEXISTING_414_SOURCE_REVIEW,PROJECT,3,4,NUISANCE_WITH_ORIGIN_DIAGNOSTIC,1.0
V4PRE_PAIR_020,NEWDEV2_070,PREEXISTING_414_SOURCE_REVIEW,PROJECT,3,4,NUISANCE_WITH_ORIGIN_DIAGNOSTIC,1.0
V4PRE_PAIR_022,NEWDEV2_075,PREEXISTING_414_SOURCE_REVIEW,COMPETITIVE,3,4,NUISANCE_WITH_ORIGIN_DIAGNOSTIC,1.0
V4PRE_PAIR_026,NEWDEV2_082,PREEXISTING_414_SOURCE_REVIEW,STATUS,3,4,NUISANCE_WITH_ORIGIN_DIAGNOSTIC,1.0
V4PRE_PAIR_027,NEWDEV2_089,PREEXISTING_414_SOURCE_REVIEW,STATUS,3,4,NUISANCE_WITH_ORIGIN_DIAGNOSTIC,1.0
V4PRE_PAIR_030,NEWDEV2_093,PREEXISTING_414_SOURCE_REVIEW,COMPETITIVE,3,4,NUISANCE_WITH_ORIGIN_DIAGNOSTIC,1.0
V4PRE_PAIR_033,MLV2_DEV_007,PREEXISTING_414_SOURCE_REVIEW,PROJECT,3,4,NUISANCE_WITH_ORIGIN_DIAGNOSTIC,1.0
V4PRE_PAIR_034,MLV2_DEV_007,PREEXISTING_414_SOURCE_REVIEW,PROJECT,3,4,NUISANCE_WITH_ORIGIN_DIAGNOSTIC,1.0
V4PRE_PAIR_040,MLV2_DEV_033,PREEXISTING_414_SOURCE_REVIEW,PROJECT,3,4,NUISANCE_WITH_ORIGIN_DIAGNOSTIC,0.0
V4EXP_PAIR_002,NEWDEV2_036,V4_TARGET_EXPANSION_2026-08-16,COMPETITIVE,3,4,NUISANCE_WITH_ORIGIN_DIAGNOSTIC,1.0
V4EXP_PAIR_003,NEWDEV2_036,V4_TARGET_EXPANSION_2026-08-16,COMPETITIVE,3,4,NUISANCE_WITH_ORIGIN_DIAGNOSTIC,1.0
V4EXP_PAIR_011,NEWDEV2_027,V4_TARGET_EXPANSION_2026-08-16,COMPETITIVE,3,4,NUISANCE_WITH_ORIGIN_DIAGNOSTIC,1.0
V4EXP_PAIR_012,NEWDEV2_027,V4_TARGET_EXPANSION_2026-08-16,COMPETITIVE,3,4,NUISANCE_WITH_ORIGIN_DIAGNOSTIC,1.0
V4EXP_PAIR_013,NEWDEV2_027,V4_TARGET_EXPANSION_2026-08-16,COMPETITIVE,3,4,NUISANCE_WITH_ORIGIN_DIAGNOSTIC,1.0
V4EXP_PAIR_021,NEWDEV2_092,V4_TARGET_EXPANSION_2026-08-16,COMPETITIVE,3,4,NUISANCE_WITH_ORIGIN_DIAGNOSTIC,1.0
V4EXP_PAIR_027,MLV2_DEV_007,V4_TARGET_EXPANSION_2026-08-16,PROJECT,3,4,NUISANCE_WITH_ORIGIN_DIAGNOSTIC,1.0
V4EXP_PAIR_034,MLV2_DEV_051,V4_TARGET_EXPANSION_2026-08-16,PROJECT,3,4,NUISANCE_WITH_ORIGIN_DIAGNOSTIC,1.0
V4EXP_PAIR_037,MLV2_DEV_028,V4_TARGET_EXPANSION_2026-08-16,PROJECT,3,4,NUISANCE_WITH_ORIGIN_DIAGNOSTIC,1.0
V4EXP_PAIR_049,NEWDEV2_089,V4_TARGET_EXPANSION_2026-08-16,STATUS,3,4,NUISANCE_WITH_ORIGIN_DIAGNOSTIC,1.0
V4PRE_PAIR_004,NEWDEV2_016,PREEXISTING_414_SOURCE_REVIEW,COMPETITIVE,3,4,ALL_ELASTICNET_AUTO,1.0
V4PRE_PAIR_005,NEWDEV2_019,PREEXISTING_414_SOURCE_REVIEW,PROJECT,3,4,ALL_ELASTICNET_AUTO,1.0
V4PRE_PAIR_020,NEWDEV2_070,PREEXISTING_414_SOURCE_REVIEW,PROJECT,3,4,ALL_ELASTICNET_AUTO,0.0
V4PRE_PAIR_022,NEWDEV2_075,PREEXISTING_414_SOURCE_REVIEW,COMPETITIVE,3,4,ALL_ELASTICNET_AUTO,0.0
V4PRE_PAIR_026,NEWDEV2_082,PREEXISTING_414_SOURCE_REVIEW,STATUS,3,4,ALL_ELASTICNET_AUTO,0.0
V4PRE_PAIR_027,NEWDEV2_089,PREEXISTING_414_SOURCE_REVIEW,STATUS,3,4,ALL_ELASTICNET_AUTO,0.0
V4PRE_PAIR_030,NEWDEV2_093,PREEXISTING_414_SOURCE_REVIEW,COMPETITIVE,3,4,ALL_ELASTICNET_AUTO,1.0
V4PRE_PAIR_033,MLV2_DEV_007,PREEXISTING_414_SOURCE_REVIEW,PROJECT,3,4,ALL_ELASTICNET_AUTO,0.0
V4PRE_PAIR_034,MLV2_DEV_007,PREEXISTING_414_SOURCE_REVIEW,PROJECT,3,4,ALL_ELASTICNET_AUTO,0.0
V4PRE_PAIR_040,MLV2_DEV_033,PREEXISTING_414_SOURCE_REVIEW,PROJECT,3,4,ALL_ELASTICNET_AUTO,1.0
V4EXP_PAIR_002,NEWDEV2_036,V4_TARGET_EXPANSION_2026-08-16,COMPETITIVE,3,4,ALL_ELASTICNET_AUTO,0.0
V4EXP_PAIR_003,NEWDEV2_036,V4_TARGET_EXPANSION_2026-08-16,COMPETITIVE,3,4,ALL_ELASTICNET_AUTO,0.0
V4EXP_PAIR_011,NEWDEV2_027,V4_TARGET_EXPANSION_2026-08-16,COMPETITIVE,3,4,ALL_ELASTICNET_AUTO,1.0
V4EXP_PAIR_012,NEWDEV2_027,V4_TARGET_EXPANSION_2026-08-16,COMPETITIVE,3,4,ALL_ELASTICNET_AUTO,0.0
V4EXP_PAIR_013,NEWDEV2_027,V4_TARGET_EXPANSION_2026-08-16,COMPETITIVE,3,4,ALL_ELASTICNET_AUTO,0.0
V4EXP_PAIR_021,NEWDEV2_092,V4_TARGET_EXPANSION_2026-08-16,COMPETITIVE,3,4,ALL_ELASTICNET_AUTO,1.0
V4EXP_PAIR_027,MLV2_DEV_007,V4_TARGET_EXPANSION_2026-08-16,PROJECT,3,4,ALL_ELASTICNET_AUTO,0.0
V4EXP_PAIR_034,MLV2_DEV_051,V4_TARGET_EXPANSION_2026-08-16,PROJECT,3,4,ALL_ELASTICNET_AUTO,0.0
V4EXP_PAIR_037,MLV2_DEV_028,V4_TARGET_EXPANSION_2026-08-16,PROJECT,3,4,ALL_ELASTICNET_AUTO,1.0
V4EXP_PAIR_049,NEWDEV2_089,V4_TARGET_EXPANSION_2026-08-16,STATUS,3,4,ALL_ELASTICNET_AUTO,0.0
V4PRE_PAIR_004,NEWDEV2_016,PREEXISTING_414_SOURCE_REVIEW,COMPETITIVE,3,4,HGB_ALL_EXPLORATORY,1.0
V4PRE_PAIR_005,NEWDEV2_019,PREEXISTING_414_SOURCE_REVIEW,PROJECT,3,4,HGB_ALL_EXPLORATORY,0.0
V4PRE_PAIR_020,NEWDEV2_070,PREEXISTING_414_SOURCE_REVIEW,PROJECT,3,4,HGB_ALL_EXPLORATORY,1.0
V4PRE_PAIR_022,NEWDEV2_075,PREEXISTING_414_SOURCE_REVIEW,COMPETITIVE,3,4,HGB_ALL_EXPLORATORY,1.0
V4PRE_PAIR_026,NEWDEV2_082,PREEXISTING_414_SOURCE_REVIEW,STATUS,3,4,HGB_ALL_EXPLORATORY,1.0
V4PRE_PAIR_027,NEWDEV2_089,PREEXISTING_414_SOURCE_REVIEW,STATUS,3,4,HGB_ALL_EXPLORATORY,0.0
V4PRE_PAIR_030,NEWDEV2_093,PREEXISTING_414_SOURCE_REVIEW,COMPETITIVE,3,4,HGB_ALL_EXPLORATORY,1.0
V4PRE_PAIR_033,MLV2_DEV_007,PREEXISTING_414_SOURCE_REVIEW,PROJECT,3,4,HGB_ALL_EXPLORATORY,0.0
V4PRE_PAIR_034,MLV2_DEV_007,PREEXISTING_414_SOURCE_REVIEW,PROJECT,3,4,HGB_ALL_EXPLORATORY,0.0
V4PRE_PAIR_040,MLV2_DEV_033,PREEXISTING_414_SOURCE_REVIEW,PROJECT,3,4,HGB_ALL_EXPLORATORY,1.0
V4EXP_PAIR_002,NEWDEV2_036,V4_TARGET_EXPANSION_2026-08-16,COMPETITIVE,3,4,HGB_ALL_EXPLORATORY,0.0
V4EXP_PAIR_003,NEWDEV2_036,V4_TARGET_EXPANSION_2026-08-16,COMPETITIVE,3,4,HGB_ALL_EXPLORATORY,1.0
V4EXP_PAIR_011,NEWDEV2_027,V4_TARGET_EXPANSION_2026-08-16,COMPETITIVE,3,4,HGB_ALL_EXPLORATORY,1.0
V4EXP_PAIR_012,NEWDEV2_027,V4_TARGET_EXPANSION_2026-08-16,COMPETITIVE,3,4,HGB_ALL_EXPLORATORY,0.0
V4EXP_PAIR_013,NEWDEV2_027,V4_TARGET_EXPANSION_2026-08-16,COMPETITIVE,3,4,HGB_ALL_EXPLORATORY,0.0
V4EXP_PAIR_021,NEWDEV2_092,V4_TARGET_EXPANSION_2026-08-16,COMPETITIVE,3,4,HGB_ALL_EXPLORATORY,0.0
V4EXP_PAIR_027,MLV2_DEV_007,V4_TARGET_EXPANSION_2026-08-16,PROJECT,3,4,HGB_ALL_EXPLORATORY,1.0
V4EXP_PAIR_034,MLV2_DEV_051,V4_TARGET_EXPANSION_2026-08-16,PROJECT,3,4,HGB_ALL_EXPLORATORY,0.0
V4EXP_PAIR_037,MLV2_DEV_028,V4_TARGET_EXPANSION_2026-08-16,PROJECT,3,4,HGB_ALL_EXPLORATORY,1.0
V4EXP_PAIR_049,NEWDEV2_089,V4_TARGET_EXPANSION_2026-08-16,STATUS,3,4,HGB_ALL_EXPLORATORY,0.0
V4PRE_PAIR_006,NEWDEV2_024,PREEXISTING_414_SOURCE_REVIEW,PROJECT,4,0,AGE_YOUNGER_FIXED,1.0
V4PRE_PAIR_009,NEWDEV2_030,PREEXISTING_414_SOURCE_REVIEW,COMPETITIVE,4,0,AGE_YOUNGER_FIXED,1.0
V4PRE_PAIR_011,NEWDEV2_039,PREEXISTING_414_SOURCE_REVIEW,STATUS,4,0,AGE_YOUNGER_FIXED,1.0
V4PRE_PAIR_024,NEWDEV2_078,PREEXISTING_414_SOURCE_REVIEW,COMPETITIVE,4,0,AGE_YOUNGER_FIXED,1.0
V4PRE_PAIR_025,NEWDEV2_081,PREEXISTING_414_SOURCE_REVIEW,PROJECT,4,0,AGE_YOUNGER_FIXED,1.0
V4PRE_PAIR_028,NEWDEV2_090,PREEXISTING_414_SOURCE_REVIEW,COMPETITIVE,4,0,AGE_YOUNGER_FIXED,1.0
V4PRE_PAIR_037,MLV2_DEV_022,PREEXISTING_414_SOURCE_REVIEW,RECOGNITION,4,0,AGE_YOUNGER_FIXED,1.0
V4PRE_PAIR_038,MLV2_DEV_022,PREEXISTING_414_SOURCE_REVIEW,RECOGNITION,4,0,AGE_YOUNGER_FIXED,0.0
V4PRE_PAIR_040,MLV2_DEV_033,PREEXISTING_414_SOURCE_REVIEW,PROJECT,4,0,AGE_YOUNGER_FIXED,0.0
V4PRE_PAIR_046,MLV2_DEV_050,PREEXISTING_414_SOURCE_REVIEW,PROJECT,4,0,AGE_YOUNGER_FIXED,1.0
V4EXP_PAIR_006,MLV2_DEV_068,V4_TARGET_EXPANSION_2026-08-16,COMPETITIVE,4,0,AGE_YOUNGER_FIXED,0.0
V4EXP_PAIR_007,MLV2_DEV_068,V4_TARGET_EXPANSION_2026-08-16,COMPETITIVE,4,0,AGE_YOUNGER_FIXED,0.0
V4EXP_PAIR_008,MLV2_DEV_068,V4_TARGET_EXPANSION_2026-08-16,COMPETITIVE,4,0,AGE_YOUNGER_FIXED,0.0
V4EXP_PAIR_009,MLV2_DEV_068,V4_TARGET_EXPANSION_2026-08-16,COMPETITIVE,4,0,AGE_YOUNGER_FIXED,0.0
V4EXP_PAIR_010,MLV2_DEV_068,V4_TARGET_EXPANSION_2026-08-16,COMPETITIVE,4,0,AGE_YOUNGER_FIXED,0.0
V4EXP_PAIR_030,NEWDEV2_002,V4_TARGET_EXPANSION_2026-08-16,PROJECT,4,0,AGE_YOUNGER_FIXED,0.0
V4EXP_PAIR_033,NEWDEV2_081,V4_TARGET_EXPANSION_2026-08-16,PROJECT,4,0,AGE_YOUNGER_FIXED,0.0
V4EXP_PAIR_035,MLV2_DEV_036,V4_TARGET_EXPANSION_2026-08-16,PROJECT,4,0,AGE_YOUNGER_FIXED,0.0
V4EXP_PAIR_039,NEWDEV2_084,V4_TARGET_EXPANSION_2026-08-16,PROJECT,4,0,AGE_YOUNGER_FIXED,0.0
V4EXP_PAIR_050,MLV2_DEV_032,V4_TARGET_EXPANSION_2026-08-16,STATUS,4,0,AGE_YOUNGER_FIXED,0.0
V4PRE_PAIR_006,NEWDEV2_024,PREEXISTING_414_SOURCE_REVIEW,PROJECT,4,0,AGE_LATER_FIXED,0.0
V4PRE_PAIR_009,NEWDEV2_030,PREEXISTING_414_SOURCE_REVIEW,COMPETITIVE,4,0,AGE_LATER_FIXED,0.0
V4PRE_PAIR_011,NEWDEV2_039,PREEXISTING_414_SOURCE_REVIEW,STATUS,4,0,AGE_LATER_FIXED,0.0
V4PRE_PAIR_024,NEWDEV2_078,PREEXISTING_414_SOURCE_REVIEW,COMPETITIVE,4,0,AGE_LATER_FIXED,0.0
V4PRE_PAIR_025,NEWDEV2_081,PREEXISTING_414_SOURCE_REVIEW,PROJECT,4,0,AGE_LATER_FIXED,0.0
V4PRE_PAIR_028,NEWDEV2_090,PREEXISTING_414_SOURCE_REVIEW,COMPETITIVE,4,0,AGE_LATER_FIXED,0.0
V4PRE_PAIR_037,MLV2_DEV_022,PREEXISTING_414_SOURCE_REVIEW,RECOGNITION,4,0,AGE_LATER_FIXED,0.0
V4PRE_PAIR_038,MLV2_DEV_022,PREEXISTING_414_SOURCE_REVIEW,RECOGNITION,4,0,AGE_LATER_FIXED,1.0
V4PRE_PAIR_040,MLV2_DEV_033,PREEXISTING_414_SOURCE_REVIEW,PROJECT,4,0,AGE_LATER_FIXED,1.0
V4PRE_PAIR_046,MLV2_DEV_050,PREEXISTING_414_SOURCE_REVIEW,PROJECT,4,0,AGE_LATER_FIXED,0.0
V4EXP_PAIR_006,MLV2_DEV_068,V4_TARGET_EXPANSION_2026-08-16,COMPETITIVE,4,0,AGE_LATER_FIXED,1.0
V4EXP_PAIR_007,MLV2_DEV_068,V4_TARGET_EXPANSION_2026-08-16,COMPETITIVE,4,0,AGE_LATER_FIXED,1.0
V4EXP_PAIR_008,MLV2_DEV_068,V4_TARGET_EXPANSION_2026-08-16,COMPETITIVE,4,0,AGE_LATER_FIXED,1.0
V4EXP_PAIR_009,MLV2_DEV_068,V4_TARGET_EXPANSION_2026-08-16,COMPETITIVE,4,0,AGE_LATER_FIXED,1.0
V4EXP_PAIR_010,MLV2_DEV_068,V4_TARGET_EXPANSION_2026-08-16,COMPETITIVE,4,0,AGE_LATER_FIXED,1.0
V4EXP_PAIR_030,NEWDEV2_002,V4_TARGET_EXPANSION_2026-08-16,PROJECT,4,0,AGE_LATER_FIXED,1.0
V4EXP_PAIR_033,NEWDEV2_081,V4_TARGET_EXPANSION_2026-08-16,PROJECT,4,0,AGE_LATER_FIXED,1.0
V4EXP_PAIR_035,MLV2_DEV_036,V4_TARGET_EXPANSION_2026-08-16,PROJECT,4,0,AGE_LATER_FIXED,1.0
V4EXP_PAIR_039,NEWDEV2_084,V4_TARGET_EXPANSION_2026-08-16,PROJECT,4,0,AGE_LATER_FIXED,1.0
V4EXP_PAIR_050,MLV2_DEV_032,V4_TARGET_EXPANSION_2026-08-16,STATUS,4,0,AGE_LATER_FIXED,1.0
V4PRE_PAIR_006,NEWDEV2_024,PREEXISTING_414_SOURCE_REVIEW,PROJECT,4,0,CONTROL_FIXED,1.0
V4PRE_PAIR_009,NEWDEV2_030,PREEXISTING_414_SOURCE_REVIEW,COMPETITIVE,4,0,CONTROL_FIXED,0.0
V4PRE_PAIR_011,NEWDEV2_039,PREEXISTING_414_SOURCE_REVIEW,STATUS,4,0,CONTROL_FIXED,1.0
V4PRE_PAIR_024,NEWDEV2_078,PREEXISTING_414_SOURCE_REVIEW,COMPETITIVE,4,0,CONTROL_FIXED,1.0
V4PRE_PAIR_025,NEWDEV2_081,PREEXISTING_414_SOURCE_REVIEW,PROJECT,4,0,CONTROL_FIXED,0.0
V4PRE_PAIR_028,NEWDEV2_090,PREEXISTING_414_SOURCE_REVIEW,COMPETITIVE,4,0,CONTROL_FIXED,1.0
V4PRE_PAIR_037,MLV2_DEV_022,PREEXISTING_414_SOURCE_REVIEW,RECOGNITION,4,0,CONTROL_FIXED,0.0
V4PRE_PAIR_038,MLV2_DEV_022,PREEXISTING_414_SOURCE_REVIEW,RECOGNITION,4,0,CONTROL_FIXED,1.0
V4PRE_PAIR_040,MLV2_DEV_033,PREEXISTING_414_SOURCE_REVIEW,PROJECT,4,0,CONTROL_FIXED,1.0
V4PRE_PAIR_046,MLV2_DEV_050,PREEXISTING_414_SOURCE_REVIEW,PROJECT,4,0,CONTROL_FIXED,0.0
V4EXP_PAIR_006,MLV2_DEV_068,V4_TARGET_EXPANSION_2026-08-16,COMPETITIVE,4,0,CONTROL_FIXED,0.0
V4EXP_PAIR_007,MLV2_DEV_068,V4_TARGET_EXPANSION_2026-08-16,COMPETITIVE,4,0,CONTROL_FIXED,0.0
V4EXP_PAIR_008,MLV2_DEV_068,V4_TARGET_EXPANSION_2026-08-16,COMPETITIVE,4,0,CONTROL_FIXED,0.0
V4EXP_PAIR_009,MLV2_DEV_068,V4_TARGET_EXPANSION_2026-08-16,COMPETITIVE,4,0,CONTROL_FIXED,1.0
V4EXP_PAIR_010,MLV2_DEV_068,V4_TARGET_EXPANSION_2026-08-16,COMPETITIVE,4,0,CONTROL_FIXED,1.0
V4EXP_PAIR_030,NEWDEV2_002,V4_TARGET_EXPANSION_2026-08-16,PROJECT,4,0,CONTROL_FIXED,0.0
V4EXP_PAIR_033,NEWDEV2_081,V4_TARGET_EXPANSION_2026-08-16,PROJECT,4,0,CONTROL_FIXED,1.0
V4EXP_PAIR_035,MLV2_DEV_036,V4_TARGET_EXPANSION_2026-08-16,PROJECT,4,0,CONTROL_FIXED,1.0
V4EXP_PAIR_039,NEWDEV2_084,V4_TARGET_EXPANSION_2026-08-16,PROJECT,4,0,CONTROL_FIXED,0.5
V4EXP_PAIR_050,MLV2_DEV_032,V4_TARGET_EXPANSION_2026-08-16,STATUS,4,0,CONTROL_FIXED,1.0
V4PRE_PAIR_006,NEWDEV2_024,PREEXISTING_414_SOURCE_REVIEW,PROJECT,4,0,TG5_GROUP_L2,1.0
V4PRE_PAIR_009,NEWDEV2_030,PREEXISTING_414_SOURCE_REVIEW,COMPETITIVE,4,0,TG5_GROUP_L2,0.0
V4PRE_PAIR_011,NEWDEV2_039,PREEXISTING_414_SOURCE_REVIEW,STATUS,4,0,TG5_GROUP_L2,0.5
V4PRE_PAIR_024,NEWDEV2_078,PREEXISTING_414_SOURCE_REVIEW,COMPETITIVE,4,0,TG5_GROUP_L2,0.0
V4PRE_PAIR_025,NEWDEV2_081,PREEXISTING_414_SOURCE_REVIEW,PROJECT,4,0,TG5_GROUP_L2,1.0
V4PRE_PAIR_028,NEWDEV2_090,PREEXISTING_414_SOURCE_REVIEW,COMPETITIVE,4,0,TG5_GROUP_L2,0.0
V4PRE_PAIR_037,MLV2_DEV_022,PREEXISTING_414_SOURCE_REVIEW,RECOGNITION,4,0,TG5_GROUP_L2,1.0
V4PRE_PAIR_038,MLV2_DEV_022,PREEXISTING_414_SOURCE_REVIEW,RECOGNITION,4,0,TG5_GROUP_L2,0.5
V4PRE_PAIR_040,MLV2_DEV_033,PREEXISTING_414_SOURCE_REVIEW,PROJECT,4,0,TG5_GROUP_L2,0.0
V4PRE_PAIR_046,MLV2_DEV_050,PREEXISTING_414_SOURCE_REVIEW,PROJECT,4,0,TG5_GROUP_L2,0.0
V4EXP_PAIR_006,MLV2_DEV_068,V4_TARGET_EXPANSION_2026-08-16,COMPETITIVE,4,0,TG5_GROUP_L2,1.0
V4EXP_PAIR_007,MLV2_DEV_068,V4_TARGET_EXPANSION_2026-08-16,COMPETITIVE,4,0,TG5_GROUP_L2,0.5
V4EXP_PAIR_008,MLV2_DEV_068,V4_TARGET_EXPANSION_2026-08-16,COMPETITIVE,4,0,TG5_GROUP_L2,0.0
V4EXP_PAIR_009,MLV2_DEV_068,V4_TARGET_EXPANSION_2026-08-16,COMPETITIVE,4,0,TG5_GROUP_L2,1.0
V4EXP_PAIR_010,MLV2_DEV_068,V4_TARGET_EXPANSION_2026-08-16,COMPETITIVE,4,0,TG5_GROUP_L2,1.0
V4EXP_PAIR_030,NEWDEV2_002,V4_TARGET_EXPANSION_2026-08-16,PROJECT,4,0,TG5_GROUP_L2,1.0
V4EXP_PAIR_033,NEWDEV2_081,V4_TARGET_EXPANSION_2026-08-16,PROJECT,4,0,TG5_GROUP_L2,1.0
V4EXP_PAIR_035,MLV2_DEV_036,V4_TARGET_EXPANSION_2026-08-16,PROJECT,4,0,TG5_GROUP_L2,0.0
V4EXP_PAIR_039,NEWDEV2_084,V4_TARGET_EXPANSION_2026-08-16,PROJECT,4,0,TG5_GROUP_L2,0.0
V4EXP_PAIR_050,MLV2_DEV_032,V4_TARGET_EXPANSION_2026-08-16,STATUS,4,0,TG5_GROUP_L2,0.0
V4PRE_PAIR_006,NEWDEV2_024,PREEXISTING_414_SOURCE_REVIEW,PROJECT,4,0,TG10_STEM_L2,0.0
V4PRE_PAIR_009,NEWDEV2_030,PREEXISTING_414_SOURCE_REVIEW,COMPETITIVE,4,0,TG10_STEM_L2,1.0
V4PRE_PAIR_011,NEWDEV2_039,PREEXISTING_414_SOURCE_REVIEW,STATUS,4,0,TG10_STEM_L2,1.0
V4PRE_PAIR_024,NEWDEV2_078,PREEXISTING_414_SOURCE_REVIEW,COMPETITIVE,4,0,TG10_STEM_L2,0.0
V4PRE_PAIR_025,NEWDEV2_081,PREEXISTING_414_SOURCE_REVIEW,PROJECT,4,0,TG10_STEM_L2,0.0
V4PRE_PAIR_028,NEWDEV2_090,PREEXISTING_414_SOURCE_REVIEW,COMPETITIVE,4,0,TG10_STEM_L2,1.0
V4PRE_PAIR_037,MLV2_DEV_022,PREEXISTING_414_SOURCE_REVIEW,RECOGNITION,4,0,TG10_STEM_L2,0.0
V4PRE_PAIR_038,MLV2_DEV_022,PREEXISTING_414_SOURCE_REVIEW,RECOGNITION,4,0,TG10_STEM_L2,0.0
V4PRE_PAIR_040,MLV2_DEV_033,PREEXISTING_414_SOURCE_REVIEW,PROJECT,4,0,TG10_STEM_L2,1.0
V4PRE_PAIR_046,MLV2_DEV_050,PREEXISTING_414_SOURCE_REVIEW,PROJECT,4,0,TG10_STEM_L2,1.0
V4EXP_PAIR_006,MLV2_DEV_068,V4_TARGET_EXPANSION_2026-08-16,COMPETITIVE,4,0,TG10_STEM_L2,1.0
V4EXP_PAIR_007,MLV2_DEV_068,V4_TARGET_EXPANSION_2026-08-16,COMPETITIVE,4,0,TG10_STEM_L2,0.0
V4EXP_PAIR_008,MLV2_DEV_068,V4_TARGET_EXPANSION_2026-08-16,COMPETITIVE,4,0,TG10_STEM_L2,1.0
V4EXP_PAIR_009,MLV2_DEV_068,V4_TARGET_EXPANSION_2026-08-16,COMPETITIVE,4,0,TG10_STEM_L2,0.0
V4EXP_PAIR_010,MLV2_DEV_068,V4_TARGET_EXPANSION_2026-08-16,COMPETITIVE,4,0,TG10_STEM_L2,1.0
V4EXP_PAIR_030,NEWDEV2_002,V4_TARGET_EXPANSION_2026-08-16,PROJECT,4,0,TG10_STEM_L2,1.0
V4EXP_PAIR_033,NEWDEV2_081,V4_TARGET_EXPANSION_2026-08-16,PROJECT,4,0,TG10_STEM_L2,0.0
V4EXP_PAIR_035,MLV2_DEV_036,V4_TARGET_EXPANSION_2026-08-16,PROJECT,4,0,TG10_STEM_L2,0.0
V4EXP_PAIR_039,NEWDEV2_084,V4_TARGET_EXPANSION_2026-08-16,PROJECT,4,0,TG10_STEM_L2,0.0
V4EXP_PAIR_050,MLV2_DEV_032,V4_TARGET_EXPANSION_2026-08-16,STATUS,4,0,TG10_STEM_L2,0.0
V4PRE_PAIR_006,NEWDEV2_024,PREEXISTING_414_SOURCE_REVIEW,PROJECT,4,0,TG10_STEM_BRANCH_L2,1.0
V4PRE_PAIR_009,NEWDEV2_030,PREEXISTING_414_SOURCE_REVIEW,COMPETITIVE,4,0,TG10_STEM_BRANCH_L2,1.0
V4PRE_PAIR_011,NEWDEV2_039,PREEXISTING_414_SOURCE_REVIEW,STATUS,4,0,TG10_STEM_BRANCH_L2,1.0
V4PRE_PAIR_024,NEWDEV2_078,PREEXISTING_414_SOURCE_REVIEW,COMPETITIVE,4,0,TG10_STEM_BRANCH_L2,0.0
V4PRE_PAIR_025,NEWDEV2_081,PREEXISTING_414_SOURCE_REVIEW,PROJECT,4,0,TG10_STEM_BRANCH_L2,0.0
V4PRE_PAIR_028,NEWDEV2_090,PREEXISTING_414_SOURCE_REVIEW,COMPETITIVE,4,0,TG10_STEM_BRANCH_L2,1.0
V4PRE_PAIR_037,MLV2_DEV_022,PREEXISTING_414_SOURCE_REVIEW,RECOGNITION,4,0,TG10_STEM_BRANCH_L2,0.0
V4PRE_PAIR_038,MLV2_DEV_022,PREEXISTING_414_SOURCE_REVIEW,RECOGNITION,4,0,TG10_STEM_BRANCH_L2,1.0
V4PRE_PAIR_040,MLV2_DEV_033,PREEXISTING_414_SOURCE_REVIEW,PROJECT,4,0,TG10_STEM_BRANCH_L2,1.0
V4PRE_PAIR_046,MLV2_DEV_050,PREEXISTING_414_SOURCE_REVIEW,PROJECT,4,0,TG10_STEM_BRANCH_L2,0.0
V4EXP_PAIR_006,MLV2_DEV_068,V4_TARGET_EXPANSION_2026-08-16,COMPETITIVE,4,0,TG10_STEM_BRANCH_L2,1.0
V4EXP_PAIR_007,MLV2_DEV_068,V4_TARGET_EXPANSION_2026-08-16,COMPETITIVE,4,0,TG10_STEM_BRANCH_L2,1.0
V4EXP_PAIR_008,MLV2_DEV_068,V4_TARGET_EXPANSION_2026-08-16,COMPETITIVE,4,0,TG10_STEM_BRANCH_L2,1.0
V4EXP_PAIR_009,MLV2_DEV_068,V4_TARGET_EXPANSION_2026-08-16,COMPETITIVE,4,0,TG10_STEM_BRANCH_L2,0.0
V4EXP_PAIR_010,MLV2_DEV_068,V4_TARGET_EXPANSION_2026-08-16,COMPETITIVE,4,0,TG10_STEM_BRANCH_L2,0.0
V4EXP_PAIR_030,NEWDEV2_002,V4_TARGET_EXPANSION_2026-08-16,PROJECT,4,0,TG10_STEM_BRANCH_L2,0.0
V4EXP_PAIR_033,NEWDEV2_081,V4_TARGET_EXPANSION_2026-08-16,PROJECT,4,0,TG10_STEM_BRANCH_L2,1.0
V4EXP_PAIR_035,MLV2_DEV_036,V4_TARGET_EXPANSION_2026-08-16,PROJECT,4,0,TG10_STEM_BRANCH_L2,0.0
V4EXP_PAIR_039,NEWDEV2_084,V4_TARGET_EXPANSION_2026-08-16,PROJECT,4,0,TG10_STEM_BRANCH_L2,0.0
V4EXP_PAIR_050,MLV2_DEV_032,V4_TARGET_EXPANSION_2026-08-16,STATUS,4,0,TG10_STEM_BRANCH_L2,1.0
V4PRE_PAIR_006,NEWDEV2_024,PREEXISTING_414_SOURCE_REVIEW,PROJECT,4,0,TG10_SB_STRENGTH_L2,1.0
V4PRE_PAIR_009,NEWDEV2_030,PREEXISTING_414_SOURCE_REVIEW,COMPETITIVE,4,0,TG10_SB_STRENGTH_L2,0.0
V4PRE_PAIR_011,NEWDEV2_039,PREEXISTING_414_SOURCE_REVIEW,STATUS,4,0,TG10_SB_STRENGTH_L2,0.0
V4PRE_PAIR_024,NEWDEV2_078,PREEXISTING_414_SOURCE_REVIEW,COMPETITIVE,4,0,TG10_SB_STRENGTH_L2,0.0
V4PRE_PAIR_025,NEWDEV2_081,PREEXISTING_414_SOURCE_REVIEW,PROJECT,4,0,TG10_SB_STRENGTH_L2,0.0
V4PRE_PAIR_028,NEWDEV2_090,PREEXISTING_414_SOURCE_REVIEW,COMPETITIVE,4,0,TG10_SB_STRENGTH_L2,0.0
V4PRE_PAIR_037,MLV2_DEV_022,PREEXISTING_414_SOURCE_REVIEW,RECOGNITION,4,0,TG10_SB_STRENGTH_L2,0.0
V4PRE_PAIR_038,MLV2_DEV_022,PREEXISTING_414_SOURCE_REVIEW,RECOGNITION,4,0,TG10_SB_STRENGTH_L2,0.0
V4PRE_PAIR_040,MLV2_DEV_033,PREEXISTING_414_SOURCE_REVIEW,PROJECT,4,0,TG10_SB_STRENGTH_L2,1.0
V4PRE_PAIR_046,MLV2_DEV_050,PREEXISTING_414_SOURCE_REVIEW,PROJECT,4,0,TG10_SB_STRENGTH_L2,0.0
V4EXP_PAIR_006,MLV2_DEV_068,V4_TARGET_EXPANSION_2026-08-16,COMPETITIVE,4,0,TG10_SB_STRENGTH_L2,0.0
V4EXP_PAIR_007,MLV2_DEV_068,V4_TARGET_EXPANSION_2026-08-16,COMPETITIVE,4,0,TG10_SB_STRENGTH_L2,1.0
V4EXP_PAIR_008,MLV2_DEV_068,V4_TARGET_EXPANSION_2026-08-16,COMPETITIVE,4,0,TG10_SB_STRENGTH_L2,1.0
V4EXP_PAIR_009,MLV2_DEV_068,V4_TARGET_EXPANSION_2026-08-16,COMPETITIVE,4,0,TG10_SB_STRENGTH_L2,0.0
V4EXP_PAIR_010,MLV2_DEV_068,V4_TARGET_EXPANSION_2026-08-16,COMPETITIVE,4,0,TG10_SB_STRENGTH_L2,0.0
V4EXP_PAIR_030,NEWDEV2_002,V4_TARGET_EXPANSION_2026-08-16,PROJECT,4,0,TG10_SB_STRENGTH_L2,0.0
V4EXP_PAIR_033,NEWDEV2_081,V4_TARGET_EXPANSION_2026-08-16,PROJECT,4,0,TG10_SB_STRENGTH_L2,1.0
V4EXP_PAIR_035,MLV2_DEV_036,V4_TARGET_EXPANSION_2026-08-16,PROJECT,4,0,TG10_SB_STRENGTH_L2,0.0
V4EXP_PAIR_039,NEWDEV2_084,V4_TARGET_EXPANSION_2026-08-16,PROJECT,4,0,TG10_SB_STRENGTH_L2,0.0
V4EXP_PAIR_050,MLV2_DEV_032,V4_TARGET_EXPANSION_2026-08-16,STATUS,4,0,TG10_SB_STRENGTH_L2,1.0
V4PRE_PAIR_006,NEWDEV2_024,PREEXISTING_414_SOURCE_REVIEW,PROJECT,4,0,TG10_SB_RELATIONS_L2,1.0
V4PRE_PAIR_009,NEWDEV2_030,PREEXISTING_414_SOURCE_REVIEW,COMPETITIVE,4,0,TG10_SB_RELATIONS_L2,0.0
V4PRE_PAIR_011,NEWDEV2_039,PREEXISTING_414_SOURCE_REVIEW,STATUS,4,0,TG10_SB_RELATIONS_L2,0.0
V4PRE_PAIR_024,NEWDEV2_078,PREEXISTING_414_SOURCE_REVIEW,COMPETITIVE,4,0,TG10_SB_RELATIONS_L2,0.0
V4PRE_PAIR_025,NEWDEV2_081,PREEXISTING_414_SOURCE_REVIEW,PROJECT,4,0,TG10_SB_RELATIONS_L2,0.0
V4PRE_PAIR_028,NEWDEV2_090,PREEXISTING_414_SOURCE_REVIEW,COMPETITIVE,4,0,TG10_SB_RELATIONS_L2,1.0
V4PRE_PAIR_037,MLV2_DEV_022,PREEXISTING_414_SOURCE_REVIEW,RECOGNITION,4,0,TG10_SB_RELATIONS_L2,0.0
V4PRE_PAIR_038,MLV2_DEV_022,PREEXISTING_414_SOURCE_REVIEW,RECOGNITION,4,0,TG10_SB_RELATIONS_L2,1.0
V4PRE_PAIR_040,MLV2_DEV_033,PREEXISTING_414_SOURCE_REVIEW,PROJECT,4,0,TG10_SB_RELATIONS_L2,1.0
V4PRE_PAIR_046,MLV2_DEV_050,PREEXISTING_414_SOURCE_REVIEW,PROJECT,4,0,TG10_SB_RELATIONS_L2,0.0
V4EXP_PAIR_006,MLV2_DEV_068,V4_TARGET_EXPANSION_2026-08-16,COMPETITIVE,4,0,TG10_SB_RELATIONS_L2,1.0
V4EXP_PAIR_007,MLV2_DEV_068,V4_TARGET_EXPANSION_2026-08-16,COMPETITIVE,4,0,TG10_SB_RELATIONS_L2,1.0
V4EXP_PAIR_008,MLV2_DEV_068,V4_TARGET_EXPANSION_2026-08-16,COMPETITIVE,4,0,TG10_SB_RELATIONS_L2,1.0
V4EXP_PAIR_009,MLV2_DEV_068,V4_TARGET_EXPANSION_2026-08-16,COMPETITIVE,4,0,TG10_SB_RELATIONS_L2,0.0
V4EXP_PAIR_010,MLV2_DEV_068,V4_TARGET_EXPANSION_2026-08-16,COMPETITIVE,4,0,TG10_SB_RELATIONS_L2,0.0
V4EXP_PAIR_030,NEWDEV2_002,V4_TARGET_EXPANSION_2026-08-16,PROJECT,4,0,TG10_SB_RELATIONS_L2,0.0
V4EXP_PAIR_033,NEWDEV2_081,V4_TARGET_EXPANSION_2026-08-16,PROJECT,4,0,TG10_SB_RELATIONS_L2,1.0
V4EXP_PAIR_035,MLV2_DEV_036,V4_TARGET_EXPANSION_2026-08-16,PROJECT,4,0,TG10_SB_RELATIONS_L2,0.0
V4EXP_PAIR_039,NEWDEV2_084,V4_TARGET_EXPANSION_2026-08-16,PROJECT,4,0,TG10_SB_RELATIONS_L2,0.0
V4EXP_PAIR_050,MLV2_DEV_032,V4_TARGET_EXPANSION_2026-08-16,STATUS,4,0,TG10_SB_RELATIONS_L2,1.0
V4PRE_PAIR_006,NEWDEV2_024,PREEXISTING_414_SOURCE_REVIEW,PROJECT,4,0,ALL_L2,1.0
V4PRE_PAIR_009,NEWDEV2_030,PREEXISTING_414_SOURCE_REVIEW,COMPETITIVE,4,0,ALL_L2,1.0
V4PRE_PAIR_011,NEWDEV2_039,PREEXISTING_414_SOURCE_REVIEW,STATUS,4,0,ALL_L2,1.0
V4PRE_PAIR_024,NEWDEV2_078,PREEXISTING_414_SOURCE_REVIEW,COMPETITIVE,4,0,ALL_L2,1.0
V4PRE_PAIR_025,NEWDEV2_081,PREEXISTING_414_SOURCE_REVIEW,PROJECT,4,0,ALL_L2,0.0
V4PRE_PAIR_028,NEWDEV2_090,PREEXISTING_414_SOURCE_REVIEW,COMPETITIVE,4,0,ALL_L2,1.0
V4PRE_PAIR_037,MLV2_DEV_022,PREEXISTING_414_SOURCE_REVIEW,RECOGNITION,4,0,ALL_L2,0.0
V4PRE_PAIR_038,MLV2_DEV_022,PREEXISTING_414_SOURCE_REVIEW,RECOGNITION,4,0,ALL_L2,0.0
V4PRE_PAIR_040,MLV2_DEV_033,PREEXISTING_414_SOURCE_REVIEW,PROJECT,4,0,ALL_L2,1.0
V4PRE_PAIR_046,MLV2_DEV_050,PREEXISTING_414_SOURCE_REVIEW,PROJECT,4,0,ALL_L2,0.0
V4EXP_PAIR_006,MLV2_DEV_068,V4_TARGET_EXPANSION_2026-08-16,COMPETITIVE,4,0,ALL_L2,0.0
V4EXP_PAIR_007,MLV2_DEV_068,V4_TARGET_EXPANSION_2026-08-16,COMPETITIVE,4,0,ALL_L2,1.0
V4EXP_PAIR_008,MLV2_DEV_068,V4_TARGET_EXPANSION_2026-08-16,COMPETITIVE,4,0,ALL_L2,1.0
V4EXP_PAIR_009,MLV2_DEV_068,V4_TARGET_EXPANSION_2026-08-16,COMPETITIVE,4,0,ALL_L2,0.0
V4EXP_PAIR_010,MLV2_DEV_068,V4_TARGET_EXPANSION_2026-08-16,COMPETITIVE,4,0,ALL_L2,0.0
V4EXP_PAIR_030,NEWDEV2_002,V4_TARGET_EXPANSION_2026-08-16,PROJECT,4,0,ALL_L2,0.0
V4EXP_PAIR_033,NEWDEV2_081,V4_TARGET_EXPANSION_2026-08-16,PROJECT,4,0,ALL_L2,1.0
V4EXP_PAIR_035,MLV2_DEV_036,V4_TARGET_EXPANSION_2026-08-16,PROJECT,4,0,ALL_L2,0.0
V4EXP_PAIR_039,NEWDEV2_084,V4_TARGET_EXPANSION_2026-08-16,PROJECT,4,0,ALL_L2,0.0
V4EXP_PAIR_050,MLV2_DEV_032,V4_TARGET_EXPANSION_2026-08-16,STATUS,4,0,ALL_L2,0.0
V4PRE_PAIR_006,NEWDEV2_024,PREEXISTING_414_SOURCE_REVIEW,PROJECT,4,0,NUISANCE_AGE_AXIS,1.0
V4PRE_PAIR_009,NEWDEV2_030,PREEXISTING_414_SOURCE_REVIEW,COMPETITIVE,4,0,NUISANCE_AGE_AXIS,0.0
V4PRE_PAIR_011,NEWDEV2_039,PREEXISTING_414_SOURCE_REVIEW,STATUS,4,0,NUISANCE_AGE_AXIS,1.0
V4PRE_PAIR_024,NEWDEV2_078,PREEXISTING_414_SOURCE_REVIEW,COMPETITIVE,4,0,NUISANCE_AGE_AXIS,0.0
V4PRE_PAIR_025,NEWDEV2_081,PREEXISTING_414_SOURCE_REVIEW,PROJECT,4,0,NUISANCE_AGE_AXIS,1.0
V4PRE_PAIR_028,NEWDEV2_090,PREEXISTING_414_SOURCE_REVIEW,COMPETITIVE,4,0,NUISANCE_AGE_AXIS,0.0
V4PRE_PAIR_037,MLV2_DEV_022,PREEXISTING_414_SOURCE_REVIEW,RECOGNITION,4,0,NUISANCE_AGE_AXIS,0.0
V4PRE_PAIR_038,MLV2_DEV_022,PREEXISTING_414_SOURCE_REVIEW,RECOGNITION,4,0,NUISANCE_AGE_AXIS,1.0
V4PRE_PAIR_040,MLV2_DEV_033,PREEXISTING_414_SOURCE_REVIEW,PROJECT,4,0,NUISANCE_AGE_AXIS,0.0
V4PRE_PAIR_046,MLV2_DEV_050,PREEXISTING_414_SOURCE_REVIEW,PROJECT,4,0,NUISANCE_AGE_AXIS,1.0
V4EXP_PAIR_006,MLV2_DEV_068,V4_TARGET_EXPANSION_2026-08-16,COMPETITIVE,4,0,NUISANCE_AGE_AXIS,1.0
V4EXP_PAIR_007,MLV2_DEV_068,V4_TARGET_EXPANSION_2026-08-16,COMPETITIVE,4,0,NUISANCE_AGE_AXIS,1.0
V4EXP_PAIR_008,MLV2_DEV_068,V4_TARGET_EXPANSION_2026-08-16,COMPETITIVE,4,0,NUISANCE_AGE_AXIS,1.0
V4EXP_PAIR_009,MLV2_DEV_068,V4_TARGET_EXPANSION_2026-08-16,COMPETITIVE,4,0,NUISANCE_AGE_AXIS,1.0
V4EXP_PAIR_010,MLV2_DEV_068,V4_TARGET_EXPANSION_2026-08-16,COMPETITIVE,4,0,NUISANCE_AGE_AXIS,1.0
V4EXP_PAIR_030,NEWDEV2_002,V4_TARGET_EXPANSION_2026-08-16,PROJECT,4,0,NUISANCE_AGE_AXIS,0.0
V4EXP_PAIR_033,NEWDEV2_081,V4_TARGET_EXPANSION_2026-08-16,PROJECT,4,0,NUISANCE_AGE_AXIS,0.0
V4EXP_PAIR_035,MLV2_DEV_036,V4_TARGET_EXPANSION_2026-08-16,PROJECT,4,0,NUISANCE_AGE_AXIS,0.0
V4EXP_PAIR_039,NEWDEV2_084,V4_TARGET_EXPANSION_2026-08-16,PROJECT,4,0,NUISANCE_AGE_AXIS,0.0
V4EXP_PAIR_050,MLV2_DEV_032,V4_TARGET_EXPANSION_2026-08-16,STATUS,4,0,NUISANCE_AGE_AXIS,0.0
V4PRE_PAIR_006,NEWDEV2_024,PREEXISTING_414_SOURCE_REVIEW,PROJECT,4,0,NUISANCE_WITH_ORIGIN_DIAGNOSTIC,1.0
V4PRE_PAIR_009,NEWDEV2_030,PREEXISTING_414_SOURCE_REVIEW,COMPETITIVE,4,0,NUISANCE_WITH_ORIGIN_DIAGNOSTIC,1.0
V4PRE_PAIR_011,NEWDEV2_039,PREEXISTING_414_SOURCE_REVIEW,STATUS,4,0,NUISANCE_WITH_ORIGIN_DIAGNOSTIC,1.0
V4PRE_PAIR_024,NEWDEV2_078,PREEXISTING_414_SOURCE_REVIEW,COMPETITIVE,4,0,NUISANCE_WITH_ORIGIN_DIAGNOSTIC,1.0
V4PRE_PAIR_025,NEWDEV2_081,PREEXISTING_414_SOURCE_REVIEW,PROJECT,4,0,NUISANCE_WITH_ORIGIN_DIAGNOSTIC,1.0
V4PRE_PAIR_028,NEWDEV2_090,PREEXISTING_414_SOURCE_REVIEW,COMPETITIVE,4,0,NUISANCE_WITH_ORIGIN_DIAGNOSTIC,1.0
V4PRE_PAIR_037,MLV2_DEV_022,PREEXISTING_414_SOURCE_REVIEW,RECOGNITION,4,0,NUISANCE_WITH_ORIGIN_DIAGNOSTIC,0.0
V4PRE_PAIR_038,MLV2_DEV_022,PREEXISTING_414_SOURCE_REVIEW,RECOGNITION,4,0,NUISANCE_WITH_ORIGIN_DIAGNOSTIC,1.0
V4PRE_PAIR_040,MLV2_DEV_033,PREEXISTING_414_SOURCE_REVIEW,PROJECT,4,0,NUISANCE_WITH_ORIGIN_DIAGNOSTIC,0.0
V4PRE_PAIR_046,MLV2_DEV_050,PREEXISTING_414_SOURCE_REVIEW,PROJECT,4,0,NUISANCE_WITH_ORIGIN_DIAGNOSTIC,1.0
V4EXP_PAIR_006,MLV2_DEV_068,V4_TARGET_EXPANSION_2026-08-16,COMPETITIVE,4,0,NUISANCE_WITH_ORIGIN_DIAGNOSTIC,1.0
V4EXP_PAIR_007,MLV2_DEV_068,V4_TARGET_EXPANSION_2026-08-16,COMPETITIVE,4,0,NUISANCE_WITH_ORIGIN_DIAGNOSTIC,1.0
V4EXP_PAIR_008,MLV2_DEV_068,V4_TARGET_EXPANSION_2026-08-16,COMPETITIVE,4,0,NUISANCE_WITH_ORIGIN_DIAGNOSTIC,1.0
V4EXP_PAIR_009,MLV2_DEV_068,V4_TARGET_EXPANSION_2026-08-16,COMPETITIVE,4,0,NUISANCE_WITH_ORIGIN_DIAGNOSTIC,1.0
V4EXP_PAIR_010,MLV2_DEV_068,V4_TARGET_EXPANSION_2026-08-16,COMPETITIVE,4,0,NUISANCE_WITH_ORIGIN_DIAGNOSTIC,1.0
V4EXP_PAIR_030,NEWDEV2_002,V4_TARGET_EXPANSION_2026-08-16,PROJECT,4,0,NUISANCE_WITH_ORIGIN_DIAGNOSTIC,1.0
V4EXP_PAIR_033,NEWDEV2_081,V4_TARGET_EXPANSION_2026-08-16,PROJECT,4,0,NUISANCE_WITH_ORIGIN_DIAGNOSTIC,1.0
V4EXP_PAIR_035,MLV2_DEV_036,V4_TARGET_EXPANSION_2026-08-16,PROJECT,4,0,NUISANCE_WITH_ORIGIN_DIAGNOSTIC,1.0
V4EXP_PAIR_039,NEWDEV2_084,V4_TARGET_EXPANSION_2026-08-16,PROJECT,4,0,NUISANCE_WITH_ORIGIN_DIAGNOSTIC,1.0
V4EXP_PAIR_050,MLV2_DEV_032,V4_TARGET_EXPANSION_2026-08-16,STATUS,4,0,NUISANCE_WITH_ORIGIN_DIAGNOSTIC,1.0
V4PRE_PAIR_006,NEWDEV2_024,PREEXISTING_414_SOURCE_REVIEW,PROJECT,4,0,ALL_ELASTICNET_AUTO,1.0
V4PRE_PAIR_009,NEWDEV2_030,PREEXISTING_414_SOURCE_REVIEW,COMPETITIVE,4,0,ALL_ELASTICNET_AUTO,0.0
V4PRE_PAIR_011,NEWDEV2_039,PREEXISTING_414_SOURCE_REVIEW,STATUS,4,0,ALL_ELASTICNET_AUTO,1.0
V4PRE_PAIR_024,NEWDEV2_078,PREEXISTING_414_SOURCE_REVIEW,COMPETITIVE,4,0,ALL_ELASTICNET_AUTO,1.0
V4PRE_PAIR_025,NEWDEV2_081,PREEXISTING_414_SOURCE_REVIEW,PROJECT,4,0,ALL_ELASTICNET_AUTO,0.0
V4PRE_PAIR_028,NEWDEV2_090,PREEXISTING_414_SOURCE_REVIEW,COMPETITIVE,4,0,ALL_ELASTICNET_AUTO,0.0
V4PRE_PAIR_037,MLV2_DEV_022,PREEXISTING_414_SOURCE_REVIEW,RECOGNITION,4,0,ALL_ELASTICNET_AUTO,0.0
V4PRE_PAIR_038,MLV2_DEV_022,PREEXISTING_414_SOURCE_REVIEW,RECOGNITION,4,0,ALL_ELASTICNET_AUTO,0.0
V4PRE_PAIR_040,MLV2_DEV_033,PREEXISTING_414_SOURCE_REVIEW,PROJECT,4,0,ALL_ELASTICNET_AUTO,1.0
V4PRE_PAIR_046,MLV2_DEV_050,PREEXISTING_414_SOURCE_REVIEW,PROJECT,4,0,ALL_ELASTICNET_AUTO,0.0
V4EXP_PAIR_006,MLV2_DEV_068,V4_TARGET_EXPANSION_2026-08-16,COMPETITIVE,4,0,ALL_ELASTICNET_AUTO,0.0
V4EXP_PAIR_007,MLV2_DEV_068,V4_TARGET_EXPANSION_2026-08-16,COMPETITIVE,4,0,ALL_ELASTICNET_AUTO,1.0
V4EXP_PAIR_008,MLV2_DEV_068,V4_TARGET_EXPANSION_2026-08-16,COMPETITIVE,4,0,ALL_ELASTICNET_AUTO,1.0
V4EXP_PAIR_009,MLV2_DEV_068,V4_TARGET_EXPANSION_2026-08-16,COMPETITIVE,4,0,ALL_ELASTICNET_AUTO,1.0
V4EXP_PAIR_010,MLV2_DEV_068,V4_TARGET_EXPANSION_2026-08-16,COMPETITIVE,4,0,ALL_ELASTICNET_AUTO,1.0
V4EXP_PAIR_030,NEWDEV2_002,V4_TARGET_EXPANSION_2026-08-16,PROJECT,4,0,ALL_ELASTICNET_AUTO,0.0
V4EXP_PAIR_033,NEWDEV2_081,V4_TARGET_EXPANSION_2026-08-16,PROJECT,4,0,ALL_ELASTICNET_AUTO,1.0
V4EXP_PAIR_035,MLV2_DEV_036,V4_TARGET_EXPANSION_2026-08-16,PROJECT,4,0,ALL_ELASTICNET_AUTO,0.0
V4EXP_PAIR_039,NEWDEV2_084,V4_TARGET_EXPANSION_2026-08-16,PROJECT,4,0,ALL_ELASTICNET_AUTO,0.0
V4EXP_PAIR_050,MLV2_DEV_032,V4_TARGET_EXPANSION_2026-08-16,STATUS,4,0,ALL_ELASTICNET_AUTO,0.0
V4PRE_PAIR_006,NEWDEV2_024,PREEXISTING_414_SOURCE_REVIEW,PROJECT,4,0,HGB_ALL_EXPLORATORY,1.0
V4PRE_PAIR_009,NEWDEV2_030,PREEXISTING_414_SOURCE_REVIEW,COMPETITIVE,4,0,HGB_ALL_EXPLORATORY,1.0
V4PRE_PAIR_011,NEWDEV2_039,PREEXISTING_414_SOURCE_REVIEW,STATUS,4,0,HGB_ALL_EXPLORATORY,1.0
V4PRE_PAIR_024,NEWDEV2_078,PREEXISTING_414_SOURCE_REVIEW,COMPETITIVE,4,0,HGB_ALL_EXPLORATORY,1.0
V4PRE_PAIR_025,NEWDEV2_081,PREEXISTING_414_SOURCE_REVIEW,PROJECT,4,0,HGB_ALL_EXPLORATORY,0.0
V4PRE_PAIR_028,NEWDEV2_090,PREEXISTING_414_SOURCE_REVIEW,COMPETITIVE,4,0,HGB_ALL_EXPLORATORY,0.0
V4PRE_PAIR_037,MLV2_DEV_022,PREEXISTING_414_SOURCE_REVIEW,RECOGNITION,4,0,HGB_ALL_EXPLORATORY,1.0
V4PRE_PAIR_038,MLV2_DEV_022,PREEXISTING_414_SOURCE_REVIEW,RECOGNITION,4,0,HGB_ALL_EXPLORATORY,0.0
V4PRE_PAIR_040,MLV2_DEV_033,PREEXISTING_414_SOURCE_REVIEW,PROJECT,4,0,HGB_ALL_EXPLORATORY,0.0
V4PRE_PAIR_046,MLV2_DEV_050,PREEXISTING_414_SOURCE_REVIEW,PROJECT,4,0,HGB_ALL_EXPLORATORY,1.0
V4EXP_PAIR_006,MLV2_DEV_068,V4_TARGET_EXPANSION_2026-08-16,COMPETITIVE,4,0,HGB_ALL_EXPLORATORY,1.0
V4EXP_PAIR_007,MLV2_DEV_068,V4_TARGET_EXPANSION_2026-08-16,COMPETITIVE,4,0,HGB_ALL_EXPLORATORY,1.0
V4EXP_PAIR_008,MLV2_DEV_068,V4_TARGET_EXPANSION_2026-08-16,COMPETITIVE,4,0,HGB_ALL_EXPLORATORY,0.0
V4EXP_PAIR_009,MLV2_DEV_068,V4_TARGET_EXPANSION_2026-08-16,COMPETITIVE,4,0,HGB_ALL_EXPLORATORY,0.0
V4EXP_PAIR_010,MLV2_DEV_068,V4_TARGET_EXPANSION_2026-08-16,COMPETITIVE,4,0,HGB_ALL_EXPLORATORY,0.0
V4EXP_PAIR_030,NEWDEV2_002,V4_TARGET_EXPANSION_2026-08-16,PROJECT,4,0,HGB_ALL_EXPLORATORY,0.0
V4EXP_PAIR_033,NEWDEV2_081,V4_TARGET_EXPANSION_2026-08-16,PROJECT,4,0,HGB_ALL_EXPLORATORY,0.0
V4EXP_PAIR_035,MLV2_DEV_036,V4_TARGET_EXPANSION_2026-08-16,PROJECT,4,0,HGB_ALL_EXPLORATORY,0.0
V4EXP_PAIR_039,NEWDEV2_084,V4_TARGET_EXPANSION_2026-08-16,PROJECT,4,0,HGB_ALL_EXPLORATORY,0.0
V4EXP_PAIR_050,MLV2_DEV_032,V4_TARGET_EXPANSION_2026-08-16,STATUS,4,0,HGB_ALL_EXPLORATORY,0.0
V4PRE_PAIR_003,NEWDEV2_013,PREEXISTING_414_SOURCE_REVIEW,COMPETITIVE,4,1,AGE_YOUNGER_FIXED,1.0
V4PRE_PAIR_008,NEWDEV2_029,PREEXISTING_414_SOURCE_REVIEW,COMPETITIVE,4,1,AGE_YOUNGER_FIXED,1.0
V4PRE_PAIR_012,NEWDEV2_041,PREEXISTING_414_SOURCE_REVIEW,STATUS,4,1,AGE_YOUNGER_FIXED,1.0
V4PRE_PAIR_015,NEWDEV2_056,PREEXISTING_414_SOURCE_REVIEW,COMPETITIVE,4,1,AGE_YOUNGER_FIXED,1.0
V4PRE_PAIR_018,NEWDEV2_067,PREEXISTING_414_SOURCE_REVIEW,STATUS,4,1,AGE_YOUNGER_FIXED,1.0
V4PRE_PAIR_021,NEWDEV2_074,PREEXISTING_414_SOURCE_REVIEW,PROJECT,4,1,AGE_YOUNGER_FIXED,1.0
V4PRE_PAIR_029,NEWDEV2_091,PREEXISTING_414_SOURCE_REVIEW,PROJECT,4,1,AGE_YOUNGER_FIXED,1.0
V4PRE_PAIR_032,MLV2_DEV_005,PREEXISTING_414_SOURCE_REVIEW,PROJECT,4,1,AGE_YOUNGER_FIXED,1.0
V4PRE_PAIR_043,MLV2_DEV_041,PREEXISTING_414_SOURCE_REVIEW,PROJECT,4,1,AGE_YOUNGER_FIXED,1.0
V4PRE_PAIR_048,MLV2_DEV_057,PREEXISTING_414_SOURCE_REVIEW,PROJECT,4,1,AGE_YOUNGER_FIXED,1.0
V4EXP_PAIR_014,NEWDEV2_056,V4_TARGET_EXPANSION_2026-08-16,COMPETITIVE,4,1,AGE_YOUNGER_FIXED,0.0
V4EXP_PAIR_015,NEWDEV2_056,V4_TARGET_EXPANSION_2026-08-16,COMPETITIVE,4,1,AGE_YOUNGER_FIXED,0.0
V4EXP_PAIR_016,NEWDEV2_056,V4_TARGET_EXPANSION_2026-08-16,COMPETITIVE,4,1,AGE_YOUNGER_FIXED,0.0
V4EXP_PAIR_020,NEWDEV2_031,V4_TARGET_EXPANSION_2026-08-16,COMPETITIVE,4,1,AGE_YOUNGER_FIXED,0.0
V4EXP_PAIR_021,NEWDEV2_092,V4_TARGET_EXPANSION_2026-08-16,COMPETITIVE,4,1,AGE_YOUNGER_FIXED,0.0
V4EXP_PAIR_024,NEWDEV2_029,V4_TARGET_EXPANSION_2026-08-16,COMPETITIVE,4,1,AGE_YOUNGER_FIXED,0.0
V4EXP_PAIR_026,MLV2_DEV_005,V4_TARGET_EXPANSION_2026-08-16,PROJECT,4,1,AGE_YOUNGER_FIXED,0.0
V4EXP_PAIR_029,MLV2_DEV_063,V4_TARGET_EXPANSION_2026-08-16,PROJECT,4,1,AGE_YOUNGER_FIXED,0.0
V4EXP_PAIR_044,MLV2_DEV_057,V4_TARGET_EXPANSION_2026-08-16,PROJECT,4,1,AGE_YOUNGER_FIXED,0.0
V4EXP_PAIR_047,NEWDEV2_041,V4_TARGET_EXPANSION_2026-08-16,STATUS,4,1,AGE_YOUNGER_FIXED,0.0
V4PRE_PAIR_003,NEWDEV2_013,PREEXISTING_414_SOURCE_REVIEW,COMPETITIVE,4,1,AGE_LATER_FIXED,0.0
V4PRE_PAIR_008,NEWDEV2_029,PREEXISTING_414_SOURCE_REVIEW,COMPETITIVE,4,1,AGE_LATER_FIXED,0.0
V4PRE_PAIR_012,NEWDEV2_041,PREEXISTING_414_SOURCE_REVIEW,STATUS,4,1,AGE_LATER_FIXED,0.0
V4PRE_PAIR_015,NEWDEV2_056,PREEXISTING_414_SOURCE_REVIEW,COMPETITIVE,4,1,AGE_LATER_FIXED,0.0
V4PRE_PAIR_018,NEWDEV2_067,PREEXISTING_414_SOURCE_REVIEW,STATUS,4,1,AGE_LATER_FIXED,0.0
V4PRE_PAIR_021,NEWDEV2_074,PREEXISTING_414_SOURCE_REVIEW,PROJECT,4,1,AGE_LATER_FIXED,0.0
V4PRE_PAIR_029,NEWDEV2_091,PREEXISTING_414_SOURCE_REVIEW,PROJECT,4,1,AGE_LATER_FIXED,0.0
V4PRE_PAIR_032,MLV2_DEV_005,PREEXISTING_414_SOURCE_REVIEW,PROJECT,4,1,AGE_LATER_FIXED,0.0
V4PRE_PAIR_043,MLV2_DEV_041,PREEXISTING_414_SOURCE_REVIEW,PROJECT,4,1,AGE_LATER_FIXED,0.0
V4PRE_PAIR_048,MLV2_DEV_057,PREEXISTING_414_SOURCE_REVIEW,PROJECT,4,1,AGE_LATER_FIXED,0.0
V4EXP_PAIR_014,NEWDEV2_056,V4_TARGET_EXPANSION_2026-08-16,COMPETITIVE,4,1,AGE_LATER_FIXED,1.0
V4EXP_PAIR_015,NEWDEV2_056,V4_TARGET_EXPANSION_2026-08-16,COMPETITIVE,4,1,AGE_LATER_FIXED,1.0
V4EXP_PAIR_016,NEWDEV2_056,V4_TARGET_EXPANSION_2026-08-16,COMPETITIVE,4,1,AGE_LATER_FIXED,1.0
V4EXP_PAIR_020,NEWDEV2_031,V4_TARGET_EXPANSION_2026-08-16,COMPETITIVE,4,1,AGE_LATER_FIXED,1.0
V4EXP_PAIR_021,NEWDEV2_092,V4_TARGET_EXPANSION_2026-08-16,COMPETITIVE,4,1,AGE_LATER_FIXED,1.0
V4EXP_PAIR_024,NEWDEV2_029,V4_TARGET_EXPANSION_2026-08-16,COMPETITIVE,4,1,AGE_LATER_FIXED,1.0
V4EXP_PAIR_026,MLV2_DEV_005,V4_TARGET_EXPANSION_2026-08-16,PROJECT,4,1,AGE_LATER_FIXED,1.0
V4EXP_PAIR_029,MLV2_DEV_063,V4_TARGET_EXPANSION_2026-08-16,PROJECT,4,1,AGE_LATER_FIXED,1.0
V4EXP_PAIR_044,MLV2_DEV_057,V4_TARGET_EXPANSION_2026-08-16,PROJECT,4,1,AGE_LATER_FIXED,1.0
V4EXP_PAIR_047,NEWDEV2_041,V4_TARGET_EXPANSION_2026-08-16,STATUS,4,1,AGE_LATER_FIXED,1.0
V4PRE_PAIR_003,NEWDEV2_013,PREEXISTING_414_SOURCE_REVIEW,COMPETITIVE,4,1,CONTROL_FIXED,0.0
V4PRE_PAIR_008,NEWDEV2_029,PREEXISTING_414_SOURCE_REVIEW,COMPETITIVE,4,1,CONTROL_FIXED,0.0
V4PRE_PAIR_012,NEWDEV2_041,PREEXISTING_414_SOURCE_REVIEW,STATUS,4,1,CONTROL_FIXED,1.0
V4PRE_PAIR_015,NEWDEV2_056,PREEXISTING_414_SOURCE_REVIEW,COMPETITIVE,4,1,CONTROL_FIXED,0.0
V4PRE_PAIR_018,NEWDEV2_067,PREEXISTING_414_SOURCE_REVIEW,STATUS,4,1,CONTROL_FIXED,1.0
V4PRE_PAIR_021,NEWDEV2_074,PREEXISTING_414_SOURCE_REVIEW,PROJECT,4,1,CONTROL_FIXED,0.0
V4PRE_PAIR_029,NEWDEV2_091,PREEXISTING_414_SOURCE_REVIEW,PROJECT,4,1,CONTROL_FIXED,1.0
V4PRE_PAIR_032,MLV2_DEV_005,PREEXISTING_414_SOURCE_REVIEW,PROJECT,4,1,CONTROL_FIXED,1.0
V4PRE_PAIR_043,MLV2_DEV_041,PREEXISTING_414_SOURCE_REVIEW,PROJECT,4,1,CONTROL_FIXED,1.0
V4PRE_PAIR_048,MLV2_DEV_057,PREEXISTING_414_SOURCE_REVIEW,PROJECT,4,1,CONTROL_FIXED,0.0
V4EXP_PAIR_014,NEWDEV2_056,V4_TARGET_EXPANSION_2026-08-16,COMPETITIVE,4,1,CONTROL_FIXED,0.0
V4EXP_PAIR_015,NEWDEV2_056,V4_TARGET_EXPANSION_2026-08-16,COMPETITIVE,4,1,CONTROL_FIXED,0.0
V4EXP_PAIR_016,NEWDEV2_056,V4_TARGET_EXPANSION_2026-08-16,COMPETITIVE,4,1,CONTROL_FIXED,0.0
V4EXP_PAIR_020,NEWDEV2_031,V4_TARGET_EXPANSION_2026-08-16,COMPETITIVE,4,1,CONTROL_FIXED,0.0
V4EXP_PAIR_021,NEWDEV2_092,V4_TARGET_EXPANSION_2026-08-16,COMPETITIVE,4,1,CONTROL_FIXED,0.0
V4EXP_PAIR_024,NEWDEV2_029,V4_TARGET_EXPANSION_2026-08-16,COMPETITIVE,4,1,CONTROL_FIXED,0.0
V4EXP_PAIR_026,MLV2_DEV_005,V4_TARGET_EXPANSION_2026-08-16,PROJECT,4,1,CONTROL_FIXED,1.0
V4EXP_PAIR_029,MLV2_DEV_063,V4_TARGET_EXPANSION_2026-08-16,PROJECT,4,1,CONTROL_FIXED,1.0
V4EXP_PAIR_044,MLV2_DEV_057,V4_TARGET_EXPANSION_2026-08-16,PROJECT,4,1,CONTROL_FIXED,0.0
V4EXP_PAIR_047,NEWDEV2_041,V4_TARGET_EXPANSION_2026-08-16,STATUS,4,1,CONTROL_FIXED,0.0
V4PRE_PAIR_003,NEWDEV2_013,PREEXISTING_414_SOURCE_REVIEW,COMPETITIVE,4,1,TG5_GROUP_L2,1.0
V4PRE_PAIR_008,NEWDEV2_029,PREEXISTING_414_SOURCE_REVIEW,COMPETITIVE,4,1,TG5_GROUP_L2,0.0
V4PRE_PAIR_012,NEWDEV2_041,PREEXISTING_414_SOURCE_REVIEW,STATUS,4,1,TG5_GROUP_L2,0.0
V4PRE_PAIR_015,NEWDEV2_056,PREEXISTING_414_SOURCE_REVIEW,COMPETITIVE,4,1,TG5_GROUP_L2,0.0
V4PRE_PAIR_018,NEWDEV2_067,PREEXISTING_414_SOURCE_REVIEW,STATUS,4,1,TG5_GROUP_L2,0.0
V4PRE_PAIR_021,NEWDEV2_074,PREEXISTING_414_SOURCE_REVIEW,PROJECT,4,1,TG5_GROUP_L2,0.0
V4PRE_PAIR_029,NEWDEV2_091,PREEXISTING_414_SOURCE_REVIEW,PROJECT,4,1,TG5_GROUP_L2,0.0
V4PRE_PAIR_032,MLV2_DEV_005,PREEXISTING_414_SOURCE_REVIEW,PROJECT,4,1,TG5_GROUP_L2,0.0
V4PRE_PAIR_043,MLV2_DEV_041,PREEXISTING_414_SOURCE_REVIEW,PROJECT,4,1,TG5_GROUP_L2,0.0
V4PRE_PAIR_048,MLV2_DEV_057,PREEXISTING_414_SOURCE_REVIEW,PROJECT,4,1,TG5_GROUP_L2,0.5
V4EXP_PAIR_014,NEWDEV2_056,V4_TARGET_EXPANSION_2026-08-16,COMPETITIVE,4,1,TG5_GROUP_L2,0.5
V4EXP_PAIR_015,NEWDEV2_056,V4_TARGET_EXPANSION_2026-08-16,COMPETITIVE,4,1,TG5_GROUP_L2,0.0
V4EXP_PAIR_016,NEWDEV2_056,V4_TARGET_EXPANSION_2026-08-16,COMPETITIVE,4,1,TG5_GROUP_L2,0.0
V4EXP_PAIR_020,NEWDEV2_031,V4_TARGET_EXPANSION_2026-08-16,COMPETITIVE,4,1,TG5_GROUP_L2,0.5
V4EXP_PAIR_021,NEWDEV2_092,V4_TARGET_EXPANSION_2026-08-16,COMPETITIVE,4,1,TG5_GROUP_L2,0.5
V4EXP_PAIR_024,NEWDEV2_029,V4_TARGET_EXPANSION_2026-08-16,COMPETITIVE,4,1,TG5_GROUP_L2,1.0
V4EXP_PAIR_026,MLV2_DEV_005,V4_TARGET_EXPANSION_2026-08-16,PROJECT,4,1,TG5_GROUP_L2,0.5
V4EXP_PAIR_029,MLV2_DEV_063,V4_TARGET_EXPANSION_2026-08-16,PROJECT,4,1,TG5_GROUP_L2,1.0
V4EXP_PAIR_044,MLV2_DEV_057,V4_TARGET_EXPANSION_2026-08-16,PROJECT,4,1,TG5_GROUP_L2,1.0
V4EXP_PAIR_047,NEWDEV2_041,V4_TARGET_EXPANSION_2026-08-16,STATUS,4,1,TG5_GROUP_L2,0.0
V4PRE_PAIR_003,NEWDEV2_013,PREEXISTING_414_SOURCE_REVIEW,COMPETITIVE,4,1,TG10_STEM_L2,1.0
V4PRE_PAIR_008,NEWDEV2_029,PREEXISTING_414_SOURCE_REVIEW,COMPETITIVE,4,1,TG10_STEM_L2,0.0
V4PRE_PAIR_012,NEWDEV2_041,PREEXISTING_414_SOURCE_REVIEW,STATUS,4,1,TG10_STEM_L2,0.0
V4PRE_PAIR_015,NEWDEV2_056,PREEXISTING_414_SOURCE_REVIEW,COMPETITIVE,4,1,TG10_STEM_L2,0.0
V4PRE_PAIR_018,NEWDEV2_067,PREEXISTING_414_SOURCE_REVIEW,STATUS,4,1,TG10_STEM_L2,0.0
V4PRE_PAIR_021,NEWDEV2_074,PREEXISTING_414_SOURCE_REVIEW,PROJECT,4,1,TG10_STEM_L2,0.0
V4PRE_PAIR_029,NEWDEV2_091,PREEXISTING_414_SOURCE_REVIEW,PROJECT,4,1,TG10_STEM_L2,0.0
V4PRE_PAIR_032,MLV2_DEV_005,PREEXISTING_414_SOURCE_REVIEW,PROJECT,4,1,TG10_STEM_L2,0.0
V4PRE_PAIR_043,MLV2_DEV_041,PREEXISTING_414_SOURCE_REVIEW,PROJECT,4,1,TG10_STEM_L2,0.0
V4PRE_PAIR_048,MLV2_DEV_057,PREEXISTING_414_SOURCE_REVIEW,PROJECT,4,1,TG10_STEM_L2,0.0
V4EXP_PAIR_014,NEWDEV2_056,V4_TARGET_EXPANSION_2026-08-16,COMPETITIVE,4,1,TG10_STEM_L2,0.0
V4EXP_PAIR_015,NEWDEV2_056,V4_TARGET_EXPANSION_2026-08-16,COMPETITIVE,4,1,TG10_STEM_L2,0.0
V4EXP_PAIR_016,NEWDEV2_056,V4_TARGET_EXPANSION_2026-08-16,COMPETITIVE,4,1,TG10_STEM_L2,0.0
V4EXP_PAIR_020,NEWDEV2_031,V4_TARGET_EXPANSION_2026-08-16,COMPETITIVE,4,1,TG10_STEM_L2,0.0
V4EXP_PAIR_021,NEWDEV2_092,V4_TARGET_EXPANSION_2026-08-16,COMPETITIVE,4,1,TG10_STEM_L2,0.0
V4EXP_PAIR_024,NEWDEV2_029,V4_TARGET_EXPANSION_2026-08-16,COMPETITIVE,4,1,TG10_STEM_L2,1.0
V4EXP_PAIR_026,MLV2_DEV_005,V4_TARGET_EXPANSION_2026-08-16,PROJECT,4,1,TG10_STEM_L2,1.0
V4EXP_PAIR_029,MLV2_DEV_063,V4_TARGET_EXPANSION_2026-08-16,PROJECT,4,1,TG10_STEM_L2,1.0
V4EXP_PAIR_044,MLV2_DEV_057,V4_TARGET_EXPANSION_2026-08-16,PROJECT,4,1,TG10_STEM_L2,1.0
V4EXP_PAIR_047,NEWDEV2_041,V4_TARGET_EXPANSION_2026-08-16,STATUS,4,1,TG10_STEM_L2,0.0
V4PRE_PAIR_003,NEWDEV2_013,PREEXISTING_414_SOURCE_REVIEW,COMPETITIVE,4,1,TG10_STEM_BRANCH_L2,1.0
V4PRE_PAIR_008,NEWDEV2_029,PREEXISTING_414_SOURCE_REVIEW,COMPETITIVE,4,1,TG10_STEM_BRANCH_L2,1.0
V4PRE_PAIR_012,NEWDEV2_041,PREEXISTING_414_SOURCE_REVIEW,STATUS,4,1,TG10_STEM_BRANCH_L2,0.0
V4PRE_PAIR_015,NEWDEV2_056,PREEXISTING_414_SOURCE_REVIEW,COMPETITIVE,4,1,TG10_STEM_BRANCH_L2,0.0
V4PRE_PAIR_018,NEWDEV2_067,PREEXISTING_414_SOURCE_REVIEW,STATUS,4,1,TG10_STEM_BRANCH_L2,0.0
V4PRE_PAIR_021,NEWDEV2_074,PREEXISTING_414_SOURCE_REVIEW,PROJECT,4,1,TG10_STEM_BRANCH_L2,0.0
V4PRE_PAIR_029,NEWDEV2_091,PREEXISTING_414_SOURCE_REVIEW,PROJECT,4,1,TG10_STEM_BRANCH_L2,1.0
V4PRE_PAIR_032,MLV2_DEV_005,PREEXISTING_414_SOURCE_REVIEW,PROJECT,4,1,TG10_STEM_BRANCH_L2,1.0
V4PRE_PAIR_043,MLV2_DEV_041,PREEXISTING_414_SOURCE_REVIEW,PROJECT,4,1,TG10_STEM_BRANCH_L2,0.0
V4PRE_PAIR_048,MLV2_DEV_057,PREEXISTING_414_SOURCE_REVIEW,PROJECT,4,1,TG10_STEM_BRANCH_L2,0.0
V4EXP_PAIR_014,NEWDEV2_056,V4_TARGET_EXPANSION_2026-08-16,COMPETITIVE,4,1,TG10_STEM_BRANCH_L2,0.0
V4EXP_PAIR_015,NEWDEV2_056,V4_TARGET_EXPANSION_2026-08-16,COMPETITIVE,4,1,TG10_STEM_BRANCH_L2,0.0
V4EXP_PAIR_016,NEWDEV2_056,V4_TARGET_EXPANSION_2026-08-16,COMPETITIVE,4,1,TG10_STEM_BRANCH_L2,0.0
V4EXP_PAIR_020,NEWDEV2_031,V4_TARGET_EXPANSION_2026-08-16,COMPETITIVE,4,1,TG10_STEM_BRANCH_L2,0.0
V4EXP_PAIR_021,NEWDEV2_092,V4_TARGET_EXPANSION_2026-08-16,COMPETITIVE,4,1,TG10_STEM_BRANCH_L2,0.0
V4EXP_PAIR_024,NEWDEV2_029,V4_TARGET_EXPANSION_2026-08-16,COMPETITIVE,4,1,TG10_STEM_BRANCH_L2,1.0
V4EXP_PAIR_026,MLV2_DEV_005,V4_TARGET_EXPANSION_2026-08-16,PROJECT,4,1,TG10_STEM_BRANCH_L2,1.0
V4EXP_PAIR_029,MLV2_DEV_063,V4_TARGET_EXPANSION_2026-08-16,PROJECT,4,1,TG10_STEM_BRANCH_L2,1.0
V4EXP_PAIR_044,MLV2_DEV_057,V4_TARGET_EXPANSION_2026-08-16,PROJECT,4,1,TG10_STEM_BRANCH_L2,0.0
V4EXP_PAIR_047,NEWDEV2_041,V4_TARGET_EXPANSION_2026-08-16,STATUS,4,1,TG10_STEM_BRANCH_L2,0.0
V4PRE_PAIR_003,NEWDEV2_013,PREEXISTING_414_SOURCE_REVIEW,COMPETITIVE,4,1,TG10_SB_STRENGTH_L2,0.0
V4PRE_PAIR_008,NEWDEV2_029,PREEXISTING_414_SOURCE_REVIEW,COMPETITIVE,4,1,TG10_SB_STRENGTH_L2,1.0
V4PRE_PAIR_012,NEWDEV2_041,PREEXISTING_414_SOURCE_REVIEW,STATUS,4,1,TG10_SB_STRENGTH_L2,0.0
V4PRE_PAIR_015,NEWDEV2_056,PREEXISTING_414_SOURCE_REVIEW,COMPETITIVE,4,1,TG10_SB_STRENGTH_L2,0.0
V4PRE_PAIR_018,NEWDEV2_067,PREEXISTING_414_SOURCE_REVIEW,STATUS,4,1,TG10_SB_STRENGTH_L2,0.0
V4PRE_PAIR_021,NEWDEV2_074,PREEXISTING_414_SOURCE_REVIEW,PROJECT,4,1,TG10_SB_STRENGTH_L2,0.0
V4PRE_PAIR_029,NEWDEV2_091,PREEXISTING_414_SOURCE_REVIEW,PROJECT,4,1,TG10_SB_STRENGTH_L2,1.0
V4PRE_PAIR_032,MLV2_DEV_005,PREEXISTING_414_SOURCE_REVIEW,PROJECT,4,1,TG10_SB_STRENGTH_L2,1.0
V4PRE_PAIR_043,MLV2_DEV_041,PREEXISTING_414_SOURCE_REVIEW,PROJECT,4,1,TG10_SB_STRENGTH_L2,0.0
V4PRE_PAIR_048,MLV2_DEV_057,PREEXISTING_414_SOURCE_REVIEW,PROJECT,4,1,TG10_SB_STRENGTH_L2,0.0
V4EXP_PAIR_014,NEWDEV2_056,V4_TARGET_EXPANSION_2026-08-16,COMPETITIVE,4,1,TG10_SB_STRENGTH_L2,0.0
V4EXP_PAIR_015,NEWDEV2_056,V4_TARGET_EXPANSION_2026-08-16,COMPETITIVE,4,1,TG10_SB_STRENGTH_L2,0.0
V4EXP_PAIR_016,NEWDEV2_056,V4_TARGET_EXPANSION_2026-08-16,COMPETITIVE,4,1,TG10_SB_STRENGTH_L2,0.0
V4EXP_PAIR_020,NEWDEV2_031,V4_TARGET_EXPANSION_2026-08-16,COMPETITIVE,4,1,TG10_SB_STRENGTH_L2,0.0
V4EXP_PAIR_021,NEWDEV2_092,V4_TARGET_EXPANSION_2026-08-16,COMPETITIVE,4,1,TG10_SB_STRENGTH_L2,0.0
V4EXP_PAIR_024,NEWDEV2_029,V4_TARGET_EXPANSION_2026-08-16,COMPETITIVE,4,1,TG10_SB_STRENGTH_L2,1.0
V4EXP_PAIR_026,MLV2_DEV_005,V4_TARGET_EXPANSION_2026-08-16,PROJECT,4,1,TG10_SB_STRENGTH_L2,1.0
V4EXP_PAIR_029,MLV2_DEV_063,V4_TARGET_EXPANSION_2026-08-16,PROJECT,4,1,TG10_SB_STRENGTH_L2,1.0
V4EXP_PAIR_044,MLV2_DEV_057,V4_TARGET_EXPANSION_2026-08-16,PROJECT,4,1,TG10_SB_STRENGTH_L2,0.0
V4EXP_PAIR_047,NEWDEV2_041,V4_TARGET_EXPANSION_2026-08-16,STATUS,4,1,TG10_SB_STRENGTH_L2,1.0
V4PRE_PAIR_003,NEWDEV2_013,PREEXISTING_414_SOURCE_REVIEW,COMPETITIVE,4,1,TG10_SB_RELATIONS_L2,0.0
V4PRE_PAIR_008,NEWDEV2_029,PREEXISTING_414_SOURCE_REVIEW,COMPETITIVE,4,1,TG10_SB_RELATIONS_L2,1.0
V4PRE_PAIR_012,NEWDEV2_041,PREEXISTING_414_SOURCE_REVIEW,STATUS,4,1,TG10_SB_RELATIONS_L2,0.0
V4PRE_PAIR_015,NEWDEV2_056,PREEXISTING_414_SOURCE_REVIEW,COMPETITIVE,4,1,TG10_SB_RELATIONS_L2,0.0
V4PRE_PAIR_018,NEWDEV2_067,PREEXISTING_414_SOURCE_REVIEW,STATUS,4,1,TG10_SB_RELATIONS_L2,0.0
V4PRE_PAIR_021,NEWDEV2_074,PREEXISTING_414_SOURCE_REVIEW,PROJECT,4,1,TG10_SB_RELATIONS_L2,0.0
V4PRE_PAIR_029,NEWDEV2_091,PREEXISTING_414_SOURCE_REVIEW,PROJECT,4,1,TG10_SB_RELATIONS_L2,1.0
V4PRE_PAIR_032,MLV2_DEV_005,PREEXISTING_414_SOURCE_REVIEW,PROJECT,4,1,TG10_SB_RELATIONS_L2,1.0
V4PRE_PAIR_043,MLV2_DEV_041,PREEXISTING_414_SOURCE_REVIEW,PROJECT,4,1,TG10_SB_RELATIONS_L2,0.0
V4PRE_PAIR_048,MLV2_DEV_057,PREEXISTING_414_SOURCE_REVIEW,PROJECT,4,1,TG10_SB_RELATIONS_L2,0.0
V4EXP_PAIR_014,NEWDEV2_056,V4_TARGET_EXPANSION_2026-08-16,COMPETITIVE,4,1,TG10_SB_RELATIONS_L2,0.0
V4EXP_PAIR_015,NEWDEV2_056,V4_TARGET_EXPANSION_2026-08-16,COMPETITIVE,4,1,TG10_SB_RELATIONS_L2,0.0
V4EXP_PAIR_016,NEWDEV2_056,V4_TARGET_EXPANSION_2026-08-16,COMPETITIVE,4,1,TG10_SB_RELATIONS_L2,0.0
V4EXP_PAIR_020,NEWDEV2_031,V4_TARGET_EXPANSION_2026-08-16,COMPETITIVE,4,1,TG10_SB_RELATIONS_L2,0.0
V4EXP_PAIR_021,NEWDEV2_092,V4_TARGET_EXPANSION_2026-08-16,COMPETITIVE,4,1,TG10_SB_RELATIONS_L2,0.0
V4EXP_PAIR_024,NEWDEV2_029,V4_TARGET_EXPANSION_2026-08-16,COMPETITIVE,4,1,TG10_SB_RELATIONS_L2,1.0
V4EXP_PAIR_026,MLV2_DEV_005,V4_TARGET_EXPANSION_2026-08-16,PROJECT,4,1,TG10_SB_RELATIONS_L2,1.0
V4EXP_PAIR_029,MLV2_DEV_063,V4_TARGET_EXPANSION_2026-08-16,PROJECT,4,1,TG10_SB_RELATIONS_L2,1.0
V4EXP_PAIR_044,MLV2_DEV_057,V4_TARGET_EXPANSION_2026-08-16,PROJECT,4,1,TG10_SB_RELATIONS_L2,0.0
V4EXP_PAIR_047,NEWDEV2_041,V4_TARGET_EXPANSION_2026-08-16,STATUS,4,1,TG10_SB_RELATIONS_L2,1.0
V4PRE_PAIR_003,NEWDEV2_013,PREEXISTING_414_SOURCE_REVIEW,COMPETITIVE,4,1,ALL_L2,0.0
V4PRE_PAIR_008,NEWDEV2_029,PREEXISTING_414_SOURCE_REVIEW,COMPETITIVE,4,1,ALL_L2,1.0
V4PRE_PAIR_012,NEWDEV2_041,PREEXISTING_414_SOURCE_REVIEW,STATUS,4,1,ALL_L2,0.0
V4PRE_PAIR_015,NEWDEV2_056,PREEXISTING_414_SOURCE_REVIEW,COMPETITIVE,4,1,ALL_L2,0.0
V4PRE_PAIR_018,NEWDEV2_067,PREEXISTING_414_SOURCE_REVIEW,STATUS,4,1,ALL_L2,0.0
V4PRE_PAIR_021,NEWDEV2_074,PREEXISTING_414_SOURCE_REVIEW,PROJECT,4,1,ALL_L2,0.0
V4PRE_PAIR_029,NEWDEV2_091,PREEXISTING_414_SOURCE_REVIEW,PROJECT,4,1,ALL_L2,0.0
V4PRE_PAIR_032,MLV2_DEV_005,PREEXISTING_414_SOURCE_REVIEW,PROJECT,4,1,ALL_L2,0.0
V4PRE_PAIR_043,MLV2_DEV_041,PREEXISTING_414_SOURCE_REVIEW,PROJECT,4,1,ALL_L2,1.0
V4PRE_PAIR_048,MLV2_DEV_057,PREEXISTING_414_SOURCE_REVIEW,PROJECT,4,1,ALL_L2,0.0
V4EXP_PAIR_014,NEWDEV2_056,V4_TARGET_EXPANSION_2026-08-16,COMPETITIVE,4,1,ALL_L2,1.0
V4EXP_PAIR_015,NEWDEV2_056,V4_TARGET_EXPANSION_2026-08-16,COMPETITIVE,4,1,ALL_L2,0.0
V4EXP_PAIR_016,NEWDEV2_056,V4_TARGET_EXPANSION_2026-08-16,COMPETITIVE,4,1,ALL_L2,0.0
V4EXP_PAIR_020,NEWDEV2_031,V4_TARGET_EXPANSION_2026-08-16,COMPETITIVE,4,1,ALL_L2,0.0
V4EXP_PAIR_021,NEWDEV2_092,V4_TARGET_EXPANSION_2026-08-16,COMPETITIVE,4,1,ALL_L2,1.0
V4EXP_PAIR_024,NEWDEV2_029,V4_TARGET_EXPANSION_2026-08-16,COMPETITIVE,4,1,ALL_L2,1.0
V4EXP_PAIR_026,MLV2_DEV_005,V4_TARGET_EXPANSION_2026-08-16,PROJECT,4,1,ALL_L2,1.0
V4EXP_PAIR_029,MLV2_DEV_063,V4_TARGET_EXPANSION_2026-08-16,PROJECT,4,1,ALL_L2,1.0
V4EXP_PAIR_044,MLV2_DEV_057,V4_TARGET_EXPANSION_2026-08-16,PROJECT,4,1,ALL_L2,0.0
V4EXP_PAIR_047,NEWDEV2_041,V4_TARGET_EXPANSION_2026-08-16,STATUS,4,1,ALL_L2,0.0
V4PRE_PAIR_003,NEWDEV2_013,PREEXISTING_414_SOURCE_REVIEW,COMPETITIVE,4,1,NUISANCE_AGE_AXIS,0.0
V4PRE_PAIR_008,NEWDEV2_029,PREEXISTING_414_SOURCE_REVIEW,COMPETITIVE,4,1,NUISANCE_AGE_AXIS,0.0
V4PRE_PAIR_012,NEWDEV2_041,PREEXISTING_414_SOURCE_REVIEW,STATUS,4,1,NUISANCE_AGE_AXIS,1.0
V4PRE_PAIR_015,NEWDEV2_056,PREEXISTING_414_SOURCE_REVIEW,COMPETITIVE,4,1,NUISANCE_AGE_AXIS,0.0
V4PRE_PAIR_018,NEWDEV2_067,PREEXISTING_414_SOURCE_REVIEW,STATUS,4,1,NUISANCE_AGE_AXIS,1.0
V4PRE_PAIR_021,NEWDEV2_074,PREEXISTING_414_SOURCE_REVIEW,PROJECT,4,1,NUISANCE_AGE_AXIS,1.0
V4PRE_PAIR_029,NEWDEV2_091,PREEXISTING_414_SOURCE_REVIEW,PROJECT,4,1,NUISANCE_AGE_AXIS,1.0
V4PRE_PAIR_032,MLV2_DEV_005,PREEXISTING_414_SOURCE_REVIEW,PROJECT,4,1,NUISANCE_AGE_AXIS,1.0
V4PRE_PAIR_043,MLV2_DEV_041,PREEXISTING_414_SOURCE_REVIEW,PROJECT,4,1,NUISANCE_AGE_AXIS,1.0
V4PRE_PAIR_048,MLV2_DEV_057,PREEXISTING_414_SOURCE_REVIEW,PROJECT,4,1,NUISANCE_AGE_AXIS,1.0
V4EXP_PAIR_014,NEWDEV2_056,V4_TARGET_EXPANSION_2026-08-16,COMPETITIVE,4,1,NUISANCE_AGE_AXIS,1.0
V4EXP_PAIR_015,NEWDEV2_056,V4_TARGET_EXPANSION_2026-08-16,COMPETITIVE,4,1,NUISANCE_AGE_AXIS,1.0
V4EXP_PAIR_016,NEWDEV2_056,V4_TARGET_EXPANSION_2026-08-16,COMPETITIVE,4,1,NUISANCE_AGE_AXIS,1.0
V4EXP_PAIR_020,NEWDEV2_031,V4_TARGET_EXPANSION_2026-08-16,COMPETITIVE,4,1,NUISANCE_AGE_AXIS,1.0
V4EXP_PAIR_021,NEWDEV2_092,V4_TARGET_EXPANSION_2026-08-16,COMPETITIVE,4,1,NUISANCE_AGE_AXIS,1.0
V4EXP_PAIR_024,NEWDEV2_029,V4_TARGET_EXPANSION_2026-08-16,COMPETITIVE,4,1,NUISANCE_AGE_AXIS,1.0
V4EXP_PAIR_026,MLV2_DEV_005,V4_TARGET_EXPANSION_2026-08-16,PROJECT,4,1,NUISANCE_AGE_AXIS,1.0
V4EXP_PAIR_029,MLV2_DEV_063,V4_TARGET_EXPANSION_2026-08-16,PROJECT,4,1,NUISANCE_AGE_AXIS,1.0
V4EXP_PAIR_044,MLV2_DEV_057,V4_TARGET_EXPANSION_2026-08-16,PROJECT,4,1,NUISANCE_AGE_AXIS,1.0
V4EXP_PAIR_047,NEWDEV2_041,V4_TARGET_EXPANSION_2026-08-16,STATUS,4,1,NUISANCE_AGE_AXIS,0.0
V4PRE_PAIR_003,NEWDEV2_013,PREEXISTING_414_SOURCE_REVIEW,COMPETITIVE,4,1,NUISANCE_WITH_ORIGIN_DIAGNOSTIC,1.0
V4PRE_PAIR_008,NEWDEV2_029,PREEXISTING_414_SOURCE_REVIEW,COMPETITIVE,4,1,NUISANCE_WITH_ORIGIN_DIAGNOSTIC,1.0
V4PRE_PAIR_012,NEWDEV2_041,PREEXISTING_414_SOURCE_REVIEW,STATUS,4,1,NUISANCE_WITH_ORIGIN_DIAGNOSTIC,1.0
V4PRE_PAIR_015,NEWDEV2_056,PREEXISTING_414_SOURCE_REVIEW,COMPETITIVE,4,1,NUISANCE_WITH_ORIGIN_DIAGNOSTIC,1.0
V4PRE_PAIR_018,NEWDEV2_067,PREEXISTING_414_SOURCE_REVIEW,STATUS,4,1,NUISANCE_WITH_ORIGIN_DIAGNOSTIC,1.0
V4PRE_PAIR_021,NEWDEV2_074,PREEXISTING_414_SOURCE_REVIEW,PROJECT,4,1,NUISANCE_WITH_ORIGIN_DIAGNOSTIC,1.0
V4PRE_PAIR_029,NEWDEV2_091,PREEXISTING_414_SOURCE_REVIEW,PROJECT,4,1,NUISANCE_WITH_ORIGIN_DIAGNOSTIC,1.0
V4PRE_PAIR_032,MLV2_DEV_005,PREEXISTING_414_SOURCE_REVIEW,PROJECT,4,1,NUISANCE_WITH_ORIGIN_DIAGNOSTIC,1.0
V4PRE_PAIR_043,MLV2_DEV_041,PREEXISTING_414_SOURCE_REVIEW,PROJECT,4,1,NUISANCE_WITH_ORIGIN_DIAGNOSTIC,1.0
V4PRE_PAIR_048,MLV2_DEV_057,PREEXISTING_414_SOURCE_REVIEW,PROJECT,4,1,NUISANCE_WITH_ORIGIN_DIAGNOSTIC,1.0
V4EXP_PAIR_014,NEWDEV2_056,V4_TARGET_EXPANSION_2026-08-16,COMPETITIVE,4,1,NUISANCE_WITH_ORIGIN_DIAGNOSTIC,1.0
V4EXP_PAIR_015,NEWDEV2_056,V4_TARGET_EXPANSION_2026-08-16,COMPETITIVE,4,1,NUISANCE_WITH_ORIGIN_DIAGNOSTIC,1.0
V4EXP_PAIR_016,NEWDEV2_056,V4_TARGET_EXPANSION_2026-08-16,COMPETITIVE,4,1,NUISANCE_WITH_ORIGIN_DIAGNOSTIC,1.0
V4EXP_PAIR_020,NEWDEV2_031,V4_TARGET_EXPANSION_2026-08-16,COMPETITIVE,4,1,NUISANCE_WITH_ORIGIN_DIAGNOSTIC,1.0
V4EXP_PAIR_021,NEWDEV2_092,V4_TARGET_EXPANSION_2026-08-16,COMPETITIVE,4,1,NUISANCE_WITH_ORIGIN_DIAGNOSTIC,1.0
V4EXP_PAIR_024,NEWDEV2_029,V4_TARGET_EXPANSION_2026-08-16,COMPETITIVE,4,1,NUISANCE_WITH_ORIGIN_DIAGNOSTIC,1.0
V4EXP_PAIR_026,MLV2_DEV_005,V4_TARGET_EXPANSION_2026-08-16,PROJECT,4,1,NUISANCE_WITH_ORIGIN_DIAGNOSTIC,1.0
V4EXP_PAIR_029,MLV2_DEV_063,V4_TARGET_EXPANSION_2026-08-16,PROJECT,4,1,NUISANCE_WITH_ORIGIN_DIAGNOSTIC,1.0
V4EXP_PAIR_044,MLV2_DEV_057,V4_TARGET_EXPANSION_2026-08-16,PROJECT,4,1,NUISANCE_WITH_ORIGIN_DIAGNOSTIC,1.0
V4EXP_PAIR_047,NEWDEV2_041,V4_TARGET_EXPANSION_2026-08-16,STATUS,4,1,NUISANCE_WITH_ORIGIN_DIAGNOSTIC,1.0
V4PRE_PAIR_003,NEWDEV2_013,PREEXISTING_414_SOURCE_REVIEW,COMPETITIVE,4,1,ALL_ELASTICNET_AUTO,0.0
V4PRE_PAIR_008,NEWDEV2_029,PREEXISTING_414_SOURCE_REVIEW,COMPETITIVE,4,1,ALL_ELASTICNET_AUTO,0.0
V4PRE_PAIR_012,NEWDEV2_041,PREEXISTING_414_SOURCE_REVIEW,STATUS,4,1,ALL_ELASTICNET_AUTO,0.0
V4PRE_PAIR_015,NEWDEV2_056,PREEXISTING_414_SOURCE_REVIEW,COMPETITIVE,4,1,ALL_ELASTICNET_AUTO,0.0
V4PRE_PAIR_018,NEWDEV2_067,PREEXISTING_414_SOURCE_REVIEW,STATUS,4,1,ALL_ELASTICNET_AUTO,0.0
V4PRE_PAIR_021,NEWDEV2_074,PREEXISTING_414_SOURCE_REVIEW,PROJECT,4,1,ALL_ELASTICNET_AUTO,0.0
V4PRE_PAIR_029,NEWDEV2_091,PREEXISTING_414_SOURCE_REVIEW,PROJECT,4,1,ALL_ELASTICNET_AUTO,0.0
V4PRE_PAIR_032,MLV2_DEV_005,PREEXISTING_414_SOURCE_REVIEW,PROJECT,4,1,ALL_ELASTICNET_AUTO,0.0
V4PRE_PAIR_043,MLV2_DEV_041,PREEXISTING_414_SOURCE_REVIEW,PROJECT,4,1,ALL_ELASTICNET_AUTO,0.0
V4PRE_PAIR_048,MLV2_DEV_057,PREEXISTING_414_SOURCE_REVIEW,PROJECT,4,1,ALL_ELASTICNET_AUTO,0.0
V4EXP_PAIR_014,NEWDEV2_056,V4_TARGET_EXPANSION_2026-08-16,COMPETITIVE,4,1,ALL_ELASTICNET_AUTO,0.0
V4EXP_PAIR_015,NEWDEV2_056,V4_TARGET_EXPANSION_2026-08-16,COMPETITIVE,4,1,ALL_ELASTICNET_AUTO,0.0
V4EXP_PAIR_016,NEWDEV2_056,V4_TARGET_EXPANSION_2026-08-16,COMPETITIVE,4,1,ALL_ELASTICNET_AUTO,0.0
V4EXP_PAIR_020,NEWDEV2_031,V4_TARGET_EXPANSION_2026-08-16,COMPETITIVE,4,1,ALL_ELASTICNET_AUTO,0.0
V4EXP_PAIR_021,NEWDEV2_092,V4_TARGET_EXPANSION_2026-08-16,COMPETITIVE,4,1,ALL_ELASTICNET_AUTO,0.0
V4EXP_PAIR_024,NEWDEV2_029,V4_TARGET_EXPANSION_2026-08-16,COMPETITIVE,4,1,ALL_ELASTICNET_AUTO,0.0
V4EXP_PAIR_026,MLV2_DEV_005,V4_TARGET_EXPANSION_2026-08-16,PROJECT,4,1,ALL_ELASTICNET_AUTO,0.0
V4EXP_PAIR_029,MLV2_DEV_063,V4_TARGET_EXPANSION_2026-08-16,PROJECT,4,1,ALL_ELASTICNET_AUTO,0.0
V4EXP_PAIR_044,MLV2_DEV_057,V4_TARGET_EXPANSION_2026-08-16,PROJECT,4,1,ALL_ELASTICNET_AUTO,0.0
V4EXP_PAIR_047,NEWDEV2_041,V4_TARGET_EXPANSION_2026-08-16,STATUS,4,1,ALL_ELASTICNET_AUTO,0.0
V4PRE_PAIR_003,NEWDEV2_013,PREEXISTING_414_SOURCE_REVIEW,COMPETITIVE,4,1,HGB_ALL_EXPLORATORY,0.0
V4PRE_PAIR_008,NEWDEV2_029,PREEXISTING_414_SOURCE_REVIEW,COMPETITIVE,4,1,HGB_ALL_EXPLORATORY,0.0
V4PRE_PAIR_012,NEWDEV2_041,PREEXISTING_414_SOURCE_REVIEW,STATUS,4,1,HGB_ALL_EXPLORATORY,0.0
V4PRE_PAIR_015,NEWDEV2_056,PREEXISTING_414_SOURCE_REVIEW,COMPETITIVE,4,1,HGB_ALL_EXPLORATORY,1.0
V4PRE_PAIR_018,NEWDEV2_067,PREEXISTING_414_SOURCE_REVIEW,STATUS,4,1,HGB_ALL_EXPLORATORY,0.0
V4PRE_PAIR_021,NEWDEV2_074,PREEXISTING_414_SOURCE_REVIEW,PROJECT,4,1,HGB_ALL_EXPLORATORY,0.0
V4PRE_PAIR_029,NEWDEV2_091,PREEXISTING_414_SOURCE_REVIEW,PROJECT,4,1,HGB_ALL_EXPLORATORY,0.0
V4PRE_PAIR_032,MLV2_DEV_005,PREEXISTING_414_SOURCE_REVIEW,PROJECT,4,1,HGB_ALL_EXPLORATORY,1.0
V4PRE_PAIR_043,MLV2_DEV_041,PREEXISTING_414_SOURCE_REVIEW,PROJECT,4,1,HGB_ALL_EXPLORATORY,0.0
V4PRE_PAIR_048,MLV2_DEV_057,PREEXISTING_414_SOURCE_REVIEW,PROJECT,4,1,HGB_ALL_EXPLORATORY,1.0
V4EXP_PAIR_014,NEWDEV2_056,V4_TARGET_EXPANSION_2026-08-16,COMPETITIVE,4,1,HGB_ALL_EXPLORATORY,1.0
V4EXP_PAIR_015,NEWDEV2_056,V4_TARGET_EXPANSION_2026-08-16,COMPETITIVE,4,1,HGB_ALL_EXPLORATORY,0.0
V4EXP_PAIR_016,NEWDEV2_056,V4_TARGET_EXPANSION_2026-08-16,COMPETITIVE,4,1,HGB_ALL_EXPLORATORY,0.0
V4EXP_PAIR_020,NEWDEV2_031,V4_TARGET_EXPANSION_2026-08-16,COMPETITIVE,4,1,HGB_ALL_EXPLORATORY,0.0
V4EXP_PAIR_021,NEWDEV2_092,V4_TARGET_EXPANSION_2026-08-16,COMPETITIVE,4,1,HGB_ALL_EXPLORATORY,1.0
V4EXP_PAIR_024,NEWDEV2_029,V4_TARGET_EXPANSION_2026-08-16,COMPETITIVE,4,1,HGB_ALL_EXPLORATORY,1.0
V4EXP_PAIR_026,MLV2_DEV_005,V4_TARGET_EXPANSION_2026-08-16,PROJECT,4,1,HGB_ALL_EXPLORATORY,1.0
V4EXP_PAIR_029,MLV2_DEV_063,V4_TARGET_EXPANSION_2026-08-16,PROJECT,4,1,HGB_ALL_EXPLORATORY,1.0
V4EXP_PAIR_044,MLV2_DEV_057,V4_TARGET_EXPANSION_2026-08-16,PROJECT,4,1,HGB_ALL_EXPLORATORY,0.0
V4EXP_PAIR_047,NEWDEV2_041,V4_TARGET_EXPANSION_2026-08-16,STATUS,4,1,HGB_ALL_EXPLORATORY,0.0
V4PRE_PAIR_014,NEWDEV2_053,PREEXISTING_414_SOURCE_REVIEW,COMPETITIVE,4,2,AGE_YOUNGER_FIXED,0.0
V4PRE_PAIR_020,NEWDEV2_070,PREEXISTING_414_SOURCE_REVIEW,PROJECT,4,2,AGE_YOUNGER_FIXED,1.0
V4PRE_PAIR_026,NEWDEV2_082,PREEXISTING_414_SOURCE_REVIEW,STATUS,4,2,AGE_YOUNGER_FIXED,1.0
V4PRE_PAIR_030,NEWDEV2_093,PREEXISTING_414_SOURCE_REVIEW,COMPETITIVE,4,2,AGE_YOUNGER_FIXED,1.0
V4PRE_PAIR_033,MLV2_DEV_007,PREEXISTING_414_SOURCE_REVIEW,PROJECT,4,2,AGE_YOUNGER_FIXED,1.0
V4PRE_PAIR_034,MLV2_DEV_007,PREEXISTING_414_SOURCE_REVIEW,PROJECT,4,2,AGE_YOUNGER_FIXED,1.0
V4PRE_PAIR_035,MLV2_DEV_008,PREEXISTING_414_SOURCE_REVIEW,PROJECT,4,2,AGE_YOUNGER_FIXED,1.0
V4PRE_PAIR_041,MLV2_DEV_038,PREEXISTING_414_SOURCE_REVIEW,RECOGNITION,4,2,AGE_YOUNGER_FIXED,0.0
V4PRE_PAIR_042,MLV2_DEV_039,PREEXISTING_414_SOURCE_REVIEW,STATUS,4,2,AGE_YOUNGER_FIXED,1.0
V4PRE_PAIR_049,MLV2_DEV_058,PREEXISTING_414_SOURCE_REVIEW,PROJECT,4,2,AGE_YOUNGER_FIXED,1.0
V4EXP_PAIR_001,NEWDEV2_005,V4_TARGET_EXPANSION_2026-08-16,COMPETITIVE,4,2,AGE_YOUNGER_FIXED,0.0
V4EXP_PAIR_011,NEWDEV2_027,V4_TARGET_EXPANSION_2026-08-16,COMPETITIVE,4,2,AGE_YOUNGER_FIXED,0.0
V4EXP_PAIR_012,NEWDEV2_027,V4_TARGET_EXPANSION_2026-08-16,COMPETITIVE,4,2,AGE_YOUNGER_FIXED,0.0
V4EXP_PAIR_013,NEWDEV2_027,V4_TARGET_EXPANSION_2026-08-16,COMPETITIVE,4,2,AGE_YOUNGER_FIXED,0.0
V4EXP_PAIR_022,NEWDEV2_059,V4_TARGET_EXPANSION_2026-08-16,COMPETITIVE,4,2,AGE_YOUNGER_FIXED,0.0
V4EXP_PAIR_023,NEWDEV2_059,V4_TARGET_EXPANSION_2026-08-16,COMPETITIVE,4,2,AGE_YOUNGER_FIXED,0.0
V4EXP_PAIR_027,MLV2_DEV_007,V4_TARGET_EXPANSION_2026-08-16,PROJECT,4,2,AGE_YOUNGER_FIXED,0.0
V4EXP_PAIR_034,MLV2_DEV_051,V4_TARGET_EXPANSION_2026-08-16,PROJECT,4,2,AGE_YOUNGER_FIXED,0.0
V4EXP_PAIR_037,MLV2_DEV_028,V4_TARGET_EXPANSION_2026-08-16,PROJECT,4,2,AGE_YOUNGER_FIXED,0.0
V4EXP_PAIR_046,NEWDEV2_005,V4_TARGET_EXPANSION_2026-08-16,STATUS,4,2,AGE_YOUNGER_FIXED,0.0
V4PRE_PAIR_014,NEWDEV2_053,PREEXISTING_414_SOURCE_REVIEW,COMPETITIVE,4,2,AGE_LATER_FIXED,1.0
V4PRE_PAIR_020,NEWDEV2_070,PREEXISTING_414_SOURCE_REVIEW,PROJECT,4,2,AGE_LATER_FIXED,0.0
V4PRE_PAIR_026,NEWDEV2_082,PREEXISTING_414_SOURCE_REVIEW,STATUS,4,2,AGE_LATER_FIXED,0.0
V4PRE_PAIR_030,NEWDEV2_093,PREEXISTING_414_SOURCE_REVIEW,COMPETITIVE,4,2,AGE_LATER_FIXED,0.0
V4PRE_PAIR_033,MLV2_DEV_007,PREEXISTING_414_SOURCE_REVIEW,PROJECT,4,2,AGE_LATER_FIXED,0.0
V4PRE_PAIR_034,MLV2_DEV_007,PREEXISTING_414_SOURCE_REVIEW,PROJECT,4,2,AGE_LATER_FIXED,0.0
V4PRE_PAIR_035,MLV2_DEV_008,PREEXISTING_414_SOURCE_REVIEW,PROJECT,4,2,AGE_LATER_FIXED,0.0
V4PRE_PAIR_041,MLV2_DEV_038,PREEXISTING_414_SOURCE_REVIEW,RECOGNITION,4,2,AGE_LATER_FIXED,1.0
V4PRE_PAIR_042,MLV2_DEV_039,PREEXISTING_414_SOURCE_REVIEW,STATUS,4,2,AGE_LATER_FIXED,0.0
V4PRE_PAIR_049,MLV2_DEV_058,PREEXISTING_414_SOURCE_REVIEW,PROJECT,4,2,AGE_LATER_FIXED,0.0
V4EXP_PAIR_001,NEWDEV2_005,V4_TARGET_EXPANSION_2026-08-16,COMPETITIVE,4,2,AGE_LATER_FIXED,1.0
V4EXP_PAIR_011,NEWDEV2_027,V4_TARGET_EXPANSION_2026-08-16,COMPETITIVE,4,2,AGE_LATER_FIXED,1.0
V4EXP_PAIR_012,NEWDEV2_027,V4_TARGET_EXPANSION_2026-08-16,COMPETITIVE,4,2,AGE_LATER_FIXED,1.0
V4EXP_PAIR_013,NEWDEV2_027,V4_TARGET_EXPANSION_2026-08-16,COMPETITIVE,4,2,AGE_LATER_FIXED,1.0
V4EXP_PAIR_022,NEWDEV2_059,V4_TARGET_EXPANSION_2026-08-16,COMPETITIVE,4,2,AGE_LATER_FIXED,1.0
V4EXP_PAIR_023,NEWDEV2_059,V4_TARGET_EXPANSION_2026-08-16,COMPETITIVE,4,2,AGE_LATER_FIXED,1.0
V4EXP_PAIR_027,MLV2_DEV_007,V4_TARGET_EXPANSION_2026-08-16,PROJECT,4,2,AGE_LATER_FIXED,1.0
V4EXP_PAIR_034,MLV2_DEV_051,V4_TARGET_EXPANSION_2026-08-16,PROJECT,4,2,AGE_LATER_FIXED,1.0
V4EXP_PAIR_037,MLV2_DEV_028,V4_TARGET_EXPANSION_2026-08-16,PROJECT,4,2,AGE_LATER_FIXED,1.0
V4EXP_PAIR_046,NEWDEV2_005,V4_TARGET_EXPANSION_2026-08-16,STATUS,4,2,AGE_LATER_FIXED,1.0
V4PRE_PAIR_014,NEWDEV2_053,PREEXISTING_414_SOURCE_REVIEW,COMPETITIVE,4,2,CONTROL_FIXED,0.0
V4PRE_PAIR_020,NEWDEV2_070,PREEXISTING_414_SOURCE_REVIEW,PROJECT,4,2,CONTROL_FIXED,1.0
V4PRE_PAIR_026,NEWDEV2_082,PREEXISTING_414_SOURCE_REVIEW,STATUS,4,2,CONTROL_FIXED,1.0
V4PRE_PAIR_030,NEWDEV2_093,PREEXISTING_414_SOURCE_REVIEW,COMPETITIVE,4,2,CONTROL_FIXED,0.0
V4PRE_PAIR_033,MLV2_DEV_007,PREEXISTING_414_SOURCE_REVIEW,PROJECT,4,2,CONTROL_FIXED,0.0
V4PRE_PAIR_034,MLV2_DEV_007,PREEXISTING_414_SOURCE_REVIEW,PROJECT,4,2,CONTROL_FIXED,0.0
V4PRE_PAIR_035,MLV2_DEV_008,PREEXISTING_414_SOURCE_REVIEW,PROJECT,4,2,CONTROL_FIXED,0.0
V4PRE_PAIR_041,MLV2_DEV_038,PREEXISTING_414_SOURCE_REVIEW,RECOGNITION,4,2,CONTROL_FIXED,0.0
V4PRE_PAIR_042,MLV2_DEV_039,PREEXISTING_414_SOURCE_REVIEW,STATUS,4,2,CONTROL_FIXED,0.0
V4PRE_PAIR_049,MLV2_DEV_058,PREEXISTING_414_SOURCE_REVIEW,PROJECT,4,2,CONTROL_FIXED,0.0
V4EXP_PAIR_001,NEWDEV2_005,V4_TARGET_EXPANSION_2026-08-16,COMPETITIVE,4,2,CONTROL_FIXED,0.0
V4EXP_PAIR_011,NEWDEV2_027,V4_TARGET_EXPANSION_2026-08-16,COMPETITIVE,4,2,CONTROL_FIXED,0.5
V4EXP_PAIR_012,NEWDEV2_027,V4_TARGET_EXPANSION_2026-08-16,COMPETITIVE,4,2,CONTROL_FIXED,0.0
V4EXP_PAIR_013,NEWDEV2_027,V4_TARGET_EXPANSION_2026-08-16,COMPETITIVE,4,2,CONTROL_FIXED,0.0
V4EXP_PAIR_022,NEWDEV2_059,V4_TARGET_EXPANSION_2026-08-16,COMPETITIVE,4,2,CONTROL_FIXED,0.0
V4EXP_PAIR_023,NEWDEV2_059,V4_TARGET_EXPANSION_2026-08-16,COMPETITIVE,4,2,CONTROL_FIXED,0.0
V4EXP_PAIR_027,MLV2_DEV_007,V4_TARGET_EXPANSION_2026-08-16,PROJECT,4,2,CONTROL_FIXED,0.0
V4EXP_PAIR_034,MLV2_DEV_051,V4_TARGET_EXPANSION_2026-08-16,PROJECT,4,2,CONTROL_FIXED,0.0
V4EXP_PAIR_037,MLV2_DEV_028,V4_TARGET_EXPANSION_2026-08-16,PROJECT,4,2,CONTROL_FIXED,1.0
V4EXP_PAIR_046,NEWDEV2_005,V4_TARGET_EXPANSION_2026-08-16,STATUS,4,2,CONTROL_FIXED,1.0
V4PRE_PAIR_014,NEWDEV2_053,PREEXISTING_414_SOURCE_REVIEW,COMPETITIVE,4,2,TG5_GROUP_L2,0.0
V4PRE_PAIR_020,NEWDEV2_070,PREEXISTING_414_SOURCE_REVIEW,PROJECT,4,2,TG5_GROUP_L2,0.0
V4PRE_PAIR_026,NEWDEV2_082,PREEXISTING_414_SOURCE_REVIEW,STATUS,4,2,TG5_GROUP_L2,1.0
V4PRE_PAIR_030,NEWDEV2_093,PREEXISTING_414_SOURCE_REVIEW,COMPETITIVE,4,2,TG5_GROUP_L2,1.0
V4PRE_PAIR_033,MLV2_DEV_007,PREEXISTING_414_SOURCE_REVIEW,PROJECT,4,2,TG5_GROUP_L2,0.0
V4PRE_PAIR_034,MLV2_DEV_007,PREEXISTING_414_SOURCE_REVIEW,PROJECT,4,2,TG5_GROUP_L2,1.0
V4PRE_PAIR_035,MLV2_DEV_008,PREEXISTING_414_SOURCE_REVIEW,PROJECT,4,2,TG5_GROUP_L2,0.0
V4PRE_PAIR_041,MLV2_DEV_038,PREEXISTING_414_SOURCE_REVIEW,RECOGNITION,4,2,TG5_GROUP_L2,0.0
V4PRE_PAIR_042,MLV2_DEV_039,PREEXISTING_414_SOURCE_REVIEW,STATUS,4,2,TG5_GROUP_L2,1.0
V4PRE_PAIR_049,MLV2_DEV_058,PREEXISTING_414_SOURCE_REVIEW,PROJECT,4,2,TG5_GROUP_L2,1.0
V4EXP_PAIR_001,NEWDEV2_005,V4_TARGET_EXPANSION_2026-08-16,COMPETITIVE,4,2,TG5_GROUP_L2,0.0
V4EXP_PAIR_011,NEWDEV2_027,V4_TARGET_EXPANSION_2026-08-16,COMPETITIVE,4,2,TG5_GROUP_L2,0.0
V4EXP_PAIR_012,NEWDEV2_027,V4_TARGET_EXPANSION_2026-08-16,COMPETITIVE,4,2,TG5_GROUP_L2,0.0
V4EXP_PAIR_013,NEWDEV2_027,V4_TARGET_EXPANSION_2026-08-16,COMPETITIVE,4,2,TG5_GROUP_L2,1.0
V4EXP_PAIR_022,NEWDEV2_059,V4_TARGET_EXPANSION_2026-08-16,COMPETITIVE,4,2,TG5_GROUP_L2,1.0
V4EXP_PAIR_023,NEWDEV2_059,V4_TARGET_EXPANSION_2026-08-16,COMPETITIVE,4,2,TG5_GROUP_L2,0.5
V4EXP_PAIR_027,MLV2_DEV_007,V4_TARGET_EXPANSION_2026-08-16,PROJECT,4,2,TG5_GROUP_L2,0.0
V4EXP_PAIR_034,MLV2_DEV_051,V4_TARGET_EXPANSION_2026-08-16,PROJECT,4,2,TG5_GROUP_L2,0.5
V4EXP_PAIR_037,MLV2_DEV_028,V4_TARGET_EXPANSION_2026-08-16,PROJECT,4,2,TG5_GROUP_L2,1.0
V4EXP_PAIR_046,NEWDEV2_005,V4_TARGET_EXPANSION_2026-08-16,STATUS,4,2,TG5_GROUP_L2,0.5
V4PRE_PAIR_014,NEWDEV2_053,PREEXISTING_414_SOURCE_REVIEW,COMPETITIVE,4,2,TG10_STEM_L2,1.0
V4PRE_PAIR_020,NEWDEV2_070,PREEXISTING_414_SOURCE_REVIEW,PROJECT,4,2,TG10_STEM_L2,0.0
V4PRE_PAIR_026,NEWDEV2_082,PREEXISTING_414_SOURCE_REVIEW,STATUS,4,2,TG10_STEM_L2,0.0
V4PRE_PAIR_030,NEWDEV2_093,PREEXISTING_414_SOURCE_REVIEW,COMPETITIVE,4,2,TG10_STEM_L2,0.0
V4PRE_PAIR_033,MLV2_DEV_007,PREEXISTING_414_SOURCE_REVIEW,PROJECT,4,2,TG10_STEM_L2,0.0
V4PRE_PAIR_034,MLV2_DEV_007,PREEXISTING_414_SOURCE_REVIEW,PROJECT,4,2,TG10_STEM_L2,1.0
V4PRE_PAIR_035,MLV2_DEV_008,PREEXISTING_414_SOURCE_REVIEW,PROJECT,4,2,TG10_STEM_L2,0.0
V4PRE_PAIR_041,MLV2_DEV_038,PREEXISTING_414_SOURCE_REVIEW,RECOGNITION,4,2,TG10_STEM_L2,0.0
V4PRE_PAIR_042,MLV2_DEV_039,PREEXISTING_414_SOURCE_REVIEW,STATUS,4,2,TG10_STEM_L2,1.0
V4PRE_PAIR_049,MLV2_DEV_058,PREEXISTING_414_SOURCE_REVIEW,PROJECT,4,2,TG10_STEM_L2,1.0
V4EXP_PAIR_001,NEWDEV2_005,V4_TARGET_EXPANSION_2026-08-16,COMPETITIVE,4,2,TG10_STEM_L2,0.0
V4EXP_PAIR_011,NEWDEV2_027,V4_TARGET_EXPANSION_2026-08-16,COMPETITIVE,4,2,TG10_STEM_L2,1.0
V4EXP_PAIR_012,NEWDEV2_027,V4_TARGET_EXPANSION_2026-08-16,COMPETITIVE,4,2,TG10_STEM_L2,1.0
V4EXP_PAIR_013,NEWDEV2_027,V4_TARGET_EXPANSION_2026-08-16,COMPETITIVE,4,2,TG10_STEM_L2,1.0
V4EXP_PAIR_022,NEWDEV2_059,V4_TARGET_EXPANSION_2026-08-16,COMPETITIVE,4,2,TG10_STEM_L2,1.0
V4EXP_PAIR_023,NEWDEV2_059,V4_TARGET_EXPANSION_2026-08-16,COMPETITIVE,4,2,TG10_STEM_L2,0.0
V4EXP_PAIR_027,MLV2_DEV_007,V4_TARGET_EXPANSION_2026-08-16,PROJECT,4,2,TG10_STEM_L2,1.0
V4EXP_PAIR_034,MLV2_DEV_051,V4_TARGET_EXPANSION_2026-08-16,PROJECT,4,2,TG10_STEM_L2,0.0
V4EXP_PAIR_037,MLV2_DEV_028,V4_TARGET_EXPANSION_2026-08-16,PROJECT,4,2,TG10_STEM_L2,1.0
V4EXP_PAIR_046,NEWDEV2_005,V4_TARGET_EXPANSION_2026-08-16,STATUS,4,2,TG10_STEM_L2,0.0
V4PRE_PAIR_014,NEWDEV2_053,PREEXISTING_414_SOURCE_REVIEW,COMPETITIVE,4,2,TG10_STEM_BRANCH_L2,0.0
V4PRE_PAIR_020,NEWDEV2_070,PREEXISTING_414_SOURCE_REVIEW,PROJECT,4,2,TG10_STEM_BRANCH_L2,0.0
V4PRE_PAIR_026,NEWDEV2_082,PREEXISTING_414_SOURCE_REVIEW,STATUS,4,2,TG10_STEM_BRANCH_L2,0.0
V4PRE_PAIR_030,NEWDEV2_093,PREEXISTING_414_SOURCE_REVIEW,COMPETITIVE,4,2,TG10_STEM_BRANCH_L2,0.0
V4PRE_PAIR_033,MLV2_DEV_007,PREEXISTING_414_SOURCE_REVIEW,PROJECT,4,2,TG10_STEM_BRANCH_L2,0.0
V4PRE_PAIR_034,MLV2_DEV_007,PREEXISTING_414_SOURCE_REVIEW,PROJECT,4,2,TG10_STEM_BRANCH_L2,1.0
V4PRE_PAIR_035,MLV2_DEV_008,PREEXISTING_414_SOURCE_REVIEW,PROJECT,4,2,TG10_STEM_BRANCH_L2,0.0
V4PRE_PAIR_041,MLV2_DEV_038,PREEXISTING_414_SOURCE_REVIEW,RECOGNITION,4,2,TG10_STEM_BRANCH_L2,1.0
V4PRE_PAIR_042,MLV2_DEV_039,PREEXISTING_414_SOURCE_REVIEW,STATUS,4,2,TG10_STEM_BRANCH_L2,1.0
V4PRE_PAIR_049,MLV2_DEV_058,PREEXISTING_414_SOURCE_REVIEW,PROJECT,4,2,TG10_STEM_BRANCH_L2,0.0
V4EXP_PAIR_001,NEWDEV2_005,V4_TARGET_EXPANSION_2026-08-16,COMPETITIVE,4,2,TG10_STEM_BRANCH_L2,0.0
V4EXP_PAIR_011,NEWDEV2_027,V4_TARGET_EXPANSION_2026-08-16,COMPETITIVE,4,2,TG10_STEM_BRANCH_L2,1.0
V4EXP_PAIR_012,NEWDEV2_027,V4_TARGET_EXPANSION_2026-08-16,COMPETITIVE,4,2,TG10_STEM_BRANCH_L2,1.0
V4EXP_PAIR_013,NEWDEV2_027,V4_TARGET_EXPANSION_2026-08-16,COMPETITIVE,4,2,TG10_STEM_BRANCH_L2,0.0
V4EXP_PAIR_022,NEWDEV2_059,V4_TARGET_EXPANSION_2026-08-16,COMPETITIVE,4,2,TG10_STEM_BRANCH_L2,1.0
V4EXP_PAIR_023,NEWDEV2_059,V4_TARGET_EXPANSION_2026-08-16,COMPETITIVE,4,2,TG10_STEM_BRANCH_L2,0.0
V4EXP_PAIR_027,MLV2_DEV_007,V4_TARGET_EXPANSION_2026-08-16,PROJECT,4,2,TG10_STEM_BRANCH_L2,1.0
V4EXP_PAIR_034,MLV2_DEV_051,V4_TARGET_EXPANSION_2026-08-16,PROJECT,4,2,TG10_STEM_BRANCH_L2,1.0
V4EXP_PAIR_037,MLV2_DEV_028,V4_TARGET_EXPANSION_2026-08-16,PROJECT,4,2,TG10_STEM_BRANCH_L2,1.0
V4EXP_PAIR_046,NEWDEV2_005,V4_TARGET_EXPANSION_2026-08-16,STATUS,4,2,TG10_STEM_BRANCH_L2,0.0
V4PRE_PAIR_014,NEWDEV2_053,PREEXISTING_414_SOURCE_REVIEW,COMPETITIVE,4,2,TG10_SB_STRENGTH_L2,0.0
V4PRE_PAIR_020,NEWDEV2_070,PREEXISTING_414_SOURCE_REVIEW,PROJECT,4,2,TG10_SB_STRENGTH_L2,0.0
V4PRE_PAIR_026,NEWDEV2_082,PREEXISTING_414_SOURCE_REVIEW,STATUS,4,2,TG10_SB_STRENGTH_L2,0.0
V4PRE_PAIR_030,NEWDEV2_093,PREEXISTING_414_SOURCE_REVIEW,COMPETITIVE,4,2,TG10_SB_STRENGTH_L2,0.0
V4PRE_PAIR_033,MLV2_DEV_007,PREEXISTING_414_SOURCE_REVIEW,PROJECT,4,2,TG10_SB_STRENGTH_L2,0.0
V4PRE_PAIR_034,MLV2_DEV_007,PREEXISTING_414_SOURCE_REVIEW,PROJECT,4,2,TG10_SB_STRENGTH_L2,0.0
V4PRE_PAIR_035,MLV2_DEV_008,PREEXISTING_414_SOURCE_REVIEW,PROJECT,4,2,TG10_SB_STRENGTH_L2,0.0
V4PRE_PAIR_041,MLV2_DEV_038,PREEXISTING_414_SOURCE_REVIEW,RECOGNITION,4,2,TG10_SB_STRENGTH_L2,1.0
V4PRE_PAIR_042,MLV2_DEV_039,PREEXISTING_414_SOURCE_REVIEW,STATUS,4,2,TG10_SB_STRENGTH_L2,1.0
V4PRE_PAIR_049,MLV2_DEV_058,PREEXISTING_414_SOURCE_REVIEW,PROJECT,4,2,TG10_SB_STRENGTH_L2,0.0
V4EXP_PAIR_001,NEWDEV2_005,V4_TARGET_EXPANSION_2026-08-16,COMPETITIVE,4,2,TG10_SB_STRENGTH_L2,0.0
V4EXP_PAIR_011,NEWDEV2_027,V4_TARGET_EXPANSION_2026-08-16,COMPETITIVE,4,2,TG10_SB_STRENGTH_L2,1.0
V4EXP_PAIR_012,NEWDEV2_027,V4_TARGET_EXPANSION_2026-08-16,COMPETITIVE,4,2,TG10_SB_STRENGTH_L2,0.0
V4EXP_PAIR_013,NEWDEV2_027,V4_TARGET_EXPANSION_2026-08-16,COMPETITIVE,4,2,TG10_SB_STRENGTH_L2,0.0
V4EXP_PAIR_022,NEWDEV2_059,V4_TARGET_EXPANSION_2026-08-16,COMPETITIVE,4,2,TG10_SB_STRENGTH_L2,0.0
V4EXP_PAIR_023,NEWDEV2_059,V4_TARGET_EXPANSION_2026-08-16,COMPETITIVE,4,2,TG10_SB_STRENGTH_L2,0.0
V4EXP_PAIR_027,MLV2_DEV_007,V4_TARGET_EXPANSION_2026-08-16,PROJECT,4,2,TG10_SB_STRENGTH_L2,0.0
V4EXP_PAIR_034,MLV2_DEV_051,V4_TARGET_EXPANSION_2026-08-16,PROJECT,4,2,TG10_SB_STRENGTH_L2,1.0
V4EXP_PAIR_037,MLV2_DEV_028,V4_TARGET_EXPANSION_2026-08-16,PROJECT,4,2,TG10_SB_STRENGTH_L2,1.0
V4EXP_PAIR_046,NEWDEV2_005,V4_TARGET_EXPANSION_2026-08-16,STATUS,4,2,TG10_SB_STRENGTH_L2,0.0
V4PRE_PAIR_014,NEWDEV2_053,PREEXISTING_414_SOURCE_REVIEW,COMPETITIVE,4,2,TG10_SB_RELATIONS_L2,0.0
V4PRE_PAIR_020,NEWDEV2_070,PREEXISTING_414_SOURCE_REVIEW,PROJECT,4,2,TG10_SB_RELATIONS_L2,0.0
V4PRE_PAIR_026,NEWDEV2_082,PREEXISTING_414_SOURCE_REVIEW,STATUS,4,2,TG10_SB_RELATIONS_L2,1.0
V4PRE_PAIR_030,NEWDEV2_093,PREEXISTING_414_SOURCE_REVIEW,COMPETITIVE,4,2,TG10_SB_RELATIONS_L2,1.0
V4PRE_PAIR_033,MLV2_DEV_007,PREEXISTING_414_SOURCE_REVIEW,PROJECT,4,2,TG10_SB_RELATIONS_L2,0.0
V4PRE_PAIR_034,MLV2_DEV_007,PREEXISTING_414_SOURCE_REVIEW,PROJECT,4,2,TG10_SB_RELATIONS_L2,0.0
V4PRE_PAIR_035,MLV2_DEV_008,PREEXISTING_414_SOURCE_REVIEW,PROJECT,4,2,TG10_SB_RELATIONS_L2,0.0
V4PRE_PAIR_041,MLV2_DEV_038,PREEXISTING_414_SOURCE_REVIEW,RECOGNITION,4,2,TG10_SB_RELATIONS_L2,0.0
V4PRE_PAIR_042,MLV2_DEV_039,PREEXISTING_414_SOURCE_REVIEW,STATUS,4,2,TG10_SB_RELATIONS_L2,1.0
V4PRE_PAIR_049,MLV2_DEV_058,PREEXISTING_414_SOURCE_REVIEW,PROJECT,4,2,TG10_SB_RELATIONS_L2,0.0
V4EXP_PAIR_001,NEWDEV2_005,V4_TARGET_EXPANSION_2026-08-16,COMPETITIVE,4,2,TG10_SB_RELATIONS_L2,0.0
V4EXP_PAIR_011,NEWDEV2_027,V4_TARGET_EXPANSION_2026-08-16,COMPETITIVE,4,2,TG10_SB_RELATIONS_L2,1.0
V4EXP_PAIR_012,NEWDEV2_027,V4_TARGET_EXPANSION_2026-08-16,COMPETITIVE,4,2,TG10_SB_RELATIONS_L2,0.0
V4EXP_PAIR_013,NEWDEV2_027,V4_TARGET_EXPANSION_2026-08-16,COMPETITIVE,4,2,TG10_SB_RELATIONS_L2,0.0
V4EXP_PAIR_022,NEWDEV2_059,V4_TARGET_EXPANSION_2026-08-16,COMPETITIVE,4,2,TG10_SB_RELATIONS_L2,1.0
V4EXP_PAIR_023,NEWDEV2_059,V4_TARGET_EXPANSION_2026-08-16,COMPETITIVE,4,2,TG10_SB_RELATIONS_L2,0.0
V4EXP_PAIR_027,MLV2_DEV_007,V4_TARGET_EXPANSION_2026-08-16,PROJECT,4,2,TG10_SB_RELATIONS_L2,0.0
V4EXP_PAIR_034,MLV2_DEV_051,V4_TARGET_EXPANSION_2026-08-16,PROJECT,4,2,TG10_SB_RELATIONS_L2,0.0
V4EXP_PAIR_037,MLV2_DEV_028,V4_TARGET_EXPANSION_2026-08-16,PROJECT,4,2,TG10_SB_RELATIONS_L2,0.0
V4EXP_PAIR_046,NEWDEV2_005,V4_TARGET_EXPANSION_2026-08-16,STATUS,4,2,TG10_SB_RELATIONS_L2,0.0
V4PRE_PAIR_014,NEWDEV2_053,PREEXISTING_414_SOURCE_REVIEW,COMPETITIVE,4,2,ALL_L2,1.0
V4PRE_PAIR_020,NEWDEV2_070,PREEXISTING_414_SOURCE_REVIEW,PROJECT,4,2,ALL_L2,0.0
V4PRE_PAIR_026,NEWDEV2_082,PREEXISTING_414_SOURCE_REVIEW,STATUS,4,2,ALL_L2,1.0
V4PRE_PAIR_030,NEWDEV2_093,PREEXISTING_414_SOURCE_REVIEW,COMPETITIVE,4,2,ALL_L2,1.0
V4PRE_PAIR_033,MLV2_DEV_007,PREEXISTING_414_SOURCE_REVIEW,PROJECT,4,2,ALL_L2,0.0
V4PRE_PAIR_034,MLV2_DEV_007,PREEXISTING_414_SOURCE_REVIEW,PROJECT,4,2,ALL_L2,0.0
V4PRE_PAIR_035,MLV2_DEV_008,PREEXISTING_414_SOURCE_REVIEW,PROJECT,4,2,ALL_L2,1.0
V4PRE_PAIR_041,MLV2_DEV_038,PREEXISTING_414_SOURCE_REVIEW,RECOGNITION,4,2,ALL_L2,0.0
V4PRE_PAIR_042,MLV2_DEV_039,PREEXISTING_414_SOURCE_REVIEW,STATUS,4,2,ALL_L2,1.0
V4PRE_PAIR_049,MLV2_DEV_058,PREEXISTING_414_SOURCE_REVIEW,PROJECT,4,2,ALL_L2,1.0
V4EXP_PAIR_001,NEWDEV2_005,V4_TARGET_EXPANSION_2026-08-16,COMPETITIVE,4,2,ALL_L2,0.0
V4EXP_PAIR_011,NEWDEV2_027,V4_TARGET_EXPANSION_2026-08-16,COMPETITIVE,4,2,ALL_L2,1.0
V4EXP_PAIR_012,NEWDEV2_027,V4_TARGET_EXPANSION_2026-08-16,COMPETITIVE,4,2,ALL_L2,0.0
V4EXP_PAIR_013,NEWDEV2_027,V4_TARGET_EXPANSION_2026-08-16,COMPETITIVE,4,2,ALL_L2,0.0
V4EXP_PAIR_022,NEWDEV2_059,V4_TARGET_EXPANSION_2026-08-16,COMPETITIVE,4,2,ALL_L2,1.0
V4EXP_PAIR_023,NEWDEV2_059,V4_TARGET_EXPANSION_2026-08-16,COMPETITIVE,4,2,ALL_L2,1.0
V4EXP_PAIR_027,MLV2_DEV_007,V4_TARGET_EXPANSION_2026-08-16,PROJECT,4,2,ALL_L2,0.0
V4EXP_PAIR_034,MLV2_DEV_051,V4_TARGET_EXPANSION_2026-08-16,PROJECT,4,2,ALL_L2,0.0
V4EXP_PAIR_037,MLV2_DEV_028,V4_TARGET_EXPANSION_2026-08-16,PROJECT,4,2,ALL_L2,0.0
V4EXP_PAIR_046,NEWDEV2_005,V4_TARGET_EXPANSION_2026-08-16,STATUS,4,2,ALL_L2,0.0
V4PRE_PAIR_014,NEWDEV2_053,PREEXISTING_414_SOURCE_REVIEW,COMPETITIVE,4,2,NUISANCE_AGE_AXIS,0.0
V4PRE_PAIR_020,NEWDEV2_070,PREEXISTING_414_SOURCE_REVIEW,PROJECT,4,2,NUISANCE_AGE_AXIS,1.0
V4PRE_PAIR_026,NEWDEV2_082,PREEXISTING_414_SOURCE_REVIEW,STATUS,4,2,NUISANCE_AGE_AXIS,1.0
V4PRE_PAIR_030,NEWDEV2_093,PREEXISTING_414_SOURCE_REVIEW,COMPETITIVE,4,2,NUISANCE_AGE_AXIS,1.0
V4PRE_PAIR_033,MLV2_DEV_007,PREEXISTING_414_SOURCE_REVIEW,PROJECT,4,2,NUISANCE_AGE_AXIS,1.0
V4PRE_PAIR_034,MLV2_DEV_007,PREEXISTING_414_SOURCE_REVIEW,PROJECT,4,2,NUISANCE_AGE_AXIS,1.0
V4PRE_PAIR_035,MLV2_DEV_008,PREEXISTING_414_SOURCE_REVIEW,PROJECT,4,2,NUISANCE_AGE_AXIS,1.0
V4PRE_PAIR_041,MLV2_DEV_038,PREEXISTING_414_SOURCE_REVIEW,RECOGNITION,4,2,NUISANCE_AGE_AXIS,0.0
V4PRE_PAIR_042,MLV2_DEV_039,PREEXISTING_414_SOURCE_REVIEW,STATUS,4,2,NUISANCE_AGE_AXIS,1.0
V4PRE_PAIR_049,MLV2_DEV_058,PREEXISTING_414_SOURCE_REVIEW,PROJECT,4,2,NUISANCE_AGE_AXIS,1.0
V4EXP_PAIR_001,NEWDEV2_005,V4_TARGET_EXPANSION_2026-08-16,COMPETITIVE,4,2,NUISANCE_AGE_AXIS,1.0
V4EXP_PAIR_011,NEWDEV2_027,V4_TARGET_EXPANSION_2026-08-16,COMPETITIVE,4,2,NUISANCE_AGE_AXIS,0.0
V4EXP_PAIR_012,NEWDEV2_027,V4_TARGET_EXPANSION_2026-08-16,COMPETITIVE,4,2,NUISANCE_AGE_AXIS,0.0
V4EXP_PAIR_013,NEWDEV2_027,V4_TARGET_EXPANSION_2026-08-16,COMPETITIVE,4,2,NUISANCE_AGE_AXIS,0.0
V4EXP_PAIR_022,NEWDEV2_059,V4_TARGET_EXPANSION_2026-08-16,COMPETITIVE,4,2,NUISANCE_AGE_AXIS,0.0
V4EXP_PAIR_023,NEWDEV2_059,V4_TARGET_EXPANSION_2026-08-16,COMPETITIVE,4,2,NUISANCE_AGE_AXIS,0.0
V4EXP_PAIR_027,MLV2_DEV_007,V4_TARGET_EXPANSION_2026-08-16,PROJECT,4,2,NUISANCE_AGE_AXIS,0.0
V4EXP_PAIR_034,MLV2_DEV_051,V4_TARGET_EXPANSION_2026-08-16,PROJECT,4,2,NUISANCE_AGE_AXIS,1.0
V4EXP_PAIR_037,MLV2_DEV_028,V4_TARGET_EXPANSION_2026-08-16,PROJECT,4,2,NUISANCE_AGE_AXIS,0.0
V4EXP_PAIR_046,NEWDEV2_005,V4_TARGET_EXPANSION_2026-08-16,STATUS,4,2,NUISANCE_AGE_AXIS,0.0
V4PRE_PAIR_014,NEWDEV2_053,PREEXISTING_414_SOURCE_REVIEW,COMPETITIVE,4,2,NUISANCE_WITH_ORIGIN_DIAGNOSTIC,0.0
V4PRE_PAIR_020,NEWDEV2_070,PREEXISTING_414_SOURCE_REVIEW,PROJECT,4,2,NUISANCE_WITH_ORIGIN_DIAGNOSTIC,1.0
V4PRE_PAIR_026,NEWDEV2_082,PREEXISTING_414_SOURCE_REVIEW,STATUS,4,2,NUISANCE_WITH_ORIGIN_DIAGNOSTIC,1.0
V4PRE_PAIR_030,NEWDEV2_093,PREEXISTING_414_SOURCE_REVIEW,COMPETITIVE,4,2,NUISANCE_WITH_ORIGIN_DIAGNOSTIC,1.0
V4PRE_PAIR_033,MLV2_DEV_007,PREEXISTING_414_SOURCE_REVIEW,PROJECT,4,2,NUISANCE_WITH_ORIGIN_DIAGNOSTIC,1.0
V4PRE_PAIR_034,MLV2_DEV_007,PREEXISTING_414_SOURCE_REVIEW,PROJECT,4,2,NUISANCE_WITH_ORIGIN_DIAGNOSTIC,1.0
V4PRE_PAIR_035,MLV2_DEV_008,PREEXISTING_414_SOURCE_REVIEW,PROJECT,4,2,NUISANCE_WITH_ORIGIN_DIAGNOSTIC,1.0
V4PRE_PAIR_041,MLV2_DEV_038,PREEXISTING_414_SOURCE_REVIEW,RECOGNITION,4,2,NUISANCE_WITH_ORIGIN_DIAGNOSTIC,0.0
V4PRE_PAIR_042,MLV2_DEV_039,PREEXISTING_414_SOURCE_REVIEW,STATUS,4,2,NUISANCE_WITH_ORIGIN_DIAGNOSTIC,1.0
V4PRE_PAIR_049,MLV2_DEV_058,PREEXISTING_414_SOURCE_REVIEW,PROJECT,4,2,NUISANCE_WITH_ORIGIN_DIAGNOSTIC,1.0
V4EXP_PAIR_001,NEWDEV2_005,V4_TARGET_EXPANSION_2026-08-16,COMPETITIVE,4,2,NUISANCE_WITH_ORIGIN_DIAGNOSTIC,1.0
V4EXP_PAIR_011,NEWDEV2_027,V4_TARGET_EXPANSION_2026-08-16,COMPETITIVE,4,2,NUISANCE_WITH_ORIGIN_DIAGNOSTIC,1.0
V4EXP_PAIR_012,NEWDEV2_027,V4_TARGET_EXPANSION_2026-08-16,COMPETITIVE,4,2,NUISANCE_WITH_ORIGIN_DIAGNOSTIC,1.0
V4EXP_PAIR_013,NEWDEV2_027,V4_TARGET_EXPANSION_2026-08-16,COMPETITIVE,4,2,NUISANCE_WITH_ORIGIN_DIAGNOSTIC,1.0
V4EXP_PAIR_022,NEWDEV2_059,V4_TARGET_EXPANSION_2026-08-16,COMPETITIVE,4,2,NUISANCE_WITH_ORIGIN_DIAGNOSTIC,1.0
V4EXP_PAIR_023,NEWDEV2_059,V4_TARGET_EXPANSION_2026-08-16,COMPETITIVE,4,2,NUISANCE_WITH_ORIGIN_DIAGNOSTIC,1.0
V4EXP_PAIR_027,MLV2_DEV_007,V4_TARGET_EXPANSION_2026-08-16,PROJECT,4,2,NUISANCE_WITH_ORIGIN_DIAGNOSTIC,1.0
V4EXP_PAIR_034,MLV2_DEV_051,V4_TARGET_EXPANSION_2026-08-16,PROJECT,4,2,NUISANCE_WITH_ORIGIN_DIAGNOSTIC,1.0
V4EXP_PAIR_037,MLV2_DEV_028,V4_TARGET_EXPANSION_2026-08-16,PROJECT,4,2,NUISANCE_WITH_ORIGIN_DIAGNOSTIC,1.0
V4EXP_PAIR_046,NEWDEV2_005,V4_TARGET_EXPANSION_2026-08-16,STATUS,4,2,NUISANCE_WITH_ORIGIN_DIAGNOSTIC,1.0
V4PRE_PAIR_014,NEWDEV2_053,PREEXISTING_414_SOURCE_REVIEW,COMPETITIVE,4,2,ALL_ELASTICNET_AUTO,1.0
V4PRE_PAIR_020,NEWDEV2_070,PREEXISTING_414_SOURCE_REVIEW,PROJECT,4,2,ALL_ELASTICNET_AUTO,1.0
V4PRE_PAIR_026,NEWDEV2_082,PREEXISTING_414_SOURCE_REVIEW,STATUS,4,2,ALL_ELASTICNET_AUTO,1.0
V4PRE_PAIR_030,NEWDEV2_093,PREEXISTING_414_SOURCE_REVIEW,COMPETITIVE,4,2,ALL_ELASTICNET_AUTO,1.0
V4PRE_PAIR_033,MLV2_DEV_007,PREEXISTING_414_SOURCE_REVIEW,PROJECT,4,2,ALL_ELASTICNET_AUTO,0.0
V4PRE_PAIR_034,MLV2_DEV_007,PREEXISTING_414_SOURCE_REVIEW,PROJECT,4,2,ALL_ELASTICNET_AUTO,1.0
V4PRE_PAIR_035,MLV2_DEV_008,PREEXISTING_414_SOURCE_REVIEW,PROJECT,4,2,ALL_ELASTICNET_AUTO,1.0
V4PRE_PAIR_041,MLV2_DEV_038,PREEXISTING_414_SOURCE_REVIEW,RECOGNITION,4,2,ALL_ELASTICNET_AUTO,0.0
V4PRE_PAIR_042,MLV2_DEV_039,PREEXISTING_414_SOURCE_REVIEW,STATUS,4,2,ALL_ELASTICNET_AUTO,1.0
V4PRE_PAIR_049,MLV2_DEV_058,PREEXISTING_414_SOURCE_REVIEW,PROJECT,4,2,ALL_ELASTICNET_AUTO,1.0
V4EXP_PAIR_001,NEWDEV2_005,V4_TARGET_EXPANSION_2026-08-16,COMPETITIVE,4,2,ALL_ELASTICNET_AUTO,1.0
V4EXP_PAIR_011,NEWDEV2_027,V4_TARGET_EXPANSION_2026-08-16,COMPETITIVE,4,2,ALL_ELASTICNET_AUTO,1.0
V4EXP_PAIR_012,NEWDEV2_027,V4_TARGET_EXPANSION_2026-08-16,COMPETITIVE,4,2,ALL_ELASTICNET_AUTO,1.0
V4EXP_PAIR_013,NEWDEV2_027,V4_TARGET_EXPANSION_2026-08-16,COMPETITIVE,4,2,ALL_ELASTICNET_AUTO,1.0
V4EXP_PAIR_022,NEWDEV2_059,V4_TARGET_EXPANSION_2026-08-16,COMPETITIVE,4,2,ALL_ELASTICNET_AUTO,1.0
V4EXP_PAIR_023,NEWDEV2_059,V4_TARGET_EXPANSION_2026-08-16,COMPETITIVE,4,2,ALL_ELASTICNET_AUTO,1.0
V4EXP_PAIR_027,MLV2_DEV_007,V4_TARGET_EXPANSION_2026-08-16,PROJECT,4,2,ALL_ELASTICNET_AUTO,1.0
V4EXP_PAIR_034,MLV2_DEV_051,V4_TARGET_EXPANSION_2026-08-16,PROJECT,4,2,ALL_ELASTICNET_AUTO,1.0
V4EXP_PAIR_037,MLV2_DEV_028,V4_TARGET_EXPANSION_2026-08-16,PROJECT,4,2,ALL_ELASTICNET_AUTO,1.0
V4EXP_PAIR_046,NEWDEV2_005,V4_TARGET_EXPANSION_2026-08-16,STATUS,4,2,ALL_ELASTICNET_AUTO,1.0
V4PRE_PAIR_014,NEWDEV2_053,PREEXISTING_414_SOURCE_REVIEW,COMPETITIVE,4,2,HGB_ALL_EXPLORATORY,0.0
V4PRE_PAIR_020,NEWDEV2_070,PREEXISTING_414_SOURCE_REVIEW,PROJECT,4,2,HGB_ALL_EXPLORATORY,1.0
V4PRE_PAIR_026,NEWDEV2_082,PREEXISTING_414_SOURCE_REVIEW,STATUS,4,2,HGB_ALL_EXPLORATORY,1.0
V4PRE_PAIR_030,NEWDEV2_093,PREEXISTING_414_SOURCE_REVIEW,COMPETITIVE,4,2,HGB_ALL_EXPLORATORY,1.0
V4PRE_PAIR_033,MLV2_DEV_007,PREEXISTING_414_SOURCE_REVIEW,PROJECT,4,2,HGB_ALL_EXPLORATORY,0.0
V4PRE_PAIR_034,MLV2_DEV_007,PREEXISTING_414_SOURCE_REVIEW,PROJECT,4,2,HGB_ALL_EXPLORATORY,0.0
V4PRE_PAIR_035,MLV2_DEV_008,PREEXISTING_414_SOURCE_REVIEW,PROJECT,4,2,HGB_ALL_EXPLORATORY,1.0
V4PRE_PAIR_041,MLV2_DEV_038,PREEXISTING_414_SOURCE_REVIEW,RECOGNITION,4,2,HGB_ALL_EXPLORATORY,0.0
V4PRE_PAIR_042,MLV2_DEV_039,PREEXISTING_414_SOURCE_REVIEW,STATUS,4,2,HGB_ALL_EXPLORATORY,1.0
V4PRE_PAIR_049,MLV2_DEV_058,PREEXISTING_414_SOURCE_REVIEW,PROJECT,4,2,HGB_ALL_EXPLORATORY,0.0
V4EXP_PAIR_001,NEWDEV2_005,V4_TARGET_EXPANSION_2026-08-16,COMPETITIVE,4,2,HGB_ALL_EXPLORATORY,0.0
V4EXP_PAIR_011,NEWDEV2_027,V4_TARGET_EXPANSION_2026-08-16,COMPETITIVE,4,2,HGB_ALL_EXPLORATORY,1.0
V4EXP_PAIR_012,NEWDEV2_027,V4_TARGET_EXPANSION_2026-08-16,COMPETITIVE,4,2,HGB_ALL_EXPLORATORY,0.0
V4EXP_PAIR_013,NEWDEV2_027,V4_TARGET_EXPANSION_2026-08-16,COMPETITIVE,4,2,HGB_ALL_EXPLORATORY,0.0
V4EXP_PAIR_022,NEWDEV2_059,V4_TARGET_EXPANSION_2026-08-16,COMPETITIVE,4,2,HGB_ALL_EXPLORATORY,1.0
V4EXP_PAIR_023,NEWDEV2_059,V4_TARGET_EXPANSION_2026-08-16,COMPETITIVE,4,2,HGB_ALL_EXPLORATORY,1.0
V4EXP_PAIR_027,MLV2_DEV_007,V4_TARGET_EXPANSION_2026-08-16,PROJECT,4,2,HGB_ALL_EXPLORATORY,0.0
V4EXP_PAIR_034,MLV2_DEV_051,V4_TARGET_EXPANSION_2026-08-16,PROJECT,4,2,HGB_ALL_EXPLORATORY,0.0
V4EXP_PAIR_037,MLV2_DEV_028,V4_TARGET_EXPANSION_2026-08-16,PROJECT,4,2,HGB_ALL_EXPLORATORY,1.0
V4EXP_PAIR_046,NEWDEV2_005,V4_TARGET_EXPANSION_2026-08-16,STATUS,4,2,HGB_ALL_EXPLORATORY,0.0
V4PRE_PAIR_001,NEWDEV2_006,PREEXISTING_414_SOURCE_REVIEW,COMPETITIVE,4,3,AGE_YOUNGER_FIXED,0.0
V4PRE_PAIR_002,NEWDEV2_010,PREEXISTING_414_SOURCE_REVIEW,COMPETITIVE,4,3,AGE_YOUNGER_FIXED,0.0
V4PRE_PAIR_004,NEWDEV2_016,PREEXISTING_414_SOURCE_REVIEW,COMPETITIVE,4,3,AGE_YOUNGER_FIXED,0.0
V4PRE_PAIR_016,NEWDEV2_065,PREEXISTING_414_SOURCE_REVIEW,COMPETITIVE,4,3,AGE_YOUNGER_FIXED,1.0
V4PRE_PAIR_022,NEWDEV2_075,PREEXISTING_414_SOURCE_REVIEW,COMPETITIVE,4,3,AGE_YOUNGER_FIXED,1.0
V4PRE_PAIR_023,NEWDEV2_077,PREEXISTING_414_SOURCE_REVIEW,PROJECT,4,3,AGE_YOUNGER_FIXED,1.0
V4PRE_PAIR_027,NEWDEV2_089,PREEXISTING_414_SOURCE_REVIEW,STATUS,4,3,AGE_YOUNGER_FIXED,1.0
V4PRE_PAIR_036,MLV2_DEV_020,PREEXISTING_414_SOURCE_REVIEW,PROJECT,4,3,AGE_YOUNGER_FIXED,1.0
V4PRE_PAIR_039,MLV2_DEV_027,PREEXISTING_414_SOURCE_REVIEW,PROJECT,4,3,AGE_YOUNGER_FIXED,1.0
V4PRE_PAIR_047,MLV2_DEV_054,PREEXISTING_414_SOURCE_REVIEW,RECOGNITION,4,3,AGE_YOUNGER_FIXED,1.0
V4EXP_PAIR_002,NEWDEV2_036,V4_TARGET_EXPANSION_2026-08-16,COMPETITIVE,4,3,AGE_YOUNGER_FIXED,0.0
V4EXP_PAIR_003,NEWDEV2_036,V4_TARGET_EXPANSION_2026-08-16,COMPETITIVE,4,3,AGE_YOUNGER_FIXED,0.0
V4EXP_PAIR_018,NEWDEV2_065,V4_TARGET_EXPANSION_2026-08-16,COMPETITIVE,4,3,AGE_YOUNGER_FIXED,0.0
V4EXP_PAIR_019,NEWDEV2_065,V4_TARGET_EXPANSION_2026-08-16,COMPETITIVE,4,3,AGE_YOUNGER_FIXED,0.0
V4EXP_PAIR_028,MLV2_DEV_027,V4_TARGET_EXPANSION_2026-08-16,PROJECT,4,3,AGE_YOUNGER_FIXED,0.0
V4EXP_PAIR_032,MLV2_DEV_040,V4_TARGET_EXPANSION_2026-08-16,PROJECT,4,3,AGE_YOUNGER_FIXED,0.0
V4EXP_PAIR_036,NEWDEV2_100,V4_TARGET_EXPANSION_2026-08-16,PROJECT,4,3,AGE_YOUNGER_FIXED,0.0
V4EXP_PAIR_040,MLV2_DEV_054,V4_TARGET_EXPANSION_2026-08-16,PROJECT,4,3,AGE_YOUNGER_FIXED,0.0
V4EXP_PAIR_042,MLV2_DEV_011,V4_TARGET_EXPANSION_2026-08-16,PROJECT,4,3,AGE_YOUNGER_FIXED,0.0
V4EXP_PAIR_049,NEWDEV2_089,V4_TARGET_EXPANSION_2026-08-16,STATUS,4,3,AGE_YOUNGER_FIXED,0.0
V4PRE_PAIR_001,NEWDEV2_006,PREEXISTING_414_SOURCE_REVIEW,COMPETITIVE,4,3,AGE_LATER_FIXED,1.0
V4PRE_PAIR_002,NEWDEV2_010,PREEXISTING_414_SOURCE_REVIEW,COMPETITIVE,4,3,AGE_LATER_FIXED,1.0
V4PRE_PAIR_004,NEWDEV2_016,PREEXISTING_414_SOURCE_REVIEW,COMPETITIVE,4,3,AGE_LATER_FIXED,1.0
V4PRE_PAIR_016,NEWDEV2_065,PREEXISTING_414_SOURCE_REVIEW,COMPETITIVE,4,3,AGE_LATER_FIXED,0.0
V4PRE_PAIR_022,NEWDEV2_075,PREEXISTING_414_SOURCE_REVIEW,COMPETITIVE,4,3,AGE_LATER_FIXED,0.0
V4PRE_PAIR_023,NEWDEV2_077,PREEXISTING_414_SOURCE_REVIEW,PROJECT,4,3,AGE_LATER_FIXED,0.0
V4PRE_PAIR_027,NEWDEV2_089,PREEXISTING_414_SOURCE_REVIEW,STATUS,4,3,AGE_LATER_FIXED,0.0
V4PRE_PAIR_036,MLV2_DEV_020,PREEXISTING_414_SOURCE_REVIEW,PROJECT,4,3,AGE_LATER_FIXED,0.0
V4PRE_PAIR_039,MLV2_DEV_027,PREEXISTING_414_SOURCE_REVIEW,PROJECT,4,3,AGE_LATER_FIXED,0.0
V4PRE_PAIR_047,MLV2_DEV_054,PREEXISTING_414_SOURCE_REVIEW,RECOGNITION,4,3,AGE_LATER_FIXED,0.0
V4EXP_PAIR_002,NEWDEV2_036,V4_TARGET_EXPANSION_2026-08-16,COMPETITIVE,4,3,AGE_LATER_FIXED,1.0
V4EXP_PAIR_003,NEWDEV2_036,V4_TARGET_EXPANSION_2026-08-16,COMPETITIVE,4,3,AGE_LATER_FIXED,1.0
V4EXP_PAIR_018,NEWDEV2_065,V4_TARGET_EXPANSION_2026-08-16,COMPETITIVE,4,3,AGE_LATER_FIXED,1.0
V4EXP_PAIR_019,NEWDEV2_065,V4_TARGET_EXPANSION_2026-08-16,COMPETITIVE,4,3,AGE_LATER_FIXED,1.0
V4EXP_PAIR_028,MLV2_DEV_027,V4_TARGET_EXPANSION_2026-08-16,PROJECT,4,3,AGE_LATER_FIXED,1.0
V4EXP_PAIR_032,MLV2_DEV_040,V4_TARGET_EXPANSION_2026-08-16,PROJECT,4,3,AGE_LATER_FIXED,1.0
V4EXP_PAIR_036,NEWDEV2_100,V4_TARGET_EXPANSION_2026-08-16,PROJECT,4,3,AGE_LATER_FIXED,1.0
V4EXP_PAIR_040,MLV2_DEV_054,V4_TARGET_EXPANSION_2026-08-16,PROJECT,4,3,AGE_LATER_FIXED,1.0
V4EXP_PAIR_042,MLV2_DEV_011,V4_TARGET_EXPANSION_2026-08-16,PROJECT,4,3,AGE_LATER_FIXED,1.0
V4EXP_PAIR_049,NEWDEV2_089,V4_TARGET_EXPANSION_2026-08-16,STATUS,4,3,AGE_LATER_FIXED,1.0
V4PRE_PAIR_001,NEWDEV2_006,PREEXISTING_414_SOURCE_REVIEW,COMPETITIVE,4,3,CONTROL_FIXED,0.5
V4PRE_PAIR_002,NEWDEV2_010,PREEXISTING_414_SOURCE_REVIEW,COMPETITIVE,4,3,CONTROL_FIXED,0.5
V4PRE_PAIR_004,NEWDEV2_016,PREEXISTING_414_SOURCE_REVIEW,COMPETITIVE,4,3,CONTROL_FIXED,0.0
V4PRE_PAIR_016,NEWDEV2_065,PREEXISTING_414_SOURCE_REVIEW,COMPETITIVE,4,3,CONTROL_FIXED,0.0
V4PRE_PAIR_022,NEWDEV2_075,PREEXISTING_414_SOURCE_REVIEW,COMPETITIVE,4,3,CONTROL_FIXED,1.0
V4PRE_PAIR_023,NEWDEV2_077,PREEXISTING_414_SOURCE_REVIEW,PROJECT,4,3,CONTROL_FIXED,1.0
V4PRE_PAIR_027,NEWDEV2_089,PREEXISTING_414_SOURCE_REVIEW,STATUS,4,3,CONTROL_FIXED,1.0
V4PRE_PAIR_036,MLV2_DEV_020,PREEXISTING_414_SOURCE_REVIEW,PROJECT,4,3,CONTROL_FIXED,0.0
V4PRE_PAIR_039,MLV2_DEV_027,PREEXISTING_414_SOURCE_REVIEW,PROJECT,4,3,CONTROL_FIXED,1.0
V4PRE_PAIR_047,MLV2_DEV_054,PREEXISTING_414_SOURCE_REVIEW,RECOGNITION,4,3,CONTROL_FIXED,1.0
V4EXP_PAIR_002,NEWDEV2_036,V4_TARGET_EXPANSION_2026-08-16,COMPETITIVE,4,3,CONTROL_FIXED,1.0
V4EXP_PAIR_003,NEWDEV2_036,V4_TARGET_EXPANSION_2026-08-16,COMPETITIVE,4,3,CONTROL_FIXED,0.0
V4EXP_PAIR_018,NEWDEV2_065,V4_TARGET_EXPANSION_2026-08-16,COMPETITIVE,4,3,CONTROL_FIXED,1.0
V4EXP_PAIR_019,NEWDEV2_065,V4_TARGET_EXPANSION_2026-08-16,COMPETITIVE,4,3,CONTROL_FIXED,0.0
V4EXP_PAIR_028,MLV2_DEV_027,V4_TARGET_EXPANSION_2026-08-16,PROJECT,4,3,CONTROL_FIXED,1.0
V4EXP_PAIR_032,MLV2_DEV_040,V4_TARGET_EXPANSION_2026-08-16,PROJECT,4,3,CONTROL_FIXED,0.0
V4EXP_PAIR_036,NEWDEV2_100,V4_TARGET_EXPANSION_2026-08-16,PROJECT,4,3,CONTROL_FIXED,0.0
V4EXP_PAIR_040,MLV2_DEV_054,V4_TARGET_EXPANSION_2026-08-16,PROJECT,4,3,CONTROL_FIXED,0.0
V4EXP_PAIR_042,MLV2_DEV_011,V4_TARGET_EXPANSION_2026-08-16,PROJECT,4,3,CONTROL_FIXED,1.0
V4EXP_PAIR_049,NEWDEV2_089,V4_TARGET_EXPANSION_2026-08-16,STATUS,4,3,CONTROL_FIXED,1.0
V4PRE_PAIR_001,NEWDEV2_006,PREEXISTING_414_SOURCE_REVIEW,COMPETITIVE,4,3,TG5_GROUP_L2,1.0
V4PRE_PAIR_002,NEWDEV2_010,PREEXISTING_414_SOURCE_REVIEW,COMPETITIVE,4,3,TG5_GROUP_L2,0.0
V4PRE_PAIR_004,NEWDEV2_016,PREEXISTING_414_SOURCE_REVIEW,COMPETITIVE,4,3,TG5_GROUP_L2,1.0
V4PRE_PAIR_016,NEWDEV2_065,PREEXISTING_414_SOURCE_REVIEW,COMPETITIVE,4,3,TG5_GROUP_L2,1.0
V4PRE_PAIR_022,NEWDEV2_075,PREEXISTING_414_SOURCE_REVIEW,COMPETITIVE,4,3,TG5_GROUP_L2,1.0
V4PRE_PAIR_023,NEWDEV2_077,PREEXISTING_414_SOURCE_REVIEW,PROJECT,4,3,TG5_GROUP_L2,0.0
V4PRE_PAIR_027,NEWDEV2_089,PREEXISTING_414_SOURCE_REVIEW,STATUS,4,3,TG5_GROUP_L2,1.0
V4PRE_PAIR_036,MLV2_DEV_020,PREEXISTING_414_SOURCE_REVIEW,PROJECT,4,3,TG5_GROUP_L2,0.0
V4PRE_PAIR_039,MLV2_DEV_027,PREEXISTING_414_SOURCE_REVIEW,PROJECT,4,3,TG5_GROUP_L2,0.0
V4PRE_PAIR_047,MLV2_DEV_054,PREEXISTING_414_SOURCE_REVIEW,RECOGNITION,4,3,TG5_GROUP_L2,0.0
V4EXP_PAIR_002,NEWDEV2_036,V4_TARGET_EXPANSION_2026-08-16,COMPETITIVE,4,3,TG5_GROUP_L2,0.0
V4EXP_PAIR_003,NEWDEV2_036,V4_TARGET_EXPANSION_2026-08-16,COMPETITIVE,4,3,TG5_GROUP_L2,0.5
V4EXP_PAIR_018,NEWDEV2_065,V4_TARGET_EXPANSION_2026-08-16,COMPETITIVE,4,3,TG5_GROUP_L2,0.0
V4EXP_PAIR_019,NEWDEV2_065,V4_TARGET_EXPANSION_2026-08-16,COMPETITIVE,4,3,TG5_GROUP_L2,0.0
V4EXP_PAIR_028,MLV2_DEV_027,V4_TARGET_EXPANSION_2026-08-16,PROJECT,4,3,TG5_GROUP_L2,1.0
V4EXP_PAIR_032,MLV2_DEV_040,V4_TARGET_EXPANSION_2026-08-16,PROJECT,4,3,TG5_GROUP_L2,0.0
V4EXP_PAIR_036,NEWDEV2_100,V4_TARGET_EXPANSION_2026-08-16,PROJECT,4,3,TG5_GROUP_L2,1.0
V4EXP_PAIR_040,MLV2_DEV_054,V4_TARGET_EXPANSION_2026-08-16,PROJECT,4,3,TG5_GROUP_L2,0.0
V4EXP_PAIR_042,MLV2_DEV_011,V4_TARGET_EXPANSION_2026-08-16,PROJECT,4,3,TG5_GROUP_L2,1.0
V4EXP_PAIR_049,NEWDEV2_089,V4_TARGET_EXPANSION_2026-08-16,STATUS,4,3,TG5_GROUP_L2,0.5
V4PRE_PAIR_001,NEWDEV2_006,PREEXISTING_414_SOURCE_REVIEW,COMPETITIVE,4,3,TG10_STEM_L2,0.0
V4PRE_PAIR_002,NEWDEV2_010,PREEXISTING_414_SOURCE_REVIEW,COMPETITIVE,4,3,TG10_STEM_L2,0.0
V4PRE_PAIR_004,NEWDEV2_016,PREEXISTING_414_SOURCE_REVIEW,COMPETITIVE,4,3,TG10_STEM_L2,1.0
V4PRE_PAIR_016,NEWDEV2_065,PREEXISTING_414_SOURCE_REVIEW,COMPETITIVE,4,3,TG10_STEM_L2,0.0
V4PRE_PAIR_022,NEWDEV2_075,PREEXISTING_414_SOURCE_REVIEW,COMPETITIVE,4,3,TG10_STEM_L2,1.0
V4PRE_PAIR_023,NEWDEV2_077,PREEXISTING_414_SOURCE_REVIEW,PROJECT,4,3,TG10_STEM_L2,0.0
V4PRE_PAIR_027,NEWDEV2_089,PREEXISTING_414_SOURCE_REVIEW,STATUS,4,3,TG10_STEM_L2,1.0
V4PRE_PAIR_036,MLV2_DEV_020,PREEXISTING_414_SOURCE_REVIEW,PROJECT,4,3,TG10_STEM_L2,1.0
V4PRE_PAIR_039,MLV2_DEV_027,PREEXISTING_414_SOURCE_REVIEW,PROJECT,4,3,TG10_STEM_L2,1.0
V4PRE_PAIR_047,MLV2_DEV_054,PREEXISTING_414_SOURCE_REVIEW,RECOGNITION,4,3,TG10_STEM_L2,1.0
V4EXP_PAIR_002,NEWDEV2_036,V4_TARGET_EXPANSION_2026-08-16,COMPETITIVE,4,3,TG10_STEM_L2,0.0
V4EXP_PAIR_003,NEWDEV2_036,V4_TARGET_EXPANSION_2026-08-16,COMPETITIVE,4,3,TG10_STEM_L2,1.0
V4EXP_PAIR_018,NEWDEV2_065,V4_TARGET_EXPANSION_2026-08-16,COMPETITIVE,4,3,TG10_STEM_L2,1.0
V4EXP_PAIR_019,NEWDEV2_065,V4_TARGET_EXPANSION_2026-08-16,COMPETITIVE,4,3,TG10_STEM_L2,0.0
V4EXP_PAIR_028,MLV2_DEV_027,V4_TARGET_EXPANSION_2026-08-16,PROJECT,4,3,TG10_STEM_L2,1.0
V4EXP_PAIR_032,MLV2_DEV_040,V4_TARGET_EXPANSION_2026-08-16,PROJECT,4,3,TG10_STEM_L2,0.0
V4EXP_PAIR_036,NEWDEV2_100,V4_TARGET_EXPANSION_2026-08-16,PROJECT,4,3,TG10_STEM_L2,1.0
V4EXP_PAIR_040,MLV2_DEV_054,V4_TARGET_EXPANSION_2026-08-16,PROJECT,4,3,TG10_STEM_L2,0.0
V4EXP_PAIR_042,MLV2_DEV_011,V4_TARGET_EXPANSION_2026-08-16,PROJECT,4,3,TG10_STEM_L2,1.0
V4EXP_PAIR_049,NEWDEV2_089,V4_TARGET_EXPANSION_2026-08-16,STATUS,4,3,TG10_STEM_L2,0.0
V4PRE_PAIR_001,NEWDEV2_006,PREEXISTING_414_SOURCE_REVIEW,COMPETITIVE,4,3,TG10_STEM_BRANCH_L2,0.0
V4PRE_PAIR_002,NEWDEV2_010,PREEXISTING_414_SOURCE_REVIEW,COMPETITIVE,4,3,TG10_STEM_BRANCH_L2,0.0
V4PRE_PAIR_004,NEWDEV2_016,PREEXISTING_414_SOURCE_REVIEW,COMPETITIVE,4,3,TG10_STEM_BRANCH_L2,1.0
V4PRE_PAIR_016,NEWDEV2_065,PREEXISTING_414_SOURCE_REVIEW,COMPETITIVE,4,3,TG10_STEM_BRANCH_L2,0.0
V4PRE_PAIR_022,NEWDEV2_075,PREEXISTING_414_SOURCE_REVIEW,COMPETITIVE,4,3,TG10_STEM_BRANCH_L2,1.0
V4PRE_PAIR_023,NEWDEV2_077,PREEXISTING_414_SOURCE_REVIEW,PROJECT,4,3,TG10_STEM_BRANCH_L2,0.0
V4PRE_PAIR_027,NEWDEV2_089,PREEXISTING_414_SOURCE_REVIEW,STATUS,4,3,TG10_STEM_BRANCH_L2,0.0
V4PRE_PAIR_036,MLV2_DEV_020,PREEXISTING_414_SOURCE_REVIEW,PROJECT,4,3,TG10_STEM_BRANCH_L2,1.0
V4PRE_PAIR_039,MLV2_DEV_027,PREEXISTING_414_SOURCE_REVIEW,PROJECT,4,3,TG10_STEM_BRANCH_L2,1.0
V4PRE_PAIR_047,MLV2_DEV_054,PREEXISTING_414_SOURCE_REVIEW,RECOGNITION,4,3,TG10_STEM_BRANCH_L2,1.0
V4EXP_PAIR_002,NEWDEV2_036,V4_TARGET_EXPANSION_2026-08-16,COMPETITIVE,4,3,TG10_STEM_BRANCH_L2,0.0
V4EXP_PAIR_003,NEWDEV2_036,V4_TARGET_EXPANSION_2026-08-16,COMPETITIVE,4,3,TG10_STEM_BRANCH_L2,1.0
V4EXP_PAIR_018,NEWDEV2_065,V4_TARGET_EXPANSION_2026-08-16,COMPETITIVE,4,3,TG10_STEM_BRANCH_L2,0.0
V4EXP_PAIR_019,NEWDEV2_065,V4_TARGET_EXPANSION_2026-08-16,COMPETITIVE,4,3,TG10_STEM_BRANCH_L2,0.0
V4EXP_PAIR_028,MLV2_DEV_027,V4_TARGET_EXPANSION_2026-08-16,PROJECT,4,3,TG10_STEM_BRANCH_L2,1.0
V4EXP_PAIR_032,MLV2_DEV_040,V4_TARGET_EXPANSION_2026-08-16,PROJECT,4,3,TG10_STEM_BRANCH_L2,0.0
V4EXP_PAIR_036,NEWDEV2_100,V4_TARGET_EXPANSION_2026-08-16,PROJECT,4,3,TG10_STEM_BRANCH_L2,1.0
V4EXP_PAIR_040,MLV2_DEV_054,V4_TARGET_EXPANSION_2026-08-16,PROJECT,4,3,TG10_STEM_BRANCH_L2,0.0
V4EXP_PAIR_042,MLV2_DEV_011,V4_TARGET_EXPANSION_2026-08-16,PROJECT,4,3,TG10_STEM_BRANCH_L2,1.0
V4EXP_PAIR_049,NEWDEV2_089,V4_TARGET_EXPANSION_2026-08-16,STATUS,4,3,TG10_STEM_BRANCH_L2,0.0
V4PRE_PAIR_001,NEWDEV2_006,PREEXISTING_414_SOURCE_REVIEW,COMPETITIVE,4,3,TG10_SB_STRENGTH_L2,0.0
V4PRE_PAIR_002,NEWDEV2_010,PREEXISTING_414_SOURCE_REVIEW,COMPETITIVE,4,3,TG10_SB_STRENGTH_L2,0.0
V4PRE_PAIR_004,NEWDEV2_016,PREEXISTING_414_SOURCE_REVIEW,COMPETITIVE,4,3,TG10_SB_STRENGTH_L2,1.0
V4PRE_PAIR_016,NEWDEV2_065,PREEXISTING_414_SOURCE_REVIEW,COMPETITIVE,4,3,TG10_SB_STRENGTH_L2,0.0
V4PRE_PAIR_022,NEWDEV2_075,PREEXISTING_414_SOURCE_REVIEW,COMPETITIVE,4,3,TG10_SB_STRENGTH_L2,1.0
V4PRE_PAIR_023,NEWDEV2_077,PREEXISTING_414_SOURCE_REVIEW,PROJECT,4,3,TG10_SB_STRENGTH_L2,0.0
V4PRE_PAIR_027,NEWDEV2_089,PREEXISTING_414_SOURCE_REVIEW,STATUS,4,3,TG10_SB_STRENGTH_L2,0.0
V4PRE_PAIR_036,MLV2_DEV_020,PREEXISTING_414_SOURCE_REVIEW,PROJECT,4,3,TG10_SB_STRENGTH_L2,1.0
V4PRE_PAIR_039,MLV2_DEV_027,PREEXISTING_414_SOURCE_REVIEW,PROJECT,4,3,TG10_SB_STRENGTH_L2,1.0
V4PRE_PAIR_047,MLV2_DEV_054,PREEXISTING_414_SOURCE_REVIEW,RECOGNITION,4,3,TG10_SB_STRENGTH_L2,1.0
V4EXP_PAIR_002,NEWDEV2_036,V4_TARGET_EXPANSION_2026-08-16,COMPETITIVE,4,3,TG10_SB_STRENGTH_L2,0.0
V4EXP_PAIR_003,NEWDEV2_036,V4_TARGET_EXPANSION_2026-08-16,COMPETITIVE,4,3,TG10_SB_STRENGTH_L2,1.0
V4EXP_PAIR_018,NEWDEV2_065,V4_TARGET_EXPANSION_2026-08-16,COMPETITIVE,4,3,TG10_SB_STRENGTH_L2,1.0
V4EXP_PAIR_019,NEWDEV2_065,V4_TARGET_EXPANSION_2026-08-16,COMPETITIVE,4,3,TG10_SB_STRENGTH_L2,0.0
V4EXP_PAIR_028,MLV2_DEV_027,V4_TARGET_EXPANSION_2026-08-16,PROJECT,4,3,TG10_SB_STRENGTH_L2,1.0
V4EXP_PAIR_032,MLV2_DEV_040,V4_TARGET_EXPANSION_2026-08-16,PROJECT,4,3,TG10_SB_STRENGTH_L2,0.0
V4EXP_PAIR_036,NEWDEV2_100,V4_TARGET_EXPANSION_2026-08-16,PROJECT,4,3,TG10_SB_STRENGTH_L2,1.0
V4EXP_PAIR_040,MLV2_DEV_054,V4_TARGET_EXPANSION_2026-08-16,PROJECT,4,3,TG10_SB_STRENGTH_L2,0.0
V4EXP_PAIR_042,MLV2_DEV_011,V4_TARGET_EXPANSION_2026-08-16,PROJECT,4,3,TG10_SB_STRENGTH_L2,1.0
V4EXP_PAIR_049,NEWDEV2_089,V4_TARGET_EXPANSION_2026-08-16,STATUS,4,3,TG10_SB_STRENGTH_L2,0.0
V4PRE_PAIR_001,NEWDEV2_006,PREEXISTING_414_SOURCE_REVIEW,COMPETITIVE,4,3,TG10_SB_RELATIONS_L2,0.0
V4PRE_PAIR_002,NEWDEV2_010,PREEXISTING_414_SOURCE_REVIEW,COMPETITIVE,4,3,TG10_SB_RELATIONS_L2,0.0
V4PRE_PAIR_004,NEWDEV2_016,PREEXISTING_414_SOURCE_REVIEW,COMPETITIVE,4,3,TG10_SB_RELATIONS_L2,1.0
V4PRE_PAIR_016,NEWDEV2_065,PREEXISTING_414_SOURCE_REVIEW,COMPETITIVE,4,3,TG10_SB_RELATIONS_L2,0.0
V4PRE_PAIR_022,NEWDEV2_075,PREEXISTING_414_SOURCE_REVIEW,COMPETITIVE,4,3,TG10_SB_RELATIONS_L2,1.0
V4PRE_PAIR_023,NEWDEV2_077,PREEXISTING_414_SOURCE_REVIEW,PROJECT,4,3,TG10_SB_RELATIONS_L2,0.0
V4PRE_PAIR_027,NEWDEV2_089,PREEXISTING_414_SOURCE_REVIEW,STATUS,4,3,TG10_SB_RELATIONS_L2,0.0
V4PRE_PAIR_036,MLV2_DEV_020,PREEXISTING_414_SOURCE_REVIEW,PROJECT,4,3,TG10_SB_RELATIONS_L2,1.0
V4PRE_PAIR_039,MLV2_DEV_027,PREEXISTING_414_SOURCE_REVIEW,PROJECT,4,3,TG10_SB_RELATIONS_L2,1.0
V4PRE_PAIR_047,MLV2_DEV_054,PREEXISTING_414_SOURCE_REVIEW,RECOGNITION,4,3,TG10_SB_RELATIONS_L2,1.0
V4EXP_PAIR_002,NEWDEV2_036,V4_TARGET_EXPANSION_2026-08-16,COMPETITIVE,4,3,TG10_SB_RELATIONS_L2,0.0
V4EXP_PAIR_003,NEWDEV2_036,V4_TARGET_EXPANSION_2026-08-16,COMPETITIVE,4,3,TG10_SB_RELATIONS_L2,1.0
V4EXP_PAIR_018,NEWDEV2_065,V4_TARGET_EXPANSION_2026-08-16,COMPETITIVE,4,3,TG10_SB_RELATIONS_L2,0.0
V4EXP_PAIR_019,NEWDEV2_065,V4_TARGET_EXPANSION_2026-08-16,COMPETITIVE,4,3,TG10_SB_RELATIONS_L2,0.0
V4EXP_PAIR_028,MLV2_DEV_027,V4_TARGET_EXPANSION_2026-08-16,PROJECT,4,3,TG10_SB_RELATIONS_L2,1.0
V4EXP_PAIR_032,MLV2_DEV_040,V4_TARGET_EXPANSION_2026-08-16,PROJECT,4,3,TG10_SB_RELATIONS_L2,0.0
V4EXP_PAIR_036,NEWDEV2_100,V4_TARGET_EXPANSION_2026-08-16,PROJECT,4,3,TG10_SB_RELATIONS_L2,1.0
V4EXP_PAIR_040,MLV2_DEV_054,V4_TARGET_EXPANSION_2026-08-16,PROJECT,4,3,TG10_SB_RELATIONS_L2,0.0
V4EXP_PAIR_042,MLV2_DEV_011,V4_TARGET_EXPANSION_2026-08-16,PROJECT,4,3,TG10_SB_RELATIONS_L2,1.0
V4EXP_PAIR_049,NEWDEV2_089,V4_TARGET_EXPANSION_2026-08-16,STATUS,4,3,TG10_SB_RELATIONS_L2,0.0
V4PRE_PAIR_001,NEWDEV2_006,PREEXISTING_414_SOURCE_REVIEW,COMPETITIVE,4,3,ALL_L2,0.0
V4PRE_PAIR_002,NEWDEV2_010,PREEXISTING_414_SOURCE_REVIEW,COMPETITIVE,4,3,ALL_L2,0.0
V4PRE_PAIR_004,NEWDEV2_016,PREEXISTING_414_SOURCE_REVIEW,COMPETITIVE,4,3,ALL_L2,1.0
V4PRE_PAIR_016,NEWDEV2_065,PREEXISTING_414_SOURCE_REVIEW,COMPETITIVE,4,3,ALL_L2,0.0
V4PRE_PAIR_022,NEWDEV2_075,PREEXISTING_414_SOURCE_REVIEW,COMPETITIVE,4,3,ALL_L2,1.0
V4PRE_PAIR_023,NEWDEV2_077,PREEXISTING_414_SOURCE_REVIEW,PROJECT,4,3,ALL_L2,1.0
V4PRE_PAIR_027,NEWDEV2_089,PREEXISTING_414_SOURCE_REVIEW,STATUS,4,3,ALL_L2,1.0
V4PRE_PAIR_036,MLV2_DEV_020,PREEXISTING_414_SOURCE_REVIEW,PROJECT,4,3,ALL_L2,0.0
V4PRE_PAIR_039,MLV2_DEV_027,PREEXISTING_414_SOURCE_REVIEW,PROJECT,4,3,ALL_L2,1.0
V4PRE_PAIR_047,MLV2_DEV_054,PREEXISTING_414_SOURCE_REVIEW,RECOGNITION,4,3,ALL_L2,0.0
V4EXP_PAIR_002,NEWDEV2_036,V4_TARGET_EXPANSION_2026-08-16,COMPETITIVE,4,3,ALL_L2,0.0
V4EXP_PAIR_003,NEWDEV2_036,V4_TARGET_EXPANSION_2026-08-16,COMPETITIVE,4,3,ALL_L2,1.0
V4EXP_PAIR_018,NEWDEV2_065,V4_TARGET_EXPANSION_2026-08-16,COMPETITIVE,4,3,ALL_L2,0.0
V4EXP_PAIR_019,NEWDEV2_065,V4_TARGET_EXPANSION_2026-08-16,COMPETITIVE,4,3,ALL_L2,1.0
V4EXP_PAIR_028,MLV2_DEV_027,V4_TARGET_EXPANSION_2026-08-16,PROJECT,4,3,ALL_L2,1.0
V4EXP_PAIR_032,MLV2_DEV_040,V4_TARGET_EXPANSION_2026-08-16,PROJECT,4,3,ALL_L2,0.0
V4EXP_PAIR_036,NEWDEV2_100,V4_TARGET_EXPANSION_2026-08-16,PROJECT,4,3,ALL_L2,0.0
V4EXP_PAIR_040,MLV2_DEV_054,V4_TARGET_EXPANSION_2026-08-16,PROJECT,4,3,ALL_L2,1.0
V4EXP_PAIR_042,MLV2_DEV_011,V4_TARGET_EXPANSION_2026-08-16,PROJECT,4,3,ALL_L2,1.0
V4EXP_PAIR_049,NEWDEV2_089,V4_TARGET_EXPANSION_2026-08-16,STATUS,4,3,ALL_L2,0.0
V4PRE_PAIR_001,NEWDEV2_006,PREEXISTING_414_SOURCE_REVIEW,COMPETITIVE,4,3,NUISANCE_AGE_AXIS,0.0
V4PRE_PAIR_002,NEWDEV2_010,PREEXISTING_414_SOURCE_REVIEW,COMPETITIVE,4,3,NUISANCE_AGE_AXIS,0.0
V4PRE_PAIR_004,NEWDEV2_016,PREEXISTING_414_SOURCE_REVIEW,COMPETITIVE,4,3,NUISANCE_AGE_AXIS,0.0
V4PRE_PAIR_016,NEWDEV2_065,PREEXISTING_414_SOURCE_REVIEW,COMPETITIVE,4,3,NUISANCE_AGE_AXIS,1.0
V4PRE_PAIR_022,NEWDEV2_075,PREEXISTING_414_SOURCE_REVIEW,COMPETITIVE,4,3,NUISANCE_AGE_AXIS,1.0
V4PRE_PAIR_023,NEWDEV2_077,PREEXISTING_414_SOURCE_REVIEW,PROJECT,4,3,NUISANCE_AGE_AXIS,1.0
V4PRE_PAIR_027,NEWDEV2_089,PREEXISTING_414_SOURCE_REVIEW,STATUS,4,3,NUISANCE_AGE_AXIS,1.0
V4PRE_PAIR_036,MLV2_DEV_020,PREEXISTING_414_SOURCE_REVIEW,PROJECT,4,3,NUISANCE_AGE_AXIS,1.0
V4PRE_PAIR_039,MLV2_DEV_027,PREEXISTING_414_SOURCE_REVIEW,PROJECT,4,3,NUISANCE_AGE_AXIS,1.0
V4PRE_PAIR_047,MLV2_DEV_054,PREEXISTING_414_SOURCE_REVIEW,RECOGNITION,4,3,NUISANCE_AGE_AXIS,0.0
V4EXP_PAIR_002,NEWDEV2_036,V4_TARGET_EXPANSION_2026-08-16,COMPETITIVE,4,3,NUISANCE_AGE_AXIS,0.0
V4EXP_PAIR_003,NEWDEV2_036,V4_TARGET_EXPANSION_2026-08-16,COMPETITIVE,4,3,NUISANCE_AGE_AXIS,0.0
V4EXP_PAIR_018,NEWDEV2_065,V4_TARGET_EXPANSION_2026-08-16,COMPETITIVE,4,3,NUISANCE_AGE_AXIS,0.0
V4EXP_PAIR_019,NEWDEV2_065,V4_TARGET_EXPANSION_2026-08-16,COMPETITIVE,4,3,NUISANCE_AGE_AXIS,0.0
V4EXP_PAIR_028,MLV2_DEV_027,V4_TARGET_EXPANSION_2026-08-16,PROJECT,4,3,NUISANCE_AGE_AXIS,0.0
V4EXP_PAIR_032,MLV2_DEV_040,V4_TARGET_EXPANSION_2026-08-16,PROJECT,4,3,NUISANCE_AGE_AXIS,0.0
V4EXP_PAIR_036,NEWDEV2_100,V4_TARGET_EXPANSION_2026-08-16,PROJECT,4,3,NUISANCE_AGE_AXIS,0.0
V4EXP_PAIR_040,MLV2_DEV_054,V4_TARGET_EXPANSION_2026-08-16,PROJECT,4,3,NUISANCE_AGE_AXIS,0.0
V4EXP_PAIR_042,MLV2_DEV_011,V4_TARGET_EXPANSION_2026-08-16,PROJECT,4,3,NUISANCE_AGE_AXIS,0.0
V4EXP_PAIR_049,NEWDEV2_089,V4_TARGET_EXPANSION_2026-08-16,STATUS,4,3,NUISANCE_AGE_AXIS,0.0
V4PRE_PAIR_001,NEWDEV2_006,PREEXISTING_414_SOURCE_REVIEW,COMPETITIVE,4,3,NUISANCE_WITH_ORIGIN_DIAGNOSTIC,0.0
V4PRE_PAIR_002,NEWDEV2_010,PREEXISTING_414_SOURCE_REVIEW,COMPETITIVE,4,3,NUISANCE_WITH_ORIGIN_DIAGNOSTIC,0.0
V4PRE_PAIR_004,NEWDEV2_016,PREEXISTING_414_SOURCE_REVIEW,COMPETITIVE,4,3,NUISANCE_WITH_ORIGIN_DIAGNOSTIC,0.0
V4PRE_PAIR_016,NEWDEV2_065,PREEXISTING_414_SOURCE_REVIEW,COMPETITIVE,4,3,NUISANCE_WITH_ORIGIN_DIAGNOSTIC,1.0
V4PRE_PAIR_022,NEWDEV2_075,PREEXISTING_414_SOURCE_REVIEW,COMPETITIVE,4,3,NUISANCE_WITH_ORIGIN_DIAGNOSTIC,1.0
V4PRE_PAIR_023,NEWDEV2_077,PREEXISTING_414_SOURCE_REVIEW,PROJECT,4,3,NUISANCE_WITH_ORIGIN_DIAGNOSTIC,1.0
V4PRE_PAIR_027,NEWDEV2_089,PREEXISTING_414_SOURCE_REVIEW,STATUS,4,3,NUISANCE_WITH_ORIGIN_DIAGNOSTIC,1.0
V4PRE_PAIR_036,MLV2_DEV_020,PREEXISTING_414_SOURCE_REVIEW,PROJECT,4,3,NUISANCE_WITH_ORIGIN_DIAGNOSTIC,1.0
V4PRE_PAIR_039,MLV2_DEV_027,PREEXISTING_414_SOURCE_REVIEW,PROJECT,4,3,NUISANCE_WITH_ORIGIN_DIAGNOSTIC,1.0
V4PRE_PAIR_047,MLV2_DEV_054,PREEXISTING_414_SOURCE_REVIEW,RECOGNITION,4,3,NUISANCE_WITH_ORIGIN_DIAGNOSTIC,1.0
V4EXP_PAIR_002,NEWDEV2_036,V4_TARGET_EXPANSION_2026-08-16,COMPETITIVE,4,3,NUISANCE_WITH_ORIGIN_DIAGNOSTIC,1.0
V4EXP_PAIR_003,NEWDEV2_036,V4_TARGET_EXPANSION_2026-08-16,COMPETITIVE,4,3,NUISANCE_WITH_ORIGIN_DIAGNOSTIC,1.0
V4EXP_PAIR_018,NEWDEV2_065,V4_TARGET_EXPANSION_2026-08-16,COMPETITIVE,4,3,NUISANCE_WITH_ORIGIN_DIAGNOSTIC,1.0
V4EXP_PAIR_019,NEWDEV2_065,V4_TARGET_EXPANSION_2026-08-16,COMPETITIVE,4,3,NUISANCE_WITH_ORIGIN_DIAGNOSTIC,1.0
V4EXP_PAIR_028,MLV2_DEV_027,V4_TARGET_EXPANSION_2026-08-16,PROJECT,4,3,NUISANCE_WITH_ORIGIN_DIAGNOSTIC,1.0
V4EXP_PAIR_032,MLV2_DEV_040,V4_TARGET_EXPANSION_2026-08-16,PROJECT,4,3,NUISANCE_WITH_ORIGIN_DIAGNOSTIC,1.0
V4EXP_PAIR_036,NEWDEV2_100,V4_TARGET_EXPANSION_2026-08-16,PROJECT,4,3,NUISANCE_WITH_ORIGIN_DIAGNOSTIC,1.0
V4EXP_PAIR_040,MLV2_DEV_054,V4_TARGET_EXPANSION_2026-08-16,PROJECT,4,3,NUISANCE_WITH_ORIGIN_DIAGNOSTIC,1.0
V4EXP_PAIR_042,MLV2_DEV_011,V4_TARGET_EXPANSION_2026-08-16,PROJECT,4,3,NUISANCE_WITH_ORIGIN_DIAGNOSTIC,1.0
V4EXP_PAIR_049,NEWDEV2_089,V4_TARGET_EXPANSION_2026-08-16,STATUS,4,3,NUISANCE_WITH_ORIGIN_DIAGNOSTIC,1.0
V4PRE_PAIR_001,NEWDEV2_006,PREEXISTING_414_SOURCE_REVIEW,COMPETITIVE,4,3,ALL_ELASTICNET_AUTO,0.0
V4PRE_PAIR_002,NEWDEV2_010,PREEXISTING_414_SOURCE_REVIEW,COMPETITIVE,4,3,ALL_ELASTICNET_AUTO,0.0
V4PRE_PAIR_004,NEWDEV2_016,PREEXISTING_414_SOURCE_REVIEW,COMPETITIVE,4,3,ALL_ELASTICNET_AUTO,0.0
V4PRE_PAIR_016,NEWDEV2_065,PREEXISTING_414_SOURCE_REVIEW,COMPETITIVE,4,3,ALL_ELASTICNET_AUTO,0.0
V4PRE_PAIR_022,NEWDEV2_075,PREEXISTING_414_SOURCE_REVIEW,COMPETITIVE,4,3,ALL_ELASTICNET_AUTO,0.0
V4PRE_PAIR_023,NEWDEV2_077,PREEXISTING_414_SOURCE_REVIEW,PROJECT,4,3,ALL_ELASTICNET_AUTO,0.0
V4PRE_PAIR_027,NEWDEV2_089,PREEXISTING_414_SOURCE_REVIEW,STATUS,4,3,ALL_ELASTICNET_AUTO,0.0
V4PRE_PAIR_036,MLV2_DEV_020,PREEXISTING_414_SOURCE_REVIEW,PROJECT,4,3,ALL_ELASTICNET_AUTO,0.0
V4PRE_PAIR_039,MLV2_DEV_027,PREEXISTING_414_SOURCE_REVIEW,PROJECT,4,3,ALL_ELASTICNET_AUTO,0.0
V4PRE_PAIR_047,MLV2_DEV_054,PREEXISTING_414_SOURCE_REVIEW,RECOGNITION,4,3,ALL_ELASTICNET_AUTO,0.0
V4EXP_PAIR_002,NEWDEV2_036,V4_TARGET_EXPANSION_2026-08-16,COMPETITIVE,4,3,ALL_ELASTICNET_AUTO,0.0
V4EXP_PAIR_003,NEWDEV2_036,V4_TARGET_EXPANSION_2026-08-16,COMPETITIVE,4,3,ALL_ELASTICNET_AUTO,0.0
V4EXP_PAIR_018,NEWDEV2_065,V4_TARGET_EXPANSION_2026-08-16,COMPETITIVE,4,3,ALL_ELASTICNET_AUTO,0.0
V4EXP_PAIR_019,NEWDEV2_065,V4_TARGET_EXPANSION_2026-08-16,COMPETITIVE,4,3,ALL_ELASTICNET_AUTO,0.0
V4EXP_PAIR_028,MLV2_DEV_027,V4_TARGET_EXPANSION_2026-08-16,PROJECT,4,3,ALL_ELASTICNET_AUTO,0.0
V4EXP_PAIR_032,MLV2_DEV_040,V4_TARGET_EXPANSION_2026-08-16,PROJECT,4,3,ALL_ELASTICNET_AUTO,0.0
V4EXP_PAIR_036,NEWDEV2_100,V4_TARGET_EXPANSION_2026-08-16,PROJECT,4,3,ALL_ELASTICNET_AUTO,0.0
V4EXP_PAIR_040,MLV2_DEV_054,V4_TARGET_EXPANSION_2026-08-16,PROJECT,4,3,ALL_ELASTICNET_AUTO,0.0
V4EXP_PAIR_042,MLV2_DEV_011,V4_TARGET_EXPANSION_2026-08-16,PROJECT,4,3,ALL_ELASTICNET_AUTO,0.0
V4EXP_PAIR_049,NEWDEV2_089,V4_TARGET_EXPANSION_2026-08-16,STATUS,4,3,ALL_ELASTICNET_AUTO,0.0
V4PRE_PAIR_001,NEWDEV2_006,PREEXISTING_414_SOURCE_REVIEW,COMPETITIVE,4,3,HGB_ALL_EXPLORATORY,1.0
V4PRE_PAIR_002,NEWDEV2_010,PREEXISTING_414_SOURCE_REVIEW,COMPETITIVE,4,3,HGB_ALL_EXPLORATORY,1.0
V4PRE_PAIR_004,NEWDEV2_016,PREEXISTING_414_SOURCE_REVIEW,COMPETITIVE,4,3,HGB_ALL_EXPLORATORY,1.0
V4PRE_PAIR_016,NEWDEV2_065,PREEXISTING_414_SOURCE_REVIEW,COMPETITIVE,4,3,HGB_ALL_EXPLORATORY,0.0
V4PRE_PAIR_022,NEWDEV2_075,PREEXISTING_414_SOURCE_REVIEW,COMPETITIVE,4,3,HGB_ALL_EXPLORATORY,0.0
V4PRE_PAIR_023,NEWDEV2_077,PREEXISTING_414_SOURCE_REVIEW,PROJECT,4,3,HGB_ALL_EXPLORATORY,0.0
V4PRE_PAIR_027,NEWDEV2_089,PREEXISTING_414_SOURCE_REVIEW,STATUS,4,3,HGB_ALL_EXPLORATORY,0.0
V4PRE_PAIR_036,MLV2_DEV_020,PREEXISTING_414_SOURCE_REVIEW,PROJECT,4,3,HGB_ALL_EXPLORATORY,0.0
V4PRE_PAIR_039,MLV2_DEV_027,PREEXISTING_414_SOURCE_REVIEW,PROJECT,4,3,HGB_ALL_EXPLORATORY,0.0
V4PRE_PAIR_047,MLV2_DEV_054,PREEXISTING_414_SOURCE_REVIEW,RECOGNITION,4,3,HGB_ALL_EXPLORATORY,0.0
V4EXP_PAIR_002,NEWDEV2_036,V4_TARGET_EXPANSION_2026-08-16,COMPETITIVE,4,3,HGB_ALL_EXPLORATORY,0.0
V4EXP_PAIR_003,NEWDEV2_036,V4_TARGET_EXPANSION_2026-08-16,COMPETITIVE,4,3,HGB_ALL_EXPLORATORY,1.0
V4EXP_PAIR_018,NEWDEV2_065,V4_TARGET_EXPANSION_2026-08-16,COMPETITIVE,4,3,HGB_ALL_EXPLORATORY,0.0
V4EXP_PAIR_019,NEWDEV2_065,V4_TARGET_EXPANSION_2026-08-16,COMPETITIVE,4,3,HGB_ALL_EXPLORATORY,1.0
V4EXP_PAIR_028,MLV2_DEV_027,V4_TARGET_EXPANSION_2026-08-16,PROJECT,4,3,HGB_ALL_EXPLORATORY,0.0
V4EXP_PAIR_032,MLV2_DEV_040,V4_TARGET_EXPANSION_2026-08-16,PROJECT,4,3,HGB_ALL_EXPLORATORY,0.0
V4EXP_PAIR_036,NEWDEV2_100,V4_TARGET_EXPANSION_2026-08-16,PROJECT,4,3,HGB_ALL_EXPLORATORY,1.0
V4EXP_PAIR_040,MLV2_DEV_054,V4_TARGET_EXPANSION_2026-08-16,PROJECT,4,3,HGB_ALL_EXPLORATORY,1.0
V4EXP_PAIR_042,MLV2_DEV_011,V4_TARGET_EXPANSION_2026-08-16,PROJECT,4,3,HGB_ALL_EXPLORATORY,1.0
V4EXP_PAIR_049,NEWDEV2_089,V4_TARGET_EXPANSION_2026-08-16,STATUS,4,3,HGB_ALL_EXPLORATORY,0.0
V4PRE_PAIR_005,NEWDEV2_019,PREEXISTING_414_SOURCE_REVIEW,PROJECT,4,4,AGE_YOUNGER_FIXED,1.0
V4PRE_PAIR_007,NEWDEV2_028,PREEXISTING_414_SOURCE_REVIEW,COMPETITIVE,4,4,AGE_YOUNGER_FIXED,1.0
V4PRE_PAIR_010,NEWDEV2_035,PREEXISTING_414_SOURCE_REVIEW,COMPETITIVE,4,4,AGE_YOUNGER_FIXED,1.0
V4PRE_PAIR_013,NEWDEV2_043,PREEXISTING_414_SOURCE_REVIEW,COMPETITIVE,4,4,AGE_YOUNGER_FIXED,0.0
V4PRE_PAIR_017,NEWDEV2_066,PREEXISTING_414_SOURCE_REVIEW,STATUS,4,4,AGE_YOUNGER_FIXED,1.0
V4PRE_PAIR_019,NEWDEV2_068,PREEXISTING_414_SOURCE_REVIEW,PROJECT,4,4,AGE_YOUNGER_FIXED,1.0
V4PRE_PAIR_031,MLV2_DEV_003,PREEXISTING_414_SOURCE_REVIEW,PROJECT,4,4,AGE_YOUNGER_FIXED,1.0
V4PRE_PAIR_044,MLV2_DEV_043,PREEXISTING_414_SOURCE_REVIEW,COMPETITIVE,4,4,AGE_YOUNGER_FIXED,1.0
V4PRE_PAIR_045,MLV2_DEV_043,PREEXISTING_414_SOURCE_REVIEW,COMPETITIVE,4,4,AGE_YOUNGER_FIXED,1.0
V4EXP_PAIR_004,NEWDEV2_042,V4_TARGET_EXPANSION_2026-08-16,COMPETITIVE,4,4,AGE_YOUNGER_FIXED,0.0
V4EXP_PAIR_005,NEWDEV2_042,V4_TARGET_EXPANSION_2026-08-16,COMPETITIVE,4,4,AGE_YOUNGER_FIXED,0.0
V4EXP_PAIR_017,NEWDEV2_060,V4_TARGET_EXPANSION_2026-08-16,COMPETITIVE,4,4,AGE_YOUNGER_FIXED,0.0
V4EXP_PAIR_025,MLV2_DEV_043,V4_TARGET_EXPANSION_2026-08-16,COMPETITIVE,4,4,AGE_YOUNGER_FIXED,0.0
V4EXP_PAIR_031,NEWDEV2_054,V4_TARGET_EXPANSION_2026-08-16,PROJECT,4,4,AGE_YOUNGER_FIXED,0.0
V4EXP_PAIR_038,MLV2_DEV_012,V4_TARGET_EXPANSION_2026-08-16,PROJECT,4,4,AGE_YOUNGER_FIXED,0.0
V4EXP_PAIR_041,MLV2_DEV_044,V4_TARGET_EXPANSION_2026-08-16,PROJECT,4,4,AGE_YOUNGER_FIXED,0.0
V4EXP_PAIR_043,MLV2_DEV_001,V4_TARGET_EXPANSION_2026-08-16,PROJECT,4,4,AGE_YOUNGER_FIXED,0.0
V4EXP_PAIR_045,MLV2_DEV_003,V4_TARGET_EXPANSION_2026-08-16,PROJECT,4,4,AGE_YOUNGER_FIXED,0.0
V4EXP_PAIR_048,NEWDEV2_066,V4_TARGET_EXPANSION_2026-08-16,STATUS,4,4,AGE_YOUNGER_FIXED,0.0
V4EXP_PAIR_051,NEWDEV2_066,V4_TARGET_EXPANSION_2026-08-16,STATUS,4,4,AGE_YOUNGER_FIXED,0.0
V4PRE_PAIR_005,NEWDEV2_019,PREEXISTING_414_SOURCE_REVIEW,PROJECT,4,4,AGE_LATER_FIXED,0.0
V4PRE_PAIR_007,NEWDEV2_028,PREEXISTING_414_SOURCE_REVIEW,COMPETITIVE,4,4,AGE_LATER_FIXED,0.0
V4PRE_PAIR_010,NEWDEV2_035,PREEXISTING_414_SOURCE_REVIEW,COMPETITIVE,4,4,AGE_LATER_FIXED,0.0
V4PRE_PAIR_013,NEWDEV2_043,PREEXISTING_414_SOURCE_REVIEW,COMPETITIVE,4,4,AGE_LATER_FIXED,1.0
V4PRE_PAIR_017,NEWDEV2_066,PREEXISTING_414_SOURCE_REVIEW,STATUS,4,4,AGE_LATER_FIXED,0.0
V4PRE_PAIR_019,NEWDEV2_068,PREEXISTING_414_SOURCE_REVIEW,PROJECT,4,4,AGE_LATER_FIXED,0.0
V4PRE_PAIR_031,MLV2_DEV_003,PREEXISTING_414_SOURCE_REVIEW,PROJECT,4,4,AGE_LATER_FIXED,0.0
V4PRE_PAIR_044,MLV2_DEV_043,PREEXISTING_414_SOURCE_REVIEW,COMPETITIVE,4,4,AGE_LATER_FIXED,0.0
V4PRE_PAIR_045,MLV2_DEV_043,PREEXISTING_414_SOURCE_REVIEW,COMPETITIVE,4,4,AGE_LATER_FIXED,0.0
V4EXP_PAIR_004,NEWDEV2_042,V4_TARGET_EXPANSION_2026-08-16,COMPETITIVE,4,4,AGE_LATER_FIXED,1.0
V4EXP_PAIR_005,NEWDEV2_042,V4_TARGET_EXPANSION_2026-08-16,COMPETITIVE,4,4,AGE_LATER_FIXED,1.0
V4EXP_PAIR_017,NEWDEV2_060,V4_TARGET_EXPANSION_2026-08-16,COMPETITIVE,4,4,AGE_LATER_FIXED,1.0
V4EXP_PAIR_025,MLV2_DEV_043,V4_TARGET_EXPANSION_2026-08-16,COMPETITIVE,4,4,AGE_LATER_FIXED,1.0
V4EXP_PAIR_031,NEWDEV2_054,V4_TARGET_EXPANSION_2026-08-16,PROJECT,4,4,AGE_LATER_FIXED,1.0
V4EXP_PAIR_038,MLV2_DEV_012,V4_TARGET_EXPANSION_2026-08-16,PROJECT,4,4,AGE_LATER_FIXED,1.0
V4EXP_PAIR_041,MLV2_DEV_044,V4_TARGET_EXPANSION_2026-08-16,PROJECT,4,4,AGE_LATER_FIXED,1.0
V4EXP_PAIR_043,MLV2_DEV_001,V4_TARGET_EXPANSION_2026-08-16,PROJECT,4,4,AGE_LATER_FIXED,1.0
V4EXP_PAIR_045,MLV2_DEV_003,V4_TARGET_EXPANSION_2026-08-16,PROJECT,4,4,AGE_LATER_FIXED,1.0
V4EXP_PAIR_048,NEWDEV2_066,V4_TARGET_EXPANSION_2026-08-16,STATUS,4,4,AGE_LATER_FIXED,1.0
V4EXP_PAIR_051,NEWDEV2_066,V4_TARGET_EXPANSION_2026-08-16,STATUS,4,4,AGE_LATER_FIXED,1.0
V4PRE_PAIR_005,NEWDEV2_019,PREEXISTING_414_SOURCE_REVIEW,PROJECT,4,4,CONTROL_FIXED,1.0
V4PRE_PAIR_007,NEWDEV2_028,PREEXISTING_414_SOURCE_REVIEW,COMPETITIVE,4,4,CONTROL_FIXED,1.0
V4PRE_PAIR_010,NEWDEV2_035,PREEXISTING_414_SOURCE_REVIEW,COMPETITIVE,4,4,CONTROL_FIXED,0.5
V4PRE_PAIR_013,NEWDEV2_043,PREEXISTING_414_SOURCE_REVIEW,COMPETITIVE,4,4,CONTROL_FIXED,1.0
V4PRE_PAIR_017,NEWDEV2_066,PREEXISTING_414_SOURCE_REVIEW,STATUS,4,4,CONTROL_FIXED,0.0
V4PRE_PAIR_019,NEWDEV2_068,PREEXISTING_414_SOURCE_REVIEW,PROJECT,4,4,CONTROL_FIXED,0.0
V4PRE_PAIR_031,MLV2_DEV_003,PREEXISTING_414_SOURCE_REVIEW,PROJECT,4,4,CONTROL_FIXED,1.0
V4PRE_PAIR_044,MLV2_DEV_043,PREEXISTING_414_SOURCE_REVIEW,COMPETITIVE,4,4,CONTROL_FIXED,1.0
V4PRE_PAIR_045,MLV2_DEV_043,PREEXISTING_414_SOURCE_REVIEW,COMPETITIVE,4,4,CONTROL_FIXED,1.0
V4EXP_PAIR_004,NEWDEV2_042,V4_TARGET_EXPANSION_2026-08-16,COMPETITIVE,4,4,CONTROL_FIXED,1.0
V4EXP_PAIR_005,NEWDEV2_042,V4_TARGET_EXPANSION_2026-08-16,COMPETITIVE,4,4,CONTROL_FIXED,1.0
V4EXP_PAIR_017,NEWDEV2_060,V4_TARGET_EXPANSION_2026-08-16,COMPETITIVE,4,4,CONTROL_FIXED,0.0
V4EXP_PAIR_025,MLV2_DEV_043,V4_TARGET_EXPANSION_2026-08-16,COMPETITIVE,4,4,CONTROL_FIXED,1.0
V4EXP_PAIR_031,NEWDEV2_054,V4_TARGET_EXPANSION_2026-08-16,PROJECT,4,4,CONTROL_FIXED,0.5
V4EXP_PAIR_038,MLV2_DEV_012,V4_TARGET_EXPANSION_2026-08-16,PROJECT,4,4,CONTROL_FIXED,0.0
V4EXP_PAIR_041,MLV2_DEV_044,V4_TARGET_EXPANSION_2026-08-16,PROJECT,4,4,CONTROL_FIXED,1.0
V4EXP_PAIR_043,MLV2_DEV_001,V4_TARGET_EXPANSION_2026-08-16,PROJECT,4,4,CONTROL_FIXED,0.0
V4EXP_PAIR_045,MLV2_DEV_003,V4_TARGET_EXPANSION_2026-08-16,PROJECT,4,4,CONTROL_FIXED,0.0
V4EXP_PAIR_048,NEWDEV2_066,V4_TARGET_EXPANSION_2026-08-16,STATUS,4,4,CONTROL_FIXED,0.0
V4EXP_PAIR_051,NEWDEV2_066,V4_TARGET_EXPANSION_2026-08-16,STATUS,4,4,CONTROL_FIXED,0.0
V4PRE_PAIR_005,NEWDEV2_019,PREEXISTING_414_SOURCE_REVIEW,PROJECT,4,4,TG5_GROUP_L2,1.0
V4PRE_PAIR_007,NEWDEV2_028,PREEXISTING_414_SOURCE_REVIEW,COMPETITIVE,4,4,TG5_GROUP_L2,0.5
V4PRE_PAIR_010,NEWDEV2_035,PREEXISTING_414_SOURCE_REVIEW,COMPETITIVE,4,4,TG5_GROUP_L2,1.0
V4PRE_PAIR_013,NEWDEV2_043,PREEXISTING_414_SOURCE_REVIEW,COMPETITIVE,4,4,TG5_GROUP_L2,0.0
V4PRE_PAIR_017,NEWDEV2_066,PREEXISTING_414_SOURCE_REVIEW,STATUS,4,4,TG5_GROUP_L2,1.0
V4PRE_PAIR_019,NEWDEV2_068,PREEXISTING_414_SOURCE_REVIEW,PROJECT,4,4,TG5_GROUP_L2,0.5
V4PRE_PAIR_031,MLV2_DEV_003,PREEXISTING_414_SOURCE_REVIEW,PROJECT,4,4,TG5_GROUP_L2,0.0
V4PRE_PAIR_044,MLV2_DEV_043,PREEXISTING_414_SOURCE_REVIEW,COMPETITIVE,4,4,TG5_GROUP_L2,1.0
V4PRE_PAIR_045,MLV2_DEV_043,PREEXISTING_414_SOURCE_REVIEW,COMPETITIVE,4,4,TG5_GROUP_L2,1.0
V4EXP_PAIR_004,NEWDEV2_042,V4_TARGET_EXPANSION_2026-08-16,COMPETITIVE,4,4,TG5_GROUP_L2,0.0
V4EXP_PAIR_005,NEWDEV2_042,V4_TARGET_EXPANSION_2026-08-16,COMPETITIVE,4,4,TG5_GROUP_L2,0.0
V4EXP_PAIR_017,NEWDEV2_060,V4_TARGET_EXPANSION_2026-08-16,COMPETITIVE,4,4,TG5_GROUP_L2,1.0
V4EXP_PAIR_025,MLV2_DEV_043,V4_TARGET_EXPANSION_2026-08-16,COMPETITIVE,4,4,TG5_GROUP_L2,0.0
V4EXP_PAIR_031,NEWDEV2_054,V4_TARGET_EXPANSION_2026-08-16,PROJECT,4,4,TG5_GROUP_L2,0.0
V4EXP_PAIR_038,MLV2_DEV_012,V4_TARGET_EXPANSION_2026-08-16,PROJECT,4,4,TG5_GROUP_L2,0.5
V4EXP_PAIR_041,MLV2_DEV_044,V4_TARGET_EXPANSION_2026-08-16,PROJECT,4,4,TG5_GROUP_L2,1.0
V4EXP_PAIR_043,MLV2_DEV_001,V4_TARGET_EXPANSION_2026-08-16,PROJECT,4,4,TG5_GROUP_L2,0.0
V4EXP_PAIR_045,MLV2_DEV_003,V4_TARGET_EXPANSION_2026-08-16,PROJECT,4,4,TG5_GROUP_L2,0.5
V4EXP_PAIR_048,NEWDEV2_066,V4_TARGET_EXPANSION_2026-08-16,STATUS,4,4,TG5_GROUP_L2,1.0
V4EXP_PAIR_051,NEWDEV2_066,V4_TARGET_EXPANSION_2026-08-16,STATUS,4,4,TG5_GROUP_L2,0.5
V4PRE_PAIR_005,NEWDEV2_019,PREEXISTING_414_SOURCE_REVIEW,PROJECT,4,4,TG10_STEM_L2,1.0
V4PRE_PAIR_007,NEWDEV2_028,PREEXISTING_414_SOURCE_REVIEW,COMPETITIVE,4,4,TG10_STEM_L2,1.0
V4PRE_PAIR_010,NEWDEV2_035,PREEXISTING_414_SOURCE_REVIEW,COMPETITIVE,4,4,TG10_STEM_L2,1.0
V4PRE_PAIR_013,NEWDEV2_043,PREEXISTING_414_SOURCE_REVIEW,COMPETITIVE,4,4,TG10_STEM_L2,1.0
V4PRE_PAIR_017,NEWDEV2_066,PREEXISTING_414_SOURCE_REVIEW,STATUS,4,4,TG10_STEM_L2,1.0
V4PRE_PAIR_019,NEWDEV2_068,PREEXISTING_414_SOURCE_REVIEW,PROJECT,4,4,TG10_STEM_L2,0.0
V4PRE_PAIR_031,MLV2_DEV_003,PREEXISTING_414_SOURCE_REVIEW,PROJECT,4,4,TG10_STEM_L2,0.0
V4PRE_PAIR_044,MLV2_DEV_043,PREEXISTING_414_SOURCE_REVIEW,COMPETITIVE,4,4,TG10_STEM_L2,0.0
V4PRE_PAIR_045,MLV2_DEV_043,PREEXISTING_414_SOURCE_REVIEW,COMPETITIVE,4,4,TG10_STEM_L2,0.0
V4EXP_PAIR_004,NEWDEV2_042,V4_TARGET_EXPANSION_2026-08-16,COMPETITIVE,4,4,TG10_STEM_L2,0.0
V4EXP_PAIR_005,NEWDEV2_042,V4_TARGET_EXPANSION_2026-08-16,COMPETITIVE,4,4,TG10_STEM_L2,0.0
V4EXP_PAIR_017,NEWDEV2_060,V4_TARGET_EXPANSION_2026-08-16,COMPETITIVE,4,4,TG10_STEM_L2,0.0
V4EXP_PAIR_025,MLV2_DEV_043,V4_TARGET_EXPANSION_2026-08-16,COMPETITIVE,4,4,TG10_STEM_L2,0.0
V4EXP_PAIR_031,NEWDEV2_054,V4_TARGET_EXPANSION_2026-08-16,PROJECT,4,4,TG10_STEM_L2,0.0
V4EXP_PAIR_038,MLV2_DEV_012,V4_TARGET_EXPANSION_2026-08-16,PROJECT,4,4,TG10_STEM_L2,1.0
V4EXP_PAIR_041,MLV2_DEV_044,V4_TARGET_EXPANSION_2026-08-16,PROJECT,4,4,TG10_STEM_L2,1.0
V4EXP_PAIR_043,MLV2_DEV_001,V4_TARGET_EXPANSION_2026-08-16,PROJECT,4,4,TG10_STEM_L2,0.0
V4EXP_PAIR_045,MLV2_DEV_003,V4_TARGET_EXPANSION_2026-08-16,PROJECT,4,4,TG10_STEM_L2,0.0
V4EXP_PAIR_048,NEWDEV2_066,V4_TARGET_EXPANSION_2026-08-16,STATUS,4,4,TG10_STEM_L2,1.0
V4EXP_PAIR_051,NEWDEV2_066,V4_TARGET_EXPANSION_2026-08-16,STATUS,4,4,TG10_STEM_L2,1.0
V4PRE_PAIR_005,NEWDEV2_019,PREEXISTING_414_SOURCE_REVIEW,PROJECT,4,4,TG10_STEM_BRANCH_L2,1.0
V4PRE_PAIR_007,NEWDEV2_028,PREEXISTING_414_SOURCE_REVIEW,COMPETITIVE,4,4,TG10_STEM_BRANCH_L2,1.0
V4PRE_PAIR_010,NEWDEV2_035,PREEXISTING_414_SOURCE_REVIEW,COMPETITIVE,4,4,TG10_STEM_BRANCH_L2,1.0
V4PRE_PAIR_013,NEWDEV2_043,PREEXISTING_414_SOURCE_REVIEW,COMPETITIVE,4,4,TG10_STEM_BRANCH_L2,1.0
V4PRE_PAIR_017,NEWDEV2_066,PREEXISTING_414_SOURCE_REVIEW,STATUS,4,4,TG10_STEM_BRANCH_L2,1.0
V4PRE_PAIR_019,NEWDEV2_068,PREEXISTING_414_SOURCE_REVIEW,PROJECT,4,4,TG10_STEM_BRANCH_L2,0.0
V4PRE_PAIR_031,MLV2_DEV_003,PREEXISTING_414_SOURCE_REVIEW,PROJECT,4,4,TG10_STEM_BRANCH_L2,0.0
V4PRE_PAIR_044,MLV2_DEV_043,PREEXISTING_414_SOURCE_REVIEW,COMPETITIVE,4,4,TG10_STEM_BRANCH_L2,0.0
V4PRE_PAIR_045,MLV2_DEV_043,PREEXISTING_414_SOURCE_REVIEW,COMPETITIVE,4,4,TG10_STEM_BRANCH_L2,0.0
V4EXP_PAIR_004,NEWDEV2_042,V4_TARGET_EXPANSION_2026-08-16,COMPETITIVE,4,4,TG10_STEM_BRANCH_L2,0.0
V4EXP_PAIR_005,NEWDEV2_042,V4_TARGET_EXPANSION_2026-08-16,COMPETITIVE,4,4,TG10_STEM_BRANCH_L2,0.0
V4EXP_PAIR_017,NEWDEV2_060,V4_TARGET_EXPANSION_2026-08-16,COMPETITIVE,4,4,TG10_STEM_BRANCH_L2,0.0
V4EXP_PAIR_025,MLV2_DEV_043,V4_TARGET_EXPANSION_2026-08-16,COMPETITIVE,4,4,TG10_STEM_BRANCH_L2,0.0
V4EXP_PAIR_031,NEWDEV2_054,V4_TARGET_EXPANSION_2026-08-16,PROJECT,4,4,TG10_STEM_BRANCH_L2,0.0
V4EXP_PAIR_038,MLV2_DEV_012,V4_TARGET_EXPANSION_2026-08-16,PROJECT,4,4,TG10_STEM_BRANCH_L2,0.0
V4EXP_PAIR_041,MLV2_DEV_044,V4_TARGET_EXPANSION_2026-08-16,PROJECT,4,4,TG10_STEM_BRANCH_L2,0.0
V4EXP_PAIR_043,MLV2_DEV_001,V4_TARGET_EXPANSION_2026-08-16,PROJECT,4,4,TG10_STEM_BRANCH_L2,1.0
V4EXP_PAIR_045,MLV2_DEV_003,V4_TARGET_EXPANSION_2026-08-16,PROJECT,4,4,TG10_STEM_BRANCH_L2,0.0
V4EXP_PAIR_048,NEWDEV2_066,V4_TARGET_EXPANSION_2026-08-16,STATUS,4,4,TG10_STEM_BRANCH_L2,0.0
V4EXP_PAIR_051,NEWDEV2_066,V4_TARGET_EXPANSION_2026-08-16,STATUS,4,4,TG10_STEM_BRANCH_L2,1.0
V4PRE_PAIR_005,NEWDEV2_019,PREEXISTING_414_SOURCE_REVIEW,PROJECT,4,4,TG10_SB_STRENGTH_L2,1.0
V4PRE_PAIR_007,NEWDEV2_028,PREEXISTING_414_SOURCE_REVIEW,COMPETITIVE,4,4,TG10_SB_STRENGTH_L2,1.0
V4PRE_PAIR_010,NEWDEV2_035,PREEXISTING_414_SOURCE_REVIEW,COMPETITIVE,4,4,TG10_SB_STRENGTH_L2,0.0
V4PRE_PAIR_013,NEWDEV2_043,PREEXISTING_414_SOURCE_REVIEW,COMPETITIVE,4,4,TG10_SB_STRENGTH_L2,1.0
V4PRE_PAIR_017,NEWDEV2_066,PREEXISTING_414_SOURCE_REVIEW,STATUS,4,4,TG10_SB_STRENGTH_L2,0.0
V4PRE_PAIR_019,NEWDEV2_068,PREEXISTING_414_SOURCE_REVIEW,PROJECT,4,4,TG10_SB_STRENGTH_L2,0.0
V4PRE_PAIR_031,MLV2_DEV_003,PREEXISTING_414_SOURCE_REVIEW,PROJECT,4,4,TG10_SB_STRENGTH_L2,0.0
V4PRE_PAIR_044,MLV2_DEV_043,PREEXISTING_414_SOURCE_REVIEW,COMPETITIVE,4,4,TG10_SB_STRENGTH_L2,0.0
V4PRE_PAIR_045,MLV2_DEV_043,PREEXISTING_414_SOURCE_REVIEW,COMPETITIVE,4,4,TG10_SB_STRENGTH_L2,0.0
V4EXP_PAIR_004,NEWDEV2_042,V4_TARGET_EXPANSION_2026-08-16,COMPETITIVE,4,4,TG10_SB_STRENGTH_L2,1.0
V4EXP_PAIR_005,NEWDEV2_042,V4_TARGET_EXPANSION_2026-08-16,COMPETITIVE,4,4,TG10_SB_STRENGTH_L2,1.0
V4EXP_PAIR_017,NEWDEV2_060,V4_TARGET_EXPANSION_2026-08-16,COMPETITIVE,4,4,TG10_SB_STRENGTH_L2,0.0
V4EXP_PAIR_025,MLV2_DEV_043,V4_TARGET_EXPANSION_2026-08-16,COMPETITIVE,4,4,TG10_SB_STRENGTH_L2,0.0
V4EXP_PAIR_031,NEWDEV2_054,V4_TARGET_EXPANSION_2026-08-16,PROJECT,4,4,TG10_SB_STRENGTH_L2,0.0
V4EXP_PAIR_038,MLV2_DEV_012,V4_TARGET_EXPANSION_2026-08-16,PROJECT,4,4,TG10_SB_STRENGTH_L2,0.0
V4EXP_PAIR_041,MLV2_DEV_044,V4_TARGET_EXPANSION_2026-08-16,PROJECT,4,4,TG10_SB_STRENGTH_L2,0.0
V4EXP_PAIR_043,MLV2_DEV_001,V4_TARGET_EXPANSION_2026-08-16,PROJECT,4,4,TG10_SB_STRENGTH_L2,0.0
V4EXP_PAIR_045,MLV2_DEV_003,V4_TARGET_EXPANSION_2026-08-16,PROJECT,4,4,TG10_SB_STRENGTH_L2,0.0
V4EXP_PAIR_048,NEWDEV2_066,V4_TARGET_EXPANSION_2026-08-16,STATUS,4,4,TG10_SB_STRENGTH_L2,0.0
V4EXP_PAIR_051,NEWDEV2_066,V4_TARGET_EXPANSION_2026-08-16,STATUS,4,4,TG10_SB_STRENGTH_L2,1.0
V4PRE_PAIR_005,NEWDEV2_019,PREEXISTING_414_SOURCE_REVIEW,PROJECT,4,4,TG10_SB_RELATIONS_L2,1.0
V4PRE_PAIR_007,NEWDEV2_028,PREEXISTING_414_SOURCE_REVIEW,COMPETITIVE,4,4,TG10_SB_RELATIONS_L2,1.0
V4PRE_PAIR_010,NEWDEV2_035,PREEXISTING_414_SOURCE_REVIEW,COMPETITIVE,4,4,TG10_SB_RELATIONS_L2,1.0
V4PRE_PAIR_013,NEWDEV2_043,PREEXISTING_414_SOURCE_REVIEW,COMPETITIVE,4,4,TG10_SB_RELATIONS_L2,0.0
V4PRE_PAIR_017,NEWDEV2_066,PREEXISTING_414_SOURCE_REVIEW,STATUS,4,4,TG10_SB_RELATIONS_L2,0.0
V4PRE_PAIR_019,NEWDEV2_068,PREEXISTING_414_SOURCE_REVIEW,PROJECT,4,4,TG10_SB_RELATIONS_L2,0.0
V4PRE_PAIR_031,MLV2_DEV_003,PREEXISTING_414_SOURCE_REVIEW,PROJECT,4,4,TG10_SB_RELATIONS_L2,0.0
V4PRE_PAIR_044,MLV2_DEV_043,PREEXISTING_414_SOURCE_REVIEW,COMPETITIVE,4,4,TG10_SB_RELATIONS_L2,0.0
V4PRE_PAIR_045,MLV2_DEV_043,PREEXISTING_414_SOURCE_REVIEW,COMPETITIVE,4,4,TG10_SB_RELATIONS_L2,0.0
V4EXP_PAIR_004,NEWDEV2_042,V4_TARGET_EXPANSION_2026-08-16,COMPETITIVE,4,4,TG10_SB_RELATIONS_L2,0.0
V4EXP_PAIR_005,NEWDEV2_042,V4_TARGET_EXPANSION_2026-08-16,COMPETITIVE,4,4,TG10_SB_RELATIONS_L2,0.0
V4EXP_PAIR_017,NEWDEV2_060,V4_TARGET_EXPANSION_2026-08-16,COMPETITIVE,4,4,TG10_SB_RELATIONS_L2,0.0
V4EXP_PAIR_025,MLV2_DEV_043,V4_TARGET_EXPANSION_2026-08-16,COMPETITIVE,4,4,TG10_SB_RELATIONS_L2,0.0
V4EXP_PAIR_031,NEWDEV2_054,V4_TARGET_EXPANSION_2026-08-16,PROJECT,4,4,TG10_SB_RELATIONS_L2,0.0
V4EXP_PAIR_038,MLV2_DEV_012,V4_TARGET_EXPANSION_2026-08-16,PROJECT,4,4,TG10_SB_RELATIONS_L2,0.0
V4EXP_PAIR_041,MLV2_DEV_044,V4_TARGET_EXPANSION_2026-08-16,PROJECT,4,4,TG10_SB_RELATIONS_L2,0.0
V4EXP_PAIR_043,MLV2_DEV_001,V4_TARGET_EXPANSION_2026-08-16,PROJECT,4,4,TG10_SB_RELATIONS_L2,1.0
V4EXP_PAIR_045,MLV2_DEV_003,V4_TARGET_EXPANSION_2026-08-16,PROJECT,4,4,TG10_SB_RELATIONS_L2,0.0
V4EXP_PAIR_048,NEWDEV2_066,V4_TARGET_EXPANSION_2026-08-16,STATUS,4,4,TG10_SB_RELATIONS_L2,0.0
V4EXP_PAIR_051,NEWDEV2_066,V4_TARGET_EXPANSION_2026-08-16,STATUS,4,4,TG10_SB_RELATIONS_L2,1.0
V4PRE_PAIR_005,NEWDEV2_019,PREEXISTING_414_SOURCE_REVIEW,PROJECT,4,4,ALL_L2,1.0
V4PRE_PAIR_007,NEWDEV2_028,PREEXISTING_414_SOURCE_REVIEW,COMPETITIVE,4,4,ALL_L2,1.0
V4PRE_PAIR_010,NEWDEV2_035,PREEXISTING_414_SOURCE_REVIEW,COMPETITIVE,4,4,ALL_L2,1.0
V4PRE_PAIR_013,NEWDEV2_043,PREEXISTING_414_SOURCE_REVIEW,COMPETITIVE,4,4,ALL_L2,1.0
V4PRE_PAIR_017,NEWDEV2_066,PREEXISTING_414_SOURCE_REVIEW,STATUS,4,4,ALL_L2,0.0
V4PRE_PAIR_019,NEWDEV2_068,PREEXISTING_414_SOURCE_REVIEW,PROJECT,4,4,ALL_L2,0.0
V4PRE_PAIR_031,MLV2_DEV_003,PREEXISTING_414_SOURCE_REVIEW,PROJECT,4,4,ALL_L2,0.0
V4PRE_PAIR_044,MLV2_DEV_043,PREEXISTING_414_SOURCE_REVIEW,COMPETITIVE,4,4,ALL_L2,0.0
V4PRE_PAIR_045,MLV2_DEV_043,PREEXISTING_414_SOURCE_REVIEW,COMPETITIVE,4,4,ALL_L2,0.0
V4EXP_PAIR_004,NEWDEV2_042,V4_TARGET_EXPANSION_2026-08-16,COMPETITIVE,4,4,ALL_L2,0.0
V4EXP_PAIR_005,NEWDEV2_042,V4_TARGET_EXPANSION_2026-08-16,COMPETITIVE,4,4,ALL_L2,0.0
V4EXP_PAIR_017,NEWDEV2_060,V4_TARGET_EXPANSION_2026-08-16,COMPETITIVE,4,4,ALL_L2,0.0
V4EXP_PAIR_025,MLV2_DEV_043,V4_TARGET_EXPANSION_2026-08-16,COMPETITIVE,4,4,ALL_L2,0.0
V4EXP_PAIR_031,NEWDEV2_054,V4_TARGET_EXPANSION_2026-08-16,PROJECT,4,4,ALL_L2,0.0
V4EXP_PAIR_038,MLV2_DEV_012,V4_TARGET_EXPANSION_2026-08-16,PROJECT,4,4,ALL_L2,0.0
V4EXP_PAIR_041,MLV2_DEV_044,V4_TARGET_EXPANSION_2026-08-16,PROJECT,4,4,ALL_L2,1.0
V4EXP_PAIR_043,MLV2_DEV_001,V4_TARGET_EXPANSION_2026-08-16,PROJECT,4,4,ALL_L2,0.0
V4EXP_PAIR_045,MLV2_DEV_003,V4_TARGET_EXPANSION_2026-08-16,PROJECT,4,4,ALL_L2,1.0
V4EXP_PAIR_048,NEWDEV2_066,V4_TARGET_EXPANSION_2026-08-16,STATUS,4,4,ALL_L2,0.0
V4EXP_PAIR_051,NEWDEV2_066,V4_TARGET_EXPANSION_2026-08-16,STATUS,4,4,ALL_L2,1.0
V4PRE_PAIR_005,NEWDEV2_019,PREEXISTING_414_SOURCE_REVIEW,PROJECT,4,4,NUISANCE_AGE_AXIS,1.0
V4PRE_PAIR_007,NEWDEV2_028,PREEXISTING_414_SOURCE_REVIEW,COMPETITIVE,4,4,NUISANCE_AGE_AXIS,0.0
V4PRE_PAIR_010,NEWDEV2_035,PREEXISTING_414_SOURCE_REVIEW,COMPETITIVE,4,4,NUISANCE_AGE_AXIS,0.0
V4PRE_PAIR_013,NEWDEV2_043,PREEXISTING_414_SOURCE_REVIEW,COMPETITIVE,4,4,NUISANCE_AGE_AXIS,1.0
V4PRE_PAIR_017,NEWDEV2_066,PREEXISTING_414_SOURCE_REVIEW,STATUS,4,4,NUISANCE_AGE_AXIS,1.0
V4PRE_PAIR_019,NEWDEV2_068,PREEXISTING_414_SOURCE_REVIEW,PROJECT,4,4,NUISANCE_AGE_AXIS,1.0
V4PRE_PAIR_031,MLV2_DEV_003,PREEXISTING_414_SOURCE_REVIEW,PROJECT,4,4,NUISANCE_AGE_AXIS,1.0
V4PRE_PAIR_044,MLV2_DEV_043,PREEXISTING_414_SOURCE_REVIEW,COMPETITIVE,4,4,NUISANCE_AGE_AXIS,0.0
V4PRE_PAIR_045,MLV2_DEV_043,PREEXISTING_414_SOURCE_REVIEW,COMPETITIVE,4,4,NUISANCE_AGE_AXIS,0.0
V4EXP_PAIR_004,NEWDEV2_042,V4_TARGET_EXPANSION_2026-08-16,COMPETITIVE,4,4,NUISANCE_AGE_AXIS,1.0
V4EXP_PAIR_005,NEWDEV2_042,V4_TARGET_EXPANSION_2026-08-16,COMPETITIVE,4,4,NUISANCE_AGE_AXIS,1.0
V4EXP_PAIR_017,NEWDEV2_060,V4_TARGET_EXPANSION_2026-08-16,COMPETITIVE,4,4,NUISANCE_AGE_AXIS,1.0
V4EXP_PAIR_025,MLV2_DEV_043,V4_TARGET_EXPANSION_2026-08-16,COMPETITIVE,4,4,NUISANCE_AGE_AXIS,1.0
V4EXP_PAIR_031,NEWDEV2_054,V4_TARGET_EXPANSION_2026-08-16,PROJECT,4,4,NUISANCE_AGE_AXIS,0.0
V4EXP_PAIR_038,MLV2_DEV_012,V4_TARGET_EXPANSION_2026-08-16,PROJECT,4,4,NUISANCE_AGE_AXIS,0.0
V4EXP_PAIR_041,MLV2_DEV_044,V4_TARGET_EXPANSION_2026-08-16,PROJECT,4,4,NUISANCE_AGE_AXIS,0.0
V4EXP_PAIR_043,MLV2_DEV_001,V4_TARGET_EXPANSION_2026-08-16,PROJECT,4,4,NUISANCE_AGE_AXIS,0.0
V4EXP_PAIR_045,MLV2_DEV_003,V4_TARGET_EXPANSION_2026-08-16,PROJECT,4,4,NUISANCE_AGE_AXIS,0.0
V4EXP_PAIR_048,NEWDEV2_066,V4_TARGET_EXPANSION_2026-08-16,STATUS,4,4,NUISANCE_AGE_AXIS,0.0
V4EXP_PAIR_051,NEWDEV2_066,V4_TARGET_EXPANSION_2026-08-16,STATUS,4,4,NUISANCE_AGE_AXIS,0.0
V4PRE_PAIR_005,NEWDEV2_019,PREEXISTING_414_SOURCE_REVIEW,PROJECT,4,4,NUISANCE_WITH_ORIGIN_DIAGNOSTIC,1.0
V4PRE_PAIR_007,NEWDEV2_028,PREEXISTING_414_SOURCE_REVIEW,COMPETITIVE,4,4,NUISANCE_WITH_ORIGIN_DIAGNOSTIC,1.0
V4PRE_PAIR_010,NEWDEV2_035,PREEXISTING_414_SOURCE_REVIEW,COMPETITIVE,4,4,NUISANCE_WITH_ORIGIN_DIAGNOSTIC,1.0
V4PRE_PAIR_013,NEWDEV2_043,PREEXISTING_414_SOURCE_REVIEW,COMPETITIVE,4,4,NUISANCE_WITH_ORIGIN_DIAGNOSTIC,0.0
V4PRE_PAIR_017,NEWDEV2_066,PREEXISTING_414_SOURCE_REVIEW,STATUS,4,4,NUISANCE_WITH_ORIGIN_DIAGNOSTIC,1.0
V4PRE_PAIR_019,NEWDEV2_068,PREEXISTING_414_SOURCE_REVIEW,PROJECT,4,4,NUISANCE_WITH_ORIGIN_DIAGNOSTIC,1.0
V4PRE_PAIR_031,MLV2_DEV_003,PREEXISTING_414_SOURCE_REVIEW,PROJECT,4,4,NUISANCE_WITH_ORIGIN_DIAGNOSTIC,1.0
V4PRE_PAIR_044,MLV2_DEV_043,PREEXISTING_414_SOURCE_REVIEW,COMPETITIVE,4,4,NUISANCE_WITH_ORIGIN_DIAGNOSTIC,1.0
V4PRE_PAIR_045,MLV2_DEV_043,PREEXISTING_414_SOURCE_REVIEW,COMPETITIVE,4,4,NUISANCE_WITH_ORIGIN_DIAGNOSTIC,1.0
V4EXP_PAIR_004,NEWDEV2_042,V4_TARGET_EXPANSION_2026-08-16,COMPETITIVE,4,4,NUISANCE_WITH_ORIGIN_DIAGNOSTIC,1.0
V4EXP_PAIR_005,NEWDEV2_042,V4_TARGET_EXPANSION_2026-08-16,COMPETITIVE,4,4,NUISANCE_WITH_ORIGIN_DIAGNOSTIC,1.0
V4EXP_PAIR_017,NEWDEV2_060,V4_TARGET_EXPANSION_2026-08-16,COMPETITIVE,4,4,NUISANCE_WITH_ORIGIN_DIAGNOSTIC,1.0
V4EXP_PAIR_025,MLV2_DEV_043,V4_TARGET_EXPANSION_2026-08-16,COMPETITIVE,4,4,NUISANCE_WITH_ORIGIN_DIAGNOSTIC,1.0
V4EXP_PAIR_031,NEWDEV2_054,V4_TARGET_EXPANSION_2026-08-16,PROJECT,4,4,NUISANCE_WITH_ORIGIN_DIAGNOSTIC,1.0
V4EXP_PAIR_038,MLV2_DEV_012,V4_TARGET_EXPANSION_2026-08-16,PROJECT,4,4,NUISANCE_WITH_ORIGIN_DIAGNOSTIC,1.0
V4EXP_PAIR_041,MLV2_DEV_044,V4_TARGET_EXPANSION_2026-08-16,PROJECT,4,4,NUISANCE_WITH_ORIGIN_DIAGNOSTIC,1.0
V4EXP_PAIR_043,MLV2_DEV_001,V4_TARGET_EXPANSION_2026-08-16,PROJECT,4,4,NUISANCE_WITH_ORIGIN_DIAGNOSTIC,1.0
V4EXP_PAIR_045,MLV2_DEV_003,V4_TARGET_EXPANSION_2026-08-16,PROJECT,4,4,NUISANCE_WITH_ORIGIN_DIAGNOSTIC,1.0
V4EXP_PAIR_048,NEWDEV2_066,V4_TARGET_EXPANSION_2026-08-16,STATUS,4,4,NUISANCE_WITH_ORIGIN_DIAGNOSTIC,1.0
V4EXP_PAIR_051,NEWDEV2_066,V4_TARGET_EXPANSION_2026-08-16,STATUS,4,4,NUISANCE_WITH_ORIGIN_DIAGNOSTIC,1.0
V4PRE_PAIR_005,NEWDEV2_019,PREEXISTING_414_SOURCE_REVIEW,PROJECT,4,4,ALL_ELASTICNET_AUTO,1.0
V4PRE_PAIR_007,NEWDEV2_028,PREEXISTING_414_SOURCE_REVIEW,COMPETITIVE,4,4,ALL_ELASTICNET_AUTO,1.0
V4PRE_PAIR_010,NEWDEV2_035,PREEXISTING_414_SOURCE_REVIEW,COMPETITIVE,4,4,ALL_ELASTICNET_AUTO,1.0
V4PRE_PAIR_013,NEWDEV2_043,PREEXISTING_414_SOURCE_REVIEW,COMPETITIVE,4,4,ALL_ELASTICNET_AUTO,1.0
V4PRE_PAIR_017,NEWDEV2_066,PREEXISTING_414_SOURCE_REVIEW,STATUS,4,4,ALL_ELASTICNET_AUTO,1.0
V4PRE_PAIR_019,NEWDEV2_068,PREEXISTING_414_SOURCE_REVIEW,PROJECT,4,4,ALL_ELASTICNET_AUTO,1.0
V4PRE_PAIR_031,MLV2_DEV_003,PREEXISTING_414_SOURCE_REVIEW,PROJECT,4,4,ALL_ELASTICNET_AUTO,1.0
V4PRE_PAIR_044,MLV2_DEV_043,PREEXISTING_414_SOURCE_REVIEW,COMPETITIVE,4,4,ALL_ELASTICNET_AUTO,1.0
V4PRE_PAIR_045,MLV2_DEV_043,PREEXISTING_414_SOURCE_REVIEW,COMPETITIVE,4,4,ALL_ELASTICNET_AUTO,1.0
V4EXP_PAIR_004,NEWDEV2_042,V4_TARGET_EXPANSION_2026-08-16,COMPETITIVE,4,4,ALL_ELASTICNET_AUTO,1.0
V4EXP_PAIR_005,NEWDEV2_042,V4_TARGET_EXPANSION_2026-08-16,COMPETITIVE,4,4,ALL_ELASTICNET_AUTO,1.0
V4EXP_PAIR_017,NEWDEV2_060,V4_TARGET_EXPANSION_2026-08-16,COMPETITIVE,4,4,ALL_ELASTICNET_AUTO,1.0
V4EXP_PAIR_025,MLV2_DEV_043,V4_TARGET_EXPANSION_2026-08-16,COMPETITIVE,4,4,ALL_ELASTICNET_AUTO,1.0
V4EXP_PAIR_031,NEWDEV2_054,V4_TARGET_EXPANSION_2026-08-16,PROJECT,4,4,ALL_ELASTICNET_AUTO,1.0
V4EXP_PAIR_038,MLV2_DEV_012,V4_TARGET_EXPANSION_2026-08-16,PROJECT,4,4,ALL_ELASTICNET_AUTO,1.0
V4EXP_PAIR_041,MLV2_DEV_044,V4_TARGET_EXPANSION_2026-08-16,PROJECT,4,4,ALL_ELASTICNET_AUTO,1.0
V4EXP_PAIR_043,MLV2_DEV_001,V4_TARGET_EXPANSION_2026-08-16,PROJECT,4,4,ALL_ELASTICNET_AUTO,1.0
V4EXP_PAIR_045,MLV2_DEV_003,V4_TARGET_EXPANSION_2026-08-16,PROJECT,4,4,ALL_ELASTICNET_AUTO,1.0
V4EXP_PAIR_048,NEWDEV2_066,V4_TARGET_EXPANSION_2026-08-16,STATUS,4,4,ALL_ELASTICNET_AUTO,1.0
V4EXP_PAIR_051,NEWDEV2_066,V4_TARGET_EXPANSION_2026-08-16,STATUS,4,4,ALL_ELASTICNET_AUTO,1.0
V4PRE_PAIR_005,NEWDEV2_019,PREEXISTING_414_SOURCE_REVIEW,PROJECT,4,4,HGB_ALL_EXPLORATORY,1.0
V4PRE_PAIR_007,NEWDEV2_028,PREEXISTING_414_SOURCE_REVIEW,COMPETITIVE,4,4,HGB_ALL_EXPLORATORY,1.0
V4PRE_PAIR_010,NEWDEV2_035,PREEXISTING_414_SOURCE_REVIEW,COMPETITIVE,4,4,HGB_ALL_EXPLORATORY,1.0
V4PRE_PAIR_013,NEWDEV2_043,PREEXISTING_414_SOURCE_REVIEW,COMPETITIVE,4,4,HGB_ALL_EXPLORATORY,0.0
V4PRE_PAIR_017,NEWDEV2_066,PREEXISTING_414_SOURCE_REVIEW,STATUS,4,4,HGB_ALL_EXPLORATORY,1.0
V4PRE_PAIR_019,NEWDEV2_068,PREEXISTING_414_SOURCE_REVIEW,PROJECT,4,4,HGB_ALL_EXPLORATORY,0.0
V4PRE_PAIR_031,MLV2_DEV_003,PREEXISTING_414_SOURCE_REVIEW,PROJECT,4,4,HGB_ALL_EXPLORATORY,0.0
V4PRE_PAIR_044,MLV2_DEV_043,PREEXISTING_414_SOURCE_REVIEW,COMPETITIVE,4,4,HGB_ALL_EXPLORATORY,0.0
V4PRE_PAIR_045,MLV2_DEV_043,PREEXISTING_414_SOURCE_REVIEW,COMPETITIVE,4,4,HGB_ALL_EXPLORATORY,0.0
V4EXP_PAIR_004,NEWDEV2_042,V4_TARGET_EXPANSION_2026-08-16,COMPETITIVE,4,4,HGB_ALL_EXPLORATORY,0.0
V4EXP_PAIR_005,NEWDEV2_042,V4_TARGET_EXPANSION_2026-08-16,COMPETITIVE,4,4,HGB_ALL_EXPLORATORY,0.0
V4EXP_PAIR_017,NEWDEV2_060,V4_TARGET_EXPANSION_2026-08-16,COMPETITIVE,4,4,HGB_ALL_EXPLORATORY,1.0
V4EXP_PAIR_025,MLV2_DEV_043,V4_TARGET_EXPANSION_2026-08-16,COMPETITIVE,4,4,HGB_ALL_EXPLORATORY,0.0
V4EXP_PAIR_031,NEWDEV2_054,V4_TARGET_EXPANSION_2026-08-16,PROJECT,4,4,HGB_ALL_EXPLORATORY,0.0
V4EXP_PAIR_038,MLV2_DEV_012,V4_TARGET_EXPANSION_2026-08-16,PROJECT,4,4,HGB_ALL_EXPLORATORY,1.0
V4EXP_PAIR_041,MLV2_DEV_044,V4_TARGET_EXPANSION_2026-08-16,PROJECT,4,4,HGB_ALL_EXPLORATORY,0.0
V4EXP_PAIR_043,MLV2_DEV_001,V4_TARGET_EXPANSION_2026-08-16,PROJECT,4,4,HGB_ALL_EXPLORATORY,0.0
V4EXP_PAIR_045,MLV2_DEV_003,V4_TARGET_EXPANSION_2026-08-16,PROJECT,4,4,HGB_ALL_EXPLORATORY,0.0
V4EXP_PAIR_048,NEWDEV2_066,V4_TARGET_EXPANSION_2026-08-16,STATUS,4,4,HGB_ALL_EXPLORATORY,0.0
V4EXP_PAIR_051,NEWDEV2_066,V4_TARGET_EXPANSION_2026-08-16,STATUS,4,4,HGB_ALL_EXPLORATORY,0.0
