subject_id,correct,repeat,fold,model
MLV2_DEV_003,0.5,0,0,AGE_YOUNGER_FIXED
MLV2_DEV_005,0.5,0,0,AGE_YOUNGER_FIXED
MLV2_DEV_008,1.0,0,0,AGE_YOUNGER_FIXED
MLV2_DEV_050,1.0,0,0,AGE_YOUNGER_FIXED
MLV2_DEV_068,0.0,0,0,AGE_YOUNGER_FIXED
NEWDEV2_013,1.0,0,0,AGE_YOUNGER_FIXED
NEWDEV2_024,1.0,0,0,AGE_YOUNGER_FIXED
NEWDEV2_035,1.0,0,0,AGE_YOUNGER_FIXED
NEWDEV2_041,0.5,0,0,AGE_YOUNGER_FIXED
NEWDEV2_054,0.0,0,0,AGE_YOUNGER_FIXED
NEWDEV2_067,1.0,0,0,AGE_YOUNGER_FIXED
NEWDEV2_078,1.0,0,0,AGE_YOUNGER_FIXED
NEWDEV2_092,0.0,0,0,AGE_YOUNGER_FIXED
MLV2_DEV_003,0.5,0,0,AGE_LATER_FIXED
MLV2_DEV_005,0.5,0,0,AGE_LATER_FIXED
MLV2_DEV_008,0.0,0,0,AGE_LATER_FIXED
MLV2_DEV_050,0.0,0,0,AGE_LATER_FIXED
MLV2_DEV_068,1.0,0,0,AGE_LATER_FIXED
NEWDEV2_013,0.0,0,0,AGE_LATER_FIXED
NEWDEV2_024,0.0,0,0,AGE_LATER_FIXED
NEWDEV2_035,0.0,0,0,AGE_LATER_FIXED
NEWDEV2_041,0.5,0,0,AGE_LATER_FIXED
NEWDEV2_054,1.0,0,0,AGE_LATER_FIXED
NEWDEV2_067,0.0,0,0,AGE_LATER_FIXED
NEWDEV2_078,0.0,0,0,AGE_LATER_FIXED
NEWDEV2_092,1.0,0,0,AGE_LATER_FIXED
MLV2_DEV_003,0.5,0,0,CONTROL_FIXED
MLV2_DEV_005,1.0,0,0,CONTROL_FIXED
MLV2_DEV_008,0.0,0,0,CONTROL_FIXED
MLV2_DEV_050,0.0,0,0,CONTROL_FIXED
MLV2_DEV_068,0.4,0,0,CONTROL_FIXED
NEWDEV2_013,0.0,0,0,CONTROL_FIXED
NEWDEV2_024,1.0,0,0,CONTROL_FIXED
NEWDEV2_035,0.5,0,0,CONTROL_FIXED
NEWDEV2_041,0.5,0,0,CONTROL_FIXED
NEWDEV2_054,0.5,0,0,CONTROL_FIXED
NEWDEV2_067,1.0,0,0,CONTROL_FIXED
NEWDEV2_078,1.0,0,0,CONTROL_FIXED
NEWDEV2_092,0.0,0,0,CONTROL_FIXED
MLV2_DEV_003,0.25,0,0,TG5_GROUP_L2
MLV2_DEV_005,0.75,0,0,TG5_GROUP_L2
MLV2_DEV_008,0.0,0,0,TG5_GROUP_L2
MLV2_DEV_050,0.0,0,0,TG5_GROUP_L2
MLV2_DEV_068,0.7,0,0,TG5_GROUP_L2
NEWDEV2_013,1.0,0,0,TG5_GROUP_L2
NEWDEV2_024,1.0,0,0,TG5_GROUP_L2
NEWDEV2_035,1.0,0,0,TG5_GROUP_L2
NEWDEV2_041,0.0,0,0,TG5_GROUP_L2
NEWDEV2_054,0.0,0,0,TG5_GROUP_L2
NEWDEV2_067,0.0,0,0,TG5_GROUP_L2
NEWDEV2_078,0.0,0,0,TG5_GROUP_L2
NEWDEV2_092,0.5,0,0,TG5_GROUP_L2
MLV2_DEV_003,0.0,0,0,TG10_STEM_L2
MLV2_DEV_005,0.5,0,0,TG10_STEM_L2
MLV2_DEV_008,0.0,0,0,TG10_STEM_L2
MLV2_DEV_050,1.0,0,0,TG10_STEM_L2
MLV2_DEV_068,0.6,0,0,TG10_STEM_L2
NEWDEV2_013,0.0,0,0,TG10_STEM_L2
NEWDEV2_024,0.0,0,0,TG10_STEM_L2
NEWDEV2_035,1.0,0,0,TG10_STEM_L2
NEWDEV2_041,0.5,0,0,TG10_STEM_L2
NEWDEV2_054,0.0,0,0,TG10_STEM_L2
NEWDEV2_067,0.0,0,0,TG10_STEM_L2
NEWDEV2_078,0.0,0,0,TG10_STEM_L2
NEWDEV2_092,0.0,0,0,TG10_STEM_L2
MLV2_DEV_003,0.0,0,0,TG10_STEM_BRANCH_L2
MLV2_DEV_005,0.5,0,0,TG10_STEM_BRANCH_L2
MLV2_DEV_008,0.0,0,0,TG10_STEM_BRANCH_L2
MLV2_DEV_050,0.0,0,0,TG10_STEM_BRANCH_L2
MLV2_DEV_068,0.8,0,0,TG10_STEM_BRANCH_L2
NEWDEV2_013,0.0,0,0,TG10_STEM_BRANCH_L2
NEWDEV2_024,1.0,0,0,TG10_STEM_BRANCH_L2
NEWDEV2_035,1.0,0,0,TG10_STEM_BRANCH_L2
NEWDEV2_041,0.5,0,0,TG10_STEM_BRANCH_L2
NEWDEV2_054,0.0,0,0,TG10_STEM_BRANCH_L2
NEWDEV2_067,1.0,0,0,TG10_STEM_BRANCH_L2
NEWDEV2_078,0.0,0,0,TG10_STEM_BRANCH_L2
NEWDEV2_092,0.0,0,0,TG10_STEM_BRANCH_L2
MLV2_DEV_003,0.0,0,0,TG10_SB_STRENGTH_L2
MLV2_DEV_005,1.0,0,0,TG10_SB_STRENGTH_L2
MLV2_DEV_008,0.0,0,0,TG10_SB_STRENGTH_L2
MLV2_DEV_050,0.0,0,0,TG10_SB_STRENGTH_L2
MLV2_DEV_068,0.8,0,0,TG10_SB_STRENGTH_L2
NEWDEV2_013,0.0,0,0,TG10_SB_STRENGTH_L2
NEWDEV2_024,1.0,0,0,TG10_SB_STRENGTH_L2
NEWDEV2_035,0.0,0,0,TG10_SB_STRENGTH_L2
NEWDEV2_041,0.5,0,0,TG10_SB_STRENGTH_L2
NEWDEV2_054,0.0,0,0,TG10_SB_STRENGTH_L2
NEWDEV2_067,1.0,0,0,TG10_SB_STRENGTH_L2
NEWDEV2_078,1.0,0,0,TG10_SB_STRENGTH_L2
NEWDEV2_092,0.0,0,0,TG10_SB_STRENGTH_L2
MLV2_DEV_003,0.0,0,0,TG10_SB_RELATIONS_L2
MLV2_DEV_005,1.0,0,0,TG10_SB_RELATIONS_L2
MLV2_DEV_008,0.0,0,0,TG10_SB_RELATIONS_L2
MLV2_DEV_050,0.0,0,0,TG10_SB_RELATIONS_L2
MLV2_DEV_068,0.6,0,0,TG10_SB_RELATIONS_L2
NEWDEV2_013,0.0,0,0,TG10_SB_RELATIONS_L2
NEWDEV2_024,1.0,0,0,TG10_SB_RELATIONS_L2
NEWDEV2_035,1.0,0,0,TG10_SB_RELATIONS_L2
NEWDEV2_041,0.5,0,0,TG10_SB_RELATIONS_L2
NEWDEV2_054,0.0,0,0,TG10_SB_RELATIONS_L2
NEWDEV2_067,1.0,0,0,TG10_SB_RELATIONS_L2
NEWDEV2_078,1.0,0,0,TG10_SB_RELATIONS_L2
NEWDEV2_092,0.0,0,0,TG10_SB_RELATIONS_L2
MLV2_DEV_003,0.0,0,0,ALL_L2
MLV2_DEV_005,0.5,0,0,ALL_L2
MLV2_DEV_008,1.0,0,0,ALL_L2
MLV2_DEV_050,0.0,0,0,ALL_L2
MLV2_DEV_068,0.8,0,0,ALL_L2
NEWDEV2_013,0.0,0,0,ALL_L2
NEWDEV2_024,1.0,0,0,ALL_L2
NEWDEV2_035,1.0,0,0,ALL_L2
NEWDEV2_041,0.5,0,0,ALL_L2
NEWDEV2_054,0.0,0,0,ALL_L2
NEWDEV2_067,0.0,0,0,ALL_L2
NEWDEV2_078,1.0,0,0,ALL_L2
NEWDEV2_092,1.0,0,0,ALL_L2
MLV2_DEV_003,1.0,0,0,NUISANCE_AGE_AXIS
MLV2_DEV_005,0.5,0,0,NUISANCE_AGE_AXIS
MLV2_DEV_008,1.0,0,0,NUISANCE_AGE_AXIS
MLV2_DEV_050,1.0,0,0,NUISANCE_AGE_AXIS
MLV2_DEV_068,1.0,0,0,NUISANCE_AGE_AXIS
NEWDEV2_013,0.0,0,0,NUISANCE_AGE_AXIS
NEWDEV2_024,1.0,0,0,NUISANCE_AGE_AXIS
NEWDEV2_035,0.0,0,0,NUISANCE_AGE_AXIS
NEWDEV2_041,0.5,0,0,NUISANCE_AGE_AXIS
NEWDEV2_054,0.0,0,0,NUISANCE_AGE_AXIS
NEWDEV2_067,1.0,0,0,NUISANCE_AGE_AXIS
NEWDEV2_078,0.0,0,0,NUISANCE_AGE_AXIS
NEWDEV2_092,1.0,0,0,NUISANCE_AGE_AXIS
MLV2_DEV_003,1.0,0,0,NUISANCE_WITH_ORIGIN_DIAGNOSTIC
MLV2_DEV_005,1.0,0,0,NUISANCE_WITH_ORIGIN_DIAGNOSTIC
MLV2_DEV_008,1.0,0,0,NUISANCE_WITH_ORIGIN_DIAGNOSTIC
MLV2_DEV_050,1.0,0,0,NUISANCE_WITH_ORIGIN_DIAGNOSTIC
MLV2_DEV_068,1.0,0,0,NUISANCE_WITH_ORIGIN_DIAGNOSTIC
NEWDEV2_013,1.0,0,0,NUISANCE_WITH_ORIGIN_DIAGNOSTIC
NEWDEV2_024,1.0,0,0,NUISANCE_WITH_ORIGIN_DIAGNOSTIC
NEWDEV2_035,1.0,0,0,NUISANCE_WITH_ORIGIN_DIAGNOSTIC
NEWDEV2_041,1.0,0,0,NUISANCE_WITH_ORIGIN_DIAGNOSTIC
NEWDEV2_054,1.0,0,0,NUISANCE_WITH_ORIGIN_DIAGNOSTIC
NEWDEV2_067,1.0,0,0,NUISANCE_WITH_ORIGIN_DIAGNOSTIC
NEWDEV2_078,1.0,0,0,NUISANCE_WITH_ORIGIN_DIAGNOSTIC
NEWDEV2_092,1.0,0,0,NUISANCE_WITH_ORIGIN_DIAGNOSTIC
MLV2_DEV_003,0.0,0,0,ALL_ELASTICNET_AUTO
MLV2_DEV_005,0.0,0,0,ALL_ELASTICNET_AUTO
MLV2_DEV_008,0.0,0,0,ALL_ELASTICNET_AUTO
MLV2_DEV_050,0.0,0,0,ALL_ELASTICNET_AUTO
MLV2_DEV_068,0.0,0,0,ALL_ELASTICNET_AUTO
NEWDEV2_013,0.0,0,0,ALL_ELASTICNET_AUTO
NEWDEV2_024,0.0,0,0,ALL_ELASTICNET_AUTO
NEWDEV2_035,0.0,0,0,ALL_ELASTICNET_AUTO
NEWDEV2_041,0.0,0,0,ALL_ELASTICNET_AUTO
NEWDEV2_054,0.0,0,0,ALL_ELASTICNET_AUTO
NEWDEV2_067,0.0,0,0,ALL_ELASTICNET_AUTO
NEWDEV2_078,0.0,0,0,ALL_ELASTICNET_AUTO
NEWDEV2_092,0.0,0,0,ALL_ELASTICNET_AUTO
MLV2_DEV_003,0.5,0,0,HGB_ALL_EXPLORATORY
MLV2_DEV_005,1.0,0,0,HGB_ALL_EXPLORATORY
MLV2_DEV_008,1.0,0,0,HGB_ALL_EXPLORATORY
MLV2_DEV_050,1.0,0,0,HGB_ALL_EXPLORATORY
MLV2_DEV_068,0.8,0,0,HGB_ALL_EXPLORATORY
NEWDEV2_013,0.0,0,0,HGB_ALL_EXPLORATORY
NEWDEV2_024,1.0,0,0,HGB_ALL_EXPLORATORY
NEWDEV2_035,0.0,0,0,HGB_ALL_EXPLORATORY
NEWDEV2_041,0.5,0,0,HGB_ALL_EXPLORATORY
NEWDEV2_054,0.0,0,0,HGB_ALL_EXPLORATORY
NEWDEV2_067,0.0,0,0,HGB_ALL_EXPLORATORY
NEWDEV2_078,1.0,0,0,HGB_ALL_EXPLORATORY
NEWDEV2_092,0.0,0,0,HGB_ALL_EXPLORATORY
MLV2_DEV_020,1.0,0,1,AGE_YOUNGER_FIXED
MLV2_DEV_027,0.5,0,1,AGE_YOUNGER_FIXED
MLV2_DEV_028,0.0,0,1,AGE_YOUNGER_FIXED
MLV2_DEV_038,0.0,0,1,AGE_YOUNGER_FIXED
MLV2_DEV_058,1.0,0,1,AGE_YOUNGER_FIXED
NEWDEV2_006,0.0,0,1,AGE_YOUNGER_FIXED
NEWDEV2_030,1.0,0,1,AGE_YOUNGER_FIXED
NEWDEV2_056,0.25,0,1,AGE_YOUNGER_FIXED
NEWDEV2_059,0.0,0,1,AGE_YOUNGER_FIXED
NEWDEV2_060,0.0,0,1,AGE_YOUNGER_FIXED
NEWDEV2_068,1.0,0,1,AGE_YOUNGER_FIXED
NEWDEV2_077,1.0,0,1,AGE_YOUNGER_FIXED
NEWDEV2_089,0.5,0,1,AGE_YOUNGER_FIXED
NEWDEV2_100,0.0,0,1,AGE_YOUNGER_FIXED
MLV2_DEV_020,0.0,0,1,AGE_LATER_FIXED
MLV2_DEV_027,0.5,0,1,AGE_LATER_FIXED
MLV2_DEV_028,1.0,0,1,AGE_LATER_FIXED
MLV2_DEV_038,1.0,0,1,AGE_LATER_FIXED
MLV2_DEV_058,0.0,0,1,AGE_LATER_FIXED
NEWDEV2_006,1.0,0,1,AGE_LATER_FIXED
NEWDEV2_030,0.0,0,1,AGE_LATER_FIXED
NEWDEV2_056,0.75,0,1,AGE_LATER_FIXED
NEWDEV2_059,1.0,0,1,AGE_LATER_FIXED
NEWDEV2_060,1.0,0,1,AGE_LATER_FIXED
NEWDEV2_068,0.0,0,1,AGE_LATER_FIXED
NEWDEV2_077,0.0,0,1,AGE_LATER_FIXED
NEWDEV2_089,0.5,0,1,AGE_LATER_FIXED
NEWDEV2_100,1.0,0,1,AGE_LATER_FIXED
MLV2_DEV_020,0.0,0,1,CONTROL_FIXED
MLV2_DEV_027,1.0,0,1,CONTROL_FIXED
MLV2_DEV_028,1.0,0,1,CONTROL_FIXED
MLV2_DEV_038,0.0,0,1,CONTROL_FIXED
MLV2_DEV_058,0.0,0,1,CONTROL_FIXED
NEWDEV2_006,0.5,0,1,CONTROL_FIXED
NEWDEV2_030,0.0,0,1,CONTROL_FIXED
NEWDEV2_056,0.0,0,1,CONTROL_FIXED
NEWDEV2_059,0.0,0,1,CONTROL_FIXED
NEWDEV2_060,0.0,0,1,CONTROL_FIXED
NEWDEV2_068,0.0,0,1,CONTROL_FIXED
NEWDEV2_077,1.0,0,1,CONTROL_FIXED
NEWDEV2_089,1.0,0,1,CONTROL_FIXED
NEWDEV2_100,0.0,0,1,CONTROL_FIXED
MLV2_DEV_020,0.0,0,1,TG5_GROUP_L2
MLV2_DEV_027,0.5,0,1,TG5_GROUP_L2
MLV2_DEV_028,0.0,0,1,TG5_GROUP_L2
MLV2_DEV_038,1.0,0,1,TG5_GROUP_L2
MLV2_DEV_058,1.0,0,1,TG5_GROUP_L2
NEWDEV2_006,1.0,0,1,TG5_GROUP_L2
NEWDEV2_030,0.0,0,1,TG5_GROUP_L2
NEWDEV2_056,0.125,0,1,TG5_GROUP_L2
NEWDEV2_059,0.75,0,1,TG5_GROUP_L2
NEWDEV2_060,0.0,0,1,TG5_GROUP_L2
NEWDEV2_068,0.5,0,1,TG5_GROUP_L2
NEWDEV2_077,0.0,0,1,TG5_GROUP_L2
NEWDEV2_089,0.75,0,1,TG5_GROUP_L2
NEWDEV2_100,1.0,0,1,TG5_GROUP_L2
MLV2_DEV_020,0.0,0,1,TG10_STEM_L2
MLV2_DEV_027,1.0,0,1,TG10_STEM_L2
MLV2_DEV_028,1.0,0,1,TG10_STEM_L2
MLV2_DEV_038,1.0,0,1,TG10_STEM_L2
MLV2_DEV_058,1.0,0,1,TG10_STEM_L2
NEWDEV2_006,0.0,0,1,TG10_STEM_L2
NEWDEV2_030,0.0,0,1,TG10_STEM_L2
NEWDEV2_056,0.25,0,1,TG10_STEM_L2
NEWDEV2_059,0.5,0,1,TG10_STEM_L2
NEWDEV2_060,0.0,0,1,TG10_STEM_L2
NEWDEV2_068,1.0,0,1,TG10_STEM_L2
NEWDEV2_077,0.0,0,1,TG10_STEM_L2
NEWDEV2_089,1.0,0,1,TG10_STEM_L2
NEWDEV2_100,1.0,0,1,TG10_STEM_L2
MLV2_DEV_020,1.0,0,1,TG10_STEM_BRANCH_L2
MLV2_DEV_027,1.0,0,1,TG10_STEM_BRANCH_L2
MLV2_DEV_028,1.0,0,1,TG10_STEM_BRANCH_L2
MLV2_DEV_038,1.0,0,1,TG10_STEM_BRANCH_L2
MLV2_DEV_058,0.0,0,1,TG10_STEM_BRANCH_L2
NEWDEV2_006,0.0,0,1,TG10_STEM_BRANCH_L2
NEWDEV2_030,0.0,0,1,TG10_STEM_BRANCH_L2
NEWDEV2_056,0.0,0,1,TG10_STEM_BRANCH_L2
NEWDEV2_059,0.5,0,1,TG10_STEM_BRANCH_L2
NEWDEV2_060,0.0,0,1,TG10_STEM_BRANCH_L2
NEWDEV2_068,1.0,0,1,TG10_STEM_BRANCH_L2
NEWDEV2_077,0.0,0,1,TG10_STEM_BRANCH_L2
NEWDEV2_089,1.0,0,1,TG10_STEM_BRANCH_L2
NEWDEV2_100,1.0,0,1,TG10_STEM_BRANCH_L2
MLV2_DEV_020,1.0,0,1,TG10_SB_STRENGTH_L2
MLV2_DEV_027,1.0,0,1,TG10_SB_STRENGTH_L2
MLV2_DEV_028,1.0,0,1,TG10_SB_STRENGTH_L2
MLV2_DEV_038,0.0,0,1,TG10_SB_STRENGTH_L2
MLV2_DEV_058,0.0,0,1,TG10_SB_STRENGTH_L2
NEWDEV2_006,0.0,0,1,TG10_SB_STRENGTH_L2
NEWDEV2_030,0.0,0,1,TG10_SB_STRENGTH_L2
NEWDEV2_056,0.0,0,1,TG10_SB_STRENGTH_L2
NEWDEV2_059,1.0,0,1,TG10_SB_STRENGTH_L2
NEWDEV2_060,0.0,0,1,TG10_SB_STRENGTH_L2
NEWDEV2_068,0.0,0,1,TG10_SB_STRENGTH_L2
NEWDEV2_077,0.0,0,1,TG10_SB_STRENGTH_L2
NEWDEV2_089,1.0,0,1,TG10_SB_STRENGTH_L2
NEWDEV2_100,1.0,0,1,TG10_SB_STRENGTH_L2
MLV2_DEV_020,1.0,0,1,TG10_SB_RELATIONS_L2
MLV2_DEV_027,1.0,0,1,TG10_SB_RELATIONS_L2
MLV2_DEV_028,1.0,0,1,TG10_SB_RELATIONS_L2
MLV2_DEV_038,1.0,0,1,TG10_SB_RELATIONS_L2
MLV2_DEV_058,0.0,0,1,TG10_SB_RELATIONS_L2
NEWDEV2_006,0.0,0,1,TG10_SB_RELATIONS_L2
NEWDEV2_030,0.0,0,1,TG10_SB_RELATIONS_L2
NEWDEV2_056,0.0,0,1,TG10_SB_RELATIONS_L2
NEWDEV2_059,1.0,0,1,TG10_SB_RELATIONS_L2
NEWDEV2_060,0.0,0,1,TG10_SB_RELATIONS_L2
NEWDEV2_068,0.0,0,1,TG10_SB_RELATIONS_L2
NEWDEV2_077,0.0,0,1,TG10_SB_RELATIONS_L2
NEWDEV2_089,1.0,0,1,TG10_SB_RELATIONS_L2
NEWDEV2_100,1.0,0,1,TG10_SB_RELATIONS_L2
MLV2_DEV_020,0.0,0,1,ALL_L2
MLV2_DEV_027,1.0,0,1,ALL_L2
MLV2_DEV_028,1.0,0,1,ALL_L2
MLV2_DEV_038,0.0,0,1,ALL_L2
MLV2_DEV_058,1.0,0,1,ALL_L2
NEWDEV2_006,0.0,0,1,ALL_L2
NEWDEV2_030,0.0,0,1,ALL_L2
NEWDEV2_056,0.25,0,1,ALL_L2
NEWDEV2_059,1.0,0,1,ALL_L2
NEWDEV2_060,0.0,0,1,ALL_L2
NEWDEV2_068,0.0,0,1,ALL_L2
NEWDEV2_077,1.0,0,1,ALL_L2
NEWDEV2_089,1.0,0,1,ALL_L2
NEWDEV2_100,1.0,0,1,ALL_L2
MLV2_DEV_020,1.0,0,1,NUISANCE_AGE_AXIS
MLV2_DEV_027,0.5,0,1,NUISANCE_AGE_AXIS
MLV2_DEV_028,0.0,0,1,NUISANCE_AGE_AXIS
MLV2_DEV_038,0.0,0,1,NUISANCE_AGE_AXIS
MLV2_DEV_058,1.0,0,1,NUISANCE_AGE_AXIS
NEWDEV2_006,0.0,0,1,NUISANCE_AGE_AXIS
NEWDEV2_030,1.0,0,1,NUISANCE_AGE_AXIS
NEWDEV2_056,0.25,0,1,NUISANCE_AGE_AXIS
NEWDEV2_059,0.0,0,1,NUISANCE_AGE_AXIS
NEWDEV2_060,0.0,0,1,NUISANCE_AGE_AXIS
NEWDEV2_068,1.0,0,1,NUISANCE_AGE_AXIS
NEWDEV2_077,1.0,0,1,NUISANCE_AGE_AXIS
NEWDEV2_089,0.5,0,1,NUISANCE_AGE_AXIS
NEWDEV2_100,0.0,0,1,NUISANCE_AGE_AXIS
MLV2_DEV_020,1.0,0,1,NUISANCE_WITH_ORIGIN_DIAGNOSTIC
MLV2_DEV_027,1.0,0,1,NUISANCE_WITH_ORIGIN_DIAGNOSTIC
MLV2_DEV_028,1.0,0,1,NUISANCE_WITH_ORIGIN_DIAGNOSTIC
MLV2_DEV_038,0.0,0,1,NUISANCE_WITH_ORIGIN_DIAGNOSTIC
MLV2_DEV_058,1.0,0,1,NUISANCE_WITH_ORIGIN_DIAGNOSTIC
NEWDEV2_006,0.0,0,1,NUISANCE_WITH_ORIGIN_DIAGNOSTIC
NEWDEV2_030,1.0,0,1,NUISANCE_WITH_ORIGIN_DIAGNOSTIC
NEWDEV2_056,1.0,0,1,NUISANCE_WITH_ORIGIN_DIAGNOSTIC
NEWDEV2_059,1.0,0,1,NUISANCE_WITH_ORIGIN_DIAGNOSTIC
NEWDEV2_060,1.0,0,1,NUISANCE_WITH_ORIGIN_DIAGNOSTIC
NEWDEV2_068,1.0,0,1,NUISANCE_WITH_ORIGIN_DIAGNOSTIC
NEWDEV2_077,1.0,0,1,NUISANCE_WITH_ORIGIN_DIAGNOSTIC
NEWDEV2_089,1.0,0,1,NUISANCE_WITH_ORIGIN_DIAGNOSTIC
NEWDEV2_100,1.0,0,1,NUISANCE_WITH_ORIGIN_DIAGNOSTIC
MLV2_DEV_020,0.0,0,1,ALL_ELASTICNET_AUTO
MLV2_DEV_027,1.0,0,1,ALL_ELASTICNET_AUTO
MLV2_DEV_028,1.0,0,1,ALL_ELASTICNET_AUTO
MLV2_DEV_038,1.0,0,1,ALL_ELASTICNET_AUTO
MLV2_DEV_058,1.0,0,1,ALL_ELASTICNET_AUTO
NEWDEV2_006,0.0,0,1,ALL_ELASTICNET_AUTO
NEWDEV2_030,0.0,0,1,ALL_ELASTICNET_AUTO
NEWDEV2_056,0.0,0,1,ALL_ELASTICNET_AUTO
NEWDEV2_059,1.0,0,1,ALL_ELASTICNET_AUTO
NEWDEV2_060,0.0,0,1,ALL_ELASTICNET_AUTO
NEWDEV2_068,1.0,0,1,ALL_ELASTICNET_AUTO
NEWDEV2_077,0.0,0,1,ALL_ELASTICNET_AUTO
NEWDEV2_089,0.5,0,1,ALL_ELASTICNET_AUTO
NEWDEV2_100,1.0,0,1,ALL_ELASTICNET_AUTO
MLV2_DEV_020,1.0,0,1,HGB_ALL_EXPLORATORY
MLV2_DEV_027,0.0,0,1,HGB_ALL_EXPLORATORY
MLV2_DEV_028,1.0,0,1,HGB_ALL_EXPLORATORY
MLV2_DEV_038,0.0,0,1,HGB_ALL_EXPLORATORY
MLV2_DEV_058,0.0,0,1,HGB_ALL_EXPLORATORY
NEWDEV2_006,1.0,0,1,HGB_ALL_EXPLORATORY
NEWDEV2_030,0.0,0,1,HGB_ALL_EXPLORATORY
NEWDEV2_056,0.25,0,1,HGB_ALL_EXPLORATORY
NEWDEV2_059,1.0,0,1,HGB_ALL_EXPLORATORY
NEWDEV2_060,0.0,0,1,HGB_ALL_EXPLORATORY
NEWDEV2_068,0.0,0,1,HGB_ALL_EXPLORATORY
NEWDEV2_077,1.0,0,1,HGB_ALL_EXPLORATORY
NEWDEV2_089,0.5,0,1,HGB_ALL_EXPLORATORY
NEWDEV2_100,0.0,0,1,HGB_ALL_EXPLORATORY
MLV2_DEV_001,0.0,0,2,AGE_YOUNGER_FIXED
MLV2_DEV_033,0.0,0,2,AGE_YOUNGER_FIXED
MLV2_DEV_041,1.0,0,2,AGE_YOUNGER_FIXED
MLV2_DEV_054,0.5,0,2,AGE_YOUNGER_FIXED
NEWDEV2_002,0.0,0,2,AGE_YOUNGER_FIXED
NEWDEV2_016,0.0,0,2,AGE_YOUNGER_FIXED
NEWDEV2_042,0.0,0,2,AGE_YOUNGER_FIXED
NEWDEV2_053,0.0,0,2,AGE_YOUNGER_FIXED
NEWDEV2_065,0.3333333333333333,0,2,AGE_YOUNGER_FIXED
NEWDEV2_066,0.3333333333333333,0,2,AGE_YOUNGER_FIXED
NEWDEV2_081,0.5,0,2,AGE_YOUNGER_FIXED
NEWDEV2_090,1.0,0,2,AGE_YOUNGER_FIXED
NEWDEV2_091,1.0,0,2,AGE_YOUNGER_FIXED
MLV2_DEV_001,1.0,0,2,AGE_LATER_FIXED
MLV2_DEV_033,1.0,0,2,AGE_LATER_FIXED
MLV2_DEV_041,0.0,0,2,AGE_LATER_FIXED
MLV2_DEV_054,0.5,0,2,AGE_LATER_FIXED
NEWDEV2_002,1.0,0,2,AGE_LATER_FIXED
NEWDEV2_016,1.0,0,2,AGE_LATER_FIXED
NEWDEV2_042,1.0,0,2,AGE_LATER_FIXED
NEWDEV2_053,1.0,0,2,AGE_LATER_FIXED
NEWDEV2_065,0.6666666666666666,0,2,AGE_LATER_FIXED
NEWDEV2_066,0.6666666666666666,0,2,AGE_LATER_FIXED
NEWDEV2_081,0.5,0,2,AGE_LATER_FIXED
NEWDEV2_090,0.0,0,2,AGE_LATER_FIXED
NEWDEV2_091,0.0,0,2,AGE_LATER_FIXED
MLV2_DEV_001,0.0,0,2,CONTROL_FIXED
MLV2_DEV_033,1.0,0,2,CONTROL_FIXED
MLV2_DEV_041,1.0,0,2,CONTROL_FIXED
MLV2_DEV_054,0.5,0,2,CONTROL_FIXED
NEWDEV2_002,0.0,0,2,CONTROL_FIXED
NEWDEV2_016,0.0,0,2,CONTROL_FIXED
NEWDEV2_042,1.0,0,2,CONTROL_FIXED
NEWDEV2_053,0.0,0,2,CONTROL_FIXED
NEWDEV2_065,0.3333333333333333,0,2,CONTROL_FIXED
NEWDEV2_066,0.0,0,2,CONTROL_FIXED
NEWDEV2_081,0.5,0,2,CONTROL_FIXED
NEWDEV2_090,1.0,0,2,CONTROL_FIXED
NEWDEV2_091,1.0,0,2,CONTROL_FIXED
MLV2_DEV_001,0.0,0,2,TG5_GROUP_L2
MLV2_DEV_033,1.0,0,2,TG5_GROUP_L2
MLV2_DEV_041,0.0,0,2,TG5_GROUP_L2
MLV2_DEV_054,0.0,0,2,TG5_GROUP_L2
NEWDEV2_002,0.0,0,2,TG5_GROUP_L2
NEWDEV2_016,1.0,0,2,TG5_GROUP_L2
NEWDEV2_042,0.0,0,2,TG5_GROUP_L2
NEWDEV2_053,0.0,0,2,TG5_GROUP_L2
NEWDEV2_065,0.3333333333333333,0,2,TG5_GROUP_L2
NEWDEV2_066,0.8333333333333334,0,2,TG5_GROUP_L2
NEWDEV2_081,1.0,0,2,TG5_GROUP_L2
NEWDEV2_090,0.0,0,2,TG5_GROUP_L2
NEWDEV2_091,0.0,0,2,TG5_GROUP_L2
MLV2_DEV_001,0.0,0,2,TG10_STEM_L2
MLV2_DEV_033,1.0,0,2,TG10_STEM_L2
MLV2_DEV_041,0.0,0,2,TG10_STEM_L2
MLV2_DEV_054,0.0,0,2,TG10_STEM_L2
NEWDEV2_002,0.0,0,2,TG10_STEM_L2
NEWDEV2_016,1.0,0,2,TG10_STEM_L2
NEWDEV2_042,0.0,0,2,TG10_STEM_L2
NEWDEV2_053,1.0,0,2,TG10_STEM_L2
NEWDEV2_065,0.6666666666666666,0,2,TG10_STEM_L2
NEWDEV2_066,1.0,0,2,TG10_STEM_L2
NEWDEV2_081,1.0,0,2,TG10_STEM_L2
NEWDEV2_090,0.0,0,2,TG10_STEM_L2
NEWDEV2_091,0.0,0,2,TG10_STEM_L2
MLV2_DEV_001,1.0,0,2,TG10_STEM_BRANCH_L2
MLV2_DEV_033,1.0,0,2,TG10_STEM_BRANCH_L2
MLV2_DEV_041,0.0,0,2,TG10_STEM_BRANCH_L2
MLV2_DEV_054,0.0,0,2,TG10_STEM_BRANCH_L2
NEWDEV2_002,0.0,0,2,TG10_STEM_BRANCH_L2
NEWDEV2_016,1.0,0,2,TG10_STEM_BRANCH_L2
NEWDEV2_042,0.0,0,2,TG10_STEM_BRANCH_L2
NEWDEV2_053,1.0,0,2,TG10_STEM_BRANCH_L2
NEWDEV2_065,0.6666666666666666,0,2,TG10_STEM_BRANCH_L2
NEWDEV2_066,0.6666666666666666,0,2,TG10_STEM_BRANCH_L2
NEWDEV2_081,0.5,0,2,TG10_STEM_BRANCH_L2
NEWDEV2_090,0.0,0,2,TG10_STEM_BRANCH_L2
NEWDEV2_091,1.0,0,2,TG10_STEM_BRANCH_L2
MLV2_DEV_001,0.0,0,2,TG10_SB_STRENGTH_L2
MLV2_DEV_033,0.0,0,2,TG10_SB_STRENGTH_L2
MLV2_DEV_041,0.0,0,2,TG10_SB_STRENGTH_L2
MLV2_DEV_054,0.0,0,2,TG10_SB_STRENGTH_L2
NEWDEV2_002,0.0,0,2,TG10_SB_STRENGTH_L2
NEWDEV2_016,1.0,0,2,TG10_SB_STRENGTH_L2
NEWDEV2_042,0.0,0,2,TG10_SB_STRENGTH_L2
NEWDEV2_053,1.0,0,2,TG10_SB_STRENGTH_L2
NEWDEV2_065,0.6666666666666666,0,2,TG10_SB_STRENGTH_L2
NEWDEV2_066,0.6666666666666666,0,2,TG10_SB_STRENGTH_L2
NEWDEV2_081,0.5,0,2,TG10_SB_STRENGTH_L2
NEWDEV2_090,0.0,0,2,TG10_SB_STRENGTH_L2
NEWDEV2_091,1.0,0,2,TG10_SB_STRENGTH_L2
MLV2_DEV_001,1.0,0,2,TG10_SB_RELATIONS_L2
MLV2_DEV_033,0.0,0,2,TG10_SB_RELATIONS_L2
MLV2_DEV_041,0.0,0,2,TG10_SB_RELATIONS_L2
MLV2_DEV_054,0.0,0,2,TG10_SB_RELATIONS_L2
NEWDEV2_002,0.0,0,2,TG10_SB_RELATIONS_L2
NEWDEV2_016,1.0,0,2,TG10_SB_RELATIONS_L2
NEWDEV2_042,0.0,0,2,TG10_SB_RELATIONS_L2
NEWDEV2_053,0.0,0,2,TG10_SB_RELATIONS_L2
NEWDEV2_065,0.3333333333333333,0,2,TG10_SB_RELATIONS_L2
NEWDEV2_066,0.3333333333333333,0,2,TG10_SB_RELATIONS_L2
NEWDEV2_081,0.5,0,2,TG10_SB_RELATIONS_L2
NEWDEV2_090,0.0,0,2,TG10_SB_RELATIONS_L2
NEWDEV2_091,1.0,0,2,TG10_SB_RELATIONS_L2
MLV2_DEV_001,0.0,0,2,ALL_L2
MLV2_DEV_033,1.0,0,2,ALL_L2
MLV2_DEV_041,0.0,0,2,ALL_L2
MLV2_DEV_054,0.5,0,2,ALL_L2
NEWDEV2_002,1.0,0,2,ALL_L2
NEWDEV2_016,1.0,0,2,ALL_L2
NEWDEV2_042,0.0,0,2,ALL_L2
NEWDEV2_053,1.0,0,2,ALL_L2
NEWDEV2_065,0.3333333333333333,0,2,ALL_L2
NEWDEV2_066,1.0,0,2,ALL_L2
NEWDEV2_081,0.5,0,2,ALL_L2
NEWDEV2_090,0.0,0,2,ALL_L2
NEWDEV2_091,0.0,0,2,ALL_L2
MLV2_DEV_001,0.0,0,2,NUISANCE_AGE_AXIS
MLV2_DEV_033,0.0,0,2,NUISANCE_AGE_AXIS
MLV2_DEV_041,1.0,0,2,NUISANCE_AGE_AXIS
MLV2_DEV_054,0.0,0,2,NUISANCE_AGE_AXIS
NEWDEV2_002,0.0,0,2,NUISANCE_AGE_AXIS
NEWDEV2_016,0.0,0,2,NUISANCE_AGE_AXIS
NEWDEV2_042,0.0,0,2,NUISANCE_AGE_AXIS
NEWDEV2_053,0.0,0,2,NUISANCE_AGE_AXIS
NEWDEV2_065,0.3333333333333333,0,2,NUISANCE_AGE_AXIS
NEWDEV2_066,0.3333333333333333,0,2,NUISANCE_AGE_AXIS
NEWDEV2_081,0.5,0,2,NUISANCE_AGE_AXIS
NEWDEV2_090,1.0,0,2,NUISANCE_AGE_AXIS
NEWDEV2_091,1.0,0,2,NUISANCE_AGE_AXIS
MLV2_DEV_001,1.0,0,2,NUISANCE_WITH_ORIGIN_DIAGNOSTIC
MLV2_DEV_033,0.0,0,2,NUISANCE_WITH_ORIGIN_DIAGNOSTIC
MLV2_DEV_041,1.0,0,2,NUISANCE_WITH_ORIGIN_DIAGNOSTIC
MLV2_DEV_054,1.0,0,2,NUISANCE_WITH_ORIGIN_DIAGNOSTIC
NEWDEV2_002,1.0,0,2,NUISANCE_WITH_ORIGIN_DIAGNOSTIC
NEWDEV2_016,0.0,0,2,NUISANCE_WITH_ORIGIN_DIAGNOSTIC
NEWDEV2_042,1.0,0,2,NUISANCE_WITH_ORIGIN_DIAGNOSTIC
NEWDEV2_053,0.0,0,2,NUISANCE_WITH_ORIGIN_DIAGNOSTIC
NEWDEV2_065,1.0,0,2,NUISANCE_WITH_ORIGIN_DIAGNOSTIC
NEWDEV2_066,1.0,0,2,NUISANCE_WITH_ORIGIN_DIAGNOSTIC
NEWDEV2_081,1.0,0,2,NUISANCE_WITH_ORIGIN_DIAGNOSTIC
NEWDEV2_090,1.0,0,2,NUISANCE_WITH_ORIGIN_DIAGNOSTIC
NEWDEV2_091,1.0,0,2,NUISANCE_WITH_ORIGIN_DIAGNOSTIC
MLV2_DEV_001,0.0,0,2,ALL_ELASTICNET_AUTO
MLV2_DEV_033,0.0,0,2,ALL_ELASTICNET_AUTO
MLV2_DEV_041,0.0,0,2,ALL_ELASTICNET_AUTO
MLV2_DEV_054,0.0,0,2,ALL_ELASTICNET_AUTO
NEWDEV2_002,0.0,0,2,ALL_ELASTICNET_AUTO
NEWDEV2_016,0.0,0,2,ALL_ELASTICNET_AUTO
NEWDEV2_042,0.0,0,2,ALL_ELASTICNET_AUTO
NEWDEV2_053,0.0,0,2,ALL_ELASTICNET_AUTO
NEWDEV2_065,0.3333333333333333,0,2,ALL_ELASTICNET_AUTO
NEWDEV2_066,0.6666666666666666,0,2,ALL_ELASTICNET_AUTO
NEWDEV2_081,1.0,0,2,ALL_ELASTICNET_AUTO
NEWDEV2_090,0.0,0,2,ALL_ELASTICNET_AUTO
NEWDEV2_091,0.0,0,2,ALL_ELASTICNET_AUTO
MLV2_DEV_001,0.0,0,2,HGB_ALL_EXPLORATORY
MLV2_DEV_033,0.0,0,2,HGB_ALL_EXPLORATORY
MLV2_DEV_041,0.0,0,2,HGB_ALL_EXPLORATORY
MLV2_DEV_054,0.5,0,2,HGB_ALL_EXPLORATORY
NEWDEV2_002,0.0,0,2,HGB_ALL_EXPLORATORY
NEWDEV2_016,0.0,0,2,HGB_ALL_EXPLORATORY
NEWDEV2_042,0.0,0,2,HGB_ALL_EXPLORATORY
NEWDEV2_053,0.0,0,2,HGB_ALL_EXPLORATORY
NEWDEV2_065,0.3333333333333333,0,2,HGB_ALL_EXPLORATORY
NEWDEV2_066,0.6666666666666666,0,2,HGB_ALL_EXPLORATORY
NEWDEV2_081,0.0,0,2,HGB_ALL_EXPLORATORY
NEWDEV2_090,0.0,0,2,HGB_ALL_EXPLORATORY
NEWDEV2_091,0.0,0,2,HGB_ALL_EXPLORATORY
MLV2_DEV_007,0.6666666666666666,0,3,AGE_YOUNGER_FIXED
MLV2_DEV_011,0.0,0,3,AGE_YOUNGER_FIXED
MLV2_DEV_032,0.0,0,3,AGE_YOUNGER_FIXED
MLV2_DEV_040,0.0,0,3,AGE_YOUNGER_FIXED
MLV2_DEV_043,0.6666666666666666,0,3,AGE_YOUNGER_FIXED
MLV2_DEV_063,0.0,0,3,AGE_YOUNGER_FIXED
NEWDEV2_005,0.0,0,3,AGE_YOUNGER_FIXED
NEWDEV2_010,0.0,0,3,AGE_YOUNGER_FIXED
NEWDEV2_019,1.0,0,3,AGE_YOUNGER_FIXED
NEWDEV2_029,0.5,0,3,AGE_YOUNGER_FIXED
NEWDEV2_031,0.0,0,3,AGE_YOUNGER_FIXED
NEWDEV2_075,1.0,0,3,AGE_YOUNGER_FIXED
NEWDEV2_082,1.0,0,3,AGE_YOUNGER_FIXED
NEWDEV2_084,0.0,0,3,AGE_YOUNGER_FIXED
MLV2_DEV_007,0.3333333333333333,0,3,AGE_LATER_FIXED
MLV2_DEV_011,1.0,0,3,AGE_LATER_FIXED
MLV2_DEV_032,1.0,0,3,AGE_LATER_FIXED
MLV2_DEV_040,1.0,0,3,AGE_LATER_FIXED
MLV2_DEV_043,0.3333333333333333,0,3,AGE_LATER_FIXED
MLV2_DEV_063,1.0,0,3,AGE_LATER_FIXED
NEWDEV2_005,1.0,0,3,AGE_LATER_FIXED
NEWDEV2_010,1.0,0,3,AGE_LATER_FIXED
NEWDEV2_019,0.0,0,3,AGE_LATER_FIXED
NEWDEV2_029,0.5,0,3,AGE_LATER_FIXED
NEWDEV2_031,1.0,0,3,AGE_LATER_FIXED
NEWDEV2_075,0.0,0,3,AGE_LATER_FIXED
NEWDEV2_082,0.0,0,3,AGE_LATER_FIXED
NEWDEV2_084,1.0,0,3,AGE_LATER_FIXED
MLV2_DEV_007,0.0,0,3,CONTROL_FIXED
MLV2_DEV_011,1.0,0,3,CONTROL_FIXED
MLV2_DEV_032,1.0,0,3,CONTROL_FIXED
MLV2_DEV_040,0.0,0,3,CONTROL_FIXED
MLV2_DEV_043,1.0,0,3,CONTROL_FIXED
MLV2_DEV_063,1.0,0,3,CONTROL_FIXED
NEWDEV2_005,0.5,0,3,CONTROL_FIXED
NEWDEV2_010,0.5,0,3,CONTROL_FIXED
NEWDEV2_019,1.0,0,3,CONTROL_FIXED
NEWDEV2_029,0.0,0,3,CONTROL_FIXED
NEWDEV2_031,0.0,0,3,CONTROL_FIXED
NEWDEV2_075,1.0,0,3,CONTROL_FIXED
NEWDEV2_082,1.0,0,3,CONTROL_FIXED
NEWDEV2_084,0.5,0,3,CONTROL_FIXED
MLV2_DEV_007,0.0,0,3,TG5_GROUP_L2
MLV2_DEV_011,1.0,0,3,TG5_GROUP_L2
MLV2_DEV_032,0.0,0,3,TG5_GROUP_L2
MLV2_DEV_040,0.0,0,3,TG5_GROUP_L2
MLV2_DEV_043,1.0,0,3,TG5_GROUP_L2
MLV2_DEV_063,1.0,0,3,TG5_GROUP_L2
NEWDEV2_005,0.75,0,3,TG5_GROUP_L2
NEWDEV2_010,0.0,0,3,TG5_GROUP_L2
NEWDEV2_019,1.0,0,3,TG5_GROUP_L2
NEWDEV2_029,0.5,0,3,TG5_GROUP_L2
NEWDEV2_031,0.5,0,3,TG5_GROUP_L2
NEWDEV2_075,1.0,0,3,TG5_GROUP_L2
NEWDEV2_082,1.0,0,3,TG5_GROUP_L2
NEWDEV2_084,0.0,0,3,TG5_GROUP_L2
MLV2_DEV_007,0.6666666666666666,0,3,TG10_STEM_L2
MLV2_DEV_011,1.0,0,3,TG10_STEM_L2
MLV2_DEV_032,0.0,0,3,TG10_STEM_L2
MLV2_DEV_040,0.0,0,3,TG10_STEM_L2
MLV2_DEV_043,0.0,0,3,TG10_STEM_L2
MLV2_DEV_063,1.0,0,3,TG10_STEM_L2
NEWDEV2_005,0.5,0,3,TG10_STEM_L2
NEWDEV2_010,1.0,0,3,TG10_STEM_L2
NEWDEV2_019,1.0,0,3,TG10_STEM_L2
NEWDEV2_029,0.5,0,3,TG10_STEM_L2
NEWDEV2_031,1.0,0,3,TG10_STEM_L2
NEWDEV2_075,1.0,0,3,TG10_STEM_L2
NEWDEV2_082,1.0,0,3,TG10_STEM_L2
NEWDEV2_084,0.0,0,3,TG10_STEM_L2
MLV2_DEV_007,0.3333333333333333,0,3,TG10_STEM_BRANCH_L2
MLV2_DEV_011,1.0,0,3,TG10_STEM_BRANCH_L2
MLV2_DEV_032,1.0,0,3,TG10_STEM_BRANCH_L2
MLV2_DEV_040,0.0,0,3,TG10_STEM_BRANCH_L2
MLV2_DEV_043,0.0,0,3,TG10_STEM_BRANCH_L2
MLV2_DEV_063,1.0,0,3,TG10_STEM_BRANCH_L2
NEWDEV2_005,0.5,0,3,TG10_STEM_BRANCH_L2
NEWDEV2_010,1.0,0,3,TG10_STEM_BRANCH_L2
NEWDEV2_019,1.0,0,3,TG10_STEM_BRANCH_L2
NEWDEV2_029,0.0,0,3,TG10_STEM_BRANCH_L2
NEWDEV2_031,1.0,0,3,TG10_STEM_BRANCH_L2
NEWDEV2_075,1.0,0,3,TG10_STEM_BRANCH_L2
NEWDEV2_082,0.0,0,3,TG10_STEM_BRANCH_L2
NEWDEV2_084,0.0,0,3,TG10_STEM_BRANCH_L2
MLV2_DEV_007,0.0,0,3,TG10_SB_STRENGTH_L2
MLV2_DEV_011,1.0,0,3,TG10_SB_STRENGTH_L2
MLV2_DEV_032,1.0,0,3,TG10_SB_STRENGTH_L2
MLV2_DEV_040,0.0,0,3,TG10_SB_STRENGTH_L2
MLV2_DEV_043,0.0,0,3,TG10_SB_STRENGTH_L2
MLV2_DEV_063,1.0,0,3,TG10_SB_STRENGTH_L2
NEWDEV2_005,0.0,0,3,TG10_SB_STRENGTH_L2
NEWDEV2_010,0.0,0,3,TG10_SB_STRENGTH_L2
NEWDEV2_019,1.0,0,3,TG10_SB_STRENGTH_L2
NEWDEV2_029,0.5,0,3,TG10_SB_STRENGTH_L2
NEWDEV2_031,1.0,0,3,TG10_SB_STRENGTH_L2
NEWDEV2_075,1.0,0,3,TG10_SB_STRENGTH_L2
NEWDEV2_082,0.0,0,3,TG10_SB_STRENGTH_L2
NEWDEV2_084,0.0,0,3,TG10_SB_STRENGTH_L2
MLV2_DEV_007,0.0,0,3,TG10_SB_RELATIONS_L2
MLV2_DEV_011,1.0,0,3,TG10_SB_RELATIONS_L2
MLV2_DEV_032,1.0,0,3,TG10_SB_RELATIONS_L2
MLV2_DEV_040,0.0,0,3,TG10_SB_RELATIONS_L2
MLV2_DEV_043,0.0,0,3,TG10_SB_RELATIONS_L2
MLV2_DEV_063,1.0,0,3,TG10_SB_RELATIONS_L2
NEWDEV2_005,0.0,0,3,TG10_SB_RELATIONS_L2
NEWDEV2_010,1.0,0,3,TG10_SB_RELATIONS_L2
NEWDEV2_019,1.0,0,3,TG10_SB_RELATIONS_L2
NEWDEV2_029,0.0,0,3,TG10_SB_RELATIONS_L2
NEWDEV2_031,1.0,0,3,TG10_SB_RELATIONS_L2
NEWDEV2_075,1.0,0,3,TG10_SB_RELATIONS_L2
NEWDEV2_082,1.0,0,3,TG10_SB_RELATIONS_L2
NEWDEV2_084,0.0,0,3,TG10_SB_RELATIONS_L2
MLV2_DEV_007,0.0,0,3,ALL_L2
MLV2_DEV_011,1.0,0,3,ALL_L2
MLV2_DEV_032,0.0,0,3,ALL_L2
MLV2_DEV_040,0.0,0,3,ALL_L2
MLV2_DEV_043,0.0,0,3,ALL_L2
MLV2_DEV_063,1.0,0,3,ALL_L2
NEWDEV2_005,0.5,0,3,ALL_L2
NEWDEV2_010,1.0,0,3,ALL_L2
NEWDEV2_019,1.0,0,3,ALL_L2
NEWDEV2_029,0.5,0,3,ALL_L2
NEWDEV2_031,1.0,0,3,ALL_L2
NEWDEV2_075,1.0,0,3,ALL_L2
NEWDEV2_082,1.0,0,3,ALL_L2
NEWDEV2_084,0.0,0,3,ALL_L2
MLV2_DEV_007,0.6666666666666666,0,3,NUISANCE_AGE_AXIS
MLV2_DEV_011,0.0,0,3,NUISANCE_AGE_AXIS
MLV2_DEV_032,0.0,0,3,NUISANCE_AGE_AXIS
MLV2_DEV_040,0.0,0,3,NUISANCE_AGE_AXIS
MLV2_DEV_043,0.3333333333333333,0,3,NUISANCE_AGE_AXIS
MLV2_DEV_063,0.0,0,3,NUISANCE_AGE_AXIS
NEWDEV2_005,0.5,0,3,NUISANCE_AGE_AXIS
NEWDEV2_010,1.0,0,3,NUISANCE_AGE_AXIS
NEWDEV2_019,1.0,0,3,NUISANCE_AGE_AXIS
NEWDEV2_029,0.5,0,3,NUISANCE_AGE_AXIS
NEWDEV2_031,1.0,0,3,NUISANCE_AGE_AXIS
NEWDEV2_075,0.0,0,3,NUISANCE_AGE_AXIS
NEWDEV2_082,1.0,0,3,NUISANCE_AGE_AXIS
NEWDEV2_084,0.0,0,3,NUISANCE_AGE_AXIS
MLV2_DEV_007,1.0,0,3,NUISANCE_WITH_ORIGIN_DIAGNOSTIC
MLV2_DEV_011,1.0,0,3,NUISANCE_WITH_ORIGIN_DIAGNOSTIC
MLV2_DEV_032,1.0,0,3,NUISANCE_WITH_ORIGIN_DIAGNOSTIC
MLV2_DEV_040,1.0,0,3,NUISANCE_WITH_ORIGIN_DIAGNOSTIC
MLV2_DEV_043,1.0,0,3,NUISANCE_WITH_ORIGIN_DIAGNOSTIC
MLV2_DEV_063,1.0,0,3,NUISANCE_WITH_ORIGIN_DIAGNOSTIC
NEWDEV2_005,1.0,0,3,NUISANCE_WITH_ORIGIN_DIAGNOSTIC
NEWDEV2_010,0.0,0,3,NUISANCE_WITH_ORIGIN_DIAGNOSTIC
NEWDEV2_019,1.0,0,3,NUISANCE_WITH_ORIGIN_DIAGNOSTIC
NEWDEV2_029,1.0,0,3,NUISANCE_WITH_ORIGIN_DIAGNOSTIC
NEWDEV2_031,1.0,0,3,NUISANCE_WITH_ORIGIN_DIAGNOSTIC
NEWDEV2_075,1.0,0,3,NUISANCE_WITH_ORIGIN_DIAGNOSTIC
NEWDEV2_082,1.0,0,3,NUISANCE_WITH_ORIGIN_DIAGNOSTIC
NEWDEV2_084,1.0,0,3,NUISANCE_WITH_ORIGIN_DIAGNOSTIC
MLV2_DEV_007,0.0,0,3,ALL_ELASTICNET_AUTO
MLV2_DEV_011,0.0,0,3,ALL_ELASTICNET_AUTO
MLV2_DEV_032,0.0,0,3,ALL_ELASTICNET_AUTO
MLV2_DEV_040,0.0,0,3,ALL_ELASTICNET_AUTO
MLV2_DEV_043,0.0,0,3,ALL_ELASTICNET_AUTO
MLV2_DEV_063,1.0,0,3,ALL_ELASTICNET_AUTO
NEWDEV2_005,0.5,0,3,ALL_ELASTICNET_AUTO
NEWDEV2_010,1.0,0,3,ALL_ELASTICNET_AUTO
NEWDEV2_019,0.0,0,3,ALL_ELASTICNET_AUTO
NEWDEV2_029,1.0,0,3,ALL_ELASTICNET_AUTO
NEWDEV2_031,0.0,0,3,ALL_ELASTICNET_AUTO
NEWDEV2_075,1.0,0,3,ALL_ELASTICNET_AUTO
NEWDEV2_082,1.0,0,3,ALL_ELASTICNET_AUTO
NEWDEV2_084,0.0,0,3,ALL_ELASTICNET_AUTO
MLV2_DEV_007,0.0,0,3,HGB_ALL_EXPLORATORY
MLV2_DEV_011,1.0,0,3,HGB_ALL_EXPLORATORY
MLV2_DEV_032,1.0,0,3,HGB_ALL_EXPLORATORY
MLV2_DEV_040,0.0,0,3,HGB_ALL_EXPLORATORY
MLV2_DEV_043,0.3333333333333333,0,3,HGB_ALL_EXPLORATORY
MLV2_DEV_063,1.0,0,3,HGB_ALL_EXPLORATORY
NEWDEV2_005,0.5,0,3,HGB_ALL_EXPLORATORY
NEWDEV2_010,1.0,0,3,HGB_ALL_EXPLORATORY
NEWDEV2_019,0.0,0,3,HGB_ALL_EXPLORATORY
NEWDEV2_029,1.0,0,3,HGB_ALL_EXPLORATORY
NEWDEV2_031,0.0,0,3,HGB_ALL_EXPLORATORY
NEWDEV2_075,1.0,0,3,HGB_ALL_EXPLORATORY
NEWDEV2_082,1.0,0,3,HGB_ALL_EXPLORATORY
NEWDEV2_084,0.0,0,3,HGB_ALL_EXPLORATORY
MLV2_DEV_012,0.0,0,4,AGE_YOUNGER_FIXED
MLV2_DEV_022,0.5,0,4,AGE_YOUNGER_FIXED
MLV2_DEV_036,0.0,0,4,AGE_YOUNGER_FIXED
MLV2_DEV_039,1.0,0,4,AGE_YOUNGER_FIXED
MLV2_DEV_044,0.0,0,4,AGE_YOUNGER_FIXED
MLV2_DEV_051,0.0,0,4,AGE_YOUNGER_FIXED
MLV2_DEV_057,0.5,0,4,AGE_YOUNGER_FIXED
NEWDEV2_027,0.0,0,4,AGE_YOUNGER_FIXED
NEWDEV2_028,1.0,0,4,AGE_YOUNGER_FIXED
NEWDEV2_036,0.0,0,4,AGE_YOUNGER_FIXED
NEWDEV2_039,1.0,0,4,AGE_YOUNGER_FIXED
NEWDEV2_043,0.0,0,4,AGE_YOUNGER_FIXED
NEWDEV2_070,1.0,0,4,AGE_YOUNGER_FIXED
NEWDEV2_074,1.0,0,4,AGE_YOUNGER_FIXED
NEWDEV2_093,1.0,0,4,AGE_YOUNGER_FIXED
MLV2_DEV_012,1.0,0,4,AGE_LATER_FIXED
MLV2_DEV_022,0.5,0,4,AGE_LATER_FIXED
MLV2_DEV_036,1.0,0,4,AGE_LATER_FIXED
MLV2_DEV_039,0.0,0,4,AGE_LATER_FIXED
MLV2_DEV_044,1.0,0,4,AGE_LATER_FIXED
MLV2_DEV_051,1.0,0,4,AGE_LATER_FIXED
MLV2_DEV_057,0.5,0,4,AGE_LATER_FIXED
NEWDEV2_027,1.0,0,4,AGE_LATER_FIXED
NEWDEV2_028,0.0,0,4,AGE_LATER_FIXED
NEWDEV2_036,1.0,0,4,AGE_LATER_FIXED
NEWDEV2_039,0.0,0,4,AGE_LATER_FIXED
NEWDEV2_043,1.0,0,4,AGE_LATER_FIXED
NEWDEV2_070,0.0,0,4,AGE_LATER_FIXED
NEWDEV2_074,0.0,0,4,AGE_LATER_FIXED
NEWDEV2_093,0.0,0,4,AGE_LATER_FIXED
MLV2_DEV_012,0.0,0,4,CONTROL_FIXED
MLV2_DEV_022,0.5,0,4,CONTROL_FIXED
MLV2_DEV_036,1.0,0,4,CONTROL_FIXED
MLV2_DEV_039,0.0,0,4,CONTROL_FIXED
MLV2_DEV_044,1.0,0,4,CONTROL_FIXED
MLV2_DEV_051,0.0,0,4,CONTROL_FIXED
MLV2_DEV_057,0.0,0,4,CONTROL_FIXED
NEWDEV2_027,0.16666666666666666,0,4,CONTROL_FIXED
NEWDEV2_028,1.0,0,4,CONTROL_FIXED
NEWDEV2_036,0.5,0,4,CONTROL_FIXED
NEWDEV2_039,1.0,0,4,CONTROL_FIXED
NEWDEV2_043,1.0,0,4,CONTROL_FIXED
NEWDEV2_070,1.0,0,4,CONTROL_FIXED
NEWDEV2_074,0.0,0,4,CONTROL_FIXED
NEWDEV2_093,0.0,0,4,CONTROL_FIXED
MLV2_DEV_012,0.5,0,4,TG5_GROUP_L2
MLV2_DEV_022,0.25,0,4,TG5_GROUP_L2
MLV2_DEV_036,0.0,0,4,TG5_GROUP_L2
MLV2_DEV_039,0.0,0,4,TG5_GROUP_L2
MLV2_DEV_044,1.0,0,4,TG5_GROUP_L2
MLV2_DEV_051,0.5,0,4,TG5_GROUP_L2
MLV2_DEV_057,0.25,0,4,TG5_GROUP_L2
NEWDEV2_027,0.6666666666666666,0,4,TG5_GROUP_L2
NEWDEV2_028,0.5,0,4,TG5_GROUP_L2
NEWDEV2_036,0.25,0,4,TG5_GROUP_L2
NEWDEV2_039,0.5,0,4,TG5_GROUP_L2
NEWDEV2_043,1.0,0,4,TG5_GROUP_L2
NEWDEV2_070,0.0,0,4,TG5_GROUP_L2
NEWDEV2_074,0.0,0,4,TG5_GROUP_L2
NEWDEV2_093,1.0,0,4,TG5_GROUP_L2
MLV2_DEV_012,1.0,0,4,TG10_STEM_L2
MLV2_DEV_022,0.5,0,4,TG10_STEM_L2
MLV2_DEV_036,0.0,0,4,TG10_STEM_L2
MLV2_DEV_039,0.0,0,4,TG10_STEM_L2
MLV2_DEV_044,1.0,0,4,TG10_STEM_L2
MLV2_DEV_051,0.0,0,4,TG10_STEM_L2
MLV2_DEV_057,0.5,0,4,TG10_STEM_L2
NEWDEV2_027,0.6666666666666666,0,4,TG10_STEM_L2
NEWDEV2_028,1.0,0,4,TG10_STEM_L2
NEWDEV2_036,0.5,0,4,TG10_STEM_L2
NEWDEV2_039,1.0,0,4,TG10_STEM_L2
NEWDEV2_043,1.0,0,4,TG10_STEM_L2
NEWDEV2_070,0.0,0,4,TG10_STEM_L2
NEWDEV2_074,0.0,0,4,TG10_STEM_L2
NEWDEV2_093,1.0,0,4,TG10_STEM_L2
MLV2_DEV_012,1.0,0,4,TG10_STEM_BRANCH_L2
MLV2_DEV_022,0.5,0,4,TG10_STEM_BRANCH_L2
MLV2_DEV_036,0.0,0,4,TG10_STEM_BRANCH_L2
MLV2_DEV_039,1.0,0,4,TG10_STEM_BRANCH_L2
MLV2_DEV_044,1.0,0,4,TG10_STEM_BRANCH_L2
MLV2_DEV_051,1.0,0,4,TG10_STEM_BRANCH_L2
MLV2_DEV_057,0.0,0,4,TG10_STEM_BRANCH_L2
NEWDEV2_027,0.6666666666666666,0,4,TG10_STEM_BRANCH_L2
NEWDEV2_028,1.0,0,4,TG10_STEM_BRANCH_L2
NEWDEV2_036,0.5,0,4,TG10_STEM_BRANCH_L2
NEWDEV2_039,1.0,0,4,TG10_STEM_BRANCH_L2
NEWDEV2_043,1.0,0,4,TG10_STEM_BRANCH_L2
NEWDEV2_070,0.0,0,4,TG10_STEM_BRANCH_L2
NEWDEV2_074,0.0,0,4,TG10_STEM_BRANCH_L2
NEWDEV2_093,1.0,0,4,TG10_STEM_BRANCH_L2
MLV2_DEV_012,1.0,0,4,TG10_SB_STRENGTH_L2
MLV2_DEV_022,0.5,0,4,TG10_SB_STRENGTH_L2
MLV2_DEV_036,0.0,0,4,TG10_SB_STRENGTH_L2
MLV2_DEV_039,1.0,0,4,TG10_SB_STRENGTH_L2
MLV2_DEV_044,1.0,0,4,TG10_SB_STRENGTH_L2
MLV2_DEV_051,1.0,0,4,TG10_SB_STRENGTH_L2
MLV2_DEV_057,0.0,0,4,TG10_SB_STRENGTH_L2
NEWDEV2_027,0.3333333333333333,0,4,TG10_SB_STRENGTH_L2
NEWDEV2_028,1.0,0,4,TG10_SB_STRENGTH_L2
NEWDEV2_036,0.5,0,4,TG10_SB_STRENGTH_L2
NEWDEV2_039,1.0,0,4,TG10_SB_STRENGTH_L2
NEWDEV2_043,1.0,0,4,TG10_SB_STRENGTH_L2
NEWDEV2_070,0.0,0,4,TG10_SB_STRENGTH_L2
NEWDEV2_074,0.0,0,4,TG10_SB_STRENGTH_L2
NEWDEV2_093,0.0,0,4,TG10_SB_STRENGTH_L2
MLV2_DEV_012,1.0,0,4,TG10_SB_RELATIONS_L2
MLV2_DEV_022,0.5,0,4,TG10_SB_RELATIONS_L2
MLV2_DEV_036,0.0,0,4,TG10_SB_RELATIONS_L2
MLV2_DEV_039,1.0,0,4,TG10_SB_RELATIONS_L2
MLV2_DEV_044,1.0,0,4,TG10_SB_RELATIONS_L2
MLV2_DEV_051,0.0,0,4,TG10_SB_RELATIONS_L2
MLV2_DEV_057,0.0,0,4,TG10_SB_RELATIONS_L2
NEWDEV2_027,0.3333333333333333,0,4,TG10_SB_RELATIONS_L2
NEWDEV2_028,1.0,0,4,TG10_SB_RELATIONS_L2
NEWDEV2_036,0.0,0,4,TG10_SB_RELATIONS_L2
NEWDEV2_039,1.0,0,4,TG10_SB_RELATIONS_L2
NEWDEV2_043,1.0,0,4,TG10_SB_RELATIONS_L2
NEWDEV2_070,0.0,0,4,TG10_SB_RELATIONS_L2
NEWDEV2_074,0.0,0,4,TG10_SB_RELATIONS_L2
NEWDEV2_093,1.0,0,4,TG10_SB_RELATIONS_L2
MLV2_DEV_012,1.0,0,4,ALL_L2
MLV2_DEV_022,0.5,0,4,ALL_L2
MLV2_DEV_036,0.0,0,4,ALL_L2
MLV2_DEV_039,1.0,0,4,ALL_L2
MLV2_DEV_044,1.0,0,4,ALL_L2
MLV2_DEV_051,0.0,0,4,ALL_L2
MLV2_DEV_057,0.0,0,4,ALL_L2
NEWDEV2_027,0.3333333333333333,0,4,ALL_L2
NEWDEV2_028,1.0,0,4,ALL_L2
NEWDEV2_036,0.5,0,4,ALL_L2
NEWDEV2_039,1.0,0,4,ALL_L2
NEWDEV2_043,1.0,0,4,ALL_L2
NEWDEV2_070,0.0,0,4,ALL_L2
NEWDEV2_074,0.0,0,4,ALL_L2
NEWDEV2_093,1.0,0,4,ALL_L2
MLV2_DEV_012,0.0,0,4,NUISANCE_AGE_AXIS
MLV2_DEV_022,0.5,0,4,NUISANCE_AGE_AXIS
MLV2_DEV_036,0.0,0,4,NUISANCE_AGE_AXIS
MLV2_DEV_039,1.0,0,4,NUISANCE_AGE_AXIS
MLV2_DEV_044,0.0,0,4,NUISANCE_AGE_AXIS
MLV2_DEV_051,1.0,0,4,NUISANCE_AGE_AXIS
MLV2_DEV_057,0.5,0,4,NUISANCE_AGE_AXIS
NEWDEV2_027,0.0,0,4,NUISANCE_AGE_AXIS
NEWDEV2_028,1.0,0,4,NUISANCE_AGE_AXIS
NEWDEV2_036,0.0,0,4,NUISANCE_AGE_AXIS
NEWDEV2_039,1.0,0,4,NUISANCE_AGE_AXIS
NEWDEV2_043,0.0,0,4,NUISANCE_AGE_AXIS
NEWDEV2_070,1.0,0,4,NUISANCE_AGE_AXIS
NEWDEV2_074,1.0,0,4,NUISANCE_AGE_AXIS
NEWDEV2_093,1.0,0,4,NUISANCE_AGE_AXIS
MLV2_DEV_012,1.0,0,4,NUISANCE_WITH_ORIGIN_DIAGNOSTIC
MLV2_DEV_022,0.5,0,4,NUISANCE_WITH_ORIGIN_DIAGNOSTIC
MLV2_DEV_036,1.0,0,4,NUISANCE_WITH_ORIGIN_DIAGNOSTIC
MLV2_DEV_039,1.0,0,4,NUISANCE_WITH_ORIGIN_DIAGNOSTIC
MLV2_DEV_044,1.0,0,4,NUISANCE_WITH_ORIGIN_DIAGNOSTIC
MLV2_DEV_051,1.0,0,4,NUISANCE_WITH_ORIGIN_DIAGNOSTIC
MLV2_DEV_057,1.0,0,4,NUISANCE_WITH_ORIGIN_DIAGNOSTIC
NEWDEV2_027,1.0,0,4,NUISANCE_WITH_ORIGIN_DIAGNOSTIC
NEWDEV2_028,1.0,0,4,NUISANCE_WITH_ORIGIN_DIAGNOSTIC
NEWDEV2_036,1.0,0,4,NUISANCE_WITH_ORIGIN_DIAGNOSTIC
NEWDEV2_039,1.0,0,4,NUISANCE_WITH_ORIGIN_DIAGNOSTIC
NEWDEV2_043,0.0,0,4,NUISANCE_WITH_ORIGIN_DIAGNOSTIC
NEWDEV2_070,1.0,0,4,NUISANCE_WITH_ORIGIN_DIAGNOSTIC
NEWDEV2_074,1.0,0,4,NUISANCE_WITH_ORIGIN_DIAGNOSTIC
NEWDEV2_093,1.0,0,4,NUISANCE_WITH_ORIGIN_DIAGNOSTIC
MLV2_DEV_012,0.0,0,4,ALL_ELASTICNET_AUTO
MLV2_DEV_022,0.5,0,4,ALL_ELASTICNET_AUTO
MLV2_DEV_036,0.0,0,4,ALL_ELASTICNET_AUTO
MLV2_DEV_039,0.0,0,4,ALL_ELASTICNET_AUTO
MLV2_DEV_044,0.0,0,4,ALL_ELASTICNET_AUTO
MLV2_DEV_051,0.0,0,4,ALL_ELASTICNET_AUTO
MLV2_DEV_057,0.0,0,4,ALL_ELASTICNET_AUTO
NEWDEV2_027,0.0,0,4,ALL_ELASTICNET_AUTO
NEWDEV2_028,0.0,0,4,ALL_ELASTICNET_AUTO
NEWDEV2_036,0.0,0,4,ALL_ELASTICNET_AUTO
NEWDEV2_039,0.0,0,4,ALL_ELASTICNET_AUTO
NEWDEV2_043,0.0,0,4,ALL_ELASTICNET_AUTO
NEWDEV2_070,0.0,0,4,ALL_ELASTICNET_AUTO
NEWDEV2_074,1.0,0,4,ALL_ELASTICNET_AUTO
NEWDEV2_093,1.0,0,4,ALL_ELASTICNET_AUTO
MLV2_DEV_012,1.0,0,4,HGB_ALL_EXPLORATORY
MLV2_DEV_022,1.0,0,4,HGB_ALL_EXPLORATORY
MLV2_DEV_036,0.0,0,4,HGB_ALL_EXPLORATORY
MLV2_DEV_039,1.0,0,4,HGB_ALL_EXPLORATORY
MLV2_DEV_044,0.0,0,4,HGB_ALL_EXPLORATORY
MLV2_DEV_051,0.0,0,4,HGB_ALL_EXPLORATORY
MLV2_DEV_057,0.5,0,4,HGB_ALL_EXPLORATORY
NEWDEV2_027,0.6666666666666666,0,4,HGB_ALL_EXPLORATORY
NEWDEV2_028,0.0,0,4,HGB_ALL_EXPLORATORY
NEWDEV2_036,0.5,0,4,HGB_ALL_EXPLORATORY
NEWDEV2_039,1.0,0,4,HGB_ALL_EXPLORATORY
NEWDEV2_043,0.0,0,4,HGB_ALL_EXPLORATORY
NEWDEV2_070,0.0,0,4,HGB_ALL_EXPLORATORY
NEWDEV2_074,0.0,0,4,HGB_ALL_EXPLORATORY
NEWDEV2_093,1.0,0,4,HGB_ALL_EXPLORATORY
MLV2_DEV_011,0.0,1,0,AGE_YOUNGER_FIXED
MLV2_DEV_012,0.0,1,0,AGE_YOUNGER_FIXED
MLV2_DEV_022,0.5,1,0,AGE_YOUNGER_FIXED
MLV2_DEV_044,0.0,1,0,AGE_YOUNGER_FIXED
MLV2_DEV_051,0.0,1,0,AGE_YOUNGER_FIXED
MLV2_DEV_057,0.5,1,0,AGE_YOUNGER_FIXED
MLV2_DEV_058,1.0,1,0,AGE_YOUNGER_FIXED
MLV2_DEV_068,0.0,1,0,AGE_YOUNGER_FIXED
NEWDEV2_013,1.0,1,0,AGE_YOUNGER_FIXED
NEWDEV2_030,1.0,1,0,AGE_YOUNGER_FIXED
NEWDEV2_041,0.5,1,0,AGE_YOUNGER_FIXED
NEWDEV2_068,1.0,1,0,AGE_YOUNGER_FIXED
NEWDEV2_090,1.0,1,0,AGE_YOUNGER_FIXED
NEWDEV2_093,1.0,1,0,AGE_YOUNGER_FIXED
MLV2_DEV_011,1.0,1,0,AGE_LATER_FIXED
MLV2_DEV_012,1.0,1,0,AGE_LATER_FIXED
MLV2_DEV_022,0.5,1,0,AGE_LATER_FIXED
MLV2_DEV_044,1.0,1,0,AGE_LATER_FIXED
MLV2_DEV_051,1.0,1,0,AGE_LATER_FIXED
MLV2_DEV_057,0.5,1,0,AGE_LATER_FIXED
MLV2_DEV_058,0.0,1,0,AGE_LATER_FIXED
MLV2_DEV_068,1.0,1,0,AGE_LATER_FIXED
NEWDEV2_013,0.0,1,0,AGE_LATER_FIXED
NEWDEV2_030,0.0,1,0,AGE_LATER_FIXED
NEWDEV2_041,0.5,1,0,AGE_LATER_FIXED
NEWDEV2_068,0.0,1,0,AGE_LATER_FIXED
NEWDEV2_090,0.0,1,0,AGE_LATER_FIXED
NEWDEV2_093,0.0,1,0,AGE_LATER_FIXED
MLV2_DEV_011,1.0,1,0,CONTROL_FIXED
MLV2_DEV_012,0.0,1,0,CONTROL_FIXED
MLV2_DEV_022,0.5,1,0,CONTROL_FIXED
MLV2_DEV_044,1.0,1,0,CONTROL_FIXED
MLV2_DEV_051,0.0,1,0,CONTROL_FIXED
MLV2_DEV_057,0.0,1,0,CONTROL_FIXED
MLV2_DEV_058,0.0,1,0,CONTROL_FIXED
MLV2_DEV_068,0.4,1,0,CONTROL_FIXED
NEWDEV2_013,0.0,1,0,CONTROL_FIXED
NEWDEV2_030,0.0,1,0,CONTROL_FIXED
NEWDEV2_041,0.5,1,0,CONTROL_FIXED
NEWDEV2_068,0.0,1,0,CONTROL_FIXED
NEWDEV2_090,1.0,1,0,CONTROL_FIXED
NEWDEV2_093,0.0,1,0,CONTROL_FIXED
MLV2_DEV_011,1.0,1,0,TG5_GROUP_L2
MLV2_DEV_012,0.5,1,0,TG5_GROUP_L2
MLV2_DEV_022,0.25,1,0,TG5_GROUP_L2
MLV2_DEV_044,1.0,1,0,TG5_GROUP_L2
MLV2_DEV_051,0.5,1,0,TG5_GROUP_L2
MLV2_DEV_057,0.25,1,0,TG5_GROUP_L2
MLV2_DEV_058,1.0,1,0,TG5_GROUP_L2
MLV2_DEV_068,0.1,1,0,TG5_GROUP_L2
NEWDEV2_013,0.0,1,0,TG5_GROUP_L2
NEWDEV2_030,0.0,1,0,TG5_GROUP_L2
NEWDEV2_041,0.5,1,0,TG5_GROUP_L2
NEWDEV2_068,0.5,1,0,TG5_GROUP_L2
NEWDEV2_090,0.0,1,0,TG5_GROUP_L2
NEWDEV2_093,1.0,1,0,TG5_GROUP_L2
MLV2_DEV_011,0.0,1,0,TG10_STEM_L2
MLV2_DEV_012,1.0,1,0,TG10_STEM_L2
MLV2_DEV_022,0.5,1,0,TG10_STEM_L2
MLV2_DEV_044,0.0,1,0,TG10_STEM_L2
MLV2_DEV_051,0.0,1,0,TG10_STEM_L2
MLV2_DEV_057,0.0,1,0,TG10_STEM_L2
MLV2_DEV_058,1.0,1,0,TG10_STEM_L2
MLV2_DEV_068,0.6,1,0,TG10_STEM_L2
NEWDEV2_013,0.0,1,0,TG10_STEM_L2
NEWDEV2_030,0.0,1,0,TG10_STEM_L2
NEWDEV2_041,0.5,1,0,TG10_STEM_L2
NEWDEV2_068,0.0,1,0,TG10_STEM_L2
NEWDEV2_090,0.0,1,0,TG10_STEM_L2
NEWDEV2_093,1.0,1,0,TG10_STEM_L2
MLV2_DEV_011,1.0,1,0,TG10_STEM_BRANCH_L2
MLV2_DEV_012,1.0,1,0,TG10_STEM_BRANCH_L2
MLV2_DEV_022,0.5,1,0,TG10_STEM_BRANCH_L2
MLV2_DEV_044,0.0,1,0,TG10_STEM_BRANCH_L2
MLV2_DEV_051,1.0,1,0,TG10_STEM_BRANCH_L2
MLV2_DEV_057,0.0,1,0,TG10_STEM_BRANCH_L2
MLV2_DEV_058,0.0,1,0,TG10_STEM_BRANCH_L2
MLV2_DEV_068,0.6,1,0,TG10_STEM_BRANCH_L2
NEWDEV2_013,0.0,1,0,TG10_STEM_BRANCH_L2
NEWDEV2_030,0.0,1,0,TG10_STEM_BRANCH_L2
NEWDEV2_041,0.5,1,0,TG10_STEM_BRANCH_L2
NEWDEV2_068,0.0,1,0,TG10_STEM_BRANCH_L2
NEWDEV2_090,1.0,1,0,TG10_STEM_BRANCH_L2
NEWDEV2_093,1.0,1,0,TG10_STEM_BRANCH_L2
MLV2_DEV_011,1.0,1,0,TG10_SB_STRENGTH_L2
MLV2_DEV_012,1.0,1,0,TG10_SB_STRENGTH_L2
MLV2_DEV_022,0.5,1,0,TG10_SB_STRENGTH_L2
MLV2_DEV_044,0.0,1,0,TG10_SB_STRENGTH_L2
MLV2_DEV_051,1.0,1,0,TG10_SB_STRENGTH_L2
MLV2_DEV_057,0.0,1,0,TG10_SB_STRENGTH_L2
MLV2_DEV_058,0.0,1,0,TG10_SB_STRENGTH_L2
MLV2_DEV_068,0.2,1,0,TG10_SB_STRENGTH_L2
NEWDEV2_013,0.0,1,0,TG10_SB_STRENGTH_L2
NEWDEV2_030,0.0,1,0,TG10_SB_STRENGTH_L2
NEWDEV2_041,0.0,1,0,TG10_SB_STRENGTH_L2
NEWDEV2_068,0.0,1,0,TG10_SB_STRENGTH_L2
NEWDEV2_090,1.0,1,0,TG10_SB_STRENGTH_L2
NEWDEV2_093,0.0,1,0,TG10_SB_STRENGTH_L2
MLV2_DEV_011,1.0,1,0,TG10_SB_RELATIONS_L2
MLV2_DEV_012,0.0,1,0,TG10_SB_RELATIONS_L2
MLV2_DEV_022,0.5,1,0,TG10_SB_RELATIONS_L2
MLV2_DEV_044,1.0,1,0,TG10_SB_RELATIONS_L2
MLV2_DEV_051,0.0,1,0,TG10_SB_RELATIONS_L2
MLV2_DEV_057,0.0,1,0,TG10_SB_RELATIONS_L2
MLV2_DEV_058,0.0,1,0,TG10_SB_RELATIONS_L2
MLV2_DEV_068,0.6,1,0,TG10_SB_RELATIONS_L2
NEWDEV2_013,0.0,1,0,TG10_SB_RELATIONS_L2
NEWDEV2_030,0.0,1,0,TG10_SB_RELATIONS_L2
NEWDEV2_041,0.5,1,0,TG10_SB_RELATIONS_L2
NEWDEV2_068,0.0,1,0,TG10_SB_RELATIONS_L2
NEWDEV2_090,1.0,1,0,TG10_SB_RELATIONS_L2
NEWDEV2_093,1.0,1,0,TG10_SB_RELATIONS_L2
MLV2_DEV_011,1.0,1,0,ALL_L2
MLV2_DEV_012,1.0,1,0,ALL_L2
MLV2_DEV_022,1.0,1,0,ALL_L2
MLV2_DEV_044,0.0,1,0,ALL_L2
MLV2_DEV_051,1.0,1,0,ALL_L2
MLV2_DEV_057,0.0,1,0,ALL_L2
MLV2_DEV_058,1.0,1,0,ALL_L2
MLV2_DEV_068,0.8,1,0,ALL_L2
NEWDEV2_013,0.0,1,0,ALL_L2
NEWDEV2_030,0.0,1,0,ALL_L2
NEWDEV2_041,0.0,1,0,ALL_L2
NEWDEV2_068,0.0,1,0,ALL_L2
NEWDEV2_090,1.0,1,0,ALL_L2
NEWDEV2_093,1.0,1,0,ALL_L2
MLV2_DEV_011,0.0,1,0,NUISANCE_AGE_AXIS
MLV2_DEV_012,0.0,1,0,NUISANCE_AGE_AXIS
MLV2_DEV_022,0.5,1,0,NUISANCE_AGE_AXIS
MLV2_DEV_044,0.0,1,0,NUISANCE_AGE_AXIS
MLV2_DEV_051,0.0,1,0,NUISANCE_AGE_AXIS
MLV2_DEV_057,0.5,1,0,NUISANCE_AGE_AXIS
MLV2_DEV_058,1.0,1,0,NUISANCE_AGE_AXIS
MLV2_DEV_068,1.0,1,0,NUISANCE_AGE_AXIS
NEWDEV2_013,0.0,1,0,NUISANCE_AGE_AXIS
NEWDEV2_030,0.0,1,0,NUISANCE_AGE_AXIS
NEWDEV2_041,0.5,1,0,NUISANCE_AGE_AXIS
NEWDEV2_068,1.0,1,0,NUISANCE_AGE_AXIS
NEWDEV2_090,0.0,1,0,NUISANCE_AGE_AXIS
NEWDEV2_093,0.0,1,0,NUISANCE_AGE_AXIS
MLV2_DEV_011,1.0,1,0,NUISANCE_WITH_ORIGIN_DIAGNOSTIC
MLV2_DEV_012,1.0,1,0,NUISANCE_WITH_ORIGIN_DIAGNOSTIC
MLV2_DEV_022,0.5,1,0,NUISANCE_WITH_ORIGIN_DIAGNOSTIC
MLV2_DEV_044,1.0,1,0,NUISANCE_WITH_ORIGIN_DIAGNOSTIC
MLV2_DEV_051,1.0,1,0,NUISANCE_WITH_ORIGIN_DIAGNOSTIC
MLV2_DEV_057,1.0,1,0,NUISANCE_WITH_ORIGIN_DIAGNOSTIC
MLV2_DEV_058,1.0,1,0,NUISANCE_WITH_ORIGIN_DIAGNOSTIC
MLV2_DEV_068,1.0,1,0,NUISANCE_WITH_ORIGIN_DIAGNOSTIC
NEWDEV2_013,1.0,1,0,NUISANCE_WITH_ORIGIN_DIAGNOSTIC
NEWDEV2_030,1.0,1,0,NUISANCE_WITH_ORIGIN_DIAGNOSTIC
NEWDEV2_041,1.0,1,0,NUISANCE_WITH_ORIGIN_DIAGNOSTIC
NEWDEV2_068,1.0,1,0,NUISANCE_WITH_ORIGIN_DIAGNOSTIC
NEWDEV2_090,1.0,1,0,NUISANCE_WITH_ORIGIN_DIAGNOSTIC
NEWDEV2_093,1.0,1,0,NUISANCE_WITH_ORIGIN_DIAGNOSTIC
MLV2_DEV_011,0.0,1,0,ALL_ELASTICNET_AUTO
MLV2_DEV_012,1.0,1,0,ALL_ELASTICNET_AUTO
MLV2_DEV_022,0.5,1,0,ALL_ELASTICNET_AUTO
MLV2_DEV_044,0.0,1,0,ALL_ELASTICNET_AUTO
MLV2_DEV_051,1.0,1,0,ALL_ELASTICNET_AUTO
MLV2_DEV_057,0.0,1,0,ALL_ELASTICNET_AUTO
MLV2_DEV_058,1.0,1,0,ALL_ELASTICNET_AUTO
MLV2_DEV_068,0.6,1,0,ALL_ELASTICNET_AUTO
NEWDEV2_013,0.0,1,0,ALL_ELASTICNET_AUTO
NEWDEV2_030,1.0,1,0,ALL_ELASTICNET_AUTO
NEWDEV2_041,0.0,1,0,ALL_ELASTICNET_AUTO
NEWDEV2_068,0.0,1,0,ALL_ELASTICNET_AUTO
NEWDEV2_090,1.0,1,0,ALL_ELASTICNET_AUTO
NEWDEV2_093,1.0,1,0,ALL_ELASTICNET_AUTO
MLV2_DEV_011,1.0,1,0,HGB_ALL_EXPLORATORY
MLV2_DEV_012,1.0,1,0,HGB_ALL_EXPLORATORY
MLV2_DEV_022,1.0,1,0,HGB_ALL_EXPLORATORY
MLV2_DEV_044,0.0,1,0,HGB_ALL_EXPLORATORY
MLV2_DEV_051,0.0,1,0,HGB_ALL_EXPLORATORY
MLV2_DEV_057,0.5,1,0,HGB_ALL_EXPLORATORY
MLV2_DEV_058,0.0,1,0,HGB_ALL_EXPLORATORY
MLV2_DEV_068,0.6,1,0,HGB_ALL_EXPLORATORY
NEWDEV2_013,0.0,1,0,HGB_ALL_EXPLORATORY
NEWDEV2_030,0.0,1,0,HGB_ALL_EXPLORATORY
NEWDEV2_041,0.5,1,0,HGB_ALL_EXPLORATORY
NEWDEV2_068,0.0,1,0,HGB_ALL_EXPLORATORY
NEWDEV2_090,0.0,1,0,HGB_ALL_EXPLORATORY
NEWDEV2_093,1.0,1,0,HGB_ALL_EXPLORATORY
MLV2_DEV_003,0.5,1,1,AGE_YOUNGER_FIXED
MLV2_DEV_020,1.0,1,1,AGE_YOUNGER_FIXED
MLV2_DEV_032,0.0,1,1,AGE_YOUNGER_FIXED
MLV2_DEV_036,0.0,1,1,AGE_YOUNGER_FIXED
MLV2_DEV_039,1.0,1,1,AGE_YOUNGER_FIXED
MLV2_DEV_050,1.0,1,1,AGE_YOUNGER_FIXED
NEWDEV2_006,0.0,1,1,AGE_YOUNGER_FIXED
NEWDEV2_035,1.0,1,1,AGE_YOUNGER_FIXED
NEWDEV2_036,0.0,1,1,AGE_YOUNGER_FIXED
NEWDEV2_043,0.0,1,1,AGE_YOUNGER_FIXED
NEWDEV2_056,0.25,1,1,AGE_YOUNGER_FIXED
NEWDEV2_067,1.0,1,1,AGE_YOUNGER_FIXED
NEWDEV2_081,0.5,1,1,AGE_YOUNGER_FIXED
NEWDEV2_084,0.0,1,1,AGE_YOUNGER_FIXED
MLV2_DEV_003,0.5,1,1,AGE_LATER_FIXED
MLV2_DEV_020,0.0,1,1,AGE_LATER_FIXED
MLV2_DEV_032,1.0,1,1,AGE_LATER_FIXED
MLV2_DEV_036,1.0,1,1,AGE_LATER_FIXED
MLV2_DEV_039,0.0,1,1,AGE_LATER_FIXED
MLV2_DEV_050,0.0,1,1,AGE_LATER_FIXED
NEWDEV2_006,1.0,1,1,AGE_LATER_FIXED
NEWDEV2_035,0.0,1,1,AGE_LATER_FIXED
NEWDEV2_036,1.0,1,1,AGE_LATER_FIXED
NEWDEV2_043,1.0,1,1,AGE_LATER_FIXED
NEWDEV2_056,0.75,1,1,AGE_LATER_FIXED
NEWDEV2_067,0.0,1,1,AGE_LATER_FIXED
NEWDEV2_081,0.5,1,1,AGE_LATER_FIXED
NEWDEV2_084,1.0,1,1,AGE_LATER_FIXED
MLV2_DEV_003,0.5,1,1,CONTROL_FIXED
MLV2_DEV_020,0.0,1,1,CONTROL_FIXED
MLV2_DEV_032,1.0,1,1,CONTROL_FIXED
MLV2_DEV_036,1.0,1,1,CONTROL_FIXED
MLV2_DEV_039,0.0,1,1,CONTROL_FIXED
MLV2_DEV_050,0.0,1,1,CONTROL_FIXED
NEWDEV2_006,0.5,1,1,CONTROL_FIXED
NEWDEV2_035,0.5,1,1,CONTROL_FIXED
NEWDEV2_036,0.5,1,1,CONTROL_FIXED
NEWDEV2_043,1.0,1,1,CONTROL_FIXED
NEWDEV2_056,0.0,1,1,CONTROL_FIXED
NEWDEV2_067,1.0,1,1,CONTROL_FIXED
NEWDEV2_081,0.5,1,1,CONTROL_FIXED
NEWDEV2_084,0.5,1,1,CONTROL_FIXED
MLV2_DEV_003,0.75,1,1,TG5_GROUP_L2
MLV2_DEV_020,1.0,1,1,TG5_GROUP_L2
MLV2_DEV_032,0.0,1,1,TG5_GROUP_L2
MLV2_DEV_036,0.0,1,1,TG5_GROUP_L2
MLV2_DEV_039,0.0,1,1,TG5_GROUP_L2
MLV2_DEV_050,0.0,1,1,TG5_GROUP_L2
NEWDEV2_006,0.0,1,1,TG5_GROUP_L2
NEWDEV2_035,1.0,1,1,TG5_GROUP_L2
NEWDEV2_036,0.25,1,1,TG5_GROUP_L2
NEWDEV2_043,1.0,1,1,TG5_GROUP_L2
NEWDEV2_056,0.125,1,1,TG5_GROUP_L2
NEWDEV2_067,0.0,1,1,TG5_GROUP_L2
NEWDEV2_081,1.0,1,1,TG5_GROUP_L2
NEWDEV2_084,0.0,1,1,TG5_GROUP_L2
MLV2_DEV_003,0.5,1,1,TG10_STEM_L2
MLV2_DEV_020,1.0,1,1,TG10_STEM_L2
MLV2_DEV_032,0.0,1,1,TG10_STEM_L2
MLV2_DEV_036,0.0,1,1,TG10_STEM_L2
MLV2_DEV_039,0.0,1,1,TG10_STEM_L2
MLV2_DEV_050,0.0,1,1,TG10_STEM_L2
NEWDEV2_006,0.0,1,1,TG10_STEM_L2
NEWDEV2_035,1.0,1,1,TG10_STEM_L2
NEWDEV2_036,0.5,1,1,TG10_STEM_L2
NEWDEV2_043,1.0,1,1,TG10_STEM_L2
NEWDEV2_056,0.0,1,1,TG10_STEM_L2
NEWDEV2_067,0.0,1,1,TG10_STEM_L2
NEWDEV2_081,0.0,1,1,TG10_STEM_L2
NEWDEV2_084,0.0,1,1,TG10_STEM_L2
MLV2_DEV_003,0.0,1,1,TG10_STEM_BRANCH_L2
MLV2_DEV_020,1.0,1,1,TG10_STEM_BRANCH_L2
MLV2_DEV_032,1.0,1,1,TG10_STEM_BRANCH_L2
MLV2_DEV_036,0.0,1,1,TG10_STEM_BRANCH_L2
MLV2_DEV_039,1.0,1,1,TG10_STEM_BRANCH_L2
MLV2_DEV_050,0.0,1,1,TG10_STEM_BRANCH_L2
NEWDEV2_006,0.0,1,1,TG10_STEM_BRANCH_L2
NEWDEV2_035,1.0,1,1,TG10_STEM_BRANCH_L2
NEWDEV2_036,1.0,1,1,TG10_STEM_BRANCH_L2
NEWDEV2_043,1.0,1,1,TG10_STEM_BRANCH_L2
NEWDEV2_056,0.0,1,1,TG10_STEM_BRANCH_L2
NEWDEV2_067,1.0,1,1,TG10_STEM_BRANCH_L2
NEWDEV2_081,0.5,1,1,TG10_STEM_BRANCH_L2
NEWDEV2_084,0.0,1,1,TG10_STEM_BRANCH_L2
MLV2_DEV_003,0.0,1,1,TG10_SB_STRENGTH_L2
MLV2_DEV_020,1.0,1,1,TG10_SB_STRENGTH_L2
MLV2_DEV_032,0.0,1,1,TG10_SB_STRENGTH_L2
MLV2_DEV_036,0.0,1,1,TG10_SB_STRENGTH_L2
MLV2_DEV_039,1.0,1,1,TG10_SB_STRENGTH_L2
MLV2_DEV_050,1.0,1,1,TG10_SB_STRENGTH_L2
NEWDEV2_006,0.0,1,1,TG10_SB_STRENGTH_L2
NEWDEV2_035,1.0,1,1,TG10_SB_STRENGTH_L2
NEWDEV2_036,1.0,1,1,TG10_SB_STRENGTH_L2
NEWDEV2_043,1.0,1,1,TG10_SB_STRENGTH_L2
NEWDEV2_056,0.0,1,1,TG10_SB_STRENGTH_L2
NEWDEV2_067,0.0,1,1,TG10_SB_STRENGTH_L2
NEWDEV2_081,0.0,1,1,TG10_SB_STRENGTH_L2
NEWDEV2_084,0.0,1,1,TG10_SB_STRENGTH_L2
MLV2_DEV_003,0.0,1,1,TG10_SB_RELATIONS_L2
MLV2_DEV_020,1.0,1,1,TG10_SB_RELATIONS_L2
MLV2_DEV_032,1.0,1,1,TG10_SB_RELATIONS_L2
MLV2_DEV_036,0.0,1,1,TG10_SB_RELATIONS_L2
MLV2_DEV_039,1.0,1,1,TG10_SB_RELATIONS_L2
MLV2_DEV_050,0.0,1,1,TG10_SB_RELATIONS_L2
NEWDEV2_006,0.0,1,1,TG10_SB_RELATIONS_L2
NEWDEV2_035,1.0,1,1,TG10_SB_RELATIONS_L2
NEWDEV2_036,1.0,1,1,TG10_SB_RELATIONS_L2
NEWDEV2_043,1.0,1,1,TG10_SB_RELATIONS_L2
NEWDEV2_056,0.0,1,1,TG10_SB_RELATIONS_L2
NEWDEV2_067,1.0,1,1,TG10_SB_RELATIONS_L2
NEWDEV2_081,0.0,1,1,TG10_SB_RELATIONS_L2
NEWDEV2_084,0.0,1,1,TG10_SB_RELATIONS_L2
MLV2_DEV_003,1.0,1,1,ALL_L2
MLV2_DEV_020,0.0,1,1,ALL_L2
MLV2_DEV_032,0.0,1,1,ALL_L2
MLV2_DEV_036,0.0,1,1,ALL_L2
MLV2_DEV_039,1.0,1,1,ALL_L2
MLV2_DEV_050,0.0,1,1,ALL_L2
NEWDEV2_006,0.0,1,1,ALL_L2
NEWDEV2_035,1.0,1,1,ALL_L2
NEWDEV2_036,1.0,1,1,ALL_L2
NEWDEV2_043,1.0,1,1,ALL_L2
NEWDEV2_056,0.25,1,1,ALL_L2
NEWDEV2_067,0.0,1,1,ALL_L2
NEWDEV2_081,0.0,1,1,ALL_L2
NEWDEV2_084,0.0,1,1,ALL_L2
MLV2_DEV_003,1.0,1,1,NUISANCE_AGE_AXIS
MLV2_DEV_020,1.0,1,1,NUISANCE_AGE_AXIS
MLV2_DEV_032,0.0,1,1,NUISANCE_AGE_AXIS
MLV2_DEV_036,1.0,1,1,NUISANCE_AGE_AXIS
MLV2_DEV_039,1.0,1,1,NUISANCE_AGE_AXIS
MLV2_DEV_050,1.0,1,1,NUISANCE_AGE_AXIS
NEWDEV2_006,1.0,1,1,NUISANCE_AGE_AXIS
NEWDEV2_035,0.0,1,1,NUISANCE_AGE_AXIS
NEWDEV2_036,0.5,1,1,NUISANCE_AGE_AXIS
NEWDEV2_043,0.0,1,1,NUISANCE_AGE_AXIS
NEWDEV2_056,0.25,1,1,NUISANCE_AGE_AXIS
NEWDEV2_067,1.0,1,1,NUISANCE_AGE_AXIS
NEWDEV2_081,1.0,1,1,NUISANCE_AGE_AXIS
NEWDEV2_084,0.0,1,1,NUISANCE_AGE_AXIS
MLV2_DEV_003,1.0,1,1,NUISANCE_WITH_ORIGIN_DIAGNOSTIC
MLV2_DEV_020,1.0,1,1,NUISANCE_WITH_ORIGIN_DIAGNOSTIC
MLV2_DEV_032,1.0,1,1,NUISANCE_WITH_ORIGIN_DIAGNOSTIC
MLV2_DEV_036,1.0,1,1,NUISANCE_WITH_ORIGIN_DIAGNOSTIC
MLV2_DEV_039,1.0,1,1,NUISANCE_WITH_ORIGIN_DIAGNOSTIC
MLV2_DEV_050,1.0,1,1,NUISANCE_WITH_ORIGIN_DIAGNOSTIC
NEWDEV2_006,0.0,1,1,NUISANCE_WITH_ORIGIN_DIAGNOSTIC
NEWDEV2_035,1.0,1,1,NUISANCE_WITH_ORIGIN_DIAGNOSTIC
NEWDEV2_036,1.0,1,1,NUISANCE_WITH_ORIGIN_DIAGNOSTIC
NEWDEV2_043,0.0,1,1,NUISANCE_WITH_ORIGIN_DIAGNOSTIC
NEWDEV2_056,1.0,1,1,NUISANCE_WITH_ORIGIN_DIAGNOSTIC
NEWDEV2_067,1.0,1,1,NUISANCE_WITH_ORIGIN_DIAGNOSTIC
NEWDEV2_081,1.0,1,1,NUISANCE_WITH_ORIGIN_DIAGNOSTIC
NEWDEV2_084,1.0,1,1,NUISANCE_WITH_ORIGIN_DIAGNOSTIC
MLV2_DEV_003,1.0,1,1,ALL_ELASTICNET_AUTO
MLV2_DEV_020,0.0,1,1,ALL_ELASTICNET_AUTO
MLV2_DEV_032,0.0,1,1,ALL_ELASTICNET_AUTO
MLV2_DEV_036,0.0,1,1,ALL_ELASTICNET_AUTO
MLV2_DEV_039,1.0,1,1,ALL_ELASTICNET_AUTO
MLV2_DEV_050,0.0,1,1,ALL_ELASTICNET_AUTO
NEWDEV2_006,0.0,1,1,ALL_ELASTICNET_AUTO
NEWDEV2_035,1.0,1,1,ALL_ELASTICNET_AUTO
NEWDEV2_036,1.0,1,1,ALL_ELASTICNET_AUTO
NEWDEV2_043,1.0,1,1,ALL_ELASTICNET_AUTO
NEWDEV2_056,0.25,1,1,ALL_ELASTICNET_AUTO
NEWDEV2_067,0.0,1,1,ALL_ELASTICNET_AUTO
NEWDEV2_081,0.0,1,1,ALL_ELASTICNET_AUTO
NEWDEV2_084,0.0,1,1,ALL_ELASTICNET_AUTO
MLV2_DEV_003,1.0,1,1,HGB_ALL_EXPLORATORY
MLV2_DEV_020,0.0,1,1,HGB_ALL_EXPLORATORY
MLV2_DEV_032,0.0,1,1,HGB_ALL_EXPLORATORY
MLV2_DEV_036,0.0,1,1,HGB_ALL_EXPLORATORY
MLV2_DEV_039,1.0,1,1,HGB_ALL_EXPLORATORY
MLV2_DEV_050,1.0,1,1,HGB_ALL_EXPLORATORY
NEWDEV2_006,1.0,1,1,HGB_ALL_EXPLORATORY
NEWDEV2_035,1.0,1,1,HGB_ALL_EXPLORATORY
NEWDEV2_036,0.0,1,1,HGB_ALL_EXPLORATORY
NEWDEV2_043,1.0,1,1,HGB_ALL_EXPLORATORY
NEWDEV2_056,0.0,1,1,HGB_ALL_EXPLORATORY
NEWDEV2_067,0.0,1,1,HGB_ALL_EXPLORATORY
NEWDEV2_081,0.0,1,1,HGB_ALL_EXPLORATORY
NEWDEV2_084,0.0,1,1,HGB_ALL_EXPLORATORY
MLV2_DEV_007,0.6666666666666666,1,2,AGE_YOUNGER_FIXED
MLV2_DEV_028,0.0,1,2,AGE_YOUNGER_FIXED
MLV2_DEV_041,1.0,1,2,AGE_YOUNGER_FIXED
NEWDEV2_005,0.0,1,2,AGE_YOUNGER_FIXED
NEWDEV2_028,1.0,1,2,AGE_YOUNGER_FIXED
NEWDEV2_029,0.5,1,2,AGE_YOUNGER_FIXED
NEWDEV2_039,1.0,1,2,AGE_YOUNGER_FIXED
NEWDEV2_060,0.0,1,2,AGE_YOUNGER_FIXED
NEWDEV2_065,0.3333333333333333,1,2,AGE_YOUNGER_FIXED
NEWDEV2_070,1.0,1,2,AGE_YOUNGER_FIXED
NEWDEV2_082,1.0,1,2,AGE_YOUNGER_FIXED
NEWDEV2_091,1.0,1,2,AGE_YOUNGER_FIXED
NEWDEV2_092,0.0,1,2,AGE_YOUNGER_FIXED
NEWDEV2_100,0.0,1,2,AGE_YOUNGER_FIXED
MLV2_DEV_007,0.3333333333333333,1,2,AGE_LATER_FIXED
MLV2_DEV_028,1.0,1,2,AGE_LATER_FIXED
MLV2_DEV_041,0.0,1,2,AGE_LATER_FIXED
NEWDEV2_005,1.0,1,2,AGE_LATER_FIXED
NEWDEV2_028,0.0,1,2,AGE_LATER_FIXED
NEWDEV2_029,0.5,1,2,AGE_LATER_FIXED
NEWDEV2_039,0.0,1,2,AGE_LATER_FIXED
NEWDEV2_060,1.0,1,2,AGE_LATER_FIXED
NEWDEV2_065,0.6666666666666666,1,2,AGE_LATER_FIXED
NEWDEV2_070,0.0,1,2,AGE_LATER_FIXED
NEWDEV2_082,0.0,1,2,AGE_LATER_FIXED
NEWDEV2_091,0.0,1,2,AGE_LATER_FIXED
NEWDEV2_092,1.0,1,2,AGE_LATER_FIXED
NEWDEV2_100,1.0,1,2,AGE_LATER_FIXED
MLV2_DEV_007,0.0,1,2,CONTROL_FIXED
MLV2_DEV_028,1.0,1,2,CONTROL_FIXED
MLV2_DEV_041,1.0,1,2,CONTROL_FIXED
NEWDEV2_005,0.5,1,2,CONTROL_FIXED
NEWDEV2_028,1.0,1,2,CONTROL_FIXED
NEWDEV2_029,0.0,1,2,CONTROL_FIXED
NEWDEV2_039,1.0,1,2,CONTROL_FIXED
NEWDEV2_060,0.0,1,2,CONTROL_FIXED
NEWDEV2_065,0.3333333333333333,1,2,CONTROL_FIXED
NEWDEV2_070,1.0,1,2,CONTROL_FIXED
NEWDEV2_082,1.0,1,2,CONTROL_FIXED
NEWDEV2_091,1.0,1,2,CONTROL_FIXED
NEWDEV2_092,0.0,1,2,CONTROL_FIXED
NEWDEV2_100,0.0,1,2,CONTROL_FIXED
MLV2_DEV_007,0.0,1,2,TG5_GROUP_L2
MLV2_DEV_028,1.0,1,2,TG5_GROUP_L2
MLV2_DEV_041,0.0,1,2,TG5_GROUP_L2
NEWDEV2_005,0.25,1,2,TG5_GROUP_L2
NEWDEV2_028,0.5,1,2,TG5_GROUP_L2
NEWDEV2_029,0.5,1,2,TG5_GROUP_L2
NEWDEV2_039,0.5,1,2,TG5_GROUP_L2
NEWDEV2_060,0.0,1,2,TG5_GROUP_L2
NEWDEV2_065,0.6666666666666666,1,2,TG5_GROUP_L2
NEWDEV2_070,0.0,1,2,TG5_GROUP_L2
NEWDEV2_082,1.0,1,2,TG5_GROUP_L2
NEWDEV2_091,0.0,1,2,TG5_GROUP_L2
NEWDEV2_092,0.5,1,2,TG5_GROUP_L2
NEWDEV2_100,1.0,1,2,TG5_GROUP_L2
MLV2_DEV_007,0.3333333333333333,1,2,TG10_STEM_L2
MLV2_DEV_028,1.0,1,2,TG10_STEM_L2
MLV2_DEV_041,0.0,1,2,TG10_STEM_L2
NEWDEV2_005,0.0,1,2,TG10_STEM_L2
NEWDEV2_028,0.0,1,2,TG10_STEM_L2
NEWDEV2_029,0.0,1,2,TG10_STEM_L2
NEWDEV2_039,1.0,1,2,TG10_STEM_L2
NEWDEV2_060,0.0,1,2,TG10_STEM_L2
NEWDEV2_065,0.3333333333333333,1,2,TG10_STEM_L2
NEWDEV2_070,0.0,1,2,TG10_STEM_L2
NEWDEV2_082,1.0,1,2,TG10_STEM_L2
NEWDEV2_091,0.0,1,2,TG10_STEM_L2
NEWDEV2_092,0.0,1,2,TG10_STEM_L2
NEWDEV2_100,1.0,1,2,TG10_STEM_L2
MLV2_DEV_007,0.3333333333333333,1,2,TG10_STEM_BRANCH_L2
MLV2_DEV_028,1.0,1,2,TG10_STEM_BRANCH_L2
MLV2_DEV_041,0.0,1,2,TG10_STEM_BRANCH_L2
NEWDEV2_005,0.0,1,2,TG10_STEM_BRANCH_L2
NEWDEV2_028,1.0,1,2,TG10_STEM_BRANCH_L2
NEWDEV2_029,0.0,1,2,TG10_STEM_BRANCH_L2
NEWDEV2_039,1.0,1,2,TG10_STEM_BRANCH_L2
NEWDEV2_060,0.0,1,2,TG10_STEM_BRANCH_L2
NEWDEV2_065,0.3333333333333333,1,2,TG10_STEM_BRANCH_L2
NEWDEV2_070,0.0,1,2,TG10_STEM_BRANCH_L2
NEWDEV2_082,1.0,1,2,TG10_STEM_BRANCH_L2
NEWDEV2_091,1.0,1,2,TG10_STEM_BRANCH_L2
NEWDEV2_092,0.0,1,2,TG10_STEM_BRANCH_L2
NEWDEV2_100,1.0,1,2,TG10_STEM_BRANCH_L2
MLV2_DEV_007,0.0,1,2,TG10_SB_STRENGTH_L2
MLV2_DEV_028,1.0,1,2,TG10_SB_STRENGTH_L2
MLV2_DEV_041,0.0,1,2,TG10_SB_STRENGTH_L2
NEWDEV2_005,0.0,1,2,TG10_SB_STRENGTH_L2
NEWDEV2_028,1.0,1,2,TG10_SB_STRENGTH_L2
NEWDEV2_029,0.0,1,2,TG10_SB_STRENGTH_L2
NEWDEV2_039,1.0,1,2,TG10_SB_STRENGTH_L2
NEWDEV2_060,0.0,1,2,TG10_SB_STRENGTH_L2
NEWDEV2_065,0.6666666666666666,1,2,TG10_SB_STRENGTH_L2
NEWDEV2_070,0.0,1,2,TG10_SB_STRENGTH_L2
NEWDEV2_082,1.0,1,2,TG10_SB_STRENGTH_L2
NEWDEV2_091,1.0,1,2,TG10_SB_STRENGTH_L2
NEWDEV2_092,0.0,1,2,TG10_SB_STRENGTH_L2
NEWDEV2_100,1.0,1,2,TG10_SB_STRENGTH_L2
MLV2_DEV_007,0.3333333333333333,1,2,TG10_SB_RELATIONS_L2
MLV2_DEV_028,1.0,1,2,TG10_SB_RELATIONS_L2
MLV2_DEV_041,0.0,1,2,TG10_SB_RELATIONS_L2
NEWDEV2_005,0.0,1,2,TG10_SB_RELATIONS_L2
NEWDEV2_028,1.0,1,2,TG10_SB_RELATIONS_L2
NEWDEV2_029,0.0,1,2,TG10_SB_RELATIONS_L2
NEWDEV2_039,1.0,1,2,TG10_SB_RELATIONS_L2
NEWDEV2_060,0.0,1,2,TG10_SB_RELATIONS_L2
NEWDEV2_065,0.6666666666666666,1,2,TG10_SB_RELATIONS_L2
NEWDEV2_070,0.0,1,2,TG10_SB_RELATIONS_L2
NEWDEV2_082,1.0,1,2,TG10_SB_RELATIONS_L2
NEWDEV2_091,1.0,1,2,TG10_SB_RELATIONS_L2
NEWDEV2_092,0.0,1,2,TG10_SB_RELATIONS_L2
NEWDEV2_100,1.0,1,2,TG10_SB_RELATIONS_L2
MLV2_DEV_007,0.0,1,2,ALL_L2
MLV2_DEV_028,1.0,1,2,ALL_L2
MLV2_DEV_041,0.0,1,2,ALL_L2
NEWDEV2_005,0.0,1,2,ALL_L2
NEWDEV2_028,1.0,1,2,ALL_L2
NEWDEV2_029,0.0,1,2,ALL_L2
NEWDEV2_039,1.0,1,2,ALL_L2
NEWDEV2_060,0.0,1,2,ALL_L2
NEWDEV2_065,0.6666666666666666,1,2,ALL_L2
NEWDEV2_070,0.0,1,2,ALL_L2
NEWDEV2_082,1.0,1,2,ALL_L2
NEWDEV2_091,0.0,1,2,ALL_L2
NEWDEV2_092,1.0,1,2,ALL_L2
NEWDEV2_100,1.0,1,2,ALL_L2
MLV2_DEV_007,0.6666666666666666,1,2,NUISANCE_AGE_AXIS
MLV2_DEV_028,1.0,1,2,NUISANCE_AGE_AXIS
MLV2_DEV_041,0.0,1,2,NUISANCE_AGE_AXIS
NEWDEV2_005,0.5,1,2,NUISANCE_AGE_AXIS
NEWDEV2_028,1.0,1,2,NUISANCE_AGE_AXIS
NEWDEV2_029,0.5,1,2,NUISANCE_AGE_AXIS
NEWDEV2_039,1.0,1,2,NUISANCE_AGE_AXIS
NEWDEV2_060,0.0,1,2,NUISANCE_AGE_AXIS
NEWDEV2_065,0.3333333333333333,1,2,NUISANCE_AGE_AXIS
NEWDEV2_070,1.0,1,2,NUISANCE_AGE_AXIS
NEWDEV2_082,0.0,1,2,NUISANCE_AGE_AXIS
NEWDEV2_091,1.0,1,2,NUISANCE_AGE_AXIS
NEWDEV2_092,0.0,1,2,NUISANCE_AGE_AXIS
NEWDEV2_100,1.0,1,2,NUISANCE_AGE_AXIS
MLV2_DEV_007,1.0,1,2,NUISANCE_WITH_ORIGIN_DIAGNOSTIC
MLV2_DEV_028,1.0,1,2,NUISANCE_WITH_ORIGIN_DIAGNOSTIC
MLV2_DEV_041,1.0,1,2,NUISANCE_WITH_ORIGIN_DIAGNOSTIC
NEWDEV2_005,1.0,1,2,NUISANCE_WITH_ORIGIN_DIAGNOSTIC
NEWDEV2_028,1.0,1,2,NUISANCE_WITH_ORIGIN_DIAGNOSTIC
NEWDEV2_029,1.0,1,2,NUISANCE_WITH_ORIGIN_DIAGNOSTIC
NEWDEV2_039,1.0,1,2,NUISANCE_WITH_ORIGIN_DIAGNOSTIC
NEWDEV2_060,1.0,1,2,NUISANCE_WITH_ORIGIN_DIAGNOSTIC
NEWDEV2_065,1.0,1,2,NUISANCE_WITH_ORIGIN_DIAGNOSTIC
NEWDEV2_070,1.0,1,2,NUISANCE_WITH_ORIGIN_DIAGNOSTIC
NEWDEV2_082,1.0,1,2,NUISANCE_WITH_ORIGIN_DIAGNOSTIC
NEWDEV2_091,1.0,1,2,NUISANCE_WITH_ORIGIN_DIAGNOSTIC
NEWDEV2_092,1.0,1,2,NUISANCE_WITH_ORIGIN_DIAGNOSTIC
NEWDEV2_100,1.0,1,2,NUISANCE_WITH_ORIGIN_DIAGNOSTIC
MLV2_DEV_007,1.0,1,2,ALL_ELASTICNET_AUTO
MLV2_DEV_028,1.0,1,2,ALL_ELASTICNET_AUTO
MLV2_DEV_041,1.0,1,2,ALL_ELASTICNET_AUTO
NEWDEV2_005,1.0,1,2,ALL_ELASTICNET_AUTO
NEWDEV2_028,1.0,1,2,ALL_ELASTICNET_AUTO
NEWDEV2_029,1.0,1,2,ALL_ELASTICNET_AUTO
NEWDEV2_039,1.0,1,2,ALL_ELASTICNET_AUTO
NEWDEV2_060,1.0,1,2,ALL_ELASTICNET_AUTO
NEWDEV2_065,1.0,1,2,ALL_ELASTICNET_AUTO
NEWDEV2_070,1.0,1,2,ALL_ELASTICNET_AUTO
NEWDEV2_082,1.0,1,2,ALL_ELASTICNET_AUTO
NEWDEV2_091,1.0,1,2,ALL_ELASTICNET_AUTO
NEWDEV2_092,1.0,1,2,ALL_ELASTICNET_AUTO
NEWDEV2_100,1.0,1,2,ALL_ELASTICNET_AUTO
MLV2_DEV_007,0.3333333333333333,1,2,HGB_ALL_EXPLORATORY
MLV2_DEV_028,1.0,1,2,HGB_ALL_EXPLORATORY
MLV2_DEV_041,0.0,1,2,HGB_ALL_EXPLORATORY
NEWDEV2_005,0.5,1,2,HGB_ALL_EXPLORATORY
NEWDEV2_028,0.0,1,2,HGB_ALL_EXPLORATORY
NEWDEV2_029,0.5,1,2,HGB_ALL_EXPLORATORY
NEWDEV2_039,1.0,1,2,HGB_ALL_EXPLORATORY
NEWDEV2_060,0.0,1,2,HGB_ALL_EXPLORATORY
NEWDEV2_065,0.3333333333333333,1,2,HGB_ALL_EXPLORATORY
NEWDEV2_070,0.0,1,2,HGB_ALL_EXPLORATORY
NEWDEV2_082,1.0,1,2,HGB_ALL_EXPLORATORY
NEWDEV2_091,1.0,1,2,HGB_ALL_EXPLORATORY
NEWDEV2_092,1.0,1,2,HGB_ALL_EXPLORATORY
NEWDEV2_100,1.0,1,2,HGB_ALL_EXPLORATORY
MLV2_DEV_001,0.0,1,3,AGE_YOUNGER_FIXED
MLV2_DEV_005,0.5,1,3,AGE_YOUNGER_FIXED
MLV2_DEV_040,0.0,1,3,AGE_YOUNGER_FIXED
MLV2_DEV_043,0.6666666666666666,1,3,AGE_YOUNGER_FIXED
MLV2_DEV_054,0.5,1,3,AGE_YOUNGER_FIXED
NEWDEV2_002,0.0,1,3,AGE_YOUNGER_FIXED
NEWDEV2_010,0.0,1,3,AGE_YOUNGER_FIXED
NEWDEV2_016,0.0,1,3,AGE_YOUNGER_FIXED
NEWDEV2_019,1.0,1,3,AGE_YOUNGER_FIXED
NEWDEV2_042,0.0,1,3,AGE_YOUNGER_FIXED
NEWDEV2_053,0.0,1,3,AGE_YOUNGER_FIXED
NEWDEV2_054,0.0,1,3,AGE_YOUNGER_FIXED
NEWDEV2_066,0.3333333333333333,1,3,AGE_YOUNGER_FIXED
MLV2_DEV_001,1.0,1,3,AGE_LATER_FIXED
MLV2_DEV_005,0.5,1,3,AGE_LATER_FIXED
MLV2_DEV_040,1.0,1,3,AGE_LATER_FIXED
MLV2_DEV_043,0.3333333333333333,1,3,AGE_LATER_FIXED
MLV2_DEV_054,0.5,1,3,AGE_LATER_FIXED
NEWDEV2_002,1.0,1,3,AGE_LATER_FIXED
NEWDEV2_010,1.0,1,3,AGE_LATER_FIXED
NEWDEV2_016,1.0,1,3,AGE_LATER_FIXED
NEWDEV2_019,0.0,1,3,AGE_LATER_FIXED
NEWDEV2_042,1.0,1,3,AGE_LATER_FIXED
NEWDEV2_053,1.0,1,3,AGE_LATER_FIXED
NEWDEV2_054,1.0,1,3,AGE_LATER_FIXED
NEWDEV2_066,0.6666666666666666,1,3,AGE_LATER_FIXED
MLV2_DEV_001,0.0,1,3,CONTROL_FIXED
MLV2_DEV_005,1.0,1,3,CONTROL_FIXED
MLV2_DEV_040,0.0,1,3,CONTROL_FIXED
MLV2_DEV_043,1.0,1,3,CONTROL_FIXED
MLV2_DEV_054,0.5,1,3,CONTROL_FIXED
NEWDEV2_002,0.0,1,3,CONTROL_FIXED
NEWDEV2_010,0.5,1,3,CONTROL_FIXED
NEWDEV2_016,0.0,1,3,CONTROL_FIXED
NEWDEV2_019,1.0,1,3,CONTROL_FIXED
NEWDEV2_042,1.0,1,3,CONTROL_FIXED
NEWDEV2_053,0.0,1,3,CONTROL_FIXED
NEWDEV2_054,0.5,1,3,CONTROL_FIXED
NEWDEV2_066,0.0,1,3,CONTROL_FIXED
MLV2_DEV_001,0.0,1,3,TG5_GROUP_L2
MLV2_DEV_005,0.75,1,3,TG5_GROUP_L2
MLV2_DEV_040,0.0,1,3,TG5_GROUP_L2
MLV2_DEV_043,0.3333333333333333,1,3,TG5_GROUP_L2
MLV2_DEV_054,0.0,1,3,TG5_GROUP_L2
NEWDEV2_002,0.0,1,3,TG5_GROUP_L2
NEWDEV2_010,0.0,1,3,TG5_GROUP_L2
NEWDEV2_016,1.0,1,3,TG5_GROUP_L2
NEWDEV2_019,1.0,1,3,TG5_GROUP_L2
NEWDEV2_042,0.0,1,3,TG5_GROUP_L2
NEWDEV2_053,0.0,1,3,TG5_GROUP_L2
NEWDEV2_054,0.0,1,3,TG5_GROUP_L2
NEWDEV2_066,0.8333333333333334,1,3,TG5_GROUP_L2
MLV2_DEV_001,0.0,1,3,TG10_STEM_L2
MLV2_DEV_005,0.5,1,3,TG10_STEM_L2
MLV2_DEV_040,0.0,1,3,TG10_STEM_L2
MLV2_DEV_043,0.0,1,3,TG10_STEM_L2
MLV2_DEV_054,0.0,1,3,TG10_STEM_L2
NEWDEV2_002,0.0,1,3,TG10_STEM_L2
NEWDEV2_010,0.0,1,3,TG10_STEM_L2
NEWDEV2_016,1.0,1,3,TG10_STEM_L2
NEWDEV2_019,1.0,1,3,TG10_STEM_L2
NEWDEV2_042,0.0,1,3,TG10_STEM_L2
NEWDEV2_053,1.0,1,3,TG10_STEM_L2
NEWDEV2_054,0.0,1,3,TG10_STEM_L2
NEWDEV2_066,1.0,1,3,TG10_STEM_L2
MLV2_DEV_001,1.0,1,3,TG10_STEM_BRANCH_L2
MLV2_DEV_005,1.0,1,3,TG10_STEM_BRANCH_L2
MLV2_DEV_040,0.0,1,3,TG10_STEM_BRANCH_L2
MLV2_DEV_043,0.3333333333333333,1,3,TG10_STEM_BRANCH_L2
MLV2_DEV_054,0.0,1,3,TG10_STEM_BRANCH_L2
NEWDEV2_002,0.0,1,3,TG10_STEM_BRANCH_L2
NEWDEV2_010,0.0,1,3,TG10_STEM_BRANCH_L2
NEWDEV2_016,1.0,1,3,TG10_STEM_BRANCH_L2
NEWDEV2_019,1.0,1,3,TG10_STEM_BRANCH_L2
NEWDEV2_042,0.0,1,3,TG10_STEM_BRANCH_L2
NEWDEV2_053,1.0,1,3,TG10_STEM_BRANCH_L2
NEWDEV2_054,0.0,1,3,TG10_STEM_BRANCH_L2
NEWDEV2_066,0.6666666666666666,1,3,TG10_STEM_BRANCH_L2
MLV2_DEV_001,0.0,1,3,TG10_SB_STRENGTH_L2
MLV2_DEV_005,1.0,1,3,TG10_SB_STRENGTH_L2
MLV2_DEV_040,0.0,1,3,TG10_SB_STRENGTH_L2
MLV2_DEV_043,0.3333333333333333,1,3,TG10_SB_STRENGTH_L2
MLV2_DEV_054,0.5,1,3,TG10_SB_STRENGTH_L2
NEWDEV2_002,0.0,1,3,TG10_SB_STRENGTH_L2
NEWDEV2_010,0.0,1,3,TG10_SB_STRENGTH_L2
NEWDEV2_016,1.0,1,3,TG10_SB_STRENGTH_L2
NEWDEV2_019,1.0,1,3,TG10_SB_STRENGTH_L2
NEWDEV2_042,0.5,1,3,TG10_SB_STRENGTH_L2
NEWDEV2_053,1.0,1,3,TG10_SB_STRENGTH_L2
NEWDEV2_054,0.0,1,3,TG10_SB_STRENGTH_L2
NEWDEV2_066,0.6666666666666666,1,3,TG10_SB_STRENGTH_L2
MLV2_DEV_001,1.0,1,3,TG10_SB_RELATIONS_L2
MLV2_DEV_005,1.0,1,3,TG10_SB_RELATIONS_L2
MLV2_DEV_040,0.0,1,3,TG10_SB_RELATIONS_L2
MLV2_DEV_043,0.0,1,3,TG10_SB_RELATIONS_L2
MLV2_DEV_054,0.5,1,3,TG10_SB_RELATIONS_L2
NEWDEV2_002,0.0,1,3,TG10_SB_RELATIONS_L2
NEWDEV2_010,1.0,1,3,TG10_SB_RELATIONS_L2
NEWDEV2_016,1.0,1,3,TG10_SB_RELATIONS_L2
NEWDEV2_019,1.0,1,3,TG10_SB_RELATIONS_L2
NEWDEV2_042,0.0,1,3,TG10_SB_RELATIONS_L2
NEWDEV2_053,1.0,1,3,TG10_SB_RELATIONS_L2
NEWDEV2_054,0.0,1,3,TG10_SB_RELATIONS_L2
NEWDEV2_066,0.6666666666666666,1,3,TG10_SB_RELATIONS_L2
MLV2_DEV_001,0.0,1,3,ALL_L2
MLV2_DEV_005,0.5,1,3,ALL_L2
MLV2_DEV_040,0.0,1,3,ALL_L2
MLV2_DEV_043,0.0,1,3,ALL_L2
MLV2_DEV_054,0.5,1,3,ALL_L2
NEWDEV2_002,0.0,1,3,ALL_L2
NEWDEV2_010,1.0,1,3,ALL_L2
NEWDEV2_016,1.0,1,3,ALL_L2
NEWDEV2_019,1.0,1,3,ALL_L2
NEWDEV2_042,0.0,1,3,ALL_L2
NEWDEV2_053,1.0,1,3,ALL_L2
NEWDEV2_054,0.0,1,3,ALL_L2
NEWDEV2_066,1.0,1,3,ALL_L2
MLV2_DEV_001,0.0,1,3,NUISANCE_AGE_AXIS
MLV2_DEV_005,0.5,1,3,NUISANCE_AGE_AXIS
MLV2_DEV_040,0.0,1,3,NUISANCE_AGE_AXIS
MLV2_DEV_043,0.6666666666666666,1,3,NUISANCE_AGE_AXIS
MLV2_DEV_054,0.0,1,3,NUISANCE_AGE_AXIS
NEWDEV2_002,0.0,1,3,NUISANCE_AGE_AXIS
NEWDEV2_010,0.0,1,3,NUISANCE_AGE_AXIS
NEWDEV2_016,0.0,1,3,NUISANCE_AGE_AXIS
NEWDEV2_019,1.0,1,3,NUISANCE_AGE_AXIS
NEWDEV2_042,0.0,1,3,NUISANCE_AGE_AXIS
NEWDEV2_053,0.0,1,3,NUISANCE_AGE_AXIS
NEWDEV2_054,0.0,1,3,NUISANCE_AGE_AXIS
NEWDEV2_066,0.3333333333333333,1,3,NUISANCE_AGE_AXIS
MLV2_DEV_001,1.0,1,3,NUISANCE_WITH_ORIGIN_DIAGNOSTIC
MLV2_DEV_005,1.0,1,3,NUISANCE_WITH_ORIGIN_DIAGNOSTIC
MLV2_DEV_040,1.0,1,3,NUISANCE_WITH_ORIGIN_DIAGNOSTIC
MLV2_DEV_043,1.0,1,3,NUISANCE_WITH_ORIGIN_DIAGNOSTIC
MLV2_DEV_054,1.0,1,3,NUISANCE_WITH_ORIGIN_DIAGNOSTIC
NEWDEV2_002,1.0,1,3,NUISANCE_WITH_ORIGIN_DIAGNOSTIC
NEWDEV2_010,0.0,1,3,NUISANCE_WITH_ORIGIN_DIAGNOSTIC
NEWDEV2_016,0.0,1,3,NUISANCE_WITH_ORIGIN_DIAGNOSTIC
NEWDEV2_019,1.0,1,3,NUISANCE_WITH_ORIGIN_DIAGNOSTIC
NEWDEV2_042,1.0,1,3,NUISANCE_WITH_ORIGIN_DIAGNOSTIC
NEWDEV2_053,0.0,1,3,NUISANCE_WITH_ORIGIN_DIAGNOSTIC
NEWDEV2_054,1.0,1,3,NUISANCE_WITH_ORIGIN_DIAGNOSTIC
NEWDEV2_066,1.0,1,3,NUISANCE_WITH_ORIGIN_DIAGNOSTIC
MLV2_DEV_001,0.0,1,3,ALL_ELASTICNET_AUTO
MLV2_DEV_005,1.0,1,3,ALL_ELASTICNET_AUTO
MLV2_DEV_040,0.0,1,3,ALL_ELASTICNET_AUTO
MLV2_DEV_043,0.3333333333333333,1,3,ALL_ELASTICNET_AUTO
MLV2_DEV_054,0.5,1,3,ALL_ELASTICNET_AUTO
NEWDEV2_002,0.0,1,3,ALL_ELASTICNET_AUTO
NEWDEV2_010,1.0,1,3,ALL_ELASTICNET_AUTO
NEWDEV2_016,0.0,1,3,ALL_ELASTICNET_AUTO
NEWDEV2_019,1.0,1,3,ALL_ELASTICNET_AUTO
NEWDEV2_042,0.0,1,3,ALL_ELASTICNET_AUTO
NEWDEV2_053,1.0,1,3,ALL_ELASTICNET_AUTO
NEWDEV2_054,0.0,1,3,ALL_ELASTICNET_AUTO
NEWDEV2_066,1.0,1,3,ALL_ELASTICNET_AUTO
MLV2_DEV_001,1.0,1,3,HGB_ALL_EXPLORATORY
MLV2_DEV_005,0.5,1,3,HGB_ALL_EXPLORATORY
MLV2_DEV_040,0.0,1,3,HGB_ALL_EXPLORATORY
MLV2_DEV_043,0.0,1,3,HGB_ALL_EXPLORATORY
MLV2_DEV_054,0.5,1,3,HGB_ALL_EXPLORATORY
NEWDEV2_002,0.0,1,3,HGB_ALL_EXPLORATORY
NEWDEV2_010,1.0,1,3,HGB_ALL_EXPLORATORY
NEWDEV2_016,1.0,1,3,HGB_ALL_EXPLORATORY
NEWDEV2_019,1.0,1,3,HGB_ALL_EXPLORATORY
NEWDEV2_042,0.0,1,3,HGB_ALL_EXPLORATORY
NEWDEV2_053,0.0,1,3,HGB_ALL_EXPLORATORY
NEWDEV2_054,0.0,1,3,HGB_ALL_EXPLORATORY
NEWDEV2_066,0.6666666666666666,1,3,HGB_ALL_EXPLORATORY
MLV2_DEV_008,1.0,1,4,AGE_YOUNGER_FIXED
MLV2_DEV_027,0.5,1,4,AGE_YOUNGER_FIXED
MLV2_DEV_033,0.0,1,4,AGE_YOUNGER_FIXED
MLV2_DEV_038,0.0,1,4,AGE_YOUNGER_FIXED
MLV2_DEV_063,0.0,1,4,AGE_YOUNGER_FIXED
NEWDEV2_024,1.0,1,4,AGE_YOUNGER_FIXED
NEWDEV2_027,0.0,1,4,AGE_YOUNGER_FIXED
NEWDEV2_031,0.0,1,4,AGE_YOUNGER_FIXED
NEWDEV2_059,0.0,1,4,AGE_YOUNGER_FIXED
NEWDEV2_074,1.0,1,4,AGE_YOUNGER_FIXED
NEWDEV2_075,1.0,1,4,AGE_YOUNGER_FIXED
NEWDEV2_077,1.0,1,4,AGE_YOUNGER_FIXED
NEWDEV2_078,1.0,1,4,AGE_YOUNGER_FIXED
NEWDEV2_089,0.5,1,4,AGE_YOUNGER_FIXED
MLV2_DEV_008,0.0,1,4,AGE_LATER_FIXED
MLV2_DEV_027,0.5,1,4,AGE_LATER_FIXED
MLV2_DEV_033,1.0,1,4,AGE_LATER_FIXED
MLV2_DEV_038,1.0,1,4,AGE_LATER_FIXED
MLV2_DEV_063,1.0,1,4,AGE_LATER_FIXED
NEWDEV2_024,0.0,1,4,AGE_LATER_FIXED
NEWDEV2_027,1.0,1,4,AGE_LATER_FIXED
NEWDEV2_031,1.0,1,4,AGE_LATER_FIXED
NEWDEV2_059,1.0,1,4,AGE_LATER_FIXED
NEWDEV2_074,0.0,1,4,AGE_LATER_FIXED
NEWDEV2_075,0.0,1,4,AGE_LATER_FIXED
NEWDEV2_077,0.0,1,4,AGE_LATER_FIXED
NEWDEV2_078,0.0,1,4,AGE_LATER_FIXED
NEWDEV2_089,0.5,1,4,AGE_LATER_FIXED
MLV2_DEV_008,0.0,1,4,CONTROL_FIXED
MLV2_DEV_027,1.0,1,4,CONTROL_FIXED
MLV2_DEV_033,1.0,1,4,CONTROL_FIXED
MLV2_DEV_038,0.0,1,4,CONTROL_FIXED
MLV2_DEV_063,1.0,1,4,CONTROL_FIXED
NEWDEV2_024,1.0,1,4,CONTROL_FIXED
NEWDEV2_027,0.16666666666666666,1,4,CONTROL_FIXED
NEWDEV2_031,0.0,1,4,CONTROL_FIXED
NEWDEV2_059,0.0,1,4,CONTROL_FIXED
NEWDEV2_074,0.0,1,4,CONTROL_FIXED
NEWDEV2_075,1.0,1,4,CONTROL_FIXED
NEWDEV2_077,1.0,1,4,CONTROL_FIXED
NEWDEV2_078,1.0,1,4,CONTROL_FIXED
NEWDEV2_089,1.0,1,4,CONTROL_FIXED
MLV2_DEV_008,0.0,1,4,TG5_GROUP_L2
MLV2_DEV_027,0.5,1,4,TG5_GROUP_L2
MLV2_DEV_033,0.0,1,4,TG5_GROUP_L2
MLV2_DEV_038,0.0,1,4,TG5_GROUP_L2
MLV2_DEV_063,0.0,1,4,TG5_GROUP_L2
NEWDEV2_024,0.0,1,4,TG5_GROUP_L2
NEWDEV2_027,0.0,1,4,TG5_GROUP_L2
NEWDEV2_031,0.5,1,4,TG5_GROUP_L2
NEWDEV2_059,0.25,1,4,TG5_GROUP_L2
NEWDEV2_074,0.0,1,4,TG5_GROUP_L2
NEWDEV2_075,1.0,1,4,TG5_GROUP_L2
NEWDEV2_077,1.0,1,4,TG5_GROUP_L2
NEWDEV2_078,0.0,1,4,TG5_GROUP_L2
NEWDEV2_089,0.75,1,4,TG5_GROUP_L2
MLV2_DEV_008,0.0,1,4,TG10_STEM_L2
MLV2_DEV_027,1.0,1,4,TG10_STEM_L2
MLV2_DEV_033,0.0,1,4,TG10_STEM_L2
MLV2_DEV_038,0.0,1,4,TG10_STEM_L2
MLV2_DEV_063,1.0,1,4,TG10_STEM_L2
NEWDEV2_024,0.0,1,4,TG10_STEM_L2
NEWDEV2_027,1.0,1,4,TG10_STEM_L2
NEWDEV2_031,1.0,1,4,TG10_STEM_L2
NEWDEV2_059,0.0,1,4,TG10_STEM_L2
NEWDEV2_074,0.0,1,4,TG10_STEM_L2
NEWDEV2_075,1.0,1,4,TG10_STEM_L2
NEWDEV2_077,0.0,1,4,TG10_STEM_L2
NEWDEV2_078,0.0,1,4,TG10_STEM_L2
NEWDEV2_089,1.0,1,4,TG10_STEM_L2
MLV2_DEV_008,0.0,1,4,TG10_STEM_BRANCH_L2
MLV2_DEV_027,1.0,1,4,TG10_STEM_BRANCH_L2
MLV2_DEV_033,0.0,1,4,TG10_STEM_BRANCH_L2
MLV2_DEV_038,0.0,1,4,TG10_STEM_BRANCH_L2
MLV2_DEV_063,1.0,1,4,TG10_STEM_BRANCH_L2
NEWDEV2_024,1.0,1,4,TG10_STEM_BRANCH_L2
NEWDEV2_027,0.6666666666666666,1,4,TG10_STEM_BRANCH_L2
NEWDEV2_031,0.0,1,4,TG10_STEM_BRANCH_L2
NEWDEV2_059,0.0,1,4,TG10_STEM_BRANCH_L2
NEWDEV2_074,0.0,1,4,TG10_STEM_BRANCH_L2
NEWDEV2_075,1.0,1,4,TG10_STEM_BRANCH_L2
NEWDEV2_077,0.0,1,4,TG10_STEM_BRANCH_L2
NEWDEV2_078,0.0,1,4,TG10_STEM_BRANCH_L2
NEWDEV2_089,0.0,1,4,TG10_STEM_BRANCH_L2
MLV2_DEV_008,0.0,1,4,TG10_SB_STRENGTH_L2
MLV2_DEV_027,1.0,1,4,TG10_SB_STRENGTH_L2
MLV2_DEV_033,0.0,1,4,TG10_SB_STRENGTH_L2
MLV2_DEV_038,0.0,1,4,TG10_SB_STRENGTH_L2
MLV2_DEV_063,1.0,1,4,TG10_SB_STRENGTH_L2
NEWDEV2_024,1.0,1,4,TG10_SB_STRENGTH_L2
NEWDEV2_027,0.3333333333333333,1,4,TG10_SB_STRENGTH_L2
NEWDEV2_031,0.0,1,4,TG10_SB_STRENGTH_L2
NEWDEV2_059,0.5,1,4,TG10_SB_STRENGTH_L2
NEWDEV2_074,0.0,1,4,TG10_SB_STRENGTH_L2
NEWDEV2_075,1.0,1,4,TG10_SB_STRENGTH_L2
NEWDEV2_077,0.0,1,4,TG10_SB_STRENGTH_L2
NEWDEV2_078,1.0,1,4,TG10_SB_STRENGTH_L2
NEWDEV2_089,0.5,1,4,TG10_SB_STRENGTH_L2
MLV2_DEV_008,0.0,1,4,TG10_SB_RELATIONS_L2
MLV2_DEV_027,1.0,1,4,TG10_SB_RELATIONS_L2
MLV2_DEV_033,0.0,1,4,TG10_SB_RELATIONS_L2
MLV2_DEV_038,0.0,1,4,TG10_SB_RELATIONS_L2
MLV2_DEV_063,1.0,1,4,TG10_SB_RELATIONS_L2
NEWDEV2_024,1.0,1,4,TG10_SB_RELATIONS_L2
NEWDEV2_027,0.3333333333333333,1,4,TG10_SB_RELATIONS_L2
NEWDEV2_031,0.0,1,4,TG10_SB_RELATIONS_L2
NEWDEV2_059,1.0,1,4,TG10_SB_RELATIONS_L2
NEWDEV2_074,1.0,1,4,TG10_SB_RELATIONS_L2
NEWDEV2_075,1.0,1,4,TG10_SB_RELATIONS_L2
NEWDEV2_077,0.0,1,4,TG10_SB_RELATIONS_L2
NEWDEV2_078,0.0,1,4,TG10_SB_RELATIONS_L2
NEWDEV2_089,0.5,1,4,TG10_SB_RELATIONS_L2
MLV2_DEV_008,0.0,1,4,ALL_L2
MLV2_DEV_027,1.0,1,4,ALL_L2
MLV2_DEV_033,0.0,1,4,ALL_L2
MLV2_DEV_038,0.0,1,4,ALL_L2
MLV2_DEV_063,1.0,1,4,ALL_L2
NEWDEV2_024,1.0,1,4,ALL_L2
NEWDEV2_027,0.3333333333333333,1,4,ALL_L2
NEWDEV2_031,0.0,1,4,ALL_L2
NEWDEV2_059,1.0,1,4,ALL_L2
NEWDEV2_074,0.0,1,4,ALL_L2
NEWDEV2_075,1.0,1,4,ALL_L2
NEWDEV2_077,0.0,1,4,ALL_L2
NEWDEV2_078,1.0,1,4,ALL_L2
NEWDEV2_089,0.5,1,4,ALL_L2
MLV2_DEV_008,1.0,1,4,NUISANCE_AGE_AXIS
MLV2_DEV_027,0.5,1,4,NUISANCE_AGE_AXIS
MLV2_DEV_033,0.0,1,4,NUISANCE_AGE_AXIS
MLV2_DEV_038,0.0,1,4,NUISANCE_AGE_AXIS
MLV2_DEV_063,0.0,1,4,NUISANCE_AGE_AXIS
NEWDEV2_024,1.0,1,4,NUISANCE_AGE_AXIS
NEWDEV2_027,0.0,1,4,NUISANCE_AGE_AXIS
NEWDEV2_031,0.0,1,4,NUISANCE_AGE_AXIS
NEWDEV2_059,0.0,1,4,NUISANCE_AGE_AXIS
NEWDEV2_074,1.0,1,4,NUISANCE_AGE_AXIS
NEWDEV2_075,1.0,1,4,NUISANCE_AGE_AXIS
NEWDEV2_077,1.0,1,4,NUISANCE_AGE_AXIS
NEWDEV2_078,1.0,1,4,NUISANCE_AGE_AXIS
NEWDEV2_089,0.5,1,4,NUISANCE_AGE_AXIS
MLV2_DEV_008,1.0,1,4,NUISANCE_WITH_ORIGIN_DIAGNOSTIC
MLV2_DEV_027,1.0,1,4,NUISANCE_WITH_ORIGIN_DIAGNOSTIC
MLV2_DEV_033,0.0,1,4,NUISANCE_WITH_ORIGIN_DIAGNOSTIC
MLV2_DEV_038,0.0,1,4,NUISANCE_WITH_ORIGIN_DIAGNOSTIC
MLV2_DEV_063,1.0,1,4,NUISANCE_WITH_ORIGIN_DIAGNOSTIC
NEWDEV2_024,1.0,1,4,NUISANCE_WITH_ORIGIN_DIAGNOSTIC
NEWDEV2_027,1.0,1,4,NUISANCE_WITH_ORIGIN_DIAGNOSTIC
NEWDEV2_031,1.0,1,4,NUISANCE_WITH_ORIGIN_DIAGNOSTIC
NEWDEV2_059,1.0,1,4,NUISANCE_WITH_ORIGIN_DIAGNOSTIC
NEWDEV2_074,1.0,1,4,NUISANCE_WITH_ORIGIN_DIAGNOSTIC
NEWDEV2_075,1.0,1,4,NUISANCE_WITH_ORIGIN_DIAGNOSTIC
NEWDEV2_077,1.0,1,4,NUISANCE_WITH_ORIGIN_DIAGNOSTIC
NEWDEV2_078,1.0,1,4,NUISANCE_WITH_ORIGIN_DIAGNOSTIC
NEWDEV2_089,1.0,1,4,NUISANCE_WITH_ORIGIN_DIAGNOSTIC
MLV2_DEV_008,1.0,1,4,ALL_ELASTICNET_AUTO
MLV2_DEV_027,1.0,1,4,ALL_ELASTICNET_AUTO
MLV2_DEV_033,1.0,1,4,ALL_ELASTICNET_AUTO
MLV2_DEV_038,1.0,1,4,ALL_ELASTICNET_AUTO
MLV2_DEV_063,1.0,1,4,ALL_ELASTICNET_AUTO
NEWDEV2_024,1.0,1,4,ALL_ELASTICNET_AUTO
NEWDEV2_027,1.0,1,4,ALL_ELASTICNET_AUTO
NEWDEV2_031,1.0,1,4,ALL_ELASTICNET_AUTO
NEWDEV2_059,1.0,1,4,ALL_ELASTICNET_AUTO
NEWDEV2_074,1.0,1,4,ALL_ELASTICNET_AUTO
NEWDEV2_075,1.0,1,4,ALL_ELASTICNET_AUTO
NEWDEV2_077,1.0,1,4,ALL_ELASTICNET_AUTO
NEWDEV2_078,1.0,1,4,ALL_ELASTICNET_AUTO
NEWDEV2_089,1.0,1,4,ALL_ELASTICNET_AUTO
MLV2_DEV_008,1.0,1,4,HGB_ALL_EXPLORATORY
MLV2_DEV_027,0.0,1,4,HGB_ALL_EXPLORATORY
MLV2_DEV_033,0.0,1,4,HGB_ALL_EXPLORATORY
MLV2_DEV_038,0.0,1,4,HGB_ALL_EXPLORATORY
MLV2_DEV_063,1.0,1,4,HGB_ALL_EXPLORATORY
NEWDEV2_024,0.0,1,4,HGB_ALL_EXPLORATORY
NEWDEV2_027,0.3333333333333333,1,4,HGB_ALL_EXPLORATORY
NEWDEV2_031,0.0,1,4,HGB_ALL_EXPLORATORY
NEWDEV2_059,0.5,1,4,HGB_ALL_EXPLORATORY
NEWDEV2_074,0.0,1,4,HGB_ALL_EXPLORATORY
NEWDEV2_075,0.0,1,4,HGB_ALL_EXPLORATORY
NEWDEV2_077,1.0,1,4,HGB_ALL_EXPLORATORY
NEWDEV2_078,1.0,1,4,HGB_ALL_EXPLORATORY
NEWDEV2_089,1.0,1,4,HGB_ALL_EXPLORATORY
MLV2_DEV_012,0.0,2,0,AGE_YOUNGER_FIXED
MLV2_DEV_020,1.0,2,0,AGE_YOUNGER_FIXED
MLV2_DEV_022,0.5,2,0,AGE_YOUNGER_FIXED
MLV2_DEV_057,0.5,2,0,AGE_YOUNGER_FIXED
MLV2_DEV_068,0.0,2,0,AGE_YOUNGER_FIXED
NEWDEV2_016,0.0,2,0,AGE_YOUNGER_FIXED
NEWDEV2_030,1.0,2,0,AGE_YOUNGER_FIXED
NEWDEV2_039,1.0,2,0,AGE_YOUNGER_FIXED
NEWDEV2_054,0.0,2,0,AGE_YOUNGER_FIXED
NEWDEV2_067,1.0,2,0,AGE_YOUNGER_FIXED
NEWDEV2_081,0.5,2,0,AGE_YOUNGER_FIXED
NEWDEV2_091,1.0,2,0,AGE_YOUNGER_FIXED
NEWDEV2_092,0.0,2,0,AGE_YOUNGER_FIXED
MLV2_DEV_012,1.0,2,0,AGE_LATER_FIXED
MLV2_DEV_020,0.0,2,0,AGE_LATER_FIXED
MLV2_DEV_022,0.5,2,0,AGE_LATER_FIXED
MLV2_DEV_057,0.5,2,0,AGE_LATER_FIXED
MLV2_DEV_068,1.0,2,0,AGE_LATER_FIXED
NEWDEV2_016,1.0,2,0,AGE_LATER_FIXED
NEWDEV2_030,0.0,2,0,AGE_LATER_FIXED
NEWDEV2_039,0.0,2,0,AGE_LATER_FIXED
NEWDEV2_054,1.0,2,0,AGE_LATER_FIXED
NEWDEV2_067,0.0,2,0,AGE_LATER_FIXED
NEWDEV2_081,0.5,2,0,AGE_LATER_FIXED
NEWDEV2_091,0.0,2,0,AGE_LATER_FIXED
NEWDEV2_092,1.0,2,0,AGE_LATER_FIXED
MLV2_DEV_012,0.0,2,0,CONTROL_FIXED
MLV2_DEV_020,0.0,2,0,CONTROL_FIXED
MLV2_DEV_022,0.5,2,0,CONTROL_FIXED
MLV2_DEV_057,0.0,2,0,CONTROL_FIXED
MLV2_DEV_068,0.4,2,0,CONTROL_FIXED
NEWDEV2_016,0.0,2,0,CONTROL_FIXED
NEWDEV2_030,0.0,2,0,CONTROL_FIXED
NEWDEV2_039,1.0,2,0,CONTROL_FIXED
NEWDEV2_054,0.5,2,0,CONTROL_FIXED
NEWDEV2_067,1.0,2,0,CONTROL_FIXED
NEWDEV2_081,0.5,2,0,CONTROL_FIXED
NEWDEV2_091,1.0,2,0,CONTROL_FIXED
NEWDEV2_092,0.0,2,0,CONTROL_FIXED
MLV2_DEV_012,0.5,2,0,TG5_GROUP_L2
MLV2_DEV_020,0.0,2,0,TG5_GROUP_L2
MLV2_DEV_022,0.75,2,0,TG5_GROUP_L2
MLV2_DEV_057,0.75,2,0,TG5_GROUP_L2
MLV2_DEV_068,0.5,2,0,TG5_GROUP_L2
NEWDEV2_016,1.0,2,0,TG5_GROUP_L2
NEWDEV2_030,0.0,2,0,TG5_GROUP_L2
NEWDEV2_039,0.5,2,0,TG5_GROUP_L2
NEWDEV2_054,1.0,2,0,TG5_GROUP_L2
NEWDEV2_067,0.0,2,0,TG5_GROUP_L2
NEWDEV2_081,1.0,2,0,TG5_GROUP_L2
NEWDEV2_091,0.0,2,0,TG5_GROUP_L2
NEWDEV2_092,0.5,2,0,TG5_GROUP_L2
MLV2_DEV_012,0.0,2,0,TG10_STEM_L2
MLV2_DEV_020,0.0,2,0,TG10_STEM_L2
MLV2_DEV_022,0.5,2,0,TG10_STEM_L2
MLV2_DEV_057,0.5,2,0,TG10_STEM_L2
MLV2_DEV_068,0.8,2,0,TG10_STEM_L2
NEWDEV2_016,1.0,2,0,TG10_STEM_L2
NEWDEV2_030,0.0,2,0,TG10_STEM_L2
NEWDEV2_039,1.0,2,0,TG10_STEM_L2
NEWDEV2_054,1.0,2,0,TG10_STEM_L2
NEWDEV2_067,0.0,2,0,TG10_STEM_L2
NEWDEV2_081,0.0,2,0,TG10_STEM_L2
NEWDEV2_091,0.0,2,0,TG10_STEM_L2
NEWDEV2_092,0.0,2,0,TG10_STEM_L2
MLV2_DEV_012,1.0,2,0,TG10_STEM_BRANCH_L2
MLV2_DEV_020,1.0,2,0,TG10_STEM_BRANCH_L2
MLV2_DEV_022,0.5,2,0,TG10_STEM_BRANCH_L2
MLV2_DEV_057,0.0,2,0,TG10_STEM_BRANCH_L2
MLV2_DEV_068,0.6,2,0,TG10_STEM_BRANCH_L2
NEWDEV2_016,1.0,2,0,TG10_STEM_BRANCH_L2
NEWDEV2_030,0.0,2,0,TG10_STEM_BRANCH_L2
NEWDEV2_039,0.0,2,0,TG10_STEM_BRANCH_L2
NEWDEV2_054,0.0,2,0,TG10_STEM_BRANCH_L2
NEWDEV2_067,1.0,2,0,TG10_STEM_BRANCH_L2
NEWDEV2_081,0.5,2,0,TG10_STEM_BRANCH_L2
NEWDEV2_091,1.0,2,0,TG10_STEM_BRANCH_L2
NEWDEV2_092,0.0,2,0,TG10_STEM_BRANCH_L2
MLV2_DEV_012,0.0,2,0,TG10_SB_STRENGTH_L2
MLV2_DEV_020,0.0,2,0,TG10_SB_STRENGTH_L2
MLV2_DEV_022,0.5,2,0,TG10_SB_STRENGTH_L2
MLV2_DEV_057,0.0,2,0,TG10_SB_STRENGTH_L2
MLV2_DEV_068,0.8,2,0,TG10_SB_STRENGTH_L2
NEWDEV2_016,1.0,2,0,TG10_SB_STRENGTH_L2
NEWDEV2_030,0.0,2,0,TG10_SB_STRENGTH_L2
NEWDEV2_039,0.0,2,0,TG10_SB_STRENGTH_L2
NEWDEV2_054,0.0,2,0,TG10_SB_STRENGTH_L2
NEWDEV2_067,0.0,2,0,TG10_SB_STRENGTH_L2
NEWDEV2_081,0.5,2,0,TG10_SB_STRENGTH_L2
NEWDEV2_091,1.0,2,0,TG10_SB_STRENGTH_L2
NEWDEV2_092,0.0,2,0,TG10_SB_STRENGTH_L2
MLV2_DEV_012,0.0,2,0,TG10_SB_RELATIONS_L2
MLV2_DEV_020,0.0,2,0,TG10_SB_RELATIONS_L2
MLV2_DEV_022,0.5,2,0,TG10_SB_RELATIONS_L2
MLV2_DEV_057,0.0,2,0,TG10_SB_RELATIONS_L2
MLV2_DEV_068,0.6,2,0,TG10_SB_RELATIONS_L2
NEWDEV2_016,1.0,2,0,TG10_SB_RELATIONS_L2
NEWDEV2_030,0.0,2,0,TG10_SB_RELATIONS_L2
NEWDEV2_039,1.0,2,0,TG10_SB_RELATIONS_L2
NEWDEV2_054,0.0,2,0,TG10_SB_RELATIONS_L2
NEWDEV2_067,1.0,2,0,TG10_SB_RELATIONS_L2
NEWDEV2_081,0.5,2,0,TG10_SB_RELATIONS_L2
NEWDEV2_091,1.0,2,0,TG10_SB_RELATIONS_L2
NEWDEV2_092,0.0,2,0,TG10_SB_RELATIONS_L2
MLV2_DEV_012,1.0,2,0,ALL_L2
MLV2_DEV_020,0.0,2,0,ALL_L2
MLV2_DEV_022,1.0,2,0,ALL_L2
MLV2_DEV_057,0.0,2,0,ALL_L2
MLV2_DEV_068,0.4,2,0,ALL_L2
NEWDEV2_016,0.0,2,0,ALL_L2
NEWDEV2_030,0.0,2,0,ALL_L2
NEWDEV2_039,1.0,2,0,ALL_L2
NEWDEV2_054,0.0,2,0,ALL_L2
NEWDEV2_067,0.0,2,0,ALL_L2
NEWDEV2_081,0.5,2,0,ALL_L2
NEWDEV2_091,0.0,2,0,ALL_L2
NEWDEV2_092,1.0,2,0,ALL_L2
MLV2_DEV_012,0.0,2,0,NUISANCE_AGE_AXIS
MLV2_DEV_020,1.0,2,0,NUISANCE_AGE_AXIS
MLV2_DEV_022,0.5,2,0,NUISANCE_AGE_AXIS
MLV2_DEV_057,0.5,2,0,NUISANCE_AGE_AXIS
MLV2_DEV_068,0.0,2,0,NUISANCE_AGE_AXIS
NEWDEV2_016,0.0,2,0,NUISANCE_AGE_AXIS
NEWDEV2_030,1.0,2,0,NUISANCE_AGE_AXIS
NEWDEV2_039,1.0,2,0,NUISANCE_AGE_AXIS
NEWDEV2_054,0.0,2,0,NUISANCE_AGE_AXIS
NEWDEV2_067,1.0,2,0,NUISANCE_AGE_AXIS
NEWDEV2_081,0.5,2,0,NUISANCE_AGE_AXIS
NEWDEV2_091,1.0,2,0,NUISANCE_AGE_AXIS
NEWDEV2_092,0.0,2,0,NUISANCE_AGE_AXIS
MLV2_DEV_012,1.0,2,0,NUISANCE_WITH_ORIGIN_DIAGNOSTIC
MLV2_DEV_020,1.0,2,0,NUISANCE_WITH_ORIGIN_DIAGNOSTIC
MLV2_DEV_022,0.5,2,0,NUISANCE_WITH_ORIGIN_DIAGNOSTIC
MLV2_DEV_057,1.0,2,0,NUISANCE_WITH_ORIGIN_DIAGNOSTIC
MLV2_DEV_068,1.0,2,0,NUISANCE_WITH_ORIGIN_DIAGNOSTIC
NEWDEV2_016,0.0,2,0,NUISANCE_WITH_ORIGIN_DIAGNOSTIC
NEWDEV2_030,1.0,2,0,NUISANCE_WITH_ORIGIN_DIAGNOSTIC
NEWDEV2_039,1.0,2,0,NUISANCE_WITH_ORIGIN_DIAGNOSTIC
NEWDEV2_054,1.0,2,0,NUISANCE_WITH_ORIGIN_DIAGNOSTIC
NEWDEV2_067,1.0,2,0,NUISANCE_WITH_ORIGIN_DIAGNOSTIC
NEWDEV2_081,1.0,2,0,NUISANCE_WITH_ORIGIN_DIAGNOSTIC
NEWDEV2_091,1.0,2,0,NUISANCE_WITH_ORIGIN_DIAGNOSTIC
NEWDEV2_092,1.0,2,0,NUISANCE_WITH_ORIGIN_DIAGNOSTIC
MLV2_DEV_012,0.0,2,0,ALL_ELASTICNET_AUTO
MLV2_DEV_020,0.0,2,0,ALL_ELASTICNET_AUTO
MLV2_DEV_022,0.0,2,0,ALL_ELASTICNET_AUTO
MLV2_DEV_057,0.0,2,0,ALL_ELASTICNET_AUTO
MLV2_DEV_068,0.0,2,0,ALL_ELASTICNET_AUTO
NEWDEV2_016,0.0,2,0,ALL_ELASTICNET_AUTO
NEWDEV2_030,0.0,2,0,ALL_ELASTICNET_AUTO
NEWDEV2_039,0.0,2,0,ALL_ELASTICNET_AUTO
NEWDEV2_054,0.0,2,0,ALL_ELASTICNET_AUTO
NEWDEV2_067,0.0,2,0,ALL_ELASTICNET_AUTO
NEWDEV2_081,0.0,2,0,ALL_ELASTICNET_AUTO
NEWDEV2_091,0.0,2,0,ALL_ELASTICNET_AUTO
NEWDEV2_092,0.0,2,0,ALL_ELASTICNET_AUTO
MLV2_DEV_012,1.0,2,0,HGB_ALL_EXPLORATORY
MLV2_DEV_020,0.0,2,0,HGB_ALL_EXPLORATORY
MLV2_DEV_022,1.0,2,0,HGB_ALL_EXPLORATORY
MLV2_DEV_057,1.0,2,0,HGB_ALL_EXPLORATORY
MLV2_DEV_068,0.6,2,0,HGB_ALL_EXPLORATORY
NEWDEV2_016,0.0,2,0,HGB_ALL_EXPLORATORY
NEWDEV2_030,1.0,2,0,HGB_ALL_EXPLORATORY
NEWDEV2_039,1.0,2,0,HGB_ALL_EXPLORATORY
NEWDEV2_054,0.0,2,0,HGB_ALL_EXPLORATORY
NEWDEV2_067,0.0,2,0,HGB_ALL_EXPLORATORY
NEWDEV2_081,0.0,2,0,HGB_ALL_EXPLORATORY
NEWDEV2_091,0.0,2,0,HGB_ALL_EXPLORATORY
NEWDEV2_092,1.0,2,0,HGB_ALL_EXPLORATORY
MLV2_DEV_027,0.5,2,1,AGE_YOUNGER_FIXED
MLV2_DEV_028,0.0,2,1,AGE_YOUNGER_FIXED
MLV2_DEV_039,1.0,2,1,AGE_YOUNGER_FIXED
MLV2_DEV_054,0.5,2,1,AGE_YOUNGER_FIXED
NEWDEV2_006,0.0,2,1,AGE_YOUNGER_FIXED
NEWDEV2_013,1.0,2,1,AGE_YOUNGER_FIXED
NEWDEV2_031,0.0,2,1,AGE_YOUNGER_FIXED
NEWDEV2_056,0.25,2,1,AGE_YOUNGER_FIXED
NEWDEV2_060,0.0,2,1,AGE_YOUNGER_FIXED
NEWDEV2_070,1.0,2,1,AGE_YOUNGER_FIXED
NEWDEV2_074,1.0,2,1,AGE_YOUNGER_FIXED
NEWDEV2_077,1.0,2,1,AGE_YOUNGER_FIXED
NEWDEV2_084,0.0,2,1,AGE_YOUNGER_FIXED
NEWDEV2_089,0.5,2,1,AGE_YOUNGER_FIXED
MLV2_DEV_027,0.5,2,1,AGE_LATER_FIXED
MLV2_DEV_028,1.0,2,1,AGE_LATER_FIXED
MLV2_DEV_039,0.0,2,1,AGE_LATER_FIXED
MLV2_DEV_054,0.5,2,1,AGE_LATER_FIXED
NEWDEV2_006,1.0,2,1,AGE_LATER_FIXED
NEWDEV2_013,0.0,2,1,AGE_LATER_FIXED
NEWDEV2_031,1.0,2,1,AGE_LATER_FIXED
NEWDEV2_056,0.75,2,1,AGE_LATER_FIXED
NEWDEV2_060,1.0,2,1,AGE_LATER_FIXED
NEWDEV2_070,0.0,2,1,AGE_LATER_FIXED
NEWDEV2_074,0.0,2,1,AGE_LATER_FIXED
NEWDEV2_077,0.0,2,1,AGE_LATER_FIXED
NEWDEV2_084,1.0,2,1,AGE_LATER_FIXED
NEWDEV2_089,0.5,2,1,AGE_LATER_FIXED
MLV2_DEV_027,1.0,2,1,CONTROL_FIXED
MLV2_DEV_028,1.0,2,1,CONTROL_FIXED
MLV2_DEV_039,0.0,2,1,CONTROL_FIXED
MLV2_DEV_054,0.5,2,1,CONTROL_FIXED
NEWDEV2_006,0.5,2,1,CONTROL_FIXED
NEWDEV2_013,0.0,2,1,CONTROL_FIXED
NEWDEV2_031,0.0,2,1,CONTROL_FIXED
NEWDEV2_056,0.0,2,1,CONTROL_FIXED
NEWDEV2_060,0.0,2,1,CONTROL_FIXED
NEWDEV2_070,1.0,2,1,CONTROL_FIXED
NEWDEV2_074,0.0,2,1,CONTROL_FIXED
NEWDEV2_077,1.0,2,1,CONTROL_FIXED
NEWDEV2_084,0.5,2,1,CONTROL_FIXED
NEWDEV2_089,1.0,2,1,CONTROL_FIXED
MLV2_DEV_027,0.5,2,1,TG5_GROUP_L2
MLV2_DEV_028,1.0,2,1,TG5_GROUP_L2
MLV2_DEV_039,0.0,2,1,TG5_GROUP_L2
MLV2_DEV_054,0.0,2,1,TG5_GROUP_L2
NEWDEV2_006,1.0,2,1,TG5_GROUP_L2
NEWDEV2_013,0.0,2,1,TG5_GROUP_L2
NEWDEV2_031,0.5,2,1,TG5_GROUP_L2
NEWDEV2_056,0.125,2,1,TG5_GROUP_L2
NEWDEV2_060,0.0,2,1,TG5_GROUP_L2
NEWDEV2_070,0.0,2,1,TG5_GROUP_L2
NEWDEV2_074,1.0,2,1,TG5_GROUP_L2
NEWDEV2_077,0.0,2,1,TG5_GROUP_L2
NEWDEV2_084,0.0,2,1,TG5_GROUP_L2
NEWDEV2_089,0.75,2,1,TG5_GROUP_L2
MLV2_DEV_027,1.0,2,1,TG10_STEM_L2
MLV2_DEV_028,1.0,2,1,TG10_STEM_L2
MLV2_DEV_039,1.0,2,1,TG10_STEM_L2
MLV2_DEV_054,0.0,2,1,TG10_STEM_L2
NEWDEV2_006,1.0,2,1,TG10_STEM_L2
NEWDEV2_013,0.0,2,1,TG10_STEM_L2
NEWDEV2_031,1.0,2,1,TG10_STEM_L2
NEWDEV2_056,0.25,2,1,TG10_STEM_L2
NEWDEV2_060,0.0,2,1,TG10_STEM_L2
NEWDEV2_070,0.0,2,1,TG10_STEM_L2
NEWDEV2_074,0.0,2,1,TG10_STEM_L2
NEWDEV2_077,0.0,2,1,TG10_STEM_L2
NEWDEV2_084,1.0,2,1,TG10_STEM_L2
NEWDEV2_089,1.0,2,1,TG10_STEM_L2
MLV2_DEV_027,1.0,2,1,TG10_STEM_BRANCH_L2
MLV2_DEV_028,1.0,2,1,TG10_STEM_BRANCH_L2
MLV2_DEV_039,1.0,2,1,TG10_STEM_BRANCH_L2
MLV2_DEV_054,0.5,2,1,TG10_STEM_BRANCH_L2
NEWDEV2_006,0.0,2,1,TG10_STEM_BRANCH_L2
NEWDEV2_013,0.0,2,1,TG10_STEM_BRANCH_L2
NEWDEV2_031,0.0,2,1,TG10_STEM_BRANCH_L2
NEWDEV2_056,0.0,2,1,TG10_STEM_BRANCH_L2
NEWDEV2_060,0.0,2,1,TG10_STEM_BRANCH_L2
NEWDEV2_070,0.0,2,1,TG10_STEM_BRANCH_L2
NEWDEV2_074,0.0,2,1,TG10_STEM_BRANCH_L2
NEWDEV2_077,0.0,2,1,TG10_STEM_BRANCH_L2
NEWDEV2_084,0.0,2,1,TG10_STEM_BRANCH_L2
NEWDEV2_089,1.0,2,1,TG10_STEM_BRANCH_L2
MLV2_DEV_027,1.0,2,1,TG10_SB_STRENGTH_L2
MLV2_DEV_028,1.0,2,1,TG10_SB_STRENGTH_L2
MLV2_DEV_039,1.0,2,1,TG10_SB_STRENGTH_L2
MLV2_DEV_054,0.5,2,1,TG10_SB_STRENGTH_L2
NEWDEV2_006,1.0,2,1,TG10_SB_STRENGTH_L2
NEWDEV2_013,0.0,2,1,TG10_SB_STRENGTH_L2
NEWDEV2_031,0.0,2,1,TG10_SB_STRENGTH_L2
NEWDEV2_056,0.0,2,1,TG10_SB_STRENGTH_L2
NEWDEV2_060,0.0,2,1,TG10_SB_STRENGTH_L2
NEWDEV2_070,0.0,2,1,TG10_SB_STRENGTH_L2
NEWDEV2_074,0.0,2,1,TG10_SB_STRENGTH_L2
NEWDEV2_077,0.0,2,1,TG10_SB_STRENGTH_L2
NEWDEV2_084,0.0,2,1,TG10_SB_STRENGTH_L2
NEWDEV2_089,1.0,2,1,TG10_SB_STRENGTH_L2
MLV2_DEV_027,1.0,2,1,TG10_SB_RELATIONS_L2
MLV2_DEV_028,1.0,2,1,TG10_SB_RELATIONS_L2
MLV2_DEV_039,1.0,2,1,TG10_SB_RELATIONS_L2
MLV2_DEV_054,0.5,2,1,TG10_SB_RELATIONS_L2
NEWDEV2_006,0.0,2,1,TG10_SB_RELATIONS_L2
NEWDEV2_013,0.0,2,1,TG10_SB_RELATIONS_L2
NEWDEV2_031,0.0,2,1,TG10_SB_RELATIONS_L2
NEWDEV2_056,0.0,2,1,TG10_SB_RELATIONS_L2
NEWDEV2_060,0.0,2,1,TG10_SB_RELATIONS_L2
NEWDEV2_070,0.0,2,1,TG10_SB_RELATIONS_L2
NEWDEV2_074,1.0,2,1,TG10_SB_RELATIONS_L2
NEWDEV2_077,0.0,2,1,TG10_SB_RELATIONS_L2
NEWDEV2_084,0.0,2,1,TG10_SB_RELATIONS_L2
NEWDEV2_089,0.5,2,1,TG10_SB_RELATIONS_L2
MLV2_DEV_027,1.0,2,1,ALL_L2
MLV2_DEV_028,1.0,2,1,ALL_L2
MLV2_DEV_039,1.0,2,1,ALL_L2
MLV2_DEV_054,1.0,2,1,ALL_L2
NEWDEV2_006,0.0,2,1,ALL_L2
NEWDEV2_013,0.0,2,1,ALL_L2
NEWDEV2_031,0.0,2,1,ALL_L2
NEWDEV2_056,0.0,2,1,ALL_L2
NEWDEV2_060,0.0,2,1,ALL_L2
NEWDEV2_070,0.0,2,1,ALL_L2
NEWDEV2_074,1.0,2,1,ALL_L2
NEWDEV2_077,0.0,2,1,ALL_L2
NEWDEV2_084,0.0,2,1,ALL_L2
NEWDEV2_089,1.0,2,1,ALL_L2
MLV2_DEV_027,1.0,2,1,NUISANCE_AGE_AXIS
MLV2_DEV_028,0.0,2,1,NUISANCE_AGE_AXIS
MLV2_DEV_039,1.0,2,1,NUISANCE_AGE_AXIS
MLV2_DEV_054,0.0,2,1,NUISANCE_AGE_AXIS
NEWDEV2_006,1.0,2,1,NUISANCE_AGE_AXIS
NEWDEV2_013,0.0,2,1,NUISANCE_AGE_AXIS
NEWDEV2_031,1.0,2,1,NUISANCE_AGE_AXIS
NEWDEV2_056,1.0,2,1,NUISANCE_AGE_AXIS
NEWDEV2_060,1.0,2,1,NUISANCE_AGE_AXIS
NEWDEV2_070,1.0,2,1,NUISANCE_AGE_AXIS
NEWDEV2_074,1.0,2,1,NUISANCE_AGE_AXIS
NEWDEV2_077,1.0,2,1,NUISANCE_AGE_AXIS
NEWDEV2_084,0.0,2,1,NUISANCE_AGE_AXIS
NEWDEV2_089,0.5,2,1,NUISANCE_AGE_AXIS
MLV2_DEV_027,1.0,2,1,NUISANCE_WITH_ORIGIN_DIAGNOSTIC
MLV2_DEV_028,1.0,2,1,NUISANCE_WITH_ORIGIN_DIAGNOSTIC
MLV2_DEV_039,1.0,2,1,NUISANCE_WITH_ORIGIN_DIAGNOSTIC
MLV2_DEV_054,1.0,2,1,NUISANCE_WITH_ORIGIN_DIAGNOSTIC
NEWDEV2_006,0.0,2,1,NUISANCE_WITH_ORIGIN_DIAGNOSTIC
NEWDEV2_013,1.0,2,1,NUISANCE_WITH_ORIGIN_DIAGNOSTIC
NEWDEV2_031,1.0,2,1,NUISANCE_WITH_ORIGIN_DIAGNOSTIC
NEWDEV2_056,1.0,2,1,NUISANCE_WITH_ORIGIN_DIAGNOSTIC
NEWDEV2_060,1.0,2,1,NUISANCE_WITH_ORIGIN_DIAGNOSTIC
NEWDEV2_070,1.0,2,1,NUISANCE_WITH_ORIGIN_DIAGNOSTIC
NEWDEV2_074,1.0,2,1,NUISANCE_WITH_ORIGIN_DIAGNOSTIC
NEWDEV2_077,1.0,2,1,NUISANCE_WITH_ORIGIN_DIAGNOSTIC
NEWDEV2_084,1.0,2,1,NUISANCE_WITH_ORIGIN_DIAGNOSTIC
NEWDEV2_089,1.0,2,1,NUISANCE_WITH_ORIGIN_DIAGNOSTIC
MLV2_DEV_027,0.0,2,1,ALL_ELASTICNET_AUTO
MLV2_DEV_028,1.0,2,1,ALL_ELASTICNET_AUTO
MLV2_DEV_039,1.0,2,1,ALL_ELASTICNET_AUTO
MLV2_DEV_054,1.0,2,1,ALL_ELASTICNET_AUTO
NEWDEV2_006,1.0,2,1,ALL_ELASTICNET_AUTO
NEWDEV2_013,1.0,2,1,ALL_ELASTICNET_AUTO
NEWDEV2_031,1.0,2,1,ALL_ELASTICNET_AUTO
NEWDEV2_056,0.0,2,1,ALL_ELASTICNET_AUTO
NEWDEV2_060,0.0,2,1,ALL_ELASTICNET_AUTO
NEWDEV2_070,0.0,2,1,ALL_ELASTICNET_AUTO
NEWDEV2_074,1.0,2,1,ALL_ELASTICNET_AUTO
NEWDEV2_077,1.0,2,1,ALL_ELASTICNET_AUTO
NEWDEV2_084,0.0,2,1,ALL_ELASTICNET_AUTO
NEWDEV2_089,0.0,2,1,ALL_ELASTICNET_AUTO
MLV2_DEV_027,0.0,2,1,HGB_ALL_EXPLORATORY
MLV2_DEV_028,1.0,2,1,HGB_ALL_EXPLORATORY
MLV2_DEV_039,0.0,2,1,HGB_ALL_EXPLORATORY
MLV2_DEV_054,1.0,2,1,HGB_ALL_EXPLORATORY
NEWDEV2_006,1.0,2,1,HGB_ALL_EXPLORATORY
NEWDEV2_013,0.0,2,1,HGB_ALL_EXPLORATORY
NEWDEV2_031,0.0,2,1,HGB_ALL_EXPLORATORY
NEWDEV2_056,0.0,2,1,HGB_ALL_EXPLORATORY
NEWDEV2_060,0.0,2,1,HGB_ALL_EXPLORATORY
NEWDEV2_070,0.0,2,1,HGB_ALL_EXPLORATORY
NEWDEV2_074,1.0,2,1,HGB_ALL_EXPLORATORY
NEWDEV2_077,1.0,2,1,HGB_ALL_EXPLORATORY
NEWDEV2_084,0.0,2,1,HGB_ALL_EXPLORATORY
NEWDEV2_089,0.0,2,1,HGB_ALL_EXPLORATORY
MLV2_DEV_001,0.0,2,2,AGE_YOUNGER_FIXED
MLV2_DEV_007,0.6666666666666666,2,2,AGE_YOUNGER_FIXED
MLV2_DEV_008,1.0,2,2,AGE_YOUNGER_FIXED
MLV2_DEV_032,0.0,2,2,AGE_YOUNGER_FIXED
MLV2_DEV_033,0.0,2,2,AGE_YOUNGER_FIXED
MLV2_DEV_051,0.0,2,2,AGE_YOUNGER_FIXED
NEWDEV2_005,0.0,2,2,AGE_YOUNGER_FIXED
NEWDEV2_024,1.0,2,2,AGE_YOUNGER_FIXED
NEWDEV2_043,0.0,2,2,AGE_YOUNGER_FIXED
NEWDEV2_053,0.0,2,2,AGE_YOUNGER_FIXED
NEWDEV2_059,0.0,2,2,AGE_YOUNGER_FIXED
NEWDEV2_065,0.3333333333333333,2,2,AGE_YOUNGER_FIXED
NEWDEV2_078,1.0,2,2,AGE_YOUNGER_FIXED
NEWDEV2_082,1.0,2,2,AGE_YOUNGER_FIXED
MLV2_DEV_001,1.0,2,2,AGE_LATER_FIXED
MLV2_DEV_007,0.3333333333333333,2,2,AGE_LATER_FIXED
MLV2_DEV_008,0.0,2,2,AGE_LATER_FIXED
MLV2_DEV_032,1.0,2,2,AGE_LATER_FIXED
MLV2_DEV_033,1.0,2,2,AGE_LATER_FIXED
MLV2_DEV_051,1.0,2,2,AGE_LATER_FIXED
NEWDEV2_005,1.0,2,2,AGE_LATER_FIXED
NEWDEV2_024,0.0,2,2,AGE_LATER_FIXED
NEWDEV2_043,1.0,2,2,AGE_LATER_FIXED
NEWDEV2_053,1.0,2,2,AGE_LATER_FIXED
NEWDEV2_059,1.0,2,2,AGE_LATER_FIXED
NEWDEV2_065,0.6666666666666666,2,2,AGE_LATER_FIXED
NEWDEV2_078,0.0,2,2,AGE_LATER_FIXED
NEWDEV2_082,0.0,2,2,AGE_LATER_FIXED
MLV2_DEV_001,0.0,2,2,CONTROL_FIXED
MLV2_DEV_007,0.0,2,2,CONTROL_FIXED
MLV2_DEV_008,0.0,2,2,CONTROL_FIXED
MLV2_DEV_032,1.0,2,2,CONTROL_FIXED
MLV2_DEV_033,1.0,2,2,CONTROL_FIXED
MLV2_DEV_051,0.0,2,2,CONTROL_FIXED
NEWDEV2_005,0.5,2,2,CONTROL_FIXED
NEWDEV2_024,1.0,2,2,CONTROL_FIXED
NEWDEV2_043,1.0,2,2,CONTROL_FIXED
NEWDEV2_053,0.0,2,2,CONTROL_FIXED
NEWDEV2_059,0.0,2,2,CONTROL_FIXED
NEWDEV2_065,0.3333333333333333,2,2,CONTROL_FIXED
NEWDEV2_078,1.0,2,2,CONTROL_FIXED
NEWDEV2_082,1.0,2,2,CONTROL_FIXED
MLV2_DEV_001,1.0,2,2,TG5_GROUP_L2
MLV2_DEV_007,0.3333333333333333,2,2,TG5_GROUP_L2
MLV2_DEV_008,0.0,2,2,TG5_GROUP_L2
MLV2_DEV_032,0.0,2,2,TG5_GROUP_L2
MLV2_DEV_033,1.0,2,2,TG5_GROUP_L2
MLV2_DEV_051,0.5,2,2,TG5_GROUP_L2
NEWDEV2_005,0.25,2,2,TG5_GROUP_L2
NEWDEV2_024,0.0,2,2,TG5_GROUP_L2
NEWDEV2_043,0.0,2,2,TG5_GROUP_L2
NEWDEV2_053,0.0,2,2,TG5_GROUP_L2
NEWDEV2_059,0.75,2,2,TG5_GROUP_L2
NEWDEV2_065,0.0,2,2,TG5_GROUP_L2
NEWDEV2_078,0.0,2,2,TG5_GROUP_L2
NEWDEV2_082,1.0,2,2,TG5_GROUP_L2
MLV2_DEV_001,1.0,2,2,TG10_STEM_L2
MLV2_DEV_007,1.0,2,2,TG10_STEM_L2
MLV2_DEV_008,0.0,2,2,TG10_STEM_L2
MLV2_DEV_032,0.0,2,2,TG10_STEM_L2
MLV2_DEV_033,0.0,2,2,TG10_STEM_L2
MLV2_DEV_051,0.0,2,2,TG10_STEM_L2
NEWDEV2_005,0.5,2,2,TG10_STEM_L2
NEWDEV2_024,0.0,2,2,TG10_STEM_L2
NEWDEV2_043,1.0,2,2,TG10_STEM_L2
NEWDEV2_053,1.0,2,2,TG10_STEM_L2
NEWDEV2_059,0.0,2,2,TG10_STEM_L2
NEWDEV2_065,0.6666666666666666,2,2,TG10_STEM_L2
NEWDEV2_078,0.0,2,2,TG10_STEM_L2
NEWDEV2_082,1.0,2,2,TG10_STEM_L2
MLV2_DEV_001,1.0,2,2,TG10_STEM_BRANCH_L2
MLV2_DEV_007,1.0,2,2,TG10_STEM_BRANCH_L2
MLV2_DEV_008,0.0,2,2,TG10_STEM_BRANCH_L2
MLV2_DEV_032,1.0,2,2,TG10_STEM_BRANCH_L2
MLV2_DEV_033,0.0,2,2,TG10_STEM_BRANCH_L2
MLV2_DEV_051,1.0,2,2,TG10_STEM_BRANCH_L2
NEWDEV2_005,0.0,2,2,TG10_STEM_BRANCH_L2
NEWDEV2_024,1.0,2,2,TG10_STEM_BRANCH_L2
NEWDEV2_043,1.0,2,2,TG10_STEM_BRANCH_L2
NEWDEV2_053,0.0,2,2,TG10_STEM_BRANCH_L2
NEWDEV2_059,0.0,2,2,TG10_STEM_BRANCH_L2
NEWDEV2_065,0.3333333333333333,2,2,TG10_STEM_BRANCH_L2
NEWDEV2_078,0.0,2,2,TG10_STEM_BRANCH_L2
NEWDEV2_082,1.0,2,2,TG10_STEM_BRANCH_L2
MLV2_DEV_001,0.0,2,2,TG10_SB_STRENGTH_L2
MLV2_DEV_007,0.0,2,2,TG10_SB_STRENGTH_L2
MLV2_DEV_008,0.0,2,2,TG10_SB_STRENGTH_L2
MLV2_DEV_032,1.0,2,2,TG10_SB_STRENGTH_L2
MLV2_DEV_033,0.0,2,2,TG10_SB_STRENGTH_L2
MLV2_DEV_051,1.0,2,2,TG10_SB_STRENGTH_L2
NEWDEV2_005,0.0,2,2,TG10_SB_STRENGTH_L2
NEWDEV2_024,1.0,2,2,TG10_SB_STRENGTH_L2
NEWDEV2_043,1.0,2,2,TG10_SB_STRENGTH_L2
NEWDEV2_053,0.0,2,2,TG10_SB_STRENGTH_L2
NEWDEV2_059,0.0,2,2,TG10_SB_STRENGTH_L2
NEWDEV2_065,0.6666666666666666,2,2,TG10_SB_STRENGTH_L2
NEWDEV2_078,1.0,2,2,TG10_SB_STRENGTH_L2
NEWDEV2_082,1.0,2,2,TG10_SB_STRENGTH_L2
MLV2_DEV_001,1.0,2,2,TG10_SB_RELATIONS_L2
MLV2_DEV_007,0.3333333333333333,2,2,TG10_SB_RELATIONS_L2
MLV2_DEV_008,0.0,2,2,TG10_SB_RELATIONS_L2
MLV2_DEV_032,1.0,2,2,TG10_SB_RELATIONS_L2
MLV2_DEV_033,0.0,2,2,TG10_SB_RELATIONS_L2
MLV2_DEV_051,0.0,2,2,TG10_SB_RELATIONS_L2
NEWDEV2_005,0.0,2,2,TG10_SB_RELATIONS_L2
NEWDEV2_024,1.0,2,2,TG10_SB_RELATIONS_L2
NEWDEV2_043,1.0,2,2,TG10_SB_RELATIONS_L2
NEWDEV2_053,0.0,2,2,TG10_SB_RELATIONS_L2
NEWDEV2_059,1.0,2,2,TG10_SB_RELATIONS_L2
NEWDEV2_065,0.6666666666666666,2,2,TG10_SB_RELATIONS_L2
NEWDEV2_078,1.0,2,2,TG10_SB_RELATIONS_L2
NEWDEV2_082,1.0,2,2,TG10_SB_RELATIONS_L2
MLV2_DEV_001,1.0,2,2,ALL_L2
MLV2_DEV_007,0.0,2,2,ALL_L2
MLV2_DEV_008,1.0,2,2,ALL_L2
MLV2_DEV_032,0.0,2,2,ALL_L2
MLV2_DEV_033,0.0,2,2,ALL_L2
MLV2_DEV_051,0.0,2,2,ALL_L2
NEWDEV2_005,0.0,2,2,ALL_L2
NEWDEV2_024,1.0,2,2,ALL_L2
NEWDEV2_043,1.0,2,2,ALL_L2
NEWDEV2_053,1.0,2,2,ALL_L2
NEWDEV2_059,1.0,2,2,ALL_L2
NEWDEV2_065,0.3333333333333333,2,2,ALL_L2
NEWDEV2_078,1.0,2,2,ALL_L2
NEWDEV2_082,1.0,2,2,ALL_L2
MLV2_DEV_001,0.0,2,2,NUISANCE_AGE_AXIS
MLV2_DEV_007,0.6666666666666666,2,2,NUISANCE_AGE_AXIS
MLV2_DEV_008,1.0,2,2,NUISANCE_AGE_AXIS
MLV2_DEV_032,0.0,2,2,NUISANCE_AGE_AXIS
MLV2_DEV_033,0.0,2,2,NUISANCE_AGE_AXIS
MLV2_DEV_051,0.0,2,2,NUISANCE_AGE_AXIS
NEWDEV2_005,0.0,2,2,NUISANCE_AGE_AXIS
NEWDEV2_024,1.0,2,2,NUISANCE_AGE_AXIS
NEWDEV2_043,0.0,2,2,NUISANCE_AGE_AXIS
NEWDEV2_053,0.0,2,2,NUISANCE_AGE_AXIS
NEWDEV2_059,0.0,2,2,NUISANCE_AGE_AXIS
NEWDEV2_065,0.3333333333333333,2,2,NUISANCE_AGE_AXIS
NEWDEV2_078,1.0,2,2,NUISANCE_AGE_AXIS
NEWDEV2_082,1.0,2,2,NUISANCE_AGE_AXIS
MLV2_DEV_001,1.0,2,2,NUISANCE_WITH_ORIGIN_DIAGNOSTIC
MLV2_DEV_007,1.0,2,2,NUISANCE_WITH_ORIGIN_DIAGNOSTIC
MLV2_DEV_008,1.0,2,2,NUISANCE_WITH_ORIGIN_DIAGNOSTIC
MLV2_DEV_032,1.0,2,2,NUISANCE_WITH_ORIGIN_DIAGNOSTIC
MLV2_DEV_033,0.0,2,2,NUISANCE_WITH_ORIGIN_DIAGNOSTIC
MLV2_DEV_051,1.0,2,2,NUISANCE_WITH_ORIGIN_DIAGNOSTIC
NEWDEV2_005,1.0,2,2,NUISANCE_WITH_ORIGIN_DIAGNOSTIC
NEWDEV2_024,1.0,2,2,NUISANCE_WITH_ORIGIN_DIAGNOSTIC
NEWDEV2_043,0.0,2,2,NUISANCE_WITH_ORIGIN_DIAGNOSTIC
NEWDEV2_053,0.0,2,2,NUISANCE_WITH_ORIGIN_DIAGNOSTIC
NEWDEV2_059,1.0,2,2,NUISANCE_WITH_ORIGIN_DIAGNOSTIC
NEWDEV2_065,1.0,2,2,NUISANCE_WITH_ORIGIN_DIAGNOSTIC
NEWDEV2_078,1.0,2,2,NUISANCE_WITH_ORIGIN_DIAGNOSTIC
NEWDEV2_082,1.0,2,2,NUISANCE_WITH_ORIGIN_DIAGNOSTIC
MLV2_DEV_001,1.0,2,2,ALL_ELASTICNET_AUTO
MLV2_DEV_007,0.3333333333333333,2,2,ALL_ELASTICNET_AUTO
MLV2_DEV_008,1.0,2,2,ALL_ELASTICNET_AUTO
MLV2_DEV_032,0.0,2,2,ALL_ELASTICNET_AUTO
MLV2_DEV_033,1.0,2,2,ALL_ELASTICNET_AUTO
MLV2_DEV_051,0.0,2,2,ALL_ELASTICNET_AUTO
NEWDEV2_005,0.5,2,2,ALL_ELASTICNET_AUTO
NEWDEV2_024,1.0,2,2,ALL_ELASTICNET_AUTO
NEWDEV2_043,1.0,2,2,ALL_ELASTICNET_AUTO
NEWDEV2_053,1.0,2,2,ALL_ELASTICNET_AUTO
NEWDEV2_059,1.0,2,2,ALL_ELASTICNET_AUTO
NEWDEV2_065,0.0,2,2,ALL_ELASTICNET_AUTO
NEWDEV2_078,1.0,2,2,ALL_ELASTICNET_AUTO
NEWDEV2_082,1.0,2,2,ALL_ELASTICNET_AUTO
MLV2_DEV_001,0.0,2,2,HGB_ALL_EXPLORATORY
MLV2_DEV_007,0.0,2,2,HGB_ALL_EXPLORATORY
MLV2_DEV_008,1.0,2,2,HGB_ALL_EXPLORATORY
MLV2_DEV_032,1.0,2,2,HGB_ALL_EXPLORATORY
MLV2_DEV_033,0.0,2,2,HGB_ALL_EXPLORATORY
MLV2_DEV_051,0.0,2,2,HGB_ALL_EXPLORATORY
NEWDEV2_005,0.5,2,2,HGB_ALL_EXPLORATORY
NEWDEV2_024,1.0,2,2,HGB_ALL_EXPLORATORY
NEWDEV2_043,0.0,2,2,HGB_ALL_EXPLORATORY
NEWDEV2_053,1.0,2,2,HGB_ALL_EXPLORATORY
NEWDEV2_059,1.0,2,2,HGB_ALL_EXPLORATORY
NEWDEV2_065,0.0,2,2,HGB_ALL_EXPLORATORY
NEWDEV2_078,1.0,2,2,HGB_ALL_EXPLORATORY
NEWDEV2_082,1.0,2,2,HGB_ALL_EXPLORATORY
MLV2_DEV_003,0.5,2,3,AGE_YOUNGER_FIXED
MLV2_DEV_011,0.0,2,3,AGE_YOUNGER_FIXED
MLV2_DEV_038,0.0,2,3,AGE_YOUNGER_FIXED
MLV2_DEV_040,0.0,2,3,AGE_YOUNGER_FIXED
MLV2_DEV_041,1.0,2,3,AGE_YOUNGER_FIXED
MLV2_DEV_043,0.6666666666666666,2,3,AGE_YOUNGER_FIXED
MLV2_DEV_063,0.0,2,3,AGE_YOUNGER_FIXED
NEWDEV2_002,0.0,2,3,AGE_YOUNGER_FIXED
NEWDEV2_010,0.0,2,3,AGE_YOUNGER_FIXED
NEWDEV2_029,0.5,2,3,AGE_YOUNGER_FIXED
NEWDEV2_035,1.0,2,3,AGE_YOUNGER_FIXED
NEWDEV2_036,0.0,2,3,AGE_YOUNGER_FIXED
NEWDEV2_041,0.5,2,3,AGE_YOUNGER_FIXED
NEWDEV2_068,1.0,2,3,AGE_YOUNGER_FIXED
MLV2_DEV_003,0.5,2,3,AGE_LATER_FIXED
MLV2_DEV_011,1.0,2,3,AGE_LATER_FIXED
MLV2_DEV_038,1.0,2,3,AGE_LATER_FIXED
MLV2_DEV_040,1.0,2,3,AGE_LATER_FIXED
MLV2_DEV_041,0.0,2,3,AGE_LATER_FIXED
MLV2_DEV_043,0.3333333333333333,2,3,AGE_LATER_FIXED
MLV2_DEV_063,1.0,2,3,AGE_LATER_FIXED
NEWDEV2_002,1.0,2,3,AGE_LATER_FIXED
NEWDEV2_010,1.0,2,3,AGE_LATER_FIXED
NEWDEV2_029,0.5,2,3,AGE_LATER_FIXED
NEWDEV2_035,0.0,2,3,AGE_LATER_FIXED
NEWDEV2_036,1.0,2,3,AGE_LATER_FIXED
NEWDEV2_041,0.5,2,3,AGE_LATER_FIXED
NEWDEV2_068,0.0,2,3,AGE_LATER_FIXED
MLV2_DEV_003,0.5,2,3,CONTROL_FIXED
MLV2_DEV_011,1.0,2,3,CONTROL_FIXED
MLV2_DEV_038,0.0,2,3,CONTROL_FIXED
MLV2_DEV_040,0.0,2,3,CONTROL_FIXED
MLV2_DEV_041,1.0,2,3,CONTROL_FIXED
MLV2_DEV_043,1.0,2,3,CONTROL_FIXED
MLV2_DEV_063,1.0,2,3,CONTROL_FIXED
NEWDEV2_002,0.0,2,3,CONTROL_FIXED
NEWDEV2_010,0.5,2,3,CONTROL_FIXED
NEWDEV2_029,0.0,2,3,CONTROL_FIXED
NEWDEV2_035,0.5,2,3,CONTROL_FIXED
NEWDEV2_036,0.5,2,3,CONTROL_FIXED
NEWDEV2_041,0.5,2,3,CONTROL_FIXED
NEWDEV2_068,0.0,2,3,CONTROL_FIXED
MLV2_DEV_003,0.25,2,3,TG5_GROUP_L2
MLV2_DEV_011,1.0,2,3,TG5_GROUP_L2
MLV2_DEV_038,0.0,2,3,TG5_GROUP_L2
MLV2_DEV_040,0.0,2,3,TG5_GROUP_L2
MLV2_DEV_041,0.0,2,3,TG5_GROUP_L2
MLV2_DEV_043,0.6666666666666666,2,3,TG5_GROUP_L2
MLV2_DEV_063,1.0,2,3,TG5_GROUP_L2
NEWDEV2_002,0.0,2,3,TG5_GROUP_L2
NEWDEV2_010,0.0,2,3,TG5_GROUP_L2
NEWDEV2_029,0.5,2,3,TG5_GROUP_L2
NEWDEV2_035,1.0,2,3,TG5_GROUP_L2
NEWDEV2_036,0.25,2,3,TG5_GROUP_L2
NEWDEV2_041,0.5,2,3,TG5_GROUP_L2
NEWDEV2_068,0.5,2,3,TG5_GROUP_L2
MLV2_DEV_003,0.0,2,3,TG10_STEM_L2
MLV2_DEV_011,1.0,2,3,TG10_STEM_L2
MLV2_DEV_038,0.0,2,3,TG10_STEM_L2
MLV2_DEV_040,0.0,2,3,TG10_STEM_L2
MLV2_DEV_041,0.0,2,3,TG10_STEM_L2
MLV2_DEV_043,0.0,2,3,TG10_STEM_L2
MLV2_DEV_063,1.0,2,3,TG10_STEM_L2
NEWDEV2_002,0.0,2,3,TG10_STEM_L2
NEWDEV2_010,0.0,2,3,TG10_STEM_L2
NEWDEV2_029,0.5,2,3,TG10_STEM_L2
NEWDEV2_035,1.0,2,3,TG10_STEM_L2
NEWDEV2_036,0.5,2,3,TG10_STEM_L2
NEWDEV2_041,0.5,2,3,TG10_STEM_L2
NEWDEV2_068,1.0,2,3,TG10_STEM_L2
MLV2_DEV_003,0.0,2,3,TG10_STEM_BRANCH_L2
MLV2_DEV_011,1.0,2,3,TG10_STEM_BRANCH_L2
MLV2_DEV_038,0.0,2,3,TG10_STEM_BRANCH_L2
MLV2_DEV_040,0.0,2,3,TG10_STEM_BRANCH_L2
MLV2_DEV_041,0.0,2,3,TG10_STEM_BRANCH_L2
MLV2_DEV_043,0.0,2,3,TG10_STEM_BRANCH_L2
MLV2_DEV_063,1.0,2,3,TG10_STEM_BRANCH_L2
NEWDEV2_002,0.0,2,3,TG10_STEM_BRANCH_L2
NEWDEV2_010,1.0,2,3,TG10_STEM_BRANCH_L2
NEWDEV2_029,1.0,2,3,TG10_STEM_BRANCH_L2
NEWDEV2_035,1.0,2,3,TG10_STEM_BRANCH_L2
NEWDEV2_036,0.5,2,3,TG10_STEM_BRANCH_L2
NEWDEV2_041,0.5,2,3,TG10_STEM_BRANCH_L2
NEWDEV2_068,0.0,2,3,TG10_STEM_BRANCH_L2
MLV2_DEV_003,0.0,2,3,TG10_SB_STRENGTH_L2
MLV2_DEV_011,1.0,2,3,TG10_SB_STRENGTH_L2
MLV2_DEV_038,0.0,2,3,TG10_SB_STRENGTH_L2
MLV2_DEV_040,0.0,2,3,TG10_SB_STRENGTH_L2
MLV2_DEV_041,0.0,2,3,TG10_SB_STRENGTH_L2
MLV2_DEV_043,0.6666666666666666,2,3,TG10_SB_STRENGTH_L2
MLV2_DEV_063,1.0,2,3,TG10_SB_STRENGTH_L2
NEWDEV2_002,0.0,2,3,TG10_SB_STRENGTH_L2
NEWDEV2_010,1.0,2,3,TG10_SB_STRENGTH_L2
NEWDEV2_029,1.0,2,3,TG10_SB_STRENGTH_L2
NEWDEV2_035,1.0,2,3,TG10_SB_STRENGTH_L2
NEWDEV2_036,1.0,2,3,TG10_SB_STRENGTH_L2
NEWDEV2_041,0.0,2,3,TG10_SB_STRENGTH_L2
NEWDEV2_068,0.0,2,3,TG10_SB_STRENGTH_L2
MLV2_DEV_003,0.0,2,3,TG10_SB_RELATIONS_L2
MLV2_DEV_011,1.0,2,3,TG10_SB_RELATIONS_L2
MLV2_DEV_038,0.0,2,3,TG10_SB_RELATIONS_L2
MLV2_DEV_040,0.0,2,3,TG10_SB_RELATIONS_L2
MLV2_DEV_041,0.0,2,3,TG10_SB_RELATIONS_L2
MLV2_DEV_043,0.0,2,3,TG10_SB_RELATIONS_L2
MLV2_DEV_063,1.0,2,3,TG10_SB_RELATIONS_L2
NEWDEV2_002,0.0,2,3,TG10_SB_RELATIONS_L2
NEWDEV2_010,1.0,2,3,TG10_SB_RELATIONS_L2
NEWDEV2_029,1.0,2,3,TG10_SB_RELATIONS_L2
NEWDEV2_035,1.0,2,3,TG10_SB_RELATIONS_L2
NEWDEV2_036,0.5,2,3,TG10_SB_RELATIONS_L2
NEWDEV2_041,0.5,2,3,TG10_SB_RELATIONS_L2
NEWDEV2_068,0.0,2,3,TG10_SB_RELATIONS_L2
MLV2_DEV_003,0.5,2,3,ALL_L2
MLV2_DEV_011,1.0,2,3,ALL_L2
MLV2_DEV_038,0.0,2,3,ALL_L2
MLV2_DEV_040,0.0,2,3,ALL_L2
MLV2_DEV_041,0.0,2,3,ALL_L2
MLV2_DEV_043,0.0,2,3,ALL_L2
MLV2_DEV_063,1.0,2,3,ALL_L2
NEWDEV2_002,0.0,2,3,ALL_L2
NEWDEV2_010,1.0,2,3,ALL_L2
NEWDEV2_029,1.0,2,3,ALL_L2
NEWDEV2_035,1.0,2,3,ALL_L2
NEWDEV2_036,1.0,2,3,ALL_L2
NEWDEV2_041,0.0,2,3,ALL_L2
NEWDEV2_068,0.0,2,3,ALL_L2
MLV2_DEV_003,0.5,2,3,NUISANCE_AGE_AXIS
MLV2_DEV_011,0.0,2,3,NUISANCE_AGE_AXIS
MLV2_DEV_038,0.0,2,3,NUISANCE_AGE_AXIS
MLV2_DEV_040,0.0,2,3,NUISANCE_AGE_AXIS
MLV2_DEV_041,1.0,2,3,NUISANCE_AGE_AXIS
MLV2_DEV_043,0.3333333333333333,2,3,NUISANCE_AGE_AXIS
MLV2_DEV_063,0.0,2,3,NUISANCE_AGE_AXIS
NEWDEV2_002,0.0,2,3,NUISANCE_AGE_AXIS
NEWDEV2_010,1.0,2,3,NUISANCE_AGE_AXIS
NEWDEV2_029,0.5,2,3,NUISANCE_AGE_AXIS
NEWDEV2_035,0.0,2,3,NUISANCE_AGE_AXIS
NEWDEV2_036,1.0,2,3,NUISANCE_AGE_AXIS
NEWDEV2_041,0.5,2,3,NUISANCE_AGE_AXIS
NEWDEV2_068,1.0,2,3,NUISANCE_AGE_AXIS
MLV2_DEV_003,1.0,2,3,NUISANCE_WITH_ORIGIN_DIAGNOSTIC
MLV2_DEV_011,1.0,2,3,NUISANCE_WITH_ORIGIN_DIAGNOSTIC
MLV2_DEV_038,0.0,2,3,NUISANCE_WITH_ORIGIN_DIAGNOSTIC
MLV2_DEV_040,1.0,2,3,NUISANCE_WITH_ORIGIN_DIAGNOSTIC
MLV2_DEV_041,1.0,2,3,NUISANCE_WITH_ORIGIN_DIAGNOSTIC
MLV2_DEV_043,1.0,2,3,NUISANCE_WITH_ORIGIN_DIAGNOSTIC
MLV2_DEV_063,1.0,2,3,NUISANCE_WITH_ORIGIN_DIAGNOSTIC
NEWDEV2_002,1.0,2,3,NUISANCE_WITH_ORIGIN_DIAGNOSTIC
NEWDEV2_010,0.0,2,3,NUISANCE_WITH_ORIGIN_DIAGNOSTIC
NEWDEV2_029,1.0,2,3,NUISANCE_WITH_ORIGIN_DIAGNOSTIC
NEWDEV2_035,1.0,2,3,NUISANCE_WITH_ORIGIN_DIAGNOSTIC
NEWDEV2_036,1.0,2,3,NUISANCE_WITH_ORIGIN_DIAGNOSTIC
NEWDEV2_041,1.0,2,3,NUISANCE_WITH_ORIGIN_DIAGNOSTIC
NEWDEV2_068,1.0,2,3,NUISANCE_WITH_ORIGIN_DIAGNOSTIC
MLV2_DEV_003,0.5,2,3,ALL_ELASTICNET_AUTO
MLV2_DEV_011,1.0,2,3,ALL_ELASTICNET_AUTO
MLV2_DEV_038,0.0,2,3,ALL_ELASTICNET_AUTO
MLV2_DEV_040,0.0,2,3,ALL_ELASTICNET_AUTO
MLV2_DEV_041,0.0,2,3,ALL_ELASTICNET_AUTO
MLV2_DEV_043,0.3333333333333333,2,3,ALL_ELASTICNET_AUTO
MLV2_DEV_063,1.0,2,3,ALL_ELASTICNET_AUTO
NEWDEV2_002,0.0,2,3,ALL_ELASTICNET_AUTO
NEWDEV2_010,1.0,2,3,ALL_ELASTICNET_AUTO
NEWDEV2_029,1.0,2,3,ALL_ELASTICNET_AUTO
NEWDEV2_035,0.0,2,3,ALL_ELASTICNET_AUTO
NEWDEV2_036,0.5,2,3,ALL_ELASTICNET_AUTO
NEWDEV2_041,0.5,2,3,ALL_ELASTICNET_AUTO
NEWDEV2_068,0.0,2,3,ALL_ELASTICNET_AUTO
MLV2_DEV_003,0.0,2,3,HGB_ALL_EXPLORATORY
MLV2_DEV_011,1.0,2,3,HGB_ALL_EXPLORATORY
MLV2_DEV_038,0.0,2,3,HGB_ALL_EXPLORATORY
MLV2_DEV_040,0.0,2,3,HGB_ALL_EXPLORATORY
MLV2_DEV_041,0.0,2,3,HGB_ALL_EXPLORATORY
MLV2_DEV_043,0.3333333333333333,2,3,HGB_ALL_EXPLORATORY
MLV2_DEV_063,1.0,2,3,HGB_ALL_EXPLORATORY
NEWDEV2_002,0.0,2,3,HGB_ALL_EXPLORATORY
NEWDEV2_010,0.0,2,3,HGB_ALL_EXPLORATORY
NEWDEV2_029,1.0,2,3,HGB_ALL_EXPLORATORY
NEWDEV2_035,0.0,2,3,HGB_ALL_EXPLORATORY
NEWDEV2_036,0.5,2,3,HGB_ALL_EXPLORATORY
NEWDEV2_041,0.5,2,3,HGB_ALL_EXPLORATORY
NEWDEV2_068,0.0,2,3,HGB_ALL_EXPLORATORY
MLV2_DEV_005,0.5,2,4,AGE_YOUNGER_FIXED
MLV2_DEV_036,0.0,2,4,AGE_YOUNGER_FIXED
MLV2_DEV_044,0.0,2,4,AGE_YOUNGER_FIXED
MLV2_DEV_050,1.0,2,4,AGE_YOUNGER_FIXED
MLV2_DEV_058,1.0,2,4,AGE_YOUNGER_FIXED
NEWDEV2_019,1.0,2,4,AGE_YOUNGER_FIXED
NEWDEV2_027,0.0,2,4,AGE_YOUNGER_FIXED
NEWDEV2_028,1.0,2,4,AGE_YOUNGER_FIXED
NEWDEV2_042,0.0,2,4,AGE_YOUNGER_FIXED
NEWDEV2_066,0.3333333333333333,2,4,AGE_YOUNGER_FIXED
NEWDEV2_075,1.0,2,4,AGE_YOUNGER_FIXED
NEWDEV2_090,1.0,2,4,AGE_YOUNGER_FIXED
NEWDEV2_093,1.0,2,4,AGE_YOUNGER_FIXED
NEWDEV2_100,0.0,2,4,AGE_YOUNGER_FIXED
MLV2_DEV_005,0.5,2,4,AGE_LATER_FIXED
MLV2_DEV_036,1.0,2,4,AGE_LATER_FIXED
MLV2_DEV_044,1.0,2,4,AGE_LATER_FIXED
MLV2_DEV_050,0.0,2,4,AGE_LATER_FIXED
MLV2_DEV_058,0.0,2,4,AGE_LATER_FIXED
NEWDEV2_019,0.0,2,4,AGE_LATER_FIXED
NEWDEV2_027,1.0,2,4,AGE_LATER_FIXED
NEWDEV2_028,0.0,2,4,AGE_LATER_FIXED
NEWDEV2_042,1.0,2,4,AGE_LATER_FIXED
NEWDEV2_066,0.6666666666666666,2,4,AGE_LATER_FIXED
NEWDEV2_075,0.0,2,4,AGE_LATER_FIXED
NEWDEV2_090,0.0,2,4,AGE_LATER_FIXED
NEWDEV2_093,0.0,2,4,AGE_LATER_FIXED
NEWDEV2_100,1.0,2,4,AGE_LATER_FIXED
MLV2_DEV_005,1.0,2,4,CONTROL_FIXED
MLV2_DEV_036,1.0,2,4,CONTROL_FIXED
MLV2_DEV_044,1.0,2,4,CONTROL_FIXED
MLV2_DEV_050,0.0,2,4,CONTROL_FIXED
MLV2_DEV_058,0.0,2,4,CONTROL_FIXED
NEWDEV2_019,1.0,2,4,CONTROL_FIXED
NEWDEV2_027,0.16666666666666666,2,4,CONTROL_FIXED
NEWDEV2_028,1.0,2,4,CONTROL_FIXED
NEWDEV2_042,1.0,2,4,CONTROL_FIXED
NEWDEV2_066,0.0,2,4,CONTROL_FIXED
NEWDEV2_075,1.0,2,4,CONTROL_FIXED
NEWDEV2_090,1.0,2,4,CONTROL_FIXED
NEWDEV2_093,0.0,2,4,CONTROL_FIXED
NEWDEV2_100,0.0,2,4,CONTROL_FIXED
MLV2_DEV_005,0.25,2,4,TG5_GROUP_L2
MLV2_DEV_036,0.0,2,4,TG5_GROUP_L2
MLV2_DEV_044,1.0,2,4,TG5_GROUP_L2
MLV2_DEV_050,0.0,2,4,TG5_GROUP_L2
MLV2_DEV_058,1.0,2,4,TG5_GROUP_L2
NEWDEV2_019,1.0,2,4,TG5_GROUP_L2
NEWDEV2_027,0.6666666666666666,2,4,TG5_GROUP_L2
NEWDEV2_028,0.5,2,4,TG5_GROUP_L2
NEWDEV2_042,0.0,2,4,TG5_GROUP_L2
NEWDEV2_066,0.8333333333333334,2,4,TG5_GROUP_L2
NEWDEV2_075,1.0,2,4,TG5_GROUP_L2
NEWDEV2_090,0.0,2,4,TG5_GROUP_L2
NEWDEV2_093,1.0,2,4,TG5_GROUP_L2
NEWDEV2_100,1.0,2,4,TG5_GROUP_L2
MLV2_DEV_005,0.5,2,4,TG10_STEM_L2
MLV2_DEV_036,0.0,2,4,TG10_STEM_L2
MLV2_DEV_044,1.0,2,4,TG10_STEM_L2
MLV2_DEV_050,0.0,2,4,TG10_STEM_L2
MLV2_DEV_058,1.0,2,4,TG10_STEM_L2
NEWDEV2_019,1.0,2,4,TG10_STEM_L2
NEWDEV2_027,0.6666666666666666,2,4,TG10_STEM_L2
NEWDEV2_028,1.0,2,4,TG10_STEM_L2
NEWDEV2_042,0.0,2,4,TG10_STEM_L2
NEWDEV2_066,0.6666666666666666,2,4,TG10_STEM_L2
NEWDEV2_075,1.0,2,4,TG10_STEM_L2
NEWDEV2_090,0.0,2,4,TG10_STEM_L2
NEWDEV2_093,0.0,2,4,TG10_STEM_L2
NEWDEV2_100,1.0,2,4,TG10_STEM_L2
MLV2_DEV_005,1.0,2,4,TG10_STEM_BRANCH_L2
MLV2_DEV_036,0.0,2,4,TG10_STEM_BRANCH_L2
MLV2_DEV_044,1.0,2,4,TG10_STEM_BRANCH_L2
MLV2_DEV_050,0.0,2,4,TG10_STEM_BRANCH_L2
MLV2_DEV_058,1.0,2,4,TG10_STEM_BRANCH_L2
NEWDEV2_019,1.0,2,4,TG10_STEM_BRANCH_L2
NEWDEV2_027,0.6666666666666666,2,4,TG10_STEM_BRANCH_L2
NEWDEV2_028,1.0,2,4,TG10_STEM_BRANCH_L2
NEWDEV2_042,1.0,2,4,TG10_STEM_BRANCH_L2
NEWDEV2_066,0.6666666666666666,2,4,TG10_STEM_BRANCH_L2
NEWDEV2_075,1.0,2,4,TG10_STEM_BRANCH_L2
NEWDEV2_090,1.0,2,4,TG10_STEM_BRANCH_L2
NEWDEV2_093,1.0,2,4,TG10_STEM_BRANCH_L2
NEWDEV2_100,1.0,2,4,TG10_STEM_BRANCH_L2
MLV2_DEV_005,1.0,2,4,TG10_SB_STRENGTH_L2
MLV2_DEV_036,0.0,2,4,TG10_SB_STRENGTH_L2
MLV2_DEV_044,0.0,2,4,TG10_SB_STRENGTH_L2
MLV2_DEV_050,0.0,2,4,TG10_SB_STRENGTH_L2
MLV2_DEV_058,1.0,2,4,TG10_SB_STRENGTH_L2
NEWDEV2_019,0.0,2,4,TG10_SB_STRENGTH_L2
NEWDEV2_027,1.0,2,4,TG10_SB_STRENGTH_L2
NEWDEV2_028,1.0,2,4,TG10_SB_STRENGTH_L2
NEWDEV2_042,1.0,2,4,TG10_SB_STRENGTH_L2
NEWDEV2_066,0.6666666666666666,2,4,TG10_SB_STRENGTH_L2
NEWDEV2_075,1.0,2,4,TG10_SB_STRENGTH_L2
NEWDEV2_090,1.0,2,4,TG10_SB_STRENGTH_L2
NEWDEV2_093,0.0,2,4,TG10_SB_STRENGTH_L2
NEWDEV2_100,1.0,2,4,TG10_SB_STRENGTH_L2
MLV2_DEV_005,1.0,2,4,TG10_SB_RELATIONS_L2
MLV2_DEV_036,0.0,2,4,TG10_SB_RELATIONS_L2
MLV2_DEV_044,1.0,2,4,TG10_SB_RELATIONS_L2
MLV2_DEV_050,0.0,2,4,TG10_SB_RELATIONS_L2
MLV2_DEV_058,1.0,2,4,TG10_SB_RELATIONS_L2
NEWDEV2_019,0.0,2,4,TG10_SB_RELATIONS_L2
NEWDEV2_027,0.3333333333333333,2,4,TG10_SB_RELATIONS_L2
NEWDEV2_028,0.0,2,4,TG10_SB_RELATIONS_L2
NEWDEV2_042,0.0,2,4,TG10_SB_RELATIONS_L2
NEWDEV2_066,0.6666666666666666,2,4,TG10_SB_RELATIONS_L2
NEWDEV2_075,0.0,2,4,TG10_SB_RELATIONS_L2
NEWDEV2_090,1.0,2,4,TG10_SB_RELATIONS_L2
NEWDEV2_093,1.0,2,4,TG10_SB_RELATIONS_L2
NEWDEV2_100,1.0,2,4,TG10_SB_RELATIONS_L2
MLV2_DEV_005,1.0,2,4,ALL_L2
MLV2_DEV_036,0.0,2,4,ALL_L2
MLV2_DEV_044,1.0,2,4,ALL_L2
MLV2_DEV_050,0.0,2,4,ALL_L2
MLV2_DEV_058,1.0,2,4,ALL_L2
NEWDEV2_019,0.0,2,4,ALL_L2
NEWDEV2_027,0.0,2,4,ALL_L2
NEWDEV2_028,1.0,2,4,ALL_L2
NEWDEV2_042,0.0,2,4,ALL_L2
NEWDEV2_066,0.6666666666666666,2,4,ALL_L2
NEWDEV2_075,0.0,2,4,ALL_L2
NEWDEV2_090,1.0,2,4,ALL_L2
NEWDEV2_093,1.0,2,4,ALL_L2
NEWDEV2_100,1.0,2,4,ALL_L2
MLV2_DEV_005,0.5,2,4,NUISANCE_AGE_AXIS
MLV2_DEV_036,0.0,2,4,NUISANCE_AGE_AXIS
MLV2_DEV_044,0.0,2,4,NUISANCE_AGE_AXIS
MLV2_DEV_050,1.0,2,4,NUISANCE_AGE_AXIS
MLV2_DEV_058,1.0,2,4,NUISANCE_AGE_AXIS
NEWDEV2_019,1.0,2,4,NUISANCE_AGE_AXIS
NEWDEV2_027,0.3333333333333333,2,4,NUISANCE_AGE_AXIS
NEWDEV2_028,0.0,2,4,NUISANCE_AGE_AXIS
NEWDEV2_042,0.0,2,4,NUISANCE_AGE_AXIS
NEWDEV2_066,0.3333333333333333,2,4,NUISANCE_AGE_AXIS
NEWDEV2_075,0.0,2,4,NUISANCE_AGE_AXIS
NEWDEV2_090,0.0,2,4,NUISANCE_AGE_AXIS
NEWDEV2_093,1.0,2,4,NUISANCE_AGE_AXIS
NEWDEV2_100,0.0,2,4,NUISANCE_AGE_AXIS
MLV2_DEV_005,1.0,2,4,NUISANCE_WITH_ORIGIN_DIAGNOSTIC
MLV2_DEV_036,1.0,2,4,NUISANCE_WITH_ORIGIN_DIAGNOSTIC
MLV2_DEV_044,1.0,2,4,NUISANCE_WITH_ORIGIN_DIAGNOSTIC
MLV2_DEV_050,1.0,2,4,NUISANCE_WITH_ORIGIN_DIAGNOSTIC
MLV2_DEV_058,1.0,2,4,NUISANCE_WITH_ORIGIN_DIAGNOSTIC
NEWDEV2_019,1.0,2,4,NUISANCE_WITH_ORIGIN_DIAGNOSTIC
NEWDEV2_027,1.0,2,4,NUISANCE_WITH_ORIGIN_DIAGNOSTIC
NEWDEV2_028,1.0,2,4,NUISANCE_WITH_ORIGIN_DIAGNOSTIC
NEWDEV2_042,1.0,2,4,NUISANCE_WITH_ORIGIN_DIAGNOSTIC
NEWDEV2_066,1.0,2,4,NUISANCE_WITH_ORIGIN_DIAGNOSTIC
NEWDEV2_075,1.0,2,4,NUISANCE_WITH_ORIGIN_DIAGNOSTIC
NEWDEV2_090,1.0,2,4,NUISANCE_WITH_ORIGIN_DIAGNOSTIC
NEWDEV2_093,1.0,2,4,NUISANCE_WITH_ORIGIN_DIAGNOSTIC
NEWDEV2_100,1.0,2,4,NUISANCE_WITH_ORIGIN_DIAGNOSTIC
MLV2_DEV_005,0.0,2,4,ALL_ELASTICNET_AUTO
MLV2_DEV_036,0.0,2,4,ALL_ELASTICNET_AUTO
MLV2_DEV_044,0.0,2,4,ALL_ELASTICNET_AUTO
MLV2_DEV_050,0.0,2,4,ALL_ELASTICNET_AUTO
MLV2_DEV_058,0.0,2,4,ALL_ELASTICNET_AUTO
NEWDEV2_019,0.0,2,4,ALL_ELASTICNET_AUTO
NEWDEV2_027,0.0,2,4,ALL_ELASTICNET_AUTO
NEWDEV2_028,0.0,2,4,ALL_ELASTICNET_AUTO
NEWDEV2_042,0.0,2,4,ALL_ELASTICNET_AUTO
NEWDEV2_066,0.0,2,4,ALL_ELASTICNET_AUTO
NEWDEV2_075,0.0,2,4,ALL_ELASTICNET_AUTO
NEWDEV2_090,0.0,2,4,ALL_ELASTICNET_AUTO
NEWDEV2_093,0.0,2,4,ALL_ELASTICNET_AUTO
NEWDEV2_100,0.0,2,4,ALL_ELASTICNET_AUTO
MLV2_DEV_005,0.5,2,4,HGB_ALL_EXPLORATORY
MLV2_DEV_036,0.0,2,4,HGB_ALL_EXPLORATORY
MLV2_DEV_044,1.0,2,4,HGB_ALL_EXPLORATORY
MLV2_DEV_050,1.0,2,4,HGB_ALL_EXPLORATORY
MLV2_DEV_058,0.0,2,4,HGB_ALL_EXPLORATORY
NEWDEV2_019,0.0,2,4,HGB_ALL_EXPLORATORY
NEWDEV2_027,0.6666666666666666,2,4,HGB_ALL_EXPLORATORY
NEWDEV2_028,1.0,2,4,HGB_ALL_EXPLORATORY
NEWDEV2_042,0.5,2,4,HGB_ALL_EXPLORATORY
NEWDEV2_066,0.3333333333333333,2,4,HGB_ALL_EXPLORATORY
NEWDEV2_075,1.0,2,4,HGB_ALL_EXPLORATORY
NEWDEV2_090,0.0,2,4,HGB_ALL_EXPLORATORY
NEWDEV2_093,1.0,2,4,HGB_ALL_EXPLORATORY
NEWDEV2_100,0.0,2,4,HGB_ALL_EXPLORATORY
MLV2_DEV_001,0.0,3,0,AGE_YOUNGER_FIXED
MLV2_DEV_020,1.0,3,0,AGE_YOUNGER_FIXED
MLV2_DEV_039,1.0,3,0,AGE_YOUNGER_FIXED
MLV2_DEV_054,0.5,3,0,AGE_YOUNGER_FIXED
MLV2_DEV_068,0.0,3,0,AGE_YOUNGER_FIXED
NEWDEV2_002,0.0,3,0,AGE_YOUNGER_FIXED
NEWDEV2_024,1.0,3,0,AGE_YOUNGER_FIXED
NEWDEV2_035,1.0,3,0,AGE_YOUNGER_FIXED
NEWDEV2_060,0.0,3,0,AGE_YOUNGER_FIXED
NEWDEV2_067,1.0,3,0,AGE_YOUNGER_FIXED
NEWDEV2_077,1.0,3,0,AGE_YOUNGER_FIXED
NEWDEV2_081,0.5,3,0,AGE_YOUNGER_FIXED
NEWDEV2_090,1.0,3,0,AGE_YOUNGER_FIXED
MLV2_DEV_001,1.0,3,0,AGE_LATER_FIXED
MLV2_DEV_020,0.0,3,0,AGE_LATER_FIXED
MLV2_DEV_039,0.0,3,0,AGE_LATER_FIXED
MLV2_DEV_054,0.5,3,0,AGE_LATER_FIXED
MLV2_DEV_068,1.0,3,0,AGE_LATER_FIXED
NEWDEV2_002,1.0,3,0,AGE_LATER_FIXED
NEWDEV2_024,0.0,3,0,AGE_LATER_FIXED
NEWDEV2_035,0.0,3,0,AGE_LATER_FIXED
NEWDEV2_060,1.0,3,0,AGE_LATER_FIXED
NEWDEV2_067,0.0,3,0,AGE_LATER_FIXED
NEWDEV2_077,0.0,3,0,AGE_LATER_FIXED
NEWDEV2_081,0.5,3,0,AGE_LATER_FIXED
NEWDEV2_090,0.0,3,0,AGE_LATER_FIXED
MLV2_DEV_001,0.0,3,0,CONTROL_FIXED
MLV2_DEV_020,0.0,3,0,CONTROL_FIXED
MLV2_DEV_039,0.0,3,0,CONTROL_FIXED
MLV2_DEV_054,0.5,3,0,CONTROL_FIXED
MLV2_DEV_068,0.4,3,0,CONTROL_FIXED
NEWDEV2_002,0.0,3,0,CONTROL_FIXED
NEWDEV2_024,1.0,3,0,CONTROL_FIXED
NEWDEV2_035,0.5,3,0,CONTROL_FIXED
NEWDEV2_060,0.0,3,0,CONTROL_FIXED
NEWDEV2_067,1.0,3,0,CONTROL_FIXED
NEWDEV2_077,1.0,3,0,CONTROL_FIXED
NEWDEV2_081,0.5,3,0,CONTROL_FIXED
NEWDEV2_090,1.0,3,0,CONTROL_FIXED
MLV2_DEV_001,0.0,3,0,TG5_GROUP_L2
MLV2_DEV_020,0.0,3,0,TG5_GROUP_L2
MLV2_DEV_039,0.0,3,0,TG5_GROUP_L2
MLV2_DEV_054,0.0,3,0,TG5_GROUP_L2
MLV2_DEV_068,0.5,3,0,TG5_GROUP_L2
NEWDEV2_002,0.0,3,0,TG5_GROUP_L2
NEWDEV2_024,1.0,3,0,TG5_GROUP_L2
NEWDEV2_035,1.0,3,0,TG5_GROUP_L2
NEWDEV2_060,0.0,3,0,TG5_GROUP_L2
NEWDEV2_067,0.0,3,0,TG5_GROUP_L2
NEWDEV2_077,0.0,3,0,TG5_GROUP_L2
NEWDEV2_081,1.0,3,0,TG5_GROUP_L2
NEWDEV2_090,0.0,3,0,TG5_GROUP_L2
MLV2_DEV_001,1.0,3,0,TG10_STEM_L2
MLV2_DEV_020,0.0,3,0,TG10_STEM_L2
MLV2_DEV_039,1.0,3,0,TG10_STEM_L2
MLV2_DEV_054,0.0,3,0,TG10_STEM_L2
MLV2_DEV_068,0.6,3,0,TG10_STEM_L2
NEWDEV2_002,0.0,3,0,TG10_STEM_L2
NEWDEV2_024,1.0,3,0,TG10_STEM_L2
NEWDEV2_035,1.0,3,0,TG10_STEM_L2
NEWDEV2_060,0.0,3,0,TG10_STEM_L2
NEWDEV2_067,1.0,3,0,TG10_STEM_L2
NEWDEV2_077,0.0,3,0,TG10_STEM_L2
NEWDEV2_081,0.5,3,0,TG10_STEM_L2
NEWDEV2_090,0.0,3,0,TG10_STEM_L2
MLV2_DEV_001,1.0,3,0,TG10_STEM_BRANCH_L2
MLV2_DEV_020,1.0,3,0,TG10_STEM_BRANCH_L2
MLV2_DEV_039,1.0,3,0,TG10_STEM_BRANCH_L2
MLV2_DEV_054,0.0,3,0,TG10_STEM_BRANCH_L2
MLV2_DEV_068,0.6,3,0,TG10_STEM_BRANCH_L2
NEWDEV2_002,0.0,3,0,TG10_STEM_BRANCH_L2
NEWDEV2_024,1.0,3,0,TG10_STEM_BRANCH_L2
NEWDEV2_035,1.0,3,0,TG10_STEM_BRANCH_L2
NEWDEV2_060,0.0,3,0,TG10_STEM_BRANCH_L2
NEWDEV2_067,1.0,3,0,TG10_STEM_BRANCH_L2
NEWDEV2_077,0.0,3,0,TG10_STEM_BRANCH_L2
NEWDEV2_081,0.5,3,0,TG10_STEM_BRANCH_L2
NEWDEV2_090,0.0,3,0,TG10_STEM_BRANCH_L2
MLV2_DEV_001,1.0,3,0,TG10_SB_STRENGTH_L2
MLV2_DEV_020,1.0,3,0,TG10_SB_STRENGTH_L2
MLV2_DEV_039,1.0,3,0,TG10_SB_STRENGTH_L2
MLV2_DEV_054,0.5,3,0,TG10_SB_STRENGTH_L2
MLV2_DEV_068,0.4,3,0,TG10_SB_STRENGTH_L2
NEWDEV2_002,0.0,3,0,TG10_SB_STRENGTH_L2
NEWDEV2_024,1.0,3,0,TG10_SB_STRENGTH_L2
NEWDEV2_035,1.0,3,0,TG10_SB_STRENGTH_L2
NEWDEV2_060,0.0,3,0,TG10_SB_STRENGTH_L2
NEWDEV2_067,0.0,3,0,TG10_SB_STRENGTH_L2
NEWDEV2_077,0.0,3,0,TG10_SB_STRENGTH_L2
NEWDEV2_081,0.5,3,0,TG10_SB_STRENGTH_L2
NEWDEV2_090,0.0,3,0,TG10_SB_STRENGTH_L2
MLV2_DEV_001,1.0,3,0,TG10_SB_RELATIONS_L2
MLV2_DEV_020,1.0,3,0,TG10_SB_RELATIONS_L2
MLV2_DEV_039,1.0,3,0,TG10_SB_RELATIONS_L2
MLV2_DEV_054,0.0,3,0,TG10_SB_RELATIONS_L2
MLV2_DEV_068,0.6,3,0,TG10_SB_RELATIONS_L2
NEWDEV2_002,0.0,3,0,TG10_SB_RELATIONS_L2
NEWDEV2_024,1.0,3,0,TG10_SB_RELATIONS_L2
NEWDEV2_035,1.0,3,0,TG10_SB_RELATIONS_L2
NEWDEV2_060,0.0,3,0,TG10_SB_RELATIONS_L2
NEWDEV2_067,1.0,3,0,TG10_SB_RELATIONS_L2
NEWDEV2_077,0.0,3,0,TG10_SB_RELATIONS_L2
NEWDEV2_081,0.5,3,0,TG10_SB_RELATIONS_L2
NEWDEV2_090,0.0,3,0,TG10_SB_RELATIONS_L2
MLV2_DEV_001,1.0,3,0,ALL_L2
MLV2_DEV_020,0.0,3,0,ALL_L2
MLV2_DEV_039,1.0,3,0,ALL_L2
MLV2_DEV_054,0.5,3,0,ALL_L2
MLV2_DEV_068,0.4,3,0,ALL_L2
NEWDEV2_002,0.0,3,0,ALL_L2
NEWDEV2_024,1.0,3,0,ALL_L2
NEWDEV2_035,1.0,3,0,ALL_L2
NEWDEV2_060,0.0,3,0,ALL_L2
NEWDEV2_067,0.0,3,0,ALL_L2
NEWDEV2_077,1.0,3,0,ALL_L2
NEWDEV2_081,0.5,3,0,ALL_L2
NEWDEV2_090,0.0,3,0,ALL_L2
MLV2_DEV_001,1.0,3,0,NUISANCE_AGE_AXIS
MLV2_DEV_020,1.0,3,0,NUISANCE_AGE_AXIS
MLV2_DEV_039,1.0,3,0,NUISANCE_AGE_AXIS
MLV2_DEV_054,0.5,3,0,NUISANCE_AGE_AXIS
MLV2_DEV_068,1.0,3,0,NUISANCE_AGE_AXIS
NEWDEV2_002,1.0,3,0,NUISANCE_AGE_AXIS
NEWDEV2_024,1.0,3,0,NUISANCE_AGE_AXIS
NEWDEV2_035,0.0,3,0,NUISANCE_AGE_AXIS
NEWDEV2_060,1.0,3,0,NUISANCE_AGE_AXIS
NEWDEV2_067,1.0,3,0,NUISANCE_AGE_AXIS
NEWDEV2_077,0.0,3,0,NUISANCE_AGE_AXIS
NEWDEV2_081,0.5,3,0,NUISANCE_AGE_AXIS
NEWDEV2_090,0.0,3,0,NUISANCE_AGE_AXIS
MLV2_DEV_001,1.0,3,0,NUISANCE_WITH_ORIGIN_DIAGNOSTIC
MLV2_DEV_020,1.0,3,0,NUISANCE_WITH_ORIGIN_DIAGNOSTIC
MLV2_DEV_039,1.0,3,0,NUISANCE_WITH_ORIGIN_DIAGNOSTIC
MLV2_DEV_054,1.0,3,0,NUISANCE_WITH_ORIGIN_DIAGNOSTIC
MLV2_DEV_068,1.0,3,0,NUISANCE_WITH_ORIGIN_DIAGNOSTIC
NEWDEV2_002,1.0,3,0,NUISANCE_WITH_ORIGIN_DIAGNOSTIC
NEWDEV2_024,1.0,3,0,NUISANCE_WITH_ORIGIN_DIAGNOSTIC
NEWDEV2_035,1.0,3,0,NUISANCE_WITH_ORIGIN_DIAGNOSTIC
NEWDEV2_060,1.0,3,0,NUISANCE_WITH_ORIGIN_DIAGNOSTIC
NEWDEV2_067,1.0,3,0,NUISANCE_WITH_ORIGIN_DIAGNOSTIC
NEWDEV2_077,1.0,3,0,NUISANCE_WITH_ORIGIN_DIAGNOSTIC
NEWDEV2_081,1.0,3,0,NUISANCE_WITH_ORIGIN_DIAGNOSTIC
NEWDEV2_090,1.0,3,0,NUISANCE_WITH_ORIGIN_DIAGNOSTIC
MLV2_DEV_001,1.0,3,0,ALL_ELASTICNET_AUTO
MLV2_DEV_020,0.0,3,0,ALL_ELASTICNET_AUTO
MLV2_DEV_039,1.0,3,0,ALL_ELASTICNET_AUTO
MLV2_DEV_054,0.5,3,0,ALL_ELASTICNET_AUTO
MLV2_DEV_068,0.6,3,0,ALL_ELASTICNET_AUTO
NEWDEV2_002,0.0,3,0,ALL_ELASTICNET_AUTO
NEWDEV2_024,1.0,3,0,ALL_ELASTICNET_AUTO
NEWDEV2_035,1.0,3,0,ALL_ELASTICNET_AUTO
NEWDEV2_060,1.0,3,0,ALL_ELASTICNET_AUTO
NEWDEV2_067,0.0,3,0,ALL_ELASTICNET_AUTO
NEWDEV2_077,0.0,3,0,ALL_ELASTICNET_AUTO
NEWDEV2_081,0.5,3,0,ALL_ELASTICNET_AUTO
NEWDEV2_090,0.0,3,0,ALL_ELASTICNET_AUTO
MLV2_DEV_001,1.0,3,0,HGB_ALL_EXPLORATORY
MLV2_DEV_020,0.0,3,0,HGB_ALL_EXPLORATORY
MLV2_DEV_039,1.0,3,0,HGB_ALL_EXPLORATORY
MLV2_DEV_054,0.5,3,0,HGB_ALL_EXPLORATORY
MLV2_DEV_068,0.8,3,0,HGB_ALL_EXPLORATORY
NEWDEV2_002,0.0,3,0,HGB_ALL_EXPLORATORY
NEWDEV2_024,1.0,3,0,HGB_ALL_EXPLORATORY
NEWDEV2_035,1.0,3,0,HGB_ALL_EXPLORATORY
NEWDEV2_060,1.0,3,0,HGB_ALL_EXPLORATORY
NEWDEV2_067,0.0,3,0,HGB_ALL_EXPLORATORY
NEWDEV2_077,1.0,3,0,HGB_ALL_EXPLORATORY
NEWDEV2_081,0.5,3,0,HGB_ALL_EXPLORATORY
NEWDEV2_090,0.0,3,0,HGB_ALL_EXPLORATORY
MLV2_DEV_005,0.5,3,1,AGE_YOUNGER_FIXED
MLV2_DEV_008,1.0,3,1,AGE_YOUNGER_FIXED
MLV2_DEV_027,0.5,3,1,AGE_YOUNGER_FIXED
MLV2_DEV_036,0.0,3,1,AGE_YOUNGER_FIXED
MLV2_DEV_040,0.0,3,1,AGE_YOUNGER_FIXED
MLV2_DEV_041,1.0,3,1,AGE_YOUNGER_FIXED
NEWDEV2_013,1.0,3,1,AGE_YOUNGER_FIXED
NEWDEV2_041,0.5,3,1,AGE_YOUNGER_FIXED
NEWDEV2_042,0.0,3,1,AGE_YOUNGER_FIXED
NEWDEV2_043,0.0,3,1,AGE_YOUNGER_FIXED
NEWDEV2_053,0.0,3,1,AGE_YOUNGER_FIXED
NEWDEV2_056,0.25,3,1,AGE_YOUNGER_FIXED
NEWDEV2_074,1.0,3,1,AGE_YOUNGER_FIXED
MLV2_DEV_005,0.5,3,1,AGE_LATER_FIXED
MLV2_DEV_008,0.0,3,1,AGE_LATER_FIXED
MLV2_DEV_027,0.5,3,1,AGE_LATER_FIXED
MLV2_DEV_036,1.0,3,1,AGE_LATER_FIXED
MLV2_DEV_040,1.0,3,1,AGE_LATER_FIXED
MLV2_DEV_041,0.0,3,1,AGE_LATER_FIXED
NEWDEV2_013,0.0,3,1,AGE_LATER_FIXED
NEWDEV2_041,0.5,3,1,AGE_LATER_FIXED
NEWDEV2_042,1.0,3,1,AGE_LATER_FIXED
NEWDEV2_043,1.0,3,1,AGE_LATER_FIXED
NEWDEV2_053,1.0,3,1,AGE_LATER_FIXED
NEWDEV2_056,0.75,3,1,AGE_LATER_FIXED
NEWDEV2_074,0.0,3,1,AGE_LATER_FIXED
MLV2_DEV_005,1.0,3,1,CONTROL_FIXED
MLV2_DEV_008,0.0,3,1,CONTROL_FIXED
MLV2_DEV_027,1.0,3,1,CONTROL_FIXED
MLV2_DEV_036,1.0,3,1,CONTROL_FIXED
MLV2_DEV_040,0.0,3,1,CONTROL_FIXED
MLV2_DEV_041,1.0,3,1,CONTROL_FIXED
NEWDEV2_013,0.0,3,1,CONTROL_FIXED
NEWDEV2_041,0.5,3,1,CONTROL_FIXED
NEWDEV2_042,1.0,3,1,CONTROL_FIXED
NEWDEV2_043,1.0,3,1,CONTROL_FIXED
NEWDEV2_053,0.0,3,1,CONTROL_FIXED
NEWDEV2_056,0.0,3,1,CONTROL_FIXED
NEWDEV2_074,0.0,3,1,CONTROL_FIXED
MLV2_DEV_005,0.25,3,1,TG5_GROUP_L2
MLV2_DEV_008,0.0,3,1,TG5_GROUP_L2
MLV2_DEV_027,1.0,3,1,TG5_GROUP_L2
MLV2_DEV_036,0.0,3,1,TG5_GROUP_L2
MLV2_DEV_040,1.0,3,1,TG5_GROUP_L2
MLV2_DEV_041,0.0,3,1,TG5_GROUP_L2
NEWDEV2_013,1.0,3,1,TG5_GROUP_L2
NEWDEV2_041,0.0,3,1,TG5_GROUP_L2
NEWDEV2_042,0.0,3,1,TG5_GROUP_L2
NEWDEV2_043,0.0,3,1,TG5_GROUP_L2
NEWDEV2_053,0.0,3,1,TG5_GROUP_L2
NEWDEV2_056,0.125,3,1,TG5_GROUP_L2
NEWDEV2_074,0.0,3,1,TG5_GROUP_L2
MLV2_DEV_005,0.5,3,1,TG10_STEM_L2
MLV2_DEV_008,0.0,3,1,TG10_STEM_L2
MLV2_DEV_027,1.0,3,1,TG10_STEM_L2
MLV2_DEV_036,0.0,3,1,TG10_STEM_L2
MLV2_DEV_040,0.0,3,1,TG10_STEM_L2
MLV2_DEV_041,0.0,3,1,TG10_STEM_L2
NEWDEV2_013,1.0,3,1,TG10_STEM_L2
NEWDEV2_041,0.0,3,1,TG10_STEM_L2
NEWDEV2_042,0.0,3,1,TG10_STEM_L2
NEWDEV2_043,1.0,3,1,TG10_STEM_L2
NEWDEV2_053,1.0,3,1,TG10_STEM_L2
NEWDEV2_056,0.5,3,1,TG10_STEM_L2
NEWDEV2_074,0.0,3,1,TG10_STEM_L2
MLV2_DEV_005,0.5,3,1,TG10_STEM_BRANCH_L2
MLV2_DEV_008,0.0,3,1,TG10_STEM_BRANCH_L2
MLV2_DEV_027,1.0,3,1,TG10_STEM_BRANCH_L2
MLV2_DEV_036,0.0,3,1,TG10_STEM_BRANCH_L2
MLV2_DEV_040,0.0,3,1,TG10_STEM_BRANCH_L2
MLV2_DEV_041,0.0,3,1,TG10_STEM_BRANCH_L2
NEWDEV2_013,0.0,3,1,TG10_STEM_BRANCH_L2
NEWDEV2_041,0.0,3,1,TG10_STEM_BRANCH_L2
NEWDEV2_042,0.0,3,1,TG10_STEM_BRANCH_L2
NEWDEV2_043,1.0,3,1,TG10_STEM_BRANCH_L2
NEWDEV2_053,1.0,3,1,TG10_STEM_BRANCH_L2
NEWDEV2_056,0.25,3,1,TG10_STEM_BRANCH_L2
NEWDEV2_074,0.0,3,1,TG10_STEM_BRANCH_L2
MLV2_DEV_005,0.5,3,1,TG10_SB_STRENGTH_L2
MLV2_DEV_008,0.0,3,1,TG10_SB_STRENGTH_L2
MLV2_DEV_027,1.0,3,1,TG10_SB_STRENGTH_L2
MLV2_DEV_036,0.0,3,1,TG10_SB_STRENGTH_L2
MLV2_DEV_040,0.0,3,1,TG10_SB_STRENGTH_L2
MLV2_DEV_041,0.0,3,1,TG10_SB_STRENGTH_L2
NEWDEV2_013,0.0,3,1,TG10_SB_STRENGTH_L2
NEWDEV2_041,0.0,3,1,TG10_SB_STRENGTH_L2
NEWDEV2_042,0.5,3,1,TG10_SB_STRENGTH_L2
NEWDEV2_043,1.0,3,1,TG10_SB_STRENGTH_L2
NEWDEV2_053,1.0,3,1,TG10_SB_STRENGTH_L2
NEWDEV2_056,0.25,3,1,TG10_SB_STRENGTH_L2
NEWDEV2_074,0.0,3,1,TG10_SB_STRENGTH_L2
MLV2_DEV_005,1.0,3,1,TG10_SB_RELATIONS_L2
MLV2_DEV_008,0.0,3,1,TG10_SB_RELATIONS_L2
MLV2_DEV_027,1.0,3,1,TG10_SB_RELATIONS_L2
MLV2_DEV_036,0.0,3,1,TG10_SB_RELATIONS_L2
MLV2_DEV_040,0.0,3,1,TG10_SB_RELATIONS_L2
MLV2_DEV_041,0.0,3,1,TG10_SB_RELATIONS_L2
NEWDEV2_013,0.0,3,1,TG10_SB_RELATIONS_L2
NEWDEV2_041,0.5,3,1,TG10_SB_RELATIONS_L2
NEWDEV2_042,0.0,3,1,TG10_SB_RELATIONS_L2
NEWDEV2_043,1.0,3,1,TG10_SB_RELATIONS_L2
NEWDEV2_053,0.0,3,1,TG10_SB_RELATIONS_L2
NEWDEV2_056,0.0,3,1,TG10_SB_RELATIONS_L2
NEWDEV2_074,0.0,3,1,TG10_SB_RELATIONS_L2
MLV2_DEV_005,1.0,3,1,ALL_L2
MLV2_DEV_008,0.0,3,1,ALL_L2
MLV2_DEV_027,1.0,3,1,ALL_L2
MLV2_DEV_036,0.0,3,1,ALL_L2
MLV2_DEV_040,0.0,3,1,ALL_L2
MLV2_DEV_041,0.0,3,1,ALL_L2
NEWDEV2_013,0.0,3,1,ALL_L2
NEWDEV2_041,0.0,3,1,ALL_L2
NEWDEV2_042,0.0,3,1,ALL_L2
NEWDEV2_043,1.0,3,1,ALL_L2
NEWDEV2_053,1.0,3,1,ALL_L2
NEWDEV2_056,0.25,3,1,ALL_L2
NEWDEV2_074,0.0,3,1,ALL_L2
MLV2_DEV_005,0.5,3,1,NUISANCE_AGE_AXIS
MLV2_DEV_008,1.0,3,1,NUISANCE_AGE_AXIS
MLV2_DEV_027,0.5,3,1,NUISANCE_AGE_AXIS
MLV2_DEV_036,0.0,3,1,NUISANCE_AGE_AXIS
MLV2_DEV_040,0.0,3,1,NUISANCE_AGE_AXIS
MLV2_DEV_041,1.0,3,1,NUISANCE_AGE_AXIS
NEWDEV2_013,1.0,3,1,NUISANCE_AGE_AXIS
NEWDEV2_041,0.5,3,1,NUISANCE_AGE_AXIS
NEWDEV2_042,0.0,3,1,NUISANCE_AGE_AXIS
NEWDEV2_043,0.0,3,1,NUISANCE_AGE_AXIS
NEWDEV2_053,0.0,3,1,NUISANCE_AGE_AXIS
NEWDEV2_056,0.25,3,1,NUISANCE_AGE_AXIS
NEWDEV2_074,1.0,3,1,NUISANCE_AGE_AXIS
MLV2_DEV_005,1.0,3,1,NUISANCE_WITH_ORIGIN_DIAGNOSTIC
MLV2_DEV_008,1.0,3,1,NUISANCE_WITH_ORIGIN_DIAGNOSTIC
MLV2_DEV_027,1.0,3,1,NUISANCE_WITH_ORIGIN_DIAGNOSTIC
MLV2_DEV_036,1.0,3,1,NUISANCE_WITH_ORIGIN_DIAGNOSTIC
MLV2_DEV_040,1.0,3,1,NUISANCE_WITH_ORIGIN_DIAGNOSTIC
MLV2_DEV_041,1.0,3,1,NUISANCE_WITH_ORIGIN_DIAGNOSTIC
NEWDEV2_013,1.0,3,1,NUISANCE_WITH_ORIGIN_DIAGNOSTIC
NEWDEV2_041,1.0,3,1,NUISANCE_WITH_ORIGIN_DIAGNOSTIC
NEWDEV2_042,1.0,3,1,NUISANCE_WITH_ORIGIN_DIAGNOSTIC
NEWDEV2_043,0.0,3,1,NUISANCE_WITH_ORIGIN_DIAGNOSTIC
NEWDEV2_053,0.0,3,1,NUISANCE_WITH_ORIGIN_DIAGNOSTIC
NEWDEV2_056,1.0,3,1,NUISANCE_WITH_ORIGIN_DIAGNOSTIC
NEWDEV2_074,1.0,3,1,NUISANCE_WITH_ORIGIN_DIAGNOSTIC
MLV2_DEV_005,1.0,3,1,ALL_ELASTICNET_AUTO
MLV2_DEV_008,1.0,3,1,ALL_ELASTICNET_AUTO
MLV2_DEV_027,1.0,3,1,ALL_ELASTICNET_AUTO
MLV2_DEV_036,1.0,3,1,ALL_ELASTICNET_AUTO
MLV2_DEV_040,1.0,3,1,ALL_ELASTICNET_AUTO
MLV2_DEV_041,1.0,3,1,ALL_ELASTICNET_AUTO
NEWDEV2_013,1.0,3,1,ALL_ELASTICNET_AUTO
NEWDEV2_041,1.0,3,1,ALL_ELASTICNET_AUTO
NEWDEV2_042,1.0,3,1,ALL_ELASTICNET_AUTO
NEWDEV2_043,1.0,3,1,ALL_ELASTICNET_AUTO
NEWDEV2_053,1.0,3,1,ALL_ELASTICNET_AUTO
NEWDEV2_056,1.0,3,1,ALL_ELASTICNET_AUTO
NEWDEV2_074,1.0,3,1,ALL_ELASTICNET_AUTO
MLV2_DEV_005,0.5,3,1,HGB_ALL_EXPLORATORY
MLV2_DEV_008,1.0,3,1,HGB_ALL_EXPLORATORY
MLV2_DEV_027,1.0,3,1,HGB_ALL_EXPLORATORY
MLV2_DEV_036,0.0,3,1,HGB_ALL_EXPLORATORY
MLV2_DEV_040,1.0,3,1,HGB_ALL_EXPLORATORY
MLV2_DEV_041,0.0,3,1,HGB_ALL_EXPLORATORY
NEWDEV2_013,0.0,3,1,HGB_ALL_EXPLORATORY
NEWDEV2_041,0.5,3,1,HGB_ALL_EXPLORATORY
NEWDEV2_042,0.0,3,1,HGB_ALL_EXPLORATORY
NEWDEV2_043,1.0,3,1,HGB_ALL_EXPLORATORY
NEWDEV2_053,1.0,3,1,HGB_ALL_EXPLORATORY
NEWDEV2_056,0.25,3,1,HGB_ALL_EXPLORATORY
NEWDEV2_074,0.0,3,1,HGB_ALL_EXPLORATORY
MLV2_DEV_003,0.5,3,2,AGE_YOUNGER_FIXED
MLV2_DEV_012,0.0,3,2,AGE_YOUNGER_FIXED
MLV2_DEV_032,0.0,3,2,AGE_YOUNGER_FIXED
MLV2_DEV_038,0.0,3,2,AGE_YOUNGER_FIXED
MLV2_DEV_043,0.6666666666666666,3,2,AGE_YOUNGER_FIXED
MLV2_DEV_050,1.0,3,2,AGE_YOUNGER_FIXED
MLV2_DEV_058,1.0,3,2,AGE_YOUNGER_FIXED
MLV2_DEV_063,0.0,3,2,AGE_YOUNGER_FIXED
NEWDEV2_005,0.0,3,2,AGE_YOUNGER_FIXED
NEWDEV2_006,0.0,3,2,AGE_YOUNGER_FIXED
NEWDEV2_029,0.5,3,2,AGE_YOUNGER_FIXED
NEWDEV2_031,0.0,3,2,AGE_YOUNGER_FIXED
NEWDEV2_039,1.0,3,2,AGE_YOUNGER_FIXED
NEWDEV2_068,1.0,3,2,AGE_YOUNGER_FIXED
NEWDEV2_100,0.0,3,2,AGE_YOUNGER_FIXED
MLV2_DEV_003,0.5,3,2,AGE_LATER_FIXED
MLV2_DEV_012,1.0,3,2,AGE_LATER_FIXED
MLV2_DEV_032,1.0,3,2,AGE_LATER_FIXED
MLV2_DEV_038,1.0,3,2,AGE_LATER_FIXED
MLV2_DEV_043,0.3333333333333333,3,2,AGE_LATER_FIXED
MLV2_DEV_050,0.0,3,2,AGE_LATER_FIXED
MLV2_DEV_058,0.0,3,2,AGE_LATER_FIXED
MLV2_DEV_063,1.0,3,2,AGE_LATER_FIXED
NEWDEV2_005,1.0,3,2,AGE_LATER_FIXED
NEWDEV2_006,1.0,3,2,AGE_LATER_FIXED
NEWDEV2_029,0.5,3,2,AGE_LATER_FIXED
NEWDEV2_031,1.0,3,2,AGE_LATER_FIXED
NEWDEV2_039,0.0,3,2,AGE_LATER_FIXED
NEWDEV2_068,0.0,3,2,AGE_LATER_FIXED
NEWDEV2_100,1.0,3,2,AGE_LATER_FIXED
MLV2_DEV_003,0.5,3,2,CONTROL_FIXED
MLV2_DEV_012,0.0,3,2,CONTROL_FIXED
MLV2_DEV_032,1.0,3,2,CONTROL_FIXED
MLV2_DEV_038,0.0,3,2,CONTROL_FIXED
MLV2_DEV_043,1.0,3,2,CONTROL_FIXED
MLV2_DEV_050,0.0,3,2,CONTROL_FIXED
MLV2_DEV_058,0.0,3,2,CONTROL_FIXED
MLV2_DEV_063,1.0,3,2,CONTROL_FIXED
NEWDEV2_005,0.5,3,2,CONTROL_FIXED
NEWDEV2_006,0.5,3,2,CONTROL_FIXED
NEWDEV2_029,0.0,3,2,CONTROL_FIXED
NEWDEV2_031,0.0,3,2,CONTROL_FIXED
NEWDEV2_039,1.0,3,2,CONTROL_FIXED
NEWDEV2_068,0.0,3,2,CONTROL_FIXED
NEWDEV2_100,0.0,3,2,CONTROL_FIXED
MLV2_DEV_003,0.25,3,2,TG5_GROUP_L2
MLV2_DEV_012,0.5,3,2,TG5_GROUP_L2
MLV2_DEV_032,0.0,3,2,TG5_GROUP_L2
MLV2_DEV_038,0.0,3,2,TG5_GROUP_L2
MLV2_DEV_043,1.0,3,2,TG5_GROUP_L2
MLV2_DEV_050,0.0,3,2,TG5_GROUP_L2
MLV2_DEV_058,1.0,3,2,TG5_GROUP_L2
MLV2_DEV_063,1.0,3,2,TG5_GROUP_L2
NEWDEV2_005,0.25,3,2,TG5_GROUP_L2
NEWDEV2_006,1.0,3,2,TG5_GROUP_L2
NEWDEV2_029,0.5,3,2,TG5_GROUP_L2
NEWDEV2_031,0.5,3,2,TG5_GROUP_L2
NEWDEV2_039,0.5,3,2,TG5_GROUP_L2
NEWDEV2_068,0.5,3,2,TG5_GROUP_L2
NEWDEV2_100,1.0,3,2,TG5_GROUP_L2
MLV2_DEV_003,0.0,3,2,TG10_STEM_L2
MLV2_DEV_012,1.0,3,2,TG10_STEM_L2
MLV2_DEV_032,0.0,3,2,TG10_STEM_L2
MLV2_DEV_038,0.0,3,2,TG10_STEM_L2
MLV2_DEV_043,0.0,3,2,TG10_STEM_L2
MLV2_DEV_050,1.0,3,2,TG10_STEM_L2
MLV2_DEV_058,1.0,3,2,TG10_STEM_L2
MLV2_DEV_063,1.0,3,2,TG10_STEM_L2
NEWDEV2_005,0.5,3,2,TG10_STEM_L2
NEWDEV2_006,0.0,3,2,TG10_STEM_L2
NEWDEV2_029,0.5,3,2,TG10_STEM_L2
NEWDEV2_031,1.0,3,2,TG10_STEM_L2
NEWDEV2_039,1.0,3,2,TG10_STEM_L2
NEWDEV2_068,1.0,3,2,TG10_STEM_L2
NEWDEV2_100,1.0,3,2,TG10_STEM_L2
MLV2_DEV_003,0.0,3,2,TG10_STEM_BRANCH_L2
MLV2_DEV_012,0.0,3,2,TG10_STEM_BRANCH_L2
MLV2_DEV_032,1.0,3,2,TG10_STEM_BRANCH_L2
MLV2_DEV_038,0.0,3,2,TG10_STEM_BRANCH_L2
MLV2_DEV_043,0.0,3,2,TG10_STEM_BRANCH_L2
MLV2_DEV_050,0.0,3,2,TG10_STEM_BRANCH_L2
MLV2_DEV_058,0.0,3,2,TG10_STEM_BRANCH_L2
MLV2_DEV_063,1.0,3,2,TG10_STEM_BRANCH_L2
NEWDEV2_005,0.5,3,2,TG10_STEM_BRANCH_L2
NEWDEV2_006,0.0,3,2,TG10_STEM_BRANCH_L2
NEWDEV2_029,0.5,3,2,TG10_STEM_BRANCH_L2
NEWDEV2_031,1.0,3,2,TG10_STEM_BRANCH_L2
NEWDEV2_039,1.0,3,2,TG10_STEM_BRANCH_L2
NEWDEV2_068,0.0,3,2,TG10_STEM_BRANCH_L2
NEWDEV2_100,1.0,3,2,TG10_STEM_BRANCH_L2
MLV2_DEV_003,0.0,3,2,TG10_SB_STRENGTH_L2
MLV2_DEV_012,0.0,3,2,TG10_SB_STRENGTH_L2
MLV2_DEV_032,1.0,3,2,TG10_SB_STRENGTH_L2
MLV2_DEV_038,0.0,3,2,TG10_SB_STRENGTH_L2
MLV2_DEV_043,0.0,3,2,TG10_SB_STRENGTH_L2
MLV2_DEV_050,1.0,3,2,TG10_SB_STRENGTH_L2
MLV2_DEV_058,0.0,3,2,TG10_SB_STRENGTH_L2
MLV2_DEV_063,1.0,3,2,TG10_SB_STRENGTH_L2
NEWDEV2_005,0.0,3,2,TG10_SB_STRENGTH_L2
NEWDEV2_006,0.0,3,2,TG10_SB_STRENGTH_L2
NEWDEV2_029,0.5,3,2,TG10_SB_STRENGTH_L2
NEWDEV2_031,1.0,3,2,TG10_SB_STRENGTH_L2
NEWDEV2_039,1.0,3,2,TG10_SB_STRENGTH_L2
NEWDEV2_068,0.0,3,2,TG10_SB_STRENGTH_L2
NEWDEV2_100,1.0,3,2,TG10_SB_STRENGTH_L2
MLV2_DEV_003,0.0,3,2,TG10_SB_RELATIONS_L2
MLV2_DEV_012,0.0,3,2,TG10_SB_RELATIONS_L2
MLV2_DEV_032,1.0,3,2,TG10_SB_RELATIONS_L2
MLV2_DEV_038,1.0,3,2,TG10_SB_RELATIONS_L2
MLV2_DEV_043,0.0,3,2,TG10_SB_RELATIONS_L2
MLV2_DEV_050,1.0,3,2,TG10_SB_RELATIONS_L2
MLV2_DEV_058,0.0,3,2,TG10_SB_RELATIONS_L2
MLV2_DEV_063,1.0,3,2,TG10_SB_RELATIONS_L2
NEWDEV2_005,0.5,3,2,TG10_SB_RELATIONS_L2
NEWDEV2_006,0.0,3,2,TG10_SB_RELATIONS_L2
NEWDEV2_029,0.5,3,2,TG10_SB_RELATIONS_L2
NEWDEV2_031,1.0,3,2,TG10_SB_RELATIONS_L2
NEWDEV2_039,1.0,3,2,TG10_SB_RELATIONS_L2
NEWDEV2_068,0.0,3,2,TG10_SB_RELATIONS_L2
NEWDEV2_100,1.0,3,2,TG10_SB_RELATIONS_L2
MLV2_DEV_003,1.0,3,2,ALL_L2
MLV2_DEV_012,1.0,3,2,ALL_L2
MLV2_DEV_032,0.0,3,2,ALL_L2
MLV2_DEV_038,0.0,3,2,ALL_L2
MLV2_DEV_043,0.0,3,2,ALL_L2
MLV2_DEV_050,0.0,3,2,ALL_L2
MLV2_DEV_058,1.0,3,2,ALL_L2
MLV2_DEV_063,1.0,3,2,ALL_L2
NEWDEV2_005,0.5,3,2,ALL_L2
NEWDEV2_006,0.0,3,2,ALL_L2
NEWDEV2_029,1.0,3,2,ALL_L2
NEWDEV2_031,0.0,3,2,ALL_L2
NEWDEV2_039,1.0,3,2,ALL_L2
NEWDEV2_068,0.0,3,2,ALL_L2
NEWDEV2_100,1.0,3,2,ALL_L2
MLV2_DEV_003,0.5,3,2,NUISANCE_AGE_AXIS
MLV2_DEV_012,0.0,3,2,NUISANCE_AGE_AXIS
MLV2_DEV_032,0.0,3,2,NUISANCE_AGE_AXIS
MLV2_DEV_038,0.0,3,2,NUISANCE_AGE_AXIS
MLV2_DEV_043,0.3333333333333333,3,2,NUISANCE_AGE_AXIS
MLV2_DEV_050,1.0,3,2,NUISANCE_AGE_AXIS
MLV2_DEV_058,1.0,3,2,NUISANCE_AGE_AXIS
MLV2_DEV_063,0.0,3,2,NUISANCE_AGE_AXIS
NEWDEV2_005,0.5,3,2,NUISANCE_AGE_AXIS
NEWDEV2_006,1.0,3,2,NUISANCE_AGE_AXIS
NEWDEV2_029,0.5,3,2,NUISANCE_AGE_AXIS
NEWDEV2_031,1.0,3,2,NUISANCE_AGE_AXIS
NEWDEV2_039,1.0,3,2,NUISANCE_AGE_AXIS
NEWDEV2_068,1.0,3,2,NUISANCE_AGE_AXIS
NEWDEV2_100,0.0,3,2,NUISANCE_AGE_AXIS
MLV2_DEV_003,1.0,3,2,NUISANCE_WITH_ORIGIN_DIAGNOSTIC
MLV2_DEV_012,1.0,3,2,NUISANCE_WITH_ORIGIN_DIAGNOSTIC
MLV2_DEV_032,1.0,3,2,NUISANCE_WITH_ORIGIN_DIAGNOSTIC
MLV2_DEV_038,0.0,3,2,NUISANCE_WITH_ORIGIN_DIAGNOSTIC
MLV2_DEV_043,1.0,3,2,NUISANCE_WITH_ORIGIN_DIAGNOSTIC
MLV2_DEV_050,1.0,3,2,NUISANCE_WITH_ORIGIN_DIAGNOSTIC
MLV2_DEV_058,1.0,3,2,NUISANCE_WITH_ORIGIN_DIAGNOSTIC
MLV2_DEV_063,1.0,3,2,NUISANCE_WITH_ORIGIN_DIAGNOSTIC
NEWDEV2_005,1.0,3,2,NUISANCE_WITH_ORIGIN_DIAGNOSTIC
NEWDEV2_006,0.0,3,2,NUISANCE_WITH_ORIGIN_DIAGNOSTIC
NEWDEV2_029,1.0,3,2,NUISANCE_WITH_ORIGIN_DIAGNOSTIC
NEWDEV2_031,1.0,3,2,NUISANCE_WITH_ORIGIN_DIAGNOSTIC
NEWDEV2_039,1.0,3,2,NUISANCE_WITH_ORIGIN_DIAGNOSTIC
NEWDEV2_068,1.0,3,2,NUISANCE_WITH_ORIGIN_DIAGNOSTIC
NEWDEV2_100,1.0,3,2,NUISANCE_WITH_ORIGIN_DIAGNOSTIC
MLV2_DEV_003,1.0,3,2,ALL_ELASTICNET_AUTO
MLV2_DEV_012,1.0,3,2,ALL_ELASTICNET_AUTO
MLV2_DEV_032,1.0,3,2,ALL_ELASTICNET_AUTO
MLV2_DEV_038,1.0,3,2,ALL_ELASTICNET_AUTO
MLV2_DEV_043,1.0,3,2,ALL_ELASTICNET_AUTO
MLV2_DEV_050,1.0,3,2,ALL_ELASTICNET_AUTO
MLV2_DEV_058,1.0,3,2,ALL_ELASTICNET_AUTO
MLV2_DEV_063,1.0,3,2,ALL_ELASTICNET_AUTO
NEWDEV2_005,1.0,3,2,ALL_ELASTICNET_AUTO
NEWDEV2_006,1.0,3,2,ALL_ELASTICNET_AUTO
NEWDEV2_029,1.0,3,2,ALL_ELASTICNET_AUTO
NEWDEV2_031,1.0,3,2,ALL_ELASTICNET_AUTO
NEWDEV2_039,1.0,3,2,ALL_ELASTICNET_AUTO
NEWDEV2_068,1.0,3,2,ALL_ELASTICNET_AUTO
NEWDEV2_100,1.0,3,2,ALL_ELASTICNET_AUTO
MLV2_DEV_003,0.5,3,2,HGB_ALL_EXPLORATORY
MLV2_DEV_012,1.0,3,2,HGB_ALL_EXPLORATORY
MLV2_DEV_032,0.0,3,2,HGB_ALL_EXPLORATORY
MLV2_DEV_038,0.0,3,2,HGB_ALL_EXPLORATORY
MLV2_DEV_043,0.3333333333333333,3,2,HGB_ALL_EXPLORATORY
MLV2_DEV_050,0.0,3,2,HGB_ALL_EXPLORATORY
MLV2_DEV_058,0.0,3,2,HGB_ALL_EXPLORATORY
MLV2_DEV_063,1.0,3,2,HGB_ALL_EXPLORATORY
NEWDEV2_005,0.5,3,2,HGB_ALL_EXPLORATORY
NEWDEV2_006,0.0,3,2,HGB_ALL_EXPLORATORY
NEWDEV2_029,0.5,3,2,HGB_ALL_EXPLORATORY
NEWDEV2_031,0.0,3,2,HGB_ALL_EXPLORATORY
NEWDEV2_039,0.0,3,2,HGB_ALL_EXPLORATORY
NEWDEV2_068,0.0,3,2,HGB_ALL_EXPLORATORY
NEWDEV2_100,1.0,3,2,HGB_ALL_EXPLORATORY
MLV2_DEV_011,0.0,3,3,AGE_YOUNGER_FIXED
MLV2_DEV_022,0.5,3,3,AGE_YOUNGER_FIXED
MLV2_DEV_044,0.0,3,3,AGE_YOUNGER_FIXED
MLV2_DEV_057,0.5,3,3,AGE_YOUNGER_FIXED
NEWDEV2_010,0.0,3,3,AGE_YOUNGER_FIXED
NEWDEV2_028,1.0,3,3,AGE_YOUNGER_FIXED
NEWDEV2_030,1.0,3,3,AGE_YOUNGER_FIXED
NEWDEV2_054,0.0,3,3,AGE_YOUNGER_FIXED
NEWDEV2_059,0.0,3,3,AGE_YOUNGER_FIXED
NEWDEV2_065,0.3333333333333333,3,3,AGE_YOUNGER_FIXED
NEWDEV2_066,0.3333333333333333,3,3,AGE_YOUNGER_FIXED
NEWDEV2_078,1.0,3,3,AGE_YOUNGER_FIXED
NEWDEV2_084,0.0,3,3,AGE_YOUNGER_FIXED
NEWDEV2_091,1.0,3,3,AGE_YOUNGER_FIXED
MLV2_DEV_011,1.0,3,3,AGE_LATER_FIXED
MLV2_DEV_022,0.5,3,3,AGE_LATER_FIXED
MLV2_DEV_044,1.0,3,3,AGE_LATER_FIXED
MLV2_DEV_057,0.5,3,3,AGE_LATER_FIXED
NEWDEV2_010,1.0,3,3,AGE_LATER_FIXED
NEWDEV2_028,0.0,3,3,AGE_LATER_FIXED
NEWDEV2_030,0.0,3,3,AGE_LATER_FIXED
NEWDEV2_054,1.0,3,3,AGE_LATER_FIXED
NEWDEV2_059,1.0,3,3,AGE_LATER_FIXED
NEWDEV2_065,0.6666666666666666,3,3,AGE_LATER_FIXED
NEWDEV2_066,0.6666666666666666,3,3,AGE_LATER_FIXED
NEWDEV2_078,0.0,3,3,AGE_LATER_FIXED
NEWDEV2_084,1.0,3,3,AGE_LATER_FIXED
NEWDEV2_091,0.0,3,3,AGE_LATER_FIXED
MLV2_DEV_011,1.0,3,3,CONTROL_FIXED
MLV2_DEV_022,0.5,3,3,CONTROL_FIXED
MLV2_DEV_044,1.0,3,3,CONTROL_FIXED
MLV2_DEV_057,0.0,3,3,CONTROL_FIXED
NEWDEV2_010,0.5,3,3,CONTROL_FIXED
NEWDEV2_028,1.0,3,3,CONTROL_FIXED
NEWDEV2_030,0.0,3,3,CONTROL_FIXED
NEWDEV2_054,0.5,3,3,CONTROL_FIXED
NEWDEV2_059,0.0,3,3,CONTROL_FIXED
NEWDEV2_065,0.3333333333333333,3,3,CONTROL_FIXED
NEWDEV2_066,0.0,3,3,CONTROL_FIXED
NEWDEV2_078,1.0,3,3,CONTROL_FIXED
NEWDEV2_084,0.5,3,3,CONTROL_FIXED
NEWDEV2_091,1.0,3,3,CONTROL_FIXED
MLV2_DEV_011,1.0,3,3,TG5_GROUP_L2
MLV2_DEV_022,0.75,3,3,TG5_GROUP_L2
MLV2_DEV_044,1.0,3,3,TG5_GROUP_L2
MLV2_DEV_057,0.75,3,3,TG5_GROUP_L2
NEWDEV2_010,0.0,3,3,TG5_GROUP_L2
NEWDEV2_028,0.5,3,3,TG5_GROUP_L2
NEWDEV2_030,0.0,3,3,TG5_GROUP_L2
NEWDEV2_054,0.0,3,3,TG5_GROUP_L2
NEWDEV2_059,0.75,3,3,TG5_GROUP_L2
NEWDEV2_065,0.3333333333333333,3,3,TG5_GROUP_L2
NEWDEV2_066,0.5,3,3,TG5_GROUP_L2
NEWDEV2_078,0.0,3,3,TG5_GROUP_L2
NEWDEV2_084,0.0,3,3,TG5_GROUP_L2
NEWDEV2_091,0.0,3,3,TG5_GROUP_L2
MLV2_DEV_011,1.0,3,3,TG10_STEM_L2
MLV2_DEV_022,0.5,3,3,TG10_STEM_L2
MLV2_DEV_044,1.0,3,3,TG10_STEM_L2
MLV2_DEV_057,0.5,3,3,TG10_STEM_L2
NEWDEV2_010,0.0,3,3,TG10_STEM_L2
NEWDEV2_028,1.0,3,3,TG10_STEM_L2
NEWDEV2_030,1.0,3,3,TG10_STEM_L2
NEWDEV2_054,1.0,3,3,TG10_STEM_L2
NEWDEV2_059,0.0,3,3,TG10_STEM_L2
NEWDEV2_065,0.6666666666666666,3,3,TG10_STEM_L2
NEWDEV2_066,0.6666666666666666,3,3,TG10_STEM_L2
NEWDEV2_078,0.0,3,3,TG10_STEM_L2
NEWDEV2_084,1.0,3,3,TG10_STEM_L2
NEWDEV2_091,0.0,3,3,TG10_STEM_L2
MLV2_DEV_011,1.0,3,3,TG10_STEM_BRANCH_L2
MLV2_DEV_022,0.5,3,3,TG10_STEM_BRANCH_L2
MLV2_DEV_044,1.0,3,3,TG10_STEM_BRANCH_L2
MLV2_DEV_057,0.0,3,3,TG10_STEM_BRANCH_L2
NEWDEV2_010,1.0,3,3,TG10_STEM_BRANCH_L2
NEWDEV2_028,1.0,3,3,TG10_STEM_BRANCH_L2
NEWDEV2_030,1.0,3,3,TG10_STEM_BRANCH_L2
NEWDEV2_054,0.0,3,3,TG10_STEM_BRANCH_L2
NEWDEV2_059,0.5,3,3,TG10_STEM_BRANCH_L2
NEWDEV2_065,0.0,3,3,TG10_STEM_BRANCH_L2
NEWDEV2_066,0.3333333333333333,3,3,TG10_STEM_BRANCH_L2
NEWDEV2_078,0.0,3,3,TG10_STEM_BRANCH_L2
NEWDEV2_084,0.0,3,3,TG10_STEM_BRANCH_L2
NEWDEV2_091,1.0,3,3,TG10_STEM_BRANCH_L2
MLV2_DEV_011,1.0,3,3,TG10_SB_STRENGTH_L2
MLV2_DEV_022,0.5,3,3,TG10_SB_STRENGTH_L2
MLV2_DEV_044,0.0,3,3,TG10_SB_STRENGTH_L2
MLV2_DEV_057,0.0,3,3,TG10_SB_STRENGTH_L2
NEWDEV2_010,1.0,3,3,TG10_SB_STRENGTH_L2
NEWDEV2_028,1.0,3,3,TG10_SB_STRENGTH_L2
NEWDEV2_030,0.0,3,3,TG10_SB_STRENGTH_L2
NEWDEV2_054,0.0,3,3,TG10_SB_STRENGTH_L2
NEWDEV2_059,0.5,3,3,TG10_SB_STRENGTH_L2
NEWDEV2_065,0.0,3,3,TG10_SB_STRENGTH_L2
NEWDEV2_066,0.6666666666666666,3,3,TG10_SB_STRENGTH_L2
NEWDEV2_078,1.0,3,3,TG10_SB_STRENGTH_L2
NEWDEV2_084,0.0,3,3,TG10_SB_STRENGTH_L2
NEWDEV2_091,1.0,3,3,TG10_SB_STRENGTH_L2
MLV2_DEV_011,1.0,3,3,TG10_SB_RELATIONS_L2
MLV2_DEV_022,0.0,3,3,TG10_SB_RELATIONS_L2
MLV2_DEV_044,1.0,3,3,TG10_SB_RELATIONS_L2
MLV2_DEV_057,0.0,3,3,TG10_SB_RELATIONS_L2
NEWDEV2_010,1.0,3,3,TG10_SB_RELATIONS_L2
NEWDEV2_028,1.0,3,3,TG10_SB_RELATIONS_L2
NEWDEV2_030,0.0,3,3,TG10_SB_RELATIONS_L2
NEWDEV2_054,0.0,3,3,TG10_SB_RELATIONS_L2
NEWDEV2_059,0.5,3,3,TG10_SB_RELATIONS_L2
NEWDEV2_065,0.6666666666666666,3,3,TG10_SB_RELATIONS_L2
NEWDEV2_066,0.3333333333333333,3,3,TG10_SB_RELATIONS_L2
NEWDEV2_078,0.0,3,3,TG10_SB_RELATIONS_L2
NEWDEV2_084,0.0,3,3,TG10_SB_RELATIONS_L2
NEWDEV2_091,1.0,3,3,TG10_SB_RELATIONS_L2
MLV2_DEV_011,0.0,3,3,ALL_L2
MLV2_DEV_022,0.5,3,3,ALL_L2
MLV2_DEV_044,1.0,3,3,ALL_L2
MLV2_DEV_057,0.0,3,3,ALL_L2
NEWDEV2_010,1.0,3,3,ALL_L2
NEWDEV2_028,1.0,3,3,ALL_L2
NEWDEV2_030,0.0,3,3,ALL_L2
NEWDEV2_054,0.0,3,3,ALL_L2
NEWDEV2_059,1.0,3,3,ALL_L2
NEWDEV2_065,0.3333333333333333,3,3,ALL_L2
NEWDEV2_066,0.6666666666666666,3,3,ALL_L2
NEWDEV2_078,1.0,3,3,ALL_L2
NEWDEV2_084,0.0,3,3,ALL_L2
NEWDEV2_091,0.0,3,3,ALL_L2
MLV2_DEV_011,0.0,3,3,NUISANCE_AGE_AXIS
MLV2_DEV_022,0.5,3,3,NUISANCE_AGE_AXIS
MLV2_DEV_044,0.0,3,3,NUISANCE_AGE_AXIS
MLV2_DEV_057,0.5,3,3,NUISANCE_AGE_AXIS
NEWDEV2_010,0.0,3,3,NUISANCE_AGE_AXIS
NEWDEV2_028,1.0,3,3,NUISANCE_AGE_AXIS
NEWDEV2_030,1.0,3,3,NUISANCE_AGE_AXIS
NEWDEV2_054,0.0,3,3,NUISANCE_AGE_AXIS
NEWDEV2_059,0.0,3,3,NUISANCE_AGE_AXIS
NEWDEV2_065,0.3333333333333333,3,3,NUISANCE_AGE_AXIS
NEWDEV2_066,0.3333333333333333,3,3,NUISANCE_AGE_AXIS
NEWDEV2_078,1.0,3,3,NUISANCE_AGE_AXIS
NEWDEV2_084,0.0,3,3,NUISANCE_AGE_AXIS
NEWDEV2_091,1.0,3,3,NUISANCE_AGE_AXIS
MLV2_DEV_011,1.0,3,3,NUISANCE_WITH_ORIGIN_DIAGNOSTIC
MLV2_DEV_022,0.5,3,3,NUISANCE_WITH_ORIGIN_DIAGNOSTIC
MLV2_DEV_044,1.0,3,3,NUISANCE_WITH_ORIGIN_DIAGNOSTIC
MLV2_DEV_057,1.0,3,3,NUISANCE_WITH_ORIGIN_DIAGNOSTIC
NEWDEV2_010,0.0,3,3,NUISANCE_WITH_ORIGIN_DIAGNOSTIC
NEWDEV2_028,1.0,3,3,NUISANCE_WITH_ORIGIN_DIAGNOSTIC
NEWDEV2_030,1.0,3,3,NUISANCE_WITH_ORIGIN_DIAGNOSTIC
NEWDEV2_054,1.0,3,3,NUISANCE_WITH_ORIGIN_DIAGNOSTIC
NEWDEV2_059,1.0,3,3,NUISANCE_WITH_ORIGIN_DIAGNOSTIC
NEWDEV2_065,1.0,3,3,NUISANCE_WITH_ORIGIN_DIAGNOSTIC
NEWDEV2_066,1.0,3,3,NUISANCE_WITH_ORIGIN_DIAGNOSTIC
NEWDEV2_078,1.0,3,3,NUISANCE_WITH_ORIGIN_DIAGNOSTIC
NEWDEV2_084,1.0,3,3,NUISANCE_WITH_ORIGIN_DIAGNOSTIC
NEWDEV2_091,1.0,3,3,NUISANCE_WITH_ORIGIN_DIAGNOSTIC
MLV2_DEV_011,1.0,3,3,ALL_ELASTICNET_AUTO
MLV2_DEV_022,1.0,3,3,ALL_ELASTICNET_AUTO
MLV2_DEV_044,1.0,3,3,ALL_ELASTICNET_AUTO
MLV2_DEV_057,1.0,3,3,ALL_ELASTICNET_AUTO
NEWDEV2_010,1.0,3,3,ALL_ELASTICNET_AUTO
NEWDEV2_028,1.0,3,3,ALL_ELASTICNET_AUTO
NEWDEV2_030,1.0,3,3,ALL_ELASTICNET_AUTO
NEWDEV2_054,1.0,3,3,ALL_ELASTICNET_AUTO
NEWDEV2_059,1.0,3,3,ALL_ELASTICNET_AUTO
NEWDEV2_065,1.0,3,3,ALL_ELASTICNET_AUTO
NEWDEV2_066,1.0,3,3,ALL_ELASTICNET_AUTO
NEWDEV2_078,1.0,3,3,ALL_ELASTICNET_AUTO
NEWDEV2_084,1.0,3,3,ALL_ELASTICNET_AUTO
NEWDEV2_091,1.0,3,3,ALL_ELASTICNET_AUTO
MLV2_DEV_011,0.0,3,3,HGB_ALL_EXPLORATORY
MLV2_DEV_022,1.0,3,3,HGB_ALL_EXPLORATORY
MLV2_DEV_044,0.0,3,3,HGB_ALL_EXPLORATORY
MLV2_DEV_057,0.5,3,3,HGB_ALL_EXPLORATORY
NEWDEV2_010,1.0,3,3,HGB_ALL_EXPLORATORY
NEWDEV2_028,1.0,3,3,HGB_ALL_EXPLORATORY
NEWDEV2_030,0.0,3,3,HGB_ALL_EXPLORATORY
NEWDEV2_054,0.0,3,3,HGB_ALL_EXPLORATORY
NEWDEV2_059,0.5,3,3,HGB_ALL_EXPLORATORY
NEWDEV2_065,0.0,3,3,HGB_ALL_EXPLORATORY
NEWDEV2_066,0.0,3,3,HGB_ALL_EXPLORATORY
NEWDEV2_078,1.0,3,3,HGB_ALL_EXPLORATORY
NEWDEV2_084,0.0,3,3,HGB_ALL_EXPLORATORY
NEWDEV2_091,0.0,3,3,HGB_ALL_EXPLORATORY
MLV2_DEV_007,0.6666666666666666,3,4,AGE_YOUNGER_FIXED
MLV2_DEV_028,0.0,3,4,AGE_YOUNGER_FIXED
MLV2_DEV_033,0.0,3,4,AGE_YOUNGER_FIXED
MLV2_DEV_051,0.0,3,4,AGE_YOUNGER_FIXED
NEWDEV2_016,0.0,3,4,AGE_YOUNGER_FIXED
NEWDEV2_019,1.0,3,4,AGE_YOUNGER_FIXED
NEWDEV2_027,0.0,3,4,AGE_YOUNGER_FIXED
NEWDEV2_036,0.0,3,4,AGE_YOUNGER_FIXED
NEWDEV2_070,1.0,3,4,AGE_YOUNGER_FIXED
NEWDEV2_075,1.0,3,4,AGE_YOUNGER_FIXED
NEWDEV2_082,1.0,3,4,AGE_YOUNGER_FIXED
NEWDEV2_089,0.5,3,4,AGE_YOUNGER_FIXED
NEWDEV2_092,0.0,3,4,AGE_YOUNGER_FIXED
NEWDEV2_093,1.0,3,4,AGE_YOUNGER_FIXED
MLV2_DEV_007,0.3333333333333333,3,4,AGE_LATER_FIXED
MLV2_DEV_028,1.0,3,4,AGE_LATER_FIXED
MLV2_DEV_033,1.0,3,4,AGE_LATER_FIXED
MLV2_DEV_051,1.0,3,4,AGE_LATER_FIXED
NEWDEV2_016,1.0,3,4,AGE_LATER_FIXED
NEWDEV2_019,0.0,3,4,AGE_LATER_FIXED
NEWDEV2_027,1.0,3,4,AGE_LATER_FIXED
NEWDEV2_036,1.0,3,4,AGE_LATER_FIXED
NEWDEV2_070,0.0,3,4,AGE_LATER_FIXED
NEWDEV2_075,0.0,3,4,AGE_LATER_FIXED
NEWDEV2_082,0.0,3,4,AGE_LATER_FIXED
NEWDEV2_089,0.5,3,4,AGE_LATER_FIXED
NEWDEV2_092,1.0,3,4,AGE_LATER_FIXED
NEWDEV2_093,0.0,3,4,AGE_LATER_FIXED
MLV2_DEV_007,0.0,3,4,CONTROL_FIXED
MLV2_DEV_028,1.0,3,4,CONTROL_FIXED
MLV2_DEV_033,1.0,3,4,CONTROL_FIXED
MLV2_DEV_051,0.0,3,4,CONTROL_FIXED
NEWDEV2_016,0.0,3,4,CONTROL_FIXED
NEWDEV2_019,1.0,3,4,CONTROL_FIXED
NEWDEV2_027,0.16666666666666666,3,4,CONTROL_FIXED
NEWDEV2_036,0.5,3,4,CONTROL_FIXED
NEWDEV2_070,1.0,3,4,CONTROL_FIXED
NEWDEV2_075,1.0,3,4,CONTROL_FIXED
NEWDEV2_082,1.0,3,4,CONTROL_FIXED
NEWDEV2_089,1.0,3,4,CONTROL_FIXED
NEWDEV2_092,0.0,3,4,CONTROL_FIXED
NEWDEV2_093,0.0,3,4,CONTROL_FIXED
MLV2_DEV_007,0.0,3,4,TG5_GROUP_L2
MLV2_DEV_028,1.0,3,4,TG5_GROUP_L2
MLV2_DEV_033,0.0,3,4,TG5_GROUP_L2
MLV2_DEV_051,0.5,3,4,TG5_GROUP_L2
NEWDEV2_016,1.0,3,4,TG5_GROUP_L2
NEWDEV2_019,1.0,3,4,TG5_GROUP_L2
NEWDEV2_027,0.6666666666666666,3,4,TG5_GROUP_L2
NEWDEV2_036,0.25,3,4,TG5_GROUP_L2
NEWDEV2_070,0.0,3,4,TG5_GROUP_L2
NEWDEV2_075,1.0,3,4,TG5_GROUP_L2
NEWDEV2_082,1.0,3,4,TG5_GROUP_L2
NEWDEV2_089,0.75,3,4,TG5_GROUP_L2
NEWDEV2_092,0.5,3,4,TG5_GROUP_L2
NEWDEV2_093,1.0,3,4,TG5_GROUP_L2
MLV2_DEV_007,0.6666666666666666,3,4,TG10_STEM_L2
MLV2_DEV_028,1.0,3,4,TG10_STEM_L2
MLV2_DEV_033,0.0,3,4,TG10_STEM_L2
MLV2_DEV_051,0.0,3,4,TG10_STEM_L2
NEWDEV2_016,1.0,3,4,TG10_STEM_L2
NEWDEV2_019,1.0,3,4,TG10_STEM_L2
NEWDEV2_027,0.6666666666666666,3,4,TG10_STEM_L2
NEWDEV2_036,0.5,3,4,TG10_STEM_L2
NEWDEV2_070,0.0,3,4,TG10_STEM_L2
NEWDEV2_075,1.0,3,4,TG10_STEM_L2
NEWDEV2_082,1.0,3,4,TG10_STEM_L2
NEWDEV2_089,1.0,3,4,TG10_STEM_L2
NEWDEV2_092,0.0,3,4,TG10_STEM_L2
NEWDEV2_093,0.0,3,4,TG10_STEM_L2
MLV2_DEV_007,0.3333333333333333,3,4,TG10_STEM_BRANCH_L2
MLV2_DEV_028,1.0,3,4,TG10_STEM_BRANCH_L2
MLV2_DEV_033,0.0,3,4,TG10_STEM_BRANCH_L2
MLV2_DEV_051,1.0,3,4,TG10_STEM_BRANCH_L2
NEWDEV2_016,1.0,3,4,TG10_STEM_BRANCH_L2
NEWDEV2_019,1.0,3,4,TG10_STEM_BRANCH_L2
NEWDEV2_027,0.3333333333333333,3,4,TG10_STEM_BRANCH_L2
NEWDEV2_036,0.0,3,4,TG10_STEM_BRANCH_L2
NEWDEV2_070,0.0,3,4,TG10_STEM_BRANCH_L2
NEWDEV2_075,1.0,3,4,TG10_STEM_BRANCH_L2
NEWDEV2_082,0.0,3,4,TG10_STEM_BRANCH_L2
NEWDEV2_089,0.5,3,4,TG10_STEM_BRANCH_L2
NEWDEV2_092,0.0,3,4,TG10_STEM_BRANCH_L2
NEWDEV2_093,0.0,3,4,TG10_STEM_BRANCH_L2
MLV2_DEV_007,0.0,3,4,TG10_SB_STRENGTH_L2
MLV2_DEV_028,1.0,3,4,TG10_SB_STRENGTH_L2
MLV2_DEV_033,0.0,3,4,TG10_SB_STRENGTH_L2
MLV2_DEV_051,1.0,3,4,TG10_SB_STRENGTH_L2
NEWDEV2_016,1.0,3,4,TG10_SB_STRENGTH_L2
NEWDEV2_019,1.0,3,4,TG10_SB_STRENGTH_L2
NEWDEV2_027,0.3333333333333333,3,4,TG10_SB_STRENGTH_L2
NEWDEV2_036,0.5,3,4,TG10_SB_STRENGTH_L2
NEWDEV2_070,0.0,3,4,TG10_SB_STRENGTH_L2
NEWDEV2_075,1.0,3,4,TG10_SB_STRENGTH_L2
NEWDEV2_082,1.0,3,4,TG10_SB_STRENGTH_L2
NEWDEV2_089,0.0,3,4,TG10_SB_STRENGTH_L2
NEWDEV2_092,0.0,3,4,TG10_SB_STRENGTH_L2
NEWDEV2_093,0.0,3,4,TG10_SB_STRENGTH_L2
MLV2_DEV_007,0.3333333333333333,3,4,TG10_SB_RELATIONS_L2
MLV2_DEV_028,0.0,3,4,TG10_SB_RELATIONS_L2
MLV2_DEV_033,0.0,3,4,TG10_SB_RELATIONS_L2
MLV2_DEV_051,0.0,3,4,TG10_SB_RELATIONS_L2
NEWDEV2_016,1.0,3,4,TG10_SB_RELATIONS_L2
NEWDEV2_019,0.0,3,4,TG10_SB_RELATIONS_L2
NEWDEV2_027,0.3333333333333333,3,4,TG10_SB_RELATIONS_L2
NEWDEV2_036,0.0,3,4,TG10_SB_RELATIONS_L2
NEWDEV2_070,0.0,3,4,TG10_SB_RELATIONS_L2
NEWDEV2_075,0.0,3,4,TG10_SB_RELATIONS_L2
NEWDEV2_082,1.0,3,4,TG10_SB_RELATIONS_L2
NEWDEV2_089,1.0,3,4,TG10_SB_RELATIONS_L2
NEWDEV2_092,0.0,3,4,TG10_SB_RELATIONS_L2
NEWDEV2_093,1.0,3,4,TG10_SB_RELATIONS_L2
MLV2_DEV_007,0.0,3,4,ALL_L2
MLV2_DEV_028,1.0,3,4,ALL_L2
MLV2_DEV_033,0.0,3,4,ALL_L2
MLV2_DEV_051,0.0,3,4,ALL_L2
NEWDEV2_016,1.0,3,4,ALL_L2
NEWDEV2_019,1.0,3,4,ALL_L2
NEWDEV2_027,0.3333333333333333,3,4,ALL_L2
NEWDEV2_036,0.0,3,4,ALL_L2
NEWDEV2_070,0.0,3,4,ALL_L2
NEWDEV2_075,0.0,3,4,ALL_L2
NEWDEV2_082,1.0,3,4,ALL_L2
NEWDEV2_089,0.5,3,4,ALL_L2
NEWDEV2_092,1.0,3,4,ALL_L2
NEWDEV2_093,1.0,3,4,ALL_L2
MLV2_DEV_007,0.6666666666666666,3,4,NUISANCE_AGE_AXIS
MLV2_DEV_028,0.0,3,4,NUISANCE_AGE_AXIS
MLV2_DEV_033,0.0,3,4,NUISANCE_AGE_AXIS
MLV2_DEV_051,0.0,3,4,NUISANCE_AGE_AXIS
NEWDEV2_016,0.0,3,4,NUISANCE_AGE_AXIS
NEWDEV2_019,1.0,3,4,NUISANCE_AGE_AXIS
NEWDEV2_027,0.0,3,4,NUISANCE_AGE_AXIS
NEWDEV2_036,0.0,3,4,NUISANCE_AGE_AXIS
NEWDEV2_070,1.0,3,4,NUISANCE_AGE_AXIS
NEWDEV2_075,1.0,3,4,NUISANCE_AGE_AXIS
NEWDEV2_082,1.0,3,4,NUISANCE_AGE_AXIS
NEWDEV2_089,0.5,3,4,NUISANCE_AGE_AXIS
NEWDEV2_092,0.0,3,4,NUISANCE_AGE_AXIS
NEWDEV2_093,1.0,3,4,NUISANCE_AGE_AXIS
MLV2_DEV_007,1.0,3,4,NUISANCE_WITH_ORIGIN_DIAGNOSTIC
MLV2_DEV_028,1.0,3,4,NUISANCE_WITH_ORIGIN_DIAGNOSTIC
MLV2_DEV_033,0.0,3,4,NUISANCE_WITH_ORIGIN_DIAGNOSTIC
MLV2_DEV_051,1.0,3,4,NUISANCE_WITH_ORIGIN_DIAGNOSTIC
NEWDEV2_016,0.0,3,4,NUISANCE_WITH_ORIGIN_DIAGNOSTIC
NEWDEV2_019,1.0,3,4,NUISANCE_WITH_ORIGIN_DIAGNOSTIC
NEWDEV2_027,1.0,3,4,NUISANCE_WITH_ORIGIN_DIAGNOSTIC
NEWDEV2_036,1.0,3,4,NUISANCE_WITH_ORIGIN_DIAGNOSTIC
NEWDEV2_070,1.0,3,4,NUISANCE_WITH_ORIGIN_DIAGNOSTIC
NEWDEV2_075,1.0,3,4,NUISANCE_WITH_ORIGIN_DIAGNOSTIC
NEWDEV2_082,1.0,3,4,NUISANCE_WITH_ORIGIN_DIAGNOSTIC
NEWDEV2_089,1.0,3,4,NUISANCE_WITH_ORIGIN_DIAGNOSTIC
NEWDEV2_092,1.0,3,4,NUISANCE_WITH_ORIGIN_DIAGNOSTIC
NEWDEV2_093,1.0,3,4,NUISANCE_WITH_ORIGIN_DIAGNOSTIC
MLV2_DEV_007,0.0,3,4,ALL_ELASTICNET_AUTO
MLV2_DEV_028,1.0,3,4,ALL_ELASTICNET_AUTO
MLV2_DEV_033,1.0,3,4,ALL_ELASTICNET_AUTO
MLV2_DEV_051,0.0,3,4,ALL_ELASTICNET_AUTO
NEWDEV2_016,1.0,3,4,ALL_ELASTICNET_AUTO
NEWDEV2_019,1.0,3,4,ALL_ELASTICNET_AUTO
NEWDEV2_027,0.3333333333333333,3,4,ALL_ELASTICNET_AUTO
NEWDEV2_036,0.0,3,4,ALL_ELASTICNET_AUTO
NEWDEV2_070,0.0,3,4,ALL_ELASTICNET_AUTO
NEWDEV2_075,0.0,3,4,ALL_ELASTICNET_AUTO
NEWDEV2_082,0.0,3,4,ALL_ELASTICNET_AUTO
NEWDEV2_089,0.0,3,4,ALL_ELASTICNET_AUTO
NEWDEV2_092,1.0,3,4,ALL_ELASTICNET_AUTO
NEWDEV2_093,1.0,3,4,ALL_ELASTICNET_AUTO
MLV2_DEV_007,0.3333333333333333,3,4,HGB_ALL_EXPLORATORY
MLV2_DEV_028,1.0,3,4,HGB_ALL_EXPLORATORY
MLV2_DEV_033,1.0,3,4,HGB_ALL_EXPLORATORY
MLV2_DEV_051,0.0,3,4,HGB_ALL_EXPLORATORY
NEWDEV2_016,1.0,3,4,HGB_ALL_EXPLORATORY
NEWDEV2_019,0.0,3,4,HGB_ALL_EXPLORATORY
NEWDEV2_027,0.3333333333333333,3,4,HGB_ALL_EXPLORATORY
NEWDEV2_036,0.5,3,4,HGB_ALL_EXPLORATORY
NEWDEV2_070,1.0,3,4,HGB_ALL_EXPLORATORY
NEWDEV2_075,1.0,3,4,HGB_ALL_EXPLORATORY
NEWDEV2_082,1.0,3,4,HGB_ALL_EXPLORATORY
NEWDEV2_089,0.0,3,4,HGB_ALL_EXPLORATORY
NEWDEV2_092,0.0,3,4,HGB_ALL_EXPLORATORY
NEWDEV2_093,1.0,3,4,HGB_ALL_EXPLORATORY
MLV2_DEV_022,0.5,4,0,AGE_YOUNGER_FIXED
MLV2_DEV_032,0.0,4,0,AGE_YOUNGER_FIXED
MLV2_DEV_033,0.0,4,0,AGE_YOUNGER_FIXED
MLV2_DEV_036,0.0,4,0,AGE_YOUNGER_FIXED
MLV2_DEV_050,1.0,4,0,AGE_YOUNGER_FIXED
MLV2_DEV_068,0.0,4,0,AGE_YOUNGER_FIXED
NEWDEV2_002,0.0,4,0,AGE_YOUNGER_FIXED
NEWDEV2_024,1.0,4,0,AGE_YOUNGER_FIXED
NEWDEV2_030,1.0,4,0,AGE_YOUNGER_FIXED
NEWDEV2_039,1.0,4,0,AGE_YOUNGER_FIXED
NEWDEV2_078,1.0,4,0,AGE_YOUNGER_FIXED
NEWDEV2_081,0.5,4,0,AGE_YOUNGER_FIXED
NEWDEV2_084,0.0,4,0,AGE_YOUNGER_FIXED
NEWDEV2_090,1.0,4,0,AGE_YOUNGER_FIXED
MLV2_DEV_022,0.5,4,0,AGE_LATER_FIXED
MLV2_DEV_032,1.0,4,0,AGE_LATER_FIXED
MLV2_DEV_033,1.0,4,0,AGE_LATER_FIXED
MLV2_DEV_036,1.0,4,0,AGE_LATER_FIXED
MLV2_DEV_050,0.0,4,0,AGE_LATER_FIXED
MLV2_DEV_068,1.0,4,0,AGE_LATER_FIXED
NEWDEV2_002,1.0,4,0,AGE_LATER_FIXED
NEWDEV2_024,0.0,4,0,AGE_LATER_FIXED
NEWDEV2_030,0.0,4,0,AGE_LATER_FIXED
NEWDEV2_039,0.0,4,0,AGE_LATER_FIXED
NEWDEV2_078,0.0,4,0,AGE_LATER_FIXED
NEWDEV2_081,0.5,4,0,AGE_LATER_FIXED
NEWDEV2_084,1.0,4,0,AGE_LATER_FIXED
NEWDEV2_090,0.0,4,0,AGE_LATER_FIXED
MLV2_DEV_022,0.5,4,0,CONTROL_FIXED
MLV2_DEV_032,1.0,4,0,CONTROL_FIXED
MLV2_DEV_033,1.0,4,0,CONTROL_FIXED
MLV2_DEV_036,1.0,4,0,CONTROL_FIXED
MLV2_DEV_050,0.0,4,0,CONTROL_FIXED
MLV2_DEV_068,0.4,4,0,CONTROL_FIXED
NEWDEV2_002,0.0,4,0,CONTROL_FIXED
NEWDEV2_024,1.0,4,0,CONTROL_FIXED
NEWDEV2_030,0.0,4,0,CONTROL_FIXED
NEWDEV2_039,1.0,4,0,CONTROL_FIXED
NEWDEV2_078,1.0,4,0,CONTROL_FIXED
NEWDEV2_081,0.5,4,0,CONTROL_FIXED
NEWDEV2_084,0.5,4,0,CONTROL_FIXED
NEWDEV2_090,1.0,4,0,CONTROL_FIXED
MLV2_DEV_022,0.75,4,0,TG5_GROUP_L2
MLV2_DEV_032,0.0,4,0,TG5_GROUP_L2
MLV2_DEV_033,0.0,4,0,TG5_GROUP_L2
MLV2_DEV_036,0.0,4,0,TG5_GROUP_L2
MLV2_DEV_050,0.0,4,0,TG5_GROUP_L2
MLV2_DEV_068,0.7,4,0,TG5_GROUP_L2
NEWDEV2_002,1.0,4,0,TG5_GROUP_L2
NEWDEV2_024,1.0,4,0,TG5_GROUP_L2
NEWDEV2_030,0.0,4,0,TG5_GROUP_L2
NEWDEV2_039,0.5,4,0,TG5_GROUP_L2
NEWDEV2_078,0.0,4,0,TG5_GROUP_L2
NEWDEV2_081,1.0,4,0,TG5_GROUP_L2
NEWDEV2_084,0.0,4,0,TG5_GROUP_L2
NEWDEV2_090,0.0,4,0,TG5_GROUP_L2
MLV2_DEV_022,0.0,4,0,TG10_STEM_L2
MLV2_DEV_032,0.0,4,0,TG10_STEM_L2
MLV2_DEV_033,1.0,4,0,TG10_STEM_L2
MLV2_DEV_036,0.0,4,0,TG10_STEM_L2
MLV2_DEV_050,1.0,4,0,TG10_STEM_L2
MLV2_DEV_068,0.6,4,0,TG10_STEM_L2
NEWDEV2_002,1.0,4,0,TG10_STEM_L2
NEWDEV2_024,0.0,4,0,TG10_STEM_L2
NEWDEV2_030,1.0,4,0,TG10_STEM_L2
NEWDEV2_039,1.0,4,0,TG10_STEM_L2
NEWDEV2_078,0.0,4,0,TG10_STEM_L2
NEWDEV2_081,0.0,4,0,TG10_STEM_L2
NEWDEV2_084,0.0,4,0,TG10_STEM_L2
NEWDEV2_090,1.0,4,0,TG10_STEM_L2
MLV2_DEV_022,0.5,4,0,TG10_STEM_BRANCH_L2
MLV2_DEV_032,1.0,4,0,TG10_STEM_BRANCH_L2
MLV2_DEV_033,1.0,4,0,TG10_STEM_BRANCH_L2
MLV2_DEV_036,0.0,4,0,TG10_STEM_BRANCH_L2
MLV2_DEV_050,0.0,4,0,TG10_STEM_BRANCH_L2
MLV2_DEV_068,0.6,4,0,TG10_STEM_BRANCH_L2
NEWDEV2_002,0.0,4,0,TG10_STEM_BRANCH_L2
NEWDEV2_024,1.0,4,0,TG10_STEM_BRANCH_L2
NEWDEV2_030,1.0,4,0,TG10_STEM_BRANCH_L2
NEWDEV2_039,1.0,4,0,TG10_STEM_BRANCH_L2
NEWDEV2_078,0.0,4,0,TG10_STEM_BRANCH_L2
NEWDEV2_081,0.5,4,0,TG10_STEM_BRANCH_L2
NEWDEV2_084,0.0,4,0,TG10_STEM_BRANCH_L2
NEWDEV2_090,1.0,4,0,TG10_STEM_BRANCH_L2
MLV2_DEV_022,0.0,4,0,TG10_SB_STRENGTH_L2
MLV2_DEV_032,1.0,4,0,TG10_SB_STRENGTH_L2
MLV2_DEV_033,1.0,4,0,TG10_SB_STRENGTH_L2
MLV2_DEV_036,0.0,4,0,TG10_SB_STRENGTH_L2
MLV2_DEV_050,0.0,4,0,TG10_SB_STRENGTH_L2
MLV2_DEV_068,0.4,4,0,TG10_SB_STRENGTH_L2
NEWDEV2_002,0.0,4,0,TG10_SB_STRENGTH_L2
NEWDEV2_024,1.0,4,0,TG10_SB_STRENGTH_L2
NEWDEV2_030,0.0,4,0,TG10_SB_STRENGTH_L2
NEWDEV2_039,0.0,4,0,TG10_SB_STRENGTH_L2
NEWDEV2_078,0.0,4,0,TG10_SB_STRENGTH_L2
NEWDEV2_081,0.5,4,0,TG10_SB_STRENGTH_L2
NEWDEV2_084,0.0,4,0,TG10_SB_STRENGTH_L2
NEWDEV2_090,0.0,4,0,TG10_SB_STRENGTH_L2
MLV2_DEV_022,0.5,4,0,TG10_SB_RELATIONS_L2
MLV2_DEV_032,1.0,4,0,TG10_SB_RELATIONS_L2
MLV2_DEV_033,1.0,4,0,TG10_SB_RELATIONS_L2
MLV2_DEV_036,0.0,4,0,TG10_SB_RELATIONS_L2
MLV2_DEV_050,0.0,4,0,TG10_SB_RELATIONS_L2
MLV2_DEV_068,0.6,4,0,TG10_SB_RELATIONS_L2
NEWDEV2_002,0.0,4,0,TG10_SB_RELATIONS_L2
NEWDEV2_024,1.0,4,0,TG10_SB_RELATIONS_L2
NEWDEV2_030,0.0,4,0,TG10_SB_RELATIONS_L2
NEWDEV2_039,0.0,4,0,TG10_SB_RELATIONS_L2
NEWDEV2_078,0.0,4,0,TG10_SB_RELATIONS_L2
NEWDEV2_081,0.5,4,0,TG10_SB_RELATIONS_L2
NEWDEV2_084,0.0,4,0,TG10_SB_RELATIONS_L2
NEWDEV2_090,1.0,4,0,TG10_SB_RELATIONS_L2
MLV2_DEV_022,0.0,4,0,ALL_L2
MLV2_DEV_032,0.0,4,0,ALL_L2
MLV2_DEV_033,1.0,4,0,ALL_L2
MLV2_DEV_036,0.0,4,0,ALL_L2
MLV2_DEV_050,0.0,4,0,ALL_L2
MLV2_DEV_068,0.4,4,0,ALL_L2
NEWDEV2_002,0.0,4,0,ALL_L2
NEWDEV2_024,1.0,4,0,ALL_L2
NEWDEV2_030,1.0,4,0,ALL_L2
NEWDEV2_039,1.0,4,0,ALL_L2
NEWDEV2_078,1.0,4,0,ALL_L2
NEWDEV2_081,0.5,4,0,ALL_L2
NEWDEV2_084,0.0,4,0,ALL_L2
NEWDEV2_090,1.0,4,0,ALL_L2
MLV2_DEV_022,0.5,4,0,NUISANCE_AGE_AXIS
MLV2_DEV_032,0.0,4,0,NUISANCE_AGE_AXIS
MLV2_DEV_033,0.0,4,0,NUISANCE_AGE_AXIS
MLV2_DEV_036,0.0,4,0,NUISANCE_AGE_AXIS
MLV2_DEV_050,1.0,4,0,NUISANCE_AGE_AXIS
MLV2_DEV_068,1.0,4,0,NUISANCE_AGE_AXIS
NEWDEV2_002,0.0,4,0,NUISANCE_AGE_AXIS
NEWDEV2_024,1.0,4,0,NUISANCE_AGE_AXIS
NEWDEV2_030,0.0,4,0,NUISANCE_AGE_AXIS
NEWDEV2_039,1.0,4,0,NUISANCE_AGE_AXIS
NEWDEV2_078,0.0,4,0,NUISANCE_AGE_AXIS
NEWDEV2_081,0.5,4,0,NUISANCE_AGE_AXIS
NEWDEV2_084,0.0,4,0,NUISANCE_AGE_AXIS
NEWDEV2_090,0.0,4,0,NUISANCE_AGE_AXIS
MLV2_DEV_022,0.5,4,0,NUISANCE_WITH_ORIGIN_DIAGNOSTIC
MLV2_DEV_032,1.0,4,0,NUISANCE_WITH_ORIGIN_DIAGNOSTIC
MLV2_DEV_033,0.0,4,0,NUISANCE_WITH_ORIGIN_DIAGNOSTIC
MLV2_DEV_036,1.0,4,0,NUISANCE_WITH_ORIGIN_DIAGNOSTIC
MLV2_DEV_050,1.0,4,0,NUISANCE_WITH_ORIGIN_DIAGNOSTIC
MLV2_DEV_068,1.0,4,0,NUISANCE_WITH_ORIGIN_DIAGNOSTIC
NEWDEV2_002,1.0,4,0,NUISANCE_WITH_ORIGIN_DIAGNOSTIC
NEWDEV2_024,1.0,4,0,NUISANCE_WITH_ORIGIN_DIAGNOSTIC
NEWDEV2_030,1.0,4,0,NUISANCE_WITH_ORIGIN_DIAGNOSTIC
NEWDEV2_039,1.0,4,0,NUISANCE_WITH_ORIGIN_DIAGNOSTIC
NEWDEV2_078,1.0,4,0,NUISANCE_WITH_ORIGIN_DIAGNOSTIC
NEWDEV2_081,1.0,4,0,NUISANCE_WITH_ORIGIN_DIAGNOSTIC
NEWDEV2_084,1.0,4,0,NUISANCE_WITH_ORIGIN_DIAGNOSTIC
NEWDEV2_090,1.0,4,0,NUISANCE_WITH_ORIGIN_DIAGNOSTIC
MLV2_DEV_022,0.0,4,0,ALL_ELASTICNET_AUTO
MLV2_DEV_032,0.0,4,0,ALL_ELASTICNET_AUTO
MLV2_DEV_033,1.0,4,0,ALL_ELASTICNET_AUTO
MLV2_DEV_036,0.0,4,0,ALL_ELASTICNET_AUTO
MLV2_DEV_050,0.0,4,0,ALL_ELASTICNET_AUTO
MLV2_DEV_068,0.8,4,0,ALL_ELASTICNET_AUTO
NEWDEV2_002,0.0,4,0,ALL_ELASTICNET_AUTO
NEWDEV2_024,1.0,4,0,ALL_ELASTICNET_AUTO
NEWDEV2_030,0.0,4,0,ALL_ELASTICNET_AUTO
NEWDEV2_039,1.0,4,0,ALL_ELASTICNET_AUTO
NEWDEV2_078,1.0,4,0,ALL_ELASTICNET_AUTO
NEWDEV2_081,0.5,4,0,ALL_ELASTICNET_AUTO
NEWDEV2_084,0.0,4,0,ALL_ELASTICNET_AUTO
NEWDEV2_090,0.0,4,0,ALL_ELASTICNET_AUTO
MLV2_DEV_022,0.5,4,0,HGB_ALL_EXPLORATORY
MLV2_DEV_032,0.0,4,0,HGB_ALL_EXPLORATORY
MLV2_DEV_033,0.0,4,0,HGB_ALL_EXPLORATORY
MLV2_DEV_036,0.0,4,0,HGB_ALL_EXPLORATORY
MLV2_DEV_050,1.0,4,0,HGB_ALL_EXPLORATORY
MLV2_DEV_068,0.4,4,0,HGB_ALL_EXPLORATORY
NEWDEV2_002,0.0,4,0,HGB_ALL_EXPLORATORY
NEWDEV2_024,1.0,4,0,HGB_ALL_EXPLORATORY
NEWDEV2_030,1.0,4,0,HGB_ALL_EXPLORATORY
NEWDEV2_039,1.0,4,0,HGB_ALL_EXPLORATORY
NEWDEV2_078,1.0,4,0,HGB_ALL_EXPLORATORY
NEWDEV2_081,0.0,4,0,HGB_ALL_EXPLORATORY
NEWDEV2_084,0.0,4,0,HGB_ALL_EXPLORATORY
NEWDEV2_090,0.0,4,0,HGB_ALL_EXPLORATORY
MLV2_DEV_005,0.5,4,1,AGE_YOUNGER_FIXED
MLV2_DEV_041,1.0,4,1,AGE_YOUNGER_FIXED
MLV2_DEV_057,0.5,4,1,AGE_YOUNGER_FIXED
MLV2_DEV_063,0.0,4,1,AGE_YOUNGER_FIXED
NEWDEV2_013,1.0,4,1,AGE_YOUNGER_FIXED
NEWDEV2_029,0.5,4,1,AGE_YOUNGER_FIXED
NEWDEV2_031,0.0,4,1,AGE_YOUNGER_FIXED
NEWDEV2_041,0.5,4,1,AGE_YOUNGER_FIXED
NEWDEV2_056,0.25,4,1,AGE_YOUNGER_FIXED
NEWDEV2_067,1.0,4,1,AGE_YOUNGER_FIXED
NEWDEV2_074,1.0,4,1,AGE_YOUNGER_FIXED
NEWDEV2_091,1.0,4,1,AGE_YOUNGER_FIXED
NEWDEV2_092,0.0,4,1,AGE_YOUNGER_FIXED
MLV2_DEV_005,0.5,4,1,AGE_LATER_FIXED
MLV2_DEV_041,0.0,4,1,AGE_LATER_FIXED
MLV2_DEV_057,0.5,4,1,AGE_LATER_FIXED
MLV2_DEV_063,1.0,4,1,AGE_LATER_FIXED
NEWDEV2_013,0.0,4,1,AGE_LATER_FIXED
NEWDEV2_029,0.5,4,1,AGE_LATER_FIXED
NEWDEV2_031,1.0,4,1,AGE_LATER_FIXED
NEWDEV2_041,0.5,4,1,AGE_LATER_FIXED
NEWDEV2_056,0.75,4,1,AGE_LATER_FIXED
NEWDEV2_067,0.0,4,1,AGE_LATER_FIXED
NEWDEV2_074,0.0,4,1,AGE_LATER_FIXED
NEWDEV2_091,0.0,4,1,AGE_LATER_FIXED
NEWDEV2_092,1.0,4,1,AGE_LATER_FIXED
MLV2_DEV_005,1.0,4,1,CONTROL_FIXED
MLV2_DEV_041,1.0,4,1,CONTROL_FIXED
MLV2_DEV_057,0.0,4,1,CONTROL_FIXED
MLV2_DEV_063,1.0,4,1,CONTROL_FIXED
NEWDEV2_013,0.0,4,1,CONTROL_FIXED
NEWDEV2_029,0.0,4,1,CONTROL_FIXED
NEWDEV2_031,0.0,4,1,CONTROL_FIXED
NEWDEV2_041,0.5,4,1,CONTROL_FIXED
NEWDEV2_056,0.0,4,1,CONTROL_FIXED
NEWDEV2_067,1.0,4,1,CONTROL_FIXED
NEWDEV2_074,0.0,4,1,CONTROL_FIXED
NEWDEV2_091,1.0,4,1,CONTROL_FIXED
NEWDEV2_092,0.0,4,1,CONTROL_FIXED
MLV2_DEV_005,0.25,4,1,TG5_GROUP_L2
MLV2_DEV_041,0.0,4,1,TG5_GROUP_L2
MLV2_DEV_057,0.75,4,1,TG5_GROUP_L2
MLV2_DEV_063,1.0,4,1,TG5_GROUP_L2
NEWDEV2_013,1.0,4,1,TG5_GROUP_L2
NEWDEV2_029,0.5,4,1,TG5_GROUP_L2
NEWDEV2_031,0.5,4,1,TG5_GROUP_L2
NEWDEV2_041,0.0,4,1,TG5_GROUP_L2
NEWDEV2_056,0.125,4,1,TG5_GROUP_L2
NEWDEV2_067,0.0,4,1,TG5_GROUP_L2
NEWDEV2_074,0.0,4,1,TG5_GROUP_L2
NEWDEV2_091,0.0,4,1,TG5_GROUP_L2
NEWDEV2_092,0.5,4,1,TG5_GROUP_L2
MLV2_DEV_005,0.5,4,1,TG10_STEM_L2
MLV2_DEV_041,0.0,4,1,TG10_STEM_L2
MLV2_DEV_057,0.5,4,1,TG10_STEM_L2
MLV2_DEV_063,1.0,4,1,TG10_STEM_L2
NEWDEV2_013,1.0,4,1,TG10_STEM_L2
NEWDEV2_029,0.5,4,1,TG10_STEM_L2
NEWDEV2_031,0.0,4,1,TG10_STEM_L2
NEWDEV2_041,0.0,4,1,TG10_STEM_L2
NEWDEV2_056,0.0,4,1,TG10_STEM_L2
NEWDEV2_067,0.0,4,1,TG10_STEM_L2
NEWDEV2_074,0.0,4,1,TG10_STEM_L2
NEWDEV2_091,0.0,4,1,TG10_STEM_L2
NEWDEV2_092,0.0,4,1,TG10_STEM_L2
MLV2_DEV_005,1.0,4,1,TG10_STEM_BRANCH_L2
MLV2_DEV_041,0.0,4,1,TG10_STEM_BRANCH_L2
MLV2_DEV_057,0.0,4,1,TG10_STEM_BRANCH_L2
MLV2_DEV_063,1.0,4,1,TG10_STEM_BRANCH_L2
NEWDEV2_013,1.0,4,1,TG10_STEM_BRANCH_L2
NEWDEV2_029,1.0,4,1,TG10_STEM_BRANCH_L2
NEWDEV2_031,0.0,4,1,TG10_STEM_BRANCH_L2
NEWDEV2_041,0.0,4,1,TG10_STEM_BRANCH_L2
NEWDEV2_056,0.0,4,1,TG10_STEM_BRANCH_L2
NEWDEV2_067,0.0,4,1,TG10_STEM_BRANCH_L2
NEWDEV2_074,0.0,4,1,TG10_STEM_BRANCH_L2
NEWDEV2_091,1.0,4,1,TG10_STEM_BRANCH_L2
NEWDEV2_092,0.0,4,1,TG10_STEM_BRANCH_L2
MLV2_DEV_005,1.0,4,1,TG10_SB_STRENGTH_L2
MLV2_DEV_041,0.0,4,1,TG10_SB_STRENGTH_L2
MLV2_DEV_057,0.0,4,1,TG10_SB_STRENGTH_L2
MLV2_DEV_063,1.0,4,1,TG10_SB_STRENGTH_L2
NEWDEV2_013,0.0,4,1,TG10_SB_STRENGTH_L2
NEWDEV2_029,1.0,4,1,TG10_SB_STRENGTH_L2
NEWDEV2_031,0.0,4,1,TG10_SB_STRENGTH_L2
NEWDEV2_041,0.5,4,1,TG10_SB_STRENGTH_L2
NEWDEV2_056,0.0,4,1,TG10_SB_STRENGTH_L2
NEWDEV2_067,0.0,4,1,TG10_SB_STRENGTH_L2
NEWDEV2_074,0.0,4,1,TG10_SB_STRENGTH_L2
NEWDEV2_091,1.0,4,1,TG10_SB_STRENGTH_L2
NEWDEV2_092,0.0,4,1,TG10_SB_STRENGTH_L2
MLV2_DEV_005,1.0,4,1,TG10_SB_RELATIONS_L2
MLV2_DEV_041,0.0,4,1,TG10_SB_RELATIONS_L2
MLV2_DEV_057,0.0,4,1,TG10_SB_RELATIONS_L2
MLV2_DEV_063,1.0,4,1,TG10_SB_RELATIONS_L2
NEWDEV2_013,0.0,4,1,TG10_SB_RELATIONS_L2
NEWDEV2_029,1.0,4,1,TG10_SB_RELATIONS_L2
NEWDEV2_031,0.0,4,1,TG10_SB_RELATIONS_L2
NEWDEV2_041,0.5,4,1,TG10_SB_RELATIONS_L2
NEWDEV2_056,0.0,4,1,TG10_SB_RELATIONS_L2
NEWDEV2_067,0.0,4,1,TG10_SB_RELATIONS_L2
NEWDEV2_074,0.0,4,1,TG10_SB_RELATIONS_L2
NEWDEV2_091,1.0,4,1,TG10_SB_RELATIONS_L2
NEWDEV2_092,0.0,4,1,TG10_SB_RELATIONS_L2
MLV2_DEV_005,0.5,4,1,ALL_L2
MLV2_DEV_041,1.0,4,1,ALL_L2
MLV2_DEV_057,0.0,4,1,ALL_L2
MLV2_DEV_063,1.0,4,1,ALL_L2
NEWDEV2_013,0.0,4,1,ALL_L2
NEWDEV2_029,1.0,4,1,ALL_L2
NEWDEV2_031,0.0,4,1,ALL_L2
NEWDEV2_041,0.0,4,1,ALL_L2
NEWDEV2_056,0.25,4,1,ALL_L2
NEWDEV2_067,0.0,4,1,ALL_L2
NEWDEV2_074,0.0,4,1,ALL_L2
NEWDEV2_091,0.0,4,1,ALL_L2
NEWDEV2_092,1.0,4,1,ALL_L2
MLV2_DEV_005,1.0,4,1,NUISANCE_AGE_AXIS
MLV2_DEV_041,1.0,4,1,NUISANCE_AGE_AXIS
MLV2_DEV_057,1.0,4,1,NUISANCE_AGE_AXIS
MLV2_DEV_063,1.0,4,1,NUISANCE_AGE_AXIS
NEWDEV2_013,0.0,4,1,NUISANCE_AGE_AXIS
NEWDEV2_029,0.5,4,1,NUISANCE_AGE_AXIS
NEWDEV2_031,1.0,4,1,NUISANCE_AGE_AXIS
NEWDEV2_041,0.5,4,1,NUISANCE_AGE_AXIS
NEWDEV2_056,0.75,4,1,NUISANCE_AGE_AXIS
NEWDEV2_067,1.0,4,1,NUISANCE_AGE_AXIS
NEWDEV2_074,1.0,4,1,NUISANCE_AGE_AXIS
NEWDEV2_091,1.0,4,1,NUISANCE_AGE_AXIS
NEWDEV2_092,1.0,4,1,NUISANCE_AGE_AXIS
MLV2_DEV_005,1.0,4,1,NUISANCE_WITH_ORIGIN_DIAGNOSTIC
MLV2_DEV_041,1.0,4,1,NUISANCE_WITH_ORIGIN_DIAGNOSTIC
MLV2_DEV_057,1.0,4,1,NUISANCE_WITH_ORIGIN_DIAGNOSTIC
MLV2_DEV_063,1.0,4,1,NUISANCE_WITH_ORIGIN_DIAGNOSTIC
NEWDEV2_013,1.0,4,1,NUISANCE_WITH_ORIGIN_DIAGNOSTIC
NEWDEV2_029,1.0,4,1,NUISANCE_WITH_ORIGIN_DIAGNOSTIC
NEWDEV2_031,1.0,4,1,NUISANCE_WITH_ORIGIN_DIAGNOSTIC
NEWDEV2_041,1.0,4,1,NUISANCE_WITH_ORIGIN_DIAGNOSTIC
NEWDEV2_056,1.0,4,1,NUISANCE_WITH_ORIGIN_DIAGNOSTIC
NEWDEV2_067,1.0,4,1,NUISANCE_WITH_ORIGIN_DIAGNOSTIC
NEWDEV2_074,1.0,4,1,NUISANCE_WITH_ORIGIN_DIAGNOSTIC
NEWDEV2_091,1.0,4,1,NUISANCE_WITH_ORIGIN_DIAGNOSTIC
NEWDEV2_092,1.0,4,1,NUISANCE_WITH_ORIGIN_DIAGNOSTIC
MLV2_DEV_005,0.0,4,1,ALL_ELASTICNET_AUTO
MLV2_DEV_041,0.0,4,1,ALL_ELASTICNET_AUTO
MLV2_DEV_057,0.0,4,1,ALL_ELASTICNET_AUTO
MLV2_DEV_063,0.0,4,1,ALL_ELASTICNET_AUTO
NEWDEV2_013,0.0,4,1,ALL_ELASTICNET_AUTO
NEWDEV2_029,0.0,4,1,ALL_ELASTICNET_AUTO
NEWDEV2_031,0.0,4,1,ALL_ELASTICNET_AUTO
NEWDEV2_041,0.0,4,1,ALL_ELASTICNET_AUTO
NEWDEV2_056,0.0,4,1,ALL_ELASTICNET_AUTO
NEWDEV2_067,0.0,4,1,ALL_ELASTICNET_AUTO
NEWDEV2_074,0.0,4,1,ALL_ELASTICNET_AUTO
NEWDEV2_091,0.0,4,1,ALL_ELASTICNET_AUTO
NEWDEV2_092,0.0,4,1,ALL_ELASTICNET_AUTO
MLV2_DEV_005,1.0,4,1,HGB_ALL_EXPLORATORY
MLV2_DEV_041,0.0,4,1,HGB_ALL_EXPLORATORY
MLV2_DEV_057,0.5,4,1,HGB_ALL_EXPLORATORY
MLV2_DEV_063,1.0,4,1,HGB_ALL_EXPLORATORY
NEWDEV2_013,0.0,4,1,HGB_ALL_EXPLORATORY
NEWDEV2_029,0.5,4,1,HGB_ALL_EXPLORATORY
NEWDEV2_031,0.0,4,1,HGB_ALL_EXPLORATORY
NEWDEV2_041,0.0,4,1,HGB_ALL_EXPLORATORY
NEWDEV2_056,0.5,4,1,HGB_ALL_EXPLORATORY
NEWDEV2_067,0.0,4,1,HGB_ALL_EXPLORATORY
NEWDEV2_074,0.0,4,1,HGB_ALL_EXPLORATORY
NEWDEV2_091,0.0,4,1,HGB_ALL_EXPLORATORY
NEWDEV2_092,1.0,4,1,HGB_ALL_EXPLORATORY
MLV2_DEV_007,0.6666666666666666,4,2,AGE_YOUNGER_FIXED
MLV2_DEV_008,1.0,4,2,AGE_YOUNGER_FIXED
MLV2_DEV_028,0.0,4,2,AGE_YOUNGER_FIXED
MLV2_DEV_038,0.0,4,2,AGE_YOUNGER_FIXED
MLV2_DEV_039,1.0,4,2,AGE_YOUNGER_FIXED
MLV2_DEV_051,0.0,4,2,AGE_YOUNGER_FIXED
MLV2_DEV_058,1.0,4,2,AGE_YOUNGER_FIXED
NEWDEV2_005,0.0,4,2,AGE_YOUNGER_FIXED
NEWDEV2_027,0.0,4,2,AGE_YOUNGER_FIXED
NEWDEV2_053,0.0,4,2,AGE_YOUNGER_FIXED
NEWDEV2_059,0.0,4,2,AGE_YOUNGER_FIXED
NEWDEV2_070,1.0,4,2,AGE_YOUNGER_FIXED
NEWDEV2_082,1.0,4,2,AGE_YOUNGER_FIXED
NEWDEV2_093,1.0,4,2,AGE_YOUNGER_FIXED
MLV2_DEV_007,0.3333333333333333,4,2,AGE_LATER_FIXED
MLV2_DEV_008,0.0,4,2,AGE_LATER_FIXED
MLV2_DEV_028,1.0,4,2,AGE_LATER_FIXED
MLV2_DEV_038,1.0,4,2,AGE_LATER_FIXED
MLV2_DEV_039,0.0,4,2,AGE_LATER_FIXED
MLV2_DEV_051,1.0,4,2,AGE_LATER_FIXED
MLV2_DEV_058,0.0,4,2,AGE_LATER_FIXED
NEWDEV2_005,1.0,4,2,AGE_LATER_FIXED
NEWDEV2_027,1.0,4,2,AGE_LATER_FIXED
NEWDEV2_053,1.0,4,2,AGE_LATER_FIXED
NEWDEV2_059,1.0,4,2,AGE_LATER_FIXED
NEWDEV2_070,0.0,4,2,AGE_LATER_FIXED
NEWDEV2_082,0.0,4,2,AGE_LATER_FIXED
NEWDEV2_093,0.0,4,2,AGE_LATER_FIXED
MLV2_DEV_007,0.0,4,2,CONTROL_FIXED
MLV2_DEV_008,0.0,4,2,CONTROL_FIXED
MLV2_DEV_028,1.0,4,2,CONTROL_FIXED
MLV2_DEV_038,0.0,4,2,CONTROL_FIXED
MLV2_DEV_039,0.0,4,2,CONTROL_FIXED
MLV2_DEV_051,0.0,4,2,CONTROL_FIXED
MLV2_DEV_058,0.0,4,2,CONTROL_FIXED
NEWDEV2_005,0.5,4,2,CONTROL_FIXED
NEWDEV2_027,0.16666666666666666,4,2,CONTROL_FIXED
NEWDEV2_053,0.0,4,2,CONTROL_FIXED
NEWDEV2_059,0.0,4,2,CONTROL_FIXED
NEWDEV2_070,1.0,4,2,CONTROL_FIXED
NEWDEV2_082,1.0,4,2,CONTROL_FIXED
NEWDEV2_093,0.0,4,2,CONTROL_FIXED
MLV2_DEV_007,0.3333333333333333,4,2,TG5_GROUP_L2
MLV2_DEV_008,0.0,4,2,TG5_GROUP_L2
MLV2_DEV_028,1.0,4,2,TG5_GROUP_L2
MLV2_DEV_038,0.0,4,2,TG5_GROUP_L2
MLV2_DEV_039,1.0,4,2,TG5_GROUP_L2
MLV2_DEV_051,0.5,4,2,TG5_GROUP_L2
MLV2_DEV_058,1.0,4,2,TG5_GROUP_L2
NEWDEV2_005,0.25,4,2,TG5_GROUP_L2
NEWDEV2_027,0.3333333333333333,4,2,TG5_GROUP_L2
NEWDEV2_053,0.0,4,2,TG5_GROUP_L2
NEWDEV2_059,0.75,4,2,TG5_GROUP_L2
NEWDEV2_070,0.0,4,2,TG5_GROUP_L2
NEWDEV2_082,1.0,4,2,TG5_GROUP_L2
NEWDEV2_093,1.0,4,2,TG5_GROUP_L2
MLV2_DEV_007,0.6666666666666666,4,2,TG10_STEM_L2
MLV2_DEV_008,0.0,4,2,TG10_STEM_L2
MLV2_DEV_028,1.0,4,2,TG10_STEM_L2
MLV2_DEV_038,0.0,4,2,TG10_STEM_L2
MLV2_DEV_039,1.0,4,2,TG10_STEM_L2
MLV2_DEV_051,0.0,4,2,TG10_STEM_L2
MLV2_DEV_058,1.0,4,2,TG10_STEM_L2
NEWDEV2_005,0.0,4,2,TG10_STEM_L2
NEWDEV2_027,1.0,4,2,TG10_STEM_L2
NEWDEV2_053,1.0,4,2,TG10_STEM_L2
NEWDEV2_059,0.5,4,2,TG10_STEM_L2
NEWDEV2_070,0.0,4,2,TG10_STEM_L2
NEWDEV2_082,0.0,4,2,TG10_STEM_L2
NEWDEV2_093,0.0,4,2,TG10_STEM_L2
MLV2_DEV_007,0.6666666666666666,4,2,TG10_STEM_BRANCH_L2
MLV2_DEV_008,0.0,4,2,TG10_STEM_BRANCH_L2
MLV2_DEV_028,1.0,4,2,TG10_STEM_BRANCH_L2
MLV2_DEV_038,1.0,4,2,TG10_STEM_BRANCH_L2
MLV2_DEV_039,1.0,4,2,TG10_STEM_BRANCH_L2
MLV2_DEV_051,1.0,4,2,TG10_STEM_BRANCH_L2
MLV2_DEV_058,0.0,4,2,TG10_STEM_BRANCH_L2
NEWDEV2_005,0.0,4,2,TG10_STEM_BRANCH_L2
NEWDEV2_027,0.6666666666666666,4,2,TG10_STEM_BRANCH_L2
NEWDEV2_053,0.0,4,2,TG10_STEM_BRANCH_L2
NEWDEV2_059,0.5,4,2,TG10_STEM_BRANCH_L2
NEWDEV2_070,0.0,4,2,TG10_STEM_BRANCH_L2
NEWDEV2_082,0.0,4,2,TG10_STEM_BRANCH_L2
NEWDEV2_093,0.0,4,2,TG10_STEM_BRANCH_L2
MLV2_DEV_007,0.0,4,2,TG10_SB_STRENGTH_L2
MLV2_DEV_008,0.0,4,2,TG10_SB_STRENGTH_L2
MLV2_DEV_028,1.0,4,2,TG10_SB_STRENGTH_L2
MLV2_DEV_038,1.0,4,2,TG10_SB_STRENGTH_L2
MLV2_DEV_039,1.0,4,2,TG10_SB_STRENGTH_L2
MLV2_DEV_051,1.0,4,2,TG10_SB_STRENGTH_L2
MLV2_DEV_058,0.0,4,2,TG10_SB_STRENGTH_L2
NEWDEV2_005,0.0,4,2,TG10_SB_STRENGTH_L2
NEWDEV2_027,0.3333333333333333,4,2,TG10_SB_STRENGTH_L2
NEWDEV2_053,0.0,4,2,TG10_SB_STRENGTH_L2
NEWDEV2_059,0.0,4,2,TG10_SB_STRENGTH_L2
NEWDEV2_070,0.0,4,2,TG10_SB_STRENGTH_L2
NEWDEV2_082,0.0,4,2,TG10_SB_STRENGTH_L2
NEWDEV2_093,0.0,4,2,TG10_SB_STRENGTH_L2
MLV2_DEV_007,0.0,4,2,TG10_SB_RELATIONS_L2
MLV2_DEV_008,0.0,4,2,TG10_SB_RELATIONS_L2
MLV2_DEV_028,0.0,4,2,TG10_SB_RELATIONS_L2
MLV2_DEV_038,0.0,4,2,TG10_SB_RELATIONS_L2
MLV2_DEV_039,1.0,4,2,TG10_SB_RELATIONS_L2
MLV2_DEV_051,0.0,4,2,TG10_SB_RELATIONS_L2
MLV2_DEV_058,0.0,4,2,TG10_SB_RELATIONS_L2
NEWDEV2_005,0.0,4,2,TG10_SB_RELATIONS_L2
NEWDEV2_027,0.3333333333333333,4,2,TG10_SB_RELATIONS_L2
NEWDEV2_053,0.0,4,2,TG10_SB_RELATIONS_L2
NEWDEV2_059,0.5,4,2,TG10_SB_RELATIONS_L2
NEWDEV2_070,0.0,4,2,TG10_SB_RELATIONS_L2
NEWDEV2_082,1.0,4,2,TG10_SB_RELATIONS_L2
NEWDEV2_093,1.0,4,2,TG10_SB_RELATIONS_L2
MLV2_DEV_007,0.0,4,2,ALL_L2
MLV2_DEV_008,1.0,4,2,ALL_L2
MLV2_DEV_028,0.0,4,2,ALL_L2
MLV2_DEV_038,0.0,4,2,ALL_L2
MLV2_DEV_039,1.0,4,2,ALL_L2
MLV2_DEV_051,0.0,4,2,ALL_L2
MLV2_DEV_058,1.0,4,2,ALL_L2
NEWDEV2_005,0.0,4,2,ALL_L2
NEWDEV2_027,0.3333333333333333,4,2,ALL_L2
NEWDEV2_053,1.0,4,2,ALL_L2
NEWDEV2_059,1.0,4,2,ALL_L2
NEWDEV2_070,0.0,4,2,ALL_L2
NEWDEV2_082,1.0,4,2,ALL_L2
NEWDEV2_093,1.0,4,2,ALL_L2
MLV2_DEV_007,0.6666666666666666,4,2,NUISANCE_AGE_AXIS
MLV2_DEV_008,1.0,4,2,NUISANCE_AGE_AXIS
MLV2_DEV_028,0.0,4,2,NUISANCE_AGE_AXIS
MLV2_DEV_038,0.0,4,2,NUISANCE_AGE_AXIS
MLV2_DEV_039,1.0,4,2,NUISANCE_AGE_AXIS
MLV2_DEV_051,1.0,4,2,NUISANCE_AGE_AXIS
MLV2_DEV_058,1.0,4,2,NUISANCE_AGE_AXIS
NEWDEV2_005,0.5,4,2,NUISANCE_AGE_AXIS
NEWDEV2_027,0.0,4,2,NUISANCE_AGE_AXIS
NEWDEV2_053,0.0,4,2,NUISANCE_AGE_AXIS
NEWDEV2_059,0.0,4,2,NUISANCE_AGE_AXIS
NEWDEV2_070,1.0,4,2,NUISANCE_AGE_AXIS
NEWDEV2_082,1.0,4,2,NUISANCE_AGE_AXIS
NEWDEV2_093,1.0,4,2,NUISANCE_AGE_AXIS
MLV2_DEV_007,1.0,4,2,NUISANCE_WITH_ORIGIN_DIAGNOSTIC
MLV2_DEV_008,1.0,4,2,NUISANCE_WITH_ORIGIN_DIAGNOSTIC
MLV2_DEV_028,1.0,4,2,NUISANCE_WITH_ORIGIN_DIAGNOSTIC
MLV2_DEV_038,0.0,4,2,NUISANCE_WITH_ORIGIN_DIAGNOSTIC
MLV2_DEV_039,1.0,4,2,NUISANCE_WITH_ORIGIN_DIAGNOSTIC
MLV2_DEV_051,1.0,4,2,NUISANCE_WITH_ORIGIN_DIAGNOSTIC
MLV2_DEV_058,1.0,4,2,NUISANCE_WITH_ORIGIN_DIAGNOSTIC
NEWDEV2_005,1.0,4,2,NUISANCE_WITH_ORIGIN_DIAGNOSTIC
NEWDEV2_027,1.0,4,2,NUISANCE_WITH_ORIGIN_DIAGNOSTIC
NEWDEV2_053,0.0,4,2,NUISANCE_WITH_ORIGIN_DIAGNOSTIC
NEWDEV2_059,1.0,4,2,NUISANCE_WITH_ORIGIN_DIAGNOSTIC
NEWDEV2_070,1.0,4,2,NUISANCE_WITH_ORIGIN_DIAGNOSTIC
NEWDEV2_082,1.0,4,2,NUISANCE_WITH_ORIGIN_DIAGNOSTIC
NEWDEV2_093,1.0,4,2,NUISANCE_WITH_ORIGIN_DIAGNOSTIC
MLV2_DEV_007,0.6666666666666666,4,2,ALL_ELASTICNET_AUTO
MLV2_DEV_008,1.0,4,2,ALL_ELASTICNET_AUTO
MLV2_DEV_028,1.0,4,2,ALL_ELASTICNET_AUTO
MLV2_DEV_038,0.0,4,2,ALL_ELASTICNET_AUTO
MLV2_DEV_039,1.0,4,2,ALL_ELASTICNET_AUTO
MLV2_DEV_051,1.0,4,2,ALL_ELASTICNET_AUTO
MLV2_DEV_058,1.0,4,2,ALL_ELASTICNET_AUTO
NEWDEV2_005,1.0,4,2,ALL_ELASTICNET_AUTO
NEWDEV2_027,1.0,4,2,ALL_ELASTICNET_AUTO
NEWDEV2_053,1.0,4,2,ALL_ELASTICNET_AUTO
NEWDEV2_059,1.0,4,2,ALL_ELASTICNET_AUTO
NEWDEV2_070,1.0,4,2,ALL_ELASTICNET_AUTO
NEWDEV2_082,1.0,4,2,ALL_ELASTICNET_AUTO
NEWDEV2_093,1.0,4,2,ALL_ELASTICNET_AUTO
MLV2_DEV_007,0.0,4,2,HGB_ALL_EXPLORATORY
MLV2_DEV_008,1.0,4,2,HGB_ALL_EXPLORATORY
MLV2_DEV_028,1.0,4,2,HGB_ALL_EXPLORATORY
MLV2_DEV_038,0.0,4,2,HGB_ALL_EXPLORATORY
MLV2_DEV_039,1.0,4,2,HGB_ALL_EXPLORATORY
MLV2_DEV_051,0.0,4,2,HGB_ALL_EXPLORATORY
MLV2_DEV_058,0.0,4,2,HGB_ALL_EXPLORATORY
NEWDEV2_005,0.0,4,2,HGB_ALL_EXPLORATORY
NEWDEV2_027,0.3333333333333333,4,2,HGB_ALL_EXPLORATORY
NEWDEV2_053,0.0,4,2,HGB_ALL_EXPLORATORY
NEWDEV2_059,1.0,4,2,HGB_ALL_EXPLORATORY
NEWDEV2_070,1.0,4,2,HGB_ALL_EXPLORATORY
NEWDEV2_082,1.0,4,2,HGB_ALL_EXPLORATORY
NEWDEV2_093,1.0,4,2,HGB_ALL_EXPLORATORY
MLV2_DEV_011,0.0,4,3,AGE_YOUNGER_FIXED
MLV2_DEV_020,1.0,4,3,AGE_YOUNGER_FIXED
MLV2_DEV_027,0.5,4,3,AGE_YOUNGER_FIXED
MLV2_DEV_040,0.0,4,3,AGE_YOUNGER_FIXED
MLV2_DEV_054,0.5,4,3,AGE_YOUNGER_FIXED
NEWDEV2_006,0.0,4,3,AGE_YOUNGER_FIXED
NEWDEV2_010,0.0,4,3,AGE_YOUNGER_FIXED
NEWDEV2_016,0.0,4,3,AGE_YOUNGER_FIXED
NEWDEV2_036,0.0,4,3,AGE_YOUNGER_FIXED
NEWDEV2_065,0.3333333333333333,4,3,AGE_YOUNGER_FIXED
NEWDEV2_075,1.0,4,3,AGE_YOUNGER_FIXED
NEWDEV2_077,1.0,4,3,AGE_YOUNGER_FIXED
NEWDEV2_089,0.5,4,3,AGE_YOUNGER_FIXED
NEWDEV2_100,0.0,4,3,AGE_YOUNGER_FIXED
MLV2_DEV_011,1.0,4,3,AGE_LATER_FIXED
MLV2_DEV_020,0.0,4,3,AGE_LATER_FIXED
MLV2_DEV_027,0.5,4,3,AGE_LATER_FIXED
MLV2_DEV_040,1.0,4,3,AGE_LATER_FIXED
MLV2_DEV_054,0.5,4,3,AGE_LATER_FIXED
NEWDEV2_006,1.0,4,3,AGE_LATER_FIXED
NEWDEV2_010,1.0,4,3,AGE_LATER_FIXED
NEWDEV2_016,1.0,4,3,AGE_LATER_FIXED
NEWDEV2_036,1.0,4,3,AGE_LATER_FIXED
NEWDEV2_065,0.6666666666666666,4,3,AGE_LATER_FIXED
NEWDEV2_075,0.0,4,3,AGE_LATER_FIXED
NEWDEV2_077,0.0,4,3,AGE_LATER_FIXED
NEWDEV2_089,0.5,4,3,AGE_LATER_FIXED
NEWDEV2_100,1.0,4,3,AGE_LATER_FIXED
MLV2_DEV_011,1.0,4,3,CONTROL_FIXED
MLV2_DEV_020,0.0,4,3,CONTROL_FIXED
MLV2_DEV_027,1.0,4,3,CONTROL_FIXED
MLV2_DEV_040,0.0,4,3,CONTROL_FIXED
MLV2_DEV_054,0.5,4,3,CONTROL_FIXED
NEWDEV2_006,0.5,4,3,CONTROL_FIXED
NEWDEV2_010,0.5,4,3,CONTROL_FIXED
NEWDEV2_016,0.0,4,3,CONTROL_FIXED
NEWDEV2_036,0.5,4,3,CONTROL_FIXED
NEWDEV2_065,0.3333333333333333,4,3,CONTROL_FIXED
NEWDEV2_075,1.0,4,3,CONTROL_FIXED
NEWDEV2_077,1.0,4,3,CONTROL_FIXED
NEWDEV2_089,1.0,4,3,CONTROL_FIXED
NEWDEV2_100,0.0,4,3,CONTROL_FIXED
MLV2_DEV_011,1.0,4,3,TG5_GROUP_L2
MLV2_DEV_020,0.0,4,3,TG5_GROUP_L2
MLV2_DEV_027,0.5,4,3,TG5_GROUP_L2
MLV2_DEV_040,0.0,4,3,TG5_GROUP_L2
MLV2_DEV_054,0.0,4,3,TG5_GROUP_L2
NEWDEV2_006,1.0,4,3,TG5_GROUP_L2
NEWDEV2_010,0.0,4,3,TG5_GROUP_L2
NEWDEV2_016,1.0,4,3,TG5_GROUP_L2
NEWDEV2_036,0.25,4,3,TG5_GROUP_L2
NEWDEV2_065,0.3333333333333333,4,3,TG5_GROUP_L2
NEWDEV2_075,1.0,4,3,TG5_GROUP_L2
NEWDEV2_077,0.0,4,3,TG5_GROUP_L2
NEWDEV2_089,0.75,4,3,TG5_GROUP_L2
NEWDEV2_100,1.0,4,3,TG5_GROUP_L2
MLV2_DEV_011,1.0,4,3,TG10_STEM_L2
MLV2_DEV_020,1.0,4,3,TG10_STEM_L2
MLV2_DEV_027,1.0,4,3,TG10_STEM_L2
MLV2_DEV_040,0.0,4,3,TG10_STEM_L2
MLV2_DEV_054,0.5,4,3,TG10_STEM_L2
NEWDEV2_006,0.0,4,3,TG10_STEM_L2
NEWDEV2_010,0.0,4,3,TG10_STEM_L2
NEWDEV2_016,1.0,4,3,TG10_STEM_L2
NEWDEV2_036,0.5,4,3,TG10_STEM_L2
NEWDEV2_065,0.3333333333333333,4,3,TG10_STEM_L2
NEWDEV2_075,1.0,4,3,TG10_STEM_L2
NEWDEV2_077,0.0,4,3,TG10_STEM_L2
NEWDEV2_089,0.5,4,3,TG10_STEM_L2
NEWDEV2_100,1.0,4,3,TG10_STEM_L2
MLV2_DEV_011,1.0,4,3,TG10_STEM_BRANCH_L2
MLV2_DEV_020,1.0,4,3,TG10_STEM_BRANCH_L2
MLV2_DEV_027,1.0,4,3,TG10_STEM_BRANCH_L2
MLV2_DEV_040,0.0,4,3,TG10_STEM_BRANCH_L2
MLV2_DEV_054,0.5,4,3,TG10_STEM_BRANCH_L2
NEWDEV2_006,0.0,4,3,TG10_STEM_BRANCH_L2
NEWDEV2_010,0.0,4,3,TG10_STEM_BRANCH_L2
NEWDEV2_016,1.0,4,3,TG10_STEM_BRANCH_L2
NEWDEV2_036,0.5,4,3,TG10_STEM_BRANCH_L2
NEWDEV2_065,0.0,4,3,TG10_STEM_BRANCH_L2
NEWDEV2_075,1.0,4,3,TG10_STEM_BRANCH_L2
NEWDEV2_077,0.0,4,3,TG10_STEM_BRANCH_L2
NEWDEV2_089,0.0,4,3,TG10_STEM_BRANCH_L2
NEWDEV2_100,1.0,4,3,TG10_STEM_BRANCH_L2
MLV2_DEV_011,1.0,4,3,TG10_SB_STRENGTH_L2
MLV2_DEV_020,1.0,4,3,TG10_SB_STRENGTH_L2
MLV2_DEV_027,1.0,4,3,TG10_SB_STRENGTH_L2
MLV2_DEV_040,0.0,4,3,TG10_SB_STRENGTH_L2
MLV2_DEV_054,0.5,4,3,TG10_SB_STRENGTH_L2
NEWDEV2_006,0.0,4,3,TG10_SB_STRENGTH_L2
NEWDEV2_010,0.0,4,3,TG10_SB_STRENGTH_L2
NEWDEV2_016,1.0,4,3,TG10_SB_STRENGTH_L2
NEWDEV2_036,0.5,4,3,TG10_SB_STRENGTH_L2
NEWDEV2_065,0.3333333333333333,4,3,TG10_SB_STRENGTH_L2
NEWDEV2_075,1.0,4,3,TG10_SB_STRENGTH_L2
NEWDEV2_077,0.0,4,3,TG10_SB_STRENGTH_L2
NEWDEV2_089,0.0,4,3,TG10_SB_STRENGTH_L2
NEWDEV2_100,1.0,4,3,TG10_SB_STRENGTH_L2
MLV2_DEV_011,1.0,4,3,TG10_SB_RELATIONS_L2
MLV2_DEV_020,1.0,4,3,TG10_SB_RELATIONS_L2
MLV2_DEV_027,1.0,4,3,TG10_SB_RELATIONS_L2
MLV2_DEV_040,0.0,4,3,TG10_SB_RELATIONS_L2
MLV2_DEV_054,0.5,4,3,TG10_SB_RELATIONS_L2
NEWDEV2_006,0.0,4,3,TG10_SB_RELATIONS_L2
NEWDEV2_010,0.0,4,3,TG10_SB_RELATIONS_L2
NEWDEV2_016,1.0,4,3,TG10_SB_RELATIONS_L2
NEWDEV2_036,0.5,4,3,TG10_SB_RELATIONS_L2
NEWDEV2_065,0.0,4,3,TG10_SB_RELATIONS_L2
NEWDEV2_075,1.0,4,3,TG10_SB_RELATIONS_L2
NEWDEV2_077,0.0,4,3,TG10_SB_RELATIONS_L2
NEWDEV2_089,0.0,4,3,TG10_SB_RELATIONS_L2
NEWDEV2_100,1.0,4,3,TG10_SB_RELATIONS_L2
MLV2_DEV_011,1.0,4,3,ALL_L2
MLV2_DEV_020,0.0,4,3,ALL_L2
MLV2_DEV_027,1.0,4,3,ALL_L2
MLV2_DEV_040,0.0,4,3,ALL_L2
MLV2_DEV_054,0.5,4,3,ALL_L2
NEWDEV2_006,0.0,4,3,ALL_L2
NEWDEV2_010,0.0,4,3,ALL_L2
NEWDEV2_016,1.0,4,3,ALL_L2
NEWDEV2_036,0.5,4,3,ALL_L2
NEWDEV2_065,0.3333333333333333,4,3,ALL_L2
NEWDEV2_075,1.0,4,3,ALL_L2
NEWDEV2_077,1.0,4,3,ALL_L2
NEWDEV2_089,0.5,4,3,ALL_L2
NEWDEV2_100,0.0,4,3,ALL_L2
MLV2_DEV_011,0.0,4,3,NUISANCE_AGE_AXIS
MLV2_DEV_020,1.0,4,3,NUISANCE_AGE_AXIS
MLV2_DEV_027,0.5,4,3,NUISANCE_AGE_AXIS
MLV2_DEV_040,0.0,4,3,NUISANCE_AGE_AXIS
MLV2_DEV_054,0.0,4,3,NUISANCE_AGE_AXIS
NEWDEV2_006,0.0,4,3,NUISANCE_AGE_AXIS
NEWDEV2_010,0.0,4,3,NUISANCE_AGE_AXIS
NEWDEV2_016,0.0,4,3,NUISANCE_AGE_AXIS
NEWDEV2_036,0.0,4,3,NUISANCE_AGE_AXIS
NEWDEV2_065,0.3333333333333333,4,3,NUISANCE_AGE_AXIS
NEWDEV2_075,1.0,4,3,NUISANCE_AGE_AXIS
NEWDEV2_077,1.0,4,3,NUISANCE_AGE_AXIS
NEWDEV2_089,0.5,4,3,NUISANCE_AGE_AXIS
NEWDEV2_100,0.0,4,3,NUISANCE_AGE_AXIS
MLV2_DEV_011,1.0,4,3,NUISANCE_WITH_ORIGIN_DIAGNOSTIC
MLV2_DEV_020,1.0,4,3,NUISANCE_WITH_ORIGIN_DIAGNOSTIC
MLV2_DEV_027,1.0,4,3,NUISANCE_WITH_ORIGIN_DIAGNOSTIC
MLV2_DEV_040,1.0,4,3,NUISANCE_WITH_ORIGIN_DIAGNOSTIC
MLV2_DEV_054,1.0,4,3,NUISANCE_WITH_ORIGIN_DIAGNOSTIC
NEWDEV2_006,0.0,4,3,NUISANCE_WITH_ORIGIN_DIAGNOSTIC
NEWDEV2_010,0.0,4,3,NUISANCE_WITH_ORIGIN_DIAGNOSTIC
NEWDEV2_016,0.0,4,3,NUISANCE_WITH_ORIGIN_DIAGNOSTIC
NEWDEV2_036,1.0,4,3,NUISANCE_WITH_ORIGIN_DIAGNOSTIC
NEWDEV2_065,1.0,4,3,NUISANCE_WITH_ORIGIN_DIAGNOSTIC
NEWDEV2_075,1.0,4,3,NUISANCE_WITH_ORIGIN_DIAGNOSTIC
NEWDEV2_077,1.0,4,3,NUISANCE_WITH_ORIGIN_DIAGNOSTIC
NEWDEV2_089,1.0,4,3,NUISANCE_WITH_ORIGIN_DIAGNOSTIC
NEWDEV2_100,1.0,4,3,NUISANCE_WITH_ORIGIN_DIAGNOSTIC
MLV2_DEV_011,0.0,4,3,ALL_ELASTICNET_AUTO
MLV2_DEV_020,0.0,4,3,ALL_ELASTICNET_AUTO
MLV2_DEV_027,0.0,4,3,ALL_ELASTICNET_AUTO
MLV2_DEV_040,0.0,4,3,ALL_ELASTICNET_AUTO
MLV2_DEV_054,0.0,4,3,ALL_ELASTICNET_AUTO
NEWDEV2_006,0.0,4,3,ALL_ELASTICNET_AUTO
NEWDEV2_010,0.0,4,3,ALL_ELASTICNET_AUTO
NEWDEV2_016,0.0,4,3,ALL_ELASTICNET_AUTO
NEWDEV2_036,0.0,4,3,ALL_ELASTICNET_AUTO
NEWDEV2_065,0.0,4,3,ALL_ELASTICNET_AUTO
NEWDEV2_075,0.0,4,3,ALL_ELASTICNET_AUTO
NEWDEV2_077,0.0,4,3,ALL_ELASTICNET_AUTO
NEWDEV2_089,0.0,4,3,ALL_ELASTICNET_AUTO
NEWDEV2_100,0.0,4,3,ALL_ELASTICNET_AUTO
MLV2_DEV_011,1.0,4,3,HGB_ALL_EXPLORATORY
MLV2_DEV_020,0.0,4,3,HGB_ALL_EXPLORATORY
MLV2_DEV_027,0.0,4,3,HGB_ALL_EXPLORATORY
MLV2_DEV_040,0.0,4,3,HGB_ALL_EXPLORATORY
MLV2_DEV_054,0.5,4,3,HGB_ALL_EXPLORATORY
NEWDEV2_006,1.0,4,3,HGB_ALL_EXPLORATORY
NEWDEV2_010,1.0,4,3,HGB_ALL_EXPLORATORY
NEWDEV2_016,1.0,4,3,HGB_ALL_EXPLORATORY
NEWDEV2_036,0.5,4,3,HGB_ALL_EXPLORATORY
NEWDEV2_065,0.3333333333333333,4,3,HGB_ALL_EXPLORATORY
NEWDEV2_075,0.0,4,3,HGB_ALL_EXPLORATORY
NEWDEV2_077,0.0,4,3,HGB_ALL_EXPLORATORY
NEWDEV2_089,0.0,4,3,HGB_ALL_EXPLORATORY
NEWDEV2_100,1.0,4,3,HGB_ALL_EXPLORATORY
MLV2_DEV_001,0.0,4,4,AGE_YOUNGER_FIXED
MLV2_DEV_003,0.5,4,4,AGE_YOUNGER_FIXED
MLV2_DEV_012,0.0,4,4,AGE_YOUNGER_FIXED
MLV2_DEV_043,0.6666666666666666,4,4,AGE_YOUNGER_FIXED
MLV2_DEV_044,0.0,4,4,AGE_YOUNGER_FIXED
NEWDEV2_019,1.0,4,4,AGE_YOUNGER_FIXED
NEWDEV2_028,1.0,4,4,AGE_YOUNGER_FIXED
NEWDEV2_035,1.0,4,4,AGE_YOUNGER_FIXED
NEWDEV2_042,0.0,4,4,AGE_YOUNGER_FIXED
NEWDEV2_043,0.0,4,4,AGE_YOUNGER_FIXED
NEWDEV2_054,0.0,4,4,AGE_YOUNGER_FIXED
NEWDEV2_060,0.0,4,4,AGE_YOUNGER_FIXED
NEWDEV2_066,0.3333333333333333,4,4,AGE_YOUNGER_FIXED
NEWDEV2_068,1.0,4,4,AGE_YOUNGER_FIXED
MLV2_DEV_001,1.0,4,4,AGE_LATER_FIXED
MLV2_DEV_003,0.5,4,4,AGE_LATER_FIXED
MLV2_DEV_012,1.0,4,4,AGE_LATER_FIXED
MLV2_DEV_043,0.3333333333333333,4,4,AGE_LATER_FIXED
MLV2_DEV_044,1.0,4,4,AGE_LATER_FIXED
NEWDEV2_019,0.0,4,4,AGE_LATER_FIXED
NEWDEV2_028,0.0,4,4,AGE_LATER_FIXED
NEWDEV2_035,0.0,4,4,AGE_LATER_FIXED
NEWDEV2_042,1.0,4,4,AGE_LATER_FIXED
NEWDEV2_043,1.0,4,4,AGE_LATER_FIXED
NEWDEV2_054,1.0,4,4,AGE_LATER_FIXED
NEWDEV2_060,1.0,4,4,AGE_LATER_FIXED
NEWDEV2_066,0.6666666666666666,4,4,AGE_LATER_FIXED
NEWDEV2_068,0.0,4,4,AGE_LATER_FIXED
MLV2_DEV_001,0.0,4,4,CONTROL_FIXED
MLV2_DEV_003,0.5,4,4,CONTROL_FIXED
MLV2_DEV_012,0.0,4,4,CONTROL_FIXED
MLV2_DEV_043,1.0,4,4,CONTROL_FIXED
MLV2_DEV_044,1.0,4,4,CONTROL_FIXED
NEWDEV2_019,1.0,4,4,CONTROL_FIXED
NEWDEV2_028,1.0,4,4,CONTROL_FIXED
NEWDEV2_035,0.5,4,4,CONTROL_FIXED
NEWDEV2_042,1.0,4,4,CONTROL_FIXED
NEWDEV2_043,1.0,4,4,CONTROL_FIXED
NEWDEV2_054,0.5,4,4,CONTROL_FIXED
NEWDEV2_060,0.0,4,4,CONTROL_FIXED
NEWDEV2_066,0.0,4,4,CONTROL_FIXED
NEWDEV2_068,0.0,4,4,CONTROL_FIXED
MLV2_DEV_001,0.0,4,4,TG5_GROUP_L2
MLV2_DEV_003,0.25,4,4,TG5_GROUP_L2
MLV2_DEV_012,0.5,4,4,TG5_GROUP_L2
MLV2_DEV_043,0.6666666666666666,4,4,TG5_GROUP_L2
MLV2_DEV_044,1.0,4,4,TG5_GROUP_L2
NEWDEV2_019,1.0,4,4,TG5_GROUP_L2
NEWDEV2_028,0.5,4,4,TG5_GROUP_L2
NEWDEV2_035,1.0,4,4,TG5_GROUP_L2
NEWDEV2_042,0.0,4,4,TG5_GROUP_L2
NEWDEV2_043,0.0,4,4,TG5_GROUP_L2
NEWDEV2_054,0.0,4,4,TG5_GROUP_L2
NEWDEV2_060,1.0,4,4,TG5_GROUP_L2
NEWDEV2_066,0.8333333333333334,4,4,TG5_GROUP_L2
NEWDEV2_068,0.5,4,4,TG5_GROUP_L2
MLV2_DEV_001,0.0,4,4,TG10_STEM_L2
MLV2_DEV_003,0.0,4,4,TG10_STEM_L2
MLV2_DEV_012,1.0,4,4,TG10_STEM_L2
MLV2_DEV_043,0.0,4,4,TG10_STEM_L2
MLV2_DEV_044,1.0,4,4,TG10_STEM_L2
NEWDEV2_019,1.0,4,4,TG10_STEM_L2
NEWDEV2_028,1.0,4,4,TG10_STEM_L2
NEWDEV2_035,1.0,4,4,TG10_STEM_L2
NEWDEV2_042,0.0,4,4,TG10_STEM_L2
NEWDEV2_043,1.0,4,4,TG10_STEM_L2
NEWDEV2_054,0.0,4,4,TG10_STEM_L2
NEWDEV2_060,0.0,4,4,TG10_STEM_L2
NEWDEV2_066,1.0,4,4,TG10_STEM_L2
NEWDEV2_068,0.0,4,4,TG10_STEM_L2
MLV2_DEV_001,1.0,4,4,TG10_STEM_BRANCH_L2
MLV2_DEV_003,0.0,4,4,TG10_STEM_BRANCH_L2
MLV2_DEV_012,0.0,4,4,TG10_STEM_BRANCH_L2
MLV2_DEV_043,0.0,4,4,TG10_STEM_BRANCH_L2
MLV2_DEV_044,0.0,4,4,TG10_STEM_BRANCH_L2
NEWDEV2_019,1.0,4,4,TG10_STEM_BRANCH_L2
NEWDEV2_028,1.0,4,4,TG10_STEM_BRANCH_L2
NEWDEV2_035,1.0,4,4,TG10_STEM_BRANCH_L2
NEWDEV2_042,0.0,4,4,TG10_STEM_BRANCH_L2
NEWDEV2_043,1.0,4,4,TG10_STEM_BRANCH_L2
NEWDEV2_054,0.0,4,4,TG10_STEM_BRANCH_L2
NEWDEV2_060,0.0,4,4,TG10_STEM_BRANCH_L2
NEWDEV2_066,0.6666666666666666,4,4,TG10_STEM_BRANCH_L2
NEWDEV2_068,0.0,4,4,TG10_STEM_BRANCH_L2
MLV2_DEV_001,0.0,4,4,TG10_SB_STRENGTH_L2
MLV2_DEV_003,0.0,4,4,TG10_SB_STRENGTH_L2
MLV2_DEV_012,0.0,4,4,TG10_SB_STRENGTH_L2
MLV2_DEV_043,0.0,4,4,TG10_SB_STRENGTH_L2
MLV2_DEV_044,0.0,4,4,TG10_SB_STRENGTH_L2
NEWDEV2_019,1.0,4,4,TG10_SB_STRENGTH_L2
NEWDEV2_028,1.0,4,4,TG10_SB_STRENGTH_L2
NEWDEV2_035,0.0,4,4,TG10_SB_STRENGTH_L2
NEWDEV2_042,1.0,4,4,TG10_SB_STRENGTH_L2
NEWDEV2_043,1.0,4,4,TG10_SB_STRENGTH_L2
NEWDEV2_054,0.0,4,4,TG10_SB_STRENGTH_L2
NEWDEV2_060,0.0,4,4,TG10_SB_STRENGTH_L2
NEWDEV2_066,0.3333333333333333,4,4,TG10_SB_STRENGTH_L2
NEWDEV2_068,0.0,4,4,TG10_SB_STRENGTH_L2
MLV2_DEV_001,1.0,4,4,TG10_SB_RELATIONS_L2
MLV2_DEV_003,0.0,4,4,TG10_SB_RELATIONS_L2
MLV2_DEV_012,0.0,4,4,TG10_SB_RELATIONS_L2
MLV2_DEV_043,0.0,4,4,TG10_SB_RELATIONS_L2
MLV2_DEV_044,0.0,4,4,TG10_SB_RELATIONS_L2
NEWDEV2_019,1.0,4,4,TG10_SB_RELATIONS_L2
NEWDEV2_028,1.0,4,4,TG10_SB_RELATIONS_L2
NEWDEV2_035,1.0,4,4,TG10_SB_RELATIONS_L2
NEWDEV2_042,0.0,4,4,TG10_SB_RELATIONS_L2
NEWDEV2_043,0.0,4,4,TG10_SB_RELATIONS_L2
NEWDEV2_054,0.0,4,4,TG10_SB_RELATIONS_L2
NEWDEV2_060,0.0,4,4,TG10_SB_RELATIONS_L2
NEWDEV2_066,0.3333333333333333,4,4,TG10_SB_RELATIONS_L2
NEWDEV2_068,0.0,4,4,TG10_SB_RELATIONS_L2
MLV2_DEV_001,0.0,4,4,ALL_L2
MLV2_DEV_003,0.5,4,4,ALL_L2
MLV2_DEV_012,0.0,4,4,ALL_L2
MLV2_DEV_043,0.0,4,4,ALL_L2
MLV2_DEV_044,1.0,4,4,ALL_L2
NEWDEV2_019,1.0,4,4,ALL_L2
NEWDEV2_028,1.0,4,4,ALL_L2
NEWDEV2_035,1.0,4,4,ALL_L2
NEWDEV2_042,0.0,4,4,ALL_L2
NEWDEV2_043,1.0,4,4,ALL_L2
NEWDEV2_054,0.0,4,4,ALL_L2
NEWDEV2_060,0.0,4,4,ALL_L2
NEWDEV2_066,0.3333333333333333,4,4,ALL_L2
NEWDEV2_068,0.0,4,4,ALL_L2
MLV2_DEV_001,0.0,4,4,NUISANCE_AGE_AXIS
MLV2_DEV_003,0.5,4,4,NUISANCE_AGE_AXIS
MLV2_DEV_012,0.0,4,4,NUISANCE_AGE_AXIS
MLV2_DEV_043,0.3333333333333333,4,4,NUISANCE_AGE_AXIS
MLV2_DEV_044,0.0,4,4,NUISANCE_AGE_AXIS
NEWDEV2_019,1.0,4,4,NUISANCE_AGE_AXIS
NEWDEV2_028,0.0,4,4,NUISANCE_AGE_AXIS
NEWDEV2_035,0.0,4,4,NUISANCE_AGE_AXIS
NEWDEV2_042,1.0,4,4,NUISANCE_AGE_AXIS
NEWDEV2_043,1.0,4,4,NUISANCE_AGE_AXIS
NEWDEV2_054,0.0,4,4,NUISANCE_AGE_AXIS
NEWDEV2_060,1.0,4,4,NUISANCE_AGE_AXIS
NEWDEV2_066,0.3333333333333333,4,4,NUISANCE_AGE_AXIS
NEWDEV2_068,1.0,4,4,NUISANCE_AGE_AXIS
MLV2_DEV_001,1.0,4,4,NUISANCE_WITH_ORIGIN_DIAGNOSTIC
MLV2_DEV_003,1.0,4,4,NUISANCE_WITH_ORIGIN_DIAGNOSTIC
MLV2_DEV_012,1.0,4,4,NUISANCE_WITH_ORIGIN_DIAGNOSTIC
MLV2_DEV_043,1.0,4,4,NUISANCE_WITH_ORIGIN_DIAGNOSTIC
MLV2_DEV_044,1.0,4,4,NUISANCE_WITH_ORIGIN_DIAGNOSTIC
NEWDEV2_019,1.0,4,4,NUISANCE_WITH_ORIGIN_DIAGNOSTIC
NEWDEV2_028,1.0,4,4,NUISANCE_WITH_ORIGIN_DIAGNOSTIC
NEWDEV2_035,1.0,4,4,NUISANCE_WITH_ORIGIN_DIAGNOSTIC
NEWDEV2_042,1.0,4,4,NUISANCE_WITH_ORIGIN_DIAGNOSTIC
NEWDEV2_043,0.0,4,4,NUISANCE_WITH_ORIGIN_DIAGNOSTIC
NEWDEV2_054,1.0,4,4,NUISANCE_WITH_ORIGIN_DIAGNOSTIC
NEWDEV2_060,1.0,4,4,NUISANCE_WITH_ORIGIN_DIAGNOSTIC
NEWDEV2_066,1.0,4,4,NUISANCE_WITH_ORIGIN_DIAGNOSTIC
NEWDEV2_068,1.0,4,4,NUISANCE_WITH_ORIGIN_DIAGNOSTIC
MLV2_DEV_001,1.0,4,4,ALL_ELASTICNET_AUTO
MLV2_DEV_003,1.0,4,4,ALL_ELASTICNET_AUTO
MLV2_DEV_012,1.0,4,4,ALL_ELASTICNET_AUTO
MLV2_DEV_043,1.0,4,4,ALL_ELASTICNET_AUTO
MLV2_DEV_044,1.0,4,4,ALL_ELASTICNET_AUTO
NEWDEV2_019,1.0,4,4,ALL_ELASTICNET_AUTO
NEWDEV2_028,1.0,4,4,ALL_ELASTICNET_AUTO
NEWDEV2_035,1.0,4,4,ALL_ELASTICNET_AUTO
NEWDEV2_042,1.0,4,4,ALL_ELASTICNET_AUTO
NEWDEV2_043,1.0,4,4,ALL_ELASTICNET_AUTO
NEWDEV2_054,1.0,4,4,ALL_ELASTICNET_AUTO
NEWDEV2_060,1.0,4,4,ALL_ELASTICNET_AUTO
NEWDEV2_066,1.0,4,4,ALL_ELASTICNET_AUTO
NEWDEV2_068,1.0,4,4,ALL_ELASTICNET_AUTO
MLV2_DEV_001,0.0,4,4,HGB_ALL_EXPLORATORY
MLV2_DEV_003,0.0,4,4,HGB_ALL_EXPLORATORY
MLV2_DEV_012,1.0,4,4,HGB_ALL_EXPLORATORY
MLV2_DEV_043,0.0,4,4,HGB_ALL_EXPLORATORY
MLV2_DEV_044,0.0,4,4,HGB_ALL_EXPLORATORY
NEWDEV2_019,1.0,4,4,HGB_ALL_EXPLORATORY
NEWDEV2_028,1.0,4,4,HGB_ALL_EXPLORATORY
NEWDEV2_035,1.0,4,4,HGB_ALL_EXPLORATORY
NEWDEV2_042,0.0,4,4,HGB_ALL_EXPLORATORY
NEWDEV2_043,0.0,4,4,HGB_ALL_EXPLORATORY
NEWDEV2_054,0.0,4,4,HGB_ALL_EXPLORATORY
NEWDEV2_060,1.0,4,4,HGB_ALL_EXPLORATORY
NEWDEV2_066,0.3333333333333333,4,4,HGB_ALL_EXPLORATORY
NEWDEV2_068,0.0,4,4,HGB_ALL_EXPLORATORY
